[2026-01-26T14:41:42.037+0000] {logging_mixin.py:151} INFO - Changing /opt/***/logs/dag_id=stock_etl_simple/run_id=manual__2026-01-26T14:41:37.645943+00:00/task_id=process_stock_data permission to 509
[2026-01-26T14:41:42.093+0000] {logging_mixin.py:151} INFO - Changing /opt/***/logs/dag_id=stock_etl_simple/run_id=manual__2026-01-26T14:41:37.645943+00:00/task_id=process_stock_data permission to 509
[2026-01-26T14:41:42.145+0000] {taskinstance.py:1157} INFO - Dependencies all met for dep_context=non-requeueable deps ti=<TaskInstance: stock_etl_simple.process_stock_data manual__2026-01-26T14:41:37.645943+00:00 [queued]>
[2026-01-26T14:41:42.276+0000] {taskinstance.py:1157} INFO - Dependencies all met for dep_context=requeueable deps ti=<TaskInstance: stock_etl_simple.process_stock_data manual__2026-01-26T14:41:37.645943+00:00 [queued]>
[2026-01-26T14:41:42.277+0000] {taskinstance.py:1359} INFO - Starting attempt 1 of 2
[2026-01-26T14:41:42.295+0000] {taskinstance.py:1380} INFO - Executing <Task(PythonOperator): process_stock_data> on 2026-01-26 14:41:37.645943+00:00
[2026-01-26T14:41:42.306+0000] {standard_task_runner.py:57} INFO - Started process 203 to run task
[2026-01-26T14:41:42.310+0000] {standard_task_runner.py:84} INFO - Running: ['***', 'tasks', 'run', 'stock_etl_simple', 'process_stock_data', 'manual__2026-01-26T14:41:37.645943+00:00', '--job-id', '19', '--raw', '--subdir', 'DAGS_FOLDER/stock_etl_simple.py', '--cfg-path', '/tmp/tmpq99v0ryo']
[2026-01-26T14:41:42.313+0000] {standard_task_runner.py:85} INFO - Job 19: Subtask process_stock_data
[2026-01-26T14:41:42.341+0000] {logging_mixin.py:151} WARNING - /home/***/.local/lib/python3.8/site-packages/***/settings.py:195 DeprecationWarning: The sql_alchemy_conn option in [core] has been moved to the sql_alchemy_conn option in [database] - the old setting has been used, but please update your config.
[2026-01-26T14:41:42.390+0000] {logging_mixin.py:151} INFO - Changing /opt/***/logs/dag_id=stock_etl_simple/run_id=manual__2026-01-26T14:41:37.645943+00:00/task_id=process_stock_data permission to 509
[2026-01-26T14:41:42.397+0000] {task_command.py:415} INFO - Running <TaskInstance: stock_etl_simple.process_stock_data manual__2026-01-26T14:41:37.645943+00:00 [running]> on host fc7f682eb644
[2026-01-26T14:41:42.647+0000] {taskinstance.py:1660} INFO - Exporting env vars: AIRFLOW_CTX_DAG_OWNER='***' AIRFLOW_CTX_DAG_ID='stock_etl_simple' AIRFLOW_CTX_TASK_ID='process_stock_data' AIRFLOW_CTX_EXECUTION_DATE='2026-01-26T14:41:37.645943+00:00' AIRFLOW_CTX_TRY_NUMBER='1' AIRFLOW_CTX_DAG_RUN_ID='manual__2026-01-26T14:41:37.645943+00:00'
[2026-01-26T14:41:42.653+0000] {logging_mixin.py:151} INFO - 🚀 Début du traitement des stocks
[2026-01-26T14:41:42.670+0000] {logging_mixin.py:151} INFO - 📂 Fichiers trouvés: 3
[2026-01-26T14:41:42.673+0000] {logging_mixin.py:151} INFO -    - AAPL_2026-01-26 06:13:30.297050+00:00.csv
[2026-01-26T14:41:42.674+0000] {logging_mixin.py:151} INFO -    - GOOGL_2026-01-26 06:13:31.897613+00:00.csv
[2026-01-26T14:41:42.675+0000] {logging_mixin.py:151} INFO -    - MSFT_2026-01-26 06:13:31.074172+00:00.csv
[2026-01-26T14:41:42.677+0000] {logging_mixin.py:151} INFO - 
================================================================================
[2026-01-26T14:41:42.680+0000] {logging_mixin.py:151} INFO - 📄 Traitement de : AAPL_2026-01-26 06:13:30.297050+00:00.csv
[2026-01-26T14:41:42.683+0000] {logging_mixin.py:151} INFO - ================================================================================
[2026-01-26T14:41:42.686+0000] {logging_mixin.py:151} INFO -   1️⃣ Lecture du CSV...
[2026-01-26T14:41:43.073+0000] {logging_mixin.py:151} INFO -      ✅ Lu 1018 lignes
[2026-01-26T14:41:43.075+0000] {logging_mixin.py:151} INFO -      Colonnes: ['Date', 'Open', 'High', 'Low', 'Close', 'Volume', 'Dividends', 'Stock Splits', 'symbol', 'extracted_at']
[2026-01-26T14:41:43.075+0000] {logging_mixin.py:151} INFO -   2️⃣ Nettoyage des colonnes...
[2026-01-26T14:41:43.077+0000] {logging_mixin.py:151} INFO -      ✅ Colonnes nettoyées: ['date', 'open', 'high', 'low', 'close', 'volume', 'dividends', 'stock_splits', 'symbol', 'extracted_at']
[2026-01-26T14:41:43.078+0000] {logging_mixin.py:151} INFO -   3️⃣ Conversion des dates...
[2026-01-26T14:41:43.128+0000] {logging_mixin.py:151} INFO -      ✅ Dates converties
[2026-01-26T14:41:43.139+0000] {logging_mixin.py:151} INFO -   4️⃣ Nettoyage des données...
[2026-01-26T14:41:43.149+0000] {logging_mixin.py:151} INFO -      ✅ 1018 → 1018 lignes (après nettoyage)
[2026-01-26T14:41:43.152+0000] {logging_mixin.py:151} INFO -   5️⃣ Connexion à la base de données...
[2026-01-26T14:41:43.158+0000] {logging_mixin.py:151} INFO -      ✅ Connecté
[2026-01-26T14:41:43.158+0000] {logging_mixin.py:151} INFO -   6️⃣ Insertion des données...
[2026-01-26T14:41:43.165+0000] {logging_mixin.py:151} INFO -      ⚠️ Erreur ligne 0: relation "stock_prices" does not exist
LINE 2:                 INSERT INTO stock_prices (
                                    ^
[2026-01-26T14:41:43.171+0000] {logging_mixin.py:151} INFO -         Détails: Traceback (most recent call last):
  File "/opt/***/dags/stock_etl_simple.py", line 106, in process_stocks
    cur.execute(insert_query, values)
psycopg2.errors.UndefinedTable: relation "stock_prices" does not exist
LINE 2:                 INSERT INTO stock_prices (
                                    ^
[2026-01-26T14:41:43.173+0000] {logging_mixin.py:151} INFO -      ⚠️ Erreur ligne 1: current transaction is aborted, commands ignored until end of transaction block
[2026-01-26T14:41:43.177+0000] {logging_mixin.py:151} INFO -         Détails: Traceback (most recent call last):
  File "/opt/***/dags/stock_etl_simple.py", line 106, in process_stocks
    cur.execute(insert_query, values)
psycopg2.errors.InFailedSqlTransaction: current transaction is aborted, commands ignored until end of transaction block
[2026-01-26T14:41:43.179+0000] {logging_mixin.py:151} INFO -      ⚠️ Erreur ligne 2: current transaction is aborted, commands ignored until end of transaction block
[2026-01-26T14:41:43.180+0000] {logging_mixin.py:151} INFO -         Détails: Traceback (most recent call last):
  File "/opt/***/dags/stock_etl_simple.py", line 106, in process_stocks
    cur.execute(insert_query, values)
psycopg2.errors.InFailedSqlTransaction: current transaction is aborted, commands ignored until end of transaction block
[2026-01-26T14:41:43.182+0000] {logging_mixin.py:151} INFO -      ⚠️ Erreur ligne 3: current transaction is aborted, commands ignored until end of transaction block
[2026-01-26T14:41:43.182+0000] {logging_mixin.py:151} INFO -         Détails: Traceback (most recent call last):
  File "/opt/***/dags/stock_etl_simple.py", line 106, in process_stocks
    cur.execute(insert_query, values)
psycopg2.errors.InFailedSqlTransaction: current transaction is aborted, commands ignored until end of transaction block
[2026-01-26T14:41:43.184+0000] {logging_mixin.py:151} INFO -      ⚠️ Erreur ligne 4: current transaction is aborted, commands ignored until end of transaction block
[2026-01-26T14:41:43.184+0000] {logging_mixin.py:151} INFO -         Détails: Traceback (most recent call last):
  File "/opt/***/dags/stock_etl_simple.py", line 106, in process_stocks
    cur.execute(insert_query, values)
psycopg2.errors.InFailedSqlTransaction: current transaction is aborted, commands ignored until end of transaction block
[2026-01-26T14:41:43.186+0000] {logging_mixin.py:151} INFO -      ⚠️ Erreur ligne 5: current transaction is aborted, commands ignored until end of transaction block
[2026-01-26T14:41:43.187+0000] {logging_mixin.py:151} INFO -      ⚠️ Erreur ligne 6: current transaction is aborted, commands ignored until end of transaction block
[2026-01-26T14:41:43.188+0000] {logging_mixin.py:151} INFO -      ⚠️ Erreur ligne 7: current transaction is aborted, commands ignored until end of transaction block
[2026-01-26T14:41:43.189+0000] {logging_mixin.py:151} INFO -      ⚠️ Erreur ligne 8: current transaction is aborted, commands ignored until end of transaction block
[2026-01-26T14:41:43.191+0000] {logging_mixin.py:151} INFO -      ⚠️ Erreur ligne 9: current transaction is aborted, commands ignored until end of transaction block
[2026-01-26T14:41:43.192+0000] {logging_mixin.py:151} INFO -      ⚠️ Erreur ligne 10: current transaction is aborted, commands ignored until end of transaction block
[2026-01-26T14:41:43.194+0000] {logging_mixin.py:151} INFO -      ⚠️ Erreur ligne 11: current transaction is aborted, commands ignored until end of transaction block
[2026-01-26T14:41:43.195+0000] {logging_mixin.py:151} INFO -      ⚠️ Erreur ligne 12: current transaction is aborted, commands ignored until end of transaction block
[2026-01-26T14:41:43.196+0000] {logging_mixin.py:151} INFO -      ⚠️ Erreur ligne 13: current transaction is aborted, commands ignored until end of transaction block
[2026-01-26T14:41:43.198+0000] {logging_mixin.py:151} INFO -      ⚠️ Erreur ligne 14: current transaction is aborted, commands ignored until end of transaction block
[2026-01-26T14:41:43.199+0000] {logging_mixin.py:151} INFO -      ⚠️ Erreur ligne 15: current transaction is aborted, commands ignored until end of transaction block
[2026-01-26T14:41:43.200+0000] {logging_mixin.py:151} INFO -      ⚠️ Erreur ligne 16: current transaction is aborted, commands ignored until end of transaction block
[2026-01-26T14:41:43.201+0000] {logging_mixin.py:151} INFO -      ⚠️ Erreur ligne 17: current transaction is aborted, commands ignored until end of transaction block
[2026-01-26T14:41:43.203+0000] {logging_mixin.py:151} INFO -      ⚠️ Erreur ligne 18: current transaction is aborted, commands ignored until end of transaction block
[2026-01-26T14:41:43.204+0000] {logging_mixin.py:151} INFO -      ⚠️ Erreur ligne 19: current transaction is aborted, commands ignored until end of transaction block
[2026-01-26T14:41:43.206+0000] {logging_mixin.py:151} INFO -      ⚠️ Erreur ligne 20: current transaction is aborted, commands ignored until end of transaction block
[2026-01-26T14:41:43.207+0000] {logging_mixin.py:151} INFO -      ⚠️ Erreur ligne 21: current transaction is aborted, commands ignored until end of transaction block
[2026-01-26T14:41:43.208+0000] {logging_mixin.py:151} INFO -      ⚠️ Erreur ligne 22: current transaction is aborted, commands ignored until end of transaction block
[2026-01-26T14:41:43.209+0000] {logging_mixin.py:151} INFO -      ⚠️ Erreur ligne 23: current transaction is aborted, commands ignored until end of transaction block
[2026-01-26T14:41:43.211+0000] {logging_mixin.py:151} INFO -      ⚠️ Erreur ligne 24: current transaction is aborted, commands ignored until end of transaction block
[2026-01-26T14:41:43.212+0000] {logging_mixin.py:151} INFO -      ⚠️ Erreur ligne 25: current transaction is aborted, commands ignored until end of transaction block
[2026-01-26T14:41:43.213+0000] {logging_mixin.py:151} INFO -      ⚠️ Erreur ligne 26: current transaction is aborted, commands ignored until end of transaction block
[2026-01-26T14:41:43.214+0000] {logging_mixin.py:151} INFO -      ⚠️ Erreur ligne 27: current transaction is aborted, commands ignored until end of transaction block
[2026-01-26T14:41:43.215+0000] {logging_mixin.py:151} INFO -      ⚠️ Erreur ligne 28: current transaction is aborted, commands ignored until end of transaction block
[2026-01-26T14:41:43.216+0000] {logging_mixin.py:151} INFO -      ⚠️ Erreur ligne 29: current transaction is aborted, commands ignored until end of transaction block
[2026-01-26T14:41:43.217+0000] {logging_mixin.py:151} INFO -      ⚠️ Erreur ligne 30: current transaction is aborted, commands ignored until end of transaction block
[2026-01-26T14:41:43.219+0000] {logging_mixin.py:151} INFO -      ⚠️ Erreur ligne 31: current transaction is aborted, commands ignored until end of transaction block
[2026-01-26T14:41:43.220+0000] {logging_mixin.py:151} INFO -      ⚠️ Erreur ligne 32: current transaction is aborted, commands ignored until end of transaction block
[2026-01-26T14:41:43.222+0000] {logging_mixin.py:151} INFO -      ⚠️ Erreur ligne 33: current transaction is aborted, commands ignored until end of transaction block
[2026-01-26T14:41:43.223+0000] {logging_mixin.py:151} INFO -      ⚠️ Erreur ligne 34: current transaction is aborted, commands ignored until end of transaction block
[2026-01-26T14:41:43.224+0000] {logging_mixin.py:151} INFO -      ⚠️ Erreur ligne 35: current transaction is aborted, commands ignored until end of transaction block
[2026-01-26T14:41:43.225+0000] {logging_mixin.py:151} INFO -      ⚠️ Erreur ligne 36: current transaction is aborted, commands ignored until end of transaction block
[2026-01-26T14:41:43.226+0000] {logging_mixin.py:151} INFO -      ⚠️ Erreur ligne 37: current transaction is aborted, commands ignored until end of transaction block
[2026-01-26T14:41:43.227+0000] {logging_mixin.py:151} INFO -      ⚠️ Erreur ligne 38: current transaction is aborted, commands ignored until end of transaction block
[2026-01-26T14:41:43.228+0000] {logging_mixin.py:151} INFO -      ⚠️ Erreur ligne 39: current transaction is aborted, commands ignored until end of transaction block
[2026-01-26T14:41:43.229+0000] {logging_mixin.py:151} INFO -      ⚠️ Erreur ligne 40: current transaction is aborted, commands ignored until end of transaction block
[2026-01-26T14:41:43.230+0000] {logging_mixin.py:151} INFO -      ⚠️ Erreur ligne 41: current transaction is aborted, commands ignored until end of transaction block
[2026-01-26T14:41:43.232+0000] {logging_mixin.py:151} INFO -      ⚠️ Erreur ligne 42: current transaction is aborted, commands ignored until end of transaction block
[2026-01-26T14:41:43.233+0000] {logging_mixin.py:151} INFO -      ⚠️ Erreur ligne 43: current transaction is aborted, commands ignored until end of transaction block
[2026-01-26T14:41:43.235+0000] {logging_mixin.py:151} INFO -      ⚠️ Erreur ligne 44: current transaction is aborted, commands ignored until end of transaction block
[2026-01-26T14:41:43.236+0000] {logging_mixin.py:151} INFO -      ⚠️ Erreur ligne 45: current transaction is aborted, commands ignored until end of transaction block
[2026-01-26T14:41:43.237+0000] {logging_mixin.py:151} INFO -      ⚠️ Erreur ligne 46: current transaction is aborted, commands ignored until end of transaction block
[2026-01-26T14:41:43.238+0000] {logging_mixin.py:151} INFO -      ⚠️ Erreur ligne 47: current transaction is aborted, commands ignored until end of transaction block
[2026-01-26T14:41:43.238+0000] {logging_mixin.py:151} INFO -      ⚠️ Erreur ligne 48: current transaction is aborted, commands ignored until end of transaction block
[2026-01-26T14:41:43.239+0000] {logging_mixin.py:151} INFO -      ⚠️ Erreur ligne 49: current transaction is aborted, commands ignored until end of transaction block
[2026-01-26T14:41:43.240+0000] {logging_mixin.py:151} INFO -      ⚠️ Erreur ligne 50: current transaction is aborted, commands ignored until end of transaction block
[2026-01-26T14:41:43.241+0000] {logging_mixin.py:151} INFO -      ⚠️ Erreur ligne 51: current transaction is aborted, commands ignored until end of transaction block
[2026-01-26T14:41:43.242+0000] {logging_mixin.py:151} INFO -      ⚠️ Erreur ligne 52: current transaction is aborted, commands ignored until end of transaction block
[2026-01-26T14:41:43.243+0000] {logging_mixin.py:151} INFO -      ⚠️ Erreur ligne 53: current transaction is aborted, commands ignored until end of transaction block
[2026-01-26T14:41:43.244+0000] {logging_mixin.py:151} INFO -      ⚠️ Erreur ligne 54: current transaction is aborted, commands ignored until end of transaction block
[2026-01-26T14:41:43.245+0000] {logging_mixin.py:151} INFO -      ⚠️ Erreur ligne 55: current transaction is aborted, commands ignored until end of transaction block
[2026-01-26T14:41:43.247+0000] {logging_mixin.py:151} INFO -      ⚠️ Erreur ligne 56: current transaction is aborted, commands ignored until end of transaction block
[2026-01-26T14:41:43.248+0000] {logging_mixin.py:151} INFO -      ⚠️ Erreur ligne 57: current transaction is aborted, commands ignored until end of transaction block
[2026-01-26T14:41:43.250+0000] {logging_mixin.py:151} INFO -      ⚠️ Erreur ligne 58: current transaction is aborted, commands ignored until end of transaction block
[2026-01-26T14:41:43.251+0000] {logging_mixin.py:151} INFO -      ⚠️ Erreur ligne 59: current transaction is aborted, commands ignored until end of transaction block
[2026-01-26T14:41:43.253+0000] {logging_mixin.py:151} INFO -      ⚠️ Erreur ligne 60: current transaction is aborted, commands ignored until end of transaction block
[2026-01-26T14:41:43.254+0000] {logging_mixin.py:151} INFO -      ⚠️ Erreur ligne 61: current transaction is aborted, commands ignored until end of transaction block
[2026-01-26T14:41:43.255+0000] {logging_mixin.py:151} INFO -      ⚠️ Erreur ligne 62: current transaction is aborted, commands ignored until end of transaction block
[2026-01-26T14:41:43.256+0000] {logging_mixin.py:151} INFO -      ⚠️ Erreur ligne 63: current transaction is aborted, commands ignored until end of transaction block
[2026-01-26T14:41:43.258+0000] {logging_mixin.py:151} INFO -      ⚠️ Erreur ligne 64: current transaction is aborted, commands ignored until end of transaction block
[2026-01-26T14:41:43.259+0000] {logging_mixin.py:151} INFO -      ⚠️ Erreur ligne 65: current transaction is aborted, commands ignored until end of transaction block
[2026-01-26T14:41:43.261+0000] {logging_mixin.py:151} INFO -      ⚠️ Erreur ligne 66: current transaction is aborted, commands ignored until end of transaction block
[2026-01-26T14:41:43.263+0000] {logging_mixin.py:151} INFO -      ⚠️ Erreur ligne 67: current transaction is aborted, commands ignored until end of transaction block
[2026-01-26T14:41:43.264+0000] {logging_mixin.py:151} INFO -      ⚠️ Erreur ligne 68: current transaction is aborted, commands ignored until end of transaction block
[2026-01-26T14:41:43.266+0000] {logging_mixin.py:151} INFO -      ⚠️ Erreur ligne 69: current transaction is aborted, commands ignored until end of transaction block
[2026-01-26T14:41:43.267+0000] {logging_mixin.py:151} INFO -      ⚠️ Erreur ligne 70: current transaction is aborted, commands ignored until end of transaction block
[2026-01-26T14:41:43.268+0000] {logging_mixin.py:151} INFO -      ⚠️ Erreur ligne 71: current transaction is aborted, commands ignored until end of transaction block
[2026-01-26T14:41:43.269+0000] {logging_mixin.py:151} INFO -      ⚠️ Erreur ligne 72: current transaction is aborted, commands ignored until end of transaction block
[2026-01-26T14:41:43.271+0000] {logging_mixin.py:151} INFO -      ⚠️ Erreur ligne 73: current transaction is aborted, commands ignored until end of transaction block
[2026-01-26T14:41:43.272+0000] {logging_mixin.py:151} INFO -      ⚠️ Erreur ligne 74: current transaction is aborted, commands ignored until end of transaction block
[2026-01-26T14:41:43.273+0000] {logging_mixin.py:151} INFO -      ⚠️ Erreur ligne 75: current transaction is aborted, commands ignored until end of transaction block
[2026-01-26T14:41:43.275+0000] {logging_mixin.py:151} INFO -      ⚠️ Erreur ligne 76: current transaction is aborted, commands ignored until end of transaction block
[2026-01-26T14:41:43.278+0000] {logging_mixin.py:151} INFO -      ⚠️ Erreur ligne 77: current transaction is aborted, commands ignored until end of transaction block
[2026-01-26T14:41:43.279+0000] {logging_mixin.py:151} INFO -      ⚠️ Erreur ligne 78: current transaction is aborted, commands ignored until end of transaction block
[2026-01-26T14:41:43.280+0000] {logging_mixin.py:151} INFO -      ⚠️ Erreur ligne 79: current transaction is aborted, commands ignored until end of transaction block
[2026-01-26T14:41:43.282+0000] {logging_mixin.py:151} INFO -      ⚠️ Erreur ligne 80: current transaction is aborted, commands ignored until end of transaction block
[2026-01-26T14:41:43.283+0000] {logging_mixin.py:151} INFO -      ⚠️ Erreur ligne 81: current transaction is aborted, commands ignored until end of transaction block
[2026-01-26T14:41:43.285+0000] {logging_mixin.py:151} INFO -      ⚠️ Erreur ligne 82: current transaction is aborted, commands ignored until end of transaction block
[2026-01-26T14:41:43.286+0000] {logging_mixin.py:151} INFO -      ⚠️ Erreur ligne 83: current transaction is aborted, commands ignored until end of transaction block
[2026-01-26T14:41:43.287+0000] {logging_mixin.py:151} INFO -      ⚠️ Erreur ligne 84: current transaction is aborted, commands ignored until end of transaction block
[2026-01-26T14:41:43.288+0000] {logging_mixin.py:151} INFO -      ⚠️ Erreur ligne 85: current transaction is aborted, commands ignored until end of transaction block
[2026-01-26T14:41:43.290+0000] {logging_mixin.py:151} INFO -      ⚠️ Erreur ligne 86: current transaction is aborted, commands ignored until end of transaction block
[2026-01-26T14:41:43.291+0000] {logging_mixin.py:151} INFO -      ⚠️ Erreur ligne 87: current transaction is aborted, commands ignored until end of transaction block
[2026-01-26T14:41:43.292+0000] {logging_mixin.py:151} INFO -      ⚠️ Erreur ligne 88: current transaction is aborted, commands ignored until end of transaction block
[2026-01-26T14:41:43.293+0000] {logging_mixin.py:151} INFO -      ⚠️ Erreur ligne 89: current transaction is aborted, commands ignored until end of transaction block
[2026-01-26T14:41:43.295+0000] {logging_mixin.py:151} INFO -      ⚠️ Erreur ligne 90: current transaction is aborted, commands ignored until end of transaction block
[2026-01-26T14:41:43.296+0000] {logging_mixin.py:151} INFO -      ⚠️ Erreur ligne 91: current transaction is aborted, commands ignored until end of transaction block
[2026-01-26T14:41:43.297+0000] {logging_mixin.py:151} INFO -      ⚠️ Erreur ligne 92: current transaction is aborted, commands ignored until end of transaction block
[2026-01-26T14:41:43.298+0000] {logging_mixin.py:151} INFO -      ⚠️ Erreur ligne 93: current transaction is aborted, commands ignored until end of transaction block
[2026-01-26T14:41:43.299+0000] {logging_mixin.py:151} INFO -      ⚠️ Erreur ligne 94: current transaction is aborted, commands ignored until end of transaction block
[2026-01-26T14:41:43.301+0000] {logging_mixin.py:151} INFO -      ⚠️ Erreur ligne 95: current transaction is aborted, commands ignored until end of transaction block
[2026-01-26T14:41:43.302+0000] {logging_mixin.py:151} INFO -      ⚠️ Erreur ligne 96: current transaction is aborted, commands ignored until end of transaction block
[2026-01-26T14:41:43.304+0000] {logging_mixin.py:151} INFO -      ⚠️ Erreur ligne 97: current transaction is aborted, commands ignored until end of transaction block
[2026-01-26T14:41:43.305+0000] {logging_mixin.py:151} INFO -      ⚠️ Erreur ligne 98: current transaction is aborted, commands ignored until end of transaction block
[2026-01-26T14:41:43.306+0000] {logging_mixin.py:151} INFO -      ⚠️ Erreur ligne 99: current transaction is aborted, commands ignored until end of transaction block
[2026-01-26T14:41:43.307+0000] {logging_mixin.py:151} INFO -      ⚠️ Erreur ligne 100: current transaction is aborted, commands ignored until end of transaction block
[2026-01-26T14:41:43.309+0000] {logging_mixin.py:151} INFO -      ⚠️ Erreur ligne 101: current transaction is aborted, commands ignored until end of transaction block
[2026-01-26T14:41:43.311+0000] {logging_mixin.py:151} INFO -      ⚠️ Erreur ligne 102: current transaction is aborted, commands ignored until end of transaction block
[2026-01-26T14:41:43.312+0000] {logging_mixin.py:151} INFO -      ⚠️ Erreur ligne 103: current transaction is aborted, commands ignored until end of transaction block
[2026-01-26T14:41:43.313+0000] {logging_mixin.py:151} INFO -      ⚠️ Erreur ligne 104: current transaction is aborted, commands ignored until end of transaction block
[2026-01-26T14:41:43.314+0000] {logging_mixin.py:151} INFO -      ⚠️ Erreur ligne 105: current transaction is aborted, commands ignored until end of transaction block
[2026-01-26T14:41:43.315+0000] {logging_mixin.py:151} INFO -      ⚠️ Erreur ligne 106: current transaction is aborted, commands ignored until end of transaction block
[2026-01-26T14:41:43.316+0000] {logging_mixin.py:151} INFO -      ⚠️ Erreur ligne 107: current transaction is aborted, commands ignored until end of transaction block
[2026-01-26T14:41:43.319+0000] {logging_mixin.py:151} INFO -      ⚠️ Erreur ligne 108: current transaction is aborted, commands ignored until end of transaction block
[2026-01-26T14:41:43.320+0000] {logging_mixin.py:151} INFO -      ⚠️ Erreur ligne 109: current transaction is aborted, commands ignored until end of transaction block
[2026-01-26T14:41:43.321+0000] {logging_mixin.py:151} INFO -      ⚠️ Erreur ligne 110: current transaction is aborted, commands ignored until end of transaction block
[2026-01-26T14:41:43.322+0000] {logging_mixin.py:151} INFO -      ⚠️ Erreur ligne 111: current transaction is aborted, commands ignored until end of transaction block
[2026-01-26T14:41:43.323+0000] {logging_mixin.py:151} INFO -      ⚠️ Erreur ligne 112: current transaction is aborted, commands ignored until end of transaction block
[2026-01-26T14:41:43.324+0000] {logging_mixin.py:151} INFO -      ⚠️ Erreur ligne 113: current transaction is aborted, commands ignored until end of transaction block
[2026-01-26T14:41:43.325+0000] {logging_mixin.py:151} INFO -      ⚠️ Erreur ligne 114: current transaction is aborted, commands ignored until end of transaction block
[2026-01-26T14:41:43.326+0000] {logging_mixin.py:151} INFO -      ⚠️ Erreur ligne 115: current transaction is aborted, commands ignored until end of transaction block
[2026-01-26T14:41:43.328+0000] {logging_mixin.py:151} INFO -      ⚠️ Erreur ligne 116: current transaction is aborted, commands ignored until end of transaction block
[2026-01-26T14:41:43.329+0000] {logging_mixin.py:151} INFO -      ⚠️ Erreur ligne 117: current transaction is aborted, commands ignored until end of transaction block
[2026-01-26T14:41:43.330+0000] {logging_mixin.py:151} INFO -      ⚠️ Erreur ligne 118: current transaction is aborted, commands ignored until end of transaction block
[2026-01-26T14:41:43.332+0000] {logging_mixin.py:151} INFO -      ⚠️ Erreur ligne 119: current transaction is aborted, commands ignored until end of transaction block
[2026-01-26T14:41:43.333+0000] {logging_mixin.py:151} INFO -      ⚠️ Erreur ligne 120: current transaction is aborted, commands ignored until end of transaction block
[2026-01-26T14:41:43.334+0000] {logging_mixin.py:151} INFO -      ⚠️ Erreur ligne 121: current transaction is aborted, commands ignored until end of transaction block
[2026-01-26T14:41:43.335+0000] {logging_mixin.py:151} INFO -      ⚠️ Erreur ligne 122: current transaction is aborted, commands ignored until end of transaction block
[2026-01-26T14:41:43.336+0000] {logging_mixin.py:151} INFO -      ⚠️ Erreur ligne 123: current transaction is aborted, commands ignored until end of transaction block
[2026-01-26T14:41:43.337+0000] {logging_mixin.py:151} INFO -      ⚠️ Erreur ligne 124: current transaction is aborted, commands ignored until end of transaction block
[2026-01-26T14:41:43.338+0000] {logging_mixin.py:151} INFO -      ⚠️ Erreur ligne 125: current transaction is aborted, commands ignored until end of transaction block
[2026-01-26T14:41:43.339+0000] {logging_mixin.py:151} INFO -      ⚠️ Erreur ligne 126: current transaction is aborted, commands ignored until end of transaction block
[2026-01-26T14:41:43.340+0000] {logging_mixin.py:151} INFO -      ⚠️ Erreur ligne 127: current transaction is aborted, commands ignored until end of transaction block
[2026-01-26T14:41:43.342+0000] {logging_mixin.py:151} INFO -      ⚠️ Erreur ligne 128: current transaction is aborted, commands ignored until end of transaction block
[2026-01-26T14:41:43.343+0000] {logging_mixin.py:151} INFO -      ⚠️ Erreur ligne 129: current transaction is aborted, commands ignored until end of transaction block
[2026-01-26T14:41:43.345+0000] {logging_mixin.py:151} INFO -      ⚠️ Erreur ligne 130: current transaction is aborted, commands ignored until end of transaction block
[2026-01-26T14:41:43.346+0000] {logging_mixin.py:151} INFO -      ⚠️ Erreur ligne 131: current transaction is aborted, commands ignored until end of transaction block
[2026-01-26T14:41:43.347+0000] {logging_mixin.py:151} INFO -      ⚠️ Erreur ligne 132: current transaction is aborted, commands ignored until end of transaction block
[2026-01-26T14:41:43.348+0000] {logging_mixin.py:151} INFO -      ⚠️ Erreur ligne 133: current transaction is aborted, commands ignored until end of transaction block
[2026-01-26T14:41:43.349+0000] {logging_mixin.py:151} INFO -      ⚠️ Erreur ligne 134: current transaction is aborted, commands ignored until end of transaction block
[2026-01-26T14:41:43.350+0000] {logging_mixin.py:151} INFO -      ⚠️ Erreur ligne 135: current transaction is aborted, commands ignored until end of transaction block
[2026-01-26T14:41:43.351+0000] {logging_mixin.py:151} INFO -      ⚠️ Erreur ligne 136: current transaction is aborted, commands ignored until end of transaction block
[2026-01-26T14:41:43.352+0000] {logging_mixin.py:151} INFO -      ⚠️ Erreur ligne 137: current transaction is aborted, commands ignored until end of transaction block
[2026-01-26T14:41:43.353+0000] {logging_mixin.py:151} INFO -      ⚠️ Erreur ligne 138: current transaction is aborted, commands ignored until end of transaction block
[2026-01-26T14:41:43.354+0000] {logging_mixin.py:151} INFO -      ⚠️ Erreur ligne 139: current transaction is aborted, commands ignored until end of transaction block
[2026-01-26T14:41:43.355+0000] {logging_mixin.py:151} INFO -      ⚠️ Erreur ligne 140: current transaction is aborted, commands ignored until end of transaction block
[2026-01-26T14:41:43.356+0000] {logging_mixin.py:151} INFO -      ⚠️ Erreur ligne 141: current transaction is aborted, commands ignored until end of transaction block
[2026-01-26T14:41:43.358+0000] {logging_mixin.py:151} INFO -      ⚠️ Erreur ligne 142: current transaction is aborted, commands ignored until end of transaction block
[2026-01-26T14:41:43.359+0000] {logging_mixin.py:151} INFO -      ⚠️ Erreur ligne 143: current transaction is aborted, commands ignored until end of transaction block
[2026-01-26T14:41:43.360+0000] {logging_mixin.py:151} INFO -      ⚠️ Erreur ligne 144: current transaction is aborted, commands ignored until end of transaction block
[2026-01-26T14:41:43.361+0000] {logging_mixin.py:151} INFO -      ⚠️ Erreur ligne 145: current transaction is aborted, commands ignored until end of transaction block
[2026-01-26T14:41:43.362+0000] {logging_mixin.py:151} INFO -      ⚠️ Erreur ligne 146: current transaction is aborted, commands ignored until end of transaction block
[2026-01-26T14:41:43.363+0000] {logging_mixin.py:151} INFO -      ⚠️ Erreur ligne 147: current transaction is aborted, commands ignored until end of transaction block
[2026-01-26T14:41:43.365+0000] {logging_mixin.py:151} INFO -      ⚠️ Erreur ligne 148: current transaction is aborted, commands ignored until end of transaction block
[2026-01-26T14:41:43.367+0000] {logging_mixin.py:151} INFO -      ⚠️ Erreur ligne 149: current transaction is aborted, commands ignored until end of transaction block
[2026-01-26T14:41:43.368+0000] {logging_mixin.py:151} INFO -      ⚠️ Erreur ligne 150: current transaction is aborted, commands ignored until end of transaction block
[2026-01-26T14:41:43.370+0000] {logging_mixin.py:151} INFO -      ⚠️ Erreur ligne 151: current transaction is aborted, commands ignored until end of transaction block
[2026-01-26T14:41:43.371+0000] {logging_mixin.py:151} INFO -      ⚠️ Erreur ligne 152: current transaction is aborted, commands ignored until end of transaction block
[2026-01-26T14:41:43.373+0000] {logging_mixin.py:151} INFO -      ⚠️ Erreur ligne 153: current transaction is aborted, commands ignored until end of transaction block
[2026-01-26T14:41:43.374+0000] {logging_mixin.py:151} INFO -      ⚠️ Erreur ligne 154: current transaction is aborted, commands ignored until end of transaction block
[2026-01-26T14:41:43.375+0000] {logging_mixin.py:151} INFO -      ⚠️ Erreur ligne 155: current transaction is aborted, commands ignored until end of transaction block
[2026-01-26T14:41:43.376+0000] {logging_mixin.py:151} INFO -      ⚠️ Erreur ligne 156: current transaction is aborted, commands ignored until end of transaction block
[2026-01-26T14:41:43.377+0000] {logging_mixin.py:151} INFO -      ⚠️ Erreur ligne 157: current transaction is aborted, commands ignored until end of transaction block
[2026-01-26T14:41:43.378+0000] {logging_mixin.py:151} INFO -      ⚠️ Erreur ligne 158: current transaction is aborted, commands ignored until end of transaction block
[2026-01-26T14:41:43.379+0000] {logging_mixin.py:151} INFO -      ⚠️ Erreur ligne 159: current transaction is aborted, commands ignored until end of transaction block
[2026-01-26T14:41:43.380+0000] {logging_mixin.py:151} INFO -      ⚠️ Erreur ligne 160: current transaction is aborted, commands ignored until end of transaction block
[2026-01-26T14:41:43.381+0000] {logging_mixin.py:151} INFO -      ⚠️ Erreur ligne 161: current transaction is aborted, commands ignored until end of transaction block
[2026-01-26T14:41:43.382+0000] {logging_mixin.py:151} INFO -      ⚠️ Erreur ligne 162: current transaction is aborted, commands ignored until end of transaction block
[2026-01-26T14:41:43.384+0000] {logging_mixin.py:151} INFO -      ⚠️ Erreur ligne 163: current transaction is aborted, commands ignored until end of transaction block
[2026-01-26T14:41:43.385+0000] {logging_mixin.py:151} INFO -      ⚠️ Erreur ligne 164: current transaction is aborted, commands ignored until end of transaction block
[2026-01-26T14:41:43.386+0000] {logging_mixin.py:151} INFO -      ⚠️ Erreur ligne 165: current transaction is aborted, commands ignored until end of transaction block
[2026-01-26T14:41:43.387+0000] {logging_mixin.py:151} INFO -      ⚠️ Erreur ligne 166: current transaction is aborted, commands ignored until end of transaction block
[2026-01-26T14:41:43.388+0000] {logging_mixin.py:151} INFO -      ⚠️ Erreur ligne 167: current transaction is aborted, commands ignored until end of transaction block
[2026-01-26T14:41:43.389+0000] {logging_mixin.py:151} INFO -      ⚠️ Erreur ligne 168: current transaction is aborted, commands ignored until end of transaction block
[2026-01-26T14:41:43.390+0000] {logging_mixin.py:151} INFO -      ⚠️ Erreur ligne 169: current transaction is aborted, commands ignored until end of transaction block
[2026-01-26T14:41:43.391+0000] {logging_mixin.py:151} INFO -      ⚠️ Erreur ligne 170: current transaction is aborted, commands ignored until end of transaction block
[2026-01-26T14:41:43.392+0000] {logging_mixin.py:151} INFO -      ⚠️ Erreur ligne 171: current transaction is aborted, commands ignored until end of transaction block
[2026-01-26T14:41:43.393+0000] {logging_mixin.py:151} INFO -      ⚠️ Erreur ligne 172: current transaction is aborted, commands ignored until end of transaction block
[2026-01-26T14:41:43.394+0000] {logging_mixin.py:151} INFO -      ⚠️ Erreur ligne 173: current transaction is aborted, commands ignored until end of transaction block
[2026-01-26T14:41:43.395+0000] {logging_mixin.py:151} INFO -      ⚠️ Erreur ligne 174: current transaction is aborted, commands ignored until end of transaction block
[2026-01-26T14:41:43.396+0000] {logging_mixin.py:151} INFO -      ⚠️ Erreur ligne 175: current transaction is aborted, commands ignored until end of transaction block
[2026-01-26T14:41:43.397+0000] {logging_mixin.py:151} INFO -      ⚠️ Erreur ligne 176: current transaction is aborted, commands ignored until end of transaction block
[2026-01-26T14:41:43.399+0000] {logging_mixin.py:151} INFO -      ⚠️ Erreur ligne 177: current transaction is aborted, commands ignored until end of transaction block
[2026-01-26T14:41:43.400+0000] {logging_mixin.py:151} INFO -      ⚠️ Erreur ligne 178: current transaction is aborted, commands ignored until end of transaction block
[2026-01-26T14:41:43.401+0000] {logging_mixin.py:151} INFO -      ⚠️ Erreur ligne 179: current transaction is aborted, commands ignored until end of transaction block
[2026-01-26T14:41:43.402+0000] {logging_mixin.py:151} INFO -      ⚠️ Erreur ligne 180: current transaction is aborted, commands ignored until end of transaction block
[2026-01-26T14:41:43.404+0000] {logging_mixin.py:151} INFO -      ⚠️ Erreur ligne 181: current transaction is aborted, commands ignored until end of transaction block
[2026-01-26T14:41:43.405+0000] {logging_mixin.py:151} INFO -      ⚠️ Erreur ligne 182: current transaction is aborted, commands ignored until end of transaction block
[2026-01-26T14:41:43.407+0000] {logging_mixin.py:151} INFO -      ⚠️ Erreur ligne 183: current transaction is aborted, commands ignored until end of transaction block
[2026-01-26T14:41:43.408+0000] {logging_mixin.py:151} INFO -      ⚠️ Erreur ligne 184: current transaction is aborted, commands ignored until end of transaction block
[2026-01-26T14:41:43.409+0000] {logging_mixin.py:151} INFO -      ⚠️ Erreur ligne 185: current transaction is aborted, commands ignored until end of transaction block
[2026-01-26T14:41:43.410+0000] {logging_mixin.py:151} INFO -      ⚠️ Erreur ligne 186: current transaction is aborted, commands ignored until end of transaction block
[2026-01-26T14:41:43.411+0000] {logging_mixin.py:151} INFO -      ⚠️ Erreur ligne 187: current transaction is aborted, commands ignored until end of transaction block
[2026-01-26T14:41:43.412+0000] {logging_mixin.py:151} INFO -      ⚠️ Erreur ligne 188: current transaction is aborted, commands ignored until end of transaction block
[2026-01-26T14:41:43.413+0000] {logging_mixin.py:151} INFO -      ⚠️ Erreur ligne 189: current transaction is aborted, commands ignored until end of transaction block
[2026-01-26T14:41:43.415+0000] {logging_mixin.py:151} INFO -      ⚠️ Erreur ligne 190: current transaction is aborted, commands ignored until end of transaction block
[2026-01-26T14:41:43.416+0000] {logging_mixin.py:151} INFO -      ⚠️ Erreur ligne 191: current transaction is aborted, commands ignored until end of transaction block
[2026-01-26T14:41:43.417+0000] {logging_mixin.py:151} INFO -      ⚠️ Erreur ligne 192: current transaction is aborted, commands ignored until end of transaction block
[2026-01-26T14:41:43.418+0000] {logging_mixin.py:151} INFO -      ⚠️ Erreur ligne 193: current transaction is aborted, commands ignored until end of transaction block
[2026-01-26T14:41:43.419+0000] {logging_mixin.py:151} INFO -      ⚠️ Erreur ligne 194: current transaction is aborted, commands ignored until end of transaction block
[2026-01-26T14:41:43.420+0000] {logging_mixin.py:151} INFO -      ⚠️ Erreur ligne 195: current transaction is aborted, commands ignored until end of transaction block
[2026-01-26T14:41:43.421+0000] {logging_mixin.py:151} INFO -      ⚠️ Erreur ligne 196: current transaction is aborted, commands ignored until end of transaction block
[2026-01-26T14:41:43.422+0000] {logging_mixin.py:151} INFO -      ⚠️ Erreur ligne 197: current transaction is aborted, commands ignored until end of transaction block
[2026-01-26T14:41:43.422+0000] {logging_mixin.py:151} INFO -      ⚠️ Erreur ligne 198: current transaction is aborted, commands ignored until end of transaction block
[2026-01-26T14:41:43.423+0000] {logging_mixin.py:151} INFO -      ⚠️ Erreur ligne 199: current transaction is aborted, commands ignored until end of transaction block
[2026-01-26T14:41:43.425+0000] {logging_mixin.py:151} INFO -      ⚠️ Erreur ligne 200: current transaction is aborted, commands ignored until end of transaction block
[2026-01-26T14:41:43.426+0000] {logging_mixin.py:151} INFO -      ⚠️ Erreur ligne 201: current transaction is aborted, commands ignored until end of transaction block
[2026-01-26T14:41:43.427+0000] {logging_mixin.py:151} INFO -      ⚠️ Erreur ligne 202: current transaction is aborted, commands ignored until end of transaction block
[2026-01-26T14:41:43.428+0000] {logging_mixin.py:151} INFO -      ⚠️ Erreur ligne 203: current transaction is aborted, commands ignored until end of transaction block
[2026-01-26T14:41:43.429+0000] {logging_mixin.py:151} INFO -      ⚠️ Erreur ligne 204: current transaction is aborted, commands ignored until end of transaction block
[2026-01-26T14:41:43.430+0000] {logging_mixin.py:151} INFO -      ⚠️ Erreur ligne 205: current transaction is aborted, commands ignored until end of transaction block
[2026-01-26T14:41:43.431+0000] {logging_mixin.py:151} INFO -      ⚠️ Erreur ligne 206: current transaction is aborted, commands ignored until end of transaction block
[2026-01-26T14:41:43.433+0000] {logging_mixin.py:151} INFO -      ⚠️ Erreur ligne 207: current transaction is aborted, commands ignored until end of transaction block
[2026-01-26T14:41:43.434+0000] {logging_mixin.py:151} INFO -      ⚠️ Erreur ligne 208: current transaction is aborted, commands ignored until end of transaction block
[2026-01-26T14:41:43.435+0000] {logging_mixin.py:151} INFO -      ⚠️ Erreur ligne 209: current transaction is aborted, commands ignored until end of transaction block
[2026-01-26T14:41:43.436+0000] {logging_mixin.py:151} INFO -      ⚠️ Erreur ligne 210: current transaction is aborted, commands ignored until end of transaction block
[2026-01-26T14:41:43.437+0000] {logging_mixin.py:151} INFO -      ⚠️ Erreur ligne 211: current transaction is aborted, commands ignored until end of transaction block
[2026-01-26T14:41:43.439+0000] {logging_mixin.py:151} INFO -      ⚠️ Erreur ligne 212: current transaction is aborted, commands ignored until end of transaction block
[2026-01-26T14:41:43.440+0000] {logging_mixin.py:151} INFO -      ⚠️ Erreur ligne 213: current transaction is aborted, commands ignored until end of transaction block
[2026-01-26T14:41:43.441+0000] {logging_mixin.py:151} INFO -      ⚠️ Erreur ligne 214: current transaction is aborted, commands ignored until end of transaction block
[2026-01-26T14:41:43.443+0000] {logging_mixin.py:151} INFO -      ⚠️ Erreur ligne 215: current transaction is aborted, commands ignored until end of transaction block
[2026-01-26T14:41:43.444+0000] {logging_mixin.py:151} INFO -      ⚠️ Erreur ligne 216: current transaction is aborted, commands ignored until end of transaction block
[2026-01-26T14:41:43.445+0000] {logging_mixin.py:151} INFO -      ⚠️ Erreur ligne 217: current transaction is aborted, commands ignored until end of transaction block
[2026-01-26T14:41:43.445+0000] {logging_mixin.py:151} INFO -      ⚠️ Erreur ligne 218: current transaction is aborted, commands ignored until end of transaction block
[2026-01-26T14:41:43.446+0000] {logging_mixin.py:151} INFO -      ⚠️ Erreur ligne 219: current transaction is aborted, commands ignored until end of transaction block
[2026-01-26T14:41:43.447+0000] {logging_mixin.py:151} INFO -      ⚠️ Erreur ligne 220: current transaction is aborted, commands ignored until end of transaction block
[2026-01-26T14:41:43.448+0000] {logging_mixin.py:151} INFO -      ⚠️ Erreur ligne 221: current transaction is aborted, commands ignored until end of transaction block
[2026-01-26T14:41:43.450+0000] {logging_mixin.py:151} INFO -      ⚠️ Erreur ligne 222: current transaction is aborted, commands ignored until end of transaction block
[2026-01-26T14:41:43.451+0000] {logging_mixin.py:151} INFO -      ⚠️ Erreur ligne 223: current transaction is aborted, commands ignored until end of transaction block
[2026-01-26T14:41:43.453+0000] {logging_mixin.py:151} INFO -      ⚠️ Erreur ligne 224: current transaction is aborted, commands ignored until end of transaction block
[2026-01-26T14:41:43.454+0000] {logging_mixin.py:151} INFO -      ⚠️ Erreur ligne 225: current transaction is aborted, commands ignored until end of transaction block
[2026-01-26T14:41:43.456+0000] {logging_mixin.py:151} INFO -      ⚠️ Erreur ligne 226: current transaction is aborted, commands ignored until end of transaction block
[2026-01-26T14:41:43.457+0000] {logging_mixin.py:151} INFO -      ⚠️ Erreur ligne 227: current transaction is aborted, commands ignored until end of transaction block
[2026-01-26T14:41:43.458+0000] {logging_mixin.py:151} INFO -      ⚠️ Erreur ligne 228: current transaction is aborted, commands ignored until end of transaction block
[2026-01-26T14:41:43.459+0000] {logging_mixin.py:151} INFO -      ⚠️ Erreur ligne 229: current transaction is aborted, commands ignored until end of transaction block
[2026-01-26T14:41:43.460+0000] {logging_mixin.py:151} INFO -      ⚠️ Erreur ligne 230: current transaction is aborted, commands ignored until end of transaction block
[2026-01-26T14:41:43.461+0000] {logging_mixin.py:151} INFO -      ⚠️ Erreur ligne 231: current transaction is aborted, commands ignored until end of transaction block
[2026-01-26T14:41:43.462+0000] {logging_mixin.py:151} INFO -      ⚠️ Erreur ligne 232: current transaction is aborted, commands ignored until end of transaction block
[2026-01-26T14:41:43.463+0000] {logging_mixin.py:151} INFO -      ⚠️ Erreur ligne 233: current transaction is aborted, commands ignored until end of transaction block
[2026-01-26T14:41:43.464+0000] {logging_mixin.py:151} INFO -      ⚠️ Erreur ligne 234: current transaction is aborted, commands ignored until end of transaction block
[2026-01-26T14:41:43.465+0000] {logging_mixin.py:151} INFO -      ⚠️ Erreur ligne 235: current transaction is aborted, commands ignored until end of transaction block
[2026-01-26T14:41:43.467+0000] {logging_mixin.py:151} INFO -      ⚠️ Erreur ligne 236: current transaction is aborted, commands ignored until end of transaction block
[2026-01-26T14:41:43.468+0000] {logging_mixin.py:151} INFO -      ⚠️ Erreur ligne 237: current transaction is aborted, commands ignored until end of transaction block
[2026-01-26T14:41:43.469+0000] {logging_mixin.py:151} INFO -      ⚠️ Erreur ligne 238: current transaction is aborted, commands ignored until end of transaction block
[2026-01-26T14:41:43.470+0000] {logging_mixin.py:151} INFO -      ⚠️ Erreur ligne 239: current transaction is aborted, commands ignored until end of transaction block
[2026-01-26T14:41:43.472+0000] {logging_mixin.py:151} INFO -      ⚠️ Erreur ligne 240: current transaction is aborted, commands ignored until end of transaction block
[2026-01-26T14:41:43.473+0000] {logging_mixin.py:151} INFO -      ⚠️ Erreur ligne 241: current transaction is aborted, commands ignored until end of transaction block
[2026-01-26T14:41:43.474+0000] {logging_mixin.py:151} INFO -      ⚠️ Erreur ligne 242: current transaction is aborted, commands ignored until end of transaction block
[2026-01-26T14:41:43.475+0000] {logging_mixin.py:151} INFO -      ⚠️ Erreur ligne 243: current transaction is aborted, commands ignored until end of transaction block
[2026-01-26T14:41:43.476+0000] {logging_mixin.py:151} INFO -      ⚠️ Erreur ligne 244: current transaction is aborted, commands ignored until end of transaction block
[2026-01-26T14:41:43.477+0000] {logging_mixin.py:151} INFO -      ⚠️ Erreur ligne 245: current transaction is aborted, commands ignored until end of transaction block
[2026-01-26T14:41:43.477+0000] {logging_mixin.py:151} INFO -      ⚠️ Erreur ligne 246: current transaction is aborted, commands ignored until end of transaction block
[2026-01-26T14:41:43.478+0000] {logging_mixin.py:151} INFO -      ⚠️ Erreur ligne 247: current transaction is aborted, commands ignored until end of transaction block
[2026-01-26T14:41:43.479+0000] {logging_mixin.py:151} INFO -      ⚠️ Erreur ligne 248: current transaction is aborted, commands ignored until end of transaction block
[2026-01-26T14:41:43.480+0000] {logging_mixin.py:151} INFO -      ⚠️ Erreur ligne 249: current transaction is aborted, commands ignored until end of transaction block
[2026-01-26T14:41:43.482+0000] {logging_mixin.py:151} INFO -      ⚠️ Erreur ligne 250: current transaction is aborted, commands ignored until end of transaction block
[2026-01-26T14:41:43.484+0000] {logging_mixin.py:151} INFO -      ⚠️ Erreur ligne 251: current transaction is aborted, commands ignored until end of transaction block
[2026-01-26T14:41:43.487+0000] {logging_mixin.py:151} INFO -      ⚠️ Erreur ligne 252: current transaction is aborted, commands ignored until end of transaction block
[2026-01-26T14:41:43.488+0000] {logging_mixin.py:151} INFO -      ⚠️ Erreur ligne 253: current transaction is aborted, commands ignored until end of transaction block
[2026-01-26T14:41:43.489+0000] {logging_mixin.py:151} INFO -      ⚠️ Erreur ligne 254: current transaction is aborted, commands ignored until end of transaction block
[2026-01-26T14:41:43.490+0000] {logging_mixin.py:151} INFO -      ⚠️ Erreur ligne 255: current transaction is aborted, commands ignored until end of transaction block
[2026-01-26T14:41:43.491+0000] {logging_mixin.py:151} INFO -      ⚠️ Erreur ligne 256: current transaction is aborted, commands ignored until end of transaction block
[2026-01-26T14:41:43.493+0000] {logging_mixin.py:151} INFO -      ⚠️ Erreur ligne 257: current transaction is aborted, commands ignored until end of transaction block
[2026-01-26T14:41:43.494+0000] {logging_mixin.py:151} INFO -      ⚠️ Erreur ligne 258: current transaction is aborted, commands ignored until end of transaction block
[2026-01-26T14:41:43.495+0000] {logging_mixin.py:151} INFO -      ⚠️ Erreur ligne 259: current transaction is aborted, commands ignored until end of transaction block
[2026-01-26T14:41:43.496+0000] {logging_mixin.py:151} INFO -      ⚠️ Erreur ligne 260: current transaction is aborted, commands ignored until end of transaction block
[2026-01-26T14:41:43.497+0000] {logging_mixin.py:151} INFO -      ⚠️ Erreur ligne 261: current transaction is aborted, commands ignored until end of transaction block
[2026-01-26T14:41:43.499+0000] {logging_mixin.py:151} INFO -      ⚠️ Erreur ligne 262: current transaction is aborted, commands ignored until end of transaction block
[2026-01-26T14:41:43.500+0000] {logging_mixin.py:151} INFO -      ⚠️ Erreur ligne 263: current transaction is aborted, commands ignored until end of transaction block
[2026-01-26T14:41:43.501+0000] {logging_mixin.py:151} INFO -      ⚠️ Erreur ligne 264: current transaction is aborted, commands ignored until end of transaction block
[2026-01-26T14:41:43.502+0000] {logging_mixin.py:151} INFO -      ⚠️ Erreur ligne 265: current transaction is aborted, commands ignored until end of transaction block
[2026-01-26T14:41:43.503+0000] {logging_mixin.py:151} INFO -      ⚠️ Erreur ligne 266: current transaction is aborted, commands ignored until end of transaction block
[2026-01-26T14:41:43.504+0000] {logging_mixin.py:151} INFO -      ⚠️ Erreur ligne 267: current transaction is aborted, commands ignored until end of transaction block
[2026-01-26T14:41:43.505+0000] {logging_mixin.py:151} INFO -      ⚠️ Erreur ligne 268: current transaction is aborted, commands ignored until end of transaction block
[2026-01-26T14:41:43.506+0000] {logging_mixin.py:151} INFO -      ⚠️ Erreur ligne 269: current transaction is aborted, commands ignored until end of transaction block
[2026-01-26T14:41:43.507+0000] {logging_mixin.py:151} INFO -      ⚠️ Erreur ligne 270: current transaction is aborted, commands ignored until end of transaction block
[2026-01-26T14:41:43.508+0000] {logging_mixin.py:151} INFO -      ⚠️ Erreur ligne 271: current transaction is aborted, commands ignored until end of transaction block
[2026-01-26T14:41:43.509+0000] {logging_mixin.py:151} INFO -      ⚠️ Erreur ligne 272: current transaction is aborted, commands ignored until end of transaction block
[2026-01-26T14:41:43.511+0000] {logging_mixin.py:151} INFO -      ⚠️ Erreur ligne 273: current transaction is aborted, commands ignored until end of transaction block
[2026-01-26T14:41:43.512+0000] {logging_mixin.py:151} INFO -      ⚠️ Erreur ligne 274: current transaction is aborted, commands ignored until end of transaction block
[2026-01-26T14:41:43.513+0000] {logging_mixin.py:151} INFO -      ⚠️ Erreur ligne 275: current transaction is aborted, commands ignored until end of transaction block
[2026-01-26T14:41:43.514+0000] {logging_mixin.py:151} INFO -      ⚠️ Erreur ligne 276: current transaction is aborted, commands ignored until end of transaction block
[2026-01-26T14:41:43.515+0000] {logging_mixin.py:151} INFO -      ⚠️ Erreur ligne 277: current transaction is aborted, commands ignored until end of transaction block
[2026-01-26T14:41:43.516+0000] {logging_mixin.py:151} INFO -      ⚠️ Erreur ligne 278: current transaction is aborted, commands ignored until end of transaction block
[2026-01-26T14:41:43.517+0000] {logging_mixin.py:151} INFO -      ⚠️ Erreur ligne 279: current transaction is aborted, commands ignored until end of transaction block
[2026-01-26T14:41:43.518+0000] {logging_mixin.py:151} INFO -      ⚠️ Erreur ligne 280: current transaction is aborted, commands ignored until end of transaction block
[2026-01-26T14:41:43.519+0000] {logging_mixin.py:151} INFO -      ⚠️ Erreur ligne 281: current transaction is aborted, commands ignored until end of transaction block
[2026-01-26T14:41:43.520+0000] {logging_mixin.py:151} INFO -      ⚠️ Erreur ligne 282: current transaction is aborted, commands ignored until end of transaction block
[2026-01-26T14:41:43.521+0000] {logging_mixin.py:151} INFO -      ⚠️ Erreur ligne 283: current transaction is aborted, commands ignored until end of transaction block
[2026-01-26T14:41:43.522+0000] {logging_mixin.py:151} INFO -      ⚠️ Erreur ligne 284: current transaction is aborted, commands ignored until end of transaction block
[2026-01-26T14:41:43.523+0000] {logging_mixin.py:151} INFO -      ⚠️ Erreur ligne 285: current transaction is aborted, commands ignored until end of transaction block
[2026-01-26T14:41:43.524+0000] {logging_mixin.py:151} INFO -      ⚠️ Erreur ligne 286: current transaction is aborted, commands ignored until end of transaction block
[2026-01-26T14:41:43.525+0000] {logging_mixin.py:151} INFO -      ⚠️ Erreur ligne 287: current transaction is aborted, commands ignored until end of transaction block
[2026-01-26T14:41:43.526+0000] {logging_mixin.py:151} INFO -      ⚠️ Erreur ligne 288: current transaction is aborted, commands ignored until end of transaction block
[2026-01-26T14:41:43.527+0000] {logging_mixin.py:151} INFO -      ⚠️ Erreur ligne 289: current transaction is aborted, commands ignored until end of transaction block
[2026-01-26T14:41:43.529+0000] {logging_mixin.py:151} INFO -      ⚠️ Erreur ligne 290: current transaction is aborted, commands ignored until end of transaction block
[2026-01-26T14:41:43.530+0000] {logging_mixin.py:151} INFO -      ⚠️ Erreur ligne 291: current transaction is aborted, commands ignored until end of transaction block
[2026-01-26T14:41:43.531+0000] {logging_mixin.py:151} INFO -      ⚠️ Erreur ligne 292: current transaction is aborted, commands ignored until end of transaction block
[2026-01-26T14:41:43.532+0000] {logging_mixin.py:151} INFO -      ⚠️ Erreur ligne 293: current transaction is aborted, commands ignored until end of transaction block
[2026-01-26T14:41:43.533+0000] {logging_mixin.py:151} INFO -      ⚠️ Erreur ligne 294: current transaction is aborted, commands ignored until end of transaction block
[2026-01-26T14:41:43.534+0000] {logging_mixin.py:151} INFO -      ⚠️ Erreur ligne 295: current transaction is aborted, commands ignored until end of transaction block
[2026-01-26T14:41:43.535+0000] {logging_mixin.py:151} INFO -      ⚠️ Erreur ligne 296: current transaction is aborted, commands ignored until end of transaction block
[2026-01-26T14:41:43.536+0000] {logging_mixin.py:151} INFO -      ⚠️ Erreur ligne 297: current transaction is aborted, commands ignored until end of transaction block
[2026-01-26T14:41:43.537+0000] {logging_mixin.py:151} INFO -      ⚠️ Erreur ligne 298: current transaction is aborted, commands ignored until end of transaction block
[2026-01-26T14:41:43.538+0000] {logging_mixin.py:151} INFO -      ⚠️ Erreur ligne 299: current transaction is aborted, commands ignored until end of transaction block
[2026-01-26T14:41:43.540+0000] {logging_mixin.py:151} INFO -      ⚠️ Erreur ligne 300: current transaction is aborted, commands ignored until end of transaction block
[2026-01-26T14:41:43.541+0000] {logging_mixin.py:151} INFO -      ⚠️ Erreur ligne 301: current transaction is aborted, commands ignored until end of transaction block
[2026-01-26T14:41:43.542+0000] {logging_mixin.py:151} INFO -      ⚠️ Erreur ligne 302: current transaction is aborted, commands ignored until end of transaction block
[2026-01-26T14:41:43.543+0000] {logging_mixin.py:151} INFO -      ⚠️ Erreur ligne 303: current transaction is aborted, commands ignored until end of transaction block
[2026-01-26T14:41:43.544+0000] {logging_mixin.py:151} INFO -      ⚠️ Erreur ligne 304: current transaction is aborted, commands ignored until end of transaction block
[2026-01-26T14:41:43.546+0000] {logging_mixin.py:151} INFO -      ⚠️ Erreur ligne 305: current transaction is aborted, commands ignored until end of transaction block
[2026-01-26T14:41:43.547+0000] {logging_mixin.py:151} INFO -      ⚠️ Erreur ligne 306: current transaction is aborted, commands ignored until end of transaction block
[2026-01-26T14:41:43.548+0000] {logging_mixin.py:151} INFO -      ⚠️ Erreur ligne 307: current transaction is aborted, commands ignored until end of transaction block
[2026-01-26T14:41:43.549+0000] {logging_mixin.py:151} INFO -      ⚠️ Erreur ligne 308: current transaction is aborted, commands ignored until end of transaction block
[2026-01-26T14:41:43.551+0000] {logging_mixin.py:151} INFO -      ⚠️ Erreur ligne 309: current transaction is aborted, commands ignored until end of transaction block
[2026-01-26T14:41:43.552+0000] {logging_mixin.py:151} INFO -      ⚠️ Erreur ligne 310: current transaction is aborted, commands ignored until end of transaction block
[2026-01-26T14:41:43.554+0000] {logging_mixin.py:151} INFO -      ⚠️ Erreur ligne 311: current transaction is aborted, commands ignored until end of transaction block
[2026-01-26T14:41:43.555+0000] {logging_mixin.py:151} INFO -      ⚠️ Erreur ligne 312: current transaction is aborted, commands ignored until end of transaction block
[2026-01-26T14:41:43.556+0000] {logging_mixin.py:151} INFO -      ⚠️ Erreur ligne 313: current transaction is aborted, commands ignored until end of transaction block
[2026-01-26T14:41:43.557+0000] {logging_mixin.py:151} INFO -      ⚠️ Erreur ligne 314: current transaction is aborted, commands ignored until end of transaction block
[2026-01-26T14:41:43.558+0000] {logging_mixin.py:151} INFO -      ⚠️ Erreur ligne 315: current transaction is aborted, commands ignored until end of transaction block
[2026-01-26T14:41:43.559+0000] {logging_mixin.py:151} INFO -      ⚠️ Erreur ligne 316: current transaction is aborted, commands ignored until end of transaction block
[2026-01-26T14:41:43.560+0000] {logging_mixin.py:151} INFO -      ⚠️ Erreur ligne 317: current transaction is aborted, commands ignored until end of transaction block
[2026-01-26T14:41:43.561+0000] {logging_mixin.py:151} INFO -      ⚠️ Erreur ligne 318: current transaction is aborted, commands ignored until end of transaction block
[2026-01-26T14:41:43.563+0000] {logging_mixin.py:151} INFO -      ⚠️ Erreur ligne 319: current transaction is aborted, commands ignored until end of transaction block
[2026-01-26T14:41:43.564+0000] {logging_mixin.py:151} INFO -      ⚠️ Erreur ligne 320: current transaction is aborted, commands ignored until end of transaction block
[2026-01-26T14:41:43.565+0000] {logging_mixin.py:151} INFO -      ⚠️ Erreur ligne 321: current transaction is aborted, commands ignored until end of transaction block
[2026-01-26T14:41:43.567+0000] {logging_mixin.py:151} INFO -      ⚠️ Erreur ligne 322: current transaction is aborted, commands ignored until end of transaction block
[2026-01-26T14:41:43.569+0000] {logging_mixin.py:151} INFO -      ⚠️ Erreur ligne 323: current transaction is aborted, commands ignored until end of transaction block
[2026-01-26T14:41:43.570+0000] {logging_mixin.py:151} INFO -      ⚠️ Erreur ligne 324: current transaction is aborted, commands ignored until end of transaction block
[2026-01-26T14:41:43.571+0000] {logging_mixin.py:151} INFO -      ⚠️ Erreur ligne 325: current transaction is aborted, commands ignored until end of transaction block
[2026-01-26T14:41:43.572+0000] {logging_mixin.py:151} INFO -      ⚠️ Erreur ligne 326: current transaction is aborted, commands ignored until end of transaction block
[2026-01-26T14:41:43.573+0000] {logging_mixin.py:151} INFO -      ⚠️ Erreur ligne 327: current transaction is aborted, commands ignored until end of transaction block
[2026-01-26T14:41:43.574+0000] {logging_mixin.py:151} INFO -      ⚠️ Erreur ligne 328: current transaction is aborted, commands ignored until end of transaction block
[2026-01-26T14:41:43.575+0000] {logging_mixin.py:151} INFO -      ⚠️ Erreur ligne 329: current transaction is aborted, commands ignored until end of transaction block
[2026-01-26T14:41:43.576+0000] {logging_mixin.py:151} INFO -      ⚠️ Erreur ligne 330: current transaction is aborted, commands ignored until end of transaction block
[2026-01-26T14:41:43.578+0000] {logging_mixin.py:151} INFO -      ⚠️ Erreur ligne 331: current transaction is aborted, commands ignored until end of transaction block
[2026-01-26T14:41:43.579+0000] {logging_mixin.py:151} INFO -      ⚠️ Erreur ligne 332: current transaction is aborted, commands ignored until end of transaction block
[2026-01-26T14:41:43.580+0000] {logging_mixin.py:151} INFO -      ⚠️ Erreur ligne 333: current transaction is aborted, commands ignored until end of transaction block
[2026-01-26T14:41:43.582+0000] {logging_mixin.py:151} INFO -      ⚠️ Erreur ligne 334: current transaction is aborted, commands ignored until end of transaction block
[2026-01-26T14:41:43.583+0000] {logging_mixin.py:151} INFO -      ⚠️ Erreur ligne 335: current transaction is aborted, commands ignored until end of transaction block
[2026-01-26T14:41:43.584+0000] {logging_mixin.py:151} INFO -      ⚠️ Erreur ligne 336: current transaction is aborted, commands ignored until end of transaction block
[2026-01-26T14:41:43.585+0000] {logging_mixin.py:151} INFO -      ⚠️ Erreur ligne 337: current transaction is aborted, commands ignored until end of transaction block
[2026-01-26T14:41:43.586+0000] {logging_mixin.py:151} INFO -      ⚠️ Erreur ligne 338: current transaction is aborted, commands ignored until end of transaction block
[2026-01-26T14:41:43.587+0000] {logging_mixin.py:151} INFO -      ⚠️ Erreur ligne 339: current transaction is aborted, commands ignored until end of transaction block
[2026-01-26T14:41:43.588+0000] {logging_mixin.py:151} INFO -      ⚠️ Erreur ligne 340: current transaction is aborted, commands ignored until end of transaction block
[2026-01-26T14:41:43.590+0000] {logging_mixin.py:151} INFO -      ⚠️ Erreur ligne 341: current transaction is aborted, commands ignored until end of transaction block
[2026-01-26T14:41:43.592+0000] {logging_mixin.py:151} INFO -      ⚠️ Erreur ligne 342: current transaction is aborted, commands ignored until end of transaction block
[2026-01-26T14:41:43.594+0000] {logging_mixin.py:151} INFO -      ⚠️ Erreur ligne 343: current transaction is aborted, commands ignored until end of transaction block
[2026-01-26T14:41:43.598+0000] {logging_mixin.py:151} INFO -      ⚠️ Erreur ligne 344: current transaction is aborted, commands ignored until end of transaction block
[2026-01-26T14:41:43.600+0000] {logging_mixin.py:151} INFO -      ⚠️ Erreur ligne 345: current transaction is aborted, commands ignored until end of transaction block
[2026-01-26T14:41:43.602+0000] {logging_mixin.py:151} INFO -      ⚠️ Erreur ligne 346: current transaction is aborted, commands ignored until end of transaction block
[2026-01-26T14:41:43.603+0000] {logging_mixin.py:151} INFO -      ⚠️ Erreur ligne 347: current transaction is aborted, commands ignored until end of transaction block
[2026-01-26T14:41:43.604+0000] {logging_mixin.py:151} INFO -      ⚠️ Erreur ligne 348: current transaction is aborted, commands ignored until end of transaction block
[2026-01-26T14:41:43.605+0000] {logging_mixin.py:151} INFO -      ⚠️ Erreur ligne 349: current transaction is aborted, commands ignored until end of transaction block
[2026-01-26T14:41:43.607+0000] {logging_mixin.py:151} INFO -      ⚠️ Erreur ligne 350: current transaction is aborted, commands ignored until end of transaction block
[2026-01-26T14:41:43.608+0000] {logging_mixin.py:151} INFO -      ⚠️ Erreur ligne 351: current transaction is aborted, commands ignored until end of transaction block
[2026-01-26T14:41:43.610+0000] {logging_mixin.py:151} INFO -      ⚠️ Erreur ligne 352: current transaction is aborted, commands ignored until end of transaction block
[2026-01-26T14:41:43.611+0000] {logging_mixin.py:151} INFO -      ⚠️ Erreur ligne 353: current transaction is aborted, commands ignored until end of transaction block
[2026-01-26T14:41:43.612+0000] {logging_mixin.py:151} INFO -      ⚠️ Erreur ligne 354: current transaction is aborted, commands ignored until end of transaction block
[2026-01-26T14:41:43.613+0000] {logging_mixin.py:151} INFO -      ⚠️ Erreur ligne 355: current transaction is aborted, commands ignored until end of transaction block
[2026-01-26T14:41:43.614+0000] {logging_mixin.py:151} INFO -      ⚠️ Erreur ligne 356: current transaction is aborted, commands ignored until end of transaction block
[2026-01-26T14:41:43.616+0000] {logging_mixin.py:151} INFO -      ⚠️ Erreur ligne 357: current transaction is aborted, commands ignored until end of transaction block
[2026-01-26T14:41:43.617+0000] {logging_mixin.py:151} INFO -      ⚠️ Erreur ligne 358: current transaction is aborted, commands ignored until end of transaction block
[2026-01-26T14:41:43.619+0000] {logging_mixin.py:151} INFO -      ⚠️ Erreur ligne 359: current transaction is aborted, commands ignored until end of transaction block
[2026-01-26T14:41:43.620+0000] {logging_mixin.py:151} INFO -      ⚠️ Erreur ligne 360: current transaction is aborted, commands ignored until end of transaction block
[2026-01-26T14:41:43.622+0000] {logging_mixin.py:151} INFO -      ⚠️ Erreur ligne 361: current transaction is aborted, commands ignored until end of transaction block
[2026-01-26T14:41:43.623+0000] {logging_mixin.py:151} INFO -      ⚠️ Erreur ligne 362: current transaction is aborted, commands ignored until end of transaction block
[2026-01-26T14:41:43.625+0000] {logging_mixin.py:151} INFO -      ⚠️ Erreur ligne 363: current transaction is aborted, commands ignored until end of transaction block
[2026-01-26T14:41:43.626+0000] {logging_mixin.py:151} INFO -      ⚠️ Erreur ligne 364: current transaction is aborted, commands ignored until end of transaction block
[2026-01-26T14:41:43.627+0000] {logging_mixin.py:151} INFO -      ⚠️ Erreur ligne 365: current transaction is aborted, commands ignored until end of transaction block
[2026-01-26T14:41:43.628+0000] {logging_mixin.py:151} INFO -      ⚠️ Erreur ligne 366: current transaction is aborted, commands ignored until end of transaction block
[2026-01-26T14:41:43.630+0000] {logging_mixin.py:151} INFO -      ⚠️ Erreur ligne 367: current transaction is aborted, commands ignored until end of transaction block
[2026-01-26T14:41:43.632+0000] {logging_mixin.py:151} INFO -      ⚠️ Erreur ligne 368: current transaction is aborted, commands ignored until end of transaction block
[2026-01-26T14:41:43.633+0000] {logging_mixin.py:151} INFO -      ⚠️ Erreur ligne 369: current transaction is aborted, commands ignored until end of transaction block
[2026-01-26T14:41:43.634+0000] {logging_mixin.py:151} INFO -      ⚠️ Erreur ligne 370: current transaction is aborted, commands ignored until end of transaction block
[2026-01-26T14:41:43.635+0000] {logging_mixin.py:151} INFO -      ⚠️ Erreur ligne 371: current transaction is aborted, commands ignored until end of transaction block
[2026-01-26T14:41:43.636+0000] {logging_mixin.py:151} INFO -      ⚠️ Erreur ligne 372: current transaction is aborted, commands ignored until end of transaction block
[2026-01-26T14:41:43.638+0000] {logging_mixin.py:151} INFO -      ⚠️ Erreur ligne 373: current transaction is aborted, commands ignored until end of transaction block
[2026-01-26T14:41:43.639+0000] {logging_mixin.py:151} INFO -      ⚠️ Erreur ligne 374: current transaction is aborted, commands ignored until end of transaction block
[2026-01-26T14:41:43.640+0000] {logging_mixin.py:151} INFO -      ⚠️ Erreur ligne 375: current transaction is aborted, commands ignored until end of transaction block
[2026-01-26T14:41:43.641+0000] {logging_mixin.py:151} INFO -      ⚠️ Erreur ligne 376: current transaction is aborted, commands ignored until end of transaction block
[2026-01-26T14:41:43.642+0000] {logging_mixin.py:151} INFO -      ⚠️ Erreur ligne 377: current transaction is aborted, commands ignored until end of transaction block
[2026-01-26T14:41:43.643+0000] {logging_mixin.py:151} INFO -      ⚠️ Erreur ligne 378: current transaction is aborted, commands ignored until end of transaction block
[2026-01-26T14:41:43.645+0000] {logging_mixin.py:151} INFO -      ⚠️ Erreur ligne 379: current transaction is aborted, commands ignored until end of transaction block
[2026-01-26T14:41:43.646+0000] {logging_mixin.py:151} INFO -      ⚠️ Erreur ligne 380: current transaction is aborted, commands ignored until end of transaction block
[2026-01-26T14:41:43.647+0000] {logging_mixin.py:151} INFO -      ⚠️ Erreur ligne 381: current transaction is aborted, commands ignored until end of transaction block
[2026-01-26T14:41:43.648+0000] {logging_mixin.py:151} INFO -      ⚠️ Erreur ligne 382: current transaction is aborted, commands ignored until end of transaction block
[2026-01-26T14:41:43.649+0000] {logging_mixin.py:151} INFO -      ⚠️ Erreur ligne 383: current transaction is aborted, commands ignored until end of transaction block
[2026-01-26T14:41:43.650+0000] {logging_mixin.py:151} INFO -      ⚠️ Erreur ligne 384: current transaction is aborted, commands ignored until end of transaction block
[2026-01-26T14:41:43.651+0000] {logging_mixin.py:151} INFO -      ⚠️ Erreur ligne 385: current transaction is aborted, commands ignored until end of transaction block
[2026-01-26T14:41:43.652+0000] {logging_mixin.py:151} INFO -      ⚠️ Erreur ligne 386: current transaction is aborted, commands ignored until end of transaction block
[2026-01-26T14:41:43.654+0000] {logging_mixin.py:151} INFO -      ⚠️ Erreur ligne 387: current transaction is aborted, commands ignored until end of transaction block
[2026-01-26T14:41:43.655+0000] {logging_mixin.py:151} INFO -      ⚠️ Erreur ligne 388: current transaction is aborted, commands ignored until end of transaction block
[2026-01-26T14:41:43.656+0000] {logging_mixin.py:151} INFO -      ⚠️ Erreur ligne 389: current transaction is aborted, commands ignored until end of transaction block
[2026-01-26T14:41:43.657+0000] {logging_mixin.py:151} INFO -      ⚠️ Erreur ligne 390: current transaction is aborted, commands ignored until end of transaction block
[2026-01-26T14:41:43.658+0000] {logging_mixin.py:151} INFO -      ⚠️ Erreur ligne 391: current transaction is aborted, commands ignored until end of transaction block
[2026-01-26T14:41:43.660+0000] {logging_mixin.py:151} INFO -      ⚠️ Erreur ligne 392: current transaction is aborted, commands ignored until end of transaction block
[2026-01-26T14:41:43.660+0000] {logging_mixin.py:151} INFO -      ⚠️ Erreur ligne 393: current transaction is aborted, commands ignored until end of transaction block
[2026-01-26T14:41:43.661+0000] {logging_mixin.py:151} INFO -      ⚠️ Erreur ligne 394: current transaction is aborted, commands ignored until end of transaction block
[2026-01-26T14:41:43.663+0000] {logging_mixin.py:151} INFO -      ⚠️ Erreur ligne 395: current transaction is aborted, commands ignored until end of transaction block
[2026-01-26T14:41:43.664+0000] {logging_mixin.py:151} INFO -      ⚠️ Erreur ligne 396: current transaction is aborted, commands ignored until end of transaction block
[2026-01-26T14:41:43.666+0000] {logging_mixin.py:151} INFO -      ⚠️ Erreur ligne 397: current transaction is aborted, commands ignored until end of transaction block
[2026-01-26T14:41:43.667+0000] {logging_mixin.py:151} INFO -      ⚠️ Erreur ligne 398: current transaction is aborted, commands ignored until end of transaction block
[2026-01-26T14:41:43.668+0000] {logging_mixin.py:151} INFO -      ⚠️ Erreur ligne 399: current transaction is aborted, commands ignored until end of transaction block
[2026-01-26T14:41:43.669+0000] {logging_mixin.py:151} INFO -      ⚠️ Erreur ligne 400: current transaction is aborted, commands ignored until end of transaction block
[2026-01-26T14:41:43.670+0000] {logging_mixin.py:151} INFO -      ⚠️ Erreur ligne 401: current transaction is aborted, commands ignored until end of transaction block
[2026-01-26T14:41:43.671+0000] {logging_mixin.py:151} INFO -      ⚠️ Erreur ligne 402: current transaction is aborted, commands ignored until end of transaction block
[2026-01-26T14:41:43.673+0000] {logging_mixin.py:151} INFO -      ⚠️ Erreur ligne 403: current transaction is aborted, commands ignored until end of transaction block
[2026-01-26T14:41:43.674+0000] {logging_mixin.py:151} INFO -      ⚠️ Erreur ligne 404: current transaction is aborted, commands ignored until end of transaction block
[2026-01-26T14:41:43.675+0000] {logging_mixin.py:151} INFO -      ⚠️ Erreur ligne 405: current transaction is aborted, commands ignored until end of transaction block
[2026-01-26T14:41:43.676+0000] {logging_mixin.py:151} INFO -      ⚠️ Erreur ligne 406: current transaction is aborted, commands ignored until end of transaction block
[2026-01-26T14:41:43.678+0000] {logging_mixin.py:151} INFO -      ⚠️ Erreur ligne 407: current transaction is aborted, commands ignored until end of transaction block
[2026-01-26T14:41:43.680+0000] {logging_mixin.py:151} INFO -      ⚠️ Erreur ligne 408: current transaction is aborted, commands ignored until end of transaction block
[2026-01-26T14:41:43.681+0000] {logging_mixin.py:151} INFO -      ⚠️ Erreur ligne 409: current transaction is aborted, commands ignored until end of transaction block
[2026-01-26T14:41:43.682+0000] {logging_mixin.py:151} INFO -      ⚠️ Erreur ligne 410: current transaction is aborted, commands ignored until end of transaction block
[2026-01-26T14:41:43.683+0000] {logging_mixin.py:151} INFO -      ⚠️ Erreur ligne 411: current transaction is aborted, commands ignored until end of transaction block
[2026-01-26T14:41:43.685+0000] {logging_mixin.py:151} INFO -      ⚠️ Erreur ligne 412: current transaction is aborted, commands ignored until end of transaction block
[2026-01-26T14:41:43.686+0000] {logging_mixin.py:151} INFO -      ⚠️ Erreur ligne 413: current transaction is aborted, commands ignored until end of transaction block
[2026-01-26T14:41:43.687+0000] {logging_mixin.py:151} INFO -      ⚠️ Erreur ligne 414: current transaction is aborted, commands ignored until end of transaction block
[2026-01-26T14:41:43.689+0000] {logging_mixin.py:151} INFO -      ⚠️ Erreur ligne 415: current transaction is aborted, commands ignored until end of transaction block
[2026-01-26T14:41:43.690+0000] {logging_mixin.py:151} INFO -      ⚠️ Erreur ligne 416: current transaction is aborted, commands ignored until end of transaction block
[2026-01-26T14:41:43.692+0000] {logging_mixin.py:151} INFO -      ⚠️ Erreur ligne 417: current transaction is aborted, commands ignored until end of transaction block
[2026-01-26T14:41:43.693+0000] {logging_mixin.py:151} INFO -      ⚠️ Erreur ligne 418: current transaction is aborted, commands ignored until end of transaction block
[2026-01-26T14:41:43.695+0000] {logging_mixin.py:151} INFO -      ⚠️ Erreur ligne 419: current transaction is aborted, commands ignored until end of transaction block
[2026-01-26T14:41:43.696+0000] {logging_mixin.py:151} INFO -      ⚠️ Erreur ligne 420: current transaction is aborted, commands ignored until end of transaction block
[2026-01-26T14:41:43.697+0000] {logging_mixin.py:151} INFO -      ⚠️ Erreur ligne 421: current transaction is aborted, commands ignored until end of transaction block
[2026-01-26T14:41:43.699+0000] {logging_mixin.py:151} INFO -      ⚠️ Erreur ligne 422: current transaction is aborted, commands ignored until end of transaction block
[2026-01-26T14:41:43.700+0000] {logging_mixin.py:151} INFO -      ⚠️ Erreur ligne 423: current transaction is aborted, commands ignored until end of transaction block
[2026-01-26T14:41:43.702+0000] {logging_mixin.py:151} INFO -      ⚠️ Erreur ligne 424: current transaction is aborted, commands ignored until end of transaction block
[2026-01-26T14:41:43.703+0000] {logging_mixin.py:151} INFO -      ⚠️ Erreur ligne 425: current transaction is aborted, commands ignored until end of transaction block
[2026-01-26T14:41:43.705+0000] {logging_mixin.py:151} INFO -      ⚠️ Erreur ligne 426: current transaction is aborted, commands ignored until end of transaction block
[2026-01-26T14:41:43.707+0000] {logging_mixin.py:151} INFO -      ⚠️ Erreur ligne 427: current transaction is aborted, commands ignored until end of transaction block
[2026-01-26T14:41:43.708+0000] {logging_mixin.py:151} INFO -      ⚠️ Erreur ligne 428: current transaction is aborted, commands ignored until end of transaction block
[2026-01-26T14:41:43.709+0000] {logging_mixin.py:151} INFO -      ⚠️ Erreur ligne 429: current transaction is aborted, commands ignored until end of transaction block
[2026-01-26T14:41:43.710+0000] {logging_mixin.py:151} INFO -      ⚠️ Erreur ligne 430: current transaction is aborted, commands ignored until end of transaction block
[2026-01-26T14:41:43.712+0000] {logging_mixin.py:151} INFO -      ⚠️ Erreur ligne 431: current transaction is aborted, commands ignored until end of transaction block
[2026-01-26T14:41:43.713+0000] {logging_mixin.py:151} INFO -      ⚠️ Erreur ligne 432: current transaction is aborted, commands ignored until end of transaction block
[2026-01-26T14:41:43.714+0000] {logging_mixin.py:151} INFO -      ⚠️ Erreur ligne 433: current transaction is aborted, commands ignored until end of transaction block
[2026-01-26T14:41:43.716+0000] {logging_mixin.py:151} INFO -      ⚠️ Erreur ligne 434: current transaction is aborted, commands ignored until end of transaction block
[2026-01-26T14:41:43.717+0000] {logging_mixin.py:151} INFO -      ⚠️ Erreur ligne 435: current transaction is aborted, commands ignored until end of transaction block
[2026-01-26T14:41:43.719+0000] {logging_mixin.py:151} INFO -      ⚠️ Erreur ligne 436: current transaction is aborted, commands ignored until end of transaction block
[2026-01-26T14:41:43.721+0000] {logging_mixin.py:151} INFO -      ⚠️ Erreur ligne 437: current transaction is aborted, commands ignored until end of transaction block
[2026-01-26T14:41:43.722+0000] {logging_mixin.py:151} INFO -      ⚠️ Erreur ligne 438: current transaction is aborted, commands ignored until end of transaction block
[2026-01-26T14:41:43.723+0000] {logging_mixin.py:151} INFO -      ⚠️ Erreur ligne 439: current transaction is aborted, commands ignored until end of transaction block
[2026-01-26T14:41:43.725+0000] {logging_mixin.py:151} INFO -      ⚠️ Erreur ligne 440: current transaction is aborted, commands ignored until end of transaction block
[2026-01-26T14:41:43.726+0000] {logging_mixin.py:151} INFO -      ⚠️ Erreur ligne 441: current transaction is aborted, commands ignored until end of transaction block
[2026-01-26T14:41:43.727+0000] {logging_mixin.py:151} INFO -      ⚠️ Erreur ligne 442: current transaction is aborted, commands ignored until end of transaction block
[2026-01-26T14:41:43.728+0000] {logging_mixin.py:151} INFO -      ⚠️ Erreur ligne 443: current transaction is aborted, commands ignored until end of transaction block
[2026-01-26T14:41:43.730+0000] {logging_mixin.py:151} INFO -      ⚠️ Erreur ligne 444: current transaction is aborted, commands ignored until end of transaction block
[2026-01-26T14:41:43.732+0000] {logging_mixin.py:151} INFO -      ⚠️ Erreur ligne 445: current transaction is aborted, commands ignored until end of transaction block
[2026-01-26T14:41:43.733+0000] {logging_mixin.py:151} INFO -      ⚠️ Erreur ligne 446: current transaction is aborted, commands ignored until end of transaction block
[2026-01-26T14:41:43.735+0000] {logging_mixin.py:151} INFO -      ⚠️ Erreur ligne 447: current transaction is aborted, commands ignored until end of transaction block
[2026-01-26T14:41:43.736+0000] {logging_mixin.py:151} INFO -      ⚠️ Erreur ligne 448: current transaction is aborted, commands ignored until end of transaction block
[2026-01-26T14:41:43.738+0000] {logging_mixin.py:151} INFO -      ⚠️ Erreur ligne 449: current transaction is aborted, commands ignored until end of transaction block
[2026-01-26T14:41:43.740+0000] {logging_mixin.py:151} INFO -      ⚠️ Erreur ligne 450: current transaction is aborted, commands ignored until end of transaction block
[2026-01-26T14:41:43.742+0000] {logging_mixin.py:151} INFO -      ⚠️ Erreur ligne 451: current transaction is aborted, commands ignored until end of transaction block
[2026-01-26T14:41:43.744+0000] {logging_mixin.py:151} INFO -      ⚠️ Erreur ligne 452: current transaction is aborted, commands ignored until end of transaction block
[2026-01-26T14:41:43.745+0000] {logging_mixin.py:151} INFO -      ⚠️ Erreur ligne 453: current transaction is aborted, commands ignored until end of transaction block
[2026-01-26T14:41:43.747+0000] {logging_mixin.py:151} INFO -      ⚠️ Erreur ligne 454: current transaction is aborted, commands ignored until end of transaction block
[2026-01-26T14:41:43.749+0000] {logging_mixin.py:151} INFO -      ⚠️ Erreur ligne 455: current transaction is aborted, commands ignored until end of transaction block
[2026-01-26T14:41:43.751+0000] {logging_mixin.py:151} INFO -      ⚠️ Erreur ligne 456: current transaction is aborted, commands ignored until end of transaction block
[2026-01-26T14:41:43.753+0000] {logging_mixin.py:151} INFO -      ⚠️ Erreur ligne 457: current transaction is aborted, commands ignored until end of transaction block
[2026-01-26T14:41:43.755+0000] {logging_mixin.py:151} INFO -      ⚠️ Erreur ligne 458: current transaction is aborted, commands ignored until end of transaction block
[2026-01-26T14:41:43.756+0000] {logging_mixin.py:151} INFO -      ⚠️ Erreur ligne 459: current transaction is aborted, commands ignored until end of transaction block
[2026-01-26T14:41:43.758+0000] {logging_mixin.py:151} INFO -      ⚠️ Erreur ligne 460: current transaction is aborted, commands ignored until end of transaction block
[2026-01-26T14:41:43.759+0000] {logging_mixin.py:151} INFO -      ⚠️ Erreur ligne 461: current transaction is aborted, commands ignored until end of transaction block
[2026-01-26T14:41:43.761+0000] {logging_mixin.py:151} INFO -      ⚠️ Erreur ligne 462: current transaction is aborted, commands ignored until end of transaction block
[2026-01-26T14:41:43.762+0000] {logging_mixin.py:151} INFO -      ⚠️ Erreur ligne 463: current transaction is aborted, commands ignored until end of transaction block
[2026-01-26T14:41:43.763+0000] {logging_mixin.py:151} INFO -      ⚠️ Erreur ligne 464: current transaction is aborted, commands ignored until end of transaction block
[2026-01-26T14:41:43.764+0000] {logging_mixin.py:151} INFO -      ⚠️ Erreur ligne 465: current transaction is aborted, commands ignored until end of transaction block
[2026-01-26T14:41:43.766+0000] {logging_mixin.py:151} INFO -      ⚠️ Erreur ligne 466: current transaction is aborted, commands ignored until end of transaction block
[2026-01-26T14:41:43.768+0000] {logging_mixin.py:151} INFO -      ⚠️ Erreur ligne 467: current transaction is aborted, commands ignored until end of transaction block
[2026-01-26T14:41:43.771+0000] {logging_mixin.py:151} INFO -      ⚠️ Erreur ligne 468: current transaction is aborted, commands ignored until end of transaction block
[2026-01-26T14:41:43.772+0000] {logging_mixin.py:151} INFO -      ⚠️ Erreur ligne 469: current transaction is aborted, commands ignored until end of transaction block
[2026-01-26T14:41:43.774+0000] {logging_mixin.py:151} INFO -      ⚠️ Erreur ligne 470: current transaction is aborted, commands ignored until end of transaction block
[2026-01-26T14:41:43.776+0000] {logging_mixin.py:151} INFO -      ⚠️ Erreur ligne 471: current transaction is aborted, commands ignored until end of transaction block
[2026-01-26T14:41:43.777+0000] {logging_mixin.py:151} INFO -      ⚠️ Erreur ligne 472: current transaction is aborted, commands ignored until end of transaction block
[2026-01-26T14:41:43.779+0000] {logging_mixin.py:151} INFO -      ⚠️ Erreur ligne 473: current transaction is aborted, commands ignored until end of transaction block
[2026-01-26T14:41:43.781+0000] {logging_mixin.py:151} INFO -      ⚠️ Erreur ligne 474: current transaction is aborted, commands ignored until end of transaction block
[2026-01-26T14:41:43.782+0000] {logging_mixin.py:151} INFO -      ⚠️ Erreur ligne 475: current transaction is aborted, commands ignored until end of transaction block
[2026-01-26T14:41:43.784+0000] {logging_mixin.py:151} INFO -      ⚠️ Erreur ligne 476: current transaction is aborted, commands ignored until end of transaction block
[2026-01-26T14:41:43.785+0000] {logging_mixin.py:151} INFO -      ⚠️ Erreur ligne 477: current transaction is aborted, commands ignored until end of transaction block
[2026-01-26T14:41:43.787+0000] {logging_mixin.py:151} INFO -      ⚠️ Erreur ligne 478: current transaction is aborted, commands ignored until end of transaction block
[2026-01-26T14:41:43.790+0000] {logging_mixin.py:151} INFO -      ⚠️ Erreur ligne 479: current transaction is aborted, commands ignored until end of transaction block
[2026-01-26T14:41:43.794+0000] {logging_mixin.py:151} INFO -      ⚠️ Erreur ligne 480: current transaction is aborted, commands ignored until end of transaction block
[2026-01-26T14:41:43.796+0000] {logging_mixin.py:151} INFO -      ⚠️ Erreur ligne 481: current transaction is aborted, commands ignored until end of transaction block
[2026-01-26T14:41:43.798+0000] {logging_mixin.py:151} INFO -      ⚠️ Erreur ligne 482: current transaction is aborted, commands ignored until end of transaction block
[2026-01-26T14:41:43.799+0000] {logging_mixin.py:151} INFO -      ⚠️ Erreur ligne 483: current transaction is aborted, commands ignored until end of transaction block
[2026-01-26T14:41:43.801+0000] {logging_mixin.py:151} INFO -      ⚠️ Erreur ligne 484: current transaction is aborted, commands ignored until end of transaction block
[2026-01-26T14:41:43.803+0000] {logging_mixin.py:151} INFO -      ⚠️ Erreur ligne 485: current transaction is aborted, commands ignored until end of transaction block
[2026-01-26T14:41:43.804+0000] {logging_mixin.py:151} INFO -      ⚠️ Erreur ligne 486: current transaction is aborted, commands ignored until end of transaction block
[2026-01-26T14:41:43.807+0000] {logging_mixin.py:151} INFO -      ⚠️ Erreur ligne 487: current transaction is aborted, commands ignored until end of transaction block
[2026-01-26T14:41:43.809+0000] {logging_mixin.py:151} INFO -      ⚠️ Erreur ligne 488: current transaction is aborted, commands ignored until end of transaction block
[2026-01-26T14:41:43.811+0000] {logging_mixin.py:151} INFO -      ⚠️ Erreur ligne 489: current transaction is aborted, commands ignored until end of transaction block
[2026-01-26T14:41:43.812+0000] {logging_mixin.py:151} INFO -      ⚠️ Erreur ligne 490: current transaction is aborted, commands ignored until end of transaction block
[2026-01-26T14:41:43.814+0000] {logging_mixin.py:151} INFO -      ⚠️ Erreur ligne 491: current transaction is aborted, commands ignored until end of transaction block
[2026-01-26T14:41:43.816+0000] {logging_mixin.py:151} INFO -      ⚠️ Erreur ligne 492: current transaction is aborted, commands ignored until end of transaction block
[2026-01-26T14:41:43.817+0000] {logging_mixin.py:151} INFO -      ⚠️ Erreur ligne 493: current transaction is aborted, commands ignored until end of transaction block
[2026-01-26T14:41:43.819+0000] {logging_mixin.py:151} INFO -      ⚠️ Erreur ligne 494: current transaction is aborted, commands ignored until end of transaction block
[2026-01-26T14:41:43.821+0000] {logging_mixin.py:151} INFO -      ⚠️ Erreur ligne 495: current transaction is aborted, commands ignored until end of transaction block
[2026-01-26T14:41:43.825+0000] {logging_mixin.py:151} INFO -      ⚠️ Erreur ligne 496: current transaction is aborted, commands ignored until end of transaction block
[2026-01-26T14:41:43.827+0000] {logging_mixin.py:151} INFO -      ⚠️ Erreur ligne 497: current transaction is aborted, commands ignored until end of transaction block
[2026-01-26T14:41:43.829+0000] {logging_mixin.py:151} INFO -      ⚠️ Erreur ligne 498: current transaction is aborted, commands ignored until end of transaction block
[2026-01-26T14:41:43.830+0000] {logging_mixin.py:151} INFO -      ⚠️ Erreur ligne 499: current transaction is aborted, commands ignored until end of transaction block
[2026-01-26T14:41:43.832+0000] {logging_mixin.py:151} INFO -      ⚠️ Erreur ligne 500: current transaction is aborted, commands ignored until end of transaction block
[2026-01-26T14:41:43.834+0000] {logging_mixin.py:151} INFO -      ⚠️ Erreur ligne 501: current transaction is aborted, commands ignored until end of transaction block
[2026-01-26T14:41:43.835+0000] {logging_mixin.py:151} INFO -      ⚠️ Erreur ligne 502: current transaction is aborted, commands ignored until end of transaction block
[2026-01-26T14:41:43.837+0000] {logging_mixin.py:151} INFO -      ⚠️ Erreur ligne 503: current transaction is aborted, commands ignored until end of transaction block
[2026-01-26T14:41:43.839+0000] {logging_mixin.py:151} INFO -      ⚠️ Erreur ligne 504: current transaction is aborted, commands ignored until end of transaction block
[2026-01-26T14:41:43.841+0000] {logging_mixin.py:151} INFO -      ⚠️ Erreur ligne 505: current transaction is aborted, commands ignored until end of transaction block
[2026-01-26T14:41:43.843+0000] {logging_mixin.py:151} INFO -      ⚠️ Erreur ligne 506: current transaction is aborted, commands ignored until end of transaction block
[2026-01-26T14:41:43.844+0000] {logging_mixin.py:151} INFO -      ⚠️ Erreur ligne 507: current transaction is aborted, commands ignored until end of transaction block
[2026-01-26T14:41:43.846+0000] {logging_mixin.py:151} INFO -      ⚠️ Erreur ligne 508: current transaction is aborted, commands ignored until end of transaction block
[2026-01-26T14:41:43.849+0000] {logging_mixin.py:151} INFO -      ⚠️ Erreur ligne 509: current transaction is aborted, commands ignored until end of transaction block
[2026-01-26T14:41:43.852+0000] {logging_mixin.py:151} INFO -      ⚠️ Erreur ligne 510: current transaction is aborted, commands ignored until end of transaction block
[2026-01-26T14:41:43.855+0000] {logging_mixin.py:151} INFO -      ⚠️ Erreur ligne 511: current transaction is aborted, commands ignored until end of transaction block
[2026-01-26T14:41:43.857+0000] {logging_mixin.py:151} INFO -      ⚠️ Erreur ligne 512: current transaction is aborted, commands ignored until end of transaction block
[2026-01-26T14:41:43.859+0000] {logging_mixin.py:151} INFO -      ⚠️ Erreur ligne 513: current transaction is aborted, commands ignored until end of transaction block
[2026-01-26T14:41:43.861+0000] {logging_mixin.py:151} INFO -      ⚠️ Erreur ligne 514: current transaction is aborted, commands ignored until end of transaction block
[2026-01-26T14:41:43.862+0000] {logging_mixin.py:151} INFO -      ⚠️ Erreur ligne 515: current transaction is aborted, commands ignored until end of transaction block
[2026-01-26T14:41:43.864+0000] {logging_mixin.py:151} INFO -      ⚠️ Erreur ligne 516: current transaction is aborted, commands ignored until end of transaction block
[2026-01-26T14:41:43.866+0000] {logging_mixin.py:151} INFO -      ⚠️ Erreur ligne 517: current transaction is aborted, commands ignored until end of transaction block
[2026-01-26T14:41:43.867+0000] {logging_mixin.py:151} INFO -      ⚠️ Erreur ligne 518: current transaction is aborted, commands ignored until end of transaction block
[2026-01-26T14:41:43.869+0000] {logging_mixin.py:151} INFO -      ⚠️ Erreur ligne 519: current transaction is aborted, commands ignored until end of transaction block
[2026-01-26T14:41:43.871+0000] {logging_mixin.py:151} INFO -      ⚠️ Erreur ligne 520: current transaction is aborted, commands ignored until end of transaction block
[2026-01-26T14:41:43.872+0000] {logging_mixin.py:151} INFO -      ⚠️ Erreur ligne 521: current transaction is aborted, commands ignored until end of transaction block
[2026-01-26T14:41:43.874+0000] {logging_mixin.py:151} INFO -      ⚠️ Erreur ligne 522: current transaction is aborted, commands ignored until end of transaction block
[2026-01-26T14:41:43.876+0000] {logging_mixin.py:151} INFO -      ⚠️ Erreur ligne 523: current transaction is aborted, commands ignored until end of transaction block
[2026-01-26T14:41:43.878+0000] {logging_mixin.py:151} INFO -      ⚠️ Erreur ligne 524: current transaction is aborted, commands ignored until end of transaction block
[2026-01-26T14:41:43.880+0000] {logging_mixin.py:151} INFO -      ⚠️ Erreur ligne 525: current transaction is aborted, commands ignored until end of transaction block
[2026-01-26T14:41:43.882+0000] {logging_mixin.py:151} INFO -      ⚠️ Erreur ligne 526: current transaction is aborted, commands ignored until end of transaction block
[2026-01-26T14:41:43.884+0000] {logging_mixin.py:151} INFO -      ⚠️ Erreur ligne 527: current transaction is aborted, commands ignored until end of transaction block
[2026-01-26T14:41:43.886+0000] {logging_mixin.py:151} INFO -      ⚠️ Erreur ligne 528: current transaction is aborted, commands ignored until end of transaction block
[2026-01-26T14:41:43.888+0000] {logging_mixin.py:151} INFO -      ⚠️ Erreur ligne 529: current transaction is aborted, commands ignored until end of transaction block
[2026-01-26T14:41:43.889+0000] {logging_mixin.py:151} INFO -      ⚠️ Erreur ligne 530: current transaction is aborted, commands ignored until end of transaction block
[2026-01-26T14:41:43.891+0000] {logging_mixin.py:151} INFO -      ⚠️ Erreur ligne 531: current transaction is aborted, commands ignored until end of transaction block
[2026-01-26T14:41:43.894+0000] {logging_mixin.py:151} INFO -      ⚠️ Erreur ligne 532: current transaction is aborted, commands ignored until end of transaction block
[2026-01-26T14:41:43.895+0000] {logging_mixin.py:151} INFO -      ⚠️ Erreur ligne 533: current transaction is aborted, commands ignored until end of transaction block
[2026-01-26T14:41:43.897+0000] {logging_mixin.py:151} INFO -      ⚠️ Erreur ligne 534: current transaction is aborted, commands ignored until end of transaction block
[2026-01-26T14:41:43.898+0000] {logging_mixin.py:151} INFO -      ⚠️ Erreur ligne 535: current transaction is aborted, commands ignored until end of transaction block
[2026-01-26T14:41:43.901+0000] {logging_mixin.py:151} INFO -      ⚠️ Erreur ligne 536: current transaction is aborted, commands ignored until end of transaction block
[2026-01-26T14:41:43.903+0000] {logging_mixin.py:151} INFO -      ⚠️ Erreur ligne 537: current transaction is aborted, commands ignored until end of transaction block
[2026-01-26T14:41:43.905+0000] {logging_mixin.py:151} INFO -      ⚠️ Erreur ligne 538: current transaction is aborted, commands ignored until end of transaction block
[2026-01-26T14:41:43.907+0000] {logging_mixin.py:151} INFO -      ⚠️ Erreur ligne 539: current transaction is aborted, commands ignored until end of transaction block
[2026-01-26T14:41:43.908+0000] {logging_mixin.py:151} INFO -      ⚠️ Erreur ligne 540: current transaction is aborted, commands ignored until end of transaction block
[2026-01-26T14:41:43.910+0000] {logging_mixin.py:151} INFO -      ⚠️ Erreur ligne 541: current transaction is aborted, commands ignored until end of transaction block
[2026-01-26T14:41:43.911+0000] {logging_mixin.py:151} INFO -      ⚠️ Erreur ligne 542: current transaction is aborted, commands ignored until end of transaction block
[2026-01-26T14:41:43.913+0000] {logging_mixin.py:151} INFO -      ⚠️ Erreur ligne 543: current transaction is aborted, commands ignored until end of transaction block
[2026-01-26T14:41:43.914+0000] {logging_mixin.py:151} INFO -      ⚠️ Erreur ligne 544: current transaction is aborted, commands ignored until end of transaction block
[2026-01-26T14:41:43.916+0000] {logging_mixin.py:151} INFO -      ⚠️ Erreur ligne 545: current transaction is aborted, commands ignored until end of transaction block
[2026-01-26T14:41:43.918+0000] {logging_mixin.py:151} INFO -      ⚠️ Erreur ligne 546: current transaction is aborted, commands ignored until end of transaction block
[2026-01-26T14:41:43.920+0000] {logging_mixin.py:151} INFO -      ⚠️ Erreur ligne 547: current transaction is aborted, commands ignored until end of transaction block
[2026-01-26T14:41:43.922+0000] {logging_mixin.py:151} INFO -      ⚠️ Erreur ligne 548: current transaction is aborted, commands ignored until end of transaction block
[2026-01-26T14:41:43.923+0000] {logging_mixin.py:151} INFO -      ⚠️ Erreur ligne 549: current transaction is aborted, commands ignored until end of transaction block
[2026-01-26T14:41:43.925+0000] {logging_mixin.py:151} INFO -      ⚠️ Erreur ligne 550: current transaction is aborted, commands ignored until end of transaction block
[2026-01-26T14:41:43.927+0000] {logging_mixin.py:151} INFO -      ⚠️ Erreur ligne 551: current transaction is aborted, commands ignored until end of transaction block
[2026-01-26T14:41:43.929+0000] {logging_mixin.py:151} INFO -      ⚠️ Erreur ligne 552: current transaction is aborted, commands ignored until end of transaction block
[2026-01-26T14:41:43.930+0000] {logging_mixin.py:151} INFO -      ⚠️ Erreur ligne 553: current transaction is aborted, commands ignored until end of transaction block
[2026-01-26T14:41:43.932+0000] {logging_mixin.py:151} INFO -      ⚠️ Erreur ligne 554: current transaction is aborted, commands ignored until end of transaction block
[2026-01-26T14:41:43.934+0000] {logging_mixin.py:151} INFO -      ⚠️ Erreur ligne 555: current transaction is aborted, commands ignored until end of transaction block
[2026-01-26T14:41:43.936+0000] {logging_mixin.py:151} INFO -      ⚠️ Erreur ligne 556: current transaction is aborted, commands ignored until end of transaction block
[2026-01-26T14:41:43.937+0000] {logging_mixin.py:151} INFO -      ⚠️ Erreur ligne 557: current transaction is aborted, commands ignored until end of transaction block
[2026-01-26T14:41:43.939+0000] {logging_mixin.py:151} INFO -      ⚠️ Erreur ligne 558: current transaction is aborted, commands ignored until end of transaction block
[2026-01-26T14:41:43.940+0000] {logging_mixin.py:151} INFO -      ⚠️ Erreur ligne 559: current transaction is aborted, commands ignored until end of transaction block
[2026-01-26T14:41:43.942+0000] {logging_mixin.py:151} INFO -      ⚠️ Erreur ligne 560: current transaction is aborted, commands ignored until end of transaction block
[2026-01-26T14:41:43.944+0000] {logging_mixin.py:151} INFO -      ⚠️ Erreur ligne 561: current transaction is aborted, commands ignored until end of transaction block
[2026-01-26T14:41:43.945+0000] {logging_mixin.py:151} INFO -      ⚠️ Erreur ligne 562: current transaction is aborted, commands ignored until end of transaction block
[2026-01-26T14:41:43.947+0000] {logging_mixin.py:151} INFO -      ⚠️ Erreur ligne 563: current transaction is aborted, commands ignored until end of transaction block
[2026-01-26T14:41:43.949+0000] {logging_mixin.py:151} INFO -      ⚠️ Erreur ligne 564: current transaction is aborted, commands ignored until end of transaction block
[2026-01-26T14:41:43.952+0000] {logging_mixin.py:151} INFO -      ⚠️ Erreur ligne 565: current transaction is aborted, commands ignored until end of transaction block
[2026-01-26T14:41:43.953+0000] {logging_mixin.py:151} INFO -      ⚠️ Erreur ligne 566: current transaction is aborted, commands ignored until end of transaction block
[2026-01-26T14:41:43.955+0000] {logging_mixin.py:151} INFO -      ⚠️ Erreur ligne 567: current transaction is aborted, commands ignored until end of transaction block
[2026-01-26T14:41:43.957+0000] {logging_mixin.py:151} INFO -      ⚠️ Erreur ligne 568: current transaction is aborted, commands ignored until end of transaction block
[2026-01-26T14:41:43.959+0000] {logging_mixin.py:151} INFO -      ⚠️ Erreur ligne 569: current transaction is aborted, commands ignored until end of transaction block
[2026-01-26T14:41:43.960+0000] {logging_mixin.py:151} INFO -      ⚠️ Erreur ligne 570: current transaction is aborted, commands ignored until end of transaction block
[2026-01-26T14:41:43.962+0000] {logging_mixin.py:151} INFO -      ⚠️ Erreur ligne 571: current transaction is aborted, commands ignored until end of transaction block
[2026-01-26T14:41:43.964+0000] {logging_mixin.py:151} INFO -      ⚠️ Erreur ligne 572: current transaction is aborted, commands ignored until end of transaction block
[2026-01-26T14:41:43.966+0000] {logging_mixin.py:151} INFO -      ⚠️ Erreur ligne 573: current transaction is aborted, commands ignored until end of transaction block
[2026-01-26T14:41:43.967+0000] {logging_mixin.py:151} INFO -      ⚠️ Erreur ligne 574: current transaction is aborted, commands ignored until end of transaction block
[2026-01-26T14:41:43.969+0000] {logging_mixin.py:151} INFO -      ⚠️ Erreur ligne 575: current transaction is aborted, commands ignored until end of transaction block
[2026-01-26T14:41:43.970+0000] {logging_mixin.py:151} INFO -      ⚠️ Erreur ligne 576: current transaction is aborted, commands ignored until end of transaction block
[2026-01-26T14:41:43.972+0000] {logging_mixin.py:151} INFO -      ⚠️ Erreur ligne 577: current transaction is aborted, commands ignored until end of transaction block
[2026-01-26T14:41:43.973+0000] {logging_mixin.py:151} INFO -      ⚠️ Erreur ligne 578: current transaction is aborted, commands ignored until end of transaction block
[2026-01-26T14:41:43.974+0000] {logging_mixin.py:151} INFO -      ⚠️ Erreur ligne 579: current transaction is aborted, commands ignored until end of transaction block
[2026-01-26T14:41:43.976+0000] {logging_mixin.py:151} INFO -      ⚠️ Erreur ligne 580: current transaction is aborted, commands ignored until end of transaction block
[2026-01-26T14:41:43.977+0000] {logging_mixin.py:151} INFO -      ⚠️ Erreur ligne 581: current transaction is aborted, commands ignored until end of transaction block
[2026-01-26T14:41:43.978+0000] {logging_mixin.py:151} INFO -      ⚠️ Erreur ligne 582: current transaction is aborted, commands ignored until end of transaction block
[2026-01-26T14:41:43.980+0000] {logging_mixin.py:151} INFO -      ⚠️ Erreur ligne 583: current transaction is aborted, commands ignored until end of transaction block
[2026-01-26T14:41:43.982+0000] {logging_mixin.py:151} INFO -      ⚠️ Erreur ligne 584: current transaction is aborted, commands ignored until end of transaction block
[2026-01-26T14:41:43.987+0000] {logging_mixin.py:151} INFO -      ⚠️ Erreur ligne 585: current transaction is aborted, commands ignored until end of transaction block
[2026-01-26T14:41:43.989+0000] {logging_mixin.py:151} INFO -      ⚠️ Erreur ligne 586: current transaction is aborted, commands ignored until end of transaction block
[2026-01-26T14:41:43.993+0000] {logging_mixin.py:151} INFO -      ⚠️ Erreur ligne 587: current transaction is aborted, commands ignored until end of transaction block
[2026-01-26T14:41:43.996+0000] {logging_mixin.py:151} INFO -      ⚠️ Erreur ligne 588: current transaction is aborted, commands ignored until end of transaction block
[2026-01-26T14:41:43.998+0000] {logging_mixin.py:151} INFO -      ⚠️ Erreur ligne 589: current transaction is aborted, commands ignored until end of transaction block
[2026-01-26T14:41:44.000+0000] {logging_mixin.py:151} INFO -      ⚠️ Erreur ligne 590: current transaction is aborted, commands ignored until end of transaction block
[2026-01-26T14:41:44.002+0000] {logging_mixin.py:151} INFO -      ⚠️ Erreur ligne 591: current transaction is aborted, commands ignored until end of transaction block
[2026-01-26T14:41:44.004+0000] {logging_mixin.py:151} INFO -      ⚠️ Erreur ligne 592: current transaction is aborted, commands ignored until end of transaction block
[2026-01-26T14:41:44.006+0000] {logging_mixin.py:151} INFO -      ⚠️ Erreur ligne 593: current transaction is aborted, commands ignored until end of transaction block
[2026-01-26T14:41:44.007+0000] {logging_mixin.py:151} INFO -      ⚠️ Erreur ligne 594: current transaction is aborted, commands ignored until end of transaction block
[2026-01-26T14:41:44.008+0000] {logging_mixin.py:151} INFO -      ⚠️ Erreur ligne 595: current transaction is aborted, commands ignored until end of transaction block
[2026-01-26T14:41:44.009+0000] {logging_mixin.py:151} INFO -      ⚠️ Erreur ligne 596: current transaction is aborted, commands ignored until end of transaction block
[2026-01-26T14:41:44.012+0000] {logging_mixin.py:151} INFO -      ⚠️ Erreur ligne 597: current transaction is aborted, commands ignored until end of transaction block
[2026-01-26T14:41:44.015+0000] {logging_mixin.py:151} INFO -      ⚠️ Erreur ligne 598: current transaction is aborted, commands ignored until end of transaction block
[2026-01-26T14:41:44.017+0000] {logging_mixin.py:151} INFO -      ⚠️ Erreur ligne 599: current transaction is aborted, commands ignored until end of transaction block
[2026-01-26T14:41:44.021+0000] {logging_mixin.py:151} INFO -      ⚠️ Erreur ligne 600: current transaction is aborted, commands ignored until end of transaction block
[2026-01-26T14:41:44.022+0000] {logging_mixin.py:151} INFO -      ⚠️ Erreur ligne 601: current transaction is aborted, commands ignored until end of transaction block
[2026-01-26T14:41:44.024+0000] {logging_mixin.py:151} INFO -      ⚠️ Erreur ligne 602: current transaction is aborted, commands ignored until end of transaction block
[2026-01-26T14:41:44.026+0000] {logging_mixin.py:151} INFO -      ⚠️ Erreur ligne 603: current transaction is aborted, commands ignored until end of transaction block
[2026-01-26T14:41:44.027+0000] {logging_mixin.py:151} INFO -      ⚠️ Erreur ligne 604: current transaction is aborted, commands ignored until end of transaction block
[2026-01-26T14:41:44.029+0000] {logging_mixin.py:151} INFO -      ⚠️ Erreur ligne 605: current transaction is aborted, commands ignored until end of transaction block
[2026-01-26T14:41:44.031+0000] {logging_mixin.py:151} INFO -      ⚠️ Erreur ligne 606: current transaction is aborted, commands ignored until end of transaction block
[2026-01-26T14:41:44.032+0000] {logging_mixin.py:151} INFO -      ⚠️ Erreur ligne 607: current transaction is aborted, commands ignored until end of transaction block
[2026-01-26T14:41:44.034+0000] {logging_mixin.py:151} INFO -      ⚠️ Erreur ligne 608: current transaction is aborted, commands ignored until end of transaction block
[2026-01-26T14:41:44.036+0000] {logging_mixin.py:151} INFO -      ⚠️ Erreur ligne 609: current transaction is aborted, commands ignored until end of transaction block
[2026-01-26T14:41:44.042+0000] {logging_mixin.py:151} INFO -      ⚠️ Erreur ligne 610: current transaction is aborted, commands ignored until end of transaction block
[2026-01-26T14:41:44.045+0000] {logging_mixin.py:151} INFO -      ⚠️ Erreur ligne 611: current transaction is aborted, commands ignored until end of transaction block
[2026-01-26T14:41:44.047+0000] {logging_mixin.py:151} INFO -      ⚠️ Erreur ligne 612: current transaction is aborted, commands ignored until end of transaction block
[2026-01-26T14:41:44.049+0000] {logging_mixin.py:151} INFO -      ⚠️ Erreur ligne 613: current transaction is aborted, commands ignored until end of transaction block
[2026-01-26T14:41:44.050+0000] {logging_mixin.py:151} INFO -      ⚠️ Erreur ligne 614: current transaction is aborted, commands ignored until end of transaction block
[2026-01-26T14:41:44.052+0000] {logging_mixin.py:151} INFO -      ⚠️ Erreur ligne 615: current transaction is aborted, commands ignored until end of transaction block
[2026-01-26T14:41:44.054+0000] {logging_mixin.py:151} INFO -      ⚠️ Erreur ligne 616: current transaction is aborted, commands ignored until end of transaction block
[2026-01-26T14:41:44.055+0000] {logging_mixin.py:151} INFO -      ⚠️ Erreur ligne 617: current transaction is aborted, commands ignored until end of transaction block
[2026-01-26T14:41:44.057+0000] {logging_mixin.py:151} INFO -      ⚠️ Erreur ligne 618: current transaction is aborted, commands ignored until end of transaction block
[2026-01-26T14:41:44.058+0000] {logging_mixin.py:151} INFO -      ⚠️ Erreur ligne 619: current transaction is aborted, commands ignored until end of transaction block
[2026-01-26T14:41:44.060+0000] {logging_mixin.py:151} INFO -      ⚠️ Erreur ligne 620: current transaction is aborted, commands ignored until end of transaction block
[2026-01-26T14:41:44.062+0000] {logging_mixin.py:151} INFO -      ⚠️ Erreur ligne 621: current transaction is aborted, commands ignored until end of transaction block
[2026-01-26T14:41:44.063+0000] {logging_mixin.py:151} INFO -      ⚠️ Erreur ligne 622: current transaction is aborted, commands ignored until end of transaction block
[2026-01-26T14:41:44.065+0000] {logging_mixin.py:151} INFO -      ⚠️ Erreur ligne 623: current transaction is aborted, commands ignored until end of transaction block
[2026-01-26T14:41:44.066+0000] {logging_mixin.py:151} INFO -      ⚠️ Erreur ligne 624: current transaction is aborted, commands ignored until end of transaction block
[2026-01-26T14:41:44.069+0000] {logging_mixin.py:151} INFO -      ⚠️ Erreur ligne 625: current transaction is aborted, commands ignored until end of transaction block
[2026-01-26T14:41:44.073+0000] {logging_mixin.py:151} INFO -      ⚠️ Erreur ligne 626: current transaction is aborted, commands ignored until end of transaction block
[2026-01-26T14:41:44.075+0000] {logging_mixin.py:151} INFO -      ⚠️ Erreur ligne 627: current transaction is aborted, commands ignored until end of transaction block
[2026-01-26T14:41:44.079+0000] {logging_mixin.py:151} INFO -      ⚠️ Erreur ligne 628: current transaction is aborted, commands ignored until end of transaction block
[2026-01-26T14:41:44.080+0000] {logging_mixin.py:151} INFO -      ⚠️ Erreur ligne 629: current transaction is aborted, commands ignored until end of transaction block
[2026-01-26T14:41:44.081+0000] {logging_mixin.py:151} INFO -      ⚠️ Erreur ligne 630: current transaction is aborted, commands ignored until end of transaction block
[2026-01-26T14:41:44.083+0000] {logging_mixin.py:151} INFO -      ⚠️ Erreur ligne 631: current transaction is aborted, commands ignored until end of transaction block
[2026-01-26T14:41:44.084+0000] {logging_mixin.py:151} INFO -      ⚠️ Erreur ligne 632: current transaction is aborted, commands ignored until end of transaction block
[2026-01-26T14:41:44.087+0000] {logging_mixin.py:151} INFO -      ⚠️ Erreur ligne 633: current transaction is aborted, commands ignored until end of transaction block
[2026-01-26T14:41:44.091+0000] {logging_mixin.py:151} INFO -      ⚠️ Erreur ligne 634: current transaction is aborted, commands ignored until end of transaction block
[2026-01-26T14:41:44.094+0000] {logging_mixin.py:151} INFO -      ⚠️ Erreur ligne 635: current transaction is aborted, commands ignored until end of transaction block
[2026-01-26T14:41:44.096+0000] {logging_mixin.py:151} INFO -      ⚠️ Erreur ligne 636: current transaction is aborted, commands ignored until end of transaction block
[2026-01-26T14:41:44.098+0000] {logging_mixin.py:151} INFO -      ⚠️ Erreur ligne 637: current transaction is aborted, commands ignored until end of transaction block
[2026-01-26T14:41:44.100+0000] {logging_mixin.py:151} INFO -      ⚠️ Erreur ligne 638: current transaction is aborted, commands ignored until end of transaction block
[2026-01-26T14:41:44.101+0000] {logging_mixin.py:151} INFO -      ⚠️ Erreur ligne 639: current transaction is aborted, commands ignored until end of transaction block
[2026-01-26T14:41:44.103+0000] {logging_mixin.py:151} INFO -      ⚠️ Erreur ligne 640: current transaction is aborted, commands ignored until end of transaction block
[2026-01-26T14:41:44.105+0000] {logging_mixin.py:151} INFO -      ⚠️ Erreur ligne 641: current transaction is aborted, commands ignored until end of transaction block
[2026-01-26T14:41:44.107+0000] {logging_mixin.py:151} INFO -      ⚠️ Erreur ligne 642: current transaction is aborted, commands ignored until end of transaction block
[2026-01-26T14:41:44.109+0000] {logging_mixin.py:151} INFO -      ⚠️ Erreur ligne 643: current transaction is aborted, commands ignored until end of transaction block
[2026-01-26T14:41:44.110+0000] {logging_mixin.py:151} INFO -      ⚠️ Erreur ligne 644: current transaction is aborted, commands ignored until end of transaction block
[2026-01-26T14:41:44.112+0000] {logging_mixin.py:151} INFO -      ⚠️ Erreur ligne 645: current transaction is aborted, commands ignored until end of transaction block
[2026-01-26T14:41:44.114+0000] {logging_mixin.py:151} INFO -      ⚠️ Erreur ligne 646: current transaction is aborted, commands ignored until end of transaction block
[2026-01-26T14:41:44.116+0000] {logging_mixin.py:151} INFO -      ⚠️ Erreur ligne 647: current transaction is aborted, commands ignored until end of transaction block
[2026-01-26T14:41:44.119+0000] {logging_mixin.py:151} INFO -      ⚠️ Erreur ligne 648: current transaction is aborted, commands ignored until end of transaction block
[2026-01-26T14:41:44.122+0000] {logging_mixin.py:151} INFO -      ⚠️ Erreur ligne 649: current transaction is aborted, commands ignored until end of transaction block
[2026-01-26T14:41:44.124+0000] {logging_mixin.py:151} INFO -      ⚠️ Erreur ligne 650: current transaction is aborted, commands ignored until end of transaction block
[2026-01-26T14:41:44.126+0000] {logging_mixin.py:151} INFO -      ⚠️ Erreur ligne 651: current transaction is aborted, commands ignored until end of transaction block
[2026-01-26T14:41:44.128+0000] {logging_mixin.py:151} INFO -      ⚠️ Erreur ligne 652: current transaction is aborted, commands ignored until end of transaction block
[2026-01-26T14:41:44.129+0000] {logging_mixin.py:151} INFO -      ⚠️ Erreur ligne 653: current transaction is aborted, commands ignored until end of transaction block
[2026-01-26T14:41:44.131+0000] {logging_mixin.py:151} INFO -      ⚠️ Erreur ligne 654: current transaction is aborted, commands ignored until end of transaction block
[2026-01-26T14:41:44.133+0000] {logging_mixin.py:151} INFO -      ⚠️ Erreur ligne 655: current transaction is aborted, commands ignored until end of transaction block
[2026-01-26T14:41:44.135+0000] {logging_mixin.py:151} INFO -      ⚠️ Erreur ligne 656: current transaction is aborted, commands ignored until end of transaction block
[2026-01-26T14:41:44.137+0000] {logging_mixin.py:151} INFO -      ⚠️ Erreur ligne 657: current transaction is aborted, commands ignored until end of transaction block
[2026-01-26T14:41:44.139+0000] {logging_mixin.py:151} INFO -      ⚠️ Erreur ligne 658: current transaction is aborted, commands ignored until end of transaction block
[2026-01-26T14:41:44.141+0000] {logging_mixin.py:151} INFO -      ⚠️ Erreur ligne 659: current transaction is aborted, commands ignored until end of transaction block
[2026-01-26T14:41:44.143+0000] {logging_mixin.py:151} INFO -      ⚠️ Erreur ligne 660: current transaction is aborted, commands ignored until end of transaction block
[2026-01-26T14:41:44.145+0000] {logging_mixin.py:151} INFO -      ⚠️ Erreur ligne 661: current transaction is aborted, commands ignored until end of transaction block
[2026-01-26T14:41:44.148+0000] {logging_mixin.py:151} INFO -      ⚠️ Erreur ligne 662: current transaction is aborted, commands ignored until end of transaction block
[2026-01-26T14:41:44.150+0000] {logging_mixin.py:151} INFO -      ⚠️ Erreur ligne 663: current transaction is aborted, commands ignored until end of transaction block
[2026-01-26T14:41:44.153+0000] {logging_mixin.py:151} INFO -      ⚠️ Erreur ligne 664: current transaction is aborted, commands ignored until end of transaction block
[2026-01-26T14:41:44.156+0000] {logging_mixin.py:151} INFO -      ⚠️ Erreur ligne 665: current transaction is aborted, commands ignored until end of transaction block
[2026-01-26T14:41:44.160+0000] {logging_mixin.py:151} INFO -      ⚠️ Erreur ligne 666: current transaction is aborted, commands ignored until end of transaction block
[2026-01-26T14:41:44.164+0000] {logging_mixin.py:151} INFO -      ⚠️ Erreur ligne 667: current transaction is aborted, commands ignored until end of transaction block
[2026-01-26T14:41:44.166+0000] {logging_mixin.py:151} INFO -      ⚠️ Erreur ligne 668: current transaction is aborted, commands ignored until end of transaction block
[2026-01-26T14:41:44.168+0000] {logging_mixin.py:151} INFO -      ⚠️ Erreur ligne 669: current transaction is aborted, commands ignored until end of transaction block
[2026-01-26T14:41:44.170+0000] {logging_mixin.py:151} INFO -      ⚠️ Erreur ligne 670: current transaction is aborted, commands ignored until end of transaction block
[2026-01-26T14:41:44.173+0000] {logging_mixin.py:151} INFO -      ⚠️ Erreur ligne 671: current transaction is aborted, commands ignored until end of transaction block
[2026-01-26T14:41:44.175+0000] {logging_mixin.py:151} INFO -      ⚠️ Erreur ligne 672: current transaction is aborted, commands ignored until end of transaction block
[2026-01-26T14:41:44.177+0000] {logging_mixin.py:151} INFO -      ⚠️ Erreur ligne 673: current transaction is aborted, commands ignored until end of transaction block
[2026-01-26T14:41:44.179+0000] {logging_mixin.py:151} INFO -      ⚠️ Erreur ligne 674: current transaction is aborted, commands ignored until end of transaction block
[2026-01-26T14:41:44.180+0000] {logging_mixin.py:151} INFO -      ⚠️ Erreur ligne 675: current transaction is aborted, commands ignored until end of transaction block
[2026-01-26T14:41:44.182+0000] {logging_mixin.py:151} INFO -      ⚠️ Erreur ligne 676: current transaction is aborted, commands ignored until end of transaction block
[2026-01-26T14:41:44.188+0000] {logging_mixin.py:151} INFO -      ⚠️ Erreur ligne 677: current transaction is aborted, commands ignored until end of transaction block
[2026-01-26T14:41:44.191+0000] {logging_mixin.py:151} INFO -      ⚠️ Erreur ligne 678: current transaction is aborted, commands ignored until end of transaction block
[2026-01-26T14:41:44.194+0000] {logging_mixin.py:151} INFO -      ⚠️ Erreur ligne 679: current transaction is aborted, commands ignored until end of transaction block
[2026-01-26T14:41:44.200+0000] {logging_mixin.py:151} INFO -      ⚠️ Erreur ligne 680: current transaction is aborted, commands ignored until end of transaction block
[2026-01-26T14:41:44.206+0000] {logging_mixin.py:151} INFO -      ⚠️ Erreur ligne 681: current transaction is aborted, commands ignored until end of transaction block
[2026-01-26T14:41:44.209+0000] {logging_mixin.py:151} INFO -      ⚠️ Erreur ligne 682: current transaction is aborted, commands ignored until end of transaction block
[2026-01-26T14:41:44.213+0000] {logging_mixin.py:151} INFO -      ⚠️ Erreur ligne 683: current transaction is aborted, commands ignored until end of transaction block
[2026-01-26T14:41:44.217+0000] {logging_mixin.py:151} INFO -      ⚠️ Erreur ligne 684: current transaction is aborted, commands ignored until end of transaction block
[2026-01-26T14:41:44.222+0000] {logging_mixin.py:151} INFO -      ⚠️ Erreur ligne 685: current transaction is aborted, commands ignored until end of transaction block
[2026-01-26T14:41:44.227+0000] {logging_mixin.py:151} INFO -      ⚠️ Erreur ligne 686: current transaction is aborted, commands ignored until end of transaction block
[2026-01-26T14:41:44.230+0000] {logging_mixin.py:151} INFO -      ⚠️ Erreur ligne 687: current transaction is aborted, commands ignored until end of transaction block
[2026-01-26T14:41:44.235+0000] {logging_mixin.py:151} INFO -      ⚠️ Erreur ligne 688: current transaction is aborted, commands ignored until end of transaction block
[2026-01-26T14:41:44.240+0000] {logging_mixin.py:151} INFO -      ⚠️ Erreur ligne 689: current transaction is aborted, commands ignored until end of transaction block
[2026-01-26T14:41:44.245+0000] {logging_mixin.py:151} INFO -      ⚠️ Erreur ligne 690: current transaction is aborted, commands ignored until end of transaction block
[2026-01-26T14:41:44.252+0000] {logging_mixin.py:151} INFO -      ⚠️ Erreur ligne 691: current transaction is aborted, commands ignored until end of transaction block
[2026-01-26T14:41:44.256+0000] {logging_mixin.py:151} INFO -      ⚠️ Erreur ligne 692: current transaction is aborted, commands ignored until end of transaction block
[2026-01-26T14:41:44.259+0000] {logging_mixin.py:151} INFO -      ⚠️ Erreur ligne 693: current transaction is aborted, commands ignored until end of transaction block
[2026-01-26T14:41:44.262+0000] {logging_mixin.py:151} INFO -      ⚠️ Erreur ligne 694: current transaction is aborted, commands ignored until end of transaction block
[2026-01-26T14:41:44.263+0000] {logging_mixin.py:151} INFO -      ⚠️ Erreur ligne 695: current transaction is aborted, commands ignored until end of transaction block
[2026-01-26T14:41:44.265+0000] {logging_mixin.py:151} INFO -      ⚠️ Erreur ligne 696: current transaction is aborted, commands ignored until end of transaction block
[2026-01-26T14:41:44.267+0000] {logging_mixin.py:151} INFO -      ⚠️ Erreur ligne 697: current transaction is aborted, commands ignored until end of transaction block
[2026-01-26T14:41:44.268+0000] {logging_mixin.py:151} INFO -      ⚠️ Erreur ligne 698: current transaction is aborted, commands ignored until end of transaction block
[2026-01-26T14:41:44.270+0000] {logging_mixin.py:151} INFO -      ⚠️ Erreur ligne 699: current transaction is aborted, commands ignored until end of transaction block
[2026-01-26T14:41:44.273+0000] {logging_mixin.py:151} INFO -      ⚠️ Erreur ligne 700: current transaction is aborted, commands ignored until end of transaction block
[2026-01-26T14:41:44.275+0000] {logging_mixin.py:151} INFO -      ⚠️ Erreur ligne 701: current transaction is aborted, commands ignored until end of transaction block
[2026-01-26T14:41:44.276+0000] {logging_mixin.py:151} INFO -      ⚠️ Erreur ligne 702: current transaction is aborted, commands ignored until end of transaction block
[2026-01-26T14:41:44.278+0000] {logging_mixin.py:151} INFO -      ⚠️ Erreur ligne 703: current transaction is aborted, commands ignored until end of transaction block
[2026-01-26T14:41:44.279+0000] {logging_mixin.py:151} INFO -      ⚠️ Erreur ligne 704: current transaction is aborted, commands ignored until end of transaction block
[2026-01-26T14:41:44.280+0000] {logging_mixin.py:151} INFO -      ⚠️ Erreur ligne 705: current transaction is aborted, commands ignored until end of transaction block
[2026-01-26T14:41:44.281+0000] {logging_mixin.py:151} INFO -      ⚠️ Erreur ligne 706: current transaction is aborted, commands ignored until end of transaction block
[2026-01-26T14:41:44.283+0000] {logging_mixin.py:151} INFO -      ⚠️ Erreur ligne 707: current transaction is aborted, commands ignored until end of transaction block
[2026-01-26T14:41:44.286+0000] {logging_mixin.py:151} INFO -      ⚠️ Erreur ligne 708: current transaction is aborted, commands ignored until end of transaction block
[2026-01-26T14:41:44.291+0000] {logging_mixin.py:151} INFO -      ⚠️ Erreur ligne 709: current transaction is aborted, commands ignored until end of transaction block
[2026-01-26T14:41:44.294+0000] {logging_mixin.py:151} INFO -      ⚠️ Erreur ligne 710: current transaction is aborted, commands ignored until end of transaction block
[2026-01-26T14:41:44.299+0000] {logging_mixin.py:151} INFO -      ⚠️ Erreur ligne 711: current transaction is aborted, commands ignored until end of transaction block
[2026-01-26T14:41:44.302+0000] {logging_mixin.py:151} INFO -      ⚠️ Erreur ligne 712: current transaction is aborted, commands ignored until end of transaction block
[2026-01-26T14:41:44.305+0000] {logging_mixin.py:151} INFO -      ⚠️ Erreur ligne 713: current transaction is aborted, commands ignored until end of transaction block
[2026-01-26T14:41:44.307+0000] {logging_mixin.py:151} INFO -      ⚠️ Erreur ligne 714: current transaction is aborted, commands ignored until end of transaction block
[2026-01-26T14:41:44.309+0000] {logging_mixin.py:151} INFO -      ⚠️ Erreur ligne 715: current transaction is aborted, commands ignored until end of transaction block
[2026-01-26T14:41:44.310+0000] {logging_mixin.py:151} INFO -      ⚠️ Erreur ligne 716: current transaction is aborted, commands ignored until end of transaction block
[2026-01-26T14:41:44.312+0000] {logging_mixin.py:151} INFO -      ⚠️ Erreur ligne 717: current transaction is aborted, commands ignored until end of transaction block
[2026-01-26T14:41:44.313+0000] {logging_mixin.py:151} INFO -      ⚠️ Erreur ligne 718: current transaction is aborted, commands ignored until end of transaction block
[2026-01-26T14:41:44.315+0000] {logging_mixin.py:151} INFO -      ⚠️ Erreur ligne 719: current transaction is aborted, commands ignored until end of transaction block
[2026-01-26T14:41:44.316+0000] {logging_mixin.py:151} INFO -      ⚠️ Erreur ligne 720: current transaction is aborted, commands ignored until end of transaction block
[2026-01-26T14:41:44.318+0000] {logging_mixin.py:151} INFO -      ⚠️ Erreur ligne 721: current transaction is aborted, commands ignored until end of transaction block
[2026-01-26T14:41:44.319+0000] {logging_mixin.py:151} INFO -      ⚠️ Erreur ligne 722: current transaction is aborted, commands ignored until end of transaction block
[2026-01-26T14:41:44.320+0000] {logging_mixin.py:151} INFO -      ⚠️ Erreur ligne 723: current transaction is aborted, commands ignored until end of transaction block
[2026-01-26T14:41:44.321+0000] {logging_mixin.py:151} INFO -      ⚠️ Erreur ligne 724: current transaction is aborted, commands ignored until end of transaction block
[2026-01-26T14:41:44.326+0000] {logging_mixin.py:151} INFO -      ⚠️ Erreur ligne 725: current transaction is aborted, commands ignored until end of transaction block
[2026-01-26T14:41:44.327+0000] {logging_mixin.py:151} INFO -      ⚠️ Erreur ligne 726: current transaction is aborted, commands ignored until end of transaction block
[2026-01-26T14:41:44.329+0000] {logging_mixin.py:151} INFO -      ⚠️ Erreur ligne 727: current transaction is aborted, commands ignored until end of transaction block
[2026-01-26T14:41:44.330+0000] {logging_mixin.py:151} INFO -      ⚠️ Erreur ligne 728: current transaction is aborted, commands ignored until end of transaction block
[2026-01-26T14:41:44.332+0000] {logging_mixin.py:151} INFO -      ⚠️ Erreur ligne 729: current transaction is aborted, commands ignored until end of transaction block
[2026-01-26T14:41:44.334+0000] {logging_mixin.py:151} INFO -      ⚠️ Erreur ligne 730: current transaction is aborted, commands ignored until end of transaction block
[2026-01-26T14:41:44.335+0000] {logging_mixin.py:151} INFO -      ⚠️ Erreur ligne 731: current transaction is aborted, commands ignored until end of transaction block
[2026-01-26T14:41:44.336+0000] {logging_mixin.py:151} INFO -      ⚠️ Erreur ligne 732: current transaction is aborted, commands ignored until end of transaction block
[2026-01-26T14:41:44.337+0000] {logging_mixin.py:151} INFO -      ⚠️ Erreur ligne 733: current transaction is aborted, commands ignored until end of transaction block
[2026-01-26T14:41:44.339+0000] {logging_mixin.py:151} INFO -      ⚠️ Erreur ligne 734: current transaction is aborted, commands ignored until end of transaction block
[2026-01-26T14:41:44.340+0000] {logging_mixin.py:151} INFO -      ⚠️ Erreur ligne 735: current transaction is aborted, commands ignored until end of transaction block
[2026-01-26T14:41:44.342+0000] {logging_mixin.py:151} INFO -      ⚠️ Erreur ligne 736: current transaction is aborted, commands ignored until end of transaction block
[2026-01-26T14:41:44.343+0000] {logging_mixin.py:151} INFO -      ⚠️ Erreur ligne 737: current transaction is aborted, commands ignored until end of transaction block
[2026-01-26T14:41:44.345+0000] {logging_mixin.py:151} INFO -      ⚠️ Erreur ligne 738: current transaction is aborted, commands ignored until end of transaction block
[2026-01-26T14:41:44.347+0000] {logging_mixin.py:151} INFO -      ⚠️ Erreur ligne 739: current transaction is aborted, commands ignored until end of transaction block
[2026-01-26T14:41:44.349+0000] {logging_mixin.py:151} INFO -      ⚠️ Erreur ligne 740: current transaction is aborted, commands ignored until end of transaction block
[2026-01-26T14:41:44.350+0000] {logging_mixin.py:151} INFO -      ⚠️ Erreur ligne 741: current transaction is aborted, commands ignored until end of transaction block
[2026-01-26T14:41:44.351+0000] {logging_mixin.py:151} INFO -      ⚠️ Erreur ligne 742: current transaction is aborted, commands ignored until end of transaction block
[2026-01-26T14:41:44.353+0000] {logging_mixin.py:151} INFO -      ⚠️ Erreur ligne 743: current transaction is aborted, commands ignored until end of transaction block
[2026-01-26T14:41:44.354+0000] {logging_mixin.py:151} INFO -      ⚠️ Erreur ligne 744: current transaction is aborted, commands ignored until end of transaction block
[2026-01-26T14:41:44.355+0000] {logging_mixin.py:151} INFO -      ⚠️ Erreur ligne 745: current transaction is aborted, commands ignored until end of transaction block
[2026-01-26T14:41:44.356+0000] {logging_mixin.py:151} INFO -      ⚠️ Erreur ligne 746: current transaction is aborted, commands ignored until end of transaction block
[2026-01-26T14:41:44.357+0000] {logging_mixin.py:151} INFO -      ⚠️ Erreur ligne 747: current transaction is aborted, commands ignored until end of transaction block
[2026-01-26T14:41:44.358+0000] {logging_mixin.py:151} INFO -      ⚠️ Erreur ligne 748: current transaction is aborted, commands ignored until end of transaction block
[2026-01-26T14:41:44.360+0000] {logging_mixin.py:151} INFO -      ⚠️ Erreur ligne 749: current transaction is aborted, commands ignored until end of transaction block
[2026-01-26T14:41:44.361+0000] {logging_mixin.py:151} INFO -      ⚠️ Erreur ligne 750: current transaction is aborted, commands ignored until end of transaction block
[2026-01-26T14:41:44.363+0000] {logging_mixin.py:151} INFO -      ⚠️ Erreur ligne 751: current transaction is aborted, commands ignored until end of transaction block
[2026-01-26T14:41:44.366+0000] {logging_mixin.py:151} INFO -      ⚠️ Erreur ligne 752: current transaction is aborted, commands ignored until end of transaction block
[2026-01-26T14:41:44.368+0000] {logging_mixin.py:151} INFO -      ⚠️ Erreur ligne 753: current transaction is aborted, commands ignored until end of transaction block
[2026-01-26T14:41:44.370+0000] {logging_mixin.py:151} INFO -      ⚠️ Erreur ligne 754: current transaction is aborted, commands ignored until end of transaction block
[2026-01-26T14:41:44.373+0000] {logging_mixin.py:151} INFO -      ⚠️ Erreur ligne 755: current transaction is aborted, commands ignored until end of transaction block
[2026-01-26T14:41:44.374+0000] {logging_mixin.py:151} INFO -      ⚠️ Erreur ligne 756: current transaction is aborted, commands ignored until end of transaction block
[2026-01-26T14:41:44.376+0000] {logging_mixin.py:151} INFO -      ⚠️ Erreur ligne 757: current transaction is aborted, commands ignored until end of transaction block
[2026-01-26T14:41:44.377+0000] {logging_mixin.py:151} INFO -      ⚠️ Erreur ligne 758: current transaction is aborted, commands ignored until end of transaction block
[2026-01-26T14:41:44.378+0000] {logging_mixin.py:151} INFO -      ⚠️ Erreur ligne 759: current transaction is aborted, commands ignored until end of transaction block
[2026-01-26T14:41:44.380+0000] {logging_mixin.py:151} INFO -      ⚠️ Erreur ligne 760: current transaction is aborted, commands ignored until end of transaction block
[2026-01-26T14:41:44.381+0000] {logging_mixin.py:151} INFO -      ⚠️ Erreur ligne 761: current transaction is aborted, commands ignored until end of transaction block
[2026-01-26T14:41:44.382+0000] {logging_mixin.py:151} INFO -      ⚠️ Erreur ligne 762: current transaction is aborted, commands ignored until end of transaction block
[2026-01-26T14:41:44.384+0000] {logging_mixin.py:151} INFO -      ⚠️ Erreur ligne 763: current transaction is aborted, commands ignored until end of transaction block
[2026-01-26T14:41:44.385+0000] {logging_mixin.py:151} INFO -      ⚠️ Erreur ligne 764: current transaction is aborted, commands ignored until end of transaction block
[2026-01-26T14:41:44.386+0000] {logging_mixin.py:151} INFO -      ⚠️ Erreur ligne 765: current transaction is aborted, commands ignored until end of transaction block
[2026-01-26T14:41:44.387+0000] {logging_mixin.py:151} INFO -      ⚠️ Erreur ligne 766: current transaction is aborted, commands ignored until end of transaction block
[2026-01-26T14:41:44.389+0000] {logging_mixin.py:151} INFO -      ⚠️ Erreur ligne 767: current transaction is aborted, commands ignored until end of transaction block
[2026-01-26T14:41:44.390+0000] {logging_mixin.py:151} INFO -      ⚠️ Erreur ligne 768: current transaction is aborted, commands ignored until end of transaction block
[2026-01-26T14:41:44.392+0000] {logging_mixin.py:151} INFO -      ⚠️ Erreur ligne 769: current transaction is aborted, commands ignored until end of transaction block
[2026-01-26T14:41:44.393+0000] {logging_mixin.py:151} INFO -      ⚠️ Erreur ligne 770: current transaction is aborted, commands ignored until end of transaction block
[2026-01-26T14:41:44.394+0000] {logging_mixin.py:151} INFO -      ⚠️ Erreur ligne 771: current transaction is aborted, commands ignored until end of transaction block
[2026-01-26T14:41:44.396+0000] {logging_mixin.py:151} INFO -      ⚠️ Erreur ligne 772: current transaction is aborted, commands ignored until end of transaction block
[2026-01-26T14:41:44.398+0000] {logging_mixin.py:151} INFO -      ⚠️ Erreur ligne 773: current transaction is aborted, commands ignored until end of transaction block
[2026-01-26T14:41:44.400+0000] {logging_mixin.py:151} INFO -      ⚠️ Erreur ligne 774: current transaction is aborted, commands ignored until end of transaction block
[2026-01-26T14:41:44.401+0000] {logging_mixin.py:151} INFO -      ⚠️ Erreur ligne 775: current transaction is aborted, commands ignored until end of transaction block
[2026-01-26T14:41:44.403+0000] {logging_mixin.py:151} INFO -      ⚠️ Erreur ligne 776: current transaction is aborted, commands ignored until end of transaction block
[2026-01-26T14:41:44.404+0000] {logging_mixin.py:151} INFO -      ⚠️ Erreur ligne 777: current transaction is aborted, commands ignored until end of transaction block
[2026-01-26T14:41:44.406+0000] {logging_mixin.py:151} INFO -      ⚠️ Erreur ligne 778: current transaction is aborted, commands ignored until end of transaction block
[2026-01-26T14:41:44.407+0000] {logging_mixin.py:151} INFO -      ⚠️ Erreur ligne 779: current transaction is aborted, commands ignored until end of transaction block
[2026-01-26T14:41:44.409+0000] {logging_mixin.py:151} INFO -      ⚠️ Erreur ligne 780: current transaction is aborted, commands ignored until end of transaction block
[2026-01-26T14:41:44.411+0000] {logging_mixin.py:151} INFO -      ⚠️ Erreur ligne 781: current transaction is aborted, commands ignored until end of transaction block
[2026-01-26T14:41:44.412+0000] {logging_mixin.py:151} INFO -      ⚠️ Erreur ligne 782: current transaction is aborted, commands ignored until end of transaction block
[2026-01-26T14:41:44.413+0000] {logging_mixin.py:151} INFO -      ⚠️ Erreur ligne 783: current transaction is aborted, commands ignored until end of transaction block
[2026-01-26T14:41:44.414+0000] {logging_mixin.py:151} INFO -      ⚠️ Erreur ligne 784: current transaction is aborted, commands ignored until end of transaction block
[2026-01-26T14:41:44.415+0000] {logging_mixin.py:151} INFO -      ⚠️ Erreur ligne 785: current transaction is aborted, commands ignored until end of transaction block
[2026-01-26T14:41:44.416+0000] {logging_mixin.py:151} INFO -      ⚠️ Erreur ligne 786: current transaction is aborted, commands ignored until end of transaction block
[2026-01-26T14:41:44.418+0000] {logging_mixin.py:151} INFO -      ⚠️ Erreur ligne 787: current transaction is aborted, commands ignored until end of transaction block
[2026-01-26T14:41:44.419+0000] {logging_mixin.py:151} INFO -      ⚠️ Erreur ligne 788: current transaction is aborted, commands ignored until end of transaction block
[2026-01-26T14:41:44.421+0000] {logging_mixin.py:151} INFO -      ⚠️ Erreur ligne 789: current transaction is aborted, commands ignored until end of transaction block
[2026-01-26T14:41:44.422+0000] {logging_mixin.py:151} INFO -      ⚠️ Erreur ligne 790: current transaction is aborted, commands ignored until end of transaction block
[2026-01-26T14:41:44.424+0000] {logging_mixin.py:151} INFO -      ⚠️ Erreur ligne 791: current transaction is aborted, commands ignored until end of transaction block
[2026-01-26T14:41:44.425+0000] {logging_mixin.py:151} INFO -      ⚠️ Erreur ligne 792: current transaction is aborted, commands ignored until end of transaction block
[2026-01-26T14:41:44.426+0000] {logging_mixin.py:151} INFO -      ⚠️ Erreur ligne 793: current transaction is aborted, commands ignored until end of transaction block
[2026-01-26T14:41:44.427+0000] {logging_mixin.py:151} INFO -      ⚠️ Erreur ligne 794: current transaction is aborted, commands ignored until end of transaction block
[2026-01-26T14:41:44.429+0000] {logging_mixin.py:151} INFO -      ⚠️ Erreur ligne 795: current transaction is aborted, commands ignored until end of transaction block
[2026-01-26T14:41:44.430+0000] {logging_mixin.py:151} INFO -      ⚠️ Erreur ligne 796: current transaction is aborted, commands ignored until end of transaction block
[2026-01-26T14:41:44.431+0000] {logging_mixin.py:151} INFO -      ⚠️ Erreur ligne 797: current transaction is aborted, commands ignored until end of transaction block
[2026-01-26T14:41:44.432+0000] {logging_mixin.py:151} INFO -      ⚠️ Erreur ligne 798: current transaction is aborted, commands ignored until end of transaction block
[2026-01-26T14:41:44.433+0000] {logging_mixin.py:151} INFO -      ⚠️ Erreur ligne 799: current transaction is aborted, commands ignored until end of transaction block
[2026-01-26T14:41:44.434+0000] {logging_mixin.py:151} INFO -      ⚠️ Erreur ligne 800: current transaction is aborted, commands ignored until end of transaction block
[2026-01-26T14:41:44.435+0000] {logging_mixin.py:151} INFO -      ⚠️ Erreur ligne 801: current transaction is aborted, commands ignored until end of transaction block
[2026-01-26T14:41:44.436+0000] {logging_mixin.py:151} INFO -      ⚠️ Erreur ligne 802: current transaction is aborted, commands ignored until end of transaction block
[2026-01-26T14:41:44.437+0000] {logging_mixin.py:151} INFO -      ⚠️ Erreur ligne 803: current transaction is aborted, commands ignored until end of transaction block
[2026-01-26T14:41:44.438+0000] {logging_mixin.py:151} INFO -      ⚠️ Erreur ligne 804: current transaction is aborted, commands ignored until end of transaction block
[2026-01-26T14:41:44.439+0000] {logging_mixin.py:151} INFO -      ⚠️ Erreur ligne 805: current transaction is aborted, commands ignored until end of transaction block
[2026-01-26T14:41:44.440+0000] {logging_mixin.py:151} INFO -      ⚠️ Erreur ligne 806: current transaction is aborted, commands ignored until end of transaction block
[2026-01-26T14:41:44.442+0000] {logging_mixin.py:151} INFO -      ⚠️ Erreur ligne 807: current transaction is aborted, commands ignored until end of transaction block
[2026-01-26T14:41:44.443+0000] {logging_mixin.py:151} INFO -      ⚠️ Erreur ligne 808: current transaction is aborted, commands ignored until end of transaction block
[2026-01-26T14:41:44.444+0000] {logging_mixin.py:151} INFO -      ⚠️ Erreur ligne 809: current transaction is aborted, commands ignored until end of transaction block
[2026-01-26T14:41:44.446+0000] {logging_mixin.py:151} INFO -      ⚠️ Erreur ligne 810: current transaction is aborted, commands ignored until end of transaction block
[2026-01-26T14:41:44.447+0000] {logging_mixin.py:151} INFO -      ⚠️ Erreur ligne 811: current transaction is aborted, commands ignored until end of transaction block
[2026-01-26T14:41:44.448+0000] {logging_mixin.py:151} INFO -      ⚠️ Erreur ligne 812: current transaction is aborted, commands ignored until end of transaction block
[2026-01-26T14:41:44.449+0000] {logging_mixin.py:151} INFO -      ⚠️ Erreur ligne 813: current transaction is aborted, commands ignored until end of transaction block
[2026-01-26T14:41:44.450+0000] {logging_mixin.py:151} INFO -      ⚠️ Erreur ligne 814: current transaction is aborted, commands ignored until end of transaction block
[2026-01-26T14:41:44.452+0000] {logging_mixin.py:151} INFO -      ⚠️ Erreur ligne 815: current transaction is aborted, commands ignored until end of transaction block
[2026-01-26T14:41:44.452+0000] {logging_mixin.py:151} INFO -      ⚠️ Erreur ligne 816: current transaction is aborted, commands ignored until end of transaction block
[2026-01-26T14:41:44.453+0000] {logging_mixin.py:151} INFO -      ⚠️ Erreur ligne 817: current transaction is aborted, commands ignored until end of transaction block
[2026-01-26T14:41:44.455+0000] {logging_mixin.py:151} INFO -      ⚠️ Erreur ligne 818: current transaction is aborted, commands ignored until end of transaction block
[2026-01-26T14:41:44.456+0000] {logging_mixin.py:151} INFO -      ⚠️ Erreur ligne 819: current transaction is aborted, commands ignored until end of transaction block
[2026-01-26T14:41:44.458+0000] {logging_mixin.py:151} INFO -      ⚠️ Erreur ligne 820: current transaction is aborted, commands ignored until end of transaction block
[2026-01-26T14:41:44.459+0000] {logging_mixin.py:151} INFO -      ⚠️ Erreur ligne 821: current transaction is aborted, commands ignored until end of transaction block
[2026-01-26T14:41:44.460+0000] {logging_mixin.py:151} INFO -      ⚠️ Erreur ligne 822: current transaction is aborted, commands ignored until end of transaction block
[2026-01-26T14:41:44.461+0000] {logging_mixin.py:151} INFO -      ⚠️ Erreur ligne 823: current transaction is aborted, commands ignored until end of transaction block
[2026-01-26T14:41:44.462+0000] {logging_mixin.py:151} INFO -      ⚠️ Erreur ligne 824: current transaction is aborted, commands ignored until end of transaction block
[2026-01-26T14:41:44.463+0000] {logging_mixin.py:151} INFO -      ⚠️ Erreur ligne 825: current transaction is aborted, commands ignored until end of transaction block
[2026-01-26T14:41:44.464+0000] {logging_mixin.py:151} INFO -      ⚠️ Erreur ligne 826: current transaction is aborted, commands ignored until end of transaction block
[2026-01-26T14:41:44.465+0000] {logging_mixin.py:151} INFO -      ⚠️ Erreur ligne 827: current transaction is aborted, commands ignored until end of transaction block
[2026-01-26T14:41:44.466+0000] {logging_mixin.py:151} INFO -      ⚠️ Erreur ligne 828: current transaction is aborted, commands ignored until end of transaction block
[2026-01-26T14:41:44.467+0000] {logging_mixin.py:151} INFO -      ⚠️ Erreur ligne 829: current transaction is aborted, commands ignored until end of transaction block
[2026-01-26T14:41:44.468+0000] {logging_mixin.py:151} INFO -      ⚠️ Erreur ligne 830: current transaction is aborted, commands ignored until end of transaction block
[2026-01-26T14:41:44.470+0000] {logging_mixin.py:151} INFO -      ⚠️ Erreur ligne 831: current transaction is aborted, commands ignored until end of transaction block
[2026-01-26T14:41:44.471+0000] {logging_mixin.py:151} INFO -      ⚠️ Erreur ligne 832: current transaction is aborted, commands ignored until end of transaction block
[2026-01-26T14:41:44.472+0000] {logging_mixin.py:151} INFO -      ⚠️ Erreur ligne 833: current transaction is aborted, commands ignored until end of transaction block
[2026-01-26T14:41:44.473+0000] {logging_mixin.py:151} INFO -      ⚠️ Erreur ligne 834: current transaction is aborted, commands ignored until end of transaction block
[2026-01-26T14:41:44.474+0000] {logging_mixin.py:151} INFO -      ⚠️ Erreur ligne 835: current transaction is aborted, commands ignored until end of transaction block
[2026-01-26T14:41:44.475+0000] {logging_mixin.py:151} INFO -      ⚠️ Erreur ligne 836: current transaction is aborted, commands ignored until end of transaction block
[2026-01-26T14:41:44.476+0000] {logging_mixin.py:151} INFO -      ⚠️ Erreur ligne 837: current transaction is aborted, commands ignored until end of transaction block
[2026-01-26T14:41:44.477+0000] {logging_mixin.py:151} INFO -      ⚠️ Erreur ligne 838: current transaction is aborted, commands ignored until end of transaction block
[2026-01-26T14:41:44.479+0000] {logging_mixin.py:151} INFO -      ⚠️ Erreur ligne 839: current transaction is aborted, commands ignored until end of transaction block
[2026-01-26T14:41:44.479+0000] {logging_mixin.py:151} INFO -      ⚠️ Erreur ligne 840: current transaction is aborted, commands ignored until end of transaction block
[2026-01-26T14:41:44.480+0000] {logging_mixin.py:151} INFO -      ⚠️ Erreur ligne 841: current transaction is aborted, commands ignored until end of transaction block
[2026-01-26T14:41:44.482+0000] {logging_mixin.py:151} INFO -      ⚠️ Erreur ligne 842: current transaction is aborted, commands ignored until end of transaction block
[2026-01-26T14:41:44.483+0000] {logging_mixin.py:151} INFO -      ⚠️ Erreur ligne 843: current transaction is aborted, commands ignored until end of transaction block
[2026-01-26T14:41:44.484+0000] {logging_mixin.py:151} INFO -      ⚠️ Erreur ligne 844: current transaction is aborted, commands ignored until end of transaction block
[2026-01-26T14:41:44.486+0000] {logging_mixin.py:151} INFO -      ⚠️ Erreur ligne 845: current transaction is aborted, commands ignored until end of transaction block
[2026-01-26T14:41:44.487+0000] {logging_mixin.py:151} INFO -      ⚠️ Erreur ligne 846: current transaction is aborted, commands ignored until end of transaction block
[2026-01-26T14:41:44.488+0000] {logging_mixin.py:151} INFO -      ⚠️ Erreur ligne 847: current transaction is aborted, commands ignored until end of transaction block
[2026-01-26T14:41:44.489+0000] {logging_mixin.py:151} INFO -      ⚠️ Erreur ligne 848: current transaction is aborted, commands ignored until end of transaction block
[2026-01-26T14:41:44.490+0000] {logging_mixin.py:151} INFO -      ⚠️ Erreur ligne 849: current transaction is aborted, commands ignored until end of transaction block
[2026-01-26T14:41:44.492+0000] {logging_mixin.py:151} INFO -      ⚠️ Erreur ligne 850: current transaction is aborted, commands ignored until end of transaction block
[2026-01-26T14:41:44.493+0000] {logging_mixin.py:151} INFO -      ⚠️ Erreur ligne 851: current transaction is aborted, commands ignored until end of transaction block
[2026-01-26T14:41:44.494+0000] {logging_mixin.py:151} INFO -      ⚠️ Erreur ligne 852: current transaction is aborted, commands ignored until end of transaction block
[2026-01-26T14:41:44.495+0000] {logging_mixin.py:151} INFO -      ⚠️ Erreur ligne 853: current transaction is aborted, commands ignored until end of transaction block
[2026-01-26T14:41:44.496+0000] {logging_mixin.py:151} INFO -      ⚠️ Erreur ligne 854: current transaction is aborted, commands ignored until end of transaction block
[2026-01-26T14:41:44.498+0000] {logging_mixin.py:151} INFO -      ⚠️ Erreur ligne 855: current transaction is aborted, commands ignored until end of transaction block
[2026-01-26T14:41:44.499+0000] {logging_mixin.py:151} INFO -      ⚠️ Erreur ligne 856: current transaction is aborted, commands ignored until end of transaction block
[2026-01-26T14:41:44.500+0000] {logging_mixin.py:151} INFO -      ⚠️ Erreur ligne 857: current transaction is aborted, commands ignored until end of transaction block
[2026-01-26T14:41:44.501+0000] {logging_mixin.py:151} INFO -      ⚠️ Erreur ligne 858: current transaction is aborted, commands ignored until end of transaction block
[2026-01-26T14:41:44.502+0000] {logging_mixin.py:151} INFO -      ⚠️ Erreur ligne 859: current transaction is aborted, commands ignored until end of transaction block
[2026-01-26T14:41:44.503+0000] {logging_mixin.py:151} INFO -      ⚠️ Erreur ligne 860: current transaction is aborted, commands ignored until end of transaction block
[2026-01-26T14:41:44.504+0000] {logging_mixin.py:151} INFO -      ⚠️ Erreur ligne 861: current transaction is aborted, commands ignored until end of transaction block
[2026-01-26T14:41:44.505+0000] {logging_mixin.py:151} INFO -      ⚠️ Erreur ligne 862: current transaction is aborted, commands ignored until end of transaction block
[2026-01-26T14:41:44.506+0000] {logging_mixin.py:151} INFO -      ⚠️ Erreur ligne 863: current transaction is aborted, commands ignored until end of transaction block
[2026-01-26T14:41:44.507+0000] {logging_mixin.py:151} INFO -      ⚠️ Erreur ligne 864: current transaction is aborted, commands ignored until end of transaction block
[2026-01-26T14:41:44.508+0000] {logging_mixin.py:151} INFO -      ⚠️ Erreur ligne 865: current transaction is aborted, commands ignored until end of transaction block
[2026-01-26T14:41:44.510+0000] {logging_mixin.py:151} INFO -      ⚠️ Erreur ligne 866: current transaction is aborted, commands ignored until end of transaction block
[2026-01-26T14:41:44.511+0000] {logging_mixin.py:151} INFO -      ⚠️ Erreur ligne 867: current transaction is aborted, commands ignored until end of transaction block
[2026-01-26T14:41:44.512+0000] {logging_mixin.py:151} INFO -      ⚠️ Erreur ligne 868: current transaction is aborted, commands ignored until end of transaction block
[2026-01-26T14:41:44.513+0000] {logging_mixin.py:151} INFO -      ⚠️ Erreur ligne 869: current transaction is aborted, commands ignored until end of transaction block
[2026-01-26T14:41:44.514+0000] {logging_mixin.py:151} INFO -      ⚠️ Erreur ligne 870: current transaction is aborted, commands ignored until end of transaction block
[2026-01-26T14:41:44.515+0000] {logging_mixin.py:151} INFO -      ⚠️ Erreur ligne 871: current transaction is aborted, commands ignored until end of transaction block
[2026-01-26T14:41:44.517+0000] {logging_mixin.py:151} INFO -      ⚠️ Erreur ligne 872: current transaction is aborted, commands ignored until end of transaction block
[2026-01-26T14:41:44.518+0000] {logging_mixin.py:151} INFO -      ⚠️ Erreur ligne 873: current transaction is aborted, commands ignored until end of transaction block
[2026-01-26T14:41:44.519+0000] {logging_mixin.py:151} INFO -      ⚠️ Erreur ligne 874: current transaction is aborted, commands ignored until end of transaction block
[2026-01-26T14:41:44.520+0000] {logging_mixin.py:151} INFO -      ⚠️ Erreur ligne 875: current transaction is aborted, commands ignored until end of transaction block
[2026-01-26T14:41:44.522+0000] {logging_mixin.py:151} INFO -      ⚠️ Erreur ligne 876: current transaction is aborted, commands ignored until end of transaction block
[2026-01-26T14:41:44.523+0000] {logging_mixin.py:151} INFO -      ⚠️ Erreur ligne 877: current transaction is aborted, commands ignored until end of transaction block
[2026-01-26T14:41:44.524+0000] {logging_mixin.py:151} INFO -      ⚠️ Erreur ligne 878: current transaction is aborted, commands ignored until end of transaction block
[2026-01-26T14:41:44.525+0000] {logging_mixin.py:151} INFO -      ⚠️ Erreur ligne 879: current transaction is aborted, commands ignored until end of transaction block
[2026-01-26T14:41:44.526+0000] {logging_mixin.py:151} INFO -      ⚠️ Erreur ligne 880: current transaction is aborted, commands ignored until end of transaction block
[2026-01-26T14:41:44.527+0000] {logging_mixin.py:151} INFO -      ⚠️ Erreur ligne 881: current transaction is aborted, commands ignored until end of transaction block
[2026-01-26T14:41:44.528+0000] {logging_mixin.py:151} INFO -      ⚠️ Erreur ligne 882: current transaction is aborted, commands ignored until end of transaction block
[2026-01-26T14:41:44.529+0000] {logging_mixin.py:151} INFO -      ⚠️ Erreur ligne 883: current transaction is aborted, commands ignored until end of transaction block
[2026-01-26T14:41:44.530+0000] {logging_mixin.py:151} INFO -      ⚠️ Erreur ligne 884: current transaction is aborted, commands ignored until end of transaction block
[2026-01-26T14:41:44.531+0000] {logging_mixin.py:151} INFO -      ⚠️ Erreur ligne 885: current transaction is aborted, commands ignored until end of transaction block
[2026-01-26T14:41:44.532+0000] {logging_mixin.py:151} INFO -      ⚠️ Erreur ligne 886: current transaction is aborted, commands ignored until end of transaction block
[2026-01-26T14:41:44.533+0000] {logging_mixin.py:151} INFO -      ⚠️ Erreur ligne 887: current transaction is aborted, commands ignored until end of transaction block
[2026-01-26T14:41:44.534+0000] {logging_mixin.py:151} INFO -      ⚠️ Erreur ligne 888: current transaction is aborted, commands ignored until end of transaction block
[2026-01-26T14:41:44.534+0000] {logging_mixin.py:151} INFO -      ⚠️ Erreur ligne 889: current transaction is aborted, commands ignored until end of transaction block
[2026-01-26T14:41:44.535+0000] {logging_mixin.py:151} INFO -      ⚠️ Erreur ligne 890: current transaction is aborted, commands ignored until end of transaction block
[2026-01-26T14:41:44.536+0000] {logging_mixin.py:151} INFO -      ⚠️ Erreur ligne 891: current transaction is aborted, commands ignored until end of transaction block
[2026-01-26T14:41:44.537+0000] {logging_mixin.py:151} INFO -      ⚠️ Erreur ligne 892: current transaction is aborted, commands ignored until end of transaction block
[2026-01-26T14:41:44.540+0000] {logging_mixin.py:151} INFO -      ⚠️ Erreur ligne 893: current transaction is aborted, commands ignored until end of transaction block
[2026-01-26T14:41:44.541+0000] {logging_mixin.py:151} INFO -      ⚠️ Erreur ligne 894: current transaction is aborted, commands ignored until end of transaction block
[2026-01-26T14:41:44.543+0000] {logging_mixin.py:151} INFO -      ⚠️ Erreur ligne 895: current transaction is aborted, commands ignored until end of transaction block
[2026-01-26T14:41:44.544+0000] {logging_mixin.py:151} INFO -      ⚠️ Erreur ligne 896: current transaction is aborted, commands ignored until end of transaction block
[2026-01-26T14:41:44.545+0000] {logging_mixin.py:151} INFO -      ⚠️ Erreur ligne 897: current transaction is aborted, commands ignored until end of transaction block
[2026-01-26T14:41:44.546+0000] {logging_mixin.py:151} INFO -      ⚠️ Erreur ligne 898: current transaction is aborted, commands ignored until end of transaction block
[2026-01-26T14:41:44.547+0000] {logging_mixin.py:151} INFO -      ⚠️ Erreur ligne 899: current transaction is aborted, commands ignored until end of transaction block
[2026-01-26T14:41:44.548+0000] {logging_mixin.py:151} INFO -      ⚠️ Erreur ligne 900: current transaction is aborted, commands ignored until end of transaction block
[2026-01-26T14:41:44.549+0000] {logging_mixin.py:151} INFO -      ⚠️ Erreur ligne 901: current transaction is aborted, commands ignored until end of transaction block
[2026-01-26T14:41:44.550+0000] {logging_mixin.py:151} INFO -      ⚠️ Erreur ligne 902: current transaction is aborted, commands ignored until end of transaction block
[2026-01-26T14:41:44.551+0000] {logging_mixin.py:151} INFO -      ⚠️ Erreur ligne 903: current transaction is aborted, commands ignored until end of transaction block
[2026-01-26T14:41:44.552+0000] {logging_mixin.py:151} INFO -      ⚠️ Erreur ligne 904: current transaction is aborted, commands ignored until end of transaction block
[2026-01-26T14:41:44.553+0000] {logging_mixin.py:151} INFO -      ⚠️ Erreur ligne 905: current transaction is aborted, commands ignored until end of transaction block
[2026-01-26T14:41:44.554+0000] {logging_mixin.py:151} INFO -      ⚠️ Erreur ligne 906: current transaction is aborted, commands ignored until end of transaction block
[2026-01-26T14:41:44.554+0000] {logging_mixin.py:151} INFO -      ⚠️ Erreur ligne 907: current transaction is aborted, commands ignored until end of transaction block
[2026-01-26T14:41:44.555+0000] {logging_mixin.py:151} INFO -      ⚠️ Erreur ligne 908: current transaction is aborted, commands ignored until end of transaction block
[2026-01-26T14:41:44.557+0000] {logging_mixin.py:151} INFO -      ⚠️ Erreur ligne 909: current transaction is aborted, commands ignored until end of transaction block
[2026-01-26T14:41:44.558+0000] {logging_mixin.py:151} INFO -      ⚠️ Erreur ligne 910: current transaction is aborted, commands ignored until end of transaction block
[2026-01-26T14:41:44.559+0000] {logging_mixin.py:151} INFO -      ⚠️ Erreur ligne 911: current transaction is aborted, commands ignored until end of transaction block
[2026-01-26T14:41:44.560+0000] {logging_mixin.py:151} INFO -      ⚠️ Erreur ligne 912: current transaction is aborted, commands ignored until end of transaction block
[2026-01-26T14:41:44.561+0000] {logging_mixin.py:151} INFO -      ⚠️ Erreur ligne 913: current transaction is aborted, commands ignored until end of transaction block
[2026-01-26T14:41:44.562+0000] {logging_mixin.py:151} INFO -      ⚠️ Erreur ligne 914: current transaction is aborted, commands ignored until end of transaction block
[2026-01-26T14:41:44.563+0000] {logging_mixin.py:151} INFO -      ⚠️ Erreur ligne 915: current transaction is aborted, commands ignored until end of transaction block
[2026-01-26T14:41:44.564+0000] {logging_mixin.py:151} INFO -      ⚠️ Erreur ligne 916: current transaction is aborted, commands ignored until end of transaction block
[2026-01-26T14:41:44.565+0000] {logging_mixin.py:151} INFO -      ⚠️ Erreur ligne 917: current transaction is aborted, commands ignored until end of transaction block
[2026-01-26T14:41:44.566+0000] {logging_mixin.py:151} INFO -      ⚠️ Erreur ligne 918: current transaction is aborted, commands ignored until end of transaction block
[2026-01-26T14:41:44.566+0000] {logging_mixin.py:151} INFO -      ⚠️ Erreur ligne 919: current transaction is aborted, commands ignored until end of transaction block
[2026-01-26T14:41:44.567+0000] {logging_mixin.py:151} INFO -      ⚠️ Erreur ligne 920: current transaction is aborted, commands ignored until end of transaction block
[2026-01-26T14:41:44.568+0000] {logging_mixin.py:151} INFO -      ⚠️ Erreur ligne 921: current transaction is aborted, commands ignored until end of transaction block
[2026-01-26T14:41:44.570+0000] {logging_mixin.py:151} INFO -      ⚠️ Erreur ligne 922: current transaction is aborted, commands ignored until end of transaction block
[2026-01-26T14:41:44.570+0000] {logging_mixin.py:151} INFO -      ⚠️ Erreur ligne 923: current transaction is aborted, commands ignored until end of transaction block
[2026-01-26T14:41:44.571+0000] {logging_mixin.py:151} INFO -      ⚠️ Erreur ligne 924: current transaction is aborted, commands ignored until end of transaction block
[2026-01-26T14:41:44.572+0000] {logging_mixin.py:151} INFO -      ⚠️ Erreur ligne 925: current transaction is aborted, commands ignored until end of transaction block
[2026-01-26T14:41:44.573+0000] {logging_mixin.py:151} INFO -      ⚠️ Erreur ligne 926: current transaction is aborted, commands ignored until end of transaction block
[2026-01-26T14:41:44.575+0000] {logging_mixin.py:151} INFO -      ⚠️ Erreur ligne 927: current transaction is aborted, commands ignored until end of transaction block
[2026-01-26T14:41:44.576+0000] {logging_mixin.py:151} INFO -      ⚠️ Erreur ligne 928: current transaction is aborted, commands ignored until end of transaction block
[2026-01-26T14:41:44.577+0000] {logging_mixin.py:151} INFO -      ⚠️ Erreur ligne 929: current transaction is aborted, commands ignored until end of transaction block
[2026-01-26T14:41:44.577+0000] {logging_mixin.py:151} INFO -      ⚠️ Erreur ligne 930: current transaction is aborted, commands ignored until end of transaction block
[2026-01-26T14:41:44.578+0000] {logging_mixin.py:151} INFO -      ⚠️ Erreur ligne 931: current transaction is aborted, commands ignored until end of transaction block
[2026-01-26T14:41:44.579+0000] {logging_mixin.py:151} INFO -      ⚠️ Erreur ligne 932: current transaction is aborted, commands ignored until end of transaction block
[2026-01-26T14:41:44.580+0000] {logging_mixin.py:151} INFO -      ⚠️ Erreur ligne 933: current transaction is aborted, commands ignored until end of transaction block
[2026-01-26T14:41:44.581+0000] {logging_mixin.py:151} INFO -      ⚠️ Erreur ligne 934: current transaction is aborted, commands ignored until end of transaction block
[2026-01-26T14:41:44.582+0000] {logging_mixin.py:151} INFO -      ⚠️ Erreur ligne 935: current transaction is aborted, commands ignored until end of transaction block
[2026-01-26T14:41:44.582+0000] {logging_mixin.py:151} INFO -      ⚠️ Erreur ligne 936: current transaction is aborted, commands ignored until end of transaction block
[2026-01-26T14:41:44.583+0000] {logging_mixin.py:151} INFO -      ⚠️ Erreur ligne 937: current transaction is aborted, commands ignored until end of transaction block
[2026-01-26T14:41:44.585+0000] {logging_mixin.py:151} INFO -      ⚠️ Erreur ligne 938: current transaction is aborted, commands ignored until end of transaction block
[2026-01-26T14:41:44.586+0000] {logging_mixin.py:151} INFO -      ⚠️ Erreur ligne 939: current transaction is aborted, commands ignored until end of transaction block
[2026-01-26T14:41:44.587+0000] {logging_mixin.py:151} INFO -      ⚠️ Erreur ligne 940: current transaction is aborted, commands ignored until end of transaction block
[2026-01-26T14:41:44.588+0000] {logging_mixin.py:151} INFO -      ⚠️ Erreur ligne 941: current transaction is aborted, commands ignored until end of transaction block
[2026-01-26T14:41:44.589+0000] {logging_mixin.py:151} INFO -      ⚠️ Erreur ligne 942: current transaction is aborted, commands ignored until end of transaction block
[2026-01-26T14:41:44.590+0000] {logging_mixin.py:151} INFO -      ⚠️ Erreur ligne 943: current transaction is aborted, commands ignored until end of transaction block
[2026-01-26T14:41:44.591+0000] {logging_mixin.py:151} INFO -      ⚠️ Erreur ligne 944: current transaction is aborted, commands ignored until end of transaction block
[2026-01-26T14:41:44.592+0000] {logging_mixin.py:151} INFO -      ⚠️ Erreur ligne 945: current transaction is aborted, commands ignored until end of transaction block
[2026-01-26T14:41:44.593+0000] {logging_mixin.py:151} INFO -      ⚠️ Erreur ligne 946: current transaction is aborted, commands ignored until end of transaction block
[2026-01-26T14:41:44.593+0000] {logging_mixin.py:151} INFO -      ⚠️ Erreur ligne 947: current transaction is aborted, commands ignored until end of transaction block
[2026-01-26T14:41:44.594+0000] {logging_mixin.py:151} INFO -      ⚠️ Erreur ligne 948: current transaction is aborted, commands ignored until end of transaction block
[2026-01-26T14:41:44.595+0000] {logging_mixin.py:151} INFO -      ⚠️ Erreur ligne 949: current transaction is aborted, commands ignored until end of transaction block
[2026-01-26T14:41:44.596+0000] {logging_mixin.py:151} INFO -      ⚠️ Erreur ligne 950: current transaction is aborted, commands ignored until end of transaction block
[2026-01-26T14:41:44.597+0000] {logging_mixin.py:151} INFO -      ⚠️ Erreur ligne 951: current transaction is aborted, commands ignored until end of transaction block
[2026-01-26T14:41:44.598+0000] {logging_mixin.py:151} INFO -      ⚠️ Erreur ligne 952: current transaction is aborted, commands ignored until end of transaction block
[2026-01-26T14:41:44.599+0000] {logging_mixin.py:151} INFO -      ⚠️ Erreur ligne 953: current transaction is aborted, commands ignored until end of transaction block
[2026-01-26T14:41:44.600+0000] {logging_mixin.py:151} INFO -      ⚠️ Erreur ligne 954: current transaction is aborted, commands ignored until end of transaction block
[2026-01-26T14:41:44.602+0000] {logging_mixin.py:151} INFO -      ⚠️ Erreur ligne 955: current transaction is aborted, commands ignored until end of transaction block
[2026-01-26T14:41:44.603+0000] {logging_mixin.py:151} INFO -      ⚠️ Erreur ligne 956: current transaction is aborted, commands ignored until end of transaction block
[2026-01-26T14:41:44.604+0000] {logging_mixin.py:151} INFO -      ⚠️ Erreur ligne 957: current transaction is aborted, commands ignored until end of transaction block
[2026-01-26T14:41:44.605+0000] {logging_mixin.py:151} INFO -      ⚠️ Erreur ligne 958: current transaction is aborted, commands ignored until end of transaction block
[2026-01-26T14:41:44.606+0000] {logging_mixin.py:151} INFO -      ⚠️ Erreur ligne 959: current transaction is aborted, commands ignored until end of transaction block
[2026-01-26T14:41:44.607+0000] {logging_mixin.py:151} INFO -      ⚠️ Erreur ligne 960: current transaction is aborted, commands ignored until end of transaction block
[2026-01-26T14:41:44.608+0000] {logging_mixin.py:151} INFO -      ⚠️ Erreur ligne 961: current transaction is aborted, commands ignored until end of transaction block
[2026-01-26T14:41:44.609+0000] {logging_mixin.py:151} INFO -      ⚠️ Erreur ligne 962: current transaction is aborted, commands ignored until end of transaction block
[2026-01-26T14:41:44.610+0000] {logging_mixin.py:151} INFO -      ⚠️ Erreur ligne 963: current transaction is aborted, commands ignored until end of transaction block
[2026-01-26T14:41:44.611+0000] {logging_mixin.py:151} INFO -      ⚠️ Erreur ligne 964: current transaction is aborted, commands ignored until end of transaction block
[2026-01-26T14:41:44.612+0000] {logging_mixin.py:151} INFO -      ⚠️ Erreur ligne 965: current transaction is aborted, commands ignored until end of transaction block
[2026-01-26T14:41:44.614+0000] {logging_mixin.py:151} INFO -      ⚠️ Erreur ligne 966: current transaction is aborted, commands ignored until end of transaction block
[2026-01-26T14:41:44.615+0000] {logging_mixin.py:151} INFO -      ⚠️ Erreur ligne 967: current transaction is aborted, commands ignored until end of transaction block
[2026-01-26T14:41:44.616+0000] {logging_mixin.py:151} INFO -      ⚠️ Erreur ligne 968: current transaction is aborted, commands ignored until end of transaction block
[2026-01-26T14:41:44.617+0000] {logging_mixin.py:151} INFO -      ⚠️ Erreur ligne 969: current transaction is aborted, commands ignored until end of transaction block
[2026-01-26T14:41:44.618+0000] {logging_mixin.py:151} INFO -      ⚠️ Erreur ligne 970: current transaction is aborted, commands ignored until end of transaction block
[2026-01-26T14:41:44.619+0000] {logging_mixin.py:151} INFO -      ⚠️ Erreur ligne 971: current transaction is aborted, commands ignored until end of transaction block
[2026-01-26T14:41:44.620+0000] {logging_mixin.py:151} INFO -      ⚠️ Erreur ligne 972: current transaction is aborted, commands ignored until end of transaction block
[2026-01-26T14:41:44.621+0000] {logging_mixin.py:151} INFO -      ⚠️ Erreur ligne 973: current transaction is aborted, commands ignored until end of transaction block
[2026-01-26T14:41:44.622+0000] {logging_mixin.py:151} INFO -      ⚠️ Erreur ligne 974: current transaction is aborted, commands ignored until end of transaction block
[2026-01-26T14:41:44.623+0000] {logging_mixin.py:151} INFO -      ⚠️ Erreur ligne 975: current transaction is aborted, commands ignored until end of transaction block
[2026-01-26T14:41:44.624+0000] {logging_mixin.py:151} INFO -      ⚠️ Erreur ligne 976: current transaction is aborted, commands ignored until end of transaction block
[2026-01-26T14:41:44.625+0000] {logging_mixin.py:151} INFO -      ⚠️ Erreur ligne 977: current transaction is aborted, commands ignored until end of transaction block
[2026-01-26T14:41:44.626+0000] {logging_mixin.py:151} INFO -      ⚠️ Erreur ligne 978: current transaction is aborted, commands ignored until end of transaction block
[2026-01-26T14:41:44.628+0000] {logging_mixin.py:151} INFO -      ⚠️ Erreur ligne 979: current transaction is aborted, commands ignored until end of transaction block
[2026-01-26T14:41:44.629+0000] {logging_mixin.py:151} INFO -      ⚠️ Erreur ligne 980: current transaction is aborted, commands ignored until end of transaction block
[2026-01-26T14:41:44.630+0000] {logging_mixin.py:151} INFO -      ⚠️ Erreur ligne 981: current transaction is aborted, commands ignored until end of transaction block
[2026-01-26T14:41:44.631+0000] {logging_mixin.py:151} INFO -      ⚠️ Erreur ligne 982: current transaction is aborted, commands ignored until end of transaction block
[2026-01-26T14:41:44.632+0000] {logging_mixin.py:151} INFO -      ⚠️ Erreur ligne 983: current transaction is aborted, commands ignored until end of transaction block
[2026-01-26T14:41:44.632+0000] {logging_mixin.py:151} INFO -      ⚠️ Erreur ligne 984: current transaction is aborted, commands ignored until end of transaction block
[2026-01-26T14:41:44.633+0000] {logging_mixin.py:151} INFO -      ⚠️ Erreur ligne 985: current transaction is aborted, commands ignored until end of transaction block
[2026-01-26T14:41:44.634+0000] {logging_mixin.py:151} INFO -      ⚠️ Erreur ligne 986: current transaction is aborted, commands ignored until end of transaction block
[2026-01-26T14:41:44.635+0000] {logging_mixin.py:151} INFO -      ⚠️ Erreur ligne 987: current transaction is aborted, commands ignored until end of transaction block
[2026-01-26T14:41:44.636+0000] {logging_mixin.py:151} INFO -      ⚠️ Erreur ligne 988: current transaction is aborted, commands ignored until end of transaction block
[2026-01-26T14:41:44.637+0000] {logging_mixin.py:151} INFO -      ⚠️ Erreur ligne 989: current transaction is aborted, commands ignored until end of transaction block
[2026-01-26T14:41:44.638+0000] {logging_mixin.py:151} INFO -      ⚠️ Erreur ligne 990: current transaction is aborted, commands ignored until end of transaction block
[2026-01-26T14:41:44.639+0000] {logging_mixin.py:151} INFO -      ⚠️ Erreur ligne 991: current transaction is aborted, commands ignored until end of transaction block
[2026-01-26T14:41:44.640+0000] {logging_mixin.py:151} INFO -      ⚠️ Erreur ligne 992: current transaction is aborted, commands ignored until end of transaction block
[2026-01-26T14:41:44.641+0000] {logging_mixin.py:151} INFO -      ⚠️ Erreur ligne 993: current transaction is aborted, commands ignored until end of transaction block
[2026-01-26T14:41:44.642+0000] {logging_mixin.py:151} INFO -      ⚠️ Erreur ligne 994: current transaction is aborted, commands ignored until end of transaction block
[2026-01-26T14:41:44.643+0000] {logging_mixin.py:151} INFO -      ⚠️ Erreur ligne 995: current transaction is aborted, commands ignored until end of transaction block
[2026-01-26T14:41:44.644+0000] {logging_mixin.py:151} INFO -      ⚠️ Erreur ligne 996: current transaction is aborted, commands ignored until end of transaction block
[2026-01-26T14:41:44.645+0000] {logging_mixin.py:151} INFO -      ⚠️ Erreur ligne 997: current transaction is aborted, commands ignored until end of transaction block
[2026-01-26T14:41:44.646+0000] {logging_mixin.py:151} INFO -      ⚠️ Erreur ligne 998: current transaction is aborted, commands ignored until end of transaction block
[2026-01-26T14:41:44.647+0000] {logging_mixin.py:151} INFO -      ⚠️ Erreur ligne 999: current transaction is aborted, commands ignored until end of transaction block
[2026-01-26T14:41:44.648+0000] {logging_mixin.py:151} INFO -      ⚠️ Erreur ligne 1000: current transaction is aborted, commands ignored until end of transaction block
[2026-01-26T14:41:44.649+0000] {logging_mixin.py:151} INFO -      ⚠️ Erreur ligne 1001: current transaction is aborted, commands ignored until end of transaction block
[2026-01-26T14:41:44.649+0000] {logging_mixin.py:151} INFO -      ⚠️ Erreur ligne 1002: current transaction is aborted, commands ignored until end of transaction block
[2026-01-26T14:41:44.650+0000] {logging_mixin.py:151} INFO -      ⚠️ Erreur ligne 1003: current transaction is aborted, commands ignored until end of transaction block
[2026-01-26T14:41:44.651+0000] {logging_mixin.py:151} INFO -      ⚠️ Erreur ligne 1004: current transaction is aborted, commands ignored until end of transaction block
[2026-01-26T14:41:44.652+0000] {logging_mixin.py:151} INFO -      ⚠️ Erreur ligne 1005: current transaction is aborted, commands ignored until end of transaction block
[2026-01-26T14:41:44.653+0000] {logging_mixin.py:151} INFO -      ⚠️ Erreur ligne 1006: current transaction is aborted, commands ignored until end of transaction block
[2026-01-26T14:41:44.654+0000] {logging_mixin.py:151} INFO -      ⚠️ Erreur ligne 1007: current transaction is aborted, commands ignored until end of transaction block
[2026-01-26T14:41:44.655+0000] {logging_mixin.py:151} INFO -      ⚠️ Erreur ligne 1008: current transaction is aborted, commands ignored until end of transaction block
[2026-01-26T14:41:44.656+0000] {logging_mixin.py:151} INFO -      ⚠️ Erreur ligne 1009: current transaction is aborted, commands ignored until end of transaction block
[2026-01-26T14:41:44.657+0000] {logging_mixin.py:151} INFO -      ⚠️ Erreur ligne 1010: current transaction is aborted, commands ignored until end of transaction block
[2026-01-26T14:41:44.658+0000] {logging_mixin.py:151} INFO -      ⚠️ Erreur ligne 1011: current transaction is aborted, commands ignored until end of transaction block
[2026-01-26T14:41:44.659+0000] {logging_mixin.py:151} INFO -      ⚠️ Erreur ligne 1012: current transaction is aborted, commands ignored until end of transaction block
[2026-01-26T14:41:44.660+0000] {logging_mixin.py:151} INFO -      ⚠️ Erreur ligne 1013: current transaction is aborted, commands ignored until end of transaction block
[2026-01-26T14:41:44.661+0000] {logging_mixin.py:151} INFO -      ⚠️ Erreur ligne 1014: current transaction is aborted, commands ignored until end of transaction block
[2026-01-26T14:41:44.662+0000] {logging_mixin.py:151} INFO -      ⚠️ Erreur ligne 1015: current transaction is aborted, commands ignored until end of transaction block
[2026-01-26T14:41:44.663+0000] {logging_mixin.py:151} INFO -      ⚠️ Erreur ligne 1016: current transaction is aborted, commands ignored until end of transaction block
[2026-01-26T14:41:44.664+0000] {logging_mixin.py:151} INFO -      ⚠️ Erreur ligne 1017: current transaction is aborted, commands ignored until end of transaction block
[2026-01-26T14:41:44.664+0000] {logging_mixin.py:151} INFO -      ✅ Insertion terminée: 0 insérées, 0 ignorées (doublons)
[2026-01-26T14:41:44.664+0000] {logging_mixin.py:151} INFO - 
================================================================================
[2026-01-26T14:41:44.665+0000] {logging_mixin.py:151} INFO - 📄 Traitement de : GOOGL_2026-01-26 06:13:31.897613+00:00.csv
[2026-01-26T14:41:44.665+0000] {logging_mixin.py:151} INFO - ================================================================================
[2026-01-26T14:41:44.665+0000] {logging_mixin.py:151} INFO -   1️⃣ Lecture du CSV...
[2026-01-26T14:41:44.673+0000] {logging_mixin.py:151} INFO -      ✅ Lu 1018 lignes
[2026-01-26T14:41:44.674+0000] {logging_mixin.py:151} INFO -      Colonnes: ['Date', 'Open', 'High', 'Low', 'Close', 'Volume', 'Dividends', 'Stock Splits', 'symbol', 'extracted_at']
[2026-01-26T14:41:44.674+0000] {logging_mixin.py:151} INFO -   2️⃣ Nettoyage des colonnes...
[2026-01-26T14:41:44.675+0000] {logging_mixin.py:151} INFO -      ✅ Colonnes nettoyées: ['date', 'open', 'high', 'low', 'close', 'volume', 'dividends', 'stock_splits', 'symbol', 'extracted_at']
[2026-01-26T14:41:44.675+0000] {logging_mixin.py:151} INFO -   3️⃣ Conversion des dates...
[2026-01-26T14:41:44.687+0000] {logging_mixin.py:151} INFO -      ✅ Dates converties
[2026-01-26T14:41:44.687+0000] {logging_mixin.py:151} INFO -   4️⃣ Nettoyage des données...
[2026-01-26T14:41:44.691+0000] {logging_mixin.py:151} INFO -      ✅ 1018 → 1018 lignes (après nettoyage)
[2026-01-26T14:41:44.691+0000] {logging_mixin.py:151} INFO -   5️⃣ Connexion à la base de données...
[2026-01-26T14:41:44.695+0000] {logging_mixin.py:151} INFO -      ✅ Connecté
[2026-01-26T14:41:44.695+0000] {logging_mixin.py:151} INFO -   6️⃣ Insertion des données...
[2026-01-26T14:41:44.698+0000] {logging_mixin.py:151} INFO -      ⚠️ Erreur ligne 0: relation "stock_prices" does not exist
LINE 2:                 INSERT INTO stock_prices (
                                    ^
[2026-01-26T14:41:44.698+0000] {logging_mixin.py:151} INFO -         Détails: Traceback (most recent call last):
  File "/opt/***/dags/stock_etl_simple.py", line 106, in process_stocks
    cur.execute(insert_query, values)
psycopg2.errors.UndefinedTable: relation "stock_prices" does not exist
LINE 2:                 INSERT INTO stock_prices (
                                    ^
[2026-01-26T14:41:44.699+0000] {logging_mixin.py:151} INFO -      ⚠️ Erreur ligne 1: current transaction is aborted, commands ignored until end of transaction block
[2026-01-26T14:41:44.700+0000] {logging_mixin.py:151} INFO -         Détails: Traceback (most recent call last):
  File "/opt/***/dags/stock_etl_simple.py", line 106, in process_stocks
    cur.execute(insert_query, values)
psycopg2.errors.InFailedSqlTransaction: current transaction is aborted, commands ignored until end of transaction block
[2026-01-26T14:41:44.701+0000] {logging_mixin.py:151} INFO -      ⚠️ Erreur ligne 2: current transaction is aborted, commands ignored until end of transaction block
[2026-01-26T14:41:44.701+0000] {logging_mixin.py:151} INFO -         Détails: Traceback (most recent call last):
  File "/opt/***/dags/stock_etl_simple.py", line 106, in process_stocks
    cur.execute(insert_query, values)
psycopg2.errors.InFailedSqlTransaction: current transaction is aborted, commands ignored until end of transaction block
[2026-01-26T14:41:44.702+0000] {logging_mixin.py:151} INFO -      ⚠️ Erreur ligne 3: current transaction is aborted, commands ignored until end of transaction block
[2026-01-26T14:41:44.702+0000] {logging_mixin.py:151} INFO -         Détails: Traceback (most recent call last):
  File "/opt/***/dags/stock_etl_simple.py", line 106, in process_stocks
    cur.execute(insert_query, values)
psycopg2.errors.InFailedSqlTransaction: current transaction is aborted, commands ignored until end of transaction block
[2026-01-26T14:41:44.703+0000] {logging_mixin.py:151} INFO -      ⚠️ Erreur ligne 4: current transaction is aborted, commands ignored until end of transaction block
[2026-01-26T14:41:44.704+0000] {logging_mixin.py:151} INFO -         Détails: Traceback (most recent call last):
  File "/opt/***/dags/stock_etl_simple.py", line 106, in process_stocks
    cur.execute(insert_query, values)
psycopg2.errors.InFailedSqlTransaction: current transaction is aborted, commands ignored until end of transaction block
[2026-01-26T14:41:44.705+0000] {logging_mixin.py:151} INFO -      ⚠️ Erreur ligne 5: current transaction is aborted, commands ignored until end of transaction block
[2026-01-26T14:41:44.705+0000] {logging_mixin.py:151} INFO -      ⚠️ Erreur ligne 6: current transaction is aborted, commands ignored until end of transaction block
[2026-01-26T14:41:44.706+0000] {logging_mixin.py:151} INFO -      ⚠️ Erreur ligne 7: current transaction is aborted, commands ignored until end of transaction block
[2026-01-26T14:41:44.708+0000] {logging_mixin.py:151} INFO -      ⚠️ Erreur ligne 8: current transaction is aborted, commands ignored until end of transaction block
[2026-01-26T14:41:44.709+0000] {logging_mixin.py:151} INFO -      ⚠️ Erreur ligne 9: current transaction is aborted, commands ignored until end of transaction block
[2026-01-26T14:41:44.710+0000] {logging_mixin.py:151} INFO -      ⚠️ Erreur ligne 10: current transaction is aborted, commands ignored until end of transaction block
[2026-01-26T14:41:44.711+0000] {logging_mixin.py:151} INFO -      ⚠️ Erreur ligne 11: current transaction is aborted, commands ignored until end of transaction block
[2026-01-26T14:41:44.712+0000] {logging_mixin.py:151} INFO -      ⚠️ Erreur ligne 12: current transaction is aborted, commands ignored until end of transaction block
[2026-01-26T14:41:44.713+0000] {logging_mixin.py:151} INFO -      ⚠️ Erreur ligne 13: current transaction is aborted, commands ignored until end of transaction block
[2026-01-26T14:41:44.714+0000] {logging_mixin.py:151} INFO -      ⚠️ Erreur ligne 14: current transaction is aborted, commands ignored until end of transaction block
[2026-01-26T14:41:44.715+0000] {logging_mixin.py:151} INFO -      ⚠️ Erreur ligne 15: current transaction is aborted, commands ignored until end of transaction block
[2026-01-26T14:41:44.716+0000] {logging_mixin.py:151} INFO -      ⚠️ Erreur ligne 16: current transaction is aborted, commands ignored until end of transaction block
[2026-01-26T14:41:44.717+0000] {logging_mixin.py:151} INFO -      ⚠️ Erreur ligne 17: current transaction is aborted, commands ignored until end of transaction block
[2026-01-26T14:41:44.718+0000] {logging_mixin.py:151} INFO -      ⚠️ Erreur ligne 18: current transaction is aborted, commands ignored until end of transaction block
[2026-01-26T14:41:44.718+0000] {logging_mixin.py:151} INFO -      ⚠️ Erreur ligne 19: current transaction is aborted, commands ignored until end of transaction block
[2026-01-26T14:41:44.719+0000] {logging_mixin.py:151} INFO -      ⚠️ Erreur ligne 20: current transaction is aborted, commands ignored until end of transaction block
[2026-01-26T14:41:44.720+0000] {logging_mixin.py:151} INFO -      ⚠️ Erreur ligne 21: current transaction is aborted, commands ignored until end of transaction block
[2026-01-26T14:41:44.721+0000] {logging_mixin.py:151} INFO -      ⚠️ Erreur ligne 22: current transaction is aborted, commands ignored until end of transaction block
[2026-01-26T14:41:44.723+0000] {logging_mixin.py:151} INFO -      ⚠️ Erreur ligne 23: current transaction is aborted, commands ignored until end of transaction block
[2026-01-26T14:41:44.724+0000] {logging_mixin.py:151} INFO -      ⚠️ Erreur ligne 24: current transaction is aborted, commands ignored until end of transaction block
[2026-01-26T14:41:44.725+0000] {logging_mixin.py:151} INFO -      ⚠️ Erreur ligne 25: current transaction is aborted, commands ignored until end of transaction block
[2026-01-26T14:41:44.726+0000] {logging_mixin.py:151} INFO -      ⚠️ Erreur ligne 26: current transaction is aborted, commands ignored until end of transaction block
[2026-01-26T14:41:44.728+0000] {logging_mixin.py:151} INFO -      ⚠️ Erreur ligne 27: current transaction is aborted, commands ignored until end of transaction block
[2026-01-26T14:41:44.729+0000] {logging_mixin.py:151} INFO -      ⚠️ Erreur ligne 28: current transaction is aborted, commands ignored until end of transaction block
[2026-01-26T14:41:44.730+0000] {logging_mixin.py:151} INFO -      ⚠️ Erreur ligne 29: current transaction is aborted, commands ignored until end of transaction block
[2026-01-26T14:41:44.731+0000] {logging_mixin.py:151} INFO -      ⚠️ Erreur ligne 30: current transaction is aborted, commands ignored until end of transaction block
[2026-01-26T14:41:44.732+0000] {logging_mixin.py:151} INFO -      ⚠️ Erreur ligne 31: current transaction is aborted, commands ignored until end of transaction block
[2026-01-26T14:41:44.734+0000] {logging_mixin.py:151} INFO -      ⚠️ Erreur ligne 32: current transaction is aborted, commands ignored until end of transaction block
[2026-01-26T14:41:44.735+0000] {logging_mixin.py:151} INFO -      ⚠️ Erreur ligne 33: current transaction is aborted, commands ignored until end of transaction block
[2026-01-26T14:41:44.736+0000] {logging_mixin.py:151} INFO -      ⚠️ Erreur ligne 34: current transaction is aborted, commands ignored until end of transaction block
[2026-01-26T14:41:44.737+0000] {logging_mixin.py:151} INFO -      ⚠️ Erreur ligne 35: current transaction is aborted, commands ignored until end of transaction block
[2026-01-26T14:41:44.738+0000] {logging_mixin.py:151} INFO -      ⚠️ Erreur ligne 36: current transaction is aborted, commands ignored until end of transaction block
[2026-01-26T14:41:44.739+0000] {logging_mixin.py:151} INFO -      ⚠️ Erreur ligne 37: current transaction is aborted, commands ignored until end of transaction block
[2026-01-26T14:41:44.740+0000] {logging_mixin.py:151} INFO -      ⚠️ Erreur ligne 38: current transaction is aborted, commands ignored until end of transaction block
[2026-01-26T14:41:44.741+0000] {logging_mixin.py:151} INFO -      ⚠️ Erreur ligne 39: current transaction is aborted, commands ignored until end of transaction block
[2026-01-26T14:41:44.742+0000] {logging_mixin.py:151} INFO -      ⚠️ Erreur ligne 40: current transaction is aborted, commands ignored until end of transaction block
[2026-01-26T14:41:44.743+0000] {logging_mixin.py:151} INFO -      ⚠️ Erreur ligne 41: current transaction is aborted, commands ignored until end of transaction block
[2026-01-26T14:41:44.744+0000] {logging_mixin.py:151} INFO -      ⚠️ Erreur ligne 42: current transaction is aborted, commands ignored until end of transaction block
[2026-01-26T14:41:44.745+0000] {logging_mixin.py:151} INFO -      ⚠️ Erreur ligne 43: current transaction is aborted, commands ignored until end of transaction block
[2026-01-26T14:41:44.746+0000] {logging_mixin.py:151} INFO -      ⚠️ Erreur ligne 44: current transaction is aborted, commands ignored until end of transaction block
[2026-01-26T14:41:44.747+0000] {logging_mixin.py:151} INFO -      ⚠️ Erreur ligne 45: current transaction is aborted, commands ignored until end of transaction block
[2026-01-26T14:41:44.748+0000] {logging_mixin.py:151} INFO -      ⚠️ Erreur ligne 46: current transaction is aborted, commands ignored until end of transaction block
[2026-01-26T14:41:44.749+0000] {logging_mixin.py:151} INFO -      ⚠️ Erreur ligne 47: current transaction is aborted, commands ignored until end of transaction block
[2026-01-26T14:41:44.749+0000] {logging_mixin.py:151} INFO -      ⚠️ Erreur ligne 48: current transaction is aborted, commands ignored until end of transaction block
[2026-01-26T14:41:44.750+0000] {logging_mixin.py:151} INFO -      ⚠️ Erreur ligne 49: current transaction is aborted, commands ignored until end of transaction block
[2026-01-26T14:41:44.751+0000] {logging_mixin.py:151} INFO -      ⚠️ Erreur ligne 50: current transaction is aborted, commands ignored until end of transaction block
[2026-01-26T14:41:44.753+0000] {logging_mixin.py:151} INFO -      ⚠️ Erreur ligne 51: current transaction is aborted, commands ignored until end of transaction block
[2026-01-26T14:41:44.754+0000] {logging_mixin.py:151} INFO -      ⚠️ Erreur ligne 52: current transaction is aborted, commands ignored until end of transaction block
[2026-01-26T14:41:44.755+0000] {logging_mixin.py:151} INFO -      ⚠️ Erreur ligne 53: current transaction is aborted, commands ignored until end of transaction block
[2026-01-26T14:41:44.756+0000] {logging_mixin.py:151} INFO -      ⚠️ Erreur ligne 54: current transaction is aborted, commands ignored until end of transaction block
[2026-01-26T14:41:44.757+0000] {logging_mixin.py:151} INFO -      ⚠️ Erreur ligne 55: current transaction is aborted, commands ignored until end of transaction block
[2026-01-26T14:41:44.758+0000] {logging_mixin.py:151} INFO -      ⚠️ Erreur ligne 56: current transaction is aborted, commands ignored until end of transaction block
[2026-01-26T14:41:44.759+0000] {logging_mixin.py:151} INFO -      ⚠️ Erreur ligne 57: current transaction is aborted, commands ignored until end of transaction block
[2026-01-26T14:41:44.760+0000] {logging_mixin.py:151} INFO -      ⚠️ Erreur ligne 58: current transaction is aborted, commands ignored until end of transaction block
[2026-01-26T14:41:44.761+0000] {logging_mixin.py:151} INFO -      ⚠️ Erreur ligne 59: current transaction is aborted, commands ignored until end of transaction block
[2026-01-26T14:41:44.762+0000] {logging_mixin.py:151} INFO -      ⚠️ Erreur ligne 60: current transaction is aborted, commands ignored until end of transaction block
[2026-01-26T14:41:44.763+0000] {logging_mixin.py:151} INFO -      ⚠️ Erreur ligne 61: current transaction is aborted, commands ignored until end of transaction block
[2026-01-26T14:41:44.764+0000] {logging_mixin.py:151} INFO -      ⚠️ Erreur ligne 62: current transaction is aborted, commands ignored until end of transaction block
[2026-01-26T14:41:44.765+0000] {logging_mixin.py:151} INFO -      ⚠️ Erreur ligne 63: current transaction is aborted, commands ignored until end of transaction block
[2026-01-26T14:41:44.766+0000] {logging_mixin.py:151} INFO -      ⚠️ Erreur ligne 64: current transaction is aborted, commands ignored until end of transaction block
[2026-01-26T14:41:44.767+0000] {logging_mixin.py:151} INFO -      ⚠️ Erreur ligne 65: current transaction is aborted, commands ignored until end of transaction block
[2026-01-26T14:41:44.769+0000] {logging_mixin.py:151} INFO -      ⚠️ Erreur ligne 66: current transaction is aborted, commands ignored until end of transaction block
[2026-01-26T14:41:44.770+0000] {logging_mixin.py:151} INFO -      ⚠️ Erreur ligne 67: current transaction is aborted, commands ignored until end of transaction block
[2026-01-26T14:41:44.771+0000] {logging_mixin.py:151} INFO -      ⚠️ Erreur ligne 68: current transaction is aborted, commands ignored until end of transaction block
[2026-01-26T14:41:44.772+0000] {logging_mixin.py:151} INFO -      ⚠️ Erreur ligne 69: current transaction is aborted, commands ignored until end of transaction block
[2026-01-26T14:41:44.773+0000] {logging_mixin.py:151} INFO -      ⚠️ Erreur ligne 70: current transaction is aborted, commands ignored until end of transaction block
[2026-01-26T14:41:44.774+0000] {logging_mixin.py:151} INFO -      ⚠️ Erreur ligne 71: current transaction is aborted, commands ignored until end of transaction block
[2026-01-26T14:41:44.774+0000] {logging_mixin.py:151} INFO -      ⚠️ Erreur ligne 72: current transaction is aborted, commands ignored until end of transaction block
[2026-01-26T14:41:44.775+0000] {logging_mixin.py:151} INFO -      ⚠️ Erreur ligne 73: current transaction is aborted, commands ignored until end of transaction block
[2026-01-26T14:41:44.776+0000] {logging_mixin.py:151} INFO -      ⚠️ Erreur ligne 74: current transaction is aborted, commands ignored until end of transaction block
[2026-01-26T14:41:44.777+0000] {logging_mixin.py:151} INFO -      ⚠️ Erreur ligne 75: current transaction is aborted, commands ignored until end of transaction block
[2026-01-26T14:41:44.779+0000] {logging_mixin.py:151} INFO -      ⚠️ Erreur ligne 76: current transaction is aborted, commands ignored until end of transaction block
[2026-01-26T14:41:44.780+0000] {logging_mixin.py:151} INFO -      ⚠️ Erreur ligne 77: current transaction is aborted, commands ignored until end of transaction block
[2026-01-26T14:41:44.781+0000] {logging_mixin.py:151} INFO -      ⚠️ Erreur ligne 78: current transaction is aborted, commands ignored until end of transaction block
[2026-01-26T14:41:44.782+0000] {logging_mixin.py:151} INFO -      ⚠️ Erreur ligne 79: current transaction is aborted, commands ignored until end of transaction block
[2026-01-26T14:41:44.784+0000] {logging_mixin.py:151} INFO -      ⚠️ Erreur ligne 80: current transaction is aborted, commands ignored until end of transaction block
[2026-01-26T14:41:44.785+0000] {logging_mixin.py:151} INFO -      ⚠️ Erreur ligne 81: current transaction is aborted, commands ignored until end of transaction block
[2026-01-26T14:41:44.786+0000] {logging_mixin.py:151} INFO -      ⚠️ Erreur ligne 82: current transaction is aborted, commands ignored until end of transaction block
[2026-01-26T14:41:44.786+0000] {logging_mixin.py:151} INFO -      ⚠️ Erreur ligne 83: current transaction is aborted, commands ignored until end of transaction block
[2026-01-26T14:41:44.787+0000] {logging_mixin.py:151} INFO -      ⚠️ Erreur ligne 84: current transaction is aborted, commands ignored until end of transaction block
[2026-01-26T14:41:44.788+0000] {logging_mixin.py:151} INFO -      ⚠️ Erreur ligne 85: current transaction is aborted, commands ignored until end of transaction block
[2026-01-26T14:41:44.789+0000] {logging_mixin.py:151} INFO -      ⚠️ Erreur ligne 86: current transaction is aborted, commands ignored until end of transaction block
[2026-01-26T14:41:44.790+0000] {logging_mixin.py:151} INFO -      ⚠️ Erreur ligne 87: current transaction is aborted, commands ignored until end of transaction block
[2026-01-26T14:41:44.791+0000] {logging_mixin.py:151} INFO -      ⚠️ Erreur ligne 88: current transaction is aborted, commands ignored until end of transaction block
[2026-01-26T14:41:44.792+0000] {logging_mixin.py:151} INFO -      ⚠️ Erreur ligne 89: current transaction is aborted, commands ignored until end of transaction block
[2026-01-26T14:41:44.794+0000] {logging_mixin.py:151} INFO -      ⚠️ Erreur ligne 90: current transaction is aborted, commands ignored until end of transaction block
[2026-01-26T14:41:44.796+0000] {logging_mixin.py:151} INFO -      ⚠️ Erreur ligne 91: current transaction is aborted, commands ignored until end of transaction block
[2026-01-26T14:41:44.797+0000] {logging_mixin.py:151} INFO -      ⚠️ Erreur ligne 92: current transaction is aborted, commands ignored until end of transaction block
[2026-01-26T14:41:44.798+0000] {logging_mixin.py:151} INFO -      ⚠️ Erreur ligne 93: current transaction is aborted, commands ignored until end of transaction block
[2026-01-26T14:41:44.799+0000] {logging_mixin.py:151} INFO -      ⚠️ Erreur ligne 94: current transaction is aborted, commands ignored until end of transaction block
[2026-01-26T14:41:44.800+0000] {logging_mixin.py:151} INFO -      ⚠️ Erreur ligne 95: current transaction is aborted, commands ignored until end of transaction block
[2026-01-26T14:41:44.801+0000] {logging_mixin.py:151} INFO -      ⚠️ Erreur ligne 96: current transaction is aborted, commands ignored until end of transaction block
[2026-01-26T14:41:44.802+0000] {logging_mixin.py:151} INFO -      ⚠️ Erreur ligne 97: current transaction is aborted, commands ignored until end of transaction block
[2026-01-26T14:41:44.803+0000] {logging_mixin.py:151} INFO -      ⚠️ Erreur ligne 98: current transaction is aborted, commands ignored until end of transaction block
[2026-01-26T14:41:44.804+0000] {logging_mixin.py:151} INFO -      ⚠️ Erreur ligne 99: current transaction is aborted, commands ignored until end of transaction block
[2026-01-26T14:41:44.804+0000] {logging_mixin.py:151} INFO -      ⚠️ Erreur ligne 100: current transaction is aborted, commands ignored until end of transaction block
[2026-01-26T14:41:44.805+0000] {logging_mixin.py:151} INFO -      ⚠️ Erreur ligne 101: current transaction is aborted, commands ignored until end of transaction block
[2026-01-26T14:41:44.806+0000] {logging_mixin.py:151} INFO -      ⚠️ Erreur ligne 102: current transaction is aborted, commands ignored until end of transaction block
[2026-01-26T14:41:44.807+0000] {logging_mixin.py:151} INFO -      ⚠️ Erreur ligne 103: current transaction is aborted, commands ignored until end of transaction block
[2026-01-26T14:41:44.808+0000] {logging_mixin.py:151} INFO -      ⚠️ Erreur ligne 104: current transaction is aborted, commands ignored until end of transaction block
[2026-01-26T14:41:44.809+0000] {logging_mixin.py:151} INFO -      ⚠️ Erreur ligne 105: current transaction is aborted, commands ignored until end of transaction block
[2026-01-26T14:41:44.811+0000] {logging_mixin.py:151} INFO -      ⚠️ Erreur ligne 106: current transaction is aborted, commands ignored until end of transaction block
[2026-01-26T14:41:44.812+0000] {logging_mixin.py:151} INFO -      ⚠️ Erreur ligne 107: current transaction is aborted, commands ignored until end of transaction block
[2026-01-26T14:41:44.813+0000] {logging_mixin.py:151} INFO -      ⚠️ Erreur ligne 108: current transaction is aborted, commands ignored until end of transaction block
[2026-01-26T14:41:44.814+0000] {logging_mixin.py:151} INFO -      ⚠️ Erreur ligne 109: current transaction is aborted, commands ignored until end of transaction block
[2026-01-26T14:41:44.815+0000] {logging_mixin.py:151} INFO -      ⚠️ Erreur ligne 110: current transaction is aborted, commands ignored until end of transaction block
[2026-01-26T14:41:44.816+0000] {logging_mixin.py:151} INFO -      ⚠️ Erreur ligne 111: current transaction is aborted, commands ignored until end of transaction block
[2026-01-26T14:41:44.816+0000] {logging_mixin.py:151} INFO -      ⚠️ Erreur ligne 112: current transaction is aborted, commands ignored until end of transaction block
[2026-01-26T14:41:44.817+0000] {logging_mixin.py:151} INFO -      ⚠️ Erreur ligne 113: current transaction is aborted, commands ignored until end of transaction block
[2026-01-26T14:41:44.818+0000] {logging_mixin.py:151} INFO -      ⚠️ Erreur ligne 114: current transaction is aborted, commands ignored until end of transaction block
[2026-01-26T14:41:44.819+0000] {logging_mixin.py:151} INFO -      ⚠️ Erreur ligne 115: current transaction is aborted, commands ignored until end of transaction block
[2026-01-26T14:41:44.820+0000] {logging_mixin.py:151} INFO -      ⚠️ Erreur ligne 116: current transaction is aborted, commands ignored until end of transaction block
[2026-01-26T14:41:44.821+0000] {logging_mixin.py:151} INFO -      ⚠️ Erreur ligne 117: current transaction is aborted, commands ignored until end of transaction block
[2026-01-26T14:41:44.822+0000] {logging_mixin.py:151} INFO -      ⚠️ Erreur ligne 118: current transaction is aborted, commands ignored until end of transaction block
[2026-01-26T14:41:44.823+0000] {logging_mixin.py:151} INFO -      ⚠️ Erreur ligne 119: current transaction is aborted, commands ignored until end of transaction block
[2026-01-26T14:41:44.824+0000] {logging_mixin.py:151} INFO -      ⚠️ Erreur ligne 120: current transaction is aborted, commands ignored until end of transaction block
[2026-01-26T14:41:44.825+0000] {logging_mixin.py:151} INFO -      ⚠️ Erreur ligne 121: current transaction is aborted, commands ignored until end of transaction block
[2026-01-26T14:41:44.826+0000] {logging_mixin.py:151} INFO -      ⚠️ Erreur ligne 122: current transaction is aborted, commands ignored until end of transaction block
[2026-01-26T14:41:44.827+0000] {logging_mixin.py:151} INFO -      ⚠️ Erreur ligne 123: current transaction is aborted, commands ignored until end of transaction block
[2026-01-26T14:41:44.828+0000] {logging_mixin.py:151} INFO -      ⚠️ Erreur ligne 124: current transaction is aborted, commands ignored until end of transaction block
[2026-01-26T14:41:44.830+0000] {logging_mixin.py:151} INFO -      ⚠️ Erreur ligne 125: current transaction is aborted, commands ignored until end of transaction block
[2026-01-26T14:41:44.831+0000] {logging_mixin.py:151} INFO -      ⚠️ Erreur ligne 126: current transaction is aborted, commands ignored until end of transaction block
[2026-01-26T14:41:44.832+0000] {logging_mixin.py:151} INFO -      ⚠️ Erreur ligne 127: current transaction is aborted, commands ignored until end of transaction block
[2026-01-26T14:41:44.833+0000] {logging_mixin.py:151} INFO -      ⚠️ Erreur ligne 128: current transaction is aborted, commands ignored until end of transaction block
[2026-01-26T14:41:44.834+0000] {logging_mixin.py:151} INFO -      ⚠️ Erreur ligne 129: current transaction is aborted, commands ignored until end of transaction block
[2026-01-26T14:41:44.834+0000] {logging_mixin.py:151} INFO -      ⚠️ Erreur ligne 130: current transaction is aborted, commands ignored until end of transaction block
[2026-01-26T14:41:44.835+0000] {logging_mixin.py:151} INFO -      ⚠️ Erreur ligne 131: current transaction is aborted, commands ignored until end of transaction block
[2026-01-26T14:41:44.836+0000] {logging_mixin.py:151} INFO -      ⚠️ Erreur ligne 132: current transaction is aborted, commands ignored until end of transaction block
[2026-01-26T14:41:44.837+0000] {logging_mixin.py:151} INFO -      ⚠️ Erreur ligne 133: current transaction is aborted, commands ignored until end of transaction block
[2026-01-26T14:41:44.837+0000] {logging_mixin.py:151} INFO -      ⚠️ Erreur ligne 134: current transaction is aborted, commands ignored until end of transaction block
[2026-01-26T14:41:44.838+0000] {logging_mixin.py:151} INFO -      ⚠️ Erreur ligne 135: current transaction is aborted, commands ignored until end of transaction block
[2026-01-26T14:41:44.839+0000] {logging_mixin.py:151} INFO -      ⚠️ Erreur ligne 136: current transaction is aborted, commands ignored until end of transaction block
[2026-01-26T14:41:44.840+0000] {logging_mixin.py:151} INFO -      ⚠️ Erreur ligne 137: current transaction is aborted, commands ignored until end of transaction block
[2026-01-26T14:41:44.840+0000] {logging_mixin.py:151} INFO -      ⚠️ Erreur ligne 138: current transaction is aborted, commands ignored until end of transaction block
[2026-01-26T14:41:44.841+0000] {logging_mixin.py:151} INFO -      ⚠️ Erreur ligne 139: current transaction is aborted, commands ignored until end of transaction block
[2026-01-26T14:41:44.843+0000] {logging_mixin.py:151} INFO -      ⚠️ Erreur ligne 140: current transaction is aborted, commands ignored until end of transaction block
[2026-01-26T14:41:44.844+0000] {logging_mixin.py:151} INFO -      ⚠️ Erreur ligne 141: current transaction is aborted, commands ignored until end of transaction block
[2026-01-26T14:41:44.845+0000] {logging_mixin.py:151} INFO -      ⚠️ Erreur ligne 142: current transaction is aborted, commands ignored until end of transaction block
[2026-01-26T14:41:44.846+0000] {logging_mixin.py:151} INFO -      ⚠️ Erreur ligne 143: current transaction is aborted, commands ignored until end of transaction block
[2026-01-26T14:41:44.847+0000] {logging_mixin.py:151} INFO -      ⚠️ Erreur ligne 144: current transaction is aborted, commands ignored until end of transaction block
[2026-01-26T14:41:44.848+0000] {logging_mixin.py:151} INFO -      ⚠️ Erreur ligne 145: current transaction is aborted, commands ignored until end of transaction block
[2026-01-26T14:41:44.849+0000] {logging_mixin.py:151} INFO -      ⚠️ Erreur ligne 146: current transaction is aborted, commands ignored until end of transaction block
[2026-01-26T14:41:44.850+0000] {logging_mixin.py:151} INFO -      ⚠️ Erreur ligne 147: current transaction is aborted, commands ignored until end of transaction block
[2026-01-26T14:41:44.851+0000] {logging_mixin.py:151} INFO -      ⚠️ Erreur ligne 148: current transaction is aborted, commands ignored until end of transaction block
[2026-01-26T14:41:44.852+0000] {logging_mixin.py:151} INFO -      ⚠️ Erreur ligne 149: current transaction is aborted, commands ignored until end of transaction block
[2026-01-26T14:41:44.852+0000] {logging_mixin.py:151} INFO -      ⚠️ Erreur ligne 150: current transaction is aborted, commands ignored until end of transaction block
[2026-01-26T14:41:44.853+0000] {logging_mixin.py:151} INFO -      ⚠️ Erreur ligne 151: current transaction is aborted, commands ignored until end of transaction block
[2026-01-26T14:41:44.854+0000] {logging_mixin.py:151} INFO -      ⚠️ Erreur ligne 152: current transaction is aborted, commands ignored until end of transaction block
[2026-01-26T14:41:44.855+0000] {logging_mixin.py:151} INFO -      ⚠️ Erreur ligne 153: current transaction is aborted, commands ignored until end of transaction block
[2026-01-26T14:41:44.855+0000] {logging_mixin.py:151} INFO -      ⚠️ Erreur ligne 154: current transaction is aborted, commands ignored until end of transaction block
[2026-01-26T14:41:44.856+0000] {logging_mixin.py:151} INFO -      ⚠️ Erreur ligne 155: current transaction is aborted, commands ignored until end of transaction block
[2026-01-26T14:41:44.858+0000] {logging_mixin.py:151} INFO -      ⚠️ Erreur ligne 156: current transaction is aborted, commands ignored until end of transaction block
[2026-01-26T14:41:44.859+0000] {logging_mixin.py:151} INFO -      ⚠️ Erreur ligne 157: current transaction is aborted, commands ignored until end of transaction block
[2026-01-26T14:41:44.861+0000] {logging_mixin.py:151} INFO -      ⚠️ Erreur ligne 158: current transaction is aborted, commands ignored until end of transaction block
[2026-01-26T14:41:44.862+0000] {logging_mixin.py:151} INFO -      ⚠️ Erreur ligne 159: current transaction is aborted, commands ignored until end of transaction block
[2026-01-26T14:41:44.863+0000] {logging_mixin.py:151} INFO -      ⚠️ Erreur ligne 160: current transaction is aborted, commands ignored until end of transaction block
[2026-01-26T14:41:44.864+0000] {logging_mixin.py:151} INFO -      ⚠️ Erreur ligne 161: current transaction is aborted, commands ignored until end of transaction block
[2026-01-26T14:41:44.865+0000] {logging_mixin.py:151} INFO -      ⚠️ Erreur ligne 162: current transaction is aborted, commands ignored until end of transaction block
[2026-01-26T14:41:44.866+0000] {logging_mixin.py:151} INFO -      ⚠️ Erreur ligne 163: current transaction is aborted, commands ignored until end of transaction block
[2026-01-26T14:41:44.867+0000] {logging_mixin.py:151} INFO -      ⚠️ Erreur ligne 164: current transaction is aborted, commands ignored until end of transaction block
[2026-01-26T14:41:44.868+0000] {logging_mixin.py:151} INFO -      ⚠️ Erreur ligne 165: current transaction is aborted, commands ignored until end of transaction block
[2026-01-26T14:41:44.868+0000] {logging_mixin.py:151} INFO -      ⚠️ Erreur ligne 166: current transaction is aborted, commands ignored until end of transaction block
[2026-01-26T14:41:44.869+0000] {logging_mixin.py:151} INFO -      ⚠️ Erreur ligne 167: current transaction is aborted, commands ignored until end of transaction block
[2026-01-26T14:41:44.870+0000] {logging_mixin.py:151} INFO -      ⚠️ Erreur ligne 168: current transaction is aborted, commands ignored until end of transaction block
[2026-01-26T14:41:44.872+0000] {logging_mixin.py:151} INFO -      ⚠️ Erreur ligne 169: current transaction is aborted, commands ignored until end of transaction block
[2026-01-26T14:41:44.874+0000] {logging_mixin.py:151} INFO -      ⚠️ Erreur ligne 170: current transaction is aborted, commands ignored until end of transaction block
[2026-01-26T14:41:44.875+0000] {logging_mixin.py:151} INFO -      ⚠️ Erreur ligne 171: current transaction is aborted, commands ignored until end of transaction block
[2026-01-26T14:41:44.876+0000] {logging_mixin.py:151} INFO -      ⚠️ Erreur ligne 172: current transaction is aborted, commands ignored until end of transaction block
[2026-01-26T14:41:44.877+0000] {logging_mixin.py:151} INFO -      ⚠️ Erreur ligne 173: current transaction is aborted, commands ignored until end of transaction block
[2026-01-26T14:41:44.878+0000] {logging_mixin.py:151} INFO -      ⚠️ Erreur ligne 174: current transaction is aborted, commands ignored until end of transaction block
[2026-01-26T14:41:44.879+0000] {logging_mixin.py:151} INFO -      ⚠️ Erreur ligne 175: current transaction is aborted, commands ignored until end of transaction block
[2026-01-26T14:41:44.880+0000] {logging_mixin.py:151} INFO -      ⚠️ Erreur ligne 176: current transaction is aborted, commands ignored until end of transaction block
[2026-01-26T14:41:44.880+0000] {logging_mixin.py:151} INFO -      ⚠️ Erreur ligne 177: current transaction is aborted, commands ignored until end of transaction block
[2026-01-26T14:41:44.881+0000] {logging_mixin.py:151} INFO -      ⚠️ Erreur ligne 178: current transaction is aborted, commands ignored until end of transaction block
[2026-01-26T14:41:44.882+0000] {logging_mixin.py:151} INFO -      ⚠️ Erreur ligne 179: current transaction is aborted, commands ignored until end of transaction block
[2026-01-26T14:41:44.883+0000] {logging_mixin.py:151} INFO -      ⚠️ Erreur ligne 180: current transaction is aborted, commands ignored until end of transaction block
[2026-01-26T14:41:44.884+0000] {logging_mixin.py:151} INFO -      ⚠️ Erreur ligne 181: current transaction is aborted, commands ignored until end of transaction block
[2026-01-26T14:41:44.885+0000] {logging_mixin.py:151} INFO -      ⚠️ Erreur ligne 182: current transaction is aborted, commands ignored until end of transaction block
[2026-01-26T14:41:44.886+0000] {logging_mixin.py:151} INFO -      ⚠️ Erreur ligne 183: current transaction is aborted, commands ignored until end of transaction block
[2026-01-26T14:41:44.887+0000] {logging_mixin.py:151} INFO -      ⚠️ Erreur ligne 184: current transaction is aborted, commands ignored until end of transaction block
[2026-01-26T14:41:44.889+0000] {logging_mixin.py:151} INFO -      ⚠️ Erreur ligne 185: current transaction is aborted, commands ignored until end of transaction block
[2026-01-26T14:41:44.890+0000] {logging_mixin.py:151} INFO -      ⚠️ Erreur ligne 186: current transaction is aborted, commands ignored until end of transaction block
[2026-01-26T14:41:44.891+0000] {logging_mixin.py:151} INFO -      ⚠️ Erreur ligne 187: current transaction is aborted, commands ignored until end of transaction block
[2026-01-26T14:41:44.893+0000] {logging_mixin.py:151} INFO -      ⚠️ Erreur ligne 188: current transaction is aborted, commands ignored until end of transaction block
[2026-01-26T14:41:44.894+0000] {logging_mixin.py:151} INFO -      ⚠️ Erreur ligne 189: current transaction is aborted, commands ignored until end of transaction block
[2026-01-26T14:41:44.895+0000] {logging_mixin.py:151} INFO -      ⚠️ Erreur ligne 190: current transaction is aborted, commands ignored until end of transaction block
[2026-01-26T14:41:44.896+0000] {logging_mixin.py:151} INFO -      ⚠️ Erreur ligne 191: current transaction is aborted, commands ignored until end of transaction block
[2026-01-26T14:41:44.897+0000] {logging_mixin.py:151} INFO -      ⚠️ Erreur ligne 192: current transaction is aborted, commands ignored until end of transaction block
[2026-01-26T14:41:44.898+0000] {logging_mixin.py:151} INFO -      ⚠️ Erreur ligne 193: current transaction is aborted, commands ignored until end of transaction block
[2026-01-26T14:41:44.898+0000] {logging_mixin.py:151} INFO -      ⚠️ Erreur ligne 194: current transaction is aborted, commands ignored until end of transaction block
[2026-01-26T14:41:44.899+0000] {logging_mixin.py:151} INFO -      ⚠️ Erreur ligne 195: current transaction is aborted, commands ignored until end of transaction block
[2026-01-26T14:41:44.900+0000] {logging_mixin.py:151} INFO -      ⚠️ Erreur ligne 196: current transaction is aborted, commands ignored until end of transaction block
[2026-01-26T14:41:44.901+0000] {logging_mixin.py:151} INFO -      ⚠️ Erreur ligne 197: current transaction is aborted, commands ignored until end of transaction block
[2026-01-26T14:41:44.902+0000] {logging_mixin.py:151} INFO -      ⚠️ Erreur ligne 198: current transaction is aborted, commands ignored until end of transaction block
[2026-01-26T14:41:44.902+0000] {logging_mixin.py:151} INFO -      ⚠️ Erreur ligne 199: current transaction is aborted, commands ignored until end of transaction block
[2026-01-26T14:41:44.903+0000] {logging_mixin.py:151} INFO -      ⚠️ Erreur ligne 200: current transaction is aborted, commands ignored until end of transaction block
[2026-01-26T14:41:44.904+0000] {logging_mixin.py:151} INFO -      ⚠️ Erreur ligne 201: current transaction is aborted, commands ignored until end of transaction block
[2026-01-26T14:41:44.905+0000] {logging_mixin.py:151} INFO -      ⚠️ Erreur ligne 202: current transaction is aborted, commands ignored until end of transaction block
[2026-01-26T14:41:44.906+0000] {logging_mixin.py:151} INFO -      ⚠️ Erreur ligne 203: current transaction is aborted, commands ignored until end of transaction block
[2026-01-26T14:41:44.908+0000] {logging_mixin.py:151} INFO -      ⚠️ Erreur ligne 204: current transaction is aborted, commands ignored until end of transaction block
[2026-01-26T14:41:44.909+0000] {logging_mixin.py:151} INFO -      ⚠️ Erreur ligne 205: current transaction is aborted, commands ignored until end of transaction block
[2026-01-26T14:41:44.910+0000] {logging_mixin.py:151} INFO -      ⚠️ Erreur ligne 206: current transaction is aborted, commands ignored until end of transaction block
[2026-01-26T14:41:44.911+0000] {logging_mixin.py:151} INFO -      ⚠️ Erreur ligne 207: current transaction is aborted, commands ignored until end of transaction block
[2026-01-26T14:41:44.912+0000] {logging_mixin.py:151} INFO -      ⚠️ Erreur ligne 208: current transaction is aborted, commands ignored until end of transaction block
[2026-01-26T14:41:44.913+0000] {logging_mixin.py:151} INFO -      ⚠️ Erreur ligne 209: current transaction is aborted, commands ignored until end of transaction block
[2026-01-26T14:41:44.914+0000] {logging_mixin.py:151} INFO -      ⚠️ Erreur ligne 210: current transaction is aborted, commands ignored until end of transaction block
[2026-01-26T14:41:44.915+0000] {logging_mixin.py:151} INFO -      ⚠️ Erreur ligne 211: current transaction is aborted, commands ignored until end of transaction block
[2026-01-26T14:41:44.915+0000] {logging_mixin.py:151} INFO -      ⚠️ Erreur ligne 212: current transaction is aborted, commands ignored until end of transaction block
[2026-01-26T14:41:44.916+0000] {logging_mixin.py:151} INFO -      ⚠️ Erreur ligne 213: current transaction is aborted, commands ignored until end of transaction block
[2026-01-26T14:41:44.917+0000] {logging_mixin.py:151} INFO -      ⚠️ Erreur ligne 214: current transaction is aborted, commands ignored until end of transaction block
[2026-01-26T14:41:44.918+0000] {logging_mixin.py:151} INFO -      ⚠️ Erreur ligne 215: current transaction is aborted, commands ignored until end of transaction block
[2026-01-26T14:41:44.919+0000] {logging_mixin.py:151} INFO -      ⚠️ Erreur ligne 216: current transaction is aborted, commands ignored until end of transaction block
[2026-01-26T14:41:44.920+0000] {logging_mixin.py:151} INFO -      ⚠️ Erreur ligne 217: current transaction is aborted, commands ignored until end of transaction block
[2026-01-26T14:41:44.921+0000] {logging_mixin.py:151} INFO -      ⚠️ Erreur ligne 218: current transaction is aborted, commands ignored until end of transaction block
[2026-01-26T14:41:44.922+0000] {logging_mixin.py:151} INFO -      ⚠️ Erreur ligne 219: current transaction is aborted, commands ignored until end of transaction block
[2026-01-26T14:41:44.923+0000] {logging_mixin.py:151} INFO -      ⚠️ Erreur ligne 220: current transaction is aborted, commands ignored until end of transaction block
[2026-01-26T14:41:44.925+0000] {logging_mixin.py:151} INFO -      ⚠️ Erreur ligne 221: current transaction is aborted, commands ignored until end of transaction block
[2026-01-26T14:41:44.926+0000] {logging_mixin.py:151} INFO -      ⚠️ Erreur ligne 222: current transaction is aborted, commands ignored until end of transaction block
[2026-01-26T14:41:44.927+0000] {logging_mixin.py:151} INFO -      ⚠️ Erreur ligne 223: current transaction is aborted, commands ignored until end of transaction block
[2026-01-26T14:41:44.928+0000] {logging_mixin.py:151} INFO -      ⚠️ Erreur ligne 224: current transaction is aborted, commands ignored until end of transaction block
[2026-01-26T14:41:44.929+0000] {logging_mixin.py:151} INFO -      ⚠️ Erreur ligne 225: current transaction is aborted, commands ignored until end of transaction block
[2026-01-26T14:41:44.930+0000] {logging_mixin.py:151} INFO -      ⚠️ Erreur ligne 226: current transaction is aborted, commands ignored until end of transaction block
[2026-01-26T14:41:44.930+0000] {logging_mixin.py:151} INFO -      ⚠️ Erreur ligne 227: current transaction is aborted, commands ignored until end of transaction block
[2026-01-26T14:41:44.931+0000] {logging_mixin.py:151} INFO -      ⚠️ Erreur ligne 228: current transaction is aborted, commands ignored until end of transaction block
[2026-01-26T14:41:44.932+0000] {logging_mixin.py:151} INFO -      ⚠️ Erreur ligne 229: current transaction is aborted, commands ignored until end of transaction block
[2026-01-26T14:41:44.934+0000] {logging_mixin.py:151} INFO -      ⚠️ Erreur ligne 230: current transaction is aborted, commands ignored until end of transaction block
[2026-01-26T14:41:44.936+0000] {logging_mixin.py:151} INFO -      ⚠️ Erreur ligne 231: current transaction is aborted, commands ignored until end of transaction block
[2026-01-26T14:41:44.937+0000] {logging_mixin.py:151} INFO -      ⚠️ Erreur ligne 232: current transaction is aborted, commands ignored until end of transaction block
[2026-01-26T14:41:44.938+0000] {logging_mixin.py:151} INFO -      ⚠️ Erreur ligne 233: current transaction is aborted, commands ignored until end of transaction block
[2026-01-26T14:41:44.939+0000] {logging_mixin.py:151} INFO -      ⚠️ Erreur ligne 234: current transaction is aborted, commands ignored until end of transaction block
[2026-01-26T14:41:44.939+0000] {logging_mixin.py:151} INFO -      ⚠️ Erreur ligne 235: current transaction is aborted, commands ignored until end of transaction block
[2026-01-26T14:41:44.940+0000] {logging_mixin.py:151} INFO -      ⚠️ Erreur ligne 236: current transaction is aborted, commands ignored until end of transaction block
[2026-01-26T14:41:44.941+0000] {logging_mixin.py:151} INFO -      ⚠️ Erreur ligne 237: current transaction is aborted, commands ignored until end of transaction block
[2026-01-26T14:41:44.942+0000] {logging_mixin.py:151} INFO -      ⚠️ Erreur ligne 238: current transaction is aborted, commands ignored until end of transaction block
[2026-01-26T14:41:44.943+0000] {logging_mixin.py:151} INFO -      ⚠️ Erreur ligne 239: current transaction is aborted, commands ignored until end of transaction block
[2026-01-26T14:41:44.944+0000] {logging_mixin.py:151} INFO -      ⚠️ Erreur ligne 240: current transaction is aborted, commands ignored until end of transaction block
[2026-01-26T14:41:44.945+0000] {logging_mixin.py:151} INFO -      ⚠️ Erreur ligne 241: current transaction is aborted, commands ignored until end of transaction block
[2026-01-26T14:41:44.946+0000] {logging_mixin.py:151} INFO -      ⚠️ Erreur ligne 242: current transaction is aborted, commands ignored until end of transaction block
[2026-01-26T14:41:44.947+0000] {logging_mixin.py:151} INFO -      ⚠️ Erreur ligne 243: current transaction is aborted, commands ignored until end of transaction block
[2026-01-26T14:41:44.950+0000] {logging_mixin.py:151} INFO -      ⚠️ Erreur ligne 244: current transaction is aborted, commands ignored until end of transaction block
[2026-01-26T14:41:44.951+0000] {logging_mixin.py:151} INFO -      ⚠️ Erreur ligne 245: current transaction is aborted, commands ignored until end of transaction block
[2026-01-26T14:41:44.952+0000] {logging_mixin.py:151} INFO -      ⚠️ Erreur ligne 246: current transaction is aborted, commands ignored until end of transaction block
[2026-01-26T14:41:44.953+0000] {logging_mixin.py:151} INFO -      ⚠️ Erreur ligne 247: current transaction is aborted, commands ignored until end of transaction block
[2026-01-26T14:41:44.954+0000] {logging_mixin.py:151} INFO -      ⚠️ Erreur ligne 248: current transaction is aborted, commands ignored until end of transaction block
[2026-01-26T14:41:44.955+0000] {logging_mixin.py:151} INFO -      ⚠️ Erreur ligne 249: current transaction is aborted, commands ignored until end of transaction block
[2026-01-26T14:41:44.955+0000] {logging_mixin.py:151} INFO -      ⚠️ Erreur ligne 250: current transaction is aborted, commands ignored until end of transaction block
[2026-01-26T14:41:44.956+0000] {logging_mixin.py:151} INFO -      ⚠️ Erreur ligne 251: current transaction is aborted, commands ignored until end of transaction block
[2026-01-26T14:41:44.957+0000] {logging_mixin.py:151} INFO -      ⚠️ Erreur ligne 252: current transaction is aborted, commands ignored until end of transaction block
[2026-01-26T14:41:44.958+0000] {logging_mixin.py:151} INFO -      ⚠️ Erreur ligne 253: current transaction is aborted, commands ignored until end of transaction block
[2026-01-26T14:41:44.959+0000] {logging_mixin.py:151} INFO -      ⚠️ Erreur ligne 254: current transaction is aborted, commands ignored until end of transaction block
[2026-01-26T14:41:44.960+0000] {logging_mixin.py:151} INFO -      ⚠️ Erreur ligne 255: current transaction is aborted, commands ignored until end of transaction block
[2026-01-26T14:41:44.963+0000] {logging_mixin.py:151} INFO -      ⚠️ Erreur ligne 256: current transaction is aborted, commands ignored until end of transaction block
[2026-01-26T14:41:44.966+0000] {logging_mixin.py:151} INFO -      ⚠️ Erreur ligne 257: current transaction is aborted, commands ignored until end of transaction block
[2026-01-26T14:41:44.967+0000] {logging_mixin.py:151} INFO -      ⚠️ Erreur ligne 258: current transaction is aborted, commands ignored until end of transaction block
[2026-01-26T14:41:44.968+0000] {logging_mixin.py:151} INFO -      ⚠️ Erreur ligne 259: current transaction is aborted, commands ignored until end of transaction block
[2026-01-26T14:41:44.969+0000] {logging_mixin.py:151} INFO -      ⚠️ Erreur ligne 260: current transaction is aborted, commands ignored until end of transaction block
[2026-01-26T14:41:44.970+0000] {logging_mixin.py:151} INFO -      ⚠️ Erreur ligne 261: current transaction is aborted, commands ignored until end of transaction block
[2026-01-26T14:41:44.971+0000] {logging_mixin.py:151} INFO -      ⚠️ Erreur ligne 262: current transaction is aborted, commands ignored until end of transaction block
[2026-01-26T14:41:44.972+0000] {logging_mixin.py:151} INFO -      ⚠️ Erreur ligne 263: current transaction is aborted, commands ignored until end of transaction block
[2026-01-26T14:41:44.976+0000] {logging_mixin.py:151} INFO -      ⚠️ Erreur ligne 264: current transaction is aborted, commands ignored until end of transaction block
[2026-01-26T14:41:44.977+0000] {logging_mixin.py:151} INFO -      ⚠️ Erreur ligne 265: current transaction is aborted, commands ignored until end of transaction block
[2026-01-26T14:41:44.979+0000] {logging_mixin.py:151} INFO -      ⚠️ Erreur ligne 266: current transaction is aborted, commands ignored until end of transaction block
[2026-01-26T14:41:44.980+0000] {logging_mixin.py:151} INFO -      ⚠️ Erreur ligne 267: current transaction is aborted, commands ignored until end of transaction block
[2026-01-26T14:41:44.981+0000] {logging_mixin.py:151} INFO -      ⚠️ Erreur ligne 268: current transaction is aborted, commands ignored until end of transaction block
[2026-01-26T14:41:44.982+0000] {logging_mixin.py:151} INFO -      ⚠️ Erreur ligne 269: current transaction is aborted, commands ignored until end of transaction block
[2026-01-26T14:41:44.983+0000] {logging_mixin.py:151} INFO -      ⚠️ Erreur ligne 270: current transaction is aborted, commands ignored until end of transaction block
[2026-01-26T14:41:44.984+0000] {logging_mixin.py:151} INFO -      ⚠️ Erreur ligne 271: current transaction is aborted, commands ignored until end of transaction block
[2026-01-26T14:41:44.985+0000] {logging_mixin.py:151} INFO -      ⚠️ Erreur ligne 272: current transaction is aborted, commands ignored until end of transaction block
[2026-01-26T14:41:44.987+0000] {logging_mixin.py:151} INFO -      ⚠️ Erreur ligne 273: current transaction is aborted, commands ignored until end of transaction block
[2026-01-26T14:41:44.989+0000] {logging_mixin.py:151} INFO -      ⚠️ Erreur ligne 274: current transaction is aborted, commands ignored until end of transaction block
[2026-01-26T14:41:44.990+0000] {logging_mixin.py:151} INFO -      ⚠️ Erreur ligne 275: current transaction is aborted, commands ignored until end of transaction block
[2026-01-26T14:41:44.991+0000] {logging_mixin.py:151} INFO -      ⚠️ Erreur ligne 276: current transaction is aborted, commands ignored until end of transaction block
[2026-01-26T14:41:44.992+0000] {logging_mixin.py:151} INFO -      ⚠️ Erreur ligne 277: current transaction is aborted, commands ignored until end of transaction block
[2026-01-26T14:41:44.994+0000] {logging_mixin.py:151} INFO -      ⚠️ Erreur ligne 278: current transaction is aborted, commands ignored until end of transaction block
[2026-01-26T14:41:44.996+0000] {logging_mixin.py:151} INFO -      ⚠️ Erreur ligne 279: current transaction is aborted, commands ignored until end of transaction block
[2026-01-26T14:41:44.997+0000] {logging_mixin.py:151} INFO -      ⚠️ Erreur ligne 280: current transaction is aborted, commands ignored until end of transaction block
[2026-01-26T14:41:45.000+0000] {logging_mixin.py:151} INFO -      ⚠️ Erreur ligne 281: current transaction is aborted, commands ignored until end of transaction block
[2026-01-26T14:41:45.003+0000] {logging_mixin.py:151} INFO -      ⚠️ Erreur ligne 282: current transaction is aborted, commands ignored until end of transaction block
[2026-01-26T14:41:45.005+0000] {logging_mixin.py:151} INFO -      ⚠️ Erreur ligne 283: current transaction is aborted, commands ignored until end of transaction block
[2026-01-26T14:41:45.006+0000] {logging_mixin.py:151} INFO -      ⚠️ Erreur ligne 284: current transaction is aborted, commands ignored until end of transaction block
[2026-01-26T14:41:45.007+0000] {logging_mixin.py:151} INFO -      ⚠️ Erreur ligne 285: current transaction is aborted, commands ignored until end of transaction block
[2026-01-26T14:41:45.008+0000] {logging_mixin.py:151} INFO -      ⚠️ Erreur ligne 286: current transaction is aborted, commands ignored until end of transaction block
[2026-01-26T14:41:45.009+0000] {logging_mixin.py:151} INFO -      ⚠️ Erreur ligne 287: current transaction is aborted, commands ignored until end of transaction block
[2026-01-26T14:41:45.010+0000] {logging_mixin.py:151} INFO -      ⚠️ Erreur ligne 288: current transaction is aborted, commands ignored until end of transaction block
[2026-01-26T14:41:45.011+0000] {logging_mixin.py:151} INFO -      ⚠️ Erreur ligne 289: current transaction is aborted, commands ignored until end of transaction block
[2026-01-26T14:41:45.011+0000] {logging_mixin.py:151} INFO -      ⚠️ Erreur ligne 290: current transaction is aborted, commands ignored until end of transaction block
[2026-01-26T14:41:45.012+0000] {logging_mixin.py:151} INFO -      ⚠️ Erreur ligne 291: current transaction is aborted, commands ignored until end of transaction block
[2026-01-26T14:41:45.013+0000] {logging_mixin.py:151} INFO -      ⚠️ Erreur ligne 292: current transaction is aborted, commands ignored until end of transaction block
[2026-01-26T14:41:45.014+0000] {logging_mixin.py:151} INFO -      ⚠️ Erreur ligne 293: current transaction is aborted, commands ignored until end of transaction block
[2026-01-26T14:41:45.015+0000] {logging_mixin.py:151} INFO -      ⚠️ Erreur ligne 294: current transaction is aborted, commands ignored until end of transaction block
[2026-01-26T14:41:45.017+0000] {logging_mixin.py:151} INFO -      ⚠️ Erreur ligne 295: current transaction is aborted, commands ignored until end of transaction block
[2026-01-26T14:41:45.018+0000] {logging_mixin.py:151} INFO -      ⚠️ Erreur ligne 296: current transaction is aborted, commands ignored until end of transaction block
[2026-01-26T14:41:45.019+0000] {logging_mixin.py:151} INFO -      ⚠️ Erreur ligne 297: current transaction is aborted, commands ignored until end of transaction block
[2026-01-26T14:41:45.020+0000] {logging_mixin.py:151} INFO -      ⚠️ Erreur ligne 298: current transaction is aborted, commands ignored until end of transaction block
[2026-01-26T14:41:45.021+0000] {logging_mixin.py:151} INFO -      ⚠️ Erreur ligne 299: current transaction is aborted, commands ignored until end of transaction block
[2026-01-26T14:41:45.022+0000] {logging_mixin.py:151} INFO -      ⚠️ Erreur ligne 300: current transaction is aborted, commands ignored until end of transaction block
[2026-01-26T14:41:45.023+0000] {logging_mixin.py:151} INFO -      ⚠️ Erreur ligne 301: current transaction is aborted, commands ignored until end of transaction block
[2026-01-26T14:41:45.024+0000] {logging_mixin.py:151} INFO -      ⚠️ Erreur ligne 302: current transaction is aborted, commands ignored until end of transaction block
[2026-01-26T14:41:45.025+0000] {logging_mixin.py:151} INFO -      ⚠️ Erreur ligne 303: current transaction is aborted, commands ignored until end of transaction block
[2026-01-26T14:41:45.026+0000] {logging_mixin.py:151} INFO -      ⚠️ Erreur ligne 304: current transaction is aborted, commands ignored until end of transaction block
[2026-01-26T14:41:45.026+0000] {logging_mixin.py:151} INFO -      ⚠️ Erreur ligne 305: current transaction is aborted, commands ignored until end of transaction block
[2026-01-26T14:41:45.027+0000] {logging_mixin.py:151} INFO -      ⚠️ Erreur ligne 306: current transaction is aborted, commands ignored until end of transaction block
[2026-01-26T14:41:45.028+0000] {logging_mixin.py:151} INFO -      ⚠️ Erreur ligne 307: current transaction is aborted, commands ignored until end of transaction block
[2026-01-26T14:41:45.030+0000] {logging_mixin.py:151} INFO -      ⚠️ Erreur ligne 308: current transaction is aborted, commands ignored until end of transaction block
[2026-01-26T14:41:45.031+0000] {logging_mixin.py:151} INFO -      ⚠️ Erreur ligne 309: current transaction is aborted, commands ignored until end of transaction block
[2026-01-26T14:41:45.032+0000] {logging_mixin.py:151} INFO -      ⚠️ Erreur ligne 310: current transaction is aborted, commands ignored until end of transaction block
[2026-01-26T14:41:45.033+0000] {logging_mixin.py:151} INFO -      ⚠️ Erreur ligne 311: current transaction is aborted, commands ignored until end of transaction block
[2026-01-26T14:41:45.034+0000] {logging_mixin.py:151} INFO -      ⚠️ Erreur ligne 312: current transaction is aborted, commands ignored until end of transaction block
[2026-01-26T14:41:45.035+0000] {logging_mixin.py:151} INFO -      ⚠️ Erreur ligne 313: current transaction is aborted, commands ignored until end of transaction block
[2026-01-26T14:41:45.036+0000] {logging_mixin.py:151} INFO -      ⚠️ Erreur ligne 314: current transaction is aborted, commands ignored until end of transaction block
[2026-01-26T14:41:45.037+0000] {logging_mixin.py:151} INFO -      ⚠️ Erreur ligne 315: current transaction is aborted, commands ignored until end of transaction block
[2026-01-26T14:41:45.038+0000] {logging_mixin.py:151} INFO -      ⚠️ Erreur ligne 316: current transaction is aborted, commands ignored until end of transaction block
[2026-01-26T14:41:45.039+0000] {logging_mixin.py:151} INFO -      ⚠️ Erreur ligne 317: current transaction is aborted, commands ignored until end of transaction block
[2026-01-26T14:41:45.040+0000] {logging_mixin.py:151} INFO -      ⚠️ Erreur ligne 318: current transaction is aborted, commands ignored until end of transaction block
[2026-01-26T14:41:45.041+0000] {logging_mixin.py:151} INFO -      ⚠️ Erreur ligne 319: current transaction is aborted, commands ignored until end of transaction block
[2026-01-26T14:41:45.042+0000] {logging_mixin.py:151} INFO -      ⚠️ Erreur ligne 320: current transaction is aborted, commands ignored until end of transaction block
[2026-01-26T14:41:45.043+0000] {logging_mixin.py:151} INFO -      ⚠️ Erreur ligne 321: current transaction is aborted, commands ignored until end of transaction block
[2026-01-26T14:41:45.044+0000] {logging_mixin.py:151} INFO -      ⚠️ Erreur ligne 322: current transaction is aborted, commands ignored until end of transaction block
[2026-01-26T14:41:45.046+0000] {logging_mixin.py:151} INFO -      ⚠️ Erreur ligne 323: current transaction is aborted, commands ignored until end of transaction block
[2026-01-26T14:41:45.047+0000] {logging_mixin.py:151} INFO -      ⚠️ Erreur ligne 324: current transaction is aborted, commands ignored until end of transaction block
[2026-01-26T14:41:45.048+0000] {logging_mixin.py:151} INFO -      ⚠️ Erreur ligne 325: current transaction is aborted, commands ignored until end of transaction block
[2026-01-26T14:41:45.049+0000] {logging_mixin.py:151} INFO -      ⚠️ Erreur ligne 326: current transaction is aborted, commands ignored until end of transaction block
[2026-01-26T14:41:45.050+0000] {logging_mixin.py:151} INFO -      ⚠️ Erreur ligne 327: current transaction is aborted, commands ignored until end of transaction block
[2026-01-26T14:41:45.050+0000] {logging_mixin.py:151} INFO -      ⚠️ Erreur ligne 328: current transaction is aborted, commands ignored until end of transaction block
[2026-01-26T14:41:45.051+0000] {logging_mixin.py:151} INFO -      ⚠️ Erreur ligne 329: current transaction is aborted, commands ignored until end of transaction block
[2026-01-26T14:41:45.052+0000] {logging_mixin.py:151} INFO -      ⚠️ Erreur ligne 330: current transaction is aborted, commands ignored until end of transaction block
[2026-01-26T14:41:45.053+0000] {logging_mixin.py:151} INFO -      ⚠️ Erreur ligne 331: current transaction is aborted, commands ignored until end of transaction block
[2026-01-26T14:41:45.054+0000] {logging_mixin.py:151} INFO -      ⚠️ Erreur ligne 332: current transaction is aborted, commands ignored until end of transaction block
[2026-01-26T14:41:45.055+0000] {logging_mixin.py:151} INFO -      ⚠️ Erreur ligne 333: current transaction is aborted, commands ignored until end of transaction block
[2026-01-26T14:41:45.056+0000] {logging_mixin.py:151} INFO -      ⚠️ Erreur ligne 334: current transaction is aborted, commands ignored until end of transaction block
[2026-01-26T14:41:45.057+0000] {logging_mixin.py:151} INFO -      ⚠️ Erreur ligne 335: current transaction is aborted, commands ignored until end of transaction block
[2026-01-26T14:41:45.058+0000] {logging_mixin.py:151} INFO -      ⚠️ Erreur ligne 336: current transaction is aborted, commands ignored until end of transaction block
[2026-01-26T14:41:45.060+0000] {logging_mixin.py:151} INFO -      ⚠️ Erreur ligne 337: current transaction is aborted, commands ignored until end of transaction block
[2026-01-26T14:41:45.061+0000] {logging_mixin.py:151} INFO -      ⚠️ Erreur ligne 338: current transaction is aborted, commands ignored until end of transaction block
[2026-01-26T14:41:45.062+0000] {logging_mixin.py:151} INFO -      ⚠️ Erreur ligne 339: current transaction is aborted, commands ignored until end of transaction block
[2026-01-26T14:41:45.063+0000] {logging_mixin.py:151} INFO -      ⚠️ Erreur ligne 340: current transaction is aborted, commands ignored until end of transaction block
[2026-01-26T14:41:45.064+0000] {logging_mixin.py:151} INFO -      ⚠️ Erreur ligne 341: current transaction is aborted, commands ignored until end of transaction block
[2026-01-26T14:41:45.065+0000] {logging_mixin.py:151} INFO -      ⚠️ Erreur ligne 342: current transaction is aborted, commands ignored until end of transaction block
[2026-01-26T14:41:45.066+0000] {logging_mixin.py:151} INFO -      ⚠️ Erreur ligne 343: current transaction is aborted, commands ignored until end of transaction block
[2026-01-26T14:41:45.067+0000] {logging_mixin.py:151} INFO -      ⚠️ Erreur ligne 344: current transaction is aborted, commands ignored until end of transaction block
[2026-01-26T14:41:45.068+0000] {logging_mixin.py:151} INFO -      ⚠️ Erreur ligne 345: current transaction is aborted, commands ignored until end of transaction block
[2026-01-26T14:41:45.069+0000] {logging_mixin.py:151} INFO -      ⚠️ Erreur ligne 346: current transaction is aborted, commands ignored until end of transaction block
[2026-01-26T14:41:45.070+0000] {logging_mixin.py:151} INFO -      ⚠️ Erreur ligne 347: current transaction is aborted, commands ignored until end of transaction block
[2026-01-26T14:41:45.071+0000] {logging_mixin.py:151} INFO -      ⚠️ Erreur ligne 348: current transaction is aborted, commands ignored until end of transaction block
[2026-01-26T14:41:45.071+0000] {logging_mixin.py:151} INFO -      ⚠️ Erreur ligne 349: current transaction is aborted, commands ignored until end of transaction block
[2026-01-26T14:41:45.073+0000] {logging_mixin.py:151} INFO -      ⚠️ Erreur ligne 350: current transaction is aborted, commands ignored until end of transaction block
[2026-01-26T14:41:45.074+0000] {logging_mixin.py:151} INFO -      ⚠️ Erreur ligne 351: current transaction is aborted, commands ignored until end of transaction block
[2026-01-26T14:41:45.075+0000] {logging_mixin.py:151} INFO -      ⚠️ Erreur ligne 352: current transaction is aborted, commands ignored until end of transaction block
[2026-01-26T14:41:45.076+0000] {logging_mixin.py:151} INFO -      ⚠️ Erreur ligne 353: current transaction is aborted, commands ignored until end of transaction block
[2026-01-26T14:41:45.077+0000] {logging_mixin.py:151} INFO -      ⚠️ Erreur ligne 354: current transaction is aborted, commands ignored until end of transaction block
[2026-01-26T14:41:45.077+0000] {logging_mixin.py:151} INFO -      ⚠️ Erreur ligne 355: current transaction is aborted, commands ignored until end of transaction block
[2026-01-26T14:41:45.078+0000] {logging_mixin.py:151} INFO -      ⚠️ Erreur ligne 356: current transaction is aborted, commands ignored until end of transaction block
[2026-01-26T14:41:45.079+0000] {logging_mixin.py:151} INFO -      ⚠️ Erreur ligne 357: current transaction is aborted, commands ignored until end of transaction block
[2026-01-26T14:41:45.080+0000] {logging_mixin.py:151} INFO -      ⚠️ Erreur ligne 358: current transaction is aborted, commands ignored until end of transaction block
[2026-01-26T14:41:45.081+0000] {logging_mixin.py:151} INFO -      ⚠️ Erreur ligne 359: current transaction is aborted, commands ignored until end of transaction block
[2026-01-26T14:41:45.082+0000] {logging_mixin.py:151} INFO -      ⚠️ Erreur ligne 360: current transaction is aborted, commands ignored until end of transaction block
[2026-01-26T14:41:45.083+0000] {logging_mixin.py:151} INFO -      ⚠️ Erreur ligne 361: current transaction is aborted, commands ignored until end of transaction block
[2026-01-26T14:41:45.084+0000] {logging_mixin.py:151} INFO -      ⚠️ Erreur ligne 362: current transaction is aborted, commands ignored until end of transaction block
[2026-01-26T14:41:45.085+0000] {logging_mixin.py:151} INFO -      ⚠️ Erreur ligne 363: current transaction is aborted, commands ignored until end of transaction block
[2026-01-26T14:41:45.086+0000] {logging_mixin.py:151} INFO -      ⚠️ Erreur ligne 364: current transaction is aborted, commands ignored until end of transaction block
[2026-01-26T14:41:45.087+0000] {logging_mixin.py:151} INFO -      ⚠️ Erreur ligne 365: current transaction is aborted, commands ignored until end of transaction block
[2026-01-26T14:41:45.088+0000] {logging_mixin.py:151} INFO -      ⚠️ Erreur ligne 366: current transaction is aborted, commands ignored until end of transaction block
[2026-01-26T14:41:45.089+0000] {logging_mixin.py:151} INFO -      ⚠️ Erreur ligne 367: current transaction is aborted, commands ignored until end of transaction block
[2026-01-26T14:41:45.090+0000] {logging_mixin.py:151} INFO -      ⚠️ Erreur ligne 368: current transaction is aborted, commands ignored until end of transaction block
[2026-01-26T14:41:45.091+0000] {logging_mixin.py:151} INFO -      ⚠️ Erreur ligne 369: current transaction is aborted, commands ignored until end of transaction block
[2026-01-26T14:41:45.092+0000] {logging_mixin.py:151} INFO -      ⚠️ Erreur ligne 370: current transaction is aborted, commands ignored until end of transaction block
[2026-01-26T14:41:45.093+0000] {logging_mixin.py:151} INFO -      ⚠️ Erreur ligne 371: current transaction is aborted, commands ignored until end of transaction block
[2026-01-26T14:41:45.093+0000] {logging_mixin.py:151} INFO -      ⚠️ Erreur ligne 372: current transaction is aborted, commands ignored until end of transaction block
[2026-01-26T14:41:45.095+0000] {logging_mixin.py:151} INFO -      ⚠️ Erreur ligne 373: current transaction is aborted, commands ignored until end of transaction block
[2026-01-26T14:41:45.096+0000] {logging_mixin.py:151} INFO -      ⚠️ Erreur ligne 374: current transaction is aborted, commands ignored until end of transaction block
[2026-01-26T14:41:45.097+0000] {logging_mixin.py:151} INFO -      ⚠️ Erreur ligne 375: current transaction is aborted, commands ignored until end of transaction block
[2026-01-26T14:41:45.098+0000] {logging_mixin.py:151} INFO -      ⚠️ Erreur ligne 376: current transaction is aborted, commands ignored until end of transaction block
[2026-01-26T14:41:45.099+0000] {logging_mixin.py:151} INFO -      ⚠️ Erreur ligne 377: current transaction is aborted, commands ignored until end of transaction block
[2026-01-26T14:41:45.101+0000] {logging_mixin.py:151} INFO -      ⚠️ Erreur ligne 378: current transaction is aborted, commands ignored until end of transaction block
[2026-01-26T14:41:45.102+0000] {logging_mixin.py:151} INFO -      ⚠️ Erreur ligne 379: current transaction is aborted, commands ignored until end of transaction block
[2026-01-26T14:41:45.103+0000] {logging_mixin.py:151} INFO -      ⚠️ Erreur ligne 380: current transaction is aborted, commands ignored until end of transaction block
[2026-01-26T14:41:45.103+0000] {logging_mixin.py:151} INFO -      ⚠️ Erreur ligne 381: current transaction is aborted, commands ignored until end of transaction block
[2026-01-26T14:41:45.105+0000] {logging_mixin.py:151} INFO -      ⚠️ Erreur ligne 382: current transaction is aborted, commands ignored until end of transaction block
[2026-01-26T14:41:45.106+0000] {logging_mixin.py:151} INFO -      ⚠️ Erreur ligne 383: current transaction is aborted, commands ignored until end of transaction block
[2026-01-26T14:41:45.107+0000] {logging_mixin.py:151} INFO -      ⚠️ Erreur ligne 384: current transaction is aborted, commands ignored until end of transaction block
[2026-01-26T14:41:45.108+0000] {logging_mixin.py:151} INFO -      ⚠️ Erreur ligne 385: current transaction is aborted, commands ignored until end of transaction block
[2026-01-26T14:41:45.109+0000] {logging_mixin.py:151} INFO -      ⚠️ Erreur ligne 386: current transaction is aborted, commands ignored until end of transaction block
[2026-01-26T14:41:45.110+0000] {logging_mixin.py:151} INFO -      ⚠️ Erreur ligne 387: current transaction is aborted, commands ignored until end of transaction block
[2026-01-26T14:41:45.111+0000] {logging_mixin.py:151} INFO -      ⚠️ Erreur ligne 388: current transaction is aborted, commands ignored until end of transaction block
[2026-01-26T14:41:45.112+0000] {logging_mixin.py:151} INFO -      ⚠️ Erreur ligne 389: current transaction is aborted, commands ignored until end of transaction block
[2026-01-26T14:41:45.113+0000] {logging_mixin.py:151} INFO -      ⚠️ Erreur ligne 390: current transaction is aborted, commands ignored until end of transaction block
[2026-01-26T14:41:45.115+0000] {logging_mixin.py:151} INFO -      ⚠️ Erreur ligne 391: current transaction is aborted, commands ignored until end of transaction block
[2026-01-26T14:41:45.116+0000] {logging_mixin.py:151} INFO -      ⚠️ Erreur ligne 392: current transaction is aborted, commands ignored until end of transaction block
[2026-01-26T14:41:45.117+0000] {logging_mixin.py:151} INFO -      ⚠️ Erreur ligne 393: current transaction is aborted, commands ignored until end of transaction block
[2026-01-26T14:41:45.118+0000] {logging_mixin.py:151} INFO -      ⚠️ Erreur ligne 394: current transaction is aborted, commands ignored until end of transaction block
[2026-01-26T14:41:45.119+0000] {logging_mixin.py:151} INFO -      ⚠️ Erreur ligne 395: current transaction is aborted, commands ignored until end of transaction block
[2026-01-26T14:41:45.120+0000] {logging_mixin.py:151} INFO -      ⚠️ Erreur ligne 396: current transaction is aborted, commands ignored until end of transaction block
[2026-01-26T14:41:45.120+0000] {logging_mixin.py:151} INFO -      ⚠️ Erreur ligne 397: current transaction is aborted, commands ignored until end of transaction block
[2026-01-26T14:41:45.121+0000] {logging_mixin.py:151} INFO -      ⚠️ Erreur ligne 398: current transaction is aborted, commands ignored until end of transaction block
[2026-01-26T14:41:45.122+0000] {logging_mixin.py:151} INFO -      ⚠️ Erreur ligne 399: current transaction is aborted, commands ignored until end of transaction block
[2026-01-26T14:41:45.123+0000] {logging_mixin.py:151} INFO -      ⚠️ Erreur ligne 400: current transaction is aborted, commands ignored until end of transaction block
[2026-01-26T14:41:45.124+0000] {logging_mixin.py:151} INFO -      ⚠️ Erreur ligne 401: current transaction is aborted, commands ignored until end of transaction block
[2026-01-26T14:41:45.125+0000] {logging_mixin.py:151} INFO -      ⚠️ Erreur ligne 402: current transaction is aborted, commands ignored until end of transaction block
[2026-01-26T14:41:45.126+0000] {logging_mixin.py:151} INFO -      ⚠️ Erreur ligne 403: current transaction is aborted, commands ignored until end of transaction block
[2026-01-26T14:41:45.127+0000] {logging_mixin.py:151} INFO -      ⚠️ Erreur ligne 404: current transaction is aborted, commands ignored until end of transaction block
[2026-01-26T14:41:45.128+0000] {logging_mixin.py:151} INFO -      ⚠️ Erreur ligne 405: current transaction is aborted, commands ignored until end of transaction block
[2026-01-26T14:41:45.130+0000] {logging_mixin.py:151} INFO -      ⚠️ Erreur ligne 406: current transaction is aborted, commands ignored until end of transaction block
[2026-01-26T14:41:45.131+0000] {logging_mixin.py:151} INFO -      ⚠️ Erreur ligne 407: current transaction is aborted, commands ignored until end of transaction block
[2026-01-26T14:41:45.131+0000] {logging_mixin.py:151} INFO -      ⚠️ Erreur ligne 408: current transaction is aborted, commands ignored until end of transaction block
[2026-01-26T14:41:45.132+0000] {logging_mixin.py:151} INFO -      ⚠️ Erreur ligne 409: current transaction is aborted, commands ignored until end of transaction block
[2026-01-26T14:41:45.133+0000] {logging_mixin.py:151} INFO -      ⚠️ Erreur ligne 410: current transaction is aborted, commands ignored until end of transaction block
[2026-01-26T14:41:45.134+0000] {logging_mixin.py:151} INFO -      ⚠️ Erreur ligne 411: current transaction is aborted, commands ignored until end of transaction block
[2026-01-26T14:41:45.135+0000] {logging_mixin.py:151} INFO -      ⚠️ Erreur ligne 412: current transaction is aborted, commands ignored until end of transaction block
[2026-01-26T14:41:45.136+0000] {logging_mixin.py:151} INFO -      ⚠️ Erreur ligne 413: current transaction is aborted, commands ignored until end of transaction block
[2026-01-26T14:41:45.137+0000] {logging_mixin.py:151} INFO -      ⚠️ Erreur ligne 414: current transaction is aborted, commands ignored until end of transaction block
[2026-01-26T14:41:45.138+0000] {logging_mixin.py:151} INFO -      ⚠️ Erreur ligne 415: current transaction is aborted, commands ignored until end of transaction block
[2026-01-26T14:41:45.139+0000] {logging_mixin.py:151} INFO -      ⚠️ Erreur ligne 416: current transaction is aborted, commands ignored until end of transaction block
[2026-01-26T14:41:45.140+0000] {logging_mixin.py:151} INFO -      ⚠️ Erreur ligne 417: current transaction is aborted, commands ignored until end of transaction block
[2026-01-26T14:41:45.142+0000] {logging_mixin.py:151} INFO -      ⚠️ Erreur ligne 418: current transaction is aborted, commands ignored until end of transaction block
[2026-01-26T14:41:45.143+0000] {logging_mixin.py:151} INFO -      ⚠️ Erreur ligne 419: current transaction is aborted, commands ignored until end of transaction block
[2026-01-26T14:41:45.145+0000] {logging_mixin.py:151} INFO -      ⚠️ Erreur ligne 420: current transaction is aborted, commands ignored until end of transaction block
[2026-01-26T14:41:45.145+0000] {logging_mixin.py:151} INFO -      ⚠️ Erreur ligne 421: current transaction is aborted, commands ignored until end of transaction block
[2026-01-26T14:41:45.146+0000] {logging_mixin.py:151} INFO -      ⚠️ Erreur ligne 422: current transaction is aborted, commands ignored until end of transaction block
[2026-01-26T14:41:45.147+0000] {logging_mixin.py:151} INFO -      ⚠️ Erreur ligne 423: current transaction is aborted, commands ignored until end of transaction block
[2026-01-26T14:41:45.148+0000] {logging_mixin.py:151} INFO -      ⚠️ Erreur ligne 424: current transaction is aborted, commands ignored until end of transaction block
[2026-01-26T14:41:45.149+0000] {logging_mixin.py:151} INFO -      ⚠️ Erreur ligne 425: current transaction is aborted, commands ignored until end of transaction block
[2026-01-26T14:41:45.150+0000] {logging_mixin.py:151} INFO -      ⚠️ Erreur ligne 426: current transaction is aborted, commands ignored until end of transaction block
[2026-01-26T14:41:45.150+0000] {logging_mixin.py:151} INFO -      ⚠️ Erreur ligne 427: current transaction is aborted, commands ignored until end of transaction block
[2026-01-26T14:41:45.152+0000] {logging_mixin.py:151} INFO -      ⚠️ Erreur ligne 428: current transaction is aborted, commands ignored until end of transaction block
[2026-01-26T14:41:45.153+0000] {logging_mixin.py:151} INFO -      ⚠️ Erreur ligne 429: current transaction is aborted, commands ignored until end of transaction block
[2026-01-26T14:41:45.154+0000] {logging_mixin.py:151} INFO -      ⚠️ Erreur ligne 430: current transaction is aborted, commands ignored until end of transaction block
[2026-01-26T14:41:45.155+0000] {logging_mixin.py:151} INFO -      ⚠️ Erreur ligne 431: current transaction is aborted, commands ignored until end of transaction block
[2026-01-26T14:41:45.156+0000] {logging_mixin.py:151} INFO -      ⚠️ Erreur ligne 432: current transaction is aborted, commands ignored until end of transaction block
[2026-01-26T14:41:45.158+0000] {logging_mixin.py:151} INFO -      ⚠️ Erreur ligne 433: current transaction is aborted, commands ignored until end of transaction block
[2026-01-26T14:41:45.159+0000] {logging_mixin.py:151} INFO -      ⚠️ Erreur ligne 434: current transaction is aborted, commands ignored until end of transaction block
[2026-01-26T14:41:45.160+0000] {logging_mixin.py:151} INFO -      ⚠️ Erreur ligne 435: current transaction is aborted, commands ignored until end of transaction block
[2026-01-26T14:41:45.161+0000] {logging_mixin.py:151} INFO -      ⚠️ Erreur ligne 436: current transaction is aborted, commands ignored until end of transaction block
[2026-01-26T14:41:45.161+0000] {logging_mixin.py:151} INFO -      ⚠️ Erreur ligne 437: current transaction is aborted, commands ignored until end of transaction block
[2026-01-26T14:41:45.162+0000] {logging_mixin.py:151} INFO -      ⚠️ Erreur ligne 438: current transaction is aborted, commands ignored until end of transaction block
[2026-01-26T14:41:45.163+0000] {logging_mixin.py:151} INFO -      ⚠️ Erreur ligne 439: current transaction is aborted, commands ignored until end of transaction block
[2026-01-26T14:41:45.164+0000] {logging_mixin.py:151} INFO -      ⚠️ Erreur ligne 440: current transaction is aborted, commands ignored until end of transaction block
[2026-01-26T14:41:45.165+0000] {logging_mixin.py:151} INFO -      ⚠️ Erreur ligne 441: current transaction is aborted, commands ignored until end of transaction block
[2026-01-26T14:41:45.166+0000] {logging_mixin.py:151} INFO -      ⚠️ Erreur ligne 442: current transaction is aborted, commands ignored until end of transaction block
[2026-01-26T14:41:45.167+0000] {logging_mixin.py:151} INFO -      ⚠️ Erreur ligne 443: current transaction is aborted, commands ignored until end of transaction block
[2026-01-26T14:41:45.168+0000] {logging_mixin.py:151} INFO -      ⚠️ Erreur ligne 444: current transaction is aborted, commands ignored until end of transaction block
[2026-01-26T14:41:45.170+0000] {logging_mixin.py:151} INFO -      ⚠️ Erreur ligne 445: current transaction is aborted, commands ignored until end of transaction block
[2026-01-26T14:41:45.171+0000] {logging_mixin.py:151} INFO -      ⚠️ Erreur ligne 446: current transaction is aborted, commands ignored until end of transaction block
[2026-01-26T14:41:45.172+0000] {logging_mixin.py:151} INFO -      ⚠️ Erreur ligne 447: current transaction is aborted, commands ignored until end of transaction block
[2026-01-26T14:41:45.173+0000] {logging_mixin.py:151} INFO -      ⚠️ Erreur ligne 448: current transaction is aborted, commands ignored until end of transaction block
[2026-01-26T14:41:45.174+0000] {logging_mixin.py:151} INFO -      ⚠️ Erreur ligne 449: current transaction is aborted, commands ignored until end of transaction block
[2026-01-26T14:41:45.175+0000] {logging_mixin.py:151} INFO -      ⚠️ Erreur ligne 450: current transaction is aborted, commands ignored until end of transaction block
[2026-01-26T14:41:45.176+0000] {logging_mixin.py:151} INFO -      ⚠️ Erreur ligne 451: current transaction is aborted, commands ignored until end of transaction block
[2026-01-26T14:41:45.178+0000] {logging_mixin.py:151} INFO -      ⚠️ Erreur ligne 452: current transaction is aborted, commands ignored until end of transaction block
[2026-01-26T14:41:45.179+0000] {logging_mixin.py:151} INFO -      ⚠️ Erreur ligne 453: current transaction is aborted, commands ignored until end of transaction block
[2026-01-26T14:41:45.180+0000] {logging_mixin.py:151} INFO -      ⚠️ Erreur ligne 454: current transaction is aborted, commands ignored until end of transaction block
[2026-01-26T14:41:45.181+0000] {logging_mixin.py:151} INFO -      ⚠️ Erreur ligne 455: current transaction is aborted, commands ignored until end of transaction block
[2026-01-26T14:41:45.182+0000] {logging_mixin.py:151} INFO -      ⚠️ Erreur ligne 456: current transaction is aborted, commands ignored until end of transaction block
[2026-01-26T14:41:45.183+0000] {logging_mixin.py:151} INFO -      ⚠️ Erreur ligne 457: current transaction is aborted, commands ignored until end of transaction block
[2026-01-26T14:41:45.184+0000] {logging_mixin.py:151} INFO -      ⚠️ Erreur ligne 458: current transaction is aborted, commands ignored until end of transaction block
[2026-01-26T14:41:45.185+0000] {logging_mixin.py:151} INFO -      ⚠️ Erreur ligne 459: current transaction is aborted, commands ignored until end of transaction block
[2026-01-26T14:41:45.186+0000] {logging_mixin.py:151} INFO -      ⚠️ Erreur ligne 460: current transaction is aborted, commands ignored until end of transaction block
[2026-01-26T14:41:45.187+0000] {logging_mixin.py:151} INFO -      ⚠️ Erreur ligne 461: current transaction is aborted, commands ignored until end of transaction block
[2026-01-26T14:41:45.188+0000] {logging_mixin.py:151} INFO -      ⚠️ Erreur ligne 462: current transaction is aborted, commands ignored until end of transaction block
[2026-01-26T14:41:45.189+0000] {logging_mixin.py:151} INFO -      ⚠️ Erreur ligne 463: current transaction is aborted, commands ignored until end of transaction block
[2026-01-26T14:41:45.190+0000] {logging_mixin.py:151} INFO -      ⚠️ Erreur ligne 464: current transaction is aborted, commands ignored until end of transaction block
[2026-01-26T14:41:45.191+0000] {logging_mixin.py:151} INFO -      ⚠️ Erreur ligne 465: current transaction is aborted, commands ignored until end of transaction block
[2026-01-26T14:41:45.192+0000] {logging_mixin.py:151} INFO -      ⚠️ Erreur ligne 466: current transaction is aborted, commands ignored until end of transaction block
[2026-01-26T14:41:45.193+0000] {logging_mixin.py:151} INFO -      ⚠️ Erreur ligne 467: current transaction is aborted, commands ignored until end of transaction block
[2026-01-26T14:41:45.194+0000] {logging_mixin.py:151} INFO -      ⚠️ Erreur ligne 468: current transaction is aborted, commands ignored until end of transaction block
[2026-01-26T14:41:45.195+0000] {logging_mixin.py:151} INFO -      ⚠️ Erreur ligne 469: current transaction is aborted, commands ignored until end of transaction block
[2026-01-26T14:41:45.196+0000] {logging_mixin.py:151} INFO -      ⚠️ Erreur ligne 470: current transaction is aborted, commands ignored until end of transaction block
[2026-01-26T14:41:45.197+0000] {logging_mixin.py:151} INFO -      ⚠️ Erreur ligne 471: current transaction is aborted, commands ignored until end of transaction block
[2026-01-26T14:41:45.198+0000] {logging_mixin.py:151} INFO -      ⚠️ Erreur ligne 472: current transaction is aborted, commands ignored until end of transaction block
[2026-01-26T14:41:45.199+0000] {logging_mixin.py:151} INFO -      ⚠️ Erreur ligne 473: current transaction is aborted, commands ignored until end of transaction block
[2026-01-26T14:41:45.200+0000] {logging_mixin.py:151} INFO -      ⚠️ Erreur ligne 474: current transaction is aborted, commands ignored until end of transaction block
[2026-01-26T14:41:45.201+0000] {logging_mixin.py:151} INFO -      ⚠️ Erreur ligne 475: current transaction is aborted, commands ignored until end of transaction block
[2026-01-26T14:41:45.202+0000] {logging_mixin.py:151} INFO -      ⚠️ Erreur ligne 476: current transaction is aborted, commands ignored until end of transaction block
[2026-01-26T14:41:45.203+0000] {logging_mixin.py:151} INFO -      ⚠️ Erreur ligne 477: current transaction is aborted, commands ignored until end of transaction block
[2026-01-26T14:41:45.204+0000] {logging_mixin.py:151} INFO -      ⚠️ Erreur ligne 478: current transaction is aborted, commands ignored until end of transaction block
[2026-01-26T14:41:45.205+0000] {logging_mixin.py:151} INFO -      ⚠️ Erreur ligne 479: current transaction is aborted, commands ignored until end of transaction block
[2026-01-26T14:41:45.206+0000] {logging_mixin.py:151} INFO -      ⚠️ Erreur ligne 480: current transaction is aborted, commands ignored until end of transaction block
[2026-01-26T14:41:45.209+0000] {logging_mixin.py:151} INFO -      ⚠️ Erreur ligne 481: current transaction is aborted, commands ignored until end of transaction block
[2026-01-26T14:41:45.210+0000] {logging_mixin.py:151} INFO -      ⚠️ Erreur ligne 482: current transaction is aborted, commands ignored until end of transaction block
[2026-01-26T14:41:45.211+0000] {logging_mixin.py:151} INFO -      ⚠️ Erreur ligne 483: current transaction is aborted, commands ignored until end of transaction block
[2026-01-26T14:41:45.212+0000] {logging_mixin.py:151} INFO -      ⚠️ Erreur ligne 484: current transaction is aborted, commands ignored until end of transaction block
[2026-01-26T14:41:45.213+0000] {logging_mixin.py:151} INFO -      ⚠️ Erreur ligne 485: current transaction is aborted, commands ignored until end of transaction block
[2026-01-26T14:41:45.214+0000] {logging_mixin.py:151} INFO -      ⚠️ Erreur ligne 486: current transaction is aborted, commands ignored until end of transaction block
[2026-01-26T14:41:45.215+0000] {logging_mixin.py:151} INFO -      ⚠️ Erreur ligne 487: current transaction is aborted, commands ignored until end of transaction block
[2026-01-26T14:41:45.216+0000] {logging_mixin.py:151} INFO -      ⚠️ Erreur ligne 488: current transaction is aborted, commands ignored until end of transaction block
[2026-01-26T14:41:45.217+0000] {logging_mixin.py:151} INFO -      ⚠️ Erreur ligne 489: current transaction is aborted, commands ignored until end of transaction block
[2026-01-26T14:41:45.218+0000] {logging_mixin.py:151} INFO -      ⚠️ Erreur ligne 490: current transaction is aborted, commands ignored until end of transaction block
[2026-01-26T14:41:45.219+0000] {logging_mixin.py:151} INFO -      ⚠️ Erreur ligne 491: current transaction is aborted, commands ignored until end of transaction block
[2026-01-26T14:41:45.220+0000] {logging_mixin.py:151} INFO -      ⚠️ Erreur ligne 492: current transaction is aborted, commands ignored until end of transaction block
[2026-01-26T14:41:45.220+0000] {logging_mixin.py:151} INFO -      ⚠️ Erreur ligne 493: current transaction is aborted, commands ignored until end of transaction block
[2026-01-26T14:41:45.222+0000] {logging_mixin.py:151} INFO -      ⚠️ Erreur ligne 494: current transaction is aborted, commands ignored until end of transaction block
[2026-01-26T14:41:45.223+0000] {logging_mixin.py:151} INFO -      ⚠️ Erreur ligne 495: current transaction is aborted, commands ignored until end of transaction block
[2026-01-26T14:41:45.224+0000] {logging_mixin.py:151} INFO -      ⚠️ Erreur ligne 496: current transaction is aborted, commands ignored until end of transaction block
[2026-01-26T14:41:45.225+0000] {logging_mixin.py:151} INFO -      ⚠️ Erreur ligne 497: current transaction is aborted, commands ignored until end of transaction block
[2026-01-26T14:41:45.226+0000] {logging_mixin.py:151} INFO -      ⚠️ Erreur ligne 498: current transaction is aborted, commands ignored until end of transaction block
[2026-01-26T14:41:45.227+0000] {logging_mixin.py:151} INFO -      ⚠️ Erreur ligne 499: current transaction is aborted, commands ignored until end of transaction block
[2026-01-26T14:41:45.228+0000] {logging_mixin.py:151} INFO -      ⚠️ Erreur ligne 500: current transaction is aborted, commands ignored until end of transaction block
[2026-01-26T14:41:45.229+0000] {logging_mixin.py:151} INFO -      ⚠️ Erreur ligne 501: current transaction is aborted, commands ignored until end of transaction block
[2026-01-26T14:41:45.230+0000] {logging_mixin.py:151} INFO -      ⚠️ Erreur ligne 502: current transaction is aborted, commands ignored until end of transaction block
[2026-01-26T14:41:45.231+0000] {logging_mixin.py:151} INFO -      ⚠️ Erreur ligne 503: current transaction is aborted, commands ignored until end of transaction block
[2026-01-26T14:41:45.232+0000] {logging_mixin.py:151} INFO -      ⚠️ Erreur ligne 504: current transaction is aborted, commands ignored until end of transaction block
[2026-01-26T14:41:45.232+0000] {logging_mixin.py:151} INFO -      ⚠️ Erreur ligne 505: current transaction is aborted, commands ignored until end of transaction block
[2026-01-26T14:41:45.233+0000] {logging_mixin.py:151} INFO -      ⚠️ Erreur ligne 506: current transaction is aborted, commands ignored until end of transaction block
[2026-01-26T14:41:45.234+0000] {logging_mixin.py:151} INFO -      ⚠️ Erreur ligne 507: current transaction is aborted, commands ignored until end of transaction block
[2026-01-26T14:41:45.235+0000] {logging_mixin.py:151} INFO -      ⚠️ Erreur ligne 508: current transaction is aborted, commands ignored until end of transaction block
[2026-01-26T14:41:45.236+0000] {logging_mixin.py:151} INFO -      ⚠️ Erreur ligne 509: current transaction is aborted, commands ignored until end of transaction block
[2026-01-26T14:41:45.237+0000] {logging_mixin.py:151} INFO -      ⚠️ Erreur ligne 510: current transaction is aborted, commands ignored until end of transaction block
[2026-01-26T14:41:45.238+0000] {logging_mixin.py:151} INFO -      ⚠️ Erreur ligne 511: current transaction is aborted, commands ignored until end of transaction block
[2026-01-26T14:41:45.238+0000] {logging_mixin.py:151} INFO -      ⚠️ Erreur ligne 512: current transaction is aborted, commands ignored until end of transaction block
[2026-01-26T14:41:45.240+0000] {logging_mixin.py:151} INFO -      ⚠️ Erreur ligne 513: current transaction is aborted, commands ignored until end of transaction block
[2026-01-26T14:41:45.241+0000] {logging_mixin.py:151} INFO -      ⚠️ Erreur ligne 514: current transaction is aborted, commands ignored until end of transaction block
[2026-01-26T14:41:45.242+0000] {logging_mixin.py:151} INFO -      ⚠️ Erreur ligne 515: current transaction is aborted, commands ignored until end of transaction block
[2026-01-26T14:41:45.242+0000] {logging_mixin.py:151} INFO -      ⚠️ Erreur ligne 516: current transaction is aborted, commands ignored until end of transaction block
[2026-01-26T14:41:45.243+0000] {logging_mixin.py:151} INFO -      ⚠️ Erreur ligne 517: current transaction is aborted, commands ignored until end of transaction block
[2026-01-26T14:41:45.244+0000] {logging_mixin.py:151} INFO -      ⚠️ Erreur ligne 518: current transaction is aborted, commands ignored until end of transaction block
[2026-01-26T14:41:45.245+0000] {logging_mixin.py:151} INFO -      ⚠️ Erreur ligne 519: current transaction is aborted, commands ignored until end of transaction block
[2026-01-26T14:41:45.246+0000] {logging_mixin.py:151} INFO -      ⚠️ Erreur ligne 520: current transaction is aborted, commands ignored until end of transaction block
[2026-01-26T14:41:45.247+0000] {logging_mixin.py:151} INFO -      ⚠️ Erreur ligne 521: current transaction is aborted, commands ignored until end of transaction block
[2026-01-26T14:41:45.248+0000] {logging_mixin.py:151} INFO -      ⚠️ Erreur ligne 522: current transaction is aborted, commands ignored until end of transaction block
[2026-01-26T14:41:45.250+0000] {logging_mixin.py:151} INFO -      ⚠️ Erreur ligne 523: current transaction is aborted, commands ignored until end of transaction block
[2026-01-26T14:41:45.251+0000] {logging_mixin.py:151} INFO -      ⚠️ Erreur ligne 524: current transaction is aborted, commands ignored until end of transaction block
[2026-01-26T14:41:45.252+0000] {logging_mixin.py:151} INFO -      ⚠️ Erreur ligne 525: current transaction is aborted, commands ignored until end of transaction block
[2026-01-26T14:41:45.253+0000] {logging_mixin.py:151} INFO -      ⚠️ Erreur ligne 526: current transaction is aborted, commands ignored until end of transaction block
[2026-01-26T14:41:45.255+0000] {logging_mixin.py:151} INFO -      ⚠️ Erreur ligne 527: current transaction is aborted, commands ignored until end of transaction block
[2026-01-26T14:41:45.256+0000] {logging_mixin.py:151} INFO -      ⚠️ Erreur ligne 528: current transaction is aborted, commands ignored until end of transaction block
[2026-01-26T14:41:45.257+0000] {logging_mixin.py:151} INFO -      ⚠️ Erreur ligne 529: current transaction is aborted, commands ignored until end of transaction block
[2026-01-26T14:41:45.258+0000] {logging_mixin.py:151} INFO -      ⚠️ Erreur ligne 530: current transaction is aborted, commands ignored until end of transaction block
[2026-01-26T14:41:45.260+0000] {logging_mixin.py:151} INFO -      ⚠️ Erreur ligne 531: current transaction is aborted, commands ignored until end of transaction block
[2026-01-26T14:41:45.261+0000] {logging_mixin.py:151} INFO -      ⚠️ Erreur ligne 532: current transaction is aborted, commands ignored until end of transaction block
[2026-01-26T14:41:45.262+0000] {logging_mixin.py:151} INFO -      ⚠️ Erreur ligne 533: current transaction is aborted, commands ignored until end of transaction block
[2026-01-26T14:41:45.264+0000] {logging_mixin.py:151} INFO -      ⚠️ Erreur ligne 534: current transaction is aborted, commands ignored until end of transaction block
[2026-01-26T14:41:45.265+0000] {logging_mixin.py:151} INFO -      ⚠️ Erreur ligne 535: current transaction is aborted, commands ignored until end of transaction block
[2026-01-26T14:41:45.267+0000] {logging_mixin.py:151} INFO -      ⚠️ Erreur ligne 536: current transaction is aborted, commands ignored until end of transaction block
[2026-01-26T14:41:45.268+0000] {logging_mixin.py:151} INFO -      ⚠️ Erreur ligne 537: current transaction is aborted, commands ignored until end of transaction block
[2026-01-26T14:41:45.269+0000] {logging_mixin.py:151} INFO -      ⚠️ Erreur ligne 538: current transaction is aborted, commands ignored until end of transaction block
[2026-01-26T14:41:45.270+0000] {logging_mixin.py:151} INFO -      ⚠️ Erreur ligne 539: current transaction is aborted, commands ignored until end of transaction block
[2026-01-26T14:41:45.271+0000] {logging_mixin.py:151} INFO -      ⚠️ Erreur ligne 540: current transaction is aborted, commands ignored until end of transaction block
[2026-01-26T14:41:45.273+0000] {logging_mixin.py:151} INFO -      ⚠️ Erreur ligne 541: current transaction is aborted, commands ignored until end of transaction block
[2026-01-26T14:41:45.274+0000] {logging_mixin.py:151} INFO -      ⚠️ Erreur ligne 542: current transaction is aborted, commands ignored until end of transaction block
[2026-01-26T14:41:45.275+0000] {logging_mixin.py:151} INFO -      ⚠️ Erreur ligne 543: current transaction is aborted, commands ignored until end of transaction block
[2026-01-26T14:41:45.276+0000] {logging_mixin.py:151} INFO -      ⚠️ Erreur ligne 544: current transaction is aborted, commands ignored until end of transaction block
[2026-01-26T14:41:45.278+0000] {logging_mixin.py:151} INFO -      ⚠️ Erreur ligne 545: current transaction is aborted, commands ignored until end of transaction block
[2026-01-26T14:41:45.279+0000] {logging_mixin.py:151} INFO -      ⚠️ Erreur ligne 546: current transaction is aborted, commands ignored until end of transaction block
[2026-01-26T14:41:45.280+0000] {logging_mixin.py:151} INFO -      ⚠️ Erreur ligne 547: current transaction is aborted, commands ignored until end of transaction block
[2026-01-26T14:41:45.282+0000] {logging_mixin.py:151} INFO -      ⚠️ Erreur ligne 548: current transaction is aborted, commands ignored until end of transaction block
[2026-01-26T14:41:45.283+0000] {logging_mixin.py:151} INFO -      ⚠️ Erreur ligne 549: current transaction is aborted, commands ignored until end of transaction block
[2026-01-26T14:41:45.284+0000] {logging_mixin.py:151} INFO -      ⚠️ Erreur ligne 550: current transaction is aborted, commands ignored until end of transaction block
[2026-01-26T14:41:45.285+0000] {logging_mixin.py:151} INFO -      ⚠️ Erreur ligne 551: current transaction is aborted, commands ignored until end of transaction block
[2026-01-26T14:41:45.286+0000] {logging_mixin.py:151} INFO -      ⚠️ Erreur ligne 552: current transaction is aborted, commands ignored until end of transaction block
[2026-01-26T14:41:45.287+0000] {logging_mixin.py:151} INFO -      ⚠️ Erreur ligne 553: current transaction is aborted, commands ignored until end of transaction block
[2026-01-26T14:41:45.288+0000] {logging_mixin.py:151} INFO -      ⚠️ Erreur ligne 554: current transaction is aborted, commands ignored until end of transaction block
[2026-01-26T14:41:45.289+0000] {logging_mixin.py:151} INFO -      ⚠️ Erreur ligne 555: current transaction is aborted, commands ignored until end of transaction block
[2026-01-26T14:41:45.290+0000] {logging_mixin.py:151} INFO -      ⚠️ Erreur ligne 556: current transaction is aborted, commands ignored until end of transaction block
[2026-01-26T14:41:45.292+0000] {logging_mixin.py:151} INFO -      ⚠️ Erreur ligne 557: current transaction is aborted, commands ignored until end of transaction block
[2026-01-26T14:41:45.294+0000] {logging_mixin.py:151} INFO -      ⚠️ Erreur ligne 558: current transaction is aborted, commands ignored until end of transaction block
[2026-01-26T14:41:45.296+0000] {logging_mixin.py:151} INFO -      ⚠️ Erreur ligne 559: current transaction is aborted, commands ignored until end of transaction block
[2026-01-26T14:41:45.298+0000] {logging_mixin.py:151} INFO -      ⚠️ Erreur ligne 560: current transaction is aborted, commands ignored until end of transaction block
[2026-01-26T14:41:45.299+0000] {logging_mixin.py:151} INFO -      ⚠️ Erreur ligne 561: current transaction is aborted, commands ignored until end of transaction block
[2026-01-26T14:41:45.300+0000] {logging_mixin.py:151} INFO -      ⚠️ Erreur ligne 562: current transaction is aborted, commands ignored until end of transaction block
[2026-01-26T14:41:45.301+0000] {logging_mixin.py:151} INFO -      ⚠️ Erreur ligne 563: current transaction is aborted, commands ignored until end of transaction block
[2026-01-26T14:41:45.302+0000] {logging_mixin.py:151} INFO -      ⚠️ Erreur ligne 564: current transaction is aborted, commands ignored until end of transaction block
[2026-01-26T14:41:45.303+0000] {logging_mixin.py:151} INFO -      ⚠️ Erreur ligne 565: current transaction is aborted, commands ignored until end of transaction block
[2026-01-26T14:41:45.303+0000] {logging_mixin.py:151} INFO -      ⚠️ Erreur ligne 566: current transaction is aborted, commands ignored until end of transaction block
[2026-01-26T14:41:45.304+0000] {logging_mixin.py:151} INFO -      ⚠️ Erreur ligne 567: current transaction is aborted, commands ignored until end of transaction block
[2026-01-26T14:41:45.305+0000] {logging_mixin.py:151} INFO -      ⚠️ Erreur ligne 568: current transaction is aborted, commands ignored until end of transaction block
[2026-01-26T14:41:45.306+0000] {logging_mixin.py:151} INFO -      ⚠️ Erreur ligne 569: current transaction is aborted, commands ignored until end of transaction block
[2026-01-26T14:41:45.307+0000] {logging_mixin.py:151} INFO -      ⚠️ Erreur ligne 570: current transaction is aborted, commands ignored until end of transaction block
[2026-01-26T14:41:45.310+0000] {logging_mixin.py:151} INFO -      ⚠️ Erreur ligne 571: current transaction is aborted, commands ignored until end of transaction block
[2026-01-26T14:41:45.311+0000] {logging_mixin.py:151} INFO -      ⚠️ Erreur ligne 572: current transaction is aborted, commands ignored until end of transaction block
[2026-01-26T14:41:45.312+0000] {logging_mixin.py:151} INFO -      ⚠️ Erreur ligne 573: current transaction is aborted, commands ignored until end of transaction block
[2026-01-26T14:41:45.313+0000] {logging_mixin.py:151} INFO -      ⚠️ Erreur ligne 574: current transaction is aborted, commands ignored until end of transaction block
[2026-01-26T14:41:45.314+0000] {logging_mixin.py:151} INFO -      ⚠️ Erreur ligne 575: current transaction is aborted, commands ignored until end of transaction block
[2026-01-26T14:41:45.315+0000] {logging_mixin.py:151} INFO -      ⚠️ Erreur ligne 576: current transaction is aborted, commands ignored until end of transaction block
[2026-01-26T14:41:45.316+0000] {logging_mixin.py:151} INFO -      ⚠️ Erreur ligne 577: current transaction is aborted, commands ignored until end of transaction block
[2026-01-26T14:41:45.317+0000] {logging_mixin.py:151} INFO -      ⚠️ Erreur ligne 578: current transaction is aborted, commands ignored until end of transaction block
[2026-01-26T14:41:45.318+0000] {logging_mixin.py:151} INFO -      ⚠️ Erreur ligne 579: current transaction is aborted, commands ignored until end of transaction block
[2026-01-26T14:41:45.319+0000] {logging_mixin.py:151} INFO -      ⚠️ Erreur ligne 580: current transaction is aborted, commands ignored until end of transaction block
[2026-01-26T14:41:45.320+0000] {logging_mixin.py:151} INFO -      ⚠️ Erreur ligne 581: current transaction is aborted, commands ignored until end of transaction block
[2026-01-26T14:41:45.321+0000] {logging_mixin.py:151} INFO -      ⚠️ Erreur ligne 582: current transaction is aborted, commands ignored until end of transaction block
[2026-01-26T14:41:45.322+0000] {logging_mixin.py:151} INFO -      ⚠️ Erreur ligne 583: current transaction is aborted, commands ignored until end of transaction block
[2026-01-26T14:41:45.323+0000] {logging_mixin.py:151} INFO -      ⚠️ Erreur ligne 584: current transaction is aborted, commands ignored until end of transaction block
[2026-01-26T14:41:45.324+0000] {logging_mixin.py:151} INFO -      ⚠️ Erreur ligne 585: current transaction is aborted, commands ignored until end of transaction block
[2026-01-26T14:41:45.326+0000] {logging_mixin.py:151} INFO -      ⚠️ Erreur ligne 586: current transaction is aborted, commands ignored until end of transaction block
[2026-01-26T14:41:45.327+0000] {logging_mixin.py:151} INFO -      ⚠️ Erreur ligne 587: current transaction is aborted, commands ignored until end of transaction block
[2026-01-26T14:41:45.328+0000] {logging_mixin.py:151} INFO -      ⚠️ Erreur ligne 588: current transaction is aborted, commands ignored until end of transaction block
[2026-01-26T14:41:45.329+0000] {logging_mixin.py:151} INFO -      ⚠️ Erreur ligne 589: current transaction is aborted, commands ignored until end of transaction block
[2026-01-26T14:41:45.330+0000] {logging_mixin.py:151} INFO -      ⚠️ Erreur ligne 590: current transaction is aborted, commands ignored until end of transaction block
[2026-01-26T14:41:45.331+0000] {logging_mixin.py:151} INFO -      ⚠️ Erreur ligne 591: current transaction is aborted, commands ignored until end of transaction block
[2026-01-26T14:41:45.332+0000] {logging_mixin.py:151} INFO -      ⚠️ Erreur ligne 592: current transaction is aborted, commands ignored until end of transaction block
[2026-01-26T14:41:45.333+0000] {logging_mixin.py:151} INFO -      ⚠️ Erreur ligne 593: current transaction is aborted, commands ignored until end of transaction block
[2026-01-26T14:41:45.334+0000] {logging_mixin.py:151} INFO -      ⚠️ Erreur ligne 594: current transaction is aborted, commands ignored until end of transaction block
[2026-01-26T14:41:45.336+0000] {logging_mixin.py:151} INFO -      ⚠️ Erreur ligne 595: current transaction is aborted, commands ignored until end of transaction block
[2026-01-26T14:41:45.337+0000] {logging_mixin.py:151} INFO -      ⚠️ Erreur ligne 596: current transaction is aborted, commands ignored until end of transaction block
[2026-01-26T14:41:45.338+0000] {logging_mixin.py:151} INFO -      ⚠️ Erreur ligne 597: current transaction is aborted, commands ignored until end of transaction block
[2026-01-26T14:41:45.339+0000] {logging_mixin.py:151} INFO -      ⚠️ Erreur ligne 598: current transaction is aborted, commands ignored until end of transaction block
[2026-01-26T14:41:45.340+0000] {logging_mixin.py:151} INFO -      ⚠️ Erreur ligne 599: current transaction is aborted, commands ignored until end of transaction block
[2026-01-26T14:41:45.341+0000] {logging_mixin.py:151} INFO -      ⚠️ Erreur ligne 600: current transaction is aborted, commands ignored until end of transaction block
[2026-01-26T14:41:45.342+0000] {logging_mixin.py:151} INFO -      ⚠️ Erreur ligne 601: current transaction is aborted, commands ignored until end of transaction block
[2026-01-26T14:41:45.343+0000] {logging_mixin.py:151} INFO -      ⚠️ Erreur ligne 602: current transaction is aborted, commands ignored until end of transaction block
[2026-01-26T14:41:45.344+0000] {logging_mixin.py:151} INFO -      ⚠️ Erreur ligne 603: current transaction is aborted, commands ignored until end of transaction block
[2026-01-26T14:41:45.346+0000] {logging_mixin.py:151} INFO -      ⚠️ Erreur ligne 604: current transaction is aborted, commands ignored until end of transaction block
[2026-01-26T14:41:45.347+0000] {logging_mixin.py:151} INFO -      ⚠️ Erreur ligne 605: current transaction is aborted, commands ignored until end of transaction block
[2026-01-26T14:41:45.348+0000] {logging_mixin.py:151} INFO -      ⚠️ Erreur ligne 606: current transaction is aborted, commands ignored until end of transaction block
[2026-01-26T14:41:45.349+0000] {logging_mixin.py:151} INFO -      ⚠️ Erreur ligne 607: current transaction is aborted, commands ignored until end of transaction block
[2026-01-26T14:41:45.350+0000] {logging_mixin.py:151} INFO -      ⚠️ Erreur ligne 608: current transaction is aborted, commands ignored until end of transaction block
[2026-01-26T14:41:45.351+0000] {logging_mixin.py:151} INFO -      ⚠️ Erreur ligne 609: current transaction is aborted, commands ignored until end of transaction block
[2026-01-26T14:41:45.352+0000] {logging_mixin.py:151} INFO -      ⚠️ Erreur ligne 610: current transaction is aborted, commands ignored until end of transaction block
[2026-01-26T14:41:45.353+0000] {logging_mixin.py:151} INFO -      ⚠️ Erreur ligne 611: current transaction is aborted, commands ignored until end of transaction block
[2026-01-26T14:41:45.354+0000] {logging_mixin.py:151} INFO -      ⚠️ Erreur ligne 612: current transaction is aborted, commands ignored until end of transaction block
[2026-01-26T14:41:45.355+0000] {logging_mixin.py:151} INFO -      ⚠️ Erreur ligne 613: current transaction is aborted, commands ignored until end of transaction block
[2026-01-26T14:41:45.356+0000] {logging_mixin.py:151} INFO -      ⚠️ Erreur ligne 614: current transaction is aborted, commands ignored until end of transaction block
[2026-01-26T14:41:45.357+0000] {logging_mixin.py:151} INFO -      ⚠️ Erreur ligne 615: current transaction is aborted, commands ignored until end of transaction block
[2026-01-26T14:41:45.358+0000] {logging_mixin.py:151} INFO -      ⚠️ Erreur ligne 616: current transaction is aborted, commands ignored until end of transaction block
[2026-01-26T14:41:45.358+0000] {logging_mixin.py:151} INFO -      ⚠️ Erreur ligne 617: current transaction is aborted, commands ignored until end of transaction block
[2026-01-26T14:41:45.359+0000] {logging_mixin.py:151} INFO -      ⚠️ Erreur ligne 618: current transaction is aborted, commands ignored until end of transaction block
[2026-01-26T14:41:45.361+0000] {logging_mixin.py:151} INFO -      ⚠️ Erreur ligne 619: current transaction is aborted, commands ignored until end of transaction block
[2026-01-26T14:41:45.362+0000] {logging_mixin.py:151} INFO -      ⚠️ Erreur ligne 620: current transaction is aborted, commands ignored until end of transaction block
[2026-01-26T14:41:45.363+0000] {logging_mixin.py:151} INFO -      ⚠️ Erreur ligne 621: current transaction is aborted, commands ignored until end of transaction block
[2026-01-26T14:41:45.364+0000] {logging_mixin.py:151} INFO -      ⚠️ Erreur ligne 622: current transaction is aborted, commands ignored until end of transaction block
[2026-01-26T14:41:45.366+0000] {logging_mixin.py:151} INFO -      ⚠️ Erreur ligne 623: current transaction is aborted, commands ignored until end of transaction block
[2026-01-26T14:41:45.367+0000] {logging_mixin.py:151} INFO -      ⚠️ Erreur ligne 624: current transaction is aborted, commands ignored until end of transaction block
[2026-01-26T14:41:45.368+0000] {logging_mixin.py:151} INFO -      ⚠️ Erreur ligne 625: current transaction is aborted, commands ignored until end of transaction block
[2026-01-26T14:41:45.369+0000] {logging_mixin.py:151} INFO -      ⚠️ Erreur ligne 626: current transaction is aborted, commands ignored until end of transaction block
[2026-01-26T14:41:45.370+0000] {logging_mixin.py:151} INFO -      ⚠️ Erreur ligne 627: current transaction is aborted, commands ignored until end of transaction block
[2026-01-26T14:41:45.371+0000] {logging_mixin.py:151} INFO -      ⚠️ Erreur ligne 628: current transaction is aborted, commands ignored until end of transaction block
[2026-01-26T14:41:45.372+0000] {logging_mixin.py:151} INFO -      ⚠️ Erreur ligne 629: current transaction is aborted, commands ignored until end of transaction block
[2026-01-26T14:41:45.373+0000] {logging_mixin.py:151} INFO -      ⚠️ Erreur ligne 630: current transaction is aborted, commands ignored until end of transaction block
[2026-01-26T14:41:45.375+0000] {logging_mixin.py:151} INFO -      ⚠️ Erreur ligne 631: current transaction is aborted, commands ignored until end of transaction block
[2026-01-26T14:41:45.376+0000] {logging_mixin.py:151} INFO -      ⚠️ Erreur ligne 632: current transaction is aborted, commands ignored until end of transaction block
[2026-01-26T14:41:45.378+0000] {logging_mixin.py:151} INFO -      ⚠️ Erreur ligne 633: current transaction is aborted, commands ignored until end of transaction block
[2026-01-26T14:41:45.379+0000] {logging_mixin.py:151} INFO -      ⚠️ Erreur ligne 634: current transaction is aborted, commands ignored until end of transaction block
[2026-01-26T14:41:45.380+0000] {logging_mixin.py:151} INFO -      ⚠️ Erreur ligne 635: current transaction is aborted, commands ignored until end of transaction block
[2026-01-26T14:41:45.381+0000] {logging_mixin.py:151} INFO -      ⚠️ Erreur ligne 636: current transaction is aborted, commands ignored until end of transaction block
[2026-01-26T14:41:45.382+0000] {logging_mixin.py:151} INFO -      ⚠️ Erreur ligne 637: current transaction is aborted, commands ignored until end of transaction block
[2026-01-26T14:41:45.382+0000] {logging_mixin.py:151} INFO -      ⚠️ Erreur ligne 638: current transaction is aborted, commands ignored until end of transaction block
[2026-01-26T14:41:45.383+0000] {logging_mixin.py:151} INFO -      ⚠️ Erreur ligne 639: current transaction is aborted, commands ignored until end of transaction block
[2026-01-26T14:41:45.384+0000] {logging_mixin.py:151} INFO -      ⚠️ Erreur ligne 640: current transaction is aborted, commands ignored until end of transaction block
[2026-01-26T14:41:45.385+0000] {logging_mixin.py:151} INFO -      ⚠️ Erreur ligne 641: current transaction is aborted, commands ignored until end of transaction block
[2026-01-26T14:41:45.386+0000] {logging_mixin.py:151} INFO -      ⚠️ Erreur ligne 642: current transaction is aborted, commands ignored until end of transaction block
[2026-01-26T14:41:45.387+0000] {logging_mixin.py:151} INFO -      ⚠️ Erreur ligne 643: current transaction is aborted, commands ignored until end of transaction block
[2026-01-26T14:41:45.389+0000] {logging_mixin.py:151} INFO -      ⚠️ Erreur ligne 644: current transaction is aborted, commands ignored until end of transaction block
[2026-01-26T14:41:45.390+0000] {logging_mixin.py:151} INFO -      ⚠️ Erreur ligne 645: current transaction is aborted, commands ignored until end of transaction block
[2026-01-26T14:41:45.391+0000] {logging_mixin.py:151} INFO -      ⚠️ Erreur ligne 646: current transaction is aborted, commands ignored until end of transaction block
[2026-01-26T14:41:45.392+0000] {logging_mixin.py:151} INFO -      ⚠️ Erreur ligne 647: current transaction is aborted, commands ignored until end of transaction block
[2026-01-26T14:41:45.394+0000] {logging_mixin.py:151} INFO -      ⚠️ Erreur ligne 648: current transaction is aborted, commands ignored until end of transaction block
[2026-01-26T14:41:45.395+0000] {logging_mixin.py:151} INFO -      ⚠️ Erreur ligne 649: current transaction is aborted, commands ignored until end of transaction block
[2026-01-26T14:41:45.395+0000] {logging_mixin.py:151} INFO -      ⚠️ Erreur ligne 650: current transaction is aborted, commands ignored until end of transaction block
[2026-01-26T14:41:45.396+0000] {logging_mixin.py:151} INFO -      ⚠️ Erreur ligne 651: current transaction is aborted, commands ignored until end of transaction block
[2026-01-26T14:41:45.397+0000] {logging_mixin.py:151} INFO -      ⚠️ Erreur ligne 652: current transaction is aborted, commands ignored until end of transaction block
[2026-01-26T14:41:45.398+0000] {logging_mixin.py:151} INFO -      ⚠️ Erreur ligne 653: current transaction is aborted, commands ignored until end of transaction block
[2026-01-26T14:41:45.399+0000] {logging_mixin.py:151} INFO -      ⚠️ Erreur ligne 654: current transaction is aborted, commands ignored until end of transaction block
[2026-01-26T14:41:45.400+0000] {logging_mixin.py:151} INFO -      ⚠️ Erreur ligne 655: current transaction is aborted, commands ignored until end of transaction block
[2026-01-26T14:41:45.401+0000] {logging_mixin.py:151} INFO -      ⚠️ Erreur ligne 656: current transaction is aborted, commands ignored until end of transaction block
[2026-01-26T14:41:45.402+0000] {logging_mixin.py:151} INFO -      ⚠️ Erreur ligne 657: current transaction is aborted, commands ignored until end of transaction block
[2026-01-26T14:41:45.403+0000] {logging_mixin.py:151} INFO -      ⚠️ Erreur ligne 658: current transaction is aborted, commands ignored until end of transaction block
[2026-01-26T14:41:45.404+0000] {logging_mixin.py:151} INFO -      ⚠️ Erreur ligne 659: current transaction is aborted, commands ignored until end of transaction block
[2026-01-26T14:41:45.405+0000] {logging_mixin.py:151} INFO -      ⚠️ Erreur ligne 660: current transaction is aborted, commands ignored until end of transaction block
[2026-01-26T14:41:45.406+0000] {logging_mixin.py:151} INFO -      ⚠️ Erreur ligne 661: current transaction is aborted, commands ignored until end of transaction block
[2026-01-26T14:41:45.407+0000] {logging_mixin.py:151} INFO -      ⚠️ Erreur ligne 662: current transaction is aborted, commands ignored until end of transaction block
[2026-01-26T14:41:45.408+0000] {logging_mixin.py:151} INFO -      ⚠️ Erreur ligne 663: current transaction is aborted, commands ignored until end of transaction block
[2026-01-26T14:41:45.409+0000] {logging_mixin.py:151} INFO -      ⚠️ Erreur ligne 664: current transaction is aborted, commands ignored until end of transaction block
[2026-01-26T14:41:45.410+0000] {logging_mixin.py:151} INFO -      ⚠️ Erreur ligne 665: current transaction is aborted, commands ignored until end of transaction block
[2026-01-26T14:41:45.411+0000] {logging_mixin.py:151} INFO -      ⚠️ Erreur ligne 666: current transaction is aborted, commands ignored until end of transaction block
[2026-01-26T14:41:45.412+0000] {logging_mixin.py:151} INFO -      ⚠️ Erreur ligne 667: current transaction is aborted, commands ignored until end of transaction block
[2026-01-26T14:41:45.413+0000] {logging_mixin.py:151} INFO -      ⚠️ Erreur ligne 668: current transaction is aborted, commands ignored until end of transaction block
[2026-01-26T14:41:45.414+0000] {logging_mixin.py:151} INFO -      ⚠️ Erreur ligne 669: current transaction is aborted, commands ignored until end of transaction block
[2026-01-26T14:41:45.415+0000] {logging_mixin.py:151} INFO -      ⚠️ Erreur ligne 670: current transaction is aborted, commands ignored until end of transaction block
[2026-01-26T14:41:45.416+0000] {logging_mixin.py:151} INFO -      ⚠️ Erreur ligne 671: current transaction is aborted, commands ignored until end of transaction block
[2026-01-26T14:41:45.417+0000] {logging_mixin.py:151} INFO -      ⚠️ Erreur ligne 672: current transaction is aborted, commands ignored until end of transaction block
[2026-01-26T14:41:45.418+0000] {logging_mixin.py:151} INFO -      ⚠️ Erreur ligne 673: current transaction is aborted, commands ignored until end of transaction block
[2026-01-26T14:41:45.420+0000] {logging_mixin.py:151} INFO -      ⚠️ Erreur ligne 674: current transaction is aborted, commands ignored until end of transaction block
[2026-01-26T14:41:45.421+0000] {logging_mixin.py:151} INFO -      ⚠️ Erreur ligne 675: current transaction is aborted, commands ignored until end of transaction block
[2026-01-26T14:41:45.422+0000] {logging_mixin.py:151} INFO -      ⚠️ Erreur ligne 676: current transaction is aborted, commands ignored until end of transaction block
[2026-01-26T14:41:45.423+0000] {logging_mixin.py:151} INFO -      ⚠️ Erreur ligne 677: current transaction is aborted, commands ignored until end of transaction block
[2026-01-26T14:41:45.424+0000] {logging_mixin.py:151} INFO -      ⚠️ Erreur ligne 678: current transaction is aborted, commands ignored until end of transaction block
[2026-01-26T14:41:45.425+0000] {logging_mixin.py:151} INFO -      ⚠️ Erreur ligne 679: current transaction is aborted, commands ignored until end of transaction block
[2026-01-26T14:41:45.426+0000] {logging_mixin.py:151} INFO -      ⚠️ Erreur ligne 680: current transaction is aborted, commands ignored until end of transaction block
[2026-01-26T14:41:45.427+0000] {logging_mixin.py:151} INFO -      ⚠️ Erreur ligne 681: current transaction is aborted, commands ignored until end of transaction block
[2026-01-26T14:41:45.428+0000] {logging_mixin.py:151} INFO -      ⚠️ Erreur ligne 682: current transaction is aborted, commands ignored until end of transaction block
[2026-01-26T14:41:45.429+0000] {logging_mixin.py:151} INFO -      ⚠️ Erreur ligne 683: current transaction is aborted, commands ignored until end of transaction block
[2026-01-26T14:41:45.430+0000] {logging_mixin.py:151} INFO -      ⚠️ Erreur ligne 684: current transaction is aborted, commands ignored until end of transaction block
[2026-01-26T14:41:45.431+0000] {logging_mixin.py:151} INFO -      ⚠️ Erreur ligne 685: current transaction is aborted, commands ignored until end of transaction block
[2026-01-26T14:41:45.432+0000] {logging_mixin.py:151} INFO -      ⚠️ Erreur ligne 686: current transaction is aborted, commands ignored until end of transaction block
[2026-01-26T14:41:45.433+0000] {logging_mixin.py:151} INFO -      ⚠️ Erreur ligne 687: current transaction is aborted, commands ignored until end of transaction block
[2026-01-26T14:41:45.434+0000] {logging_mixin.py:151} INFO -      ⚠️ Erreur ligne 688: current transaction is aborted, commands ignored until end of transaction block
[2026-01-26T14:41:45.436+0000] {logging_mixin.py:151} INFO -      ⚠️ Erreur ligne 689: current transaction is aborted, commands ignored until end of transaction block
[2026-01-26T14:41:45.436+0000] {logging_mixin.py:151} INFO -      ⚠️ Erreur ligne 690: current transaction is aborted, commands ignored until end of transaction block
[2026-01-26T14:41:45.437+0000] {logging_mixin.py:151} INFO -      ⚠️ Erreur ligne 691: current transaction is aborted, commands ignored until end of transaction block
[2026-01-26T14:41:45.438+0000] {logging_mixin.py:151} INFO -      ⚠️ Erreur ligne 692: current transaction is aborted, commands ignored until end of transaction block
[2026-01-26T14:41:45.439+0000] {logging_mixin.py:151} INFO -      ⚠️ Erreur ligne 693: current transaction is aborted, commands ignored until end of transaction block
[2026-01-26T14:41:45.440+0000] {logging_mixin.py:151} INFO -      ⚠️ Erreur ligne 694: current transaction is aborted, commands ignored until end of transaction block
[2026-01-26T14:41:45.441+0000] {logging_mixin.py:151} INFO -      ⚠️ Erreur ligne 695: current transaction is aborted, commands ignored until end of transaction block
[2026-01-26T14:41:45.442+0000] {logging_mixin.py:151} INFO -      ⚠️ Erreur ligne 696: current transaction is aborted, commands ignored until end of transaction block
[2026-01-26T14:41:45.443+0000] {logging_mixin.py:151} INFO -      ⚠️ Erreur ligne 697: current transaction is aborted, commands ignored until end of transaction block
[2026-01-26T14:41:45.444+0000] {logging_mixin.py:151} INFO -      ⚠️ Erreur ligne 698: current transaction is aborted, commands ignored until end of transaction block
[2026-01-26T14:41:45.445+0000] {logging_mixin.py:151} INFO -      ⚠️ Erreur ligne 699: current transaction is aborted, commands ignored until end of transaction block
[2026-01-26T14:41:45.447+0000] {logging_mixin.py:151} INFO -      ⚠️ Erreur ligne 700: current transaction is aborted, commands ignored until end of transaction block
[2026-01-26T14:41:45.448+0000] {logging_mixin.py:151} INFO -      ⚠️ Erreur ligne 701: current transaction is aborted, commands ignored until end of transaction block
[2026-01-26T14:41:45.449+0000] {logging_mixin.py:151} INFO -      ⚠️ Erreur ligne 702: current transaction is aborted, commands ignored until end of transaction block
[2026-01-26T14:41:45.450+0000] {logging_mixin.py:151} INFO -      ⚠️ Erreur ligne 703: current transaction is aborted, commands ignored until end of transaction block
[2026-01-26T14:41:45.451+0000] {logging_mixin.py:151} INFO -      ⚠️ Erreur ligne 704: current transaction is aborted, commands ignored until end of transaction block
[2026-01-26T14:41:45.451+0000] {logging_mixin.py:151} INFO -      ⚠️ Erreur ligne 705: current transaction is aborted, commands ignored until end of transaction block
[2026-01-26T14:41:45.452+0000] {logging_mixin.py:151} INFO -      ⚠️ Erreur ligne 706: current transaction is aborted, commands ignored until end of transaction block
[2026-01-26T14:41:45.453+0000] {logging_mixin.py:151} INFO -      ⚠️ Erreur ligne 707: current transaction is aborted, commands ignored until end of transaction block
[2026-01-26T14:41:45.454+0000] {logging_mixin.py:151} INFO -      ⚠️ Erreur ligne 708: current transaction is aborted, commands ignored until end of transaction block
[2026-01-26T14:41:45.455+0000] {logging_mixin.py:151} INFO -      ⚠️ Erreur ligne 709: current transaction is aborted, commands ignored until end of transaction block
[2026-01-26T14:41:45.456+0000] {logging_mixin.py:151} INFO -      ⚠️ Erreur ligne 710: current transaction is aborted, commands ignored until end of transaction block
[2026-01-26T14:41:45.457+0000] {logging_mixin.py:151} INFO -      ⚠️ Erreur ligne 711: current transaction is aborted, commands ignored until end of transaction block
[2026-01-26T14:41:45.458+0000] {logging_mixin.py:151} INFO -      ⚠️ Erreur ligne 712: current transaction is aborted, commands ignored until end of transaction block
[2026-01-26T14:41:45.459+0000] {logging_mixin.py:151} INFO -      ⚠️ Erreur ligne 713: current transaction is aborted, commands ignored until end of transaction block
[2026-01-26T14:41:45.460+0000] {logging_mixin.py:151} INFO -      ⚠️ Erreur ligne 714: current transaction is aborted, commands ignored until end of transaction block
[2026-01-26T14:41:45.461+0000] {logging_mixin.py:151} INFO -      ⚠️ Erreur ligne 715: current transaction is aborted, commands ignored until end of transaction block
[2026-01-26T14:41:45.462+0000] {logging_mixin.py:151} INFO -      ⚠️ Erreur ligne 716: current transaction is aborted, commands ignored until end of transaction block
[2026-01-26T14:41:45.463+0000] {logging_mixin.py:151} INFO -      ⚠️ Erreur ligne 717: current transaction is aborted, commands ignored until end of transaction block
[2026-01-26T14:41:45.464+0000] {logging_mixin.py:151} INFO -      ⚠️ Erreur ligne 718: current transaction is aborted, commands ignored until end of transaction block
[2026-01-26T14:41:45.465+0000] {logging_mixin.py:151} INFO -      ⚠️ Erreur ligne 719: current transaction is aborted, commands ignored until end of transaction block
[2026-01-26T14:41:45.466+0000] {logging_mixin.py:151} INFO -      ⚠️ Erreur ligne 720: current transaction is aborted, commands ignored until end of transaction block
[2026-01-26T14:41:45.467+0000] {logging_mixin.py:151} INFO -      ⚠️ Erreur ligne 721: current transaction is aborted, commands ignored until end of transaction block
[2026-01-26T14:41:45.468+0000] {logging_mixin.py:151} INFO -      ⚠️ Erreur ligne 722: current transaction is aborted, commands ignored until end of transaction block
[2026-01-26T14:41:45.469+0000] {logging_mixin.py:151} INFO -      ⚠️ Erreur ligne 723: current transaction is aborted, commands ignored until end of transaction block
[2026-01-26T14:41:45.469+0000] {logging_mixin.py:151} INFO -      ⚠️ Erreur ligne 724: current transaction is aborted, commands ignored until end of transaction block
[2026-01-26T14:41:45.471+0000] {logging_mixin.py:151} INFO -      ⚠️ Erreur ligne 725: current transaction is aborted, commands ignored until end of transaction block
[2026-01-26T14:41:45.472+0000] {logging_mixin.py:151} INFO -      ⚠️ Erreur ligne 726: current transaction is aborted, commands ignored until end of transaction block
[2026-01-26T14:41:45.473+0000] {logging_mixin.py:151} INFO -      ⚠️ Erreur ligne 727: current transaction is aborted, commands ignored until end of transaction block
[2026-01-26T14:41:45.474+0000] {logging_mixin.py:151} INFO -      ⚠️ Erreur ligne 728: current transaction is aborted, commands ignored until end of transaction block
[2026-01-26T14:41:45.475+0000] {logging_mixin.py:151} INFO -      ⚠️ Erreur ligne 729: current transaction is aborted, commands ignored until end of transaction block
[2026-01-26T14:41:45.476+0000] {logging_mixin.py:151} INFO -      ⚠️ Erreur ligne 730: current transaction is aborted, commands ignored until end of transaction block
[2026-01-26T14:41:45.478+0000] {logging_mixin.py:151} INFO -      ⚠️ Erreur ligne 731: current transaction is aborted, commands ignored until end of transaction block
[2026-01-26T14:41:45.479+0000] {logging_mixin.py:151} INFO -      ⚠️ Erreur ligne 732: current transaction is aborted, commands ignored until end of transaction block
[2026-01-26T14:41:45.480+0000] {logging_mixin.py:151} INFO -      ⚠️ Erreur ligne 733: current transaction is aborted, commands ignored until end of transaction block
[2026-01-26T14:41:45.480+0000] {logging_mixin.py:151} INFO -      ⚠️ Erreur ligne 734: current transaction is aborted, commands ignored until end of transaction block
[2026-01-26T14:41:45.481+0000] {logging_mixin.py:151} INFO -      ⚠️ Erreur ligne 735: current transaction is aborted, commands ignored until end of transaction block
[2026-01-26T14:41:45.482+0000] {logging_mixin.py:151} INFO -      ⚠️ Erreur ligne 736: current transaction is aborted, commands ignored until end of transaction block
[2026-01-26T14:41:45.483+0000] {logging_mixin.py:151} INFO -      ⚠️ Erreur ligne 737: current transaction is aborted, commands ignored until end of transaction block
[2026-01-26T14:41:45.484+0000] {logging_mixin.py:151} INFO -      ⚠️ Erreur ligne 738: current transaction is aborted, commands ignored until end of transaction block
[2026-01-26T14:41:45.485+0000] {logging_mixin.py:151} INFO -      ⚠️ Erreur ligne 739: current transaction is aborted, commands ignored until end of transaction block
[2026-01-26T14:41:45.486+0000] {logging_mixin.py:151} INFO -      ⚠️ Erreur ligne 740: current transaction is aborted, commands ignored until end of transaction block
[2026-01-26T14:41:45.487+0000] {logging_mixin.py:151} INFO -      ⚠️ Erreur ligne 741: current transaction is aborted, commands ignored until end of transaction block
[2026-01-26T14:41:45.488+0000] {logging_mixin.py:151} INFO -      ⚠️ Erreur ligne 742: current transaction is aborted, commands ignored until end of transaction block
[2026-01-26T14:41:45.489+0000] {logging_mixin.py:151} INFO -      ⚠️ Erreur ligne 743: current transaction is aborted, commands ignored until end of transaction block
[2026-01-26T14:41:45.490+0000] {logging_mixin.py:151} INFO -      ⚠️ Erreur ligne 744: current transaction is aborted, commands ignored until end of transaction block
[2026-01-26T14:41:45.491+0000] {logging_mixin.py:151} INFO -      ⚠️ Erreur ligne 745: current transaction is aborted, commands ignored until end of transaction block
[2026-01-26T14:41:45.493+0000] {logging_mixin.py:151} INFO -      ⚠️ Erreur ligne 746: current transaction is aborted, commands ignored until end of transaction block
[2026-01-26T14:41:45.494+0000] {logging_mixin.py:151} INFO -      ⚠️ Erreur ligne 747: current transaction is aborted, commands ignored until end of transaction block
[2026-01-26T14:41:45.495+0000] {logging_mixin.py:151} INFO -      ⚠️ Erreur ligne 748: current transaction is aborted, commands ignored until end of transaction block
[2026-01-26T14:41:45.496+0000] {logging_mixin.py:151} INFO -      ⚠️ Erreur ligne 749: current transaction is aborted, commands ignored until end of transaction block
[2026-01-26T14:41:45.497+0000] {logging_mixin.py:151} INFO -      ⚠️ Erreur ligne 750: current transaction is aborted, commands ignored until end of transaction block
[2026-01-26T14:41:45.498+0000] {logging_mixin.py:151} INFO -      ⚠️ Erreur ligne 751: current transaction is aborted, commands ignored until end of transaction block
[2026-01-26T14:41:45.500+0000] {logging_mixin.py:151} INFO -      ⚠️ Erreur ligne 752: current transaction is aborted, commands ignored until end of transaction block
[2026-01-26T14:41:45.501+0000] {logging_mixin.py:151} INFO -      ⚠️ Erreur ligne 753: current transaction is aborted, commands ignored until end of transaction block
[2026-01-26T14:41:45.502+0000] {logging_mixin.py:151} INFO -      ⚠️ Erreur ligne 754: current transaction is aborted, commands ignored until end of transaction block
[2026-01-26T14:41:45.503+0000] {logging_mixin.py:151} INFO -      ⚠️ Erreur ligne 755: current transaction is aborted, commands ignored until end of transaction block
[2026-01-26T14:41:45.505+0000] {logging_mixin.py:151} INFO -      ⚠️ Erreur ligne 756: current transaction is aborted, commands ignored until end of transaction block
[2026-01-26T14:41:45.506+0000] {logging_mixin.py:151} INFO -      ⚠️ Erreur ligne 757: current transaction is aborted, commands ignored until end of transaction block
[2026-01-26T14:41:45.507+0000] {logging_mixin.py:151} INFO -      ⚠️ Erreur ligne 758: current transaction is aborted, commands ignored until end of transaction block
[2026-01-26T14:41:45.508+0000] {logging_mixin.py:151} INFO -      ⚠️ Erreur ligne 759: current transaction is aborted, commands ignored until end of transaction block
[2026-01-26T14:41:45.509+0000] {logging_mixin.py:151} INFO -      ⚠️ Erreur ligne 760: current transaction is aborted, commands ignored until end of transaction block
[2026-01-26T14:41:45.511+0000] {logging_mixin.py:151} INFO -      ⚠️ Erreur ligne 761: current transaction is aborted, commands ignored until end of transaction block
[2026-01-26T14:41:45.512+0000] {logging_mixin.py:151} INFO -      ⚠️ Erreur ligne 762: current transaction is aborted, commands ignored until end of transaction block
[2026-01-26T14:41:45.514+0000] {logging_mixin.py:151} INFO -      ⚠️ Erreur ligne 763: current transaction is aborted, commands ignored until end of transaction block
[2026-01-26T14:41:45.515+0000] {logging_mixin.py:151} INFO -      ⚠️ Erreur ligne 764: current transaction is aborted, commands ignored until end of transaction block
[2026-01-26T14:41:45.517+0000] {logging_mixin.py:151} INFO -      ⚠️ Erreur ligne 765: current transaction is aborted, commands ignored until end of transaction block
[2026-01-26T14:41:45.519+0000] {logging_mixin.py:151} INFO -      ⚠️ Erreur ligne 766: current transaction is aborted, commands ignored until end of transaction block
[2026-01-26T14:41:45.520+0000] {logging_mixin.py:151} INFO -      ⚠️ Erreur ligne 767: current transaction is aborted, commands ignored until end of transaction block
[2026-01-26T14:41:45.521+0000] {logging_mixin.py:151} INFO -      ⚠️ Erreur ligne 768: current transaction is aborted, commands ignored until end of transaction block
[2026-01-26T14:41:45.522+0000] {logging_mixin.py:151} INFO -      ⚠️ Erreur ligne 769: current transaction is aborted, commands ignored until end of transaction block
[2026-01-26T14:41:45.523+0000] {logging_mixin.py:151} INFO -      ⚠️ Erreur ligne 770: current transaction is aborted, commands ignored until end of transaction block
[2026-01-26T14:41:45.524+0000] {logging_mixin.py:151} INFO -      ⚠️ Erreur ligne 771: current transaction is aborted, commands ignored until end of transaction block
[2026-01-26T14:41:45.525+0000] {logging_mixin.py:151} INFO -      ⚠️ Erreur ligne 772: current transaction is aborted, commands ignored until end of transaction block
[2026-01-26T14:41:45.526+0000] {logging_mixin.py:151} INFO -      ⚠️ Erreur ligne 773: current transaction is aborted, commands ignored until end of transaction block
[2026-01-26T14:41:45.527+0000] {logging_mixin.py:151} INFO -      ⚠️ Erreur ligne 774: current transaction is aborted, commands ignored until end of transaction block
[2026-01-26T14:41:45.529+0000] {logging_mixin.py:151} INFO -      ⚠️ Erreur ligne 775: current transaction is aborted, commands ignored until end of transaction block
[2026-01-26T14:41:45.530+0000] {logging_mixin.py:151} INFO -      ⚠️ Erreur ligne 776: current transaction is aborted, commands ignored until end of transaction block
[2026-01-26T14:41:45.531+0000] {logging_mixin.py:151} INFO -      ⚠️ Erreur ligne 777: current transaction is aborted, commands ignored until end of transaction block
[2026-01-26T14:41:45.532+0000] {logging_mixin.py:151} INFO -      ⚠️ Erreur ligne 778: current transaction is aborted, commands ignored until end of transaction block
[2026-01-26T14:41:45.533+0000] {logging_mixin.py:151} INFO -      ⚠️ Erreur ligne 779: current transaction is aborted, commands ignored until end of transaction block
[2026-01-26T14:41:45.534+0000] {logging_mixin.py:151} INFO -      ⚠️ Erreur ligne 780: current transaction is aborted, commands ignored until end of transaction block
[2026-01-26T14:41:45.535+0000] {logging_mixin.py:151} INFO -      ⚠️ Erreur ligne 781: current transaction is aborted, commands ignored until end of transaction block
[2026-01-26T14:41:45.536+0000] {logging_mixin.py:151} INFO -      ⚠️ Erreur ligne 782: current transaction is aborted, commands ignored until end of transaction block
[2026-01-26T14:41:45.537+0000] {logging_mixin.py:151} INFO -      ⚠️ Erreur ligne 783: current transaction is aborted, commands ignored until end of transaction block
[2026-01-26T14:41:45.538+0000] {logging_mixin.py:151} INFO -      ⚠️ Erreur ligne 784: current transaction is aborted, commands ignored until end of transaction block
[2026-01-26T14:41:45.538+0000] {logging_mixin.py:151} INFO -      ⚠️ Erreur ligne 785: current transaction is aborted, commands ignored until end of transaction block
[2026-01-26T14:41:45.539+0000] {logging_mixin.py:151} INFO -      ⚠️ Erreur ligne 786: current transaction is aborted, commands ignored until end of transaction block
[2026-01-26T14:41:45.540+0000] {logging_mixin.py:151} INFO -      ⚠️ Erreur ligne 787: current transaction is aborted, commands ignored until end of transaction block
[2026-01-26T14:41:45.542+0000] {logging_mixin.py:151} INFO -      ⚠️ Erreur ligne 788: current transaction is aborted, commands ignored until end of transaction block
[2026-01-26T14:41:45.545+0000] {logging_mixin.py:151} INFO -      ⚠️ Erreur ligne 789: current transaction is aborted, commands ignored until end of transaction block
[2026-01-26T14:41:45.546+0000] {logging_mixin.py:151} INFO -      ⚠️ Erreur ligne 790: current transaction is aborted, commands ignored until end of transaction block
[2026-01-26T14:41:45.547+0000] {logging_mixin.py:151} INFO -      ⚠️ Erreur ligne 791: current transaction is aborted, commands ignored until end of transaction block
[2026-01-26T14:41:45.548+0000] {logging_mixin.py:151} INFO -      ⚠️ Erreur ligne 792: current transaction is aborted, commands ignored until end of transaction block
[2026-01-26T14:41:45.549+0000] {logging_mixin.py:151} INFO -      ⚠️ Erreur ligne 793: current transaction is aborted, commands ignored until end of transaction block
[2026-01-26T14:41:45.550+0000] {logging_mixin.py:151} INFO -      ⚠️ Erreur ligne 794: current transaction is aborted, commands ignored until end of transaction block
[2026-01-26T14:41:45.551+0000] {logging_mixin.py:151} INFO -      ⚠️ Erreur ligne 795: current transaction is aborted, commands ignored until end of transaction block
[2026-01-26T14:41:45.552+0000] {logging_mixin.py:151} INFO -      ⚠️ Erreur ligne 796: current transaction is aborted, commands ignored until end of transaction block
[2026-01-26T14:41:45.553+0000] {logging_mixin.py:151} INFO -      ⚠️ Erreur ligne 797: current transaction is aborted, commands ignored until end of transaction block
[2026-01-26T14:41:45.554+0000] {logging_mixin.py:151} INFO -      ⚠️ Erreur ligne 798: current transaction is aborted, commands ignored until end of transaction block
[2026-01-26T14:41:45.555+0000] {logging_mixin.py:151} INFO -      ⚠️ Erreur ligne 799: current transaction is aborted, commands ignored until end of transaction block
[2026-01-26T14:41:45.557+0000] {logging_mixin.py:151} INFO -      ⚠️ Erreur ligne 800: current transaction is aborted, commands ignored until end of transaction block
[2026-01-26T14:41:45.558+0000] {logging_mixin.py:151} INFO -      ⚠️ Erreur ligne 801: current transaction is aborted, commands ignored until end of transaction block
[2026-01-26T14:41:45.560+0000] {logging_mixin.py:151} INFO -      ⚠️ Erreur ligne 802: current transaction is aborted, commands ignored until end of transaction block
[2026-01-26T14:41:45.561+0000] {logging_mixin.py:151} INFO -      ⚠️ Erreur ligne 803: current transaction is aborted, commands ignored until end of transaction block
[2026-01-26T14:41:45.562+0000] {logging_mixin.py:151} INFO -      ⚠️ Erreur ligne 804: current transaction is aborted, commands ignored until end of transaction block
[2026-01-26T14:41:45.563+0000] {logging_mixin.py:151} INFO -      ⚠️ Erreur ligne 805: current transaction is aborted, commands ignored until end of transaction block
[2026-01-26T14:41:45.564+0000] {logging_mixin.py:151} INFO -      ⚠️ Erreur ligne 806: current transaction is aborted, commands ignored until end of transaction block
[2026-01-26T14:41:45.566+0000] {logging_mixin.py:151} INFO -      ⚠️ Erreur ligne 807: current transaction is aborted, commands ignored until end of transaction block
[2026-01-26T14:41:45.567+0000] {logging_mixin.py:151} INFO -      ⚠️ Erreur ligne 808: current transaction is aborted, commands ignored until end of transaction block
[2026-01-26T14:41:45.568+0000] {logging_mixin.py:151} INFO -      ⚠️ Erreur ligne 809: current transaction is aborted, commands ignored until end of transaction block
[2026-01-26T14:41:45.569+0000] {logging_mixin.py:151} INFO -      ⚠️ Erreur ligne 810: current transaction is aborted, commands ignored until end of transaction block
[2026-01-26T14:41:45.570+0000] {logging_mixin.py:151} INFO -      ⚠️ Erreur ligne 811: current transaction is aborted, commands ignored until end of transaction block
[2026-01-26T14:41:45.570+0000] {logging_mixin.py:151} INFO -      ⚠️ Erreur ligne 812: current transaction is aborted, commands ignored until end of transaction block
[2026-01-26T14:41:45.571+0000] {logging_mixin.py:151} INFO -      ⚠️ Erreur ligne 813: current transaction is aborted, commands ignored until end of transaction block
[2026-01-26T14:41:45.572+0000] {logging_mixin.py:151} INFO -      ⚠️ Erreur ligne 814: current transaction is aborted, commands ignored until end of transaction block
[2026-01-26T14:41:45.573+0000] {logging_mixin.py:151} INFO -      ⚠️ Erreur ligne 815: current transaction is aborted, commands ignored until end of transaction block
[2026-01-26T14:41:45.574+0000] {logging_mixin.py:151} INFO -      ⚠️ Erreur ligne 816: current transaction is aborted, commands ignored until end of transaction block
[2026-01-26T14:41:45.575+0000] {logging_mixin.py:151} INFO -      ⚠️ Erreur ligne 817: current transaction is aborted, commands ignored until end of transaction block
[2026-01-26T14:41:45.576+0000] {logging_mixin.py:151} INFO -      ⚠️ Erreur ligne 818: current transaction is aborted, commands ignored until end of transaction block
[2026-01-26T14:41:45.577+0000] {logging_mixin.py:151} INFO -      ⚠️ Erreur ligne 819: current transaction is aborted, commands ignored until end of transaction block
[2026-01-26T14:41:45.578+0000] {logging_mixin.py:151} INFO -      ⚠️ Erreur ligne 820: current transaction is aborted, commands ignored until end of transaction block
[2026-01-26T14:41:45.579+0000] {logging_mixin.py:151} INFO -      ⚠️ Erreur ligne 821: current transaction is aborted, commands ignored until end of transaction block
[2026-01-26T14:41:45.580+0000] {logging_mixin.py:151} INFO -      ⚠️ Erreur ligne 822: current transaction is aborted, commands ignored until end of transaction block
[2026-01-26T14:41:45.581+0000] {logging_mixin.py:151} INFO -      ⚠️ Erreur ligne 823: current transaction is aborted, commands ignored until end of transaction block
[2026-01-26T14:41:45.582+0000] {logging_mixin.py:151} INFO -      ⚠️ Erreur ligne 824: current transaction is aborted, commands ignored until end of transaction block
[2026-01-26T14:41:45.583+0000] {logging_mixin.py:151} INFO -      ⚠️ Erreur ligne 825: current transaction is aborted, commands ignored until end of transaction block
[2026-01-26T14:41:45.585+0000] {logging_mixin.py:151} INFO -      ⚠️ Erreur ligne 826: current transaction is aborted, commands ignored until end of transaction block
[2026-01-26T14:41:45.586+0000] {logging_mixin.py:151} INFO -      ⚠️ Erreur ligne 827: current transaction is aborted, commands ignored until end of transaction block
[2026-01-26T14:41:45.587+0000] {logging_mixin.py:151} INFO -      ⚠️ Erreur ligne 828: current transaction is aborted, commands ignored until end of transaction block
[2026-01-26T14:41:45.588+0000] {logging_mixin.py:151} INFO -      ⚠️ Erreur ligne 829: current transaction is aborted, commands ignored until end of transaction block
[2026-01-26T14:41:45.590+0000] {logging_mixin.py:151} INFO -      ⚠️ Erreur ligne 830: current transaction is aborted, commands ignored until end of transaction block
[2026-01-26T14:41:45.591+0000] {logging_mixin.py:151} INFO -      ⚠️ Erreur ligne 831: current transaction is aborted, commands ignored until end of transaction block
[2026-01-26T14:41:45.592+0000] {logging_mixin.py:151} INFO -      ⚠️ Erreur ligne 832: current transaction is aborted, commands ignored until end of transaction block
[2026-01-26T14:41:45.594+0000] {logging_mixin.py:151} INFO -      ⚠️ Erreur ligne 833: current transaction is aborted, commands ignored until end of transaction block
[2026-01-26T14:41:45.595+0000] {logging_mixin.py:151} INFO -      ⚠️ Erreur ligne 834: current transaction is aborted, commands ignored until end of transaction block
[2026-01-26T14:41:45.596+0000] {logging_mixin.py:151} INFO -      ⚠️ Erreur ligne 835: current transaction is aborted, commands ignored until end of transaction block
[2026-01-26T14:41:45.596+0000] {logging_mixin.py:151} INFO -      ⚠️ Erreur ligne 836: current transaction is aborted, commands ignored until end of transaction block
[2026-01-26T14:41:45.597+0000] {logging_mixin.py:151} INFO -      ⚠️ Erreur ligne 837: current transaction is aborted, commands ignored until end of transaction block
[2026-01-26T14:41:45.598+0000] {logging_mixin.py:151} INFO -      ⚠️ Erreur ligne 838: current transaction is aborted, commands ignored until end of transaction block
[2026-01-26T14:41:45.599+0000] {logging_mixin.py:151} INFO -      ⚠️ Erreur ligne 839: current transaction is aborted, commands ignored until end of transaction block
[2026-01-26T14:41:45.600+0000] {logging_mixin.py:151} INFO -      ⚠️ Erreur ligne 840: current transaction is aborted, commands ignored until end of transaction block
[2026-01-26T14:41:45.601+0000] {logging_mixin.py:151} INFO -      ⚠️ Erreur ligne 841: current transaction is aborted, commands ignored until end of transaction block
[2026-01-26T14:41:45.602+0000] {logging_mixin.py:151} INFO -      ⚠️ Erreur ligne 842: current transaction is aborted, commands ignored until end of transaction block
[2026-01-26T14:41:45.603+0000] {logging_mixin.py:151} INFO -      ⚠️ Erreur ligne 843: current transaction is aborted, commands ignored until end of transaction block
[2026-01-26T14:41:45.604+0000] {logging_mixin.py:151} INFO -      ⚠️ Erreur ligne 844: current transaction is aborted, commands ignored until end of transaction block
[2026-01-26T14:41:45.605+0000] {logging_mixin.py:151} INFO -      ⚠️ Erreur ligne 845: current transaction is aborted, commands ignored until end of transaction block
[2026-01-26T14:41:45.606+0000] {logging_mixin.py:151} INFO -      ⚠️ Erreur ligne 846: current transaction is aborted, commands ignored until end of transaction block
[2026-01-26T14:41:45.607+0000] {logging_mixin.py:151} INFO -      ⚠️ Erreur ligne 847: current transaction is aborted, commands ignored until end of transaction block
[2026-01-26T14:41:45.609+0000] {logging_mixin.py:151} INFO -      ⚠️ Erreur ligne 848: current transaction is aborted, commands ignored until end of transaction block
[2026-01-26T14:41:45.610+0000] {logging_mixin.py:151} INFO -      ⚠️ Erreur ligne 849: current transaction is aborted, commands ignored until end of transaction block
[2026-01-26T14:41:45.611+0000] {logging_mixin.py:151} INFO -      ⚠️ Erreur ligne 850: current transaction is aborted, commands ignored until end of transaction block
[2026-01-26T14:41:45.613+0000] {logging_mixin.py:151} INFO -      ⚠️ Erreur ligne 851: current transaction is aborted, commands ignored until end of transaction block
[2026-01-26T14:41:45.614+0000] {logging_mixin.py:151} INFO -      ⚠️ Erreur ligne 852: current transaction is aborted, commands ignored until end of transaction block
[2026-01-26T14:41:45.615+0000] {logging_mixin.py:151} INFO -      ⚠️ Erreur ligne 853: current transaction is aborted, commands ignored until end of transaction block
[2026-01-26T14:41:45.616+0000] {logging_mixin.py:151} INFO -      ⚠️ Erreur ligne 854: current transaction is aborted, commands ignored until end of transaction block
[2026-01-26T14:41:45.617+0000] {logging_mixin.py:151} INFO -      ⚠️ Erreur ligne 855: current transaction is aborted, commands ignored until end of transaction block
[2026-01-26T14:41:45.618+0000] {logging_mixin.py:151} INFO -      ⚠️ Erreur ligne 856: current transaction is aborted, commands ignored until end of transaction block
[2026-01-26T14:41:45.619+0000] {logging_mixin.py:151} INFO -      ⚠️ Erreur ligne 857: current transaction is aborted, commands ignored until end of transaction block
[2026-01-26T14:41:45.620+0000] {logging_mixin.py:151} INFO -      ⚠️ Erreur ligne 858: current transaction is aborted, commands ignored until end of transaction block
[2026-01-26T14:41:45.621+0000] {logging_mixin.py:151} INFO -      ⚠️ Erreur ligne 859: current transaction is aborted, commands ignored until end of transaction block
[2026-01-26T14:41:45.622+0000] {logging_mixin.py:151} INFO -      ⚠️ Erreur ligne 860: current transaction is aborted, commands ignored until end of transaction block
[2026-01-26T14:41:45.622+0000] {logging_mixin.py:151} INFO -      ⚠️ Erreur ligne 861: current transaction is aborted, commands ignored until end of transaction block
[2026-01-26T14:41:45.623+0000] {logging_mixin.py:151} INFO -      ⚠️ Erreur ligne 862: current transaction is aborted, commands ignored until end of transaction block
[2026-01-26T14:41:45.624+0000] {logging_mixin.py:151} INFO -      ⚠️ Erreur ligne 863: current transaction is aborted, commands ignored until end of transaction block
[2026-01-26T14:41:45.625+0000] {logging_mixin.py:151} INFO -      ⚠️ Erreur ligne 864: current transaction is aborted, commands ignored until end of transaction block
[2026-01-26T14:41:45.626+0000] {logging_mixin.py:151} INFO -      ⚠️ Erreur ligne 865: current transaction is aborted, commands ignored until end of transaction block
[2026-01-26T14:41:45.627+0000] {logging_mixin.py:151} INFO -      ⚠️ Erreur ligne 866: current transaction is aborted, commands ignored until end of transaction block
[2026-01-26T14:41:45.629+0000] {logging_mixin.py:151} INFO -      ⚠️ Erreur ligne 867: current transaction is aborted, commands ignored until end of transaction block
[2026-01-26T14:41:45.631+0000] {logging_mixin.py:151} INFO -      ⚠️ Erreur ligne 868: current transaction is aborted, commands ignored until end of transaction block
[2026-01-26T14:41:45.633+0000] {logging_mixin.py:151} INFO -      ⚠️ Erreur ligne 869: current transaction is aborted, commands ignored until end of transaction block
[2026-01-26T14:41:45.634+0000] {logging_mixin.py:151} INFO -      ⚠️ Erreur ligne 870: current transaction is aborted, commands ignored until end of transaction block
[2026-01-26T14:41:45.635+0000] {logging_mixin.py:151} INFO -      ⚠️ Erreur ligne 871: current transaction is aborted, commands ignored until end of transaction block
[2026-01-26T14:41:45.636+0000] {logging_mixin.py:151} INFO -      ⚠️ Erreur ligne 872: current transaction is aborted, commands ignored until end of transaction block
[2026-01-26T14:41:45.637+0000] {logging_mixin.py:151} INFO -      ⚠️ Erreur ligne 873: current transaction is aborted, commands ignored until end of transaction block
[2026-01-26T14:41:45.638+0000] {logging_mixin.py:151} INFO -      ⚠️ Erreur ligne 874: current transaction is aborted, commands ignored until end of transaction block
[2026-01-26T14:41:45.639+0000] {logging_mixin.py:151} INFO -      ⚠️ Erreur ligne 875: current transaction is aborted, commands ignored until end of transaction block
[2026-01-26T14:41:45.639+0000] {logging_mixin.py:151} INFO -      ⚠️ Erreur ligne 876: current transaction is aborted, commands ignored until end of transaction block
[2026-01-26T14:41:45.640+0000] {logging_mixin.py:151} INFO -      ⚠️ Erreur ligne 877: current transaction is aborted, commands ignored until end of transaction block
[2026-01-26T14:41:45.641+0000] {logging_mixin.py:151} INFO -      ⚠️ Erreur ligne 878: current transaction is aborted, commands ignored until end of transaction block
[2026-01-26T14:41:45.643+0000] {logging_mixin.py:151} INFO -      ⚠️ Erreur ligne 879: current transaction is aborted, commands ignored until end of transaction block
[2026-01-26T14:41:45.644+0000] {logging_mixin.py:151} INFO -      ⚠️ Erreur ligne 880: current transaction is aborted, commands ignored until end of transaction block
[2026-01-26T14:41:45.646+0000] {logging_mixin.py:151} INFO -      ⚠️ Erreur ligne 881: current transaction is aborted, commands ignored until end of transaction block
[2026-01-26T14:41:45.646+0000] {logging_mixin.py:151} INFO -      ⚠️ Erreur ligne 882: current transaction is aborted, commands ignored until end of transaction block
[2026-01-26T14:41:45.647+0000] {logging_mixin.py:151} INFO -      ⚠️ Erreur ligne 883: current transaction is aborted, commands ignored until end of transaction block
[2026-01-26T14:41:45.648+0000] {logging_mixin.py:151} INFO -      ⚠️ Erreur ligne 884: current transaction is aborted, commands ignored until end of transaction block
[2026-01-26T14:41:45.649+0000] {logging_mixin.py:151} INFO -      ⚠️ Erreur ligne 885: current transaction is aborted, commands ignored until end of transaction block
[2026-01-26T14:41:45.651+0000] {logging_mixin.py:151} INFO -      ⚠️ Erreur ligne 886: current transaction is aborted, commands ignored until end of transaction block
[2026-01-26T14:41:45.652+0000] {logging_mixin.py:151} INFO -      ⚠️ Erreur ligne 887: current transaction is aborted, commands ignored until end of transaction block
[2026-01-26T14:41:45.654+0000] {logging_mixin.py:151} INFO -      ⚠️ Erreur ligne 888: current transaction is aborted, commands ignored until end of transaction block
[2026-01-26T14:41:45.655+0000] {logging_mixin.py:151} INFO -      ⚠️ Erreur ligne 889: current transaction is aborted, commands ignored until end of transaction block
[2026-01-26T14:41:45.656+0000] {logging_mixin.py:151} INFO -      ⚠️ Erreur ligne 890: current transaction is aborted, commands ignored until end of transaction block
[2026-01-26T14:41:45.657+0000] {logging_mixin.py:151} INFO -      ⚠️ Erreur ligne 891: current transaction is aborted, commands ignored until end of transaction block
[2026-01-26T14:41:45.658+0000] {logging_mixin.py:151} INFO -      ⚠️ Erreur ligne 892: current transaction is aborted, commands ignored until end of transaction block
[2026-01-26T14:41:45.659+0000] {logging_mixin.py:151} INFO -      ⚠️ Erreur ligne 893: current transaction is aborted, commands ignored until end of transaction block
[2026-01-26T14:41:45.660+0000] {logging_mixin.py:151} INFO -      ⚠️ Erreur ligne 894: current transaction is aborted, commands ignored until end of transaction block
[2026-01-26T14:41:45.661+0000] {logging_mixin.py:151} INFO -      ⚠️ Erreur ligne 895: current transaction is aborted, commands ignored until end of transaction block
[2026-01-26T14:41:45.662+0000] {logging_mixin.py:151} INFO -      ⚠️ Erreur ligne 896: current transaction is aborted, commands ignored until end of transaction block
[2026-01-26T14:41:45.663+0000] {logging_mixin.py:151} INFO -      ⚠️ Erreur ligne 897: current transaction is aborted, commands ignored until end of transaction block
[2026-01-26T14:41:45.663+0000] {logging_mixin.py:151} INFO -      ⚠️ Erreur ligne 898: current transaction is aborted, commands ignored until end of transaction block
[2026-01-26T14:41:45.664+0000] {logging_mixin.py:151} INFO -      ⚠️ Erreur ligne 899: current transaction is aborted, commands ignored until end of transaction block
[2026-01-26T14:41:45.666+0000] {logging_mixin.py:151} INFO -      ⚠️ Erreur ligne 900: current transaction is aborted, commands ignored until end of transaction block
[2026-01-26T14:41:45.667+0000] {logging_mixin.py:151} INFO -      ⚠️ Erreur ligne 901: current transaction is aborted, commands ignored until end of transaction block
[2026-01-26T14:41:45.668+0000] {logging_mixin.py:151} INFO -      ⚠️ Erreur ligne 902: current transaction is aborted, commands ignored until end of transaction block
[2026-01-26T14:41:45.669+0000] {logging_mixin.py:151} INFO -      ⚠️ Erreur ligne 903: current transaction is aborted, commands ignored until end of transaction block
[2026-01-26T14:41:45.670+0000] {logging_mixin.py:151} INFO -      ⚠️ Erreur ligne 904: current transaction is aborted, commands ignored until end of transaction block
[2026-01-26T14:41:45.671+0000] {logging_mixin.py:151} INFO -      ⚠️ Erreur ligne 905: current transaction is aborted, commands ignored until end of transaction block
[2026-01-26T14:41:45.672+0000] {logging_mixin.py:151} INFO -      ⚠️ Erreur ligne 906: current transaction is aborted, commands ignored until end of transaction block
[2026-01-26T14:41:45.673+0000] {logging_mixin.py:151} INFO -      ⚠️ Erreur ligne 907: current transaction is aborted, commands ignored until end of transaction block
[2026-01-26T14:41:45.676+0000] {logging_mixin.py:151} INFO -      ⚠️ Erreur ligne 908: current transaction is aborted, commands ignored until end of transaction block
[2026-01-26T14:41:45.677+0000] {logging_mixin.py:151} INFO -      ⚠️ Erreur ligne 909: current transaction is aborted, commands ignored until end of transaction block
[2026-01-26T14:41:45.678+0000] {logging_mixin.py:151} INFO -      ⚠️ Erreur ligne 910: current transaction is aborted, commands ignored until end of transaction block
[2026-01-26T14:41:45.679+0000] {logging_mixin.py:151} INFO -      ⚠️ Erreur ligne 911: current transaction is aborted, commands ignored until end of transaction block
[2026-01-26T14:41:45.680+0000] {logging_mixin.py:151} INFO -      ⚠️ Erreur ligne 912: current transaction is aborted, commands ignored until end of transaction block
[2026-01-26T14:41:45.681+0000] {logging_mixin.py:151} INFO -      ⚠️ Erreur ligne 913: current transaction is aborted, commands ignored until end of transaction block
[2026-01-26T14:41:45.682+0000] {logging_mixin.py:151} INFO -      ⚠️ Erreur ligne 914: current transaction is aborted, commands ignored until end of transaction block
[2026-01-26T14:41:45.683+0000] {logging_mixin.py:151} INFO -      ⚠️ Erreur ligne 915: current transaction is aborted, commands ignored until end of transaction block
[2026-01-26T14:41:45.684+0000] {logging_mixin.py:151} INFO -      ⚠️ Erreur ligne 916: current transaction is aborted, commands ignored until end of transaction block
[2026-01-26T14:41:45.685+0000] {logging_mixin.py:151} INFO -      ⚠️ Erreur ligne 917: current transaction is aborted, commands ignored until end of transaction block
[2026-01-26T14:41:45.686+0000] {logging_mixin.py:151} INFO -      ⚠️ Erreur ligne 918: current transaction is aborted, commands ignored until end of transaction block
[2026-01-26T14:41:45.686+0000] {logging_mixin.py:151} INFO -      ⚠️ Erreur ligne 919: current transaction is aborted, commands ignored until end of transaction block
[2026-01-26T14:41:45.687+0000] {logging_mixin.py:151} INFO -      ⚠️ Erreur ligne 920: current transaction is aborted, commands ignored until end of transaction block
[2026-01-26T14:41:45.688+0000] {logging_mixin.py:151} INFO -      ⚠️ Erreur ligne 921: current transaction is aborted, commands ignored until end of transaction block
[2026-01-26T14:41:45.689+0000] {logging_mixin.py:151} INFO -      ⚠️ Erreur ligne 922: current transaction is aborted, commands ignored until end of transaction block
[2026-01-26T14:41:45.690+0000] {logging_mixin.py:151} INFO -      ⚠️ Erreur ligne 923: current transaction is aborted, commands ignored until end of transaction block
[2026-01-26T14:41:45.692+0000] {logging_mixin.py:151} INFO -      ⚠️ Erreur ligne 924: current transaction is aborted, commands ignored until end of transaction block
[2026-01-26T14:41:45.695+0000] {logging_mixin.py:151} INFO -      ⚠️ Erreur ligne 925: current transaction is aborted, commands ignored until end of transaction block
[2026-01-26T14:41:45.697+0000] {logging_mixin.py:151} INFO -      ⚠️ Erreur ligne 926: current transaction is aborted, commands ignored until end of transaction block
[2026-01-26T14:41:45.699+0000] {logging_mixin.py:151} INFO -      ⚠️ Erreur ligne 927: current transaction is aborted, commands ignored until end of transaction block
[2026-01-26T14:41:45.701+0000] {logging_mixin.py:151} INFO -      ⚠️ Erreur ligne 928: current transaction is aborted, commands ignored until end of transaction block
[2026-01-26T14:41:45.702+0000] {logging_mixin.py:151} INFO -      ⚠️ Erreur ligne 929: current transaction is aborted, commands ignored until end of transaction block
[2026-01-26T14:41:45.703+0000] {logging_mixin.py:151} INFO -      ⚠️ Erreur ligne 930: current transaction is aborted, commands ignored until end of transaction block
[2026-01-26T14:41:45.704+0000] {logging_mixin.py:151} INFO -      ⚠️ Erreur ligne 931: current transaction is aborted, commands ignored until end of transaction block
[2026-01-26T14:41:45.706+0000] {logging_mixin.py:151} INFO -      ⚠️ Erreur ligne 932: current transaction is aborted, commands ignored until end of transaction block
[2026-01-26T14:41:45.707+0000] {logging_mixin.py:151} INFO -      ⚠️ Erreur ligne 933: current transaction is aborted, commands ignored until end of transaction block
[2026-01-26T14:41:45.708+0000] {logging_mixin.py:151} INFO -      ⚠️ Erreur ligne 934: current transaction is aborted, commands ignored until end of transaction block
[2026-01-26T14:41:45.710+0000] {logging_mixin.py:151} INFO -      ⚠️ Erreur ligne 935: current transaction is aborted, commands ignored until end of transaction block
[2026-01-26T14:41:45.712+0000] {logging_mixin.py:151} INFO -      ⚠️ Erreur ligne 936: current transaction is aborted, commands ignored until end of transaction block
[2026-01-26T14:41:45.713+0000] {logging_mixin.py:151} INFO -      ⚠️ Erreur ligne 937: current transaction is aborted, commands ignored until end of transaction block
[2026-01-26T14:41:45.714+0000] {logging_mixin.py:151} INFO -      ⚠️ Erreur ligne 938: current transaction is aborted, commands ignored until end of transaction block
[2026-01-26T14:41:45.715+0000] {logging_mixin.py:151} INFO -      ⚠️ Erreur ligne 939: current transaction is aborted, commands ignored until end of transaction block
[2026-01-26T14:41:45.716+0000] {logging_mixin.py:151} INFO -      ⚠️ Erreur ligne 940: current transaction is aborted, commands ignored until end of transaction block
[2026-01-26T14:41:45.717+0000] {logging_mixin.py:151} INFO -      ⚠️ Erreur ligne 941: current transaction is aborted, commands ignored until end of transaction block
[2026-01-26T14:41:45.718+0000] {logging_mixin.py:151} INFO -      ⚠️ Erreur ligne 942: current transaction is aborted, commands ignored until end of transaction block
[2026-01-26T14:41:45.719+0000] {logging_mixin.py:151} INFO -      ⚠️ Erreur ligne 943: current transaction is aborted, commands ignored until end of transaction block
[2026-01-26T14:41:45.719+0000] {logging_mixin.py:151} INFO -      ⚠️ Erreur ligne 944: current transaction is aborted, commands ignored until end of transaction block
[2026-01-26T14:41:45.720+0000] {logging_mixin.py:151} INFO -      ⚠️ Erreur ligne 945: current transaction is aborted, commands ignored until end of transaction block
[2026-01-26T14:41:45.721+0000] {logging_mixin.py:151} INFO -      ⚠️ Erreur ligne 946: current transaction is aborted, commands ignored until end of transaction block
[2026-01-26T14:41:45.722+0000] {logging_mixin.py:151} INFO -      ⚠️ Erreur ligne 947: current transaction is aborted, commands ignored until end of transaction block
[2026-01-26T14:41:45.723+0000] {logging_mixin.py:151} INFO -      ⚠️ Erreur ligne 948: current transaction is aborted, commands ignored until end of transaction block
[2026-01-26T14:41:45.725+0000] {logging_mixin.py:151} INFO -      ⚠️ Erreur ligne 949: current transaction is aborted, commands ignored until end of transaction block
[2026-01-26T14:41:45.727+0000] {logging_mixin.py:151} INFO -      ⚠️ Erreur ligne 950: current transaction is aborted, commands ignored until end of transaction block
[2026-01-26T14:41:45.728+0000] {logging_mixin.py:151} INFO -      ⚠️ Erreur ligne 951: current transaction is aborted, commands ignored until end of transaction block
[2026-01-26T14:41:45.729+0000] {logging_mixin.py:151} INFO -      ⚠️ Erreur ligne 952: current transaction is aborted, commands ignored until end of transaction block
[2026-01-26T14:41:45.730+0000] {logging_mixin.py:151} INFO -      ⚠️ Erreur ligne 953: current transaction is aborted, commands ignored until end of transaction block
[2026-01-26T14:41:45.731+0000] {logging_mixin.py:151} INFO -      ⚠️ Erreur ligne 954: current transaction is aborted, commands ignored until end of transaction block
[2026-01-26T14:41:45.732+0000] {logging_mixin.py:151} INFO -      ⚠️ Erreur ligne 955: current transaction is aborted, commands ignored until end of transaction block
[2026-01-26T14:41:45.733+0000] {logging_mixin.py:151} INFO -      ⚠️ Erreur ligne 956: current transaction is aborted, commands ignored until end of transaction block
[2026-01-26T14:41:45.733+0000] {logging_mixin.py:151} INFO -      ⚠️ Erreur ligne 957: current transaction is aborted, commands ignored until end of transaction block
[2026-01-26T14:41:45.734+0000] {logging_mixin.py:151} INFO -      ⚠️ Erreur ligne 958: current transaction is aborted, commands ignored until end of transaction block
[2026-01-26T14:41:45.735+0000] {logging_mixin.py:151} INFO -      ⚠️ Erreur ligne 959: current transaction is aborted, commands ignored until end of transaction block
[2026-01-26T14:41:45.736+0000] {logging_mixin.py:151} INFO -      ⚠️ Erreur ligne 960: current transaction is aborted, commands ignored until end of transaction block
[2026-01-26T14:41:45.737+0000] {logging_mixin.py:151} INFO -      ⚠️ Erreur ligne 961: current transaction is aborted, commands ignored until end of transaction block
[2026-01-26T14:41:45.738+0000] {logging_mixin.py:151} INFO -      ⚠️ Erreur ligne 962: current transaction is aborted, commands ignored until end of transaction block
[2026-01-26T14:41:45.739+0000] {logging_mixin.py:151} INFO -      ⚠️ Erreur ligne 963: current transaction is aborted, commands ignored until end of transaction block
[2026-01-26T14:41:45.742+0000] {logging_mixin.py:151} INFO -      ⚠️ Erreur ligne 964: current transaction is aborted, commands ignored until end of transaction block
[2026-01-26T14:41:45.744+0000] {logging_mixin.py:151} INFO -      ⚠️ Erreur ligne 965: current transaction is aborted, commands ignored until end of transaction block
[2026-01-26T14:41:45.746+0000] {logging_mixin.py:151} INFO -      ⚠️ Erreur ligne 966: current transaction is aborted, commands ignored until end of transaction block
[2026-01-26T14:41:45.750+0000] {logging_mixin.py:151} INFO -      ⚠️ Erreur ligne 967: current transaction is aborted, commands ignored until end of transaction block
[2026-01-26T14:41:45.752+0000] {logging_mixin.py:151} INFO -      ⚠️ Erreur ligne 968: current transaction is aborted, commands ignored until end of transaction block
[2026-01-26T14:41:45.754+0000] {logging_mixin.py:151} INFO -      ⚠️ Erreur ligne 969: current transaction is aborted, commands ignored until end of transaction block
[2026-01-26T14:41:45.757+0000] {logging_mixin.py:151} INFO -      ⚠️ Erreur ligne 970: current transaction is aborted, commands ignored until end of transaction block
[2026-01-26T14:41:45.758+0000] {logging_mixin.py:151} INFO -      ⚠️ Erreur ligne 971: current transaction is aborted, commands ignored until end of transaction block
[2026-01-26T14:41:45.760+0000] {logging_mixin.py:151} INFO -      ⚠️ Erreur ligne 972: current transaction is aborted, commands ignored until end of transaction block
[2026-01-26T14:41:45.763+0000] {logging_mixin.py:151} INFO -      ⚠️ Erreur ligne 973: current transaction is aborted, commands ignored until end of transaction block
[2026-01-26T14:41:45.764+0000] {logging_mixin.py:151} INFO -      ⚠️ Erreur ligne 974: current transaction is aborted, commands ignored until end of transaction block
[2026-01-26T14:41:45.768+0000] {logging_mixin.py:151} INFO -      ⚠️ Erreur ligne 975: current transaction is aborted, commands ignored until end of transaction block
[2026-01-26T14:41:45.771+0000] {logging_mixin.py:151} INFO -      ⚠️ Erreur ligne 976: current transaction is aborted, commands ignored until end of transaction block
[2026-01-26T14:41:45.774+0000] {logging_mixin.py:151} INFO -      ⚠️ Erreur ligne 977: current transaction is aborted, commands ignored until end of transaction block
[2026-01-26T14:41:45.775+0000] {logging_mixin.py:151} INFO -      ⚠️ Erreur ligne 978: current transaction is aborted, commands ignored until end of transaction block
[2026-01-26T14:41:45.777+0000] {logging_mixin.py:151} INFO -      ⚠️ Erreur ligne 979: current transaction is aborted, commands ignored until end of transaction block
[2026-01-26T14:41:45.778+0000] {logging_mixin.py:151} INFO -      ⚠️ Erreur ligne 980: current transaction is aborted, commands ignored until end of transaction block
[2026-01-26T14:41:45.779+0000] {logging_mixin.py:151} INFO -      ⚠️ Erreur ligne 981: current transaction is aborted, commands ignored until end of transaction block
[2026-01-26T14:41:45.781+0000] {logging_mixin.py:151} INFO -      ⚠️ Erreur ligne 982: current transaction is aborted, commands ignored until end of transaction block
[2026-01-26T14:41:45.783+0000] {logging_mixin.py:151} INFO -      ⚠️ Erreur ligne 983: current transaction is aborted, commands ignored until end of transaction block
[2026-01-26T14:41:45.786+0000] {logging_mixin.py:151} INFO -      ⚠️ Erreur ligne 984: current transaction is aborted, commands ignored until end of transaction block
[2026-01-26T14:41:45.788+0000] {logging_mixin.py:151} INFO -      ⚠️ Erreur ligne 985: current transaction is aborted, commands ignored until end of transaction block
[2026-01-26T14:41:45.793+0000] {logging_mixin.py:151} INFO -      ⚠️ Erreur ligne 986: current transaction is aborted, commands ignored until end of transaction block
[2026-01-26T14:41:45.795+0000] {logging_mixin.py:151} INFO -      ⚠️ Erreur ligne 987: current transaction is aborted, commands ignored until end of transaction block
[2026-01-26T14:41:45.799+0000] {logging_mixin.py:151} INFO -      ⚠️ Erreur ligne 988: current transaction is aborted, commands ignored until end of transaction block
[2026-01-26T14:41:45.800+0000] {logging_mixin.py:151} INFO -      ⚠️ Erreur ligne 989: current transaction is aborted, commands ignored until end of transaction block
[2026-01-26T14:41:45.802+0000] {logging_mixin.py:151} INFO -      ⚠️ Erreur ligne 990: current transaction is aborted, commands ignored until end of transaction block
[2026-01-26T14:41:45.804+0000] {logging_mixin.py:151} INFO -      ⚠️ Erreur ligne 991: current transaction is aborted, commands ignored until end of transaction block
[2026-01-26T14:41:45.805+0000] {logging_mixin.py:151} INFO -      ⚠️ Erreur ligne 992: current transaction is aborted, commands ignored until end of transaction block
[2026-01-26T14:41:45.807+0000] {logging_mixin.py:151} INFO -      ⚠️ Erreur ligne 993: current transaction is aborted, commands ignored until end of transaction block
[2026-01-26T14:41:45.810+0000] {logging_mixin.py:151} INFO -      ⚠️ Erreur ligne 994: current transaction is aborted, commands ignored until end of transaction block
[2026-01-26T14:41:45.814+0000] {logging_mixin.py:151} INFO -      ⚠️ Erreur ligne 995: current transaction is aborted, commands ignored until end of transaction block
[2026-01-26T14:41:45.815+0000] {logging_mixin.py:151} INFO -      ⚠️ Erreur ligne 996: current transaction is aborted, commands ignored until end of transaction block
[2026-01-26T14:41:45.817+0000] {logging_mixin.py:151} INFO -      ⚠️ Erreur ligne 997: current transaction is aborted, commands ignored until end of transaction block
[2026-01-26T14:41:45.818+0000] {logging_mixin.py:151} INFO -      ⚠️ Erreur ligne 998: current transaction is aborted, commands ignored until end of transaction block
[2026-01-26T14:41:45.819+0000] {logging_mixin.py:151} INFO -      ⚠️ Erreur ligne 999: current transaction is aborted, commands ignored until end of transaction block
[2026-01-26T14:41:45.820+0000] {logging_mixin.py:151} INFO -      ⚠️ Erreur ligne 1000: current transaction is aborted, commands ignored until end of transaction block
[2026-01-26T14:41:45.821+0000] {logging_mixin.py:151} INFO -      ⚠️ Erreur ligne 1001: current transaction is aborted, commands ignored until end of transaction block
[2026-01-26T14:41:45.822+0000] {logging_mixin.py:151} INFO -      ⚠️ Erreur ligne 1002: current transaction is aborted, commands ignored until end of transaction block
[2026-01-26T14:41:45.823+0000] {logging_mixin.py:151} INFO -      ⚠️ Erreur ligne 1003: current transaction is aborted, commands ignored until end of transaction block
[2026-01-26T14:41:45.825+0000] {logging_mixin.py:151} INFO -      ⚠️ Erreur ligne 1004: current transaction is aborted, commands ignored until end of transaction block
[2026-01-26T14:41:45.827+0000] {logging_mixin.py:151} INFO -      ⚠️ Erreur ligne 1005: current transaction is aborted, commands ignored until end of transaction block
[2026-01-26T14:41:45.828+0000] {logging_mixin.py:151} INFO -      ⚠️ Erreur ligne 1006: current transaction is aborted, commands ignored until end of transaction block
[2026-01-26T14:41:45.831+0000] {logging_mixin.py:151} INFO -      ⚠️ Erreur ligne 1007: current transaction is aborted, commands ignored until end of transaction block
[2026-01-26T14:41:45.833+0000] {logging_mixin.py:151} INFO -      ⚠️ Erreur ligne 1008: current transaction is aborted, commands ignored until end of transaction block
[2026-01-26T14:41:45.834+0000] {logging_mixin.py:151} INFO -      ⚠️ Erreur ligne 1009: current transaction is aborted, commands ignored until end of transaction block
[2026-01-26T14:41:45.836+0000] {logging_mixin.py:151} INFO -      ⚠️ Erreur ligne 1010: current transaction is aborted, commands ignored until end of transaction block
[2026-01-26T14:41:45.837+0000] {logging_mixin.py:151} INFO -      ⚠️ Erreur ligne 1011: current transaction is aborted, commands ignored until end of transaction block
[2026-01-26T14:41:45.839+0000] {logging_mixin.py:151} INFO -      ⚠️ Erreur ligne 1012: current transaction is aborted, commands ignored until end of transaction block
[2026-01-26T14:41:45.840+0000] {logging_mixin.py:151} INFO -      ⚠️ Erreur ligne 1013: current transaction is aborted, commands ignored until end of transaction block
[2026-01-26T14:41:45.842+0000] {logging_mixin.py:151} INFO -      ⚠️ Erreur ligne 1014: current transaction is aborted, commands ignored until end of transaction block
[2026-01-26T14:41:45.843+0000] {logging_mixin.py:151} INFO -      ⚠️ Erreur ligne 1015: current transaction is aborted, commands ignored until end of transaction block
[2026-01-26T14:41:45.845+0000] {logging_mixin.py:151} INFO -      ⚠️ Erreur ligne 1016: current transaction is aborted, commands ignored until end of transaction block
[2026-01-26T14:41:45.847+0000] {logging_mixin.py:151} INFO -      ⚠️ Erreur ligne 1017: current transaction is aborted, commands ignored until end of transaction block
[2026-01-26T14:41:45.847+0000] {logging_mixin.py:151} INFO -      ✅ Insertion terminée: 0 insérées, 0 ignorées (doublons)
[2026-01-26T14:41:45.848+0000] {logging_mixin.py:151} INFO - 
================================================================================
[2026-01-26T14:41:45.849+0000] {logging_mixin.py:151} INFO - 📄 Traitement de : MSFT_2026-01-26 06:13:31.074172+00:00.csv
[2026-01-26T14:41:45.851+0000] {logging_mixin.py:151} INFO - ================================================================================
[2026-01-26T14:41:45.852+0000] {logging_mixin.py:151} INFO -   1️⃣ Lecture du CSV...
[2026-01-26T14:41:45.859+0000] {logging_mixin.py:151} INFO -      ✅ Lu 1018 lignes
[2026-01-26T14:41:45.860+0000] {logging_mixin.py:151} INFO -      Colonnes: ['Date', 'Open', 'High', 'Low', 'Close', 'Volume', 'Dividends', 'Stock Splits', 'symbol', 'extracted_at']
[2026-01-26T14:41:45.860+0000] {logging_mixin.py:151} INFO -   2️⃣ Nettoyage des colonnes...
[2026-01-26T14:41:45.862+0000] {logging_mixin.py:151} INFO -      ✅ Colonnes nettoyées: ['date', 'open', 'high', 'low', 'close', 'volume', 'dividends', 'stock_splits', 'symbol', 'extracted_at']
[2026-01-26T14:41:45.862+0000] {logging_mixin.py:151} INFO -   3️⃣ Conversion des dates...
[2026-01-26T14:41:45.881+0000] {logging_mixin.py:151} INFO -      ✅ Dates converties
[2026-01-26T14:41:45.881+0000] {logging_mixin.py:151} INFO -   4️⃣ Nettoyage des données...
[2026-01-26T14:41:45.888+0000] {logging_mixin.py:151} INFO -      ✅ 1018 → 1018 lignes (après nettoyage)
[2026-01-26T14:41:45.889+0000] {logging_mixin.py:151} INFO -   5️⃣ Connexion à la base de données...
[2026-01-26T14:41:45.909+0000] {logging_mixin.py:151} INFO -      ✅ Connecté
[2026-01-26T14:41:45.909+0000] {logging_mixin.py:151} INFO -   6️⃣ Insertion des données...
[2026-01-26T14:41:45.921+0000] {logging_mixin.py:151} INFO -      ⚠️ Erreur ligne 0: relation "stock_prices" does not exist
LINE 2:                 INSERT INTO stock_prices (
                                    ^
[2026-01-26T14:41:45.922+0000] {logging_mixin.py:151} INFO -         Détails: Traceback (most recent call last):
  File "/opt/***/dags/stock_etl_simple.py", line 106, in process_stocks
    cur.execute(insert_query, values)
psycopg2.errors.UndefinedTable: relation "stock_prices" does not exist
LINE 2:                 INSERT INTO stock_prices (
                                    ^
[2026-01-26T14:41:45.924+0000] {logging_mixin.py:151} INFO -      ⚠️ Erreur ligne 1: current transaction is aborted, commands ignored until end of transaction block
[2026-01-26T14:41:45.926+0000] {logging_mixin.py:151} INFO -         Détails: Traceback (most recent call last):
  File "/opt/***/dags/stock_etl_simple.py", line 106, in process_stocks
    cur.execute(insert_query, values)
psycopg2.errors.InFailedSqlTransaction: current transaction is aborted, commands ignored until end of transaction block
[2026-01-26T14:41:45.931+0000] {logging_mixin.py:151} INFO -      ⚠️ Erreur ligne 2: current transaction is aborted, commands ignored until end of transaction block
[2026-01-26T14:41:45.932+0000] {logging_mixin.py:151} INFO -         Détails: Traceback (most recent call last):
  File "/opt/***/dags/stock_etl_simple.py", line 106, in process_stocks
    cur.execute(insert_query, values)
psycopg2.errors.InFailedSqlTransaction: current transaction is aborted, commands ignored until end of transaction block
[2026-01-26T14:41:45.936+0000] {logging_mixin.py:151} INFO -      ⚠️ Erreur ligne 3: current transaction is aborted, commands ignored until end of transaction block
[2026-01-26T14:41:45.939+0000] {logging_mixin.py:151} INFO -         Détails: Traceback (most recent call last):
  File "/opt/***/dags/stock_etl_simple.py", line 106, in process_stocks
    cur.execute(insert_query, values)
psycopg2.errors.InFailedSqlTransaction: current transaction is aborted, commands ignored until end of transaction block
[2026-01-26T14:41:45.943+0000] {logging_mixin.py:151} INFO -      ⚠️ Erreur ligne 4: current transaction is aborted, commands ignored until end of transaction block
[2026-01-26T14:41:45.945+0000] {logging_mixin.py:151} INFO -         Détails: Traceback (most recent call last):
  File "/opt/***/dags/stock_etl_simple.py", line 106, in process_stocks
    cur.execute(insert_query, values)
psycopg2.errors.InFailedSqlTransaction: current transaction is aborted, commands ignored until end of transaction block
[2026-01-26T14:41:45.947+0000] {logging_mixin.py:151} INFO -      ⚠️ Erreur ligne 5: current transaction is aborted, commands ignored until end of transaction block
[2026-01-26T14:41:45.949+0000] {logging_mixin.py:151} INFO -      ⚠️ Erreur ligne 6: current transaction is aborted, commands ignored until end of transaction block
[2026-01-26T14:41:45.950+0000] {logging_mixin.py:151} INFO -      ⚠️ Erreur ligne 7: current transaction is aborted, commands ignored until end of transaction block
[2026-01-26T14:41:45.952+0000] {logging_mixin.py:151} INFO -      ⚠️ Erreur ligne 8: current transaction is aborted, commands ignored until end of transaction block
[2026-01-26T14:41:45.954+0000] {logging_mixin.py:151} INFO -      ⚠️ Erreur ligne 9: current transaction is aborted, commands ignored until end of transaction block
[2026-01-26T14:41:45.958+0000] {logging_mixin.py:151} INFO -      ⚠️ Erreur ligne 10: current transaction is aborted, commands ignored until end of transaction block
[2026-01-26T14:41:45.960+0000] {logging_mixin.py:151} INFO -      ⚠️ Erreur ligne 11: current transaction is aborted, commands ignored until end of transaction block
[2026-01-26T14:41:45.962+0000] {logging_mixin.py:151} INFO -      ⚠️ Erreur ligne 12: current transaction is aborted, commands ignored until end of transaction block
[2026-01-26T14:41:45.964+0000] {logging_mixin.py:151} INFO -      ⚠️ Erreur ligne 13: current transaction is aborted, commands ignored until end of transaction block
[2026-01-26T14:41:45.966+0000] {logging_mixin.py:151} INFO -      ⚠️ Erreur ligne 14: current transaction is aborted, commands ignored until end of transaction block
[2026-01-26T14:41:45.967+0000] {logging_mixin.py:151} INFO -      ⚠️ Erreur ligne 15: current transaction is aborted, commands ignored until end of transaction block
[2026-01-26T14:41:45.970+0000] {logging_mixin.py:151} INFO -      ⚠️ Erreur ligne 16: current transaction is aborted, commands ignored until end of transaction block
[2026-01-26T14:41:45.972+0000] {logging_mixin.py:151} INFO -      ⚠️ Erreur ligne 17: current transaction is aborted, commands ignored until end of transaction block
[2026-01-26T14:41:45.973+0000] {logging_mixin.py:151} INFO -      ⚠️ Erreur ligne 18: current transaction is aborted, commands ignored until end of transaction block
[2026-01-26T14:41:45.990+0000] {logging_mixin.py:151} INFO -      ⚠️ Erreur ligne 19: current transaction is aborted, commands ignored until end of transaction block
[2026-01-26T14:41:45.994+0000] {logging_mixin.py:151} INFO -      ⚠️ Erreur ligne 20: current transaction is aborted, commands ignored until end of transaction block
[2026-01-26T14:41:45.997+0000] {logging_mixin.py:151} INFO -      ⚠️ Erreur ligne 21: current transaction is aborted, commands ignored until end of transaction block
[2026-01-26T14:41:46.001+0000] {logging_mixin.py:151} INFO -      ⚠️ Erreur ligne 22: current transaction is aborted, commands ignored until end of transaction block
[2026-01-26T14:41:46.005+0000] {logging_mixin.py:151} INFO -      ⚠️ Erreur ligne 23: current transaction is aborted, commands ignored until end of transaction block
[2026-01-26T14:41:46.008+0000] {logging_mixin.py:151} INFO -      ⚠️ Erreur ligne 24: current transaction is aborted, commands ignored until end of transaction block
[2026-01-26T14:41:46.010+0000] {logging_mixin.py:151} INFO -      ⚠️ Erreur ligne 25: current transaction is aborted, commands ignored until end of transaction block
[2026-01-26T14:41:46.011+0000] {logging_mixin.py:151} INFO -      ⚠️ Erreur ligne 26: current transaction is aborted, commands ignored until end of transaction block
[2026-01-26T14:41:46.013+0000] {logging_mixin.py:151} INFO -      ⚠️ Erreur ligne 27: current transaction is aborted, commands ignored until end of transaction block
[2026-01-26T14:41:46.016+0000] {logging_mixin.py:151} INFO -      ⚠️ Erreur ligne 28: current transaction is aborted, commands ignored until end of transaction block
[2026-01-26T14:41:46.017+0000] {logging_mixin.py:151} INFO -      ⚠️ Erreur ligne 29: current transaction is aborted, commands ignored until end of transaction block
[2026-01-26T14:41:46.020+0000] {logging_mixin.py:151} INFO -      ⚠️ Erreur ligne 30: current transaction is aborted, commands ignored until end of transaction block
[2026-01-26T14:41:46.022+0000] {logging_mixin.py:151} INFO -      ⚠️ Erreur ligne 31: current transaction is aborted, commands ignored until end of transaction block
[2026-01-26T14:41:46.025+0000] {logging_mixin.py:151} INFO -      ⚠️ Erreur ligne 32: current transaction is aborted, commands ignored until end of transaction block
[2026-01-26T14:41:46.027+0000] {logging_mixin.py:151} INFO -      ⚠️ Erreur ligne 33: current transaction is aborted, commands ignored until end of transaction block
[2026-01-26T14:41:46.029+0000] {logging_mixin.py:151} INFO -      ⚠️ Erreur ligne 34: current transaction is aborted, commands ignored until end of transaction block
[2026-01-26T14:41:46.031+0000] {logging_mixin.py:151} INFO -      ⚠️ Erreur ligne 35: current transaction is aborted, commands ignored until end of transaction block
[2026-01-26T14:41:46.033+0000] {logging_mixin.py:151} INFO -      ⚠️ Erreur ligne 36: current transaction is aborted, commands ignored until end of transaction block
[2026-01-26T14:41:46.034+0000] {logging_mixin.py:151} INFO -      ⚠️ Erreur ligne 37: current transaction is aborted, commands ignored until end of transaction block
[2026-01-26T14:41:46.036+0000] {logging_mixin.py:151} INFO -      ⚠️ Erreur ligne 38: current transaction is aborted, commands ignored until end of transaction block
[2026-01-26T14:41:46.038+0000] {logging_mixin.py:151} INFO -      ⚠️ Erreur ligne 39: current transaction is aborted, commands ignored until end of transaction block
[2026-01-26T14:41:46.041+0000] {logging_mixin.py:151} INFO -      ⚠️ Erreur ligne 40: current transaction is aborted, commands ignored until end of transaction block
[2026-01-26T14:41:46.043+0000] {logging_mixin.py:151} INFO -      ⚠️ Erreur ligne 41: current transaction is aborted, commands ignored until end of transaction block
[2026-01-26T14:41:46.045+0000] {logging_mixin.py:151} INFO -      ⚠️ Erreur ligne 42: current transaction is aborted, commands ignored until end of transaction block
[2026-01-26T14:41:46.047+0000] {logging_mixin.py:151} INFO -      ⚠️ Erreur ligne 43: current transaction is aborted, commands ignored until end of transaction block
[2026-01-26T14:41:46.049+0000] {logging_mixin.py:151} INFO -      ⚠️ Erreur ligne 44: current transaction is aborted, commands ignored until end of transaction block
[2026-01-26T14:41:46.052+0000] {logging_mixin.py:151} INFO -      ⚠️ Erreur ligne 45: current transaction is aborted, commands ignored until end of transaction block
[2026-01-26T14:41:46.054+0000] {logging_mixin.py:151} INFO -      ⚠️ Erreur ligne 46: current transaction is aborted, commands ignored until end of transaction block
[2026-01-26T14:41:46.057+0000] {logging_mixin.py:151} INFO -      ⚠️ Erreur ligne 47: current transaction is aborted, commands ignored until end of transaction block
[2026-01-26T14:41:46.058+0000] {logging_mixin.py:151} INFO -      ⚠️ Erreur ligne 48: current transaction is aborted, commands ignored until end of transaction block
[2026-01-26T14:41:46.061+0000] {logging_mixin.py:151} INFO -      ⚠️ Erreur ligne 49: current transaction is aborted, commands ignored until end of transaction block
[2026-01-26T14:41:46.064+0000] {logging_mixin.py:151} INFO -      ⚠️ Erreur ligne 50: current transaction is aborted, commands ignored until end of transaction block
[2026-01-26T14:41:46.065+0000] {logging_mixin.py:151} INFO -      ⚠️ Erreur ligne 51: current transaction is aborted, commands ignored until end of transaction block
[2026-01-26T14:41:46.068+0000] {logging_mixin.py:151} INFO -      ⚠️ Erreur ligne 52: current transaction is aborted, commands ignored until end of transaction block
[2026-01-26T14:41:46.070+0000] {logging_mixin.py:151} INFO -      ⚠️ Erreur ligne 53: current transaction is aborted, commands ignored until end of transaction block
[2026-01-26T14:41:46.073+0000] {logging_mixin.py:151} INFO -      ⚠️ Erreur ligne 54: current transaction is aborted, commands ignored until end of transaction block
[2026-01-26T14:41:46.075+0000] {logging_mixin.py:151} INFO -      ⚠️ Erreur ligne 55: current transaction is aborted, commands ignored until end of transaction block
[2026-01-26T14:41:46.077+0000] {logging_mixin.py:151} INFO -      ⚠️ Erreur ligne 56: current transaction is aborted, commands ignored until end of transaction block
[2026-01-26T14:41:46.079+0000] {logging_mixin.py:151} INFO -      ⚠️ Erreur ligne 57: current transaction is aborted, commands ignored until end of transaction block
[2026-01-26T14:41:46.081+0000] {logging_mixin.py:151} INFO -      ⚠️ Erreur ligne 58: current transaction is aborted, commands ignored until end of transaction block
[2026-01-26T14:41:46.083+0000] {logging_mixin.py:151} INFO -      ⚠️ Erreur ligne 59: current transaction is aborted, commands ignored until end of transaction block
[2026-01-26T14:41:46.085+0000] {logging_mixin.py:151} INFO -      ⚠️ Erreur ligne 60: current transaction is aborted, commands ignored until end of transaction block
[2026-01-26T14:41:46.087+0000] {logging_mixin.py:151} INFO -      ⚠️ Erreur ligne 61: current transaction is aborted, commands ignored until end of transaction block
[2026-01-26T14:41:46.088+0000] {logging_mixin.py:151} INFO -      ⚠️ Erreur ligne 62: current transaction is aborted, commands ignored until end of transaction block
[2026-01-26T14:41:46.089+0000] {logging_mixin.py:151} INFO -      ⚠️ Erreur ligne 63: current transaction is aborted, commands ignored until end of transaction block
[2026-01-26T14:41:46.091+0000] {logging_mixin.py:151} INFO -      ⚠️ Erreur ligne 64: current transaction is aborted, commands ignored until end of transaction block
[2026-01-26T14:41:46.093+0000] {logging_mixin.py:151} INFO -      ⚠️ Erreur ligne 65: current transaction is aborted, commands ignored until end of transaction block
[2026-01-26T14:41:46.095+0000] {logging_mixin.py:151} INFO -      ⚠️ Erreur ligne 66: current transaction is aborted, commands ignored until end of transaction block
[2026-01-26T14:41:46.098+0000] {logging_mixin.py:151} INFO -      ⚠️ Erreur ligne 67: current transaction is aborted, commands ignored until end of transaction block
[2026-01-26T14:41:46.099+0000] {logging_mixin.py:151} INFO -      ⚠️ Erreur ligne 68: current transaction is aborted, commands ignored until end of transaction block
[2026-01-26T14:41:46.101+0000] {logging_mixin.py:151} INFO -      ⚠️ Erreur ligne 69: current transaction is aborted, commands ignored until end of transaction block
[2026-01-26T14:41:46.104+0000] {logging_mixin.py:151} INFO -      ⚠️ Erreur ligne 70: current transaction is aborted, commands ignored until end of transaction block
[2026-01-26T14:41:46.106+0000] {logging_mixin.py:151} INFO -      ⚠️ Erreur ligne 71: current transaction is aborted, commands ignored until end of transaction block
[2026-01-26T14:41:46.107+0000] {logging_mixin.py:151} INFO -      ⚠️ Erreur ligne 72: current transaction is aborted, commands ignored until end of transaction block
[2026-01-26T14:41:46.110+0000] {logging_mixin.py:151} INFO -      ⚠️ Erreur ligne 73: current transaction is aborted, commands ignored until end of transaction block
[2026-01-26T14:41:46.113+0000] {logging_mixin.py:151} INFO -      ⚠️ Erreur ligne 74: current transaction is aborted, commands ignored until end of transaction block
[2026-01-26T14:41:46.114+0000] {logging_mixin.py:151} INFO -      ⚠️ Erreur ligne 75: current transaction is aborted, commands ignored until end of transaction block
[2026-01-26T14:41:46.115+0000] {logging_mixin.py:151} INFO -      ⚠️ Erreur ligne 76: current transaction is aborted, commands ignored until end of transaction block
[2026-01-26T14:41:46.118+0000] {logging_mixin.py:151} INFO -      ⚠️ Erreur ligne 77: current transaction is aborted, commands ignored until end of transaction block
[2026-01-26T14:41:46.120+0000] {logging_mixin.py:151} INFO -      ⚠️ Erreur ligne 78: current transaction is aborted, commands ignored until end of transaction block
[2026-01-26T14:41:46.123+0000] {logging_mixin.py:151} INFO -      ⚠️ Erreur ligne 79: current transaction is aborted, commands ignored until end of transaction block
[2026-01-26T14:41:46.126+0000] {logging_mixin.py:151} INFO -      ⚠️ Erreur ligne 80: current transaction is aborted, commands ignored until end of transaction block
[2026-01-26T14:41:46.129+0000] {logging_mixin.py:151} INFO -      ⚠️ Erreur ligne 81: current transaction is aborted, commands ignored until end of transaction block
[2026-01-26T14:41:46.132+0000] {logging_mixin.py:151} INFO -      ⚠️ Erreur ligne 82: current transaction is aborted, commands ignored until end of transaction block
[2026-01-26T14:41:46.136+0000] {logging_mixin.py:151} INFO -      ⚠️ Erreur ligne 83: current transaction is aborted, commands ignored until end of transaction block
[2026-01-26T14:41:46.138+0000] {logging_mixin.py:151} INFO -      ⚠️ Erreur ligne 84: current transaction is aborted, commands ignored until end of transaction block
[2026-01-26T14:41:46.140+0000] {logging_mixin.py:151} INFO -      ⚠️ Erreur ligne 85: current transaction is aborted, commands ignored until end of transaction block
[2026-01-26T14:41:46.143+0000] {logging_mixin.py:151} INFO -      ⚠️ Erreur ligne 86: current transaction is aborted, commands ignored until end of transaction block
[2026-01-26T14:41:46.147+0000] {logging_mixin.py:151} INFO -      ⚠️ Erreur ligne 87: current transaction is aborted, commands ignored until end of transaction block
[2026-01-26T14:41:46.150+0000] {logging_mixin.py:151} INFO -      ⚠️ Erreur ligne 88: current transaction is aborted, commands ignored until end of transaction block
[2026-01-26T14:41:46.152+0000] {logging_mixin.py:151} INFO -      ⚠️ Erreur ligne 89: current transaction is aborted, commands ignored until end of transaction block
[2026-01-26T14:41:46.154+0000] {logging_mixin.py:151} INFO -      ⚠️ Erreur ligne 90: current transaction is aborted, commands ignored until end of transaction block
[2026-01-26T14:41:46.156+0000] {logging_mixin.py:151} INFO -      ⚠️ Erreur ligne 91: current transaction is aborted, commands ignored until end of transaction block
[2026-01-26T14:41:46.158+0000] {logging_mixin.py:151} INFO -      ⚠️ Erreur ligne 92: current transaction is aborted, commands ignored until end of transaction block
[2026-01-26T14:41:46.159+0000] {logging_mixin.py:151} INFO -      ⚠️ Erreur ligne 93: current transaction is aborted, commands ignored until end of transaction block
[2026-01-26T14:41:46.161+0000] {logging_mixin.py:151} INFO -      ⚠️ Erreur ligne 94: current transaction is aborted, commands ignored until end of transaction block
[2026-01-26T14:41:46.167+0000] {logging_mixin.py:151} INFO -      ⚠️ Erreur ligne 95: current transaction is aborted, commands ignored until end of transaction block
[2026-01-26T14:41:46.169+0000] {logging_mixin.py:151} INFO -      ⚠️ Erreur ligne 96: current transaction is aborted, commands ignored until end of transaction block
[2026-01-26T14:41:46.172+0000] {logging_mixin.py:151} INFO -      ⚠️ Erreur ligne 97: current transaction is aborted, commands ignored until end of transaction block
[2026-01-26T14:41:46.173+0000] {logging_mixin.py:151} INFO -      ⚠️ Erreur ligne 98: current transaction is aborted, commands ignored until end of transaction block
[2026-01-26T14:41:46.175+0000] {logging_mixin.py:151} INFO -      ⚠️ Erreur ligne 99: current transaction is aborted, commands ignored until end of transaction block
[2026-01-26T14:41:46.177+0000] {logging_mixin.py:151} INFO -      ⚠️ Erreur ligne 100: current transaction is aborted, commands ignored until end of transaction block
[2026-01-26T14:41:46.179+0000] {logging_mixin.py:151} INFO -      ⚠️ Erreur ligne 101: current transaction is aborted, commands ignored until end of transaction block
[2026-01-26T14:41:46.182+0000] {logging_mixin.py:151} INFO -      ⚠️ Erreur ligne 102: current transaction is aborted, commands ignored until end of transaction block
[2026-01-26T14:41:46.187+0000] {logging_mixin.py:151} INFO -      ⚠️ Erreur ligne 103: current transaction is aborted, commands ignored until end of transaction block
[2026-01-26T14:41:46.192+0000] {logging_mixin.py:151} INFO -      ⚠️ Erreur ligne 104: current transaction is aborted, commands ignored until end of transaction block
[2026-01-26T14:41:46.195+0000] {logging_mixin.py:151} INFO -      ⚠️ Erreur ligne 105: current transaction is aborted, commands ignored until end of transaction block
[2026-01-26T14:41:46.205+0000] {logging_mixin.py:151} INFO -      ⚠️ Erreur ligne 106: current transaction is aborted, commands ignored until end of transaction block
[2026-01-26T14:41:46.209+0000] {logging_mixin.py:151} INFO -      ⚠️ Erreur ligne 107: current transaction is aborted, commands ignored until end of transaction block
[2026-01-26T14:41:46.211+0000] {logging_mixin.py:151} INFO -      ⚠️ Erreur ligne 108: current transaction is aborted, commands ignored until end of transaction block
[2026-01-26T14:41:46.213+0000] {logging_mixin.py:151} INFO -      ⚠️ Erreur ligne 109: current transaction is aborted, commands ignored until end of transaction block
[2026-01-26T14:41:46.215+0000] {logging_mixin.py:151} INFO -      ⚠️ Erreur ligne 110: current transaction is aborted, commands ignored until end of transaction block
[2026-01-26T14:41:46.216+0000] {logging_mixin.py:151} INFO -      ⚠️ Erreur ligne 111: current transaction is aborted, commands ignored until end of transaction block
[2026-01-26T14:41:46.217+0000] {logging_mixin.py:151} INFO -      ⚠️ Erreur ligne 112: current transaction is aborted, commands ignored until end of transaction block
[2026-01-26T14:41:46.219+0000] {logging_mixin.py:151} INFO -      ⚠️ Erreur ligne 113: current transaction is aborted, commands ignored until end of transaction block
[2026-01-26T14:41:46.222+0000] {logging_mixin.py:151} INFO -      ⚠️ Erreur ligne 114: current transaction is aborted, commands ignored until end of transaction block
[2026-01-26T14:41:46.224+0000] {logging_mixin.py:151} INFO -      ⚠️ Erreur ligne 115: current transaction is aborted, commands ignored until end of transaction block
[2026-01-26T14:41:46.225+0000] {logging_mixin.py:151} INFO -      ⚠️ Erreur ligne 116: current transaction is aborted, commands ignored until end of transaction block
[2026-01-26T14:41:46.228+0000] {logging_mixin.py:151} INFO -      ⚠️ Erreur ligne 117: current transaction is aborted, commands ignored until end of transaction block
[2026-01-26T14:41:46.230+0000] {logging_mixin.py:151} INFO -      ⚠️ Erreur ligne 118: current transaction is aborted, commands ignored until end of transaction block
[2026-01-26T14:41:46.232+0000] {logging_mixin.py:151} INFO -      ⚠️ Erreur ligne 119: current transaction is aborted, commands ignored until end of transaction block
[2026-01-26T14:41:46.234+0000] {logging_mixin.py:151} INFO -      ⚠️ Erreur ligne 120: current transaction is aborted, commands ignored until end of transaction block
[2026-01-26T14:41:46.236+0000] {logging_mixin.py:151} INFO -      ⚠️ Erreur ligne 121: current transaction is aborted, commands ignored until end of transaction block
[2026-01-26T14:41:46.237+0000] {logging_mixin.py:151} INFO -      ⚠️ Erreur ligne 122: current transaction is aborted, commands ignored until end of transaction block
[2026-01-26T14:41:46.239+0000] {logging_mixin.py:151} INFO -      ⚠️ Erreur ligne 123: current transaction is aborted, commands ignored until end of transaction block
[2026-01-26T14:41:46.240+0000] {logging_mixin.py:151} INFO -      ⚠️ Erreur ligne 124: current transaction is aborted, commands ignored until end of transaction block
[2026-01-26T14:41:46.242+0000] {logging_mixin.py:151} INFO -      ⚠️ Erreur ligne 125: current transaction is aborted, commands ignored until end of transaction block
[2026-01-26T14:41:46.244+0000] {logging_mixin.py:151} INFO -      ⚠️ Erreur ligne 126: current transaction is aborted, commands ignored until end of transaction block
[2026-01-26T14:41:46.246+0000] {logging_mixin.py:151} INFO -      ⚠️ Erreur ligne 127: current transaction is aborted, commands ignored until end of transaction block
[2026-01-26T14:41:46.248+0000] {logging_mixin.py:151} INFO -      ⚠️ Erreur ligne 128: current transaction is aborted, commands ignored until end of transaction block
[2026-01-26T14:41:46.252+0000] {logging_mixin.py:151} INFO -      ⚠️ Erreur ligne 129: current transaction is aborted, commands ignored until end of transaction block
[2026-01-26T14:41:46.255+0000] {logging_mixin.py:151} INFO -      ⚠️ Erreur ligne 130: current transaction is aborted, commands ignored until end of transaction block
[2026-01-26T14:41:46.257+0000] {logging_mixin.py:151} INFO -      ⚠️ Erreur ligne 131: current transaction is aborted, commands ignored until end of transaction block
[2026-01-26T14:41:46.260+0000] {logging_mixin.py:151} INFO -      ⚠️ Erreur ligne 132: current transaction is aborted, commands ignored until end of transaction block
[2026-01-26T14:41:46.263+0000] {logging_mixin.py:151} INFO -      ⚠️ Erreur ligne 133: current transaction is aborted, commands ignored until end of transaction block
[2026-01-26T14:41:46.265+0000] {logging_mixin.py:151} INFO -      ⚠️ Erreur ligne 134: current transaction is aborted, commands ignored until end of transaction block
[2026-01-26T14:41:46.267+0000] {logging_mixin.py:151} INFO -      ⚠️ Erreur ligne 135: current transaction is aborted, commands ignored until end of transaction block
[2026-01-26T14:41:46.270+0000] {logging_mixin.py:151} INFO -      ⚠️ Erreur ligne 136: current transaction is aborted, commands ignored until end of transaction block
[2026-01-26T14:41:46.272+0000] {logging_mixin.py:151} INFO -      ⚠️ Erreur ligne 137: current transaction is aborted, commands ignored until end of transaction block
[2026-01-26T14:41:46.274+0000] {logging_mixin.py:151} INFO -      ⚠️ Erreur ligne 138: current transaction is aborted, commands ignored until end of transaction block
[2026-01-26T14:41:46.284+0000] {logging_mixin.py:151} INFO -      ⚠️ Erreur ligne 139: current transaction is aborted, commands ignored until end of transaction block
[2026-01-26T14:41:46.293+0000] {logging_mixin.py:151} INFO -      ⚠️ Erreur ligne 140: current transaction is aborted, commands ignored until end of transaction block
[2026-01-26T14:41:46.299+0000] {logging_mixin.py:151} INFO -      ⚠️ Erreur ligne 141: current transaction is aborted, commands ignored until end of transaction block
[2026-01-26T14:41:46.304+0000] {logging_mixin.py:151} INFO -      ⚠️ Erreur ligne 142: current transaction is aborted, commands ignored until end of transaction block
[2026-01-26T14:41:46.315+0000] {logging_mixin.py:151} INFO -      ⚠️ Erreur ligne 143: current transaction is aborted, commands ignored until end of transaction block
[2026-01-26T14:41:46.321+0000] {logging_mixin.py:151} INFO -      ⚠️ Erreur ligne 144: current transaction is aborted, commands ignored until end of transaction block
[2026-01-26T14:41:46.352+0000] {logging_mixin.py:151} INFO -      ⚠️ Erreur ligne 145: current transaction is aborted, commands ignored until end of transaction block
[2026-01-26T14:41:46.368+0000] {logging_mixin.py:151} INFO -      ⚠️ Erreur ligne 146: current transaction is aborted, commands ignored until end of transaction block
[2026-01-26T14:41:46.370+0000] {logging_mixin.py:151} INFO -      ⚠️ Erreur ligne 147: current transaction is aborted, commands ignored until end of transaction block
[2026-01-26T14:41:46.371+0000] {logging_mixin.py:151} INFO -      ⚠️ Erreur ligne 148: current transaction is aborted, commands ignored until end of transaction block
[2026-01-26T14:41:46.373+0000] {logging_mixin.py:151} INFO -      ⚠️ Erreur ligne 149: current transaction is aborted, commands ignored until end of transaction block
[2026-01-26T14:41:46.374+0000] {logging_mixin.py:151} INFO -      ⚠️ Erreur ligne 150: current transaction is aborted, commands ignored until end of transaction block
[2026-01-26T14:41:46.376+0000] {logging_mixin.py:151} INFO -      ⚠️ Erreur ligne 151: current transaction is aborted, commands ignored until end of transaction block
[2026-01-26T14:41:46.377+0000] {logging_mixin.py:151} INFO -      ⚠️ Erreur ligne 152: current transaction is aborted, commands ignored until end of transaction block
[2026-01-26T14:41:46.379+0000] {logging_mixin.py:151} INFO -      ⚠️ Erreur ligne 153: current transaction is aborted, commands ignored until end of transaction block
[2026-01-26T14:41:46.381+0000] {logging_mixin.py:151} INFO -      ⚠️ Erreur ligne 154: current transaction is aborted, commands ignored until end of transaction block
[2026-01-26T14:41:46.382+0000] {logging_mixin.py:151} INFO -      ⚠️ Erreur ligne 155: current transaction is aborted, commands ignored until end of transaction block
[2026-01-26T14:41:46.384+0000] {logging_mixin.py:151} INFO -      ⚠️ Erreur ligne 156: current transaction is aborted, commands ignored until end of transaction block
[2026-01-26T14:41:46.386+0000] {logging_mixin.py:151} INFO -      ⚠️ Erreur ligne 157: current transaction is aborted, commands ignored until end of transaction block
[2026-01-26T14:41:46.388+0000] {logging_mixin.py:151} INFO -      ⚠️ Erreur ligne 158: current transaction is aborted, commands ignored until end of transaction block
[2026-01-26T14:41:46.389+0000] {logging_mixin.py:151} INFO -      ⚠️ Erreur ligne 159: current transaction is aborted, commands ignored until end of transaction block
[2026-01-26T14:41:46.391+0000] {logging_mixin.py:151} INFO -      ⚠️ Erreur ligne 160: current transaction is aborted, commands ignored until end of transaction block
[2026-01-26T14:41:46.393+0000] {logging_mixin.py:151} INFO -      ⚠️ Erreur ligne 161: current transaction is aborted, commands ignored until end of transaction block
[2026-01-26T14:41:46.394+0000] {logging_mixin.py:151} INFO -      ⚠️ Erreur ligne 162: current transaction is aborted, commands ignored until end of transaction block
[2026-01-26T14:41:46.396+0000] {logging_mixin.py:151} INFO -      ⚠️ Erreur ligne 163: current transaction is aborted, commands ignored until end of transaction block
[2026-01-26T14:41:46.397+0000] {logging_mixin.py:151} INFO -      ⚠️ Erreur ligne 164: current transaction is aborted, commands ignored until end of transaction block
[2026-01-26T14:41:46.398+0000] {logging_mixin.py:151} INFO -      ⚠️ Erreur ligne 165: current transaction is aborted, commands ignored until end of transaction block
[2026-01-26T14:41:46.400+0000] {logging_mixin.py:151} INFO -      ⚠️ Erreur ligne 166: current transaction is aborted, commands ignored until end of transaction block
[2026-01-26T14:41:46.402+0000] {logging_mixin.py:151} INFO -      ⚠️ Erreur ligne 167: current transaction is aborted, commands ignored until end of transaction block
[2026-01-26T14:41:46.403+0000] {logging_mixin.py:151} INFO -      ⚠️ Erreur ligne 168: current transaction is aborted, commands ignored until end of transaction block
[2026-01-26T14:41:46.406+0000] {logging_mixin.py:151} INFO -      ⚠️ Erreur ligne 169: current transaction is aborted, commands ignored until end of transaction block
[2026-01-26T14:41:46.407+0000] {logging_mixin.py:151} INFO -      ⚠️ Erreur ligne 170: current transaction is aborted, commands ignored until end of transaction block
[2026-01-26T14:41:46.409+0000] {logging_mixin.py:151} INFO -      ⚠️ Erreur ligne 171: current transaction is aborted, commands ignored until end of transaction block
[2026-01-26T14:41:46.410+0000] {logging_mixin.py:151} INFO -      ⚠️ Erreur ligne 172: current transaction is aborted, commands ignored until end of transaction block
[2026-01-26T14:41:46.412+0000] {logging_mixin.py:151} INFO -      ⚠️ Erreur ligne 173: current transaction is aborted, commands ignored until end of transaction block
[2026-01-26T14:41:46.413+0000] {logging_mixin.py:151} INFO -      ⚠️ Erreur ligne 174: current transaction is aborted, commands ignored until end of transaction block
[2026-01-26T14:41:46.415+0000] {logging_mixin.py:151} INFO -      ⚠️ Erreur ligne 175: current transaction is aborted, commands ignored until end of transaction block
[2026-01-26T14:41:46.417+0000] {logging_mixin.py:151} INFO -      ⚠️ Erreur ligne 176: current transaction is aborted, commands ignored until end of transaction block
[2026-01-26T14:41:46.418+0000] {logging_mixin.py:151} INFO -      ⚠️ Erreur ligne 177: current transaction is aborted, commands ignored until end of transaction block
[2026-01-26T14:41:46.419+0000] {logging_mixin.py:151} INFO -      ⚠️ Erreur ligne 178: current transaction is aborted, commands ignored until end of transaction block
[2026-01-26T14:41:46.421+0000] {logging_mixin.py:151} INFO -      ⚠️ Erreur ligne 179: current transaction is aborted, commands ignored until end of transaction block
[2026-01-26T14:41:46.422+0000] {logging_mixin.py:151} INFO -      ⚠️ Erreur ligne 180: current transaction is aborted, commands ignored until end of transaction block
[2026-01-26T14:41:46.423+0000] {logging_mixin.py:151} INFO -      ⚠️ Erreur ligne 181: current transaction is aborted, commands ignored until end of transaction block
[2026-01-26T14:41:46.424+0000] {logging_mixin.py:151} INFO -      ⚠️ Erreur ligne 182: current transaction is aborted, commands ignored until end of transaction block
[2026-01-26T14:41:46.425+0000] {logging_mixin.py:151} INFO -      ⚠️ Erreur ligne 183: current transaction is aborted, commands ignored until end of transaction block
[2026-01-26T14:41:46.427+0000] {logging_mixin.py:151} INFO -      ⚠️ Erreur ligne 184: current transaction is aborted, commands ignored until end of transaction block
[2026-01-26T14:41:46.428+0000] {logging_mixin.py:151} INFO -      ⚠️ Erreur ligne 185: current transaction is aborted, commands ignored until end of transaction block
[2026-01-26T14:41:46.429+0000] {logging_mixin.py:151} INFO -      ⚠️ Erreur ligne 186: current transaction is aborted, commands ignored until end of transaction block
[2026-01-26T14:41:46.430+0000] {logging_mixin.py:151} INFO -      ⚠️ Erreur ligne 187: current transaction is aborted, commands ignored until end of transaction block
[2026-01-26T14:41:46.431+0000] {logging_mixin.py:151} INFO -      ⚠️ Erreur ligne 188: current transaction is aborted, commands ignored until end of transaction block
[2026-01-26T14:41:46.432+0000] {logging_mixin.py:151} INFO -      ⚠️ Erreur ligne 189: current transaction is aborted, commands ignored until end of transaction block
[2026-01-26T14:41:46.433+0000] {logging_mixin.py:151} INFO -      ⚠️ Erreur ligne 190: current transaction is aborted, commands ignored until end of transaction block
[2026-01-26T14:41:46.435+0000] {logging_mixin.py:151} INFO -      ⚠️ Erreur ligne 191: current transaction is aborted, commands ignored until end of transaction block
[2026-01-26T14:41:46.436+0000] {logging_mixin.py:151} INFO -      ⚠️ Erreur ligne 192: current transaction is aborted, commands ignored until end of transaction block
[2026-01-26T14:41:46.437+0000] {logging_mixin.py:151} INFO -      ⚠️ Erreur ligne 193: current transaction is aborted, commands ignored until end of transaction block
[2026-01-26T14:41:46.438+0000] {logging_mixin.py:151} INFO -      ⚠️ Erreur ligne 194: current transaction is aborted, commands ignored until end of transaction block
[2026-01-26T14:41:46.439+0000] {logging_mixin.py:151} INFO -      ⚠️ Erreur ligne 195: current transaction is aborted, commands ignored until end of transaction block
[2026-01-26T14:41:46.441+0000] {logging_mixin.py:151} INFO -      ⚠️ Erreur ligne 196: current transaction is aborted, commands ignored until end of transaction block
[2026-01-26T14:41:46.442+0000] {logging_mixin.py:151} INFO -      ⚠️ Erreur ligne 197: current transaction is aborted, commands ignored until end of transaction block
[2026-01-26T14:41:46.443+0000] {logging_mixin.py:151} INFO -      ⚠️ Erreur ligne 198: current transaction is aborted, commands ignored until end of transaction block
[2026-01-26T14:41:46.444+0000] {logging_mixin.py:151} INFO -      ⚠️ Erreur ligne 199: current transaction is aborted, commands ignored until end of transaction block
[2026-01-26T14:41:46.445+0000] {logging_mixin.py:151} INFO -      ⚠️ Erreur ligne 200: current transaction is aborted, commands ignored until end of transaction block
[2026-01-26T14:41:46.446+0000] {logging_mixin.py:151} INFO -      ⚠️ Erreur ligne 201: current transaction is aborted, commands ignored until end of transaction block
[2026-01-26T14:41:46.448+0000] {logging_mixin.py:151} INFO -      ⚠️ Erreur ligne 202: current transaction is aborted, commands ignored until end of transaction block
[2026-01-26T14:41:46.449+0000] {logging_mixin.py:151} INFO -      ⚠️ Erreur ligne 203: current transaction is aborted, commands ignored until end of transaction block
[2026-01-26T14:41:46.450+0000] {logging_mixin.py:151} INFO -      ⚠️ Erreur ligne 204: current transaction is aborted, commands ignored until end of transaction block
[2026-01-26T14:41:46.451+0000] {logging_mixin.py:151} INFO -      ⚠️ Erreur ligne 205: current transaction is aborted, commands ignored until end of transaction block
[2026-01-26T14:41:46.452+0000] {logging_mixin.py:151} INFO -      ⚠️ Erreur ligne 206: current transaction is aborted, commands ignored until end of transaction block
[2026-01-26T14:41:46.453+0000] {logging_mixin.py:151} INFO -      ⚠️ Erreur ligne 207: current transaction is aborted, commands ignored until end of transaction block
[2026-01-26T14:41:46.457+0000] {logging_mixin.py:151} INFO -      ⚠️ Erreur ligne 208: current transaction is aborted, commands ignored until end of transaction block
[2026-01-26T14:41:46.458+0000] {logging_mixin.py:151} INFO -      ⚠️ Erreur ligne 209: current transaction is aborted, commands ignored until end of transaction block
[2026-01-26T14:41:46.459+0000] {logging_mixin.py:151} INFO -      ⚠️ Erreur ligne 210: current transaction is aborted, commands ignored until end of transaction block
[2026-01-26T14:41:46.460+0000] {logging_mixin.py:151} INFO -      ⚠️ Erreur ligne 211: current transaction is aborted, commands ignored until end of transaction block
[2026-01-26T14:41:46.461+0000] {logging_mixin.py:151} INFO -      ⚠️ Erreur ligne 212: current transaction is aborted, commands ignored until end of transaction block
[2026-01-26T14:41:46.463+0000] {logging_mixin.py:151} INFO -      ⚠️ Erreur ligne 213: current transaction is aborted, commands ignored until end of transaction block
[2026-01-26T14:41:46.464+0000] {logging_mixin.py:151} INFO -      ⚠️ Erreur ligne 214: current transaction is aborted, commands ignored until end of transaction block
[2026-01-26T14:41:46.465+0000] {logging_mixin.py:151} INFO -      ⚠️ Erreur ligne 215: current transaction is aborted, commands ignored until end of transaction block
[2026-01-26T14:41:46.466+0000] {logging_mixin.py:151} INFO -      ⚠️ Erreur ligne 216: current transaction is aborted, commands ignored until end of transaction block
[2026-01-26T14:41:46.467+0000] {logging_mixin.py:151} INFO -      ⚠️ Erreur ligne 217: current transaction is aborted, commands ignored until end of transaction block
[2026-01-26T14:41:46.468+0000] {logging_mixin.py:151} INFO -      ⚠️ Erreur ligne 218: current transaction is aborted, commands ignored until end of transaction block
[2026-01-26T14:41:46.470+0000] {logging_mixin.py:151} INFO -      ⚠️ Erreur ligne 219: current transaction is aborted, commands ignored until end of transaction block
[2026-01-26T14:41:46.471+0000] {logging_mixin.py:151} INFO -      ⚠️ Erreur ligne 220: current transaction is aborted, commands ignored until end of transaction block
[2026-01-26T14:41:46.472+0000] {logging_mixin.py:151} INFO -      ⚠️ Erreur ligne 221: current transaction is aborted, commands ignored until end of transaction block
[2026-01-26T14:41:46.473+0000] {logging_mixin.py:151} INFO -      ⚠️ Erreur ligne 222: current transaction is aborted, commands ignored until end of transaction block
[2026-01-26T14:41:46.475+0000] {logging_mixin.py:151} INFO -      ⚠️ Erreur ligne 223: current transaction is aborted, commands ignored until end of transaction block
[2026-01-26T14:41:46.476+0000] {logging_mixin.py:151} INFO -      ⚠️ Erreur ligne 224: current transaction is aborted, commands ignored until end of transaction block
[2026-01-26T14:41:46.480+0000] {logging_mixin.py:151} INFO -      ⚠️ Erreur ligne 225: current transaction is aborted, commands ignored until end of transaction block
[2026-01-26T14:41:46.482+0000] {logging_mixin.py:151} INFO -      ⚠️ Erreur ligne 226: current transaction is aborted, commands ignored until end of transaction block
[2026-01-26T14:41:46.490+0000] {logging_mixin.py:151} INFO -      ⚠️ Erreur ligne 227: current transaction is aborted, commands ignored until end of transaction block
[2026-01-26T14:41:46.497+0000] {logging_mixin.py:151} INFO -      ⚠️ Erreur ligne 228: current transaction is aborted, commands ignored until end of transaction block
[2026-01-26T14:41:46.499+0000] {logging_mixin.py:151} INFO -      ⚠️ Erreur ligne 229: current transaction is aborted, commands ignored until end of transaction block
[2026-01-26T14:41:46.505+0000] {logging_mixin.py:151} INFO -      ⚠️ Erreur ligne 230: current transaction is aborted, commands ignored until end of transaction block
[2026-01-26T14:41:46.507+0000] {logging_mixin.py:151} INFO -      ⚠️ Erreur ligne 231: current transaction is aborted, commands ignored until end of transaction block
[2026-01-26T14:41:46.511+0000] {logging_mixin.py:151} INFO -      ⚠️ Erreur ligne 232: current transaction is aborted, commands ignored until end of transaction block
[2026-01-26T14:41:46.512+0000] {logging_mixin.py:151} INFO -      ⚠️ Erreur ligne 233: current transaction is aborted, commands ignored until end of transaction block
[2026-01-26T14:41:46.514+0000] {logging_mixin.py:151} INFO -      ⚠️ Erreur ligne 234: current transaction is aborted, commands ignored until end of transaction block
[2026-01-26T14:41:46.515+0000] {logging_mixin.py:151} INFO -      ⚠️ Erreur ligne 235: current transaction is aborted, commands ignored until end of transaction block
[2026-01-26T14:41:46.517+0000] {logging_mixin.py:151} INFO -      ⚠️ Erreur ligne 236: current transaction is aborted, commands ignored until end of transaction block
[2026-01-26T14:41:46.521+0000] {logging_mixin.py:151} INFO -      ⚠️ Erreur ligne 237: current transaction is aborted, commands ignored until end of transaction block
[2026-01-26T14:41:46.522+0000] {logging_mixin.py:151} INFO -      ⚠️ Erreur ligne 238: current transaction is aborted, commands ignored until end of transaction block
[2026-01-26T14:41:46.524+0000] {logging_mixin.py:151} INFO -      ⚠️ Erreur ligne 239: current transaction is aborted, commands ignored until end of transaction block
[2026-01-26T14:41:46.526+0000] {logging_mixin.py:151} INFO -      ⚠️ Erreur ligne 240: current transaction is aborted, commands ignored until end of transaction block
[2026-01-26T14:41:46.528+0000] {logging_mixin.py:151} INFO -      ⚠️ Erreur ligne 241: current transaction is aborted, commands ignored until end of transaction block
[2026-01-26T14:41:46.533+0000] {logging_mixin.py:151} INFO -      ⚠️ Erreur ligne 242: current transaction is aborted, commands ignored until end of transaction block
[2026-01-26T14:41:46.537+0000] {logging_mixin.py:151} INFO -      ⚠️ Erreur ligne 243: current transaction is aborted, commands ignored until end of transaction block
[2026-01-26T14:41:46.541+0000] {logging_mixin.py:151} INFO -      ⚠️ Erreur ligne 244: current transaction is aborted, commands ignored until end of transaction block
[2026-01-26T14:41:46.547+0000] {logging_mixin.py:151} INFO -      ⚠️ Erreur ligne 245: current transaction is aborted, commands ignored until end of transaction block
[2026-01-26T14:41:46.550+0000] {logging_mixin.py:151} INFO -      ⚠️ Erreur ligne 246: current transaction is aborted, commands ignored until end of transaction block
[2026-01-26T14:41:46.551+0000] {logging_mixin.py:151} INFO -      ⚠️ Erreur ligne 247: current transaction is aborted, commands ignored until end of transaction block
[2026-01-26T14:41:46.553+0000] {logging_mixin.py:151} INFO -      ⚠️ Erreur ligne 248: current transaction is aborted, commands ignored until end of transaction block
[2026-01-26T14:41:46.554+0000] {logging_mixin.py:151} INFO -      ⚠️ Erreur ligne 249: current transaction is aborted, commands ignored until end of transaction block
[2026-01-26T14:41:46.556+0000] {logging_mixin.py:151} INFO -      ⚠️ Erreur ligne 250: current transaction is aborted, commands ignored until end of transaction block
[2026-01-26T14:41:46.557+0000] {logging_mixin.py:151} INFO -      ⚠️ Erreur ligne 251: current transaction is aborted, commands ignored until end of transaction block
[2026-01-26T14:41:46.559+0000] {logging_mixin.py:151} INFO -      ⚠️ Erreur ligne 252: current transaction is aborted, commands ignored until end of transaction block
[2026-01-26T14:41:46.560+0000] {logging_mixin.py:151} INFO -      ⚠️ Erreur ligne 253: current transaction is aborted, commands ignored until end of transaction block
[2026-01-26T14:41:46.561+0000] {logging_mixin.py:151} INFO -      ⚠️ Erreur ligne 254: current transaction is aborted, commands ignored until end of transaction block
[2026-01-26T14:41:46.562+0000] {logging_mixin.py:151} INFO -      ⚠️ Erreur ligne 255: current transaction is aborted, commands ignored until end of transaction block
[2026-01-26T14:41:46.564+0000] {logging_mixin.py:151} INFO -      ⚠️ Erreur ligne 256: current transaction is aborted, commands ignored until end of transaction block
[2026-01-26T14:41:46.566+0000] {logging_mixin.py:151} INFO -      ⚠️ Erreur ligne 257: current transaction is aborted, commands ignored until end of transaction block
[2026-01-26T14:41:46.569+0000] {logging_mixin.py:151} INFO -      ⚠️ Erreur ligne 258: current transaction is aborted, commands ignored until end of transaction block
[2026-01-26T14:41:46.570+0000] {logging_mixin.py:151} INFO -      ⚠️ Erreur ligne 259: current transaction is aborted, commands ignored until end of transaction block
[2026-01-26T14:41:46.571+0000] {logging_mixin.py:151} INFO -      ⚠️ Erreur ligne 260: current transaction is aborted, commands ignored until end of transaction block
[2026-01-26T14:41:46.572+0000] {logging_mixin.py:151} INFO -      ⚠️ Erreur ligne 261: current transaction is aborted, commands ignored until end of transaction block
[2026-01-26T14:41:46.573+0000] {logging_mixin.py:151} INFO -      ⚠️ Erreur ligne 262: current transaction is aborted, commands ignored until end of transaction block
[2026-01-26T14:41:46.575+0000] {logging_mixin.py:151} INFO -      ⚠️ Erreur ligne 263: current transaction is aborted, commands ignored until end of transaction block
[2026-01-26T14:41:46.577+0000] {logging_mixin.py:151} INFO -      ⚠️ Erreur ligne 264: current transaction is aborted, commands ignored until end of transaction block
[2026-01-26T14:41:46.578+0000] {logging_mixin.py:151} INFO -      ⚠️ Erreur ligne 265: current transaction is aborted, commands ignored until end of transaction block
[2026-01-26T14:41:46.580+0000] {logging_mixin.py:151} INFO -      ⚠️ Erreur ligne 266: current transaction is aborted, commands ignored until end of transaction block
[2026-01-26T14:41:46.582+0000] {logging_mixin.py:151} INFO -      ⚠️ Erreur ligne 267: current transaction is aborted, commands ignored until end of transaction block
[2026-01-26T14:41:46.583+0000] {logging_mixin.py:151} INFO -      ⚠️ Erreur ligne 268: current transaction is aborted, commands ignored until end of transaction block
[2026-01-26T14:41:46.584+0000] {logging_mixin.py:151} INFO -      ⚠️ Erreur ligne 269: current transaction is aborted, commands ignored until end of transaction block
[2026-01-26T14:41:46.586+0000] {logging_mixin.py:151} INFO -      ⚠️ Erreur ligne 270: current transaction is aborted, commands ignored until end of transaction block
[2026-01-26T14:41:46.587+0000] {logging_mixin.py:151} INFO -      ⚠️ Erreur ligne 271: current transaction is aborted, commands ignored until end of transaction block
[2026-01-26T14:41:46.588+0000] {logging_mixin.py:151} INFO -      ⚠️ Erreur ligne 272: current transaction is aborted, commands ignored until end of transaction block
[2026-01-26T14:41:46.589+0000] {logging_mixin.py:151} INFO -      ⚠️ Erreur ligne 273: current transaction is aborted, commands ignored until end of transaction block
[2026-01-26T14:41:46.590+0000] {logging_mixin.py:151} INFO -      ⚠️ Erreur ligne 274: current transaction is aborted, commands ignored until end of transaction block
[2026-01-26T14:41:46.592+0000] {logging_mixin.py:151} INFO -      ⚠️ Erreur ligne 275: current transaction is aborted, commands ignored until end of transaction block
[2026-01-26T14:41:46.594+0000] {logging_mixin.py:151} INFO -      ⚠️ Erreur ligne 276: current transaction is aborted, commands ignored until end of transaction block
[2026-01-26T14:41:46.595+0000] {logging_mixin.py:151} INFO -      ⚠️ Erreur ligne 277: current transaction is aborted, commands ignored until end of transaction block
[2026-01-26T14:41:46.596+0000] {logging_mixin.py:151} INFO -      ⚠️ Erreur ligne 278: current transaction is aborted, commands ignored until end of transaction block
[2026-01-26T14:41:46.597+0000] {logging_mixin.py:151} INFO -      ⚠️ Erreur ligne 279: current transaction is aborted, commands ignored until end of transaction block
[2026-01-26T14:41:46.598+0000] {logging_mixin.py:151} INFO -      ⚠️ Erreur ligne 280: current transaction is aborted, commands ignored until end of transaction block
[2026-01-26T14:41:46.599+0000] {logging_mixin.py:151} INFO -      ⚠️ Erreur ligne 281: current transaction is aborted, commands ignored until end of transaction block
[2026-01-26T14:41:46.600+0000] {logging_mixin.py:151} INFO -      ⚠️ Erreur ligne 282: current transaction is aborted, commands ignored until end of transaction block
[2026-01-26T14:41:46.601+0000] {logging_mixin.py:151} INFO -      ⚠️ Erreur ligne 283: current transaction is aborted, commands ignored until end of transaction block
[2026-01-26T14:41:46.602+0000] {logging_mixin.py:151} INFO -      ⚠️ Erreur ligne 284: current transaction is aborted, commands ignored until end of transaction block
[2026-01-26T14:41:46.603+0000] {logging_mixin.py:151} INFO -      ⚠️ Erreur ligne 285: current transaction is aborted, commands ignored until end of transaction block
[2026-01-26T14:41:46.604+0000] {logging_mixin.py:151} INFO -      ⚠️ Erreur ligne 286: current transaction is aborted, commands ignored until end of transaction block
[2026-01-26T14:41:46.605+0000] {logging_mixin.py:151} INFO -      ⚠️ Erreur ligne 287: current transaction is aborted, commands ignored until end of transaction block
[2026-01-26T14:41:46.606+0000] {logging_mixin.py:151} INFO -      ⚠️ Erreur ligne 288: current transaction is aborted, commands ignored until end of transaction block
[2026-01-26T14:41:46.607+0000] {logging_mixin.py:151} INFO -      ⚠️ Erreur ligne 289: current transaction is aborted, commands ignored until end of transaction block
[2026-01-26T14:41:46.609+0000] {logging_mixin.py:151} INFO -      ⚠️ Erreur ligne 290: current transaction is aborted, commands ignored until end of transaction block
[2026-01-26T14:41:46.610+0000] {logging_mixin.py:151} INFO -      ⚠️ Erreur ligne 291: current transaction is aborted, commands ignored until end of transaction block
[2026-01-26T14:41:46.611+0000] {logging_mixin.py:151} INFO -      ⚠️ Erreur ligne 292: current transaction is aborted, commands ignored until end of transaction block
[2026-01-26T14:41:46.612+0000] {logging_mixin.py:151} INFO -      ⚠️ Erreur ligne 293: current transaction is aborted, commands ignored until end of transaction block
[2026-01-26T14:41:46.613+0000] {logging_mixin.py:151} INFO -      ⚠️ Erreur ligne 294: current transaction is aborted, commands ignored until end of transaction block
[2026-01-26T14:41:46.614+0000] {logging_mixin.py:151} INFO -      ⚠️ Erreur ligne 295: current transaction is aborted, commands ignored until end of transaction block
[2026-01-26T14:41:46.615+0000] {logging_mixin.py:151} INFO -      ⚠️ Erreur ligne 296: current transaction is aborted, commands ignored until end of transaction block
[2026-01-26T14:41:46.616+0000] {logging_mixin.py:151} INFO -      ⚠️ Erreur ligne 297: current transaction is aborted, commands ignored until end of transaction block
[2026-01-26T14:41:46.618+0000] {logging_mixin.py:151} INFO -      ⚠️ Erreur ligne 298: current transaction is aborted, commands ignored until end of transaction block
[2026-01-26T14:41:46.619+0000] {logging_mixin.py:151} INFO -      ⚠️ Erreur ligne 299: current transaction is aborted, commands ignored until end of transaction block
[2026-01-26T14:41:46.620+0000] {logging_mixin.py:151} INFO -      ⚠️ Erreur ligne 300: current transaction is aborted, commands ignored until end of transaction block
[2026-01-26T14:41:46.621+0000] {logging_mixin.py:151} INFO -      ⚠️ Erreur ligne 301: current transaction is aborted, commands ignored until end of transaction block
[2026-01-26T14:41:46.622+0000] {logging_mixin.py:151} INFO -      ⚠️ Erreur ligne 302: current transaction is aborted, commands ignored until end of transaction block
[2026-01-26T14:41:46.623+0000] {logging_mixin.py:151} INFO -      ⚠️ Erreur ligne 303: current transaction is aborted, commands ignored until end of transaction block
[2026-01-26T14:41:46.624+0000] {logging_mixin.py:151} INFO -      ⚠️ Erreur ligne 304: current transaction is aborted, commands ignored until end of transaction block
[2026-01-26T14:41:46.625+0000] {logging_mixin.py:151} INFO -      ⚠️ Erreur ligne 305: current transaction is aborted, commands ignored until end of transaction block
[2026-01-26T14:41:46.626+0000] {logging_mixin.py:151} INFO -      ⚠️ Erreur ligne 306: current transaction is aborted, commands ignored until end of transaction block
[2026-01-26T14:41:46.627+0000] {logging_mixin.py:151} INFO -      ⚠️ Erreur ligne 307: current transaction is aborted, commands ignored until end of transaction block
[2026-01-26T14:41:46.629+0000] {logging_mixin.py:151} INFO -      ⚠️ Erreur ligne 308: current transaction is aborted, commands ignored until end of transaction block
[2026-01-26T14:41:46.630+0000] {logging_mixin.py:151} INFO -      ⚠️ Erreur ligne 309: current transaction is aborted, commands ignored until end of transaction block
[2026-01-26T14:41:46.631+0000] {logging_mixin.py:151} INFO -      ⚠️ Erreur ligne 310: current transaction is aborted, commands ignored until end of transaction block
[2026-01-26T14:41:46.632+0000] {logging_mixin.py:151} INFO -      ⚠️ Erreur ligne 311: current transaction is aborted, commands ignored until end of transaction block
[2026-01-26T14:41:46.633+0000] {logging_mixin.py:151} INFO -      ⚠️ Erreur ligne 312: current transaction is aborted, commands ignored until end of transaction block
[2026-01-26T14:41:46.634+0000] {logging_mixin.py:151} INFO -      ⚠️ Erreur ligne 313: current transaction is aborted, commands ignored until end of transaction block
[2026-01-26T14:41:46.636+0000] {logging_mixin.py:151} INFO -      ⚠️ Erreur ligne 314: current transaction is aborted, commands ignored until end of transaction block
[2026-01-26T14:41:46.637+0000] {logging_mixin.py:151} INFO -      ⚠️ Erreur ligne 315: current transaction is aborted, commands ignored until end of transaction block
[2026-01-26T14:41:46.638+0000] {logging_mixin.py:151} INFO -      ⚠️ Erreur ligne 316: current transaction is aborted, commands ignored until end of transaction block
[2026-01-26T14:41:46.639+0000] {logging_mixin.py:151} INFO -      ⚠️ Erreur ligne 317: current transaction is aborted, commands ignored until end of transaction block
[2026-01-26T14:41:46.640+0000] {logging_mixin.py:151} INFO -      ⚠️ Erreur ligne 318: current transaction is aborted, commands ignored until end of transaction block
[2026-01-26T14:41:46.641+0000] {logging_mixin.py:151} INFO -      ⚠️ Erreur ligne 319: current transaction is aborted, commands ignored until end of transaction block
[2026-01-26T14:41:46.642+0000] {logging_mixin.py:151} INFO -      ⚠️ Erreur ligne 320: current transaction is aborted, commands ignored until end of transaction block
[2026-01-26T14:41:46.644+0000] {logging_mixin.py:151} INFO -      ⚠️ Erreur ligne 321: current transaction is aborted, commands ignored until end of transaction block
[2026-01-26T14:41:46.645+0000] {logging_mixin.py:151} INFO -      ⚠️ Erreur ligne 322: current transaction is aborted, commands ignored until end of transaction block
[2026-01-26T14:41:46.646+0000] {logging_mixin.py:151} INFO -      ⚠️ Erreur ligne 323: current transaction is aborted, commands ignored until end of transaction block
[2026-01-26T14:41:46.647+0000] {logging_mixin.py:151} INFO -      ⚠️ Erreur ligne 324: current transaction is aborted, commands ignored until end of transaction block
[2026-01-26T14:41:46.648+0000] {logging_mixin.py:151} INFO -      ⚠️ Erreur ligne 325: current transaction is aborted, commands ignored until end of transaction block
[2026-01-26T14:41:46.649+0000] {logging_mixin.py:151} INFO -      ⚠️ Erreur ligne 326: current transaction is aborted, commands ignored until end of transaction block
[2026-01-26T14:41:46.651+0000] {logging_mixin.py:151} INFO -      ⚠️ Erreur ligne 327: current transaction is aborted, commands ignored until end of transaction block
[2026-01-26T14:41:46.652+0000] {logging_mixin.py:151} INFO -      ⚠️ Erreur ligne 328: current transaction is aborted, commands ignored until end of transaction block
[2026-01-26T14:41:46.653+0000] {logging_mixin.py:151} INFO -      ⚠️ Erreur ligne 329: current transaction is aborted, commands ignored until end of transaction block
[2026-01-26T14:41:46.653+0000] {logging_mixin.py:151} INFO -      ⚠️ Erreur ligne 330: current transaction is aborted, commands ignored until end of transaction block
[2026-01-26T14:41:46.655+0000] {logging_mixin.py:151} INFO -      ⚠️ Erreur ligne 331: current transaction is aborted, commands ignored until end of transaction block
[2026-01-26T14:41:46.656+0000] {logging_mixin.py:151} INFO -      ⚠️ Erreur ligne 332: current transaction is aborted, commands ignored until end of transaction block
[2026-01-26T14:41:46.657+0000] {logging_mixin.py:151} INFO -      ⚠️ Erreur ligne 333: current transaction is aborted, commands ignored until end of transaction block
[2026-01-26T14:41:46.658+0000] {logging_mixin.py:151} INFO -      ⚠️ Erreur ligne 334: current transaction is aborted, commands ignored until end of transaction block
[2026-01-26T14:41:46.659+0000] {logging_mixin.py:151} INFO -      ⚠️ Erreur ligne 335: current transaction is aborted, commands ignored until end of transaction block
[2026-01-26T14:41:46.660+0000] {logging_mixin.py:151} INFO -      ⚠️ Erreur ligne 336: current transaction is aborted, commands ignored until end of transaction block
[2026-01-26T14:41:46.661+0000] {logging_mixin.py:151} INFO -      ⚠️ Erreur ligne 337: current transaction is aborted, commands ignored until end of transaction block
[2026-01-26T14:41:46.662+0000] {logging_mixin.py:151} INFO -      ⚠️ Erreur ligne 338: current transaction is aborted, commands ignored until end of transaction block
[2026-01-26T14:41:46.663+0000] {logging_mixin.py:151} INFO -      ⚠️ Erreur ligne 339: current transaction is aborted, commands ignored until end of transaction block
[2026-01-26T14:41:46.665+0000] {logging_mixin.py:151} INFO -      ⚠️ Erreur ligne 340: current transaction is aborted, commands ignored until end of transaction block
[2026-01-26T14:41:46.666+0000] {logging_mixin.py:151} INFO -      ⚠️ Erreur ligne 341: current transaction is aborted, commands ignored until end of transaction block
[2026-01-26T14:41:46.667+0000] {logging_mixin.py:151} INFO -      ⚠️ Erreur ligne 342: current transaction is aborted, commands ignored until end of transaction block
[2026-01-26T14:41:46.668+0000] {logging_mixin.py:151} INFO -      ⚠️ Erreur ligne 343: current transaction is aborted, commands ignored until end of transaction block
[2026-01-26T14:41:46.669+0000] {logging_mixin.py:151} INFO -      ⚠️ Erreur ligne 344: current transaction is aborted, commands ignored until end of transaction block
[2026-01-26T14:41:46.670+0000] {logging_mixin.py:151} INFO -      ⚠️ Erreur ligne 345: current transaction is aborted, commands ignored until end of transaction block
[2026-01-26T14:41:46.671+0000] {logging_mixin.py:151} INFO -      ⚠️ Erreur ligne 346: current transaction is aborted, commands ignored until end of transaction block
[2026-01-26T14:41:46.672+0000] {logging_mixin.py:151} INFO -      ⚠️ Erreur ligne 347: current transaction is aborted, commands ignored until end of transaction block
[2026-01-26T14:41:46.673+0000] {logging_mixin.py:151} INFO -      ⚠️ Erreur ligne 348: current transaction is aborted, commands ignored until end of transaction block
[2026-01-26T14:41:46.675+0000] {logging_mixin.py:151} INFO -      ⚠️ Erreur ligne 349: current transaction is aborted, commands ignored until end of transaction block
[2026-01-26T14:41:46.676+0000] {logging_mixin.py:151} INFO -      ⚠️ Erreur ligne 350: current transaction is aborted, commands ignored until end of transaction block
[2026-01-26T14:41:46.677+0000] {logging_mixin.py:151} INFO -      ⚠️ Erreur ligne 351: current transaction is aborted, commands ignored until end of transaction block
[2026-01-26T14:41:46.678+0000] {logging_mixin.py:151} INFO -      ⚠️ Erreur ligne 352: current transaction is aborted, commands ignored until end of transaction block
[2026-01-26T14:41:46.679+0000] {logging_mixin.py:151} INFO -      ⚠️ Erreur ligne 353: current transaction is aborted, commands ignored until end of transaction block
[2026-01-26T14:41:46.680+0000] {logging_mixin.py:151} INFO -      ⚠️ Erreur ligne 354: current transaction is aborted, commands ignored until end of transaction block
[2026-01-26T14:41:46.681+0000] {logging_mixin.py:151} INFO -      ⚠️ Erreur ligne 355: current transaction is aborted, commands ignored until end of transaction block
[2026-01-26T14:41:46.682+0000] {logging_mixin.py:151} INFO -      ⚠️ Erreur ligne 356: current transaction is aborted, commands ignored until end of transaction block
[2026-01-26T14:41:46.683+0000] {logging_mixin.py:151} INFO -      ⚠️ Erreur ligne 357: current transaction is aborted, commands ignored until end of transaction block
[2026-01-26T14:41:46.684+0000] {logging_mixin.py:151} INFO -      ⚠️ Erreur ligne 358: current transaction is aborted, commands ignored until end of transaction block
[2026-01-26T14:41:46.685+0000] {logging_mixin.py:151} INFO -      ⚠️ Erreur ligne 359: current transaction is aborted, commands ignored until end of transaction block
[2026-01-26T14:41:46.687+0000] {logging_mixin.py:151} INFO -      ⚠️ Erreur ligne 360: current transaction is aborted, commands ignored until end of transaction block
[2026-01-26T14:41:46.688+0000] {logging_mixin.py:151} INFO -      ⚠️ Erreur ligne 361: current transaction is aborted, commands ignored until end of transaction block
[2026-01-26T14:41:46.689+0000] {logging_mixin.py:151} INFO -      ⚠️ Erreur ligne 362: current transaction is aborted, commands ignored until end of transaction block
[2026-01-26T14:41:46.690+0000] {logging_mixin.py:151} INFO -      ⚠️ Erreur ligne 363: current transaction is aborted, commands ignored until end of transaction block
[2026-01-26T14:41:46.692+0000] {logging_mixin.py:151} INFO -      ⚠️ Erreur ligne 364: current transaction is aborted, commands ignored until end of transaction block
[2026-01-26T14:41:46.694+0000] {logging_mixin.py:151} INFO -      ⚠️ Erreur ligne 365: current transaction is aborted, commands ignored until end of transaction block
[2026-01-26T14:41:46.695+0000] {logging_mixin.py:151} INFO -      ⚠️ Erreur ligne 366: current transaction is aborted, commands ignored until end of transaction block
[2026-01-26T14:41:46.696+0000] {logging_mixin.py:151} INFO -      ⚠️ Erreur ligne 367: current transaction is aborted, commands ignored until end of transaction block
[2026-01-26T14:41:46.697+0000] {logging_mixin.py:151} INFO -      ⚠️ Erreur ligne 368: current transaction is aborted, commands ignored until end of transaction block
[2026-01-26T14:41:46.698+0000] {logging_mixin.py:151} INFO -      ⚠️ Erreur ligne 369: current transaction is aborted, commands ignored until end of transaction block
[2026-01-26T14:41:46.699+0000] {logging_mixin.py:151} INFO -      ⚠️ Erreur ligne 370: current transaction is aborted, commands ignored until end of transaction block
[2026-01-26T14:41:46.700+0000] {logging_mixin.py:151} INFO -      ⚠️ Erreur ligne 371: current transaction is aborted, commands ignored until end of transaction block
[2026-01-26T14:41:46.702+0000] {logging_mixin.py:151} INFO -      ⚠️ Erreur ligne 372: current transaction is aborted, commands ignored until end of transaction block
[2026-01-26T14:41:46.703+0000] {logging_mixin.py:151} INFO -      ⚠️ Erreur ligne 373: current transaction is aborted, commands ignored until end of transaction block
[2026-01-26T14:41:46.704+0000] {logging_mixin.py:151} INFO -      ⚠️ Erreur ligne 374: current transaction is aborted, commands ignored until end of transaction block
[2026-01-26T14:41:46.707+0000] {logging_mixin.py:151} INFO -      ⚠️ Erreur ligne 375: current transaction is aborted, commands ignored until end of transaction block
[2026-01-26T14:41:46.708+0000] {logging_mixin.py:151} INFO -      ⚠️ Erreur ligne 376: current transaction is aborted, commands ignored until end of transaction block
[2026-01-26T14:41:46.709+0000] {logging_mixin.py:151} INFO -      ⚠️ Erreur ligne 377: current transaction is aborted, commands ignored until end of transaction block
[2026-01-26T14:41:46.711+0000] {logging_mixin.py:151} INFO -      ⚠️ Erreur ligne 378: current transaction is aborted, commands ignored until end of transaction block
[2026-01-26T14:41:46.712+0000] {logging_mixin.py:151} INFO -      ⚠️ Erreur ligne 379: current transaction is aborted, commands ignored until end of transaction block
[2026-01-26T14:41:46.713+0000] {logging_mixin.py:151} INFO -      ⚠️ Erreur ligne 380: current transaction is aborted, commands ignored until end of transaction block
[2026-01-26T14:41:46.714+0000] {logging_mixin.py:151} INFO -      ⚠️ Erreur ligne 381: current transaction is aborted, commands ignored until end of transaction block
[2026-01-26T14:41:46.715+0000] {logging_mixin.py:151} INFO -      ⚠️ Erreur ligne 382: current transaction is aborted, commands ignored until end of transaction block
[2026-01-26T14:41:46.716+0000] {logging_mixin.py:151} INFO -      ⚠️ Erreur ligne 383: current transaction is aborted, commands ignored until end of transaction block
[2026-01-26T14:41:46.717+0000] {logging_mixin.py:151} INFO -      ⚠️ Erreur ligne 384: current transaction is aborted, commands ignored until end of transaction block
[2026-01-26T14:41:46.718+0000] {logging_mixin.py:151} INFO -      ⚠️ Erreur ligne 385: current transaction is aborted, commands ignored until end of transaction block
[2026-01-26T14:41:46.719+0000] {logging_mixin.py:151} INFO -      ⚠️ Erreur ligne 386: current transaction is aborted, commands ignored until end of transaction block
[2026-01-26T14:41:46.721+0000] {logging_mixin.py:151} INFO -      ⚠️ Erreur ligne 387: current transaction is aborted, commands ignored until end of transaction block
[2026-01-26T14:41:46.722+0000] {logging_mixin.py:151} INFO -      ⚠️ Erreur ligne 388: current transaction is aborted, commands ignored until end of transaction block
[2026-01-26T14:41:46.723+0000] {logging_mixin.py:151} INFO -      ⚠️ Erreur ligne 389: current transaction is aborted, commands ignored until end of transaction block
[2026-01-26T14:41:46.725+0000] {logging_mixin.py:151} INFO -      ⚠️ Erreur ligne 390: current transaction is aborted, commands ignored until end of transaction block
[2026-01-26T14:41:46.726+0000] {logging_mixin.py:151} INFO -      ⚠️ Erreur ligne 391: current transaction is aborted, commands ignored until end of transaction block
[2026-01-26T14:41:46.728+0000] {logging_mixin.py:151} INFO -      ⚠️ Erreur ligne 392: current transaction is aborted, commands ignored until end of transaction block
[2026-01-26T14:41:46.729+0000] {logging_mixin.py:151} INFO -      ⚠️ Erreur ligne 393: current transaction is aborted, commands ignored until end of transaction block
[2026-01-26T14:41:46.730+0000] {logging_mixin.py:151} INFO -      ⚠️ Erreur ligne 394: current transaction is aborted, commands ignored until end of transaction block
[2026-01-26T14:41:46.731+0000] {logging_mixin.py:151} INFO -      ⚠️ Erreur ligne 395: current transaction is aborted, commands ignored until end of transaction block
[2026-01-26T14:41:46.732+0000] {logging_mixin.py:151} INFO -      ⚠️ Erreur ligne 396: current transaction is aborted, commands ignored until end of transaction block
[2026-01-26T14:41:46.733+0000] {logging_mixin.py:151} INFO -      ⚠️ Erreur ligne 397: current transaction is aborted, commands ignored until end of transaction block
[2026-01-26T14:41:46.735+0000] {logging_mixin.py:151} INFO -      ⚠️ Erreur ligne 398: current transaction is aborted, commands ignored until end of transaction block
[2026-01-26T14:41:46.736+0000] {logging_mixin.py:151} INFO -      ⚠️ Erreur ligne 399: current transaction is aborted, commands ignored until end of transaction block
[2026-01-26T14:41:46.737+0000] {logging_mixin.py:151} INFO -      ⚠️ Erreur ligne 400: current transaction is aborted, commands ignored until end of transaction block
[2026-01-26T14:41:46.738+0000] {logging_mixin.py:151} INFO -      ⚠️ Erreur ligne 401: current transaction is aborted, commands ignored until end of transaction block
[2026-01-26T14:41:46.739+0000] {logging_mixin.py:151} INFO -      ⚠️ Erreur ligne 402: current transaction is aborted, commands ignored until end of transaction block
[2026-01-26T14:41:46.740+0000] {logging_mixin.py:151} INFO -      ⚠️ Erreur ligne 403: current transaction is aborted, commands ignored until end of transaction block
[2026-01-26T14:41:46.741+0000] {logging_mixin.py:151} INFO -      ⚠️ Erreur ligne 404: current transaction is aborted, commands ignored until end of transaction block
[2026-01-26T14:41:46.742+0000] {logging_mixin.py:151} INFO -      ⚠️ Erreur ligne 405: current transaction is aborted, commands ignored until end of transaction block
[2026-01-26T14:41:46.743+0000] {logging_mixin.py:151} INFO -      ⚠️ Erreur ligne 406: current transaction is aborted, commands ignored until end of transaction block
[2026-01-26T14:41:46.744+0000] {logging_mixin.py:151} INFO -      ⚠️ Erreur ligne 407: current transaction is aborted, commands ignored until end of transaction block
[2026-01-26T14:41:46.745+0000] {logging_mixin.py:151} INFO -      ⚠️ Erreur ligne 408: current transaction is aborted, commands ignored until end of transaction block
[2026-01-26T14:41:46.746+0000] {logging_mixin.py:151} INFO -      ⚠️ Erreur ligne 409: current transaction is aborted, commands ignored until end of transaction block
[2026-01-26T14:41:46.747+0000] {logging_mixin.py:151} INFO -      ⚠️ Erreur ligne 410: current transaction is aborted, commands ignored until end of transaction block
[2026-01-26T14:41:46.748+0000] {logging_mixin.py:151} INFO -      ⚠️ Erreur ligne 411: current transaction is aborted, commands ignored until end of transaction block
[2026-01-26T14:41:46.749+0000] {logging_mixin.py:151} INFO -      ⚠️ Erreur ligne 412: current transaction is aborted, commands ignored until end of transaction block
[2026-01-26T14:41:46.751+0000] {logging_mixin.py:151} INFO -      ⚠️ Erreur ligne 413: current transaction is aborted, commands ignored until end of transaction block
[2026-01-26T14:41:46.752+0000] {logging_mixin.py:151} INFO -      ⚠️ Erreur ligne 414: current transaction is aborted, commands ignored until end of transaction block
[2026-01-26T14:41:46.753+0000] {logging_mixin.py:151} INFO -      ⚠️ Erreur ligne 415: current transaction is aborted, commands ignored until end of transaction block
[2026-01-26T14:41:46.754+0000] {logging_mixin.py:151} INFO -      ⚠️ Erreur ligne 416: current transaction is aborted, commands ignored until end of transaction block
[2026-01-26T14:41:46.754+0000] {logging_mixin.py:151} INFO -      ⚠️ Erreur ligne 417: current transaction is aborted, commands ignored until end of transaction block
[2026-01-26T14:41:46.756+0000] {logging_mixin.py:151} INFO -      ⚠️ Erreur ligne 418: current transaction is aborted, commands ignored until end of transaction block
[2026-01-26T14:41:46.757+0000] {logging_mixin.py:151} INFO -      ⚠️ Erreur ligne 419: current transaction is aborted, commands ignored until end of transaction block
[2026-01-26T14:41:46.758+0000] {logging_mixin.py:151} INFO -      ⚠️ Erreur ligne 420: current transaction is aborted, commands ignored until end of transaction block
[2026-01-26T14:41:46.759+0000] {logging_mixin.py:151} INFO -      ⚠️ Erreur ligne 421: current transaction is aborted, commands ignored until end of transaction block
[2026-01-26T14:41:46.760+0000] {logging_mixin.py:151} INFO -      ⚠️ Erreur ligne 422: current transaction is aborted, commands ignored until end of transaction block
[2026-01-26T14:41:46.762+0000] {logging_mixin.py:151} INFO -      ⚠️ Erreur ligne 423: current transaction is aborted, commands ignored until end of transaction block
[2026-01-26T14:41:46.763+0000] {logging_mixin.py:151} INFO -      ⚠️ Erreur ligne 424: current transaction is aborted, commands ignored until end of transaction block
[2026-01-26T14:41:46.763+0000] {logging_mixin.py:151} INFO -      ⚠️ Erreur ligne 425: current transaction is aborted, commands ignored until end of transaction block
[2026-01-26T14:41:46.765+0000] {logging_mixin.py:151} INFO -      ⚠️ Erreur ligne 426: current transaction is aborted, commands ignored until end of transaction block
[2026-01-26T14:41:46.765+0000] {logging_mixin.py:151} INFO -      ⚠️ Erreur ligne 427: current transaction is aborted, commands ignored until end of transaction block
[2026-01-26T14:41:46.767+0000] {logging_mixin.py:151} INFO -      ⚠️ Erreur ligne 428: current transaction is aborted, commands ignored until end of transaction block
[2026-01-26T14:41:46.768+0000] {logging_mixin.py:151} INFO -      ⚠️ Erreur ligne 429: current transaction is aborted, commands ignored until end of transaction block
[2026-01-26T14:41:46.768+0000] {logging_mixin.py:151} INFO -      ⚠️ Erreur ligne 430: current transaction is aborted, commands ignored until end of transaction block
[2026-01-26T14:41:46.770+0000] {logging_mixin.py:151} INFO -      ⚠️ Erreur ligne 431: current transaction is aborted, commands ignored until end of transaction block
[2026-01-26T14:41:46.771+0000] {logging_mixin.py:151} INFO -      ⚠️ Erreur ligne 432: current transaction is aborted, commands ignored until end of transaction block
[2026-01-26T14:41:46.772+0000] {logging_mixin.py:151} INFO -      ⚠️ Erreur ligne 433: current transaction is aborted, commands ignored until end of transaction block
[2026-01-26T14:41:46.773+0000] {logging_mixin.py:151} INFO -      ⚠️ Erreur ligne 434: current transaction is aborted, commands ignored until end of transaction block
[2026-01-26T14:41:46.774+0000] {logging_mixin.py:151} INFO -      ⚠️ Erreur ligne 435: current transaction is aborted, commands ignored until end of transaction block
[2026-01-26T14:41:46.776+0000] {logging_mixin.py:151} INFO -      ⚠️ Erreur ligne 436: current transaction is aborted, commands ignored until end of transaction block
[2026-01-26T14:41:46.776+0000] {logging_mixin.py:151} INFO -      ⚠️ Erreur ligne 437: current transaction is aborted, commands ignored until end of transaction block
[2026-01-26T14:41:46.777+0000] {logging_mixin.py:151} INFO -      ⚠️ Erreur ligne 438: current transaction is aborted, commands ignored until end of transaction block
[2026-01-26T14:41:46.778+0000] {logging_mixin.py:151} INFO -      ⚠️ Erreur ligne 439: current transaction is aborted, commands ignored until end of transaction block
[2026-01-26T14:41:46.779+0000] {logging_mixin.py:151} INFO -      ⚠️ Erreur ligne 440: current transaction is aborted, commands ignored until end of transaction block
[2026-01-26T14:41:46.780+0000] {logging_mixin.py:151} INFO -      ⚠️ Erreur ligne 441: current transaction is aborted, commands ignored until end of transaction block
[2026-01-26T14:41:46.781+0000] {logging_mixin.py:151} INFO -      ⚠️ Erreur ligne 442: current transaction is aborted, commands ignored until end of transaction block
[2026-01-26T14:41:46.782+0000] {logging_mixin.py:151} INFO -      ⚠️ Erreur ligne 443: current transaction is aborted, commands ignored until end of transaction block
[2026-01-26T14:41:46.783+0000] {logging_mixin.py:151} INFO -      ⚠️ Erreur ligne 444: current transaction is aborted, commands ignored until end of transaction block
[2026-01-26T14:41:46.784+0000] {logging_mixin.py:151} INFO -      ⚠️ Erreur ligne 445: current transaction is aborted, commands ignored until end of transaction block
[2026-01-26T14:41:46.786+0000] {logging_mixin.py:151} INFO -      ⚠️ Erreur ligne 446: current transaction is aborted, commands ignored until end of transaction block
[2026-01-26T14:41:46.787+0000] {logging_mixin.py:151} INFO -      ⚠️ Erreur ligne 447: current transaction is aborted, commands ignored until end of transaction block
[2026-01-26T14:41:46.788+0000] {logging_mixin.py:151} INFO -      ⚠️ Erreur ligne 448: current transaction is aborted, commands ignored until end of transaction block
[2026-01-26T14:41:46.790+0000] {logging_mixin.py:151} INFO -      ⚠️ Erreur ligne 449: current transaction is aborted, commands ignored until end of transaction block
[2026-01-26T14:41:46.791+0000] {logging_mixin.py:151} INFO -      ⚠️ Erreur ligne 450: current transaction is aborted, commands ignored until end of transaction block
[2026-01-26T14:41:46.792+0000] {logging_mixin.py:151} INFO -      ⚠️ Erreur ligne 451: current transaction is aborted, commands ignored until end of transaction block
[2026-01-26T14:41:46.793+0000] {logging_mixin.py:151} INFO -      ⚠️ Erreur ligne 452: current transaction is aborted, commands ignored until end of transaction block
[2026-01-26T14:41:46.795+0000] {logging_mixin.py:151} INFO -      ⚠️ Erreur ligne 453: current transaction is aborted, commands ignored until end of transaction block
[2026-01-26T14:41:46.796+0000] {logging_mixin.py:151} INFO -      ⚠️ Erreur ligne 454: current transaction is aborted, commands ignored until end of transaction block
[2026-01-26T14:41:46.797+0000] {logging_mixin.py:151} INFO -      ⚠️ Erreur ligne 455: current transaction is aborted, commands ignored until end of transaction block
[2026-01-26T14:41:46.798+0000] {logging_mixin.py:151} INFO -      ⚠️ Erreur ligne 456: current transaction is aborted, commands ignored until end of transaction block
[2026-01-26T14:41:46.799+0000] {logging_mixin.py:151} INFO -      ⚠️ Erreur ligne 457: current transaction is aborted, commands ignored until end of transaction block
[2026-01-26T14:41:46.801+0000] {logging_mixin.py:151} INFO -      ⚠️ Erreur ligne 458: current transaction is aborted, commands ignored until end of transaction block
[2026-01-26T14:41:46.802+0000] {logging_mixin.py:151} INFO -      ⚠️ Erreur ligne 459: current transaction is aborted, commands ignored until end of transaction block
[2026-01-26T14:41:46.803+0000] {logging_mixin.py:151} INFO -      ⚠️ Erreur ligne 460: current transaction is aborted, commands ignored until end of transaction block
[2026-01-26T14:41:46.804+0000] {logging_mixin.py:151} INFO -      ⚠️ Erreur ligne 461: current transaction is aborted, commands ignored until end of transaction block
[2026-01-26T14:41:46.805+0000] {logging_mixin.py:151} INFO -      ⚠️ Erreur ligne 462: current transaction is aborted, commands ignored until end of transaction block
[2026-01-26T14:41:46.806+0000] {logging_mixin.py:151} INFO -      ⚠️ Erreur ligne 463: current transaction is aborted, commands ignored until end of transaction block
[2026-01-26T14:41:46.807+0000] {logging_mixin.py:151} INFO -      ⚠️ Erreur ligne 464: current transaction is aborted, commands ignored until end of transaction block
[2026-01-26T14:41:46.808+0000] {logging_mixin.py:151} INFO -      ⚠️ Erreur ligne 465: current transaction is aborted, commands ignored until end of transaction block
[2026-01-26T14:41:46.809+0000] {logging_mixin.py:151} INFO -      ⚠️ Erreur ligne 466: current transaction is aborted, commands ignored until end of transaction block
[2026-01-26T14:41:46.810+0000] {logging_mixin.py:151} INFO -      ⚠️ Erreur ligne 467: current transaction is aborted, commands ignored until end of transaction block
[2026-01-26T14:41:46.811+0000] {logging_mixin.py:151} INFO -      ⚠️ Erreur ligne 468: current transaction is aborted, commands ignored until end of transaction block
[2026-01-26T14:41:46.812+0000] {logging_mixin.py:151} INFO -      ⚠️ Erreur ligne 469: current transaction is aborted, commands ignored until end of transaction block
[2026-01-26T14:41:46.814+0000] {logging_mixin.py:151} INFO -      ⚠️ Erreur ligne 470: current transaction is aborted, commands ignored until end of transaction block
[2026-01-26T14:41:46.815+0000] {logging_mixin.py:151} INFO -      ⚠️ Erreur ligne 471: current transaction is aborted, commands ignored until end of transaction block
[2026-01-26T14:41:46.816+0000] {logging_mixin.py:151} INFO -      ⚠️ Erreur ligne 472: current transaction is aborted, commands ignored until end of transaction block
[2026-01-26T14:41:46.817+0000] {logging_mixin.py:151} INFO -      ⚠️ Erreur ligne 473: current transaction is aborted, commands ignored until end of transaction block
[2026-01-26T14:41:46.818+0000] {logging_mixin.py:151} INFO -      ⚠️ Erreur ligne 474: current transaction is aborted, commands ignored until end of transaction block
[2026-01-26T14:41:46.819+0000] {logging_mixin.py:151} INFO -      ⚠️ Erreur ligne 475: current transaction is aborted, commands ignored until end of transaction block
[2026-01-26T14:41:46.820+0000] {logging_mixin.py:151} INFO -      ⚠️ Erreur ligne 476: current transaction is aborted, commands ignored until end of transaction block
[2026-01-26T14:41:46.821+0000] {logging_mixin.py:151} INFO -      ⚠️ Erreur ligne 477: current transaction is aborted, commands ignored until end of transaction block
[2026-01-26T14:41:46.822+0000] {logging_mixin.py:151} INFO -      ⚠️ Erreur ligne 478: current transaction is aborted, commands ignored until end of transaction block
[2026-01-26T14:41:46.823+0000] {logging_mixin.py:151} INFO -      ⚠️ Erreur ligne 479: current transaction is aborted, commands ignored until end of transaction block
[2026-01-26T14:41:46.824+0000] {logging_mixin.py:151} INFO -      ⚠️ Erreur ligne 480: current transaction is aborted, commands ignored until end of transaction block
[2026-01-26T14:41:46.825+0000] {logging_mixin.py:151} INFO -      ⚠️ Erreur ligne 481: current transaction is aborted, commands ignored until end of transaction block
[2026-01-26T14:41:46.827+0000] {logging_mixin.py:151} INFO -      ⚠️ Erreur ligne 482: current transaction is aborted, commands ignored until end of transaction block
[2026-01-26T14:41:46.827+0000] {logging_mixin.py:151} INFO -      ⚠️ Erreur ligne 483: current transaction is aborted, commands ignored until end of transaction block
[2026-01-26T14:41:46.828+0000] {logging_mixin.py:151} INFO -      ⚠️ Erreur ligne 484: current transaction is aborted, commands ignored until end of transaction block
[2026-01-26T14:41:46.830+0000] {logging_mixin.py:151} INFO -      ⚠️ Erreur ligne 485: current transaction is aborted, commands ignored until end of transaction block
[2026-01-26T14:41:46.831+0000] {logging_mixin.py:151} INFO -      ⚠️ Erreur ligne 486: current transaction is aborted, commands ignored until end of transaction block
[2026-01-26T14:41:46.832+0000] {logging_mixin.py:151} INFO -      ⚠️ Erreur ligne 487: current transaction is aborted, commands ignored until end of transaction block
[2026-01-26T14:41:46.833+0000] {logging_mixin.py:151} INFO -      ⚠️ Erreur ligne 488: current transaction is aborted, commands ignored until end of transaction block
[2026-01-26T14:41:46.834+0000] {logging_mixin.py:151} INFO -      ⚠️ Erreur ligne 489: current transaction is aborted, commands ignored until end of transaction block
[2026-01-26T14:41:46.835+0000] {logging_mixin.py:151} INFO -      ⚠️ Erreur ligne 490: current transaction is aborted, commands ignored until end of transaction block
[2026-01-26T14:41:46.836+0000] {logging_mixin.py:151} INFO -      ⚠️ Erreur ligne 491: current transaction is aborted, commands ignored until end of transaction block
[2026-01-26T14:41:46.837+0000] {logging_mixin.py:151} INFO -      ⚠️ Erreur ligne 492: current transaction is aborted, commands ignored until end of transaction block
[2026-01-26T14:41:46.838+0000] {logging_mixin.py:151} INFO -      ⚠️ Erreur ligne 493: current transaction is aborted, commands ignored until end of transaction block
[2026-01-26T14:41:46.839+0000] {logging_mixin.py:151} INFO -      ⚠️ Erreur ligne 494: current transaction is aborted, commands ignored until end of transaction block
[2026-01-26T14:41:46.840+0000] {logging_mixin.py:151} INFO -      ⚠️ Erreur ligne 495: current transaction is aborted, commands ignored until end of transaction block
[2026-01-26T14:41:46.841+0000] {logging_mixin.py:151} INFO -      ⚠️ Erreur ligne 496: current transaction is aborted, commands ignored until end of transaction block
[2026-01-26T14:41:46.842+0000] {logging_mixin.py:151} INFO -      ⚠️ Erreur ligne 497: current transaction is aborted, commands ignored until end of transaction block
[2026-01-26T14:41:46.843+0000] {logging_mixin.py:151} INFO -      ⚠️ Erreur ligne 498: current transaction is aborted, commands ignored until end of transaction block
[2026-01-26T14:41:46.845+0000] {logging_mixin.py:151} INFO -      ⚠️ Erreur ligne 499: current transaction is aborted, commands ignored until end of transaction block
[2026-01-26T14:41:46.846+0000] {logging_mixin.py:151} INFO -      ⚠️ Erreur ligne 500: current transaction is aborted, commands ignored until end of transaction block
[2026-01-26T14:41:46.846+0000] {logging_mixin.py:151} INFO -      ⚠️ Erreur ligne 501: current transaction is aborted, commands ignored until end of transaction block
[2026-01-26T14:41:46.847+0000] {logging_mixin.py:151} INFO -      ⚠️ Erreur ligne 502: current transaction is aborted, commands ignored until end of transaction block
[2026-01-26T14:41:46.848+0000] {logging_mixin.py:151} INFO -      ⚠️ Erreur ligne 503: current transaction is aborted, commands ignored until end of transaction block
[2026-01-26T14:41:46.850+0000] {logging_mixin.py:151} INFO -      ⚠️ Erreur ligne 504: current transaction is aborted, commands ignored until end of transaction block
[2026-01-26T14:41:46.850+0000] {logging_mixin.py:151} INFO -      ⚠️ Erreur ligne 505: current transaction is aborted, commands ignored until end of transaction block
[2026-01-26T14:41:46.851+0000] {logging_mixin.py:151} INFO -      ⚠️ Erreur ligne 506: current transaction is aborted, commands ignored until end of transaction block
[2026-01-26T14:41:46.852+0000] {logging_mixin.py:151} INFO -      ⚠️ Erreur ligne 507: current transaction is aborted, commands ignored until end of transaction block
[2026-01-26T14:41:46.854+0000] {logging_mixin.py:151} INFO -      ⚠️ Erreur ligne 508: current transaction is aborted, commands ignored until end of transaction block
[2026-01-26T14:41:46.855+0000] {logging_mixin.py:151} INFO -      ⚠️ Erreur ligne 509: current transaction is aborted, commands ignored until end of transaction block
[2026-01-26T14:41:46.857+0000] {logging_mixin.py:151} INFO -      ⚠️ Erreur ligne 510: current transaction is aborted, commands ignored until end of transaction block
[2026-01-26T14:41:46.859+0000] {logging_mixin.py:151} INFO -      ⚠️ Erreur ligne 511: current transaction is aborted, commands ignored until end of transaction block
[2026-01-26T14:41:46.861+0000] {logging_mixin.py:151} INFO -      ⚠️ Erreur ligne 512: current transaction is aborted, commands ignored until end of transaction block
[2026-01-26T14:41:46.862+0000] {logging_mixin.py:151} INFO -      ⚠️ Erreur ligne 513: current transaction is aborted, commands ignored until end of transaction block
[2026-01-26T14:41:46.862+0000] {logging_mixin.py:151} INFO -      ⚠️ Erreur ligne 514: current transaction is aborted, commands ignored until end of transaction block
[2026-01-26T14:41:46.864+0000] {logging_mixin.py:151} INFO -      ⚠️ Erreur ligne 515: current transaction is aborted, commands ignored until end of transaction block
[2026-01-26T14:41:46.864+0000] {logging_mixin.py:151} INFO -      ⚠️ Erreur ligne 516: current transaction is aborted, commands ignored until end of transaction block
[2026-01-26T14:41:46.865+0000] {logging_mixin.py:151} INFO -      ⚠️ Erreur ligne 517: current transaction is aborted, commands ignored until end of transaction block
[2026-01-26T14:41:46.867+0000] {logging_mixin.py:151} INFO -      ⚠️ Erreur ligne 518: current transaction is aborted, commands ignored until end of transaction block
[2026-01-26T14:41:46.868+0000] {logging_mixin.py:151} INFO -      ⚠️ Erreur ligne 519: current transaction is aborted, commands ignored until end of transaction block
[2026-01-26T14:41:46.869+0000] {logging_mixin.py:151} INFO -      ⚠️ Erreur ligne 520: current transaction is aborted, commands ignored until end of transaction block
[2026-01-26T14:41:46.870+0000] {logging_mixin.py:151} INFO -      ⚠️ Erreur ligne 521: current transaction is aborted, commands ignored until end of transaction block
[2026-01-26T14:41:46.872+0000] {logging_mixin.py:151} INFO -      ⚠️ Erreur ligne 522: current transaction is aborted, commands ignored until end of transaction block
[2026-01-26T14:41:46.873+0000] {logging_mixin.py:151} INFO -      ⚠️ Erreur ligne 523: current transaction is aborted, commands ignored until end of transaction block
[2026-01-26T14:41:46.874+0000] {logging_mixin.py:151} INFO -      ⚠️ Erreur ligne 524: current transaction is aborted, commands ignored until end of transaction block
[2026-01-26T14:41:46.875+0000] {logging_mixin.py:151} INFO -      ⚠️ Erreur ligne 525: current transaction is aborted, commands ignored until end of transaction block
[2026-01-26T14:41:46.876+0000] {logging_mixin.py:151} INFO -      ⚠️ Erreur ligne 526: current transaction is aborted, commands ignored until end of transaction block
[2026-01-26T14:41:46.878+0000] {logging_mixin.py:151} INFO -      ⚠️ Erreur ligne 527: current transaction is aborted, commands ignored until end of transaction block
[2026-01-26T14:41:46.879+0000] {logging_mixin.py:151} INFO -      ⚠️ Erreur ligne 528: current transaction is aborted, commands ignored until end of transaction block
[2026-01-26T14:41:46.880+0000] {logging_mixin.py:151} INFO -      ⚠️ Erreur ligne 529: current transaction is aborted, commands ignored until end of transaction block
[2026-01-26T14:41:46.882+0000] {logging_mixin.py:151} INFO -      ⚠️ Erreur ligne 530: current transaction is aborted, commands ignored until end of transaction block
[2026-01-26T14:41:46.883+0000] {logging_mixin.py:151} INFO -      ⚠️ Erreur ligne 531: current transaction is aborted, commands ignored until end of transaction block
[2026-01-26T14:41:46.884+0000] {logging_mixin.py:151} INFO -      ⚠️ Erreur ligne 532: current transaction is aborted, commands ignored until end of transaction block
[2026-01-26T14:41:46.885+0000] {logging_mixin.py:151} INFO -      ⚠️ Erreur ligne 533: current transaction is aborted, commands ignored until end of transaction block
[2026-01-26T14:41:46.886+0000] {logging_mixin.py:151} INFO -      ⚠️ Erreur ligne 534: current transaction is aborted, commands ignored until end of transaction block
[2026-01-26T14:41:46.887+0000] {logging_mixin.py:151} INFO -      ⚠️ Erreur ligne 535: current transaction is aborted, commands ignored until end of transaction block
[2026-01-26T14:41:46.888+0000] {logging_mixin.py:151} INFO -      ⚠️ Erreur ligne 536: current transaction is aborted, commands ignored until end of transaction block
[2026-01-26T14:41:46.889+0000] {logging_mixin.py:151} INFO -      ⚠️ Erreur ligne 537: current transaction is aborted, commands ignored until end of transaction block
[2026-01-26T14:41:46.890+0000] {logging_mixin.py:151} INFO -      ⚠️ Erreur ligne 538: current transaction is aborted, commands ignored until end of transaction block
[2026-01-26T14:41:46.891+0000] {logging_mixin.py:151} INFO -      ⚠️ Erreur ligne 539: current transaction is aborted, commands ignored until end of transaction block
[2026-01-26T14:41:46.892+0000] {logging_mixin.py:151} INFO -      ⚠️ Erreur ligne 540: current transaction is aborted, commands ignored until end of transaction block
[2026-01-26T14:41:46.893+0000] {logging_mixin.py:151} INFO -      ⚠️ Erreur ligne 541: current transaction is aborted, commands ignored until end of transaction block
[2026-01-26T14:41:46.895+0000] {logging_mixin.py:151} INFO -      ⚠️ Erreur ligne 542: current transaction is aborted, commands ignored until end of transaction block
[2026-01-26T14:41:46.896+0000] {logging_mixin.py:151} INFO -      ⚠️ Erreur ligne 543: current transaction is aborted, commands ignored until end of transaction block
[2026-01-26T14:41:46.897+0000] {logging_mixin.py:151} INFO -      ⚠️ Erreur ligne 544: current transaction is aborted, commands ignored until end of transaction block
[2026-01-26T14:41:46.898+0000] {logging_mixin.py:151} INFO -      ⚠️ Erreur ligne 545: current transaction is aborted, commands ignored until end of transaction block
[2026-01-26T14:41:46.900+0000] {logging_mixin.py:151} INFO -      ⚠️ Erreur ligne 546: current transaction is aborted, commands ignored until end of transaction block
[2026-01-26T14:41:46.902+0000] {logging_mixin.py:151} INFO -      ⚠️ Erreur ligne 547: current transaction is aborted, commands ignored until end of transaction block
[2026-01-26T14:41:46.903+0000] {logging_mixin.py:151} INFO -      ⚠️ Erreur ligne 548: current transaction is aborted, commands ignored until end of transaction block
[2026-01-26T14:41:46.904+0000] {logging_mixin.py:151} INFO -      ⚠️ Erreur ligne 549: current transaction is aborted, commands ignored until end of transaction block
[2026-01-26T14:41:46.905+0000] {logging_mixin.py:151} INFO -      ⚠️ Erreur ligne 550: current transaction is aborted, commands ignored until end of transaction block
[2026-01-26T14:41:46.907+0000] {logging_mixin.py:151} INFO -      ⚠️ Erreur ligne 551: current transaction is aborted, commands ignored until end of transaction block
[2026-01-26T14:41:46.909+0000] {logging_mixin.py:151} INFO -      ⚠️ Erreur ligne 552: current transaction is aborted, commands ignored until end of transaction block
[2026-01-26T14:41:46.910+0000] {logging_mixin.py:151} INFO -      ⚠️ Erreur ligne 553: current transaction is aborted, commands ignored until end of transaction block
[2026-01-26T14:41:46.911+0000] {logging_mixin.py:151} INFO -      ⚠️ Erreur ligne 554: current transaction is aborted, commands ignored until end of transaction block
[2026-01-26T14:41:46.912+0000] {logging_mixin.py:151} INFO -      ⚠️ Erreur ligne 555: current transaction is aborted, commands ignored until end of transaction block
[2026-01-26T14:41:46.913+0000] {logging_mixin.py:151} INFO -      ⚠️ Erreur ligne 556: current transaction is aborted, commands ignored until end of transaction block
[2026-01-26T14:41:46.914+0000] {logging_mixin.py:151} INFO -      ⚠️ Erreur ligne 557: current transaction is aborted, commands ignored until end of transaction block
[2026-01-26T14:41:46.915+0000] {logging_mixin.py:151} INFO -      ⚠️ Erreur ligne 558: current transaction is aborted, commands ignored until end of transaction block
[2026-01-26T14:41:46.916+0000] {logging_mixin.py:151} INFO -      ⚠️ Erreur ligne 559: current transaction is aborted, commands ignored until end of transaction block
[2026-01-26T14:41:46.917+0000] {logging_mixin.py:151} INFO -      ⚠️ Erreur ligne 560: current transaction is aborted, commands ignored until end of transaction block
[2026-01-26T14:41:46.918+0000] {logging_mixin.py:151} INFO -      ⚠️ Erreur ligne 561: current transaction is aborted, commands ignored until end of transaction block
[2026-01-26T14:41:46.918+0000] {logging_mixin.py:151} INFO -      ⚠️ Erreur ligne 562: current transaction is aborted, commands ignored until end of transaction block
[2026-01-26T14:41:46.919+0000] {logging_mixin.py:151} INFO -      ⚠️ Erreur ligne 563: current transaction is aborted, commands ignored until end of transaction block
[2026-01-26T14:41:46.920+0000] {logging_mixin.py:151} INFO -      ⚠️ Erreur ligne 564: current transaction is aborted, commands ignored until end of transaction block
[2026-01-26T14:41:46.921+0000] {logging_mixin.py:151} INFO -      ⚠️ Erreur ligne 565: current transaction is aborted, commands ignored until end of transaction block
[2026-01-26T14:41:46.923+0000] {logging_mixin.py:151} INFO -      ⚠️ Erreur ligne 566: current transaction is aborted, commands ignored until end of transaction block
[2026-01-26T14:41:46.924+0000] {logging_mixin.py:151} INFO -      ⚠️ Erreur ligne 567: current transaction is aborted, commands ignored until end of transaction block
[2026-01-26T14:41:46.925+0000] {logging_mixin.py:151} INFO -      ⚠️ Erreur ligne 568: current transaction is aborted, commands ignored until end of transaction block
[2026-01-26T14:41:46.926+0000] {logging_mixin.py:151} INFO -      ⚠️ Erreur ligne 569: current transaction is aborted, commands ignored until end of transaction block
[2026-01-26T14:41:46.927+0000] {logging_mixin.py:151} INFO -      ⚠️ Erreur ligne 570: current transaction is aborted, commands ignored until end of transaction block
[2026-01-26T14:41:46.929+0000] {logging_mixin.py:151} INFO -      ⚠️ Erreur ligne 571: current transaction is aborted, commands ignored until end of transaction block
[2026-01-26T14:41:46.929+0000] {logging_mixin.py:151} INFO -      ⚠️ Erreur ligne 572: current transaction is aborted, commands ignored until end of transaction block
[2026-01-26T14:41:46.930+0000] {logging_mixin.py:151} INFO -      ⚠️ Erreur ligne 573: current transaction is aborted, commands ignored until end of transaction block
[2026-01-26T14:41:46.931+0000] {logging_mixin.py:151} INFO -      ⚠️ Erreur ligne 574: current transaction is aborted, commands ignored until end of transaction block
[2026-01-26T14:41:46.932+0000] {logging_mixin.py:151} INFO -      ⚠️ Erreur ligne 575: current transaction is aborted, commands ignored until end of transaction block
[2026-01-26T14:41:46.933+0000] {logging_mixin.py:151} INFO -      ⚠️ Erreur ligne 576: current transaction is aborted, commands ignored until end of transaction block
[2026-01-26T14:41:46.934+0000] {logging_mixin.py:151} INFO -      ⚠️ Erreur ligne 577: current transaction is aborted, commands ignored until end of transaction block
[2026-01-26T14:41:46.935+0000] {logging_mixin.py:151} INFO -      ⚠️ Erreur ligne 578: current transaction is aborted, commands ignored until end of transaction block
[2026-01-26T14:41:46.937+0000] {logging_mixin.py:151} INFO -      ⚠️ Erreur ligne 579: current transaction is aborted, commands ignored until end of transaction block
[2026-01-26T14:41:46.938+0000] {logging_mixin.py:151} INFO -      ⚠️ Erreur ligne 580: current transaction is aborted, commands ignored until end of transaction block
[2026-01-26T14:41:46.939+0000] {logging_mixin.py:151} INFO -      ⚠️ Erreur ligne 581: current transaction is aborted, commands ignored until end of transaction block
[2026-01-26T14:41:46.941+0000] {logging_mixin.py:151} INFO -      ⚠️ Erreur ligne 582: current transaction is aborted, commands ignored until end of transaction block
[2026-01-26T14:41:46.942+0000] {logging_mixin.py:151} INFO -      ⚠️ Erreur ligne 583: current transaction is aborted, commands ignored until end of transaction block
[2026-01-26T14:41:46.943+0000] {logging_mixin.py:151} INFO -      ⚠️ Erreur ligne 584: current transaction is aborted, commands ignored until end of transaction block
[2026-01-26T14:41:46.945+0000] {logging_mixin.py:151} INFO -      ⚠️ Erreur ligne 585: current transaction is aborted, commands ignored until end of transaction block
[2026-01-26T14:41:46.946+0000] {logging_mixin.py:151} INFO -      ⚠️ Erreur ligne 586: current transaction is aborted, commands ignored until end of transaction block
[2026-01-26T14:41:46.947+0000] {logging_mixin.py:151} INFO -      ⚠️ Erreur ligne 587: current transaction is aborted, commands ignored until end of transaction block
[2026-01-26T14:41:46.948+0000] {logging_mixin.py:151} INFO -      ⚠️ Erreur ligne 588: current transaction is aborted, commands ignored until end of transaction block
[2026-01-26T14:41:46.949+0000] {logging_mixin.py:151} INFO -      ⚠️ Erreur ligne 589: current transaction is aborted, commands ignored until end of transaction block
[2026-01-26T14:41:46.950+0000] {logging_mixin.py:151} INFO -      ⚠️ Erreur ligne 590: current transaction is aborted, commands ignored until end of transaction block
[2026-01-26T14:41:46.951+0000] {logging_mixin.py:151} INFO -      ⚠️ Erreur ligne 591: current transaction is aborted, commands ignored until end of transaction block
[2026-01-26T14:41:46.953+0000] {logging_mixin.py:151} INFO -      ⚠️ Erreur ligne 592: current transaction is aborted, commands ignored until end of transaction block
[2026-01-26T14:41:46.955+0000] {logging_mixin.py:151} INFO -      ⚠️ Erreur ligne 593: current transaction is aborted, commands ignored until end of transaction block
[2026-01-26T14:41:46.957+0000] {logging_mixin.py:151} INFO -      ⚠️ Erreur ligne 594: current transaction is aborted, commands ignored until end of transaction block
[2026-01-26T14:41:46.958+0000] {logging_mixin.py:151} INFO -      ⚠️ Erreur ligne 595: current transaction is aborted, commands ignored until end of transaction block
[2026-01-26T14:41:46.959+0000] {logging_mixin.py:151} INFO -      ⚠️ Erreur ligne 596: current transaction is aborted, commands ignored until end of transaction block
[2026-01-26T14:41:46.961+0000] {logging_mixin.py:151} INFO -      ⚠️ Erreur ligne 597: current transaction is aborted, commands ignored until end of transaction block
[2026-01-26T14:41:46.962+0000] {logging_mixin.py:151} INFO -      ⚠️ Erreur ligne 598: current transaction is aborted, commands ignored until end of transaction block
[2026-01-26T14:41:46.963+0000] {logging_mixin.py:151} INFO -      ⚠️ Erreur ligne 599: current transaction is aborted, commands ignored until end of transaction block
[2026-01-26T14:41:46.965+0000] {logging_mixin.py:151} INFO -      ⚠️ Erreur ligne 600: current transaction is aborted, commands ignored until end of transaction block
[2026-01-26T14:41:46.966+0000] {logging_mixin.py:151} INFO -      ⚠️ Erreur ligne 601: current transaction is aborted, commands ignored until end of transaction block
[2026-01-26T14:41:46.967+0000] {logging_mixin.py:151} INFO -      ⚠️ Erreur ligne 602: current transaction is aborted, commands ignored until end of transaction block
[2026-01-26T14:41:46.968+0000] {logging_mixin.py:151} INFO -      ⚠️ Erreur ligne 603: current transaction is aborted, commands ignored until end of transaction block
[2026-01-26T14:41:46.970+0000] {logging_mixin.py:151} INFO -      ⚠️ Erreur ligne 604: current transaction is aborted, commands ignored until end of transaction block
[2026-01-26T14:41:46.971+0000] {logging_mixin.py:151} INFO -      ⚠️ Erreur ligne 605: current transaction is aborted, commands ignored until end of transaction block
[2026-01-26T14:41:46.972+0000] {logging_mixin.py:151} INFO -      ⚠️ Erreur ligne 606: current transaction is aborted, commands ignored until end of transaction block
[2026-01-26T14:41:46.974+0000] {logging_mixin.py:151} INFO -      ⚠️ Erreur ligne 607: current transaction is aborted, commands ignored until end of transaction block
[2026-01-26T14:41:46.975+0000] {logging_mixin.py:151} INFO -      ⚠️ Erreur ligne 608: current transaction is aborted, commands ignored until end of transaction block
[2026-01-26T14:41:46.977+0000] {logging_mixin.py:151} INFO -      ⚠️ Erreur ligne 609: current transaction is aborted, commands ignored until end of transaction block
[2026-01-26T14:41:46.978+0000] {logging_mixin.py:151} INFO -      ⚠️ Erreur ligne 610: current transaction is aborted, commands ignored until end of transaction block
[2026-01-26T14:41:46.979+0000] {logging_mixin.py:151} INFO -      ⚠️ Erreur ligne 611: current transaction is aborted, commands ignored until end of transaction block
[2026-01-26T14:41:46.980+0000] {logging_mixin.py:151} INFO -      ⚠️ Erreur ligne 612: current transaction is aborted, commands ignored until end of transaction block
[2026-01-26T14:41:46.981+0000] {logging_mixin.py:151} INFO -      ⚠️ Erreur ligne 613: current transaction is aborted, commands ignored until end of transaction block
[2026-01-26T14:41:46.982+0000] {logging_mixin.py:151} INFO -      ⚠️ Erreur ligne 614: current transaction is aborted, commands ignored until end of transaction block
[2026-01-26T14:41:46.983+0000] {logging_mixin.py:151} INFO -      ⚠️ Erreur ligne 615: current transaction is aborted, commands ignored until end of transaction block
[2026-01-26T14:41:46.984+0000] {logging_mixin.py:151} INFO -      ⚠️ Erreur ligne 616: current transaction is aborted, commands ignored until end of transaction block
[2026-01-26T14:41:46.985+0000] {logging_mixin.py:151} INFO -      ⚠️ Erreur ligne 617: current transaction is aborted, commands ignored until end of transaction block
[2026-01-26T14:41:46.986+0000] {logging_mixin.py:151} INFO -      ⚠️ Erreur ligne 618: current transaction is aborted, commands ignored until end of transaction block
[2026-01-26T14:41:46.986+0000] {logging_mixin.py:151} INFO -      ⚠️ Erreur ligne 619: current transaction is aborted, commands ignored until end of transaction block
[2026-01-26T14:41:46.987+0000] {logging_mixin.py:151} INFO -      ⚠️ Erreur ligne 620: current transaction is aborted, commands ignored until end of transaction block
[2026-01-26T14:41:46.988+0000] {logging_mixin.py:151} INFO -      ⚠️ Erreur ligne 621: current transaction is aborted, commands ignored until end of transaction block
[2026-01-26T14:41:46.989+0000] {logging_mixin.py:151} INFO -      ⚠️ Erreur ligne 622: current transaction is aborted, commands ignored until end of transaction block
[2026-01-26T14:41:46.990+0000] {logging_mixin.py:151} INFO -      ⚠️ Erreur ligne 623: current transaction is aborted, commands ignored until end of transaction block
[2026-01-26T14:41:46.991+0000] {logging_mixin.py:151} INFO -      ⚠️ Erreur ligne 624: current transaction is aborted, commands ignored until end of transaction block
[2026-01-26T14:41:46.993+0000] {logging_mixin.py:151} INFO -      ⚠️ Erreur ligne 625: current transaction is aborted, commands ignored until end of transaction block
[2026-01-26T14:41:46.995+0000] {logging_mixin.py:151} INFO -      ⚠️ Erreur ligne 626: current transaction is aborted, commands ignored until end of transaction block
[2026-01-26T14:41:46.997+0000] {logging_mixin.py:151} INFO -      ⚠️ Erreur ligne 627: current transaction is aborted, commands ignored until end of transaction block
[2026-01-26T14:41:46.999+0000] {logging_mixin.py:151} INFO -      ⚠️ Erreur ligne 628: current transaction is aborted, commands ignored until end of transaction block
[2026-01-26T14:41:47.000+0000] {logging_mixin.py:151} INFO -      ⚠️ Erreur ligne 629: current transaction is aborted, commands ignored until end of transaction block
[2026-01-26T14:41:47.002+0000] {logging_mixin.py:151} INFO -      ⚠️ Erreur ligne 630: current transaction is aborted, commands ignored until end of transaction block
[2026-01-26T14:41:47.004+0000] {logging_mixin.py:151} INFO -      ⚠️ Erreur ligne 631: current transaction is aborted, commands ignored until end of transaction block
[2026-01-26T14:41:47.008+0000] {logging_mixin.py:151} INFO -      ⚠️ Erreur ligne 632: current transaction is aborted, commands ignored until end of transaction block
[2026-01-26T14:41:47.011+0000] {logging_mixin.py:151} INFO -      ⚠️ Erreur ligne 633: current transaction is aborted, commands ignored until end of transaction block
[2026-01-26T14:41:47.013+0000] {logging_mixin.py:151} INFO -      ⚠️ Erreur ligne 634: current transaction is aborted, commands ignored until end of transaction block
[2026-01-26T14:41:47.015+0000] {logging_mixin.py:151} INFO -      ⚠️ Erreur ligne 635: current transaction is aborted, commands ignored until end of transaction block
[2026-01-26T14:41:47.018+0000] {logging_mixin.py:151} INFO -      ⚠️ Erreur ligne 636: current transaction is aborted, commands ignored until end of transaction block
[2026-01-26T14:41:47.022+0000] {logging_mixin.py:151} INFO -      ⚠️ Erreur ligne 637: current transaction is aborted, commands ignored until end of transaction block
[2026-01-26T14:41:47.025+0000] {logging_mixin.py:151} INFO -      ⚠️ Erreur ligne 638: current transaction is aborted, commands ignored until end of transaction block
[2026-01-26T14:41:47.028+0000] {logging_mixin.py:151} INFO -      ⚠️ Erreur ligne 639: current transaction is aborted, commands ignored until end of transaction block
[2026-01-26T14:41:47.032+0000] {logging_mixin.py:151} INFO -      ⚠️ Erreur ligne 640: current transaction is aborted, commands ignored until end of transaction block
[2026-01-26T14:41:47.036+0000] {logging_mixin.py:151} INFO -      ⚠️ Erreur ligne 641: current transaction is aborted, commands ignored until end of transaction block
[2026-01-26T14:41:47.037+0000] {logging_mixin.py:151} INFO -      ⚠️ Erreur ligne 642: current transaction is aborted, commands ignored until end of transaction block
[2026-01-26T14:41:47.039+0000] {logging_mixin.py:151} INFO -      ⚠️ Erreur ligne 643: current transaction is aborted, commands ignored until end of transaction block
[2026-01-26T14:41:47.042+0000] {logging_mixin.py:151} INFO -      ⚠️ Erreur ligne 644: current transaction is aborted, commands ignored until end of transaction block
[2026-01-26T14:41:47.044+0000] {logging_mixin.py:151} INFO -      ⚠️ Erreur ligne 645: current transaction is aborted, commands ignored until end of transaction block
[2026-01-26T14:41:47.046+0000] {logging_mixin.py:151} INFO -      ⚠️ Erreur ligne 646: current transaction is aborted, commands ignored until end of transaction block
[2026-01-26T14:41:47.048+0000] {logging_mixin.py:151} INFO -      ⚠️ Erreur ligne 647: current transaction is aborted, commands ignored until end of transaction block
[2026-01-26T14:41:47.051+0000] {logging_mixin.py:151} INFO -      ⚠️ Erreur ligne 648: current transaction is aborted, commands ignored until end of transaction block
[2026-01-26T14:41:47.053+0000] {logging_mixin.py:151} INFO -      ⚠️ Erreur ligne 649: current transaction is aborted, commands ignored until end of transaction block
[2026-01-26T14:41:47.055+0000] {logging_mixin.py:151} INFO -      ⚠️ Erreur ligne 650: current transaction is aborted, commands ignored until end of transaction block
[2026-01-26T14:41:47.058+0000] {logging_mixin.py:151} INFO -      ⚠️ Erreur ligne 651: current transaction is aborted, commands ignored until end of transaction block
[2026-01-26T14:41:47.066+0000] {logging_mixin.py:151} INFO -      ⚠️ Erreur ligne 652: current transaction is aborted, commands ignored until end of transaction block
[2026-01-26T14:41:47.068+0000] {logging_mixin.py:151} INFO -      ⚠️ Erreur ligne 653: current transaction is aborted, commands ignored until end of transaction block
[2026-01-26T14:41:47.070+0000] {logging_mixin.py:151} INFO -      ⚠️ Erreur ligne 654: current transaction is aborted, commands ignored until end of transaction block
[2026-01-26T14:41:47.072+0000] {logging_mixin.py:151} INFO -      ⚠️ Erreur ligne 655: current transaction is aborted, commands ignored until end of transaction block
[2026-01-26T14:41:47.073+0000] {logging_mixin.py:151} INFO -      ⚠️ Erreur ligne 656: current transaction is aborted, commands ignored until end of transaction block
[2026-01-26T14:41:47.074+0000] {logging_mixin.py:151} INFO -      ⚠️ Erreur ligne 657: current transaction is aborted, commands ignored until end of transaction block
[2026-01-26T14:41:47.077+0000] {logging_mixin.py:151} INFO -      ⚠️ Erreur ligne 658: current transaction is aborted, commands ignored until end of transaction block
[2026-01-26T14:41:47.078+0000] {logging_mixin.py:151} INFO -      ⚠️ Erreur ligne 659: current transaction is aborted, commands ignored until end of transaction block
[2026-01-26T14:41:47.080+0000] {logging_mixin.py:151} INFO -      ⚠️ Erreur ligne 660: current transaction is aborted, commands ignored until end of transaction block
[2026-01-26T14:41:47.081+0000] {logging_mixin.py:151} INFO -      ⚠️ Erreur ligne 661: current transaction is aborted, commands ignored until end of transaction block
[2026-01-26T14:41:47.082+0000] {logging_mixin.py:151} INFO -      ⚠️ Erreur ligne 662: current transaction is aborted, commands ignored until end of transaction block
[2026-01-26T14:41:47.084+0000] {logging_mixin.py:151} INFO -      ⚠️ Erreur ligne 663: current transaction is aborted, commands ignored until end of transaction block
[2026-01-26T14:41:47.085+0000] {logging_mixin.py:151} INFO -      ⚠️ Erreur ligne 664: current transaction is aborted, commands ignored until end of transaction block
[2026-01-26T14:41:47.088+0000] {logging_mixin.py:151} INFO -      ⚠️ Erreur ligne 665: current transaction is aborted, commands ignored until end of transaction block
[2026-01-26T14:41:47.089+0000] {logging_mixin.py:151} INFO -      ⚠️ Erreur ligne 666: current transaction is aborted, commands ignored until end of transaction block
[2026-01-26T14:41:47.091+0000] {logging_mixin.py:151} INFO -      ⚠️ Erreur ligne 667: current transaction is aborted, commands ignored until end of transaction block
[2026-01-26T14:41:47.093+0000] {logging_mixin.py:151} INFO -      ⚠️ Erreur ligne 668: current transaction is aborted, commands ignored until end of transaction block
[2026-01-26T14:41:47.094+0000] {logging_mixin.py:151} INFO -      ⚠️ Erreur ligne 669: current transaction is aborted, commands ignored until end of transaction block
[2026-01-26T14:41:47.096+0000] {logging_mixin.py:151} INFO -      ⚠️ Erreur ligne 670: current transaction is aborted, commands ignored until end of transaction block
[2026-01-26T14:41:47.098+0000] {logging_mixin.py:151} INFO -      ⚠️ Erreur ligne 671: current transaction is aborted, commands ignored until end of transaction block
[2026-01-26T14:41:47.099+0000] {logging_mixin.py:151} INFO -      ⚠️ Erreur ligne 672: current transaction is aborted, commands ignored until end of transaction block
[2026-01-26T14:41:47.103+0000] {logging_mixin.py:151} INFO -      ⚠️ Erreur ligne 673: current transaction is aborted, commands ignored until end of transaction block
[2026-01-26T14:41:47.105+0000] {logging_mixin.py:151} INFO -      ⚠️ Erreur ligne 674: current transaction is aborted, commands ignored until end of transaction block
[2026-01-26T14:41:47.106+0000] {logging_mixin.py:151} INFO -      ⚠️ Erreur ligne 675: current transaction is aborted, commands ignored until end of transaction block
[2026-01-26T14:41:47.108+0000] {logging_mixin.py:151} INFO -      ⚠️ Erreur ligne 676: current transaction is aborted, commands ignored until end of transaction block
[2026-01-26T14:41:47.110+0000] {logging_mixin.py:151} INFO -      ⚠️ Erreur ligne 677: current transaction is aborted, commands ignored until end of transaction block
[2026-01-26T14:41:47.111+0000] {logging_mixin.py:151} INFO -      ⚠️ Erreur ligne 678: current transaction is aborted, commands ignored until end of transaction block
[2026-01-26T14:41:47.113+0000] {logging_mixin.py:151} INFO -      ⚠️ Erreur ligne 679: current transaction is aborted, commands ignored until end of transaction block
[2026-01-26T14:41:47.114+0000] {logging_mixin.py:151} INFO -      ⚠️ Erreur ligne 680: current transaction is aborted, commands ignored until end of transaction block
[2026-01-26T14:41:47.116+0000] {logging_mixin.py:151} INFO -      ⚠️ Erreur ligne 681: current transaction is aborted, commands ignored until end of transaction block
[2026-01-26T14:41:47.117+0000] {logging_mixin.py:151} INFO -      ⚠️ Erreur ligne 682: current transaction is aborted, commands ignored until end of transaction block
[2026-01-26T14:41:47.119+0000] {logging_mixin.py:151} INFO -      ⚠️ Erreur ligne 683: current transaction is aborted, commands ignored until end of transaction block
[2026-01-26T14:41:47.121+0000] {logging_mixin.py:151} INFO -      ⚠️ Erreur ligne 684: current transaction is aborted, commands ignored until end of transaction block
[2026-01-26T14:41:47.122+0000] {logging_mixin.py:151} INFO -      ⚠️ Erreur ligne 685: current transaction is aborted, commands ignored until end of transaction block
[2026-01-26T14:41:47.124+0000] {logging_mixin.py:151} INFO -      ⚠️ Erreur ligne 686: current transaction is aborted, commands ignored until end of transaction block
[2026-01-26T14:41:47.126+0000] {logging_mixin.py:151} INFO -      ⚠️ Erreur ligne 687: current transaction is aborted, commands ignored until end of transaction block
[2026-01-26T14:41:47.127+0000] {logging_mixin.py:151} INFO -      ⚠️ Erreur ligne 688: current transaction is aborted, commands ignored until end of transaction block
[2026-01-26T14:41:47.129+0000] {logging_mixin.py:151} INFO -      ⚠️ Erreur ligne 689: current transaction is aborted, commands ignored until end of transaction block
[2026-01-26T14:41:47.130+0000] {logging_mixin.py:151} INFO -      ⚠️ Erreur ligne 690: current transaction is aborted, commands ignored until end of transaction block
[2026-01-26T14:41:47.132+0000] {logging_mixin.py:151} INFO -      ⚠️ Erreur ligne 691: current transaction is aborted, commands ignored until end of transaction block
[2026-01-26T14:41:47.134+0000] {logging_mixin.py:151} INFO -      ⚠️ Erreur ligne 692: current transaction is aborted, commands ignored until end of transaction block
[2026-01-26T14:41:47.136+0000] {logging_mixin.py:151} INFO -      ⚠️ Erreur ligne 693: current transaction is aborted, commands ignored until end of transaction block
[2026-01-26T14:41:47.138+0000] {logging_mixin.py:151} INFO -      ⚠️ Erreur ligne 694: current transaction is aborted, commands ignored until end of transaction block
[2026-01-26T14:41:47.140+0000] {logging_mixin.py:151} INFO -      ⚠️ Erreur ligne 695: current transaction is aborted, commands ignored until end of transaction block
[2026-01-26T14:41:47.142+0000] {logging_mixin.py:151} INFO -      ⚠️ Erreur ligne 696: current transaction is aborted, commands ignored until end of transaction block
[2026-01-26T14:41:47.144+0000] {logging_mixin.py:151} INFO -      ⚠️ Erreur ligne 697: current transaction is aborted, commands ignored until end of transaction block
[2026-01-26T14:41:47.145+0000] {logging_mixin.py:151} INFO -      ⚠️ Erreur ligne 698: current transaction is aborted, commands ignored until end of transaction block
[2026-01-26T14:41:47.147+0000] {logging_mixin.py:151} INFO -      ⚠️ Erreur ligne 699: current transaction is aborted, commands ignored until end of transaction block
[2026-01-26T14:41:47.149+0000] {logging_mixin.py:151} INFO -      ⚠️ Erreur ligne 700: current transaction is aborted, commands ignored until end of transaction block
[2026-01-26T14:41:47.150+0000] {logging_mixin.py:151} INFO -      ⚠️ Erreur ligne 701: current transaction is aborted, commands ignored until end of transaction block
[2026-01-26T14:41:47.152+0000] {logging_mixin.py:151} INFO -      ⚠️ Erreur ligne 702: current transaction is aborted, commands ignored until end of transaction block
[2026-01-26T14:41:47.153+0000] {logging_mixin.py:151} INFO -      ⚠️ Erreur ligne 703: current transaction is aborted, commands ignored until end of transaction block
[2026-01-26T14:41:47.155+0000] {logging_mixin.py:151} INFO -      ⚠️ Erreur ligne 704: current transaction is aborted, commands ignored until end of transaction block
[2026-01-26T14:41:47.157+0000] {logging_mixin.py:151} INFO -      ⚠️ Erreur ligne 705: current transaction is aborted, commands ignored until end of transaction block
[2026-01-26T14:41:47.158+0000] {logging_mixin.py:151} INFO -      ⚠️ Erreur ligne 706: current transaction is aborted, commands ignored until end of transaction block
[2026-01-26T14:41:47.160+0000] {logging_mixin.py:151} INFO -      ⚠️ Erreur ligne 707: current transaction is aborted, commands ignored until end of transaction block
[2026-01-26T14:41:47.163+0000] {logging_mixin.py:151} INFO -      ⚠️ Erreur ligne 708: current transaction is aborted, commands ignored until end of transaction block
[2026-01-26T14:41:47.164+0000] {logging_mixin.py:151} INFO -      ⚠️ Erreur ligne 709: current transaction is aborted, commands ignored until end of transaction block
[2026-01-26T14:41:47.166+0000] {logging_mixin.py:151} INFO -      ⚠️ Erreur ligne 710: current transaction is aborted, commands ignored until end of transaction block
[2026-01-26T14:41:47.168+0000] {logging_mixin.py:151} INFO -      ⚠️ Erreur ligne 711: current transaction is aborted, commands ignored until end of transaction block
[2026-01-26T14:41:47.169+0000] {logging_mixin.py:151} INFO -      ⚠️ Erreur ligne 712: current transaction is aborted, commands ignored until end of transaction block
[2026-01-26T14:41:47.171+0000] {logging_mixin.py:151} INFO -      ⚠️ Erreur ligne 713: current transaction is aborted, commands ignored until end of transaction block
[2026-01-26T14:41:47.173+0000] {logging_mixin.py:151} INFO -      ⚠️ Erreur ligne 714: current transaction is aborted, commands ignored until end of transaction block
[2026-01-26T14:41:47.175+0000] {logging_mixin.py:151} INFO -      ⚠️ Erreur ligne 715: current transaction is aborted, commands ignored until end of transaction block
[2026-01-26T14:41:47.177+0000] {logging_mixin.py:151} INFO -      ⚠️ Erreur ligne 716: current transaction is aborted, commands ignored until end of transaction block
[2026-01-26T14:41:47.179+0000] {logging_mixin.py:151} INFO -      ⚠️ Erreur ligne 717: current transaction is aborted, commands ignored until end of transaction block
[2026-01-26T14:41:47.182+0000] {logging_mixin.py:151} INFO -      ⚠️ Erreur ligne 718: current transaction is aborted, commands ignored until end of transaction block
[2026-01-26T14:41:47.185+0000] {logging_mixin.py:151} INFO -      ⚠️ Erreur ligne 719: current transaction is aborted, commands ignored until end of transaction block
[2026-01-26T14:41:47.187+0000] {logging_mixin.py:151} INFO -      ⚠️ Erreur ligne 720: current transaction is aborted, commands ignored until end of transaction block
[2026-01-26T14:41:47.190+0000] {logging_mixin.py:151} INFO -      ⚠️ Erreur ligne 721: current transaction is aborted, commands ignored until end of transaction block
[2026-01-26T14:41:47.194+0000] {logging_mixin.py:151} INFO -      ⚠️ Erreur ligne 722: current transaction is aborted, commands ignored until end of transaction block
[2026-01-26T14:41:47.196+0000] {logging_mixin.py:151} INFO -      ⚠️ Erreur ligne 723: current transaction is aborted, commands ignored until end of transaction block
[2026-01-26T14:41:47.198+0000] {logging_mixin.py:151} INFO -      ⚠️ Erreur ligne 724: current transaction is aborted, commands ignored until end of transaction block
[2026-01-26T14:41:47.200+0000] {logging_mixin.py:151} INFO -      ⚠️ Erreur ligne 725: current transaction is aborted, commands ignored until end of transaction block
[2026-01-26T14:41:47.202+0000] {logging_mixin.py:151} INFO -      ⚠️ Erreur ligne 726: current transaction is aborted, commands ignored until end of transaction block
[2026-01-26T14:41:47.204+0000] {logging_mixin.py:151} INFO -      ⚠️ Erreur ligne 727: current transaction is aborted, commands ignored until end of transaction block
[2026-01-26T14:41:47.206+0000] {logging_mixin.py:151} INFO -      ⚠️ Erreur ligne 728: current transaction is aborted, commands ignored until end of transaction block
[2026-01-26T14:41:47.210+0000] {logging_mixin.py:151} INFO -      ⚠️ Erreur ligne 729: current transaction is aborted, commands ignored until end of transaction block
[2026-01-26T14:41:47.213+0000] {logging_mixin.py:151} INFO -      ⚠️ Erreur ligne 730: current transaction is aborted, commands ignored until end of transaction block
[2026-01-26T14:41:47.214+0000] {logging_mixin.py:151} INFO -      ⚠️ Erreur ligne 731: current transaction is aborted, commands ignored until end of transaction block
[2026-01-26T14:41:47.216+0000] {logging_mixin.py:151} INFO -      ⚠️ Erreur ligne 732: current transaction is aborted, commands ignored until end of transaction block
[2026-01-26T14:41:47.217+0000] {logging_mixin.py:151} INFO -      ⚠️ Erreur ligne 733: current transaction is aborted, commands ignored until end of transaction block
[2026-01-26T14:41:47.219+0000] {logging_mixin.py:151} INFO -      ⚠️ Erreur ligne 734: current transaction is aborted, commands ignored until end of transaction block
[2026-01-26T14:41:47.221+0000] {logging_mixin.py:151} INFO -      ⚠️ Erreur ligne 735: current transaction is aborted, commands ignored until end of transaction block
[2026-01-26T14:41:47.222+0000] {logging_mixin.py:151} INFO -      ⚠️ Erreur ligne 736: current transaction is aborted, commands ignored until end of transaction block
[2026-01-26T14:41:47.223+0000] {logging_mixin.py:151} INFO -      ⚠️ Erreur ligne 737: current transaction is aborted, commands ignored until end of transaction block
[2026-01-26T14:41:47.225+0000] {logging_mixin.py:151} INFO -      ⚠️ Erreur ligne 738: current transaction is aborted, commands ignored until end of transaction block
[2026-01-26T14:41:47.226+0000] {logging_mixin.py:151} INFO -      ⚠️ Erreur ligne 739: current transaction is aborted, commands ignored until end of transaction block
[2026-01-26T14:41:47.227+0000] {logging_mixin.py:151} INFO -      ⚠️ Erreur ligne 740: current transaction is aborted, commands ignored until end of transaction block
[2026-01-26T14:41:47.228+0000] {logging_mixin.py:151} INFO -      ⚠️ Erreur ligne 741: current transaction is aborted, commands ignored until end of transaction block
[2026-01-26T14:41:47.229+0000] {logging_mixin.py:151} INFO -      ⚠️ Erreur ligne 742: current transaction is aborted, commands ignored until end of transaction block
[2026-01-26T14:41:47.231+0000] {logging_mixin.py:151} INFO -      ⚠️ Erreur ligne 743: current transaction is aborted, commands ignored until end of transaction block
[2026-01-26T14:41:47.232+0000] {logging_mixin.py:151} INFO -      ⚠️ Erreur ligne 744: current transaction is aborted, commands ignored until end of transaction block
[2026-01-26T14:41:47.233+0000] {logging_mixin.py:151} INFO -      ⚠️ Erreur ligne 745: current transaction is aborted, commands ignored until end of transaction block
[2026-01-26T14:41:47.235+0000] {logging_mixin.py:151} INFO -      ⚠️ Erreur ligne 746: current transaction is aborted, commands ignored until end of transaction block
[2026-01-26T14:41:47.236+0000] {logging_mixin.py:151} INFO -      ⚠️ Erreur ligne 747: current transaction is aborted, commands ignored until end of transaction block
[2026-01-26T14:41:47.238+0000] {logging_mixin.py:151} INFO -      ⚠️ Erreur ligne 748: current transaction is aborted, commands ignored until end of transaction block
[2026-01-26T14:41:47.239+0000] {logging_mixin.py:151} INFO -      ⚠️ Erreur ligne 749: current transaction is aborted, commands ignored until end of transaction block
[2026-01-26T14:41:47.241+0000] {logging_mixin.py:151} INFO -      ⚠️ Erreur ligne 750: current transaction is aborted, commands ignored until end of transaction block
[2026-01-26T14:41:47.242+0000] {logging_mixin.py:151} INFO -      ⚠️ Erreur ligne 751: current transaction is aborted, commands ignored until end of transaction block
[2026-01-26T14:41:47.243+0000] {logging_mixin.py:151} INFO -      ⚠️ Erreur ligne 752: current transaction is aborted, commands ignored until end of transaction block
[2026-01-26T14:41:47.245+0000] {logging_mixin.py:151} INFO -      ⚠️ Erreur ligne 753: current transaction is aborted, commands ignored until end of transaction block
[2026-01-26T14:41:47.247+0000] {logging_mixin.py:151} INFO -      ⚠️ Erreur ligne 754: current transaction is aborted, commands ignored until end of transaction block
[2026-01-26T14:41:47.248+0000] {logging_mixin.py:151} INFO -      ⚠️ Erreur ligne 755: current transaction is aborted, commands ignored until end of transaction block
[2026-01-26T14:41:47.249+0000] {logging_mixin.py:151} INFO -      ⚠️ Erreur ligne 756: current transaction is aborted, commands ignored until end of transaction block
[2026-01-26T14:41:47.250+0000] {logging_mixin.py:151} INFO -      ⚠️ Erreur ligne 757: current transaction is aborted, commands ignored until end of transaction block
[2026-01-26T14:41:47.251+0000] {logging_mixin.py:151} INFO -      ⚠️ Erreur ligne 758: current transaction is aborted, commands ignored until end of transaction block
[2026-01-26T14:41:47.253+0000] {logging_mixin.py:151} INFO -      ⚠️ Erreur ligne 759: current transaction is aborted, commands ignored until end of transaction block
[2026-01-26T14:41:47.254+0000] {logging_mixin.py:151} INFO -      ⚠️ Erreur ligne 760: current transaction is aborted, commands ignored until end of transaction block
[2026-01-26T14:41:47.256+0000] {logging_mixin.py:151} INFO -      ⚠️ Erreur ligne 761: current transaction is aborted, commands ignored until end of transaction block
[2026-01-26T14:41:47.257+0000] {logging_mixin.py:151} INFO -      ⚠️ Erreur ligne 762: current transaction is aborted, commands ignored until end of transaction block
[2026-01-26T14:41:47.258+0000] {logging_mixin.py:151} INFO -      ⚠️ Erreur ligne 763: current transaction is aborted, commands ignored until end of transaction block
[2026-01-26T14:41:47.259+0000] {logging_mixin.py:151} INFO -      ⚠️ Erreur ligne 764: current transaction is aborted, commands ignored until end of transaction block
[2026-01-26T14:41:47.261+0000] {logging_mixin.py:151} INFO -      ⚠️ Erreur ligne 765: current transaction is aborted, commands ignored until end of transaction block
[2026-01-26T14:41:47.262+0000] {logging_mixin.py:151} INFO -      ⚠️ Erreur ligne 766: current transaction is aborted, commands ignored until end of transaction block
[2026-01-26T14:41:47.264+0000] {logging_mixin.py:151} INFO -      ⚠️ Erreur ligne 767: current transaction is aborted, commands ignored until end of transaction block
[2026-01-26T14:41:47.265+0000] {logging_mixin.py:151} INFO -      ⚠️ Erreur ligne 768: current transaction is aborted, commands ignored until end of transaction block
[2026-01-26T14:41:47.268+0000] {logging_mixin.py:151} INFO -      ⚠️ Erreur ligne 769: current transaction is aborted, commands ignored until end of transaction block
[2026-01-26T14:41:47.269+0000] {logging_mixin.py:151} INFO -      ⚠️ Erreur ligne 770: current transaction is aborted, commands ignored until end of transaction block
[2026-01-26T14:41:47.271+0000] {logging_mixin.py:151} INFO -      ⚠️ Erreur ligne 771: current transaction is aborted, commands ignored until end of transaction block
[2026-01-26T14:41:47.272+0000] {logging_mixin.py:151} INFO -      ⚠️ Erreur ligne 772: current transaction is aborted, commands ignored until end of transaction block
[2026-01-26T14:41:47.274+0000] {logging_mixin.py:151} INFO -      ⚠️ Erreur ligne 773: current transaction is aborted, commands ignored until end of transaction block
[2026-01-26T14:41:47.276+0000] {logging_mixin.py:151} INFO -      ⚠️ Erreur ligne 774: current transaction is aborted, commands ignored until end of transaction block
[2026-01-26T14:41:47.277+0000] {logging_mixin.py:151} INFO -      ⚠️ Erreur ligne 775: current transaction is aborted, commands ignored until end of transaction block
[2026-01-26T14:41:47.279+0000] {logging_mixin.py:151} INFO -      ⚠️ Erreur ligne 776: current transaction is aborted, commands ignored until end of transaction block
[2026-01-26T14:41:47.280+0000] {logging_mixin.py:151} INFO -      ⚠️ Erreur ligne 777: current transaction is aborted, commands ignored until end of transaction block
[2026-01-26T14:41:47.282+0000] {logging_mixin.py:151} INFO -      ⚠️ Erreur ligne 778: current transaction is aborted, commands ignored until end of transaction block
[2026-01-26T14:41:47.284+0000] {logging_mixin.py:151} INFO -      ⚠️ Erreur ligne 779: current transaction is aborted, commands ignored until end of transaction block
[2026-01-26T14:41:47.285+0000] {logging_mixin.py:151} INFO -      ⚠️ Erreur ligne 780: current transaction is aborted, commands ignored until end of transaction block
[2026-01-26T14:41:47.287+0000] {logging_mixin.py:151} INFO -      ⚠️ Erreur ligne 781: current transaction is aborted, commands ignored until end of transaction block
[2026-01-26T14:41:47.289+0000] {logging_mixin.py:151} INFO -      ⚠️ Erreur ligne 782: current transaction is aborted, commands ignored until end of transaction block
[2026-01-26T14:41:47.290+0000] {logging_mixin.py:151} INFO -      ⚠️ Erreur ligne 783: current transaction is aborted, commands ignored until end of transaction block
[2026-01-26T14:41:47.292+0000] {logging_mixin.py:151} INFO -      ⚠️ Erreur ligne 784: current transaction is aborted, commands ignored until end of transaction block
[2026-01-26T14:41:47.294+0000] {logging_mixin.py:151} INFO -      ⚠️ Erreur ligne 785: current transaction is aborted, commands ignored until end of transaction block
[2026-01-26T14:41:47.296+0000] {logging_mixin.py:151} INFO -      ⚠️ Erreur ligne 786: current transaction is aborted, commands ignored until end of transaction block
[2026-01-26T14:41:47.298+0000] {logging_mixin.py:151} INFO -      ⚠️ Erreur ligne 787: current transaction is aborted, commands ignored until end of transaction block
[2026-01-26T14:41:47.299+0000] {logging_mixin.py:151} INFO -      ⚠️ Erreur ligne 788: current transaction is aborted, commands ignored until end of transaction block
[2026-01-26T14:41:47.300+0000] {logging_mixin.py:151} INFO -      ⚠️ Erreur ligne 789: current transaction is aborted, commands ignored until end of transaction block
[2026-01-26T14:41:47.302+0000] {logging_mixin.py:151} INFO -      ⚠️ Erreur ligne 790: current transaction is aborted, commands ignored until end of transaction block
[2026-01-26T14:41:47.304+0000] {logging_mixin.py:151} INFO -      ⚠️ Erreur ligne 791: current transaction is aborted, commands ignored until end of transaction block
[2026-01-26T14:41:47.305+0000] {logging_mixin.py:151} INFO -      ⚠️ Erreur ligne 792: current transaction is aborted, commands ignored until end of transaction block
[2026-01-26T14:41:47.307+0000] {logging_mixin.py:151} INFO -      ⚠️ Erreur ligne 793: current transaction is aborted, commands ignored until end of transaction block
[2026-01-26T14:41:47.309+0000] {logging_mixin.py:151} INFO -      ⚠️ Erreur ligne 794: current transaction is aborted, commands ignored until end of transaction block
[2026-01-26T14:41:47.311+0000] {logging_mixin.py:151} INFO -      ⚠️ Erreur ligne 795: current transaction is aborted, commands ignored until end of transaction block
[2026-01-26T14:41:47.313+0000] {logging_mixin.py:151} INFO -      ⚠️ Erreur ligne 796: current transaction is aborted, commands ignored until end of transaction block
[2026-01-26T14:41:47.314+0000] {logging_mixin.py:151} INFO -      ⚠️ Erreur ligne 797: current transaction is aborted, commands ignored until end of transaction block
[2026-01-26T14:41:47.316+0000] {logging_mixin.py:151} INFO -      ⚠️ Erreur ligne 798: current transaction is aborted, commands ignored until end of transaction block
[2026-01-26T14:41:47.317+0000] {logging_mixin.py:151} INFO -      ⚠️ Erreur ligne 799: current transaction is aborted, commands ignored until end of transaction block
[2026-01-26T14:41:47.320+0000] {logging_mixin.py:151} INFO -      ⚠️ Erreur ligne 800: current transaction is aborted, commands ignored until end of transaction block
[2026-01-26T14:41:47.321+0000] {logging_mixin.py:151} INFO -      ⚠️ Erreur ligne 801: current transaction is aborted, commands ignored until end of transaction block
[2026-01-26T14:41:47.323+0000] {logging_mixin.py:151} INFO -      ⚠️ Erreur ligne 802: current transaction is aborted, commands ignored until end of transaction block
[2026-01-26T14:41:47.325+0000] {logging_mixin.py:151} INFO -      ⚠️ Erreur ligne 803: current transaction is aborted, commands ignored until end of transaction block
[2026-01-26T14:41:47.327+0000] {logging_mixin.py:151} INFO -      ⚠️ Erreur ligne 804: current transaction is aborted, commands ignored until end of transaction block
[2026-01-26T14:41:47.328+0000] {logging_mixin.py:151} INFO -      ⚠️ Erreur ligne 805: current transaction is aborted, commands ignored until end of transaction block
[2026-01-26T14:41:47.329+0000] {logging_mixin.py:151} INFO -      ⚠️ Erreur ligne 806: current transaction is aborted, commands ignored until end of transaction block
[2026-01-26T14:41:47.332+0000] {logging_mixin.py:151} INFO -      ⚠️ Erreur ligne 807: current transaction is aborted, commands ignored until end of transaction block
[2026-01-26T14:41:47.334+0000] {logging_mixin.py:151} INFO -      ⚠️ Erreur ligne 808: current transaction is aborted, commands ignored until end of transaction block
[2026-01-26T14:41:47.336+0000] {logging_mixin.py:151} INFO -      ⚠️ Erreur ligne 809: current transaction is aborted, commands ignored until end of transaction block
[2026-01-26T14:41:47.337+0000] {logging_mixin.py:151} INFO -      ⚠️ Erreur ligne 810: current transaction is aborted, commands ignored until end of transaction block
[2026-01-26T14:41:47.339+0000] {logging_mixin.py:151} INFO -      ⚠️ Erreur ligne 811: current transaction is aborted, commands ignored until end of transaction block
[2026-01-26T14:41:47.341+0000] {logging_mixin.py:151} INFO -      ⚠️ Erreur ligne 812: current transaction is aborted, commands ignored until end of transaction block
[2026-01-26T14:41:47.343+0000] {logging_mixin.py:151} INFO -      ⚠️ Erreur ligne 813: current transaction is aborted, commands ignored until end of transaction block
[2026-01-26T14:41:47.347+0000] {logging_mixin.py:151} INFO -      ⚠️ Erreur ligne 814: current transaction is aborted, commands ignored until end of transaction block
[2026-01-26T14:41:47.349+0000] {logging_mixin.py:151} INFO -      ⚠️ Erreur ligne 815: current transaction is aborted, commands ignored until end of transaction block
[2026-01-26T14:41:47.352+0000] {logging_mixin.py:151} INFO -      ⚠️ Erreur ligne 816: current transaction is aborted, commands ignored until end of transaction block
[2026-01-26T14:41:47.355+0000] {logging_mixin.py:151} INFO -      ⚠️ Erreur ligne 817: current transaction is aborted, commands ignored until end of transaction block
[2026-01-26T14:41:47.358+0000] {logging_mixin.py:151} INFO -      ⚠️ Erreur ligne 818: current transaction is aborted, commands ignored until end of transaction block
[2026-01-26T14:41:47.361+0000] {logging_mixin.py:151} INFO -      ⚠️ Erreur ligne 819: current transaction is aborted, commands ignored until end of transaction block
[2026-01-26T14:41:47.364+0000] {logging_mixin.py:151} INFO -      ⚠️ Erreur ligne 820: current transaction is aborted, commands ignored until end of transaction block
[2026-01-26T14:41:47.370+0000] {logging_mixin.py:151} INFO -      ⚠️ Erreur ligne 821: current transaction is aborted, commands ignored until end of transaction block
[2026-01-26T14:41:47.372+0000] {logging_mixin.py:151} INFO -      ⚠️ Erreur ligne 822: current transaction is aborted, commands ignored until end of transaction block
[2026-01-26T14:41:47.374+0000] {logging_mixin.py:151} INFO -      ⚠️ Erreur ligne 823: current transaction is aborted, commands ignored until end of transaction block
[2026-01-26T14:41:47.380+0000] {logging_mixin.py:151} INFO -      ⚠️ Erreur ligne 824: current transaction is aborted, commands ignored until end of transaction block
[2026-01-26T14:41:47.384+0000] {logging_mixin.py:151} INFO -      ⚠️ Erreur ligne 825: current transaction is aborted, commands ignored until end of transaction block
[2026-01-26T14:41:47.389+0000] {logging_mixin.py:151} INFO -      ⚠️ Erreur ligne 826: current transaction is aborted, commands ignored until end of transaction block
[2026-01-26T14:41:47.391+0000] {logging_mixin.py:151} INFO -      ⚠️ Erreur ligne 827: current transaction is aborted, commands ignored until end of transaction block
[2026-01-26T14:41:47.392+0000] {logging_mixin.py:151} INFO -      ⚠️ Erreur ligne 828: current transaction is aborted, commands ignored until end of transaction block
[2026-01-26T14:41:47.397+0000] {logging_mixin.py:151} INFO -      ⚠️ Erreur ligne 829: current transaction is aborted, commands ignored until end of transaction block
[2026-01-26T14:41:47.399+0000] {logging_mixin.py:151} INFO -      ⚠️ Erreur ligne 830: current transaction is aborted, commands ignored until end of transaction block
[2026-01-26T14:41:47.401+0000] {logging_mixin.py:151} INFO -      ⚠️ Erreur ligne 831: current transaction is aborted, commands ignored until end of transaction block
[2026-01-26T14:41:47.404+0000] {logging_mixin.py:151} INFO -      ⚠️ Erreur ligne 832: current transaction is aborted, commands ignored until end of transaction block
[2026-01-26T14:41:47.408+0000] {logging_mixin.py:151} INFO -      ⚠️ Erreur ligne 833: current transaction is aborted, commands ignored until end of transaction block
[2026-01-26T14:41:47.409+0000] {logging_mixin.py:151} INFO -      ⚠️ Erreur ligne 834: current transaction is aborted, commands ignored until end of transaction block
[2026-01-26T14:41:47.412+0000] {logging_mixin.py:151} INFO -      ⚠️ Erreur ligne 835: current transaction is aborted, commands ignored until end of transaction block
[2026-01-26T14:41:47.415+0000] {logging_mixin.py:151} INFO -      ⚠️ Erreur ligne 836: current transaction is aborted, commands ignored until end of transaction block
[2026-01-26T14:41:47.418+0000] {logging_mixin.py:151} INFO -      ⚠️ Erreur ligne 837: current transaction is aborted, commands ignored until end of transaction block
[2026-01-26T14:41:47.422+0000] {logging_mixin.py:151} INFO -      ⚠️ Erreur ligne 838: current transaction is aborted, commands ignored until end of transaction block
[2026-01-26T14:41:47.429+0000] {logging_mixin.py:151} INFO -      ⚠️ Erreur ligne 839: current transaction is aborted, commands ignored until end of transaction block
[2026-01-26T14:41:47.432+0000] {logging_mixin.py:151} INFO -      ⚠️ Erreur ligne 840: current transaction is aborted, commands ignored until end of transaction block
[2026-01-26T14:41:47.436+0000] {logging_mixin.py:151} INFO -      ⚠️ Erreur ligne 841: current transaction is aborted, commands ignored until end of transaction block
[2026-01-26T14:41:47.440+0000] {logging_mixin.py:151} INFO -      ⚠️ Erreur ligne 842: current transaction is aborted, commands ignored until end of transaction block
[2026-01-26T14:41:47.451+0000] {logging_mixin.py:151} INFO -      ⚠️ Erreur ligne 843: current transaction is aborted, commands ignored until end of transaction block
[2026-01-26T14:41:47.457+0000] {logging_mixin.py:151} INFO -      ⚠️ Erreur ligne 844: current transaction is aborted, commands ignored until end of transaction block
[2026-01-26T14:41:47.458+0000] {logging_mixin.py:151} INFO -      ⚠️ Erreur ligne 845: current transaction is aborted, commands ignored until end of transaction block
[2026-01-26T14:41:47.460+0000] {logging_mixin.py:151} INFO -      ⚠️ Erreur ligne 846: current transaction is aborted, commands ignored until end of transaction block
[2026-01-26T14:41:47.462+0000] {logging_mixin.py:151} INFO -      ⚠️ Erreur ligne 847: current transaction is aborted, commands ignored until end of transaction block
[2026-01-26T14:41:47.463+0000] {logging_mixin.py:151} INFO -      ⚠️ Erreur ligne 848: current transaction is aborted, commands ignored until end of transaction block
[2026-01-26T14:41:47.466+0000] {logging_mixin.py:151} INFO -      ⚠️ Erreur ligne 849: current transaction is aborted, commands ignored until end of transaction block
[2026-01-26T14:41:47.467+0000] {logging_mixin.py:151} INFO -      ⚠️ Erreur ligne 850: current transaction is aborted, commands ignored until end of transaction block
[2026-01-26T14:41:47.469+0000] {logging_mixin.py:151} INFO -      ⚠️ Erreur ligne 851: current transaction is aborted, commands ignored until end of transaction block
[2026-01-26T14:41:47.471+0000] {logging_mixin.py:151} INFO -      ⚠️ Erreur ligne 852: current transaction is aborted, commands ignored until end of transaction block
[2026-01-26T14:41:47.472+0000] {logging_mixin.py:151} INFO -      ⚠️ Erreur ligne 853: current transaction is aborted, commands ignored until end of transaction block
[2026-01-26T14:41:47.474+0000] {logging_mixin.py:151} INFO -      ⚠️ Erreur ligne 854: current transaction is aborted, commands ignored until end of transaction block
[2026-01-26T14:41:47.476+0000] {logging_mixin.py:151} INFO -      ⚠️ Erreur ligne 855: current transaction is aborted, commands ignored until end of transaction block
[2026-01-26T14:41:47.478+0000] {logging_mixin.py:151} INFO -      ⚠️ Erreur ligne 856: current transaction is aborted, commands ignored until end of transaction block
[2026-01-26T14:41:47.479+0000] {logging_mixin.py:151} INFO -      ⚠️ Erreur ligne 857: current transaction is aborted, commands ignored until end of transaction block
[2026-01-26T14:41:47.481+0000] {logging_mixin.py:151} INFO -      ⚠️ Erreur ligne 858: current transaction is aborted, commands ignored until end of transaction block
[2026-01-26T14:41:47.482+0000] {logging_mixin.py:151} INFO -      ⚠️ Erreur ligne 859: current transaction is aborted, commands ignored until end of transaction block
[2026-01-26T14:41:47.484+0000] {logging_mixin.py:151} INFO -      ⚠️ Erreur ligne 860: current transaction is aborted, commands ignored until end of transaction block
[2026-01-26T14:41:47.485+0000] {logging_mixin.py:151} INFO -      ⚠️ Erreur ligne 861: current transaction is aborted, commands ignored until end of transaction block
[2026-01-26T14:41:47.487+0000] {logging_mixin.py:151} INFO -      ⚠️ Erreur ligne 862: current transaction is aborted, commands ignored until end of transaction block
[2026-01-26T14:41:47.491+0000] {logging_mixin.py:151} INFO -      ⚠️ Erreur ligne 863: current transaction is aborted, commands ignored until end of transaction block
[2026-01-26T14:41:47.497+0000] {logging_mixin.py:151} INFO -      ⚠️ Erreur ligne 864: current transaction is aborted, commands ignored until end of transaction block
[2026-01-26T14:41:47.499+0000] {logging_mixin.py:151} INFO -      ⚠️ Erreur ligne 865: current transaction is aborted, commands ignored until end of transaction block
[2026-01-26T14:41:47.501+0000] {logging_mixin.py:151} INFO -      ⚠️ Erreur ligne 866: current transaction is aborted, commands ignored until end of transaction block
[2026-01-26T14:41:47.503+0000] {logging_mixin.py:151} INFO -      ⚠️ Erreur ligne 867: current transaction is aborted, commands ignored until end of transaction block
[2026-01-26T14:41:47.507+0000] {logging_mixin.py:151} INFO -      ⚠️ Erreur ligne 868: current transaction is aborted, commands ignored until end of transaction block
[2026-01-26T14:41:47.511+0000] {logging_mixin.py:151} INFO -      ⚠️ Erreur ligne 869: current transaction is aborted, commands ignored until end of transaction block
[2026-01-26T14:41:47.515+0000] {logging_mixin.py:151} INFO -      ⚠️ Erreur ligne 870: current transaction is aborted, commands ignored until end of transaction block
[2026-01-26T14:41:47.517+0000] {logging_mixin.py:151} INFO -      ⚠️ Erreur ligne 871: current transaction is aborted, commands ignored until end of transaction block
[2026-01-26T14:41:47.519+0000] {logging_mixin.py:151} INFO -      ⚠️ Erreur ligne 872: current transaction is aborted, commands ignored until end of transaction block
[2026-01-26T14:41:47.520+0000] {logging_mixin.py:151} INFO -      ⚠️ Erreur ligne 873: current transaction is aborted, commands ignored until end of transaction block
[2026-01-26T14:41:47.522+0000] {logging_mixin.py:151} INFO -      ⚠️ Erreur ligne 874: current transaction is aborted, commands ignored until end of transaction block
[2026-01-26T14:41:47.524+0000] {logging_mixin.py:151} INFO -      ⚠️ Erreur ligne 875: current transaction is aborted, commands ignored until end of transaction block
[2026-01-26T14:41:47.526+0000] {logging_mixin.py:151} INFO -      ⚠️ Erreur ligne 876: current transaction is aborted, commands ignored until end of transaction block
[2026-01-26T14:41:47.528+0000] {logging_mixin.py:151} INFO -      ⚠️ Erreur ligne 877: current transaction is aborted, commands ignored until end of transaction block
[2026-01-26T14:41:47.529+0000] {logging_mixin.py:151} INFO -      ⚠️ Erreur ligne 878: current transaction is aborted, commands ignored until end of transaction block
[2026-01-26T14:41:47.531+0000] {logging_mixin.py:151} INFO -      ⚠️ Erreur ligne 879: current transaction is aborted, commands ignored until end of transaction block
[2026-01-26T14:41:47.532+0000] {logging_mixin.py:151} INFO -      ⚠️ Erreur ligne 880: current transaction is aborted, commands ignored until end of transaction block
[2026-01-26T14:41:47.534+0000] {logging_mixin.py:151} INFO -      ⚠️ Erreur ligne 881: current transaction is aborted, commands ignored until end of transaction block
[2026-01-26T14:41:47.535+0000] {logging_mixin.py:151} INFO -      ⚠️ Erreur ligne 882: current transaction is aborted, commands ignored until end of transaction block
[2026-01-26T14:41:47.537+0000] {logging_mixin.py:151} INFO -      ⚠️ Erreur ligne 883: current transaction is aborted, commands ignored until end of transaction block
[2026-01-26T14:41:47.539+0000] {logging_mixin.py:151} INFO -      ⚠️ Erreur ligne 884: current transaction is aborted, commands ignored until end of transaction block
[2026-01-26T14:41:47.540+0000] {logging_mixin.py:151} INFO -      ⚠️ Erreur ligne 885: current transaction is aborted, commands ignored until end of transaction block
[2026-01-26T14:41:47.542+0000] {logging_mixin.py:151} INFO -      ⚠️ Erreur ligne 886: current transaction is aborted, commands ignored until end of transaction block
[2026-01-26T14:41:47.544+0000] {logging_mixin.py:151} INFO -      ⚠️ Erreur ligne 887: current transaction is aborted, commands ignored until end of transaction block
[2026-01-26T14:41:47.546+0000] {logging_mixin.py:151} INFO -      ⚠️ Erreur ligne 888: current transaction is aborted, commands ignored until end of transaction block
[2026-01-26T14:41:47.548+0000] {logging_mixin.py:151} INFO -      ⚠️ Erreur ligne 889: current transaction is aborted, commands ignored until end of transaction block
[2026-01-26T14:41:47.549+0000] {logging_mixin.py:151} INFO -      ⚠️ Erreur ligne 890: current transaction is aborted, commands ignored until end of transaction block
[2026-01-26T14:41:47.551+0000] {logging_mixin.py:151} INFO -      ⚠️ Erreur ligne 891: current transaction is aborted, commands ignored until end of transaction block
[2026-01-26T14:41:47.553+0000] {logging_mixin.py:151} INFO -      ⚠️ Erreur ligne 892: current transaction is aborted, commands ignored until end of transaction block
[2026-01-26T14:41:47.554+0000] {logging_mixin.py:151} INFO -      ⚠️ Erreur ligne 893: current transaction is aborted, commands ignored until end of transaction block
[2026-01-26T14:41:47.555+0000] {logging_mixin.py:151} INFO -      ⚠️ Erreur ligne 894: current transaction is aborted, commands ignored until end of transaction block
[2026-01-26T14:41:47.557+0000] {logging_mixin.py:151} INFO -      ⚠️ Erreur ligne 895: current transaction is aborted, commands ignored until end of transaction block
[2026-01-26T14:41:47.558+0000] {logging_mixin.py:151} INFO -      ⚠️ Erreur ligne 896: current transaction is aborted, commands ignored until end of transaction block
[2026-01-26T14:41:47.560+0000] {logging_mixin.py:151} INFO -      ⚠️ Erreur ligne 897: current transaction is aborted, commands ignored until end of transaction block
[2026-01-26T14:41:47.561+0000] {logging_mixin.py:151} INFO -      ⚠️ Erreur ligne 898: current transaction is aborted, commands ignored until end of transaction block
[2026-01-26T14:41:47.562+0000] {logging_mixin.py:151} INFO -      ⚠️ Erreur ligne 899: current transaction is aborted, commands ignored until end of transaction block
[2026-01-26T14:41:47.564+0000] {logging_mixin.py:151} INFO -      ⚠️ Erreur ligne 900: current transaction is aborted, commands ignored until end of transaction block
[2026-01-26T14:41:47.565+0000] {logging_mixin.py:151} INFO -      ⚠️ Erreur ligne 901: current transaction is aborted, commands ignored until end of transaction block
[2026-01-26T14:41:47.567+0000] {logging_mixin.py:151} INFO -      ⚠️ Erreur ligne 902: current transaction is aborted, commands ignored until end of transaction block
[2026-01-26T14:41:47.569+0000] {logging_mixin.py:151} INFO -      ⚠️ Erreur ligne 903: current transaction is aborted, commands ignored until end of transaction block
[2026-01-26T14:41:47.570+0000] {logging_mixin.py:151} INFO -      ⚠️ Erreur ligne 904: current transaction is aborted, commands ignored until end of transaction block
[2026-01-26T14:41:47.572+0000] {logging_mixin.py:151} INFO -      ⚠️ Erreur ligne 905: current transaction is aborted, commands ignored until end of transaction block
[2026-01-26T14:41:47.573+0000] {logging_mixin.py:151} INFO -      ⚠️ Erreur ligne 906: current transaction is aborted, commands ignored until end of transaction block
[2026-01-26T14:41:47.574+0000] {logging_mixin.py:151} INFO -      ⚠️ Erreur ligne 907: current transaction is aborted, commands ignored until end of transaction block
[2026-01-26T14:41:47.576+0000] {logging_mixin.py:151} INFO -      ⚠️ Erreur ligne 908: current transaction is aborted, commands ignored until end of transaction block
[2026-01-26T14:41:47.577+0000] {logging_mixin.py:151} INFO -      ⚠️ Erreur ligne 909: current transaction is aborted, commands ignored until end of transaction block
[2026-01-26T14:41:47.579+0000] {logging_mixin.py:151} INFO -      ⚠️ Erreur ligne 910: current transaction is aborted, commands ignored until end of transaction block
[2026-01-26T14:41:47.581+0000] {logging_mixin.py:151} INFO -      ⚠️ Erreur ligne 911: current transaction is aborted, commands ignored until end of transaction block
[2026-01-26T14:41:47.584+0000] {logging_mixin.py:151} INFO -      ⚠️ Erreur ligne 912: current transaction is aborted, commands ignored until end of transaction block
[2026-01-26T14:41:47.586+0000] {logging_mixin.py:151} INFO -      ⚠️ Erreur ligne 913: current transaction is aborted, commands ignored until end of transaction block
[2026-01-26T14:41:47.588+0000] {logging_mixin.py:151} INFO -      ⚠️ Erreur ligne 914: current transaction is aborted, commands ignored until end of transaction block
[2026-01-26T14:41:47.590+0000] {logging_mixin.py:151} INFO -      ⚠️ Erreur ligne 915: current transaction is aborted, commands ignored until end of transaction block
[2026-01-26T14:41:47.593+0000] {logging_mixin.py:151} INFO -      ⚠️ Erreur ligne 916: current transaction is aborted, commands ignored until end of transaction block
[2026-01-26T14:41:47.594+0000] {logging_mixin.py:151} INFO -      ⚠️ Erreur ligne 917: current transaction is aborted, commands ignored until end of transaction block
[2026-01-26T14:41:47.596+0000] {logging_mixin.py:151} INFO -      ⚠️ Erreur ligne 918: current transaction is aborted, commands ignored until end of transaction block
[2026-01-26T14:41:47.598+0000] {logging_mixin.py:151} INFO -      ⚠️ Erreur ligne 919: current transaction is aborted, commands ignored until end of transaction block
[2026-01-26T14:41:47.601+0000] {logging_mixin.py:151} INFO -      ⚠️ Erreur ligne 920: current transaction is aborted, commands ignored until end of transaction block
[2026-01-26T14:41:47.603+0000] {logging_mixin.py:151} INFO -      ⚠️ Erreur ligne 921: current transaction is aborted, commands ignored until end of transaction block
[2026-01-26T14:41:47.604+0000] {logging_mixin.py:151} INFO -      ⚠️ Erreur ligne 922: current transaction is aborted, commands ignored until end of transaction block
[2026-01-26T14:41:47.605+0000] {logging_mixin.py:151} INFO -      ⚠️ Erreur ligne 923: current transaction is aborted, commands ignored until end of transaction block
[2026-01-26T14:41:47.606+0000] {logging_mixin.py:151} INFO -      ⚠️ Erreur ligne 924: current transaction is aborted, commands ignored until end of transaction block
[2026-01-26T14:41:47.607+0000] {logging_mixin.py:151} INFO -      ⚠️ Erreur ligne 925: current transaction is aborted, commands ignored until end of transaction block
[2026-01-26T14:41:47.609+0000] {logging_mixin.py:151} INFO -      ⚠️ Erreur ligne 926: current transaction is aborted, commands ignored until end of transaction block
[2026-01-26T14:41:47.610+0000] {logging_mixin.py:151} INFO -      ⚠️ Erreur ligne 927: current transaction is aborted, commands ignored until end of transaction block
[2026-01-26T14:41:47.611+0000] {logging_mixin.py:151} INFO -      ⚠️ Erreur ligne 928: current transaction is aborted, commands ignored until end of transaction block
[2026-01-26T14:41:47.613+0000] {logging_mixin.py:151} INFO -      ⚠️ Erreur ligne 929: current transaction is aborted, commands ignored until end of transaction block
[2026-01-26T14:41:47.614+0000] {logging_mixin.py:151} INFO -      ⚠️ Erreur ligne 930: current transaction is aborted, commands ignored until end of transaction block
[2026-01-26T14:41:47.616+0000] {logging_mixin.py:151} INFO -      ⚠️ Erreur ligne 931: current transaction is aborted, commands ignored until end of transaction block
[2026-01-26T14:41:47.617+0000] {logging_mixin.py:151} INFO -      ⚠️ Erreur ligne 932: current transaction is aborted, commands ignored until end of transaction block
[2026-01-26T14:41:47.618+0000] {logging_mixin.py:151} INFO -      ⚠️ Erreur ligne 933: current transaction is aborted, commands ignored until end of transaction block
[2026-01-26T14:41:47.620+0000] {logging_mixin.py:151} INFO -      ⚠️ Erreur ligne 934: current transaction is aborted, commands ignored until end of transaction block
[2026-01-26T14:41:47.621+0000] {logging_mixin.py:151} INFO -      ⚠️ Erreur ligne 935: current transaction is aborted, commands ignored until end of transaction block
[2026-01-26T14:41:47.622+0000] {logging_mixin.py:151} INFO -      ⚠️ Erreur ligne 936: current transaction is aborted, commands ignored until end of transaction block
[2026-01-26T14:41:47.624+0000] {logging_mixin.py:151} INFO -      ⚠️ Erreur ligne 937: current transaction is aborted, commands ignored until end of transaction block
[2026-01-26T14:41:47.626+0000] {logging_mixin.py:151} INFO -      ⚠️ Erreur ligne 938: current transaction is aborted, commands ignored until end of transaction block
[2026-01-26T14:41:47.628+0000] {logging_mixin.py:151} INFO -      ⚠️ Erreur ligne 939: current transaction is aborted, commands ignored until end of transaction block
[2026-01-26T14:41:47.630+0000] {logging_mixin.py:151} INFO -      ⚠️ Erreur ligne 940: current transaction is aborted, commands ignored until end of transaction block
[2026-01-26T14:41:47.631+0000] {logging_mixin.py:151} INFO -      ⚠️ Erreur ligne 941: current transaction is aborted, commands ignored until end of transaction block
[2026-01-26T14:41:47.632+0000] {logging_mixin.py:151} INFO -      ⚠️ Erreur ligne 942: current transaction is aborted, commands ignored until end of transaction block
[2026-01-26T14:41:47.633+0000] {logging_mixin.py:151} INFO -      ⚠️ Erreur ligne 943: current transaction is aborted, commands ignored until end of transaction block
[2026-01-26T14:41:47.635+0000] {logging_mixin.py:151} INFO -      ⚠️ Erreur ligne 944: current transaction is aborted, commands ignored until end of transaction block
[2026-01-26T14:41:47.636+0000] {logging_mixin.py:151} INFO -      ⚠️ Erreur ligne 945: current transaction is aborted, commands ignored until end of transaction block
[2026-01-26T14:41:47.637+0000] {logging_mixin.py:151} INFO -      ⚠️ Erreur ligne 946: current transaction is aborted, commands ignored until end of transaction block
[2026-01-26T14:41:47.638+0000] {logging_mixin.py:151} INFO -      ⚠️ Erreur ligne 947: current transaction is aborted, commands ignored until end of transaction block
[2026-01-26T14:41:47.639+0000] {logging_mixin.py:151} INFO -      ⚠️ Erreur ligne 948: current transaction is aborted, commands ignored until end of transaction block
[2026-01-26T14:41:47.640+0000] {logging_mixin.py:151} INFO -      ⚠️ Erreur ligne 949: current transaction is aborted, commands ignored until end of transaction block
[2026-01-26T14:41:47.642+0000] {logging_mixin.py:151} INFO -      ⚠️ Erreur ligne 950: current transaction is aborted, commands ignored until end of transaction block
[2026-01-26T14:41:47.644+0000] {logging_mixin.py:151} INFO -      ⚠️ Erreur ligne 951: current transaction is aborted, commands ignored until end of transaction block
[2026-01-26T14:41:47.646+0000] {logging_mixin.py:151} INFO -      ⚠️ Erreur ligne 952: current transaction is aborted, commands ignored until end of transaction block
[2026-01-26T14:41:47.647+0000] {logging_mixin.py:151} INFO -      ⚠️ Erreur ligne 953: current transaction is aborted, commands ignored until end of transaction block
[2026-01-26T14:41:47.649+0000] {logging_mixin.py:151} INFO -      ⚠️ Erreur ligne 954: current transaction is aborted, commands ignored until end of transaction block
[2026-01-26T14:41:47.650+0000] {logging_mixin.py:151} INFO -      ⚠️ Erreur ligne 955: current transaction is aborted, commands ignored until end of transaction block
[2026-01-26T14:41:47.652+0000] {logging_mixin.py:151} INFO -      ⚠️ Erreur ligne 956: current transaction is aborted, commands ignored until end of transaction block
[2026-01-26T14:41:47.653+0000] {logging_mixin.py:151} INFO -      ⚠️ Erreur ligne 957: current transaction is aborted, commands ignored until end of transaction block
[2026-01-26T14:41:47.654+0000] {logging_mixin.py:151} INFO -      ⚠️ Erreur ligne 958: current transaction is aborted, commands ignored until end of transaction block
[2026-01-26T14:41:47.655+0000] {logging_mixin.py:151} INFO -      ⚠️ Erreur ligne 959: current transaction is aborted, commands ignored until end of transaction block
[2026-01-26T14:41:47.656+0000] {logging_mixin.py:151} INFO -      ⚠️ Erreur ligne 960: current transaction is aborted, commands ignored until end of transaction block
[2026-01-26T14:41:47.657+0000] {logging_mixin.py:151} INFO -      ⚠️ Erreur ligne 961: current transaction is aborted, commands ignored until end of transaction block
[2026-01-26T14:41:47.658+0000] {logging_mixin.py:151} INFO -      ⚠️ Erreur ligne 962: current transaction is aborted, commands ignored until end of transaction block
[2026-01-26T14:41:47.660+0000] {logging_mixin.py:151} INFO -      ⚠️ Erreur ligne 963: current transaction is aborted, commands ignored until end of transaction block
[2026-01-26T14:41:47.662+0000] {logging_mixin.py:151} INFO -      ⚠️ Erreur ligne 964: current transaction is aborted, commands ignored until end of transaction block
[2026-01-26T14:41:47.663+0000] {logging_mixin.py:151} INFO -      ⚠️ Erreur ligne 965: current transaction is aborted, commands ignored until end of transaction block
[2026-01-26T14:41:47.665+0000] {logging_mixin.py:151} INFO -      ⚠️ Erreur ligne 966: current transaction is aborted, commands ignored until end of transaction block
[2026-01-26T14:41:47.666+0000] {logging_mixin.py:151} INFO -      ⚠️ Erreur ligne 967: current transaction is aborted, commands ignored until end of transaction block
[2026-01-26T14:41:47.668+0000] {logging_mixin.py:151} INFO -      ⚠️ Erreur ligne 968: current transaction is aborted, commands ignored until end of transaction block
[2026-01-26T14:41:47.669+0000] {logging_mixin.py:151} INFO -      ⚠️ Erreur ligne 969: current transaction is aborted, commands ignored until end of transaction block
[2026-01-26T14:41:47.670+0000] {logging_mixin.py:151} INFO -      ⚠️ Erreur ligne 970: current transaction is aborted, commands ignored until end of transaction block
[2026-01-26T14:41:47.671+0000] {logging_mixin.py:151} INFO -      ⚠️ Erreur ligne 971: current transaction is aborted, commands ignored until end of transaction block
[2026-01-26T14:41:47.673+0000] {logging_mixin.py:151} INFO -      ⚠️ Erreur ligne 972: current transaction is aborted, commands ignored until end of transaction block
[2026-01-26T14:41:47.674+0000] {logging_mixin.py:151} INFO -      ⚠️ Erreur ligne 973: current transaction is aborted, commands ignored until end of transaction block
[2026-01-26T14:41:47.675+0000] {logging_mixin.py:151} INFO -      ⚠️ Erreur ligne 974: current transaction is aborted, commands ignored until end of transaction block
[2026-01-26T14:41:47.676+0000] {logging_mixin.py:151} INFO -      ⚠️ Erreur ligne 975: current transaction is aborted, commands ignored until end of transaction block
[2026-01-26T14:41:47.677+0000] {logging_mixin.py:151} INFO -      ⚠️ Erreur ligne 976: current transaction is aborted, commands ignored until end of transaction block
[2026-01-26T14:41:47.678+0000] {logging_mixin.py:151} INFO -      ⚠️ Erreur ligne 977: current transaction is aborted, commands ignored until end of transaction block
[2026-01-26T14:41:47.679+0000] {logging_mixin.py:151} INFO -      ⚠️ Erreur ligne 978: current transaction is aborted, commands ignored until end of transaction block
[2026-01-26T14:41:47.681+0000] {logging_mixin.py:151} INFO -      ⚠️ Erreur ligne 979: current transaction is aborted, commands ignored until end of transaction block
[2026-01-26T14:41:47.682+0000] {logging_mixin.py:151} INFO -      ⚠️ Erreur ligne 980: current transaction is aborted, commands ignored until end of transaction block
[2026-01-26T14:41:47.684+0000] {logging_mixin.py:151} INFO -      ⚠️ Erreur ligne 981: current transaction is aborted, commands ignored until end of transaction block
[2026-01-26T14:41:47.686+0000] {logging_mixin.py:151} INFO -      ⚠️ Erreur ligne 982: current transaction is aborted, commands ignored until end of transaction block
[2026-01-26T14:41:47.689+0000] {logging_mixin.py:151} INFO -      ⚠️ Erreur ligne 983: current transaction is aborted, commands ignored until end of transaction block
[2026-01-26T14:41:47.690+0000] {logging_mixin.py:151} INFO -      ⚠️ Erreur ligne 984: current transaction is aborted, commands ignored until end of transaction block
[2026-01-26T14:41:47.692+0000] {logging_mixin.py:151} INFO -      ⚠️ Erreur ligne 985: current transaction is aborted, commands ignored until end of transaction block
[2026-01-26T14:41:47.693+0000] {logging_mixin.py:151} INFO -      ⚠️ Erreur ligne 986: current transaction is aborted, commands ignored until end of transaction block
[2026-01-26T14:41:47.694+0000] {logging_mixin.py:151} INFO -      ⚠️ Erreur ligne 987: current transaction is aborted, commands ignored until end of transaction block
[2026-01-26T14:41:47.695+0000] {logging_mixin.py:151} INFO -      ⚠️ Erreur ligne 988: current transaction is aborted, commands ignored until end of transaction block
[2026-01-26T14:41:47.696+0000] {logging_mixin.py:151} INFO -      ⚠️ Erreur ligne 989: current transaction is aborted, commands ignored until end of transaction block
[2026-01-26T14:41:47.697+0000] {logging_mixin.py:151} INFO -      ⚠️ Erreur ligne 990: current transaction is aborted, commands ignored until end of transaction block
[2026-01-26T14:41:47.698+0000] {logging_mixin.py:151} INFO -      ⚠️ Erreur ligne 991: current transaction is aborted, commands ignored until end of transaction block
[2026-01-26T14:41:47.700+0000] {logging_mixin.py:151} INFO -      ⚠️ Erreur ligne 992: current transaction is aborted, commands ignored until end of transaction block
[2026-01-26T14:41:47.701+0000] {logging_mixin.py:151} INFO -      ⚠️ Erreur ligne 993: current transaction is aborted, commands ignored until end of transaction block
[2026-01-26T14:41:47.702+0000] {logging_mixin.py:151} INFO -      ⚠️ Erreur ligne 994: current transaction is aborted, commands ignored until end of transaction block
[2026-01-26T14:41:47.704+0000] {logging_mixin.py:151} INFO -      ⚠️ Erreur ligne 995: current transaction is aborted, commands ignored until end of transaction block
[2026-01-26T14:41:47.706+0000] {logging_mixin.py:151} INFO -      ⚠️ Erreur ligne 996: current transaction is aborted, commands ignored until end of transaction block
[2026-01-26T14:41:47.707+0000] {logging_mixin.py:151} INFO -      ⚠️ Erreur ligne 997: current transaction is aborted, commands ignored until end of transaction block
[2026-01-26T14:41:47.708+0000] {logging_mixin.py:151} INFO -      ⚠️ Erreur ligne 998: current transaction is aborted, commands ignored until end of transaction block
[2026-01-26T14:41:47.710+0000] {logging_mixin.py:151} INFO -      ⚠️ Erreur ligne 999: current transaction is aborted, commands ignored until end of transaction block
[2026-01-26T14:41:47.711+0000] {logging_mixin.py:151} INFO -      ⚠️ Erreur ligne 1000: current transaction is aborted, commands ignored until end of transaction block
[2026-01-26T14:41:47.712+0000] {logging_mixin.py:151} INFO -      ⚠️ Erreur ligne 1001: current transaction is aborted, commands ignored until end of transaction block
[2026-01-26T14:41:47.714+0000] {logging_mixin.py:151} INFO -      ⚠️ Erreur ligne 1002: current transaction is aborted, commands ignored until end of transaction block
[2026-01-26T14:41:47.715+0000] {logging_mixin.py:151} INFO -      ⚠️ Erreur ligne 1003: current transaction is aborted, commands ignored until end of transaction block
[2026-01-26T14:41:47.716+0000] {logging_mixin.py:151} INFO -      ⚠️ Erreur ligne 1004: current transaction is aborted, commands ignored until end of transaction block
[2026-01-26T14:41:47.717+0000] {logging_mixin.py:151} INFO -      ⚠️ Erreur ligne 1005: current transaction is aborted, commands ignored until end of transaction block
[2026-01-26T14:41:47.718+0000] {logging_mixin.py:151} INFO -      ⚠️ Erreur ligne 1006: current transaction is aborted, commands ignored until end of transaction block
[2026-01-26T14:41:47.719+0000] {logging_mixin.py:151} INFO -      ⚠️ Erreur ligne 1007: current transaction is aborted, commands ignored until end of transaction block
[2026-01-26T14:41:47.721+0000] {logging_mixin.py:151} INFO -      ⚠️ Erreur ligne 1008: current transaction is aborted, commands ignored until end of transaction block
[2026-01-26T14:41:47.722+0000] {logging_mixin.py:151} INFO -      ⚠️ Erreur ligne 1009: current transaction is aborted, commands ignored until end of transaction block
[2026-01-26T14:41:47.724+0000] {logging_mixin.py:151} INFO -      ⚠️ Erreur ligne 1010: current transaction is aborted, commands ignored until end of transaction block
[2026-01-26T14:41:47.725+0000] {logging_mixin.py:151} INFO -      ⚠️ Erreur ligne 1011: current transaction is aborted, commands ignored until end of transaction block
[2026-01-26T14:41:47.727+0000] {logging_mixin.py:151} INFO -      ⚠️ Erreur ligne 1012: current transaction is aborted, commands ignored until end of transaction block
[2026-01-26T14:41:47.728+0000] {logging_mixin.py:151} INFO -      ⚠️ Erreur ligne 1013: current transaction is aborted, commands ignored until end of transaction block
[2026-01-26T14:41:47.730+0000] {logging_mixin.py:151} INFO -      ⚠️ Erreur ligne 1014: current transaction is aborted, commands ignored until end of transaction block
[2026-01-26T14:41:47.731+0000] {logging_mixin.py:151} INFO -      ⚠️ Erreur ligne 1015: current transaction is aborted, commands ignored until end of transaction block
[2026-01-26T14:41:47.732+0000] {logging_mixin.py:151} INFO -      ⚠️ Erreur ligne 1016: current transaction is aborted, commands ignored until end of transaction block
[2026-01-26T14:41:47.733+0000] {logging_mixin.py:151} INFO -      ⚠️ Erreur ligne 1017: current transaction is aborted, commands ignored until end of transaction block
[2026-01-26T14:41:47.734+0000] {logging_mixin.py:151} INFO -      ✅ Insertion terminée: 0 insérées, 0 ignorées (doublons)
[2026-01-26T14:41:47.735+0000] {logging_mixin.py:151} INFO - 
================================================================================
[2026-01-26T14:41:47.736+0000] {logging_mixin.py:151} INFO - 📊 RÉSUMÉ FINAL
[2026-01-26T14:41:47.737+0000] {logging_mixin.py:151} INFO - ================================================================================
[2026-01-26T14:41:47.738+0000] {logging_mixin.py:151} INFO - ✅ Succès: 3
[2026-01-26T14:41:47.738+0000] {logging_mixin.py:151} INFO - ❌ Échecs: 0
[2026-01-26T14:41:47.738+0000] {logging_mixin.py:151} INFO - ================================================================================
[2026-01-26T14:41:47.739+0000] {python.py:194} INFO - Done. Returned value was: Done: 3 succeeded, 0 failed
[2026-01-26T14:41:47.778+0000] {taskinstance.py:1398} INFO - Marking task as SUCCESS. dag_id=stock_etl_simple, task_id=process_stock_data, execution_date=20260126T144137, start_date=20260126T144142, end_date=20260126T144147
[2026-01-26T14:41:47.832+0000] {local_task_job_runner.py:228} INFO - Task exited with return code 0
[2026-01-26T14:41:47.856+0000] {taskinstance.py:2776} INFO - 0 downstream tasks scheduled from follow-on schedule check
