[2026-01-26T14:46:42.048+0000] {logging_mixin.py:151} INFO - Changing /opt/***/logs/dag_id=stock_etl_simple/run_id=manual__2026-01-26T14:46:38.397792+00:00/task_id=run_etl_simple permission to 509
[2026-01-26T14:46:42.109+0000] {logging_mixin.py:151} INFO - Changing /opt/***/logs/dag_id=stock_etl_simple/run_id=manual__2026-01-26T14:46:38.397792+00:00/task_id=run_etl_simple permission to 509
[2026-01-26T14:46:42.150+0000] {taskinstance.py:1157} INFO - Dependencies all met for dep_context=non-requeueable deps ti=<TaskInstance: stock_etl_simple.run_etl_simple manual__2026-01-26T14:46:38.397792+00:00 [queued]>
[2026-01-26T14:46:42.159+0000] {taskinstance.py:1157} INFO - Dependencies all met for dep_context=requeueable deps ti=<TaskInstance: stock_etl_simple.run_etl_simple manual__2026-01-26T14:46:38.397792+00:00 [queued]>
[2026-01-26T14:46:42.160+0000] {taskinstance.py:1359} INFO - Starting attempt 1 of 1
[2026-01-26T14:46:42.178+0000] {taskinstance.py:1380} INFO - Executing <Task(PythonOperator): run_etl_simple> on 2026-01-26 14:46:38.397792+00:00
[2026-01-26T14:46:42.183+0000] {standard_task_runner.py:57} INFO - Started process 194 to run task
[2026-01-26T14:46:42.188+0000] {standard_task_runner.py:84} INFO - Running: ['***', 'tasks', 'run', 'stock_etl_simple', 'run_etl_simple', 'manual__2026-01-26T14:46:38.397792+00:00', '--job-id', '21', '--raw', '--subdir', 'DAGS_FOLDER/stock_etl_simple.py', '--cfg-path', '/tmp/tmpcnnj8ja8']
[2026-01-26T14:46:42.190+0000] {standard_task_runner.py:85} INFO - Job 21: Subtask run_etl_simple
[2026-01-26T14:46:42.211+0000] {logging_mixin.py:151} WARNING - /home/***/.local/lib/python3.8/site-packages/***/settings.py:195 DeprecationWarning: The sql_alchemy_conn option in [core] has been moved to the sql_alchemy_conn option in [database] - the old setting has been used, but please update your config.
[2026-01-26T14:46:42.244+0000] {logging_mixin.py:151} INFO - Changing /opt/***/logs/dag_id=stock_etl_simple/run_id=manual__2026-01-26T14:46:38.397792+00:00/task_id=run_etl_simple permission to 509
[2026-01-26T14:46:42.245+0000] {task_command.py:415} INFO - Running <TaskInstance: stock_etl_simple.run_etl_simple manual__2026-01-26T14:46:38.397792+00:00 [running]> on host de69607b1fa6
[2026-01-26T14:46:42.349+0000] {taskinstance.py:1660} INFO - Exporting env vars: AIRFLOW_CTX_DAG_OWNER='***' AIRFLOW_CTX_DAG_ID='stock_etl_simple' AIRFLOW_CTX_TASK_ID='run_etl_simple' AIRFLOW_CTX_EXECUTION_DATE='2026-01-26T14:46:38.397792+00:00' AIRFLOW_CTX_TRY_NUMBER='1' AIRFLOW_CTX_DAG_RUN_ID='manual__2026-01-26T14:46:38.397792+00:00'
[2026-01-26T14:46:44.754+0000] {logging_mixin.py:151} INFO - ================================================================================
[2026-01-26T14:46:44.755+0000] {logging_mixin.py:151} INFO - DÉBUT DU PIPELINE SIMPLE
[2026-01-26T14:46:44.755+0000] {logging_mixin.py:151} INFO - ================================================================================
[2026-01-26T14:46:44.757+0000] {logging_mixin.py:151} INFO - Dossier data : /opt/***/data/raw
[2026-01-26T14:46:44.759+0000] {logging_mixin.py:151} INFO - Existe : True
[2026-01-26T14:46:44.762+0000] {logging_mixin.py:151} INFO - ✅ Trouvé 3 fichiers CSV
[2026-01-26T14:46:44.762+0000] {logging_mixin.py:151} INFO -   - AAPL_2026-01-26 06:13:30.297050+00:00.csv
[2026-01-26T14:46:44.764+0000] {logging_mixin.py:151} INFO -   - GOOGL_2026-01-26 06:13:31.897613+00:00.csv
[2026-01-26T14:46:44.765+0000] {logging_mixin.py:151} INFO -   - MSFT_2026-01-26 06:13:31.074172+00:00.csv
[2026-01-26T14:46:44.766+0000] {logging_mixin.py:151} INFO - 
--------------------------------------------------------------------------------
[2026-01-26T14:46:44.767+0000] {logging_mixin.py:151} INFO - 📄 Traitement de : AAPL_2026-01-26 06:13:30.297050+00:00.csv
[2026-01-26T14:46:44.768+0000] {logging_mixin.py:151} INFO - --------------------------------------------------------------------------------
[2026-01-26T14:46:44.769+0000] {logging_mixin.py:151} INFO -   1️⃣ Lecture du CSV...
[2026-01-26T14:46:44.788+0000] {logging_mixin.py:151} INFO -      ✅ Lu 1018 lignes
[2026-01-26T14:46:44.791+0000] {logging_mixin.py:151} INFO -      Colonnes: ['Date', 'Open', 'High', 'Low', 'Close', 'Volume', 'Dividends', 'Stock Splits', 'symbol', 'extracted_at']
[2026-01-26T14:46:44.791+0000] {logging_mixin.py:151} INFO -   2️⃣ Nettoyage des colonnes...
[2026-01-26T14:46:44.794+0000] {logging_mixin.py:151} INFO -      ✅ Colonnes nettoyées: ['date', 'open', 'high', 'low', 'close', 'volume', 'dividends', 'stock_splits', 'symbol', 'extracted_at']
[2026-01-26T14:46:44.797+0000] {logging_mixin.py:151} INFO -   3️⃣ Conversion des dates...
[2026-01-26T14:46:44.832+0000] {logging_mixin.py:151} INFO -      ✅ Dates converties
[2026-01-26T14:46:44.833+0000] {logging_mixin.py:151} INFO -   4️⃣ Nettoyage des données...
[2026-01-26T14:46:44.861+0000] {logging_mixin.py:151} INFO -      ✅ 1018 → 1018 lignes (après nettoyage)
[2026-01-26T14:46:44.863+0000] {logging_mixin.py:151} INFO -   5️⃣ Connexion à la base de données...
[2026-01-26T14:46:44.875+0000] {logging_mixin.py:151} INFO -      ✅ Connecté
[2026-01-26T14:46:44.877+0000] {logging_mixin.py:151} INFO -   6️⃣ Insertion des données...
[2026-01-26T14:46:44.879+0000] {logging_mixin.py:151} INFO -      ⚠️ Erreur ligne 0: not all arguments converted during string formatting
[2026-01-26T14:46:44.884+0000] {logging_mixin.py:151} INFO -      ⚠️ Erreur ligne 1: not all arguments converted during string formatting
[2026-01-26T14:46:44.886+0000] {logging_mixin.py:151} INFO -      ⚠️ Erreur ligne 2: not all arguments converted during string formatting
[2026-01-26T14:46:44.889+0000] {logging_mixin.py:151} INFO -      ⚠️ Erreur ligne 3: not all arguments converted during string formatting
[2026-01-26T14:46:44.893+0000] {logging_mixin.py:151} INFO -      ⚠️ Erreur ligne 4: not all arguments converted during string formatting
[2026-01-26T14:46:44.895+0000] {logging_mixin.py:151} INFO -      ⚠️ Erreur ligne 5: not all arguments converted during string formatting
[2026-01-26T14:46:44.897+0000] {logging_mixin.py:151} INFO -      ⚠️ Erreur ligne 6: not all arguments converted during string formatting
[2026-01-26T14:46:44.899+0000] {logging_mixin.py:151} INFO -      ⚠️ Erreur ligne 7: not all arguments converted during string formatting
[2026-01-26T14:46:44.901+0000] {logging_mixin.py:151} INFO -      ⚠️ Erreur ligne 8: not all arguments converted during string formatting
[2026-01-26T14:46:44.904+0000] {logging_mixin.py:151} INFO -      ⚠️ Erreur ligne 9: not all arguments converted during string formatting
[2026-01-26T14:46:44.906+0000] {logging_mixin.py:151} INFO -      ⚠️ Erreur ligne 10: not all arguments converted during string formatting
[2026-01-26T14:46:44.909+0000] {logging_mixin.py:151} INFO -      ⚠️ Erreur ligne 11: not all arguments converted during string formatting
[2026-01-26T14:46:44.914+0000] {logging_mixin.py:151} INFO -      ⚠️ Erreur ligne 12: not all arguments converted during string formatting
[2026-01-26T14:46:44.916+0000] {logging_mixin.py:151} INFO -      ⚠️ Erreur ligne 13: not all arguments converted during string formatting
[2026-01-26T14:46:44.917+0000] {logging_mixin.py:151} INFO -      ⚠️ Erreur ligne 14: not all arguments converted during string formatting
[2026-01-26T14:46:44.918+0000] {logging_mixin.py:151} INFO -      ⚠️ Erreur ligne 15: not all arguments converted during string formatting
[2026-01-26T14:46:44.919+0000] {logging_mixin.py:151} INFO -      ⚠️ Erreur ligne 16: not all arguments converted during string formatting
[2026-01-26T14:46:44.921+0000] {logging_mixin.py:151} INFO -      ⚠️ Erreur ligne 17: not all arguments converted during string formatting
[2026-01-26T14:46:44.922+0000] {logging_mixin.py:151} INFO -      ⚠️ Erreur ligne 18: not all arguments converted during string formatting
[2026-01-26T14:46:44.924+0000] {logging_mixin.py:151} INFO -      ⚠️ Erreur ligne 19: not all arguments converted during string formatting
[2026-01-26T14:46:44.926+0000] {logging_mixin.py:151} INFO -      ⚠️ Erreur ligne 20: not all arguments converted during string formatting
[2026-01-26T14:46:44.927+0000] {logging_mixin.py:151} INFO -      ⚠️ Erreur ligne 21: not all arguments converted during string formatting
[2026-01-26T14:46:44.929+0000] {logging_mixin.py:151} INFO -      ⚠️ Erreur ligne 22: not all arguments converted during string formatting
[2026-01-26T14:46:44.930+0000] {logging_mixin.py:151} INFO -      ⚠️ Erreur ligne 23: not all arguments converted during string formatting
[2026-01-26T14:46:44.932+0000] {logging_mixin.py:151} INFO -      ⚠️ Erreur ligne 24: not all arguments converted during string formatting
[2026-01-26T14:46:44.933+0000] {logging_mixin.py:151} INFO -      ⚠️ Erreur ligne 25: not all arguments converted during string formatting
[2026-01-26T14:46:44.934+0000] {logging_mixin.py:151} INFO -      ⚠️ Erreur ligne 26: not all arguments converted during string formatting
[2026-01-26T14:46:44.935+0000] {logging_mixin.py:151} INFO -      ⚠️ Erreur ligne 27: not all arguments converted during string formatting
[2026-01-26T14:46:44.936+0000] {logging_mixin.py:151} INFO -      ⚠️ Erreur ligne 28: not all arguments converted during string formatting
[2026-01-26T14:46:44.937+0000] {logging_mixin.py:151} INFO -      ⚠️ Erreur ligne 29: not all arguments converted during string formatting
[2026-01-26T14:46:44.938+0000] {logging_mixin.py:151} INFO -      ⚠️ Erreur ligne 30: not all arguments converted during string formatting
[2026-01-26T14:46:44.940+0000] {logging_mixin.py:151} INFO -      ⚠️ Erreur ligne 31: not all arguments converted during string formatting
[2026-01-26T14:46:44.941+0000] {logging_mixin.py:151} INFO -      ⚠️ Erreur ligne 32: not all arguments converted during string formatting
[2026-01-26T14:46:44.942+0000] {logging_mixin.py:151} INFO -      ⚠️ Erreur ligne 33: not all arguments converted during string formatting
[2026-01-26T14:46:44.943+0000] {logging_mixin.py:151} INFO -      ⚠️ Erreur ligne 34: not all arguments converted during string formatting
[2026-01-26T14:46:44.944+0000] {logging_mixin.py:151} INFO -      ⚠️ Erreur ligne 35: not all arguments converted during string formatting
[2026-01-26T14:46:44.944+0000] {logging_mixin.py:151} INFO -      ⚠️ Erreur ligne 36: not all arguments converted during string formatting
[2026-01-26T14:46:44.945+0000] {logging_mixin.py:151} INFO -      ⚠️ Erreur ligne 37: not all arguments converted during string formatting
[2026-01-26T14:46:44.946+0000] {logging_mixin.py:151} INFO -      ⚠️ Erreur ligne 38: not all arguments converted during string formatting
[2026-01-26T14:46:44.947+0000] {logging_mixin.py:151} INFO -      ⚠️ Erreur ligne 39: not all arguments converted during string formatting
[2026-01-26T14:46:44.948+0000] {logging_mixin.py:151} INFO -      ⚠️ Erreur ligne 40: not all arguments converted during string formatting
[2026-01-26T14:46:44.950+0000] {logging_mixin.py:151} INFO -      ⚠️ Erreur ligne 41: not all arguments converted during string formatting
[2026-01-26T14:46:44.950+0000] {logging_mixin.py:151} INFO -      ⚠️ Erreur ligne 42: not all arguments converted during string formatting
[2026-01-26T14:46:44.951+0000] {logging_mixin.py:151} INFO -      ⚠️ Erreur ligne 43: not all arguments converted during string formatting
[2026-01-26T14:46:44.952+0000] {logging_mixin.py:151} INFO -      ⚠️ Erreur ligne 44: not all arguments converted during string formatting
[2026-01-26T14:46:44.953+0000] {logging_mixin.py:151} INFO -      ⚠️ Erreur ligne 45: not all arguments converted during string formatting
[2026-01-26T14:46:44.954+0000] {logging_mixin.py:151} INFO -      ⚠️ Erreur ligne 46: not all arguments converted during string formatting
[2026-01-26T14:46:44.955+0000] {logging_mixin.py:151} INFO -      ⚠️ Erreur ligne 47: not all arguments converted during string formatting
[2026-01-26T14:46:44.956+0000] {logging_mixin.py:151} INFO -      ⚠️ Erreur ligne 48: not all arguments converted during string formatting
[2026-01-26T14:46:44.957+0000] {logging_mixin.py:151} INFO -      ⚠️ Erreur ligne 49: not all arguments converted during string formatting
[2026-01-26T14:46:44.958+0000] {logging_mixin.py:151} INFO -      ⚠️ Erreur ligne 50: not all arguments converted during string formatting
[2026-01-26T14:46:44.959+0000] {logging_mixin.py:151} INFO -      ⚠️ Erreur ligne 51: not all arguments converted during string formatting
[2026-01-26T14:46:44.960+0000] {logging_mixin.py:151} INFO -      ⚠️ Erreur ligne 52: not all arguments converted during string formatting
[2026-01-26T14:46:44.961+0000] {logging_mixin.py:151} INFO -      ⚠️ Erreur ligne 53: not all arguments converted during string formatting
[2026-01-26T14:46:44.962+0000] {logging_mixin.py:151} INFO -      ⚠️ Erreur ligne 54: not all arguments converted during string formatting
[2026-01-26T14:46:44.963+0000] {logging_mixin.py:151} INFO -      ⚠️ Erreur ligne 55: not all arguments converted during string formatting
[2026-01-26T14:46:44.963+0000] {logging_mixin.py:151} INFO -      ⚠️ Erreur ligne 56: not all arguments converted during string formatting
[2026-01-26T14:46:44.964+0000] {logging_mixin.py:151} INFO -      ⚠️ Erreur ligne 57: not all arguments converted during string formatting
[2026-01-26T14:46:44.965+0000] {logging_mixin.py:151} INFO -      ⚠️ Erreur ligne 58: not all arguments converted during string formatting
[2026-01-26T14:46:44.966+0000] {logging_mixin.py:151} INFO -      ⚠️ Erreur ligne 59: not all arguments converted during string formatting
[2026-01-26T14:46:44.967+0000] {logging_mixin.py:151} INFO -      ⚠️ Erreur ligne 60: not all arguments converted during string formatting
[2026-01-26T14:46:44.968+0000] {logging_mixin.py:151} INFO -      ⚠️ Erreur ligne 61: not all arguments converted during string formatting
[2026-01-26T14:46:44.969+0000] {logging_mixin.py:151} INFO -      ⚠️ Erreur ligne 62: not all arguments converted during string formatting
[2026-01-26T14:46:44.969+0000] {logging_mixin.py:151} INFO -      ⚠️ Erreur ligne 63: not all arguments converted during string formatting
[2026-01-26T14:46:44.970+0000] {logging_mixin.py:151} INFO -      ⚠️ Erreur ligne 64: not all arguments converted during string formatting
[2026-01-26T14:46:44.971+0000] {logging_mixin.py:151} INFO -      ⚠️ Erreur ligne 65: not all arguments converted during string formatting
[2026-01-26T14:46:44.972+0000] {logging_mixin.py:151} INFO -      ⚠️ Erreur ligne 66: not all arguments converted during string formatting
[2026-01-26T14:46:44.973+0000] {logging_mixin.py:151} INFO -      ⚠️ Erreur ligne 67: not all arguments converted during string formatting
[2026-01-26T14:46:44.974+0000] {logging_mixin.py:151} INFO -      ⚠️ Erreur ligne 68: not all arguments converted during string formatting
[2026-01-26T14:46:44.975+0000] {logging_mixin.py:151} INFO -      ⚠️ Erreur ligne 69: not all arguments converted during string formatting
[2026-01-26T14:46:44.976+0000] {logging_mixin.py:151} INFO -      ⚠️ Erreur ligne 70: not all arguments converted during string formatting
[2026-01-26T14:46:44.977+0000] {logging_mixin.py:151} INFO -      ⚠️ Erreur ligne 71: not all arguments converted during string formatting
[2026-01-26T14:46:44.978+0000] {logging_mixin.py:151} INFO -      ⚠️ Erreur ligne 72: not all arguments converted during string formatting
[2026-01-26T14:46:44.979+0000] {logging_mixin.py:151} INFO -      ⚠️ Erreur ligne 73: not all arguments converted during string formatting
[2026-01-26T14:46:44.980+0000] {logging_mixin.py:151} INFO -      ⚠️ Erreur ligne 74: not all arguments converted during string formatting
[2026-01-26T14:46:44.981+0000] {logging_mixin.py:151} INFO -      ⚠️ Erreur ligne 75: not all arguments converted during string formatting
[2026-01-26T14:46:44.982+0000] {logging_mixin.py:151} INFO -      ⚠️ Erreur ligne 76: not all arguments converted during string formatting
[2026-01-26T14:46:44.982+0000] {logging_mixin.py:151} INFO -      ⚠️ Erreur ligne 77: not all arguments converted during string formatting
[2026-01-26T14:46:44.983+0000] {logging_mixin.py:151} INFO -      ⚠️ Erreur ligne 78: not all arguments converted during string formatting
[2026-01-26T14:46:44.984+0000] {logging_mixin.py:151} INFO -      ⚠️ Erreur ligne 79: not all arguments converted during string formatting
[2026-01-26T14:46:44.986+0000] {logging_mixin.py:151} INFO -      ⚠️ Erreur ligne 80: not all arguments converted during string formatting
[2026-01-26T14:46:44.987+0000] {logging_mixin.py:151} INFO -      ⚠️ Erreur ligne 81: not all arguments converted during string formatting
[2026-01-26T14:46:44.988+0000] {logging_mixin.py:151} INFO -      ⚠️ Erreur ligne 82: not all arguments converted during string formatting
[2026-01-26T14:46:44.989+0000] {logging_mixin.py:151} INFO -      ⚠️ Erreur ligne 83: not all arguments converted during string formatting
[2026-01-26T14:46:44.990+0000] {logging_mixin.py:151} INFO -      ⚠️ Erreur ligne 84: not all arguments converted during string formatting
[2026-01-26T14:46:44.991+0000] {logging_mixin.py:151} INFO -      ⚠️ Erreur ligne 85: not all arguments converted during string formatting
[2026-01-26T14:46:44.992+0000] {logging_mixin.py:151} INFO -      ⚠️ Erreur ligne 86: not all arguments converted during string formatting
[2026-01-26T14:46:44.993+0000] {logging_mixin.py:151} INFO -      ⚠️ Erreur ligne 87: not all arguments converted during string formatting
[2026-01-26T14:46:44.994+0000] {logging_mixin.py:151} INFO -      ⚠️ Erreur ligne 88: not all arguments converted during string formatting
[2026-01-26T14:46:44.995+0000] {logging_mixin.py:151} INFO -      ⚠️ Erreur ligne 89: not all arguments converted during string formatting
[2026-01-26T14:46:44.996+0000] {logging_mixin.py:151} INFO -      ⚠️ Erreur ligne 90: not all arguments converted during string formatting
[2026-01-26T14:46:44.997+0000] {logging_mixin.py:151} INFO -      ⚠️ Erreur ligne 91: not all arguments converted during string formatting
[2026-01-26T14:46:44.998+0000] {logging_mixin.py:151} INFO -      ⚠️ Erreur ligne 92: not all arguments converted during string formatting
[2026-01-26T14:46:45.000+0000] {logging_mixin.py:151} INFO -      ⚠️ Erreur ligne 93: not all arguments converted during string formatting
[2026-01-26T14:46:45.001+0000] {logging_mixin.py:151} INFO -      ⚠️ Erreur ligne 94: not all arguments converted during string formatting
[2026-01-26T14:46:45.002+0000] {logging_mixin.py:151} INFO -      ⚠️ Erreur ligne 95: not all arguments converted during string formatting
[2026-01-26T14:46:45.003+0000] {logging_mixin.py:151} INFO -      ⚠️ Erreur ligne 96: not all arguments converted during string formatting
[2026-01-26T14:46:45.004+0000] {logging_mixin.py:151} INFO -      ⚠️ Erreur ligne 97: not all arguments converted during string formatting
[2026-01-26T14:46:45.005+0000] {logging_mixin.py:151} INFO -      ⚠️ Erreur ligne 98: not all arguments converted during string formatting
[2026-01-26T14:46:45.006+0000] {logging_mixin.py:151} INFO -      ⚠️ Erreur ligne 99: not all arguments converted during string formatting
[2026-01-26T14:46:45.007+0000] {logging_mixin.py:151} INFO -      ⚠️ Erreur ligne 100: not all arguments converted during string formatting
[2026-01-26T14:46:45.008+0000] {logging_mixin.py:151} INFO -      ⚠️ Erreur ligne 101: not all arguments converted during string formatting
[2026-01-26T14:46:45.008+0000] {logging_mixin.py:151} INFO -      ⚠️ Erreur ligne 102: not all arguments converted during string formatting
[2026-01-26T14:46:45.009+0000] {logging_mixin.py:151} INFO -      ⚠️ Erreur ligne 103: not all arguments converted during string formatting
[2026-01-26T14:46:45.010+0000] {logging_mixin.py:151} INFO -      ⚠️ Erreur ligne 104: not all arguments converted during string formatting
[2026-01-26T14:46:45.011+0000] {logging_mixin.py:151} INFO -      ⚠️ Erreur ligne 105: not all arguments converted during string formatting
[2026-01-26T14:46:45.012+0000] {logging_mixin.py:151} INFO -      ⚠️ Erreur ligne 106: not all arguments converted during string formatting
[2026-01-26T14:46:45.013+0000] {logging_mixin.py:151} INFO -      ⚠️ Erreur ligne 107: not all arguments converted during string formatting
[2026-01-26T14:46:45.014+0000] {logging_mixin.py:151} INFO -      ⚠️ Erreur ligne 108: not all arguments converted during string formatting
[2026-01-26T14:46:45.015+0000] {logging_mixin.py:151} INFO -      ⚠️ Erreur ligne 109: not all arguments converted during string formatting
[2026-01-26T14:46:45.016+0000] {logging_mixin.py:151} INFO -      ⚠️ Erreur ligne 110: not all arguments converted during string formatting
[2026-01-26T14:46:45.018+0000] {logging_mixin.py:151} INFO -      ⚠️ Erreur ligne 111: not all arguments converted during string formatting
[2026-01-26T14:46:45.019+0000] {logging_mixin.py:151} INFO -      ⚠️ Erreur ligne 112: not all arguments converted during string formatting
[2026-01-26T14:46:45.020+0000] {logging_mixin.py:151} INFO -      ⚠️ Erreur ligne 113: not all arguments converted during string formatting
[2026-01-26T14:46:45.021+0000] {logging_mixin.py:151} INFO -      ⚠️ Erreur ligne 114: not all arguments converted during string formatting
[2026-01-26T14:46:45.022+0000] {logging_mixin.py:151} INFO -      ⚠️ Erreur ligne 115: not all arguments converted during string formatting
[2026-01-26T14:46:45.023+0000] {logging_mixin.py:151} INFO -      ⚠️ Erreur ligne 116: not all arguments converted during string formatting
[2026-01-26T14:46:45.024+0000] {logging_mixin.py:151} INFO -      ⚠️ Erreur ligne 117: not all arguments converted during string formatting
[2026-01-26T14:46:45.024+0000] {logging_mixin.py:151} INFO -      ⚠️ Erreur ligne 118: not all arguments converted during string formatting
[2026-01-26T14:46:45.025+0000] {logging_mixin.py:151} INFO -      ⚠️ Erreur ligne 119: not all arguments converted during string formatting
[2026-01-26T14:46:45.026+0000] {logging_mixin.py:151} INFO -      ⚠️ Erreur ligne 120: not all arguments converted during string formatting
[2026-01-26T14:46:45.028+0000] {logging_mixin.py:151} INFO -      ⚠️ Erreur ligne 121: not all arguments converted during string formatting
[2026-01-26T14:46:45.029+0000] {logging_mixin.py:151} INFO -      ⚠️ Erreur ligne 122: not all arguments converted during string formatting
[2026-01-26T14:46:45.030+0000] {logging_mixin.py:151} INFO -      ⚠️ Erreur ligne 123: not all arguments converted during string formatting
[2026-01-26T14:46:45.030+0000] {logging_mixin.py:151} INFO -      ⚠️ Erreur ligne 124: not all arguments converted during string formatting
[2026-01-26T14:46:45.031+0000] {logging_mixin.py:151} INFO -      ⚠️ Erreur ligne 125: not all arguments converted during string formatting
[2026-01-26T14:46:45.032+0000] {logging_mixin.py:151} INFO -      ⚠️ Erreur ligne 126: not all arguments converted during string formatting
[2026-01-26T14:46:45.033+0000] {logging_mixin.py:151} INFO -      ⚠️ Erreur ligne 127: not all arguments converted during string formatting
[2026-01-26T14:46:45.034+0000] {logging_mixin.py:151} INFO -      ⚠️ Erreur ligne 128: not all arguments converted during string formatting
[2026-01-26T14:46:45.035+0000] {logging_mixin.py:151} INFO -      ⚠️ Erreur ligne 129: not all arguments converted during string formatting
[2026-01-26T14:46:45.036+0000] {logging_mixin.py:151} INFO -      ⚠️ Erreur ligne 130: not all arguments converted during string formatting
[2026-01-26T14:46:45.036+0000] {logging_mixin.py:151} INFO -      ⚠️ Erreur ligne 131: not all arguments converted during string formatting
[2026-01-26T14:46:45.037+0000] {logging_mixin.py:151} INFO -      ⚠️ Erreur ligne 132: not all arguments converted during string formatting
[2026-01-26T14:46:45.038+0000] {logging_mixin.py:151} INFO -      ⚠️ Erreur ligne 133: not all arguments converted during string formatting
[2026-01-26T14:46:45.039+0000] {logging_mixin.py:151} INFO -      ⚠️ Erreur ligne 134: not all arguments converted during string formatting
[2026-01-26T14:46:45.040+0000] {logging_mixin.py:151} INFO -      ⚠️ Erreur ligne 135: not all arguments converted during string formatting
[2026-01-26T14:46:45.041+0000] {logging_mixin.py:151} INFO -      ⚠️ Erreur ligne 136: not all arguments converted during string formatting
[2026-01-26T14:46:45.043+0000] {logging_mixin.py:151} INFO -      ⚠️ Erreur ligne 137: not all arguments converted during string formatting
[2026-01-26T14:46:45.044+0000] {logging_mixin.py:151} INFO -      ⚠️ Erreur ligne 138: not all arguments converted during string formatting
[2026-01-26T14:46:45.045+0000] {logging_mixin.py:151} INFO -      ⚠️ Erreur ligne 139: not all arguments converted during string formatting
[2026-01-26T14:46:45.046+0000] {logging_mixin.py:151} INFO -      ⚠️ Erreur ligne 140: not all arguments converted during string formatting
[2026-01-26T14:46:45.047+0000] {logging_mixin.py:151} INFO -      ⚠️ Erreur ligne 141: not all arguments converted during string formatting
[2026-01-26T14:46:45.048+0000] {logging_mixin.py:151} INFO -      ⚠️ Erreur ligne 142: not all arguments converted during string formatting
[2026-01-26T14:46:45.049+0000] {logging_mixin.py:151} INFO -      ⚠️ Erreur ligne 143: not all arguments converted during string formatting
[2026-01-26T14:46:45.050+0000] {logging_mixin.py:151} INFO -      ⚠️ Erreur ligne 144: not all arguments converted during string formatting
[2026-01-26T14:46:45.051+0000] {logging_mixin.py:151} INFO -      ⚠️ Erreur ligne 145: not all arguments converted during string formatting
[2026-01-26T14:46:45.052+0000] {logging_mixin.py:151} INFO -      ⚠️ Erreur ligne 146: not all arguments converted during string formatting
[2026-01-26T14:46:45.053+0000] {logging_mixin.py:151} INFO -      ⚠️ Erreur ligne 147: not all arguments converted during string formatting
[2026-01-26T14:46:45.054+0000] {logging_mixin.py:151} INFO -      ⚠️ Erreur ligne 148: not all arguments converted during string formatting
[2026-01-26T14:46:45.055+0000] {logging_mixin.py:151} INFO -      ⚠️ Erreur ligne 149: not all arguments converted during string formatting
[2026-01-26T14:46:45.056+0000] {logging_mixin.py:151} INFO -      ⚠️ Erreur ligne 150: not all arguments converted during string formatting
[2026-01-26T14:46:45.057+0000] {logging_mixin.py:151} INFO -      ⚠️ Erreur ligne 151: not all arguments converted during string formatting
[2026-01-26T14:46:45.058+0000] {logging_mixin.py:151} INFO -      ⚠️ Erreur ligne 152: not all arguments converted during string formatting
[2026-01-26T14:46:45.059+0000] {logging_mixin.py:151} INFO -      ⚠️ Erreur ligne 153: not all arguments converted during string formatting
[2026-01-26T14:46:45.060+0000] {logging_mixin.py:151} INFO -      ⚠️ Erreur ligne 154: not all arguments converted during string formatting
[2026-01-26T14:46:45.061+0000] {logging_mixin.py:151} INFO -      ⚠️ Erreur ligne 155: not all arguments converted during string formatting
[2026-01-26T14:46:45.061+0000] {logging_mixin.py:151} INFO -      ⚠️ Erreur ligne 156: not all arguments converted during string formatting
[2026-01-26T14:46:45.062+0000] {logging_mixin.py:151} INFO -      ⚠️ Erreur ligne 157: not all arguments converted during string formatting
[2026-01-26T14:46:45.063+0000] {logging_mixin.py:151} INFO -      ⚠️ Erreur ligne 158: not all arguments converted during string formatting
[2026-01-26T14:46:45.064+0000] {logging_mixin.py:151} INFO -      ⚠️ Erreur ligne 159: not all arguments converted during string formatting
[2026-01-26T14:46:45.065+0000] {logging_mixin.py:151} INFO -      ⚠️ Erreur ligne 160: not all arguments converted during string formatting
[2026-01-26T14:46:45.066+0000] {logging_mixin.py:151} INFO -      ⚠️ Erreur ligne 161: not all arguments converted during string formatting
[2026-01-26T14:46:45.067+0000] {logging_mixin.py:151} INFO -      ⚠️ Erreur ligne 162: not all arguments converted during string formatting
[2026-01-26T14:46:45.068+0000] {logging_mixin.py:151} INFO -      ⚠️ Erreur ligne 163: not all arguments converted during string formatting
[2026-01-26T14:46:45.069+0000] {logging_mixin.py:151} INFO -      ⚠️ Erreur ligne 164: not all arguments converted during string formatting
[2026-01-26T14:46:45.070+0000] {logging_mixin.py:151} INFO -      ⚠️ Erreur ligne 165: not all arguments converted during string formatting
[2026-01-26T14:46:45.071+0000] {logging_mixin.py:151} INFO -      ⚠️ Erreur ligne 166: not all arguments converted during string formatting
[2026-01-26T14:46:45.072+0000] {logging_mixin.py:151} INFO -      ⚠️ Erreur ligne 167: not all arguments converted during string formatting
[2026-01-26T14:46:45.073+0000] {logging_mixin.py:151} INFO -      ⚠️ Erreur ligne 168: not all arguments converted during string formatting
[2026-01-26T14:46:45.074+0000] {logging_mixin.py:151} INFO -      ⚠️ Erreur ligne 169: not all arguments converted during string formatting
[2026-01-26T14:46:45.075+0000] {logging_mixin.py:151} INFO -      ⚠️ Erreur ligne 170: not all arguments converted during string formatting
[2026-01-26T14:46:45.076+0000] {logging_mixin.py:151} INFO -      ⚠️ Erreur ligne 171: not all arguments converted during string formatting
[2026-01-26T14:46:45.077+0000] {logging_mixin.py:151} INFO -      ⚠️ Erreur ligne 172: not all arguments converted during string formatting
[2026-01-26T14:46:45.079+0000] {logging_mixin.py:151} INFO -      ⚠️ Erreur ligne 173: not all arguments converted during string formatting
[2026-01-26T14:46:45.080+0000] {logging_mixin.py:151} INFO -      ⚠️ Erreur ligne 174: not all arguments converted during string formatting
[2026-01-26T14:46:45.081+0000] {logging_mixin.py:151} INFO -      ⚠️ Erreur ligne 175: not all arguments converted during string formatting
[2026-01-26T14:46:45.082+0000] {logging_mixin.py:151} INFO -      ⚠️ Erreur ligne 176: not all arguments converted during string formatting
[2026-01-26T14:46:45.083+0000] {logging_mixin.py:151} INFO -      ⚠️ Erreur ligne 177: not all arguments converted during string formatting
[2026-01-26T14:46:45.084+0000] {logging_mixin.py:151} INFO -      ⚠️ Erreur ligne 178: not all arguments converted during string formatting
[2026-01-26T14:46:45.085+0000] {logging_mixin.py:151} INFO -      ⚠️ Erreur ligne 179: not all arguments converted during string formatting
[2026-01-26T14:46:45.086+0000] {logging_mixin.py:151} INFO -      ⚠️ Erreur ligne 180: not all arguments converted during string formatting
[2026-01-26T14:46:45.087+0000] {logging_mixin.py:151} INFO -      ⚠️ Erreur ligne 181: not all arguments converted during string formatting
[2026-01-26T14:46:45.088+0000] {logging_mixin.py:151} INFO -      ⚠️ Erreur ligne 182: not all arguments converted during string formatting
[2026-01-26T14:46:45.089+0000] {logging_mixin.py:151} INFO -      ⚠️ Erreur ligne 183: not all arguments converted during string formatting
[2026-01-26T14:46:45.090+0000] {logging_mixin.py:151} INFO -      ⚠️ Erreur ligne 184: not all arguments converted during string formatting
[2026-01-26T14:46:45.090+0000] {logging_mixin.py:151} INFO -      ⚠️ Erreur ligne 185: not all arguments converted during string formatting
[2026-01-26T14:46:45.091+0000] {logging_mixin.py:151} INFO -      ⚠️ Erreur ligne 186: not all arguments converted during string formatting
[2026-01-26T14:46:45.092+0000] {logging_mixin.py:151} INFO -      ⚠️ Erreur ligne 187: not all arguments converted during string formatting
[2026-01-26T14:46:45.093+0000] {logging_mixin.py:151} INFO -      ⚠️ Erreur ligne 188: not all arguments converted during string formatting
[2026-01-26T14:46:45.094+0000] {logging_mixin.py:151} INFO -      ⚠️ Erreur ligne 189: not all arguments converted during string formatting
[2026-01-26T14:46:45.097+0000] {logging_mixin.py:151} INFO -      ⚠️ Erreur ligne 190: not all arguments converted during string formatting
[2026-01-26T14:46:45.099+0000] {logging_mixin.py:151} INFO -      ⚠️ Erreur ligne 191: not all arguments converted during string formatting
[2026-01-26T14:46:45.101+0000] {logging_mixin.py:151} INFO -      ⚠️ Erreur ligne 192: not all arguments converted during string formatting
[2026-01-26T14:46:45.102+0000] {logging_mixin.py:151} INFO -      ⚠️ Erreur ligne 193: not all arguments converted during string formatting
[2026-01-26T14:46:45.103+0000] {logging_mixin.py:151} INFO -      ⚠️ Erreur ligne 194: not all arguments converted during string formatting
[2026-01-26T14:46:45.105+0000] {logging_mixin.py:151} INFO -      ⚠️ Erreur ligne 195: not all arguments converted during string formatting
[2026-01-26T14:46:45.106+0000] {logging_mixin.py:151} INFO -      ⚠️ Erreur ligne 196: not all arguments converted during string formatting
[2026-01-26T14:46:45.109+0000] {logging_mixin.py:151} INFO -      ⚠️ Erreur ligne 197: not all arguments converted during string formatting
[2026-01-26T14:46:45.111+0000] {logging_mixin.py:151} INFO -      ⚠️ Erreur ligne 198: not all arguments converted during string formatting
[2026-01-26T14:46:45.114+0000] {logging_mixin.py:151} INFO -      ⚠️ Erreur ligne 199: not all arguments converted during string formatting
[2026-01-26T14:46:45.117+0000] {logging_mixin.py:151} INFO -      ⚠️ Erreur ligne 200: not all arguments converted during string formatting
[2026-01-26T14:46:45.120+0000] {logging_mixin.py:151} INFO -      ⚠️ Erreur ligne 201: not all arguments converted during string formatting
[2026-01-26T14:46:45.123+0000] {logging_mixin.py:151} INFO -      ⚠️ Erreur ligne 202: not all arguments converted during string formatting
[2026-01-26T14:46:45.125+0000] {logging_mixin.py:151} INFO -      ⚠️ Erreur ligne 203: not all arguments converted during string formatting
[2026-01-26T14:46:45.127+0000] {logging_mixin.py:151} INFO -      ⚠️ Erreur ligne 204: not all arguments converted during string formatting
[2026-01-26T14:46:45.129+0000] {logging_mixin.py:151} INFO -      ⚠️ Erreur ligne 205: not all arguments converted during string formatting
[2026-01-26T14:46:45.130+0000] {logging_mixin.py:151} INFO -      ⚠️ Erreur ligne 206: not all arguments converted during string formatting
[2026-01-26T14:46:45.132+0000] {logging_mixin.py:151} INFO -      ⚠️ Erreur ligne 207: not all arguments converted during string formatting
[2026-01-26T14:46:45.134+0000] {logging_mixin.py:151} INFO -      ⚠️ Erreur ligne 208: not all arguments converted during string formatting
[2026-01-26T14:46:45.137+0000] {logging_mixin.py:151} INFO -      ⚠️ Erreur ligne 209: not all arguments converted during string formatting
[2026-01-26T14:46:45.139+0000] {logging_mixin.py:151} INFO -      ⚠️ Erreur ligne 210: not all arguments converted during string formatting
[2026-01-26T14:46:45.142+0000] {logging_mixin.py:151} INFO -      ⚠️ Erreur ligne 211: not all arguments converted during string formatting
[2026-01-26T14:46:45.143+0000] {logging_mixin.py:151} INFO -      ⚠️ Erreur ligne 212: not all arguments converted during string formatting
[2026-01-26T14:46:45.144+0000] {logging_mixin.py:151} INFO -      ⚠️ Erreur ligne 213: not all arguments converted during string formatting
[2026-01-26T14:46:45.145+0000] {logging_mixin.py:151} INFO -      ⚠️ Erreur ligne 214: not all arguments converted during string formatting
[2026-01-26T14:46:45.149+0000] {logging_mixin.py:151} INFO -      ⚠️ Erreur ligne 215: not all arguments converted during string formatting
[2026-01-26T14:46:45.151+0000] {logging_mixin.py:151} INFO -      ⚠️ Erreur ligne 216: not all arguments converted during string formatting
[2026-01-26T14:46:45.153+0000] {logging_mixin.py:151} INFO -      ⚠️ Erreur ligne 217: not all arguments converted during string formatting
[2026-01-26T14:46:45.155+0000] {logging_mixin.py:151} INFO -      ⚠️ Erreur ligne 218: not all arguments converted during string formatting
[2026-01-26T14:46:45.157+0000] {logging_mixin.py:151} INFO -      ⚠️ Erreur ligne 219: not all arguments converted during string formatting
[2026-01-26T14:46:45.159+0000] {logging_mixin.py:151} INFO -      ⚠️ Erreur ligne 220: not all arguments converted during string formatting
[2026-01-26T14:46:45.160+0000] {logging_mixin.py:151} INFO -      ⚠️ Erreur ligne 221: not all arguments converted during string formatting
[2026-01-26T14:46:45.161+0000] {logging_mixin.py:151} INFO -      ⚠️ Erreur ligne 222: not all arguments converted during string formatting
[2026-01-26T14:46:45.162+0000] {logging_mixin.py:151} INFO -      ⚠️ Erreur ligne 223: not all arguments converted during string formatting
[2026-01-26T14:46:45.162+0000] {logging_mixin.py:151} INFO -      ⚠️ Erreur ligne 224: not all arguments converted during string formatting
[2026-01-26T14:46:45.163+0000] {logging_mixin.py:151} INFO -      ⚠️ Erreur ligne 225: not all arguments converted during string formatting
[2026-01-26T14:46:45.165+0000] {logging_mixin.py:151} INFO -      ⚠️ Erreur ligne 226: not all arguments converted during string formatting
[2026-01-26T14:46:45.166+0000] {logging_mixin.py:151} INFO -      ⚠️ Erreur ligne 227: not all arguments converted during string formatting
[2026-01-26T14:46:45.168+0000] {logging_mixin.py:151} INFO -      ⚠️ Erreur ligne 228: not all arguments converted during string formatting
[2026-01-26T14:46:45.170+0000] {logging_mixin.py:151} INFO -      ⚠️ Erreur ligne 229: not all arguments converted during string formatting
[2026-01-26T14:46:45.171+0000] {logging_mixin.py:151} INFO -      ⚠️ Erreur ligne 230: not all arguments converted during string formatting
[2026-01-26T14:46:45.172+0000] {logging_mixin.py:151} INFO -      ⚠️ Erreur ligne 231: not all arguments converted during string formatting
[2026-01-26T14:46:45.173+0000] {logging_mixin.py:151} INFO -      ⚠️ Erreur ligne 232: not all arguments converted during string formatting
[2026-01-26T14:46:45.175+0000] {logging_mixin.py:151} INFO -      ⚠️ Erreur ligne 233: not all arguments converted during string formatting
[2026-01-26T14:46:45.177+0000] {logging_mixin.py:151} INFO -      ⚠️ Erreur ligne 234: not all arguments converted during string formatting
[2026-01-26T14:46:45.178+0000] {logging_mixin.py:151} INFO -      ⚠️ Erreur ligne 235: not all arguments converted during string formatting
[2026-01-26T14:46:45.179+0000] {logging_mixin.py:151} INFO -      ⚠️ Erreur ligne 236: not all arguments converted during string formatting
[2026-01-26T14:46:45.180+0000] {logging_mixin.py:151} INFO -      ⚠️ Erreur ligne 237: not all arguments converted during string formatting
[2026-01-26T14:46:45.181+0000] {logging_mixin.py:151} INFO -      ⚠️ Erreur ligne 238: not all arguments converted during string formatting
[2026-01-26T14:46:45.181+0000] {logging_mixin.py:151} INFO -      ⚠️ Erreur ligne 239: not all arguments converted during string formatting
[2026-01-26T14:46:45.182+0000] {logging_mixin.py:151} INFO -      ⚠️ Erreur ligne 240: not all arguments converted during string formatting
[2026-01-26T14:46:45.183+0000] {logging_mixin.py:151} INFO -      ⚠️ Erreur ligne 241: not all arguments converted during string formatting
[2026-01-26T14:46:45.184+0000] {logging_mixin.py:151} INFO -      ⚠️ Erreur ligne 242: not all arguments converted during string formatting
[2026-01-26T14:46:45.185+0000] {logging_mixin.py:151} INFO -      ⚠️ Erreur ligne 243: not all arguments converted during string formatting
[2026-01-26T14:46:45.186+0000] {logging_mixin.py:151} INFO -      ⚠️ Erreur ligne 244: not all arguments converted during string formatting
[2026-01-26T14:46:45.187+0000] {logging_mixin.py:151} INFO -      ⚠️ Erreur ligne 245: not all arguments converted during string formatting
[2026-01-26T14:46:45.188+0000] {logging_mixin.py:151} INFO -      ⚠️ Erreur ligne 246: not all arguments converted during string formatting
[2026-01-26T14:46:45.188+0000] {logging_mixin.py:151} INFO -      ⚠️ Erreur ligne 247: not all arguments converted during string formatting
[2026-01-26T14:46:45.189+0000] {logging_mixin.py:151} INFO -      ⚠️ Erreur ligne 248: not all arguments converted during string formatting
[2026-01-26T14:46:45.191+0000] {logging_mixin.py:151} INFO -      ⚠️ Erreur ligne 249: not all arguments converted during string formatting
[2026-01-26T14:46:45.192+0000] {logging_mixin.py:151} INFO -      ⚠️ Erreur ligne 250: not all arguments converted during string formatting
[2026-01-26T14:46:45.193+0000] {logging_mixin.py:151} INFO -      ⚠️ Erreur ligne 251: not all arguments converted during string formatting
[2026-01-26T14:46:45.194+0000] {logging_mixin.py:151} INFO -      ⚠️ Erreur ligne 252: not all arguments converted during string formatting
[2026-01-26T14:46:45.195+0000] {logging_mixin.py:151} INFO -      ⚠️ Erreur ligne 253: not all arguments converted during string formatting
[2026-01-26T14:46:45.196+0000] {logging_mixin.py:151} INFO -      ⚠️ Erreur ligne 254: not all arguments converted during string formatting
[2026-01-26T14:46:45.197+0000] {logging_mixin.py:151} INFO -      ⚠️ Erreur ligne 255: not all arguments converted during string formatting
[2026-01-26T14:46:45.198+0000] {logging_mixin.py:151} INFO -      ⚠️ Erreur ligne 256: not all arguments converted during string formatting
[2026-01-26T14:46:45.200+0000] {logging_mixin.py:151} INFO -      ⚠️ Erreur ligne 257: not all arguments converted during string formatting
[2026-01-26T14:46:45.201+0000] {logging_mixin.py:151} INFO -      ⚠️ Erreur ligne 258: not all arguments converted during string formatting
[2026-01-26T14:46:45.202+0000] {logging_mixin.py:151} INFO -      ⚠️ Erreur ligne 259: not all arguments converted during string formatting
[2026-01-26T14:46:45.203+0000] {logging_mixin.py:151} INFO -      ⚠️ Erreur ligne 260: not all arguments converted during string formatting
[2026-01-26T14:46:45.204+0000] {logging_mixin.py:151} INFO -      ⚠️ Erreur ligne 261: not all arguments converted during string formatting
[2026-01-26T14:46:45.205+0000] {logging_mixin.py:151} INFO -      ⚠️ Erreur ligne 262: not all arguments converted during string formatting
[2026-01-26T14:46:45.205+0000] {logging_mixin.py:151} INFO -      ⚠️ Erreur ligne 263: not all arguments converted during string formatting
[2026-01-26T14:46:45.207+0000] {logging_mixin.py:151} INFO -      ⚠️ Erreur ligne 264: not all arguments converted during string formatting
[2026-01-26T14:46:45.207+0000] {logging_mixin.py:151} INFO -      ⚠️ Erreur ligne 265: not all arguments converted during string formatting
[2026-01-26T14:46:45.208+0000] {logging_mixin.py:151} INFO -      ⚠️ Erreur ligne 266: not all arguments converted during string formatting
[2026-01-26T14:46:45.209+0000] {logging_mixin.py:151} INFO -      ⚠️ Erreur ligne 267: not all arguments converted during string formatting
[2026-01-26T14:46:45.210+0000] {logging_mixin.py:151} INFO -      ⚠️ Erreur ligne 268: not all arguments converted during string formatting
[2026-01-26T14:46:45.210+0000] {logging_mixin.py:151} INFO -      ⚠️ Erreur ligne 269: not all arguments converted during string formatting
[2026-01-26T14:46:45.211+0000] {logging_mixin.py:151} INFO -      ⚠️ Erreur ligne 270: not all arguments converted during string formatting
[2026-01-26T14:46:45.212+0000] {logging_mixin.py:151} INFO -      ⚠️ Erreur ligne 271: not all arguments converted during string formatting
[2026-01-26T14:46:45.212+0000] {logging_mixin.py:151} INFO -      ⚠️ Erreur ligne 272: not all arguments converted during string formatting
[2026-01-26T14:46:45.213+0000] {logging_mixin.py:151} INFO -      ⚠️ Erreur ligne 273: not all arguments converted during string formatting
[2026-01-26T14:46:45.215+0000] {logging_mixin.py:151} INFO -      ⚠️ Erreur ligne 274: not all arguments converted during string formatting
[2026-01-26T14:46:45.217+0000] {logging_mixin.py:151} INFO -      ⚠️ Erreur ligne 275: not all arguments converted during string formatting
[2026-01-26T14:46:45.218+0000] {logging_mixin.py:151} INFO -      ⚠️ Erreur ligne 276: not all arguments converted during string formatting
[2026-01-26T14:46:45.219+0000] {logging_mixin.py:151} INFO -      ⚠️ Erreur ligne 277: not all arguments converted during string formatting
[2026-01-26T14:46:45.220+0000] {logging_mixin.py:151} INFO -      ⚠️ Erreur ligne 278: not all arguments converted during string formatting
[2026-01-26T14:46:45.221+0000] {logging_mixin.py:151} INFO -      ⚠️ Erreur ligne 279: not all arguments converted during string formatting
[2026-01-26T14:46:45.222+0000] {logging_mixin.py:151} INFO -      ⚠️ Erreur ligne 280: not all arguments converted during string formatting
[2026-01-26T14:46:45.223+0000] {logging_mixin.py:151} INFO -      ⚠️ Erreur ligne 281: not all arguments converted during string formatting
[2026-01-26T14:46:45.223+0000] {logging_mixin.py:151} INFO -      ⚠️ Erreur ligne 282: not all arguments converted during string formatting
[2026-01-26T14:46:45.224+0000] {logging_mixin.py:151} INFO -      ⚠️ Erreur ligne 283: not all arguments converted during string formatting
[2026-01-26T14:46:45.225+0000] {logging_mixin.py:151} INFO -      ⚠️ Erreur ligne 284: not all arguments converted during string formatting
[2026-01-26T14:46:45.225+0000] {logging_mixin.py:151} INFO -      ⚠️ Erreur ligne 285: not all arguments converted during string formatting
[2026-01-26T14:46:45.226+0000] {logging_mixin.py:151} INFO -      ⚠️ Erreur ligne 286: not all arguments converted during string formatting
[2026-01-26T14:46:45.226+0000] {logging_mixin.py:151} INFO -      ⚠️ Erreur ligne 287: not all arguments converted during string formatting
[2026-01-26T14:46:45.228+0000] {logging_mixin.py:151} INFO -      ⚠️ Erreur ligne 288: not all arguments converted during string formatting
[2026-01-26T14:46:45.228+0000] {logging_mixin.py:151} INFO -      ⚠️ Erreur ligne 289: not all arguments converted during string formatting
[2026-01-26T14:46:45.229+0000] {logging_mixin.py:151} INFO -      ⚠️ Erreur ligne 290: not all arguments converted during string formatting
[2026-01-26T14:46:45.230+0000] {logging_mixin.py:151} INFO -      ⚠️ Erreur ligne 291: not all arguments converted during string formatting
[2026-01-26T14:46:45.231+0000] {logging_mixin.py:151} INFO -      ⚠️ Erreur ligne 292: not all arguments converted during string formatting
[2026-01-26T14:46:45.232+0000] {logging_mixin.py:151} INFO -      ⚠️ Erreur ligne 293: not all arguments converted during string formatting
[2026-01-26T14:46:45.233+0000] {logging_mixin.py:151} INFO -      ⚠️ Erreur ligne 294: not all arguments converted during string formatting
[2026-01-26T14:46:45.234+0000] {logging_mixin.py:151} INFO -      ⚠️ Erreur ligne 295: not all arguments converted during string formatting
[2026-01-26T14:46:45.234+0000] {logging_mixin.py:151} INFO -      ⚠️ Erreur ligne 296: not all arguments converted during string formatting
[2026-01-26T14:46:45.236+0000] {logging_mixin.py:151} INFO -      ⚠️ Erreur ligne 297: not all arguments converted during string formatting
[2026-01-26T14:46:45.237+0000] {logging_mixin.py:151} INFO -      ⚠️ Erreur ligne 298: not all arguments converted during string formatting
[2026-01-26T14:46:45.238+0000] {logging_mixin.py:151} INFO -      ⚠️ Erreur ligne 299: not all arguments converted during string formatting
[2026-01-26T14:46:45.239+0000] {logging_mixin.py:151} INFO -      ⚠️ Erreur ligne 300: not all arguments converted during string formatting
[2026-01-26T14:46:45.240+0000] {logging_mixin.py:151} INFO -      ⚠️ Erreur ligne 301: not all arguments converted during string formatting
[2026-01-26T14:46:45.241+0000] {logging_mixin.py:151} INFO -      ⚠️ Erreur ligne 302: not all arguments converted during string formatting
[2026-01-26T14:46:45.242+0000] {logging_mixin.py:151} INFO -      ⚠️ Erreur ligne 303: not all arguments converted during string formatting
[2026-01-26T14:46:45.243+0000] {logging_mixin.py:151} INFO -      ⚠️ Erreur ligne 304: not all arguments converted during string formatting
[2026-01-26T14:46:45.244+0000] {logging_mixin.py:151} INFO -      ⚠️ Erreur ligne 305: not all arguments converted during string formatting
[2026-01-26T14:46:45.245+0000] {logging_mixin.py:151} INFO -      ⚠️ Erreur ligne 306: not all arguments converted during string formatting
[2026-01-26T14:46:45.247+0000] {logging_mixin.py:151} INFO -      ⚠️ Erreur ligne 307: not all arguments converted during string formatting
[2026-01-26T14:46:45.248+0000] {logging_mixin.py:151} INFO -      ⚠️ Erreur ligne 308: not all arguments converted during string formatting
[2026-01-26T14:46:45.249+0000] {logging_mixin.py:151} INFO -      ⚠️ Erreur ligne 309: not all arguments converted during string formatting
[2026-01-26T14:46:45.250+0000] {logging_mixin.py:151} INFO -      ⚠️ Erreur ligne 310: not all arguments converted during string formatting
[2026-01-26T14:46:45.251+0000] {logging_mixin.py:151} INFO -      ⚠️ Erreur ligne 311: not all arguments converted during string formatting
[2026-01-26T14:46:45.252+0000] {logging_mixin.py:151} INFO -      ⚠️ Erreur ligne 312: not all arguments converted during string formatting
[2026-01-26T14:46:45.253+0000] {logging_mixin.py:151} INFO -      ⚠️ Erreur ligne 313: not all arguments converted during string formatting
[2026-01-26T14:46:45.254+0000] {logging_mixin.py:151} INFO -      ⚠️ Erreur ligne 314: not all arguments converted during string formatting
[2026-01-26T14:46:45.254+0000] {logging_mixin.py:151} INFO -      ⚠️ Erreur ligne 315: not all arguments converted during string formatting
[2026-01-26T14:46:45.255+0000] {logging_mixin.py:151} INFO -      ⚠️ Erreur ligne 316: not all arguments converted during string formatting
[2026-01-26T14:46:45.257+0000] {logging_mixin.py:151} INFO -      ⚠️ Erreur ligne 317: not all arguments converted during string formatting
[2026-01-26T14:46:45.258+0000] {logging_mixin.py:151} INFO -      ⚠️ Erreur ligne 318: not all arguments converted during string formatting
[2026-01-26T14:46:45.259+0000] {logging_mixin.py:151} INFO -      ⚠️ Erreur ligne 319: not all arguments converted during string formatting
[2026-01-26T14:46:45.260+0000] {logging_mixin.py:151} INFO -      ⚠️ Erreur ligne 320: not all arguments converted during string formatting
[2026-01-26T14:46:45.261+0000] {logging_mixin.py:151} INFO -      ⚠️ Erreur ligne 321: not all arguments converted during string formatting
[2026-01-26T14:46:45.262+0000] {logging_mixin.py:151} INFO -      ⚠️ Erreur ligne 322: not all arguments converted during string formatting
[2026-01-26T14:46:45.263+0000] {logging_mixin.py:151} INFO -      ⚠️ Erreur ligne 323: not all arguments converted during string formatting
[2026-01-26T14:46:45.264+0000] {logging_mixin.py:151} INFO -      ⚠️ Erreur ligne 324: not all arguments converted during string formatting
[2026-01-26T14:46:45.265+0000] {logging_mixin.py:151} INFO -      ⚠️ Erreur ligne 325: not all arguments converted during string formatting
[2026-01-26T14:46:45.266+0000] {logging_mixin.py:151} INFO -      ⚠️ Erreur ligne 326: not all arguments converted during string formatting
[2026-01-26T14:46:45.267+0000] {logging_mixin.py:151} INFO -      ⚠️ Erreur ligne 327: not all arguments converted during string formatting
[2026-01-26T14:46:45.267+0000] {logging_mixin.py:151} INFO -      ⚠️ Erreur ligne 328: not all arguments converted during string formatting
[2026-01-26T14:46:45.268+0000] {logging_mixin.py:151} INFO -      ⚠️ Erreur ligne 329: not all arguments converted during string formatting
[2026-01-26T14:46:45.269+0000] {logging_mixin.py:151} INFO -      ⚠️ Erreur ligne 330: not all arguments converted during string formatting
[2026-01-26T14:46:45.270+0000] {logging_mixin.py:151} INFO -      ⚠️ Erreur ligne 331: not all arguments converted during string formatting
[2026-01-26T14:46:45.270+0000] {logging_mixin.py:151} INFO -      ⚠️ Erreur ligne 332: not all arguments converted during string formatting
[2026-01-26T14:46:45.271+0000] {logging_mixin.py:151} INFO -      ⚠️ Erreur ligne 333: not all arguments converted during string formatting
[2026-01-26T14:46:45.272+0000] {logging_mixin.py:151} INFO -      ⚠️ Erreur ligne 334: not all arguments converted during string formatting
[2026-01-26T14:46:45.273+0000] {logging_mixin.py:151} INFO -      ⚠️ Erreur ligne 335: not all arguments converted during string formatting
[2026-01-26T14:46:45.273+0000] {logging_mixin.py:151} INFO -      ⚠️ Erreur ligne 336: not all arguments converted during string formatting
[2026-01-26T14:46:45.274+0000] {logging_mixin.py:151} INFO -      ⚠️ Erreur ligne 337: not all arguments converted during string formatting
[2026-01-26T14:46:45.275+0000] {logging_mixin.py:151} INFO -      ⚠️ Erreur ligne 338: not all arguments converted during string formatting
[2026-01-26T14:46:45.276+0000] {logging_mixin.py:151} INFO -      ⚠️ Erreur ligne 339: not all arguments converted during string formatting
[2026-01-26T14:46:45.277+0000] {logging_mixin.py:151} INFO -      ⚠️ Erreur ligne 340: not all arguments converted during string formatting
[2026-01-26T14:46:45.278+0000] {logging_mixin.py:151} INFO -      ⚠️ Erreur ligne 341: not all arguments converted during string formatting
[2026-01-26T14:46:45.279+0000] {logging_mixin.py:151} INFO -      ⚠️ Erreur ligne 342: not all arguments converted during string formatting
[2026-01-26T14:46:45.280+0000] {logging_mixin.py:151} INFO -      ⚠️ Erreur ligne 343: not all arguments converted during string formatting
[2026-01-26T14:46:45.282+0000] {logging_mixin.py:151} INFO -      ⚠️ Erreur ligne 344: not all arguments converted during string formatting
[2026-01-26T14:46:45.283+0000] {logging_mixin.py:151} INFO -      ⚠️ Erreur ligne 345: not all arguments converted during string formatting
[2026-01-26T14:46:45.284+0000] {logging_mixin.py:151} INFO -      ⚠️ Erreur ligne 346: not all arguments converted during string formatting
[2026-01-26T14:46:45.285+0000] {logging_mixin.py:151} INFO -      ⚠️ Erreur ligne 347: not all arguments converted during string formatting
[2026-01-26T14:46:45.286+0000] {logging_mixin.py:151} INFO -      ⚠️ Erreur ligne 348: not all arguments converted during string formatting
[2026-01-26T14:46:45.286+0000] {logging_mixin.py:151} INFO -      ⚠️ Erreur ligne 349: not all arguments converted during string formatting
[2026-01-26T14:46:45.287+0000] {logging_mixin.py:151} INFO -      ⚠️ Erreur ligne 350: not all arguments converted during string formatting
[2026-01-26T14:46:45.288+0000] {logging_mixin.py:151} INFO -      ⚠️ Erreur ligne 351: not all arguments converted during string formatting
[2026-01-26T14:46:45.289+0000] {logging_mixin.py:151} INFO -      ⚠️ Erreur ligne 352: not all arguments converted during string formatting
[2026-01-26T14:46:45.290+0000] {logging_mixin.py:151} INFO -      ⚠️ Erreur ligne 353: not all arguments converted during string formatting
[2026-01-26T14:46:45.290+0000] {logging_mixin.py:151} INFO -      ⚠️ Erreur ligne 354: not all arguments converted during string formatting
[2026-01-26T14:46:45.291+0000] {logging_mixin.py:151} INFO -      ⚠️ Erreur ligne 355: not all arguments converted during string formatting
[2026-01-26T14:46:45.292+0000] {logging_mixin.py:151} INFO -      ⚠️ Erreur ligne 356: not all arguments converted during string formatting
[2026-01-26T14:46:45.293+0000] {logging_mixin.py:151} INFO -      ⚠️ Erreur ligne 357: not all arguments converted during string formatting
[2026-01-26T14:46:45.294+0000] {logging_mixin.py:151} INFO -      ⚠️ Erreur ligne 358: not all arguments converted during string formatting
[2026-01-26T14:46:45.295+0000] {logging_mixin.py:151} INFO -      ⚠️ Erreur ligne 359: not all arguments converted during string formatting
[2026-01-26T14:46:45.296+0000] {logging_mixin.py:151} INFO -      ⚠️ Erreur ligne 360: not all arguments converted during string formatting
[2026-01-26T14:46:45.297+0000] {logging_mixin.py:151} INFO -      ⚠️ Erreur ligne 361: not all arguments converted during string formatting
[2026-01-26T14:46:45.298+0000] {logging_mixin.py:151} INFO -      ⚠️ Erreur ligne 362: not all arguments converted during string formatting
[2026-01-26T14:46:45.300+0000] {logging_mixin.py:151} INFO -      ⚠️ Erreur ligne 363: not all arguments converted during string formatting
[2026-01-26T14:46:45.301+0000] {logging_mixin.py:151} INFO -      ⚠️ Erreur ligne 364: not all arguments converted during string formatting
[2026-01-26T14:46:45.302+0000] {logging_mixin.py:151} INFO -      ⚠️ Erreur ligne 365: not all arguments converted during string formatting
[2026-01-26T14:46:45.303+0000] {logging_mixin.py:151} INFO -      ⚠️ Erreur ligne 366: not all arguments converted during string formatting
[2026-01-26T14:46:45.304+0000] {logging_mixin.py:151} INFO -      ⚠️ Erreur ligne 367: not all arguments converted during string formatting
[2026-01-26T14:46:45.305+0000] {logging_mixin.py:151} INFO -      ⚠️ Erreur ligne 368: not all arguments converted during string formatting
[2026-01-26T14:46:45.306+0000] {logging_mixin.py:151} INFO -      ⚠️ Erreur ligne 369: not all arguments converted during string formatting
[2026-01-26T14:46:45.307+0000] {logging_mixin.py:151} INFO -      ⚠️ Erreur ligne 370: not all arguments converted during string formatting
[2026-01-26T14:46:45.307+0000] {logging_mixin.py:151} INFO -      ⚠️ Erreur ligne 371: not all arguments converted during string formatting
[2026-01-26T14:46:45.308+0000] {logging_mixin.py:151} INFO -      ⚠️ Erreur ligne 372: not all arguments converted during string formatting
[2026-01-26T14:46:45.309+0000] {logging_mixin.py:151} INFO -      ⚠️ Erreur ligne 373: not all arguments converted during string formatting
[2026-01-26T14:46:45.310+0000] {logging_mixin.py:151} INFO -      ⚠️ Erreur ligne 374: not all arguments converted during string formatting
[2026-01-26T14:46:45.310+0000] {logging_mixin.py:151} INFO -      ⚠️ Erreur ligne 375: not all arguments converted during string formatting
[2026-01-26T14:46:45.311+0000] {logging_mixin.py:151} INFO -      ⚠️ Erreur ligne 376: not all arguments converted during string formatting
[2026-01-26T14:46:45.312+0000] {logging_mixin.py:151} INFO -      ⚠️ Erreur ligne 377: not all arguments converted during string formatting
[2026-01-26T14:46:45.312+0000] {logging_mixin.py:151} INFO -      ⚠️ Erreur ligne 378: not all arguments converted during string formatting
[2026-01-26T14:46:45.313+0000] {logging_mixin.py:151} INFO -      ⚠️ Erreur ligne 379: not all arguments converted during string formatting
[2026-01-26T14:46:45.314+0000] {logging_mixin.py:151} INFO -      ⚠️ Erreur ligne 380: not all arguments converted during string formatting
[2026-01-26T14:46:45.315+0000] {logging_mixin.py:151} INFO -      ⚠️ Erreur ligne 381: not all arguments converted during string formatting
[2026-01-26T14:46:45.316+0000] {logging_mixin.py:151} INFO -      ⚠️ Erreur ligne 382: not all arguments converted during string formatting
[2026-01-26T14:46:45.317+0000] {logging_mixin.py:151} INFO -      ⚠️ Erreur ligne 383: not all arguments converted during string formatting
[2026-01-26T14:46:45.317+0000] {logging_mixin.py:151} INFO -      ⚠️ Erreur ligne 384: not all arguments converted during string formatting
[2026-01-26T14:46:45.319+0000] {logging_mixin.py:151} INFO -      ⚠️ Erreur ligne 385: not all arguments converted during string formatting
[2026-01-26T14:46:45.320+0000] {logging_mixin.py:151} INFO -      ⚠️ Erreur ligne 386: not all arguments converted during string formatting
[2026-01-26T14:46:45.321+0000] {logging_mixin.py:151} INFO -      ⚠️ Erreur ligne 387: not all arguments converted during string formatting
[2026-01-26T14:46:45.322+0000] {logging_mixin.py:151} INFO -      ⚠️ Erreur ligne 388: not all arguments converted during string formatting
[2026-01-26T14:46:45.322+0000] {logging_mixin.py:151} INFO -      ⚠️ Erreur ligne 389: not all arguments converted during string formatting
[2026-01-26T14:46:45.323+0000] {logging_mixin.py:151} INFO -      ⚠️ Erreur ligne 390: not all arguments converted during string formatting
[2026-01-26T14:46:45.324+0000] {logging_mixin.py:151} INFO -      ⚠️ Erreur ligne 391: not all arguments converted during string formatting
[2026-01-26T14:46:45.325+0000] {logging_mixin.py:151} INFO -      ⚠️ Erreur ligne 392: not all arguments converted during string formatting
[2026-01-26T14:46:45.325+0000] {logging_mixin.py:151} INFO -      ⚠️ Erreur ligne 393: not all arguments converted during string formatting
[2026-01-26T14:46:45.326+0000] {logging_mixin.py:151} INFO -      ⚠️ Erreur ligne 394: not all arguments converted during string formatting
[2026-01-26T14:46:45.327+0000] {logging_mixin.py:151} INFO -      ⚠️ Erreur ligne 395: not all arguments converted during string formatting
[2026-01-26T14:46:45.328+0000] {logging_mixin.py:151} INFO -      ⚠️ Erreur ligne 396: not all arguments converted during string formatting
[2026-01-26T14:46:45.329+0000] {logging_mixin.py:151} INFO -      ⚠️ Erreur ligne 397: not all arguments converted during string formatting
[2026-01-26T14:46:45.329+0000] {logging_mixin.py:151} INFO -      ⚠️ Erreur ligne 398: not all arguments converted during string formatting
[2026-01-26T14:46:45.330+0000] {logging_mixin.py:151} INFO -      ⚠️ Erreur ligne 399: not all arguments converted during string formatting
[2026-01-26T14:46:45.331+0000] {logging_mixin.py:151} INFO -      ⚠️ Erreur ligne 400: not all arguments converted during string formatting
[2026-01-26T14:46:45.332+0000] {logging_mixin.py:151} INFO -      ⚠️ Erreur ligne 401: not all arguments converted during string formatting
[2026-01-26T14:46:45.333+0000] {logging_mixin.py:151} INFO -      ⚠️ Erreur ligne 402: not all arguments converted during string formatting
[2026-01-26T14:46:45.334+0000] {logging_mixin.py:151} INFO -      ⚠️ Erreur ligne 403: not all arguments converted during string formatting
[2026-01-26T14:46:45.335+0000] {logging_mixin.py:151} INFO -      ⚠️ Erreur ligne 404: not all arguments converted during string formatting
[2026-01-26T14:46:45.336+0000] {logging_mixin.py:151} INFO -      ⚠️ Erreur ligne 405: not all arguments converted during string formatting
[2026-01-26T14:46:45.337+0000] {logging_mixin.py:151} INFO -      ⚠️ Erreur ligne 406: not all arguments converted during string formatting
[2026-01-26T14:46:45.338+0000] {logging_mixin.py:151} INFO -      ⚠️ Erreur ligne 407: not all arguments converted during string formatting
[2026-01-26T14:46:45.339+0000] {logging_mixin.py:151} INFO -      ⚠️ Erreur ligne 408: not all arguments converted during string formatting
[2026-01-26T14:46:45.340+0000] {logging_mixin.py:151} INFO -      ⚠️ Erreur ligne 409: not all arguments converted during string formatting
[2026-01-26T14:46:45.341+0000] {logging_mixin.py:151} INFO -      ⚠️ Erreur ligne 410: not all arguments converted during string formatting
[2026-01-26T14:46:45.342+0000] {logging_mixin.py:151} INFO -      ⚠️ Erreur ligne 411: not all arguments converted during string formatting
[2026-01-26T14:46:45.343+0000] {logging_mixin.py:151} INFO -      ⚠️ Erreur ligne 412: not all arguments converted during string formatting
[2026-01-26T14:46:45.344+0000] {logging_mixin.py:151} INFO -      ⚠️ Erreur ligne 413: not all arguments converted during string formatting
[2026-01-26T14:46:45.345+0000] {logging_mixin.py:151} INFO -      ⚠️ Erreur ligne 414: not all arguments converted during string formatting
[2026-01-26T14:46:45.346+0000] {logging_mixin.py:151} INFO -      ⚠️ Erreur ligne 415: not all arguments converted during string formatting
[2026-01-26T14:46:45.347+0000] {logging_mixin.py:151} INFO -      ⚠️ Erreur ligne 416: not all arguments converted during string formatting
[2026-01-26T14:46:45.349+0000] {logging_mixin.py:151} INFO -      ⚠️ Erreur ligne 417: not all arguments converted during string formatting
[2026-01-26T14:46:45.350+0000] {logging_mixin.py:151} INFO -      ⚠️ Erreur ligne 418: not all arguments converted during string formatting
[2026-01-26T14:46:45.351+0000] {logging_mixin.py:151} INFO -      ⚠️ Erreur ligne 419: not all arguments converted during string formatting
[2026-01-26T14:46:45.352+0000] {logging_mixin.py:151} INFO -      ⚠️ Erreur ligne 420: not all arguments converted during string formatting
[2026-01-26T14:46:45.353+0000] {logging_mixin.py:151} INFO -      ⚠️ Erreur ligne 421: not all arguments converted during string formatting
[2026-01-26T14:46:45.354+0000] {logging_mixin.py:151} INFO -      ⚠️ Erreur ligne 422: not all arguments converted during string formatting
[2026-01-26T14:46:45.355+0000] {logging_mixin.py:151} INFO -      ⚠️ Erreur ligne 423: not all arguments converted during string formatting
[2026-01-26T14:46:45.356+0000] {logging_mixin.py:151} INFO -      ⚠️ Erreur ligne 424: not all arguments converted during string formatting
[2026-01-26T14:46:45.357+0000] {logging_mixin.py:151} INFO -      ⚠️ Erreur ligne 425: not all arguments converted during string formatting
[2026-01-26T14:46:45.358+0000] {logging_mixin.py:151} INFO -      ⚠️ Erreur ligne 426: not all arguments converted during string formatting
[2026-01-26T14:46:45.359+0000] {logging_mixin.py:151} INFO -      ⚠️ Erreur ligne 427: not all arguments converted during string formatting
[2026-01-26T14:46:45.360+0000] {logging_mixin.py:151} INFO -      ⚠️ Erreur ligne 428: not all arguments converted during string formatting
[2026-01-26T14:46:45.360+0000] {logging_mixin.py:151} INFO -      ⚠️ Erreur ligne 429: not all arguments converted during string formatting
[2026-01-26T14:46:45.361+0000] {logging_mixin.py:151} INFO -      ⚠️ Erreur ligne 430: not all arguments converted during string formatting
[2026-01-26T14:46:45.362+0000] {logging_mixin.py:151} INFO -      ⚠️ Erreur ligne 431: not all arguments converted during string formatting
[2026-01-26T14:46:45.363+0000] {logging_mixin.py:151} INFO -      ⚠️ Erreur ligne 432: not all arguments converted during string formatting
[2026-01-26T14:46:45.364+0000] {logging_mixin.py:151} INFO -      ⚠️ Erreur ligne 433: not all arguments converted during string formatting
[2026-01-26T14:46:45.365+0000] {logging_mixin.py:151} INFO -      ⚠️ Erreur ligne 434: not all arguments converted during string formatting
[2026-01-26T14:46:45.366+0000] {logging_mixin.py:151} INFO -      ⚠️ Erreur ligne 435: not all arguments converted during string formatting
[2026-01-26T14:46:45.367+0000] {logging_mixin.py:151} INFO -      ⚠️ Erreur ligne 436: not all arguments converted during string formatting
[2026-01-26T14:46:45.368+0000] {logging_mixin.py:151} INFO -      ⚠️ Erreur ligne 437: not all arguments converted during string formatting
[2026-01-26T14:46:45.370+0000] {logging_mixin.py:151} INFO -      ⚠️ Erreur ligne 438: not all arguments converted during string formatting
[2026-01-26T14:46:45.371+0000] {logging_mixin.py:151} INFO -      ⚠️ Erreur ligne 439: not all arguments converted during string formatting
[2026-01-26T14:46:45.371+0000] {logging_mixin.py:151} INFO -      ⚠️ Erreur ligne 440: not all arguments converted during string formatting
[2026-01-26T14:46:45.372+0000] {logging_mixin.py:151} INFO -      ⚠️ Erreur ligne 441: not all arguments converted during string formatting
[2026-01-26T14:46:45.373+0000] {logging_mixin.py:151} INFO -      ⚠️ Erreur ligne 442: not all arguments converted during string formatting
[2026-01-26T14:46:45.374+0000] {logging_mixin.py:151} INFO -      ⚠️ Erreur ligne 443: not all arguments converted during string formatting
[2026-01-26T14:46:45.375+0000] {logging_mixin.py:151} INFO -      ⚠️ Erreur ligne 444: not all arguments converted during string formatting
[2026-01-26T14:46:45.376+0000] {logging_mixin.py:151} INFO -      ⚠️ Erreur ligne 445: not all arguments converted during string formatting
[2026-01-26T14:46:45.377+0000] {logging_mixin.py:151} INFO -      ⚠️ Erreur ligne 446: not all arguments converted during string formatting
[2026-01-26T14:46:45.378+0000] {logging_mixin.py:151} INFO -      ⚠️ Erreur ligne 447: not all arguments converted during string formatting
[2026-01-26T14:46:45.379+0000] {logging_mixin.py:151} INFO -      ⚠️ Erreur ligne 448: not all arguments converted during string formatting
[2026-01-26T14:46:45.379+0000] {logging_mixin.py:151} INFO -      ⚠️ Erreur ligne 449: not all arguments converted during string formatting
[2026-01-26T14:46:45.380+0000] {logging_mixin.py:151} INFO -      ⚠️ Erreur ligne 450: not all arguments converted during string formatting
[2026-01-26T14:46:45.381+0000] {logging_mixin.py:151} INFO -      ⚠️ Erreur ligne 451: not all arguments converted during string formatting
[2026-01-26T14:46:45.382+0000] {logging_mixin.py:151} INFO -      ⚠️ Erreur ligne 452: not all arguments converted during string formatting
[2026-01-26T14:46:45.383+0000] {logging_mixin.py:151} INFO -      ⚠️ Erreur ligne 453: not all arguments converted during string formatting
[2026-01-26T14:46:45.384+0000] {logging_mixin.py:151} INFO -      ⚠️ Erreur ligne 454: not all arguments converted during string formatting
[2026-01-26T14:46:45.385+0000] {logging_mixin.py:151} INFO -      ⚠️ Erreur ligne 455: not all arguments converted during string formatting
[2026-01-26T14:46:45.386+0000] {logging_mixin.py:151} INFO -      ⚠️ Erreur ligne 456: not all arguments converted during string formatting
[2026-01-26T14:46:45.387+0000] {logging_mixin.py:151} INFO -      ⚠️ Erreur ligne 457: not all arguments converted during string formatting
[2026-01-26T14:46:45.388+0000] {logging_mixin.py:151} INFO -      ⚠️ Erreur ligne 458: not all arguments converted during string formatting
[2026-01-26T14:46:45.390+0000] {logging_mixin.py:151} INFO -      ⚠️ Erreur ligne 459: not all arguments converted during string formatting
[2026-01-26T14:46:45.391+0000] {logging_mixin.py:151} INFO -      ⚠️ Erreur ligne 460: not all arguments converted during string formatting
[2026-01-26T14:46:45.392+0000] {logging_mixin.py:151} INFO -      ⚠️ Erreur ligne 461: not all arguments converted during string formatting
[2026-01-26T14:46:45.393+0000] {logging_mixin.py:151} INFO -      ⚠️ Erreur ligne 462: not all arguments converted during string formatting
[2026-01-26T14:46:45.393+0000] {logging_mixin.py:151} INFO -      ⚠️ Erreur ligne 463: not all arguments converted during string formatting
[2026-01-26T14:46:45.394+0000] {logging_mixin.py:151} INFO -      ⚠️ Erreur ligne 464: not all arguments converted during string formatting
[2026-01-26T14:46:45.395+0000] {logging_mixin.py:151} INFO -      ⚠️ Erreur ligne 465: not all arguments converted during string formatting
[2026-01-26T14:46:45.396+0000] {logging_mixin.py:151} INFO -      ⚠️ Erreur ligne 466: not all arguments converted during string formatting
[2026-01-26T14:46:45.397+0000] {logging_mixin.py:151} INFO -      ⚠️ Erreur ligne 467: not all arguments converted during string formatting
[2026-01-26T14:46:45.398+0000] {logging_mixin.py:151} INFO -      ⚠️ Erreur ligne 468: not all arguments converted during string formatting
[2026-01-26T14:46:45.398+0000] {logging_mixin.py:151} INFO -      ⚠️ Erreur ligne 469: not all arguments converted during string formatting
[2026-01-26T14:46:45.399+0000] {logging_mixin.py:151} INFO -      ⚠️ Erreur ligne 470: not all arguments converted during string formatting
[2026-01-26T14:46:45.400+0000] {logging_mixin.py:151} INFO -      ⚠️ Erreur ligne 471: not all arguments converted during string formatting
[2026-01-26T14:46:45.401+0000] {logging_mixin.py:151} INFO -      ⚠️ Erreur ligne 472: not all arguments converted during string formatting
[2026-01-26T14:46:45.402+0000] {logging_mixin.py:151} INFO -      ⚠️ Erreur ligne 473: not all arguments converted during string formatting
[2026-01-26T14:46:45.403+0000] {logging_mixin.py:151} INFO -      ⚠️ Erreur ligne 474: not all arguments converted during string formatting
[2026-01-26T14:46:45.404+0000] {logging_mixin.py:151} INFO -      ⚠️ Erreur ligne 475: not all arguments converted during string formatting
[2026-01-26T14:46:45.405+0000] {logging_mixin.py:151} INFO -      ⚠️ Erreur ligne 476: not all arguments converted during string formatting
[2026-01-26T14:46:45.406+0000] {logging_mixin.py:151} INFO -      ⚠️ Erreur ligne 477: not all arguments converted during string formatting
[2026-01-26T14:46:45.407+0000] {logging_mixin.py:151} INFO -      ⚠️ Erreur ligne 478: not all arguments converted during string formatting
[2026-01-26T14:46:45.408+0000] {logging_mixin.py:151} INFO -      ⚠️ Erreur ligne 479: not all arguments converted during string formatting
[2026-01-26T14:46:45.409+0000] {logging_mixin.py:151} INFO -      ⚠️ Erreur ligne 480: not all arguments converted during string formatting
[2026-01-26T14:46:45.410+0000] {logging_mixin.py:151} INFO -      ⚠️ Erreur ligne 481: not all arguments converted during string formatting
[2026-01-26T14:46:45.411+0000] {logging_mixin.py:151} INFO -      ⚠️ Erreur ligne 482: not all arguments converted during string formatting
[2026-01-26T14:46:45.412+0000] {logging_mixin.py:151} INFO -      ⚠️ Erreur ligne 483: not all arguments converted during string formatting
[2026-01-26T14:46:45.413+0000] {logging_mixin.py:151} INFO -      ⚠️ Erreur ligne 484: not all arguments converted during string formatting
[2026-01-26T14:46:45.413+0000] {logging_mixin.py:151} INFO -      ⚠️ Erreur ligne 485: not all arguments converted during string formatting
[2026-01-26T14:46:45.414+0000] {logging_mixin.py:151} INFO -      ⚠️ Erreur ligne 486: not all arguments converted during string formatting
[2026-01-26T14:46:45.415+0000] {logging_mixin.py:151} INFO -      ⚠️ Erreur ligne 487: not all arguments converted during string formatting
[2026-01-26T14:46:45.416+0000] {logging_mixin.py:151} INFO -      ⚠️ Erreur ligne 488: not all arguments converted during string formatting
[2026-01-26T14:46:45.416+0000] {logging_mixin.py:151} INFO -      ⚠️ Erreur ligne 489: not all arguments converted during string formatting
[2026-01-26T14:46:45.417+0000] {logging_mixin.py:151} INFO -      ⚠️ Erreur ligne 490: not all arguments converted during string formatting
[2026-01-26T14:46:45.418+0000] {logging_mixin.py:151} INFO -      ⚠️ Erreur ligne 491: not all arguments converted during string formatting
[2026-01-26T14:46:45.418+0000] {logging_mixin.py:151} INFO -      ⚠️ Erreur ligne 492: not all arguments converted during string formatting
[2026-01-26T14:46:45.419+0000] {logging_mixin.py:151} INFO -      ⚠️ Erreur ligne 493: not all arguments converted during string formatting
[2026-01-26T14:46:45.420+0000] {logging_mixin.py:151} INFO -      ⚠️ Erreur ligne 494: not all arguments converted during string formatting
[2026-01-26T14:46:45.420+0000] {logging_mixin.py:151} INFO -      ⚠️ Erreur ligne 495: not all arguments converted during string formatting
[2026-01-26T14:46:45.422+0000] {logging_mixin.py:151} INFO -      ⚠️ Erreur ligne 496: not all arguments converted during string formatting
[2026-01-26T14:46:45.422+0000] {logging_mixin.py:151} INFO -      ⚠️ Erreur ligne 497: not all arguments converted during string formatting
[2026-01-26T14:46:45.423+0000] {logging_mixin.py:151} INFO -      ⚠️ Erreur ligne 498: not all arguments converted during string formatting
[2026-01-26T14:46:45.424+0000] {logging_mixin.py:151} INFO -      ⚠️ Erreur ligne 499: not all arguments converted during string formatting
[2026-01-26T14:46:45.425+0000] {logging_mixin.py:151} INFO -      ⚠️ Erreur ligne 500: not all arguments converted during string formatting
[2026-01-26T14:46:45.426+0000] {logging_mixin.py:151} INFO -      ⚠️ Erreur ligne 501: not all arguments converted during string formatting
[2026-01-26T14:46:45.427+0000] {logging_mixin.py:151} INFO -      ⚠️ Erreur ligne 502: not all arguments converted during string formatting
[2026-01-26T14:46:45.429+0000] {logging_mixin.py:151} INFO -      ⚠️ Erreur ligne 503: not all arguments converted during string formatting
[2026-01-26T14:46:45.430+0000] {logging_mixin.py:151} INFO -      ⚠️ Erreur ligne 504: not all arguments converted during string formatting
[2026-01-26T14:46:45.433+0000] {logging_mixin.py:151} INFO -      ⚠️ Erreur ligne 505: not all arguments converted during string formatting
[2026-01-26T14:46:45.436+0000] {logging_mixin.py:151} INFO -      ⚠️ Erreur ligne 506: not all arguments converted during string formatting
[2026-01-26T14:46:45.437+0000] {logging_mixin.py:151} INFO -      ⚠️ Erreur ligne 507: not all arguments converted during string formatting
[2026-01-26T14:46:45.438+0000] {logging_mixin.py:151} INFO -      ⚠️ Erreur ligne 508: not all arguments converted during string formatting
[2026-01-26T14:46:45.441+0000] {logging_mixin.py:151} INFO -      ⚠️ Erreur ligne 509: not all arguments converted during string formatting
[2026-01-26T14:46:45.442+0000] {logging_mixin.py:151} INFO -      ⚠️ Erreur ligne 510: not all arguments converted during string formatting
[2026-01-26T14:46:45.443+0000] {logging_mixin.py:151} INFO -      ⚠️ Erreur ligne 511: not all arguments converted during string formatting
[2026-01-26T14:46:45.445+0000] {logging_mixin.py:151} INFO -      ⚠️ Erreur ligne 512: not all arguments converted during string formatting
[2026-01-26T14:46:45.447+0000] {logging_mixin.py:151} INFO -      ⚠️ Erreur ligne 513: not all arguments converted during string formatting
[2026-01-26T14:46:45.449+0000] {logging_mixin.py:151} INFO -      ⚠️ Erreur ligne 514: not all arguments converted during string formatting
[2026-01-26T14:46:45.450+0000] {logging_mixin.py:151} INFO -      ⚠️ Erreur ligne 515: not all arguments converted during string formatting
[2026-01-26T14:46:45.453+0000] {logging_mixin.py:151} INFO -      ⚠️ Erreur ligne 516: not all arguments converted during string formatting
[2026-01-26T14:46:45.453+0000] {logging_mixin.py:151} INFO -      ⚠️ Erreur ligne 517: not all arguments converted during string formatting
[2026-01-26T14:46:45.454+0000] {logging_mixin.py:151} INFO -      ⚠️ Erreur ligne 518: not all arguments converted during string formatting
[2026-01-26T14:46:45.455+0000] {logging_mixin.py:151} INFO -      ⚠️ Erreur ligne 519: not all arguments converted during string formatting
[2026-01-26T14:46:45.456+0000] {logging_mixin.py:151} INFO -      ⚠️ Erreur ligne 520: not all arguments converted during string formatting
[2026-01-26T14:46:45.457+0000] {logging_mixin.py:151} INFO -      ⚠️ Erreur ligne 521: not all arguments converted during string formatting
[2026-01-26T14:46:45.457+0000] {logging_mixin.py:151} INFO -      ⚠️ Erreur ligne 522: not all arguments converted during string formatting
[2026-01-26T14:46:45.458+0000] {logging_mixin.py:151} INFO -      ⚠️ Erreur ligne 523: not all arguments converted during string formatting
[2026-01-26T14:46:45.460+0000] {logging_mixin.py:151} INFO -      ⚠️ Erreur ligne 524: not all arguments converted during string formatting
[2026-01-26T14:46:45.461+0000] {logging_mixin.py:151} INFO -      ⚠️ Erreur ligne 525: not all arguments converted during string formatting
[2026-01-26T14:46:45.463+0000] {logging_mixin.py:151} INFO -      ⚠️ Erreur ligne 526: not all arguments converted during string formatting
[2026-01-26T14:46:45.463+0000] {logging_mixin.py:151} INFO -      ⚠️ Erreur ligne 527: not all arguments converted during string formatting
[2026-01-26T14:46:45.464+0000] {logging_mixin.py:151} INFO -      ⚠️ Erreur ligne 528: not all arguments converted during string formatting
[2026-01-26T14:46:45.467+0000] {logging_mixin.py:151} INFO -      ⚠️ Erreur ligne 529: not all arguments converted during string formatting
[2026-01-26T14:46:45.469+0000] {logging_mixin.py:151} INFO -      ⚠️ Erreur ligne 530: not all arguments converted during string formatting
[2026-01-26T14:46:45.471+0000] {logging_mixin.py:151} INFO -      ⚠️ Erreur ligne 531: not all arguments converted during string formatting
[2026-01-26T14:46:45.472+0000] {logging_mixin.py:151} INFO -      ⚠️ Erreur ligne 532: not all arguments converted during string formatting
[2026-01-26T14:46:45.473+0000] {logging_mixin.py:151} INFO -      ⚠️ Erreur ligne 533: not all arguments converted during string formatting
[2026-01-26T14:46:45.475+0000] {logging_mixin.py:151} INFO -      ⚠️ Erreur ligne 534: not all arguments converted during string formatting
[2026-01-26T14:46:45.476+0000] {logging_mixin.py:151} INFO -      ⚠️ Erreur ligne 535: not all arguments converted during string formatting
[2026-01-26T14:46:45.477+0000] {logging_mixin.py:151} INFO -      ⚠️ Erreur ligne 536: not all arguments converted during string formatting
[2026-01-26T14:46:45.477+0000] {logging_mixin.py:151} INFO -      ⚠️ Erreur ligne 537: not all arguments converted during string formatting
[2026-01-26T14:46:45.478+0000] {logging_mixin.py:151} INFO -      ⚠️ Erreur ligne 538: not all arguments converted during string formatting
[2026-01-26T14:46:45.479+0000] {logging_mixin.py:151} INFO -      ⚠️ Erreur ligne 539: not all arguments converted during string formatting
[2026-01-26T14:46:45.479+0000] {logging_mixin.py:151} INFO -      ⚠️ Erreur ligne 540: not all arguments converted during string formatting
[2026-01-26T14:46:45.480+0000] {logging_mixin.py:151} INFO -      ⚠️ Erreur ligne 541: not all arguments converted during string formatting
[2026-01-26T14:46:45.481+0000] {logging_mixin.py:151} INFO -      ⚠️ Erreur ligne 542: not all arguments converted during string formatting
[2026-01-26T14:46:45.481+0000] {logging_mixin.py:151} INFO -      ⚠️ Erreur ligne 543: not all arguments converted during string formatting
[2026-01-26T14:46:45.482+0000] {logging_mixin.py:151} INFO -      ⚠️ Erreur ligne 544: not all arguments converted during string formatting
[2026-01-26T14:46:45.483+0000] {logging_mixin.py:151} INFO -      ⚠️ Erreur ligne 545: not all arguments converted during string formatting
[2026-01-26T14:46:45.484+0000] {logging_mixin.py:151} INFO -      ⚠️ Erreur ligne 546: not all arguments converted during string formatting
[2026-01-26T14:46:45.484+0000] {logging_mixin.py:151} INFO -      ⚠️ Erreur ligne 547: not all arguments converted during string formatting
[2026-01-26T14:46:45.486+0000] {logging_mixin.py:151} INFO -      ⚠️ Erreur ligne 548: not all arguments converted during string formatting
[2026-01-26T14:46:45.487+0000] {logging_mixin.py:151} INFO -      ⚠️ Erreur ligne 549: not all arguments converted during string formatting
[2026-01-26T14:46:45.488+0000] {logging_mixin.py:151} INFO -      ⚠️ Erreur ligne 550: not all arguments converted during string formatting
[2026-01-26T14:46:45.489+0000] {logging_mixin.py:151} INFO -      ⚠️ Erreur ligne 551: not all arguments converted during string formatting
[2026-01-26T14:46:45.490+0000] {logging_mixin.py:151} INFO -      ⚠️ Erreur ligne 552: not all arguments converted during string formatting
[2026-01-26T14:46:45.491+0000] {logging_mixin.py:151} INFO -      ⚠️ Erreur ligne 553: not all arguments converted during string formatting
[2026-01-26T14:46:45.492+0000] {logging_mixin.py:151} INFO -      ⚠️ Erreur ligne 554: not all arguments converted during string formatting
[2026-01-26T14:46:45.493+0000] {logging_mixin.py:151} INFO -      ⚠️ Erreur ligne 555: not all arguments converted during string formatting
[2026-01-26T14:46:45.494+0000] {logging_mixin.py:151} INFO -      ⚠️ Erreur ligne 556: not all arguments converted during string formatting
[2026-01-26T14:46:45.495+0000] {logging_mixin.py:151} INFO -      ⚠️ Erreur ligne 557: not all arguments converted during string formatting
[2026-01-26T14:46:45.496+0000] {logging_mixin.py:151} INFO -      ⚠️ Erreur ligne 558: not all arguments converted during string formatting
[2026-01-26T14:46:45.497+0000] {logging_mixin.py:151} INFO -      ⚠️ Erreur ligne 559: not all arguments converted during string formatting
[2026-01-26T14:46:45.498+0000] {logging_mixin.py:151} INFO -      ⚠️ Erreur ligne 560: not all arguments converted during string formatting
[2026-01-26T14:46:45.499+0000] {logging_mixin.py:151} INFO -      ⚠️ Erreur ligne 561: not all arguments converted during string formatting
[2026-01-26T14:46:45.500+0000] {logging_mixin.py:151} INFO -      ⚠️ Erreur ligne 562: not all arguments converted during string formatting
[2026-01-26T14:46:45.500+0000] {logging_mixin.py:151} INFO -      ⚠️ Erreur ligne 563: not all arguments converted during string formatting
[2026-01-26T14:46:45.503+0000] {logging_mixin.py:151} INFO -      ⚠️ Erreur ligne 564: not all arguments converted during string formatting
[2026-01-26T14:46:45.505+0000] {logging_mixin.py:151} INFO -      ⚠️ Erreur ligne 565: not all arguments converted during string formatting
[2026-01-26T14:46:45.506+0000] {logging_mixin.py:151} INFO -      ⚠️ Erreur ligne 566: not all arguments converted during string formatting
[2026-01-26T14:46:45.507+0000] {logging_mixin.py:151} INFO -      ⚠️ Erreur ligne 567: not all arguments converted during string formatting
[2026-01-26T14:46:45.508+0000] {logging_mixin.py:151} INFO -      ⚠️ Erreur ligne 568: not all arguments converted during string formatting
[2026-01-26T14:46:45.509+0000] {logging_mixin.py:151} INFO -      ⚠️ Erreur ligne 569: not all arguments converted during string formatting
[2026-01-26T14:46:45.510+0000] {logging_mixin.py:151} INFO -      ⚠️ Erreur ligne 570: not all arguments converted during string formatting
[2026-01-26T14:46:45.510+0000] {logging_mixin.py:151} INFO -      ⚠️ Erreur ligne 571: not all arguments converted during string formatting
[2026-01-26T14:46:45.511+0000] {logging_mixin.py:151} INFO -      ⚠️ Erreur ligne 572: not all arguments converted during string formatting
[2026-01-26T14:46:45.512+0000] {logging_mixin.py:151} INFO -      ⚠️ Erreur ligne 573: not all arguments converted during string formatting
[2026-01-26T14:46:45.513+0000] {logging_mixin.py:151} INFO -      ⚠️ Erreur ligne 574: not all arguments converted during string formatting
[2026-01-26T14:46:45.513+0000] {logging_mixin.py:151} INFO -      ⚠️ Erreur ligne 575: not all arguments converted during string formatting
[2026-01-26T14:46:45.514+0000] {logging_mixin.py:151} INFO -      ⚠️ Erreur ligne 576: not all arguments converted during string formatting
[2026-01-26T14:46:45.515+0000] {logging_mixin.py:151} INFO -      ⚠️ Erreur ligne 577: not all arguments converted during string formatting
[2026-01-26T14:46:45.516+0000] {logging_mixin.py:151} INFO -      ⚠️ Erreur ligne 578: not all arguments converted during string formatting
[2026-01-26T14:46:45.517+0000] {logging_mixin.py:151} INFO -      ⚠️ Erreur ligne 579: not all arguments converted during string formatting
[2026-01-26T14:46:45.518+0000] {logging_mixin.py:151} INFO -      ⚠️ Erreur ligne 580: not all arguments converted during string formatting
[2026-01-26T14:46:45.519+0000] {logging_mixin.py:151} INFO -      ⚠️ Erreur ligne 581: not all arguments converted during string formatting
[2026-01-26T14:46:45.520+0000] {logging_mixin.py:151} INFO -      ⚠️ Erreur ligne 582: not all arguments converted during string formatting
[2026-01-26T14:46:45.521+0000] {logging_mixin.py:151} INFO -      ⚠️ Erreur ligne 583: not all arguments converted during string formatting
[2026-01-26T14:46:45.522+0000] {logging_mixin.py:151} INFO -      ⚠️ Erreur ligne 584: not all arguments converted during string formatting
[2026-01-26T14:46:45.523+0000] {logging_mixin.py:151} INFO -      ⚠️ Erreur ligne 585: not all arguments converted during string formatting
[2026-01-26T14:46:45.524+0000] {logging_mixin.py:151} INFO -      ⚠️ Erreur ligne 586: not all arguments converted during string formatting
[2026-01-26T14:46:45.525+0000] {logging_mixin.py:151} INFO -      ⚠️ Erreur ligne 587: not all arguments converted during string formatting
[2026-01-26T14:46:45.525+0000] {logging_mixin.py:151} INFO -      ⚠️ Erreur ligne 588: not all arguments converted during string formatting
[2026-01-26T14:46:45.529+0000] {logging_mixin.py:151} INFO -      ⚠️ Erreur ligne 589: not all arguments converted during string formatting
[2026-01-26T14:46:45.531+0000] {logging_mixin.py:151} INFO -      ⚠️ Erreur ligne 590: not all arguments converted during string formatting
[2026-01-26T14:46:45.532+0000] {logging_mixin.py:151} INFO -      ⚠️ Erreur ligne 591: not all arguments converted during string formatting
[2026-01-26T14:46:45.534+0000] {logging_mixin.py:151} INFO -      ⚠️ Erreur ligne 592: not all arguments converted during string formatting
[2026-01-26T14:46:45.535+0000] {logging_mixin.py:151} INFO -      ⚠️ Erreur ligne 593: not all arguments converted during string formatting
[2026-01-26T14:46:45.535+0000] {logging_mixin.py:151} INFO -      ⚠️ Erreur ligne 594: not all arguments converted during string formatting
[2026-01-26T14:46:45.536+0000] {logging_mixin.py:151} INFO -      ⚠️ Erreur ligne 595: not all arguments converted during string formatting
[2026-01-26T14:46:45.536+0000] {logging_mixin.py:151} INFO -      ⚠️ Erreur ligne 596: not all arguments converted during string formatting
[2026-01-26T14:46:45.539+0000] {logging_mixin.py:151} INFO -      ⚠️ Erreur ligne 597: not all arguments converted during string formatting
[2026-01-26T14:46:45.540+0000] {logging_mixin.py:151} INFO -      ⚠️ Erreur ligne 598: not all arguments converted during string formatting
[2026-01-26T14:46:45.541+0000] {logging_mixin.py:151} INFO -      ⚠️ Erreur ligne 599: not all arguments converted during string formatting
[2026-01-26T14:46:45.541+0000] {logging_mixin.py:151} INFO -      ⚠️ Erreur ligne 600: not all arguments converted during string formatting
[2026-01-26T14:46:45.542+0000] {logging_mixin.py:151} INFO -      ⚠️ Erreur ligne 601: not all arguments converted during string formatting
[2026-01-26T14:46:45.543+0000] {logging_mixin.py:151} INFO -      ⚠️ Erreur ligne 602: not all arguments converted during string formatting
[2026-01-26T14:46:45.543+0000] {logging_mixin.py:151} INFO -      ⚠️ Erreur ligne 603: not all arguments converted during string formatting
[2026-01-26T14:46:45.544+0000] {logging_mixin.py:151} INFO -      ⚠️ Erreur ligne 604: not all arguments converted during string formatting
[2026-01-26T14:46:45.545+0000] {logging_mixin.py:151} INFO -      ⚠️ Erreur ligne 605: not all arguments converted during string formatting
[2026-01-26T14:46:45.546+0000] {logging_mixin.py:151} INFO -      ⚠️ Erreur ligne 606: not all arguments converted during string formatting
[2026-01-26T14:46:45.546+0000] {logging_mixin.py:151} INFO -      ⚠️ Erreur ligne 607: not all arguments converted during string formatting
[2026-01-26T14:46:45.548+0000] {logging_mixin.py:151} INFO -      ⚠️ Erreur ligne 608: not all arguments converted during string formatting
[2026-01-26T14:46:45.550+0000] {logging_mixin.py:151} INFO -      ⚠️ Erreur ligne 609: not all arguments converted during string formatting
[2026-01-26T14:46:45.551+0000] {logging_mixin.py:151} INFO -      ⚠️ Erreur ligne 610: not all arguments converted during string formatting
[2026-01-26T14:46:45.553+0000] {logging_mixin.py:151} INFO -      ⚠️ Erreur ligne 611: not all arguments converted during string formatting
[2026-01-26T14:46:45.554+0000] {logging_mixin.py:151} INFO -      ⚠️ Erreur ligne 612: not all arguments converted during string formatting
[2026-01-26T14:46:45.555+0000] {logging_mixin.py:151} INFO -      ⚠️ Erreur ligne 613: not all arguments converted during string formatting
[2026-01-26T14:46:45.557+0000] {logging_mixin.py:151} INFO -      ⚠️ Erreur ligne 614: not all arguments converted during string formatting
[2026-01-26T14:46:45.558+0000] {logging_mixin.py:151} INFO -      ⚠️ Erreur ligne 615: not all arguments converted during string formatting
[2026-01-26T14:46:45.559+0000] {logging_mixin.py:151} INFO -      ⚠️ Erreur ligne 616: not all arguments converted during string formatting
[2026-01-26T14:46:45.560+0000] {logging_mixin.py:151} INFO -      ⚠️ Erreur ligne 617: not all arguments converted during string formatting
[2026-01-26T14:46:45.560+0000] {logging_mixin.py:151} INFO -      ⚠️ Erreur ligne 618: not all arguments converted during string formatting
[2026-01-26T14:46:45.561+0000] {logging_mixin.py:151} INFO -      ⚠️ Erreur ligne 619: not all arguments converted during string formatting
[2026-01-26T14:46:45.561+0000] {logging_mixin.py:151} INFO -      ⚠️ Erreur ligne 620: not all arguments converted during string formatting
[2026-01-26T14:46:45.562+0000] {logging_mixin.py:151} INFO -      ⚠️ Erreur ligne 621: not all arguments converted during string formatting
[2026-01-26T14:46:45.562+0000] {logging_mixin.py:151} INFO -      ⚠️ Erreur ligne 622: not all arguments converted during string formatting
[2026-01-26T14:46:45.563+0000] {logging_mixin.py:151} INFO -      ⚠️ Erreur ligne 623: not all arguments converted during string formatting
[2026-01-26T14:46:45.565+0000] {logging_mixin.py:151} INFO -      ⚠️ Erreur ligne 624: not all arguments converted during string formatting
[2026-01-26T14:46:45.565+0000] {logging_mixin.py:151} INFO -      ⚠️ Erreur ligne 625: not all arguments converted during string formatting
[2026-01-26T14:46:45.566+0000] {logging_mixin.py:151} INFO -      ⚠️ Erreur ligne 626: not all arguments converted during string formatting
[2026-01-26T14:46:45.567+0000] {logging_mixin.py:151} INFO -      ⚠️ Erreur ligne 627: not all arguments converted during string formatting
[2026-01-26T14:46:45.567+0000] {logging_mixin.py:151} INFO -      ⚠️ Erreur ligne 628: not all arguments converted during string formatting
[2026-01-26T14:46:45.568+0000] {logging_mixin.py:151} INFO -      ⚠️ Erreur ligne 629: not all arguments converted during string formatting
[2026-01-26T14:46:45.570+0000] {logging_mixin.py:151} INFO -      ⚠️ Erreur ligne 630: not all arguments converted during string formatting
[2026-01-26T14:46:45.570+0000] {logging_mixin.py:151} INFO -      ⚠️ Erreur ligne 631: not all arguments converted during string formatting
[2026-01-26T14:46:45.571+0000] {logging_mixin.py:151} INFO -      ⚠️ Erreur ligne 632: not all arguments converted during string formatting
[2026-01-26T14:46:45.572+0000] {logging_mixin.py:151} INFO -      ⚠️ Erreur ligne 633: not all arguments converted during string formatting
[2026-01-26T14:46:45.573+0000] {logging_mixin.py:151} INFO -      ⚠️ Erreur ligne 634: not all arguments converted during string formatting
[2026-01-26T14:46:45.573+0000] {logging_mixin.py:151} INFO -      ⚠️ Erreur ligne 635: not all arguments converted during string formatting
[2026-01-26T14:46:45.574+0000] {logging_mixin.py:151} INFO -      ⚠️ Erreur ligne 636: not all arguments converted during string formatting
[2026-01-26T14:46:45.574+0000] {logging_mixin.py:151} INFO -      ⚠️ Erreur ligne 637: not all arguments converted during string formatting
[2026-01-26T14:46:45.575+0000] {logging_mixin.py:151} INFO -      ⚠️ Erreur ligne 638: not all arguments converted during string formatting
[2026-01-26T14:46:45.575+0000] {logging_mixin.py:151} INFO -      ⚠️ Erreur ligne 639: not all arguments converted during string formatting
[2026-01-26T14:46:45.576+0000] {logging_mixin.py:151} INFO -      ⚠️ Erreur ligne 640: not all arguments converted during string formatting
[2026-01-26T14:46:45.576+0000] {logging_mixin.py:151} INFO -      ⚠️ Erreur ligne 641: not all arguments converted during string formatting
[2026-01-26T14:46:45.576+0000] {logging_mixin.py:151} INFO -      ⚠️ Erreur ligne 642: not all arguments converted during string formatting
[2026-01-26T14:46:45.577+0000] {logging_mixin.py:151} INFO -      ⚠️ Erreur ligne 643: not all arguments converted during string formatting
[2026-01-26T14:46:45.577+0000] {logging_mixin.py:151} INFO -      ⚠️ Erreur ligne 644: not all arguments converted during string formatting
[2026-01-26T14:46:45.577+0000] {logging_mixin.py:151} INFO -      ⚠️ Erreur ligne 645: not all arguments converted during string formatting
[2026-01-26T14:46:45.578+0000] {logging_mixin.py:151} INFO -      ⚠️ Erreur ligne 646: not all arguments converted during string formatting
[2026-01-26T14:46:45.579+0000] {logging_mixin.py:151} INFO -      ⚠️ Erreur ligne 647: not all arguments converted during string formatting
[2026-01-26T14:46:45.579+0000] {logging_mixin.py:151} INFO -      ⚠️ Erreur ligne 648: not all arguments converted during string formatting
[2026-01-26T14:46:45.580+0000] {logging_mixin.py:151} INFO -      ⚠️ Erreur ligne 649: not all arguments converted during string formatting
[2026-01-26T14:46:45.581+0000] {logging_mixin.py:151} INFO -      ⚠️ Erreur ligne 650: not all arguments converted during string formatting
[2026-01-26T14:46:45.582+0000] {logging_mixin.py:151} INFO -      ⚠️ Erreur ligne 651: not all arguments converted during string formatting
[2026-01-26T14:46:45.583+0000] {logging_mixin.py:151} INFO -      ⚠️ Erreur ligne 652: not all arguments converted during string formatting
[2026-01-26T14:46:45.584+0000] {logging_mixin.py:151} INFO -      ⚠️ Erreur ligne 653: not all arguments converted during string formatting
[2026-01-26T14:46:45.585+0000] {logging_mixin.py:151} INFO -      ⚠️ Erreur ligne 654: not all arguments converted during string formatting
[2026-01-26T14:46:45.585+0000] {logging_mixin.py:151} INFO -      ⚠️ Erreur ligne 655: not all arguments converted during string formatting
[2026-01-26T14:46:45.586+0000] {logging_mixin.py:151} INFO -      ⚠️ Erreur ligne 656: not all arguments converted during string formatting
[2026-01-26T14:46:45.587+0000] {logging_mixin.py:151} INFO -      ⚠️ Erreur ligne 657: not all arguments converted during string formatting
[2026-01-26T14:46:45.587+0000] {logging_mixin.py:151} INFO -      ⚠️ Erreur ligne 658: not all arguments converted during string formatting
[2026-01-26T14:46:45.588+0000] {logging_mixin.py:151} INFO -      ⚠️ Erreur ligne 659: not all arguments converted during string formatting
[2026-01-26T14:46:45.588+0000] {logging_mixin.py:151} INFO -      ⚠️ Erreur ligne 660: not all arguments converted during string formatting
[2026-01-26T14:46:45.589+0000] {logging_mixin.py:151} INFO -      ⚠️ Erreur ligne 661: not all arguments converted during string formatting
[2026-01-26T14:46:45.589+0000] {logging_mixin.py:151} INFO -      ⚠️ Erreur ligne 662: not all arguments converted during string formatting
[2026-01-26T14:46:45.590+0000] {logging_mixin.py:151} INFO -      ⚠️ Erreur ligne 663: not all arguments converted during string formatting
[2026-01-26T14:46:45.590+0000] {logging_mixin.py:151} INFO -      ⚠️ Erreur ligne 664: not all arguments converted during string formatting
[2026-01-26T14:46:45.590+0000] {logging_mixin.py:151} INFO -      ⚠️ Erreur ligne 665: not all arguments converted during string formatting
[2026-01-26T14:46:45.591+0000] {logging_mixin.py:151} INFO -      ⚠️ Erreur ligne 666: not all arguments converted during string formatting
[2026-01-26T14:46:45.591+0000] {logging_mixin.py:151} INFO -      ⚠️ Erreur ligne 667: not all arguments converted during string formatting
[2026-01-26T14:46:45.592+0000] {logging_mixin.py:151} INFO -      ⚠️ Erreur ligne 668: not all arguments converted during string formatting
[2026-01-26T14:46:45.592+0000] {logging_mixin.py:151} INFO -      ⚠️ Erreur ligne 669: not all arguments converted during string formatting
[2026-01-26T14:46:45.593+0000] {logging_mixin.py:151} INFO -      ⚠️ Erreur ligne 670: not all arguments converted during string formatting
[2026-01-26T14:46:45.594+0000] {logging_mixin.py:151} INFO -      ⚠️ Erreur ligne 671: not all arguments converted during string formatting
[2026-01-26T14:46:45.595+0000] {logging_mixin.py:151} INFO -      ⚠️ Erreur ligne 672: not all arguments converted during string formatting
[2026-01-26T14:46:45.596+0000] {logging_mixin.py:151} INFO -      ⚠️ Erreur ligne 673: not all arguments converted during string formatting
[2026-01-26T14:46:45.597+0000] {logging_mixin.py:151} INFO -      ⚠️ Erreur ligne 674: not all arguments converted during string formatting
[2026-01-26T14:46:45.598+0000] {logging_mixin.py:151} INFO -      ⚠️ Erreur ligne 675: not all arguments converted during string formatting
[2026-01-26T14:46:45.599+0000] {logging_mixin.py:151} INFO -      ⚠️ Erreur ligne 676: not all arguments converted during string formatting
[2026-01-26T14:46:45.599+0000] {logging_mixin.py:151} INFO -      ⚠️ Erreur ligne 677: not all arguments converted during string formatting
[2026-01-26T14:46:45.600+0000] {logging_mixin.py:151} INFO -      ⚠️ Erreur ligne 678: not all arguments converted during string formatting
[2026-01-26T14:46:45.601+0000] {logging_mixin.py:151} INFO -      ⚠️ Erreur ligne 679: not all arguments converted during string formatting
[2026-01-26T14:46:45.601+0000] {logging_mixin.py:151} INFO -      ⚠️ Erreur ligne 680: not all arguments converted during string formatting
[2026-01-26T14:46:45.602+0000] {logging_mixin.py:151} INFO -      ⚠️ Erreur ligne 681: not all arguments converted during string formatting
[2026-01-26T14:46:45.602+0000] {logging_mixin.py:151} INFO -      ⚠️ Erreur ligne 682: not all arguments converted during string formatting
[2026-01-26T14:46:45.603+0000] {logging_mixin.py:151} INFO -      ⚠️ Erreur ligne 683: not all arguments converted during string formatting
[2026-01-26T14:46:45.604+0000] {logging_mixin.py:151} INFO -      ⚠️ Erreur ligne 684: not all arguments converted during string formatting
[2026-01-26T14:46:45.604+0000] {logging_mixin.py:151} INFO -      ⚠️ Erreur ligne 685: not all arguments converted during string formatting
[2026-01-26T14:46:45.605+0000] {logging_mixin.py:151} INFO -      ⚠️ Erreur ligne 686: not all arguments converted during string formatting
[2026-01-26T14:46:45.606+0000] {logging_mixin.py:151} INFO -      ⚠️ Erreur ligne 687: not all arguments converted during string formatting
[2026-01-26T14:46:45.606+0000] {logging_mixin.py:151} INFO -      ⚠️ Erreur ligne 688: not all arguments converted during string formatting
[2026-01-26T14:46:45.607+0000] {logging_mixin.py:151} INFO -      ⚠️ Erreur ligne 689: not all arguments converted during string formatting
[2026-01-26T14:46:45.607+0000] {logging_mixin.py:151} INFO -      ⚠️ Erreur ligne 690: not all arguments converted during string formatting
[2026-01-26T14:46:45.607+0000] {logging_mixin.py:151} INFO -      ⚠️ Erreur ligne 691: not all arguments converted during string formatting
[2026-01-26T14:46:45.608+0000] {logging_mixin.py:151} INFO -      ⚠️ Erreur ligne 692: not all arguments converted during string formatting
[2026-01-26T14:46:45.608+0000] {logging_mixin.py:151} INFO -      ⚠️ Erreur ligne 693: not all arguments converted during string formatting
[2026-01-26T14:46:45.608+0000] {logging_mixin.py:151} INFO -      ⚠️ Erreur ligne 694: not all arguments converted during string formatting
[2026-01-26T14:46:45.609+0000] {logging_mixin.py:151} INFO -      ⚠️ Erreur ligne 695: not all arguments converted during string formatting
[2026-01-26T14:46:45.610+0000] {logging_mixin.py:151} INFO -      ⚠️ Erreur ligne 696: not all arguments converted during string formatting
[2026-01-26T14:46:45.611+0000] {logging_mixin.py:151} INFO -      ⚠️ Erreur ligne 697: not all arguments converted during string formatting
[2026-01-26T14:46:45.612+0000] {logging_mixin.py:151} INFO -      ⚠️ Erreur ligne 698: not all arguments converted during string formatting
[2026-01-26T14:46:45.613+0000] {logging_mixin.py:151} INFO -      ⚠️ Erreur ligne 699: not all arguments converted during string formatting
[2026-01-26T14:46:45.613+0000] {logging_mixin.py:151} INFO -      ⚠️ Erreur ligne 700: not all arguments converted during string formatting
[2026-01-26T14:46:45.614+0000] {logging_mixin.py:151} INFO -      ⚠️ Erreur ligne 701: not all arguments converted during string formatting
[2026-01-26T14:46:45.614+0000] {logging_mixin.py:151} INFO -      ⚠️ Erreur ligne 702: not all arguments converted during string formatting
[2026-01-26T14:46:45.615+0000] {logging_mixin.py:151} INFO -      ⚠️ Erreur ligne 703: not all arguments converted during string formatting
[2026-01-26T14:46:45.615+0000] {logging_mixin.py:151} INFO -      ⚠️ Erreur ligne 704: not all arguments converted during string formatting
[2026-01-26T14:46:45.616+0000] {logging_mixin.py:151} INFO -      ⚠️ Erreur ligne 705: not all arguments converted during string formatting
[2026-01-26T14:46:45.616+0000] {logging_mixin.py:151} INFO -      ⚠️ Erreur ligne 706: not all arguments converted during string formatting
[2026-01-26T14:46:45.617+0000] {logging_mixin.py:151} INFO -      ⚠️ Erreur ligne 707: not all arguments converted during string formatting
[2026-01-26T14:46:45.617+0000] {logging_mixin.py:151} INFO -      ⚠️ Erreur ligne 708: not all arguments converted during string formatting
[2026-01-26T14:46:45.617+0000] {logging_mixin.py:151} INFO -      ⚠️ Erreur ligne 709: not all arguments converted during string formatting
[2026-01-26T14:46:45.618+0000] {logging_mixin.py:151} INFO -      ⚠️ Erreur ligne 710: not all arguments converted during string formatting
[2026-01-26T14:46:45.618+0000] {logging_mixin.py:151} INFO -      ⚠️ Erreur ligne 711: not all arguments converted during string formatting
[2026-01-26T14:46:45.618+0000] {logging_mixin.py:151} INFO -      ⚠️ Erreur ligne 712: not all arguments converted during string formatting
[2026-01-26T14:46:45.619+0000] {logging_mixin.py:151} INFO -      ⚠️ Erreur ligne 713: not all arguments converted during string formatting
[2026-01-26T14:46:45.619+0000] {logging_mixin.py:151} INFO -      ⚠️ Erreur ligne 714: not all arguments converted during string formatting
[2026-01-26T14:46:45.620+0000] {logging_mixin.py:151} INFO -      ⚠️ Erreur ligne 715: not all arguments converted during string formatting
[2026-01-26T14:46:45.620+0000] {logging_mixin.py:151} INFO -      ⚠️ Erreur ligne 716: not all arguments converted during string formatting
[2026-01-26T14:46:45.621+0000] {logging_mixin.py:151} INFO -      ⚠️ Erreur ligne 717: not all arguments converted during string formatting
[2026-01-26T14:46:45.621+0000] {logging_mixin.py:151} INFO -      ⚠️ Erreur ligne 718: not all arguments converted during string formatting
[2026-01-26T14:46:45.621+0000] {logging_mixin.py:151} INFO -      ⚠️ Erreur ligne 719: not all arguments converted during string formatting
[2026-01-26T14:46:45.622+0000] {logging_mixin.py:151} INFO -      ⚠️ Erreur ligne 720: not all arguments converted during string formatting
[2026-01-26T14:46:45.622+0000] {logging_mixin.py:151} INFO -      ⚠️ Erreur ligne 721: not all arguments converted during string formatting
[2026-01-26T14:46:45.622+0000] {logging_mixin.py:151} INFO -      ⚠️ Erreur ligne 722: not all arguments converted during string formatting
[2026-01-26T14:46:45.623+0000] {logging_mixin.py:151} INFO -      ⚠️ Erreur ligne 723: not all arguments converted during string formatting
[2026-01-26T14:46:45.625+0000] {logging_mixin.py:151} INFO -      ⚠️ Erreur ligne 724: not all arguments converted during string formatting
[2026-01-26T14:46:45.626+0000] {logging_mixin.py:151} INFO -      ⚠️ Erreur ligne 725: not all arguments converted during string formatting
[2026-01-26T14:46:45.626+0000] {logging_mixin.py:151} INFO -      ⚠️ Erreur ligne 726: not all arguments converted during string formatting
[2026-01-26T14:46:45.627+0000] {logging_mixin.py:151} INFO -      ⚠️ Erreur ligne 727: not all arguments converted during string formatting
[2026-01-26T14:46:45.628+0000] {logging_mixin.py:151} INFO -      ⚠️ Erreur ligne 728: not all arguments converted during string formatting
[2026-01-26T14:46:45.628+0000] {logging_mixin.py:151} INFO -      ⚠️ Erreur ligne 729: not all arguments converted during string formatting
[2026-01-26T14:46:45.629+0000] {logging_mixin.py:151} INFO -      ⚠️ Erreur ligne 730: not all arguments converted during string formatting
[2026-01-26T14:46:45.629+0000] {logging_mixin.py:151} INFO -      ⚠️ Erreur ligne 731: not all arguments converted during string formatting
[2026-01-26T14:46:45.629+0000] {logging_mixin.py:151} INFO -      ⚠️ Erreur ligne 732: not all arguments converted during string formatting
[2026-01-26T14:46:45.630+0000] {logging_mixin.py:151} INFO -      ⚠️ Erreur ligne 733: not all arguments converted during string formatting
[2026-01-26T14:46:45.630+0000] {logging_mixin.py:151} INFO -      ⚠️ Erreur ligne 734: not all arguments converted during string formatting
[2026-01-26T14:46:45.631+0000] {logging_mixin.py:151} INFO -      ⚠️ Erreur ligne 735: not all arguments converted during string formatting
[2026-01-26T14:46:45.632+0000] {logging_mixin.py:151} INFO -      ⚠️ Erreur ligne 736: not all arguments converted during string formatting
[2026-01-26T14:46:45.632+0000] {logging_mixin.py:151} INFO -      ⚠️ Erreur ligne 737: not all arguments converted during string formatting
[2026-01-26T14:46:45.633+0000] {logging_mixin.py:151} INFO -      ⚠️ Erreur ligne 738: not all arguments converted during string formatting
[2026-01-26T14:46:45.634+0000] {logging_mixin.py:151} INFO -      ⚠️ Erreur ligne 739: not all arguments converted during string formatting
[2026-01-26T14:46:45.634+0000] {logging_mixin.py:151} INFO -      ⚠️ Erreur ligne 740: not all arguments converted during string formatting
[2026-01-26T14:46:45.635+0000] {logging_mixin.py:151} INFO -      ⚠️ Erreur ligne 741: not all arguments converted during string formatting
[2026-01-26T14:46:45.635+0000] {logging_mixin.py:151} INFO -      ⚠️ Erreur ligne 742: not all arguments converted during string formatting
[2026-01-26T14:46:45.636+0000] {logging_mixin.py:151} INFO -      ⚠️ Erreur ligne 743: not all arguments converted during string formatting
[2026-01-26T14:46:45.636+0000] {logging_mixin.py:151} INFO -      ⚠️ Erreur ligne 744: not all arguments converted during string formatting
[2026-01-26T14:46:45.637+0000] {logging_mixin.py:151} INFO -      ⚠️ Erreur ligne 745: not all arguments converted during string formatting
[2026-01-26T14:46:45.638+0000] {logging_mixin.py:151} INFO -      ⚠️ Erreur ligne 746: not all arguments converted during string formatting
[2026-01-26T14:46:45.638+0000] {logging_mixin.py:151} INFO -      ⚠️ Erreur ligne 747: not all arguments converted during string formatting
[2026-01-26T14:46:45.639+0000] {logging_mixin.py:151} INFO -      ⚠️ Erreur ligne 748: not all arguments converted during string formatting
[2026-01-26T14:46:45.639+0000] {logging_mixin.py:151} INFO -      ⚠️ Erreur ligne 749: not all arguments converted during string formatting
[2026-01-26T14:46:45.640+0000] {logging_mixin.py:151} INFO -      ⚠️ Erreur ligne 750: not all arguments converted during string formatting
[2026-01-26T14:46:45.640+0000] {logging_mixin.py:151} INFO -      ⚠️ Erreur ligne 751: not all arguments converted during string formatting
[2026-01-26T14:46:45.641+0000] {logging_mixin.py:151} INFO -      ⚠️ Erreur ligne 752: not all arguments converted during string formatting
[2026-01-26T14:46:45.641+0000] {logging_mixin.py:151} INFO -      ⚠️ Erreur ligne 753: not all arguments converted during string formatting
[2026-01-26T14:46:45.641+0000] {logging_mixin.py:151} INFO -      ⚠️ Erreur ligne 754: not all arguments converted during string formatting
[2026-01-26T14:46:45.642+0000] {logging_mixin.py:151} INFO -      ⚠️ Erreur ligne 755: not all arguments converted during string formatting
[2026-01-26T14:46:45.642+0000] {logging_mixin.py:151} INFO -      ⚠️ Erreur ligne 756: not all arguments converted during string formatting
[2026-01-26T14:46:45.643+0000] {logging_mixin.py:151} INFO -      ⚠️ Erreur ligne 757: not all arguments converted during string formatting
[2026-01-26T14:46:45.643+0000] {logging_mixin.py:151} INFO -      ⚠️ Erreur ligne 758: not all arguments converted during string formatting
[2026-01-26T14:46:45.644+0000] {logging_mixin.py:151} INFO -      ⚠️ Erreur ligne 759: not all arguments converted during string formatting
[2026-01-26T14:46:45.645+0000] {logging_mixin.py:151} INFO -      ⚠️ Erreur ligne 760: not all arguments converted during string formatting
[2026-01-26T14:46:45.646+0000] {logging_mixin.py:151} INFO -      ⚠️ Erreur ligne 761: not all arguments converted during string formatting
[2026-01-26T14:46:45.647+0000] {logging_mixin.py:151} INFO -      ⚠️ Erreur ligne 762: not all arguments converted during string formatting
[2026-01-26T14:46:45.648+0000] {logging_mixin.py:151} INFO -      ⚠️ Erreur ligne 763: not all arguments converted during string formatting
[2026-01-26T14:46:45.648+0000] {logging_mixin.py:151} INFO -      ⚠️ Erreur ligne 764: not all arguments converted during string formatting
[2026-01-26T14:46:45.649+0000] {logging_mixin.py:151} INFO -      ⚠️ Erreur ligne 765: not all arguments converted during string formatting
[2026-01-26T14:46:45.650+0000] {logging_mixin.py:151} INFO -      ⚠️ Erreur ligne 766: not all arguments converted during string formatting
[2026-01-26T14:46:45.650+0000] {logging_mixin.py:151} INFO -      ⚠️ Erreur ligne 767: not all arguments converted during string formatting
[2026-01-26T14:46:45.651+0000] {logging_mixin.py:151} INFO -      ⚠️ Erreur ligne 768: not all arguments converted during string formatting
[2026-01-26T14:46:45.651+0000] {logging_mixin.py:151} INFO -      ⚠️ Erreur ligne 769: not all arguments converted during string formatting
[2026-01-26T14:46:45.651+0000] {logging_mixin.py:151} INFO -      ⚠️ Erreur ligne 770: not all arguments converted during string formatting
[2026-01-26T14:46:45.652+0000] {logging_mixin.py:151} INFO -      ⚠️ Erreur ligne 771: not all arguments converted during string formatting
[2026-01-26T14:46:45.652+0000] {logging_mixin.py:151} INFO -      ⚠️ Erreur ligne 772: not all arguments converted during string formatting
[2026-01-26T14:46:45.653+0000] {logging_mixin.py:151} INFO -      ⚠️ Erreur ligne 773: not all arguments converted during string formatting
[2026-01-26T14:46:45.653+0000] {logging_mixin.py:151} INFO -      ⚠️ Erreur ligne 774: not all arguments converted during string formatting
[2026-01-26T14:46:45.654+0000] {logging_mixin.py:151} INFO -      ⚠️ Erreur ligne 775: not all arguments converted during string formatting
[2026-01-26T14:46:45.654+0000] {logging_mixin.py:151} INFO -      ⚠️ Erreur ligne 776: not all arguments converted during string formatting
[2026-01-26T14:46:45.655+0000] {logging_mixin.py:151} INFO -      ⚠️ Erreur ligne 777: not all arguments converted during string formatting
[2026-01-26T14:46:45.655+0000] {logging_mixin.py:151} INFO -      ⚠️ Erreur ligne 778: not all arguments converted during string formatting
[2026-01-26T14:46:45.656+0000] {logging_mixin.py:151} INFO -      ⚠️ Erreur ligne 779: not all arguments converted during string formatting
[2026-01-26T14:46:45.656+0000] {logging_mixin.py:151} INFO -      ⚠️ Erreur ligne 780: not all arguments converted during string formatting
[2026-01-26T14:46:45.656+0000] {logging_mixin.py:151} INFO -      ⚠️ Erreur ligne 781: not all arguments converted during string formatting
[2026-01-26T14:46:45.657+0000] {logging_mixin.py:151} INFO -      ⚠️ Erreur ligne 782: not all arguments converted during string formatting
[2026-01-26T14:46:45.657+0000] {logging_mixin.py:151} INFO -      ⚠️ Erreur ligne 783: not all arguments converted during string formatting
[2026-01-26T14:46:45.658+0000] {logging_mixin.py:151} INFO -      ⚠️ Erreur ligne 784: not all arguments converted during string formatting
[2026-01-26T14:46:45.658+0000] {logging_mixin.py:151} INFO -      ⚠️ Erreur ligne 785: not all arguments converted during string formatting
[2026-01-26T14:46:45.659+0000] {logging_mixin.py:151} INFO -      ⚠️ Erreur ligne 786: not all arguments converted during string formatting
[2026-01-26T14:46:45.660+0000] {logging_mixin.py:151} INFO -      ⚠️ Erreur ligne 787: not all arguments converted during string formatting
[2026-01-26T14:46:45.660+0000] {logging_mixin.py:151} INFO -      ⚠️ Erreur ligne 788: not all arguments converted during string formatting
[2026-01-26T14:46:45.661+0000] {logging_mixin.py:151} INFO -      ⚠️ Erreur ligne 789: not all arguments converted during string formatting
[2026-01-26T14:46:45.662+0000] {logging_mixin.py:151} INFO -      ⚠️ Erreur ligne 790: not all arguments converted during string formatting
[2026-01-26T14:46:45.663+0000] {logging_mixin.py:151} INFO -      ⚠️ Erreur ligne 791: not all arguments converted during string formatting
[2026-01-26T14:46:45.663+0000] {logging_mixin.py:151} INFO -      ⚠️ Erreur ligne 792: not all arguments converted during string formatting
[2026-01-26T14:46:45.663+0000] {logging_mixin.py:151} INFO -      ⚠️ Erreur ligne 793: not all arguments converted during string formatting
[2026-01-26T14:46:45.664+0000] {logging_mixin.py:151} INFO -      ⚠️ Erreur ligne 794: not all arguments converted during string formatting
[2026-01-26T14:46:45.664+0000] {logging_mixin.py:151} INFO -      ⚠️ Erreur ligne 795: not all arguments converted during string formatting
[2026-01-26T14:46:45.665+0000] {logging_mixin.py:151} INFO -      ⚠️ Erreur ligne 796: not all arguments converted during string formatting
[2026-01-26T14:46:45.666+0000] {logging_mixin.py:151} INFO -      ⚠️ Erreur ligne 797: not all arguments converted during string formatting
[2026-01-26T14:46:45.666+0000] {logging_mixin.py:151} INFO -      ⚠️ Erreur ligne 798: not all arguments converted during string formatting
[2026-01-26T14:46:45.667+0000] {logging_mixin.py:151} INFO -      ⚠️ Erreur ligne 799: not all arguments converted during string formatting
[2026-01-26T14:46:45.668+0000] {logging_mixin.py:151} INFO -      ⚠️ Erreur ligne 800: not all arguments converted during string formatting
[2026-01-26T14:46:45.669+0000] {logging_mixin.py:151} INFO -      ⚠️ Erreur ligne 801: not all arguments converted during string formatting
[2026-01-26T14:46:45.669+0000] {logging_mixin.py:151} INFO -      ⚠️ Erreur ligne 802: not all arguments converted during string formatting
[2026-01-26T14:46:45.670+0000] {logging_mixin.py:151} INFO -      ⚠️ Erreur ligne 803: not all arguments converted during string formatting
[2026-01-26T14:46:45.671+0000] {logging_mixin.py:151} INFO -      ⚠️ Erreur ligne 804: not all arguments converted during string formatting
[2026-01-26T14:46:45.672+0000] {logging_mixin.py:151} INFO -      ⚠️ Erreur ligne 805: not all arguments converted during string formatting
[2026-01-26T14:46:45.673+0000] {logging_mixin.py:151} INFO -      ⚠️ Erreur ligne 806: not all arguments converted during string formatting
[2026-01-26T14:46:45.673+0000] {logging_mixin.py:151} INFO -      ⚠️ Erreur ligne 807: not all arguments converted during string formatting
[2026-01-26T14:46:45.673+0000] {logging_mixin.py:151} INFO -      ⚠️ Erreur ligne 808: not all arguments converted during string formatting
[2026-01-26T14:46:45.674+0000] {logging_mixin.py:151} INFO -      ⚠️ Erreur ligne 809: not all arguments converted during string formatting
[2026-01-26T14:46:45.675+0000] {logging_mixin.py:151} INFO -      ⚠️ Erreur ligne 810: not all arguments converted during string formatting
[2026-01-26T14:46:45.675+0000] {logging_mixin.py:151} INFO -      ⚠️ Erreur ligne 811: not all arguments converted during string formatting
[2026-01-26T14:46:45.676+0000] {logging_mixin.py:151} INFO -      ⚠️ Erreur ligne 812: not all arguments converted during string formatting
[2026-01-26T14:46:45.676+0000] {logging_mixin.py:151} INFO -      ⚠️ Erreur ligne 813: not all arguments converted during string formatting
[2026-01-26T14:46:45.677+0000] {logging_mixin.py:151} INFO -      ⚠️ Erreur ligne 814: not all arguments converted during string formatting
[2026-01-26T14:46:45.677+0000] {logging_mixin.py:151} INFO -      ⚠️ Erreur ligne 815: not all arguments converted during string formatting
[2026-01-26T14:46:45.678+0000] {logging_mixin.py:151} INFO -      ⚠️ Erreur ligne 816: not all arguments converted during string formatting
[2026-01-26T14:46:45.679+0000] {logging_mixin.py:151} INFO -      ⚠️ Erreur ligne 817: not all arguments converted during string formatting
[2026-01-26T14:46:45.680+0000] {logging_mixin.py:151} INFO -      ⚠️ Erreur ligne 818: not all arguments converted during string formatting
[2026-01-26T14:46:45.680+0000] {logging_mixin.py:151} INFO -      ⚠️ Erreur ligne 819: not all arguments converted during string formatting
[2026-01-26T14:46:45.681+0000] {logging_mixin.py:151} INFO -      ⚠️ Erreur ligne 820: not all arguments converted during string formatting
[2026-01-26T14:46:45.682+0000] {logging_mixin.py:151} INFO -      ⚠️ Erreur ligne 821: not all arguments converted during string formatting
[2026-01-26T14:46:45.682+0000] {logging_mixin.py:151} INFO -      ⚠️ Erreur ligne 822: not all arguments converted during string formatting
[2026-01-26T14:46:45.683+0000] {logging_mixin.py:151} INFO -      ⚠️ Erreur ligne 823: not all arguments converted during string formatting
[2026-01-26T14:46:45.683+0000] {logging_mixin.py:151} INFO -      ⚠️ Erreur ligne 824: not all arguments converted during string formatting
[2026-01-26T14:46:45.684+0000] {logging_mixin.py:151} INFO -      ⚠️ Erreur ligne 825: not all arguments converted during string formatting
[2026-01-26T14:46:45.684+0000] {logging_mixin.py:151} INFO -      ⚠️ Erreur ligne 826: not all arguments converted during string formatting
[2026-01-26T14:46:45.685+0000] {logging_mixin.py:151} INFO -      ⚠️ Erreur ligne 827: not all arguments converted during string formatting
[2026-01-26T14:46:45.685+0000] {logging_mixin.py:151} INFO -      ⚠️ Erreur ligne 828: not all arguments converted during string formatting
[2026-01-26T14:46:45.686+0000] {logging_mixin.py:151} INFO -      ⚠️ Erreur ligne 829: not all arguments converted during string formatting
[2026-01-26T14:46:45.687+0000] {logging_mixin.py:151} INFO -      ⚠️ Erreur ligne 830: not all arguments converted during string formatting
[2026-01-26T14:46:45.687+0000] {logging_mixin.py:151} INFO -      ⚠️ Erreur ligne 831: not all arguments converted during string formatting
[2026-01-26T14:46:45.688+0000] {logging_mixin.py:151} INFO -      ⚠️ Erreur ligne 832: not all arguments converted during string formatting
[2026-01-26T14:46:45.689+0000] {logging_mixin.py:151} INFO -      ⚠️ Erreur ligne 833: not all arguments converted during string formatting
[2026-01-26T14:46:45.689+0000] {logging_mixin.py:151} INFO -      ⚠️ Erreur ligne 834: not all arguments converted during string formatting
[2026-01-26T14:46:45.690+0000] {logging_mixin.py:151} INFO -      ⚠️ Erreur ligne 835: not all arguments converted during string formatting
[2026-01-26T14:46:45.691+0000] {logging_mixin.py:151} INFO -      ⚠️ Erreur ligne 836: not all arguments converted during string formatting
[2026-01-26T14:46:45.691+0000] {logging_mixin.py:151} INFO -      ⚠️ Erreur ligne 837: not all arguments converted during string formatting
[2026-01-26T14:46:45.691+0000] {logging_mixin.py:151} INFO -      ⚠️ Erreur ligne 838: not all arguments converted during string formatting
[2026-01-26T14:46:45.692+0000] {logging_mixin.py:151} INFO -      ⚠️ Erreur ligne 839: not all arguments converted during string formatting
[2026-01-26T14:46:45.692+0000] {logging_mixin.py:151} INFO -      ⚠️ Erreur ligne 840: not all arguments converted during string formatting
[2026-01-26T14:46:45.693+0000] {logging_mixin.py:151} INFO -      ⚠️ Erreur ligne 841: not all arguments converted during string formatting
[2026-01-26T14:46:45.693+0000] {logging_mixin.py:151} INFO -      ⚠️ Erreur ligne 842: not all arguments converted during string formatting
[2026-01-26T14:46:45.694+0000] {logging_mixin.py:151} INFO -      ⚠️ Erreur ligne 843: not all arguments converted during string formatting
[2026-01-26T14:46:45.695+0000] {logging_mixin.py:151} INFO -      ⚠️ Erreur ligne 844: not all arguments converted during string formatting
[2026-01-26T14:46:45.695+0000] {logging_mixin.py:151} INFO -      ⚠️ Erreur ligne 845: not all arguments converted during string formatting
[2026-01-26T14:46:45.696+0000] {logging_mixin.py:151} INFO -      ⚠️ Erreur ligne 846: not all arguments converted during string formatting
[2026-01-26T14:46:45.697+0000] {logging_mixin.py:151} INFO -      ⚠️ Erreur ligne 847: not all arguments converted during string formatting
[2026-01-26T14:46:45.697+0000] {logging_mixin.py:151} INFO -      ⚠️ Erreur ligne 848: not all arguments converted during string formatting
[2026-01-26T14:46:45.698+0000] {logging_mixin.py:151} INFO -      ⚠️ Erreur ligne 849: not all arguments converted during string formatting
[2026-01-26T14:46:45.698+0000] {logging_mixin.py:151} INFO -      ⚠️ Erreur ligne 850: not all arguments converted during string formatting
[2026-01-26T14:46:45.698+0000] {logging_mixin.py:151} INFO -      ⚠️ Erreur ligne 851: not all arguments converted during string formatting
[2026-01-26T14:46:45.699+0000] {logging_mixin.py:151} INFO -      ⚠️ Erreur ligne 852: not all arguments converted during string formatting
[2026-01-26T14:46:45.700+0000] {logging_mixin.py:151} INFO -      ⚠️ Erreur ligne 853: not all arguments converted during string formatting
[2026-01-26T14:46:45.701+0000] {logging_mixin.py:151} INFO -      ⚠️ Erreur ligne 854: not all arguments converted during string formatting
[2026-01-26T14:46:45.701+0000] {logging_mixin.py:151} INFO -      ⚠️ Erreur ligne 855: not all arguments converted during string formatting
[2026-01-26T14:46:45.702+0000] {logging_mixin.py:151} INFO -      ⚠️ Erreur ligne 856: not all arguments converted during string formatting
[2026-01-26T14:46:45.703+0000] {logging_mixin.py:151} INFO -      ⚠️ Erreur ligne 857: not all arguments converted during string formatting
[2026-01-26T14:46:45.703+0000] {logging_mixin.py:151} INFO -      ⚠️ Erreur ligne 858: not all arguments converted during string formatting
[2026-01-26T14:46:45.704+0000] {logging_mixin.py:151} INFO -      ⚠️ Erreur ligne 859: not all arguments converted during string formatting
[2026-01-26T14:46:45.704+0000] {logging_mixin.py:151} INFO -      ⚠️ Erreur ligne 860: not all arguments converted during string formatting
[2026-01-26T14:46:45.705+0000] {logging_mixin.py:151} INFO -      ⚠️ Erreur ligne 861: not all arguments converted during string formatting
[2026-01-26T14:46:45.705+0000] {logging_mixin.py:151} INFO -      ⚠️ Erreur ligne 862: not all arguments converted during string formatting
[2026-01-26T14:46:45.706+0000] {logging_mixin.py:151} INFO -      ⚠️ Erreur ligne 863: not all arguments converted during string formatting
[2026-01-26T14:46:45.706+0000] {logging_mixin.py:151} INFO -      ⚠️ Erreur ligne 864: not all arguments converted during string formatting
[2026-01-26T14:46:45.707+0000] {logging_mixin.py:151} INFO -      ⚠️ Erreur ligne 865: not all arguments converted during string formatting
[2026-01-26T14:46:45.707+0000] {logging_mixin.py:151} INFO -      ⚠️ Erreur ligne 866: not all arguments converted during string formatting
[2026-01-26T14:46:45.707+0000] {logging_mixin.py:151} INFO -      ⚠️ Erreur ligne 867: not all arguments converted during string formatting
[2026-01-26T14:46:45.708+0000] {logging_mixin.py:151} INFO -      ⚠️ Erreur ligne 868: not all arguments converted during string formatting
[2026-01-26T14:46:45.708+0000] {logging_mixin.py:151} INFO -      ⚠️ Erreur ligne 869: not all arguments converted during string formatting
[2026-01-26T14:46:45.709+0000] {logging_mixin.py:151} INFO -      ⚠️ Erreur ligne 870: not all arguments converted during string formatting
[2026-01-26T14:46:45.709+0000] {logging_mixin.py:151} INFO -      ⚠️ Erreur ligne 871: not all arguments converted during string formatting
[2026-01-26T14:46:45.710+0000] {logging_mixin.py:151} INFO -      ⚠️ Erreur ligne 872: not all arguments converted during string formatting
[2026-01-26T14:46:45.710+0000] {logging_mixin.py:151} INFO -      ⚠️ Erreur ligne 873: not all arguments converted during string formatting
[2026-01-26T14:46:45.711+0000] {logging_mixin.py:151} INFO -      ⚠️ Erreur ligne 874: not all arguments converted during string formatting
[2026-01-26T14:46:45.711+0000] {logging_mixin.py:151} INFO -      ⚠️ Erreur ligne 875: not all arguments converted during string formatting
[2026-01-26T14:46:45.712+0000] {logging_mixin.py:151} INFO -      ⚠️ Erreur ligne 876: not all arguments converted during string formatting
[2026-01-26T14:46:45.713+0000] {logging_mixin.py:151} INFO -      ⚠️ Erreur ligne 877: not all arguments converted during string formatting
[2026-01-26T14:46:45.713+0000] {logging_mixin.py:151} INFO -      ⚠️ Erreur ligne 878: not all arguments converted during string formatting
[2026-01-26T14:46:45.714+0000] {logging_mixin.py:151} INFO -      ⚠️ Erreur ligne 879: not all arguments converted during string formatting
[2026-01-26T14:46:45.715+0000] {logging_mixin.py:151} INFO -      ⚠️ Erreur ligne 880: not all arguments converted during string formatting
[2026-01-26T14:46:45.716+0000] {logging_mixin.py:151} INFO -      ⚠️ Erreur ligne 881: not all arguments converted during string formatting
[2026-01-26T14:46:45.716+0000] {logging_mixin.py:151} INFO -      ⚠️ Erreur ligne 882: not all arguments converted during string formatting
[2026-01-26T14:46:45.717+0000] {logging_mixin.py:151} INFO -      ⚠️ Erreur ligne 883: not all arguments converted during string formatting
[2026-01-26T14:46:45.717+0000] {logging_mixin.py:151} INFO -      ⚠️ Erreur ligne 884: not all arguments converted during string formatting
[2026-01-26T14:46:45.718+0000] {logging_mixin.py:151} INFO -      ⚠️ Erreur ligne 885: not all arguments converted during string formatting
[2026-01-26T14:46:45.719+0000] {logging_mixin.py:151} INFO -      ⚠️ Erreur ligne 886: not all arguments converted during string formatting
[2026-01-26T14:46:45.719+0000] {logging_mixin.py:151} INFO -      ⚠️ Erreur ligne 887: not all arguments converted during string formatting
[2026-01-26T14:46:45.720+0000] {logging_mixin.py:151} INFO -      ⚠️ Erreur ligne 888: not all arguments converted during string formatting
[2026-01-26T14:46:45.720+0000] {logging_mixin.py:151} INFO -      ⚠️ Erreur ligne 889: not all arguments converted during string formatting
[2026-01-26T14:46:45.721+0000] {logging_mixin.py:151} INFO -      ⚠️ Erreur ligne 890: not all arguments converted during string formatting
[2026-01-26T14:46:45.721+0000] {logging_mixin.py:151} INFO -      ⚠️ Erreur ligne 891: not all arguments converted during string formatting
[2026-01-26T14:46:45.722+0000] {logging_mixin.py:151} INFO -      ⚠️ Erreur ligne 892: not all arguments converted during string formatting
[2026-01-26T14:46:45.722+0000] {logging_mixin.py:151} INFO -      ⚠️ Erreur ligne 893: not all arguments converted during string formatting
[2026-01-26T14:46:45.722+0000] {logging_mixin.py:151} INFO -      ⚠️ Erreur ligne 894: not all arguments converted during string formatting
[2026-01-26T14:46:45.723+0000] {logging_mixin.py:151} INFO -      ⚠️ Erreur ligne 895: not all arguments converted during string formatting
[2026-01-26T14:46:45.723+0000] {logging_mixin.py:151} INFO -      ⚠️ Erreur ligne 896: not all arguments converted during string formatting
[2026-01-26T14:46:45.723+0000] {logging_mixin.py:151} INFO -      ⚠️ Erreur ligne 897: not all arguments converted during string formatting
[2026-01-26T14:46:45.724+0000] {logging_mixin.py:151} INFO -      ⚠️ Erreur ligne 898: not all arguments converted during string formatting
[2026-01-26T14:46:45.724+0000] {logging_mixin.py:151} INFO -      ⚠️ Erreur ligne 899: not all arguments converted during string formatting
[2026-01-26T14:46:45.724+0000] {logging_mixin.py:151} INFO -      ⚠️ Erreur ligne 900: not all arguments converted during string formatting
[2026-01-26T14:46:45.725+0000] {logging_mixin.py:151} INFO -      ⚠️ Erreur ligne 901: not all arguments converted during string formatting
[2026-01-26T14:46:45.725+0000] {logging_mixin.py:151} INFO -      ⚠️ Erreur ligne 902: not all arguments converted during string formatting
[2026-01-26T14:46:45.726+0000] {logging_mixin.py:151} INFO -      ⚠️ Erreur ligne 903: not all arguments converted during string formatting
[2026-01-26T14:46:45.726+0000] {logging_mixin.py:151} INFO -      ⚠️ Erreur ligne 904: not all arguments converted during string formatting
[2026-01-26T14:46:45.726+0000] {logging_mixin.py:151} INFO -      ⚠️ Erreur ligne 905: not all arguments converted during string formatting
[2026-01-26T14:46:45.727+0000] {logging_mixin.py:151} INFO -      ⚠️ Erreur ligne 906: not all arguments converted during string formatting
[2026-01-26T14:46:45.727+0000] {logging_mixin.py:151} INFO -      ⚠️ Erreur ligne 907: not all arguments converted during string formatting
[2026-01-26T14:46:45.727+0000] {logging_mixin.py:151} INFO -      ⚠️ Erreur ligne 908: not all arguments converted during string formatting
[2026-01-26T14:46:45.728+0000] {logging_mixin.py:151} INFO -      ⚠️ Erreur ligne 909: not all arguments converted during string formatting
[2026-01-26T14:46:45.728+0000] {logging_mixin.py:151} INFO -      ⚠️ Erreur ligne 910: not all arguments converted during string formatting
[2026-01-26T14:46:45.729+0000] {logging_mixin.py:151} INFO -      ⚠️ Erreur ligne 911: not all arguments converted during string formatting
[2026-01-26T14:46:45.730+0000] {logging_mixin.py:151} INFO -      ⚠️ Erreur ligne 912: not all arguments converted during string formatting
[2026-01-26T14:46:45.731+0000] {logging_mixin.py:151} INFO -      ⚠️ Erreur ligne 913: not all arguments converted during string formatting
[2026-01-26T14:46:45.732+0000] {logging_mixin.py:151} INFO -      ⚠️ Erreur ligne 914: not all arguments converted during string formatting
[2026-01-26T14:46:45.732+0000] {logging_mixin.py:151} INFO -      ⚠️ Erreur ligne 915: not all arguments converted during string formatting
[2026-01-26T14:46:45.733+0000] {logging_mixin.py:151} INFO -      ⚠️ Erreur ligne 916: not all arguments converted during string formatting
[2026-01-26T14:46:45.733+0000] {logging_mixin.py:151} INFO -      ⚠️ Erreur ligne 917: not all arguments converted during string formatting
[2026-01-26T14:46:45.734+0000] {logging_mixin.py:151} INFO -      ⚠️ Erreur ligne 918: not all arguments converted during string formatting
[2026-01-26T14:46:45.734+0000] {logging_mixin.py:151} INFO -      ⚠️ Erreur ligne 919: not all arguments converted during string formatting
[2026-01-26T14:46:45.735+0000] {logging_mixin.py:151} INFO -      ⚠️ Erreur ligne 920: not all arguments converted during string formatting
[2026-01-26T14:46:45.736+0000] {logging_mixin.py:151} INFO -      ⚠️ Erreur ligne 921: not all arguments converted during string formatting
[2026-01-26T14:46:45.737+0000] {logging_mixin.py:151} INFO -      ⚠️ Erreur ligne 922: not all arguments converted during string formatting
[2026-01-26T14:46:45.738+0000] {logging_mixin.py:151} INFO -      ⚠️ Erreur ligne 923: not all arguments converted during string formatting
[2026-01-26T14:46:45.738+0000] {logging_mixin.py:151} INFO -      ⚠️ Erreur ligne 924: not all arguments converted during string formatting
[2026-01-26T14:46:45.739+0000] {logging_mixin.py:151} INFO -      ⚠️ Erreur ligne 925: not all arguments converted during string formatting
[2026-01-26T14:46:45.740+0000] {logging_mixin.py:151} INFO -      ⚠️ Erreur ligne 926: not all arguments converted during string formatting
[2026-01-26T14:46:45.741+0000] {logging_mixin.py:151} INFO -      ⚠️ Erreur ligne 927: not all arguments converted during string formatting
[2026-01-26T14:46:45.741+0000] {logging_mixin.py:151} INFO -      ⚠️ Erreur ligne 928: not all arguments converted during string formatting
[2026-01-26T14:46:45.742+0000] {logging_mixin.py:151} INFO -      ⚠️ Erreur ligne 929: not all arguments converted during string formatting
[2026-01-26T14:46:45.742+0000] {logging_mixin.py:151} INFO -      ⚠️ Erreur ligne 930: not all arguments converted during string formatting
[2026-01-26T14:46:45.743+0000] {logging_mixin.py:151} INFO -      ⚠️ Erreur ligne 931: not all arguments converted during string formatting
[2026-01-26T14:46:45.743+0000] {logging_mixin.py:151} INFO -      ⚠️ Erreur ligne 932: not all arguments converted during string formatting
[2026-01-26T14:46:45.744+0000] {logging_mixin.py:151} INFO -      ⚠️ Erreur ligne 933: not all arguments converted during string formatting
[2026-01-26T14:46:45.744+0000] {logging_mixin.py:151} INFO -      ⚠️ Erreur ligne 934: not all arguments converted during string formatting
[2026-01-26T14:46:45.745+0000] {logging_mixin.py:151} INFO -      ⚠️ Erreur ligne 935: not all arguments converted during string formatting
[2026-01-26T14:46:45.745+0000] {logging_mixin.py:151} INFO -      ⚠️ Erreur ligne 936: not all arguments converted during string formatting
[2026-01-26T14:46:45.746+0000] {logging_mixin.py:151} INFO -      ⚠️ Erreur ligne 937: not all arguments converted during string formatting
[2026-01-26T14:46:45.746+0000] {logging_mixin.py:151} INFO -      ⚠️ Erreur ligne 938: not all arguments converted during string formatting
[2026-01-26T14:46:45.747+0000] {logging_mixin.py:151} INFO -      ⚠️ Erreur ligne 939: not all arguments converted during string formatting
[2026-01-26T14:46:45.747+0000] {logging_mixin.py:151} INFO -      ⚠️ Erreur ligne 940: not all arguments converted during string formatting
[2026-01-26T14:46:45.749+0000] {logging_mixin.py:151} INFO -      ⚠️ Erreur ligne 941: not all arguments converted during string formatting
[2026-01-26T14:46:45.750+0000] {logging_mixin.py:151} INFO -      ⚠️ Erreur ligne 942: not all arguments converted during string formatting
[2026-01-26T14:46:45.751+0000] {logging_mixin.py:151} INFO -      ⚠️ Erreur ligne 943: not all arguments converted during string formatting
[2026-01-26T14:46:45.752+0000] {logging_mixin.py:151} INFO -      ⚠️ Erreur ligne 944: not all arguments converted during string formatting
[2026-01-26T14:46:45.753+0000] {logging_mixin.py:151} INFO -      ⚠️ Erreur ligne 945: not all arguments converted during string formatting
[2026-01-26T14:46:45.754+0000] {logging_mixin.py:151} INFO -      ⚠️ Erreur ligne 946: not all arguments converted during string formatting
[2026-01-26T14:46:45.754+0000] {logging_mixin.py:151} INFO -      ⚠️ Erreur ligne 947: not all arguments converted during string formatting
[2026-01-26T14:46:45.755+0000] {logging_mixin.py:151} INFO -      ⚠️ Erreur ligne 948: not all arguments converted during string formatting
[2026-01-26T14:46:45.755+0000] {logging_mixin.py:151} INFO -      ⚠️ Erreur ligne 949: not all arguments converted during string formatting
[2026-01-26T14:46:45.756+0000] {logging_mixin.py:151} INFO -      ⚠️ Erreur ligne 950: not all arguments converted during string formatting
[2026-01-26T14:46:45.756+0000] {logging_mixin.py:151} INFO -      ⚠️ Erreur ligne 951: not all arguments converted during string formatting
[2026-01-26T14:46:45.757+0000] {logging_mixin.py:151} INFO -      ⚠️ Erreur ligne 952: not all arguments converted during string formatting
[2026-01-26T14:46:45.757+0000] {logging_mixin.py:151} INFO -      ⚠️ Erreur ligne 953: not all arguments converted during string formatting
[2026-01-26T14:46:45.758+0000] {logging_mixin.py:151} INFO -      ⚠️ Erreur ligne 954: not all arguments converted during string formatting
[2026-01-26T14:46:45.758+0000] {logging_mixin.py:151} INFO -      ⚠️ Erreur ligne 955: not all arguments converted during string formatting
[2026-01-26T14:46:45.759+0000] {logging_mixin.py:151} INFO -      ⚠️ Erreur ligne 956: not all arguments converted during string formatting
[2026-01-26T14:46:45.759+0000] {logging_mixin.py:151} INFO -      ⚠️ Erreur ligne 957: not all arguments converted during string formatting
[2026-01-26T14:46:45.760+0000] {logging_mixin.py:151} INFO -      ⚠️ Erreur ligne 958: not all arguments converted during string formatting
[2026-01-26T14:46:45.760+0000] {logging_mixin.py:151} INFO -      ⚠️ Erreur ligne 959: not all arguments converted during string formatting
[2026-01-26T14:46:45.760+0000] {logging_mixin.py:151} INFO -      ⚠️ Erreur ligne 960: not all arguments converted during string formatting
[2026-01-26T14:46:45.761+0000] {logging_mixin.py:151} INFO -      ⚠️ Erreur ligne 961: not all arguments converted during string formatting
[2026-01-26T14:46:45.761+0000] {logging_mixin.py:151} INFO -      ⚠️ Erreur ligne 962: not all arguments converted during string formatting
[2026-01-26T14:46:45.762+0000] {logging_mixin.py:151} INFO -      ⚠️ Erreur ligne 963: not all arguments converted during string formatting
[2026-01-26T14:46:45.762+0000] {logging_mixin.py:151} INFO -      ⚠️ Erreur ligne 964: not all arguments converted during string formatting
[2026-01-26T14:46:45.763+0000] {logging_mixin.py:151} INFO -      ⚠️ Erreur ligne 965: not all arguments converted during string formatting
[2026-01-26T14:46:45.764+0000] {logging_mixin.py:151} INFO -      ⚠️ Erreur ligne 966: not all arguments converted during string formatting
[2026-01-26T14:46:45.765+0000] {logging_mixin.py:151} INFO -      ⚠️ Erreur ligne 967: not all arguments converted during string formatting
[2026-01-26T14:46:45.765+0000] {logging_mixin.py:151} INFO -      ⚠️ Erreur ligne 968: not all arguments converted during string formatting
[2026-01-26T14:46:45.766+0000] {logging_mixin.py:151} INFO -      ⚠️ Erreur ligne 969: not all arguments converted during string formatting
[2026-01-26T14:46:45.767+0000] {logging_mixin.py:151} INFO -      ⚠️ Erreur ligne 970: not all arguments converted during string formatting
[2026-01-26T14:46:45.767+0000] {logging_mixin.py:151} INFO -      ⚠️ Erreur ligne 971: not all arguments converted during string formatting
[2026-01-26T14:46:45.768+0000] {logging_mixin.py:151} INFO -      ⚠️ Erreur ligne 972: not all arguments converted during string formatting
[2026-01-26T14:46:45.768+0000] {logging_mixin.py:151} INFO -      ⚠️ Erreur ligne 973: not all arguments converted during string formatting
[2026-01-26T14:46:45.768+0000] {logging_mixin.py:151} INFO -      ⚠️ Erreur ligne 974: not all arguments converted during string formatting
[2026-01-26T14:46:45.769+0000] {logging_mixin.py:151} INFO -      ⚠️ Erreur ligne 975: not all arguments converted during string formatting
[2026-01-26T14:46:45.770+0000] {logging_mixin.py:151} INFO -      ⚠️ Erreur ligne 976: not all arguments converted during string formatting
[2026-01-26T14:46:45.771+0000] {logging_mixin.py:151} INFO -      ⚠️ Erreur ligne 977: not all arguments converted during string formatting
[2026-01-26T14:46:45.772+0000] {logging_mixin.py:151} INFO -      ⚠️ Erreur ligne 978: not all arguments converted during string formatting
[2026-01-26T14:46:45.773+0000] {logging_mixin.py:151} INFO -      ⚠️ Erreur ligne 979: not all arguments converted during string formatting
[2026-01-26T14:46:45.773+0000] {logging_mixin.py:151} INFO -      ⚠️ Erreur ligne 980: not all arguments converted during string formatting
[2026-01-26T14:46:45.774+0000] {logging_mixin.py:151} INFO -      ⚠️ Erreur ligne 981: not all arguments converted during string formatting
[2026-01-26T14:46:45.774+0000] {logging_mixin.py:151} INFO -      ⚠️ Erreur ligne 982: not all arguments converted during string formatting
[2026-01-26T14:46:45.775+0000] {logging_mixin.py:151} INFO -      ⚠️ Erreur ligne 983: not all arguments converted during string formatting
[2026-01-26T14:46:45.775+0000] {logging_mixin.py:151} INFO -      ⚠️ Erreur ligne 984: not all arguments converted during string formatting
[2026-01-26T14:46:45.775+0000] {logging_mixin.py:151} INFO -      ⚠️ Erreur ligne 985: not all arguments converted during string formatting
[2026-01-26T14:46:45.776+0000] {logging_mixin.py:151} INFO -      ⚠️ Erreur ligne 986: not all arguments converted during string formatting
[2026-01-26T14:46:45.777+0000] {logging_mixin.py:151} INFO -      ⚠️ Erreur ligne 987: not all arguments converted during string formatting
[2026-01-26T14:46:45.777+0000] {logging_mixin.py:151} INFO -      ⚠️ Erreur ligne 988: not all arguments converted during string formatting
[2026-01-26T14:46:45.778+0000] {logging_mixin.py:151} INFO -      ⚠️ Erreur ligne 989: not all arguments converted during string formatting
[2026-01-26T14:46:45.778+0000] {logging_mixin.py:151} INFO -      ⚠️ Erreur ligne 990: not all arguments converted during string formatting
[2026-01-26T14:46:45.779+0000] {logging_mixin.py:151} INFO -      ⚠️ Erreur ligne 991: not all arguments converted during string formatting
[2026-01-26T14:46:45.779+0000] {logging_mixin.py:151} INFO -      ⚠️ Erreur ligne 992: not all arguments converted during string formatting
[2026-01-26T14:46:45.779+0000] {logging_mixin.py:151} INFO -      ⚠️ Erreur ligne 993: not all arguments converted during string formatting
[2026-01-26T14:46:45.780+0000] {logging_mixin.py:151} INFO -      ⚠️ Erreur ligne 994: not all arguments converted during string formatting
[2026-01-26T14:46:45.780+0000] {logging_mixin.py:151} INFO -      ⚠️ Erreur ligne 995: not all arguments converted during string formatting
[2026-01-26T14:46:45.780+0000] {logging_mixin.py:151} INFO -      ⚠️ Erreur ligne 996: not all arguments converted during string formatting
[2026-01-26T14:46:45.781+0000] {logging_mixin.py:151} INFO -      ⚠️ Erreur ligne 997: not all arguments converted during string formatting
[2026-01-26T14:46:45.781+0000] {logging_mixin.py:151} INFO -      ⚠️ Erreur ligne 998: not all arguments converted during string formatting
[2026-01-26T14:46:45.782+0000] {logging_mixin.py:151} INFO -      ⚠️ Erreur ligne 999: not all arguments converted during string formatting
[2026-01-26T14:46:45.783+0000] {logging_mixin.py:151} INFO -      ⚠️ Erreur ligne 1000: not all arguments converted during string formatting
[2026-01-26T14:46:45.784+0000] {logging_mixin.py:151} INFO -      ⚠️ Erreur ligne 1001: not all arguments converted during string formatting
[2026-01-26T14:46:45.785+0000] {logging_mixin.py:151} INFO -      ⚠️ Erreur ligne 1002: not all arguments converted during string formatting
[2026-01-26T14:46:45.786+0000] {logging_mixin.py:151} INFO -      ⚠️ Erreur ligne 1003: not all arguments converted during string formatting
[2026-01-26T14:46:45.787+0000] {logging_mixin.py:151} INFO -      ⚠️ Erreur ligne 1004: not all arguments converted during string formatting
[2026-01-26T14:46:45.787+0000] {logging_mixin.py:151} INFO -      ⚠️ Erreur ligne 1005: not all arguments converted during string formatting
[2026-01-26T14:46:45.788+0000] {logging_mixin.py:151} INFO -      ⚠️ Erreur ligne 1006: not all arguments converted during string formatting
[2026-01-26T14:46:45.789+0000] {logging_mixin.py:151} INFO -      ⚠️ Erreur ligne 1007: not all arguments converted during string formatting
[2026-01-26T14:46:45.790+0000] {logging_mixin.py:151} INFO -      ⚠️ Erreur ligne 1008: not all arguments converted during string formatting
[2026-01-26T14:46:45.790+0000] {logging_mixin.py:151} INFO -      ⚠️ Erreur ligne 1009: not all arguments converted during string formatting
[2026-01-26T14:46:45.791+0000] {logging_mixin.py:151} INFO -      ⚠️ Erreur ligne 1010: not all arguments converted during string formatting
[2026-01-26T14:46:45.791+0000] {logging_mixin.py:151} INFO -      ⚠️ Erreur ligne 1011: not all arguments converted during string formatting
[2026-01-26T14:46:45.792+0000] {logging_mixin.py:151} INFO -      ⚠️ Erreur ligne 1012: not all arguments converted during string formatting
[2026-01-26T14:46:45.792+0000] {logging_mixin.py:151} INFO -      ⚠️ Erreur ligne 1013: not all arguments converted during string formatting
[2026-01-26T14:46:45.793+0000] {logging_mixin.py:151} INFO -      ⚠️ Erreur ligne 1014: not all arguments converted during string formatting
[2026-01-26T14:46:45.793+0000] {logging_mixin.py:151} INFO -      ⚠️ Erreur ligne 1015: not all arguments converted during string formatting
[2026-01-26T14:46:45.794+0000] {logging_mixin.py:151} INFO -      ⚠️ Erreur ligne 1016: not all arguments converted during string formatting
[2026-01-26T14:46:45.794+0000] {logging_mixin.py:151} INFO -      ⚠️ Erreur ligne 1017: not all arguments converted during string formatting
[2026-01-26T14:46:45.795+0000] {logging_mixin.py:151} INFO -      ✅ 0 lignes insérées, 0 doublons ignorés
[2026-01-26T14:46:45.795+0000] {logging_mixin.py:151} INFO -   ✅ Fichier traité avec succès !
[2026-01-26T14:46:45.795+0000] {logging_mixin.py:151} INFO - 
--------------------------------------------------------------------------------
[2026-01-26T14:46:45.795+0000] {logging_mixin.py:151} INFO - 📄 Traitement de : GOOGL_2026-01-26 06:13:31.897613+00:00.csv
[2026-01-26T14:46:45.796+0000] {logging_mixin.py:151} INFO - --------------------------------------------------------------------------------
[2026-01-26T14:46:45.796+0000] {logging_mixin.py:151} INFO -   1️⃣ Lecture du CSV...
[2026-01-26T14:46:45.803+0000] {logging_mixin.py:151} INFO -      ✅ Lu 1018 lignes
[2026-01-26T14:46:45.803+0000] {logging_mixin.py:151} INFO -      Colonnes: ['Date', 'Open', 'High', 'Low', 'Close', 'Volume', 'Dividends', 'Stock Splits', 'symbol', 'extracted_at']
[2026-01-26T14:46:45.803+0000] {logging_mixin.py:151} INFO -   2️⃣ Nettoyage des colonnes...
[2026-01-26T14:46:45.805+0000] {logging_mixin.py:151} INFO -      ✅ Colonnes nettoyées: ['date', 'open', 'high', 'low', 'close', 'volume', 'dividends', 'stock_splits', 'symbol', 'extracted_at']
[2026-01-26T14:46:45.806+0000] {logging_mixin.py:151} INFO -   3️⃣ Conversion des dates...
[2026-01-26T14:46:45.813+0000] {logging_mixin.py:151} INFO -      ✅ Dates converties
[2026-01-26T14:46:45.813+0000] {logging_mixin.py:151} INFO -   4️⃣ Nettoyage des données...
[2026-01-26T14:46:45.817+0000] {logging_mixin.py:151} INFO -      ✅ 1018 → 1018 lignes (après nettoyage)
[2026-01-26T14:46:45.818+0000] {logging_mixin.py:151} INFO -   5️⃣ Connexion à la base de données...
[2026-01-26T14:46:45.822+0000] {logging_mixin.py:151} INFO -      ✅ Connecté
[2026-01-26T14:46:45.823+0000] {logging_mixin.py:151} INFO -   6️⃣ Insertion des données...
[2026-01-26T14:46:45.824+0000] {logging_mixin.py:151} INFO -      ⚠️ Erreur ligne 0: not all arguments converted during string formatting
[2026-01-26T14:46:45.824+0000] {logging_mixin.py:151} INFO -      ⚠️ Erreur ligne 1: not all arguments converted during string formatting
[2026-01-26T14:46:45.825+0000] {logging_mixin.py:151} INFO -      ⚠️ Erreur ligne 2: not all arguments converted during string formatting
[2026-01-26T14:46:45.826+0000] {logging_mixin.py:151} INFO -      ⚠️ Erreur ligne 3: not all arguments converted during string formatting
[2026-01-26T14:46:45.826+0000] {logging_mixin.py:151} INFO -      ⚠️ Erreur ligne 4: not all arguments converted during string formatting
[2026-01-26T14:46:45.827+0000] {logging_mixin.py:151} INFO -      ⚠️ Erreur ligne 5: not all arguments converted during string formatting
[2026-01-26T14:46:45.828+0000] {logging_mixin.py:151} INFO -      ⚠️ Erreur ligne 6: not all arguments converted during string formatting
[2026-01-26T14:46:45.828+0000] {logging_mixin.py:151} INFO -      ⚠️ Erreur ligne 7: not all arguments converted during string formatting
[2026-01-26T14:46:45.829+0000] {logging_mixin.py:151} INFO -      ⚠️ Erreur ligne 8: not all arguments converted during string formatting
[2026-01-26T14:46:45.829+0000] {logging_mixin.py:151} INFO -      ⚠️ Erreur ligne 9: not all arguments converted during string formatting
[2026-01-26T14:46:45.830+0000] {logging_mixin.py:151} INFO -      ⚠️ Erreur ligne 10: not all arguments converted during string formatting
[2026-01-26T14:46:45.830+0000] {logging_mixin.py:151} INFO -      ⚠️ Erreur ligne 11: not all arguments converted during string formatting
[2026-01-26T14:46:45.831+0000] {logging_mixin.py:151} INFO -      ⚠️ Erreur ligne 12: not all arguments converted during string formatting
[2026-01-26T14:46:45.831+0000] {logging_mixin.py:151} INFO -      ⚠️ Erreur ligne 13: not all arguments converted during string formatting
[2026-01-26T14:46:45.832+0000] {logging_mixin.py:151} INFO -      ⚠️ Erreur ligne 14: not all arguments converted during string formatting
[2026-01-26T14:46:45.832+0000] {logging_mixin.py:151} INFO -      ⚠️ Erreur ligne 15: not all arguments converted during string formatting
[2026-01-26T14:46:45.833+0000] {logging_mixin.py:151} INFO -      ⚠️ Erreur ligne 16: not all arguments converted during string formatting
[2026-01-26T14:46:45.833+0000] {logging_mixin.py:151} INFO -      ⚠️ Erreur ligne 17: not all arguments converted during string formatting
[2026-01-26T14:46:45.834+0000] {logging_mixin.py:151} INFO -      ⚠️ Erreur ligne 18: not all arguments converted during string formatting
[2026-01-26T14:46:45.834+0000] {logging_mixin.py:151} INFO -      ⚠️ Erreur ligne 19: not all arguments converted during string formatting
[2026-01-26T14:46:45.835+0000] {logging_mixin.py:151} INFO -      ⚠️ Erreur ligne 20: not all arguments converted during string formatting
[2026-01-26T14:46:45.835+0000] {logging_mixin.py:151} INFO -      ⚠️ Erreur ligne 21: not all arguments converted during string formatting
[2026-01-26T14:46:45.836+0000] {logging_mixin.py:151} INFO -      ⚠️ Erreur ligne 22: not all arguments converted during string formatting
[2026-01-26T14:46:45.837+0000] {logging_mixin.py:151} INFO -      ⚠️ Erreur ligne 23: not all arguments converted during string formatting
[2026-01-26T14:46:45.837+0000] {logging_mixin.py:151} INFO -      ⚠️ Erreur ligne 24: not all arguments converted during string formatting
[2026-01-26T14:46:45.838+0000] {logging_mixin.py:151} INFO -      ⚠️ Erreur ligne 25: not all arguments converted during string formatting
[2026-01-26T14:46:45.839+0000] {logging_mixin.py:151} INFO -      ⚠️ Erreur ligne 26: not all arguments converted during string formatting
[2026-01-26T14:46:45.840+0000] {logging_mixin.py:151} INFO -      ⚠️ Erreur ligne 27: not all arguments converted during string formatting
[2026-01-26T14:46:45.841+0000] {logging_mixin.py:151} INFO -      ⚠️ Erreur ligne 28: not all arguments converted during string formatting
[2026-01-26T14:46:45.841+0000] {logging_mixin.py:151} INFO -      ⚠️ Erreur ligne 29: not all arguments converted during string formatting
[2026-01-26T14:46:45.842+0000] {logging_mixin.py:151} INFO -      ⚠️ Erreur ligne 30: not all arguments converted during string formatting
[2026-01-26T14:46:45.843+0000] {logging_mixin.py:151} INFO -      ⚠️ Erreur ligne 31: not all arguments converted during string formatting
[2026-01-26T14:46:45.843+0000] {logging_mixin.py:151} INFO -      ⚠️ Erreur ligne 32: not all arguments converted during string formatting
[2026-01-26T14:46:45.844+0000] {logging_mixin.py:151} INFO -      ⚠️ Erreur ligne 33: not all arguments converted during string formatting
[2026-01-26T14:46:45.844+0000] {logging_mixin.py:151} INFO -      ⚠️ Erreur ligne 34: not all arguments converted during string formatting
[2026-01-26T14:46:45.844+0000] {logging_mixin.py:151} INFO -      ⚠️ Erreur ligne 35: not all arguments converted during string formatting
[2026-01-26T14:46:45.845+0000] {logging_mixin.py:151} INFO -      ⚠️ Erreur ligne 36: not all arguments converted during string formatting
[2026-01-26T14:46:45.845+0000] {logging_mixin.py:151} INFO -      ⚠️ Erreur ligne 37: not all arguments converted during string formatting
[2026-01-26T14:46:45.846+0000] {logging_mixin.py:151} INFO -      ⚠️ Erreur ligne 38: not all arguments converted during string formatting
[2026-01-26T14:46:45.847+0000] {logging_mixin.py:151} INFO -      ⚠️ Erreur ligne 39: not all arguments converted during string formatting
[2026-01-26T14:46:45.847+0000] {logging_mixin.py:151} INFO -      ⚠️ Erreur ligne 40: not all arguments converted during string formatting
[2026-01-26T14:46:45.848+0000] {logging_mixin.py:151} INFO -      ⚠️ Erreur ligne 41: not all arguments converted during string formatting
[2026-01-26T14:46:45.849+0000] {logging_mixin.py:151} INFO -      ⚠️ Erreur ligne 42: not all arguments converted during string formatting
[2026-01-26T14:46:45.849+0000] {logging_mixin.py:151} INFO -      ⚠️ Erreur ligne 43: not all arguments converted during string formatting
[2026-01-26T14:46:45.850+0000] {logging_mixin.py:151} INFO -      ⚠️ Erreur ligne 44: not all arguments converted during string formatting
[2026-01-26T14:46:45.850+0000] {logging_mixin.py:151} INFO -      ⚠️ Erreur ligne 45: not all arguments converted during string formatting
[2026-01-26T14:46:45.851+0000] {logging_mixin.py:151} INFO -      ⚠️ Erreur ligne 46: not all arguments converted during string formatting
[2026-01-26T14:46:45.851+0000] {logging_mixin.py:151} INFO -      ⚠️ Erreur ligne 47: not all arguments converted during string formatting
[2026-01-26T14:46:45.852+0000] {logging_mixin.py:151} INFO -      ⚠️ Erreur ligne 48: not all arguments converted during string formatting
[2026-01-26T14:46:45.852+0000] {logging_mixin.py:151} INFO -      ⚠️ Erreur ligne 49: not all arguments converted during string formatting
[2026-01-26T14:46:45.853+0000] {logging_mixin.py:151} INFO -      ⚠️ Erreur ligne 50: not all arguments converted during string formatting
[2026-01-26T14:46:45.854+0000] {logging_mixin.py:151} INFO -      ⚠️ Erreur ligne 51: not all arguments converted during string formatting
[2026-01-26T14:46:45.854+0000] {logging_mixin.py:151} INFO -      ⚠️ Erreur ligne 52: not all arguments converted during string formatting
[2026-01-26T14:46:45.854+0000] {logging_mixin.py:151} INFO -      ⚠️ Erreur ligne 53: not all arguments converted during string formatting
[2026-01-26T14:46:45.855+0000] {logging_mixin.py:151} INFO -      ⚠️ Erreur ligne 54: not all arguments converted during string formatting
[2026-01-26T14:46:45.855+0000] {logging_mixin.py:151} INFO -      ⚠️ Erreur ligne 55: not all arguments converted during string formatting
[2026-01-26T14:46:45.856+0000] {logging_mixin.py:151} INFO -      ⚠️ Erreur ligne 56: not all arguments converted during string formatting
[2026-01-26T14:46:45.856+0000] {logging_mixin.py:151} INFO -      ⚠️ Erreur ligne 57: not all arguments converted during string formatting
[2026-01-26T14:46:45.856+0000] {logging_mixin.py:151} INFO -      ⚠️ Erreur ligne 58: not all arguments converted during string formatting
[2026-01-26T14:46:45.857+0000] {logging_mixin.py:151} INFO -      ⚠️ Erreur ligne 59: not all arguments converted during string formatting
[2026-01-26T14:46:45.857+0000] {logging_mixin.py:151} INFO -      ⚠️ Erreur ligne 60: not all arguments converted during string formatting
[2026-01-26T14:46:45.857+0000] {logging_mixin.py:151} INFO -      ⚠️ Erreur ligne 61: not all arguments converted during string formatting
[2026-01-26T14:46:45.858+0000] {logging_mixin.py:151} INFO -      ⚠️ Erreur ligne 62: not all arguments converted during string formatting
[2026-01-26T14:46:45.858+0000] {logging_mixin.py:151} INFO -      ⚠️ Erreur ligne 63: not all arguments converted during string formatting
[2026-01-26T14:46:45.859+0000] {logging_mixin.py:151} INFO -      ⚠️ Erreur ligne 64: not all arguments converted during string formatting
[2026-01-26T14:46:45.859+0000] {logging_mixin.py:151} INFO -      ⚠️ Erreur ligne 65: not all arguments converted during string formatting
[2026-01-26T14:46:45.860+0000] {logging_mixin.py:151} INFO -      ⚠️ Erreur ligne 66: not all arguments converted during string formatting
[2026-01-26T14:46:45.861+0000] {logging_mixin.py:151} INFO -      ⚠️ Erreur ligne 67: not all arguments converted during string formatting
[2026-01-26T14:46:45.861+0000] {logging_mixin.py:151} INFO -      ⚠️ Erreur ligne 68: not all arguments converted during string formatting
[2026-01-26T14:46:45.862+0000] {logging_mixin.py:151} INFO -      ⚠️ Erreur ligne 69: not all arguments converted during string formatting
[2026-01-26T14:46:45.863+0000] {logging_mixin.py:151} INFO -      ⚠️ Erreur ligne 70: not all arguments converted during string formatting
[2026-01-26T14:46:45.864+0000] {logging_mixin.py:151} INFO -      ⚠️ Erreur ligne 71: not all arguments converted during string formatting
[2026-01-26T14:46:45.864+0000] {logging_mixin.py:151} INFO -      ⚠️ Erreur ligne 72: not all arguments converted during string formatting
[2026-01-26T14:46:45.865+0000] {logging_mixin.py:151} INFO -      ⚠️ Erreur ligne 73: not all arguments converted during string formatting
[2026-01-26T14:46:45.865+0000] {logging_mixin.py:151} INFO -      ⚠️ Erreur ligne 74: not all arguments converted during string formatting
[2026-01-26T14:46:45.866+0000] {logging_mixin.py:151} INFO -      ⚠️ Erreur ligne 75: not all arguments converted during string formatting
[2026-01-26T14:46:45.866+0000] {logging_mixin.py:151} INFO -      ⚠️ Erreur ligne 76: not all arguments converted during string formatting
[2026-01-26T14:46:45.867+0000] {logging_mixin.py:151} INFO -      ⚠️ Erreur ligne 77: not all arguments converted during string formatting
[2026-01-26T14:46:45.868+0000] {logging_mixin.py:151} INFO -      ⚠️ Erreur ligne 78: not all arguments converted during string formatting
[2026-01-26T14:46:45.869+0000] {logging_mixin.py:151} INFO -      ⚠️ Erreur ligne 79: not all arguments converted during string formatting
[2026-01-26T14:46:45.870+0000] {logging_mixin.py:151} INFO -      ⚠️ Erreur ligne 80: not all arguments converted during string formatting
[2026-01-26T14:46:45.870+0000] {logging_mixin.py:151} INFO -      ⚠️ Erreur ligne 81: not all arguments converted during string formatting
[2026-01-26T14:46:45.871+0000] {logging_mixin.py:151} INFO -      ⚠️ Erreur ligne 82: not all arguments converted during string formatting
[2026-01-26T14:46:45.872+0000] {logging_mixin.py:151} INFO -      ⚠️ Erreur ligne 83: not all arguments converted during string formatting
[2026-01-26T14:46:45.872+0000] {logging_mixin.py:151} INFO -      ⚠️ Erreur ligne 84: not all arguments converted during string formatting
[2026-01-26T14:46:45.873+0000] {logging_mixin.py:151} INFO -      ⚠️ Erreur ligne 85: not all arguments converted during string formatting
[2026-01-26T14:46:45.873+0000] {logging_mixin.py:151} INFO -      ⚠️ Erreur ligne 86: not all arguments converted during string formatting
[2026-01-26T14:46:45.874+0000] {logging_mixin.py:151} INFO -      ⚠️ Erreur ligne 87: not all arguments converted during string formatting
[2026-01-26T14:46:45.874+0000] {logging_mixin.py:151} INFO -      ⚠️ Erreur ligne 88: not all arguments converted during string formatting
[2026-01-26T14:46:45.875+0000] {logging_mixin.py:151} INFO -      ⚠️ Erreur ligne 89: not all arguments converted during string formatting
[2026-01-26T14:46:45.875+0000] {logging_mixin.py:151} INFO -      ⚠️ Erreur ligne 90: not all arguments converted during string formatting
[2026-01-26T14:46:45.875+0000] {logging_mixin.py:151} INFO -      ⚠️ Erreur ligne 91: not all arguments converted during string formatting
[2026-01-26T14:46:45.876+0000] {logging_mixin.py:151} INFO -      ⚠️ Erreur ligne 92: not all arguments converted during string formatting
[2026-01-26T14:46:45.876+0000] {logging_mixin.py:151} INFO -      ⚠️ Erreur ligne 93: not all arguments converted during string formatting
[2026-01-26T14:46:45.877+0000] {logging_mixin.py:151} INFO -      ⚠️ Erreur ligne 94: not all arguments converted during string formatting
[2026-01-26T14:46:45.877+0000] {logging_mixin.py:151} INFO -      ⚠️ Erreur ligne 95: not all arguments converted during string formatting
[2026-01-26T14:46:45.877+0000] {logging_mixin.py:151} INFO -      ⚠️ Erreur ligne 96: not all arguments converted during string formatting
[2026-01-26T14:46:45.878+0000] {logging_mixin.py:151} INFO -      ⚠️ Erreur ligne 97: not all arguments converted during string formatting
[2026-01-26T14:46:45.878+0000] {logging_mixin.py:151} INFO -      ⚠️ Erreur ligne 98: not all arguments converted during string formatting
[2026-01-26T14:46:45.878+0000] {logging_mixin.py:151} INFO -      ⚠️ Erreur ligne 99: not all arguments converted during string formatting
[2026-01-26T14:46:45.879+0000] {logging_mixin.py:151} INFO -      ⚠️ Erreur ligne 100: not all arguments converted during string formatting
[2026-01-26T14:46:45.879+0000] {logging_mixin.py:151} INFO -      ⚠️ Erreur ligne 101: not all arguments converted during string formatting
[2026-01-26T14:46:45.880+0000] {logging_mixin.py:151} INFO -      ⚠️ Erreur ligne 102: not all arguments converted during string formatting
[2026-01-26T14:46:45.880+0000] {logging_mixin.py:151} INFO -      ⚠️ Erreur ligne 103: not all arguments converted during string formatting
[2026-01-26T14:46:45.881+0000] {logging_mixin.py:151} INFO -      ⚠️ Erreur ligne 104: not all arguments converted during string formatting
[2026-01-26T14:46:45.882+0000] {logging_mixin.py:151} INFO -      ⚠️ Erreur ligne 105: not all arguments converted during string formatting
[2026-01-26T14:46:45.883+0000] {logging_mixin.py:151} INFO -      ⚠️ Erreur ligne 106: not all arguments converted during string formatting
[2026-01-26T14:46:45.883+0000] {logging_mixin.py:151} INFO -      ⚠️ Erreur ligne 107: not all arguments converted during string formatting
[2026-01-26T14:46:45.884+0000] {logging_mixin.py:151} INFO -      ⚠️ Erreur ligne 108: not all arguments converted during string formatting
[2026-01-26T14:46:45.884+0000] {logging_mixin.py:151} INFO -      ⚠️ Erreur ligne 109: not all arguments converted during string formatting
[2026-01-26T14:46:45.885+0000] {logging_mixin.py:151} INFO -      ⚠️ Erreur ligne 110: not all arguments converted during string formatting
[2026-01-26T14:46:45.885+0000] {logging_mixin.py:151} INFO -      ⚠️ Erreur ligne 111: not all arguments converted during string formatting
[2026-01-26T14:46:45.886+0000] {logging_mixin.py:151} INFO -      ⚠️ Erreur ligne 112: not all arguments converted during string formatting
[2026-01-26T14:46:45.886+0000] {logging_mixin.py:151} INFO -      ⚠️ Erreur ligne 113: not all arguments converted during string formatting
[2026-01-26T14:46:45.887+0000] {logging_mixin.py:151} INFO -      ⚠️ Erreur ligne 114: not all arguments converted during string formatting
[2026-01-26T14:46:45.888+0000] {logging_mixin.py:151} INFO -      ⚠️ Erreur ligne 115: not all arguments converted during string formatting
[2026-01-26T14:46:45.889+0000] {logging_mixin.py:151} INFO -      ⚠️ Erreur ligne 116: not all arguments converted during string formatting
[2026-01-26T14:46:45.889+0000] {logging_mixin.py:151} INFO -      ⚠️ Erreur ligne 117: not all arguments converted during string formatting
[2026-01-26T14:46:45.890+0000] {logging_mixin.py:151} INFO -      ⚠️ Erreur ligne 118: not all arguments converted during string formatting
[2026-01-26T14:46:45.891+0000] {logging_mixin.py:151} INFO -      ⚠️ Erreur ligne 119: not all arguments converted during string formatting
[2026-01-26T14:46:45.891+0000] {logging_mixin.py:151} INFO -      ⚠️ Erreur ligne 120: not all arguments converted during string formatting
[2026-01-26T14:46:45.892+0000] {logging_mixin.py:151} INFO -      ⚠️ Erreur ligne 121: not all arguments converted during string formatting
[2026-01-26T14:46:45.892+0000] {logging_mixin.py:151} INFO -      ⚠️ Erreur ligne 122: not all arguments converted during string formatting
[2026-01-26T14:46:45.893+0000] {logging_mixin.py:151} INFO -      ⚠️ Erreur ligne 123: not all arguments converted during string formatting
[2026-01-26T14:46:45.893+0000] {logging_mixin.py:151} INFO -      ⚠️ Erreur ligne 124: not all arguments converted during string formatting
[2026-01-26T14:46:45.894+0000] {logging_mixin.py:151} INFO -      ⚠️ Erreur ligne 125: not all arguments converted during string formatting
[2026-01-26T14:46:45.894+0000] {logging_mixin.py:151} INFO -      ⚠️ Erreur ligne 126: not all arguments converted during string formatting
[2026-01-26T14:46:45.894+0000] {logging_mixin.py:151} INFO -      ⚠️ Erreur ligne 127: not all arguments converted during string formatting
[2026-01-26T14:46:45.895+0000] {logging_mixin.py:151} INFO -      ⚠️ Erreur ligne 128: not all arguments converted during string formatting
[2026-01-26T14:46:45.895+0000] {logging_mixin.py:151} INFO -      ⚠️ Erreur ligne 129: not all arguments converted during string formatting
[2026-01-26T14:46:45.896+0000] {logging_mixin.py:151} INFO -      ⚠️ Erreur ligne 130: not all arguments converted during string formatting
[2026-01-26T14:46:45.896+0000] {logging_mixin.py:151} INFO -      ⚠️ Erreur ligne 131: not all arguments converted during string formatting
[2026-01-26T14:46:45.896+0000] {logging_mixin.py:151} INFO -      ⚠️ Erreur ligne 132: not all arguments converted during string formatting
[2026-01-26T14:46:45.897+0000] {logging_mixin.py:151} INFO -      ⚠️ Erreur ligne 133: not all arguments converted during string formatting
[2026-01-26T14:46:45.897+0000] {logging_mixin.py:151} INFO -      ⚠️ Erreur ligne 134: not all arguments converted during string formatting
[2026-01-26T14:46:45.898+0000] {logging_mixin.py:151} INFO -      ⚠️ Erreur ligne 135: not all arguments converted during string formatting
[2026-01-26T14:46:45.898+0000] {logging_mixin.py:151} INFO -      ⚠️ Erreur ligne 136: not all arguments converted during string formatting
[2026-01-26T14:46:45.899+0000] {logging_mixin.py:151} INFO -      ⚠️ Erreur ligne 137: not all arguments converted during string formatting
[2026-01-26T14:46:45.899+0000] {logging_mixin.py:151} INFO -      ⚠️ Erreur ligne 138: not all arguments converted during string formatting
[2026-01-26T14:46:45.899+0000] {logging_mixin.py:151} INFO -      ⚠️ Erreur ligne 139: not all arguments converted during string formatting
[2026-01-26T14:46:45.900+0000] {logging_mixin.py:151} INFO -      ⚠️ Erreur ligne 140: not all arguments converted during string formatting
[2026-01-26T14:46:45.900+0000] {logging_mixin.py:151} INFO -      ⚠️ Erreur ligne 141: not all arguments converted during string formatting
[2026-01-26T14:46:45.900+0000] {logging_mixin.py:151} INFO -      ⚠️ Erreur ligne 142: not all arguments converted during string formatting
[2026-01-26T14:46:45.901+0000] {logging_mixin.py:151} INFO -      ⚠️ Erreur ligne 143: not all arguments converted during string formatting
[2026-01-26T14:46:45.902+0000] {logging_mixin.py:151} INFO -      ⚠️ Erreur ligne 144: not all arguments converted during string formatting
[2026-01-26T14:46:45.903+0000] {logging_mixin.py:151} INFO -      ⚠️ Erreur ligne 145: not all arguments converted during string formatting
[2026-01-26T14:46:45.904+0000] {logging_mixin.py:151} INFO -      ⚠️ Erreur ligne 146: not all arguments converted during string formatting
[2026-01-26T14:46:45.905+0000] {logging_mixin.py:151} INFO -      ⚠️ Erreur ligne 147: not all arguments converted during string formatting
[2026-01-26T14:46:45.906+0000] {logging_mixin.py:151} INFO -      ⚠️ Erreur ligne 148: not all arguments converted during string formatting
[2026-01-26T14:46:45.906+0000] {logging_mixin.py:151} INFO -      ⚠️ Erreur ligne 149: not all arguments converted during string formatting
[2026-01-26T14:46:45.907+0000] {logging_mixin.py:151} INFO -      ⚠️ Erreur ligne 150: not all arguments converted during string formatting
[2026-01-26T14:46:45.908+0000] {logging_mixin.py:151} INFO -      ⚠️ Erreur ligne 151: not all arguments converted during string formatting
[2026-01-26T14:46:45.908+0000] {logging_mixin.py:151} INFO -      ⚠️ Erreur ligne 152: not all arguments converted during string formatting
[2026-01-26T14:46:45.909+0000] {logging_mixin.py:151} INFO -      ⚠️ Erreur ligne 153: not all arguments converted during string formatting
[2026-01-26T14:46:45.910+0000] {logging_mixin.py:151} INFO -      ⚠️ Erreur ligne 154: not all arguments converted during string formatting
[2026-01-26T14:46:45.911+0000] {logging_mixin.py:151} INFO -      ⚠️ Erreur ligne 155: not all arguments converted during string formatting
[2026-01-26T14:46:45.912+0000] {logging_mixin.py:151} INFO -      ⚠️ Erreur ligne 156: not all arguments converted during string formatting
[2026-01-26T14:46:45.913+0000] {logging_mixin.py:151} INFO -      ⚠️ Erreur ligne 157: not all arguments converted during string formatting
[2026-01-26T14:46:45.913+0000] {logging_mixin.py:151} INFO -      ⚠️ Erreur ligne 158: not all arguments converted during string formatting
[2026-01-26T14:46:45.914+0000] {logging_mixin.py:151} INFO -      ⚠️ Erreur ligne 159: not all arguments converted during string formatting
[2026-01-26T14:46:45.914+0000] {logging_mixin.py:151} INFO -      ⚠️ Erreur ligne 160: not all arguments converted during string formatting
[2026-01-26T14:46:45.915+0000] {logging_mixin.py:151} INFO -      ⚠️ Erreur ligne 161: not all arguments converted during string formatting
[2026-01-26T14:46:45.915+0000] {logging_mixin.py:151} INFO -      ⚠️ Erreur ligne 162: not all arguments converted during string formatting
[2026-01-26T14:46:45.916+0000] {logging_mixin.py:151} INFO -      ⚠️ Erreur ligne 163: not all arguments converted during string formatting
[2026-01-26T14:46:45.916+0000] {logging_mixin.py:151} INFO -      ⚠️ Erreur ligne 164: not all arguments converted during string formatting
[2026-01-26T14:46:45.917+0000] {logging_mixin.py:151} INFO -      ⚠️ Erreur ligne 165: not all arguments converted during string formatting
[2026-01-26T14:46:45.917+0000] {logging_mixin.py:151} INFO -      ⚠️ Erreur ligne 166: not all arguments converted during string formatting
[2026-01-26T14:46:45.918+0000] {logging_mixin.py:151} INFO -      ⚠️ Erreur ligne 167: not all arguments converted during string formatting
[2026-01-26T14:46:45.918+0000] {logging_mixin.py:151} INFO -      ⚠️ Erreur ligne 168: not all arguments converted during string formatting
[2026-01-26T14:46:45.919+0000] {logging_mixin.py:151} INFO -      ⚠️ Erreur ligne 169: not all arguments converted during string formatting
[2026-01-26T14:46:45.919+0000] {logging_mixin.py:151} INFO -      ⚠️ Erreur ligne 170: not all arguments converted during string formatting
[2026-01-26T14:46:45.920+0000] {logging_mixin.py:151} INFO -      ⚠️ Erreur ligne 171: not all arguments converted during string formatting
[2026-01-26T14:46:45.920+0000] {logging_mixin.py:151} INFO -      ⚠️ Erreur ligne 172: not all arguments converted during string formatting
[2026-01-26T14:46:45.921+0000] {logging_mixin.py:151} INFO -      ⚠️ Erreur ligne 173: not all arguments converted during string formatting
[2026-01-26T14:46:45.922+0000] {logging_mixin.py:151} INFO -      ⚠️ Erreur ligne 174: not all arguments converted during string formatting
[2026-01-26T14:46:45.923+0000] {logging_mixin.py:151} INFO -      ⚠️ Erreur ligne 175: not all arguments converted during string formatting
[2026-01-26T14:46:45.924+0000] {logging_mixin.py:151} INFO -      ⚠️ Erreur ligne 176: not all arguments converted during string formatting
[2026-01-26T14:46:45.925+0000] {logging_mixin.py:151} INFO -      ⚠️ Erreur ligne 177: not all arguments converted during string formatting
[2026-01-26T14:46:45.926+0000] {logging_mixin.py:151} INFO -      ⚠️ Erreur ligne 178: not all arguments converted during string formatting
[2026-01-26T14:46:45.926+0000] {logging_mixin.py:151} INFO -      ⚠️ Erreur ligne 179: not all arguments converted during string formatting
[2026-01-26T14:46:45.927+0000] {logging_mixin.py:151} INFO -      ⚠️ Erreur ligne 180: not all arguments converted during string formatting
[2026-01-26T14:46:45.928+0000] {logging_mixin.py:151} INFO -      ⚠️ Erreur ligne 181: not all arguments converted during string formatting
[2026-01-26T14:46:45.929+0000] {logging_mixin.py:151} INFO -      ⚠️ Erreur ligne 182: not all arguments converted during string formatting
[2026-01-26T14:46:45.929+0000] {logging_mixin.py:151} INFO -      ⚠️ Erreur ligne 183: not all arguments converted during string formatting
[2026-01-26T14:46:45.930+0000] {logging_mixin.py:151} INFO -      ⚠️ Erreur ligne 184: not all arguments converted during string formatting
[2026-01-26T14:46:45.931+0000] {logging_mixin.py:151} INFO -      ⚠️ Erreur ligne 185: not all arguments converted during string formatting
[2026-01-26T14:46:45.931+0000] {logging_mixin.py:151} INFO -      ⚠️ Erreur ligne 186: not all arguments converted during string formatting
[2026-01-26T14:46:45.932+0000] {logging_mixin.py:151} INFO -      ⚠️ Erreur ligne 187: not all arguments converted during string formatting
[2026-01-26T14:46:45.932+0000] {logging_mixin.py:151} INFO -      ⚠️ Erreur ligne 188: not all arguments converted during string formatting
[2026-01-26T14:46:45.933+0000] {logging_mixin.py:151} INFO -      ⚠️ Erreur ligne 189: not all arguments converted during string formatting
[2026-01-26T14:46:45.933+0000] {logging_mixin.py:151} INFO -      ⚠️ Erreur ligne 190: not all arguments converted during string formatting
[2026-01-26T14:46:45.934+0000] {logging_mixin.py:151} INFO -      ⚠️ Erreur ligne 191: not all arguments converted during string formatting
[2026-01-26T14:46:45.934+0000] {logging_mixin.py:151} INFO -      ⚠️ Erreur ligne 192: not all arguments converted during string formatting
[2026-01-26T14:46:45.935+0000] {logging_mixin.py:151} INFO -      ⚠️ Erreur ligne 193: not all arguments converted during string formatting
[2026-01-26T14:46:45.937+0000] {logging_mixin.py:151} INFO -      ⚠️ Erreur ligne 194: not all arguments converted during string formatting
[2026-01-26T14:46:45.938+0000] {logging_mixin.py:151} INFO -      ⚠️ Erreur ligne 195: not all arguments converted during string formatting
[2026-01-26T14:46:45.939+0000] {logging_mixin.py:151} INFO -      ⚠️ Erreur ligne 196: not all arguments converted during string formatting
[2026-01-26T14:46:45.940+0000] {logging_mixin.py:151} INFO -      ⚠️ Erreur ligne 197: not all arguments converted during string formatting
[2026-01-26T14:46:45.940+0000] {logging_mixin.py:151} INFO -      ⚠️ Erreur ligne 198: not all arguments converted during string formatting
[2026-01-26T14:46:45.941+0000] {logging_mixin.py:151} INFO -      ⚠️ Erreur ligne 199: not all arguments converted during string formatting
[2026-01-26T14:46:45.943+0000] {logging_mixin.py:151} INFO -      ⚠️ Erreur ligne 200: not all arguments converted during string formatting
[2026-01-26T14:46:45.944+0000] {logging_mixin.py:151} INFO -      ⚠️ Erreur ligne 201: not all arguments converted during string formatting
[2026-01-26T14:46:45.944+0000] {logging_mixin.py:151} INFO -      ⚠️ Erreur ligne 202: not all arguments converted during string formatting
[2026-01-26T14:46:45.945+0000] {logging_mixin.py:151} INFO -      ⚠️ Erreur ligne 203: not all arguments converted during string formatting
[2026-01-26T14:46:45.946+0000] {logging_mixin.py:151} INFO -      ⚠️ Erreur ligne 204: not all arguments converted during string formatting
[2026-01-26T14:46:45.946+0000] {logging_mixin.py:151} INFO -      ⚠️ Erreur ligne 205: not all arguments converted during string formatting
[2026-01-26T14:46:45.947+0000] {logging_mixin.py:151} INFO -      ⚠️ Erreur ligne 206: not all arguments converted during string formatting
[2026-01-26T14:46:45.948+0000] {logging_mixin.py:151} INFO -      ⚠️ Erreur ligne 207: not all arguments converted during string formatting
[2026-01-26T14:46:45.948+0000] {logging_mixin.py:151} INFO -      ⚠️ Erreur ligne 208: not all arguments converted during string formatting
[2026-01-26T14:46:45.949+0000] {logging_mixin.py:151} INFO -      ⚠️ Erreur ligne 209: not all arguments converted during string formatting
[2026-01-26T14:46:45.949+0000] {logging_mixin.py:151} INFO -      ⚠️ Erreur ligne 210: not all arguments converted during string formatting
[2026-01-26T14:46:45.950+0000] {logging_mixin.py:151} INFO -      ⚠️ Erreur ligne 211: not all arguments converted during string formatting
[2026-01-26T14:46:45.950+0000] {logging_mixin.py:151} INFO -      ⚠️ Erreur ligne 212: not all arguments converted during string formatting
[2026-01-26T14:46:45.951+0000] {logging_mixin.py:151} INFO -      ⚠️ Erreur ligne 213: not all arguments converted during string formatting
[2026-01-26T14:46:45.951+0000] {logging_mixin.py:151} INFO -      ⚠️ Erreur ligne 214: not all arguments converted during string formatting
[2026-01-26T14:46:45.952+0000] {logging_mixin.py:151} INFO -      ⚠️ Erreur ligne 215: not all arguments converted during string formatting
[2026-01-26T14:46:45.952+0000] {logging_mixin.py:151} INFO -      ⚠️ Erreur ligne 216: not all arguments converted during string formatting
[2026-01-26T14:46:45.953+0000] {logging_mixin.py:151} INFO -      ⚠️ Erreur ligne 217: not all arguments converted during string formatting
[2026-01-26T14:46:45.954+0000] {logging_mixin.py:151} INFO -      ⚠️ Erreur ligne 218: not all arguments converted during string formatting
[2026-01-26T14:46:45.954+0000] {logging_mixin.py:151} INFO -      ⚠️ Erreur ligne 219: not all arguments converted during string formatting
[2026-01-26T14:46:45.955+0000] {logging_mixin.py:151} INFO -      ⚠️ Erreur ligne 220: not all arguments converted during string formatting
[2026-01-26T14:46:45.955+0000] {logging_mixin.py:151} INFO -      ⚠️ Erreur ligne 221: not all arguments converted during string formatting
[2026-01-26T14:46:45.957+0000] {logging_mixin.py:151} INFO -      ⚠️ Erreur ligne 222: not all arguments converted during string formatting
[2026-01-26T14:46:45.958+0000] {logging_mixin.py:151} INFO -      ⚠️ Erreur ligne 223: not all arguments converted during string formatting
[2026-01-26T14:46:45.959+0000] {logging_mixin.py:151} INFO -      ⚠️ Erreur ligne 224: not all arguments converted during string formatting
[2026-01-26T14:46:45.959+0000] {logging_mixin.py:151} INFO -      ⚠️ Erreur ligne 225: not all arguments converted during string formatting
[2026-01-26T14:46:45.960+0000] {logging_mixin.py:151} INFO -      ⚠️ Erreur ligne 226: not all arguments converted during string formatting
[2026-01-26T14:46:45.961+0000] {logging_mixin.py:151} INFO -      ⚠️ Erreur ligne 227: not all arguments converted during string formatting
[2026-01-26T14:46:45.961+0000] {logging_mixin.py:151} INFO -      ⚠️ Erreur ligne 228: not all arguments converted during string formatting
[2026-01-26T14:46:45.962+0000] {logging_mixin.py:151} INFO -      ⚠️ Erreur ligne 229: not all arguments converted during string formatting
[2026-01-26T14:46:45.962+0000] {logging_mixin.py:151} INFO -      ⚠️ Erreur ligne 230: not all arguments converted during string formatting
[2026-01-26T14:46:45.963+0000] {logging_mixin.py:151} INFO -      ⚠️ Erreur ligne 231: not all arguments converted during string formatting
[2026-01-26T14:46:45.963+0000] {logging_mixin.py:151} INFO -      ⚠️ Erreur ligne 232: not all arguments converted during string formatting
[2026-01-26T14:46:45.964+0000] {logging_mixin.py:151} INFO -      ⚠️ Erreur ligne 233: not all arguments converted during string formatting
[2026-01-26T14:46:45.965+0000] {logging_mixin.py:151} INFO -      ⚠️ Erreur ligne 234: not all arguments converted during string formatting
[2026-01-26T14:46:45.965+0000] {logging_mixin.py:151} INFO -      ⚠️ Erreur ligne 235: not all arguments converted during string formatting
[2026-01-26T14:46:45.965+0000] {logging_mixin.py:151} INFO -      ⚠️ Erreur ligne 236: not all arguments converted during string formatting
[2026-01-26T14:46:45.966+0000] {logging_mixin.py:151} INFO -      ⚠️ Erreur ligne 237: not all arguments converted during string formatting
[2026-01-26T14:46:45.966+0000] {logging_mixin.py:151} INFO -      ⚠️ Erreur ligne 238: not all arguments converted during string formatting
[2026-01-26T14:46:45.967+0000] {logging_mixin.py:151} INFO -      ⚠️ Erreur ligne 239: not all arguments converted during string formatting
[2026-01-26T14:46:45.967+0000] {logging_mixin.py:151} INFO -      ⚠️ Erreur ligne 240: not all arguments converted during string formatting
[2026-01-26T14:46:45.968+0000] {logging_mixin.py:151} INFO -      ⚠️ Erreur ligne 241: not all arguments converted during string formatting
[2026-01-26T14:46:45.968+0000] {logging_mixin.py:151} INFO -      ⚠️ Erreur ligne 242: not all arguments converted during string formatting
[2026-01-26T14:46:45.969+0000] {logging_mixin.py:151} INFO -      ⚠️ Erreur ligne 243: not all arguments converted during string formatting
[2026-01-26T14:46:45.969+0000] {logging_mixin.py:151} INFO -      ⚠️ Erreur ligne 244: not all arguments converted during string formatting
[2026-01-26T14:46:45.970+0000] {logging_mixin.py:151} INFO -      ⚠️ Erreur ligne 245: not all arguments converted during string formatting
[2026-01-26T14:46:45.970+0000] {logging_mixin.py:151} INFO -      ⚠️ Erreur ligne 246: not all arguments converted during string formatting
[2026-01-26T14:46:45.970+0000] {logging_mixin.py:151} INFO -      ⚠️ Erreur ligne 247: not all arguments converted during string formatting
[2026-01-26T14:46:45.971+0000] {logging_mixin.py:151} INFO -      ⚠️ Erreur ligne 248: not all arguments converted during string formatting
[2026-01-26T14:46:45.972+0000] {logging_mixin.py:151} INFO -      ⚠️ Erreur ligne 249: not all arguments converted during string formatting
[2026-01-26T14:46:45.973+0000] {logging_mixin.py:151} INFO -      ⚠️ Erreur ligne 250: not all arguments converted during string formatting
[2026-01-26T14:46:45.974+0000] {logging_mixin.py:151} INFO -      ⚠️ Erreur ligne 251: not all arguments converted during string formatting
[2026-01-26T14:46:45.975+0000] {logging_mixin.py:151} INFO -      ⚠️ Erreur ligne 252: not all arguments converted during string formatting
[2026-01-26T14:46:45.976+0000] {logging_mixin.py:151} INFO -      ⚠️ Erreur ligne 253: not all arguments converted during string formatting
[2026-01-26T14:46:45.976+0000] {logging_mixin.py:151} INFO -      ⚠️ Erreur ligne 254: not all arguments converted during string formatting
[2026-01-26T14:46:45.977+0000] {logging_mixin.py:151} INFO -      ⚠️ Erreur ligne 255: not all arguments converted during string formatting
[2026-01-26T14:46:45.977+0000] {logging_mixin.py:151} INFO -      ⚠️ Erreur ligne 256: not all arguments converted during string formatting
[2026-01-26T14:46:45.978+0000] {logging_mixin.py:151} INFO -      ⚠️ Erreur ligne 257: not all arguments converted during string formatting
[2026-01-26T14:46:45.979+0000] {logging_mixin.py:151} INFO -      ⚠️ Erreur ligne 258: not all arguments converted during string formatting
[2026-01-26T14:46:45.980+0000] {logging_mixin.py:151} INFO -      ⚠️ Erreur ligne 259: not all arguments converted during string formatting
[2026-01-26T14:46:45.981+0000] {logging_mixin.py:151} INFO -      ⚠️ Erreur ligne 260: not all arguments converted during string formatting
[2026-01-26T14:46:45.981+0000] {logging_mixin.py:151} INFO -      ⚠️ Erreur ligne 261: not all arguments converted during string formatting
[2026-01-26T14:46:45.982+0000] {logging_mixin.py:151} INFO -      ⚠️ Erreur ligne 262: not all arguments converted during string formatting
[2026-01-26T14:46:45.982+0000] {logging_mixin.py:151} INFO -      ⚠️ Erreur ligne 263: not all arguments converted during string formatting
[2026-01-26T14:46:45.983+0000] {logging_mixin.py:151} INFO -      ⚠️ Erreur ligne 264: not all arguments converted during string formatting
[2026-01-26T14:46:45.983+0000] {logging_mixin.py:151} INFO -      ⚠️ Erreur ligne 265: not all arguments converted during string formatting
[2026-01-26T14:46:45.984+0000] {logging_mixin.py:151} INFO -      ⚠️ Erreur ligne 266: not all arguments converted during string formatting
[2026-01-26T14:46:45.985+0000] {logging_mixin.py:151} INFO -      ⚠️ Erreur ligne 267: not all arguments converted during string formatting
[2026-01-26T14:46:45.985+0000] {logging_mixin.py:151} INFO -      ⚠️ Erreur ligne 268: not all arguments converted during string formatting
[2026-01-26T14:46:45.985+0000] {logging_mixin.py:151} INFO -      ⚠️ Erreur ligne 269: not all arguments converted during string formatting
[2026-01-26T14:46:45.986+0000] {logging_mixin.py:151} INFO -      ⚠️ Erreur ligne 270: not all arguments converted during string formatting
[2026-01-26T14:46:45.987+0000] {logging_mixin.py:151} INFO -      ⚠️ Erreur ligne 271: not all arguments converted during string formatting
[2026-01-26T14:46:45.988+0000] {logging_mixin.py:151} INFO -      ⚠️ Erreur ligne 272: not all arguments converted during string formatting
[2026-01-26T14:46:45.988+0000] {logging_mixin.py:151} INFO -      ⚠️ Erreur ligne 273: not all arguments converted during string formatting
[2026-01-26T14:46:45.989+0000] {logging_mixin.py:151} INFO -      ⚠️ Erreur ligne 274: not all arguments converted during string formatting
[2026-01-26T14:46:45.990+0000] {logging_mixin.py:151} INFO -      ⚠️ Erreur ligne 275: not all arguments converted during string formatting
[2026-01-26T14:46:45.991+0000] {logging_mixin.py:151} INFO -      ⚠️ Erreur ligne 276: not all arguments converted during string formatting
[2026-01-26T14:46:45.994+0000] {logging_mixin.py:151} INFO -      ⚠️ Erreur ligne 277: not all arguments converted during string formatting
[2026-01-26T14:46:45.995+0000] {logging_mixin.py:151} INFO -      ⚠️ Erreur ligne 278: not all arguments converted during string formatting
[2026-01-26T14:46:45.995+0000] {logging_mixin.py:151} INFO -      ⚠️ Erreur ligne 279: not all arguments converted during string formatting
[2026-01-26T14:46:45.996+0000] {logging_mixin.py:151} INFO -      ⚠️ Erreur ligne 280: not all arguments converted during string formatting
[2026-01-26T14:46:45.997+0000] {logging_mixin.py:151} INFO -      ⚠️ Erreur ligne 281: not all arguments converted during string formatting
[2026-01-26T14:46:45.998+0000] {logging_mixin.py:151} INFO -      ⚠️ Erreur ligne 282: not all arguments converted during string formatting
[2026-01-26T14:46:45.999+0000] {logging_mixin.py:151} INFO -      ⚠️ Erreur ligne 283: not all arguments converted during string formatting
[2026-01-26T14:46:45.999+0000] {logging_mixin.py:151} INFO -      ⚠️ Erreur ligne 284: not all arguments converted during string formatting
[2026-01-26T14:46:46.000+0000] {logging_mixin.py:151} INFO -      ⚠️ Erreur ligne 285: not all arguments converted during string formatting
[2026-01-26T14:46:46.001+0000] {logging_mixin.py:151} INFO -      ⚠️ Erreur ligne 286: not all arguments converted during string formatting
[2026-01-26T14:46:46.002+0000] {logging_mixin.py:151} INFO -      ⚠️ Erreur ligne 287: not all arguments converted during string formatting
[2026-01-26T14:46:46.003+0000] {logging_mixin.py:151} INFO -      ⚠️ Erreur ligne 288: not all arguments converted during string formatting
[2026-01-26T14:46:46.003+0000] {logging_mixin.py:151} INFO -      ⚠️ Erreur ligne 289: not all arguments converted during string formatting
[2026-01-26T14:46:46.004+0000] {logging_mixin.py:151} INFO -      ⚠️ Erreur ligne 290: not all arguments converted during string formatting
[2026-01-26T14:46:46.006+0000] {logging_mixin.py:151} INFO -      ⚠️ Erreur ligne 291: not all arguments converted during string formatting
[2026-01-26T14:46:46.007+0000] {logging_mixin.py:151} INFO -      ⚠️ Erreur ligne 292: not all arguments converted during string formatting
[2026-01-26T14:46:46.009+0000] {logging_mixin.py:151} INFO -      ⚠️ Erreur ligne 293: not all arguments converted during string formatting
[2026-01-26T14:46:46.010+0000] {logging_mixin.py:151} INFO -      ⚠️ Erreur ligne 294: not all arguments converted during string formatting
[2026-01-26T14:46:46.010+0000] {logging_mixin.py:151} INFO -      ⚠️ Erreur ligne 295: not all arguments converted during string formatting
[2026-01-26T14:46:46.011+0000] {logging_mixin.py:151} INFO -      ⚠️ Erreur ligne 296: not all arguments converted during string formatting
[2026-01-26T14:46:46.012+0000] {logging_mixin.py:151} INFO -      ⚠️ Erreur ligne 297: not all arguments converted during string formatting
[2026-01-26T14:46:46.013+0000] {logging_mixin.py:151} INFO -      ⚠️ Erreur ligne 298: not all arguments converted during string formatting
[2026-01-26T14:46:46.013+0000] {logging_mixin.py:151} INFO -      ⚠️ Erreur ligne 299: not all arguments converted during string formatting
[2026-01-26T14:46:46.014+0000] {logging_mixin.py:151} INFO -      ⚠️ Erreur ligne 300: not all arguments converted during string formatting
[2026-01-26T14:46:46.015+0000] {logging_mixin.py:151} INFO -      ⚠️ Erreur ligne 301: not all arguments converted during string formatting
[2026-01-26T14:46:46.016+0000] {logging_mixin.py:151} INFO -      ⚠️ Erreur ligne 302: not all arguments converted during string formatting
[2026-01-26T14:46:46.017+0000] {logging_mixin.py:151} INFO -      ⚠️ Erreur ligne 303: not all arguments converted during string formatting
[2026-01-26T14:46:46.018+0000] {logging_mixin.py:151} INFO -      ⚠️ Erreur ligne 304: not all arguments converted during string formatting
[2026-01-26T14:46:46.020+0000] {logging_mixin.py:151} INFO -      ⚠️ Erreur ligne 305: not all arguments converted during string formatting
[2026-01-26T14:46:46.021+0000] {logging_mixin.py:151} INFO -      ⚠️ Erreur ligne 306: not all arguments converted during string formatting
[2026-01-26T14:46:46.022+0000] {logging_mixin.py:151} INFO -      ⚠️ Erreur ligne 307: not all arguments converted during string formatting
[2026-01-26T14:46:46.024+0000] {logging_mixin.py:151} INFO -      ⚠️ Erreur ligne 308: not all arguments converted during string formatting
[2026-01-26T14:46:46.026+0000] {logging_mixin.py:151} INFO -      ⚠️ Erreur ligne 309: not all arguments converted during string formatting
[2026-01-26T14:46:46.026+0000] {logging_mixin.py:151} INFO -      ⚠️ Erreur ligne 310: not all arguments converted during string formatting
[2026-01-26T14:46:46.027+0000] {logging_mixin.py:151} INFO -      ⚠️ Erreur ligne 311: not all arguments converted during string formatting
[2026-01-26T14:46:46.028+0000] {logging_mixin.py:151} INFO -      ⚠️ Erreur ligne 312: not all arguments converted during string formatting
[2026-01-26T14:46:46.029+0000] {logging_mixin.py:151} INFO -      ⚠️ Erreur ligne 313: not all arguments converted during string formatting
[2026-01-26T14:46:46.029+0000] {logging_mixin.py:151} INFO -      ⚠️ Erreur ligne 314: not all arguments converted during string formatting
[2026-01-26T14:46:46.030+0000] {logging_mixin.py:151} INFO -      ⚠️ Erreur ligne 315: not all arguments converted during string formatting
[2026-01-26T14:46:46.031+0000] {logging_mixin.py:151} INFO -      ⚠️ Erreur ligne 316: not all arguments converted during string formatting
[2026-01-26T14:46:46.031+0000] {logging_mixin.py:151} INFO -      ⚠️ Erreur ligne 317: not all arguments converted during string formatting
[2026-01-26T14:46:46.032+0000] {logging_mixin.py:151} INFO -      ⚠️ Erreur ligne 318: not all arguments converted during string formatting
[2026-01-26T14:46:46.032+0000] {logging_mixin.py:151} INFO -      ⚠️ Erreur ligne 319: not all arguments converted during string formatting
[2026-01-26T14:46:46.033+0000] {logging_mixin.py:151} INFO -      ⚠️ Erreur ligne 320: not all arguments converted during string formatting
[2026-01-26T14:46:46.034+0000] {logging_mixin.py:151} INFO -      ⚠️ Erreur ligne 321: not all arguments converted during string formatting
[2026-01-26T14:46:46.035+0000] {logging_mixin.py:151} INFO -      ⚠️ Erreur ligne 322: not all arguments converted during string formatting
[2026-01-26T14:46:46.036+0000] {logging_mixin.py:151} INFO -      ⚠️ Erreur ligne 323: not all arguments converted during string formatting
[2026-01-26T14:46:46.037+0000] {logging_mixin.py:151} INFO -      ⚠️ Erreur ligne 324: not all arguments converted during string formatting
[2026-01-26T14:46:46.037+0000] {logging_mixin.py:151} INFO -      ⚠️ Erreur ligne 325: not all arguments converted during string formatting
[2026-01-26T14:46:46.038+0000] {logging_mixin.py:151} INFO -      ⚠️ Erreur ligne 326: not all arguments converted during string formatting
[2026-01-26T14:46:46.038+0000] {logging_mixin.py:151} INFO -      ⚠️ Erreur ligne 327: not all arguments converted during string formatting
[2026-01-26T14:46:46.039+0000] {logging_mixin.py:151} INFO -      ⚠️ Erreur ligne 328: not all arguments converted during string formatting
[2026-01-26T14:46:46.039+0000] {logging_mixin.py:151} INFO -      ⚠️ Erreur ligne 329: not all arguments converted during string formatting
[2026-01-26T14:46:46.040+0000] {logging_mixin.py:151} INFO -      ⚠️ Erreur ligne 330: not all arguments converted during string formatting
[2026-01-26T14:46:46.041+0000] {logging_mixin.py:151} INFO -      ⚠️ Erreur ligne 331: not all arguments converted during string formatting
[2026-01-26T14:46:46.042+0000] {logging_mixin.py:151} INFO -      ⚠️ Erreur ligne 332: not all arguments converted during string formatting
[2026-01-26T14:46:46.042+0000] {logging_mixin.py:151} INFO -      ⚠️ Erreur ligne 333: not all arguments converted during string formatting
[2026-01-26T14:46:46.043+0000] {logging_mixin.py:151} INFO -      ⚠️ Erreur ligne 334: not all arguments converted during string formatting
[2026-01-26T14:46:46.044+0000] {logging_mixin.py:151} INFO -      ⚠️ Erreur ligne 335: not all arguments converted during string formatting
[2026-01-26T14:46:46.044+0000] {logging_mixin.py:151} INFO -      ⚠️ Erreur ligne 336: not all arguments converted during string formatting
[2026-01-26T14:46:46.045+0000] {logging_mixin.py:151} INFO -      ⚠️ Erreur ligne 337: not all arguments converted during string formatting
[2026-01-26T14:46:46.045+0000] {logging_mixin.py:151} INFO -      ⚠️ Erreur ligne 338: not all arguments converted during string formatting
[2026-01-26T14:46:46.046+0000] {logging_mixin.py:151} INFO -      ⚠️ Erreur ligne 339: not all arguments converted during string formatting
[2026-01-26T14:46:46.046+0000] {logging_mixin.py:151} INFO -      ⚠️ Erreur ligne 340: not all arguments converted during string formatting
[2026-01-26T14:46:46.047+0000] {logging_mixin.py:151} INFO -      ⚠️ Erreur ligne 341: not all arguments converted during string formatting
[2026-01-26T14:46:46.047+0000] {logging_mixin.py:151} INFO -      ⚠️ Erreur ligne 342: not all arguments converted during string formatting
[2026-01-26T14:46:46.048+0000] {logging_mixin.py:151} INFO -      ⚠️ Erreur ligne 343: not all arguments converted during string formatting
[2026-01-26T14:46:46.048+0000] {logging_mixin.py:151} INFO -      ⚠️ Erreur ligne 344: not all arguments converted during string formatting
[2026-01-26T14:46:46.049+0000] {logging_mixin.py:151} INFO -      ⚠️ Erreur ligne 345: not all arguments converted during string formatting
[2026-01-26T14:46:46.049+0000] {logging_mixin.py:151} INFO -      ⚠️ Erreur ligne 346: not all arguments converted during string formatting
[2026-01-26T14:46:46.050+0000] {logging_mixin.py:151} INFO -      ⚠️ Erreur ligne 347: not all arguments converted during string formatting
[2026-01-26T14:46:46.050+0000] {logging_mixin.py:151} INFO -      ⚠️ Erreur ligne 348: not all arguments converted during string formatting
[2026-01-26T14:46:46.051+0000] {logging_mixin.py:151} INFO -      ⚠️ Erreur ligne 349: not all arguments converted during string formatting
[2026-01-26T14:46:46.051+0000] {logging_mixin.py:151} INFO -      ⚠️ Erreur ligne 350: not all arguments converted during string formatting
[2026-01-26T14:46:46.052+0000] {logging_mixin.py:151} INFO -      ⚠️ Erreur ligne 351: not all arguments converted during string formatting
[2026-01-26T14:46:46.052+0000] {logging_mixin.py:151} INFO -      ⚠️ Erreur ligne 352: not all arguments converted during string formatting
[2026-01-26T14:46:46.053+0000] {logging_mixin.py:151} INFO -      ⚠️ Erreur ligne 353: not all arguments converted during string formatting
[2026-01-26T14:46:46.054+0000] {logging_mixin.py:151} INFO -      ⚠️ Erreur ligne 354: not all arguments converted during string formatting
[2026-01-26T14:46:46.055+0000] {logging_mixin.py:151} INFO -      ⚠️ Erreur ligne 355: not all arguments converted during string formatting
[2026-01-26T14:46:46.057+0000] {logging_mixin.py:151} INFO -      ⚠️ Erreur ligne 356: not all arguments converted during string formatting
[2026-01-26T14:46:46.058+0000] {logging_mixin.py:151} INFO -      ⚠️ Erreur ligne 357: not all arguments converted during string formatting
[2026-01-26T14:46:46.058+0000] {logging_mixin.py:151} INFO -      ⚠️ Erreur ligne 358: not all arguments converted during string formatting
[2026-01-26T14:46:46.059+0000] {logging_mixin.py:151} INFO -      ⚠️ Erreur ligne 359: not all arguments converted during string formatting
[2026-01-26T14:46:46.059+0000] {logging_mixin.py:151} INFO -      ⚠️ Erreur ligne 360: not all arguments converted during string formatting
[2026-01-26T14:46:46.060+0000] {logging_mixin.py:151} INFO -      ⚠️ Erreur ligne 361: not all arguments converted during string formatting
[2026-01-26T14:46:46.061+0000] {logging_mixin.py:151} INFO -      ⚠️ Erreur ligne 362: not all arguments converted during string formatting
[2026-01-26T14:46:46.061+0000] {logging_mixin.py:151} INFO -      ⚠️ Erreur ligne 363: not all arguments converted during string formatting
[2026-01-26T14:46:46.062+0000] {logging_mixin.py:151} INFO -      ⚠️ Erreur ligne 364: not all arguments converted during string formatting
[2026-01-26T14:46:46.062+0000] {logging_mixin.py:151} INFO -      ⚠️ Erreur ligne 365: not all arguments converted during string formatting
[2026-01-26T14:46:46.063+0000] {logging_mixin.py:151} INFO -      ⚠️ Erreur ligne 366: not all arguments converted during string formatting
[2026-01-26T14:46:46.063+0000] {logging_mixin.py:151} INFO -      ⚠️ Erreur ligne 367: not all arguments converted during string formatting
[2026-01-26T14:46:46.064+0000] {logging_mixin.py:151} INFO -      ⚠️ Erreur ligne 368: not all arguments converted during string formatting
[2026-01-26T14:46:46.064+0000] {logging_mixin.py:151} INFO -      ⚠️ Erreur ligne 369: not all arguments converted during string formatting
[2026-01-26T14:46:46.065+0000] {logging_mixin.py:151} INFO -      ⚠️ Erreur ligne 370: not all arguments converted during string formatting
[2026-01-26T14:46:46.067+0000] {logging_mixin.py:151} INFO -      ⚠️ Erreur ligne 371: not all arguments converted during string formatting
[2026-01-26T14:46:46.068+0000] {logging_mixin.py:151} INFO -      ⚠️ Erreur ligne 372: not all arguments converted during string formatting
[2026-01-26T14:46:46.069+0000] {logging_mixin.py:151} INFO -      ⚠️ Erreur ligne 373: not all arguments converted during string formatting
[2026-01-26T14:46:46.070+0000] {logging_mixin.py:151} INFO -      ⚠️ Erreur ligne 374: not all arguments converted during string formatting
[2026-01-26T14:46:46.070+0000] {logging_mixin.py:151} INFO -      ⚠️ Erreur ligne 375: not all arguments converted during string formatting
[2026-01-26T14:46:46.071+0000] {logging_mixin.py:151} INFO -      ⚠️ Erreur ligne 376: not all arguments converted during string formatting
[2026-01-26T14:46:46.072+0000] {logging_mixin.py:151} INFO -      ⚠️ Erreur ligne 377: not all arguments converted during string formatting
[2026-01-26T14:46:46.072+0000] {logging_mixin.py:151} INFO -      ⚠️ Erreur ligne 378: not all arguments converted during string formatting
[2026-01-26T14:46:46.073+0000] {logging_mixin.py:151} INFO -      ⚠️ Erreur ligne 379: not all arguments converted during string formatting
[2026-01-26T14:46:46.073+0000] {logging_mixin.py:151} INFO -      ⚠️ Erreur ligne 380: not all arguments converted during string formatting
[2026-01-26T14:46:46.074+0000] {logging_mixin.py:151} INFO -      ⚠️ Erreur ligne 381: not all arguments converted during string formatting
[2026-01-26T14:46:46.074+0000] {logging_mixin.py:151} INFO -      ⚠️ Erreur ligne 382: not all arguments converted during string formatting
[2026-01-26T14:46:46.075+0000] {logging_mixin.py:151} INFO -      ⚠️ Erreur ligne 383: not all arguments converted during string formatting
[2026-01-26T14:46:46.075+0000] {logging_mixin.py:151} INFO -      ⚠️ Erreur ligne 384: not all arguments converted during string formatting
[2026-01-26T14:46:46.076+0000] {logging_mixin.py:151} INFO -      ⚠️ Erreur ligne 385: not all arguments converted during string formatting
[2026-01-26T14:46:46.076+0000] {logging_mixin.py:151} INFO -      ⚠️ Erreur ligne 386: not all arguments converted during string formatting
[2026-01-26T14:46:46.077+0000] {logging_mixin.py:151} INFO -      ⚠️ Erreur ligne 387: not all arguments converted during string formatting
[2026-01-26T14:46:46.077+0000] {logging_mixin.py:151} INFO -      ⚠️ Erreur ligne 388: not all arguments converted during string formatting
[2026-01-26T14:46:46.078+0000] {logging_mixin.py:151} INFO -      ⚠️ Erreur ligne 389: not all arguments converted during string formatting
[2026-01-26T14:46:46.079+0000] {logging_mixin.py:151} INFO -      ⚠️ Erreur ligne 390: not all arguments converted during string formatting
[2026-01-26T14:46:46.079+0000] {logging_mixin.py:151} INFO -      ⚠️ Erreur ligne 391: not all arguments converted during string formatting
[2026-01-26T14:46:46.080+0000] {logging_mixin.py:151} INFO -      ⚠️ Erreur ligne 392: not all arguments converted during string formatting
[2026-01-26T14:46:46.081+0000] {logging_mixin.py:151} INFO -      ⚠️ Erreur ligne 393: not all arguments converted during string formatting
[2026-01-26T14:46:46.081+0000] {logging_mixin.py:151} INFO -      ⚠️ Erreur ligne 394: not all arguments converted during string formatting
[2026-01-26T14:46:46.082+0000] {logging_mixin.py:151} INFO -      ⚠️ Erreur ligne 395: not all arguments converted during string formatting
[2026-01-26T14:46:46.083+0000] {logging_mixin.py:151} INFO -      ⚠️ Erreur ligne 396: not all arguments converted during string formatting
[2026-01-26T14:46:46.084+0000] {logging_mixin.py:151} INFO -      ⚠️ Erreur ligne 397: not all arguments converted during string formatting
[2026-01-26T14:46:46.084+0000] {logging_mixin.py:151} INFO -      ⚠️ Erreur ligne 398: not all arguments converted during string formatting
[2026-01-26T14:46:46.085+0000] {logging_mixin.py:151} INFO -      ⚠️ Erreur ligne 399: not all arguments converted during string formatting
[2026-01-26T14:46:46.085+0000] {logging_mixin.py:151} INFO -      ⚠️ Erreur ligne 400: not all arguments converted during string formatting
[2026-01-26T14:46:46.086+0000] {logging_mixin.py:151} INFO -      ⚠️ Erreur ligne 401: not all arguments converted during string formatting
[2026-01-26T14:46:46.087+0000] {logging_mixin.py:151} INFO -      ⚠️ Erreur ligne 402: not all arguments converted during string formatting
[2026-01-26T14:46:46.087+0000] {logging_mixin.py:151} INFO -      ⚠️ Erreur ligne 403: not all arguments converted during string formatting
[2026-01-26T14:46:46.088+0000] {logging_mixin.py:151} INFO -      ⚠️ Erreur ligne 404: not all arguments converted during string formatting
[2026-01-26T14:46:46.088+0000] {logging_mixin.py:151} INFO -      ⚠️ Erreur ligne 405: not all arguments converted during string formatting
[2026-01-26T14:46:46.089+0000] {logging_mixin.py:151} INFO -      ⚠️ Erreur ligne 406: not all arguments converted during string formatting
[2026-01-26T14:46:46.089+0000] {logging_mixin.py:151} INFO -      ⚠️ Erreur ligne 407: not all arguments converted during string formatting
[2026-01-26T14:46:46.089+0000] {logging_mixin.py:151} INFO -      ⚠️ Erreur ligne 408: not all arguments converted during string formatting
[2026-01-26T14:46:46.090+0000] {logging_mixin.py:151} INFO -      ⚠️ Erreur ligne 409: not all arguments converted during string formatting
[2026-01-26T14:46:46.090+0000] {logging_mixin.py:151} INFO -      ⚠️ Erreur ligne 410: not all arguments converted during string formatting
[2026-01-26T14:46:46.091+0000] {logging_mixin.py:151} INFO -      ⚠️ Erreur ligne 411: not all arguments converted during string formatting
[2026-01-26T14:46:46.092+0000] {logging_mixin.py:151} INFO -      ⚠️ Erreur ligne 412: not all arguments converted during string formatting
[2026-01-26T14:46:46.092+0000] {logging_mixin.py:151} INFO -      ⚠️ Erreur ligne 413: not all arguments converted during string formatting
[2026-01-26T14:46:46.093+0000] {logging_mixin.py:151} INFO -      ⚠️ Erreur ligne 414: not all arguments converted during string formatting
[2026-01-26T14:46:46.094+0000] {logging_mixin.py:151} INFO -      ⚠️ Erreur ligne 415: not all arguments converted during string formatting
[2026-01-26T14:46:46.095+0000] {logging_mixin.py:151} INFO -      ⚠️ Erreur ligne 416: not all arguments converted during string formatting
[2026-01-26T14:46:46.096+0000] {logging_mixin.py:151} INFO -      ⚠️ Erreur ligne 417: not all arguments converted during string formatting
[2026-01-26T14:46:46.096+0000] {logging_mixin.py:151} INFO -      ⚠️ Erreur ligne 418: not all arguments converted during string formatting
[2026-01-26T14:46:46.097+0000] {logging_mixin.py:151} INFO -      ⚠️ Erreur ligne 419: not all arguments converted during string formatting
[2026-01-26T14:46:46.098+0000] {logging_mixin.py:151} INFO -      ⚠️ Erreur ligne 420: not all arguments converted during string formatting
[2026-01-26T14:46:46.099+0000] {logging_mixin.py:151} INFO -      ⚠️ Erreur ligne 421: not all arguments converted during string formatting
[2026-01-26T14:46:46.099+0000] {logging_mixin.py:151} INFO -      ⚠️ Erreur ligne 422: not all arguments converted during string formatting
[2026-01-26T14:46:46.100+0000] {logging_mixin.py:151} INFO -      ⚠️ Erreur ligne 423: not all arguments converted during string formatting
[2026-01-26T14:46:46.101+0000] {logging_mixin.py:151} INFO -      ⚠️ Erreur ligne 424: not all arguments converted during string formatting
[2026-01-26T14:46:46.102+0000] {logging_mixin.py:151} INFO -      ⚠️ Erreur ligne 425: not all arguments converted during string formatting
[2026-01-26T14:46:46.102+0000] {logging_mixin.py:151} INFO -      ⚠️ Erreur ligne 426: not all arguments converted during string formatting
[2026-01-26T14:46:46.105+0000] {logging_mixin.py:151} INFO -      ⚠️ Erreur ligne 427: not all arguments converted during string formatting
[2026-01-26T14:46:46.106+0000] {logging_mixin.py:151} INFO -      ⚠️ Erreur ligne 428: not all arguments converted during string formatting
[2026-01-26T14:46:46.107+0000] {logging_mixin.py:151} INFO -      ⚠️ Erreur ligne 429: not all arguments converted during string formatting
[2026-01-26T14:46:46.108+0000] {logging_mixin.py:151} INFO -      ⚠️ Erreur ligne 430: not all arguments converted during string formatting
[2026-01-26T14:46:46.109+0000] {logging_mixin.py:151} INFO -      ⚠️ Erreur ligne 431: not all arguments converted during string formatting
[2026-01-26T14:46:46.110+0000] {logging_mixin.py:151} INFO -      ⚠️ Erreur ligne 432: not all arguments converted during string formatting
[2026-01-26T14:46:46.111+0000] {logging_mixin.py:151} INFO -      ⚠️ Erreur ligne 433: not all arguments converted during string formatting
[2026-01-26T14:46:46.113+0000] {logging_mixin.py:151} INFO -      ⚠️ Erreur ligne 434: not all arguments converted during string formatting
[2026-01-26T14:46:46.114+0000] {logging_mixin.py:151} INFO -      ⚠️ Erreur ligne 435: not all arguments converted during string formatting
[2026-01-26T14:46:46.115+0000] {logging_mixin.py:151} INFO -      ⚠️ Erreur ligne 436: not all arguments converted during string formatting
[2026-01-26T14:46:46.117+0000] {logging_mixin.py:151} INFO -      ⚠️ Erreur ligne 437: not all arguments converted during string formatting
[2026-01-26T14:46:46.118+0000] {logging_mixin.py:151} INFO -      ⚠️ Erreur ligne 438: not all arguments converted during string formatting
[2026-01-26T14:46:46.118+0000] {logging_mixin.py:151} INFO -      ⚠️ Erreur ligne 439: not all arguments converted during string formatting
[2026-01-26T14:46:46.119+0000] {logging_mixin.py:151} INFO -      ⚠️ Erreur ligne 440: not all arguments converted during string formatting
[2026-01-26T14:46:46.122+0000] {logging_mixin.py:151} INFO -      ⚠️ Erreur ligne 441: not all arguments converted during string formatting
[2026-01-26T14:46:46.123+0000] {logging_mixin.py:151} INFO -      ⚠️ Erreur ligne 442: not all arguments converted during string formatting
[2026-01-26T14:46:46.124+0000] {logging_mixin.py:151} INFO -      ⚠️ Erreur ligne 443: not all arguments converted during string formatting
[2026-01-26T14:46:46.125+0000] {logging_mixin.py:151} INFO -      ⚠️ Erreur ligne 444: not all arguments converted during string formatting
[2026-01-26T14:46:46.125+0000] {logging_mixin.py:151} INFO -      ⚠️ Erreur ligne 445: not all arguments converted during string formatting
[2026-01-26T14:46:46.126+0000] {logging_mixin.py:151} INFO -      ⚠️ Erreur ligne 446: not all arguments converted during string formatting
[2026-01-26T14:46:46.127+0000] {logging_mixin.py:151} INFO -      ⚠️ Erreur ligne 447: not all arguments converted during string formatting
[2026-01-26T14:46:46.127+0000] {logging_mixin.py:151} INFO -      ⚠️ Erreur ligne 448: not all arguments converted during string formatting
[2026-01-26T14:46:46.128+0000] {logging_mixin.py:151} INFO -      ⚠️ Erreur ligne 449: not all arguments converted during string formatting
[2026-01-26T14:46:46.128+0000] {logging_mixin.py:151} INFO -      ⚠️ Erreur ligne 450: not all arguments converted during string formatting
[2026-01-26T14:46:46.129+0000] {logging_mixin.py:151} INFO -      ⚠️ Erreur ligne 451: not all arguments converted during string formatting
[2026-01-26T14:46:46.129+0000] {logging_mixin.py:151} INFO -      ⚠️ Erreur ligne 452: not all arguments converted during string formatting
[2026-01-26T14:46:46.130+0000] {logging_mixin.py:151} INFO -      ⚠️ Erreur ligne 453: not all arguments converted during string formatting
[2026-01-26T14:46:46.130+0000] {logging_mixin.py:151} INFO -      ⚠️ Erreur ligne 454: not all arguments converted during string formatting
[2026-01-26T14:46:46.131+0000] {logging_mixin.py:151} INFO -      ⚠️ Erreur ligne 455: not all arguments converted during string formatting
[2026-01-26T14:46:46.131+0000] {logging_mixin.py:151} INFO -      ⚠️ Erreur ligne 456: not all arguments converted during string formatting
[2026-01-26T14:46:46.131+0000] {logging_mixin.py:151} INFO -      ⚠️ Erreur ligne 457: not all arguments converted during string formatting
[2026-01-26T14:46:46.132+0000] {logging_mixin.py:151} INFO -      ⚠️ Erreur ligne 458: not all arguments converted during string formatting
[2026-01-26T14:46:46.132+0000] {logging_mixin.py:151} INFO -      ⚠️ Erreur ligne 459: not all arguments converted during string formatting
[2026-01-26T14:46:46.133+0000] {logging_mixin.py:151} INFO -      ⚠️ Erreur ligne 460: not all arguments converted during string formatting
[2026-01-26T14:46:46.133+0000] {logging_mixin.py:151} INFO -      ⚠️ Erreur ligne 461: not all arguments converted during string formatting
[2026-01-26T14:46:46.133+0000] {logging_mixin.py:151} INFO -      ⚠️ Erreur ligne 462: not all arguments converted during string formatting
[2026-01-26T14:46:46.134+0000] {logging_mixin.py:151} INFO -      ⚠️ Erreur ligne 463: not all arguments converted during string formatting
[2026-01-26T14:46:46.135+0000] {logging_mixin.py:151} INFO -      ⚠️ Erreur ligne 464: not all arguments converted during string formatting
[2026-01-26T14:46:46.136+0000] {logging_mixin.py:151} INFO -      ⚠️ Erreur ligne 465: not all arguments converted during string formatting
[2026-01-26T14:46:46.138+0000] {logging_mixin.py:151} INFO -      ⚠️ Erreur ligne 466: not all arguments converted during string formatting
[2026-01-26T14:46:46.139+0000] {logging_mixin.py:151} INFO -      ⚠️ Erreur ligne 467: not all arguments converted during string formatting
[2026-01-26T14:46:46.140+0000] {logging_mixin.py:151} INFO -      ⚠️ Erreur ligne 468: not all arguments converted during string formatting
[2026-01-26T14:46:46.141+0000] {logging_mixin.py:151} INFO -      ⚠️ Erreur ligne 469: not all arguments converted during string formatting
[2026-01-26T14:46:46.141+0000] {logging_mixin.py:151} INFO -      ⚠️ Erreur ligne 470: not all arguments converted during string formatting
[2026-01-26T14:46:46.142+0000] {logging_mixin.py:151} INFO -      ⚠️ Erreur ligne 471: not all arguments converted during string formatting
[2026-01-26T14:46:46.143+0000] {logging_mixin.py:151} INFO -      ⚠️ Erreur ligne 472: not all arguments converted during string formatting
[2026-01-26T14:46:46.143+0000] {logging_mixin.py:151} INFO -      ⚠️ Erreur ligne 473: not all arguments converted during string formatting
[2026-01-26T14:46:46.143+0000] {logging_mixin.py:151} INFO -      ⚠️ Erreur ligne 474: not all arguments converted during string formatting
[2026-01-26T14:46:46.144+0000] {logging_mixin.py:151} INFO -      ⚠️ Erreur ligne 475: not all arguments converted during string formatting
[2026-01-26T14:46:46.144+0000] {logging_mixin.py:151} INFO -      ⚠️ Erreur ligne 476: not all arguments converted during string formatting
[2026-01-26T14:46:46.144+0000] {logging_mixin.py:151} INFO -      ⚠️ Erreur ligne 477: not all arguments converted during string formatting
[2026-01-26T14:46:46.145+0000] {logging_mixin.py:151} INFO -      ⚠️ Erreur ligne 478: not all arguments converted during string formatting
[2026-01-26T14:46:46.145+0000] {logging_mixin.py:151} INFO -      ⚠️ Erreur ligne 479: not all arguments converted during string formatting
[2026-01-26T14:46:46.146+0000] {logging_mixin.py:151} INFO -      ⚠️ Erreur ligne 480: not all arguments converted during string formatting
[2026-01-26T14:46:46.146+0000] {logging_mixin.py:151} INFO -      ⚠️ Erreur ligne 481: not all arguments converted during string formatting
[2026-01-26T14:46:46.147+0000] {logging_mixin.py:151} INFO -      ⚠️ Erreur ligne 482: not all arguments converted during string formatting
[2026-01-26T14:46:46.147+0000] {logging_mixin.py:151} INFO -      ⚠️ Erreur ligne 483: not all arguments converted during string formatting
[2026-01-26T14:46:46.148+0000] {logging_mixin.py:151} INFO -      ⚠️ Erreur ligne 484: not all arguments converted during string formatting
[2026-01-26T14:46:46.149+0000] {logging_mixin.py:151} INFO -      ⚠️ Erreur ligne 485: not all arguments converted during string formatting
[2026-01-26T14:46:46.150+0000] {logging_mixin.py:151} INFO -      ⚠️ Erreur ligne 486: not all arguments converted during string formatting
[2026-01-26T14:46:46.150+0000] {logging_mixin.py:151} INFO -      ⚠️ Erreur ligne 487: not all arguments converted during string formatting
[2026-01-26T14:46:46.151+0000] {logging_mixin.py:151} INFO -      ⚠️ Erreur ligne 488: not all arguments converted during string formatting
[2026-01-26T14:46:46.153+0000] {logging_mixin.py:151} INFO -      ⚠️ Erreur ligne 489: not all arguments converted during string formatting
[2026-01-26T14:46:46.154+0000] {logging_mixin.py:151} INFO -      ⚠️ Erreur ligne 490: not all arguments converted during string formatting
[2026-01-26T14:46:46.154+0000] {logging_mixin.py:151} INFO -      ⚠️ Erreur ligne 491: not all arguments converted during string formatting
[2026-01-26T14:46:46.155+0000] {logging_mixin.py:151} INFO -      ⚠️ Erreur ligne 492: not all arguments converted during string formatting
[2026-01-26T14:46:46.155+0000] {logging_mixin.py:151} INFO -      ⚠️ Erreur ligne 493: not all arguments converted during string formatting
[2026-01-26T14:46:46.155+0000] {logging_mixin.py:151} INFO -      ⚠️ Erreur ligne 494: not all arguments converted during string formatting
[2026-01-26T14:46:46.156+0000] {logging_mixin.py:151} INFO -      ⚠️ Erreur ligne 495: not all arguments converted during string formatting
[2026-01-26T14:46:46.157+0000] {logging_mixin.py:151} INFO -      ⚠️ Erreur ligne 496: not all arguments converted during string formatting
[2026-01-26T14:46:46.157+0000] {logging_mixin.py:151} INFO -      ⚠️ Erreur ligne 497: not all arguments converted during string formatting
[2026-01-26T14:46:46.158+0000] {logging_mixin.py:151} INFO -      ⚠️ Erreur ligne 498: not all arguments converted during string formatting
[2026-01-26T14:46:46.159+0000] {logging_mixin.py:151} INFO -      ⚠️ Erreur ligne 499: not all arguments converted during string formatting
[2026-01-26T14:46:46.159+0000] {logging_mixin.py:151} INFO -      ⚠️ Erreur ligne 500: not all arguments converted during string formatting
[2026-01-26T14:46:46.160+0000] {logging_mixin.py:151} INFO -      ⚠️ Erreur ligne 501: not all arguments converted during string formatting
[2026-01-26T14:46:46.161+0000] {logging_mixin.py:151} INFO -      ⚠️ Erreur ligne 502: not all arguments converted during string formatting
[2026-01-26T14:46:46.162+0000] {logging_mixin.py:151} INFO -      ⚠️ Erreur ligne 503: not all arguments converted during string formatting
[2026-01-26T14:46:46.163+0000] {logging_mixin.py:151} INFO -      ⚠️ Erreur ligne 504: not all arguments converted during string formatting
[2026-01-26T14:46:46.164+0000] {logging_mixin.py:151} INFO -      ⚠️ Erreur ligne 505: not all arguments converted during string formatting
[2026-01-26T14:46:46.164+0000] {logging_mixin.py:151} INFO -      ⚠️ Erreur ligne 506: not all arguments converted during string formatting
[2026-01-26T14:46:46.165+0000] {logging_mixin.py:151} INFO -      ⚠️ Erreur ligne 507: not all arguments converted during string formatting
[2026-01-26T14:46:46.166+0000] {logging_mixin.py:151} INFO -      ⚠️ Erreur ligne 508: not all arguments converted during string formatting
[2026-01-26T14:46:46.167+0000] {logging_mixin.py:151} INFO -      ⚠️ Erreur ligne 509: not all arguments converted during string formatting
[2026-01-26T14:46:46.168+0000] {logging_mixin.py:151} INFO -      ⚠️ Erreur ligne 510: not all arguments converted during string formatting
[2026-01-26T14:46:46.168+0000] {logging_mixin.py:151} INFO -      ⚠️ Erreur ligne 511: not all arguments converted during string formatting
[2026-01-26T14:46:46.169+0000] {logging_mixin.py:151} INFO -      ⚠️ Erreur ligne 512: not all arguments converted during string formatting
[2026-01-26T14:46:46.171+0000] {logging_mixin.py:151} INFO -      ⚠️ Erreur ligne 513: not all arguments converted during string formatting
[2026-01-26T14:46:46.171+0000] {logging_mixin.py:151} INFO -      ⚠️ Erreur ligne 514: not all arguments converted during string formatting
[2026-01-26T14:46:46.172+0000] {logging_mixin.py:151} INFO -      ⚠️ Erreur ligne 515: not all arguments converted during string formatting
[2026-01-26T14:46:46.172+0000] {logging_mixin.py:151} INFO -      ⚠️ Erreur ligne 516: not all arguments converted during string formatting
[2026-01-26T14:46:46.173+0000] {logging_mixin.py:151} INFO -      ⚠️ Erreur ligne 517: not all arguments converted during string formatting
[2026-01-26T14:46:46.174+0000] {logging_mixin.py:151} INFO -      ⚠️ Erreur ligne 518: not all arguments converted during string formatting
[2026-01-26T14:46:46.175+0000] {logging_mixin.py:151} INFO -      ⚠️ Erreur ligne 519: not all arguments converted during string formatting
[2026-01-26T14:46:46.175+0000] {logging_mixin.py:151} INFO -      ⚠️ Erreur ligne 520: not all arguments converted during string formatting
[2026-01-26T14:46:46.176+0000] {logging_mixin.py:151} INFO -      ⚠️ Erreur ligne 521: not all arguments converted during string formatting
[2026-01-26T14:46:46.177+0000] {logging_mixin.py:151} INFO -      ⚠️ Erreur ligne 522: not all arguments converted during string formatting
[2026-01-26T14:46:46.178+0000] {logging_mixin.py:151} INFO -      ⚠️ Erreur ligne 523: not all arguments converted during string formatting
[2026-01-26T14:46:46.178+0000] {logging_mixin.py:151} INFO -      ⚠️ Erreur ligne 524: not all arguments converted during string formatting
[2026-01-26T14:46:46.179+0000] {logging_mixin.py:151} INFO -      ⚠️ Erreur ligne 525: not all arguments converted during string formatting
[2026-01-26T14:46:46.180+0000] {logging_mixin.py:151} INFO -      ⚠️ Erreur ligne 526: not all arguments converted during string formatting
[2026-01-26T14:46:46.181+0000] {logging_mixin.py:151} INFO -      ⚠️ Erreur ligne 527: not all arguments converted during string formatting
[2026-01-26T14:46:46.182+0000] {logging_mixin.py:151} INFO -      ⚠️ Erreur ligne 528: not all arguments converted during string formatting
[2026-01-26T14:46:46.182+0000] {logging_mixin.py:151} INFO -      ⚠️ Erreur ligne 529: not all arguments converted during string formatting
[2026-01-26T14:46:46.183+0000] {logging_mixin.py:151} INFO -      ⚠️ Erreur ligne 530: not all arguments converted during string formatting
[2026-01-26T14:46:46.183+0000] {logging_mixin.py:151} INFO -      ⚠️ Erreur ligne 531: not all arguments converted during string formatting
[2026-01-26T14:46:46.183+0000] {logging_mixin.py:151} INFO -      ⚠️ Erreur ligne 532: not all arguments converted during string formatting
[2026-01-26T14:46:46.184+0000] {logging_mixin.py:151} INFO -      ⚠️ Erreur ligne 533: not all arguments converted during string formatting
[2026-01-26T14:46:46.184+0000] {logging_mixin.py:151} INFO -      ⚠️ Erreur ligne 534: not all arguments converted during string formatting
[2026-01-26T14:46:46.184+0000] {logging_mixin.py:151} INFO -      ⚠️ Erreur ligne 535: not all arguments converted during string formatting
[2026-01-26T14:46:46.185+0000] {logging_mixin.py:151} INFO -      ⚠️ Erreur ligne 536: not all arguments converted during string formatting
[2026-01-26T14:46:46.185+0000] {logging_mixin.py:151} INFO -      ⚠️ Erreur ligne 537: not all arguments converted during string formatting
[2026-01-26T14:46:46.186+0000] {logging_mixin.py:151} INFO -      ⚠️ Erreur ligne 538: not all arguments converted during string formatting
[2026-01-26T14:46:46.186+0000] {logging_mixin.py:151} INFO -      ⚠️ Erreur ligne 539: not all arguments converted during string formatting
[2026-01-26T14:46:46.187+0000] {logging_mixin.py:151} INFO -      ⚠️ Erreur ligne 540: not all arguments converted during string formatting
[2026-01-26T14:46:46.187+0000] {logging_mixin.py:151} INFO -      ⚠️ Erreur ligne 541: not all arguments converted during string formatting
[2026-01-26T14:46:46.188+0000] {logging_mixin.py:151} INFO -      ⚠️ Erreur ligne 542: not all arguments converted during string formatting
[2026-01-26T14:46:46.188+0000] {logging_mixin.py:151} INFO -      ⚠️ Erreur ligne 543: not all arguments converted during string formatting
[2026-01-26T14:46:46.189+0000] {logging_mixin.py:151} INFO -      ⚠️ Erreur ligne 544: not all arguments converted during string formatting
[2026-01-26T14:46:46.189+0000] {logging_mixin.py:151} INFO -      ⚠️ Erreur ligne 545: not all arguments converted during string formatting
[2026-01-26T14:46:46.190+0000] {logging_mixin.py:151} INFO -      ⚠️ Erreur ligne 546: not all arguments converted during string formatting
[2026-01-26T14:46:46.192+0000] {logging_mixin.py:151} INFO -      ⚠️ Erreur ligne 547: not all arguments converted during string formatting
[2026-01-26T14:46:46.192+0000] {logging_mixin.py:151} INFO -      ⚠️ Erreur ligne 548: not all arguments converted during string formatting
[2026-01-26T14:46:46.193+0000] {logging_mixin.py:151} INFO -      ⚠️ Erreur ligne 549: not all arguments converted during string formatting
[2026-01-26T14:46:46.194+0000] {logging_mixin.py:151} INFO -      ⚠️ Erreur ligne 550: not all arguments converted during string formatting
[2026-01-26T14:46:46.195+0000] {logging_mixin.py:151} INFO -      ⚠️ Erreur ligne 551: not all arguments converted during string formatting
[2026-01-26T14:46:46.195+0000] {logging_mixin.py:151} INFO -      ⚠️ Erreur ligne 552: not all arguments converted during string formatting
[2026-01-26T14:46:46.196+0000] {logging_mixin.py:151} INFO -      ⚠️ Erreur ligne 553: not all arguments converted during string formatting
[2026-01-26T14:46:46.196+0000] {logging_mixin.py:151} INFO -      ⚠️ Erreur ligne 554: not all arguments converted during string formatting
[2026-01-26T14:46:46.197+0000] {logging_mixin.py:151} INFO -      ⚠️ Erreur ligne 555: not all arguments converted during string formatting
[2026-01-26T14:46:46.197+0000] {logging_mixin.py:151} INFO -      ⚠️ Erreur ligne 556: not all arguments converted during string formatting
[2026-01-26T14:46:46.198+0000] {logging_mixin.py:151} INFO -      ⚠️ Erreur ligne 557: not all arguments converted during string formatting
[2026-01-26T14:46:46.198+0000] {logging_mixin.py:151} INFO -      ⚠️ Erreur ligne 558: not all arguments converted during string formatting
[2026-01-26T14:46:46.199+0000] {logging_mixin.py:151} INFO -      ⚠️ Erreur ligne 559: not all arguments converted during string formatting
[2026-01-26T14:46:46.200+0000] {logging_mixin.py:151} INFO -      ⚠️ Erreur ligne 560: not all arguments converted during string formatting
[2026-01-26T14:46:46.200+0000] {logging_mixin.py:151} INFO -      ⚠️ Erreur ligne 561: not all arguments converted during string formatting
[2026-01-26T14:46:46.201+0000] {logging_mixin.py:151} INFO -      ⚠️ Erreur ligne 562: not all arguments converted during string formatting
[2026-01-26T14:46:46.201+0000] {logging_mixin.py:151} INFO -      ⚠️ Erreur ligne 563: not all arguments converted during string formatting
[2026-01-26T14:46:46.201+0000] {logging_mixin.py:151} INFO -      ⚠️ Erreur ligne 564: not all arguments converted during string formatting
[2026-01-26T14:46:46.202+0000] {logging_mixin.py:151} INFO -      ⚠️ Erreur ligne 565: not all arguments converted during string formatting
[2026-01-26T14:46:46.202+0000] {logging_mixin.py:151} INFO -      ⚠️ Erreur ligne 566: not all arguments converted during string formatting
[2026-01-26T14:46:46.203+0000] {logging_mixin.py:151} INFO -      ⚠️ Erreur ligne 567: not all arguments converted during string formatting
[2026-01-26T14:46:46.204+0000] {logging_mixin.py:151} INFO -      ⚠️ Erreur ligne 568: not all arguments converted during string formatting
[2026-01-26T14:46:46.205+0000] {logging_mixin.py:151} INFO -      ⚠️ Erreur ligne 569: not all arguments converted during string formatting
[2026-01-26T14:46:46.206+0000] {logging_mixin.py:151} INFO -      ⚠️ Erreur ligne 570: not all arguments converted during string formatting
[2026-01-26T14:46:46.207+0000] {logging_mixin.py:151} INFO -      ⚠️ Erreur ligne 571: not all arguments converted during string formatting
[2026-01-26T14:46:46.208+0000] {logging_mixin.py:151} INFO -      ⚠️ Erreur ligne 572: not all arguments converted during string formatting
[2026-01-26T14:46:46.209+0000] {logging_mixin.py:151} INFO -      ⚠️ Erreur ligne 573: not all arguments converted during string formatting
[2026-01-26T14:46:46.209+0000] {logging_mixin.py:151} INFO -      ⚠️ Erreur ligne 574: not all arguments converted during string formatting
[2026-01-26T14:46:46.210+0000] {logging_mixin.py:151} INFO -      ⚠️ Erreur ligne 575: not all arguments converted during string formatting
[2026-01-26T14:46:46.210+0000] {logging_mixin.py:151} INFO -      ⚠️ Erreur ligne 576: not all arguments converted during string formatting
[2026-01-26T14:46:46.210+0000] {logging_mixin.py:151} INFO -      ⚠️ Erreur ligne 577: not all arguments converted during string formatting
[2026-01-26T14:46:46.211+0000] {logging_mixin.py:151} INFO -      ⚠️ Erreur ligne 578: not all arguments converted during string formatting
[2026-01-26T14:46:46.211+0000] {logging_mixin.py:151} INFO -      ⚠️ Erreur ligne 579: not all arguments converted during string formatting
[2026-01-26T14:46:46.212+0000] {logging_mixin.py:151} INFO -      ⚠️ Erreur ligne 580: not all arguments converted during string formatting
[2026-01-26T14:46:46.212+0000] {logging_mixin.py:151} INFO -      ⚠️ Erreur ligne 581: not all arguments converted during string formatting
[2026-01-26T14:46:46.212+0000] {logging_mixin.py:151} INFO -      ⚠️ Erreur ligne 582: not all arguments converted during string formatting
[2026-01-26T14:46:46.213+0000] {logging_mixin.py:151} INFO -      ⚠️ Erreur ligne 583: not all arguments converted during string formatting
[2026-01-26T14:46:46.214+0000] {logging_mixin.py:151} INFO -      ⚠️ Erreur ligne 584: not all arguments converted during string formatting
[2026-01-26T14:46:46.214+0000] {logging_mixin.py:151} INFO -      ⚠️ Erreur ligne 585: not all arguments converted during string formatting
[2026-01-26T14:46:46.214+0000] {logging_mixin.py:151} INFO -      ⚠️ Erreur ligne 586: not all arguments converted during string formatting
[2026-01-26T14:46:46.215+0000] {logging_mixin.py:151} INFO -      ⚠️ Erreur ligne 587: not all arguments converted during string formatting
[2026-01-26T14:46:46.215+0000] {logging_mixin.py:151} INFO -      ⚠️ Erreur ligne 588: not all arguments converted during string formatting
[2026-01-26T14:46:46.216+0000] {logging_mixin.py:151} INFO -      ⚠️ Erreur ligne 589: not all arguments converted during string formatting
[2026-01-26T14:46:46.216+0000] {logging_mixin.py:151} INFO -      ⚠️ Erreur ligne 590: not all arguments converted during string formatting
[2026-01-26T14:46:46.216+0000] {logging_mixin.py:151} INFO -      ⚠️ Erreur ligne 591: not all arguments converted during string formatting
[2026-01-26T14:46:46.217+0000] {logging_mixin.py:151} INFO -      ⚠️ Erreur ligne 592: not all arguments converted during string formatting
[2026-01-26T14:46:46.217+0000] {logging_mixin.py:151} INFO -      ⚠️ Erreur ligne 593: not all arguments converted during string formatting
[2026-01-26T14:46:46.218+0000] {logging_mixin.py:151} INFO -      ⚠️ Erreur ligne 594: not all arguments converted during string formatting
[2026-01-26T14:46:46.219+0000] {logging_mixin.py:151} INFO -      ⚠️ Erreur ligne 595: not all arguments converted during string formatting
[2026-01-26T14:46:46.220+0000] {logging_mixin.py:151} INFO -      ⚠️ Erreur ligne 596: not all arguments converted during string formatting
[2026-01-26T14:46:46.220+0000] {logging_mixin.py:151} INFO -      ⚠️ Erreur ligne 597: not all arguments converted during string formatting
[2026-01-26T14:46:46.221+0000] {logging_mixin.py:151} INFO -      ⚠️ Erreur ligne 598: not all arguments converted during string formatting
[2026-01-26T14:46:46.221+0000] {logging_mixin.py:151} INFO -      ⚠️ Erreur ligne 599: not all arguments converted during string formatting
[2026-01-26T14:46:46.222+0000] {logging_mixin.py:151} INFO -      ⚠️ Erreur ligne 600: not all arguments converted during string formatting
[2026-01-26T14:46:46.223+0000] {logging_mixin.py:151} INFO -      ⚠️ Erreur ligne 601: not all arguments converted during string formatting
[2026-01-26T14:46:46.223+0000] {logging_mixin.py:151} INFO -      ⚠️ Erreur ligne 602: not all arguments converted during string formatting
[2026-01-26T14:46:46.224+0000] {logging_mixin.py:151} INFO -      ⚠️ Erreur ligne 603: not all arguments converted during string formatting
[2026-01-26T14:46:46.224+0000] {logging_mixin.py:151} INFO -      ⚠️ Erreur ligne 604: not all arguments converted during string formatting
[2026-01-26T14:46:46.225+0000] {logging_mixin.py:151} INFO -      ⚠️ Erreur ligne 605: not all arguments converted during string formatting
[2026-01-26T14:46:46.225+0000] {logging_mixin.py:151} INFO -      ⚠️ Erreur ligne 606: not all arguments converted during string formatting
[2026-01-26T14:46:46.225+0000] {logging_mixin.py:151} INFO -      ⚠️ Erreur ligne 607: not all arguments converted during string formatting
[2026-01-26T14:46:46.226+0000] {logging_mixin.py:151} INFO -      ⚠️ Erreur ligne 608: not all arguments converted during string formatting
[2026-01-26T14:46:46.226+0000] {logging_mixin.py:151} INFO -      ⚠️ Erreur ligne 609: not all arguments converted during string formatting
[2026-01-26T14:46:46.227+0000] {logging_mixin.py:151} INFO -      ⚠️ Erreur ligne 610: not all arguments converted during string formatting
[2026-01-26T14:46:46.227+0000] {logging_mixin.py:151} INFO -      ⚠️ Erreur ligne 611: not all arguments converted during string formatting
[2026-01-26T14:46:46.228+0000] {logging_mixin.py:151} INFO -      ⚠️ Erreur ligne 612: not all arguments converted during string formatting
[2026-01-26T14:46:46.228+0000] {logging_mixin.py:151} INFO -      ⚠️ Erreur ligne 613: not all arguments converted during string formatting
[2026-01-26T14:46:46.228+0000] {logging_mixin.py:151} INFO -      ⚠️ Erreur ligne 614: not all arguments converted during string formatting
[2026-01-26T14:46:46.229+0000] {logging_mixin.py:151} INFO -      ⚠️ Erreur ligne 615: not all arguments converted during string formatting
[2026-01-26T14:46:46.229+0000] {logging_mixin.py:151} INFO -      ⚠️ Erreur ligne 616: not all arguments converted during string formatting
[2026-01-26T14:46:46.230+0000] {logging_mixin.py:151} INFO -      ⚠️ Erreur ligne 617: not all arguments converted during string formatting
[2026-01-26T14:46:46.230+0000] {logging_mixin.py:151} INFO -      ⚠️ Erreur ligne 618: not all arguments converted during string formatting
[2026-01-26T14:46:46.231+0000] {logging_mixin.py:151} INFO -      ⚠️ Erreur ligne 619: not all arguments converted during string formatting
[2026-01-26T14:46:46.231+0000] {logging_mixin.py:151} INFO -      ⚠️ Erreur ligne 620: not all arguments converted during string formatting
[2026-01-26T14:46:46.232+0000] {logging_mixin.py:151} INFO -      ⚠️ Erreur ligne 621: not all arguments converted during string formatting
[2026-01-26T14:46:46.233+0000] {logging_mixin.py:151} INFO -      ⚠️ Erreur ligne 622: not all arguments converted during string formatting
[2026-01-26T14:46:46.233+0000] {logging_mixin.py:151} INFO -      ⚠️ Erreur ligne 623: not all arguments converted during string formatting
[2026-01-26T14:46:46.234+0000] {logging_mixin.py:151} INFO -      ⚠️ Erreur ligne 624: not all arguments converted during string formatting
[2026-01-26T14:46:46.234+0000] {logging_mixin.py:151} INFO -      ⚠️ Erreur ligne 625: not all arguments converted during string formatting
[2026-01-26T14:46:46.235+0000] {logging_mixin.py:151} INFO -      ⚠️ Erreur ligne 626: not all arguments converted during string formatting
[2026-01-26T14:46:46.236+0000] {logging_mixin.py:151} INFO -      ⚠️ Erreur ligne 627: not all arguments converted during string formatting
[2026-01-26T14:46:46.238+0000] {logging_mixin.py:151} INFO -      ⚠️ Erreur ligne 628: not all arguments converted during string formatting
[2026-01-26T14:46:46.239+0000] {logging_mixin.py:151} INFO -      ⚠️ Erreur ligne 629: not all arguments converted during string formatting
[2026-01-26T14:46:46.240+0000] {logging_mixin.py:151} INFO -      ⚠️ Erreur ligne 630: not all arguments converted during string formatting
[2026-01-26T14:46:46.240+0000] {logging_mixin.py:151} INFO -      ⚠️ Erreur ligne 631: not all arguments converted during string formatting
[2026-01-26T14:46:46.241+0000] {logging_mixin.py:151} INFO -      ⚠️ Erreur ligne 632: not all arguments converted during string formatting
[2026-01-26T14:46:46.242+0000] {logging_mixin.py:151} INFO -      ⚠️ Erreur ligne 633: not all arguments converted during string formatting
[2026-01-26T14:46:46.242+0000] {logging_mixin.py:151} INFO -      ⚠️ Erreur ligne 634: not all arguments converted during string formatting
[2026-01-26T14:46:46.242+0000] {logging_mixin.py:151} INFO -      ⚠️ Erreur ligne 635: not all arguments converted during string formatting
[2026-01-26T14:46:46.243+0000] {logging_mixin.py:151} INFO -      ⚠️ Erreur ligne 636: not all arguments converted during string formatting
[2026-01-26T14:46:46.243+0000] {logging_mixin.py:151} INFO -      ⚠️ Erreur ligne 637: not all arguments converted during string formatting
[2026-01-26T14:46:46.243+0000] {logging_mixin.py:151} INFO -      ⚠️ Erreur ligne 638: not all arguments converted during string formatting
[2026-01-26T14:46:46.244+0000] {logging_mixin.py:151} INFO -      ⚠️ Erreur ligne 639: not all arguments converted during string formatting
[2026-01-26T14:46:46.244+0000] {logging_mixin.py:151} INFO -      ⚠️ Erreur ligne 640: not all arguments converted during string formatting
[2026-01-26T14:46:46.245+0000] {logging_mixin.py:151} INFO -      ⚠️ Erreur ligne 641: not all arguments converted during string formatting
[2026-01-26T14:46:46.245+0000] {logging_mixin.py:151} INFO -      ⚠️ Erreur ligne 642: not all arguments converted during string formatting
[2026-01-26T14:46:46.246+0000] {logging_mixin.py:151} INFO -      ⚠️ Erreur ligne 643: not all arguments converted during string formatting
[2026-01-26T14:46:46.247+0000] {logging_mixin.py:151} INFO -      ⚠️ Erreur ligne 644: not all arguments converted during string formatting
[2026-01-26T14:46:46.247+0000] {logging_mixin.py:151} INFO -      ⚠️ Erreur ligne 645: not all arguments converted during string formatting
[2026-01-26T14:46:46.248+0000] {logging_mixin.py:151} INFO -      ⚠️ Erreur ligne 646: not all arguments converted during string formatting
[2026-01-26T14:46:46.249+0000] {logging_mixin.py:151} INFO -      ⚠️ Erreur ligne 647: not all arguments converted during string formatting
[2026-01-26T14:46:46.249+0000] {logging_mixin.py:151} INFO -      ⚠️ Erreur ligne 648: not all arguments converted during string formatting
[2026-01-26T14:46:46.250+0000] {logging_mixin.py:151} INFO -      ⚠️ Erreur ligne 649: not all arguments converted during string formatting
[2026-01-26T14:46:46.251+0000] {logging_mixin.py:151} INFO -      ⚠️ Erreur ligne 650: not all arguments converted during string formatting
[2026-01-26T14:46:46.252+0000] {logging_mixin.py:151} INFO -      ⚠️ Erreur ligne 651: not all arguments converted during string formatting
[2026-01-26T14:46:46.252+0000] {logging_mixin.py:151} INFO -      ⚠️ Erreur ligne 652: not all arguments converted during string formatting
[2026-01-26T14:46:46.253+0000] {logging_mixin.py:151} INFO -      ⚠️ Erreur ligne 653: not all arguments converted during string formatting
[2026-01-26T14:46:46.253+0000] {logging_mixin.py:151} INFO -      ⚠️ Erreur ligne 654: not all arguments converted during string formatting
[2026-01-26T14:46:46.254+0000] {logging_mixin.py:151} INFO -      ⚠️ Erreur ligne 655: not all arguments converted during string formatting
[2026-01-26T14:46:46.255+0000] {logging_mixin.py:151} INFO -      ⚠️ Erreur ligne 656: not all arguments converted during string formatting
[2026-01-26T14:46:46.255+0000] {logging_mixin.py:151} INFO -      ⚠️ Erreur ligne 657: not all arguments converted during string formatting
[2026-01-26T14:46:46.257+0000] {logging_mixin.py:151} INFO -      ⚠️ Erreur ligne 658: not all arguments converted during string formatting
[2026-01-26T14:46:46.260+0000] {logging_mixin.py:151} INFO -      ⚠️ Erreur ligne 659: not all arguments converted during string formatting
[2026-01-26T14:46:46.262+0000] {logging_mixin.py:151} INFO -      ⚠️ Erreur ligne 660: not all arguments converted during string formatting
[2026-01-26T14:46:46.263+0000] {logging_mixin.py:151} INFO -      ⚠️ Erreur ligne 661: not all arguments converted during string formatting
[2026-01-26T14:46:46.264+0000] {logging_mixin.py:151} INFO -      ⚠️ Erreur ligne 662: not all arguments converted during string formatting
[2026-01-26T14:46:46.266+0000] {logging_mixin.py:151} INFO -      ⚠️ Erreur ligne 663: not all arguments converted during string formatting
[2026-01-26T14:46:46.267+0000] {logging_mixin.py:151} INFO -      ⚠️ Erreur ligne 664: not all arguments converted during string formatting
[2026-01-26T14:46:46.267+0000] {logging_mixin.py:151} INFO -      ⚠️ Erreur ligne 665: not all arguments converted during string formatting
[2026-01-26T14:46:46.268+0000] {logging_mixin.py:151} INFO -      ⚠️ Erreur ligne 666: not all arguments converted during string formatting
[2026-01-26T14:46:46.269+0000] {logging_mixin.py:151} INFO -      ⚠️ Erreur ligne 667: not all arguments converted during string formatting
[2026-01-26T14:46:46.269+0000] {logging_mixin.py:151} INFO -      ⚠️ Erreur ligne 668: not all arguments converted during string formatting
[2026-01-26T14:46:46.270+0000] {logging_mixin.py:151} INFO -      ⚠️ Erreur ligne 669: not all arguments converted during string formatting
[2026-01-26T14:46:46.270+0000] {logging_mixin.py:151} INFO -      ⚠️ Erreur ligne 670: not all arguments converted during string formatting
[2026-01-26T14:46:46.271+0000] {logging_mixin.py:151} INFO -      ⚠️ Erreur ligne 671: not all arguments converted during string formatting
[2026-01-26T14:46:46.271+0000] {logging_mixin.py:151} INFO -      ⚠️ Erreur ligne 672: not all arguments converted during string formatting
[2026-01-26T14:46:46.272+0000] {logging_mixin.py:151} INFO -      ⚠️ Erreur ligne 673: not all arguments converted during string formatting
[2026-01-26T14:46:46.272+0000] {logging_mixin.py:151} INFO -      ⚠️ Erreur ligne 674: not all arguments converted during string formatting
[2026-01-26T14:46:46.273+0000] {logging_mixin.py:151} INFO -      ⚠️ Erreur ligne 675: not all arguments converted during string formatting
[2026-01-26T14:46:46.273+0000] {logging_mixin.py:151} INFO -      ⚠️ Erreur ligne 676: not all arguments converted during string formatting
[2026-01-26T14:46:46.275+0000] {logging_mixin.py:151} INFO -      ⚠️ Erreur ligne 677: not all arguments converted during string formatting
[2026-01-26T14:46:46.276+0000] {logging_mixin.py:151} INFO -      ⚠️ Erreur ligne 678: not all arguments converted during string formatting
[2026-01-26T14:46:46.276+0000] {logging_mixin.py:151} INFO -      ⚠️ Erreur ligne 679: not all arguments converted during string formatting
[2026-01-26T14:46:46.277+0000] {logging_mixin.py:151} INFO -      ⚠️ Erreur ligne 680: not all arguments converted during string formatting
[2026-01-26T14:46:46.278+0000] {logging_mixin.py:151} INFO -      ⚠️ Erreur ligne 681: not all arguments converted during string formatting
[2026-01-26T14:46:46.279+0000] {logging_mixin.py:151} INFO -      ⚠️ Erreur ligne 682: not all arguments converted during string formatting
[2026-01-26T14:46:46.279+0000] {logging_mixin.py:151} INFO -      ⚠️ Erreur ligne 683: not all arguments converted during string formatting
[2026-01-26T14:46:46.280+0000] {logging_mixin.py:151} INFO -      ⚠️ Erreur ligne 684: not all arguments converted during string formatting
[2026-01-26T14:46:46.281+0000] {logging_mixin.py:151} INFO -      ⚠️ Erreur ligne 685: not all arguments converted during string formatting
[2026-01-26T14:46:46.281+0000] {logging_mixin.py:151} INFO -      ⚠️ Erreur ligne 686: not all arguments converted during string formatting
[2026-01-26T14:46:46.281+0000] {logging_mixin.py:151} INFO -      ⚠️ Erreur ligne 687: not all arguments converted during string formatting
[2026-01-26T14:46:46.282+0000] {logging_mixin.py:151} INFO -      ⚠️ Erreur ligne 688: not all arguments converted during string formatting
[2026-01-26T14:46:46.282+0000] {logging_mixin.py:151} INFO -      ⚠️ Erreur ligne 689: not all arguments converted during string formatting
[2026-01-26T14:46:46.283+0000] {logging_mixin.py:151} INFO -      ⚠️ Erreur ligne 690: not all arguments converted during string formatting
[2026-01-26T14:46:46.283+0000] {logging_mixin.py:151} INFO -      ⚠️ Erreur ligne 691: not all arguments converted during string formatting
[2026-01-26T14:46:46.284+0000] {logging_mixin.py:151} INFO -      ⚠️ Erreur ligne 692: not all arguments converted during string formatting
[2026-01-26T14:46:46.284+0000] {logging_mixin.py:151} INFO -      ⚠️ Erreur ligne 693: not all arguments converted during string formatting
[2026-01-26T14:46:46.285+0000] {logging_mixin.py:151} INFO -      ⚠️ Erreur ligne 694: not all arguments converted during string formatting
[2026-01-26T14:46:46.285+0000] {logging_mixin.py:151} INFO -      ⚠️ Erreur ligne 695: not all arguments converted during string formatting
[2026-01-26T14:46:46.286+0000] {logging_mixin.py:151} INFO -      ⚠️ Erreur ligne 696: not all arguments converted during string formatting
[2026-01-26T14:46:46.287+0000] {logging_mixin.py:151} INFO -      ⚠️ Erreur ligne 697: not all arguments converted during string formatting
[2026-01-26T14:46:46.288+0000] {logging_mixin.py:151} INFO -      ⚠️ Erreur ligne 698: not all arguments converted during string formatting
[2026-01-26T14:46:46.288+0000] {logging_mixin.py:151} INFO -      ⚠️ Erreur ligne 699: not all arguments converted during string formatting
[2026-01-26T14:46:46.289+0000] {logging_mixin.py:151} INFO -      ⚠️ Erreur ligne 700: not all arguments converted during string formatting
[2026-01-26T14:46:46.289+0000] {logging_mixin.py:151} INFO -      ⚠️ Erreur ligne 701: not all arguments converted during string formatting
[2026-01-26T14:46:46.289+0000] {logging_mixin.py:151} INFO -      ⚠️ Erreur ligne 702: not all arguments converted during string formatting
[2026-01-26T14:46:46.290+0000] {logging_mixin.py:151} INFO -      ⚠️ Erreur ligne 703: not all arguments converted during string formatting
[2026-01-26T14:46:46.291+0000] {logging_mixin.py:151} INFO -      ⚠️ Erreur ligne 704: not all arguments converted during string formatting
[2026-01-26T14:46:46.291+0000] {logging_mixin.py:151} INFO -      ⚠️ Erreur ligne 705: not all arguments converted during string formatting
[2026-01-26T14:46:46.292+0000] {logging_mixin.py:151} INFO -      ⚠️ Erreur ligne 706: not all arguments converted during string formatting
[2026-01-26T14:46:46.293+0000] {logging_mixin.py:151} INFO -      ⚠️ Erreur ligne 707: not all arguments converted during string formatting
[2026-01-26T14:46:46.293+0000] {logging_mixin.py:151} INFO -      ⚠️ Erreur ligne 708: not all arguments converted during string formatting
[2026-01-26T14:46:46.294+0000] {logging_mixin.py:151} INFO -      ⚠️ Erreur ligne 709: not all arguments converted during string formatting
[2026-01-26T14:46:46.294+0000] {logging_mixin.py:151} INFO -      ⚠️ Erreur ligne 710: not all arguments converted during string formatting
[2026-01-26T14:46:46.295+0000] {logging_mixin.py:151} INFO -      ⚠️ Erreur ligne 711: not all arguments converted during string formatting
[2026-01-26T14:46:46.295+0000] {logging_mixin.py:151} INFO -      ⚠️ Erreur ligne 712: not all arguments converted during string formatting
[2026-01-26T14:46:46.296+0000] {logging_mixin.py:151} INFO -      ⚠️ Erreur ligne 713: not all arguments converted during string formatting
[2026-01-26T14:46:46.296+0000] {logging_mixin.py:151} INFO -      ⚠️ Erreur ligne 714: not all arguments converted during string formatting
[2026-01-26T14:46:46.297+0000] {logging_mixin.py:151} INFO -      ⚠️ Erreur ligne 715: not all arguments converted during string formatting
[2026-01-26T14:46:46.297+0000] {logging_mixin.py:151} INFO -      ⚠️ Erreur ligne 716: not all arguments converted during string formatting
[2026-01-26T14:46:46.298+0000] {logging_mixin.py:151} INFO -      ⚠️ Erreur ligne 717: not all arguments converted during string formatting
[2026-01-26T14:46:46.298+0000] {logging_mixin.py:151} INFO -      ⚠️ Erreur ligne 718: not all arguments converted during string formatting
[2026-01-26T14:46:46.299+0000] {logging_mixin.py:151} INFO -      ⚠️ Erreur ligne 719: not all arguments converted during string formatting
[2026-01-26T14:46:46.299+0000] {logging_mixin.py:151} INFO -      ⚠️ Erreur ligne 720: not all arguments converted during string formatting
[2026-01-26T14:46:46.300+0000] {logging_mixin.py:151} INFO -      ⚠️ Erreur ligne 721: not all arguments converted during string formatting
[2026-01-26T14:46:46.300+0000] {logging_mixin.py:151} INFO -      ⚠️ Erreur ligne 722: not all arguments converted during string formatting
[2026-01-26T14:46:46.301+0000] {logging_mixin.py:151} INFO -      ⚠️ Erreur ligne 723: not all arguments converted during string formatting
[2026-01-26T14:46:46.302+0000] {logging_mixin.py:151} INFO -      ⚠️ Erreur ligne 724: not all arguments converted during string formatting
[2026-01-26T14:46:46.303+0000] {logging_mixin.py:151} INFO -      ⚠️ Erreur ligne 725: not all arguments converted during string formatting
[2026-01-26T14:46:46.303+0000] {logging_mixin.py:151} INFO -      ⚠️ Erreur ligne 726: not all arguments converted during string formatting
[2026-01-26T14:46:46.304+0000] {logging_mixin.py:151} INFO -      ⚠️ Erreur ligne 727: not all arguments converted during string formatting
[2026-01-26T14:46:46.304+0000] {logging_mixin.py:151} INFO -      ⚠️ Erreur ligne 728: not all arguments converted during string formatting
[2026-01-26T14:46:46.305+0000] {logging_mixin.py:151} INFO -      ⚠️ Erreur ligne 729: not all arguments converted during string formatting
[2026-01-26T14:46:46.306+0000] {logging_mixin.py:151} INFO -      ⚠️ Erreur ligne 730: not all arguments converted during string formatting
[2026-01-26T14:46:46.306+0000] {logging_mixin.py:151} INFO -      ⚠️ Erreur ligne 731: not all arguments converted during string formatting
[2026-01-26T14:46:46.307+0000] {logging_mixin.py:151} INFO -      ⚠️ Erreur ligne 732: not all arguments converted during string formatting
[2026-01-26T14:46:46.307+0000] {logging_mixin.py:151} INFO -      ⚠️ Erreur ligne 733: not all arguments converted during string formatting
[2026-01-26T14:46:46.307+0000] {logging_mixin.py:151} INFO -      ⚠️ Erreur ligne 734: not all arguments converted during string formatting
[2026-01-26T14:46:46.308+0000] {logging_mixin.py:151} INFO -      ⚠️ Erreur ligne 735: not all arguments converted during string formatting
[2026-01-26T14:46:46.309+0000] {logging_mixin.py:151} INFO -      ⚠️ Erreur ligne 736: not all arguments converted during string formatting
[2026-01-26T14:46:46.309+0000] {logging_mixin.py:151} INFO -      ⚠️ Erreur ligne 737: not all arguments converted during string formatting
[2026-01-26T14:46:46.310+0000] {logging_mixin.py:151} INFO -      ⚠️ Erreur ligne 738: not all arguments converted during string formatting
[2026-01-26T14:46:46.311+0000] {logging_mixin.py:151} INFO -      ⚠️ Erreur ligne 739: not all arguments converted during string formatting
[2026-01-26T14:46:46.311+0000] {logging_mixin.py:151} INFO -      ⚠️ Erreur ligne 740: not all arguments converted during string formatting
[2026-01-26T14:46:46.311+0000] {logging_mixin.py:151} INFO -      ⚠️ Erreur ligne 741: not all arguments converted during string formatting
[2026-01-26T14:46:46.312+0000] {logging_mixin.py:151} INFO -      ⚠️ Erreur ligne 742: not all arguments converted during string formatting
[2026-01-26T14:46:46.312+0000] {logging_mixin.py:151} INFO -      ⚠️ Erreur ligne 743: not all arguments converted during string formatting
[2026-01-26T14:46:46.312+0000] {logging_mixin.py:151} INFO -      ⚠️ Erreur ligne 744: not all arguments converted during string formatting
[2026-01-26T14:46:46.313+0000] {logging_mixin.py:151} INFO -      ⚠️ Erreur ligne 745: not all arguments converted during string formatting
[2026-01-26T14:46:46.313+0000] {logging_mixin.py:151} INFO -      ⚠️ Erreur ligne 746: not all arguments converted during string formatting
[2026-01-26T14:46:46.313+0000] {logging_mixin.py:151} INFO -      ⚠️ Erreur ligne 747: not all arguments converted during string formatting
[2026-01-26T14:46:46.314+0000] {logging_mixin.py:151} INFO -      ⚠️ Erreur ligne 748: not all arguments converted during string formatting
[2026-01-26T14:46:46.315+0000] {logging_mixin.py:151} INFO -      ⚠️ Erreur ligne 749: not all arguments converted during string formatting
[2026-01-26T14:46:46.315+0000] {logging_mixin.py:151} INFO -      ⚠️ Erreur ligne 750: not all arguments converted during string formatting
[2026-01-26T14:46:46.316+0000] {logging_mixin.py:151} INFO -      ⚠️ Erreur ligne 751: not all arguments converted during string formatting
[2026-01-26T14:46:46.316+0000] {logging_mixin.py:151} INFO -      ⚠️ Erreur ligne 752: not all arguments converted during string formatting
[2026-01-26T14:46:46.317+0000] {logging_mixin.py:151} INFO -      ⚠️ Erreur ligne 753: not all arguments converted during string formatting
[2026-01-26T14:46:46.317+0000] {logging_mixin.py:151} INFO -      ⚠️ Erreur ligne 754: not all arguments converted during string formatting
[2026-01-26T14:46:46.318+0000] {logging_mixin.py:151} INFO -      ⚠️ Erreur ligne 755: not all arguments converted during string formatting
[2026-01-26T14:46:46.319+0000] {logging_mixin.py:151} INFO -      ⚠️ Erreur ligne 756: not all arguments converted during string formatting
[2026-01-26T14:46:46.320+0000] {logging_mixin.py:151} INFO -      ⚠️ Erreur ligne 757: not all arguments converted during string formatting
[2026-01-26T14:46:46.321+0000] {logging_mixin.py:151} INFO -      ⚠️ Erreur ligne 758: not all arguments converted during string formatting
[2026-01-26T14:46:46.321+0000] {logging_mixin.py:151} INFO -      ⚠️ Erreur ligne 759: not all arguments converted during string formatting
[2026-01-26T14:46:46.322+0000] {logging_mixin.py:151} INFO -      ⚠️ Erreur ligne 760: not all arguments converted during string formatting
[2026-01-26T14:46:46.323+0000] {logging_mixin.py:151} INFO -      ⚠️ Erreur ligne 761: not all arguments converted during string formatting
[2026-01-26T14:46:46.324+0000] {logging_mixin.py:151} INFO -      ⚠️ Erreur ligne 762: not all arguments converted during string formatting
[2026-01-26T14:46:46.324+0000] {logging_mixin.py:151} INFO -      ⚠️ Erreur ligne 763: not all arguments converted during string formatting
[2026-01-26T14:46:46.325+0000] {logging_mixin.py:151} INFO -      ⚠️ Erreur ligne 764: not all arguments converted during string formatting
[2026-01-26T14:46:46.326+0000] {logging_mixin.py:151} INFO -      ⚠️ Erreur ligne 765: not all arguments converted during string formatting
[2026-01-26T14:46:46.326+0000] {logging_mixin.py:151} INFO -      ⚠️ Erreur ligne 766: not all arguments converted during string formatting
[2026-01-26T14:46:46.327+0000] {logging_mixin.py:151} INFO -      ⚠️ Erreur ligne 767: not all arguments converted during string formatting
[2026-01-26T14:46:46.327+0000] {logging_mixin.py:151} INFO -      ⚠️ Erreur ligne 768: not all arguments converted during string formatting
[2026-01-26T14:46:46.328+0000] {logging_mixin.py:151} INFO -      ⚠️ Erreur ligne 769: not all arguments converted during string formatting
[2026-01-26T14:46:46.329+0000] {logging_mixin.py:151} INFO -      ⚠️ Erreur ligne 770: not all arguments converted during string formatting
[2026-01-26T14:46:46.330+0000] {logging_mixin.py:151} INFO -      ⚠️ Erreur ligne 771: not all arguments converted during string formatting
[2026-01-26T14:46:46.331+0000] {logging_mixin.py:151} INFO -      ⚠️ Erreur ligne 772: not all arguments converted during string formatting
[2026-01-26T14:46:46.332+0000] {logging_mixin.py:151} INFO -      ⚠️ Erreur ligne 773: not all arguments converted during string formatting
[2026-01-26T14:46:46.333+0000] {logging_mixin.py:151} INFO -      ⚠️ Erreur ligne 774: not all arguments converted during string formatting
[2026-01-26T14:46:46.334+0000] {logging_mixin.py:151} INFO -      ⚠️ Erreur ligne 775: not all arguments converted during string formatting
[2026-01-26T14:46:46.334+0000] {logging_mixin.py:151} INFO -      ⚠️ Erreur ligne 776: not all arguments converted during string formatting
[2026-01-26T14:46:46.335+0000] {logging_mixin.py:151} INFO -      ⚠️ Erreur ligne 777: not all arguments converted during string formatting
[2026-01-26T14:46:46.336+0000] {logging_mixin.py:151} INFO -      ⚠️ Erreur ligne 778: not all arguments converted during string formatting
[2026-01-26T14:46:46.336+0000] {logging_mixin.py:151} INFO -      ⚠️ Erreur ligne 779: not all arguments converted during string formatting
[2026-01-26T14:46:46.337+0000] {logging_mixin.py:151} INFO -      ⚠️ Erreur ligne 780: not all arguments converted during string formatting
[2026-01-26T14:46:46.338+0000] {logging_mixin.py:151} INFO -      ⚠️ Erreur ligne 781: not all arguments converted during string formatting
[2026-01-26T14:46:46.338+0000] {logging_mixin.py:151} INFO -      ⚠️ Erreur ligne 782: not all arguments converted during string formatting
[2026-01-26T14:46:46.339+0000] {logging_mixin.py:151} INFO -      ⚠️ Erreur ligne 783: not all arguments converted during string formatting
[2026-01-26T14:46:46.340+0000] {logging_mixin.py:151} INFO -      ⚠️ Erreur ligne 784: not all arguments converted during string formatting
[2026-01-26T14:46:46.341+0000] {logging_mixin.py:151} INFO -      ⚠️ Erreur ligne 785: not all arguments converted during string formatting
[2026-01-26T14:46:46.341+0000] {logging_mixin.py:151} INFO -      ⚠️ Erreur ligne 786: not all arguments converted during string formatting
[2026-01-26T14:46:46.342+0000] {logging_mixin.py:151} INFO -      ⚠️ Erreur ligne 787: not all arguments converted during string formatting
[2026-01-26T14:46:46.343+0000] {logging_mixin.py:151} INFO -      ⚠️ Erreur ligne 788: not all arguments converted during string formatting
[2026-01-26T14:46:46.344+0000] {logging_mixin.py:151} INFO -      ⚠️ Erreur ligne 789: not all arguments converted during string formatting
[2026-01-26T14:46:46.345+0000] {logging_mixin.py:151} INFO -      ⚠️ Erreur ligne 790: not all arguments converted during string formatting
[2026-01-26T14:46:46.346+0000] {logging_mixin.py:151} INFO -      ⚠️ Erreur ligne 791: not all arguments converted during string formatting
[2026-01-26T14:46:46.347+0000] {logging_mixin.py:151} INFO -      ⚠️ Erreur ligne 792: not all arguments converted during string formatting
[2026-01-26T14:46:46.348+0000] {logging_mixin.py:151} INFO -      ⚠️ Erreur ligne 793: not all arguments converted during string formatting
[2026-01-26T14:46:46.349+0000] {logging_mixin.py:151} INFO -      ⚠️ Erreur ligne 794: not all arguments converted during string formatting
[2026-01-26T14:46:46.350+0000] {logging_mixin.py:151} INFO -      ⚠️ Erreur ligne 795: not all arguments converted during string formatting
[2026-01-26T14:46:46.350+0000] {logging_mixin.py:151} INFO -      ⚠️ Erreur ligne 796: not all arguments converted during string formatting
[2026-01-26T14:46:46.353+0000] {logging_mixin.py:151} INFO -      ⚠️ Erreur ligne 797: not all arguments converted during string formatting
[2026-01-26T14:46:46.353+0000] {logging_mixin.py:151} INFO -      ⚠️ Erreur ligne 798: not all arguments converted during string formatting
[2026-01-26T14:46:46.354+0000] {logging_mixin.py:151} INFO -      ⚠️ Erreur ligne 799: not all arguments converted during string formatting
[2026-01-26T14:46:46.355+0000] {logging_mixin.py:151} INFO -      ⚠️ Erreur ligne 800: not all arguments converted during string formatting
[2026-01-26T14:46:46.356+0000] {logging_mixin.py:151} INFO -      ⚠️ Erreur ligne 801: not all arguments converted during string formatting
[2026-01-26T14:46:46.357+0000] {logging_mixin.py:151} INFO -      ⚠️ Erreur ligne 802: not all arguments converted during string formatting
[2026-01-26T14:46:46.358+0000] {logging_mixin.py:151} INFO -      ⚠️ Erreur ligne 803: not all arguments converted during string formatting
[2026-01-26T14:46:46.359+0000] {logging_mixin.py:151} INFO -      ⚠️ Erreur ligne 804: not all arguments converted during string formatting
[2026-01-26T14:46:46.359+0000] {logging_mixin.py:151} INFO -      ⚠️ Erreur ligne 805: not all arguments converted during string formatting
[2026-01-26T14:46:46.360+0000] {logging_mixin.py:151} INFO -      ⚠️ Erreur ligne 806: not all arguments converted during string formatting
[2026-01-26T14:46:46.361+0000] {logging_mixin.py:151} INFO -      ⚠️ Erreur ligne 807: not all arguments converted during string formatting
[2026-01-26T14:46:46.361+0000] {logging_mixin.py:151} INFO -      ⚠️ Erreur ligne 808: not all arguments converted during string formatting
[2026-01-26T14:46:46.362+0000] {logging_mixin.py:151} INFO -      ⚠️ Erreur ligne 809: not all arguments converted during string formatting
[2026-01-26T14:46:46.362+0000] {logging_mixin.py:151} INFO -      ⚠️ Erreur ligne 810: not all arguments converted during string formatting
[2026-01-26T14:46:46.363+0000] {logging_mixin.py:151} INFO -      ⚠️ Erreur ligne 811: not all arguments converted during string formatting
[2026-01-26T14:46:46.363+0000] {logging_mixin.py:151} INFO -      ⚠️ Erreur ligne 812: not all arguments converted during string formatting
[2026-01-26T14:46:46.364+0000] {logging_mixin.py:151} INFO -      ⚠️ Erreur ligne 813: not all arguments converted during string formatting
[2026-01-26T14:46:46.364+0000] {logging_mixin.py:151} INFO -      ⚠️ Erreur ligne 814: not all arguments converted during string formatting
[2026-01-26T14:46:46.364+0000] {logging_mixin.py:151} INFO -      ⚠️ Erreur ligne 815: not all arguments converted during string formatting
[2026-01-26T14:46:46.365+0000] {logging_mixin.py:151} INFO -      ⚠️ Erreur ligne 816: not all arguments converted during string formatting
[2026-01-26T14:46:46.365+0000] {logging_mixin.py:151} INFO -      ⚠️ Erreur ligne 817: not all arguments converted during string formatting
[2026-01-26T14:46:46.365+0000] {logging_mixin.py:151} INFO -      ⚠️ Erreur ligne 818: not all arguments converted during string formatting
[2026-01-26T14:46:46.366+0000] {logging_mixin.py:151} INFO -      ⚠️ Erreur ligne 819: not all arguments converted during string formatting
[2026-01-26T14:46:46.366+0000] {logging_mixin.py:151} INFO -      ⚠️ Erreur ligne 820: not all arguments converted during string formatting
[2026-01-26T14:46:46.367+0000] {logging_mixin.py:151} INFO -      ⚠️ Erreur ligne 821: not all arguments converted during string formatting
[2026-01-26T14:46:46.367+0000] {logging_mixin.py:151} INFO -      ⚠️ Erreur ligne 822: not all arguments converted during string formatting
[2026-01-26T14:46:46.368+0000] {logging_mixin.py:151} INFO -      ⚠️ Erreur ligne 823: not all arguments converted during string formatting
[2026-01-26T14:46:46.368+0000] {logging_mixin.py:151} INFO -      ⚠️ Erreur ligne 824: not all arguments converted during string formatting
[2026-01-26T14:46:46.369+0000] {logging_mixin.py:151} INFO -      ⚠️ Erreur ligne 825: not all arguments converted during string formatting
[2026-01-26T14:46:46.370+0000] {logging_mixin.py:151} INFO -      ⚠️ Erreur ligne 826: not all arguments converted during string formatting
[2026-01-26T14:46:46.371+0000] {logging_mixin.py:151} INFO -      ⚠️ Erreur ligne 827: not all arguments converted during string formatting
[2026-01-26T14:46:46.372+0000] {logging_mixin.py:151} INFO -      ⚠️ Erreur ligne 828: not all arguments converted during string formatting
[2026-01-26T14:46:46.373+0000] {logging_mixin.py:151} INFO -      ⚠️ Erreur ligne 829: not all arguments converted during string formatting
[2026-01-26T14:46:46.377+0000] {logging_mixin.py:151} INFO -      ⚠️ Erreur ligne 830: not all arguments converted during string formatting
[2026-01-26T14:46:46.377+0000] {logging_mixin.py:151} INFO -      ⚠️ Erreur ligne 831: not all arguments converted during string formatting
[2026-01-26T14:46:46.378+0000] {logging_mixin.py:151} INFO -      ⚠️ Erreur ligne 832: not all arguments converted during string formatting
[2026-01-26T14:46:46.378+0000] {logging_mixin.py:151} INFO -      ⚠️ Erreur ligne 833: not all arguments converted during string formatting
[2026-01-26T14:46:46.378+0000] {logging_mixin.py:151} INFO -      ⚠️ Erreur ligne 834: not all arguments converted during string formatting
[2026-01-26T14:46:46.379+0000] {logging_mixin.py:151} INFO -      ⚠️ Erreur ligne 835: not all arguments converted during string formatting
[2026-01-26T14:46:46.379+0000] {logging_mixin.py:151} INFO -      ⚠️ Erreur ligne 836: not all arguments converted during string formatting
[2026-01-26T14:46:46.379+0000] {logging_mixin.py:151} INFO -      ⚠️ Erreur ligne 837: not all arguments converted during string formatting
[2026-01-26T14:46:46.380+0000] {logging_mixin.py:151} INFO -      ⚠️ Erreur ligne 838: not all arguments converted during string formatting
[2026-01-26T14:46:46.380+0000] {logging_mixin.py:151} INFO -      ⚠️ Erreur ligne 839: not all arguments converted during string formatting
[2026-01-26T14:46:46.381+0000] {logging_mixin.py:151} INFO -      ⚠️ Erreur ligne 840: not all arguments converted during string formatting
[2026-01-26T14:46:46.381+0000] {logging_mixin.py:151} INFO -      ⚠️ Erreur ligne 841: not all arguments converted during string formatting
[2026-01-26T14:46:46.382+0000] {logging_mixin.py:151} INFO -      ⚠️ Erreur ligne 842: not all arguments converted during string formatting
[2026-01-26T14:46:46.382+0000] {logging_mixin.py:151} INFO -      ⚠️ Erreur ligne 843: not all arguments converted during string formatting
[2026-01-26T14:46:46.383+0000] {logging_mixin.py:151} INFO -      ⚠️ Erreur ligne 844: not all arguments converted during string formatting
[2026-01-26T14:46:46.383+0000] {logging_mixin.py:151} INFO -      ⚠️ Erreur ligne 845: not all arguments converted during string formatting
[2026-01-26T14:46:46.384+0000] {logging_mixin.py:151} INFO -      ⚠️ Erreur ligne 846: not all arguments converted during string formatting
[2026-01-26T14:46:46.385+0000] {logging_mixin.py:151} INFO -      ⚠️ Erreur ligne 847: not all arguments converted during string formatting
[2026-01-26T14:46:46.386+0000] {logging_mixin.py:151} INFO -      ⚠️ Erreur ligne 848: not all arguments converted during string formatting
[2026-01-26T14:46:46.386+0000] {logging_mixin.py:151} INFO -      ⚠️ Erreur ligne 849: not all arguments converted during string formatting
[2026-01-26T14:46:46.387+0000] {logging_mixin.py:151} INFO -      ⚠️ Erreur ligne 850: not all arguments converted during string formatting
[2026-01-26T14:46:46.388+0000] {logging_mixin.py:151} INFO -      ⚠️ Erreur ligne 851: not all arguments converted during string formatting
[2026-01-26T14:46:46.389+0000] {logging_mixin.py:151} INFO -      ⚠️ Erreur ligne 852: not all arguments converted during string formatting
[2026-01-26T14:46:46.390+0000] {logging_mixin.py:151} INFO -      ⚠️ Erreur ligne 853: not all arguments converted during string formatting
[2026-01-26T14:46:46.391+0000] {logging_mixin.py:151} INFO -      ⚠️ Erreur ligne 854: not all arguments converted during string formatting
[2026-01-26T14:46:46.392+0000] {logging_mixin.py:151} INFO -      ⚠️ Erreur ligne 855: not all arguments converted during string formatting
[2026-01-26T14:46:46.394+0000] {logging_mixin.py:151} INFO -      ⚠️ Erreur ligne 856: not all arguments converted during string formatting
[2026-01-26T14:46:46.395+0000] {logging_mixin.py:151} INFO -      ⚠️ Erreur ligne 857: not all arguments converted during string formatting
[2026-01-26T14:46:46.395+0000] {logging_mixin.py:151} INFO -      ⚠️ Erreur ligne 858: not all arguments converted during string formatting
[2026-01-26T14:46:46.396+0000] {logging_mixin.py:151} INFO -      ⚠️ Erreur ligne 859: not all arguments converted during string formatting
[2026-01-26T14:46:46.397+0000] {logging_mixin.py:151} INFO -      ⚠️ Erreur ligne 860: not all arguments converted during string formatting
[2026-01-26T14:46:46.398+0000] {logging_mixin.py:151} INFO -      ⚠️ Erreur ligne 861: not all arguments converted during string formatting
[2026-01-26T14:46:46.399+0000] {logging_mixin.py:151} INFO -      ⚠️ Erreur ligne 862: not all arguments converted during string formatting
[2026-01-26T14:46:46.399+0000] {logging_mixin.py:151} INFO -      ⚠️ Erreur ligne 863: not all arguments converted during string formatting
[2026-01-26T14:46:46.400+0000] {logging_mixin.py:151} INFO -      ⚠️ Erreur ligne 864: not all arguments converted during string formatting
[2026-01-26T14:46:46.400+0000] {logging_mixin.py:151} INFO -      ⚠️ Erreur ligne 865: not all arguments converted during string formatting
[2026-01-26T14:46:46.401+0000] {logging_mixin.py:151} INFO -      ⚠️ Erreur ligne 866: not all arguments converted during string formatting
[2026-01-26T14:46:46.401+0000] {logging_mixin.py:151} INFO -      ⚠️ Erreur ligne 867: not all arguments converted during string formatting
[2026-01-26T14:46:46.402+0000] {logging_mixin.py:151} INFO -      ⚠️ Erreur ligne 868: not all arguments converted during string formatting
[2026-01-26T14:46:46.403+0000] {logging_mixin.py:151} INFO -      ⚠️ Erreur ligne 869: not all arguments converted during string formatting
[2026-01-26T14:46:46.403+0000] {logging_mixin.py:151} INFO -      ⚠️ Erreur ligne 870: not all arguments converted during string formatting
[2026-01-26T14:46:46.404+0000] {logging_mixin.py:151} INFO -      ⚠️ Erreur ligne 871: not all arguments converted during string formatting
[2026-01-26T14:46:46.404+0000] {logging_mixin.py:151} INFO -      ⚠️ Erreur ligne 872: not all arguments converted during string formatting
[2026-01-26T14:46:46.405+0000] {logging_mixin.py:151} INFO -      ⚠️ Erreur ligne 873: not all arguments converted during string formatting
[2026-01-26T14:46:46.406+0000] {logging_mixin.py:151} INFO -      ⚠️ Erreur ligne 874: not all arguments converted during string formatting
[2026-01-26T14:46:46.406+0000] {logging_mixin.py:151} INFO -      ⚠️ Erreur ligne 875: not all arguments converted during string formatting
[2026-01-26T14:46:46.407+0000] {logging_mixin.py:151} INFO -      ⚠️ Erreur ligne 876: not all arguments converted during string formatting
[2026-01-26T14:46:46.410+0000] {logging_mixin.py:151} INFO -      ⚠️ Erreur ligne 877: not all arguments converted during string formatting
[2026-01-26T14:46:46.411+0000] {logging_mixin.py:151} INFO -      ⚠️ Erreur ligne 878: not all arguments converted during string formatting
[2026-01-26T14:46:46.413+0000] {logging_mixin.py:151} INFO -      ⚠️ Erreur ligne 879: not all arguments converted during string formatting
[2026-01-26T14:46:46.415+0000] {logging_mixin.py:151} INFO -      ⚠️ Erreur ligne 880: not all arguments converted during string formatting
[2026-01-26T14:46:46.416+0000] {logging_mixin.py:151} INFO -      ⚠️ Erreur ligne 881: not all arguments converted during string formatting
[2026-01-26T14:46:46.417+0000] {logging_mixin.py:151} INFO -      ⚠️ Erreur ligne 882: not all arguments converted during string formatting
[2026-01-26T14:46:46.419+0000] {logging_mixin.py:151} INFO -      ⚠️ Erreur ligne 883: not all arguments converted during string formatting
[2026-01-26T14:46:46.420+0000] {logging_mixin.py:151} INFO -      ⚠️ Erreur ligne 884: not all arguments converted during string formatting
[2026-01-26T14:46:46.422+0000] {logging_mixin.py:151} INFO -      ⚠️ Erreur ligne 885: not all arguments converted during string formatting
[2026-01-26T14:46:46.423+0000] {logging_mixin.py:151} INFO -      ⚠️ Erreur ligne 886: not all arguments converted during string formatting
[2026-01-26T14:46:46.425+0000] {logging_mixin.py:151} INFO -      ⚠️ Erreur ligne 887: not all arguments converted during string formatting
[2026-01-26T14:46:46.427+0000] {logging_mixin.py:151} INFO -      ⚠️ Erreur ligne 888: not all arguments converted during string formatting
[2026-01-26T14:46:46.428+0000] {logging_mixin.py:151} INFO -      ⚠️ Erreur ligne 889: not all arguments converted during string formatting
[2026-01-26T14:46:46.432+0000] {logging_mixin.py:151} INFO -      ⚠️ Erreur ligne 890: not all arguments converted during string formatting
[2026-01-26T14:46:46.435+0000] {logging_mixin.py:151} INFO -      ⚠️ Erreur ligne 891: not all arguments converted during string formatting
[2026-01-26T14:46:46.437+0000] {logging_mixin.py:151} INFO -      ⚠️ Erreur ligne 892: not all arguments converted during string formatting
[2026-01-26T14:46:46.438+0000] {logging_mixin.py:151} INFO -      ⚠️ Erreur ligne 893: not all arguments converted during string formatting
[2026-01-26T14:46:46.439+0000] {logging_mixin.py:151} INFO -      ⚠️ Erreur ligne 894: not all arguments converted during string formatting
[2026-01-26T14:46:46.440+0000] {logging_mixin.py:151} INFO -      ⚠️ Erreur ligne 895: not all arguments converted during string formatting
[2026-01-26T14:46:46.441+0000] {logging_mixin.py:151} INFO -      ⚠️ Erreur ligne 896: not all arguments converted during string formatting
[2026-01-26T14:46:46.442+0000] {logging_mixin.py:151} INFO -      ⚠️ Erreur ligne 897: not all arguments converted during string formatting
[2026-01-26T14:46:46.444+0000] {logging_mixin.py:151} INFO -      ⚠️ Erreur ligne 898: not all arguments converted during string formatting
[2026-01-26T14:46:46.445+0000] {logging_mixin.py:151} INFO -      ⚠️ Erreur ligne 899: not all arguments converted during string formatting
[2026-01-26T14:46:46.446+0000] {logging_mixin.py:151} INFO -      ⚠️ Erreur ligne 900: not all arguments converted during string formatting
[2026-01-26T14:46:46.449+0000] {logging_mixin.py:151} INFO -      ⚠️ Erreur ligne 901: not all arguments converted during string formatting
[2026-01-26T14:46:46.450+0000] {logging_mixin.py:151} INFO -      ⚠️ Erreur ligne 902: not all arguments converted during string formatting
[2026-01-26T14:46:46.451+0000] {logging_mixin.py:151} INFO -      ⚠️ Erreur ligne 903: not all arguments converted during string formatting
[2026-01-26T14:46:46.454+0000] {logging_mixin.py:151} INFO -      ⚠️ Erreur ligne 904: not all arguments converted during string formatting
[2026-01-26T14:46:46.456+0000] {logging_mixin.py:151} INFO -      ⚠️ Erreur ligne 905: not all arguments converted during string formatting
[2026-01-26T14:46:46.458+0000] {logging_mixin.py:151} INFO -      ⚠️ Erreur ligne 906: not all arguments converted during string formatting
[2026-01-26T14:46:46.459+0000] {logging_mixin.py:151} INFO -      ⚠️ Erreur ligne 907: not all arguments converted during string formatting
[2026-01-26T14:46:46.463+0000] {logging_mixin.py:151} INFO -      ⚠️ Erreur ligne 908: not all arguments converted during string formatting
[2026-01-26T14:46:46.464+0000] {logging_mixin.py:151} INFO -      ⚠️ Erreur ligne 909: not all arguments converted during string formatting
[2026-01-26T14:46:46.465+0000] {logging_mixin.py:151} INFO -      ⚠️ Erreur ligne 910: not all arguments converted during string formatting
[2026-01-26T14:46:46.467+0000] {logging_mixin.py:151} INFO -      ⚠️ Erreur ligne 911: not all arguments converted during string formatting
[2026-01-26T14:46:46.468+0000] {logging_mixin.py:151} INFO -      ⚠️ Erreur ligne 912: not all arguments converted during string formatting
[2026-01-26T14:46:46.468+0000] {logging_mixin.py:151} INFO -      ⚠️ Erreur ligne 913: not all arguments converted during string formatting
[2026-01-26T14:46:46.469+0000] {logging_mixin.py:151} INFO -      ⚠️ Erreur ligne 914: not all arguments converted during string formatting
[2026-01-26T14:46:46.471+0000] {logging_mixin.py:151} INFO -      ⚠️ Erreur ligne 915: not all arguments converted during string formatting
[2026-01-26T14:46:46.473+0000] {logging_mixin.py:151} INFO -      ⚠️ Erreur ligne 916: not all arguments converted during string formatting
[2026-01-26T14:46:46.475+0000] {logging_mixin.py:151} INFO -      ⚠️ Erreur ligne 917: not all arguments converted during string formatting
[2026-01-26T14:46:46.477+0000] {logging_mixin.py:151} INFO -      ⚠️ Erreur ligne 918: not all arguments converted during string formatting
[2026-01-26T14:46:46.478+0000] {logging_mixin.py:151} INFO -      ⚠️ Erreur ligne 919: not all arguments converted during string formatting
[2026-01-26T14:46:46.480+0000] {logging_mixin.py:151} INFO -      ⚠️ Erreur ligne 920: not all arguments converted during string formatting
[2026-01-26T14:46:46.481+0000] {logging_mixin.py:151} INFO -      ⚠️ Erreur ligne 921: not all arguments converted during string formatting
[2026-01-26T14:46:46.482+0000] {logging_mixin.py:151} INFO -      ⚠️ Erreur ligne 922: not all arguments converted during string formatting
[2026-01-26T14:46:46.482+0000] {logging_mixin.py:151} INFO -      ⚠️ Erreur ligne 923: not all arguments converted during string formatting
[2026-01-26T14:46:46.483+0000] {logging_mixin.py:151} INFO -      ⚠️ Erreur ligne 924: not all arguments converted during string formatting
[2026-01-26T14:46:46.484+0000] {logging_mixin.py:151} INFO -      ⚠️ Erreur ligne 925: not all arguments converted during string formatting
[2026-01-26T14:46:46.485+0000] {logging_mixin.py:151} INFO -      ⚠️ Erreur ligne 926: not all arguments converted during string formatting
[2026-01-26T14:46:46.485+0000] {logging_mixin.py:151} INFO -      ⚠️ Erreur ligne 927: not all arguments converted during string formatting
[2026-01-26T14:46:46.486+0000] {logging_mixin.py:151} INFO -      ⚠️ Erreur ligne 928: not all arguments converted during string formatting
[2026-01-26T14:46:46.487+0000] {logging_mixin.py:151} INFO -      ⚠️ Erreur ligne 929: not all arguments converted during string formatting
[2026-01-26T14:46:46.488+0000] {logging_mixin.py:151} INFO -      ⚠️ Erreur ligne 930: not all arguments converted during string formatting
[2026-01-26T14:46:46.489+0000] {logging_mixin.py:151} INFO -      ⚠️ Erreur ligne 931: not all arguments converted during string formatting
[2026-01-26T14:46:46.491+0000] {logging_mixin.py:151} INFO -      ⚠️ Erreur ligne 932: not all arguments converted during string formatting
[2026-01-26T14:46:46.491+0000] {logging_mixin.py:151} INFO -      ⚠️ Erreur ligne 933: not all arguments converted during string formatting
[2026-01-26T14:46:46.496+0000] {logging_mixin.py:151} INFO -      ⚠️ Erreur ligne 934: not all arguments converted during string formatting
[2026-01-26T14:46:46.497+0000] {logging_mixin.py:151} INFO -      ⚠️ Erreur ligne 935: not all arguments converted during string formatting
[2026-01-26T14:46:46.500+0000] {logging_mixin.py:151} INFO -      ⚠️ Erreur ligne 936: not all arguments converted during string formatting
[2026-01-26T14:46:46.501+0000] {logging_mixin.py:151} INFO -      ⚠️ Erreur ligne 937: not all arguments converted during string formatting
[2026-01-26T14:46:46.502+0000] {logging_mixin.py:151} INFO -      ⚠️ Erreur ligne 938: not all arguments converted during string formatting
[2026-01-26T14:46:46.503+0000] {logging_mixin.py:151} INFO -      ⚠️ Erreur ligne 939: not all arguments converted during string formatting
[2026-01-26T14:46:46.504+0000] {logging_mixin.py:151} INFO -      ⚠️ Erreur ligne 940: not all arguments converted during string formatting
[2026-01-26T14:46:46.505+0000] {logging_mixin.py:151} INFO -      ⚠️ Erreur ligne 941: not all arguments converted during string formatting
[2026-01-26T14:46:46.506+0000] {logging_mixin.py:151} INFO -      ⚠️ Erreur ligne 942: not all arguments converted during string formatting
[2026-01-26T14:46:46.508+0000] {logging_mixin.py:151} INFO -      ⚠️ Erreur ligne 943: not all arguments converted during string formatting
[2026-01-26T14:46:46.510+0000] {logging_mixin.py:151} INFO -      ⚠️ Erreur ligne 944: not all arguments converted during string formatting
[2026-01-26T14:46:46.511+0000] {logging_mixin.py:151} INFO -      ⚠️ Erreur ligne 945: not all arguments converted during string formatting
[2026-01-26T14:46:46.512+0000] {logging_mixin.py:151} INFO -      ⚠️ Erreur ligne 946: not all arguments converted during string formatting
[2026-01-26T14:46:46.513+0000] {logging_mixin.py:151} INFO -      ⚠️ Erreur ligne 947: not all arguments converted during string formatting
[2026-01-26T14:46:46.514+0000] {logging_mixin.py:151} INFO -      ⚠️ Erreur ligne 948: not all arguments converted during string formatting
[2026-01-26T14:46:46.515+0000] {logging_mixin.py:151} INFO -      ⚠️ Erreur ligne 949: not all arguments converted during string formatting
[2026-01-26T14:46:46.516+0000] {logging_mixin.py:151} INFO -      ⚠️ Erreur ligne 950: not all arguments converted during string formatting
[2026-01-26T14:46:46.517+0000] {logging_mixin.py:151} INFO -      ⚠️ Erreur ligne 951: not all arguments converted during string formatting
[2026-01-26T14:46:46.518+0000] {logging_mixin.py:151} INFO -      ⚠️ Erreur ligne 952: not all arguments converted during string formatting
[2026-01-26T14:46:46.519+0000] {logging_mixin.py:151} INFO -      ⚠️ Erreur ligne 953: not all arguments converted during string formatting
[2026-01-26T14:46:46.521+0000] {logging_mixin.py:151} INFO -      ⚠️ Erreur ligne 954: not all arguments converted during string formatting
[2026-01-26T14:46:46.522+0000] {logging_mixin.py:151} INFO -      ⚠️ Erreur ligne 955: not all arguments converted during string formatting
[2026-01-26T14:46:46.523+0000] {logging_mixin.py:151} INFO -      ⚠️ Erreur ligne 956: not all arguments converted during string formatting
[2026-01-26T14:46:46.525+0000] {logging_mixin.py:151} INFO -      ⚠️ Erreur ligne 957: not all arguments converted during string formatting
[2026-01-26T14:46:46.526+0000] {logging_mixin.py:151} INFO -      ⚠️ Erreur ligne 958: not all arguments converted during string formatting
[2026-01-26T14:46:46.527+0000] {logging_mixin.py:151} INFO -      ⚠️ Erreur ligne 959: not all arguments converted during string formatting
[2026-01-26T14:46:46.528+0000] {logging_mixin.py:151} INFO -      ⚠️ Erreur ligne 960: not all arguments converted during string formatting
[2026-01-26T14:46:46.529+0000] {logging_mixin.py:151} INFO -      ⚠️ Erreur ligne 961: not all arguments converted during string formatting
[2026-01-26T14:46:46.530+0000] {logging_mixin.py:151} INFO -      ⚠️ Erreur ligne 962: not all arguments converted during string formatting
[2026-01-26T14:46:46.531+0000] {logging_mixin.py:151} INFO -      ⚠️ Erreur ligne 963: not all arguments converted during string formatting
[2026-01-26T14:46:46.531+0000] {logging_mixin.py:151} INFO -      ⚠️ Erreur ligne 964: not all arguments converted during string formatting
[2026-01-26T14:46:46.532+0000] {logging_mixin.py:151} INFO -      ⚠️ Erreur ligne 965: not all arguments converted during string formatting
[2026-01-26T14:46:46.533+0000] {logging_mixin.py:151} INFO -      ⚠️ Erreur ligne 966: not all arguments converted during string formatting
[2026-01-26T14:46:46.534+0000] {logging_mixin.py:151} INFO -      ⚠️ Erreur ligne 967: not all arguments converted during string formatting
[2026-01-26T14:46:46.534+0000] {logging_mixin.py:151} INFO -      ⚠️ Erreur ligne 968: not all arguments converted during string formatting
[2026-01-26T14:46:46.535+0000] {logging_mixin.py:151} INFO -      ⚠️ Erreur ligne 969: not all arguments converted during string formatting
[2026-01-26T14:46:46.536+0000] {logging_mixin.py:151} INFO -      ⚠️ Erreur ligne 970: not all arguments converted during string formatting
[2026-01-26T14:46:46.538+0000] {logging_mixin.py:151} INFO -      ⚠️ Erreur ligne 971: not all arguments converted during string formatting
[2026-01-26T14:46:46.540+0000] {logging_mixin.py:151} INFO -      ⚠️ Erreur ligne 972: not all arguments converted during string formatting
[2026-01-26T14:46:46.545+0000] {logging_mixin.py:151} INFO -      ⚠️ Erreur ligne 973: not all arguments converted during string formatting
[2026-01-26T14:46:46.547+0000] {logging_mixin.py:151} INFO -      ⚠️ Erreur ligne 974: not all arguments converted during string formatting
[2026-01-26T14:46:46.547+0000] {logging_mixin.py:151} INFO -      ⚠️ Erreur ligne 975: not all arguments converted during string formatting
[2026-01-26T14:46:46.549+0000] {logging_mixin.py:151} INFO -      ⚠️ Erreur ligne 976: not all arguments converted during string formatting
[2026-01-26T14:46:46.550+0000] {logging_mixin.py:151} INFO -      ⚠️ Erreur ligne 977: not all arguments converted during string formatting
[2026-01-26T14:46:46.551+0000] {logging_mixin.py:151} INFO -      ⚠️ Erreur ligne 978: not all arguments converted during string formatting
[2026-01-26T14:46:46.551+0000] {logging_mixin.py:151} INFO -      ⚠️ Erreur ligne 979: not all arguments converted during string formatting
[2026-01-26T14:46:46.552+0000] {logging_mixin.py:151} INFO -      ⚠️ Erreur ligne 980: not all arguments converted during string formatting
[2026-01-26T14:46:46.552+0000] {logging_mixin.py:151} INFO -      ⚠️ Erreur ligne 981: not all arguments converted during string formatting
[2026-01-26T14:46:46.553+0000] {logging_mixin.py:151} INFO -      ⚠️ Erreur ligne 982: not all arguments converted during string formatting
[2026-01-26T14:46:46.554+0000] {logging_mixin.py:151} INFO -      ⚠️ Erreur ligne 983: not all arguments converted during string formatting
[2026-01-26T14:46:46.554+0000] {logging_mixin.py:151} INFO -      ⚠️ Erreur ligne 984: not all arguments converted during string formatting
[2026-01-26T14:46:46.556+0000] {logging_mixin.py:151} INFO -      ⚠️ Erreur ligne 985: not all arguments converted during string formatting
[2026-01-26T14:46:46.557+0000] {logging_mixin.py:151} INFO -      ⚠️ Erreur ligne 986: not all arguments converted during string formatting
[2026-01-26T14:46:46.558+0000] {logging_mixin.py:151} INFO -      ⚠️ Erreur ligne 987: not all arguments converted during string formatting
[2026-01-26T14:46:46.559+0000] {logging_mixin.py:151} INFO -      ⚠️ Erreur ligne 988: not all arguments converted during string formatting
[2026-01-26T14:46:46.560+0000] {logging_mixin.py:151} INFO -      ⚠️ Erreur ligne 989: not all arguments converted during string formatting
[2026-01-26T14:46:46.560+0000] {logging_mixin.py:151} INFO -      ⚠️ Erreur ligne 990: not all arguments converted during string formatting
[2026-01-26T14:46:46.561+0000] {logging_mixin.py:151} INFO -      ⚠️ Erreur ligne 991: not all arguments converted during string formatting
[2026-01-26T14:46:46.562+0000] {logging_mixin.py:151} INFO -      ⚠️ Erreur ligne 992: not all arguments converted during string formatting
[2026-01-26T14:46:46.562+0000] {logging_mixin.py:151} INFO -      ⚠️ Erreur ligne 993: not all arguments converted during string formatting
[2026-01-26T14:46:46.563+0000] {logging_mixin.py:151} INFO -      ⚠️ Erreur ligne 994: not all arguments converted during string formatting
[2026-01-26T14:46:46.564+0000] {logging_mixin.py:151} INFO -      ⚠️ Erreur ligne 995: not all arguments converted during string formatting
[2026-01-26T14:46:46.565+0000] {logging_mixin.py:151} INFO -      ⚠️ Erreur ligne 996: not all arguments converted during string formatting
[2026-01-26T14:46:46.566+0000] {logging_mixin.py:151} INFO -      ⚠️ Erreur ligne 997: not all arguments converted during string formatting
[2026-01-26T14:46:46.567+0000] {logging_mixin.py:151} INFO -      ⚠️ Erreur ligne 998: not all arguments converted during string formatting
[2026-01-26T14:46:46.568+0000] {logging_mixin.py:151} INFO -      ⚠️ Erreur ligne 999: not all arguments converted during string formatting
[2026-01-26T14:46:46.569+0000] {logging_mixin.py:151} INFO -      ⚠️ Erreur ligne 1000: not all arguments converted during string formatting
[2026-01-26T14:46:46.570+0000] {logging_mixin.py:151} INFO -      ⚠️ Erreur ligne 1001: not all arguments converted during string formatting
[2026-01-26T14:46:46.571+0000] {logging_mixin.py:151} INFO -      ⚠️ Erreur ligne 1002: not all arguments converted during string formatting
[2026-01-26T14:46:46.572+0000] {logging_mixin.py:151} INFO -      ⚠️ Erreur ligne 1003: not all arguments converted during string formatting
[2026-01-26T14:46:46.573+0000] {logging_mixin.py:151} INFO -      ⚠️ Erreur ligne 1004: not all arguments converted during string formatting
[2026-01-26T14:46:46.574+0000] {logging_mixin.py:151} INFO -      ⚠️ Erreur ligne 1005: not all arguments converted during string formatting
[2026-01-26T14:46:46.575+0000] {logging_mixin.py:151} INFO -      ⚠️ Erreur ligne 1006: not all arguments converted during string formatting
[2026-01-26T14:46:46.576+0000] {logging_mixin.py:151} INFO -      ⚠️ Erreur ligne 1007: not all arguments converted during string formatting
[2026-01-26T14:46:46.576+0000] {logging_mixin.py:151} INFO -      ⚠️ Erreur ligne 1008: not all arguments converted during string formatting
[2026-01-26T14:46:46.577+0000] {logging_mixin.py:151} INFO -      ⚠️ Erreur ligne 1009: not all arguments converted during string formatting
[2026-01-26T14:46:46.578+0000] {logging_mixin.py:151} INFO -      ⚠️ Erreur ligne 1010: not all arguments converted during string formatting
[2026-01-26T14:46:46.579+0000] {logging_mixin.py:151} INFO -      ⚠️ Erreur ligne 1011: not all arguments converted during string formatting
[2026-01-26T14:46:46.581+0000] {logging_mixin.py:151} INFO -      ⚠️ Erreur ligne 1012: not all arguments converted during string formatting
[2026-01-26T14:46:46.585+0000] {logging_mixin.py:151} INFO -      ⚠️ Erreur ligne 1013: not all arguments converted during string formatting
[2026-01-26T14:46:46.588+0000] {logging_mixin.py:151} INFO -      ⚠️ Erreur ligne 1014: not all arguments converted during string formatting
[2026-01-26T14:46:46.589+0000] {logging_mixin.py:151} INFO -      ⚠️ Erreur ligne 1015: not all arguments converted during string formatting
[2026-01-26T14:46:46.590+0000] {logging_mixin.py:151} INFO -      ⚠️ Erreur ligne 1016: not all arguments converted during string formatting
[2026-01-26T14:46:46.593+0000] {logging_mixin.py:151} INFO -      ⚠️ Erreur ligne 1017: not all arguments converted during string formatting
[2026-01-26T14:46:46.595+0000] {logging_mixin.py:151} INFO -      ✅ 0 lignes insérées, 0 doublons ignorés
[2026-01-26T14:46:46.600+0000] {logging_mixin.py:151} INFO -   ✅ Fichier traité avec succès !
[2026-01-26T14:46:46.602+0000] {logging_mixin.py:151} INFO - 
--------------------------------------------------------------------------------
[2026-01-26T14:46:46.605+0000] {logging_mixin.py:151} INFO - 📄 Traitement de : MSFT_2026-01-26 06:13:31.074172+00:00.csv
[2026-01-26T14:46:46.606+0000] {logging_mixin.py:151} INFO - --------------------------------------------------------------------------------
[2026-01-26T14:46:46.607+0000] {logging_mixin.py:151} INFO -   1️⃣ Lecture du CSV...
[2026-01-26T14:46:46.621+0000] {logging_mixin.py:151} INFO -      ✅ Lu 1018 lignes
[2026-01-26T14:46:46.633+0000] {logging_mixin.py:151} INFO -      Colonnes: ['Date', 'Open', 'High', 'Low', 'Close', 'Volume', 'Dividends', 'Stock Splits', 'symbol', 'extracted_at']
[2026-01-26T14:46:46.634+0000] {logging_mixin.py:151} INFO -   2️⃣ Nettoyage des colonnes...
[2026-01-26T14:46:46.636+0000] {logging_mixin.py:151} INFO -      ✅ Colonnes nettoyées: ['date', 'open', 'high', 'low', 'close', 'volume', 'dividends', 'stock_splits', 'symbol', 'extracted_at']
[2026-01-26T14:46:46.636+0000] {logging_mixin.py:151} INFO -   3️⃣ Conversion des dates...
[2026-01-26T14:46:46.659+0000] {logging_mixin.py:151} INFO -      ✅ Dates converties
[2026-01-26T14:46:46.659+0000] {logging_mixin.py:151} INFO -   4️⃣ Nettoyage des données...
[2026-01-26T14:46:46.669+0000] {logging_mixin.py:151} INFO -      ✅ 1018 → 1018 lignes (après nettoyage)
[2026-01-26T14:46:46.669+0000] {logging_mixin.py:151} INFO -   5️⃣ Connexion à la base de données...
[2026-01-26T14:46:46.678+0000] {logging_mixin.py:151} INFO -      ✅ Connecté
[2026-01-26T14:46:46.679+0000] {logging_mixin.py:151} INFO -   6️⃣ Insertion des données...
[2026-01-26T14:46:46.681+0000] {logging_mixin.py:151} INFO -      ⚠️ Erreur ligne 0: not all arguments converted during string formatting
[2026-01-26T14:46:46.683+0000] {logging_mixin.py:151} INFO -      ⚠️ Erreur ligne 1: not all arguments converted during string formatting
[2026-01-26T14:46:46.687+0000] {logging_mixin.py:151} INFO -      ⚠️ Erreur ligne 2: not all arguments converted during string formatting
[2026-01-26T14:46:46.688+0000] {logging_mixin.py:151} INFO -      ⚠️ Erreur ligne 3: not all arguments converted during string formatting
[2026-01-26T14:46:46.691+0000] {logging_mixin.py:151} INFO -      ⚠️ Erreur ligne 4: not all arguments converted during string formatting
[2026-01-26T14:46:46.691+0000] {logging_mixin.py:151} INFO -      ⚠️ Erreur ligne 5: not all arguments converted during string formatting
[2026-01-26T14:46:46.694+0000] {logging_mixin.py:151} INFO -      ⚠️ Erreur ligne 6: not all arguments converted during string formatting
[2026-01-26T14:46:46.696+0000] {logging_mixin.py:151} INFO -      ⚠️ Erreur ligne 7: not all arguments converted during string formatting
[2026-01-26T14:46:46.697+0000] {logging_mixin.py:151} INFO -      ⚠️ Erreur ligne 8: not all arguments converted during string formatting
[2026-01-26T14:46:46.698+0000] {logging_mixin.py:151} INFO -      ⚠️ Erreur ligne 9: not all arguments converted during string formatting
[2026-01-26T14:46:46.699+0000] {logging_mixin.py:151} INFO -      ⚠️ Erreur ligne 10: not all arguments converted during string formatting
[2026-01-26T14:46:46.700+0000] {logging_mixin.py:151} INFO -      ⚠️ Erreur ligne 11: not all arguments converted during string formatting
[2026-01-26T14:46:46.701+0000] {logging_mixin.py:151} INFO -      ⚠️ Erreur ligne 12: not all arguments converted during string formatting
[2026-01-26T14:46:46.702+0000] {logging_mixin.py:151} INFO -      ⚠️ Erreur ligne 13: not all arguments converted during string formatting
[2026-01-26T14:46:46.703+0000] {logging_mixin.py:151} INFO -      ⚠️ Erreur ligne 14: not all arguments converted during string formatting
[2026-01-26T14:46:46.704+0000] {logging_mixin.py:151} INFO -      ⚠️ Erreur ligne 15: not all arguments converted during string formatting
[2026-01-26T14:46:46.707+0000] {logging_mixin.py:151} INFO -      ⚠️ Erreur ligne 16: not all arguments converted during string formatting
[2026-01-26T14:46:46.708+0000] {logging_mixin.py:151} INFO -      ⚠️ Erreur ligne 17: not all arguments converted during string formatting
[2026-01-26T14:46:46.711+0000] {logging_mixin.py:151} INFO -      ⚠️ Erreur ligne 18: not all arguments converted during string formatting
[2026-01-26T14:46:46.712+0000] {logging_mixin.py:151} INFO -      ⚠️ Erreur ligne 19: not all arguments converted during string formatting
[2026-01-26T14:46:46.713+0000] {logging_mixin.py:151} INFO -      ⚠️ Erreur ligne 20: not all arguments converted during string formatting
[2026-01-26T14:46:46.714+0000] {logging_mixin.py:151} INFO -      ⚠️ Erreur ligne 21: not all arguments converted during string formatting
[2026-01-26T14:46:46.716+0000] {logging_mixin.py:151} INFO -      ⚠️ Erreur ligne 22: not all arguments converted during string formatting
[2026-01-26T14:46:46.718+0000] {logging_mixin.py:151} INFO -      ⚠️ Erreur ligne 23: not all arguments converted during string formatting
[2026-01-26T14:46:46.719+0000] {logging_mixin.py:151} INFO -      ⚠️ Erreur ligne 24: not all arguments converted during string formatting
[2026-01-26T14:46:46.721+0000] {logging_mixin.py:151} INFO -      ⚠️ Erreur ligne 25: not all arguments converted during string formatting
[2026-01-26T14:46:46.722+0000] {logging_mixin.py:151} INFO -      ⚠️ Erreur ligne 26: not all arguments converted during string formatting
[2026-01-26T14:46:46.723+0000] {logging_mixin.py:151} INFO -      ⚠️ Erreur ligne 27: not all arguments converted during string formatting
[2026-01-26T14:46:46.724+0000] {logging_mixin.py:151} INFO -      ⚠️ Erreur ligne 28: not all arguments converted during string formatting
[2026-01-26T14:46:46.725+0000] {logging_mixin.py:151} INFO -      ⚠️ Erreur ligne 29: not all arguments converted during string formatting
[2026-01-26T14:46:46.726+0000] {logging_mixin.py:151} INFO -      ⚠️ Erreur ligne 30: not all arguments converted during string formatting
[2026-01-26T14:46:46.727+0000] {logging_mixin.py:151} INFO -      ⚠️ Erreur ligne 31: not all arguments converted during string formatting
[2026-01-26T14:46:46.729+0000] {logging_mixin.py:151} INFO -      ⚠️ Erreur ligne 32: not all arguments converted during string formatting
[2026-01-26T14:46:46.730+0000] {logging_mixin.py:151} INFO -      ⚠️ Erreur ligne 33: not all arguments converted during string formatting
[2026-01-26T14:46:46.731+0000] {logging_mixin.py:151} INFO -      ⚠️ Erreur ligne 34: not all arguments converted during string formatting
[2026-01-26T14:46:46.732+0000] {logging_mixin.py:151} INFO -      ⚠️ Erreur ligne 35: not all arguments converted during string formatting
[2026-01-26T14:46:46.733+0000] {logging_mixin.py:151} INFO -      ⚠️ Erreur ligne 36: not all arguments converted during string formatting
[2026-01-26T14:46:46.733+0000] {logging_mixin.py:151} INFO -      ⚠️ Erreur ligne 37: not all arguments converted during string formatting
[2026-01-26T14:46:46.734+0000] {logging_mixin.py:151} INFO -      ⚠️ Erreur ligne 38: not all arguments converted during string formatting
[2026-01-26T14:46:46.736+0000] {logging_mixin.py:151} INFO -      ⚠️ Erreur ligne 39: not all arguments converted during string formatting
[2026-01-26T14:46:46.738+0000] {logging_mixin.py:151} INFO -      ⚠️ Erreur ligne 40: not all arguments converted during string formatting
[2026-01-26T14:46:46.740+0000] {logging_mixin.py:151} INFO -      ⚠️ Erreur ligne 41: not all arguments converted during string formatting
[2026-01-26T14:46:46.741+0000] {logging_mixin.py:151} INFO -      ⚠️ Erreur ligne 42: not all arguments converted during string formatting
[2026-01-26T14:46:46.742+0000] {logging_mixin.py:151} INFO -      ⚠️ Erreur ligne 43: not all arguments converted during string formatting
[2026-01-26T14:46:46.743+0000] {logging_mixin.py:151} INFO -      ⚠️ Erreur ligne 44: not all arguments converted during string formatting
[2026-01-26T14:46:46.744+0000] {logging_mixin.py:151} INFO -      ⚠️ Erreur ligne 45: not all arguments converted during string formatting
[2026-01-26T14:46:46.744+0000] {logging_mixin.py:151} INFO -      ⚠️ Erreur ligne 46: not all arguments converted during string formatting
[2026-01-26T14:46:46.745+0000] {logging_mixin.py:151} INFO -      ⚠️ Erreur ligne 47: not all arguments converted during string formatting
[2026-01-26T14:46:46.746+0000] {logging_mixin.py:151} INFO -      ⚠️ Erreur ligne 48: not all arguments converted during string formatting
[2026-01-26T14:46:46.747+0000] {logging_mixin.py:151} INFO -      ⚠️ Erreur ligne 49: not all arguments converted during string formatting
[2026-01-26T14:46:46.749+0000] {logging_mixin.py:151} INFO -      ⚠️ Erreur ligne 50: not all arguments converted during string formatting
[2026-01-26T14:46:46.750+0000] {logging_mixin.py:151} INFO -      ⚠️ Erreur ligne 51: not all arguments converted during string formatting
[2026-01-26T14:46:46.751+0000] {logging_mixin.py:151} INFO -      ⚠️ Erreur ligne 52: not all arguments converted during string formatting
[2026-01-26T14:46:46.752+0000] {logging_mixin.py:151} INFO -      ⚠️ Erreur ligne 53: not all arguments converted during string formatting
[2026-01-26T14:46:46.753+0000] {logging_mixin.py:151} INFO -      ⚠️ Erreur ligne 54: not all arguments converted during string formatting
[2026-01-26T14:46:46.755+0000] {logging_mixin.py:151} INFO -      ⚠️ Erreur ligne 55: not all arguments converted during string formatting
[2026-01-26T14:46:46.758+0000] {logging_mixin.py:151} INFO -      ⚠️ Erreur ligne 56: not all arguments converted during string formatting
[2026-01-26T14:46:46.760+0000] {logging_mixin.py:151} INFO -      ⚠️ Erreur ligne 57: not all arguments converted during string formatting
[2026-01-26T14:46:46.761+0000] {logging_mixin.py:151} INFO -      ⚠️ Erreur ligne 58: not all arguments converted during string formatting
[2026-01-26T14:46:46.762+0000] {logging_mixin.py:151} INFO -      ⚠️ Erreur ligne 59: not all arguments converted during string formatting
[2026-01-26T14:46:46.763+0000] {logging_mixin.py:151} INFO -      ⚠️ Erreur ligne 60: not all arguments converted during string formatting
[2026-01-26T14:46:46.764+0000] {logging_mixin.py:151} INFO -      ⚠️ Erreur ligne 61: not all arguments converted during string formatting
[2026-01-26T14:46:46.765+0000] {logging_mixin.py:151} INFO -      ⚠️ Erreur ligne 62: not all arguments converted during string formatting
[2026-01-26T14:46:46.766+0000] {logging_mixin.py:151} INFO -      ⚠️ Erreur ligne 63: not all arguments converted during string formatting
[2026-01-26T14:46:46.766+0000] {logging_mixin.py:151} INFO -      ⚠️ Erreur ligne 64: not all arguments converted during string formatting
[2026-01-26T14:46:46.767+0000] {logging_mixin.py:151} INFO -      ⚠️ Erreur ligne 65: not all arguments converted during string formatting
[2026-01-26T14:46:46.768+0000] {logging_mixin.py:151} INFO -      ⚠️ Erreur ligne 66: not all arguments converted during string formatting
[2026-01-26T14:46:46.769+0000] {logging_mixin.py:151} INFO -      ⚠️ Erreur ligne 67: not all arguments converted during string formatting
[2026-01-26T14:46:46.770+0000] {logging_mixin.py:151} INFO -      ⚠️ Erreur ligne 68: not all arguments converted during string formatting
[2026-01-26T14:46:46.770+0000] {logging_mixin.py:151} INFO -      ⚠️ Erreur ligne 69: not all arguments converted during string formatting
[2026-01-26T14:46:46.772+0000] {logging_mixin.py:151} INFO -      ⚠️ Erreur ligne 70: not all arguments converted during string formatting
[2026-01-26T14:46:46.773+0000] {logging_mixin.py:151} INFO -      ⚠️ Erreur ligne 71: not all arguments converted during string formatting
[2026-01-26T14:46:46.774+0000] {logging_mixin.py:151} INFO -      ⚠️ Erreur ligne 72: not all arguments converted during string formatting
[2026-01-26T14:46:46.774+0000] {logging_mixin.py:151} INFO -      ⚠️ Erreur ligne 73: not all arguments converted during string formatting
[2026-01-26T14:46:46.775+0000] {logging_mixin.py:151} INFO -      ⚠️ Erreur ligne 74: not all arguments converted during string formatting
[2026-01-26T14:46:46.775+0000] {logging_mixin.py:151} INFO -      ⚠️ Erreur ligne 75: not all arguments converted during string formatting
[2026-01-26T14:46:46.778+0000] {logging_mixin.py:151} INFO -      ⚠️ Erreur ligne 76: not all arguments converted during string formatting
[2026-01-26T14:46:46.779+0000] {logging_mixin.py:151} INFO -      ⚠️ Erreur ligne 77: not all arguments converted during string formatting
[2026-01-26T14:46:46.780+0000] {logging_mixin.py:151} INFO -      ⚠️ Erreur ligne 78: not all arguments converted during string formatting
[2026-01-26T14:46:46.781+0000] {logging_mixin.py:151} INFO -      ⚠️ Erreur ligne 79: not all arguments converted during string formatting
[2026-01-26T14:46:46.782+0000] {logging_mixin.py:151} INFO -      ⚠️ Erreur ligne 80: not all arguments converted during string formatting
[2026-01-26T14:46:46.783+0000] {logging_mixin.py:151} INFO -      ⚠️ Erreur ligne 81: not all arguments converted during string formatting
[2026-01-26T14:46:46.784+0000] {logging_mixin.py:151} INFO -      ⚠️ Erreur ligne 82: not all arguments converted during string formatting
[2026-01-26T14:46:46.784+0000] {logging_mixin.py:151} INFO -      ⚠️ Erreur ligne 83: not all arguments converted during string formatting
[2026-01-26T14:46:46.785+0000] {logging_mixin.py:151} INFO -      ⚠️ Erreur ligne 84: not all arguments converted during string formatting
[2026-01-26T14:46:46.786+0000] {logging_mixin.py:151} INFO -      ⚠️ Erreur ligne 85: not all arguments converted during string formatting
[2026-01-26T14:46:46.787+0000] {logging_mixin.py:151} INFO -      ⚠️ Erreur ligne 86: not all arguments converted during string formatting
[2026-01-26T14:46:46.787+0000] {logging_mixin.py:151} INFO -      ⚠️ Erreur ligne 87: not all arguments converted during string formatting
[2026-01-26T14:46:46.788+0000] {logging_mixin.py:151} INFO -      ⚠️ Erreur ligne 88: not all arguments converted during string formatting
[2026-01-26T14:46:46.788+0000] {logging_mixin.py:151} INFO -      ⚠️ Erreur ligne 89: not all arguments converted during string formatting
[2026-01-26T14:46:46.789+0000] {logging_mixin.py:151} INFO -      ⚠️ Erreur ligne 90: not all arguments converted during string formatting
[2026-01-26T14:46:46.790+0000] {logging_mixin.py:151} INFO -      ⚠️ Erreur ligne 91: not all arguments converted during string formatting
[2026-01-26T14:46:46.791+0000] {logging_mixin.py:151} INFO -      ⚠️ Erreur ligne 92: not all arguments converted during string formatting
[2026-01-26T14:46:46.792+0000] {logging_mixin.py:151} INFO -      ⚠️ Erreur ligne 93: not all arguments converted during string formatting
[2026-01-26T14:46:46.793+0000] {logging_mixin.py:151} INFO -      ⚠️ Erreur ligne 94: not all arguments converted during string formatting
[2026-01-26T14:46:46.795+0000] {logging_mixin.py:151} INFO -      ⚠️ Erreur ligne 95: not all arguments converted during string formatting
[2026-01-26T14:46:46.797+0000] {logging_mixin.py:151} INFO -      ⚠️ Erreur ligne 96: not all arguments converted during string formatting
[2026-01-26T14:46:46.798+0000] {logging_mixin.py:151} INFO -      ⚠️ Erreur ligne 97: not all arguments converted during string formatting
[2026-01-26T14:46:46.800+0000] {logging_mixin.py:151} INFO -      ⚠️ Erreur ligne 98: not all arguments converted during string formatting
[2026-01-26T14:46:46.801+0000] {logging_mixin.py:151} INFO -      ⚠️ Erreur ligne 99: not all arguments converted during string formatting
[2026-01-26T14:46:46.802+0000] {logging_mixin.py:151} INFO -      ⚠️ Erreur ligne 100: not all arguments converted during string formatting
[2026-01-26T14:46:46.804+0000] {logging_mixin.py:151} INFO -      ⚠️ Erreur ligne 101: not all arguments converted during string formatting
[2026-01-26T14:46:46.805+0000] {logging_mixin.py:151} INFO -      ⚠️ Erreur ligne 102: not all arguments converted during string formatting
[2026-01-26T14:46:46.806+0000] {logging_mixin.py:151} INFO -      ⚠️ Erreur ligne 103: not all arguments converted during string formatting
[2026-01-26T14:46:46.807+0000] {logging_mixin.py:151} INFO -      ⚠️ Erreur ligne 104: not all arguments converted during string formatting
[2026-01-26T14:46:46.808+0000] {logging_mixin.py:151} INFO -      ⚠️ Erreur ligne 105: not all arguments converted during string formatting
[2026-01-26T14:46:46.809+0000] {logging_mixin.py:151} INFO -      ⚠️ Erreur ligne 106: not all arguments converted during string formatting
[2026-01-26T14:46:46.809+0000] {logging_mixin.py:151} INFO -      ⚠️ Erreur ligne 107: not all arguments converted during string formatting
[2026-01-26T14:46:46.810+0000] {logging_mixin.py:151} INFO -      ⚠️ Erreur ligne 108: not all arguments converted during string formatting
[2026-01-26T14:46:46.811+0000] {logging_mixin.py:151} INFO -      ⚠️ Erreur ligne 109: not all arguments converted during string formatting
[2026-01-26T14:46:46.811+0000] {logging_mixin.py:151} INFO -      ⚠️ Erreur ligne 110: not all arguments converted during string formatting
[2026-01-26T14:46:46.812+0000] {logging_mixin.py:151} INFO -      ⚠️ Erreur ligne 111: not all arguments converted during string formatting
[2026-01-26T14:46:46.813+0000] {logging_mixin.py:151} INFO -      ⚠️ Erreur ligne 112: not all arguments converted during string formatting
[2026-01-26T14:46:46.813+0000] {logging_mixin.py:151} INFO -      ⚠️ Erreur ligne 113: not all arguments converted during string formatting
[2026-01-26T14:46:46.814+0000] {logging_mixin.py:151} INFO -      ⚠️ Erreur ligne 114: not all arguments converted during string formatting
[2026-01-26T14:46:46.814+0000] {logging_mixin.py:151} INFO -      ⚠️ Erreur ligne 115: not all arguments converted during string formatting
[2026-01-26T14:46:46.815+0000] {logging_mixin.py:151} INFO -      ⚠️ Erreur ligne 116: not all arguments converted during string formatting
[2026-01-26T14:46:46.816+0000] {logging_mixin.py:151} INFO -      ⚠️ Erreur ligne 117: not all arguments converted during string formatting
[2026-01-26T14:46:46.816+0000] {logging_mixin.py:151} INFO -      ⚠️ Erreur ligne 118: not all arguments converted during string formatting
[2026-01-26T14:46:46.817+0000] {logging_mixin.py:151} INFO -      ⚠️ Erreur ligne 119: not all arguments converted during string formatting
[2026-01-26T14:46:46.818+0000] {logging_mixin.py:151} INFO -      ⚠️ Erreur ligne 120: not all arguments converted during string formatting
[2026-01-26T14:46:46.818+0000] {logging_mixin.py:151} INFO -      ⚠️ Erreur ligne 121: not all arguments converted during string formatting
[2026-01-26T14:46:46.819+0000] {logging_mixin.py:151} INFO -      ⚠️ Erreur ligne 122: not all arguments converted during string formatting
[2026-01-26T14:46:46.820+0000] {logging_mixin.py:151} INFO -      ⚠️ Erreur ligne 123: not all arguments converted during string formatting
[2026-01-26T14:46:46.821+0000] {logging_mixin.py:151} INFO -      ⚠️ Erreur ligne 124: not all arguments converted during string formatting
[2026-01-26T14:46:46.822+0000] {logging_mixin.py:151} INFO -      ⚠️ Erreur ligne 125: not all arguments converted during string formatting
[2026-01-26T14:46:46.823+0000] {logging_mixin.py:151} INFO -      ⚠️ Erreur ligne 126: not all arguments converted during string formatting
[2026-01-26T14:46:46.824+0000] {logging_mixin.py:151} INFO -      ⚠️ Erreur ligne 127: not all arguments converted during string formatting
[2026-01-26T14:46:46.825+0000] {logging_mixin.py:151} INFO -      ⚠️ Erreur ligne 128: not all arguments converted during string formatting
[2026-01-26T14:46:46.826+0000] {logging_mixin.py:151} INFO -      ⚠️ Erreur ligne 129: not all arguments converted during string formatting
[2026-01-26T14:46:46.827+0000] {logging_mixin.py:151} INFO -      ⚠️ Erreur ligne 130: not all arguments converted during string formatting
[2026-01-26T14:46:46.828+0000] {logging_mixin.py:151} INFO -      ⚠️ Erreur ligne 131: not all arguments converted during string formatting
[2026-01-26T14:46:46.828+0000] {logging_mixin.py:151} INFO -      ⚠️ Erreur ligne 132: not all arguments converted during string formatting
[2026-01-26T14:46:46.829+0000] {logging_mixin.py:151} INFO -      ⚠️ Erreur ligne 133: not all arguments converted during string formatting
[2026-01-26T14:46:46.830+0000] {logging_mixin.py:151} INFO -      ⚠️ Erreur ligne 134: not all arguments converted during string formatting
[2026-01-26T14:46:46.831+0000] {logging_mixin.py:151} INFO -      ⚠️ Erreur ligne 135: not all arguments converted during string formatting
[2026-01-26T14:46:46.832+0000] {logging_mixin.py:151} INFO -      ⚠️ Erreur ligne 136: not all arguments converted during string formatting
[2026-01-26T14:46:46.832+0000] {logging_mixin.py:151} INFO -      ⚠️ Erreur ligne 137: not all arguments converted during string formatting
[2026-01-26T14:46:46.833+0000] {logging_mixin.py:151} INFO -      ⚠️ Erreur ligne 138: not all arguments converted during string formatting
[2026-01-26T14:46:46.834+0000] {logging_mixin.py:151} INFO -      ⚠️ Erreur ligne 139: not all arguments converted during string formatting
[2026-01-26T14:46:46.834+0000] {logging_mixin.py:151} INFO -      ⚠️ Erreur ligne 140: not all arguments converted during string formatting
[2026-01-26T14:46:46.835+0000] {logging_mixin.py:151} INFO -      ⚠️ Erreur ligne 141: not all arguments converted during string formatting
[2026-01-26T14:46:46.836+0000] {logging_mixin.py:151} INFO -      ⚠️ Erreur ligne 142: not all arguments converted during string formatting
[2026-01-26T14:46:46.837+0000] {logging_mixin.py:151} INFO -      ⚠️ Erreur ligne 143: not all arguments converted during string formatting
[2026-01-26T14:46:46.838+0000] {logging_mixin.py:151} INFO -      ⚠️ Erreur ligne 144: not all arguments converted during string formatting
[2026-01-26T14:46:46.838+0000] {logging_mixin.py:151} INFO -      ⚠️ Erreur ligne 145: not all arguments converted during string formatting
[2026-01-26T14:46:46.839+0000] {logging_mixin.py:151} INFO -      ⚠️ Erreur ligne 146: not all arguments converted during string formatting
[2026-01-26T14:46:46.839+0000] {logging_mixin.py:151} INFO -      ⚠️ Erreur ligne 147: not all arguments converted during string formatting
[2026-01-26T14:46:46.840+0000] {logging_mixin.py:151} INFO -      ⚠️ Erreur ligne 148: not all arguments converted during string formatting
[2026-01-26T14:46:46.840+0000] {logging_mixin.py:151} INFO -      ⚠️ Erreur ligne 149: not all arguments converted during string formatting
[2026-01-26T14:46:46.841+0000] {logging_mixin.py:151} INFO -      ⚠️ Erreur ligne 150: not all arguments converted during string formatting
[2026-01-26T14:46:46.841+0000] {logging_mixin.py:151} INFO -      ⚠️ Erreur ligne 151: not all arguments converted during string formatting
[2026-01-26T14:46:46.842+0000] {logging_mixin.py:151} INFO -      ⚠️ Erreur ligne 152: not all arguments converted during string formatting
[2026-01-26T14:46:46.842+0000] {logging_mixin.py:151} INFO -      ⚠️ Erreur ligne 153: not all arguments converted during string formatting
[2026-01-26T14:46:46.843+0000] {logging_mixin.py:151} INFO -      ⚠️ Erreur ligne 154: not all arguments converted during string formatting
[2026-01-26T14:46:46.843+0000] {logging_mixin.py:151} INFO -      ⚠️ Erreur ligne 155: not all arguments converted during string formatting
[2026-01-26T14:46:46.844+0000] {logging_mixin.py:151} INFO -      ⚠️ Erreur ligne 156: not all arguments converted during string formatting
[2026-01-26T14:46:46.845+0000] {logging_mixin.py:151} INFO -      ⚠️ Erreur ligne 157: not all arguments converted during string formatting
[2026-01-26T14:46:46.846+0000] {logging_mixin.py:151} INFO -      ⚠️ Erreur ligne 158: not all arguments converted during string formatting
[2026-01-26T14:46:46.848+0000] {logging_mixin.py:151} INFO -      ⚠️ Erreur ligne 159: not all arguments converted during string formatting
[2026-01-26T14:46:46.849+0000] {logging_mixin.py:151} INFO -      ⚠️ Erreur ligne 160: not all arguments converted during string formatting
[2026-01-26T14:46:46.850+0000] {logging_mixin.py:151} INFO -      ⚠️ Erreur ligne 161: not all arguments converted during string formatting
[2026-01-26T14:46:46.852+0000] {logging_mixin.py:151} INFO -      ⚠️ Erreur ligne 162: not all arguments converted during string formatting
[2026-01-26T14:46:46.853+0000] {logging_mixin.py:151} INFO -      ⚠️ Erreur ligne 163: not all arguments converted during string formatting
[2026-01-26T14:46:46.854+0000] {logging_mixin.py:151} INFO -      ⚠️ Erreur ligne 164: not all arguments converted during string formatting
[2026-01-26T14:46:46.855+0000] {logging_mixin.py:151} INFO -      ⚠️ Erreur ligne 165: not all arguments converted during string formatting
[2026-01-26T14:46:46.856+0000] {logging_mixin.py:151} INFO -      ⚠️ Erreur ligne 166: not all arguments converted during string formatting
[2026-01-26T14:46:46.856+0000] {logging_mixin.py:151} INFO -      ⚠️ Erreur ligne 167: not all arguments converted during string formatting
[2026-01-26T14:46:46.857+0000] {logging_mixin.py:151} INFO -      ⚠️ Erreur ligne 168: not all arguments converted during string formatting
[2026-01-26T14:46:46.858+0000] {logging_mixin.py:151} INFO -      ⚠️ Erreur ligne 169: not all arguments converted during string formatting
[2026-01-26T14:46:46.858+0000] {logging_mixin.py:151} INFO -      ⚠️ Erreur ligne 170: not all arguments converted during string formatting
[2026-01-26T14:46:46.859+0000] {logging_mixin.py:151} INFO -      ⚠️ Erreur ligne 171: not all arguments converted during string formatting
[2026-01-26T14:46:46.860+0000] {logging_mixin.py:151} INFO -      ⚠️ Erreur ligne 172: not all arguments converted during string formatting
[2026-01-26T14:46:46.860+0000] {logging_mixin.py:151} INFO -      ⚠️ Erreur ligne 173: not all arguments converted during string formatting
[2026-01-26T14:46:46.861+0000] {logging_mixin.py:151} INFO -      ⚠️ Erreur ligne 174: not all arguments converted during string formatting
[2026-01-26T14:46:46.861+0000] {logging_mixin.py:151} INFO -      ⚠️ Erreur ligne 175: not all arguments converted during string formatting
[2026-01-26T14:46:46.862+0000] {logging_mixin.py:151} INFO -      ⚠️ Erreur ligne 176: not all arguments converted during string formatting
[2026-01-26T14:46:46.863+0000] {logging_mixin.py:151} INFO -      ⚠️ Erreur ligne 177: not all arguments converted during string formatting
[2026-01-26T14:46:46.863+0000] {logging_mixin.py:151} INFO -      ⚠️ Erreur ligne 178: not all arguments converted during string formatting
[2026-01-26T14:46:46.865+0000] {logging_mixin.py:151} INFO -      ⚠️ Erreur ligne 179: not all arguments converted during string formatting
[2026-01-26T14:46:46.865+0000] {logging_mixin.py:151} INFO -      ⚠️ Erreur ligne 180: not all arguments converted during string formatting
[2026-01-26T14:46:46.866+0000] {logging_mixin.py:151} INFO -      ⚠️ Erreur ligne 181: not all arguments converted during string formatting
[2026-01-26T14:46:46.868+0000] {logging_mixin.py:151} INFO -      ⚠️ Erreur ligne 182: not all arguments converted during string formatting
[2026-01-26T14:46:46.869+0000] {logging_mixin.py:151} INFO -      ⚠️ Erreur ligne 183: not all arguments converted during string formatting
[2026-01-26T14:46:46.869+0000] {logging_mixin.py:151} INFO -      ⚠️ Erreur ligne 184: not all arguments converted during string formatting
[2026-01-26T14:46:46.871+0000] {logging_mixin.py:151} INFO -      ⚠️ Erreur ligne 185: not all arguments converted during string formatting
[2026-01-26T14:46:46.872+0000] {logging_mixin.py:151} INFO -      ⚠️ Erreur ligne 186: not all arguments converted during string formatting
[2026-01-26T14:46:46.873+0000] {logging_mixin.py:151} INFO -      ⚠️ Erreur ligne 187: not all arguments converted during string formatting
[2026-01-26T14:46:46.874+0000] {logging_mixin.py:151} INFO -      ⚠️ Erreur ligne 188: not all arguments converted during string formatting
[2026-01-26T14:46:46.875+0000] {logging_mixin.py:151} INFO -      ⚠️ Erreur ligne 189: not all arguments converted during string formatting
[2026-01-26T14:46:46.876+0000] {logging_mixin.py:151} INFO -      ⚠️ Erreur ligne 190: not all arguments converted during string formatting
[2026-01-26T14:46:46.876+0000] {logging_mixin.py:151} INFO -      ⚠️ Erreur ligne 191: not all arguments converted during string formatting
[2026-01-26T14:46:46.877+0000] {logging_mixin.py:151} INFO -      ⚠️ Erreur ligne 192: not all arguments converted during string formatting
[2026-01-26T14:46:46.877+0000] {logging_mixin.py:151} INFO -      ⚠️ Erreur ligne 193: not all arguments converted during string formatting
[2026-01-26T14:46:46.878+0000] {logging_mixin.py:151} INFO -      ⚠️ Erreur ligne 194: not all arguments converted during string formatting
[2026-01-26T14:46:46.878+0000] {logging_mixin.py:151} INFO -      ⚠️ Erreur ligne 195: not all arguments converted during string formatting
[2026-01-26T14:46:46.878+0000] {logging_mixin.py:151} INFO -      ⚠️ Erreur ligne 196: not all arguments converted during string formatting
[2026-01-26T14:46:46.879+0000] {logging_mixin.py:151} INFO -      ⚠️ Erreur ligne 197: not all arguments converted during string formatting
[2026-01-26T14:46:46.879+0000] {logging_mixin.py:151} INFO -      ⚠️ Erreur ligne 198: not all arguments converted during string formatting
[2026-01-26T14:46:46.879+0000] {logging_mixin.py:151} INFO -      ⚠️ Erreur ligne 199: not all arguments converted during string formatting
[2026-01-26T14:46:46.880+0000] {logging_mixin.py:151} INFO -      ⚠️ Erreur ligne 200: not all arguments converted during string formatting
[2026-01-26T14:46:46.880+0000] {logging_mixin.py:151} INFO -      ⚠️ Erreur ligne 201: not all arguments converted during string formatting
[2026-01-26T14:46:46.881+0000] {logging_mixin.py:151} INFO -      ⚠️ Erreur ligne 202: not all arguments converted during string formatting
[2026-01-26T14:46:46.881+0000] {logging_mixin.py:151} INFO -      ⚠️ Erreur ligne 203: not all arguments converted during string formatting
[2026-01-26T14:46:46.881+0000] {logging_mixin.py:151} INFO -      ⚠️ Erreur ligne 204: not all arguments converted during string formatting
[2026-01-26T14:46:46.882+0000] {logging_mixin.py:151} INFO -      ⚠️ Erreur ligne 205: not all arguments converted during string formatting
[2026-01-26T14:46:46.882+0000] {logging_mixin.py:151} INFO -      ⚠️ Erreur ligne 206: not all arguments converted during string formatting
[2026-01-26T14:46:46.882+0000] {logging_mixin.py:151} INFO -      ⚠️ Erreur ligne 207: not all arguments converted during string formatting
[2026-01-26T14:46:46.883+0000] {logging_mixin.py:151} INFO -      ⚠️ Erreur ligne 208: not all arguments converted during string formatting
[2026-01-26T14:46:46.883+0000] {logging_mixin.py:151} INFO -      ⚠️ Erreur ligne 209: not all arguments converted during string formatting
[2026-01-26T14:46:46.884+0000] {logging_mixin.py:151} INFO -      ⚠️ Erreur ligne 210: not all arguments converted during string formatting
[2026-01-26T14:46:46.884+0000] {logging_mixin.py:151} INFO -      ⚠️ Erreur ligne 211: not all arguments converted during string formatting
[2026-01-26T14:46:46.885+0000] {logging_mixin.py:151} INFO -      ⚠️ Erreur ligne 212: not all arguments converted during string formatting
[2026-01-26T14:46:46.886+0000] {logging_mixin.py:151} INFO -      ⚠️ Erreur ligne 213: not all arguments converted during string formatting
[2026-01-26T14:46:46.887+0000] {logging_mixin.py:151} INFO -      ⚠️ Erreur ligne 214: not all arguments converted during string formatting
[2026-01-26T14:46:46.889+0000] {logging_mixin.py:151} INFO -      ⚠️ Erreur ligne 215: not all arguments converted during string formatting
[2026-01-26T14:46:46.890+0000] {logging_mixin.py:151} INFO -      ⚠️ Erreur ligne 216: not all arguments converted during string formatting
[2026-01-26T14:46:46.891+0000] {logging_mixin.py:151} INFO -      ⚠️ Erreur ligne 217: not all arguments converted during string formatting
[2026-01-26T14:46:46.891+0000] {logging_mixin.py:151} INFO -      ⚠️ Erreur ligne 218: not all arguments converted during string formatting
[2026-01-26T14:46:46.892+0000] {logging_mixin.py:151} INFO -      ⚠️ Erreur ligne 219: not all arguments converted during string formatting
[2026-01-26T14:46:46.893+0000] {logging_mixin.py:151} INFO -      ⚠️ Erreur ligne 220: not all arguments converted during string formatting
[2026-01-26T14:46:46.893+0000] {logging_mixin.py:151} INFO -      ⚠️ Erreur ligne 221: not all arguments converted during string formatting
[2026-01-26T14:46:46.894+0000] {logging_mixin.py:151} INFO -      ⚠️ Erreur ligne 222: not all arguments converted during string formatting
[2026-01-26T14:46:46.895+0000] {logging_mixin.py:151} INFO -      ⚠️ Erreur ligne 223: not all arguments converted during string formatting
[2026-01-26T14:46:46.895+0000] {logging_mixin.py:151} INFO -      ⚠️ Erreur ligne 224: not all arguments converted during string formatting
[2026-01-26T14:46:46.896+0000] {logging_mixin.py:151} INFO -      ⚠️ Erreur ligne 225: not all arguments converted during string formatting
[2026-01-26T14:46:46.896+0000] {logging_mixin.py:151} INFO -      ⚠️ Erreur ligne 226: not all arguments converted during string formatting
[2026-01-26T14:46:46.897+0000] {logging_mixin.py:151} INFO -      ⚠️ Erreur ligne 227: not all arguments converted during string formatting
[2026-01-26T14:46:46.897+0000] {logging_mixin.py:151} INFO -      ⚠️ Erreur ligne 228: not all arguments converted during string formatting
[2026-01-26T14:46:46.898+0000] {logging_mixin.py:151} INFO -      ⚠️ Erreur ligne 229: not all arguments converted during string formatting
[2026-01-26T14:46:46.898+0000] {logging_mixin.py:151} INFO -      ⚠️ Erreur ligne 230: not all arguments converted during string formatting
[2026-01-26T14:46:46.898+0000] {logging_mixin.py:151} INFO -      ⚠️ Erreur ligne 231: not all arguments converted during string formatting
[2026-01-26T14:46:46.899+0000] {logging_mixin.py:151} INFO -      ⚠️ Erreur ligne 232: not all arguments converted during string formatting
[2026-01-26T14:46:46.899+0000] {logging_mixin.py:151} INFO -      ⚠️ Erreur ligne 233: not all arguments converted during string formatting
[2026-01-26T14:46:46.900+0000] {logging_mixin.py:151} INFO -      ⚠️ Erreur ligne 234: not all arguments converted during string formatting
[2026-01-26T14:46:46.900+0000] {logging_mixin.py:151} INFO -      ⚠️ Erreur ligne 235: not all arguments converted during string formatting
[2026-01-26T14:46:46.900+0000] {logging_mixin.py:151} INFO -      ⚠️ Erreur ligne 236: not all arguments converted during string formatting
[2026-01-26T14:46:46.901+0000] {logging_mixin.py:151} INFO -      ⚠️ Erreur ligne 237: not all arguments converted during string formatting
[2026-01-26T14:46:46.901+0000] {logging_mixin.py:151} INFO -      ⚠️ Erreur ligne 238: not all arguments converted during string formatting
[2026-01-26T14:46:46.902+0000] {logging_mixin.py:151} INFO -      ⚠️ Erreur ligne 239: not all arguments converted during string formatting
[2026-01-26T14:46:46.903+0000] {logging_mixin.py:151} INFO -      ⚠️ Erreur ligne 240: not all arguments converted during string formatting
[2026-01-26T14:46:46.903+0000] {logging_mixin.py:151} INFO -      ⚠️ Erreur ligne 241: not all arguments converted during string formatting
[2026-01-26T14:46:46.905+0000] {logging_mixin.py:151} INFO -      ⚠️ Erreur ligne 242: not all arguments converted during string formatting
[2026-01-26T14:46:46.906+0000] {logging_mixin.py:151} INFO -      ⚠️ Erreur ligne 243: not all arguments converted during string formatting
[2026-01-26T14:46:46.907+0000] {logging_mixin.py:151} INFO -      ⚠️ Erreur ligne 244: not all arguments converted during string formatting
[2026-01-26T14:46:46.908+0000] {logging_mixin.py:151} INFO -      ⚠️ Erreur ligne 245: not all arguments converted during string formatting
[2026-01-26T14:46:46.908+0000] {logging_mixin.py:151} INFO -      ⚠️ Erreur ligne 246: not all arguments converted during string formatting
[2026-01-26T14:46:46.910+0000] {logging_mixin.py:151} INFO -      ⚠️ Erreur ligne 247: not all arguments converted during string formatting
[2026-01-26T14:46:46.910+0000] {logging_mixin.py:151} INFO -      ⚠️ Erreur ligne 248: not all arguments converted during string formatting
[2026-01-26T14:46:46.911+0000] {logging_mixin.py:151} INFO -      ⚠️ Erreur ligne 249: not all arguments converted during string formatting
[2026-01-26T14:46:46.912+0000] {logging_mixin.py:151} INFO -      ⚠️ Erreur ligne 250: not all arguments converted during string formatting
[2026-01-26T14:46:46.913+0000] {logging_mixin.py:151} INFO -      ⚠️ Erreur ligne 251: not all arguments converted during string formatting
[2026-01-26T14:46:46.914+0000] {logging_mixin.py:151} INFO -      ⚠️ Erreur ligne 252: not all arguments converted during string formatting
[2026-01-26T14:46:46.914+0000] {logging_mixin.py:151} INFO -      ⚠️ Erreur ligne 253: not all arguments converted during string formatting
[2026-01-26T14:46:46.915+0000] {logging_mixin.py:151} INFO -      ⚠️ Erreur ligne 254: not all arguments converted during string formatting
[2026-01-26T14:46:46.915+0000] {logging_mixin.py:151} INFO -      ⚠️ Erreur ligne 255: not all arguments converted during string formatting
[2026-01-26T14:46:46.916+0000] {logging_mixin.py:151} INFO -      ⚠️ Erreur ligne 256: not all arguments converted during string formatting
[2026-01-26T14:46:46.916+0000] {logging_mixin.py:151} INFO -      ⚠️ Erreur ligne 257: not all arguments converted during string formatting
[2026-01-26T14:46:46.917+0000] {logging_mixin.py:151} INFO -      ⚠️ Erreur ligne 258: not all arguments converted during string formatting
[2026-01-26T14:46:46.918+0000] {logging_mixin.py:151} INFO -      ⚠️ Erreur ligne 259: not all arguments converted during string formatting
[2026-01-26T14:46:46.918+0000] {logging_mixin.py:151} INFO -      ⚠️ Erreur ligne 260: not all arguments converted during string formatting
[2026-01-26T14:46:46.920+0000] {logging_mixin.py:151} INFO -      ⚠️ Erreur ligne 261: not all arguments converted during string formatting
[2026-01-26T14:46:46.921+0000] {logging_mixin.py:151} INFO -      ⚠️ Erreur ligne 262: not all arguments converted during string formatting
[2026-01-26T14:46:46.921+0000] {logging_mixin.py:151} INFO -      ⚠️ Erreur ligne 263: not all arguments converted during string formatting
[2026-01-26T14:46:46.922+0000] {logging_mixin.py:151} INFO -      ⚠️ Erreur ligne 264: not all arguments converted during string formatting
[2026-01-26T14:46:46.923+0000] {logging_mixin.py:151} INFO -      ⚠️ Erreur ligne 265: not all arguments converted during string formatting
[2026-01-26T14:46:46.923+0000] {logging_mixin.py:151} INFO -      ⚠️ Erreur ligne 266: not all arguments converted during string formatting
[2026-01-26T14:46:46.924+0000] {logging_mixin.py:151} INFO -      ⚠️ Erreur ligne 267: not all arguments converted during string formatting
[2026-01-26T14:46:46.925+0000] {logging_mixin.py:151} INFO -      ⚠️ Erreur ligne 268: not all arguments converted during string formatting
[2026-01-26T14:46:46.926+0000] {logging_mixin.py:151} INFO -      ⚠️ Erreur ligne 269: not all arguments converted during string formatting
[2026-01-26T14:46:46.926+0000] {logging_mixin.py:151} INFO -      ⚠️ Erreur ligne 270: not all arguments converted during string formatting
[2026-01-26T14:46:46.927+0000] {logging_mixin.py:151} INFO -      ⚠️ Erreur ligne 271: not all arguments converted during string formatting
[2026-01-26T14:46:46.928+0000] {logging_mixin.py:151} INFO -      ⚠️ Erreur ligne 272: not all arguments converted during string formatting
[2026-01-26T14:46:46.928+0000] {logging_mixin.py:151} INFO -      ⚠️ Erreur ligne 273: not all arguments converted during string formatting
[2026-01-26T14:46:46.928+0000] {logging_mixin.py:151} INFO -      ⚠️ Erreur ligne 274: not all arguments converted during string formatting
[2026-01-26T14:46:46.930+0000] {logging_mixin.py:151} INFO -      ⚠️ Erreur ligne 275: not all arguments converted during string formatting
[2026-01-26T14:46:46.931+0000] {logging_mixin.py:151} INFO -      ⚠️ Erreur ligne 276: not all arguments converted during string formatting
[2026-01-26T14:46:46.932+0000] {logging_mixin.py:151} INFO -      ⚠️ Erreur ligne 277: not all arguments converted during string formatting
[2026-01-26T14:46:46.932+0000] {logging_mixin.py:151} INFO -      ⚠️ Erreur ligne 278: not all arguments converted during string formatting
[2026-01-26T14:46:46.933+0000] {logging_mixin.py:151} INFO -      ⚠️ Erreur ligne 279: not all arguments converted during string formatting
[2026-01-26T14:46:46.933+0000] {logging_mixin.py:151} INFO -      ⚠️ Erreur ligne 280: not all arguments converted during string formatting
[2026-01-26T14:46:46.933+0000] {logging_mixin.py:151} INFO -      ⚠️ Erreur ligne 281: not all arguments converted during string formatting
[2026-01-26T14:46:46.934+0000] {logging_mixin.py:151} INFO -      ⚠️ Erreur ligne 282: not all arguments converted during string formatting
[2026-01-26T14:46:46.934+0000] {logging_mixin.py:151} INFO -      ⚠️ Erreur ligne 283: not all arguments converted during string formatting
[2026-01-26T14:46:46.935+0000] {logging_mixin.py:151} INFO -      ⚠️ Erreur ligne 284: not all arguments converted during string formatting
[2026-01-26T14:46:46.935+0000] {logging_mixin.py:151} INFO -      ⚠️ Erreur ligne 285: not all arguments converted during string formatting
[2026-01-26T14:46:46.936+0000] {logging_mixin.py:151} INFO -      ⚠️ Erreur ligne 286: not all arguments converted during string formatting
[2026-01-26T14:46:46.936+0000] {logging_mixin.py:151} INFO -      ⚠️ Erreur ligne 287: not all arguments converted during string formatting
[2026-01-26T14:46:46.937+0000] {logging_mixin.py:151} INFO -      ⚠️ Erreur ligne 288: not all arguments converted during string formatting
[2026-01-26T14:46:46.937+0000] {logging_mixin.py:151} INFO -      ⚠️ Erreur ligne 289: not all arguments converted during string formatting
[2026-01-26T14:46:46.938+0000] {logging_mixin.py:151} INFO -      ⚠️ Erreur ligne 290: not all arguments converted during string formatting
[2026-01-26T14:46:46.939+0000] {logging_mixin.py:151} INFO -      ⚠️ Erreur ligne 291: not all arguments converted during string formatting
[2026-01-26T14:46:46.940+0000] {logging_mixin.py:151} INFO -      ⚠️ Erreur ligne 292: not all arguments converted during string formatting
[2026-01-26T14:46:46.940+0000] {logging_mixin.py:151} INFO -      ⚠️ Erreur ligne 293: not all arguments converted during string formatting
[2026-01-26T14:46:46.941+0000] {logging_mixin.py:151} INFO -      ⚠️ Erreur ligne 294: not all arguments converted during string formatting
[2026-01-26T14:46:46.941+0000] {logging_mixin.py:151} INFO -      ⚠️ Erreur ligne 295: not all arguments converted during string formatting
[2026-01-26T14:46:46.941+0000] {logging_mixin.py:151} INFO -      ⚠️ Erreur ligne 296: not all arguments converted during string formatting
[2026-01-26T14:46:46.942+0000] {logging_mixin.py:151} INFO -      ⚠️ Erreur ligne 297: not all arguments converted during string formatting
[2026-01-26T14:46:46.943+0000] {logging_mixin.py:151} INFO -      ⚠️ Erreur ligne 298: not all arguments converted during string formatting
[2026-01-26T14:46:46.944+0000] {logging_mixin.py:151} INFO -      ⚠️ Erreur ligne 299: not all arguments converted during string formatting
[2026-01-26T14:46:46.944+0000] {logging_mixin.py:151} INFO -      ⚠️ Erreur ligne 300: not all arguments converted during string formatting
[2026-01-26T14:46:46.945+0000] {logging_mixin.py:151} INFO -      ⚠️ Erreur ligne 301: not all arguments converted during string formatting
[2026-01-26T14:46:46.946+0000] {logging_mixin.py:151} INFO -      ⚠️ Erreur ligne 302: not all arguments converted during string formatting
[2026-01-26T14:46:46.946+0000] {logging_mixin.py:151} INFO -      ⚠️ Erreur ligne 303: not all arguments converted during string formatting
[2026-01-26T14:46:46.947+0000] {logging_mixin.py:151} INFO -      ⚠️ Erreur ligne 304: not all arguments converted during string formatting
[2026-01-26T14:46:46.947+0000] {logging_mixin.py:151} INFO -      ⚠️ Erreur ligne 305: not all arguments converted during string formatting
[2026-01-26T14:46:46.948+0000] {logging_mixin.py:151} INFO -      ⚠️ Erreur ligne 306: not all arguments converted during string formatting
[2026-01-26T14:46:46.948+0000] {logging_mixin.py:151} INFO -      ⚠️ Erreur ligne 307: not all arguments converted during string formatting
[2026-01-26T14:46:46.949+0000] {logging_mixin.py:151} INFO -      ⚠️ Erreur ligne 308: not all arguments converted during string formatting
[2026-01-26T14:46:46.949+0000] {logging_mixin.py:151} INFO -      ⚠️ Erreur ligne 309: not all arguments converted during string formatting
[2026-01-26T14:46:46.950+0000] {logging_mixin.py:151} INFO -      ⚠️ Erreur ligne 310: not all arguments converted during string formatting
[2026-01-26T14:46:46.950+0000] {logging_mixin.py:151} INFO -      ⚠️ Erreur ligne 311: not all arguments converted during string formatting
[2026-01-26T14:46:46.951+0000] {logging_mixin.py:151} INFO -      ⚠️ Erreur ligne 312: not all arguments converted during string formatting
[2026-01-26T14:46:46.951+0000] {logging_mixin.py:151} INFO -      ⚠️ Erreur ligne 313: not all arguments converted during string formatting
[2026-01-26T14:46:46.952+0000] {logging_mixin.py:151} INFO -      ⚠️ Erreur ligne 314: not all arguments converted during string formatting
[2026-01-26T14:46:46.952+0000] {logging_mixin.py:151} INFO -      ⚠️ Erreur ligne 315: not all arguments converted during string formatting
[2026-01-26T14:46:46.953+0000] {logging_mixin.py:151} INFO -      ⚠️ Erreur ligne 316: not all arguments converted during string formatting
[2026-01-26T14:46:46.955+0000] {logging_mixin.py:151} INFO -      ⚠️ Erreur ligne 317: not all arguments converted during string formatting
[2026-01-26T14:46:46.956+0000] {logging_mixin.py:151} INFO -      ⚠️ Erreur ligne 318: not all arguments converted during string formatting
[2026-01-26T14:46:46.957+0000] {logging_mixin.py:151} INFO -      ⚠️ Erreur ligne 319: not all arguments converted during string formatting
[2026-01-26T14:46:46.958+0000] {logging_mixin.py:151} INFO -      ⚠️ Erreur ligne 320: not all arguments converted during string formatting
[2026-01-26T14:46:46.958+0000] {logging_mixin.py:151} INFO -      ⚠️ Erreur ligne 321: not all arguments converted during string formatting
[2026-01-26T14:46:46.959+0000] {logging_mixin.py:151} INFO -      ⚠️ Erreur ligne 322: not all arguments converted during string formatting
[2026-01-26T14:46:46.960+0000] {logging_mixin.py:151} INFO -      ⚠️ Erreur ligne 323: not all arguments converted during string formatting
[2026-01-26T14:46:46.961+0000] {logging_mixin.py:151} INFO -      ⚠️ Erreur ligne 324: not all arguments converted during string formatting
[2026-01-26T14:46:46.961+0000] {logging_mixin.py:151} INFO -      ⚠️ Erreur ligne 325: not all arguments converted during string formatting
[2026-01-26T14:46:46.962+0000] {logging_mixin.py:151} INFO -      ⚠️ Erreur ligne 326: not all arguments converted during string formatting
[2026-01-26T14:46:46.962+0000] {logging_mixin.py:151} INFO -      ⚠️ Erreur ligne 327: not all arguments converted during string formatting
[2026-01-26T14:46:46.963+0000] {logging_mixin.py:151} INFO -      ⚠️ Erreur ligne 328: not all arguments converted during string formatting
[2026-01-26T14:46:46.963+0000] {logging_mixin.py:151} INFO -      ⚠️ Erreur ligne 329: not all arguments converted during string formatting
[2026-01-26T14:46:46.964+0000] {logging_mixin.py:151} INFO -      ⚠️ Erreur ligne 330: not all arguments converted during string formatting
[2026-01-26T14:46:46.964+0000] {logging_mixin.py:151} INFO -      ⚠️ Erreur ligne 331: not all arguments converted during string formatting
[2026-01-26T14:46:46.965+0000] {logging_mixin.py:151} INFO -      ⚠️ Erreur ligne 332: not all arguments converted during string formatting
[2026-01-26T14:46:46.965+0000] {logging_mixin.py:151} INFO -      ⚠️ Erreur ligne 333: not all arguments converted during string formatting
[2026-01-26T14:46:46.966+0000] {logging_mixin.py:151} INFO -      ⚠️ Erreur ligne 334: not all arguments converted during string formatting
[2026-01-26T14:46:46.966+0000] {logging_mixin.py:151} INFO -      ⚠️ Erreur ligne 335: not all arguments converted during string formatting
[2026-01-26T14:46:46.967+0000] {logging_mixin.py:151} INFO -      ⚠️ Erreur ligne 336: not all arguments converted during string formatting
[2026-01-26T14:46:46.967+0000] {logging_mixin.py:151} INFO -      ⚠️ Erreur ligne 337: not all arguments converted during string formatting
[2026-01-26T14:46:46.968+0000] {logging_mixin.py:151} INFO -      ⚠️ Erreur ligne 338: not all arguments converted during string formatting
[2026-01-26T14:46:46.969+0000] {logging_mixin.py:151} INFO -      ⚠️ Erreur ligne 339: not all arguments converted during string formatting
[2026-01-26T14:46:46.970+0000] {logging_mixin.py:151} INFO -      ⚠️ Erreur ligne 340: not all arguments converted during string formatting
[2026-01-26T14:46:46.971+0000] {logging_mixin.py:151} INFO -      ⚠️ Erreur ligne 341: not all arguments converted during string formatting
[2026-01-26T14:46:46.971+0000] {logging_mixin.py:151} INFO -      ⚠️ Erreur ligne 342: not all arguments converted during string formatting
[2026-01-26T14:46:46.972+0000] {logging_mixin.py:151} INFO -      ⚠️ Erreur ligne 343: not all arguments converted during string formatting
[2026-01-26T14:46:46.973+0000] {logging_mixin.py:151} INFO -      ⚠️ Erreur ligne 344: not all arguments converted during string formatting
[2026-01-26T14:46:46.973+0000] {logging_mixin.py:151} INFO -      ⚠️ Erreur ligne 345: not all arguments converted during string formatting
[2026-01-26T14:46:46.974+0000] {logging_mixin.py:151} INFO -      ⚠️ Erreur ligne 346: not all arguments converted during string formatting
[2026-01-26T14:46:46.974+0000] {logging_mixin.py:151} INFO -      ⚠️ Erreur ligne 347: not all arguments converted during string formatting
[2026-01-26T14:46:46.974+0000] {logging_mixin.py:151} INFO -      ⚠️ Erreur ligne 348: not all arguments converted during string formatting
[2026-01-26T14:46:46.975+0000] {logging_mixin.py:151} INFO -      ⚠️ Erreur ligne 349: not all arguments converted during string formatting
[2026-01-26T14:46:46.975+0000] {logging_mixin.py:151} INFO -      ⚠️ Erreur ligne 350: not all arguments converted during string formatting
[2026-01-26T14:46:46.975+0000] {logging_mixin.py:151} INFO -      ⚠️ Erreur ligne 351: not all arguments converted during string formatting
[2026-01-26T14:46:46.976+0000] {logging_mixin.py:151} INFO -      ⚠️ Erreur ligne 352: not all arguments converted during string formatting
[2026-01-26T14:46:46.976+0000] {logging_mixin.py:151} INFO -      ⚠️ Erreur ligne 353: not all arguments converted during string formatting
[2026-01-26T14:46:46.976+0000] {logging_mixin.py:151} INFO -      ⚠️ Erreur ligne 354: not all arguments converted during string formatting
[2026-01-26T14:46:46.977+0000] {logging_mixin.py:151} INFO -      ⚠️ Erreur ligne 355: not all arguments converted during string formatting
[2026-01-26T14:46:46.977+0000] {logging_mixin.py:151} INFO -      ⚠️ Erreur ligne 356: not all arguments converted during string formatting
[2026-01-26T14:46:46.978+0000] {logging_mixin.py:151} INFO -      ⚠️ Erreur ligne 357: not all arguments converted during string formatting
[2026-01-26T14:46:46.978+0000] {logging_mixin.py:151} INFO -      ⚠️ Erreur ligne 358: not all arguments converted during string formatting
[2026-01-26T14:46:46.978+0000] {logging_mixin.py:151} INFO -      ⚠️ Erreur ligne 359: not all arguments converted during string formatting
[2026-01-26T14:46:46.979+0000] {logging_mixin.py:151} INFO -      ⚠️ Erreur ligne 360: not all arguments converted during string formatting
[2026-01-26T14:46:46.979+0000] {logging_mixin.py:151} INFO -      ⚠️ Erreur ligne 361: not all arguments converted during string formatting
[2026-01-26T14:46:46.979+0000] {logging_mixin.py:151} INFO -      ⚠️ Erreur ligne 362: not all arguments converted during string formatting
[2026-01-26T14:46:46.980+0000] {logging_mixin.py:151} INFO -      ⚠️ Erreur ligne 363: not all arguments converted during string formatting
[2026-01-26T14:46:46.980+0000] {logging_mixin.py:151} INFO -      ⚠️ Erreur ligne 364: not all arguments converted during string formatting
[2026-01-26T14:46:46.981+0000] {logging_mixin.py:151} INFO -      ⚠️ Erreur ligne 365: not all arguments converted during string formatting
[2026-01-26T14:46:46.982+0000] {logging_mixin.py:151} INFO -      ⚠️ Erreur ligne 366: not all arguments converted during string formatting
[2026-01-26T14:46:46.982+0000] {logging_mixin.py:151} INFO -      ⚠️ Erreur ligne 367: not all arguments converted during string formatting
[2026-01-26T14:46:46.983+0000] {logging_mixin.py:151} INFO -      ⚠️ Erreur ligne 368: not all arguments converted during string formatting
[2026-01-26T14:46:46.983+0000] {logging_mixin.py:151} INFO -      ⚠️ Erreur ligne 369: not all arguments converted during string formatting
[2026-01-26T14:46:46.984+0000] {logging_mixin.py:151} INFO -      ⚠️ Erreur ligne 370: not all arguments converted during string formatting
[2026-01-26T14:46:46.984+0000] {logging_mixin.py:151} INFO -      ⚠️ Erreur ligne 371: not all arguments converted during string formatting
[2026-01-26T14:46:46.985+0000] {logging_mixin.py:151} INFO -      ⚠️ Erreur ligne 372: not all arguments converted during string formatting
[2026-01-26T14:46:46.986+0000] {logging_mixin.py:151} INFO -      ⚠️ Erreur ligne 373: not all arguments converted during string formatting
[2026-01-26T14:46:46.986+0000] {logging_mixin.py:151} INFO -      ⚠️ Erreur ligne 374: not all arguments converted during string formatting
[2026-01-26T14:46:46.987+0000] {logging_mixin.py:151} INFO -      ⚠️ Erreur ligne 375: not all arguments converted during string formatting
[2026-01-26T14:46:46.987+0000] {logging_mixin.py:151} INFO -      ⚠️ Erreur ligne 376: not all arguments converted during string formatting
[2026-01-26T14:46:46.988+0000] {logging_mixin.py:151} INFO -      ⚠️ Erreur ligne 377: not all arguments converted during string formatting
[2026-01-26T14:46:46.988+0000] {logging_mixin.py:151} INFO -      ⚠️ Erreur ligne 378: not all arguments converted during string formatting
[2026-01-26T14:46:46.989+0000] {logging_mixin.py:151} INFO -      ⚠️ Erreur ligne 379: not all arguments converted during string formatting
[2026-01-26T14:46:46.989+0000] {logging_mixin.py:151} INFO -      ⚠️ Erreur ligne 380: not all arguments converted during string formatting
[2026-01-26T14:46:46.989+0000] {logging_mixin.py:151} INFO -      ⚠️ Erreur ligne 381: not all arguments converted during string formatting
[2026-01-26T14:46:46.990+0000] {logging_mixin.py:151} INFO -      ⚠️ Erreur ligne 382: not all arguments converted during string formatting
[2026-01-26T14:46:46.990+0000] {logging_mixin.py:151} INFO -      ⚠️ Erreur ligne 383: not all arguments converted during string formatting
[2026-01-26T14:46:46.990+0000] {logging_mixin.py:151} INFO -      ⚠️ Erreur ligne 384: not all arguments converted during string formatting
[2026-01-26T14:46:46.991+0000] {logging_mixin.py:151} INFO -      ⚠️ Erreur ligne 385: not all arguments converted during string formatting
[2026-01-26T14:46:46.992+0000] {logging_mixin.py:151} INFO -      ⚠️ Erreur ligne 386: not all arguments converted during string formatting
[2026-01-26T14:46:46.992+0000] {logging_mixin.py:151} INFO -      ⚠️ Erreur ligne 387: not all arguments converted during string formatting
[2026-01-26T14:46:46.992+0000] {logging_mixin.py:151} INFO -      ⚠️ Erreur ligne 388: not all arguments converted during string formatting
[2026-01-26T14:46:46.993+0000] {logging_mixin.py:151} INFO -      ⚠️ Erreur ligne 389: not all arguments converted during string formatting
[2026-01-26T14:46:46.993+0000] {logging_mixin.py:151} INFO -      ⚠️ Erreur ligne 390: not all arguments converted during string formatting
[2026-01-26T14:46:46.994+0000] {logging_mixin.py:151} INFO -      ⚠️ Erreur ligne 391: not all arguments converted during string formatting
[2026-01-26T14:46:46.994+0000] {logging_mixin.py:151} INFO -      ⚠️ Erreur ligne 392: not all arguments converted during string formatting
[2026-01-26T14:46:46.995+0000] {logging_mixin.py:151} INFO -      ⚠️ Erreur ligne 393: not all arguments converted during string formatting
[2026-01-26T14:46:46.996+0000] {logging_mixin.py:151} INFO -      ⚠️ Erreur ligne 394: not all arguments converted during string formatting
[2026-01-26T14:46:46.996+0000] {logging_mixin.py:151} INFO -      ⚠️ Erreur ligne 395: not all arguments converted during string formatting
[2026-01-26T14:46:46.997+0000] {logging_mixin.py:151} INFO -      ⚠️ Erreur ligne 396: not all arguments converted during string formatting
[2026-01-26T14:46:46.997+0000] {logging_mixin.py:151} INFO -      ⚠️ Erreur ligne 397: not all arguments converted during string formatting
[2026-01-26T14:46:46.997+0000] {logging_mixin.py:151} INFO -      ⚠️ Erreur ligne 398: not all arguments converted during string formatting
[2026-01-26T14:46:46.998+0000] {logging_mixin.py:151} INFO -      ⚠️ Erreur ligne 399: not all arguments converted during string formatting
[2026-01-26T14:46:46.999+0000] {logging_mixin.py:151} INFO -      ⚠️ Erreur ligne 400: not all arguments converted during string formatting
[2026-01-26T14:46:46.999+0000] {logging_mixin.py:151} INFO -      ⚠️ Erreur ligne 401: not all arguments converted during string formatting
[2026-01-26T14:46:47.000+0000] {logging_mixin.py:151} INFO -      ⚠️ Erreur ligne 402: not all arguments converted during string formatting
[2026-01-26T14:46:47.001+0000] {logging_mixin.py:151} INFO -      ⚠️ Erreur ligne 403: not all arguments converted during string formatting
[2026-01-26T14:46:47.001+0000] {logging_mixin.py:151} INFO -      ⚠️ Erreur ligne 404: not all arguments converted during string formatting
[2026-01-26T14:46:47.002+0000] {logging_mixin.py:151} INFO -      ⚠️ Erreur ligne 405: not all arguments converted during string formatting
[2026-01-26T14:46:47.002+0000] {logging_mixin.py:151} INFO -      ⚠️ Erreur ligne 406: not all arguments converted during string formatting
[2026-01-26T14:46:47.003+0000] {logging_mixin.py:151} INFO -      ⚠️ Erreur ligne 407: not all arguments converted during string formatting
[2026-01-26T14:46:47.003+0000] {logging_mixin.py:151} INFO -      ⚠️ Erreur ligne 408: not all arguments converted during string formatting
[2026-01-26T14:46:47.004+0000] {logging_mixin.py:151} INFO -      ⚠️ Erreur ligne 409: not all arguments converted during string formatting
[2026-01-26T14:46:47.004+0000] {logging_mixin.py:151} INFO -      ⚠️ Erreur ligne 410: not all arguments converted during string formatting
[2026-01-26T14:46:47.005+0000] {logging_mixin.py:151} INFO -      ⚠️ Erreur ligne 411: not all arguments converted during string formatting
[2026-01-26T14:46:47.006+0000] {logging_mixin.py:151} INFO -      ⚠️ Erreur ligne 412: not all arguments converted during string formatting
[2026-01-26T14:46:47.006+0000] {logging_mixin.py:151} INFO -      ⚠️ Erreur ligne 413: not all arguments converted during string formatting
[2026-01-26T14:46:47.006+0000] {logging_mixin.py:151} INFO -      ⚠️ Erreur ligne 414: not all arguments converted during string formatting
[2026-01-26T14:46:47.007+0000] {logging_mixin.py:151} INFO -      ⚠️ Erreur ligne 415: not all arguments converted during string formatting
[2026-01-26T14:46:47.007+0000] {logging_mixin.py:151} INFO -      ⚠️ Erreur ligne 416: not all arguments converted during string formatting
[2026-01-26T14:46:47.008+0000] {logging_mixin.py:151} INFO -      ⚠️ Erreur ligne 417: not all arguments converted during string formatting
[2026-01-26T14:46:47.008+0000] {logging_mixin.py:151} INFO -      ⚠️ Erreur ligne 418: not all arguments converted during string formatting
[2026-01-26T14:46:47.009+0000] {logging_mixin.py:151} INFO -      ⚠️ Erreur ligne 419: not all arguments converted during string formatting
[2026-01-26T14:46:47.010+0000] {logging_mixin.py:151} INFO -      ⚠️ Erreur ligne 420: not all arguments converted during string formatting
[2026-01-26T14:46:47.011+0000] {logging_mixin.py:151} INFO -      ⚠️ Erreur ligne 421: not all arguments converted during string formatting
[2026-01-26T14:46:47.011+0000] {logging_mixin.py:151} INFO -      ⚠️ Erreur ligne 422: not all arguments converted during string formatting
[2026-01-26T14:46:47.012+0000] {logging_mixin.py:151} INFO -      ⚠️ Erreur ligne 423: not all arguments converted during string formatting
[2026-01-26T14:46:47.013+0000] {logging_mixin.py:151} INFO -      ⚠️ Erreur ligne 424: not all arguments converted during string formatting
[2026-01-26T14:46:47.014+0000] {logging_mixin.py:151} INFO -      ⚠️ Erreur ligne 425: not all arguments converted during string formatting
[2026-01-26T14:46:47.015+0000] {logging_mixin.py:151} INFO -      ⚠️ Erreur ligne 426: not all arguments converted during string formatting
[2026-01-26T14:46:47.015+0000] {logging_mixin.py:151} INFO -      ⚠️ Erreur ligne 427: not all arguments converted during string formatting
[2026-01-26T14:46:47.016+0000] {logging_mixin.py:151} INFO -      ⚠️ Erreur ligne 428: not all arguments converted during string formatting
[2026-01-26T14:46:47.018+0000] {logging_mixin.py:151} INFO -      ⚠️ Erreur ligne 429: not all arguments converted during string formatting
[2026-01-26T14:46:47.018+0000] {logging_mixin.py:151} INFO -      ⚠️ Erreur ligne 430: not all arguments converted during string formatting
[2026-01-26T14:46:47.019+0000] {logging_mixin.py:151} INFO -      ⚠️ Erreur ligne 431: not all arguments converted during string formatting
[2026-01-26T14:46:47.020+0000] {logging_mixin.py:151} INFO -      ⚠️ Erreur ligne 432: not all arguments converted during string formatting
[2026-01-26T14:46:47.021+0000] {logging_mixin.py:151} INFO -      ⚠️ Erreur ligne 433: not all arguments converted during string formatting
[2026-01-26T14:46:47.021+0000] {logging_mixin.py:151} INFO -      ⚠️ Erreur ligne 434: not all arguments converted during string formatting
[2026-01-26T14:46:47.022+0000] {logging_mixin.py:151} INFO -      ⚠️ Erreur ligne 435: not all arguments converted during string formatting
[2026-01-26T14:46:47.023+0000] {logging_mixin.py:151} INFO -      ⚠️ Erreur ligne 436: not all arguments converted during string formatting
[2026-01-26T14:46:47.024+0000] {logging_mixin.py:151} INFO -      ⚠️ Erreur ligne 437: not all arguments converted during string formatting
[2026-01-26T14:46:47.025+0000] {logging_mixin.py:151} INFO -      ⚠️ Erreur ligne 438: not all arguments converted during string formatting
[2026-01-26T14:46:47.026+0000] {logging_mixin.py:151} INFO -      ⚠️ Erreur ligne 439: not all arguments converted during string formatting
[2026-01-26T14:46:47.027+0000] {logging_mixin.py:151} INFO -      ⚠️ Erreur ligne 440: not all arguments converted during string formatting
[2026-01-26T14:46:47.028+0000] {logging_mixin.py:151} INFO -      ⚠️ Erreur ligne 441: not all arguments converted during string formatting
[2026-01-26T14:46:47.029+0000] {logging_mixin.py:151} INFO -      ⚠️ Erreur ligne 442: not all arguments converted during string formatting
[2026-01-26T14:46:47.029+0000] {logging_mixin.py:151} INFO -      ⚠️ Erreur ligne 443: not all arguments converted during string formatting
[2026-01-26T14:46:47.030+0000] {logging_mixin.py:151} INFO -      ⚠️ Erreur ligne 444: not all arguments converted during string formatting
[2026-01-26T14:46:47.030+0000] {logging_mixin.py:151} INFO -      ⚠️ Erreur ligne 445: not all arguments converted during string formatting
[2026-01-26T14:46:47.031+0000] {logging_mixin.py:151} INFO -      ⚠️ Erreur ligne 446: not all arguments converted during string formatting
[2026-01-26T14:46:47.031+0000] {logging_mixin.py:151} INFO -      ⚠️ Erreur ligne 447: not all arguments converted during string formatting
[2026-01-26T14:46:47.032+0000] {logging_mixin.py:151} INFO -      ⚠️ Erreur ligne 448: not all arguments converted during string formatting
[2026-01-26T14:46:47.032+0000] {logging_mixin.py:151} INFO -      ⚠️ Erreur ligne 449: not all arguments converted during string formatting
[2026-01-26T14:46:47.033+0000] {logging_mixin.py:151} INFO -      ⚠️ Erreur ligne 450: not all arguments converted during string formatting
[2026-01-26T14:46:47.033+0000] {logging_mixin.py:151} INFO -      ⚠️ Erreur ligne 451: not all arguments converted during string formatting
[2026-01-26T14:46:47.034+0000] {logging_mixin.py:151} INFO -      ⚠️ Erreur ligne 452: not all arguments converted during string formatting
[2026-01-26T14:46:47.034+0000] {logging_mixin.py:151} INFO -      ⚠️ Erreur ligne 453: not all arguments converted during string formatting
[2026-01-26T14:46:47.035+0000] {logging_mixin.py:151} INFO -      ⚠️ Erreur ligne 454: not all arguments converted during string formatting
[2026-01-26T14:46:47.035+0000] {logging_mixin.py:151} INFO -      ⚠️ Erreur ligne 455: not all arguments converted during string formatting
[2026-01-26T14:46:47.038+0000] {logging_mixin.py:151} INFO -      ⚠️ Erreur ligne 456: not all arguments converted during string formatting
[2026-01-26T14:46:47.039+0000] {logging_mixin.py:151} INFO -      ⚠️ Erreur ligne 457: not all arguments converted during string formatting
[2026-01-26T14:46:47.040+0000] {logging_mixin.py:151} INFO -      ⚠️ Erreur ligne 458: not all arguments converted during string formatting
[2026-01-26T14:46:47.041+0000] {logging_mixin.py:151} INFO -      ⚠️ Erreur ligne 459: not all arguments converted during string formatting
[2026-01-26T14:46:47.043+0000] {logging_mixin.py:151} INFO -      ⚠️ Erreur ligne 460: not all arguments converted during string formatting
[2026-01-26T14:46:47.043+0000] {logging_mixin.py:151} INFO -      ⚠️ Erreur ligne 461: not all arguments converted during string formatting
[2026-01-26T14:46:47.044+0000] {logging_mixin.py:151} INFO -      ⚠️ Erreur ligne 462: not all arguments converted during string formatting
[2026-01-26T14:46:47.044+0000] {logging_mixin.py:151} INFO -      ⚠️ Erreur ligne 463: not all arguments converted during string formatting
[2026-01-26T14:46:47.045+0000] {logging_mixin.py:151} INFO -      ⚠️ Erreur ligne 464: not all arguments converted during string formatting
[2026-01-26T14:46:47.045+0000] {logging_mixin.py:151} INFO -      ⚠️ Erreur ligne 465: not all arguments converted during string formatting
[2026-01-26T14:46:47.045+0000] {logging_mixin.py:151} INFO -      ⚠️ Erreur ligne 466: not all arguments converted during string formatting
[2026-01-26T14:46:47.046+0000] {logging_mixin.py:151} INFO -      ⚠️ Erreur ligne 467: not all arguments converted during string formatting
[2026-01-26T14:46:47.046+0000] {logging_mixin.py:151} INFO -      ⚠️ Erreur ligne 468: not all arguments converted during string formatting
[2026-01-26T14:46:47.046+0000] {logging_mixin.py:151} INFO -      ⚠️ Erreur ligne 469: not all arguments converted during string formatting
[2026-01-26T14:46:47.047+0000] {logging_mixin.py:151} INFO -      ⚠️ Erreur ligne 470: not all arguments converted during string formatting
[2026-01-26T14:46:47.047+0000] {logging_mixin.py:151} INFO -      ⚠️ Erreur ligne 471: not all arguments converted during string formatting
[2026-01-26T14:46:47.048+0000] {logging_mixin.py:151} INFO -      ⚠️ Erreur ligne 472: not all arguments converted during string formatting
[2026-01-26T14:46:47.048+0000] {logging_mixin.py:151} INFO -      ⚠️ Erreur ligne 473: not all arguments converted during string formatting
[2026-01-26T14:46:47.048+0000] {logging_mixin.py:151} INFO -      ⚠️ Erreur ligne 474: not all arguments converted during string formatting
[2026-01-26T14:46:47.049+0000] {logging_mixin.py:151} INFO -      ⚠️ Erreur ligne 475: not all arguments converted during string formatting
[2026-01-26T14:46:47.049+0000] {logging_mixin.py:151} INFO -      ⚠️ Erreur ligne 476: not all arguments converted during string formatting
[2026-01-26T14:46:47.049+0000] {logging_mixin.py:151} INFO -      ⚠️ Erreur ligne 477: not all arguments converted during string formatting
[2026-01-26T14:46:47.050+0000] {logging_mixin.py:151} INFO -      ⚠️ Erreur ligne 478: not all arguments converted during string formatting
[2026-01-26T14:46:47.050+0000] {logging_mixin.py:151} INFO -      ⚠️ Erreur ligne 479: not all arguments converted during string formatting
[2026-01-26T14:46:47.050+0000] {logging_mixin.py:151} INFO -      ⚠️ Erreur ligne 480: not all arguments converted during string formatting
[2026-01-26T14:46:47.051+0000] {logging_mixin.py:151} INFO -      ⚠️ Erreur ligne 481: not all arguments converted during string formatting
[2026-01-26T14:46:47.051+0000] {logging_mixin.py:151} INFO -      ⚠️ Erreur ligne 482: not all arguments converted during string formatting
[2026-01-26T14:46:47.052+0000] {logging_mixin.py:151} INFO -      ⚠️ Erreur ligne 483: not all arguments converted during string formatting
[2026-01-26T14:46:47.053+0000] {logging_mixin.py:151} INFO -      ⚠️ Erreur ligne 484: not all arguments converted during string formatting
[2026-01-26T14:46:47.054+0000] {logging_mixin.py:151} INFO -      ⚠️ Erreur ligne 485: not all arguments converted during string formatting
[2026-01-26T14:46:47.055+0000] {logging_mixin.py:151} INFO -      ⚠️ Erreur ligne 486: not all arguments converted during string formatting
[2026-01-26T14:46:47.056+0000] {logging_mixin.py:151} INFO -      ⚠️ Erreur ligne 487: not all arguments converted during string formatting
[2026-01-26T14:46:47.058+0000] {logging_mixin.py:151} INFO -      ⚠️ Erreur ligne 488: not all arguments converted during string formatting
[2026-01-26T14:46:47.059+0000] {logging_mixin.py:151} INFO -      ⚠️ Erreur ligne 489: not all arguments converted during string formatting
[2026-01-26T14:46:47.060+0000] {logging_mixin.py:151} INFO -      ⚠️ Erreur ligne 490: not all arguments converted during string formatting
[2026-01-26T14:46:47.061+0000] {logging_mixin.py:151} INFO -      ⚠️ Erreur ligne 491: not all arguments converted during string formatting
[2026-01-26T14:46:47.061+0000] {logging_mixin.py:151} INFO -      ⚠️ Erreur ligne 492: not all arguments converted during string formatting
[2026-01-26T14:46:47.062+0000] {logging_mixin.py:151} INFO -      ⚠️ Erreur ligne 493: not all arguments converted during string formatting
[2026-01-26T14:46:47.062+0000] {logging_mixin.py:151} INFO -      ⚠️ Erreur ligne 494: not all arguments converted during string formatting
[2026-01-26T14:46:47.063+0000] {logging_mixin.py:151} INFO -      ⚠️ Erreur ligne 495: not all arguments converted during string formatting
[2026-01-26T14:46:47.064+0000] {logging_mixin.py:151} INFO -      ⚠️ Erreur ligne 496: not all arguments converted during string formatting
[2026-01-26T14:46:47.065+0000] {logging_mixin.py:151} INFO -      ⚠️ Erreur ligne 497: not all arguments converted during string formatting
[2026-01-26T14:46:47.066+0000] {logging_mixin.py:151} INFO -      ⚠️ Erreur ligne 498: not all arguments converted during string formatting
[2026-01-26T14:46:47.067+0000] {logging_mixin.py:151} INFO -      ⚠️ Erreur ligne 499: not all arguments converted during string formatting
[2026-01-26T14:46:47.067+0000] {logging_mixin.py:151} INFO -      ⚠️ Erreur ligne 500: not all arguments converted during string formatting
[2026-01-26T14:46:47.068+0000] {logging_mixin.py:151} INFO -      ⚠️ Erreur ligne 501: not all arguments converted during string formatting
[2026-01-26T14:46:47.068+0000] {logging_mixin.py:151} INFO -      ⚠️ Erreur ligne 502: not all arguments converted during string formatting
[2026-01-26T14:46:47.069+0000] {logging_mixin.py:151} INFO -      ⚠️ Erreur ligne 503: not all arguments converted during string formatting
[2026-01-26T14:46:47.070+0000] {logging_mixin.py:151} INFO -      ⚠️ Erreur ligne 504: not all arguments converted during string formatting
[2026-01-26T14:46:47.071+0000] {logging_mixin.py:151} INFO -      ⚠️ Erreur ligne 505: not all arguments converted during string formatting
[2026-01-26T14:46:47.071+0000] {logging_mixin.py:151} INFO -      ⚠️ Erreur ligne 506: not all arguments converted during string formatting
[2026-01-26T14:46:47.072+0000] {logging_mixin.py:151} INFO -      ⚠️ Erreur ligne 507: not all arguments converted during string formatting
[2026-01-26T14:46:47.072+0000] {logging_mixin.py:151} INFO -      ⚠️ Erreur ligne 508: not all arguments converted during string formatting
[2026-01-26T14:46:47.073+0000] {logging_mixin.py:151} INFO -      ⚠️ Erreur ligne 509: not all arguments converted during string formatting
[2026-01-26T14:46:47.074+0000] {logging_mixin.py:151} INFO -      ⚠️ Erreur ligne 510: not all arguments converted during string formatting
[2026-01-26T14:46:47.074+0000] {logging_mixin.py:151} INFO -      ⚠️ Erreur ligne 511: not all arguments converted during string formatting
[2026-01-26T14:46:47.074+0000] {logging_mixin.py:151} INFO -      ⚠️ Erreur ligne 512: not all arguments converted during string formatting
[2026-01-26T14:46:47.075+0000] {logging_mixin.py:151} INFO -      ⚠️ Erreur ligne 513: not all arguments converted during string formatting
[2026-01-26T14:46:47.075+0000] {logging_mixin.py:151} INFO -      ⚠️ Erreur ligne 514: not all arguments converted during string formatting
[2026-01-26T14:46:47.076+0000] {logging_mixin.py:151} INFO -      ⚠️ Erreur ligne 515: not all arguments converted during string formatting
[2026-01-26T14:46:47.076+0000] {logging_mixin.py:151} INFO -      ⚠️ Erreur ligne 516: not all arguments converted during string formatting
[2026-01-26T14:46:47.077+0000] {logging_mixin.py:151} INFO -      ⚠️ Erreur ligne 517: not all arguments converted during string formatting
[2026-01-26T14:46:47.077+0000] {logging_mixin.py:151} INFO -      ⚠️ Erreur ligne 518: not all arguments converted during string formatting
[2026-01-26T14:46:47.078+0000] {logging_mixin.py:151} INFO -      ⚠️ Erreur ligne 519: not all arguments converted during string formatting
[2026-01-26T14:46:47.079+0000] {logging_mixin.py:151} INFO -      ⚠️ Erreur ligne 520: not all arguments converted during string formatting
[2026-01-26T14:46:47.080+0000] {logging_mixin.py:151} INFO -      ⚠️ Erreur ligne 521: not all arguments converted during string formatting
[2026-01-26T14:46:47.081+0000] {logging_mixin.py:151} INFO -      ⚠️ Erreur ligne 522: not all arguments converted during string formatting
[2026-01-26T14:46:47.083+0000] {logging_mixin.py:151} INFO -      ⚠️ Erreur ligne 523: not all arguments converted during string formatting
[2026-01-26T14:46:47.084+0000] {logging_mixin.py:151} INFO -      ⚠️ Erreur ligne 524: not all arguments converted during string formatting
[2026-01-26T14:46:47.085+0000] {logging_mixin.py:151} INFO -      ⚠️ Erreur ligne 525: not all arguments converted during string formatting
[2026-01-26T14:46:47.085+0000] {logging_mixin.py:151} INFO -      ⚠️ Erreur ligne 526: not all arguments converted during string formatting
[2026-01-26T14:46:47.086+0000] {logging_mixin.py:151} INFO -      ⚠️ Erreur ligne 527: not all arguments converted during string formatting
[2026-01-26T14:46:47.087+0000] {logging_mixin.py:151} INFO -      ⚠️ Erreur ligne 528: not all arguments converted during string formatting
[2026-01-26T14:46:47.087+0000] {logging_mixin.py:151} INFO -      ⚠️ Erreur ligne 529: not all arguments converted during string formatting
[2026-01-26T14:46:47.088+0000] {logging_mixin.py:151} INFO -      ⚠️ Erreur ligne 530: not all arguments converted during string formatting
[2026-01-26T14:46:47.089+0000] {logging_mixin.py:151} INFO -      ⚠️ Erreur ligne 531: not all arguments converted during string formatting
[2026-01-26T14:46:47.089+0000] {logging_mixin.py:151} INFO -      ⚠️ Erreur ligne 532: not all arguments converted during string formatting
[2026-01-26T14:46:47.090+0000] {logging_mixin.py:151} INFO -      ⚠️ Erreur ligne 533: not all arguments converted during string formatting
[2026-01-26T14:46:47.091+0000] {logging_mixin.py:151} INFO -      ⚠️ Erreur ligne 534: not all arguments converted during string formatting
[2026-01-26T14:46:47.092+0000] {logging_mixin.py:151} INFO -      ⚠️ Erreur ligne 535: not all arguments converted during string formatting
[2026-01-26T14:46:47.094+0000] {logging_mixin.py:151} INFO -      ⚠️ Erreur ligne 536: not all arguments converted during string formatting
[2026-01-26T14:46:47.094+0000] {logging_mixin.py:151} INFO -      ⚠️ Erreur ligne 537: not all arguments converted during string formatting
[2026-01-26T14:46:47.095+0000] {logging_mixin.py:151} INFO -      ⚠️ Erreur ligne 538: not all arguments converted during string formatting
[2026-01-26T14:46:47.096+0000] {logging_mixin.py:151} INFO -      ⚠️ Erreur ligne 539: not all arguments converted during string formatting
[2026-01-26T14:46:47.097+0000] {logging_mixin.py:151} INFO -      ⚠️ Erreur ligne 540: not all arguments converted during string formatting
[2026-01-26T14:46:47.097+0000] {logging_mixin.py:151} INFO -      ⚠️ Erreur ligne 541: not all arguments converted during string formatting
[2026-01-26T14:46:47.098+0000] {logging_mixin.py:151} INFO -      ⚠️ Erreur ligne 542: not all arguments converted during string formatting
[2026-01-26T14:46:47.099+0000] {logging_mixin.py:151} INFO -      ⚠️ Erreur ligne 543: not all arguments converted during string formatting
[2026-01-26T14:46:47.099+0000] {logging_mixin.py:151} INFO -      ⚠️ Erreur ligne 544: not all arguments converted during string formatting
[2026-01-26T14:46:47.100+0000] {logging_mixin.py:151} INFO -      ⚠️ Erreur ligne 545: not all arguments converted during string formatting
[2026-01-26T14:46:47.100+0000] {logging_mixin.py:151} INFO -      ⚠️ Erreur ligne 546: not all arguments converted during string formatting
[2026-01-26T14:46:47.101+0000] {logging_mixin.py:151} INFO -      ⚠️ Erreur ligne 547: not all arguments converted during string formatting
[2026-01-26T14:46:47.102+0000] {logging_mixin.py:151} INFO -      ⚠️ Erreur ligne 548: not all arguments converted during string formatting
[2026-01-26T14:46:47.102+0000] {logging_mixin.py:151} INFO -      ⚠️ Erreur ligne 549: not all arguments converted during string formatting
[2026-01-26T14:46:47.103+0000] {logging_mixin.py:151} INFO -      ⚠️ Erreur ligne 550: not all arguments converted during string formatting
[2026-01-26T14:46:47.104+0000] {logging_mixin.py:151} INFO -      ⚠️ Erreur ligne 551: not all arguments converted during string formatting
[2026-01-26T14:46:47.104+0000] {logging_mixin.py:151} INFO -      ⚠️ Erreur ligne 552: not all arguments converted during string formatting
[2026-01-26T14:46:47.105+0000] {logging_mixin.py:151} INFO -      ⚠️ Erreur ligne 553: not all arguments converted during string formatting
[2026-01-26T14:46:47.105+0000] {logging_mixin.py:151} INFO -      ⚠️ Erreur ligne 554: not all arguments converted during string formatting
[2026-01-26T14:46:47.106+0000] {logging_mixin.py:151} INFO -      ⚠️ Erreur ligne 555: not all arguments converted during string formatting
[2026-01-26T14:46:47.106+0000] {logging_mixin.py:151} INFO -      ⚠️ Erreur ligne 556: not all arguments converted during string formatting
[2026-01-26T14:46:47.108+0000] {logging_mixin.py:151} INFO -      ⚠️ Erreur ligne 557: not all arguments converted during string formatting
[2026-01-26T14:46:47.108+0000] {logging_mixin.py:151} INFO -      ⚠️ Erreur ligne 558: not all arguments converted during string formatting
[2026-01-26T14:46:47.109+0000] {logging_mixin.py:151} INFO -      ⚠️ Erreur ligne 559: not all arguments converted during string formatting
[2026-01-26T14:46:47.110+0000] {logging_mixin.py:151} INFO -      ⚠️ Erreur ligne 560: not all arguments converted during string formatting
[2026-01-26T14:46:47.111+0000] {logging_mixin.py:151} INFO -      ⚠️ Erreur ligne 561: not all arguments converted during string formatting
[2026-01-26T14:46:47.112+0000] {logging_mixin.py:151} INFO -      ⚠️ Erreur ligne 562: not all arguments converted during string formatting
[2026-01-26T14:46:47.112+0000] {logging_mixin.py:151} INFO -      ⚠️ Erreur ligne 563: not all arguments converted during string formatting
[2026-01-26T14:46:47.113+0000] {logging_mixin.py:151} INFO -      ⚠️ Erreur ligne 564: not all arguments converted during string formatting
[2026-01-26T14:46:47.113+0000] {logging_mixin.py:151} INFO -      ⚠️ Erreur ligne 565: not all arguments converted during string formatting
[2026-01-26T14:46:47.113+0000] {logging_mixin.py:151} INFO -      ⚠️ Erreur ligne 566: not all arguments converted during string formatting
[2026-01-26T14:46:47.114+0000] {logging_mixin.py:151} INFO -      ⚠️ Erreur ligne 567: not all arguments converted during string formatting
[2026-01-26T14:46:47.114+0000] {logging_mixin.py:151} INFO -      ⚠️ Erreur ligne 568: not all arguments converted during string formatting
[2026-01-26T14:46:47.115+0000] {logging_mixin.py:151} INFO -      ⚠️ Erreur ligne 569: not all arguments converted during string formatting
[2026-01-26T14:46:47.115+0000] {logging_mixin.py:151} INFO -      ⚠️ Erreur ligne 570: not all arguments converted during string formatting
[2026-01-26T14:46:47.116+0000] {logging_mixin.py:151} INFO -      ⚠️ Erreur ligne 571: not all arguments converted during string formatting
[2026-01-26T14:46:47.116+0000] {logging_mixin.py:151} INFO -      ⚠️ Erreur ligne 572: not all arguments converted during string formatting
[2026-01-26T14:46:47.116+0000] {logging_mixin.py:151} INFO -      ⚠️ Erreur ligne 573: not all arguments converted during string formatting
[2026-01-26T14:46:47.117+0000] {logging_mixin.py:151} INFO -      ⚠️ Erreur ligne 574: not all arguments converted during string formatting
[2026-01-26T14:46:47.117+0000] {logging_mixin.py:151} INFO -      ⚠️ Erreur ligne 575: not all arguments converted during string formatting
[2026-01-26T14:46:47.118+0000] {logging_mixin.py:151} INFO -      ⚠️ Erreur ligne 576: not all arguments converted during string formatting
[2026-01-26T14:46:47.118+0000] {logging_mixin.py:151} INFO -      ⚠️ Erreur ligne 577: not all arguments converted during string formatting
[2026-01-26T14:46:47.119+0000] {logging_mixin.py:151} INFO -      ⚠️ Erreur ligne 578: not all arguments converted during string formatting
[2026-01-26T14:46:47.119+0000] {logging_mixin.py:151} INFO -      ⚠️ Erreur ligne 579: not all arguments converted during string formatting
[2026-01-26T14:46:47.120+0000] {logging_mixin.py:151} INFO -      ⚠️ Erreur ligne 580: not all arguments converted during string formatting
[2026-01-26T14:46:47.122+0000] {logging_mixin.py:151} INFO -      ⚠️ Erreur ligne 581: not all arguments converted during string formatting
[2026-01-26T14:46:47.122+0000] {logging_mixin.py:151} INFO -      ⚠️ Erreur ligne 582: not all arguments converted during string formatting
[2026-01-26T14:46:47.123+0000] {logging_mixin.py:151} INFO -      ⚠️ Erreur ligne 583: not all arguments converted during string formatting
[2026-01-26T14:46:47.124+0000] {logging_mixin.py:151} INFO -      ⚠️ Erreur ligne 584: not all arguments converted during string formatting
[2026-01-26T14:46:47.125+0000] {logging_mixin.py:151} INFO -      ⚠️ Erreur ligne 585: not all arguments converted during string formatting
[2026-01-26T14:46:47.126+0000] {logging_mixin.py:151} INFO -      ⚠️ Erreur ligne 586: not all arguments converted during string formatting
[2026-01-26T14:46:47.127+0000] {logging_mixin.py:151} INFO -      ⚠️ Erreur ligne 587: not all arguments converted during string formatting
[2026-01-26T14:46:47.128+0000] {logging_mixin.py:151} INFO -      ⚠️ Erreur ligne 588: not all arguments converted during string formatting
[2026-01-26T14:46:47.128+0000] {logging_mixin.py:151} INFO -      ⚠️ Erreur ligne 589: not all arguments converted during string formatting
[2026-01-26T14:46:47.129+0000] {logging_mixin.py:151} INFO -      ⚠️ Erreur ligne 590: not all arguments converted during string formatting
[2026-01-26T14:46:47.129+0000] {logging_mixin.py:151} INFO -      ⚠️ Erreur ligne 591: not all arguments converted during string formatting
[2026-01-26T14:46:47.130+0000] {logging_mixin.py:151} INFO -      ⚠️ Erreur ligne 592: not all arguments converted during string formatting
[2026-01-26T14:46:47.130+0000] {logging_mixin.py:151} INFO -      ⚠️ Erreur ligne 593: not all arguments converted during string formatting
[2026-01-26T14:46:47.131+0000] {logging_mixin.py:151} INFO -      ⚠️ Erreur ligne 594: not all arguments converted during string formatting
[2026-01-26T14:46:47.131+0000] {logging_mixin.py:151} INFO -      ⚠️ Erreur ligne 595: not all arguments converted during string formatting
[2026-01-26T14:46:47.131+0000] {logging_mixin.py:151} INFO -      ⚠️ Erreur ligne 596: not all arguments converted during string formatting
[2026-01-26T14:46:47.132+0000] {logging_mixin.py:151} INFO -      ⚠️ Erreur ligne 597: not all arguments converted during string formatting
[2026-01-26T14:46:47.132+0000] {logging_mixin.py:151} INFO -      ⚠️ Erreur ligne 598: not all arguments converted during string formatting
[2026-01-26T14:46:47.133+0000] {logging_mixin.py:151} INFO -      ⚠️ Erreur ligne 599: not all arguments converted during string formatting
[2026-01-26T14:46:47.133+0000] {logging_mixin.py:151} INFO -      ⚠️ Erreur ligne 600: not all arguments converted during string formatting
[2026-01-26T14:46:47.134+0000] {logging_mixin.py:151} INFO -      ⚠️ Erreur ligne 601: not all arguments converted during string formatting
[2026-01-26T14:46:47.135+0000] {logging_mixin.py:151} INFO -      ⚠️ Erreur ligne 602: not all arguments converted during string formatting
[2026-01-26T14:46:47.136+0000] {logging_mixin.py:151} INFO -      ⚠️ Erreur ligne 603: not all arguments converted during string formatting
[2026-01-26T14:46:47.137+0000] {logging_mixin.py:151} INFO -      ⚠️ Erreur ligne 604: not all arguments converted during string formatting
[2026-01-26T14:46:47.138+0000] {logging_mixin.py:151} INFO -      ⚠️ Erreur ligne 605: not all arguments converted during string formatting
[2026-01-26T14:46:47.139+0000] {logging_mixin.py:151} INFO -      ⚠️ Erreur ligne 606: not all arguments converted during string formatting
[2026-01-26T14:46:47.139+0000] {logging_mixin.py:151} INFO -      ⚠️ Erreur ligne 607: not all arguments converted during string formatting
[2026-01-26T14:46:47.140+0000] {logging_mixin.py:151} INFO -      ⚠️ Erreur ligne 608: not all arguments converted during string formatting
[2026-01-26T14:46:47.140+0000] {logging_mixin.py:151} INFO -      ⚠️ Erreur ligne 609: not all arguments converted during string formatting
[2026-01-26T14:46:47.141+0000] {logging_mixin.py:151} INFO -      ⚠️ Erreur ligne 610: not all arguments converted during string formatting
[2026-01-26T14:46:47.141+0000] {logging_mixin.py:151} INFO -      ⚠️ Erreur ligne 611: not all arguments converted during string formatting
[2026-01-26T14:46:47.142+0000] {logging_mixin.py:151} INFO -      ⚠️ Erreur ligne 612: not all arguments converted during string formatting
[2026-01-26T14:46:47.142+0000] {logging_mixin.py:151} INFO -      ⚠️ Erreur ligne 613: not all arguments converted during string formatting
[2026-01-26T14:46:47.142+0000] {logging_mixin.py:151} INFO -      ⚠️ Erreur ligne 614: not all arguments converted during string formatting
[2026-01-26T14:46:47.143+0000] {logging_mixin.py:151} INFO -      ⚠️ Erreur ligne 615: not all arguments converted during string formatting
[2026-01-26T14:46:47.143+0000] {logging_mixin.py:151} INFO -      ⚠️ Erreur ligne 616: not all arguments converted during string formatting
[2026-01-26T14:46:47.143+0000] {logging_mixin.py:151} INFO -      ⚠️ Erreur ligne 617: not all arguments converted during string formatting
[2026-01-26T14:46:47.144+0000] {logging_mixin.py:151} INFO -      ⚠️ Erreur ligne 618: not all arguments converted during string formatting
[2026-01-26T14:46:47.144+0000] {logging_mixin.py:151} INFO -      ⚠️ Erreur ligne 619: not all arguments converted during string formatting
[2026-01-26T14:46:47.145+0000] {logging_mixin.py:151} INFO -      ⚠️ Erreur ligne 620: not all arguments converted during string formatting
[2026-01-26T14:46:47.145+0000] {logging_mixin.py:151} INFO -      ⚠️ Erreur ligne 621: not all arguments converted during string formatting
[2026-01-26T14:46:47.145+0000] {logging_mixin.py:151} INFO -      ⚠️ Erreur ligne 622: not all arguments converted during string formatting
[2026-01-26T14:46:47.146+0000] {logging_mixin.py:151} INFO -      ⚠️ Erreur ligne 623: not all arguments converted during string formatting
[2026-01-26T14:46:47.146+0000] {logging_mixin.py:151} INFO -      ⚠️ Erreur ligne 624: not all arguments converted during string formatting
[2026-01-26T14:46:47.146+0000] {logging_mixin.py:151} INFO -      ⚠️ Erreur ligne 625: not all arguments converted during string formatting
[2026-01-26T14:46:47.147+0000] {logging_mixin.py:151} INFO -      ⚠️ Erreur ligne 626: not all arguments converted during string formatting
[2026-01-26T14:46:47.147+0000] {logging_mixin.py:151} INFO -      ⚠️ Erreur ligne 627: not all arguments converted during string formatting
[2026-01-26T14:46:47.148+0000] {logging_mixin.py:151} INFO -      ⚠️ Erreur ligne 628: not all arguments converted during string formatting
[2026-01-26T14:46:47.149+0000] {logging_mixin.py:151} INFO -      ⚠️ Erreur ligne 629: not all arguments converted during string formatting
[2026-01-26T14:46:47.149+0000] {logging_mixin.py:151} INFO -      ⚠️ Erreur ligne 630: not all arguments converted during string formatting
[2026-01-26T14:46:47.150+0000] {logging_mixin.py:151} INFO -      ⚠️ Erreur ligne 631: not all arguments converted during string formatting
[2026-01-26T14:46:47.150+0000] {logging_mixin.py:151} INFO -      ⚠️ Erreur ligne 632: not all arguments converted during string formatting
[2026-01-26T14:46:47.150+0000] {logging_mixin.py:151} INFO -      ⚠️ Erreur ligne 633: not all arguments converted during string formatting
[2026-01-26T14:46:47.151+0000] {logging_mixin.py:151} INFO -      ⚠️ Erreur ligne 634: not all arguments converted during string formatting
[2026-01-26T14:46:47.152+0000] {logging_mixin.py:151} INFO -      ⚠️ Erreur ligne 635: not all arguments converted during string formatting
[2026-01-26T14:46:47.153+0000] {logging_mixin.py:151} INFO -      ⚠️ Erreur ligne 636: not all arguments converted during string formatting
[2026-01-26T14:46:47.153+0000] {logging_mixin.py:151} INFO -      ⚠️ Erreur ligne 637: not all arguments converted during string formatting
[2026-01-26T14:46:47.154+0000] {logging_mixin.py:151} INFO -      ⚠️ Erreur ligne 638: not all arguments converted during string formatting
[2026-01-26T14:46:47.155+0000] {logging_mixin.py:151} INFO -      ⚠️ Erreur ligne 639: not all arguments converted during string formatting
[2026-01-26T14:46:47.155+0000] {logging_mixin.py:151} INFO -      ⚠️ Erreur ligne 640: not all arguments converted during string formatting
[2026-01-26T14:46:47.156+0000] {logging_mixin.py:151} INFO -      ⚠️ Erreur ligne 641: not all arguments converted during string formatting
[2026-01-26T14:46:47.156+0000] {logging_mixin.py:151} INFO -      ⚠️ Erreur ligne 642: not all arguments converted during string formatting
[2026-01-26T14:46:47.157+0000] {logging_mixin.py:151} INFO -      ⚠️ Erreur ligne 643: not all arguments converted during string formatting
[2026-01-26T14:46:47.158+0000] {logging_mixin.py:151} INFO -      ⚠️ Erreur ligne 644: not all arguments converted during string formatting
[2026-01-26T14:46:47.159+0000] {logging_mixin.py:151} INFO -      ⚠️ Erreur ligne 645: not all arguments converted during string formatting
[2026-01-26T14:46:47.160+0000] {logging_mixin.py:151} INFO -      ⚠️ Erreur ligne 646: not all arguments converted during string formatting
[2026-01-26T14:46:47.160+0000] {logging_mixin.py:151} INFO -      ⚠️ Erreur ligne 647: not all arguments converted during string formatting
[2026-01-26T14:46:47.161+0000] {logging_mixin.py:151} INFO -      ⚠️ Erreur ligne 648: not all arguments converted during string formatting
[2026-01-26T14:46:47.162+0000] {logging_mixin.py:151} INFO -      ⚠️ Erreur ligne 649: not all arguments converted during string formatting
[2026-01-26T14:46:47.163+0000] {logging_mixin.py:151} INFO -      ⚠️ Erreur ligne 650: not all arguments converted during string formatting
[2026-01-26T14:46:47.163+0000] {logging_mixin.py:151} INFO -      ⚠️ Erreur ligne 651: not all arguments converted during string formatting
[2026-01-26T14:46:47.164+0000] {logging_mixin.py:151} INFO -      ⚠️ Erreur ligne 652: not all arguments converted during string formatting
[2026-01-26T14:46:47.165+0000] {logging_mixin.py:151} INFO -      ⚠️ Erreur ligne 653: not all arguments converted during string formatting
[2026-01-26T14:46:47.166+0000] {logging_mixin.py:151} INFO -      ⚠️ Erreur ligne 654: not all arguments converted during string formatting
[2026-01-26T14:46:47.167+0000] {logging_mixin.py:151} INFO -      ⚠️ Erreur ligne 655: not all arguments converted during string formatting
[2026-01-26T14:46:47.167+0000] {logging_mixin.py:151} INFO -      ⚠️ Erreur ligne 656: not all arguments converted during string formatting
[2026-01-26T14:46:47.168+0000] {logging_mixin.py:151} INFO -      ⚠️ Erreur ligne 657: not all arguments converted during string formatting
[2026-01-26T14:46:47.169+0000] {logging_mixin.py:151} INFO -      ⚠️ Erreur ligne 658: not all arguments converted during string formatting
[2026-01-26T14:46:47.169+0000] {logging_mixin.py:151} INFO -      ⚠️ Erreur ligne 659: not all arguments converted during string formatting
[2026-01-26T14:46:47.170+0000] {logging_mixin.py:151} INFO -      ⚠️ Erreur ligne 660: not all arguments converted during string formatting
[2026-01-26T14:46:47.171+0000] {logging_mixin.py:151} INFO -      ⚠️ Erreur ligne 661: not all arguments converted during string formatting
[2026-01-26T14:46:47.172+0000] {logging_mixin.py:151} INFO -      ⚠️ Erreur ligne 662: not all arguments converted during string formatting
[2026-01-26T14:46:47.173+0000] {logging_mixin.py:151} INFO -      ⚠️ Erreur ligne 663: not all arguments converted during string formatting
[2026-01-26T14:46:47.173+0000] {logging_mixin.py:151} INFO -      ⚠️ Erreur ligne 664: not all arguments converted during string formatting
[2026-01-26T14:46:47.174+0000] {logging_mixin.py:151} INFO -      ⚠️ Erreur ligne 665: not all arguments converted during string formatting
[2026-01-26T14:46:47.174+0000] {logging_mixin.py:151} INFO -      ⚠️ Erreur ligne 666: not all arguments converted during string formatting
[2026-01-26T14:46:47.175+0000] {logging_mixin.py:151} INFO -      ⚠️ Erreur ligne 667: not all arguments converted during string formatting
[2026-01-26T14:46:47.176+0000] {logging_mixin.py:151} INFO -      ⚠️ Erreur ligne 668: not all arguments converted during string formatting
[2026-01-26T14:46:47.177+0000] {logging_mixin.py:151} INFO -      ⚠️ Erreur ligne 669: not all arguments converted during string formatting
[2026-01-26T14:46:47.177+0000] {logging_mixin.py:151} INFO -      ⚠️ Erreur ligne 670: not all arguments converted during string formatting
[2026-01-26T14:46:47.178+0000] {logging_mixin.py:151} INFO -      ⚠️ Erreur ligne 671: not all arguments converted during string formatting
[2026-01-26T14:46:47.178+0000] {logging_mixin.py:151} INFO -      ⚠️ Erreur ligne 672: not all arguments converted during string formatting
[2026-01-26T14:46:47.179+0000] {logging_mixin.py:151} INFO -      ⚠️ Erreur ligne 673: not all arguments converted during string formatting
[2026-01-26T14:46:47.179+0000] {logging_mixin.py:151} INFO -      ⚠️ Erreur ligne 674: not all arguments converted during string formatting
[2026-01-26T14:46:47.180+0000] {logging_mixin.py:151} INFO -      ⚠️ Erreur ligne 675: not all arguments converted during string formatting
[2026-01-26T14:46:47.181+0000] {logging_mixin.py:151} INFO -      ⚠️ Erreur ligne 676: not all arguments converted during string formatting
[2026-01-26T14:46:47.181+0000] {logging_mixin.py:151} INFO -      ⚠️ Erreur ligne 677: not all arguments converted during string formatting
[2026-01-26T14:46:47.182+0000] {logging_mixin.py:151} INFO -      ⚠️ Erreur ligne 678: not all arguments converted during string formatting
[2026-01-26T14:46:47.182+0000] {logging_mixin.py:151} INFO -      ⚠️ Erreur ligne 679: not all arguments converted during string formatting
[2026-01-26T14:46:47.183+0000] {logging_mixin.py:151} INFO -      ⚠️ Erreur ligne 680: not all arguments converted during string formatting
[2026-01-26T14:46:47.183+0000] {logging_mixin.py:151} INFO -      ⚠️ Erreur ligne 681: not all arguments converted during string formatting
[2026-01-26T14:46:47.183+0000] {logging_mixin.py:151} INFO -      ⚠️ Erreur ligne 682: not all arguments converted during string formatting
[2026-01-26T14:46:47.184+0000] {logging_mixin.py:151} INFO -      ⚠️ Erreur ligne 683: not all arguments converted during string formatting
[2026-01-26T14:46:47.184+0000] {logging_mixin.py:151} INFO -      ⚠️ Erreur ligne 684: not all arguments converted during string formatting
[2026-01-26T14:46:47.184+0000] {logging_mixin.py:151} INFO -      ⚠️ Erreur ligne 685: not all arguments converted during string formatting
[2026-01-26T14:46:47.185+0000] {logging_mixin.py:151} INFO -      ⚠️ Erreur ligne 686: not all arguments converted during string formatting
[2026-01-26T14:46:47.185+0000] {logging_mixin.py:151} INFO -      ⚠️ Erreur ligne 687: not all arguments converted during string formatting
[2026-01-26T14:46:47.186+0000] {logging_mixin.py:151} INFO -      ⚠️ Erreur ligne 688: not all arguments converted during string formatting
[2026-01-26T14:46:47.187+0000] {logging_mixin.py:151} INFO -      ⚠️ Erreur ligne 689: not all arguments converted during string formatting
[2026-01-26T14:46:47.187+0000] {logging_mixin.py:151} INFO -      ⚠️ Erreur ligne 690: not all arguments converted during string formatting
[2026-01-26T14:46:47.188+0000] {logging_mixin.py:151} INFO -      ⚠️ Erreur ligne 691: not all arguments converted during string formatting
[2026-01-26T14:46:47.188+0000] {logging_mixin.py:151} INFO -      ⚠️ Erreur ligne 692: not all arguments converted during string formatting
[2026-01-26T14:46:47.188+0000] {logging_mixin.py:151} INFO -      ⚠️ Erreur ligne 693: not all arguments converted during string formatting
[2026-01-26T14:46:47.189+0000] {logging_mixin.py:151} INFO -      ⚠️ Erreur ligne 694: not all arguments converted during string formatting
[2026-01-26T14:46:47.189+0000] {logging_mixin.py:151} INFO -      ⚠️ Erreur ligne 695: not all arguments converted during string formatting
[2026-01-26T14:46:47.190+0000] {logging_mixin.py:151} INFO -      ⚠️ Erreur ligne 696: not all arguments converted during string formatting
[2026-01-26T14:46:47.191+0000] {logging_mixin.py:151} INFO -      ⚠️ Erreur ligne 697: not all arguments converted during string formatting
[2026-01-26T14:46:47.191+0000] {logging_mixin.py:151} INFO -      ⚠️ Erreur ligne 698: not all arguments converted during string formatting
[2026-01-26T14:46:47.191+0000] {logging_mixin.py:151} INFO -      ⚠️ Erreur ligne 699: not all arguments converted during string formatting
[2026-01-26T14:46:47.192+0000] {logging_mixin.py:151} INFO -      ⚠️ Erreur ligne 700: not all arguments converted during string formatting
[2026-01-26T14:46:47.192+0000] {logging_mixin.py:151} INFO -      ⚠️ Erreur ligne 701: not all arguments converted during string formatting
[2026-01-26T14:46:47.193+0000] {logging_mixin.py:151} INFO -      ⚠️ Erreur ligne 702: not all arguments converted during string formatting
[2026-01-26T14:46:47.194+0000] {logging_mixin.py:151} INFO -      ⚠️ Erreur ligne 703: not all arguments converted during string formatting
[2026-01-26T14:46:47.195+0000] {logging_mixin.py:151} INFO -      ⚠️ Erreur ligne 704: not all arguments converted during string formatting
[2026-01-26T14:46:47.196+0000] {logging_mixin.py:151} INFO -      ⚠️ Erreur ligne 705: not all arguments converted during string formatting
[2026-01-26T14:46:47.196+0000] {logging_mixin.py:151} INFO -      ⚠️ Erreur ligne 706: not all arguments converted during string formatting
[2026-01-26T14:46:47.197+0000] {logging_mixin.py:151} INFO -      ⚠️ Erreur ligne 707: not all arguments converted during string formatting
[2026-01-26T14:46:47.197+0000] {logging_mixin.py:151} INFO -      ⚠️ Erreur ligne 708: not all arguments converted during string formatting
[2026-01-26T14:46:47.198+0000] {logging_mixin.py:151} INFO -      ⚠️ Erreur ligne 709: not all arguments converted during string formatting
[2026-01-26T14:46:47.198+0000] {logging_mixin.py:151} INFO -      ⚠️ Erreur ligne 710: not all arguments converted during string formatting
[2026-01-26T14:46:47.199+0000] {logging_mixin.py:151} INFO -      ⚠️ Erreur ligne 711: not all arguments converted during string formatting
[2026-01-26T14:46:47.199+0000] {logging_mixin.py:151} INFO -      ⚠️ Erreur ligne 712: not all arguments converted during string formatting
[2026-01-26T14:46:47.200+0000] {logging_mixin.py:151} INFO -      ⚠️ Erreur ligne 713: not all arguments converted during string formatting
[2026-01-26T14:46:47.200+0000] {logging_mixin.py:151} INFO -      ⚠️ Erreur ligne 714: not all arguments converted during string formatting
[2026-01-26T14:46:47.201+0000] {logging_mixin.py:151} INFO -      ⚠️ Erreur ligne 715: not all arguments converted during string formatting
[2026-01-26T14:46:47.201+0000] {logging_mixin.py:151} INFO -      ⚠️ Erreur ligne 716: not all arguments converted during string formatting
[2026-01-26T14:46:47.202+0000] {logging_mixin.py:151} INFO -      ⚠️ Erreur ligne 717: not all arguments converted during string formatting
[2026-01-26T14:46:47.203+0000] {logging_mixin.py:151} INFO -      ⚠️ Erreur ligne 718: not all arguments converted during string formatting
[2026-01-26T14:46:47.205+0000] {logging_mixin.py:151} INFO -      ⚠️ Erreur ligne 719: not all arguments converted during string formatting
[2026-01-26T14:46:47.206+0000] {logging_mixin.py:151} INFO -      ⚠️ Erreur ligne 720: not all arguments converted during string formatting
[2026-01-26T14:46:47.207+0000] {logging_mixin.py:151} INFO -      ⚠️ Erreur ligne 721: not all arguments converted during string formatting
[2026-01-26T14:46:47.207+0000] {logging_mixin.py:151} INFO -      ⚠️ Erreur ligne 722: not all arguments converted during string formatting
[2026-01-26T14:46:47.208+0000] {logging_mixin.py:151} INFO -      ⚠️ Erreur ligne 723: not all arguments converted during string formatting
[2026-01-26T14:46:47.209+0000] {logging_mixin.py:151} INFO -      ⚠️ Erreur ligne 724: not all arguments converted during string formatting
[2026-01-26T14:46:47.209+0000] {logging_mixin.py:151} INFO -      ⚠️ Erreur ligne 725: not all arguments converted during string formatting
[2026-01-26T14:46:47.210+0000] {logging_mixin.py:151} INFO -      ⚠️ Erreur ligne 726: not all arguments converted during string formatting
[2026-01-26T14:46:47.210+0000] {logging_mixin.py:151} INFO -      ⚠️ Erreur ligne 727: not all arguments converted during string formatting
[2026-01-26T14:46:47.211+0000] {logging_mixin.py:151} INFO -      ⚠️ Erreur ligne 728: not all arguments converted during string formatting
[2026-01-26T14:46:47.211+0000] {logging_mixin.py:151} INFO -      ⚠️ Erreur ligne 729: not all arguments converted during string formatting
[2026-01-26T14:46:47.212+0000] {logging_mixin.py:151} INFO -      ⚠️ Erreur ligne 730: not all arguments converted during string formatting
[2026-01-26T14:46:47.212+0000] {logging_mixin.py:151} INFO -      ⚠️ Erreur ligne 731: not all arguments converted during string formatting
[2026-01-26T14:46:47.213+0000] {logging_mixin.py:151} INFO -      ⚠️ Erreur ligne 732: not all arguments converted during string formatting
[2026-01-26T14:46:47.213+0000] {logging_mixin.py:151} INFO -      ⚠️ Erreur ligne 733: not all arguments converted during string formatting
[2026-01-26T14:46:47.214+0000] {logging_mixin.py:151} INFO -      ⚠️ Erreur ligne 734: not all arguments converted during string formatting
[2026-01-26T14:46:47.214+0000] {logging_mixin.py:151} INFO -      ⚠️ Erreur ligne 735: not all arguments converted during string formatting
[2026-01-26T14:46:47.214+0000] {logging_mixin.py:151} INFO -      ⚠️ Erreur ligne 736: not all arguments converted during string formatting
[2026-01-26T14:46:47.215+0000] {logging_mixin.py:151} INFO -      ⚠️ Erreur ligne 737: not all arguments converted during string formatting
[2026-01-26T14:46:47.215+0000] {logging_mixin.py:151} INFO -      ⚠️ Erreur ligne 738: not all arguments converted during string formatting
[2026-01-26T14:46:47.216+0000] {logging_mixin.py:151} INFO -      ⚠️ Erreur ligne 739: not all arguments converted during string formatting
[2026-01-26T14:46:47.217+0000] {logging_mixin.py:151} INFO -      ⚠️ Erreur ligne 740: not all arguments converted during string formatting
[2026-01-26T14:46:47.217+0000] {logging_mixin.py:151} INFO -      ⚠️ Erreur ligne 741: not all arguments converted during string formatting
[2026-01-26T14:46:47.218+0000] {logging_mixin.py:151} INFO -      ⚠️ Erreur ligne 742: not all arguments converted during string formatting
[2026-01-26T14:46:47.219+0000] {logging_mixin.py:151} INFO -      ⚠️ Erreur ligne 743: not all arguments converted during string formatting
[2026-01-26T14:46:47.219+0000] {logging_mixin.py:151} INFO -      ⚠️ Erreur ligne 744: not all arguments converted during string formatting
[2026-01-26T14:46:47.220+0000] {logging_mixin.py:151} INFO -      ⚠️ Erreur ligne 745: not all arguments converted during string formatting
[2026-01-26T14:46:47.221+0000] {logging_mixin.py:151} INFO -      ⚠️ Erreur ligne 746: not all arguments converted during string formatting
[2026-01-26T14:46:47.222+0000] {logging_mixin.py:151} INFO -      ⚠️ Erreur ligne 747: not all arguments converted during string formatting
[2026-01-26T14:46:47.223+0000] {logging_mixin.py:151} INFO -      ⚠️ Erreur ligne 748: not all arguments converted during string formatting
[2026-01-26T14:46:47.224+0000] {logging_mixin.py:151} INFO -      ⚠️ Erreur ligne 749: not all arguments converted during string formatting
[2026-01-26T14:46:47.225+0000] {logging_mixin.py:151} INFO -      ⚠️ Erreur ligne 750: not all arguments converted during string formatting
[2026-01-26T14:46:47.225+0000] {logging_mixin.py:151} INFO -      ⚠️ Erreur ligne 751: not all arguments converted during string formatting
[2026-01-26T14:46:47.226+0000] {logging_mixin.py:151} INFO -      ⚠️ Erreur ligne 752: not all arguments converted during string formatting
[2026-01-26T14:46:47.226+0000] {logging_mixin.py:151} INFO -      ⚠️ Erreur ligne 753: not all arguments converted during string formatting
[2026-01-26T14:46:47.227+0000] {logging_mixin.py:151} INFO -      ⚠️ Erreur ligne 754: not all arguments converted during string formatting
[2026-01-26T14:46:47.228+0000] {logging_mixin.py:151} INFO -      ⚠️ Erreur ligne 755: not all arguments converted during string formatting
[2026-01-26T14:46:47.228+0000] {logging_mixin.py:151} INFO -      ⚠️ Erreur ligne 756: not all arguments converted during string formatting
[2026-01-26T14:46:47.229+0000] {logging_mixin.py:151} INFO -      ⚠️ Erreur ligne 757: not all arguments converted during string formatting
[2026-01-26T14:46:47.230+0000] {logging_mixin.py:151} INFO -      ⚠️ Erreur ligne 758: not all arguments converted during string formatting
[2026-01-26T14:46:47.231+0000] {logging_mixin.py:151} INFO -      ⚠️ Erreur ligne 759: not all arguments converted during string formatting
[2026-01-26T14:46:47.232+0000] {logging_mixin.py:151} INFO -      ⚠️ Erreur ligne 760: not all arguments converted during string formatting
[2026-01-26T14:46:47.233+0000] {logging_mixin.py:151} INFO -      ⚠️ Erreur ligne 761: not all arguments converted during string formatting
[2026-01-26T14:46:47.234+0000] {logging_mixin.py:151} INFO -      ⚠️ Erreur ligne 762: not all arguments converted during string formatting
[2026-01-26T14:46:47.237+0000] {logging_mixin.py:151} INFO -      ⚠️ Erreur ligne 763: not all arguments converted during string formatting
[2026-01-26T14:46:47.237+0000] {logging_mixin.py:151} INFO -      ⚠️ Erreur ligne 764: not all arguments converted during string formatting
[2026-01-26T14:46:47.238+0000] {logging_mixin.py:151} INFO -      ⚠️ Erreur ligne 765: not all arguments converted during string formatting
[2026-01-26T14:46:47.238+0000] {logging_mixin.py:151} INFO -      ⚠️ Erreur ligne 766: not all arguments converted during string formatting
[2026-01-26T14:46:47.239+0000] {logging_mixin.py:151} INFO -      ⚠️ Erreur ligne 767: not all arguments converted during string formatting
[2026-01-26T14:46:47.239+0000] {logging_mixin.py:151} INFO -      ⚠️ Erreur ligne 768: not all arguments converted during string formatting
[2026-01-26T14:46:47.240+0000] {logging_mixin.py:151} INFO -      ⚠️ Erreur ligne 769: not all arguments converted during string formatting
[2026-01-26T14:46:47.240+0000] {logging_mixin.py:151} INFO -      ⚠️ Erreur ligne 770: not all arguments converted during string formatting
[2026-01-26T14:46:47.241+0000] {logging_mixin.py:151} INFO -      ⚠️ Erreur ligne 771: not all arguments converted during string formatting
[2026-01-26T14:46:47.242+0000] {logging_mixin.py:151} INFO -      ⚠️ Erreur ligne 772: not all arguments converted during string formatting
[2026-01-26T14:46:47.242+0000] {logging_mixin.py:151} INFO -      ⚠️ Erreur ligne 773: not all arguments converted during string formatting
[2026-01-26T14:46:47.243+0000] {logging_mixin.py:151} INFO -      ⚠️ Erreur ligne 774: not all arguments converted during string formatting
[2026-01-26T14:46:47.244+0000] {logging_mixin.py:151} INFO -      ⚠️ Erreur ligne 775: not all arguments converted during string formatting
[2026-01-26T14:46:47.245+0000] {logging_mixin.py:151} INFO -      ⚠️ Erreur ligne 776: not all arguments converted during string formatting
[2026-01-26T14:46:47.246+0000] {logging_mixin.py:151} INFO -      ⚠️ Erreur ligne 777: not all arguments converted during string formatting
[2026-01-26T14:46:47.247+0000] {logging_mixin.py:151} INFO -      ⚠️ Erreur ligne 778: not all arguments converted during string formatting
[2026-01-26T14:46:47.247+0000] {logging_mixin.py:151} INFO -      ⚠️ Erreur ligne 779: not all arguments converted during string formatting
[2026-01-26T14:46:47.248+0000] {logging_mixin.py:151} INFO -      ⚠️ Erreur ligne 780: not all arguments converted during string formatting
[2026-01-26T14:46:47.248+0000] {logging_mixin.py:151} INFO -      ⚠️ Erreur ligne 781: not all arguments converted during string formatting
[2026-01-26T14:46:47.249+0000] {logging_mixin.py:151} INFO -      ⚠️ Erreur ligne 782: not all arguments converted during string formatting
[2026-01-26T14:46:47.250+0000] {logging_mixin.py:151} INFO -      ⚠️ Erreur ligne 783: not all arguments converted during string formatting
[2026-01-26T14:46:47.250+0000] {logging_mixin.py:151} INFO -      ⚠️ Erreur ligne 784: not all arguments converted during string formatting
[2026-01-26T14:46:47.251+0000] {logging_mixin.py:151} INFO -      ⚠️ Erreur ligne 785: not all arguments converted during string formatting
[2026-01-26T14:46:47.252+0000] {logging_mixin.py:151} INFO -      ⚠️ Erreur ligne 786: not all arguments converted during string formatting
[2026-01-26T14:46:47.253+0000] {logging_mixin.py:151} INFO -      ⚠️ Erreur ligne 787: not all arguments converted during string formatting
[2026-01-26T14:46:47.253+0000] {logging_mixin.py:151} INFO -      ⚠️ Erreur ligne 788: not all arguments converted during string formatting
[2026-01-26T14:46:47.254+0000] {logging_mixin.py:151} INFO -      ⚠️ Erreur ligne 789: not all arguments converted during string formatting
[2026-01-26T14:46:47.254+0000] {logging_mixin.py:151} INFO -      ⚠️ Erreur ligne 790: not all arguments converted during string formatting
[2026-01-26T14:46:47.254+0000] {logging_mixin.py:151} INFO -      ⚠️ Erreur ligne 791: not all arguments converted during string formatting
[2026-01-26T14:46:47.255+0000] {logging_mixin.py:151} INFO -      ⚠️ Erreur ligne 792: not all arguments converted during string formatting
[2026-01-26T14:46:47.255+0000] {logging_mixin.py:151} INFO -      ⚠️ Erreur ligne 793: not all arguments converted during string formatting
[2026-01-26T14:46:47.256+0000] {logging_mixin.py:151} INFO -      ⚠️ Erreur ligne 794: not all arguments converted during string formatting
[2026-01-26T14:46:47.256+0000] {logging_mixin.py:151} INFO -      ⚠️ Erreur ligne 795: not all arguments converted during string formatting
[2026-01-26T14:46:47.256+0000] {logging_mixin.py:151} INFO -      ⚠️ Erreur ligne 796: not all arguments converted during string formatting
[2026-01-26T14:46:47.257+0000] {logging_mixin.py:151} INFO -      ⚠️ Erreur ligne 797: not all arguments converted during string formatting
[2026-01-26T14:46:47.257+0000] {logging_mixin.py:151} INFO -      ⚠️ Erreur ligne 798: not all arguments converted during string formatting
[2026-01-26T14:46:47.258+0000] {logging_mixin.py:151} INFO -      ⚠️ Erreur ligne 799: not all arguments converted during string formatting
[2026-01-26T14:46:47.259+0000] {logging_mixin.py:151} INFO -      ⚠️ Erreur ligne 800: not all arguments converted during string formatting
[2026-01-26T14:46:47.260+0000] {logging_mixin.py:151} INFO -      ⚠️ Erreur ligne 801: not all arguments converted during string formatting
[2026-01-26T14:46:47.260+0000] {logging_mixin.py:151} INFO -      ⚠️ Erreur ligne 802: not all arguments converted during string formatting
[2026-01-26T14:46:47.261+0000] {logging_mixin.py:151} INFO -      ⚠️ Erreur ligne 803: not all arguments converted during string formatting
[2026-01-26T14:46:47.261+0000] {logging_mixin.py:151} INFO -      ⚠️ Erreur ligne 804: not all arguments converted during string formatting
[2026-01-26T14:46:47.262+0000] {logging_mixin.py:151} INFO -      ⚠️ Erreur ligne 805: not all arguments converted during string formatting
[2026-01-26T14:46:47.262+0000] {logging_mixin.py:151} INFO -      ⚠️ Erreur ligne 806: not all arguments converted during string formatting
[2026-01-26T14:46:47.263+0000] {logging_mixin.py:151} INFO -      ⚠️ Erreur ligne 807: not all arguments converted during string formatting
[2026-01-26T14:46:47.264+0000] {logging_mixin.py:151} INFO -      ⚠️ Erreur ligne 808: not all arguments converted during string formatting
[2026-01-26T14:46:47.265+0000] {logging_mixin.py:151} INFO -      ⚠️ Erreur ligne 809: not all arguments converted during string formatting
[2026-01-26T14:46:47.266+0000] {logging_mixin.py:151} INFO -      ⚠️ Erreur ligne 810: not all arguments converted during string formatting
[2026-01-26T14:46:47.266+0000] {logging_mixin.py:151} INFO -      ⚠️ Erreur ligne 811: not all arguments converted during string formatting
[2026-01-26T14:46:47.266+0000] {logging_mixin.py:151} INFO -      ⚠️ Erreur ligne 812: not all arguments converted during string formatting
[2026-01-26T14:46:47.267+0000] {logging_mixin.py:151} INFO -      ⚠️ Erreur ligne 813: not all arguments converted during string formatting
[2026-01-26T14:46:47.268+0000] {logging_mixin.py:151} INFO -      ⚠️ Erreur ligne 814: not all arguments converted during string formatting
[2026-01-26T14:46:47.268+0000] {logging_mixin.py:151} INFO -      ⚠️ Erreur ligne 815: not all arguments converted during string formatting
[2026-01-26T14:46:47.268+0000] {logging_mixin.py:151} INFO -      ⚠️ Erreur ligne 816: not all arguments converted during string formatting
[2026-01-26T14:46:47.270+0000] {logging_mixin.py:151} INFO -      ⚠️ Erreur ligne 817: not all arguments converted during string formatting
[2026-01-26T14:46:47.270+0000] {logging_mixin.py:151} INFO -      ⚠️ Erreur ligne 818: not all arguments converted during string formatting
[2026-01-26T14:46:47.271+0000] {logging_mixin.py:151} INFO -      ⚠️ Erreur ligne 819: not all arguments converted during string formatting
[2026-01-26T14:46:47.271+0000] {logging_mixin.py:151} INFO -      ⚠️ Erreur ligne 820: not all arguments converted during string formatting
[2026-01-26T14:46:47.271+0000] {logging_mixin.py:151} INFO -      ⚠️ Erreur ligne 821: not all arguments converted during string formatting
[2026-01-26T14:46:47.272+0000] {logging_mixin.py:151} INFO -      ⚠️ Erreur ligne 822: not all arguments converted during string formatting
[2026-01-26T14:46:47.273+0000] {logging_mixin.py:151} INFO -      ⚠️ Erreur ligne 823: not all arguments converted during string formatting
[2026-01-26T14:46:47.274+0000] {logging_mixin.py:151} INFO -      ⚠️ Erreur ligne 824: not all arguments converted during string formatting
[2026-01-26T14:46:47.274+0000] {logging_mixin.py:151} INFO -      ⚠️ Erreur ligne 825: not all arguments converted during string formatting
[2026-01-26T14:46:47.275+0000] {logging_mixin.py:151} INFO -      ⚠️ Erreur ligne 826: not all arguments converted during string formatting
[2026-01-26T14:46:47.275+0000] {logging_mixin.py:151} INFO -      ⚠️ Erreur ligne 827: not all arguments converted during string formatting
[2026-01-26T14:46:47.275+0000] {logging_mixin.py:151} INFO -      ⚠️ Erreur ligne 828: not all arguments converted during string formatting
[2026-01-26T14:46:47.276+0000] {logging_mixin.py:151} INFO -      ⚠️ Erreur ligne 829: not all arguments converted during string formatting
[2026-01-26T14:46:47.277+0000] {logging_mixin.py:151} INFO -      ⚠️ Erreur ligne 830: not all arguments converted during string formatting
[2026-01-26T14:46:47.278+0000] {logging_mixin.py:151} INFO -      ⚠️ Erreur ligne 831: not all arguments converted during string formatting
[2026-01-26T14:46:47.279+0000] {logging_mixin.py:151} INFO -      ⚠️ Erreur ligne 832: not all arguments converted during string formatting
[2026-01-26T14:46:47.279+0000] {logging_mixin.py:151} INFO -      ⚠️ Erreur ligne 833: not all arguments converted during string formatting
[2026-01-26T14:46:47.280+0000] {logging_mixin.py:151} INFO -      ⚠️ Erreur ligne 834: not all arguments converted during string formatting
[2026-01-26T14:46:47.280+0000] {logging_mixin.py:151} INFO -      ⚠️ Erreur ligne 835: not all arguments converted during string formatting
[2026-01-26T14:46:47.281+0000] {logging_mixin.py:151} INFO -      ⚠️ Erreur ligne 836: not all arguments converted during string formatting
[2026-01-26T14:46:47.281+0000] {logging_mixin.py:151} INFO -      ⚠️ Erreur ligne 837: not all arguments converted during string formatting
[2026-01-26T14:46:47.282+0000] {logging_mixin.py:151} INFO -      ⚠️ Erreur ligne 838: not all arguments converted during string formatting
[2026-01-26T14:46:47.283+0000] {logging_mixin.py:151} INFO -      ⚠️ Erreur ligne 839: not all arguments converted during string formatting
[2026-01-26T14:46:47.283+0000] {logging_mixin.py:151} INFO -      ⚠️ Erreur ligne 840: not all arguments converted during string formatting
[2026-01-26T14:46:47.284+0000] {logging_mixin.py:151} INFO -      ⚠️ Erreur ligne 841: not all arguments converted during string formatting
[2026-01-26T14:46:47.285+0000] {logging_mixin.py:151} INFO -      ⚠️ Erreur ligne 842: not all arguments converted during string formatting
[2026-01-26T14:46:47.285+0000] {logging_mixin.py:151} INFO -      ⚠️ Erreur ligne 843: not all arguments converted during string formatting
[2026-01-26T14:46:47.286+0000] {logging_mixin.py:151} INFO -      ⚠️ Erreur ligne 844: not all arguments converted during string formatting
[2026-01-26T14:46:47.287+0000] {logging_mixin.py:151} INFO -      ⚠️ Erreur ligne 845: not all arguments converted during string formatting
[2026-01-26T14:46:47.288+0000] {logging_mixin.py:151} INFO -      ⚠️ Erreur ligne 846: not all arguments converted during string formatting
[2026-01-26T14:46:47.289+0000] {logging_mixin.py:151} INFO -      ⚠️ Erreur ligne 847: not all arguments converted during string formatting
[2026-01-26T14:46:47.289+0000] {logging_mixin.py:151} INFO -      ⚠️ Erreur ligne 848: not all arguments converted during string formatting
[2026-01-26T14:46:47.290+0000] {logging_mixin.py:151} INFO -      ⚠️ Erreur ligne 849: not all arguments converted during string formatting
[2026-01-26T14:46:47.291+0000] {logging_mixin.py:151} INFO -      ⚠️ Erreur ligne 850: not all arguments converted during string formatting
[2026-01-26T14:46:47.292+0000] {logging_mixin.py:151} INFO -      ⚠️ Erreur ligne 851: not all arguments converted during string formatting
[2026-01-26T14:46:47.293+0000] {logging_mixin.py:151} INFO -      ⚠️ Erreur ligne 852: not all arguments converted during string formatting
[2026-01-26T14:46:47.294+0000] {logging_mixin.py:151} INFO -      ⚠️ Erreur ligne 853: not all arguments converted during string formatting
[2026-01-26T14:46:47.294+0000] {logging_mixin.py:151} INFO -      ⚠️ Erreur ligne 854: not all arguments converted during string formatting
[2026-01-26T14:46:47.295+0000] {logging_mixin.py:151} INFO -      ⚠️ Erreur ligne 855: not all arguments converted during string formatting
[2026-01-26T14:46:47.296+0000] {logging_mixin.py:151} INFO -      ⚠️ Erreur ligne 856: not all arguments converted during string formatting
[2026-01-26T14:46:47.297+0000] {logging_mixin.py:151} INFO -      ⚠️ Erreur ligne 857: not all arguments converted during string formatting
[2026-01-26T14:46:47.297+0000] {logging_mixin.py:151} INFO -      ⚠️ Erreur ligne 858: not all arguments converted during string formatting
[2026-01-26T14:46:47.298+0000] {logging_mixin.py:151} INFO -      ⚠️ Erreur ligne 859: not all arguments converted during string formatting
[2026-01-26T14:46:47.298+0000] {logging_mixin.py:151} INFO -      ⚠️ Erreur ligne 860: not all arguments converted during string formatting
[2026-01-26T14:46:47.299+0000] {logging_mixin.py:151} INFO -      ⚠️ Erreur ligne 861: not all arguments converted during string formatting
[2026-01-26T14:46:47.300+0000] {logging_mixin.py:151} INFO -      ⚠️ Erreur ligne 862: not all arguments converted during string formatting
[2026-01-26T14:46:47.301+0000] {logging_mixin.py:151} INFO -      ⚠️ Erreur ligne 863: not all arguments converted during string formatting
[2026-01-26T14:46:47.302+0000] {logging_mixin.py:151} INFO -      ⚠️ Erreur ligne 864: not all arguments converted during string formatting
[2026-01-26T14:46:47.303+0000] {logging_mixin.py:151} INFO -      ⚠️ Erreur ligne 865: not all arguments converted during string formatting
[2026-01-26T14:46:47.304+0000] {logging_mixin.py:151} INFO -      ⚠️ Erreur ligne 866: not all arguments converted during string formatting
[2026-01-26T14:46:47.305+0000] {logging_mixin.py:151} INFO -      ⚠️ Erreur ligne 867: not all arguments converted during string formatting
[2026-01-26T14:46:47.306+0000] {logging_mixin.py:151} INFO -      ⚠️ Erreur ligne 868: not all arguments converted during string formatting
[2026-01-26T14:46:47.306+0000] {logging_mixin.py:151} INFO -      ⚠️ Erreur ligne 869: not all arguments converted during string formatting
[2026-01-26T14:46:47.307+0000] {logging_mixin.py:151} INFO -      ⚠️ Erreur ligne 870: not all arguments converted during string formatting
[2026-01-26T14:46:47.307+0000] {logging_mixin.py:151} INFO -      ⚠️ Erreur ligne 871: not all arguments converted during string formatting
[2026-01-26T14:46:47.308+0000] {logging_mixin.py:151} INFO -      ⚠️ Erreur ligne 872: not all arguments converted during string formatting
[2026-01-26T14:46:47.308+0000] {logging_mixin.py:151} INFO -      ⚠️ Erreur ligne 873: not all arguments converted during string formatting
[2026-01-26T14:46:47.309+0000] {logging_mixin.py:151} INFO -      ⚠️ Erreur ligne 874: not all arguments converted during string formatting
[2026-01-26T14:46:47.309+0000] {logging_mixin.py:151} INFO -      ⚠️ Erreur ligne 875: not all arguments converted during string formatting
[2026-01-26T14:46:47.310+0000] {logging_mixin.py:151} INFO -      ⚠️ Erreur ligne 876: not all arguments converted during string formatting
[2026-01-26T14:46:47.311+0000] {logging_mixin.py:151} INFO -      ⚠️ Erreur ligne 877: not all arguments converted during string formatting
[2026-01-26T14:46:47.312+0000] {logging_mixin.py:151} INFO -      ⚠️ Erreur ligne 878: not all arguments converted during string formatting
[2026-01-26T14:46:47.312+0000] {logging_mixin.py:151} INFO -      ⚠️ Erreur ligne 879: not all arguments converted during string formatting
[2026-01-26T14:46:47.313+0000] {logging_mixin.py:151} INFO -      ⚠️ Erreur ligne 880: not all arguments converted during string formatting
[2026-01-26T14:46:47.314+0000] {logging_mixin.py:151} INFO -      ⚠️ Erreur ligne 881: not all arguments converted during string formatting
[2026-01-26T14:46:47.315+0000] {logging_mixin.py:151} INFO -      ⚠️ Erreur ligne 882: not all arguments converted during string formatting
[2026-01-26T14:46:47.316+0000] {logging_mixin.py:151} INFO -      ⚠️ Erreur ligne 883: not all arguments converted during string formatting
[2026-01-26T14:46:47.316+0000] {logging_mixin.py:151} INFO -      ⚠️ Erreur ligne 884: not all arguments converted during string formatting
[2026-01-26T14:46:47.318+0000] {logging_mixin.py:151} INFO -      ⚠️ Erreur ligne 885: not all arguments converted during string formatting
[2026-01-26T14:46:47.319+0000] {logging_mixin.py:151} INFO -      ⚠️ Erreur ligne 886: not all arguments converted during string formatting
[2026-01-26T14:46:47.320+0000] {logging_mixin.py:151} INFO -      ⚠️ Erreur ligne 887: not all arguments converted during string formatting
[2026-01-26T14:46:47.321+0000] {logging_mixin.py:151} INFO -      ⚠️ Erreur ligne 888: not all arguments converted during string formatting
[2026-01-26T14:46:47.321+0000] {logging_mixin.py:151} INFO -      ⚠️ Erreur ligne 889: not all arguments converted during string formatting
[2026-01-26T14:46:47.322+0000] {logging_mixin.py:151} INFO -      ⚠️ Erreur ligne 890: not all arguments converted during string formatting
[2026-01-26T14:46:47.322+0000] {logging_mixin.py:151} INFO -      ⚠️ Erreur ligne 891: not all arguments converted during string formatting
[2026-01-26T14:46:47.323+0000] {logging_mixin.py:151} INFO -      ⚠️ Erreur ligne 892: not all arguments converted during string formatting
[2026-01-26T14:46:47.323+0000] {logging_mixin.py:151} INFO -      ⚠️ Erreur ligne 893: not all arguments converted during string formatting
[2026-01-26T14:46:47.324+0000] {logging_mixin.py:151} INFO -      ⚠️ Erreur ligne 894: not all arguments converted during string formatting
[2026-01-26T14:46:47.324+0000] {logging_mixin.py:151} INFO -      ⚠️ Erreur ligne 895: not all arguments converted during string formatting
[2026-01-26T14:46:47.325+0000] {logging_mixin.py:151} INFO -      ⚠️ Erreur ligne 896: not all arguments converted during string formatting
[2026-01-26T14:46:47.325+0000] {logging_mixin.py:151} INFO -      ⚠️ Erreur ligne 897: not all arguments converted during string formatting
[2026-01-26T14:46:47.326+0000] {logging_mixin.py:151} INFO -      ⚠️ Erreur ligne 898: not all arguments converted during string formatting
[2026-01-26T14:46:47.326+0000] {logging_mixin.py:151} INFO -      ⚠️ Erreur ligne 899: not all arguments converted during string formatting
[2026-01-26T14:46:47.327+0000] {logging_mixin.py:151} INFO -      ⚠️ Erreur ligne 900: not all arguments converted during string formatting
[2026-01-26T14:46:47.328+0000] {logging_mixin.py:151} INFO -      ⚠️ Erreur ligne 901: not all arguments converted during string formatting
[2026-01-26T14:46:47.328+0000] {logging_mixin.py:151} INFO -      ⚠️ Erreur ligne 902: not all arguments converted during string formatting
[2026-01-26T14:46:47.329+0000] {logging_mixin.py:151} INFO -      ⚠️ Erreur ligne 903: not all arguments converted during string formatting
[2026-01-26T14:46:47.330+0000] {logging_mixin.py:151} INFO -      ⚠️ Erreur ligne 904: not all arguments converted during string formatting
[2026-01-26T14:46:47.330+0000] {logging_mixin.py:151} INFO -      ⚠️ Erreur ligne 905: not all arguments converted during string formatting
[2026-01-26T14:46:47.331+0000] {logging_mixin.py:151} INFO -      ⚠️ Erreur ligne 906: not all arguments converted during string formatting
[2026-01-26T14:46:47.331+0000] {logging_mixin.py:151} INFO -      ⚠️ Erreur ligne 907: not all arguments converted during string formatting
[2026-01-26T14:46:47.332+0000] {logging_mixin.py:151} INFO -      ⚠️ Erreur ligne 908: not all arguments converted during string formatting
[2026-01-26T14:46:47.333+0000] {logging_mixin.py:151} INFO -      ⚠️ Erreur ligne 909: not all arguments converted during string formatting
[2026-01-26T14:46:47.334+0000] {logging_mixin.py:151} INFO -      ⚠️ Erreur ligne 910: not all arguments converted during string formatting
[2026-01-26T14:46:47.335+0000] {logging_mixin.py:151} INFO -      ⚠️ Erreur ligne 911: not all arguments converted during string formatting
[2026-01-26T14:46:47.335+0000] {logging_mixin.py:151} INFO -      ⚠️ Erreur ligne 912: not all arguments converted during string formatting
[2026-01-26T14:46:47.336+0000] {logging_mixin.py:151} INFO -      ⚠️ Erreur ligne 913: not all arguments converted during string formatting
[2026-01-26T14:46:47.336+0000] {logging_mixin.py:151} INFO -      ⚠️ Erreur ligne 914: not all arguments converted during string formatting
[2026-01-26T14:46:47.337+0000] {logging_mixin.py:151} INFO -      ⚠️ Erreur ligne 915: not all arguments converted during string formatting
[2026-01-26T14:46:47.337+0000] {logging_mixin.py:151} INFO -      ⚠️ Erreur ligne 916: not all arguments converted during string formatting
[2026-01-26T14:46:47.338+0000] {logging_mixin.py:151} INFO -      ⚠️ Erreur ligne 917: not all arguments converted during string formatting
[2026-01-26T14:46:47.338+0000] {logging_mixin.py:151} INFO -      ⚠️ Erreur ligne 918: not all arguments converted during string formatting
[2026-01-26T14:46:47.339+0000] {logging_mixin.py:151} INFO -      ⚠️ Erreur ligne 919: not all arguments converted during string formatting
[2026-01-26T14:46:47.339+0000] {logging_mixin.py:151} INFO -      ⚠️ Erreur ligne 920: not all arguments converted during string formatting
[2026-01-26T14:46:47.340+0000] {logging_mixin.py:151} INFO -      ⚠️ Erreur ligne 921: not all arguments converted during string formatting
[2026-01-26T14:46:47.340+0000] {logging_mixin.py:151} INFO -      ⚠️ Erreur ligne 922: not all arguments converted during string formatting
[2026-01-26T14:46:47.341+0000] {logging_mixin.py:151} INFO -      ⚠️ Erreur ligne 923: not all arguments converted during string formatting
[2026-01-26T14:46:47.343+0000] {logging_mixin.py:151} INFO -      ⚠️ Erreur ligne 924: not all arguments converted during string formatting
[2026-01-26T14:46:47.343+0000] {logging_mixin.py:151} INFO -      ⚠️ Erreur ligne 925: not all arguments converted during string formatting
[2026-01-26T14:46:47.344+0000] {logging_mixin.py:151} INFO -      ⚠️ Erreur ligne 926: not all arguments converted during string formatting
[2026-01-26T14:46:47.344+0000] {logging_mixin.py:151} INFO -      ⚠️ Erreur ligne 927: not all arguments converted during string formatting
[2026-01-26T14:46:47.344+0000] {logging_mixin.py:151} INFO -      ⚠️ Erreur ligne 928: not all arguments converted during string formatting
[2026-01-26T14:46:47.345+0000] {logging_mixin.py:151} INFO -      ⚠️ Erreur ligne 929: not all arguments converted during string formatting
[2026-01-26T14:46:47.345+0000] {logging_mixin.py:151} INFO -      ⚠️ Erreur ligne 930: not all arguments converted during string formatting
[2026-01-26T14:46:47.346+0000] {logging_mixin.py:151} INFO -      ⚠️ Erreur ligne 931: not all arguments converted during string formatting
[2026-01-26T14:46:47.347+0000] {logging_mixin.py:151} INFO -      ⚠️ Erreur ligne 932: not all arguments converted during string formatting
[2026-01-26T14:46:47.348+0000] {logging_mixin.py:151} INFO -      ⚠️ Erreur ligne 933: not all arguments converted during string formatting
[2026-01-26T14:46:47.348+0000] {logging_mixin.py:151} INFO -      ⚠️ Erreur ligne 934: not all arguments converted during string formatting
[2026-01-26T14:46:47.348+0000] {logging_mixin.py:151} INFO -      ⚠️ Erreur ligne 935: not all arguments converted during string formatting
[2026-01-26T14:46:47.349+0000] {logging_mixin.py:151} INFO -      ⚠️ Erreur ligne 936: not all arguments converted during string formatting
[2026-01-26T14:46:47.349+0000] {logging_mixin.py:151} INFO -      ⚠️ Erreur ligne 937: not all arguments converted during string formatting
[2026-01-26T14:46:47.350+0000] {logging_mixin.py:151} INFO -      ⚠️ Erreur ligne 938: not all arguments converted during string formatting
[2026-01-26T14:46:47.350+0000] {logging_mixin.py:151} INFO -      ⚠️ Erreur ligne 939: not all arguments converted during string formatting
[2026-01-26T14:46:47.350+0000] {logging_mixin.py:151} INFO -      ⚠️ Erreur ligne 940: not all arguments converted during string formatting
[2026-01-26T14:46:47.351+0000] {logging_mixin.py:151} INFO -      ⚠️ Erreur ligne 941: not all arguments converted during string formatting
[2026-01-26T14:46:47.351+0000] {logging_mixin.py:151} INFO -      ⚠️ Erreur ligne 942: not all arguments converted during string formatting
[2026-01-26T14:46:47.351+0000] {logging_mixin.py:151} INFO -      ⚠️ Erreur ligne 943: not all arguments converted during string formatting
[2026-01-26T14:46:47.352+0000] {logging_mixin.py:151} INFO -      ⚠️ Erreur ligne 944: not all arguments converted during string formatting
[2026-01-26T14:46:47.352+0000] {logging_mixin.py:151} INFO -      ⚠️ Erreur ligne 945: not all arguments converted during string formatting
[2026-01-26T14:46:47.353+0000] {logging_mixin.py:151} INFO -      ⚠️ Erreur ligne 946: not all arguments converted during string formatting
[2026-01-26T14:46:47.353+0000] {logging_mixin.py:151} INFO -      ⚠️ Erreur ligne 947: not all arguments converted during string formatting
[2026-01-26T14:46:47.354+0000] {logging_mixin.py:151} INFO -      ⚠️ Erreur ligne 948: not all arguments converted during string formatting
[2026-01-26T14:46:47.354+0000] {logging_mixin.py:151} INFO -      ⚠️ Erreur ligne 949: not all arguments converted during string formatting
[2026-01-26T14:46:47.354+0000] {logging_mixin.py:151} INFO -      ⚠️ Erreur ligne 950: not all arguments converted during string formatting
[2026-01-26T14:46:47.355+0000] {logging_mixin.py:151} INFO -      ⚠️ Erreur ligne 951: not all arguments converted during string formatting
[2026-01-26T14:46:47.355+0000] {logging_mixin.py:151} INFO -      ⚠️ Erreur ligne 952: not all arguments converted during string formatting
[2026-01-26T14:46:47.356+0000] {logging_mixin.py:151} INFO -      ⚠️ Erreur ligne 953: not all arguments converted during string formatting
[2026-01-26T14:46:47.357+0000] {logging_mixin.py:151} INFO -      ⚠️ Erreur ligne 954: not all arguments converted during string formatting
[2026-01-26T14:46:47.357+0000] {logging_mixin.py:151} INFO -      ⚠️ Erreur ligne 955: not all arguments converted during string formatting
[2026-01-26T14:46:47.358+0000] {logging_mixin.py:151} INFO -      ⚠️ Erreur ligne 956: not all arguments converted during string formatting
[2026-01-26T14:46:47.358+0000] {logging_mixin.py:151} INFO -      ⚠️ Erreur ligne 957: not all arguments converted during string formatting
[2026-01-26T14:46:47.358+0000] {logging_mixin.py:151} INFO -      ⚠️ Erreur ligne 958: not all arguments converted during string formatting
[2026-01-26T14:46:47.359+0000] {logging_mixin.py:151} INFO -      ⚠️ Erreur ligne 959: not all arguments converted during string formatting
[2026-01-26T14:46:47.359+0000] {logging_mixin.py:151} INFO -      ⚠️ Erreur ligne 960: not all arguments converted during string formatting
[2026-01-26T14:46:47.360+0000] {logging_mixin.py:151} INFO -      ⚠️ Erreur ligne 961: not all arguments converted during string formatting
[2026-01-26T14:46:47.361+0000] {logging_mixin.py:151} INFO -      ⚠️ Erreur ligne 962: not all arguments converted during string formatting
[2026-01-26T14:46:47.361+0000] {logging_mixin.py:151} INFO -      ⚠️ Erreur ligne 963: not all arguments converted during string formatting
[2026-01-26T14:46:47.362+0000] {logging_mixin.py:151} INFO -      ⚠️ Erreur ligne 964: not all arguments converted during string formatting
[2026-01-26T14:46:47.362+0000] {logging_mixin.py:151} INFO -      ⚠️ Erreur ligne 965: not all arguments converted during string formatting
[2026-01-26T14:46:47.363+0000] {logging_mixin.py:151} INFO -      ⚠️ Erreur ligne 966: not all arguments converted during string formatting
[2026-01-26T14:46:47.363+0000] {logging_mixin.py:151} INFO -      ⚠️ Erreur ligne 967: not all arguments converted during string formatting
[2026-01-26T14:46:47.363+0000] {logging_mixin.py:151} INFO -      ⚠️ Erreur ligne 968: not all arguments converted during string formatting
[2026-01-26T14:46:47.364+0000] {logging_mixin.py:151} INFO -      ⚠️ Erreur ligne 969: not all arguments converted during string formatting
[2026-01-26T14:46:47.364+0000] {logging_mixin.py:151} INFO -      ⚠️ Erreur ligne 970: not all arguments converted during string formatting
[2026-01-26T14:46:47.364+0000] {logging_mixin.py:151} INFO -      ⚠️ Erreur ligne 971: not all arguments converted during string formatting
[2026-01-26T14:46:47.365+0000] {logging_mixin.py:151} INFO -      ⚠️ Erreur ligne 972: not all arguments converted during string formatting
[2026-01-26T14:46:47.365+0000] {logging_mixin.py:151} INFO -      ⚠️ Erreur ligne 973: not all arguments converted during string formatting
[2026-01-26T14:46:47.365+0000] {logging_mixin.py:151} INFO -      ⚠️ Erreur ligne 974: not all arguments converted during string formatting
[2026-01-26T14:46:47.366+0000] {logging_mixin.py:151} INFO -      ⚠️ Erreur ligne 975: not all arguments converted during string formatting
[2026-01-26T14:46:47.366+0000] {logging_mixin.py:151} INFO -      ⚠️ Erreur ligne 976: not all arguments converted during string formatting
[2026-01-26T14:46:47.366+0000] {logging_mixin.py:151} INFO -      ⚠️ Erreur ligne 977: not all arguments converted during string formatting
[2026-01-26T14:46:47.367+0000] {logging_mixin.py:151} INFO -      ⚠️ Erreur ligne 978: not all arguments converted during string formatting
[2026-01-26T14:46:47.367+0000] {logging_mixin.py:151} INFO -      ⚠️ Erreur ligne 979: not all arguments converted during string formatting
[2026-01-26T14:46:47.367+0000] {logging_mixin.py:151} INFO -      ⚠️ Erreur ligne 980: not all arguments converted during string formatting
[2026-01-26T14:46:47.368+0000] {logging_mixin.py:151} INFO -      ⚠️ Erreur ligne 981: not all arguments converted during string formatting
[2026-01-26T14:46:47.368+0000] {logging_mixin.py:151} INFO -      ⚠️ Erreur ligne 982: not all arguments converted during string formatting
[2026-01-26T14:46:47.369+0000] {logging_mixin.py:151} INFO -      ⚠️ Erreur ligne 983: not all arguments converted during string formatting
[2026-01-26T14:46:47.369+0000] {logging_mixin.py:151} INFO -      ⚠️ Erreur ligne 984: not all arguments converted during string formatting
[2026-01-26T14:46:47.370+0000] {logging_mixin.py:151} INFO -      ⚠️ Erreur ligne 985: not all arguments converted during string formatting
[2026-01-26T14:46:47.371+0000] {logging_mixin.py:151} INFO -      ⚠️ Erreur ligne 986: not all arguments converted during string formatting
[2026-01-26T14:46:47.371+0000] {logging_mixin.py:151} INFO -      ⚠️ Erreur ligne 987: not all arguments converted during string formatting
[2026-01-26T14:46:47.372+0000] {logging_mixin.py:151} INFO -      ⚠️ Erreur ligne 988: not all arguments converted during string formatting
[2026-01-26T14:46:47.372+0000] {logging_mixin.py:151} INFO -      ⚠️ Erreur ligne 989: not all arguments converted during string formatting
[2026-01-26T14:46:47.372+0000] {logging_mixin.py:151} INFO -      ⚠️ Erreur ligne 990: not all arguments converted during string formatting
[2026-01-26T14:46:47.373+0000] {logging_mixin.py:151} INFO -      ⚠️ Erreur ligne 991: not all arguments converted during string formatting
[2026-01-26T14:46:47.373+0000] {logging_mixin.py:151} INFO -      ⚠️ Erreur ligne 992: not all arguments converted during string formatting
[2026-01-26T14:46:47.374+0000] {logging_mixin.py:151} INFO -      ⚠️ Erreur ligne 993: not all arguments converted during string formatting
[2026-01-26T14:46:47.375+0000] {logging_mixin.py:151} INFO -      ⚠️ Erreur ligne 994: not all arguments converted during string formatting
[2026-01-26T14:46:47.375+0000] {logging_mixin.py:151} INFO -      ⚠️ Erreur ligne 995: not all arguments converted during string formatting
[2026-01-26T14:46:47.376+0000] {logging_mixin.py:151} INFO -      ⚠️ Erreur ligne 996: not all arguments converted during string formatting
[2026-01-26T14:46:47.376+0000] {logging_mixin.py:151} INFO -      ⚠️ Erreur ligne 997: not all arguments converted during string formatting
[2026-01-26T14:46:47.377+0000] {logging_mixin.py:151} INFO -      ⚠️ Erreur ligne 998: not all arguments converted during string formatting
[2026-01-26T14:46:47.377+0000] {logging_mixin.py:151} INFO -      ⚠️ Erreur ligne 999: not all arguments converted during string formatting
[2026-01-26T14:46:47.377+0000] {logging_mixin.py:151} INFO -      ⚠️ Erreur ligne 1000: not all arguments converted during string formatting
[2026-01-26T14:46:47.378+0000] {logging_mixin.py:151} INFO -      ⚠️ Erreur ligne 1001: not all arguments converted during string formatting
[2026-01-26T14:46:47.378+0000] {logging_mixin.py:151} INFO -      ⚠️ Erreur ligne 1002: not all arguments converted during string formatting
[2026-01-26T14:46:47.378+0000] {logging_mixin.py:151} INFO -      ⚠️ Erreur ligne 1003: not all arguments converted during string formatting
[2026-01-26T14:46:47.379+0000] {logging_mixin.py:151} INFO -      ⚠️ Erreur ligne 1004: not all arguments converted during string formatting
[2026-01-26T14:46:47.379+0000] {logging_mixin.py:151} INFO -      ⚠️ Erreur ligne 1005: not all arguments converted during string formatting
[2026-01-26T14:46:47.380+0000] {logging_mixin.py:151} INFO -      ⚠️ Erreur ligne 1006: not all arguments converted during string formatting
[2026-01-26T14:46:47.380+0000] {logging_mixin.py:151} INFO -      ⚠️ Erreur ligne 1007: not all arguments converted during string formatting
[2026-01-26T14:46:47.380+0000] {logging_mixin.py:151} INFO -      ⚠️ Erreur ligne 1008: not all arguments converted during string formatting
[2026-01-26T14:46:47.381+0000] {logging_mixin.py:151} INFO -      ⚠️ Erreur ligne 1009: not all arguments converted during string formatting
[2026-01-26T14:46:47.381+0000] {logging_mixin.py:151} INFO -      ⚠️ Erreur ligne 1010: not all arguments converted during string formatting
[2026-01-26T14:46:47.381+0000] {logging_mixin.py:151} INFO -      ⚠️ Erreur ligne 1011: not all arguments converted during string formatting
[2026-01-26T14:46:47.382+0000] {logging_mixin.py:151} INFO -      ⚠️ Erreur ligne 1012: not all arguments converted during string formatting
[2026-01-26T14:46:47.382+0000] {logging_mixin.py:151} INFO -      ⚠️ Erreur ligne 1013: not all arguments converted during string formatting
[2026-01-26T14:46:47.383+0000] {logging_mixin.py:151} INFO -      ⚠️ Erreur ligne 1014: not all arguments converted during string formatting
[2026-01-26T14:46:47.383+0000] {logging_mixin.py:151} INFO -      ⚠️ Erreur ligne 1015: not all arguments converted during string formatting
[2026-01-26T14:46:47.384+0000] {logging_mixin.py:151} INFO -      ⚠️ Erreur ligne 1016: not all arguments converted during string formatting
[2026-01-26T14:46:47.385+0000] {logging_mixin.py:151} INFO -      ⚠️ Erreur ligne 1017: not all arguments converted during string formatting
[2026-01-26T14:46:47.386+0000] {logging_mixin.py:151} INFO -      ✅ 0 lignes insérées, 0 doublons ignorés
[2026-01-26T14:46:47.388+0000] {logging_mixin.py:151} INFO -   ✅ Fichier traité avec succès !
[2026-01-26T14:46:47.389+0000] {logging_mixin.py:151} INFO - 
================================================================================
[2026-01-26T14:46:47.389+0000] {logging_mixin.py:151} INFO - RÉSUMÉ FINAL
[2026-01-26T14:46:47.391+0000] {logging_mixin.py:151} INFO - ================================================================================
[2026-01-26T14:46:47.391+0000] {logging_mixin.py:151} INFO - ✅ Succès  : 3 fichiers
[2026-01-26T14:46:47.392+0000] {logging_mixin.py:151} INFO - ❌ Échecs  : 0 fichiers
[2026-01-26T14:46:47.392+0000] {logging_mixin.py:151} INFO - ================================================================================
[2026-01-26T14:46:47.393+0000] {python.py:194} INFO - Done. Returned value was: Done: 3 succeeded, 0 failed
[2026-01-26T14:46:47.444+0000] {taskinstance.py:1398} INFO - Marking task as SUCCESS. dag_id=stock_etl_simple, task_id=run_etl_simple, execution_date=20260126T144638, start_date=20260126T144642, end_date=20260126T144647
[2026-01-26T14:46:47.536+0000] {local_task_job_runner.py:228} INFO - Task exited with return code 0
[2026-01-26T14:46:47.562+0000] {taskinstance.py:2776} INFO - 0 downstream tasks scheduled from follow-on schedule check
