[2026-01-26T14:24:14.002+0000] {logging_mixin.py:151} INFO - Changing /opt/***/logs/dag_id=stock_etl_simple/run_id=manual__2026-01-26T14:24:11.492031+00:00/task_id=run_etl_simple permission to 509
[2026-01-26T14:24:14.056+0000] {logging_mixin.py:151} INFO - Changing /opt/***/logs/dag_id=stock_etl_simple/run_id=manual__2026-01-26T14:24:11.492031+00:00/task_id=run_etl_simple permission to 509
[2026-01-26T14:24:14.127+0000] {taskinstance.py:1157} INFO - Dependencies all met for dep_context=non-requeueable deps ti=<TaskInstance: stock_etl_simple.run_etl_simple manual__2026-01-26T14:24:11.492031+00:00 [queued]>
[2026-01-26T14:24:14.148+0000] {taskinstance.py:1157} INFO - Dependencies all met for dep_context=requeueable deps ti=<TaskInstance: stock_etl_simple.run_etl_simple manual__2026-01-26T14:24:11.492031+00:00 [queued]>
[2026-01-26T14:24:14.149+0000] {taskinstance.py:1359} INFO - Starting attempt 1 of 1
[2026-01-26T14:24:14.193+0000] {taskinstance.py:1380} INFO - Executing <Task(PythonOperator): run_etl_simple> on 2026-01-26 14:24:11.492031+00:00
[2026-01-26T14:24:14.205+0000] {standard_task_runner.py:57} INFO - Started process 2930 to run task
[2026-01-26T14:24:14.210+0000] {standard_task_runner.py:84} INFO - Running: ['***', 'tasks', 'run', 'stock_etl_simple', 'run_etl_simple', 'manual__2026-01-26T14:24:11.492031+00:00', '--job-id', '12', '--raw', '--subdir', 'DAGS_FOLDER/stock_etl_simple.py', '--cfg-path', '/tmp/tmpcc_q8zak']
[2026-01-26T14:24:14.213+0000] {standard_task_runner.py:85} INFO - Job 12: Subtask run_etl_simple
[2026-01-26T14:24:14.241+0000] {logging_mixin.py:151} WARNING - /home/***/.local/lib/python3.8/site-packages/***/settings.py:195 DeprecationWarning: The sql_alchemy_conn option in [core] has been moved to the sql_alchemy_conn option in [database] - the old setting has been used, but please update your config.
[2026-01-26T14:24:14.304+0000] {logging_mixin.py:151} INFO - Changing /opt/***/logs/dag_id=stock_etl_simple/run_id=manual__2026-01-26T14:24:11.492031+00:00/task_id=run_etl_simple permission to 509
[2026-01-26T14:24:14.306+0000] {task_command.py:415} INFO - Running <TaskInstance: stock_etl_simple.run_etl_simple manual__2026-01-26T14:24:11.492031+00:00 [running]> on host cc613c54d0a5
[2026-01-26T14:24:14.560+0000] {taskinstance.py:1660} INFO - Exporting env vars: AIRFLOW_CTX_DAG_OWNER='***' AIRFLOW_CTX_DAG_ID='stock_etl_simple' AIRFLOW_CTX_TASK_ID='run_etl_simple' AIRFLOW_CTX_EXECUTION_DATE='2026-01-26T14:24:11.492031+00:00' AIRFLOW_CTX_TRY_NUMBER='1' AIRFLOW_CTX_DAG_RUN_ID='manual__2026-01-26T14:24:11.492031+00:00'
[2026-01-26T14:24:15.918+0000] {logging_mixin.py:151} INFO - ================================================================================
[2026-01-26T14:24:15.919+0000] {logging_mixin.py:151} INFO - DÉBUT DU PIPELINE SIMPLE
[2026-01-26T14:24:15.919+0000] {logging_mixin.py:151} INFO - ================================================================================
[2026-01-26T14:24:15.920+0000] {logging_mixin.py:151} INFO - Dossier data : /opt/***/data/raw
[2026-01-26T14:24:15.920+0000] {logging_mixin.py:151} INFO - Existe : True
[2026-01-26T14:24:15.921+0000] {logging_mixin.py:151} INFO - ✅ Trouvé 3 fichiers CSV
[2026-01-26T14:24:15.922+0000] {logging_mixin.py:151} INFO -   - AAPL_2026-01-26 06:13:30.297050+00:00.csv
[2026-01-26T14:24:15.922+0000] {logging_mixin.py:151} INFO -   - GOOGL_2026-01-26 06:13:31.897613+00:00.csv
[2026-01-26T14:24:15.923+0000] {logging_mixin.py:151} INFO -   - MSFT_2026-01-26 06:13:31.074172+00:00.csv
[2026-01-26T14:24:15.923+0000] {logging_mixin.py:151} INFO - 
--------------------------------------------------------------------------------
[2026-01-26T14:24:15.923+0000] {logging_mixin.py:151} INFO - 📄 Traitement de : AAPL_2026-01-26 06:13:30.297050+00:00.csv
[2026-01-26T14:24:15.924+0000] {logging_mixin.py:151} INFO - --------------------------------------------------------------------------------
[2026-01-26T14:24:15.924+0000] {logging_mixin.py:151} INFO -   1️⃣ Lecture du CSV...
[2026-01-26T14:24:15.966+0000] {logging_mixin.py:151} INFO -      ✅ Lu 1018 lignes
[2026-01-26T14:24:15.968+0000] {logging_mixin.py:151} INFO -      Colonnes: ['Date', 'Open', 'High', 'Low', 'Close', 'Volume', 'Dividends', 'Stock Splits', 'symbol', 'extracted_at']
[2026-01-26T14:24:15.970+0000] {logging_mixin.py:151} INFO -   2️⃣ Nettoyage des colonnes...
[2026-01-26T14:24:15.972+0000] {logging_mixin.py:151} INFO -      ✅ Colonnes nettoyées: ['date', 'open', 'high', 'low', 'close', 'volume', 'dividends', 'stock_splits', 'symbol', 'extracted_at']
[2026-01-26T14:24:15.973+0000] {logging_mixin.py:151} INFO -   3️⃣ Conversion des dates...
[2026-01-26T14:24:16.002+0000] {logging_mixin.py:151} INFO -      ✅ Dates converties
[2026-01-26T14:24:16.006+0000] {logging_mixin.py:151} INFO -   4️⃣ Nettoyage des données...
[2026-01-26T14:24:16.026+0000] {logging_mixin.py:151} INFO -      ✅ 1018 → 1018 lignes (après nettoyage)
[2026-01-26T14:24:16.031+0000] {logging_mixin.py:151} INFO -   5️⃣ Connexion à la base de données...
[2026-01-26T14:24:16.039+0000] {logging_mixin.py:151} INFO -      ✅ Connecté
[2026-01-26T14:24:16.040+0000] {logging_mixin.py:151} INFO -   6️⃣ Insertion des données...
[2026-01-26T14:24:16.046+0000] {logging_mixin.py:151} INFO -      ⚠️ Erreur ligne 0: column "open_price" of relation "stocks" does not exist
LINE 2: ...                INSERT INTO stocks (symbol, date, open_price...
                                                             ^
[2026-01-26T14:24:16.048+0000] {logging_mixin.py:151} INFO -      ⚠️ Erreur ligne 1: current transaction is aborted, commands ignored until end of transaction block
[2026-01-26T14:24:16.050+0000] {logging_mixin.py:151} INFO -      ⚠️ Erreur ligne 2: current transaction is aborted, commands ignored until end of transaction block
[2026-01-26T14:24:16.053+0000] {logging_mixin.py:151} INFO -      ⚠️ Erreur ligne 3: current transaction is aborted, commands ignored until end of transaction block
[2026-01-26T14:24:16.056+0000] {logging_mixin.py:151} INFO -      ⚠️ Erreur ligne 4: current transaction is aborted, commands ignored until end of transaction block
[2026-01-26T14:24:16.059+0000] {logging_mixin.py:151} INFO -      ⚠️ Erreur ligne 5: current transaction is aborted, commands ignored until end of transaction block
[2026-01-26T14:24:16.062+0000] {logging_mixin.py:151} INFO -      ⚠️ Erreur ligne 6: current transaction is aborted, commands ignored until end of transaction block
[2026-01-26T14:24:16.063+0000] {logging_mixin.py:151} INFO -      ⚠️ Erreur ligne 7: current transaction is aborted, commands ignored until end of transaction block
[2026-01-26T14:24:16.065+0000] {logging_mixin.py:151} INFO -      ⚠️ Erreur ligne 8: current transaction is aborted, commands ignored until end of transaction block
[2026-01-26T14:24:16.072+0000] {logging_mixin.py:151} INFO -      ⚠️ Erreur ligne 9: current transaction is aborted, commands ignored until end of transaction block
[2026-01-26T14:24:16.076+0000] {logging_mixin.py:151} INFO -      ⚠️ Erreur ligne 10: current transaction is aborted, commands ignored until end of transaction block
[2026-01-26T14:24:16.078+0000] {logging_mixin.py:151} INFO -      ⚠️ Erreur ligne 11: current transaction is aborted, commands ignored until end of transaction block
[2026-01-26T14:24:16.081+0000] {logging_mixin.py:151} INFO -      ⚠️ Erreur ligne 12: current transaction is aborted, commands ignored until end of transaction block
[2026-01-26T14:24:16.083+0000] {logging_mixin.py:151} INFO -      ⚠️ Erreur ligne 13: current transaction is aborted, commands ignored until end of transaction block
[2026-01-26T14:24:16.085+0000] {logging_mixin.py:151} INFO -      ⚠️ Erreur ligne 14: current transaction is aborted, commands ignored until end of transaction block
[2026-01-26T14:24:16.087+0000] {logging_mixin.py:151} INFO -      ⚠️ Erreur ligne 15: current transaction is aborted, commands ignored until end of transaction block
[2026-01-26T14:24:16.089+0000] {logging_mixin.py:151} INFO -      ⚠️ Erreur ligne 16: current transaction is aborted, commands ignored until end of transaction block
[2026-01-26T14:24:16.093+0000] {logging_mixin.py:151} INFO -      ⚠️ Erreur ligne 17: current transaction is aborted, commands ignored until end of transaction block
[2026-01-26T14:24:16.097+0000] {logging_mixin.py:151} INFO -      ⚠️ Erreur ligne 18: current transaction is aborted, commands ignored until end of transaction block
[2026-01-26T14:24:16.099+0000] {logging_mixin.py:151} INFO -      ⚠️ Erreur ligne 19: current transaction is aborted, commands ignored until end of transaction block
[2026-01-26T14:24:16.103+0000] {logging_mixin.py:151} INFO -      ⚠️ Erreur ligne 20: current transaction is aborted, commands ignored until end of transaction block
[2026-01-26T14:24:16.105+0000] {logging_mixin.py:151} INFO -      ⚠️ Erreur ligne 21: current transaction is aborted, commands ignored until end of transaction block
[2026-01-26T14:24:16.108+0000] {logging_mixin.py:151} INFO -      ⚠️ Erreur ligne 22: current transaction is aborted, commands ignored until end of transaction block
[2026-01-26T14:24:16.112+0000] {logging_mixin.py:151} INFO -      ⚠️ Erreur ligne 23: current transaction is aborted, commands ignored until end of transaction block
[2026-01-26T14:24:16.115+0000] {logging_mixin.py:151} INFO -      ⚠️ Erreur ligne 24: current transaction is aborted, commands ignored until end of transaction block
[2026-01-26T14:24:16.118+0000] {logging_mixin.py:151} INFO -      ⚠️ Erreur ligne 25: current transaction is aborted, commands ignored until end of transaction block
[2026-01-26T14:24:16.121+0000] {logging_mixin.py:151} INFO -      ⚠️ Erreur ligne 26: current transaction is aborted, commands ignored until end of transaction block
[2026-01-26T14:24:16.124+0000] {logging_mixin.py:151} INFO -      ⚠️ Erreur ligne 27: current transaction is aborted, commands ignored until end of transaction block
[2026-01-26T14:24:16.126+0000] {logging_mixin.py:151} INFO -      ⚠️ Erreur ligne 28: current transaction is aborted, commands ignored until end of transaction block
[2026-01-26T14:24:16.128+0000] {logging_mixin.py:151} INFO -      ⚠️ Erreur ligne 29: current transaction is aborted, commands ignored until end of transaction block
[2026-01-26T14:24:16.130+0000] {logging_mixin.py:151} INFO -      ⚠️ Erreur ligne 30: current transaction is aborted, commands ignored until end of transaction block
[2026-01-26T14:24:16.132+0000] {logging_mixin.py:151} INFO -      ⚠️ Erreur ligne 31: current transaction is aborted, commands ignored until end of transaction block
[2026-01-26T14:24:16.133+0000] {logging_mixin.py:151} INFO -      ⚠️ Erreur ligne 32: current transaction is aborted, commands ignored until end of transaction block
[2026-01-26T14:24:16.136+0000] {logging_mixin.py:151} INFO -      ⚠️ Erreur ligne 33: current transaction is aborted, commands ignored until end of transaction block
[2026-01-26T14:24:16.138+0000] {logging_mixin.py:151} INFO -      ⚠️ Erreur ligne 34: current transaction is aborted, commands ignored until end of transaction block
[2026-01-26T14:24:16.140+0000] {logging_mixin.py:151} INFO -      ⚠️ Erreur ligne 35: current transaction is aborted, commands ignored until end of transaction block
[2026-01-26T14:24:16.141+0000] {logging_mixin.py:151} INFO -      ⚠️ Erreur ligne 36: current transaction is aborted, commands ignored until end of transaction block
[2026-01-26T14:24:16.144+0000] {logging_mixin.py:151} INFO -      ⚠️ Erreur ligne 37: current transaction is aborted, commands ignored until end of transaction block
[2026-01-26T14:24:16.147+0000] {logging_mixin.py:151} INFO -      ⚠️ Erreur ligne 38: current transaction is aborted, commands ignored until end of transaction block
[2026-01-26T14:24:16.151+0000] {logging_mixin.py:151} INFO -      ⚠️ Erreur ligne 39: current transaction is aborted, commands ignored until end of transaction block
[2026-01-26T14:24:16.154+0000] {logging_mixin.py:151} INFO -      ⚠️ Erreur ligne 40: current transaction is aborted, commands ignored until end of transaction block
[2026-01-26T14:24:16.158+0000] {logging_mixin.py:151} INFO -      ⚠️ Erreur ligne 41: current transaction is aborted, commands ignored until end of transaction block
[2026-01-26T14:24:16.161+0000] {logging_mixin.py:151} INFO -      ⚠️ Erreur ligne 42: current transaction is aborted, commands ignored until end of transaction block
[2026-01-26T14:24:16.163+0000] {logging_mixin.py:151} INFO -      ⚠️ Erreur ligne 43: current transaction is aborted, commands ignored until end of transaction block
[2026-01-26T14:24:16.165+0000] {logging_mixin.py:151} INFO -      ⚠️ Erreur ligne 44: current transaction is aborted, commands ignored until end of transaction block
[2026-01-26T14:24:16.168+0000] {logging_mixin.py:151} INFO -      ⚠️ Erreur ligne 45: current transaction is aborted, commands ignored until end of transaction block
[2026-01-26T14:24:16.171+0000] {logging_mixin.py:151} INFO -      ⚠️ Erreur ligne 46: current transaction is aborted, commands ignored until end of transaction block
[2026-01-26T14:24:16.174+0000] {logging_mixin.py:151} INFO -      ⚠️ Erreur ligne 47: current transaction is aborted, commands ignored until end of transaction block
[2026-01-26T14:24:16.177+0000] {logging_mixin.py:151} INFO -      ⚠️ Erreur ligne 48: current transaction is aborted, commands ignored until end of transaction block
[2026-01-26T14:24:16.179+0000] {logging_mixin.py:151} INFO -      ⚠️ Erreur ligne 49: current transaction is aborted, commands ignored until end of transaction block
[2026-01-26T14:24:16.182+0000] {logging_mixin.py:151} INFO -      ⚠️ Erreur ligne 50: current transaction is aborted, commands ignored until end of transaction block
[2026-01-26T14:24:16.184+0000] {logging_mixin.py:151} INFO -      ⚠️ Erreur ligne 51: current transaction is aborted, commands ignored until end of transaction block
[2026-01-26T14:24:16.186+0000] {logging_mixin.py:151} INFO -      ⚠️ Erreur ligne 52: current transaction is aborted, commands ignored until end of transaction block
[2026-01-26T14:24:16.189+0000] {logging_mixin.py:151} INFO -      ⚠️ Erreur ligne 53: current transaction is aborted, commands ignored until end of transaction block
[2026-01-26T14:24:16.193+0000] {logging_mixin.py:151} INFO -      ⚠️ Erreur ligne 54: current transaction is aborted, commands ignored until end of transaction block
[2026-01-26T14:24:16.196+0000] {logging_mixin.py:151} INFO -      ⚠️ Erreur ligne 55: current transaction is aborted, commands ignored until end of transaction block
[2026-01-26T14:24:16.198+0000] {logging_mixin.py:151} INFO -      ⚠️ Erreur ligne 56: current transaction is aborted, commands ignored until end of transaction block
[2026-01-26T14:24:16.201+0000] {logging_mixin.py:151} INFO -      ⚠️ Erreur ligne 57: current transaction is aborted, commands ignored until end of transaction block
[2026-01-26T14:24:16.204+0000] {logging_mixin.py:151} INFO -      ⚠️ Erreur ligne 58: current transaction is aborted, commands ignored until end of transaction block
[2026-01-26T14:24:16.206+0000] {logging_mixin.py:151} INFO -      ⚠️ Erreur ligne 59: current transaction is aborted, commands ignored until end of transaction block
[2026-01-26T14:24:16.208+0000] {logging_mixin.py:151} INFO -      ⚠️ Erreur ligne 60: current transaction is aborted, commands ignored until end of transaction block
[2026-01-26T14:24:16.210+0000] {logging_mixin.py:151} INFO -      ⚠️ Erreur ligne 61: current transaction is aborted, commands ignored until end of transaction block
[2026-01-26T14:24:16.213+0000] {logging_mixin.py:151} INFO -      ⚠️ Erreur ligne 62: current transaction is aborted, commands ignored until end of transaction block
[2026-01-26T14:24:16.218+0000] {logging_mixin.py:151} INFO -      ⚠️ Erreur ligne 63: current transaction is aborted, commands ignored until end of transaction block
[2026-01-26T14:24:16.221+0000] {logging_mixin.py:151} INFO -      ⚠️ Erreur ligne 64: current transaction is aborted, commands ignored until end of transaction block
[2026-01-26T14:24:16.226+0000] {logging_mixin.py:151} INFO -      ⚠️ Erreur ligne 65: current transaction is aborted, commands ignored until end of transaction block
[2026-01-26T14:24:16.235+0000] {logging_mixin.py:151} INFO -      ⚠️ Erreur ligne 66: current transaction is aborted, commands ignored until end of transaction block
[2026-01-26T14:24:16.238+0000] {logging_mixin.py:151} INFO -      ⚠️ Erreur ligne 67: current transaction is aborted, commands ignored until end of transaction block
[2026-01-26T14:24:16.241+0000] {logging_mixin.py:151} INFO -      ⚠️ Erreur ligne 68: current transaction is aborted, commands ignored until end of transaction block
[2026-01-26T14:24:16.243+0000] {logging_mixin.py:151} INFO -      ⚠️ Erreur ligne 69: current transaction is aborted, commands ignored until end of transaction block
[2026-01-26T14:24:16.247+0000] {logging_mixin.py:151} INFO -      ⚠️ Erreur ligne 70: current transaction is aborted, commands ignored until end of transaction block
[2026-01-26T14:24:16.250+0000] {logging_mixin.py:151} INFO -      ⚠️ Erreur ligne 71: current transaction is aborted, commands ignored until end of transaction block
[2026-01-26T14:24:16.253+0000] {logging_mixin.py:151} INFO -      ⚠️ Erreur ligne 72: current transaction is aborted, commands ignored until end of transaction block
[2026-01-26T14:24:16.256+0000] {logging_mixin.py:151} INFO -      ⚠️ Erreur ligne 73: current transaction is aborted, commands ignored until end of transaction block
[2026-01-26T14:24:16.260+0000] {logging_mixin.py:151} INFO -      ⚠️ Erreur ligne 74: current transaction is aborted, commands ignored until end of transaction block
[2026-01-26T14:24:16.263+0000] {logging_mixin.py:151} INFO -      ⚠️ Erreur ligne 75: current transaction is aborted, commands ignored until end of transaction block
[2026-01-26T14:24:16.266+0000] {logging_mixin.py:151} INFO -      ⚠️ Erreur ligne 76: current transaction is aborted, commands ignored until end of transaction block
[2026-01-26T14:24:16.269+0000] {logging_mixin.py:151} INFO -      ⚠️ Erreur ligne 77: current transaction is aborted, commands ignored until end of transaction block
[2026-01-26T14:24:16.273+0000] {logging_mixin.py:151} INFO -      ⚠️ Erreur ligne 78: current transaction is aborted, commands ignored until end of transaction block
[2026-01-26T14:24:16.276+0000] {logging_mixin.py:151} INFO -      ⚠️ Erreur ligne 79: current transaction is aborted, commands ignored until end of transaction block
[2026-01-26T14:24:16.283+0000] {logging_mixin.py:151} INFO -      ⚠️ Erreur ligne 80: current transaction is aborted, commands ignored until end of transaction block
[2026-01-26T14:24:16.287+0000] {logging_mixin.py:151} INFO -      ⚠️ Erreur ligne 81: current transaction is aborted, commands ignored until end of transaction block
[2026-01-26T14:24:16.291+0000] {logging_mixin.py:151} INFO -      ⚠️ Erreur ligne 82: current transaction is aborted, commands ignored until end of transaction block
[2026-01-26T14:24:16.297+0000] {logging_mixin.py:151} INFO -      ⚠️ Erreur ligne 83: current transaction is aborted, commands ignored until end of transaction block
[2026-01-26T14:24:16.302+0000] {logging_mixin.py:151} INFO -      ⚠️ Erreur ligne 84: current transaction is aborted, commands ignored until end of transaction block
[2026-01-26T14:24:16.306+0000] {logging_mixin.py:151} INFO -      ⚠️ Erreur ligne 85: current transaction is aborted, commands ignored until end of transaction block
[2026-01-26T14:24:16.309+0000] {logging_mixin.py:151} INFO -      ⚠️ Erreur ligne 86: current transaction is aborted, commands ignored until end of transaction block
[2026-01-26T14:24:16.311+0000] {logging_mixin.py:151} INFO -      ⚠️ Erreur ligne 87: current transaction is aborted, commands ignored until end of transaction block
[2026-01-26T14:24:16.313+0000] {logging_mixin.py:151} INFO -      ⚠️ Erreur ligne 88: current transaction is aborted, commands ignored until end of transaction block
[2026-01-26T14:24:16.317+0000] {logging_mixin.py:151} INFO -      ⚠️ Erreur ligne 89: current transaction is aborted, commands ignored until end of transaction block
[2026-01-26T14:24:16.319+0000] {logging_mixin.py:151} INFO -      ⚠️ Erreur ligne 90: current transaction is aborted, commands ignored until end of transaction block
[2026-01-26T14:24:16.322+0000] {logging_mixin.py:151} INFO -      ⚠️ Erreur ligne 91: current transaction is aborted, commands ignored until end of transaction block
[2026-01-26T14:24:16.324+0000] {logging_mixin.py:151} INFO -      ⚠️ Erreur ligne 92: current transaction is aborted, commands ignored until end of transaction block
[2026-01-26T14:24:16.328+0000] {logging_mixin.py:151} INFO -      ⚠️ Erreur ligne 93: current transaction is aborted, commands ignored until end of transaction block
[2026-01-26T14:24:16.330+0000] {logging_mixin.py:151} INFO -      ⚠️ Erreur ligne 94: current transaction is aborted, commands ignored until end of transaction block
[2026-01-26T14:24:16.336+0000] {logging_mixin.py:151} INFO -      ⚠️ Erreur ligne 95: current transaction is aborted, commands ignored until end of transaction block
[2026-01-26T14:24:16.338+0000] {logging_mixin.py:151} INFO -      ⚠️ Erreur ligne 96: current transaction is aborted, commands ignored until end of transaction block
[2026-01-26T14:24:16.343+0000] {logging_mixin.py:151} INFO -      ⚠️ Erreur ligne 97: current transaction is aborted, commands ignored until end of transaction block
[2026-01-26T14:24:16.365+0000] {logging_mixin.py:151} INFO -      ⚠️ Erreur ligne 98: current transaction is aborted, commands ignored until end of transaction block
[2026-01-26T14:24:16.367+0000] {logging_mixin.py:151} INFO -      ⚠️ Erreur ligne 99: current transaction is aborted, commands ignored until end of transaction block
[2026-01-26T14:24:16.371+0000] {logging_mixin.py:151} INFO -      ⚠️ Erreur ligne 100: current transaction is aborted, commands ignored until end of transaction block
[2026-01-26T14:24:16.374+0000] {logging_mixin.py:151} INFO -      ⚠️ Erreur ligne 101: current transaction is aborted, commands ignored until end of transaction block
[2026-01-26T14:24:16.380+0000] {logging_mixin.py:151} INFO -      ⚠️ Erreur ligne 102: current transaction is aborted, commands ignored until end of transaction block
[2026-01-26T14:24:16.383+0000] {logging_mixin.py:151} INFO -      ⚠️ Erreur ligne 103: current transaction is aborted, commands ignored until end of transaction block
[2026-01-26T14:24:16.388+0000] {logging_mixin.py:151} INFO -      ⚠️ Erreur ligne 104: current transaction is aborted, commands ignored until end of transaction block
[2026-01-26T14:24:16.392+0000] {logging_mixin.py:151} INFO -      ⚠️ Erreur ligne 105: current transaction is aborted, commands ignored until end of transaction block
[2026-01-26T14:24:16.399+0000] {logging_mixin.py:151} INFO -      ⚠️ Erreur ligne 106: current transaction is aborted, commands ignored until end of transaction block
[2026-01-26T14:24:16.403+0000] {logging_mixin.py:151} INFO -      ⚠️ Erreur ligne 107: current transaction is aborted, commands ignored until end of transaction block
[2026-01-26T14:24:16.405+0000] {logging_mixin.py:151} INFO -      ⚠️ Erreur ligne 108: current transaction is aborted, commands ignored until end of transaction block
[2026-01-26T14:24:16.408+0000] {logging_mixin.py:151} INFO -      ⚠️ Erreur ligne 109: current transaction is aborted, commands ignored until end of transaction block
[2026-01-26T14:24:16.411+0000] {logging_mixin.py:151} INFO -      ⚠️ Erreur ligne 110: current transaction is aborted, commands ignored until end of transaction block
[2026-01-26T14:24:16.413+0000] {logging_mixin.py:151} INFO -      ⚠️ Erreur ligne 111: current transaction is aborted, commands ignored until end of transaction block
[2026-01-26T14:24:16.415+0000] {logging_mixin.py:151} INFO -      ⚠️ Erreur ligne 112: current transaction is aborted, commands ignored until end of transaction block
[2026-01-26T14:24:16.418+0000] {logging_mixin.py:151} INFO -      ⚠️ Erreur ligne 113: current transaction is aborted, commands ignored until end of transaction block
[2026-01-26T14:24:16.420+0000] {logging_mixin.py:151} INFO -      ⚠️ Erreur ligne 114: current transaction is aborted, commands ignored until end of transaction block
[2026-01-26T14:24:16.422+0000] {logging_mixin.py:151} INFO -      ⚠️ Erreur ligne 115: current transaction is aborted, commands ignored until end of transaction block
[2026-01-26T14:24:16.425+0000] {logging_mixin.py:151} INFO -      ⚠️ Erreur ligne 116: current transaction is aborted, commands ignored until end of transaction block
[2026-01-26T14:24:16.427+0000] {logging_mixin.py:151} INFO -      ⚠️ Erreur ligne 117: current transaction is aborted, commands ignored until end of transaction block
[2026-01-26T14:24:16.428+0000] {logging_mixin.py:151} INFO -      ⚠️ Erreur ligne 118: current transaction is aborted, commands ignored until end of transaction block
[2026-01-26T14:24:16.430+0000] {logging_mixin.py:151} INFO -      ⚠️ Erreur ligne 119: current transaction is aborted, commands ignored until end of transaction block
[2026-01-26T14:24:16.432+0000] {logging_mixin.py:151} INFO -      ⚠️ Erreur ligne 120: current transaction is aborted, commands ignored until end of transaction block
[2026-01-26T14:24:16.434+0000] {logging_mixin.py:151} INFO -      ⚠️ Erreur ligne 121: current transaction is aborted, commands ignored until end of transaction block
[2026-01-26T14:24:16.438+0000] {logging_mixin.py:151} INFO -      ⚠️ Erreur ligne 122: current transaction is aborted, commands ignored until end of transaction block
[2026-01-26T14:24:16.440+0000] {logging_mixin.py:151} INFO -      ⚠️ Erreur ligne 123: current transaction is aborted, commands ignored until end of transaction block
[2026-01-26T14:24:16.443+0000] {logging_mixin.py:151} INFO -      ⚠️ Erreur ligne 124: current transaction is aborted, commands ignored until end of transaction block
[2026-01-26T14:24:16.445+0000] {logging_mixin.py:151} INFO -      ⚠️ Erreur ligne 125: current transaction is aborted, commands ignored until end of transaction block
[2026-01-26T14:24:16.446+0000] {logging_mixin.py:151} INFO -      ⚠️ Erreur ligne 126: current transaction is aborted, commands ignored until end of transaction block
[2026-01-26T14:24:16.448+0000] {logging_mixin.py:151} INFO -      ⚠️ Erreur ligne 127: current transaction is aborted, commands ignored until end of transaction block
[2026-01-26T14:24:16.451+0000] {logging_mixin.py:151} INFO -      ⚠️ Erreur ligne 128: current transaction is aborted, commands ignored until end of transaction block
[2026-01-26T14:24:16.454+0000] {logging_mixin.py:151} INFO -      ⚠️ Erreur ligne 129: current transaction is aborted, commands ignored until end of transaction block
[2026-01-26T14:24:16.457+0000] {logging_mixin.py:151} INFO -      ⚠️ Erreur ligne 130: current transaction is aborted, commands ignored until end of transaction block
[2026-01-26T14:24:16.459+0000] {logging_mixin.py:151} INFO -      ⚠️ Erreur ligne 131: current transaction is aborted, commands ignored until end of transaction block
[2026-01-26T14:24:16.461+0000] {logging_mixin.py:151} INFO -      ⚠️ Erreur ligne 132: current transaction is aborted, commands ignored until end of transaction block
[2026-01-26T14:24:16.463+0000] {logging_mixin.py:151} INFO -      ⚠️ Erreur ligne 133: current transaction is aborted, commands ignored until end of transaction block
[2026-01-26T14:24:16.465+0000] {logging_mixin.py:151} INFO -      ⚠️ Erreur ligne 134: current transaction is aborted, commands ignored until end of transaction block
[2026-01-26T14:24:16.467+0000] {logging_mixin.py:151} INFO -      ⚠️ Erreur ligne 135: current transaction is aborted, commands ignored until end of transaction block
[2026-01-26T14:24:16.468+0000] {logging_mixin.py:151} INFO -      ⚠️ Erreur ligne 136: current transaction is aborted, commands ignored until end of transaction block
[2026-01-26T14:24:16.472+0000] {logging_mixin.py:151} INFO -      ⚠️ Erreur ligne 137: current transaction is aborted, commands ignored until end of transaction block
[2026-01-26T14:24:16.476+0000] {logging_mixin.py:151} INFO -      ⚠️ Erreur ligne 138: current transaction is aborted, commands ignored until end of transaction block
[2026-01-26T14:24:16.479+0000] {logging_mixin.py:151} INFO -      ⚠️ Erreur ligne 139: current transaction is aborted, commands ignored until end of transaction block
[2026-01-26T14:24:16.481+0000] {logging_mixin.py:151} INFO -      ⚠️ Erreur ligne 140: current transaction is aborted, commands ignored until end of transaction block
[2026-01-26T14:24:16.484+0000] {logging_mixin.py:151} INFO -      ⚠️ Erreur ligne 141: current transaction is aborted, commands ignored until end of transaction block
[2026-01-26T14:24:16.485+0000] {logging_mixin.py:151} INFO -      ⚠️ Erreur ligne 142: current transaction is aborted, commands ignored until end of transaction block
[2026-01-26T14:24:16.487+0000] {logging_mixin.py:151} INFO -      ⚠️ Erreur ligne 143: current transaction is aborted, commands ignored until end of transaction block
[2026-01-26T14:24:16.489+0000] {logging_mixin.py:151} INFO -      ⚠️ Erreur ligne 144: current transaction is aborted, commands ignored until end of transaction block
[2026-01-26T14:24:16.490+0000] {logging_mixin.py:151} INFO -      ⚠️ Erreur ligne 145: current transaction is aborted, commands ignored until end of transaction block
[2026-01-26T14:24:16.492+0000] {logging_mixin.py:151} INFO -      ⚠️ Erreur ligne 146: current transaction is aborted, commands ignored until end of transaction block
[2026-01-26T14:24:16.494+0000] {logging_mixin.py:151} INFO -      ⚠️ Erreur ligne 147: current transaction is aborted, commands ignored until end of transaction block
[2026-01-26T14:24:16.498+0000] {logging_mixin.py:151} INFO -      ⚠️ Erreur ligne 148: current transaction is aborted, commands ignored until end of transaction block
[2026-01-26T14:24:16.508+0000] {logging_mixin.py:151} INFO -      ⚠️ Erreur ligne 149: current transaction is aborted, commands ignored until end of transaction block
[2026-01-26T14:24:16.509+0000] {logging_mixin.py:151} INFO -      ⚠️ Erreur ligne 150: current transaction is aborted, commands ignored until end of transaction block
[2026-01-26T14:24:16.511+0000] {logging_mixin.py:151} INFO -      ⚠️ Erreur ligne 151: current transaction is aborted, commands ignored until end of transaction block
[2026-01-26T14:24:16.512+0000] {logging_mixin.py:151} INFO -      ⚠️ Erreur ligne 152: current transaction is aborted, commands ignored until end of transaction block
[2026-01-26T14:24:16.514+0000] {logging_mixin.py:151} INFO -      ⚠️ Erreur ligne 153: current transaction is aborted, commands ignored until end of transaction block
[2026-01-26T14:24:16.515+0000] {logging_mixin.py:151} INFO -      ⚠️ Erreur ligne 154: current transaction is aborted, commands ignored until end of transaction block
[2026-01-26T14:24:16.516+0000] {logging_mixin.py:151} INFO -      ⚠️ Erreur ligne 155: current transaction is aborted, commands ignored until end of transaction block
[2026-01-26T14:24:16.519+0000] {logging_mixin.py:151} INFO -      ⚠️ Erreur ligne 156: current transaction is aborted, commands ignored until end of transaction block
[2026-01-26T14:24:16.521+0000] {logging_mixin.py:151} INFO -      ⚠️ Erreur ligne 157: current transaction is aborted, commands ignored until end of transaction block
[2026-01-26T14:24:16.523+0000] {logging_mixin.py:151} INFO -      ⚠️ Erreur ligne 158: current transaction is aborted, commands ignored until end of transaction block
[2026-01-26T14:24:16.525+0000] {logging_mixin.py:151} INFO -      ⚠️ Erreur ligne 159: current transaction is aborted, commands ignored until end of transaction block
[2026-01-26T14:24:16.526+0000] {logging_mixin.py:151} INFO -      ⚠️ Erreur ligne 160: current transaction is aborted, commands ignored until end of transaction block
[2026-01-26T14:24:16.527+0000] {logging_mixin.py:151} INFO -      ⚠️ Erreur ligne 161: current transaction is aborted, commands ignored until end of transaction block
[2026-01-26T14:24:16.529+0000] {logging_mixin.py:151} INFO -      ⚠️ Erreur ligne 162: current transaction is aborted, commands ignored until end of transaction block
[2026-01-26T14:24:16.530+0000] {logging_mixin.py:151} INFO -      ⚠️ Erreur ligne 163: current transaction is aborted, commands ignored until end of transaction block
[2026-01-26T14:24:16.531+0000] {logging_mixin.py:151} INFO -      ⚠️ Erreur ligne 164: current transaction is aborted, commands ignored until end of transaction block
[2026-01-26T14:24:16.532+0000] {logging_mixin.py:151} INFO -      ⚠️ Erreur ligne 165: current transaction is aborted, commands ignored until end of transaction block
[2026-01-26T14:24:16.534+0000] {logging_mixin.py:151} INFO -      ⚠️ Erreur ligne 166: current transaction is aborted, commands ignored until end of transaction block
[2026-01-26T14:24:16.535+0000] {logging_mixin.py:151} INFO -      ⚠️ Erreur ligne 167: current transaction is aborted, commands ignored until end of transaction block
[2026-01-26T14:24:16.536+0000] {logging_mixin.py:151} INFO -      ⚠️ Erreur ligne 168: current transaction is aborted, commands ignored until end of transaction block
[2026-01-26T14:24:16.538+0000] {logging_mixin.py:151} INFO -      ⚠️ Erreur ligne 169: current transaction is aborted, commands ignored until end of transaction block
[2026-01-26T14:24:16.540+0000] {logging_mixin.py:151} INFO -      ⚠️ Erreur ligne 170: current transaction is aborted, commands ignored until end of transaction block
[2026-01-26T14:24:16.542+0000] {logging_mixin.py:151} INFO -      ⚠️ Erreur ligne 171: current transaction is aborted, commands ignored until end of transaction block
[2026-01-26T14:24:16.544+0000] {logging_mixin.py:151} INFO -      ⚠️ Erreur ligne 172: current transaction is aborted, commands ignored until end of transaction block
[2026-01-26T14:24:16.545+0000] {logging_mixin.py:151} INFO -      ⚠️ Erreur ligne 173: current transaction is aborted, commands ignored until end of transaction block
[2026-01-26T14:24:16.546+0000] {logging_mixin.py:151} INFO -      ⚠️ Erreur ligne 174: current transaction is aborted, commands ignored until end of transaction block
[2026-01-26T14:24:16.548+0000] {logging_mixin.py:151} INFO -      ⚠️ Erreur ligne 175: current transaction is aborted, commands ignored until end of transaction block
[2026-01-26T14:24:16.549+0000] {logging_mixin.py:151} INFO -      ⚠️ Erreur ligne 176: current transaction is aborted, commands ignored until end of transaction block
[2026-01-26T14:24:16.550+0000] {logging_mixin.py:151} INFO -      ⚠️ Erreur ligne 177: current transaction is aborted, commands ignored until end of transaction block
[2026-01-26T14:24:16.552+0000] {logging_mixin.py:151} INFO -      ⚠️ Erreur ligne 178: current transaction is aborted, commands ignored until end of transaction block
[2026-01-26T14:24:16.553+0000] {logging_mixin.py:151} INFO -      ⚠️ Erreur ligne 179: current transaction is aborted, commands ignored until end of transaction block
[2026-01-26T14:24:16.554+0000] {logging_mixin.py:151} INFO -      ⚠️ Erreur ligne 180: current transaction is aborted, commands ignored until end of transaction block
[2026-01-26T14:24:16.556+0000] {logging_mixin.py:151} INFO -      ⚠️ Erreur ligne 181: current transaction is aborted, commands ignored until end of transaction block
[2026-01-26T14:24:16.557+0000] {logging_mixin.py:151} INFO -      ⚠️ Erreur ligne 182: current transaction is aborted, commands ignored until end of transaction block
[2026-01-26T14:24:16.559+0000] {logging_mixin.py:151} INFO -      ⚠️ Erreur ligne 183: current transaction is aborted, commands ignored until end of transaction block
[2026-01-26T14:24:16.560+0000] {logging_mixin.py:151} INFO -      ⚠️ Erreur ligne 184: current transaction is aborted, commands ignored until end of transaction block
[2026-01-26T14:24:16.562+0000] {logging_mixin.py:151} INFO -      ⚠️ Erreur ligne 185: current transaction is aborted, commands ignored until end of transaction block
[2026-01-26T14:24:16.563+0000] {logging_mixin.py:151} INFO -      ⚠️ Erreur ligne 186: current transaction is aborted, commands ignored until end of transaction block
[2026-01-26T14:24:16.565+0000] {logging_mixin.py:151} INFO -      ⚠️ Erreur ligne 187: current transaction is aborted, commands ignored until end of transaction block
[2026-01-26T14:24:16.566+0000] {logging_mixin.py:151} INFO -      ⚠️ Erreur ligne 188: current transaction is aborted, commands ignored until end of transaction block
[2026-01-26T14:24:16.567+0000] {logging_mixin.py:151} INFO -      ⚠️ Erreur ligne 189: current transaction is aborted, commands ignored until end of transaction block
[2026-01-26T14:24:16.569+0000] {logging_mixin.py:151} INFO -      ⚠️ Erreur ligne 190: current transaction is aborted, commands ignored until end of transaction block
[2026-01-26T14:24:16.570+0000] {logging_mixin.py:151} INFO -      ⚠️ Erreur ligne 191: current transaction is aborted, commands ignored until end of transaction block
[2026-01-26T14:24:16.571+0000] {logging_mixin.py:151} INFO -      ⚠️ Erreur ligne 192: current transaction is aborted, commands ignored until end of transaction block
[2026-01-26T14:24:16.573+0000] {logging_mixin.py:151} INFO -      ⚠️ Erreur ligne 193: current transaction is aborted, commands ignored until end of transaction block
[2026-01-26T14:24:16.574+0000] {logging_mixin.py:151} INFO -      ⚠️ Erreur ligne 194: current transaction is aborted, commands ignored until end of transaction block
[2026-01-26T14:24:16.576+0000] {logging_mixin.py:151} INFO -      ⚠️ Erreur ligne 195: current transaction is aborted, commands ignored until end of transaction block
[2026-01-26T14:24:16.578+0000] {logging_mixin.py:151} INFO -      ⚠️ Erreur ligne 196: current transaction is aborted, commands ignored until end of transaction block
[2026-01-26T14:24:16.580+0000] {logging_mixin.py:151} INFO -      ⚠️ Erreur ligne 197: current transaction is aborted, commands ignored until end of transaction block
[2026-01-26T14:24:16.582+0000] {logging_mixin.py:151} INFO -      ⚠️ Erreur ligne 198: current transaction is aborted, commands ignored until end of transaction block
[2026-01-26T14:24:16.583+0000] {logging_mixin.py:151} INFO -      ⚠️ Erreur ligne 199: current transaction is aborted, commands ignored until end of transaction block
[2026-01-26T14:24:16.585+0000] {logging_mixin.py:151} INFO -      ⚠️ Erreur ligne 200: current transaction is aborted, commands ignored until end of transaction block
[2026-01-26T14:24:16.586+0000] {logging_mixin.py:151} INFO -      ⚠️ Erreur ligne 201: current transaction is aborted, commands ignored until end of transaction block
[2026-01-26T14:24:16.588+0000] {logging_mixin.py:151} INFO -      ⚠️ Erreur ligne 202: current transaction is aborted, commands ignored until end of transaction block
[2026-01-26T14:24:16.589+0000] {logging_mixin.py:151} INFO -      ⚠️ Erreur ligne 203: current transaction is aborted, commands ignored until end of transaction block
[2026-01-26T14:24:16.591+0000] {logging_mixin.py:151} INFO -      ⚠️ Erreur ligne 204: current transaction is aborted, commands ignored until end of transaction block
[2026-01-26T14:24:16.592+0000] {logging_mixin.py:151} INFO -      ⚠️ Erreur ligne 205: current transaction is aborted, commands ignored until end of transaction block
[2026-01-26T14:24:16.593+0000] {logging_mixin.py:151} INFO -      ⚠️ Erreur ligne 206: current transaction is aborted, commands ignored until end of transaction block
[2026-01-26T14:24:16.595+0000] {logging_mixin.py:151} INFO -      ⚠️ Erreur ligne 207: current transaction is aborted, commands ignored until end of transaction block
[2026-01-26T14:24:16.596+0000] {logging_mixin.py:151} INFO -      ⚠️ Erreur ligne 208: current transaction is aborted, commands ignored until end of transaction block
[2026-01-26T14:24:16.597+0000] {logging_mixin.py:151} INFO -      ⚠️ Erreur ligne 209: current transaction is aborted, commands ignored until end of transaction block
[2026-01-26T14:24:16.599+0000] {logging_mixin.py:151} INFO -      ⚠️ Erreur ligne 210: current transaction is aborted, commands ignored until end of transaction block
[2026-01-26T14:24:16.600+0000] {logging_mixin.py:151} INFO -      ⚠️ Erreur ligne 211: current transaction is aborted, commands ignored until end of transaction block
[2026-01-26T14:24:16.601+0000] {logging_mixin.py:151} INFO -      ⚠️ Erreur ligne 212: current transaction is aborted, commands ignored until end of transaction block
[2026-01-26T14:24:16.604+0000] {logging_mixin.py:151} INFO -      ⚠️ Erreur ligne 213: current transaction is aborted, commands ignored until end of transaction block
[2026-01-26T14:24:16.606+0000] {logging_mixin.py:151} INFO -      ⚠️ Erreur ligne 214: current transaction is aborted, commands ignored until end of transaction block
[2026-01-26T14:24:16.608+0000] {logging_mixin.py:151} INFO -      ⚠️ Erreur ligne 215: current transaction is aborted, commands ignored until end of transaction block
[2026-01-26T14:24:16.609+0000] {logging_mixin.py:151} INFO -      ⚠️ Erreur ligne 216: current transaction is aborted, commands ignored until end of transaction block
[2026-01-26T14:24:16.611+0000] {logging_mixin.py:151} INFO -      ⚠️ Erreur ligne 217: current transaction is aborted, commands ignored until end of transaction block
[2026-01-26T14:24:16.613+0000] {logging_mixin.py:151} INFO -      ⚠️ Erreur ligne 218: current transaction is aborted, commands ignored until end of transaction block
[2026-01-26T14:24:16.615+0000] {logging_mixin.py:151} INFO -      ⚠️ Erreur ligne 219: current transaction is aborted, commands ignored until end of transaction block
[2026-01-26T14:24:16.617+0000] {logging_mixin.py:151} INFO -      ⚠️ Erreur ligne 220: current transaction is aborted, commands ignored until end of transaction block
[2026-01-26T14:24:16.619+0000] {logging_mixin.py:151} INFO -      ⚠️ Erreur ligne 221: current transaction is aborted, commands ignored until end of transaction block
[2026-01-26T14:24:16.621+0000] {logging_mixin.py:151} INFO -      ⚠️ Erreur ligne 222: current transaction is aborted, commands ignored until end of transaction block
[2026-01-26T14:24:16.623+0000] {logging_mixin.py:151} INFO -      ⚠️ Erreur ligne 223: current transaction is aborted, commands ignored until end of transaction block
[2026-01-26T14:24:16.625+0000] {logging_mixin.py:151} INFO -      ⚠️ Erreur ligne 224: current transaction is aborted, commands ignored until end of transaction block
[2026-01-26T14:24:16.626+0000] {logging_mixin.py:151} INFO -      ⚠️ Erreur ligne 225: current transaction is aborted, commands ignored until end of transaction block
[2026-01-26T14:24:16.628+0000] {logging_mixin.py:151} INFO -      ⚠️ Erreur ligne 226: current transaction is aborted, commands ignored until end of transaction block
[2026-01-26T14:24:16.631+0000] {logging_mixin.py:151} INFO -      ⚠️ Erreur ligne 227: current transaction is aborted, commands ignored until end of transaction block
[2026-01-26T14:24:16.633+0000] {logging_mixin.py:151} INFO -      ⚠️ Erreur ligne 228: current transaction is aborted, commands ignored until end of transaction block
[2026-01-26T14:24:16.638+0000] {logging_mixin.py:151} INFO -      ⚠️ Erreur ligne 229: current transaction is aborted, commands ignored until end of transaction block
[2026-01-26T14:24:16.642+0000] {logging_mixin.py:151} INFO -      ⚠️ Erreur ligne 230: current transaction is aborted, commands ignored until end of transaction block
[2026-01-26T14:24:16.645+0000] {logging_mixin.py:151} INFO -      ⚠️ Erreur ligne 231: current transaction is aborted, commands ignored until end of transaction block
[2026-01-26T14:24:16.649+0000] {logging_mixin.py:151} INFO -      ⚠️ Erreur ligne 232: current transaction is aborted, commands ignored until end of transaction block
[2026-01-26T14:24:16.655+0000] {logging_mixin.py:151} INFO -      ⚠️ Erreur ligne 233: current transaction is aborted, commands ignored until end of transaction block
[2026-01-26T14:24:16.657+0000] {logging_mixin.py:151} INFO -      ⚠️ Erreur ligne 234: current transaction is aborted, commands ignored until end of transaction block
[2026-01-26T14:24:16.660+0000] {logging_mixin.py:151} INFO -      ⚠️ Erreur ligne 235: current transaction is aborted, commands ignored until end of transaction block
[2026-01-26T14:24:16.661+0000] {logging_mixin.py:151} INFO -      ⚠️ Erreur ligne 236: current transaction is aborted, commands ignored until end of transaction block
[2026-01-26T14:24:16.663+0000] {logging_mixin.py:151} INFO -      ⚠️ Erreur ligne 237: current transaction is aborted, commands ignored until end of transaction block
[2026-01-26T14:24:16.664+0000] {logging_mixin.py:151} INFO -      ⚠️ Erreur ligne 238: current transaction is aborted, commands ignored until end of transaction block
[2026-01-26T14:24:16.665+0000] {logging_mixin.py:151} INFO -      ⚠️ Erreur ligne 239: current transaction is aborted, commands ignored until end of transaction block
[2026-01-26T14:24:16.670+0000] {logging_mixin.py:151} INFO -      ⚠️ Erreur ligne 240: current transaction is aborted, commands ignored until end of transaction block
[2026-01-26T14:24:16.671+0000] {logging_mixin.py:151} INFO -      ⚠️ Erreur ligne 241: current transaction is aborted, commands ignored until end of transaction block
[2026-01-26T14:24:16.675+0000] {logging_mixin.py:151} INFO -      ⚠️ Erreur ligne 242: current transaction is aborted, commands ignored until end of transaction block
[2026-01-26T14:24:16.678+0000] {logging_mixin.py:151} INFO -      ⚠️ Erreur ligne 243: current transaction is aborted, commands ignored until end of transaction block
[2026-01-26T14:24:16.679+0000] {logging_mixin.py:151} INFO -      ⚠️ Erreur ligne 244: current transaction is aborted, commands ignored until end of transaction block
[2026-01-26T14:24:16.682+0000] {logging_mixin.py:151} INFO -      ⚠️ Erreur ligne 245: current transaction is aborted, commands ignored until end of transaction block
[2026-01-26T14:24:16.684+0000] {logging_mixin.py:151} INFO -      ⚠️ Erreur ligne 246: current transaction is aborted, commands ignored until end of transaction block
[2026-01-26T14:24:16.686+0000] {logging_mixin.py:151} INFO -      ⚠️ Erreur ligne 247: current transaction is aborted, commands ignored until end of transaction block
[2026-01-26T14:24:16.688+0000] {logging_mixin.py:151} INFO -      ⚠️ Erreur ligne 248: current transaction is aborted, commands ignored until end of transaction block
[2026-01-26T14:24:16.690+0000] {logging_mixin.py:151} INFO -      ⚠️ Erreur ligne 249: current transaction is aborted, commands ignored until end of transaction block
[2026-01-26T14:24:16.695+0000] {logging_mixin.py:151} INFO -      ⚠️ Erreur ligne 250: current transaction is aborted, commands ignored until end of transaction block
[2026-01-26T14:24:16.698+0000] {logging_mixin.py:151} INFO -      ⚠️ Erreur ligne 251: current transaction is aborted, commands ignored until end of transaction block
[2026-01-26T14:24:16.704+0000] {logging_mixin.py:151} INFO -      ⚠️ Erreur ligne 252: current transaction is aborted, commands ignored until end of transaction block
[2026-01-26T14:24:16.707+0000] {logging_mixin.py:151} INFO -      ⚠️ Erreur ligne 253: current transaction is aborted, commands ignored until end of transaction block
[2026-01-26T14:24:16.712+0000] {logging_mixin.py:151} INFO -      ⚠️ Erreur ligne 254: current transaction is aborted, commands ignored until end of transaction block
[2026-01-26T14:24:16.716+0000] {logging_mixin.py:151} INFO -      ⚠️ Erreur ligne 255: current transaction is aborted, commands ignored until end of transaction block
[2026-01-26T14:24:16.718+0000] {logging_mixin.py:151} INFO -      ⚠️ Erreur ligne 256: current transaction is aborted, commands ignored until end of transaction block
[2026-01-26T14:24:16.719+0000] {logging_mixin.py:151} INFO -      ⚠️ Erreur ligne 257: current transaction is aborted, commands ignored until end of transaction block
[2026-01-26T14:24:16.721+0000] {logging_mixin.py:151} INFO -      ⚠️ Erreur ligne 258: current transaction is aborted, commands ignored until end of transaction block
[2026-01-26T14:24:16.722+0000] {logging_mixin.py:151} INFO -      ⚠️ Erreur ligne 259: current transaction is aborted, commands ignored until end of transaction block
[2026-01-26T14:24:16.724+0000] {logging_mixin.py:151} INFO -      ⚠️ Erreur ligne 260: current transaction is aborted, commands ignored until end of transaction block
[2026-01-26T14:24:16.725+0000] {logging_mixin.py:151} INFO -      ⚠️ Erreur ligne 261: current transaction is aborted, commands ignored until end of transaction block
[2026-01-26T14:24:16.726+0000] {logging_mixin.py:151} INFO -      ⚠️ Erreur ligne 262: current transaction is aborted, commands ignored until end of transaction block
[2026-01-26T14:24:16.728+0000] {logging_mixin.py:151} INFO -      ⚠️ Erreur ligne 263: current transaction is aborted, commands ignored until end of transaction block
[2026-01-26T14:24:16.729+0000] {logging_mixin.py:151} INFO -      ⚠️ Erreur ligne 264: current transaction is aborted, commands ignored until end of transaction block
[2026-01-26T14:24:16.732+0000] {logging_mixin.py:151} INFO -      ⚠️ Erreur ligne 265: current transaction is aborted, commands ignored until end of transaction block
[2026-01-26T14:24:16.733+0000] {logging_mixin.py:151} INFO -      ⚠️ Erreur ligne 266: current transaction is aborted, commands ignored until end of transaction block
[2026-01-26T14:24:16.734+0000] {logging_mixin.py:151} INFO -      ⚠️ Erreur ligne 267: current transaction is aborted, commands ignored until end of transaction block
[2026-01-26T14:24:16.736+0000] {logging_mixin.py:151} INFO -      ⚠️ Erreur ligne 268: current transaction is aborted, commands ignored until end of transaction block
[2026-01-26T14:24:16.737+0000] {logging_mixin.py:151} INFO -      ⚠️ Erreur ligne 269: current transaction is aborted, commands ignored until end of transaction block
[2026-01-26T14:24:16.738+0000] {logging_mixin.py:151} INFO -      ⚠️ Erreur ligne 270: current transaction is aborted, commands ignored until end of transaction block
[2026-01-26T14:24:16.740+0000] {logging_mixin.py:151} INFO -      ⚠️ Erreur ligne 271: current transaction is aborted, commands ignored until end of transaction block
[2026-01-26T14:24:16.741+0000] {logging_mixin.py:151} INFO -      ⚠️ Erreur ligne 272: current transaction is aborted, commands ignored until end of transaction block
[2026-01-26T14:24:16.746+0000] {logging_mixin.py:151} INFO -      ⚠️ Erreur ligne 273: current transaction is aborted, commands ignored until end of transaction block
[2026-01-26T14:24:16.748+0000] {logging_mixin.py:151} INFO -      ⚠️ Erreur ligne 274: current transaction is aborted, commands ignored until end of transaction block
[2026-01-26T14:24:16.750+0000] {logging_mixin.py:151} INFO -      ⚠️ Erreur ligne 275: current transaction is aborted, commands ignored until end of transaction block
[2026-01-26T14:24:16.752+0000] {logging_mixin.py:151} INFO -      ⚠️ Erreur ligne 276: current transaction is aborted, commands ignored until end of transaction block
[2026-01-26T14:24:16.754+0000] {logging_mixin.py:151} INFO -      ⚠️ Erreur ligne 277: current transaction is aborted, commands ignored until end of transaction block
[2026-01-26T14:24:16.755+0000] {logging_mixin.py:151} INFO -      ⚠️ Erreur ligne 278: current transaction is aborted, commands ignored until end of transaction block
[2026-01-26T14:24:16.756+0000] {logging_mixin.py:151} INFO -      ⚠️ Erreur ligne 279: current transaction is aborted, commands ignored until end of transaction block
[2026-01-26T14:24:16.758+0000] {logging_mixin.py:151} INFO -      ⚠️ Erreur ligne 280: current transaction is aborted, commands ignored until end of transaction block
[2026-01-26T14:24:16.760+0000] {logging_mixin.py:151} INFO -      ⚠️ Erreur ligne 281: current transaction is aborted, commands ignored until end of transaction block
[2026-01-26T14:24:16.762+0000] {logging_mixin.py:151} INFO -      ⚠️ Erreur ligne 282: current transaction is aborted, commands ignored until end of transaction block
[2026-01-26T14:24:16.764+0000] {logging_mixin.py:151} INFO -      ⚠️ Erreur ligne 283: current transaction is aborted, commands ignored until end of transaction block
[2026-01-26T14:24:16.765+0000] {logging_mixin.py:151} INFO -      ⚠️ Erreur ligne 284: current transaction is aborted, commands ignored until end of transaction block
[2026-01-26T14:24:16.767+0000] {logging_mixin.py:151} INFO -      ⚠️ Erreur ligne 285: current transaction is aborted, commands ignored until end of transaction block
[2026-01-26T14:24:16.769+0000] {logging_mixin.py:151} INFO -      ⚠️ Erreur ligne 286: current transaction is aborted, commands ignored until end of transaction block
[2026-01-26T14:24:16.770+0000] {logging_mixin.py:151} INFO -      ⚠️ Erreur ligne 287: current transaction is aborted, commands ignored until end of transaction block
[2026-01-26T14:24:16.772+0000] {logging_mixin.py:151} INFO -      ⚠️ Erreur ligne 288: current transaction is aborted, commands ignored until end of transaction block
[2026-01-26T14:24:16.773+0000] {logging_mixin.py:151} INFO -      ⚠️ Erreur ligne 289: current transaction is aborted, commands ignored until end of transaction block
[2026-01-26T14:24:16.775+0000] {logging_mixin.py:151} INFO -      ⚠️ Erreur ligne 290: current transaction is aborted, commands ignored until end of transaction block
[2026-01-26T14:24:16.777+0000] {logging_mixin.py:151} INFO -      ⚠️ Erreur ligne 291: current transaction is aborted, commands ignored until end of transaction block
[2026-01-26T14:24:16.779+0000] {logging_mixin.py:151} INFO -      ⚠️ Erreur ligne 292: current transaction is aborted, commands ignored until end of transaction block
[2026-01-26T14:24:16.780+0000] {logging_mixin.py:151} INFO -      ⚠️ Erreur ligne 293: current transaction is aborted, commands ignored until end of transaction block
[2026-01-26T14:24:16.782+0000] {logging_mixin.py:151} INFO -      ⚠️ Erreur ligne 294: current transaction is aborted, commands ignored until end of transaction block
[2026-01-26T14:24:16.783+0000] {logging_mixin.py:151} INFO -      ⚠️ Erreur ligne 295: current transaction is aborted, commands ignored until end of transaction block
[2026-01-26T14:24:16.785+0000] {logging_mixin.py:151} INFO -      ⚠️ Erreur ligne 296: current transaction is aborted, commands ignored until end of transaction block
[2026-01-26T14:24:16.787+0000] {logging_mixin.py:151} INFO -      ⚠️ Erreur ligne 297: current transaction is aborted, commands ignored until end of transaction block
[2026-01-26T14:24:16.789+0000] {logging_mixin.py:151} INFO -      ⚠️ Erreur ligne 298: current transaction is aborted, commands ignored until end of transaction block
[2026-01-26T14:24:16.791+0000] {logging_mixin.py:151} INFO -      ⚠️ Erreur ligne 299: current transaction is aborted, commands ignored until end of transaction block
[2026-01-26T14:24:16.793+0000] {logging_mixin.py:151} INFO -      ⚠️ Erreur ligne 300: current transaction is aborted, commands ignored until end of transaction block
[2026-01-26T14:24:16.794+0000] {logging_mixin.py:151} INFO -      ⚠️ Erreur ligne 301: current transaction is aborted, commands ignored until end of transaction block
[2026-01-26T14:24:16.796+0000] {logging_mixin.py:151} INFO -      ⚠️ Erreur ligne 302: current transaction is aborted, commands ignored until end of transaction block
[2026-01-26T14:24:16.798+0000] {logging_mixin.py:151} INFO -      ⚠️ Erreur ligne 303: current transaction is aborted, commands ignored until end of transaction block
[2026-01-26T14:24:16.800+0000] {logging_mixin.py:151} INFO -      ⚠️ Erreur ligne 304: current transaction is aborted, commands ignored until end of transaction block
[2026-01-26T14:24:16.802+0000] {logging_mixin.py:151} INFO -      ⚠️ Erreur ligne 305: current transaction is aborted, commands ignored until end of transaction block
[2026-01-26T14:24:16.803+0000] {logging_mixin.py:151} INFO -      ⚠️ Erreur ligne 306: current transaction is aborted, commands ignored until end of transaction block
[2026-01-26T14:24:16.805+0000] {logging_mixin.py:151} INFO -      ⚠️ Erreur ligne 307: current transaction is aborted, commands ignored until end of transaction block
[2026-01-26T14:24:16.806+0000] {logging_mixin.py:151} INFO -      ⚠️ Erreur ligne 308: current transaction is aborted, commands ignored until end of transaction block
[2026-01-26T14:24:16.808+0000] {logging_mixin.py:151} INFO -      ⚠️ Erreur ligne 309: current transaction is aborted, commands ignored until end of transaction block
[2026-01-26T14:24:16.809+0000] {logging_mixin.py:151} INFO -      ⚠️ Erreur ligne 310: current transaction is aborted, commands ignored until end of transaction block
[2026-01-26T14:24:16.811+0000] {logging_mixin.py:151} INFO -      ⚠️ Erreur ligne 311: current transaction is aborted, commands ignored until end of transaction block
[2026-01-26T14:24:16.814+0000] {logging_mixin.py:151} INFO -      ⚠️ Erreur ligne 312: current transaction is aborted, commands ignored until end of transaction block
[2026-01-26T14:24:16.815+0000] {logging_mixin.py:151} INFO -      ⚠️ Erreur ligne 313: current transaction is aborted, commands ignored until end of transaction block
[2026-01-26T14:24:16.817+0000] {logging_mixin.py:151} INFO -      ⚠️ Erreur ligne 314: current transaction is aborted, commands ignored until end of transaction block
[2026-01-26T14:24:16.819+0000] {logging_mixin.py:151} INFO -      ⚠️ Erreur ligne 315: current transaction is aborted, commands ignored until end of transaction block
[2026-01-26T14:24:16.820+0000] {logging_mixin.py:151} INFO -      ⚠️ Erreur ligne 316: current transaction is aborted, commands ignored until end of transaction block
[2026-01-26T14:24:16.821+0000] {logging_mixin.py:151} INFO -      ⚠️ Erreur ligne 317: current transaction is aborted, commands ignored until end of transaction block
[2026-01-26T14:24:16.823+0000] {logging_mixin.py:151} INFO -      ⚠️ Erreur ligne 318: current transaction is aborted, commands ignored until end of transaction block
[2026-01-26T14:24:16.824+0000] {logging_mixin.py:151} INFO -      ⚠️ Erreur ligne 319: current transaction is aborted, commands ignored until end of transaction block
[2026-01-26T14:24:16.826+0000] {logging_mixin.py:151} INFO -      ⚠️ Erreur ligne 320: current transaction is aborted, commands ignored until end of transaction block
[2026-01-26T14:24:16.829+0000] {logging_mixin.py:151} INFO -      ⚠️ Erreur ligne 321: current transaction is aborted, commands ignored until end of transaction block
[2026-01-26T14:24:16.833+0000] {logging_mixin.py:151} INFO -      ⚠️ Erreur ligne 322: current transaction is aborted, commands ignored until end of transaction block
[2026-01-26T14:24:16.836+0000] {logging_mixin.py:151} INFO -      ⚠️ Erreur ligne 323: current transaction is aborted, commands ignored until end of transaction block
[2026-01-26T14:24:16.838+0000] {logging_mixin.py:151} INFO -      ⚠️ Erreur ligne 324: current transaction is aborted, commands ignored until end of transaction block
[2026-01-26T14:24:16.839+0000] {logging_mixin.py:151} INFO -      ⚠️ Erreur ligne 325: current transaction is aborted, commands ignored until end of transaction block
[2026-01-26T14:24:16.841+0000] {logging_mixin.py:151} INFO -      ⚠️ Erreur ligne 326: current transaction is aborted, commands ignored until end of transaction block
[2026-01-26T14:24:16.842+0000] {logging_mixin.py:151} INFO -      ⚠️ Erreur ligne 327: current transaction is aborted, commands ignored until end of transaction block
[2026-01-26T14:24:16.844+0000] {logging_mixin.py:151} INFO -      ⚠️ Erreur ligne 328: current transaction is aborted, commands ignored until end of transaction block
[2026-01-26T14:24:16.845+0000] {logging_mixin.py:151} INFO -      ⚠️ Erreur ligne 329: current transaction is aborted, commands ignored until end of transaction block
[2026-01-26T14:24:16.847+0000] {logging_mixin.py:151} INFO -      ⚠️ Erreur ligne 330: current transaction is aborted, commands ignored until end of transaction block
[2026-01-26T14:24:16.848+0000] {logging_mixin.py:151} INFO -      ⚠️ Erreur ligne 331: current transaction is aborted, commands ignored until end of transaction block
[2026-01-26T14:24:16.850+0000] {logging_mixin.py:151} INFO -      ⚠️ Erreur ligne 332: current transaction is aborted, commands ignored until end of transaction block
[2026-01-26T14:24:16.851+0000] {logging_mixin.py:151} INFO -      ⚠️ Erreur ligne 333: current transaction is aborted, commands ignored until end of transaction block
[2026-01-26T14:24:16.853+0000] {logging_mixin.py:151} INFO -      ⚠️ Erreur ligne 334: current transaction is aborted, commands ignored until end of transaction block
[2026-01-26T14:24:16.854+0000] {logging_mixin.py:151} INFO -      ⚠️ Erreur ligne 335: current transaction is aborted, commands ignored until end of transaction block
[2026-01-26T14:24:16.856+0000] {logging_mixin.py:151} INFO -      ⚠️ Erreur ligne 336: current transaction is aborted, commands ignored until end of transaction block
[2026-01-26T14:24:16.857+0000] {logging_mixin.py:151} INFO -      ⚠️ Erreur ligne 337: current transaction is aborted, commands ignored until end of transaction block
[2026-01-26T14:24:16.859+0000] {logging_mixin.py:151} INFO -      ⚠️ Erreur ligne 338: current transaction is aborted, commands ignored until end of transaction block
[2026-01-26T14:24:16.860+0000] {logging_mixin.py:151} INFO -      ⚠️ Erreur ligne 339: current transaction is aborted, commands ignored until end of transaction block
[2026-01-26T14:24:16.862+0000] {logging_mixin.py:151} INFO -      ⚠️ Erreur ligne 340: current transaction is aborted, commands ignored until end of transaction block
[2026-01-26T14:24:16.863+0000] {logging_mixin.py:151} INFO -      ⚠️ Erreur ligne 341: current transaction is aborted, commands ignored until end of transaction block
[2026-01-26T14:24:16.865+0000] {logging_mixin.py:151} INFO -      ⚠️ Erreur ligne 342: current transaction is aborted, commands ignored until end of transaction block
[2026-01-26T14:24:16.867+0000] {logging_mixin.py:151} INFO -      ⚠️ Erreur ligne 343: current transaction is aborted, commands ignored until end of transaction block
[2026-01-26T14:24:16.870+0000] {logging_mixin.py:151} INFO -      ⚠️ Erreur ligne 344: current transaction is aborted, commands ignored until end of transaction block
[2026-01-26T14:24:16.873+0000] {logging_mixin.py:151} INFO -      ⚠️ Erreur ligne 345: current transaction is aborted, commands ignored until end of transaction block
[2026-01-26T14:24:16.874+0000] {logging_mixin.py:151} INFO -      ⚠️ Erreur ligne 346: current transaction is aborted, commands ignored until end of transaction block
[2026-01-26T14:24:16.876+0000] {logging_mixin.py:151} INFO -      ⚠️ Erreur ligne 347: current transaction is aborted, commands ignored until end of transaction block
[2026-01-26T14:24:16.878+0000] {logging_mixin.py:151} INFO -      ⚠️ Erreur ligne 348: current transaction is aborted, commands ignored until end of transaction block
[2026-01-26T14:24:16.880+0000] {logging_mixin.py:151} INFO -      ⚠️ Erreur ligne 349: current transaction is aborted, commands ignored until end of transaction block
[2026-01-26T14:24:16.881+0000] {logging_mixin.py:151} INFO -      ⚠️ Erreur ligne 350: current transaction is aborted, commands ignored until end of transaction block
[2026-01-26T14:24:16.884+0000] {logging_mixin.py:151} INFO -      ⚠️ Erreur ligne 351: current transaction is aborted, commands ignored until end of transaction block
[2026-01-26T14:24:16.887+0000] {logging_mixin.py:151} INFO -      ⚠️ Erreur ligne 352: current transaction is aborted, commands ignored until end of transaction block
[2026-01-26T14:24:16.889+0000] {logging_mixin.py:151} INFO -      ⚠️ Erreur ligne 353: current transaction is aborted, commands ignored until end of transaction block
[2026-01-26T14:24:16.892+0000] {logging_mixin.py:151} INFO -      ⚠️ Erreur ligne 354: current transaction is aborted, commands ignored until end of transaction block
[2026-01-26T14:24:16.894+0000] {logging_mixin.py:151} INFO -      ⚠️ Erreur ligne 355: current transaction is aborted, commands ignored until end of transaction block
[2026-01-26T14:24:16.897+0000] {logging_mixin.py:151} INFO -      ⚠️ Erreur ligne 356: current transaction is aborted, commands ignored until end of transaction block
[2026-01-26T14:24:16.898+0000] {logging_mixin.py:151} INFO -      ⚠️ Erreur ligne 357: current transaction is aborted, commands ignored until end of transaction block
[2026-01-26T14:24:16.901+0000] {logging_mixin.py:151} INFO -      ⚠️ Erreur ligne 358: current transaction is aborted, commands ignored until end of transaction block
[2026-01-26T14:24:16.904+0000] {logging_mixin.py:151} INFO -      ⚠️ Erreur ligne 359: current transaction is aborted, commands ignored until end of transaction block
[2026-01-26T14:24:16.907+0000] {logging_mixin.py:151} INFO -      ⚠️ Erreur ligne 360: current transaction is aborted, commands ignored until end of transaction block
[2026-01-26T14:24:16.908+0000] {logging_mixin.py:151} INFO -      ⚠️ Erreur ligne 361: current transaction is aborted, commands ignored until end of transaction block
[2026-01-26T14:24:16.910+0000] {logging_mixin.py:151} INFO -      ⚠️ Erreur ligne 362: current transaction is aborted, commands ignored until end of transaction block
[2026-01-26T14:24:16.912+0000] {logging_mixin.py:151} INFO -      ⚠️ Erreur ligne 363: current transaction is aborted, commands ignored until end of transaction block
[2026-01-26T14:24:16.918+0000] {logging_mixin.py:151} INFO -      ⚠️ Erreur ligne 364: current transaction is aborted, commands ignored until end of transaction block
[2026-01-26T14:24:16.920+0000] {logging_mixin.py:151} INFO -      ⚠️ Erreur ligne 365: current transaction is aborted, commands ignored until end of transaction block
[2026-01-26T14:24:16.923+0000] {logging_mixin.py:151} INFO -      ⚠️ Erreur ligne 366: current transaction is aborted, commands ignored until end of transaction block
[2026-01-26T14:24:16.924+0000] {logging_mixin.py:151} INFO -      ⚠️ Erreur ligne 367: current transaction is aborted, commands ignored until end of transaction block
[2026-01-26T14:24:16.926+0000] {logging_mixin.py:151} INFO -      ⚠️ Erreur ligne 368: current transaction is aborted, commands ignored until end of transaction block
[2026-01-26T14:24:16.927+0000] {logging_mixin.py:151} INFO -      ⚠️ Erreur ligne 369: current transaction is aborted, commands ignored until end of transaction block
[2026-01-26T14:24:16.929+0000] {logging_mixin.py:151} INFO -      ⚠️ Erreur ligne 370: current transaction is aborted, commands ignored until end of transaction block
[2026-01-26T14:24:16.930+0000] {logging_mixin.py:151} INFO -      ⚠️ Erreur ligne 371: current transaction is aborted, commands ignored until end of transaction block
[2026-01-26T14:24:16.932+0000] {logging_mixin.py:151} INFO -      ⚠️ Erreur ligne 372: current transaction is aborted, commands ignored until end of transaction block
[2026-01-26T14:24:16.935+0000] {logging_mixin.py:151} INFO -      ⚠️ Erreur ligne 373: current transaction is aborted, commands ignored until end of transaction block
[2026-01-26T14:24:16.939+0000] {logging_mixin.py:151} INFO -      ⚠️ Erreur ligne 374: current transaction is aborted, commands ignored until end of transaction block
[2026-01-26T14:24:16.941+0000] {logging_mixin.py:151} INFO -      ⚠️ Erreur ligne 375: current transaction is aborted, commands ignored until end of transaction block
[2026-01-26T14:24:16.942+0000] {logging_mixin.py:151} INFO -      ⚠️ Erreur ligne 376: current transaction is aborted, commands ignored until end of transaction block
[2026-01-26T14:24:16.944+0000] {logging_mixin.py:151} INFO -      ⚠️ Erreur ligne 377: current transaction is aborted, commands ignored until end of transaction block
[2026-01-26T14:24:16.945+0000] {logging_mixin.py:151} INFO -      ⚠️ Erreur ligne 378: current transaction is aborted, commands ignored until end of transaction block
[2026-01-26T14:24:16.947+0000] {logging_mixin.py:151} INFO -      ⚠️ Erreur ligne 379: current transaction is aborted, commands ignored until end of transaction block
[2026-01-26T14:24:16.948+0000] {logging_mixin.py:151} INFO -      ⚠️ Erreur ligne 380: current transaction is aborted, commands ignored until end of transaction block
[2026-01-26T14:24:16.950+0000] {logging_mixin.py:151} INFO -      ⚠️ Erreur ligne 381: current transaction is aborted, commands ignored until end of transaction block
[2026-01-26T14:24:16.952+0000] {logging_mixin.py:151} INFO -      ⚠️ Erreur ligne 382: current transaction is aborted, commands ignored until end of transaction block
[2026-01-26T14:24:16.953+0000] {logging_mixin.py:151} INFO -      ⚠️ Erreur ligne 383: current transaction is aborted, commands ignored until end of transaction block
[2026-01-26T14:24:16.955+0000] {logging_mixin.py:151} INFO -      ⚠️ Erreur ligne 384: current transaction is aborted, commands ignored until end of transaction block
[2026-01-26T14:24:16.957+0000] {logging_mixin.py:151} INFO -      ⚠️ Erreur ligne 385: current transaction is aborted, commands ignored until end of transaction block
[2026-01-26T14:24:16.959+0000] {logging_mixin.py:151} INFO -      ⚠️ Erreur ligne 386: current transaction is aborted, commands ignored until end of transaction block
[2026-01-26T14:24:16.961+0000] {logging_mixin.py:151} INFO -      ⚠️ Erreur ligne 387: current transaction is aborted, commands ignored until end of transaction block
[2026-01-26T14:24:16.963+0000] {logging_mixin.py:151} INFO -      ⚠️ Erreur ligne 388: current transaction is aborted, commands ignored until end of transaction block
[2026-01-26T14:24:16.965+0000] {logging_mixin.py:151} INFO -      ⚠️ Erreur ligne 389: current transaction is aborted, commands ignored until end of transaction block
[2026-01-26T14:24:16.967+0000] {logging_mixin.py:151} INFO -      ⚠️ Erreur ligne 390: current transaction is aborted, commands ignored until end of transaction block
[2026-01-26T14:24:16.968+0000] {logging_mixin.py:151} INFO -      ⚠️ Erreur ligne 391: current transaction is aborted, commands ignored until end of transaction block
[2026-01-26T14:24:16.970+0000] {logging_mixin.py:151} INFO -      ⚠️ Erreur ligne 392: current transaction is aborted, commands ignored until end of transaction block
[2026-01-26T14:24:16.971+0000] {logging_mixin.py:151} INFO -      ⚠️ Erreur ligne 393: current transaction is aborted, commands ignored until end of transaction block
[2026-01-26T14:24:16.973+0000] {logging_mixin.py:151} INFO -      ⚠️ Erreur ligne 394: current transaction is aborted, commands ignored until end of transaction block
[2026-01-26T14:24:16.975+0000] {logging_mixin.py:151} INFO -      ⚠️ Erreur ligne 395: current transaction is aborted, commands ignored until end of transaction block
[2026-01-26T14:24:16.977+0000] {logging_mixin.py:151} INFO -      ⚠️ Erreur ligne 396: current transaction is aborted, commands ignored until end of transaction block
[2026-01-26T14:24:16.979+0000] {logging_mixin.py:151} INFO -      ⚠️ Erreur ligne 397: current transaction is aborted, commands ignored until end of transaction block
[2026-01-26T14:24:16.981+0000] {logging_mixin.py:151} INFO -      ⚠️ Erreur ligne 398: current transaction is aborted, commands ignored until end of transaction block
[2026-01-26T14:24:16.983+0000] {logging_mixin.py:151} INFO -      ⚠️ Erreur ligne 399: current transaction is aborted, commands ignored until end of transaction block
[2026-01-26T14:24:16.985+0000] {logging_mixin.py:151} INFO -      ⚠️ Erreur ligne 400: current transaction is aborted, commands ignored until end of transaction block
[2026-01-26T14:24:16.986+0000] {logging_mixin.py:151} INFO -      ⚠️ Erreur ligne 401: current transaction is aborted, commands ignored until end of transaction block
[2026-01-26T14:24:16.987+0000] {logging_mixin.py:151} INFO -      ⚠️ Erreur ligne 402: current transaction is aborted, commands ignored until end of transaction block
[2026-01-26T14:24:16.989+0000] {logging_mixin.py:151} INFO -      ⚠️ Erreur ligne 403: current transaction is aborted, commands ignored until end of transaction block
[2026-01-26T14:24:16.990+0000] {logging_mixin.py:151} INFO -      ⚠️ Erreur ligne 404: current transaction is aborted, commands ignored until end of transaction block
[2026-01-26T14:24:16.991+0000] {logging_mixin.py:151} INFO -      ⚠️ Erreur ligne 405: current transaction is aborted, commands ignored until end of transaction block
[2026-01-26T14:24:16.992+0000] {logging_mixin.py:151} INFO -      ⚠️ Erreur ligne 406: current transaction is aborted, commands ignored until end of transaction block
[2026-01-26T14:24:16.993+0000] {logging_mixin.py:151} INFO -      ⚠️ Erreur ligne 407: current transaction is aborted, commands ignored until end of transaction block
[2026-01-26T14:24:16.994+0000] {logging_mixin.py:151} INFO -      ⚠️ Erreur ligne 408: current transaction is aborted, commands ignored until end of transaction block
[2026-01-26T14:24:16.995+0000] {logging_mixin.py:151} INFO -      ⚠️ Erreur ligne 409: current transaction is aborted, commands ignored until end of transaction block
[2026-01-26T14:24:16.997+0000] {logging_mixin.py:151} INFO -      ⚠️ Erreur ligne 410: current transaction is aborted, commands ignored until end of transaction block
[2026-01-26T14:24:17.000+0000] {logging_mixin.py:151} INFO -      ⚠️ Erreur ligne 411: current transaction is aborted, commands ignored until end of transaction block
[2026-01-26T14:24:17.002+0000] {logging_mixin.py:151} INFO -      ⚠️ Erreur ligne 412: current transaction is aborted, commands ignored until end of transaction block
[2026-01-26T14:24:17.004+0000] {logging_mixin.py:151} INFO -      ⚠️ Erreur ligne 413: current transaction is aborted, commands ignored until end of transaction block
[2026-01-26T14:24:17.005+0000] {logging_mixin.py:151} INFO -      ⚠️ Erreur ligne 414: current transaction is aborted, commands ignored until end of transaction block
[2026-01-26T14:24:17.007+0000] {logging_mixin.py:151} INFO -      ⚠️ Erreur ligne 415: current transaction is aborted, commands ignored until end of transaction block
[2026-01-26T14:24:17.008+0000] {logging_mixin.py:151} INFO -      ⚠️ Erreur ligne 416: current transaction is aborted, commands ignored until end of transaction block
[2026-01-26T14:24:17.010+0000] {logging_mixin.py:151} INFO -      ⚠️ Erreur ligne 417: current transaction is aborted, commands ignored until end of transaction block
[2026-01-26T14:24:17.011+0000] {logging_mixin.py:151} INFO -      ⚠️ Erreur ligne 418: current transaction is aborted, commands ignored until end of transaction block
[2026-01-26T14:24:17.013+0000] {logging_mixin.py:151} INFO -      ⚠️ Erreur ligne 419: current transaction is aborted, commands ignored until end of transaction block
[2026-01-26T14:24:17.014+0000] {logging_mixin.py:151} INFO -      ⚠️ Erreur ligne 420: current transaction is aborted, commands ignored until end of transaction block
[2026-01-26T14:24:17.016+0000] {logging_mixin.py:151} INFO -      ⚠️ Erreur ligne 421: current transaction is aborted, commands ignored until end of transaction block
[2026-01-26T14:24:17.017+0000] {logging_mixin.py:151} INFO -      ⚠️ Erreur ligne 422: current transaction is aborted, commands ignored until end of transaction block
[2026-01-26T14:24:17.019+0000] {logging_mixin.py:151} INFO -      ⚠️ Erreur ligne 423: current transaction is aborted, commands ignored until end of transaction block
[2026-01-26T14:24:17.021+0000] {logging_mixin.py:151} INFO -      ⚠️ Erreur ligne 424: current transaction is aborted, commands ignored until end of transaction block
[2026-01-26T14:24:17.023+0000] {logging_mixin.py:151} INFO -      ⚠️ Erreur ligne 425: current transaction is aborted, commands ignored until end of transaction block
[2026-01-26T14:24:17.025+0000] {logging_mixin.py:151} INFO -      ⚠️ Erreur ligne 426: current transaction is aborted, commands ignored until end of transaction block
[2026-01-26T14:24:17.026+0000] {logging_mixin.py:151} INFO -      ⚠️ Erreur ligne 427: current transaction is aborted, commands ignored until end of transaction block
[2026-01-26T14:24:17.027+0000] {logging_mixin.py:151} INFO -      ⚠️ Erreur ligne 428: current transaction is aborted, commands ignored until end of transaction block
[2026-01-26T14:24:17.029+0000] {logging_mixin.py:151} INFO -      ⚠️ Erreur ligne 429: current transaction is aborted, commands ignored until end of transaction block
[2026-01-26T14:24:17.030+0000] {logging_mixin.py:151} INFO -      ⚠️ Erreur ligne 430: current transaction is aborted, commands ignored until end of transaction block
[2026-01-26T14:24:17.031+0000] {logging_mixin.py:151} INFO -      ⚠️ Erreur ligne 431: current transaction is aborted, commands ignored until end of transaction block
[2026-01-26T14:24:17.032+0000] {logging_mixin.py:151} INFO -      ⚠️ Erreur ligne 432: current transaction is aborted, commands ignored until end of transaction block
[2026-01-26T14:24:17.033+0000] {logging_mixin.py:151} INFO -      ⚠️ Erreur ligne 433: current transaction is aborted, commands ignored until end of transaction block
[2026-01-26T14:24:17.035+0000] {logging_mixin.py:151} INFO -      ⚠️ Erreur ligne 434: current transaction is aborted, commands ignored until end of transaction block
[2026-01-26T14:24:17.037+0000] {logging_mixin.py:151} INFO -      ⚠️ Erreur ligne 435: current transaction is aborted, commands ignored until end of transaction block
[2026-01-26T14:24:17.039+0000] {logging_mixin.py:151} INFO -      ⚠️ Erreur ligne 436: current transaction is aborted, commands ignored until end of transaction block
[2026-01-26T14:24:17.040+0000] {logging_mixin.py:151} INFO -      ⚠️ Erreur ligne 437: current transaction is aborted, commands ignored until end of transaction block
[2026-01-26T14:24:17.042+0000] {logging_mixin.py:151} INFO -      ⚠️ Erreur ligne 438: current transaction is aborted, commands ignored until end of transaction block
[2026-01-26T14:24:17.043+0000] {logging_mixin.py:151} INFO -      ⚠️ Erreur ligne 439: current transaction is aborted, commands ignored until end of transaction block
[2026-01-26T14:24:17.045+0000] {logging_mixin.py:151} INFO -      ⚠️ Erreur ligne 440: current transaction is aborted, commands ignored until end of transaction block
[2026-01-26T14:24:17.046+0000] {logging_mixin.py:151} INFO -      ⚠️ Erreur ligne 441: current transaction is aborted, commands ignored until end of transaction block
[2026-01-26T14:24:17.048+0000] {logging_mixin.py:151} INFO -      ⚠️ Erreur ligne 442: current transaction is aborted, commands ignored until end of transaction block
[2026-01-26T14:24:17.049+0000] {logging_mixin.py:151} INFO -      ⚠️ Erreur ligne 443: current transaction is aborted, commands ignored until end of transaction block
[2026-01-26T14:24:17.050+0000] {logging_mixin.py:151} INFO -      ⚠️ Erreur ligne 444: current transaction is aborted, commands ignored until end of transaction block
[2026-01-26T14:24:17.052+0000] {logging_mixin.py:151} INFO -      ⚠️ Erreur ligne 445: current transaction is aborted, commands ignored until end of transaction block
[2026-01-26T14:24:17.053+0000] {logging_mixin.py:151} INFO -      ⚠️ Erreur ligne 446: current transaction is aborted, commands ignored until end of transaction block
[2026-01-26T14:24:17.055+0000] {logging_mixin.py:151} INFO -      ⚠️ Erreur ligne 447: current transaction is aborted, commands ignored until end of transaction block
[2026-01-26T14:24:17.056+0000] {logging_mixin.py:151} INFO -      ⚠️ Erreur ligne 448: current transaction is aborted, commands ignored until end of transaction block
[2026-01-26T14:24:17.058+0000] {logging_mixin.py:151} INFO -      ⚠️ Erreur ligne 449: current transaction is aborted, commands ignored until end of transaction block
[2026-01-26T14:24:17.059+0000] {logging_mixin.py:151} INFO -      ⚠️ Erreur ligne 450: current transaction is aborted, commands ignored until end of transaction block
[2026-01-26T14:24:17.061+0000] {logging_mixin.py:151} INFO -      ⚠️ Erreur ligne 451: current transaction is aborted, commands ignored until end of transaction block
[2026-01-26T14:24:17.062+0000] {logging_mixin.py:151} INFO -      ⚠️ Erreur ligne 452: current transaction is aborted, commands ignored until end of transaction block
[2026-01-26T14:24:17.063+0000] {logging_mixin.py:151} INFO -      ⚠️ Erreur ligne 453: current transaction is aborted, commands ignored until end of transaction block
[2026-01-26T14:24:17.064+0000] {logging_mixin.py:151} INFO -      ⚠️ Erreur ligne 454: current transaction is aborted, commands ignored until end of transaction block
[2026-01-26T14:24:17.065+0000] {logging_mixin.py:151} INFO -      ⚠️ Erreur ligne 455: current transaction is aborted, commands ignored until end of transaction block
[2026-01-26T14:24:17.066+0000] {logging_mixin.py:151} INFO -      ⚠️ Erreur ligne 456: current transaction is aborted, commands ignored until end of transaction block
[2026-01-26T14:24:17.067+0000] {logging_mixin.py:151} INFO -      ⚠️ Erreur ligne 457: current transaction is aborted, commands ignored until end of transaction block
[2026-01-26T14:24:17.068+0000] {logging_mixin.py:151} INFO -      ⚠️ Erreur ligne 458: current transaction is aborted, commands ignored until end of transaction block
[2026-01-26T14:24:17.069+0000] {logging_mixin.py:151} INFO -      ⚠️ Erreur ligne 459: current transaction is aborted, commands ignored until end of transaction block
[2026-01-26T14:24:17.070+0000] {logging_mixin.py:151} INFO -      ⚠️ Erreur ligne 460: current transaction is aborted, commands ignored until end of transaction block
[2026-01-26T14:24:17.072+0000] {logging_mixin.py:151} INFO -      ⚠️ Erreur ligne 461: current transaction is aborted, commands ignored until end of transaction block
[2026-01-26T14:24:17.074+0000] {logging_mixin.py:151} INFO -      ⚠️ Erreur ligne 462: current transaction is aborted, commands ignored until end of transaction block
[2026-01-26T14:24:17.076+0000] {logging_mixin.py:151} INFO -      ⚠️ Erreur ligne 463: current transaction is aborted, commands ignored until end of transaction block
[2026-01-26T14:24:17.078+0000] {logging_mixin.py:151} INFO -      ⚠️ Erreur ligne 464: current transaction is aborted, commands ignored until end of transaction block
[2026-01-26T14:24:17.080+0000] {logging_mixin.py:151} INFO -      ⚠️ Erreur ligne 465: current transaction is aborted, commands ignored until end of transaction block
[2026-01-26T14:24:17.081+0000] {logging_mixin.py:151} INFO -      ⚠️ Erreur ligne 466: current transaction is aborted, commands ignored until end of transaction block
[2026-01-26T14:24:17.082+0000] {logging_mixin.py:151} INFO -      ⚠️ Erreur ligne 467: current transaction is aborted, commands ignored until end of transaction block
[2026-01-26T14:24:17.083+0000] {logging_mixin.py:151} INFO -      ⚠️ Erreur ligne 468: current transaction is aborted, commands ignored until end of transaction block
[2026-01-26T14:24:17.084+0000] {logging_mixin.py:151} INFO -      ⚠️ Erreur ligne 469: current transaction is aborted, commands ignored until end of transaction block
[2026-01-26T14:24:17.085+0000] {logging_mixin.py:151} INFO -      ⚠️ Erreur ligne 470: current transaction is aborted, commands ignored until end of transaction block
[2026-01-26T14:24:17.086+0000] {logging_mixin.py:151} INFO -      ⚠️ Erreur ligne 471: current transaction is aborted, commands ignored until end of transaction block
[2026-01-26T14:24:17.087+0000] {logging_mixin.py:151} INFO -      ⚠️ Erreur ligne 472: current transaction is aborted, commands ignored until end of transaction block
[2026-01-26T14:24:17.088+0000] {logging_mixin.py:151} INFO -      ⚠️ Erreur ligne 473: current transaction is aborted, commands ignored until end of transaction block
[2026-01-26T14:24:17.089+0000] {logging_mixin.py:151} INFO -      ⚠️ Erreur ligne 474: current transaction is aborted, commands ignored until end of transaction block
[2026-01-26T14:24:17.091+0000] {logging_mixin.py:151} INFO -      ⚠️ Erreur ligne 475: current transaction is aborted, commands ignored until end of transaction block
[2026-01-26T14:24:17.093+0000] {logging_mixin.py:151} INFO -      ⚠️ Erreur ligne 476: current transaction is aborted, commands ignored until end of transaction block
[2026-01-26T14:24:17.094+0000] {logging_mixin.py:151} INFO -      ⚠️ Erreur ligne 477: current transaction is aborted, commands ignored until end of transaction block
[2026-01-26T14:24:17.096+0000] {logging_mixin.py:151} INFO -      ⚠️ Erreur ligne 478: current transaction is aborted, commands ignored until end of transaction block
[2026-01-26T14:24:17.097+0000] {logging_mixin.py:151} INFO -      ⚠️ Erreur ligne 479: current transaction is aborted, commands ignored until end of transaction block
[2026-01-26T14:24:17.099+0000] {logging_mixin.py:151} INFO -      ⚠️ Erreur ligne 480: current transaction is aborted, commands ignored until end of transaction block
[2026-01-26T14:24:17.100+0000] {logging_mixin.py:151} INFO -      ⚠️ Erreur ligne 481: current transaction is aborted, commands ignored until end of transaction block
[2026-01-26T14:24:17.102+0000] {logging_mixin.py:151} INFO -      ⚠️ Erreur ligne 482: current transaction is aborted, commands ignored until end of transaction block
[2026-01-26T14:24:17.103+0000] {logging_mixin.py:151} INFO -      ⚠️ Erreur ligne 483: current transaction is aborted, commands ignored until end of transaction block
[2026-01-26T14:24:17.104+0000] {logging_mixin.py:151} INFO -      ⚠️ Erreur ligne 484: current transaction is aborted, commands ignored until end of transaction block
[2026-01-26T14:24:17.106+0000] {logging_mixin.py:151} INFO -      ⚠️ Erreur ligne 485: current transaction is aborted, commands ignored until end of transaction block
[2026-01-26T14:24:17.107+0000] {logging_mixin.py:151} INFO -      ⚠️ Erreur ligne 486: current transaction is aborted, commands ignored until end of transaction block
[2026-01-26T14:24:17.108+0000] {logging_mixin.py:151} INFO -      ⚠️ Erreur ligne 487: current transaction is aborted, commands ignored until end of transaction block
[2026-01-26T14:24:17.109+0000] {logging_mixin.py:151} INFO -      ⚠️ Erreur ligne 488: current transaction is aborted, commands ignored until end of transaction block
[2026-01-26T14:24:17.110+0000] {logging_mixin.py:151} INFO -      ⚠️ Erreur ligne 489: current transaction is aborted, commands ignored until end of transaction block
[2026-01-26T14:24:17.111+0000] {logging_mixin.py:151} INFO -      ⚠️ Erreur ligne 490: current transaction is aborted, commands ignored until end of transaction block
[2026-01-26T14:24:17.112+0000] {logging_mixin.py:151} INFO -      ⚠️ Erreur ligne 491: current transaction is aborted, commands ignored until end of transaction block
[2026-01-26T14:24:17.113+0000] {logging_mixin.py:151} INFO -      ⚠️ Erreur ligne 492: current transaction is aborted, commands ignored until end of transaction block
[2026-01-26T14:24:17.114+0000] {logging_mixin.py:151} INFO -      ⚠️ Erreur ligne 493: current transaction is aborted, commands ignored until end of transaction block
[2026-01-26T14:24:17.115+0000] {logging_mixin.py:151} INFO -      ⚠️ Erreur ligne 494: current transaction is aborted, commands ignored until end of transaction block
[2026-01-26T14:24:17.117+0000] {logging_mixin.py:151} INFO -      ⚠️ Erreur ligne 495: current transaction is aborted, commands ignored until end of transaction block
[2026-01-26T14:24:17.119+0000] {logging_mixin.py:151} INFO -      ⚠️ Erreur ligne 496: current transaction is aborted, commands ignored until end of transaction block
[2026-01-26T14:24:17.121+0000] {logging_mixin.py:151} INFO -      ⚠️ Erreur ligne 497: current transaction is aborted, commands ignored until end of transaction block
[2026-01-26T14:24:17.122+0000] {logging_mixin.py:151} INFO -      ⚠️ Erreur ligne 498: current transaction is aborted, commands ignored until end of transaction block
[2026-01-26T14:24:17.123+0000] {logging_mixin.py:151} INFO -      ⚠️ Erreur ligne 499: current transaction is aborted, commands ignored until end of transaction block
[2026-01-26T14:24:17.124+0000] {logging_mixin.py:151} INFO -      ⚠️ Erreur ligne 500: current transaction is aborted, commands ignored until end of transaction block
[2026-01-26T14:24:17.125+0000] {logging_mixin.py:151} INFO -      ⚠️ Erreur ligne 501: current transaction is aborted, commands ignored until end of transaction block
[2026-01-26T14:24:17.126+0000] {logging_mixin.py:151} INFO -      ⚠️ Erreur ligne 502: current transaction is aborted, commands ignored until end of transaction block
[2026-01-26T14:24:17.128+0000] {logging_mixin.py:151} INFO -      ⚠️ Erreur ligne 503: current transaction is aborted, commands ignored until end of transaction block
[2026-01-26T14:24:17.129+0000] {logging_mixin.py:151} INFO -      ⚠️ Erreur ligne 504: current transaction is aborted, commands ignored until end of transaction block
[2026-01-26T14:24:17.130+0000] {logging_mixin.py:151} INFO -      ⚠️ Erreur ligne 505: current transaction is aborted, commands ignored until end of transaction block
[2026-01-26T14:24:17.131+0000] {logging_mixin.py:151} INFO -      ⚠️ Erreur ligne 506: current transaction is aborted, commands ignored until end of transaction block
[2026-01-26T14:24:17.133+0000] {logging_mixin.py:151} INFO -      ⚠️ Erreur ligne 507: current transaction is aborted, commands ignored until end of transaction block
[2026-01-26T14:24:17.134+0000] {logging_mixin.py:151} INFO -      ⚠️ Erreur ligne 508: current transaction is aborted, commands ignored until end of transaction block
[2026-01-26T14:24:17.135+0000] {logging_mixin.py:151} INFO -      ⚠️ Erreur ligne 509: current transaction is aborted, commands ignored until end of transaction block
[2026-01-26T14:24:17.137+0000] {logging_mixin.py:151} INFO -      ⚠️ Erreur ligne 510: current transaction is aborted, commands ignored until end of transaction block
[2026-01-26T14:24:17.138+0000] {logging_mixin.py:151} INFO -      ⚠️ Erreur ligne 511: current transaction is aborted, commands ignored until end of transaction block
[2026-01-26T14:24:17.140+0000] {logging_mixin.py:151} INFO -      ⚠️ Erreur ligne 512: current transaction is aborted, commands ignored until end of transaction block
[2026-01-26T14:24:17.141+0000] {logging_mixin.py:151} INFO -      ⚠️ Erreur ligne 513: current transaction is aborted, commands ignored until end of transaction block
[2026-01-26T14:24:17.142+0000] {logging_mixin.py:151} INFO -      ⚠️ Erreur ligne 514: current transaction is aborted, commands ignored until end of transaction block
[2026-01-26T14:24:17.143+0000] {logging_mixin.py:151} INFO -      ⚠️ Erreur ligne 515: current transaction is aborted, commands ignored until end of transaction block
[2026-01-26T14:24:17.144+0000] {logging_mixin.py:151} INFO -      ⚠️ Erreur ligne 516: current transaction is aborted, commands ignored until end of transaction block
[2026-01-26T14:24:17.145+0000] {logging_mixin.py:151} INFO -      ⚠️ Erreur ligne 517: current transaction is aborted, commands ignored until end of transaction block
[2026-01-26T14:24:17.147+0000] {logging_mixin.py:151} INFO -      ⚠️ Erreur ligne 518: current transaction is aborted, commands ignored until end of transaction block
[2026-01-26T14:24:17.148+0000] {logging_mixin.py:151} INFO -      ⚠️ Erreur ligne 519: current transaction is aborted, commands ignored until end of transaction block
[2026-01-26T14:24:17.149+0000] {logging_mixin.py:151} INFO -      ⚠️ Erreur ligne 520: current transaction is aborted, commands ignored until end of transaction block
[2026-01-26T14:24:17.150+0000] {logging_mixin.py:151} INFO -      ⚠️ Erreur ligne 521: current transaction is aborted, commands ignored until end of transaction block
[2026-01-26T14:24:17.151+0000] {logging_mixin.py:151} INFO -      ⚠️ Erreur ligne 522: current transaction is aborted, commands ignored until end of transaction block
[2026-01-26T14:24:17.152+0000] {logging_mixin.py:151} INFO -      ⚠️ Erreur ligne 523: current transaction is aborted, commands ignored until end of transaction block
[2026-01-26T14:24:17.154+0000] {logging_mixin.py:151} INFO -      ⚠️ Erreur ligne 524: current transaction is aborted, commands ignored until end of transaction block
[2026-01-26T14:24:17.155+0000] {logging_mixin.py:151} INFO -      ⚠️ Erreur ligne 525: current transaction is aborted, commands ignored until end of transaction block
[2026-01-26T14:24:17.157+0000] {logging_mixin.py:151} INFO -      ⚠️ Erreur ligne 526: current transaction is aborted, commands ignored until end of transaction block
[2026-01-26T14:24:17.159+0000] {logging_mixin.py:151} INFO -      ⚠️ Erreur ligne 527: current transaction is aborted, commands ignored until end of transaction block
[2026-01-26T14:24:17.161+0000] {logging_mixin.py:151} INFO -      ⚠️ Erreur ligne 528: current transaction is aborted, commands ignored until end of transaction block
[2026-01-26T14:24:17.163+0000] {logging_mixin.py:151} INFO -      ⚠️ Erreur ligne 529: current transaction is aborted, commands ignored until end of transaction block
[2026-01-26T14:24:17.165+0000] {logging_mixin.py:151} INFO -      ⚠️ Erreur ligne 530: current transaction is aborted, commands ignored until end of transaction block
[2026-01-26T14:24:17.166+0000] {logging_mixin.py:151} INFO -      ⚠️ Erreur ligne 531: current transaction is aborted, commands ignored until end of transaction block
[2026-01-26T14:24:17.167+0000] {logging_mixin.py:151} INFO -      ⚠️ Erreur ligne 532: current transaction is aborted, commands ignored until end of transaction block
[2026-01-26T14:24:17.168+0000] {logging_mixin.py:151} INFO -      ⚠️ Erreur ligne 533: current transaction is aborted, commands ignored until end of transaction block
[2026-01-26T14:24:17.169+0000] {logging_mixin.py:151} INFO -      ⚠️ Erreur ligne 534: current transaction is aborted, commands ignored until end of transaction block
[2026-01-26T14:24:17.170+0000] {logging_mixin.py:151} INFO -      ⚠️ Erreur ligne 535: current transaction is aborted, commands ignored until end of transaction block
[2026-01-26T14:24:17.171+0000] {logging_mixin.py:151} INFO -      ⚠️ Erreur ligne 536: current transaction is aborted, commands ignored until end of transaction block
[2026-01-26T14:24:17.172+0000] {logging_mixin.py:151} INFO -      ⚠️ Erreur ligne 537: current transaction is aborted, commands ignored until end of transaction block
[2026-01-26T14:24:17.173+0000] {logging_mixin.py:151} INFO -      ⚠️ Erreur ligne 538: current transaction is aborted, commands ignored until end of transaction block
[2026-01-26T14:24:17.174+0000] {logging_mixin.py:151} INFO -      ⚠️ Erreur ligne 539: current transaction is aborted, commands ignored until end of transaction block
[2026-01-26T14:24:17.175+0000] {logging_mixin.py:151} INFO -      ⚠️ Erreur ligne 540: current transaction is aborted, commands ignored until end of transaction block
[2026-01-26T14:24:17.176+0000] {logging_mixin.py:151} INFO -      ⚠️ Erreur ligne 541: current transaction is aborted, commands ignored until end of transaction block
[2026-01-26T14:24:17.178+0000] {logging_mixin.py:151} INFO -      ⚠️ Erreur ligne 542: current transaction is aborted, commands ignored until end of transaction block
[2026-01-26T14:24:17.180+0000] {logging_mixin.py:151} INFO -      ⚠️ Erreur ligne 543: current transaction is aborted, commands ignored until end of transaction block
[2026-01-26T14:24:17.181+0000] {logging_mixin.py:151} INFO -      ⚠️ Erreur ligne 544: current transaction is aborted, commands ignored until end of transaction block
[2026-01-26T14:24:17.184+0000] {logging_mixin.py:151} INFO -      ⚠️ Erreur ligne 545: current transaction is aborted, commands ignored until end of transaction block
[2026-01-26T14:24:17.185+0000] {logging_mixin.py:151} INFO -      ⚠️ Erreur ligne 546: current transaction is aborted, commands ignored until end of transaction block
[2026-01-26T14:24:17.187+0000] {logging_mixin.py:151} INFO -      ⚠️ Erreur ligne 547: current transaction is aborted, commands ignored until end of transaction block
[2026-01-26T14:24:17.188+0000] {logging_mixin.py:151} INFO -      ⚠️ Erreur ligne 548: current transaction is aborted, commands ignored until end of transaction block
[2026-01-26T14:24:17.189+0000] {logging_mixin.py:151} INFO -      ⚠️ Erreur ligne 549: current transaction is aborted, commands ignored until end of transaction block
[2026-01-26T14:24:17.190+0000] {logging_mixin.py:151} INFO -      ⚠️ Erreur ligne 550: current transaction is aborted, commands ignored until end of transaction block
[2026-01-26T14:24:17.191+0000] {logging_mixin.py:151} INFO -      ⚠️ Erreur ligne 551: current transaction is aborted, commands ignored until end of transaction block
[2026-01-26T14:24:17.192+0000] {logging_mixin.py:151} INFO -      ⚠️ Erreur ligne 552: current transaction is aborted, commands ignored until end of transaction block
[2026-01-26T14:24:17.192+0000] {logging_mixin.py:151} INFO -      ⚠️ Erreur ligne 553: current transaction is aborted, commands ignored until end of transaction block
[2026-01-26T14:24:17.193+0000] {logging_mixin.py:151} INFO -      ⚠️ Erreur ligne 554: current transaction is aborted, commands ignored until end of transaction block
[2026-01-26T14:24:17.194+0000] {logging_mixin.py:151} INFO -      ⚠️ Erreur ligne 555: current transaction is aborted, commands ignored until end of transaction block
[2026-01-26T14:24:17.195+0000] {logging_mixin.py:151} INFO -      ⚠️ Erreur ligne 556: current transaction is aborted, commands ignored until end of transaction block
[2026-01-26T14:24:17.196+0000] {logging_mixin.py:151} INFO -      ⚠️ Erreur ligne 557: current transaction is aborted, commands ignored until end of transaction block
[2026-01-26T14:24:17.197+0000] {logging_mixin.py:151} INFO -      ⚠️ Erreur ligne 558: current transaction is aborted, commands ignored until end of transaction block
[2026-01-26T14:24:17.200+0000] {logging_mixin.py:151} INFO -      ⚠️ Erreur ligne 559: current transaction is aborted, commands ignored until end of transaction block
[2026-01-26T14:24:17.202+0000] {logging_mixin.py:151} INFO -      ⚠️ Erreur ligne 560: current transaction is aborted, commands ignored until end of transaction block
[2026-01-26T14:24:17.204+0000] {logging_mixin.py:151} INFO -      ⚠️ Erreur ligne 561: current transaction is aborted, commands ignored until end of transaction block
[2026-01-26T14:24:17.205+0000] {logging_mixin.py:151} INFO -      ⚠️ Erreur ligne 562: current transaction is aborted, commands ignored until end of transaction block
[2026-01-26T14:24:17.206+0000] {logging_mixin.py:151} INFO -      ⚠️ Erreur ligne 563: current transaction is aborted, commands ignored until end of transaction block
[2026-01-26T14:24:17.207+0000] {logging_mixin.py:151} INFO -      ⚠️ Erreur ligne 564: current transaction is aborted, commands ignored until end of transaction block
[2026-01-26T14:24:17.208+0000] {logging_mixin.py:151} INFO -      ⚠️ Erreur ligne 565: current transaction is aborted, commands ignored until end of transaction block
[2026-01-26T14:24:17.209+0000] {logging_mixin.py:151} INFO -      ⚠️ Erreur ligne 566: current transaction is aborted, commands ignored until end of transaction block
[2026-01-26T14:24:17.210+0000] {logging_mixin.py:151} INFO -      ⚠️ Erreur ligne 567: current transaction is aborted, commands ignored until end of transaction block
[2026-01-26T14:24:17.211+0000] {logging_mixin.py:151} INFO -      ⚠️ Erreur ligne 568: current transaction is aborted, commands ignored until end of transaction block
[2026-01-26T14:24:17.212+0000] {logging_mixin.py:151} INFO -      ⚠️ Erreur ligne 569: current transaction is aborted, commands ignored until end of transaction block
[2026-01-26T14:24:17.213+0000] {logging_mixin.py:151} INFO -      ⚠️ Erreur ligne 570: current transaction is aborted, commands ignored until end of transaction block
[2026-01-26T14:24:17.214+0000] {logging_mixin.py:151} INFO -      ⚠️ Erreur ligne 571: current transaction is aborted, commands ignored until end of transaction block
[2026-01-26T14:24:17.215+0000] {logging_mixin.py:151} INFO -      ⚠️ Erreur ligne 572: current transaction is aborted, commands ignored until end of transaction block
[2026-01-26T14:24:17.216+0000] {logging_mixin.py:151} INFO -      ⚠️ Erreur ligne 573: current transaction is aborted, commands ignored until end of transaction block
[2026-01-26T14:24:17.218+0000] {logging_mixin.py:151} INFO -      ⚠️ Erreur ligne 574: current transaction is aborted, commands ignored until end of transaction block
[2026-01-26T14:24:17.219+0000] {logging_mixin.py:151} INFO -      ⚠️ Erreur ligne 575: current transaction is aborted, commands ignored until end of transaction block
[2026-01-26T14:24:17.220+0000] {logging_mixin.py:151} INFO -      ⚠️ Erreur ligne 576: current transaction is aborted, commands ignored until end of transaction block
[2026-01-26T14:24:17.222+0000] {logging_mixin.py:151} INFO -      ⚠️ Erreur ligne 577: current transaction is aborted, commands ignored until end of transaction block
[2026-01-26T14:24:17.223+0000] {logging_mixin.py:151} INFO -      ⚠️ Erreur ligne 578: current transaction is aborted, commands ignored until end of transaction block
[2026-01-26T14:24:17.225+0000] {logging_mixin.py:151} INFO -      ⚠️ Erreur ligne 579: current transaction is aborted, commands ignored until end of transaction block
[2026-01-26T14:24:17.226+0000] {logging_mixin.py:151} INFO -      ⚠️ Erreur ligne 580: current transaction is aborted, commands ignored until end of transaction block
[2026-01-26T14:24:17.229+0000] {logging_mixin.py:151} INFO -      ⚠️ Erreur ligne 581: current transaction is aborted, commands ignored until end of transaction block
[2026-01-26T14:24:17.231+0000] {logging_mixin.py:151} INFO -      ⚠️ Erreur ligne 582: current transaction is aborted, commands ignored until end of transaction block
[2026-01-26T14:24:17.232+0000] {logging_mixin.py:151} INFO -      ⚠️ Erreur ligne 583: current transaction is aborted, commands ignored until end of transaction block
[2026-01-26T14:24:17.234+0000] {logging_mixin.py:151} INFO -      ⚠️ Erreur ligne 584: current transaction is aborted, commands ignored until end of transaction block
[2026-01-26T14:24:17.235+0000] {logging_mixin.py:151} INFO -      ⚠️ Erreur ligne 585: current transaction is aborted, commands ignored until end of transaction block
[2026-01-26T14:24:17.236+0000] {logging_mixin.py:151} INFO -      ⚠️ Erreur ligne 586: current transaction is aborted, commands ignored until end of transaction block
[2026-01-26T14:24:17.237+0000] {logging_mixin.py:151} INFO -      ⚠️ Erreur ligne 587: current transaction is aborted, commands ignored until end of transaction block
[2026-01-26T14:24:17.239+0000] {logging_mixin.py:151} INFO -      ⚠️ Erreur ligne 588: current transaction is aborted, commands ignored until end of transaction block
[2026-01-26T14:24:17.241+0000] {logging_mixin.py:151} INFO -      ⚠️ Erreur ligne 589: current transaction is aborted, commands ignored until end of transaction block
[2026-01-26T14:24:17.243+0000] {logging_mixin.py:151} INFO -      ⚠️ Erreur ligne 590: current transaction is aborted, commands ignored until end of transaction block
[2026-01-26T14:24:17.245+0000] {logging_mixin.py:151} INFO -      ⚠️ Erreur ligne 591: current transaction is aborted, commands ignored until end of transaction block
[2026-01-26T14:24:17.246+0000] {logging_mixin.py:151} INFO -      ⚠️ Erreur ligne 592: current transaction is aborted, commands ignored until end of transaction block
[2026-01-26T14:24:17.247+0000] {logging_mixin.py:151} INFO -      ⚠️ Erreur ligne 593: current transaction is aborted, commands ignored until end of transaction block
[2026-01-26T14:24:17.249+0000] {logging_mixin.py:151} INFO -      ⚠️ Erreur ligne 594: current transaction is aborted, commands ignored until end of transaction block
[2026-01-26T14:24:17.250+0000] {logging_mixin.py:151} INFO -      ⚠️ Erreur ligne 595: current transaction is aborted, commands ignored until end of transaction block
[2026-01-26T14:24:17.251+0000] {logging_mixin.py:151} INFO -      ⚠️ Erreur ligne 596: current transaction is aborted, commands ignored until end of transaction block
[2026-01-26T14:24:17.252+0000] {logging_mixin.py:151} INFO -      ⚠️ Erreur ligne 597: current transaction is aborted, commands ignored until end of transaction block
[2026-01-26T14:24:17.253+0000] {logging_mixin.py:151} INFO -      ⚠️ Erreur ligne 598: current transaction is aborted, commands ignored until end of transaction block
[2026-01-26T14:24:17.254+0000] {logging_mixin.py:151} INFO -      ⚠️ Erreur ligne 599: current transaction is aborted, commands ignored until end of transaction block
[2026-01-26T14:24:17.255+0000] {logging_mixin.py:151} INFO -      ⚠️ Erreur ligne 600: current transaction is aborted, commands ignored until end of transaction block
[2026-01-26T14:24:17.256+0000] {logging_mixin.py:151} INFO -      ⚠️ Erreur ligne 601: current transaction is aborted, commands ignored until end of transaction block
[2026-01-26T14:24:17.257+0000] {logging_mixin.py:151} INFO -      ⚠️ Erreur ligne 602: current transaction is aborted, commands ignored until end of transaction block
[2026-01-26T14:24:17.258+0000] {logging_mixin.py:151} INFO -      ⚠️ Erreur ligne 603: current transaction is aborted, commands ignored until end of transaction block
[2026-01-26T14:24:17.260+0000] {logging_mixin.py:151} INFO -      ⚠️ Erreur ligne 604: current transaction is aborted, commands ignored until end of transaction block
[2026-01-26T14:24:17.261+0000] {logging_mixin.py:151} INFO -      ⚠️ Erreur ligne 605: current transaction is aborted, commands ignored until end of transaction block
[2026-01-26T14:24:17.263+0000] {logging_mixin.py:151} INFO -      ⚠️ Erreur ligne 606: current transaction is aborted, commands ignored until end of transaction block
[2026-01-26T14:24:17.265+0000] {logging_mixin.py:151} INFO -      ⚠️ Erreur ligne 607: current transaction is aborted, commands ignored until end of transaction block
[2026-01-26T14:24:17.266+0000] {logging_mixin.py:151} INFO -      ⚠️ Erreur ligne 608: current transaction is aborted, commands ignored until end of transaction block
[2026-01-26T14:24:17.268+0000] {logging_mixin.py:151} INFO -      ⚠️ Erreur ligne 609: current transaction is aborted, commands ignored until end of transaction block
[2026-01-26T14:24:17.269+0000] {logging_mixin.py:151} INFO -      ⚠️ Erreur ligne 610: current transaction is aborted, commands ignored until end of transaction block
[2026-01-26T14:24:17.270+0000] {logging_mixin.py:151} INFO -      ⚠️ Erreur ligne 611: current transaction is aborted, commands ignored until end of transaction block
[2026-01-26T14:24:17.271+0000] {logging_mixin.py:151} INFO -      ⚠️ Erreur ligne 612: current transaction is aborted, commands ignored until end of transaction block
[2026-01-26T14:24:17.272+0000] {logging_mixin.py:151} INFO -      ⚠️ Erreur ligne 613: current transaction is aborted, commands ignored until end of transaction block
[2026-01-26T14:24:17.273+0000] {logging_mixin.py:151} INFO -      ⚠️ Erreur ligne 614: current transaction is aborted, commands ignored until end of transaction block
[2026-01-26T14:24:17.274+0000] {logging_mixin.py:151} INFO -      ⚠️ Erreur ligne 615: current transaction is aborted, commands ignored until end of transaction block
[2026-01-26T14:24:17.275+0000] {logging_mixin.py:151} INFO -      ⚠️ Erreur ligne 616: current transaction is aborted, commands ignored until end of transaction block
[2026-01-26T14:24:17.276+0000] {logging_mixin.py:151} INFO -      ⚠️ Erreur ligne 617: current transaction is aborted, commands ignored until end of transaction block
[2026-01-26T14:24:17.277+0000] {logging_mixin.py:151} INFO -      ⚠️ Erreur ligne 618: current transaction is aborted, commands ignored until end of transaction block
[2026-01-26T14:24:17.278+0000] {logging_mixin.py:151} INFO -      ⚠️ Erreur ligne 619: current transaction is aborted, commands ignored until end of transaction block
[2026-01-26T14:24:17.279+0000] {logging_mixin.py:151} INFO -      ⚠️ Erreur ligne 620: current transaction is aborted, commands ignored until end of transaction block
[2026-01-26T14:24:17.280+0000] {logging_mixin.py:151} INFO -      ⚠️ Erreur ligne 621: current transaction is aborted, commands ignored until end of transaction block
[2026-01-26T14:24:17.282+0000] {logging_mixin.py:151} INFO -      ⚠️ Erreur ligne 622: current transaction is aborted, commands ignored until end of transaction block
[2026-01-26T14:24:17.284+0000] {logging_mixin.py:151} INFO -      ⚠️ Erreur ligne 623: current transaction is aborted, commands ignored until end of transaction block
[2026-01-26T14:24:17.285+0000] {logging_mixin.py:151} INFO -      ⚠️ Erreur ligne 624: current transaction is aborted, commands ignored until end of transaction block
[2026-01-26T14:24:17.287+0000] {logging_mixin.py:151} INFO -      ⚠️ Erreur ligne 625: current transaction is aborted, commands ignored until end of transaction block
[2026-01-26T14:24:17.288+0000] {logging_mixin.py:151} INFO -      ⚠️ Erreur ligne 626: current transaction is aborted, commands ignored until end of transaction block
[2026-01-26T14:24:17.289+0000] {logging_mixin.py:151} INFO -      ⚠️ Erreur ligne 627: current transaction is aborted, commands ignored until end of transaction block
[2026-01-26T14:24:17.290+0000] {logging_mixin.py:151} INFO -      ⚠️ Erreur ligne 628: current transaction is aborted, commands ignored until end of transaction block
[2026-01-26T14:24:17.291+0000] {logging_mixin.py:151} INFO -      ⚠️ Erreur ligne 629: current transaction is aborted, commands ignored until end of transaction block
[2026-01-26T14:24:17.292+0000] {logging_mixin.py:151} INFO -      ⚠️ Erreur ligne 630: current transaction is aborted, commands ignored until end of transaction block
[2026-01-26T14:24:17.293+0000] {logging_mixin.py:151} INFO -      ⚠️ Erreur ligne 631: current transaction is aborted, commands ignored until end of transaction block
[2026-01-26T14:24:17.294+0000] {logging_mixin.py:151} INFO -      ⚠️ Erreur ligne 632: current transaction is aborted, commands ignored until end of transaction block
[2026-01-26T14:24:17.295+0000] {logging_mixin.py:151} INFO -      ⚠️ Erreur ligne 633: current transaction is aborted, commands ignored until end of transaction block
[2026-01-26T14:24:17.297+0000] {logging_mixin.py:151} INFO -      ⚠️ Erreur ligne 634: current transaction is aborted, commands ignored until end of transaction block
[2026-01-26T14:24:17.298+0000] {logging_mixin.py:151} INFO -      ⚠️ Erreur ligne 635: current transaction is aborted, commands ignored until end of transaction block
[2026-01-26T14:24:17.299+0000] {logging_mixin.py:151} INFO -      ⚠️ Erreur ligne 636: current transaction is aborted, commands ignored until end of transaction block
[2026-01-26T14:24:17.301+0000] {logging_mixin.py:151} INFO -      ⚠️ Erreur ligne 637: current transaction is aborted, commands ignored until end of transaction block
[2026-01-26T14:24:17.302+0000] {logging_mixin.py:151} INFO -      ⚠️ Erreur ligne 638: current transaction is aborted, commands ignored until end of transaction block
[2026-01-26T14:24:17.305+0000] {logging_mixin.py:151} INFO -      ⚠️ Erreur ligne 639: current transaction is aborted, commands ignored until end of transaction block
[2026-01-26T14:24:17.307+0000] {logging_mixin.py:151} INFO -      ⚠️ Erreur ligne 640: current transaction is aborted, commands ignored until end of transaction block
[2026-01-26T14:24:17.309+0000] {logging_mixin.py:151} INFO -      ⚠️ Erreur ligne 641: current transaction is aborted, commands ignored until end of transaction block
[2026-01-26T14:24:17.311+0000] {logging_mixin.py:151} INFO -      ⚠️ Erreur ligne 642: current transaction is aborted, commands ignored until end of transaction block
[2026-01-26T14:24:17.312+0000] {logging_mixin.py:151} INFO -      ⚠️ Erreur ligne 643: current transaction is aborted, commands ignored until end of transaction block
[2026-01-26T14:24:17.314+0000] {logging_mixin.py:151} INFO -      ⚠️ Erreur ligne 644: current transaction is aborted, commands ignored until end of transaction block
[2026-01-26T14:24:17.315+0000] {logging_mixin.py:151} INFO -      ⚠️ Erreur ligne 645: current transaction is aborted, commands ignored until end of transaction block
[2026-01-26T14:24:17.317+0000] {logging_mixin.py:151} INFO -      ⚠️ Erreur ligne 646: current transaction is aborted, commands ignored until end of transaction block
[2026-01-26T14:24:17.318+0000] {logging_mixin.py:151} INFO -      ⚠️ Erreur ligne 647: current transaction is aborted, commands ignored until end of transaction block
[2026-01-26T14:24:17.319+0000] {logging_mixin.py:151} INFO -      ⚠️ Erreur ligne 648: current transaction is aborted, commands ignored until end of transaction block
[2026-01-26T14:24:17.321+0000] {logging_mixin.py:151} INFO -      ⚠️ Erreur ligne 649: current transaction is aborted, commands ignored until end of transaction block
[2026-01-26T14:24:17.323+0000] {logging_mixin.py:151} INFO -      ⚠️ Erreur ligne 650: current transaction is aborted, commands ignored until end of transaction block
[2026-01-26T14:24:17.325+0000] {logging_mixin.py:151} INFO -      ⚠️ Erreur ligne 651: current transaction is aborted, commands ignored until end of transaction block
[2026-01-26T14:24:17.328+0000] {logging_mixin.py:151} INFO -      ⚠️ Erreur ligne 652: current transaction is aborted, commands ignored until end of transaction block
[2026-01-26T14:24:17.330+0000] {logging_mixin.py:151} INFO -      ⚠️ Erreur ligne 653: current transaction is aborted, commands ignored until end of transaction block
[2026-01-26T14:24:17.331+0000] {logging_mixin.py:151} INFO -      ⚠️ Erreur ligne 654: current transaction is aborted, commands ignored until end of transaction block
[2026-01-26T14:24:17.332+0000] {logging_mixin.py:151} INFO -      ⚠️ Erreur ligne 655: current transaction is aborted, commands ignored until end of transaction block
[2026-01-26T14:24:17.333+0000] {logging_mixin.py:151} INFO -      ⚠️ Erreur ligne 656: current transaction is aborted, commands ignored until end of transaction block
[2026-01-26T14:24:17.334+0000] {logging_mixin.py:151} INFO -      ⚠️ Erreur ligne 657: current transaction is aborted, commands ignored until end of transaction block
[2026-01-26T14:24:17.335+0000] {logging_mixin.py:151} INFO -      ⚠️ Erreur ligne 658: current transaction is aborted, commands ignored until end of transaction block
[2026-01-26T14:24:17.336+0000] {logging_mixin.py:151} INFO -      ⚠️ Erreur ligne 659: current transaction is aborted, commands ignored until end of transaction block
[2026-01-26T14:24:17.337+0000] {logging_mixin.py:151} INFO -      ⚠️ Erreur ligne 660: current transaction is aborted, commands ignored until end of transaction block
[2026-01-26T14:24:17.338+0000] {logging_mixin.py:151} INFO -      ⚠️ Erreur ligne 661: current transaction is aborted, commands ignored until end of transaction block
[2026-01-26T14:24:17.339+0000] {logging_mixin.py:151} INFO -      ⚠️ Erreur ligne 662: current transaction is aborted, commands ignored until end of transaction block
[2026-01-26T14:24:17.340+0000] {logging_mixin.py:151} INFO -      ⚠️ Erreur ligne 663: current transaction is aborted, commands ignored until end of transaction block
[2026-01-26T14:24:17.342+0000] {logging_mixin.py:151} INFO -      ⚠️ Erreur ligne 664: current transaction is aborted, commands ignored until end of transaction block
[2026-01-26T14:24:17.343+0000] {logging_mixin.py:151} INFO -      ⚠️ Erreur ligne 665: current transaction is aborted, commands ignored until end of transaction block
[2026-01-26T14:24:17.344+0000] {logging_mixin.py:151} INFO -      ⚠️ Erreur ligne 666: current transaction is aborted, commands ignored until end of transaction block
[2026-01-26T14:24:17.346+0000] {logging_mixin.py:151} INFO -      ⚠️ Erreur ligne 667: current transaction is aborted, commands ignored until end of transaction block
[2026-01-26T14:24:17.347+0000] {logging_mixin.py:151} INFO -      ⚠️ Erreur ligne 668: current transaction is aborted, commands ignored until end of transaction block
[2026-01-26T14:24:17.349+0000] {logging_mixin.py:151} INFO -      ⚠️ Erreur ligne 669: current transaction is aborted, commands ignored until end of transaction block
[2026-01-26T14:24:17.350+0000] {logging_mixin.py:151} INFO -      ⚠️ Erreur ligne 670: current transaction is aborted, commands ignored until end of transaction block
[2026-01-26T14:24:17.352+0000] {logging_mixin.py:151} INFO -      ⚠️ Erreur ligne 671: current transaction is aborted, commands ignored until end of transaction block
[2026-01-26T14:24:17.353+0000] {logging_mixin.py:151} INFO -      ⚠️ Erreur ligne 672: current transaction is aborted, commands ignored until end of transaction block
[2026-01-26T14:24:17.354+0000] {logging_mixin.py:151} INFO -      ⚠️ Erreur ligne 673: current transaction is aborted, commands ignored until end of transaction block
[2026-01-26T14:24:17.356+0000] {logging_mixin.py:151} INFO -      ⚠️ Erreur ligne 674: current transaction is aborted, commands ignored until end of transaction block
[2026-01-26T14:24:17.357+0000] {logging_mixin.py:151} INFO -      ⚠️ Erreur ligne 675: current transaction is aborted, commands ignored until end of transaction block
[2026-01-26T14:24:17.358+0000] {logging_mixin.py:151} INFO -      ⚠️ Erreur ligne 676: current transaction is aborted, commands ignored until end of transaction block
[2026-01-26T14:24:17.360+0000] {logging_mixin.py:151} INFO -      ⚠️ Erreur ligne 677: current transaction is aborted, commands ignored until end of transaction block
[2026-01-26T14:24:17.361+0000] {logging_mixin.py:151} INFO -      ⚠️ Erreur ligne 678: current transaction is aborted, commands ignored until end of transaction block
[2026-01-26T14:24:17.362+0000] {logging_mixin.py:151} INFO -      ⚠️ Erreur ligne 679: current transaction is aborted, commands ignored until end of transaction block
[2026-01-26T14:24:17.364+0000] {logging_mixin.py:151} INFO -      ⚠️ Erreur ligne 680: current transaction is aborted, commands ignored until end of transaction block
[2026-01-26T14:24:17.366+0000] {logging_mixin.py:151} INFO -      ⚠️ Erreur ligne 681: current transaction is aborted, commands ignored until end of transaction block
[2026-01-26T14:24:17.368+0000] {logging_mixin.py:151} INFO -      ⚠️ Erreur ligne 682: current transaction is aborted, commands ignored until end of transaction block
[2026-01-26T14:24:17.369+0000] {logging_mixin.py:151} INFO -      ⚠️ Erreur ligne 683: current transaction is aborted, commands ignored until end of transaction block
[2026-01-26T14:24:17.371+0000] {logging_mixin.py:151} INFO -      ⚠️ Erreur ligne 684: current transaction is aborted, commands ignored until end of transaction block
[2026-01-26T14:24:17.372+0000] {logging_mixin.py:151} INFO -      ⚠️ Erreur ligne 685: current transaction is aborted, commands ignored until end of transaction block
[2026-01-26T14:24:17.373+0000] {logging_mixin.py:151} INFO -      ⚠️ Erreur ligne 686: current transaction is aborted, commands ignored until end of transaction block
[2026-01-26T14:24:17.374+0000] {logging_mixin.py:151} INFO -      ⚠️ Erreur ligne 687: current transaction is aborted, commands ignored until end of transaction block
[2026-01-26T14:24:17.375+0000] {logging_mixin.py:151} INFO -      ⚠️ Erreur ligne 688: current transaction is aborted, commands ignored until end of transaction block
[2026-01-26T14:24:17.376+0000] {logging_mixin.py:151} INFO -      ⚠️ Erreur ligne 689: current transaction is aborted, commands ignored until end of transaction block
[2026-01-26T14:24:17.377+0000] {logging_mixin.py:151} INFO -      ⚠️ Erreur ligne 690: current transaction is aborted, commands ignored until end of transaction block
[2026-01-26T14:24:17.378+0000] {logging_mixin.py:151} INFO -      ⚠️ Erreur ligne 691: current transaction is aborted, commands ignored until end of transaction block
[2026-01-26T14:24:17.379+0000] {logging_mixin.py:151} INFO -      ⚠️ Erreur ligne 692: current transaction is aborted, commands ignored until end of transaction block
[2026-01-26T14:24:17.380+0000] {logging_mixin.py:151} INFO -      ⚠️ Erreur ligne 693: current transaction is aborted, commands ignored until end of transaction block
[2026-01-26T14:24:17.382+0000] {logging_mixin.py:151} INFO -      ⚠️ Erreur ligne 694: current transaction is aborted, commands ignored until end of transaction block
[2026-01-26T14:24:17.383+0000] {logging_mixin.py:151} INFO -      ⚠️ Erreur ligne 695: current transaction is aborted, commands ignored until end of transaction block
[2026-01-26T14:24:17.385+0000] {logging_mixin.py:151} INFO -      ⚠️ Erreur ligne 696: current transaction is aborted, commands ignored until end of transaction block
[2026-01-26T14:24:17.386+0000] {logging_mixin.py:151} INFO -      ⚠️ Erreur ligne 697: current transaction is aborted, commands ignored until end of transaction block
[2026-01-26T14:24:17.388+0000] {logging_mixin.py:151} INFO -      ⚠️ Erreur ligne 698: current transaction is aborted, commands ignored until end of transaction block
[2026-01-26T14:24:17.390+0000] {logging_mixin.py:151} INFO -      ⚠️ Erreur ligne 699: current transaction is aborted, commands ignored until end of transaction block
[2026-01-26T14:24:17.392+0000] {logging_mixin.py:151} INFO -      ⚠️ Erreur ligne 700: current transaction is aborted, commands ignored until end of transaction block
[2026-01-26T14:24:17.393+0000] {logging_mixin.py:151} INFO -      ⚠️ Erreur ligne 701: current transaction is aborted, commands ignored until end of transaction block
[2026-01-26T14:24:17.394+0000] {logging_mixin.py:151} INFO -      ⚠️ Erreur ligne 702: current transaction is aborted, commands ignored until end of transaction block
[2026-01-26T14:24:17.395+0000] {logging_mixin.py:151} INFO -      ⚠️ Erreur ligne 703: current transaction is aborted, commands ignored until end of transaction block
[2026-01-26T14:24:17.396+0000] {logging_mixin.py:151} INFO -      ⚠️ Erreur ligne 704: current transaction is aborted, commands ignored until end of transaction block
[2026-01-26T14:24:17.398+0000] {logging_mixin.py:151} INFO -      ⚠️ Erreur ligne 705: current transaction is aborted, commands ignored until end of transaction block
[2026-01-26T14:24:17.399+0000] {logging_mixin.py:151} INFO -      ⚠️ Erreur ligne 706: current transaction is aborted, commands ignored until end of transaction block
[2026-01-26T14:24:17.400+0000] {logging_mixin.py:151} INFO -      ⚠️ Erreur ligne 707: current transaction is aborted, commands ignored until end of transaction block
[2026-01-26T14:24:17.401+0000] {logging_mixin.py:151} INFO -      ⚠️ Erreur ligne 708: current transaction is aborted, commands ignored until end of transaction block
[2026-01-26T14:24:17.402+0000] {logging_mixin.py:151} INFO -      ⚠️ Erreur ligne 709: current transaction is aborted, commands ignored until end of transaction block
[2026-01-26T14:24:17.403+0000] {logging_mixin.py:151} INFO -      ⚠️ Erreur ligne 710: current transaction is aborted, commands ignored until end of transaction block
[2026-01-26T14:24:17.404+0000] {logging_mixin.py:151} INFO -      ⚠️ Erreur ligne 711: current transaction is aborted, commands ignored until end of transaction block
[2026-01-26T14:24:17.405+0000] {logging_mixin.py:151} INFO -      ⚠️ Erreur ligne 712: current transaction is aborted, commands ignored until end of transaction block
[2026-01-26T14:24:17.407+0000] {logging_mixin.py:151} INFO -      ⚠️ Erreur ligne 713: current transaction is aborted, commands ignored until end of transaction block
[2026-01-26T14:24:17.410+0000] {logging_mixin.py:151} INFO -      ⚠️ Erreur ligne 714: current transaction is aborted, commands ignored until end of transaction block
[2026-01-26T14:24:17.411+0000] {logging_mixin.py:151} INFO -      ⚠️ Erreur ligne 715: current transaction is aborted, commands ignored until end of transaction block
[2026-01-26T14:24:17.412+0000] {logging_mixin.py:151} INFO -      ⚠️ Erreur ligne 716: current transaction is aborted, commands ignored until end of transaction block
[2026-01-26T14:24:17.414+0000] {logging_mixin.py:151} INFO -      ⚠️ Erreur ligne 717: current transaction is aborted, commands ignored until end of transaction block
[2026-01-26T14:24:17.415+0000] {logging_mixin.py:151} INFO -      ⚠️ Erreur ligne 718: current transaction is aborted, commands ignored until end of transaction block
[2026-01-26T14:24:17.416+0000] {logging_mixin.py:151} INFO -      ⚠️ Erreur ligne 719: current transaction is aborted, commands ignored until end of transaction block
[2026-01-26T14:24:17.417+0000] {logging_mixin.py:151} INFO -      ⚠️ Erreur ligne 720: current transaction is aborted, commands ignored until end of transaction block
[2026-01-26T14:24:17.418+0000] {logging_mixin.py:151} INFO -      ⚠️ Erreur ligne 721: current transaction is aborted, commands ignored until end of transaction block
[2026-01-26T14:24:17.419+0000] {logging_mixin.py:151} INFO -      ⚠️ Erreur ligne 722: current transaction is aborted, commands ignored until end of transaction block
[2026-01-26T14:24:17.420+0000] {logging_mixin.py:151} INFO -      ⚠️ Erreur ligne 723: current transaction is aborted, commands ignored until end of transaction block
[2026-01-26T14:24:17.422+0000] {logging_mixin.py:151} INFO -      ⚠️ Erreur ligne 724: current transaction is aborted, commands ignored until end of transaction block
[2026-01-26T14:24:17.423+0000] {logging_mixin.py:151} INFO -      ⚠️ Erreur ligne 725: current transaction is aborted, commands ignored until end of transaction block
[2026-01-26T14:24:17.424+0000] {logging_mixin.py:151} INFO -      ⚠️ Erreur ligne 726: current transaction is aborted, commands ignored until end of transaction block
[2026-01-26T14:24:17.425+0000] {logging_mixin.py:151} INFO -      ⚠️ Erreur ligne 727: current transaction is aborted, commands ignored until end of transaction block
[2026-01-26T14:24:17.426+0000] {logging_mixin.py:151} INFO -      ⚠️ Erreur ligne 728: current transaction is aborted, commands ignored until end of transaction block
[2026-01-26T14:24:17.428+0000] {logging_mixin.py:151} INFO -      ⚠️ Erreur ligne 729: current transaction is aborted, commands ignored until end of transaction block
[2026-01-26T14:24:17.430+0000] {logging_mixin.py:151} INFO -      ⚠️ Erreur ligne 730: current transaction is aborted, commands ignored until end of transaction block
[2026-01-26T14:24:17.431+0000] {logging_mixin.py:151} INFO -      ⚠️ Erreur ligne 731: current transaction is aborted, commands ignored until end of transaction block
[2026-01-26T14:24:17.433+0000] {logging_mixin.py:151} INFO -      ⚠️ Erreur ligne 732: current transaction is aborted, commands ignored until end of transaction block
[2026-01-26T14:24:17.434+0000] {logging_mixin.py:151} INFO -      ⚠️ Erreur ligne 733: current transaction is aborted, commands ignored until end of transaction block
[2026-01-26T14:24:17.436+0000] {logging_mixin.py:151} INFO -      ⚠️ Erreur ligne 734: current transaction is aborted, commands ignored until end of transaction block
[2026-01-26T14:24:17.437+0000] {logging_mixin.py:151} INFO -      ⚠️ Erreur ligne 735: current transaction is aborted, commands ignored until end of transaction block
[2026-01-26T14:24:17.438+0000] {logging_mixin.py:151} INFO -      ⚠️ Erreur ligne 736: current transaction is aborted, commands ignored until end of transaction block
[2026-01-26T14:24:17.439+0000] {logging_mixin.py:151} INFO -      ⚠️ Erreur ligne 737: current transaction is aborted, commands ignored until end of transaction block
[2026-01-26T14:24:17.441+0000] {logging_mixin.py:151} INFO -      ⚠️ Erreur ligne 738: current transaction is aborted, commands ignored until end of transaction block
[2026-01-26T14:24:17.442+0000] {logging_mixin.py:151} INFO -      ⚠️ Erreur ligne 739: current transaction is aborted, commands ignored until end of transaction block
[2026-01-26T14:24:17.443+0000] {logging_mixin.py:151} INFO -      ⚠️ Erreur ligne 740: current transaction is aborted, commands ignored until end of transaction block
[2026-01-26T14:24:17.444+0000] {logging_mixin.py:151} INFO -      ⚠️ Erreur ligne 741: current transaction is aborted, commands ignored until end of transaction block
[2026-01-26T14:24:17.444+0000] {logging_mixin.py:151} INFO -      ⚠️ Erreur ligne 742: current transaction is aborted, commands ignored until end of transaction block
[2026-01-26T14:24:17.445+0000] {logging_mixin.py:151} INFO -      ⚠️ Erreur ligne 743: current transaction is aborted, commands ignored until end of transaction block
[2026-01-26T14:24:17.447+0000] {logging_mixin.py:151} INFO -      ⚠️ Erreur ligne 744: current transaction is aborted, commands ignored until end of transaction block
[2026-01-26T14:24:17.448+0000] {logging_mixin.py:151} INFO -      ⚠️ Erreur ligne 745: current transaction is aborted, commands ignored until end of transaction block
[2026-01-26T14:24:17.452+0000] {logging_mixin.py:151} INFO -      ⚠️ Erreur ligne 746: current transaction is aborted, commands ignored until end of transaction block
[2026-01-26T14:24:17.453+0000] {logging_mixin.py:151} INFO -      ⚠️ Erreur ligne 747: current transaction is aborted, commands ignored until end of transaction block
[2026-01-26T14:24:17.454+0000] {logging_mixin.py:151} INFO -      ⚠️ Erreur ligne 748: current transaction is aborted, commands ignored until end of transaction block
[2026-01-26T14:24:17.456+0000] {logging_mixin.py:151} INFO -      ⚠️ Erreur ligne 749: current transaction is aborted, commands ignored until end of transaction block
[2026-01-26T14:24:17.457+0000] {logging_mixin.py:151} INFO -      ⚠️ Erreur ligne 750: current transaction is aborted, commands ignored until end of transaction block
[2026-01-26T14:24:17.459+0000] {logging_mixin.py:151} INFO -      ⚠️ Erreur ligne 751: current transaction is aborted, commands ignored until end of transaction block
[2026-01-26T14:24:17.460+0000] {logging_mixin.py:151} INFO -      ⚠️ Erreur ligne 752: current transaction is aborted, commands ignored until end of transaction block
[2026-01-26T14:24:17.461+0000] {logging_mixin.py:151} INFO -      ⚠️ Erreur ligne 753: current transaction is aborted, commands ignored until end of transaction block
[2026-01-26T14:24:17.463+0000] {logging_mixin.py:151} INFO -      ⚠️ Erreur ligne 754: current transaction is aborted, commands ignored until end of transaction block
[2026-01-26T14:24:17.464+0000] {logging_mixin.py:151} INFO -      ⚠️ Erreur ligne 755: current transaction is aborted, commands ignored until end of transaction block
[2026-01-26T14:24:17.466+0000] {logging_mixin.py:151} INFO -      ⚠️ Erreur ligne 756: current transaction is aborted, commands ignored until end of transaction block
[2026-01-26T14:24:17.467+0000] {logging_mixin.py:151} INFO -      ⚠️ Erreur ligne 757: current transaction is aborted, commands ignored until end of transaction block
[2026-01-26T14:24:17.468+0000] {logging_mixin.py:151} INFO -      ⚠️ Erreur ligne 758: current transaction is aborted, commands ignored until end of transaction block
[2026-01-26T14:24:17.470+0000] {logging_mixin.py:151} INFO -      ⚠️ Erreur ligne 759: current transaction is aborted, commands ignored until end of transaction block
[2026-01-26T14:24:17.472+0000] {logging_mixin.py:151} INFO -      ⚠️ Erreur ligne 760: current transaction is aborted, commands ignored until end of transaction block
[2026-01-26T14:24:17.473+0000] {logging_mixin.py:151} INFO -      ⚠️ Erreur ligne 761: current transaction is aborted, commands ignored until end of transaction block
[2026-01-26T14:24:17.475+0000] {logging_mixin.py:151} INFO -      ⚠️ Erreur ligne 762: current transaction is aborted, commands ignored until end of transaction block
[2026-01-26T14:24:17.476+0000] {logging_mixin.py:151} INFO -      ⚠️ Erreur ligne 763: current transaction is aborted, commands ignored until end of transaction block
[2026-01-26T14:24:17.477+0000] {logging_mixin.py:151} INFO -      ⚠️ Erreur ligne 764: current transaction is aborted, commands ignored until end of transaction block
[2026-01-26T14:24:17.478+0000] {logging_mixin.py:151} INFO -      ⚠️ Erreur ligne 765: current transaction is aborted, commands ignored until end of transaction block
[2026-01-26T14:24:17.480+0000] {logging_mixin.py:151} INFO -      ⚠️ Erreur ligne 766: current transaction is aborted, commands ignored until end of transaction block
[2026-01-26T14:24:17.481+0000] {logging_mixin.py:151} INFO -      ⚠️ Erreur ligne 767: current transaction is aborted, commands ignored until end of transaction block
[2026-01-26T14:24:17.482+0000] {logging_mixin.py:151} INFO -      ⚠️ Erreur ligne 768: current transaction is aborted, commands ignored until end of transaction block
[2026-01-26T14:24:17.483+0000] {logging_mixin.py:151} INFO -      ⚠️ Erreur ligne 769: current transaction is aborted, commands ignored until end of transaction block
[2026-01-26T14:24:17.484+0000] {logging_mixin.py:151} INFO -      ⚠️ Erreur ligne 770: current transaction is aborted, commands ignored until end of transaction block
[2026-01-26T14:24:17.485+0000] {logging_mixin.py:151} INFO -      ⚠️ Erreur ligne 771: current transaction is aborted, commands ignored until end of transaction block
[2026-01-26T14:24:17.486+0000] {logging_mixin.py:151} INFO -      ⚠️ Erreur ligne 772: current transaction is aborted, commands ignored until end of transaction block
[2026-01-26T14:24:17.488+0000] {logging_mixin.py:151} INFO -      ⚠️ Erreur ligne 773: current transaction is aborted, commands ignored until end of transaction block
[2026-01-26T14:24:17.489+0000] {logging_mixin.py:151} INFO -      ⚠️ Erreur ligne 774: current transaction is aborted, commands ignored until end of transaction block
[2026-01-26T14:24:17.491+0000] {logging_mixin.py:151} INFO -      ⚠️ Erreur ligne 775: current transaction is aborted, commands ignored until end of transaction block
[2026-01-26T14:24:17.493+0000] {logging_mixin.py:151} INFO -      ⚠️ Erreur ligne 776: current transaction is aborted, commands ignored until end of transaction block
[2026-01-26T14:24:17.495+0000] {logging_mixin.py:151} INFO -      ⚠️ Erreur ligne 777: current transaction is aborted, commands ignored until end of transaction block
[2026-01-26T14:24:17.497+0000] {logging_mixin.py:151} INFO -      ⚠️ Erreur ligne 778: current transaction is aborted, commands ignored until end of transaction block
[2026-01-26T14:24:17.498+0000] {logging_mixin.py:151} INFO -      ⚠️ Erreur ligne 779: current transaction is aborted, commands ignored until end of transaction block
[2026-01-26T14:24:17.499+0000] {logging_mixin.py:151} INFO -      ⚠️ Erreur ligne 780: current transaction is aborted, commands ignored until end of transaction block
[2026-01-26T14:24:17.500+0000] {logging_mixin.py:151} INFO -      ⚠️ Erreur ligne 781: current transaction is aborted, commands ignored until end of transaction block
[2026-01-26T14:24:17.501+0000] {logging_mixin.py:151} INFO -      ⚠️ Erreur ligne 782: current transaction is aborted, commands ignored until end of transaction block
[2026-01-26T14:24:17.502+0000] {logging_mixin.py:151} INFO -      ⚠️ Erreur ligne 783: current transaction is aborted, commands ignored until end of transaction block
[2026-01-26T14:24:17.504+0000] {logging_mixin.py:151} INFO -      ⚠️ Erreur ligne 784: current transaction is aborted, commands ignored until end of transaction block
[2026-01-26T14:24:17.505+0000] {logging_mixin.py:151} INFO -      ⚠️ Erreur ligne 785: current transaction is aborted, commands ignored until end of transaction block
[2026-01-26T14:24:17.506+0000] {logging_mixin.py:151} INFO -      ⚠️ Erreur ligne 786: current transaction is aborted, commands ignored until end of transaction block
[2026-01-26T14:24:17.507+0000] {logging_mixin.py:151} INFO -      ⚠️ Erreur ligne 787: current transaction is aborted, commands ignored until end of transaction block
[2026-01-26T14:24:17.508+0000] {logging_mixin.py:151} INFO -      ⚠️ Erreur ligne 788: current transaction is aborted, commands ignored until end of transaction block
[2026-01-26T14:24:17.509+0000] {logging_mixin.py:151} INFO -      ⚠️ Erreur ligne 789: current transaction is aborted, commands ignored until end of transaction block
[2026-01-26T14:24:17.511+0000] {logging_mixin.py:151} INFO -      ⚠️ Erreur ligne 790: current transaction is aborted, commands ignored until end of transaction block
[2026-01-26T14:24:17.513+0000] {logging_mixin.py:151} INFO -      ⚠️ Erreur ligne 791: current transaction is aborted, commands ignored until end of transaction block
[2026-01-26T14:24:17.515+0000] {logging_mixin.py:151} INFO -      ⚠️ Erreur ligne 792: current transaction is aborted, commands ignored until end of transaction block
[2026-01-26T14:24:17.516+0000] {logging_mixin.py:151} INFO -      ⚠️ Erreur ligne 793: current transaction is aborted, commands ignored until end of transaction block
[2026-01-26T14:24:17.518+0000] {logging_mixin.py:151} INFO -      ⚠️ Erreur ligne 794: current transaction is aborted, commands ignored until end of transaction block
[2026-01-26T14:24:17.519+0000] {logging_mixin.py:151} INFO -      ⚠️ Erreur ligne 795: current transaction is aborted, commands ignored until end of transaction block
[2026-01-26T14:24:17.520+0000] {logging_mixin.py:151} INFO -      ⚠️ Erreur ligne 796: current transaction is aborted, commands ignored until end of transaction block
[2026-01-26T14:24:17.521+0000] {logging_mixin.py:151} INFO -      ⚠️ Erreur ligne 797: current transaction is aborted, commands ignored until end of transaction block
[2026-01-26T14:24:17.522+0000] {logging_mixin.py:151} INFO -      ⚠️ Erreur ligne 798: current transaction is aborted, commands ignored until end of transaction block
[2026-01-26T14:24:17.523+0000] {logging_mixin.py:151} INFO -      ⚠️ Erreur ligne 799: current transaction is aborted, commands ignored until end of transaction block
[2026-01-26T14:24:17.524+0000] {logging_mixin.py:151} INFO -      ⚠️ Erreur ligne 800: current transaction is aborted, commands ignored until end of transaction block
[2026-01-26T14:24:17.525+0000] {logging_mixin.py:151} INFO -      ⚠️ Erreur ligne 801: current transaction is aborted, commands ignored until end of transaction block
[2026-01-26T14:24:17.526+0000] {logging_mixin.py:151} INFO -      ⚠️ Erreur ligne 802: current transaction is aborted, commands ignored until end of transaction block
[2026-01-26T14:24:17.527+0000] {logging_mixin.py:151} INFO -      ⚠️ Erreur ligne 803: current transaction is aborted, commands ignored until end of transaction block
[2026-01-26T14:24:17.528+0000] {logging_mixin.py:151} INFO -      ⚠️ Erreur ligne 804: current transaction is aborted, commands ignored until end of transaction block
[2026-01-26T14:24:17.529+0000] {logging_mixin.py:151} INFO -      ⚠️ Erreur ligne 805: current transaction is aborted, commands ignored until end of transaction block
[2026-01-26T14:24:17.530+0000] {logging_mixin.py:151} INFO -      ⚠️ Erreur ligne 806: current transaction is aborted, commands ignored until end of transaction block
[2026-01-26T14:24:17.532+0000] {logging_mixin.py:151} INFO -      ⚠️ Erreur ligne 807: current transaction is aborted, commands ignored until end of transaction block
[2026-01-26T14:24:17.534+0000] {logging_mixin.py:151} INFO -      ⚠️ Erreur ligne 808: current transaction is aborted, commands ignored until end of transaction block
[2026-01-26T14:24:17.536+0000] {logging_mixin.py:151} INFO -      ⚠️ Erreur ligne 809: current transaction is aborted, commands ignored until end of transaction block
[2026-01-26T14:24:17.537+0000] {logging_mixin.py:151} INFO -      ⚠️ Erreur ligne 810: current transaction is aborted, commands ignored until end of transaction block
[2026-01-26T14:24:17.538+0000] {logging_mixin.py:151} INFO -      ⚠️ Erreur ligne 811: current transaction is aborted, commands ignored until end of transaction block
[2026-01-26T14:24:17.539+0000] {logging_mixin.py:151} INFO -      ⚠️ Erreur ligne 812: current transaction is aborted, commands ignored until end of transaction block
[2026-01-26T14:24:17.540+0000] {logging_mixin.py:151} INFO -      ⚠️ Erreur ligne 813: current transaction is aborted, commands ignored until end of transaction block
[2026-01-26T14:24:17.544+0000] {logging_mixin.py:151} INFO -      ⚠️ Erreur ligne 814: current transaction is aborted, commands ignored until end of transaction block
[2026-01-26T14:24:17.546+0000] {logging_mixin.py:151} INFO -      ⚠️ Erreur ligne 815: current transaction is aborted, commands ignored until end of transaction block
[2026-01-26T14:24:17.547+0000] {logging_mixin.py:151} INFO -      ⚠️ Erreur ligne 816: current transaction is aborted, commands ignored until end of transaction block
[2026-01-26T14:24:17.548+0000] {logging_mixin.py:151} INFO -      ⚠️ Erreur ligne 817: current transaction is aborted, commands ignored until end of transaction block
[2026-01-26T14:24:17.549+0000] {logging_mixin.py:151} INFO -      ⚠️ Erreur ligne 818: current transaction is aborted, commands ignored until end of transaction block
[2026-01-26T14:24:17.550+0000] {logging_mixin.py:151} INFO -      ⚠️ Erreur ligne 819: current transaction is aborted, commands ignored until end of transaction block
[2026-01-26T14:24:17.551+0000] {logging_mixin.py:151} INFO -      ⚠️ Erreur ligne 820: current transaction is aborted, commands ignored until end of transaction block
[2026-01-26T14:24:17.553+0000] {logging_mixin.py:151} INFO -      ⚠️ Erreur ligne 821: current transaction is aborted, commands ignored until end of transaction block
[2026-01-26T14:24:17.556+0000] {logging_mixin.py:151} INFO -      ⚠️ Erreur ligne 822: current transaction is aborted, commands ignored until end of transaction block
[2026-01-26T14:24:17.558+0000] {logging_mixin.py:151} INFO -      ⚠️ Erreur ligne 823: current transaction is aborted, commands ignored until end of transaction block
[2026-01-26T14:24:17.559+0000] {logging_mixin.py:151} INFO -      ⚠️ Erreur ligne 824: current transaction is aborted, commands ignored until end of transaction block
[2026-01-26T14:24:17.561+0000] {logging_mixin.py:151} INFO -      ⚠️ Erreur ligne 825: current transaction is aborted, commands ignored until end of transaction block
[2026-01-26T14:24:17.562+0000] {logging_mixin.py:151} INFO -      ⚠️ Erreur ligne 826: current transaction is aborted, commands ignored until end of transaction block
[2026-01-26T14:24:17.563+0000] {logging_mixin.py:151} INFO -      ⚠️ Erreur ligne 827: current transaction is aborted, commands ignored until end of transaction block
[2026-01-26T14:24:17.564+0000] {logging_mixin.py:151} INFO -      ⚠️ Erreur ligne 828: current transaction is aborted, commands ignored until end of transaction block
[2026-01-26T14:24:17.565+0000] {logging_mixin.py:151} INFO -      ⚠️ Erreur ligne 829: current transaction is aborted, commands ignored until end of transaction block
[2026-01-26T14:24:17.567+0000] {logging_mixin.py:151} INFO -      ⚠️ Erreur ligne 830: current transaction is aborted, commands ignored until end of transaction block
[2026-01-26T14:24:17.568+0000] {logging_mixin.py:151} INFO -      ⚠️ Erreur ligne 831: current transaction is aborted, commands ignored until end of transaction block
[2026-01-26T14:24:17.569+0000] {logging_mixin.py:151} INFO -      ⚠️ Erreur ligne 832: current transaction is aborted, commands ignored until end of transaction block
[2026-01-26T14:24:17.571+0000] {logging_mixin.py:151} INFO -      ⚠️ Erreur ligne 833: current transaction is aborted, commands ignored until end of transaction block
[2026-01-26T14:24:17.572+0000] {logging_mixin.py:151} INFO -      ⚠️ Erreur ligne 834: current transaction is aborted, commands ignored until end of transaction block
[2026-01-26T14:24:17.574+0000] {logging_mixin.py:151} INFO -      ⚠️ Erreur ligne 835: current transaction is aborted, commands ignored until end of transaction block
[2026-01-26T14:24:17.576+0000] {logging_mixin.py:151} INFO -      ⚠️ Erreur ligne 836: current transaction is aborted, commands ignored until end of transaction block
[2026-01-26T14:24:17.578+0000] {logging_mixin.py:151} INFO -      ⚠️ Erreur ligne 837: current transaction is aborted, commands ignored until end of transaction block
[2026-01-26T14:24:17.579+0000] {logging_mixin.py:151} INFO -      ⚠️ Erreur ligne 838: current transaction is aborted, commands ignored until end of transaction block
[2026-01-26T14:24:17.580+0000] {logging_mixin.py:151} INFO -      ⚠️ Erreur ligne 839: current transaction is aborted, commands ignored until end of transaction block
[2026-01-26T14:24:17.581+0000] {logging_mixin.py:151} INFO -      ⚠️ Erreur ligne 840: current transaction is aborted, commands ignored until end of transaction block
[2026-01-26T14:24:17.583+0000] {logging_mixin.py:151} INFO -      ⚠️ Erreur ligne 841: current transaction is aborted, commands ignored until end of transaction block
[2026-01-26T14:24:17.584+0000] {logging_mixin.py:151} INFO -      ⚠️ Erreur ligne 842: current transaction is aborted, commands ignored until end of transaction block
[2026-01-26T14:24:17.585+0000] {logging_mixin.py:151} INFO -      ⚠️ Erreur ligne 843: current transaction is aborted, commands ignored until end of transaction block
[2026-01-26T14:24:17.586+0000] {logging_mixin.py:151} INFO -      ⚠️ Erreur ligne 844: current transaction is aborted, commands ignored until end of transaction block
[2026-01-26T14:24:17.587+0000] {logging_mixin.py:151} INFO -      ⚠️ Erreur ligne 845: current transaction is aborted, commands ignored until end of transaction block
[2026-01-26T14:24:17.589+0000] {logging_mixin.py:151} INFO -      ⚠️ Erreur ligne 846: current transaction is aborted, commands ignored until end of transaction block
[2026-01-26T14:24:17.590+0000] {logging_mixin.py:151} INFO -      ⚠️ Erreur ligne 847: current transaction is aborted, commands ignored until end of transaction block
[2026-01-26T14:24:17.591+0000] {logging_mixin.py:151} INFO -      ⚠️ Erreur ligne 848: current transaction is aborted, commands ignored until end of transaction block
[2026-01-26T14:24:17.592+0000] {logging_mixin.py:151} INFO -      ⚠️ Erreur ligne 849: current transaction is aborted, commands ignored until end of transaction block
[2026-01-26T14:24:17.594+0000] {logging_mixin.py:151} INFO -      ⚠️ Erreur ligne 850: current transaction is aborted, commands ignored until end of transaction block
[2026-01-26T14:24:17.595+0000] {logging_mixin.py:151} INFO -      ⚠️ Erreur ligne 851: current transaction is aborted, commands ignored until end of transaction block
[2026-01-26T14:24:17.597+0000] {logging_mixin.py:151} INFO -      ⚠️ Erreur ligne 852: current transaction is aborted, commands ignored until end of transaction block
[2026-01-26T14:24:17.599+0000] {logging_mixin.py:151} INFO -      ⚠️ Erreur ligne 853: current transaction is aborted, commands ignored until end of transaction block
[2026-01-26T14:24:17.600+0000] {logging_mixin.py:151} INFO -      ⚠️ Erreur ligne 854: current transaction is aborted, commands ignored until end of transaction block
[2026-01-26T14:24:17.601+0000] {logging_mixin.py:151} INFO -      ⚠️ Erreur ligne 855: current transaction is aborted, commands ignored until end of transaction block
[2026-01-26T14:24:17.603+0000] {logging_mixin.py:151} INFO -      ⚠️ Erreur ligne 856: current transaction is aborted, commands ignored until end of transaction block
[2026-01-26T14:24:17.604+0000] {logging_mixin.py:151} INFO -      ⚠️ Erreur ligne 857: current transaction is aborted, commands ignored until end of transaction block
[2026-01-26T14:24:17.605+0000] {logging_mixin.py:151} INFO -      ⚠️ Erreur ligne 858: current transaction is aborted, commands ignored until end of transaction block
[2026-01-26T14:24:17.606+0000] {logging_mixin.py:151} INFO -      ⚠️ Erreur ligne 859: current transaction is aborted, commands ignored until end of transaction block
[2026-01-26T14:24:17.607+0000] {logging_mixin.py:151} INFO -      ⚠️ Erreur ligne 860: current transaction is aborted, commands ignored until end of transaction block
[2026-01-26T14:24:17.608+0000] {logging_mixin.py:151} INFO -      ⚠️ Erreur ligne 861: current transaction is aborted, commands ignored until end of transaction block
[2026-01-26T14:24:17.609+0000] {logging_mixin.py:151} INFO -      ⚠️ Erreur ligne 862: current transaction is aborted, commands ignored until end of transaction block
[2026-01-26T14:24:17.610+0000] {logging_mixin.py:151} INFO -      ⚠️ Erreur ligne 863: current transaction is aborted, commands ignored until end of transaction block
[2026-01-26T14:24:17.611+0000] {logging_mixin.py:151} INFO -      ⚠️ Erreur ligne 864: current transaction is aborted, commands ignored until end of transaction block
[2026-01-26T14:24:17.612+0000] {logging_mixin.py:151} INFO -      ⚠️ Erreur ligne 865: current transaction is aborted, commands ignored until end of transaction block
[2026-01-26T14:24:17.613+0000] {logging_mixin.py:151} INFO -      ⚠️ Erreur ligne 866: current transaction is aborted, commands ignored until end of transaction block
[2026-01-26T14:24:17.615+0000] {logging_mixin.py:151} INFO -      ⚠️ Erreur ligne 867: current transaction is aborted, commands ignored until end of transaction block
[2026-01-26T14:24:17.617+0000] {logging_mixin.py:151} INFO -      ⚠️ Erreur ligne 868: current transaction is aborted, commands ignored until end of transaction block
[2026-01-26T14:24:17.618+0000] {logging_mixin.py:151} INFO -      ⚠️ Erreur ligne 869: current transaction is aborted, commands ignored until end of transaction block
[2026-01-26T14:24:17.620+0000] {logging_mixin.py:151} INFO -      ⚠️ Erreur ligne 870: current transaction is aborted, commands ignored until end of transaction block
[2026-01-26T14:24:17.621+0000] {logging_mixin.py:151} INFO -      ⚠️ Erreur ligne 871: current transaction is aborted, commands ignored until end of transaction block
[2026-01-26T14:24:17.622+0000] {logging_mixin.py:151} INFO -      ⚠️ Erreur ligne 872: current transaction is aborted, commands ignored until end of transaction block
[2026-01-26T14:24:17.624+0000] {logging_mixin.py:151} INFO -      ⚠️ Erreur ligne 873: current transaction is aborted, commands ignored until end of transaction block
[2026-01-26T14:24:17.625+0000] {logging_mixin.py:151} INFO -      ⚠️ Erreur ligne 874: current transaction is aborted, commands ignored until end of transaction block
[2026-01-26T14:24:17.627+0000] {logging_mixin.py:151} INFO -      ⚠️ Erreur ligne 875: current transaction is aborted, commands ignored until end of transaction block
[2026-01-26T14:24:17.629+0000] {logging_mixin.py:151} INFO -      ⚠️ Erreur ligne 876: current transaction is aborted, commands ignored until end of transaction block
[2026-01-26T14:24:17.630+0000] {logging_mixin.py:151} INFO -      ⚠️ Erreur ligne 877: current transaction is aborted, commands ignored until end of transaction block
[2026-01-26T14:24:17.631+0000] {logging_mixin.py:151} INFO -      ⚠️ Erreur ligne 878: current transaction is aborted, commands ignored until end of transaction block
[2026-01-26T14:24:17.633+0000] {logging_mixin.py:151} INFO -      ⚠️ Erreur ligne 879: current transaction is aborted, commands ignored until end of transaction block
[2026-01-26T14:24:17.635+0000] {logging_mixin.py:151} INFO -      ⚠️ Erreur ligne 880: current transaction is aborted, commands ignored until end of transaction block
[2026-01-26T14:24:17.636+0000] {logging_mixin.py:151} INFO -      ⚠️ Erreur ligne 881: current transaction is aborted, commands ignored until end of transaction block
[2026-01-26T14:24:17.638+0000] {logging_mixin.py:151} INFO -      ⚠️ Erreur ligne 882: current transaction is aborted, commands ignored until end of transaction block
[2026-01-26T14:24:17.639+0000] {logging_mixin.py:151} INFO -      ⚠️ Erreur ligne 883: current transaction is aborted, commands ignored until end of transaction block
[2026-01-26T14:24:17.641+0000] {logging_mixin.py:151} INFO -      ⚠️ Erreur ligne 884: current transaction is aborted, commands ignored until end of transaction block
[2026-01-26T14:24:17.643+0000] {logging_mixin.py:151} INFO -      ⚠️ Erreur ligne 885: current transaction is aborted, commands ignored until end of transaction block
[2026-01-26T14:24:17.644+0000] {logging_mixin.py:151} INFO -      ⚠️ Erreur ligne 886: current transaction is aborted, commands ignored until end of transaction block
[2026-01-26T14:24:17.647+0000] {logging_mixin.py:151} INFO -      ⚠️ Erreur ligne 887: current transaction is aborted, commands ignored until end of transaction block
[2026-01-26T14:24:17.649+0000] {logging_mixin.py:151} INFO -      ⚠️ Erreur ligne 888: current transaction is aborted, commands ignored until end of transaction block
[2026-01-26T14:24:17.652+0000] {logging_mixin.py:151} INFO -      ⚠️ Erreur ligne 889: current transaction is aborted, commands ignored until end of transaction block
[2026-01-26T14:24:17.654+0000] {logging_mixin.py:151} INFO -      ⚠️ Erreur ligne 890: current transaction is aborted, commands ignored until end of transaction block
[2026-01-26T14:24:17.655+0000] {logging_mixin.py:151} INFO -      ⚠️ Erreur ligne 891: current transaction is aborted, commands ignored until end of transaction block
[2026-01-26T14:24:17.656+0000] {logging_mixin.py:151} INFO -      ⚠️ Erreur ligne 892: current transaction is aborted, commands ignored until end of transaction block
[2026-01-26T14:24:17.657+0000] {logging_mixin.py:151} INFO -      ⚠️ Erreur ligne 893: current transaction is aborted, commands ignored until end of transaction block
[2026-01-26T14:24:17.658+0000] {logging_mixin.py:151} INFO -      ⚠️ Erreur ligne 894: current transaction is aborted, commands ignored until end of transaction block
[2026-01-26T14:24:17.659+0000] {logging_mixin.py:151} INFO -      ⚠️ Erreur ligne 895: current transaction is aborted, commands ignored until end of transaction block
[2026-01-26T14:24:17.660+0000] {logging_mixin.py:151} INFO -      ⚠️ Erreur ligne 896: current transaction is aborted, commands ignored until end of transaction block
[2026-01-26T14:24:17.662+0000] {logging_mixin.py:151} INFO -      ⚠️ Erreur ligne 897: current transaction is aborted, commands ignored until end of transaction block
[2026-01-26T14:24:17.664+0000] {logging_mixin.py:151} INFO -      ⚠️ Erreur ligne 898: current transaction is aborted, commands ignored until end of transaction block
[2026-01-26T14:24:17.665+0000] {logging_mixin.py:151} INFO -      ⚠️ Erreur ligne 899: current transaction is aborted, commands ignored until end of transaction block
[2026-01-26T14:24:17.667+0000] {logging_mixin.py:151} INFO -      ⚠️ Erreur ligne 900: current transaction is aborted, commands ignored until end of transaction block
[2026-01-26T14:24:17.668+0000] {logging_mixin.py:151} INFO -      ⚠️ Erreur ligne 901: current transaction is aborted, commands ignored until end of transaction block
[2026-01-26T14:24:17.669+0000] {logging_mixin.py:151} INFO -      ⚠️ Erreur ligne 902: current transaction is aborted, commands ignored until end of transaction block
[2026-01-26T14:24:17.671+0000] {logging_mixin.py:151} INFO -      ⚠️ Erreur ligne 903: current transaction is aborted, commands ignored until end of transaction block
[2026-01-26T14:24:17.672+0000] {logging_mixin.py:151} INFO -      ⚠️ Erreur ligne 904: current transaction is aborted, commands ignored until end of transaction block
[2026-01-26T14:24:17.673+0000] {logging_mixin.py:151} INFO -      ⚠️ Erreur ligne 905: current transaction is aborted, commands ignored until end of transaction block
[2026-01-26T14:24:17.674+0000] {logging_mixin.py:151} INFO -      ⚠️ Erreur ligne 906: current transaction is aborted, commands ignored until end of transaction block
[2026-01-26T14:24:17.675+0000] {logging_mixin.py:151} INFO -      ⚠️ Erreur ligne 907: current transaction is aborted, commands ignored until end of transaction block
[2026-01-26T14:24:17.677+0000] {logging_mixin.py:151} INFO -      ⚠️ Erreur ligne 908: current transaction is aborted, commands ignored until end of transaction block
[2026-01-26T14:24:17.678+0000] {logging_mixin.py:151} INFO -      ⚠️ Erreur ligne 909: current transaction is aborted, commands ignored until end of transaction block
[2026-01-26T14:24:17.679+0000] {logging_mixin.py:151} INFO -      ⚠️ Erreur ligne 910: current transaction is aborted, commands ignored until end of transaction block
[2026-01-26T14:24:17.680+0000] {logging_mixin.py:151} INFO -      ⚠️ Erreur ligne 911: current transaction is aborted, commands ignored until end of transaction block
[2026-01-26T14:24:17.681+0000] {logging_mixin.py:151} INFO -      ⚠️ Erreur ligne 912: current transaction is aborted, commands ignored until end of transaction block
[2026-01-26T14:24:17.682+0000] {logging_mixin.py:151} INFO -      ⚠️ Erreur ligne 913: current transaction is aborted, commands ignored until end of transaction block
[2026-01-26T14:24:17.683+0000] {logging_mixin.py:151} INFO -      ⚠️ Erreur ligne 914: current transaction is aborted, commands ignored until end of transaction block
[2026-01-26T14:24:17.684+0000] {logging_mixin.py:151} INFO -      ⚠️ Erreur ligne 915: current transaction is aborted, commands ignored until end of transaction block
[2026-01-26T14:24:17.687+0000] {logging_mixin.py:151} INFO -      ⚠️ Erreur ligne 916: current transaction is aborted, commands ignored until end of transaction block
[2026-01-26T14:24:17.688+0000] {logging_mixin.py:151} INFO -      ⚠️ Erreur ligne 917: current transaction is aborted, commands ignored until end of transaction block
[2026-01-26T14:24:17.689+0000] {logging_mixin.py:151} INFO -      ⚠️ Erreur ligne 918: current transaction is aborted, commands ignored until end of transaction block
[2026-01-26T14:24:17.690+0000] {logging_mixin.py:151} INFO -      ⚠️ Erreur ligne 919: current transaction is aborted, commands ignored until end of transaction block
[2026-01-26T14:24:17.691+0000] {logging_mixin.py:151} INFO -      ⚠️ Erreur ligne 920: current transaction is aborted, commands ignored until end of transaction block
[2026-01-26T14:24:17.692+0000] {logging_mixin.py:151} INFO -      ⚠️ Erreur ligne 921: current transaction is aborted, commands ignored until end of transaction block
[2026-01-26T14:24:17.694+0000] {logging_mixin.py:151} INFO -      ⚠️ Erreur ligne 922: current transaction is aborted, commands ignored until end of transaction block
[2026-01-26T14:24:17.695+0000] {logging_mixin.py:151} INFO -      ⚠️ Erreur ligne 923: current transaction is aborted, commands ignored until end of transaction block
[2026-01-26T14:24:17.696+0000] {logging_mixin.py:151} INFO -      ⚠️ Erreur ligne 924: current transaction is aborted, commands ignored until end of transaction block
[2026-01-26T14:24:17.698+0000] {logging_mixin.py:151} INFO -      ⚠️ Erreur ligne 925: current transaction is aborted, commands ignored until end of transaction block
[2026-01-26T14:24:17.699+0000] {logging_mixin.py:151} INFO -      ⚠️ Erreur ligne 926: current transaction is aborted, commands ignored until end of transaction block
[2026-01-26T14:24:17.700+0000] {logging_mixin.py:151} INFO -      ⚠️ Erreur ligne 927: current transaction is aborted, commands ignored until end of transaction block
[2026-01-26T14:24:17.701+0000] {logging_mixin.py:151} INFO -      ⚠️ Erreur ligne 928: current transaction is aborted, commands ignored until end of transaction block
[2026-01-26T14:24:17.703+0000] {logging_mixin.py:151} INFO -      ⚠️ Erreur ligne 929: current transaction is aborted, commands ignored until end of transaction block
[2026-01-26T14:24:17.704+0000] {logging_mixin.py:151} INFO -      ⚠️ Erreur ligne 930: current transaction is aborted, commands ignored until end of transaction block
[2026-01-26T14:24:17.705+0000] {logging_mixin.py:151} INFO -      ⚠️ Erreur ligne 931: current transaction is aborted, commands ignored until end of transaction block
[2026-01-26T14:24:17.706+0000] {logging_mixin.py:151} INFO -      ⚠️ Erreur ligne 932: current transaction is aborted, commands ignored until end of transaction block
[2026-01-26T14:24:17.707+0000] {logging_mixin.py:151} INFO -      ⚠️ Erreur ligne 933: current transaction is aborted, commands ignored until end of transaction block
[2026-01-26T14:24:17.708+0000] {logging_mixin.py:151} INFO -      ⚠️ Erreur ligne 934: current transaction is aborted, commands ignored until end of transaction block
[2026-01-26T14:24:17.709+0000] {logging_mixin.py:151} INFO -      ⚠️ Erreur ligne 935: current transaction is aborted, commands ignored until end of transaction block
[2026-01-26T14:24:17.710+0000] {logging_mixin.py:151} INFO -      ⚠️ Erreur ligne 936: current transaction is aborted, commands ignored until end of transaction block
[2026-01-26T14:24:17.711+0000] {logging_mixin.py:151} INFO -      ⚠️ Erreur ligne 937: current transaction is aborted, commands ignored until end of transaction block
[2026-01-26T14:24:17.714+0000] {logging_mixin.py:151} INFO -      ⚠️ Erreur ligne 938: current transaction is aborted, commands ignored until end of transaction block
[2026-01-26T14:24:17.715+0000] {logging_mixin.py:151} INFO -      ⚠️ Erreur ligne 939: current transaction is aborted, commands ignored until end of transaction block
[2026-01-26T14:24:17.716+0000] {logging_mixin.py:151} INFO -      ⚠️ Erreur ligne 940: current transaction is aborted, commands ignored until end of transaction block
[2026-01-26T14:24:17.718+0000] {logging_mixin.py:151} INFO -      ⚠️ Erreur ligne 941: current transaction is aborted, commands ignored until end of transaction block
[2026-01-26T14:24:17.719+0000] {logging_mixin.py:151} INFO -      ⚠️ Erreur ligne 942: current transaction is aborted, commands ignored until end of transaction block
[2026-01-26T14:24:17.720+0000] {logging_mixin.py:151} INFO -      ⚠️ Erreur ligne 943: current transaction is aborted, commands ignored until end of transaction block
[2026-01-26T14:24:17.722+0000] {logging_mixin.py:151} INFO -      ⚠️ Erreur ligne 944: current transaction is aborted, commands ignored until end of transaction block
[2026-01-26T14:24:17.723+0000] {logging_mixin.py:151} INFO -      ⚠️ Erreur ligne 945: current transaction is aborted, commands ignored until end of transaction block
[2026-01-26T14:24:17.724+0000] {logging_mixin.py:151} INFO -      ⚠️ Erreur ligne 946: current transaction is aborted, commands ignored until end of transaction block
[2026-01-26T14:24:17.725+0000] {logging_mixin.py:151} INFO -      ⚠️ Erreur ligne 947: current transaction is aborted, commands ignored until end of transaction block
[2026-01-26T14:24:17.726+0000] {logging_mixin.py:151} INFO -      ⚠️ Erreur ligne 948: current transaction is aborted, commands ignored until end of transaction block
[2026-01-26T14:24:17.727+0000] {logging_mixin.py:151} INFO -      ⚠️ Erreur ligne 949: current transaction is aborted, commands ignored until end of transaction block
[2026-01-26T14:24:17.728+0000] {logging_mixin.py:151} INFO -      ⚠️ Erreur ligne 950: current transaction is aborted, commands ignored until end of transaction block
[2026-01-26T14:24:17.729+0000] {logging_mixin.py:151} INFO -      ⚠️ Erreur ligne 951: current transaction is aborted, commands ignored until end of transaction block
[2026-01-26T14:24:17.730+0000] {logging_mixin.py:151} INFO -      ⚠️ Erreur ligne 952: current transaction is aborted, commands ignored until end of transaction block
[2026-01-26T14:24:17.731+0000] {logging_mixin.py:151} INFO -      ⚠️ Erreur ligne 953: current transaction is aborted, commands ignored until end of transaction block
[2026-01-26T14:24:17.732+0000] {logging_mixin.py:151} INFO -      ⚠️ Erreur ligne 954: current transaction is aborted, commands ignored until end of transaction block
[2026-01-26T14:24:17.733+0000] {logging_mixin.py:151} INFO -      ⚠️ Erreur ligne 955: current transaction is aborted, commands ignored until end of transaction block
[2026-01-26T14:24:17.734+0000] {logging_mixin.py:151} INFO -      ⚠️ Erreur ligne 956: current transaction is aborted, commands ignored until end of transaction block
[2026-01-26T14:24:17.735+0000] {logging_mixin.py:151} INFO -      ⚠️ Erreur ligne 957: current transaction is aborted, commands ignored until end of transaction block
[2026-01-26T14:24:17.736+0000] {logging_mixin.py:151} INFO -      ⚠️ Erreur ligne 958: current transaction is aborted, commands ignored until end of transaction block
[2026-01-26T14:24:17.737+0000] {logging_mixin.py:151} INFO -      ⚠️ Erreur ligne 959: current transaction is aborted, commands ignored until end of transaction block
[2026-01-26T14:24:17.738+0000] {logging_mixin.py:151} INFO -      ⚠️ Erreur ligne 960: current transaction is aborted, commands ignored until end of transaction block
[2026-01-26T14:24:17.740+0000] {logging_mixin.py:151} INFO -      ⚠️ Erreur ligne 961: current transaction is aborted, commands ignored until end of transaction block
[2026-01-26T14:24:17.741+0000] {logging_mixin.py:151} INFO -      ⚠️ Erreur ligne 962: current transaction is aborted, commands ignored until end of transaction block
[2026-01-26T14:24:17.742+0000] {logging_mixin.py:151} INFO -      ⚠️ Erreur ligne 963: current transaction is aborted, commands ignored until end of transaction block
[2026-01-26T14:24:17.743+0000] {logging_mixin.py:151} INFO -      ⚠️ Erreur ligne 964: current transaction is aborted, commands ignored until end of transaction block
[2026-01-26T14:24:17.744+0000] {logging_mixin.py:151} INFO -      ⚠️ Erreur ligne 965: current transaction is aborted, commands ignored until end of transaction block
[2026-01-26T14:24:17.744+0000] {logging_mixin.py:151} INFO -      ⚠️ Erreur ligne 966: current transaction is aborted, commands ignored until end of transaction block
[2026-01-26T14:24:17.745+0000] {logging_mixin.py:151} INFO -      ⚠️ Erreur ligne 967: current transaction is aborted, commands ignored until end of transaction block
[2026-01-26T14:24:17.747+0000] {logging_mixin.py:151} INFO -      ⚠️ Erreur ligne 968: current transaction is aborted, commands ignored until end of transaction block
[2026-01-26T14:24:17.748+0000] {logging_mixin.py:151} INFO -      ⚠️ Erreur ligne 969: current transaction is aborted, commands ignored until end of transaction block
[2026-01-26T14:24:17.749+0000] {logging_mixin.py:151} INFO -      ⚠️ Erreur ligne 970: current transaction is aborted, commands ignored until end of transaction block
[2026-01-26T14:24:17.750+0000] {logging_mixin.py:151} INFO -      ⚠️ Erreur ligne 971: current transaction is aborted, commands ignored until end of transaction block
[2026-01-26T14:24:17.751+0000] {logging_mixin.py:151} INFO -      ⚠️ Erreur ligne 972: current transaction is aborted, commands ignored until end of transaction block
[2026-01-26T14:24:17.753+0000] {logging_mixin.py:151} INFO -      ⚠️ Erreur ligne 973: current transaction is aborted, commands ignored until end of transaction block
[2026-01-26T14:24:17.754+0000] {logging_mixin.py:151} INFO -      ⚠️ Erreur ligne 974: current transaction is aborted, commands ignored until end of transaction block
[2026-01-26T14:24:17.755+0000] {logging_mixin.py:151} INFO -      ⚠️ Erreur ligne 975: current transaction is aborted, commands ignored until end of transaction block
[2026-01-26T14:24:17.756+0000] {logging_mixin.py:151} INFO -      ⚠️ Erreur ligne 976: current transaction is aborted, commands ignored until end of transaction block
[2026-01-26T14:24:17.757+0000] {logging_mixin.py:151} INFO -      ⚠️ Erreur ligne 977: current transaction is aborted, commands ignored until end of transaction block
[2026-01-26T14:24:17.758+0000] {logging_mixin.py:151} INFO -      ⚠️ Erreur ligne 978: current transaction is aborted, commands ignored until end of transaction block
[2026-01-26T14:24:17.759+0000] {logging_mixin.py:151} INFO -      ⚠️ Erreur ligne 979: current transaction is aborted, commands ignored until end of transaction block
[2026-01-26T14:24:17.760+0000] {logging_mixin.py:151} INFO -      ⚠️ Erreur ligne 980: current transaction is aborted, commands ignored until end of transaction block
[2026-01-26T14:24:17.762+0000] {logging_mixin.py:151} INFO -      ⚠️ Erreur ligne 981: current transaction is aborted, commands ignored until end of transaction block
[2026-01-26T14:24:17.762+0000] {logging_mixin.py:151} INFO -      ⚠️ Erreur ligne 982: current transaction is aborted, commands ignored until end of transaction block
[2026-01-26T14:24:17.763+0000] {logging_mixin.py:151} INFO -      ⚠️ Erreur ligne 983: current transaction is aborted, commands ignored until end of transaction block
[2026-01-26T14:24:17.764+0000] {logging_mixin.py:151} INFO -      ⚠️ Erreur ligne 984: current transaction is aborted, commands ignored until end of transaction block
[2026-01-26T14:24:17.766+0000] {logging_mixin.py:151} INFO -      ⚠️ Erreur ligne 985: current transaction is aborted, commands ignored until end of transaction block
[2026-01-26T14:24:17.768+0000] {logging_mixin.py:151} INFO -      ⚠️ Erreur ligne 986: current transaction is aborted, commands ignored until end of transaction block
[2026-01-26T14:24:17.771+0000] {logging_mixin.py:151} INFO -      ⚠️ Erreur ligne 987: current transaction is aborted, commands ignored until end of transaction block
[2026-01-26T14:24:17.773+0000] {logging_mixin.py:151} INFO -      ⚠️ Erreur ligne 988: current transaction is aborted, commands ignored until end of transaction block
[2026-01-26T14:24:17.774+0000] {logging_mixin.py:151} INFO -      ⚠️ Erreur ligne 989: current transaction is aborted, commands ignored until end of transaction block
[2026-01-26T14:24:17.776+0000] {logging_mixin.py:151} INFO -      ⚠️ Erreur ligne 990: current transaction is aborted, commands ignored until end of transaction block
[2026-01-26T14:24:17.779+0000] {logging_mixin.py:151} INFO -      ⚠️ Erreur ligne 991: current transaction is aborted, commands ignored until end of transaction block
[2026-01-26T14:24:17.780+0000] {logging_mixin.py:151} INFO -      ⚠️ Erreur ligne 992: current transaction is aborted, commands ignored until end of transaction block
[2026-01-26T14:24:17.781+0000] {logging_mixin.py:151} INFO -      ⚠️ Erreur ligne 993: current transaction is aborted, commands ignored until end of transaction block
[2026-01-26T14:24:17.783+0000] {logging_mixin.py:151} INFO -      ⚠️ Erreur ligne 994: current transaction is aborted, commands ignored until end of transaction block
[2026-01-26T14:24:17.784+0000] {logging_mixin.py:151} INFO -      ⚠️ Erreur ligne 995: current transaction is aborted, commands ignored until end of transaction block
[2026-01-26T14:24:17.785+0000] {logging_mixin.py:151} INFO -      ⚠️ Erreur ligne 996: current transaction is aborted, commands ignored until end of transaction block
[2026-01-26T14:24:17.786+0000] {logging_mixin.py:151} INFO -      ⚠️ Erreur ligne 997: current transaction is aborted, commands ignored until end of transaction block
[2026-01-26T14:24:17.788+0000] {logging_mixin.py:151} INFO -      ⚠️ Erreur ligne 998: current transaction is aborted, commands ignored until end of transaction block
[2026-01-26T14:24:17.789+0000] {logging_mixin.py:151} INFO -      ⚠️ Erreur ligne 999: current transaction is aborted, commands ignored until end of transaction block
[2026-01-26T14:24:17.791+0000] {logging_mixin.py:151} INFO -      ⚠️ Erreur ligne 1000: current transaction is aborted, commands ignored until end of transaction block
[2026-01-26T14:24:17.793+0000] {logging_mixin.py:151} INFO -      ⚠️ Erreur ligne 1001: current transaction is aborted, commands ignored until end of transaction block
[2026-01-26T14:24:17.794+0000] {logging_mixin.py:151} INFO -      ⚠️ Erreur ligne 1002: current transaction is aborted, commands ignored until end of transaction block
[2026-01-26T14:24:17.796+0000] {logging_mixin.py:151} INFO -      ⚠️ Erreur ligne 1003: current transaction is aborted, commands ignored until end of transaction block
[2026-01-26T14:24:17.797+0000] {logging_mixin.py:151} INFO -      ⚠️ Erreur ligne 1004: current transaction is aborted, commands ignored until end of transaction block
[2026-01-26T14:24:17.798+0000] {logging_mixin.py:151} INFO -      ⚠️ Erreur ligne 1005: current transaction is aborted, commands ignored until end of transaction block
[2026-01-26T14:24:17.799+0000] {logging_mixin.py:151} INFO -      ⚠️ Erreur ligne 1006: current transaction is aborted, commands ignored until end of transaction block
[2026-01-26T14:24:17.801+0000] {logging_mixin.py:151} INFO -      ⚠️ Erreur ligne 1007: current transaction is aborted, commands ignored until end of transaction block
[2026-01-26T14:24:17.802+0000] {logging_mixin.py:151} INFO -      ⚠️ Erreur ligne 1008: current transaction is aborted, commands ignored until end of transaction block
[2026-01-26T14:24:17.803+0000] {logging_mixin.py:151} INFO -      ⚠️ Erreur ligne 1009: current transaction is aborted, commands ignored until end of transaction block
[2026-01-26T14:24:17.804+0000] {logging_mixin.py:151} INFO -      ⚠️ Erreur ligne 1010: current transaction is aborted, commands ignored until end of transaction block
[2026-01-26T14:24:17.805+0000] {logging_mixin.py:151} INFO -      ⚠️ Erreur ligne 1011: current transaction is aborted, commands ignored until end of transaction block
[2026-01-26T14:24:17.806+0000] {logging_mixin.py:151} INFO -      ⚠️ Erreur ligne 1012: current transaction is aborted, commands ignored until end of transaction block
[2026-01-26T14:24:17.807+0000] {logging_mixin.py:151} INFO -      ⚠️ Erreur ligne 1013: current transaction is aborted, commands ignored until end of transaction block
[2026-01-26T14:24:17.808+0000] {logging_mixin.py:151} INFO -      ⚠️ Erreur ligne 1014: current transaction is aborted, commands ignored until end of transaction block
[2026-01-26T14:24:17.809+0000] {logging_mixin.py:151} INFO -      ⚠️ Erreur ligne 1015: current transaction is aborted, commands ignored until end of transaction block
[2026-01-26T14:24:17.811+0000] {logging_mixin.py:151} INFO -      ⚠️ Erreur ligne 1016: current transaction is aborted, commands ignored until end of transaction block
[2026-01-26T14:24:17.812+0000] {logging_mixin.py:151} INFO -      ⚠️ Erreur ligne 1017: current transaction is aborted, commands ignored until end of transaction block
[2026-01-26T14:24:17.812+0000] {logging_mixin.py:151} INFO -      ✅ 0 lignes insérées, 0 doublons ignorés
[2026-01-26T14:24:17.815+0000] {logging_mixin.py:151} INFO -   ✅ Fichier traité avec succès !
[2026-01-26T14:24:17.815+0000] {logging_mixin.py:151} INFO - 
--------------------------------------------------------------------------------
[2026-01-26T14:24:17.816+0000] {logging_mixin.py:151} INFO - 📄 Traitement de : GOOGL_2026-01-26 06:13:31.897613+00:00.csv
[2026-01-26T14:24:17.816+0000] {logging_mixin.py:151} INFO - --------------------------------------------------------------------------------
[2026-01-26T14:24:17.816+0000] {logging_mixin.py:151} INFO -   1️⃣ Lecture du CSV...
[2026-01-26T14:24:17.855+0000] {logging_mixin.py:151} INFO -      ✅ Lu 1018 lignes
[2026-01-26T14:24:17.856+0000] {logging_mixin.py:151} INFO -      Colonnes: ['Date', 'Open', 'High', 'Low', 'Close', 'Volume', 'Dividends', 'Stock Splits', 'symbol', 'extracted_at']
[2026-01-26T14:24:17.857+0000] {logging_mixin.py:151} INFO -   2️⃣ Nettoyage des colonnes...
[2026-01-26T14:24:17.858+0000] {logging_mixin.py:151} INFO -      ✅ Colonnes nettoyées: ['date', 'open', 'high', 'low', 'close', 'volume', 'dividends', 'stock_splits', 'symbol', 'extracted_at']
[2026-01-26T14:24:17.858+0000] {logging_mixin.py:151} INFO -   3️⃣ Conversion des dates...
[2026-01-26T14:24:17.870+0000] {logging_mixin.py:151} INFO -      ✅ Dates converties
[2026-01-26T14:24:17.872+0000] {logging_mixin.py:151} INFO -   4️⃣ Nettoyage des données...
[2026-01-26T14:24:17.885+0000] {logging_mixin.py:151} INFO -      ✅ 1018 → 1018 lignes (après nettoyage)
[2026-01-26T14:24:17.885+0000] {logging_mixin.py:151} INFO -   5️⃣ Connexion à la base de données...
[2026-01-26T14:24:17.890+0000] {logging_mixin.py:151} INFO -      ✅ Connecté
[2026-01-26T14:24:17.890+0000] {logging_mixin.py:151} INFO -   6️⃣ Insertion des données...
[2026-01-26T14:24:17.893+0000] {logging_mixin.py:151} INFO -      ⚠️ Erreur ligne 0: column "open_price" of relation "stocks" does not exist
LINE 2: ...                INSERT INTO stocks (symbol, date, open_price...
                                                             ^
[2026-01-26T14:24:17.895+0000] {logging_mixin.py:151} INFO -      ⚠️ Erreur ligne 1: current transaction is aborted, commands ignored until end of transaction block
[2026-01-26T14:24:17.898+0000] {logging_mixin.py:151} INFO -      ⚠️ Erreur ligne 2: current transaction is aborted, commands ignored until end of transaction block
[2026-01-26T14:24:17.900+0000] {logging_mixin.py:151} INFO -      ⚠️ Erreur ligne 3: current transaction is aborted, commands ignored until end of transaction block
[2026-01-26T14:24:17.902+0000] {logging_mixin.py:151} INFO -      ⚠️ Erreur ligne 4: current transaction is aborted, commands ignored until end of transaction block
[2026-01-26T14:24:17.905+0000] {logging_mixin.py:151} INFO -      ⚠️ Erreur ligne 5: current transaction is aborted, commands ignored until end of transaction block
[2026-01-26T14:24:17.907+0000] {logging_mixin.py:151} INFO -      ⚠️ Erreur ligne 6: current transaction is aborted, commands ignored until end of transaction block
[2026-01-26T14:24:17.908+0000] {logging_mixin.py:151} INFO -      ⚠️ Erreur ligne 7: current transaction is aborted, commands ignored until end of transaction block
[2026-01-26T14:24:17.910+0000] {logging_mixin.py:151} INFO -      ⚠️ Erreur ligne 8: current transaction is aborted, commands ignored until end of transaction block
[2026-01-26T14:24:17.911+0000] {logging_mixin.py:151} INFO -      ⚠️ Erreur ligne 9: current transaction is aborted, commands ignored until end of transaction block
[2026-01-26T14:24:17.913+0000] {logging_mixin.py:151} INFO -      ⚠️ Erreur ligne 10: current transaction is aborted, commands ignored until end of transaction block
[2026-01-26T14:24:17.914+0000] {logging_mixin.py:151} INFO -      ⚠️ Erreur ligne 11: current transaction is aborted, commands ignored until end of transaction block
[2026-01-26T14:24:17.915+0000] {logging_mixin.py:151} INFO -      ⚠️ Erreur ligne 12: current transaction is aborted, commands ignored until end of transaction block
[2026-01-26T14:24:17.917+0000] {logging_mixin.py:151} INFO -      ⚠️ Erreur ligne 13: current transaction is aborted, commands ignored until end of transaction block
[2026-01-26T14:24:17.918+0000] {logging_mixin.py:151} INFO -      ⚠️ Erreur ligne 14: current transaction is aborted, commands ignored until end of transaction block
[2026-01-26T14:24:17.919+0000] {logging_mixin.py:151} INFO -      ⚠️ Erreur ligne 15: current transaction is aborted, commands ignored until end of transaction block
[2026-01-26T14:24:17.921+0000] {logging_mixin.py:151} INFO -      ⚠️ Erreur ligne 16: current transaction is aborted, commands ignored until end of transaction block
[2026-01-26T14:24:17.922+0000] {logging_mixin.py:151} INFO -      ⚠️ Erreur ligne 17: current transaction is aborted, commands ignored until end of transaction block
[2026-01-26T14:24:17.924+0000] {logging_mixin.py:151} INFO -      ⚠️ Erreur ligne 18: current transaction is aborted, commands ignored until end of transaction block
[2026-01-26T14:24:17.925+0000] {logging_mixin.py:151} INFO -      ⚠️ Erreur ligne 19: current transaction is aborted, commands ignored until end of transaction block
[2026-01-26T14:24:17.927+0000] {logging_mixin.py:151} INFO -      ⚠️ Erreur ligne 20: current transaction is aborted, commands ignored until end of transaction block
[2026-01-26T14:24:17.928+0000] {logging_mixin.py:151} INFO -      ⚠️ Erreur ligne 21: current transaction is aborted, commands ignored until end of transaction block
[2026-01-26T14:24:17.930+0000] {logging_mixin.py:151} INFO -      ⚠️ Erreur ligne 22: current transaction is aborted, commands ignored until end of transaction block
[2026-01-26T14:24:17.931+0000] {logging_mixin.py:151} INFO -      ⚠️ Erreur ligne 23: current transaction is aborted, commands ignored until end of transaction block
[2026-01-26T14:24:17.933+0000] {logging_mixin.py:151} INFO -      ⚠️ Erreur ligne 24: current transaction is aborted, commands ignored until end of transaction block
[2026-01-26T14:24:17.934+0000] {logging_mixin.py:151} INFO -      ⚠️ Erreur ligne 25: current transaction is aborted, commands ignored until end of transaction block
[2026-01-26T14:24:17.936+0000] {logging_mixin.py:151} INFO -      ⚠️ Erreur ligne 26: current transaction is aborted, commands ignored until end of transaction block
[2026-01-26T14:24:17.942+0000] {logging_mixin.py:151} INFO -      ⚠️ Erreur ligne 27: current transaction is aborted, commands ignored until end of transaction block
[2026-01-26T14:24:17.945+0000] {logging_mixin.py:151} INFO -      ⚠️ Erreur ligne 28: current transaction is aborted, commands ignored until end of transaction block
[2026-01-26T14:24:17.948+0000] {logging_mixin.py:151} INFO -      ⚠️ Erreur ligne 29: current transaction is aborted, commands ignored until end of transaction block
[2026-01-26T14:24:17.956+0000] {logging_mixin.py:151} INFO -      ⚠️ Erreur ligne 30: current transaction is aborted, commands ignored until end of transaction block
[2026-01-26T14:24:17.959+0000] {logging_mixin.py:151} INFO -      ⚠️ Erreur ligne 31: current transaction is aborted, commands ignored until end of transaction block
[2026-01-26T14:24:17.960+0000] {logging_mixin.py:151} INFO -      ⚠️ Erreur ligne 32: current transaction is aborted, commands ignored until end of transaction block
[2026-01-26T14:24:17.964+0000] {logging_mixin.py:151} INFO -      ⚠️ Erreur ligne 33: current transaction is aborted, commands ignored until end of transaction block
[2026-01-26T14:24:17.966+0000] {logging_mixin.py:151} INFO -      ⚠️ Erreur ligne 34: current transaction is aborted, commands ignored until end of transaction block
[2026-01-26T14:24:17.970+0000] {logging_mixin.py:151} INFO -      ⚠️ Erreur ligne 35: current transaction is aborted, commands ignored until end of transaction block
[2026-01-26T14:24:17.972+0000] {logging_mixin.py:151} INFO -      ⚠️ Erreur ligne 36: current transaction is aborted, commands ignored until end of transaction block
[2026-01-26T14:24:17.976+0000] {logging_mixin.py:151} INFO -      ⚠️ Erreur ligne 37: current transaction is aborted, commands ignored until end of transaction block
[2026-01-26T14:24:17.978+0000] {logging_mixin.py:151} INFO -      ⚠️ Erreur ligne 38: current transaction is aborted, commands ignored until end of transaction block
[2026-01-26T14:24:17.979+0000] {logging_mixin.py:151} INFO -      ⚠️ Erreur ligne 39: current transaction is aborted, commands ignored until end of transaction block
[2026-01-26T14:24:17.981+0000] {logging_mixin.py:151} INFO -      ⚠️ Erreur ligne 40: current transaction is aborted, commands ignored until end of transaction block
[2026-01-26T14:24:17.983+0000] {logging_mixin.py:151} INFO -      ⚠️ Erreur ligne 41: current transaction is aborted, commands ignored until end of transaction block
[2026-01-26T14:24:17.984+0000] {logging_mixin.py:151} INFO -      ⚠️ Erreur ligne 42: current transaction is aborted, commands ignored until end of transaction block
[2026-01-26T14:24:17.986+0000] {logging_mixin.py:151} INFO -      ⚠️ Erreur ligne 43: current transaction is aborted, commands ignored until end of transaction block
[2026-01-26T14:24:17.987+0000] {logging_mixin.py:151} INFO -      ⚠️ Erreur ligne 44: current transaction is aborted, commands ignored until end of transaction block
[2026-01-26T14:24:17.988+0000] {logging_mixin.py:151} INFO -      ⚠️ Erreur ligne 45: current transaction is aborted, commands ignored until end of transaction block
[2026-01-26T14:24:17.990+0000] {logging_mixin.py:151} INFO -      ⚠️ Erreur ligne 46: current transaction is aborted, commands ignored until end of transaction block
[2026-01-26T14:24:17.991+0000] {logging_mixin.py:151} INFO -      ⚠️ Erreur ligne 47: current transaction is aborted, commands ignored until end of transaction block
[2026-01-26T14:24:17.993+0000] {logging_mixin.py:151} INFO -      ⚠️ Erreur ligne 48: current transaction is aborted, commands ignored until end of transaction block
[2026-01-26T14:24:17.995+0000] {logging_mixin.py:151} INFO -      ⚠️ Erreur ligne 49: current transaction is aborted, commands ignored until end of transaction block
[2026-01-26T14:24:17.996+0000] {logging_mixin.py:151} INFO -      ⚠️ Erreur ligne 50: current transaction is aborted, commands ignored until end of transaction block
[2026-01-26T14:24:17.997+0000] {logging_mixin.py:151} INFO -      ⚠️ Erreur ligne 51: current transaction is aborted, commands ignored until end of transaction block
[2026-01-26T14:24:17.999+0000] {logging_mixin.py:151} INFO -      ⚠️ Erreur ligne 52: current transaction is aborted, commands ignored until end of transaction block
[2026-01-26T14:24:18.002+0000] {logging_mixin.py:151} INFO -      ⚠️ Erreur ligne 53: current transaction is aborted, commands ignored until end of transaction block
[2026-01-26T14:24:18.004+0000] {logging_mixin.py:151} INFO -      ⚠️ Erreur ligne 54: current transaction is aborted, commands ignored until end of transaction block
[2026-01-26T14:24:18.005+0000] {logging_mixin.py:151} INFO -      ⚠️ Erreur ligne 55: current transaction is aborted, commands ignored until end of transaction block
[2026-01-26T14:24:18.006+0000] {logging_mixin.py:151} INFO -      ⚠️ Erreur ligne 56: current transaction is aborted, commands ignored until end of transaction block
[2026-01-26T14:24:18.008+0000] {logging_mixin.py:151} INFO -      ⚠️ Erreur ligne 57: current transaction is aborted, commands ignored until end of transaction block
[2026-01-26T14:24:18.011+0000] {logging_mixin.py:151} INFO -      ⚠️ Erreur ligne 58: current transaction is aborted, commands ignored until end of transaction block
[2026-01-26T14:24:18.013+0000] {logging_mixin.py:151} INFO -      ⚠️ Erreur ligne 59: current transaction is aborted, commands ignored until end of transaction block
[2026-01-26T14:24:18.015+0000] {logging_mixin.py:151} INFO -      ⚠️ Erreur ligne 60: current transaction is aborted, commands ignored until end of transaction block
[2026-01-26T14:24:18.017+0000] {logging_mixin.py:151} INFO -      ⚠️ Erreur ligne 61: current transaction is aborted, commands ignored until end of transaction block
[2026-01-26T14:24:18.020+0000] {logging_mixin.py:151} INFO -      ⚠️ Erreur ligne 62: current transaction is aborted, commands ignored until end of transaction block
[2026-01-26T14:24:18.021+0000] {logging_mixin.py:151} INFO -      ⚠️ Erreur ligne 63: current transaction is aborted, commands ignored until end of transaction block
[2026-01-26T14:24:18.022+0000] {logging_mixin.py:151} INFO -      ⚠️ Erreur ligne 64: current transaction is aborted, commands ignored until end of transaction block
[2026-01-26T14:24:18.023+0000] {logging_mixin.py:151} INFO -      ⚠️ Erreur ligne 65: current transaction is aborted, commands ignored until end of transaction block
[2026-01-26T14:24:18.027+0000] {logging_mixin.py:151} INFO -      ⚠️ Erreur ligne 66: current transaction is aborted, commands ignored until end of transaction block
[2026-01-26T14:24:18.028+0000] {logging_mixin.py:151} INFO -      ⚠️ Erreur ligne 67: current transaction is aborted, commands ignored until end of transaction block
[2026-01-26T14:24:18.031+0000] {logging_mixin.py:151} INFO -      ⚠️ Erreur ligne 68: current transaction is aborted, commands ignored until end of transaction block
[2026-01-26T14:24:18.032+0000] {logging_mixin.py:151} INFO -      ⚠️ Erreur ligne 69: current transaction is aborted, commands ignored until end of transaction block
[2026-01-26T14:24:18.034+0000] {logging_mixin.py:151} INFO -      ⚠️ Erreur ligne 70: current transaction is aborted, commands ignored until end of transaction block
[2026-01-26T14:24:18.035+0000] {logging_mixin.py:151} INFO -      ⚠️ Erreur ligne 71: current transaction is aborted, commands ignored until end of transaction block
[2026-01-26T14:24:18.036+0000] {logging_mixin.py:151} INFO -      ⚠️ Erreur ligne 72: current transaction is aborted, commands ignored until end of transaction block
[2026-01-26T14:24:18.037+0000] {logging_mixin.py:151} INFO -      ⚠️ Erreur ligne 73: current transaction is aborted, commands ignored until end of transaction block
[2026-01-26T14:24:18.039+0000] {logging_mixin.py:151} INFO -      ⚠️ Erreur ligne 74: current transaction is aborted, commands ignored until end of transaction block
[2026-01-26T14:24:18.040+0000] {logging_mixin.py:151} INFO -      ⚠️ Erreur ligne 75: current transaction is aborted, commands ignored until end of transaction block
[2026-01-26T14:24:18.041+0000] {logging_mixin.py:151} INFO -      ⚠️ Erreur ligne 76: current transaction is aborted, commands ignored until end of transaction block
[2026-01-26T14:24:18.042+0000] {logging_mixin.py:151} INFO -      ⚠️ Erreur ligne 77: current transaction is aborted, commands ignored until end of transaction block
[2026-01-26T14:24:18.043+0000] {logging_mixin.py:151} INFO -      ⚠️ Erreur ligne 78: current transaction is aborted, commands ignored until end of transaction block
[2026-01-26T14:24:18.044+0000] {logging_mixin.py:151} INFO -      ⚠️ Erreur ligne 79: current transaction is aborted, commands ignored until end of transaction block
[2026-01-26T14:24:18.045+0000] {logging_mixin.py:151} INFO -      ⚠️ Erreur ligne 80: current transaction is aborted, commands ignored until end of transaction block
[2026-01-26T14:24:18.047+0000] {logging_mixin.py:151} INFO -      ⚠️ Erreur ligne 81: current transaction is aborted, commands ignored until end of transaction block
[2026-01-26T14:24:18.048+0000] {logging_mixin.py:151} INFO -      ⚠️ Erreur ligne 82: current transaction is aborted, commands ignored until end of transaction block
[2026-01-26T14:24:18.049+0000] {logging_mixin.py:151} INFO -      ⚠️ Erreur ligne 83: current transaction is aborted, commands ignored until end of transaction block
[2026-01-26T14:24:18.050+0000] {logging_mixin.py:151} INFO -      ⚠️ Erreur ligne 84: current transaction is aborted, commands ignored until end of transaction block
[2026-01-26T14:24:18.051+0000] {logging_mixin.py:151} INFO -      ⚠️ Erreur ligne 85: current transaction is aborted, commands ignored until end of transaction block
[2026-01-26T14:24:18.052+0000] {logging_mixin.py:151} INFO -      ⚠️ Erreur ligne 86: current transaction is aborted, commands ignored until end of transaction block
[2026-01-26T14:24:18.053+0000] {logging_mixin.py:151} INFO -      ⚠️ Erreur ligne 87: current transaction is aborted, commands ignored until end of transaction block
[2026-01-26T14:24:18.054+0000] {logging_mixin.py:151} INFO -      ⚠️ Erreur ligne 88: current transaction is aborted, commands ignored until end of transaction block
[2026-01-26T14:24:18.056+0000] {logging_mixin.py:151} INFO -      ⚠️ Erreur ligne 89: current transaction is aborted, commands ignored until end of transaction block
[2026-01-26T14:24:18.057+0000] {logging_mixin.py:151} INFO -      ⚠️ Erreur ligne 90: current transaction is aborted, commands ignored until end of transaction block
[2026-01-26T14:24:18.058+0000] {logging_mixin.py:151} INFO -      ⚠️ Erreur ligne 91: current transaction is aborted, commands ignored until end of transaction block
[2026-01-26T14:24:18.059+0000] {logging_mixin.py:151} INFO -      ⚠️ Erreur ligne 92: current transaction is aborted, commands ignored until end of transaction block
[2026-01-26T14:24:18.061+0000] {logging_mixin.py:151} INFO -      ⚠️ Erreur ligne 93: current transaction is aborted, commands ignored until end of transaction block
[2026-01-26T14:24:18.063+0000] {logging_mixin.py:151} INFO -      ⚠️ Erreur ligne 94: current transaction is aborted, commands ignored until end of transaction block
[2026-01-26T14:24:18.064+0000] {logging_mixin.py:151} INFO -      ⚠️ Erreur ligne 95: current transaction is aborted, commands ignored until end of transaction block
[2026-01-26T14:24:18.065+0000] {logging_mixin.py:151} INFO -      ⚠️ Erreur ligne 96: current transaction is aborted, commands ignored until end of transaction block
[2026-01-26T14:24:18.067+0000] {logging_mixin.py:151} INFO -      ⚠️ Erreur ligne 97: current transaction is aborted, commands ignored until end of transaction block
[2026-01-26T14:24:18.068+0000] {logging_mixin.py:151} INFO -      ⚠️ Erreur ligne 98: current transaction is aborted, commands ignored until end of transaction block
[2026-01-26T14:24:18.069+0000] {logging_mixin.py:151} INFO -      ⚠️ Erreur ligne 99: current transaction is aborted, commands ignored until end of transaction block
[2026-01-26T14:24:18.071+0000] {logging_mixin.py:151} INFO -      ⚠️ Erreur ligne 100: current transaction is aborted, commands ignored until end of transaction block
[2026-01-26T14:24:18.072+0000] {logging_mixin.py:151} INFO -      ⚠️ Erreur ligne 101: current transaction is aborted, commands ignored until end of transaction block
[2026-01-26T14:24:18.073+0000] {logging_mixin.py:151} INFO -      ⚠️ Erreur ligne 102: current transaction is aborted, commands ignored until end of transaction block
[2026-01-26T14:24:18.074+0000] {logging_mixin.py:151} INFO -      ⚠️ Erreur ligne 103: current transaction is aborted, commands ignored until end of transaction block
[2026-01-26T14:24:18.075+0000] {logging_mixin.py:151} INFO -      ⚠️ Erreur ligne 104: current transaction is aborted, commands ignored until end of transaction block
[2026-01-26T14:24:18.076+0000] {logging_mixin.py:151} INFO -      ⚠️ Erreur ligne 105: current transaction is aborted, commands ignored until end of transaction block
[2026-01-26T14:24:18.077+0000] {logging_mixin.py:151} INFO -      ⚠️ Erreur ligne 106: current transaction is aborted, commands ignored until end of transaction block
[2026-01-26T14:24:18.079+0000] {logging_mixin.py:151} INFO -      ⚠️ Erreur ligne 107: current transaction is aborted, commands ignored until end of transaction block
[2026-01-26T14:24:18.080+0000] {logging_mixin.py:151} INFO -      ⚠️ Erreur ligne 108: current transaction is aborted, commands ignored until end of transaction block
[2026-01-26T14:24:18.081+0000] {logging_mixin.py:151} INFO -      ⚠️ Erreur ligne 109: current transaction is aborted, commands ignored until end of transaction block
[2026-01-26T14:24:18.082+0000] {logging_mixin.py:151} INFO -      ⚠️ Erreur ligne 110: current transaction is aborted, commands ignored until end of transaction block
[2026-01-26T14:24:18.083+0000] {logging_mixin.py:151} INFO -      ⚠️ Erreur ligne 111: current transaction is aborted, commands ignored until end of transaction block
[2026-01-26T14:24:18.084+0000] {logging_mixin.py:151} INFO -      ⚠️ Erreur ligne 112: current transaction is aborted, commands ignored until end of transaction block
[2026-01-26T14:24:18.086+0000] {logging_mixin.py:151} INFO -      ⚠️ Erreur ligne 113: current transaction is aborted, commands ignored until end of transaction block
[2026-01-26T14:24:18.088+0000] {logging_mixin.py:151} INFO -      ⚠️ Erreur ligne 114: current transaction is aborted, commands ignored until end of transaction block
[2026-01-26T14:24:18.091+0000] {logging_mixin.py:151} INFO -      ⚠️ Erreur ligne 115: current transaction is aborted, commands ignored until end of transaction block
[2026-01-26T14:24:18.093+0000] {logging_mixin.py:151} INFO -      ⚠️ Erreur ligne 116: current transaction is aborted, commands ignored until end of transaction block
[2026-01-26T14:24:18.095+0000] {logging_mixin.py:151} INFO -      ⚠️ Erreur ligne 117: current transaction is aborted, commands ignored until end of transaction block
[2026-01-26T14:24:18.096+0000] {logging_mixin.py:151} INFO -      ⚠️ Erreur ligne 118: current transaction is aborted, commands ignored until end of transaction block
[2026-01-26T14:24:18.097+0000] {logging_mixin.py:151} INFO -      ⚠️ Erreur ligne 119: current transaction is aborted, commands ignored until end of transaction block
[2026-01-26T14:24:18.098+0000] {logging_mixin.py:151} INFO -      ⚠️ Erreur ligne 120: current transaction is aborted, commands ignored until end of transaction block
[2026-01-26T14:24:18.099+0000] {logging_mixin.py:151} INFO -      ⚠️ Erreur ligne 121: current transaction is aborted, commands ignored until end of transaction block
[2026-01-26T14:24:18.100+0000] {logging_mixin.py:151} INFO -      ⚠️ Erreur ligne 122: current transaction is aborted, commands ignored until end of transaction block
[2026-01-26T14:24:18.102+0000] {logging_mixin.py:151} INFO -      ⚠️ Erreur ligne 123: current transaction is aborted, commands ignored until end of transaction block
[2026-01-26T14:24:18.103+0000] {logging_mixin.py:151} INFO -      ⚠️ Erreur ligne 124: current transaction is aborted, commands ignored until end of transaction block
[2026-01-26T14:24:18.104+0000] {logging_mixin.py:151} INFO -      ⚠️ Erreur ligne 125: current transaction is aborted, commands ignored until end of transaction block
[2026-01-26T14:24:18.105+0000] {logging_mixin.py:151} INFO -      ⚠️ Erreur ligne 126: current transaction is aborted, commands ignored until end of transaction block
[2026-01-26T14:24:18.106+0000] {logging_mixin.py:151} INFO -      ⚠️ Erreur ligne 127: current transaction is aborted, commands ignored until end of transaction block
[2026-01-26T14:24:18.108+0000] {logging_mixin.py:151} INFO -      ⚠️ Erreur ligne 128: current transaction is aborted, commands ignored until end of transaction block
[2026-01-26T14:24:18.109+0000] {logging_mixin.py:151} INFO -      ⚠️ Erreur ligne 129: current transaction is aborted, commands ignored until end of transaction block
[2026-01-26T14:24:18.110+0000] {logging_mixin.py:151} INFO -      ⚠️ Erreur ligne 130: current transaction is aborted, commands ignored until end of transaction block
[2026-01-26T14:24:18.111+0000] {logging_mixin.py:151} INFO -      ⚠️ Erreur ligne 131: current transaction is aborted, commands ignored until end of transaction block
[2026-01-26T14:24:18.112+0000] {logging_mixin.py:151} INFO -      ⚠️ Erreur ligne 132: current transaction is aborted, commands ignored until end of transaction block
[2026-01-26T14:24:18.113+0000] {logging_mixin.py:151} INFO -      ⚠️ Erreur ligne 133: current transaction is aborted, commands ignored until end of transaction block
[2026-01-26T14:24:18.114+0000] {logging_mixin.py:151} INFO -      ⚠️ Erreur ligne 134: current transaction is aborted, commands ignored until end of transaction block
[2026-01-26T14:24:18.116+0000] {logging_mixin.py:151} INFO -      ⚠️ Erreur ligne 135: current transaction is aborted, commands ignored until end of transaction block
[2026-01-26T14:24:18.117+0000] {logging_mixin.py:151} INFO -      ⚠️ Erreur ligne 136: current transaction is aborted, commands ignored until end of transaction block
[2026-01-26T14:24:18.119+0000] {logging_mixin.py:151} INFO -      ⚠️ Erreur ligne 137: current transaction is aborted, commands ignored until end of transaction block
[2026-01-26T14:24:18.120+0000] {logging_mixin.py:151} INFO -      ⚠️ Erreur ligne 138: current transaction is aborted, commands ignored until end of transaction block
[2026-01-26T14:24:18.121+0000] {logging_mixin.py:151} INFO -      ⚠️ Erreur ligne 139: current transaction is aborted, commands ignored until end of transaction block
[2026-01-26T14:24:18.123+0000] {logging_mixin.py:151} INFO -      ⚠️ Erreur ligne 140: current transaction is aborted, commands ignored until end of transaction block
[2026-01-26T14:24:18.124+0000] {logging_mixin.py:151} INFO -      ⚠️ Erreur ligne 141: current transaction is aborted, commands ignored until end of transaction block
[2026-01-26T14:24:18.125+0000] {logging_mixin.py:151} INFO -      ⚠️ Erreur ligne 142: current transaction is aborted, commands ignored until end of transaction block
[2026-01-26T14:24:18.127+0000] {logging_mixin.py:151} INFO -      ⚠️ Erreur ligne 143: current transaction is aborted, commands ignored until end of transaction block
[2026-01-26T14:24:18.128+0000] {logging_mixin.py:151} INFO -      ⚠️ Erreur ligne 144: current transaction is aborted, commands ignored until end of transaction block
[2026-01-26T14:24:18.129+0000] {logging_mixin.py:151} INFO -      ⚠️ Erreur ligne 145: current transaction is aborted, commands ignored until end of transaction block
[2026-01-26T14:24:18.130+0000] {logging_mixin.py:151} INFO -      ⚠️ Erreur ligne 146: current transaction is aborted, commands ignored until end of transaction block
[2026-01-26T14:24:18.132+0000] {logging_mixin.py:151} INFO -      ⚠️ Erreur ligne 147: current transaction is aborted, commands ignored until end of transaction block
[2026-01-26T14:24:18.133+0000] {logging_mixin.py:151} INFO -      ⚠️ Erreur ligne 148: current transaction is aborted, commands ignored until end of transaction block
[2026-01-26T14:24:18.134+0000] {logging_mixin.py:151} INFO -      ⚠️ Erreur ligne 149: current transaction is aborted, commands ignored until end of transaction block
[2026-01-26T14:24:18.135+0000] {logging_mixin.py:151} INFO -      ⚠️ Erreur ligne 150: current transaction is aborted, commands ignored until end of transaction block
[2026-01-26T14:24:18.136+0000] {logging_mixin.py:151} INFO -      ⚠️ Erreur ligne 151: current transaction is aborted, commands ignored until end of transaction block
[2026-01-26T14:24:18.137+0000] {logging_mixin.py:151} INFO -      ⚠️ Erreur ligne 152: current transaction is aborted, commands ignored until end of transaction block
[2026-01-26T14:24:18.138+0000] {logging_mixin.py:151} INFO -      ⚠️ Erreur ligne 153: current transaction is aborted, commands ignored until end of transaction block
[2026-01-26T14:24:18.139+0000] {logging_mixin.py:151} INFO -      ⚠️ Erreur ligne 154: current transaction is aborted, commands ignored until end of transaction block
[2026-01-26T14:24:18.141+0000] {logging_mixin.py:151} INFO -      ⚠️ Erreur ligne 155: current transaction is aborted, commands ignored until end of transaction block
[2026-01-26T14:24:18.142+0000] {logging_mixin.py:151} INFO -      ⚠️ Erreur ligne 156: current transaction is aborted, commands ignored until end of transaction block
[2026-01-26T14:24:18.143+0000] {logging_mixin.py:151} INFO -      ⚠️ Erreur ligne 157: current transaction is aborted, commands ignored until end of transaction block
[2026-01-26T14:24:18.144+0000] {logging_mixin.py:151} INFO -      ⚠️ Erreur ligne 158: current transaction is aborted, commands ignored until end of transaction block
[2026-01-26T14:24:18.145+0000] {logging_mixin.py:151} INFO -      ⚠️ Erreur ligne 159: current transaction is aborted, commands ignored until end of transaction block
[2026-01-26T14:24:18.146+0000] {logging_mixin.py:151} INFO -      ⚠️ Erreur ligne 160: current transaction is aborted, commands ignored until end of transaction block
[2026-01-26T14:24:18.148+0000] {logging_mixin.py:151} INFO -      ⚠️ Erreur ligne 161: current transaction is aborted, commands ignored until end of transaction block
[2026-01-26T14:24:18.149+0000] {logging_mixin.py:151} INFO -      ⚠️ Erreur ligne 162: current transaction is aborted, commands ignored until end of transaction block
[2026-01-26T14:24:18.150+0000] {logging_mixin.py:151} INFO -      ⚠️ Erreur ligne 163: current transaction is aborted, commands ignored until end of transaction block
[2026-01-26T14:24:18.151+0000] {logging_mixin.py:151} INFO -      ⚠️ Erreur ligne 164: current transaction is aborted, commands ignored until end of transaction block
[2026-01-26T14:24:18.152+0000] {logging_mixin.py:151} INFO -      ⚠️ Erreur ligne 165: current transaction is aborted, commands ignored until end of transaction block
[2026-01-26T14:24:18.153+0000] {logging_mixin.py:151} INFO -      ⚠️ Erreur ligne 166: current transaction is aborted, commands ignored until end of transaction block
[2026-01-26T14:24:18.155+0000] {logging_mixin.py:151} INFO -      ⚠️ Erreur ligne 167: current transaction is aborted, commands ignored until end of transaction block
[2026-01-26T14:24:18.156+0000] {logging_mixin.py:151} INFO -      ⚠️ Erreur ligne 168: current transaction is aborted, commands ignored until end of transaction block
[2026-01-26T14:24:18.158+0000] {logging_mixin.py:151} INFO -      ⚠️ Erreur ligne 169: current transaction is aborted, commands ignored until end of transaction block
[2026-01-26T14:24:18.160+0000] {logging_mixin.py:151} INFO -      ⚠️ Erreur ligne 170: current transaction is aborted, commands ignored until end of transaction block
[2026-01-26T14:24:18.161+0000] {logging_mixin.py:151} INFO -      ⚠️ Erreur ligne 171: current transaction is aborted, commands ignored until end of transaction block
[2026-01-26T14:24:18.163+0000] {logging_mixin.py:151} INFO -      ⚠️ Erreur ligne 172: current transaction is aborted, commands ignored until end of transaction block
[2026-01-26T14:24:18.164+0000] {logging_mixin.py:151} INFO -      ⚠️ Erreur ligne 173: current transaction is aborted, commands ignored until end of transaction block
[2026-01-26T14:24:18.165+0000] {logging_mixin.py:151} INFO -      ⚠️ Erreur ligne 174: current transaction is aborted, commands ignored until end of transaction block
[2026-01-26T14:24:18.166+0000] {logging_mixin.py:151} INFO -      ⚠️ Erreur ligne 175: current transaction is aborted, commands ignored until end of transaction block
[2026-01-26T14:24:18.167+0000] {logging_mixin.py:151} INFO -      ⚠️ Erreur ligne 176: current transaction is aborted, commands ignored until end of transaction block
[2026-01-26T14:24:18.168+0000] {logging_mixin.py:151} INFO -      ⚠️ Erreur ligne 177: current transaction is aborted, commands ignored until end of transaction block
[2026-01-26T14:24:18.169+0000] {logging_mixin.py:151} INFO -      ⚠️ Erreur ligne 178: current transaction is aborted, commands ignored until end of transaction block
[2026-01-26T14:24:18.170+0000] {logging_mixin.py:151} INFO -      ⚠️ Erreur ligne 179: current transaction is aborted, commands ignored until end of transaction block
[2026-01-26T14:24:18.171+0000] {logging_mixin.py:151} INFO -      ⚠️ Erreur ligne 180: current transaction is aborted, commands ignored until end of transaction block
[2026-01-26T14:24:18.173+0000] {logging_mixin.py:151} INFO -      ⚠️ Erreur ligne 181: current transaction is aborted, commands ignored until end of transaction block
[2026-01-26T14:24:18.174+0000] {logging_mixin.py:151} INFO -      ⚠️ Erreur ligne 182: current transaction is aborted, commands ignored until end of transaction block
[2026-01-26T14:24:18.175+0000] {logging_mixin.py:151} INFO -      ⚠️ Erreur ligne 183: current transaction is aborted, commands ignored until end of transaction block
[2026-01-26T14:24:18.177+0000] {logging_mixin.py:151} INFO -      ⚠️ Erreur ligne 184: current transaction is aborted, commands ignored until end of transaction block
[2026-01-26T14:24:18.178+0000] {logging_mixin.py:151} INFO -      ⚠️ Erreur ligne 185: current transaction is aborted, commands ignored until end of transaction block
[2026-01-26T14:24:18.180+0000] {logging_mixin.py:151} INFO -      ⚠️ Erreur ligne 186: current transaction is aborted, commands ignored until end of transaction block
[2026-01-26T14:24:18.181+0000] {logging_mixin.py:151} INFO -      ⚠️ Erreur ligne 187: current transaction is aborted, commands ignored until end of transaction block
[2026-01-26T14:24:18.183+0000] {logging_mixin.py:151} INFO -      ⚠️ Erreur ligne 188: current transaction is aborted, commands ignored until end of transaction block
[2026-01-26T14:24:18.184+0000] {logging_mixin.py:151} INFO -      ⚠️ Erreur ligne 189: current transaction is aborted, commands ignored until end of transaction block
[2026-01-26T14:24:18.185+0000] {logging_mixin.py:151} INFO -      ⚠️ Erreur ligne 190: current transaction is aborted, commands ignored until end of transaction block
[2026-01-26T14:24:18.187+0000] {logging_mixin.py:151} INFO -      ⚠️ Erreur ligne 191: current transaction is aborted, commands ignored until end of transaction block
[2026-01-26T14:24:18.188+0000] {logging_mixin.py:151} INFO -      ⚠️ Erreur ligne 192: current transaction is aborted, commands ignored until end of transaction block
[2026-01-26T14:24:18.189+0000] {logging_mixin.py:151} INFO -      ⚠️ Erreur ligne 193: current transaction is aborted, commands ignored until end of transaction block
[2026-01-26T14:24:18.190+0000] {logging_mixin.py:151} INFO -      ⚠️ Erreur ligne 194: current transaction is aborted, commands ignored until end of transaction block
[2026-01-26T14:24:18.192+0000] {logging_mixin.py:151} INFO -      ⚠️ Erreur ligne 195: current transaction is aborted, commands ignored until end of transaction block
[2026-01-26T14:24:18.193+0000] {logging_mixin.py:151} INFO -      ⚠️ Erreur ligne 196: current transaction is aborted, commands ignored until end of transaction block
[2026-01-26T14:24:18.194+0000] {logging_mixin.py:151} INFO -      ⚠️ Erreur ligne 197: current transaction is aborted, commands ignored until end of transaction block
[2026-01-26T14:24:18.195+0000] {logging_mixin.py:151} INFO -      ⚠️ Erreur ligne 198: current transaction is aborted, commands ignored until end of transaction block
[2026-01-26T14:24:18.196+0000] {logging_mixin.py:151} INFO -      ⚠️ Erreur ligne 199: current transaction is aborted, commands ignored until end of transaction block
[2026-01-26T14:24:18.197+0000] {logging_mixin.py:151} INFO -      ⚠️ Erreur ligne 200: current transaction is aborted, commands ignored until end of transaction block
[2026-01-26T14:24:18.198+0000] {logging_mixin.py:151} INFO -      ⚠️ Erreur ligne 201: current transaction is aborted, commands ignored until end of transaction block
[2026-01-26T14:24:18.199+0000] {logging_mixin.py:151} INFO -      ⚠️ Erreur ligne 202: current transaction is aborted, commands ignored until end of transaction block
[2026-01-26T14:24:18.201+0000] {logging_mixin.py:151} INFO -      ⚠️ Erreur ligne 203: current transaction is aborted, commands ignored until end of transaction block
[2026-01-26T14:24:18.202+0000] {logging_mixin.py:151} INFO -      ⚠️ Erreur ligne 204: current transaction is aborted, commands ignored until end of transaction block
[2026-01-26T14:24:18.203+0000] {logging_mixin.py:151} INFO -      ⚠️ Erreur ligne 205: current transaction is aborted, commands ignored until end of transaction block
[2026-01-26T14:24:18.205+0000] {logging_mixin.py:151} INFO -      ⚠️ Erreur ligne 206: current transaction is aborted, commands ignored until end of transaction block
[2026-01-26T14:24:18.207+0000] {logging_mixin.py:151} INFO -      ⚠️ Erreur ligne 207: current transaction is aborted, commands ignored until end of transaction block
[2026-01-26T14:24:18.208+0000] {logging_mixin.py:151} INFO -      ⚠️ Erreur ligne 208: current transaction is aborted, commands ignored until end of transaction block
[2026-01-26T14:24:18.209+0000] {logging_mixin.py:151} INFO -      ⚠️ Erreur ligne 209: current transaction is aborted, commands ignored until end of transaction block
[2026-01-26T14:24:18.211+0000] {logging_mixin.py:151} INFO -      ⚠️ Erreur ligne 210: current transaction is aborted, commands ignored until end of transaction block
[2026-01-26T14:24:18.212+0000] {logging_mixin.py:151} INFO -      ⚠️ Erreur ligne 211: current transaction is aborted, commands ignored until end of transaction block
[2026-01-26T14:24:18.213+0000] {logging_mixin.py:151} INFO -      ⚠️ Erreur ligne 212: current transaction is aborted, commands ignored until end of transaction block
[2026-01-26T14:24:18.214+0000] {logging_mixin.py:151} INFO -      ⚠️ Erreur ligne 213: current transaction is aborted, commands ignored until end of transaction block
[2026-01-26T14:24:18.216+0000] {logging_mixin.py:151} INFO -      ⚠️ Erreur ligne 214: current transaction is aborted, commands ignored until end of transaction block
[2026-01-26T14:24:18.217+0000] {logging_mixin.py:151} INFO -      ⚠️ Erreur ligne 215: current transaction is aborted, commands ignored until end of transaction block
[2026-01-26T14:24:18.218+0000] {logging_mixin.py:151} INFO -      ⚠️ Erreur ligne 216: current transaction is aborted, commands ignored until end of transaction block
[2026-01-26T14:24:18.219+0000] {logging_mixin.py:151} INFO -      ⚠️ Erreur ligne 217: current transaction is aborted, commands ignored until end of transaction block
[2026-01-26T14:24:18.220+0000] {logging_mixin.py:151} INFO -      ⚠️ Erreur ligne 218: current transaction is aborted, commands ignored until end of transaction block
[2026-01-26T14:24:18.221+0000] {logging_mixin.py:151} INFO -      ⚠️ Erreur ligne 219: current transaction is aborted, commands ignored until end of transaction block
[2026-01-26T14:24:18.222+0000] {logging_mixin.py:151} INFO -      ⚠️ Erreur ligne 220: current transaction is aborted, commands ignored until end of transaction block
[2026-01-26T14:24:18.224+0000] {logging_mixin.py:151} INFO -      ⚠️ Erreur ligne 221: current transaction is aborted, commands ignored until end of transaction block
[2026-01-26T14:24:18.225+0000] {logging_mixin.py:151} INFO -      ⚠️ Erreur ligne 222: current transaction is aborted, commands ignored until end of transaction block
[2026-01-26T14:24:18.226+0000] {logging_mixin.py:151} INFO -      ⚠️ Erreur ligne 223: current transaction is aborted, commands ignored until end of transaction block
[2026-01-26T14:24:18.227+0000] {logging_mixin.py:151} INFO -      ⚠️ Erreur ligne 224: current transaction is aborted, commands ignored until end of transaction block
[2026-01-26T14:24:18.228+0000] {logging_mixin.py:151} INFO -      ⚠️ Erreur ligne 225: current transaction is aborted, commands ignored until end of transaction block
[2026-01-26T14:24:18.229+0000] {logging_mixin.py:151} INFO -      ⚠️ Erreur ligne 226: current transaction is aborted, commands ignored until end of transaction block
[2026-01-26T14:24:18.230+0000] {logging_mixin.py:151} INFO -      ⚠️ Erreur ligne 227: current transaction is aborted, commands ignored until end of transaction block
[2026-01-26T14:24:18.231+0000] {logging_mixin.py:151} INFO -      ⚠️ Erreur ligne 228: current transaction is aborted, commands ignored until end of transaction block
[2026-01-26T14:24:18.233+0000] {logging_mixin.py:151} INFO -      ⚠️ Erreur ligne 229: current transaction is aborted, commands ignored until end of transaction block
[2026-01-26T14:24:18.234+0000] {logging_mixin.py:151} INFO -      ⚠️ Erreur ligne 230: current transaction is aborted, commands ignored until end of transaction block
[2026-01-26T14:24:18.236+0000] {logging_mixin.py:151} INFO -      ⚠️ Erreur ligne 231: current transaction is aborted, commands ignored until end of transaction block
[2026-01-26T14:24:18.237+0000] {logging_mixin.py:151} INFO -      ⚠️ Erreur ligne 232: current transaction is aborted, commands ignored until end of transaction block
[2026-01-26T14:24:18.238+0000] {logging_mixin.py:151} INFO -      ⚠️ Erreur ligne 233: current transaction is aborted, commands ignored until end of transaction block
[2026-01-26T14:24:18.240+0000] {logging_mixin.py:151} INFO -      ⚠️ Erreur ligne 234: current transaction is aborted, commands ignored until end of transaction block
[2026-01-26T14:24:18.241+0000] {logging_mixin.py:151} INFO -      ⚠️ Erreur ligne 235: current transaction is aborted, commands ignored until end of transaction block
[2026-01-26T14:24:18.242+0000] {logging_mixin.py:151} INFO -      ⚠️ Erreur ligne 236: current transaction is aborted, commands ignored until end of transaction block
[2026-01-26T14:24:18.244+0000] {logging_mixin.py:151} INFO -      ⚠️ Erreur ligne 237: current transaction is aborted, commands ignored until end of transaction block
[2026-01-26T14:24:18.245+0000] {logging_mixin.py:151} INFO -      ⚠️ Erreur ligne 238: current transaction is aborted, commands ignored until end of transaction block
[2026-01-26T14:24:18.246+0000] {logging_mixin.py:151} INFO -      ⚠️ Erreur ligne 239: current transaction is aborted, commands ignored until end of transaction block
[2026-01-26T14:24:18.247+0000] {logging_mixin.py:151} INFO -      ⚠️ Erreur ligne 240: current transaction is aborted, commands ignored until end of transaction block
[2026-01-26T14:24:18.248+0000] {logging_mixin.py:151} INFO -      ⚠️ Erreur ligne 241: current transaction is aborted, commands ignored until end of transaction block
[2026-01-26T14:24:18.249+0000] {logging_mixin.py:151} INFO -      ⚠️ Erreur ligne 242: current transaction is aborted, commands ignored until end of transaction block
[2026-01-26T14:24:18.251+0000] {logging_mixin.py:151} INFO -      ⚠️ Erreur ligne 243: current transaction is aborted, commands ignored until end of transaction block
[2026-01-26T14:24:18.252+0000] {logging_mixin.py:151} INFO -      ⚠️ Erreur ligne 244: current transaction is aborted, commands ignored until end of transaction block
[2026-01-26T14:24:18.253+0000] {logging_mixin.py:151} INFO -      ⚠️ Erreur ligne 245: current transaction is aborted, commands ignored until end of transaction block
[2026-01-26T14:24:18.255+0000] {logging_mixin.py:151} INFO -      ⚠️ Erreur ligne 246: current transaction is aborted, commands ignored until end of transaction block
[2026-01-26T14:24:18.256+0000] {logging_mixin.py:151} INFO -      ⚠️ Erreur ligne 247: current transaction is aborted, commands ignored until end of transaction block
[2026-01-26T14:24:18.257+0000] {logging_mixin.py:151} INFO -      ⚠️ Erreur ligne 248: current transaction is aborted, commands ignored until end of transaction block
[2026-01-26T14:24:18.259+0000] {logging_mixin.py:151} INFO -      ⚠️ Erreur ligne 249: current transaction is aborted, commands ignored until end of transaction block
[2026-01-26T14:24:18.260+0000] {logging_mixin.py:151} INFO -      ⚠️ Erreur ligne 250: current transaction is aborted, commands ignored until end of transaction block
[2026-01-26T14:24:18.261+0000] {logging_mixin.py:151} INFO -      ⚠️ Erreur ligne 251: current transaction is aborted, commands ignored until end of transaction block
[2026-01-26T14:24:18.263+0000] {logging_mixin.py:151} INFO -      ⚠️ Erreur ligne 252: current transaction is aborted, commands ignored until end of transaction block
[2026-01-26T14:24:18.264+0000] {logging_mixin.py:151} INFO -      ⚠️ Erreur ligne 253: current transaction is aborted, commands ignored until end of transaction block
[2026-01-26T14:24:18.265+0000] {logging_mixin.py:151} INFO -      ⚠️ Erreur ligne 254: current transaction is aborted, commands ignored until end of transaction block
[2026-01-26T14:24:18.266+0000] {logging_mixin.py:151} INFO -      ⚠️ Erreur ligne 255: current transaction is aborted, commands ignored until end of transaction block
[2026-01-26T14:24:18.268+0000] {logging_mixin.py:151} INFO -      ⚠️ Erreur ligne 256: current transaction is aborted, commands ignored until end of transaction block
[2026-01-26T14:24:18.269+0000] {logging_mixin.py:151} INFO -      ⚠️ Erreur ligne 257: current transaction is aborted, commands ignored until end of transaction block
[2026-01-26T14:24:18.270+0000] {logging_mixin.py:151} INFO -      ⚠️ Erreur ligne 258: current transaction is aborted, commands ignored until end of transaction block
[2026-01-26T14:24:18.271+0000] {logging_mixin.py:151} INFO -      ⚠️ Erreur ligne 259: current transaction is aborted, commands ignored until end of transaction block
[2026-01-26T14:24:18.272+0000] {logging_mixin.py:151} INFO -      ⚠️ Erreur ligne 260: current transaction is aborted, commands ignored until end of transaction block
[2026-01-26T14:24:18.273+0000] {logging_mixin.py:151} INFO -      ⚠️ Erreur ligne 261: current transaction is aborted, commands ignored until end of transaction block
[2026-01-26T14:24:18.275+0000] {logging_mixin.py:151} INFO -      ⚠️ Erreur ligne 262: current transaction is aborted, commands ignored until end of transaction block
[2026-01-26T14:24:18.277+0000] {logging_mixin.py:151} INFO -      ⚠️ Erreur ligne 263: current transaction is aborted, commands ignored until end of transaction block
[2026-01-26T14:24:18.279+0000] {logging_mixin.py:151} INFO -      ⚠️ Erreur ligne 264: current transaction is aborted, commands ignored until end of transaction block
[2026-01-26T14:24:18.280+0000] {logging_mixin.py:151} INFO -      ⚠️ Erreur ligne 265: current transaction is aborted, commands ignored until end of transaction block
[2026-01-26T14:24:18.282+0000] {logging_mixin.py:151} INFO -      ⚠️ Erreur ligne 266: current transaction is aborted, commands ignored until end of transaction block
[2026-01-26T14:24:18.283+0000] {logging_mixin.py:151} INFO -      ⚠️ Erreur ligne 267: current transaction is aborted, commands ignored until end of transaction block
[2026-01-26T14:24:18.284+0000] {logging_mixin.py:151} INFO -      ⚠️ Erreur ligne 268: current transaction is aborted, commands ignored until end of transaction block
[2026-01-26T14:24:18.286+0000] {logging_mixin.py:151} INFO -      ⚠️ Erreur ligne 269: current transaction is aborted, commands ignored until end of transaction block
[2026-01-26T14:24:18.287+0000] {logging_mixin.py:151} INFO -      ⚠️ Erreur ligne 270: current transaction is aborted, commands ignored until end of transaction block
[2026-01-26T14:24:18.289+0000] {logging_mixin.py:151} INFO -      ⚠️ Erreur ligne 271: current transaction is aborted, commands ignored until end of transaction block
[2026-01-26T14:24:18.290+0000] {logging_mixin.py:151} INFO -      ⚠️ Erreur ligne 272: current transaction is aborted, commands ignored until end of transaction block
[2026-01-26T14:24:18.291+0000] {logging_mixin.py:151} INFO -      ⚠️ Erreur ligne 273: current transaction is aborted, commands ignored until end of transaction block
[2026-01-26T14:24:18.293+0000] {logging_mixin.py:151} INFO -      ⚠️ Erreur ligne 274: current transaction is aborted, commands ignored until end of transaction block
[2026-01-26T14:24:18.295+0000] {logging_mixin.py:151} INFO -      ⚠️ Erreur ligne 275: current transaction is aborted, commands ignored until end of transaction block
[2026-01-26T14:24:18.297+0000] {logging_mixin.py:151} INFO -      ⚠️ Erreur ligne 276: current transaction is aborted, commands ignored until end of transaction block
[2026-01-26T14:24:18.300+0000] {logging_mixin.py:151} INFO -      ⚠️ Erreur ligne 277: current transaction is aborted, commands ignored until end of transaction block
[2026-01-26T14:24:18.302+0000] {logging_mixin.py:151} INFO -      ⚠️ Erreur ligne 278: current transaction is aborted, commands ignored until end of transaction block
[2026-01-26T14:24:18.303+0000] {logging_mixin.py:151} INFO -      ⚠️ Erreur ligne 279: current transaction is aborted, commands ignored until end of transaction block
[2026-01-26T14:24:18.305+0000] {logging_mixin.py:151} INFO -      ⚠️ Erreur ligne 280: current transaction is aborted, commands ignored until end of transaction block
[2026-01-26T14:24:18.307+0000] {logging_mixin.py:151} INFO -      ⚠️ Erreur ligne 281: current transaction is aborted, commands ignored until end of transaction block
[2026-01-26T14:24:18.310+0000] {logging_mixin.py:151} INFO -      ⚠️ Erreur ligne 282: current transaction is aborted, commands ignored until end of transaction block
[2026-01-26T14:24:18.312+0000] {logging_mixin.py:151} INFO -      ⚠️ Erreur ligne 283: current transaction is aborted, commands ignored until end of transaction block
[2026-01-26T14:24:18.314+0000] {logging_mixin.py:151} INFO -      ⚠️ Erreur ligne 284: current transaction is aborted, commands ignored until end of transaction block
[2026-01-26T14:24:18.316+0000] {logging_mixin.py:151} INFO -      ⚠️ Erreur ligne 285: current transaction is aborted, commands ignored until end of transaction block
[2026-01-26T14:24:18.319+0000] {logging_mixin.py:151} INFO -      ⚠️ Erreur ligne 286: current transaction is aborted, commands ignored until end of transaction block
[2026-01-26T14:24:18.321+0000] {logging_mixin.py:151} INFO -      ⚠️ Erreur ligne 287: current transaction is aborted, commands ignored until end of transaction block
[2026-01-26T14:24:18.323+0000] {logging_mixin.py:151} INFO -      ⚠️ Erreur ligne 288: current transaction is aborted, commands ignored until end of transaction block
[2026-01-26T14:24:18.325+0000] {logging_mixin.py:151} INFO -      ⚠️ Erreur ligne 289: current transaction is aborted, commands ignored until end of transaction block
[2026-01-26T14:24:18.327+0000] {logging_mixin.py:151} INFO -      ⚠️ Erreur ligne 290: current transaction is aborted, commands ignored until end of transaction block
[2026-01-26T14:24:18.329+0000] {logging_mixin.py:151} INFO -      ⚠️ Erreur ligne 291: current transaction is aborted, commands ignored until end of transaction block
[2026-01-26T14:24:18.331+0000] {logging_mixin.py:151} INFO -      ⚠️ Erreur ligne 292: current transaction is aborted, commands ignored until end of transaction block
[2026-01-26T14:24:18.332+0000] {logging_mixin.py:151} INFO -      ⚠️ Erreur ligne 293: current transaction is aborted, commands ignored until end of transaction block
[2026-01-26T14:24:18.334+0000] {logging_mixin.py:151} INFO -      ⚠️ Erreur ligne 294: current transaction is aborted, commands ignored until end of transaction block
[2026-01-26T14:24:18.335+0000] {logging_mixin.py:151} INFO -      ⚠️ Erreur ligne 295: current transaction is aborted, commands ignored until end of transaction block
[2026-01-26T14:24:18.336+0000] {logging_mixin.py:151} INFO -      ⚠️ Erreur ligne 296: current transaction is aborted, commands ignored until end of transaction block
[2026-01-26T14:24:18.337+0000] {logging_mixin.py:151} INFO -      ⚠️ Erreur ligne 297: current transaction is aborted, commands ignored until end of transaction block
[2026-01-26T14:24:18.339+0000] {logging_mixin.py:151} INFO -      ⚠️ Erreur ligne 298: current transaction is aborted, commands ignored until end of transaction block
[2026-01-26T14:24:18.340+0000] {logging_mixin.py:151} INFO -      ⚠️ Erreur ligne 299: current transaction is aborted, commands ignored until end of transaction block
[2026-01-26T14:24:18.341+0000] {logging_mixin.py:151} INFO -      ⚠️ Erreur ligne 300: current transaction is aborted, commands ignored until end of transaction block
[2026-01-26T14:24:18.343+0000] {logging_mixin.py:151} INFO -      ⚠️ Erreur ligne 301: current transaction is aborted, commands ignored until end of transaction block
[2026-01-26T14:24:18.344+0000] {logging_mixin.py:151} INFO -      ⚠️ Erreur ligne 302: current transaction is aborted, commands ignored until end of transaction block
[2026-01-26T14:24:18.346+0000] {logging_mixin.py:151} INFO -      ⚠️ Erreur ligne 303: current transaction is aborted, commands ignored until end of transaction block
[2026-01-26T14:24:18.347+0000] {logging_mixin.py:151} INFO -      ⚠️ Erreur ligne 304: current transaction is aborted, commands ignored until end of transaction block
[2026-01-26T14:24:18.349+0000] {logging_mixin.py:151} INFO -      ⚠️ Erreur ligne 305: current transaction is aborted, commands ignored until end of transaction block
[2026-01-26T14:24:18.350+0000] {logging_mixin.py:151} INFO -      ⚠️ Erreur ligne 306: current transaction is aborted, commands ignored until end of transaction block
[2026-01-26T14:24:18.352+0000] {logging_mixin.py:151} INFO -      ⚠️ Erreur ligne 307: current transaction is aborted, commands ignored until end of transaction block
[2026-01-26T14:24:18.353+0000] {logging_mixin.py:151} INFO -      ⚠️ Erreur ligne 308: current transaction is aborted, commands ignored until end of transaction block
[2026-01-26T14:24:18.355+0000] {logging_mixin.py:151} INFO -      ⚠️ Erreur ligne 309: current transaction is aborted, commands ignored until end of transaction block
[2026-01-26T14:24:18.356+0000] {logging_mixin.py:151} INFO -      ⚠️ Erreur ligne 310: current transaction is aborted, commands ignored until end of transaction block
[2026-01-26T14:24:18.357+0000] {logging_mixin.py:151} INFO -      ⚠️ Erreur ligne 311: current transaction is aborted, commands ignored until end of transaction block
[2026-01-26T14:24:18.359+0000] {logging_mixin.py:151} INFO -      ⚠️ Erreur ligne 312: current transaction is aborted, commands ignored until end of transaction block
[2026-01-26T14:24:18.360+0000] {logging_mixin.py:151} INFO -      ⚠️ Erreur ligne 313: current transaction is aborted, commands ignored until end of transaction block
[2026-01-26T14:24:18.361+0000] {logging_mixin.py:151} INFO -      ⚠️ Erreur ligne 314: current transaction is aborted, commands ignored until end of transaction block
[2026-01-26T14:24:18.363+0000] {logging_mixin.py:151} INFO -      ⚠️ Erreur ligne 315: current transaction is aborted, commands ignored until end of transaction block
[2026-01-26T14:24:18.365+0000] {logging_mixin.py:151} INFO -      ⚠️ Erreur ligne 316: current transaction is aborted, commands ignored until end of transaction block
[2026-01-26T14:24:18.368+0000] {logging_mixin.py:151} INFO -      ⚠️ Erreur ligne 317: current transaction is aborted, commands ignored until end of transaction block
[2026-01-26T14:24:18.370+0000] {logging_mixin.py:151} INFO -      ⚠️ Erreur ligne 318: current transaction is aborted, commands ignored until end of transaction block
[2026-01-26T14:24:18.372+0000] {logging_mixin.py:151} INFO -      ⚠️ Erreur ligne 319: current transaction is aborted, commands ignored until end of transaction block
[2026-01-26T14:24:18.375+0000] {logging_mixin.py:151} INFO -      ⚠️ Erreur ligne 320: current transaction is aborted, commands ignored until end of transaction block
[2026-01-26T14:24:18.377+0000] {logging_mixin.py:151} INFO -      ⚠️ Erreur ligne 321: current transaction is aborted, commands ignored until end of transaction block
[2026-01-26T14:24:18.378+0000] {logging_mixin.py:151} INFO -      ⚠️ Erreur ligne 322: current transaction is aborted, commands ignored until end of transaction block
[2026-01-26T14:24:18.380+0000] {logging_mixin.py:151} INFO -      ⚠️ Erreur ligne 323: current transaction is aborted, commands ignored until end of transaction block
[2026-01-26T14:24:18.381+0000] {logging_mixin.py:151} INFO -      ⚠️ Erreur ligne 324: current transaction is aborted, commands ignored until end of transaction block
[2026-01-26T14:24:18.383+0000] {logging_mixin.py:151} INFO -      ⚠️ Erreur ligne 325: current transaction is aborted, commands ignored until end of transaction block
[2026-01-26T14:24:18.384+0000] {logging_mixin.py:151} INFO -      ⚠️ Erreur ligne 326: current transaction is aborted, commands ignored until end of transaction block
[2026-01-26T14:24:18.385+0000] {logging_mixin.py:151} INFO -      ⚠️ Erreur ligne 327: current transaction is aborted, commands ignored until end of transaction block
[2026-01-26T14:24:18.387+0000] {logging_mixin.py:151} INFO -      ⚠️ Erreur ligne 328: current transaction is aborted, commands ignored until end of transaction block
[2026-01-26T14:24:18.388+0000] {logging_mixin.py:151} INFO -      ⚠️ Erreur ligne 329: current transaction is aborted, commands ignored until end of transaction block
[2026-01-26T14:24:18.389+0000] {logging_mixin.py:151} INFO -      ⚠️ Erreur ligne 330: current transaction is aborted, commands ignored until end of transaction block
[2026-01-26T14:24:18.391+0000] {logging_mixin.py:151} INFO -      ⚠️ Erreur ligne 331: current transaction is aborted, commands ignored until end of transaction block
[2026-01-26T14:24:18.392+0000] {logging_mixin.py:151} INFO -      ⚠️ Erreur ligne 332: current transaction is aborted, commands ignored until end of transaction block
[2026-01-26T14:24:18.393+0000] {logging_mixin.py:151} INFO -      ⚠️ Erreur ligne 333: current transaction is aborted, commands ignored until end of transaction block
[2026-01-26T14:24:18.395+0000] {logging_mixin.py:151} INFO -      ⚠️ Erreur ligne 334: current transaction is aborted, commands ignored until end of transaction block
[2026-01-26T14:24:18.396+0000] {logging_mixin.py:151} INFO -      ⚠️ Erreur ligne 335: current transaction is aborted, commands ignored until end of transaction block
[2026-01-26T14:24:18.397+0000] {logging_mixin.py:151} INFO -      ⚠️ Erreur ligne 336: current transaction is aborted, commands ignored until end of transaction block
[2026-01-26T14:24:18.399+0000] {logging_mixin.py:151} INFO -      ⚠️ Erreur ligne 337: current transaction is aborted, commands ignored until end of transaction block
[2026-01-26T14:24:18.401+0000] {logging_mixin.py:151} INFO -      ⚠️ Erreur ligne 338: current transaction is aborted, commands ignored until end of transaction block
[2026-01-26T14:24:18.403+0000] {logging_mixin.py:151} INFO -      ⚠️ Erreur ligne 339: current transaction is aborted, commands ignored until end of transaction block
[2026-01-26T14:24:18.405+0000] {logging_mixin.py:151} INFO -      ⚠️ Erreur ligne 340: current transaction is aborted, commands ignored until end of transaction block
[2026-01-26T14:24:18.406+0000] {logging_mixin.py:151} INFO -      ⚠️ Erreur ligne 341: current transaction is aborted, commands ignored until end of transaction block
[2026-01-26T14:24:18.407+0000] {logging_mixin.py:151} INFO -      ⚠️ Erreur ligne 342: current transaction is aborted, commands ignored until end of transaction block
[2026-01-26T14:24:18.409+0000] {logging_mixin.py:151} INFO -      ⚠️ Erreur ligne 343: current transaction is aborted, commands ignored until end of transaction block
[2026-01-26T14:24:18.410+0000] {logging_mixin.py:151} INFO -      ⚠️ Erreur ligne 344: current transaction is aborted, commands ignored until end of transaction block
[2026-01-26T14:24:18.411+0000] {logging_mixin.py:151} INFO -      ⚠️ Erreur ligne 345: current transaction is aborted, commands ignored until end of transaction block
[2026-01-26T14:24:18.413+0000] {logging_mixin.py:151} INFO -      ⚠️ Erreur ligne 346: current transaction is aborted, commands ignored until end of transaction block
[2026-01-26T14:24:18.414+0000] {logging_mixin.py:151} INFO -      ⚠️ Erreur ligne 347: current transaction is aborted, commands ignored until end of transaction block
[2026-01-26T14:24:18.415+0000] {logging_mixin.py:151} INFO -      ⚠️ Erreur ligne 348: current transaction is aborted, commands ignored until end of transaction block
[2026-01-26T14:24:18.416+0000] {logging_mixin.py:151} INFO -      ⚠️ Erreur ligne 349: current transaction is aborted, commands ignored until end of transaction block
[2026-01-26T14:24:18.418+0000] {logging_mixin.py:151} INFO -      ⚠️ Erreur ligne 350: current transaction is aborted, commands ignored until end of transaction block
[2026-01-26T14:24:18.419+0000] {logging_mixin.py:151} INFO -      ⚠️ Erreur ligne 351: current transaction is aborted, commands ignored until end of transaction block
[2026-01-26T14:24:18.421+0000] {logging_mixin.py:151} INFO -      ⚠️ Erreur ligne 352: current transaction is aborted, commands ignored until end of transaction block
[2026-01-26T14:24:18.423+0000] {logging_mixin.py:151} INFO -      ⚠️ Erreur ligne 353: current transaction is aborted, commands ignored until end of transaction block
[2026-01-26T14:24:18.425+0000] {logging_mixin.py:151} INFO -      ⚠️ Erreur ligne 354: current transaction is aborted, commands ignored until end of transaction block
[2026-01-26T14:24:18.426+0000] {logging_mixin.py:151} INFO -      ⚠️ Erreur ligne 355: current transaction is aborted, commands ignored until end of transaction block
[2026-01-26T14:24:18.428+0000] {logging_mixin.py:151} INFO -      ⚠️ Erreur ligne 356: current transaction is aborted, commands ignored until end of transaction block
[2026-01-26T14:24:18.429+0000] {logging_mixin.py:151} INFO -      ⚠️ Erreur ligne 357: current transaction is aborted, commands ignored until end of transaction block
[2026-01-26T14:24:18.431+0000] {logging_mixin.py:151} INFO -      ⚠️ Erreur ligne 358: current transaction is aborted, commands ignored until end of transaction block
[2026-01-26T14:24:18.432+0000] {logging_mixin.py:151} INFO -      ⚠️ Erreur ligne 359: current transaction is aborted, commands ignored until end of transaction block
[2026-01-26T14:24:18.433+0000] {logging_mixin.py:151} INFO -      ⚠️ Erreur ligne 360: current transaction is aborted, commands ignored until end of transaction block
[2026-01-26T14:24:18.434+0000] {logging_mixin.py:151} INFO -      ⚠️ Erreur ligne 361: current transaction is aborted, commands ignored until end of transaction block
[2026-01-26T14:24:18.436+0000] {logging_mixin.py:151} INFO -      ⚠️ Erreur ligne 362: current transaction is aborted, commands ignored until end of transaction block
[2026-01-26T14:24:18.437+0000] {logging_mixin.py:151} INFO -      ⚠️ Erreur ligne 363: current transaction is aborted, commands ignored until end of transaction block
[2026-01-26T14:24:18.438+0000] {logging_mixin.py:151} INFO -      ⚠️ Erreur ligne 364: current transaction is aborted, commands ignored until end of transaction block
[2026-01-26T14:24:18.440+0000] {logging_mixin.py:151} INFO -      ⚠️ Erreur ligne 365: current transaction is aborted, commands ignored until end of transaction block
[2026-01-26T14:24:18.441+0000] {logging_mixin.py:151} INFO -      ⚠️ Erreur ligne 366: current transaction is aborted, commands ignored until end of transaction block
[2026-01-26T14:24:18.443+0000] {logging_mixin.py:151} INFO -      ⚠️ Erreur ligne 367: current transaction is aborted, commands ignored until end of transaction block
[2026-01-26T14:24:18.445+0000] {logging_mixin.py:151} INFO -      ⚠️ Erreur ligne 368: current transaction is aborted, commands ignored until end of transaction block
[2026-01-26T14:24:18.446+0000] {logging_mixin.py:151} INFO -      ⚠️ Erreur ligne 369: current transaction is aborted, commands ignored until end of transaction block
[2026-01-26T14:24:18.447+0000] {logging_mixin.py:151} INFO -      ⚠️ Erreur ligne 370: current transaction is aborted, commands ignored until end of transaction block
[2026-01-26T14:24:18.449+0000] {logging_mixin.py:151} INFO -      ⚠️ Erreur ligne 371: current transaction is aborted, commands ignored until end of transaction block
[2026-01-26T14:24:18.450+0000] {logging_mixin.py:151} INFO -      ⚠️ Erreur ligne 372: current transaction is aborted, commands ignored until end of transaction block
[2026-01-26T14:24:18.452+0000] {logging_mixin.py:151} INFO -      ⚠️ Erreur ligne 373: current transaction is aborted, commands ignored until end of transaction block
[2026-01-26T14:24:18.453+0000] {logging_mixin.py:151} INFO -      ⚠️ Erreur ligne 374: current transaction is aborted, commands ignored until end of transaction block
[2026-01-26T14:24:18.454+0000] {logging_mixin.py:151} INFO -      ⚠️ Erreur ligne 375: current transaction is aborted, commands ignored until end of transaction block
[2026-01-26T14:24:18.456+0000] {logging_mixin.py:151} INFO -      ⚠️ Erreur ligne 376: current transaction is aborted, commands ignored until end of transaction block
[2026-01-26T14:24:18.457+0000] {logging_mixin.py:151} INFO -      ⚠️ Erreur ligne 377: current transaction is aborted, commands ignored until end of transaction block
[2026-01-26T14:24:18.458+0000] {logging_mixin.py:151} INFO -      ⚠️ Erreur ligne 378: current transaction is aborted, commands ignored until end of transaction block
[2026-01-26T14:24:18.460+0000] {logging_mixin.py:151} INFO -      ⚠️ Erreur ligne 379: current transaction is aborted, commands ignored until end of transaction block
[2026-01-26T14:24:18.461+0000] {logging_mixin.py:151} INFO -      ⚠️ Erreur ligne 380: current transaction is aborted, commands ignored until end of transaction block
[2026-01-26T14:24:18.464+0000] {logging_mixin.py:151} INFO -      ⚠️ Erreur ligne 381: current transaction is aborted, commands ignored until end of transaction block
[2026-01-26T14:24:18.467+0000] {logging_mixin.py:151} INFO -      ⚠️ Erreur ligne 382: current transaction is aborted, commands ignored until end of transaction block
[2026-01-26T14:24:18.469+0000] {logging_mixin.py:151} INFO -      ⚠️ Erreur ligne 383: current transaction is aborted, commands ignored until end of transaction block
[2026-01-26T14:24:18.472+0000] {logging_mixin.py:151} INFO -      ⚠️ Erreur ligne 384: current transaction is aborted, commands ignored until end of transaction block
[2026-01-26T14:24:18.474+0000] {logging_mixin.py:151} INFO -      ⚠️ Erreur ligne 385: current transaction is aborted, commands ignored until end of transaction block
[2026-01-26T14:24:18.475+0000] {logging_mixin.py:151} INFO -      ⚠️ Erreur ligne 386: current transaction is aborted, commands ignored until end of transaction block
[2026-01-26T14:24:18.477+0000] {logging_mixin.py:151} INFO -      ⚠️ Erreur ligne 387: current transaction is aborted, commands ignored until end of transaction block
[2026-01-26T14:24:18.478+0000] {logging_mixin.py:151} INFO -      ⚠️ Erreur ligne 388: current transaction is aborted, commands ignored until end of transaction block
[2026-01-26T14:24:18.480+0000] {logging_mixin.py:151} INFO -      ⚠️ Erreur ligne 389: current transaction is aborted, commands ignored until end of transaction block
[2026-01-26T14:24:18.481+0000] {logging_mixin.py:151} INFO -      ⚠️ Erreur ligne 390: current transaction is aborted, commands ignored until end of transaction block
[2026-01-26T14:24:18.482+0000] {logging_mixin.py:151} INFO -      ⚠️ Erreur ligne 391: current transaction is aborted, commands ignored until end of transaction block
[2026-01-26T14:24:18.483+0000] {logging_mixin.py:151} INFO -      ⚠️ Erreur ligne 392: current transaction is aborted, commands ignored until end of transaction block
[2026-01-26T14:24:18.485+0000] {logging_mixin.py:151} INFO -      ⚠️ Erreur ligne 393: current transaction is aborted, commands ignored until end of transaction block
[2026-01-26T14:24:18.488+0000] {logging_mixin.py:151} INFO -      ⚠️ Erreur ligne 394: current transaction is aborted, commands ignored until end of transaction block
[2026-01-26T14:24:18.492+0000] {logging_mixin.py:151} INFO -      ⚠️ Erreur ligne 395: current transaction is aborted, commands ignored until end of transaction block
[2026-01-26T14:24:18.495+0000] {logging_mixin.py:151} INFO -      ⚠️ Erreur ligne 396: current transaction is aborted, commands ignored until end of transaction block
[2026-01-26T14:24:18.497+0000] {logging_mixin.py:151} INFO -      ⚠️ Erreur ligne 397: current transaction is aborted, commands ignored until end of transaction block
[2026-01-26T14:24:18.498+0000] {logging_mixin.py:151} INFO -      ⚠️ Erreur ligne 398: current transaction is aborted, commands ignored until end of transaction block
[2026-01-26T14:24:18.499+0000] {logging_mixin.py:151} INFO -      ⚠️ Erreur ligne 399: current transaction is aborted, commands ignored until end of transaction block
[2026-01-26T14:24:18.501+0000] {logging_mixin.py:151} INFO -      ⚠️ Erreur ligne 400: current transaction is aborted, commands ignored until end of transaction block
[2026-01-26T14:24:18.502+0000] {logging_mixin.py:151} INFO -      ⚠️ Erreur ligne 401: current transaction is aborted, commands ignored until end of transaction block
[2026-01-26T14:24:18.503+0000] {logging_mixin.py:151} INFO -      ⚠️ Erreur ligne 402: current transaction is aborted, commands ignored until end of transaction block
[2026-01-26T14:24:18.505+0000] {logging_mixin.py:151} INFO -      ⚠️ Erreur ligne 403: current transaction is aborted, commands ignored until end of transaction block
[2026-01-26T14:24:18.506+0000] {logging_mixin.py:151} INFO -      ⚠️ Erreur ligne 404: current transaction is aborted, commands ignored until end of transaction block
[2026-01-26T14:24:18.510+0000] {logging_mixin.py:151} INFO -      ⚠️ Erreur ligne 405: current transaction is aborted, commands ignored until end of transaction block
[2026-01-26T14:24:18.514+0000] {logging_mixin.py:151} INFO -      ⚠️ Erreur ligne 406: current transaction is aborted, commands ignored until end of transaction block
[2026-01-26T14:24:18.517+0000] {logging_mixin.py:151} INFO -      ⚠️ Erreur ligne 407: current transaction is aborted, commands ignored until end of transaction block
[2026-01-26T14:24:18.518+0000] {logging_mixin.py:151} INFO -      ⚠️ Erreur ligne 408: current transaction is aborted, commands ignored until end of transaction block
[2026-01-26T14:24:18.522+0000] {logging_mixin.py:151} INFO -      ⚠️ Erreur ligne 409: current transaction is aborted, commands ignored until end of transaction block
[2026-01-26T14:24:18.525+0000] {logging_mixin.py:151} INFO -      ⚠️ Erreur ligne 410: current transaction is aborted, commands ignored until end of transaction block
[2026-01-26T14:24:18.527+0000] {logging_mixin.py:151} INFO -      ⚠️ Erreur ligne 411: current transaction is aborted, commands ignored until end of transaction block
[2026-01-26T14:24:18.529+0000] {logging_mixin.py:151} INFO -      ⚠️ Erreur ligne 412: current transaction is aborted, commands ignored until end of transaction block
[2026-01-26T14:24:18.530+0000] {logging_mixin.py:151} INFO -      ⚠️ Erreur ligne 413: current transaction is aborted, commands ignored until end of transaction block
[2026-01-26T14:24:18.535+0000] {logging_mixin.py:151} INFO -      ⚠️ Erreur ligne 414: current transaction is aborted, commands ignored until end of transaction block
[2026-01-26T14:24:18.539+0000] {logging_mixin.py:151} INFO -      ⚠️ Erreur ligne 415: current transaction is aborted, commands ignored until end of transaction block
[2026-01-26T14:24:18.542+0000] {logging_mixin.py:151} INFO -      ⚠️ Erreur ligne 416: current transaction is aborted, commands ignored until end of transaction block
[2026-01-26T14:24:18.545+0000] {logging_mixin.py:151} INFO -      ⚠️ Erreur ligne 417: current transaction is aborted, commands ignored until end of transaction block
[2026-01-26T14:24:18.548+0000] {logging_mixin.py:151} INFO -      ⚠️ Erreur ligne 418: current transaction is aborted, commands ignored until end of transaction block
[2026-01-26T14:24:18.551+0000] {logging_mixin.py:151} INFO -      ⚠️ Erreur ligne 419: current transaction is aborted, commands ignored until end of transaction block
[2026-01-26T14:24:18.554+0000] {logging_mixin.py:151} INFO -      ⚠️ Erreur ligne 420: current transaction is aborted, commands ignored until end of transaction block
[2026-01-26T14:24:18.557+0000] {logging_mixin.py:151} INFO -      ⚠️ Erreur ligne 421: current transaction is aborted, commands ignored until end of transaction block
[2026-01-26T14:24:18.561+0000] {logging_mixin.py:151} INFO -      ⚠️ Erreur ligne 422: current transaction is aborted, commands ignored until end of transaction block
[2026-01-26T14:24:18.567+0000] {logging_mixin.py:151} INFO -      ⚠️ Erreur ligne 423: current transaction is aborted, commands ignored until end of transaction block
[2026-01-26T14:24:18.571+0000] {logging_mixin.py:151} INFO -      ⚠️ Erreur ligne 424: current transaction is aborted, commands ignored until end of transaction block
[2026-01-26T14:24:18.576+0000] {logging_mixin.py:151} INFO -      ⚠️ Erreur ligne 425: current transaction is aborted, commands ignored until end of transaction block
[2026-01-26T14:24:18.578+0000] {logging_mixin.py:151} INFO -      ⚠️ Erreur ligne 426: current transaction is aborted, commands ignored until end of transaction block
[2026-01-26T14:24:18.580+0000] {logging_mixin.py:151} INFO -      ⚠️ Erreur ligne 427: current transaction is aborted, commands ignored until end of transaction block
[2026-01-26T14:24:18.584+0000] {logging_mixin.py:151} INFO -      ⚠️ Erreur ligne 428: current transaction is aborted, commands ignored until end of transaction block
[2026-01-26T14:24:18.586+0000] {logging_mixin.py:151} INFO -      ⚠️ Erreur ligne 429: current transaction is aborted, commands ignored until end of transaction block
[2026-01-26T14:24:18.589+0000] {logging_mixin.py:151} INFO -      ⚠️ Erreur ligne 430: current transaction is aborted, commands ignored until end of transaction block
[2026-01-26T14:24:18.592+0000] {logging_mixin.py:151} INFO -      ⚠️ Erreur ligne 431: current transaction is aborted, commands ignored until end of transaction block
[2026-01-26T14:24:18.595+0000] {logging_mixin.py:151} INFO -      ⚠️ Erreur ligne 432: current transaction is aborted, commands ignored until end of transaction block
[2026-01-26T14:24:18.597+0000] {logging_mixin.py:151} INFO -      ⚠️ Erreur ligne 433: current transaction is aborted, commands ignored until end of transaction block
[2026-01-26T14:24:18.601+0000] {logging_mixin.py:151} INFO -      ⚠️ Erreur ligne 434: current transaction is aborted, commands ignored until end of transaction block
[2026-01-26T14:24:18.603+0000] {logging_mixin.py:151} INFO -      ⚠️ Erreur ligne 435: current transaction is aborted, commands ignored until end of transaction block
[2026-01-26T14:24:18.604+0000] {logging_mixin.py:151} INFO -      ⚠️ Erreur ligne 436: current transaction is aborted, commands ignored until end of transaction block
[2026-01-26T14:24:18.609+0000] {logging_mixin.py:151} INFO -      ⚠️ Erreur ligne 437: current transaction is aborted, commands ignored until end of transaction block
[2026-01-26T14:24:18.611+0000] {logging_mixin.py:151} INFO -      ⚠️ Erreur ligne 438: current transaction is aborted, commands ignored until end of transaction block
[2026-01-26T14:24:18.614+0000] {logging_mixin.py:151} INFO -      ⚠️ Erreur ligne 439: current transaction is aborted, commands ignored until end of transaction block
[2026-01-26T14:24:18.616+0000] {logging_mixin.py:151} INFO -      ⚠️ Erreur ligne 440: current transaction is aborted, commands ignored until end of transaction block
[2026-01-26T14:24:18.618+0000] {logging_mixin.py:151} INFO -      ⚠️ Erreur ligne 441: current transaction is aborted, commands ignored until end of transaction block
[2026-01-26T14:24:18.621+0000] {logging_mixin.py:151} INFO -      ⚠️ Erreur ligne 442: current transaction is aborted, commands ignored until end of transaction block
[2026-01-26T14:24:18.624+0000] {logging_mixin.py:151} INFO -      ⚠️ Erreur ligne 443: current transaction is aborted, commands ignored until end of transaction block
[2026-01-26T14:24:18.627+0000] {logging_mixin.py:151} INFO -      ⚠️ Erreur ligne 444: current transaction is aborted, commands ignored until end of transaction block
[2026-01-26T14:24:18.630+0000] {logging_mixin.py:151} INFO -      ⚠️ Erreur ligne 445: current transaction is aborted, commands ignored until end of transaction block
[2026-01-26T14:24:18.633+0000] {logging_mixin.py:151} INFO -      ⚠️ Erreur ligne 446: current transaction is aborted, commands ignored until end of transaction block
[2026-01-26T14:24:18.635+0000] {logging_mixin.py:151} INFO -      ⚠️ Erreur ligne 447: current transaction is aborted, commands ignored until end of transaction block
[2026-01-26T14:24:18.639+0000] {logging_mixin.py:151} INFO -      ⚠️ Erreur ligne 448: current transaction is aborted, commands ignored until end of transaction block
[2026-01-26T14:24:18.646+0000] {logging_mixin.py:151} INFO -      ⚠️ Erreur ligne 449: current transaction is aborted, commands ignored until end of transaction block
[2026-01-26T14:24:18.649+0000] {logging_mixin.py:151} INFO -      ⚠️ Erreur ligne 450: current transaction is aborted, commands ignored until end of transaction block
[2026-01-26T14:24:18.652+0000] {logging_mixin.py:151} INFO -      ⚠️ Erreur ligne 451: current transaction is aborted, commands ignored until end of transaction block
[2026-01-26T14:24:18.656+0000] {logging_mixin.py:151} INFO -      ⚠️ Erreur ligne 452: current transaction is aborted, commands ignored until end of transaction block
[2026-01-26T14:24:18.659+0000] {logging_mixin.py:151} INFO -      ⚠️ Erreur ligne 453: current transaction is aborted, commands ignored until end of transaction block
[2026-01-26T14:24:18.664+0000] {logging_mixin.py:151} INFO -      ⚠️ Erreur ligne 454: current transaction is aborted, commands ignored until end of transaction block
[2026-01-26T14:24:18.668+0000] {logging_mixin.py:151} INFO -      ⚠️ Erreur ligne 455: current transaction is aborted, commands ignored until end of transaction block
[2026-01-26T14:24:18.670+0000] {logging_mixin.py:151} INFO -      ⚠️ Erreur ligne 456: current transaction is aborted, commands ignored until end of transaction block
[2026-01-26T14:24:18.673+0000] {logging_mixin.py:151} INFO -      ⚠️ Erreur ligne 457: current transaction is aborted, commands ignored until end of transaction block
[2026-01-26T14:24:18.676+0000] {logging_mixin.py:151} INFO -      ⚠️ Erreur ligne 458: current transaction is aborted, commands ignored until end of transaction block
[2026-01-26T14:24:18.679+0000] {logging_mixin.py:151} INFO -      ⚠️ Erreur ligne 459: current transaction is aborted, commands ignored until end of transaction block
[2026-01-26T14:24:18.683+0000] {logging_mixin.py:151} INFO -      ⚠️ Erreur ligne 460: current transaction is aborted, commands ignored until end of transaction block
[2026-01-26T14:24:18.687+0000] {logging_mixin.py:151} INFO -      ⚠️ Erreur ligne 461: current transaction is aborted, commands ignored until end of transaction block
[2026-01-26T14:24:18.691+0000] {logging_mixin.py:151} INFO -      ⚠️ Erreur ligne 462: current transaction is aborted, commands ignored until end of transaction block
[2026-01-26T14:24:18.696+0000] {logging_mixin.py:151} INFO -      ⚠️ Erreur ligne 463: current transaction is aborted, commands ignored until end of transaction block
[2026-01-26T14:24:18.698+0000] {logging_mixin.py:151} INFO -      ⚠️ Erreur ligne 464: current transaction is aborted, commands ignored until end of transaction block
[2026-01-26T14:24:18.702+0000] {logging_mixin.py:151} INFO -      ⚠️ Erreur ligne 465: current transaction is aborted, commands ignored until end of transaction block
[2026-01-26T14:24:18.706+0000] {logging_mixin.py:151} INFO -      ⚠️ Erreur ligne 466: current transaction is aborted, commands ignored until end of transaction block
[2026-01-26T14:24:18.709+0000] {logging_mixin.py:151} INFO -      ⚠️ Erreur ligne 467: current transaction is aborted, commands ignored until end of transaction block
[2026-01-26T14:24:18.712+0000] {logging_mixin.py:151} INFO -      ⚠️ Erreur ligne 468: current transaction is aborted, commands ignored until end of transaction block
[2026-01-26T14:24:18.716+0000] {logging_mixin.py:151} INFO -      ⚠️ Erreur ligne 469: current transaction is aborted, commands ignored until end of transaction block
[2026-01-26T14:24:18.718+0000] {logging_mixin.py:151} INFO -      ⚠️ Erreur ligne 470: current transaction is aborted, commands ignored until end of transaction block
[2026-01-26T14:24:18.721+0000] {logging_mixin.py:151} INFO -      ⚠️ Erreur ligne 471: current transaction is aborted, commands ignored until end of transaction block
[2026-01-26T14:24:18.725+0000] {logging_mixin.py:151} INFO -      ⚠️ Erreur ligne 472: current transaction is aborted, commands ignored until end of transaction block
[2026-01-26T14:24:18.729+0000] {logging_mixin.py:151} INFO -      ⚠️ Erreur ligne 473: current transaction is aborted, commands ignored until end of transaction block
[2026-01-26T14:24:18.732+0000] {logging_mixin.py:151} INFO -      ⚠️ Erreur ligne 474: current transaction is aborted, commands ignored until end of transaction block
[2026-01-26T14:24:18.736+0000] {logging_mixin.py:151} INFO -      ⚠️ Erreur ligne 475: current transaction is aborted, commands ignored until end of transaction block
[2026-01-26T14:24:18.740+0000] {logging_mixin.py:151} INFO -      ⚠️ Erreur ligne 476: current transaction is aborted, commands ignored until end of transaction block
[2026-01-26T14:24:18.744+0000] {logging_mixin.py:151} INFO -      ⚠️ Erreur ligne 477: current transaction is aborted, commands ignored until end of transaction block
[2026-01-26T14:24:18.747+0000] {logging_mixin.py:151} INFO -      ⚠️ Erreur ligne 478: current transaction is aborted, commands ignored until end of transaction block
[2026-01-26T14:24:18.751+0000] {logging_mixin.py:151} INFO -      ⚠️ Erreur ligne 479: current transaction is aborted, commands ignored until end of transaction block
[2026-01-26T14:24:18.755+0000] {logging_mixin.py:151} INFO -      ⚠️ Erreur ligne 480: current transaction is aborted, commands ignored until end of transaction block
[2026-01-26T14:24:18.759+0000] {logging_mixin.py:151} INFO -      ⚠️ Erreur ligne 481: current transaction is aborted, commands ignored until end of transaction block
[2026-01-26T14:24:18.761+0000] {logging_mixin.py:151} INFO -      ⚠️ Erreur ligne 482: current transaction is aborted, commands ignored until end of transaction block
[2026-01-26T14:24:18.765+0000] {logging_mixin.py:151} INFO -      ⚠️ Erreur ligne 483: current transaction is aborted, commands ignored until end of transaction block
[2026-01-26T14:24:18.768+0000] {logging_mixin.py:151} INFO -      ⚠️ Erreur ligne 484: current transaction is aborted, commands ignored until end of transaction block
[2026-01-26T14:24:18.770+0000] {logging_mixin.py:151} INFO -      ⚠️ Erreur ligne 485: current transaction is aborted, commands ignored until end of transaction block
[2026-01-26T14:24:18.772+0000] {logging_mixin.py:151} INFO -      ⚠️ Erreur ligne 486: current transaction is aborted, commands ignored until end of transaction block
[2026-01-26T14:24:18.775+0000] {logging_mixin.py:151} INFO -      ⚠️ Erreur ligne 487: current transaction is aborted, commands ignored until end of transaction block
[2026-01-26T14:24:18.781+0000] {logging_mixin.py:151} INFO -      ⚠️ Erreur ligne 488: current transaction is aborted, commands ignored until end of transaction block
[2026-01-26T14:24:18.784+0000] {logging_mixin.py:151} INFO -      ⚠️ Erreur ligne 489: current transaction is aborted, commands ignored until end of transaction block
[2026-01-26T14:24:18.786+0000] {logging_mixin.py:151} INFO -      ⚠️ Erreur ligne 490: current transaction is aborted, commands ignored until end of transaction block
[2026-01-26T14:24:18.789+0000] {logging_mixin.py:151} INFO -      ⚠️ Erreur ligne 491: current transaction is aborted, commands ignored until end of transaction block
[2026-01-26T14:24:18.792+0000] {logging_mixin.py:151} INFO -      ⚠️ Erreur ligne 492: current transaction is aborted, commands ignored until end of transaction block
[2026-01-26T14:24:18.795+0000] {logging_mixin.py:151} INFO -      ⚠️ Erreur ligne 493: current transaction is aborted, commands ignored until end of transaction block
[2026-01-26T14:24:18.797+0000] {logging_mixin.py:151} INFO -      ⚠️ Erreur ligne 494: current transaction is aborted, commands ignored until end of transaction block
[2026-01-26T14:24:18.800+0000] {logging_mixin.py:151} INFO -      ⚠️ Erreur ligne 495: current transaction is aborted, commands ignored until end of transaction block
[2026-01-26T14:24:18.803+0000] {logging_mixin.py:151} INFO -      ⚠️ Erreur ligne 496: current transaction is aborted, commands ignored until end of transaction block
[2026-01-26T14:24:18.805+0000] {logging_mixin.py:151} INFO -      ⚠️ Erreur ligne 497: current transaction is aborted, commands ignored until end of transaction block
[2026-01-26T14:24:18.807+0000] {logging_mixin.py:151} INFO -      ⚠️ Erreur ligne 498: current transaction is aborted, commands ignored until end of transaction block
[2026-01-26T14:24:18.809+0000] {logging_mixin.py:151} INFO -      ⚠️ Erreur ligne 499: current transaction is aborted, commands ignored until end of transaction block
[2026-01-26T14:24:18.810+0000] {logging_mixin.py:151} INFO -      ⚠️ Erreur ligne 500: current transaction is aborted, commands ignored until end of transaction block
[2026-01-26T14:24:18.813+0000] {logging_mixin.py:151} INFO -      ⚠️ Erreur ligne 501: current transaction is aborted, commands ignored until end of transaction block
[2026-01-26T14:24:18.815+0000] {logging_mixin.py:151} INFO -      ⚠️ Erreur ligne 502: current transaction is aborted, commands ignored until end of transaction block
[2026-01-26T14:24:18.819+0000] {logging_mixin.py:151} INFO -      ⚠️ Erreur ligne 503: current transaction is aborted, commands ignored until end of transaction block
[2026-01-26T14:24:18.821+0000] {logging_mixin.py:151} INFO -      ⚠️ Erreur ligne 504: current transaction is aborted, commands ignored until end of transaction block
[2026-01-26T14:24:18.823+0000] {logging_mixin.py:151} INFO -      ⚠️ Erreur ligne 505: current transaction is aborted, commands ignored until end of transaction block
[2026-01-26T14:24:18.825+0000] {logging_mixin.py:151} INFO -      ⚠️ Erreur ligne 506: current transaction is aborted, commands ignored until end of transaction block
[2026-01-26T14:24:18.827+0000] {logging_mixin.py:151} INFO -      ⚠️ Erreur ligne 507: current transaction is aborted, commands ignored until end of transaction block
[2026-01-26T14:24:18.829+0000] {logging_mixin.py:151} INFO -      ⚠️ Erreur ligne 508: current transaction is aborted, commands ignored until end of transaction block
[2026-01-26T14:24:18.833+0000] {logging_mixin.py:151} INFO -      ⚠️ Erreur ligne 509: current transaction is aborted, commands ignored until end of transaction block
[2026-01-26T14:24:18.835+0000] {logging_mixin.py:151} INFO -      ⚠️ Erreur ligne 510: current transaction is aborted, commands ignored until end of transaction block
[2026-01-26T14:24:18.837+0000] {logging_mixin.py:151} INFO -      ⚠️ Erreur ligne 511: current transaction is aborted, commands ignored until end of transaction block
[2026-01-26T14:24:18.839+0000] {logging_mixin.py:151} INFO -      ⚠️ Erreur ligne 512: current transaction is aborted, commands ignored until end of transaction block
[2026-01-26T14:24:18.841+0000] {logging_mixin.py:151} INFO -      ⚠️ Erreur ligne 513: current transaction is aborted, commands ignored until end of transaction block
[2026-01-26T14:24:18.844+0000] {logging_mixin.py:151} INFO -      ⚠️ Erreur ligne 514: current transaction is aborted, commands ignored until end of transaction block
[2026-01-26T14:24:18.846+0000] {logging_mixin.py:151} INFO -      ⚠️ Erreur ligne 515: current transaction is aborted, commands ignored until end of transaction block
[2026-01-26T14:24:18.848+0000] {logging_mixin.py:151} INFO -      ⚠️ Erreur ligne 516: current transaction is aborted, commands ignored until end of transaction block
[2026-01-26T14:24:18.850+0000] {logging_mixin.py:151} INFO -      ⚠️ Erreur ligne 517: current transaction is aborted, commands ignored until end of transaction block
[2026-01-26T14:24:18.853+0000] {logging_mixin.py:151} INFO -      ⚠️ Erreur ligne 518: current transaction is aborted, commands ignored until end of transaction block
[2026-01-26T14:24:18.855+0000] {logging_mixin.py:151} INFO -      ⚠️ Erreur ligne 519: current transaction is aborted, commands ignored until end of transaction block
[2026-01-26T14:24:18.858+0000] {logging_mixin.py:151} INFO -      ⚠️ Erreur ligne 520: current transaction is aborted, commands ignored until end of transaction block
[2026-01-26T14:24:18.860+0000] {logging_mixin.py:151} INFO -      ⚠️ Erreur ligne 521: current transaction is aborted, commands ignored until end of transaction block
[2026-01-26T14:24:18.862+0000] {logging_mixin.py:151} INFO -      ⚠️ Erreur ligne 522: current transaction is aborted, commands ignored until end of transaction block
[2026-01-26T14:24:18.865+0000] {logging_mixin.py:151} INFO -      ⚠️ Erreur ligne 523: current transaction is aborted, commands ignored until end of transaction block
[2026-01-26T14:24:18.870+0000] {logging_mixin.py:151} INFO -      ⚠️ Erreur ligne 524: current transaction is aborted, commands ignored until end of transaction block
[2026-01-26T14:24:18.873+0000] {logging_mixin.py:151} INFO -      ⚠️ Erreur ligne 525: current transaction is aborted, commands ignored until end of transaction block
[2026-01-26T14:24:18.877+0000] {logging_mixin.py:151} INFO -      ⚠️ Erreur ligne 526: current transaction is aborted, commands ignored until end of transaction block
[2026-01-26T14:24:18.881+0000] {logging_mixin.py:151} INFO -      ⚠️ Erreur ligne 527: current transaction is aborted, commands ignored until end of transaction block
[2026-01-26T14:24:18.884+0000] {logging_mixin.py:151} INFO -      ⚠️ Erreur ligne 528: current transaction is aborted, commands ignored until end of transaction block
[2026-01-26T14:24:18.888+0000] {logging_mixin.py:151} INFO -      ⚠️ Erreur ligne 529: current transaction is aborted, commands ignored until end of transaction block
[2026-01-26T14:24:18.890+0000] {logging_mixin.py:151} INFO -      ⚠️ Erreur ligne 530: current transaction is aborted, commands ignored until end of transaction block
[2026-01-26T14:24:18.893+0000] {logging_mixin.py:151} INFO -      ⚠️ Erreur ligne 531: current transaction is aborted, commands ignored until end of transaction block
[2026-01-26T14:24:18.895+0000] {logging_mixin.py:151} INFO -      ⚠️ Erreur ligne 532: current transaction is aborted, commands ignored until end of transaction block
[2026-01-26T14:24:18.898+0000] {logging_mixin.py:151} INFO -      ⚠️ Erreur ligne 533: current transaction is aborted, commands ignored until end of transaction block
[2026-01-26T14:24:18.900+0000] {logging_mixin.py:151} INFO -      ⚠️ Erreur ligne 534: current transaction is aborted, commands ignored until end of transaction block
[2026-01-26T14:24:18.904+0000] {logging_mixin.py:151} INFO -      ⚠️ Erreur ligne 535: current transaction is aborted, commands ignored until end of transaction block
[2026-01-26T14:24:18.906+0000] {logging_mixin.py:151} INFO -      ⚠️ Erreur ligne 536: current transaction is aborted, commands ignored until end of transaction block
[2026-01-26T14:24:18.908+0000] {logging_mixin.py:151} INFO -      ⚠️ Erreur ligne 537: current transaction is aborted, commands ignored until end of transaction block
[2026-01-26T14:24:18.911+0000] {logging_mixin.py:151} INFO -      ⚠️ Erreur ligne 538: current transaction is aborted, commands ignored until end of transaction block
[2026-01-26T14:24:18.913+0000] {logging_mixin.py:151} INFO -      ⚠️ Erreur ligne 539: current transaction is aborted, commands ignored until end of transaction block
[2026-01-26T14:24:18.915+0000] {logging_mixin.py:151} INFO -      ⚠️ Erreur ligne 540: current transaction is aborted, commands ignored until end of transaction block
[2026-01-26T14:24:18.917+0000] {logging_mixin.py:151} INFO -      ⚠️ Erreur ligne 541: current transaction is aborted, commands ignored until end of transaction block
[2026-01-26T14:24:18.921+0000] {logging_mixin.py:151} INFO -      ⚠️ Erreur ligne 542: current transaction is aborted, commands ignored until end of transaction block
[2026-01-26T14:24:18.923+0000] {logging_mixin.py:151} INFO -      ⚠️ Erreur ligne 543: current transaction is aborted, commands ignored until end of transaction block
[2026-01-26T14:24:18.925+0000] {logging_mixin.py:151} INFO -      ⚠️ Erreur ligne 544: current transaction is aborted, commands ignored until end of transaction block
[2026-01-26T14:24:18.932+0000] {logging_mixin.py:151} INFO -      ⚠️ Erreur ligne 545: current transaction is aborted, commands ignored until end of transaction block
[2026-01-26T14:24:18.936+0000] {logging_mixin.py:151} INFO -      ⚠️ Erreur ligne 546: current transaction is aborted, commands ignored until end of transaction block
[2026-01-26T14:24:18.943+0000] {logging_mixin.py:151} INFO -      ⚠️ Erreur ligne 547: current transaction is aborted, commands ignored until end of transaction block
[2026-01-26T14:24:18.945+0000] {logging_mixin.py:151} INFO -      ⚠️ Erreur ligne 548: current transaction is aborted, commands ignored until end of transaction block
[2026-01-26T14:24:18.950+0000] {logging_mixin.py:151} INFO -      ⚠️ Erreur ligne 549: current transaction is aborted, commands ignored until end of transaction block
[2026-01-26T14:24:18.953+0000] {logging_mixin.py:151} INFO -      ⚠️ Erreur ligne 550: current transaction is aborted, commands ignored until end of transaction block
[2026-01-26T14:24:18.957+0000] {logging_mixin.py:151} INFO -      ⚠️ Erreur ligne 551: current transaction is aborted, commands ignored until end of transaction block
[2026-01-26T14:24:18.960+0000] {logging_mixin.py:151} INFO -      ⚠️ Erreur ligne 552: current transaction is aborted, commands ignored until end of transaction block
[2026-01-26T14:24:18.963+0000] {logging_mixin.py:151} INFO -      ⚠️ Erreur ligne 553: current transaction is aborted, commands ignored until end of transaction block
[2026-01-26T14:24:18.966+0000] {logging_mixin.py:151} INFO -      ⚠️ Erreur ligne 554: current transaction is aborted, commands ignored until end of transaction block
[2026-01-26T14:24:18.970+0000] {logging_mixin.py:151} INFO -      ⚠️ Erreur ligne 555: current transaction is aborted, commands ignored until end of transaction block
[2026-01-26T14:24:18.973+0000] {logging_mixin.py:151} INFO -      ⚠️ Erreur ligne 556: current transaction is aborted, commands ignored until end of transaction block
[2026-01-26T14:24:18.975+0000] {logging_mixin.py:151} INFO -      ⚠️ Erreur ligne 557: current transaction is aborted, commands ignored until end of transaction block
[2026-01-26T14:24:18.978+0000] {logging_mixin.py:151} INFO -      ⚠️ Erreur ligne 558: current transaction is aborted, commands ignored until end of transaction block
[2026-01-26T14:24:18.981+0000] {logging_mixin.py:151} INFO -      ⚠️ Erreur ligne 559: current transaction is aborted, commands ignored until end of transaction block
[2026-01-26T14:24:18.983+0000] {logging_mixin.py:151} INFO -      ⚠️ Erreur ligne 560: current transaction is aborted, commands ignored until end of transaction block
[2026-01-26T14:24:18.988+0000] {logging_mixin.py:151} INFO -      ⚠️ Erreur ligne 561: current transaction is aborted, commands ignored until end of transaction block
[2026-01-26T14:24:18.991+0000] {logging_mixin.py:151} INFO -      ⚠️ Erreur ligne 562: current transaction is aborted, commands ignored until end of transaction block
[2026-01-26T14:24:18.996+0000] {logging_mixin.py:151} INFO -      ⚠️ Erreur ligne 563: current transaction is aborted, commands ignored until end of transaction block
[2026-01-26T14:24:18.998+0000] {logging_mixin.py:151} INFO -      ⚠️ Erreur ligne 564: current transaction is aborted, commands ignored until end of transaction block
[2026-01-26T14:24:19.001+0000] {logging_mixin.py:151} INFO -      ⚠️ Erreur ligne 565: current transaction is aborted, commands ignored until end of transaction block
[2026-01-26T14:24:19.004+0000] {logging_mixin.py:151} INFO -      ⚠️ Erreur ligne 566: current transaction is aborted, commands ignored until end of transaction block
[2026-01-26T14:24:19.008+0000] {logging_mixin.py:151} INFO -      ⚠️ Erreur ligne 567: current transaction is aborted, commands ignored until end of transaction block
[2026-01-26T14:24:19.011+0000] {logging_mixin.py:151} INFO -      ⚠️ Erreur ligne 568: current transaction is aborted, commands ignored until end of transaction block
[2026-01-26T14:24:19.013+0000] {logging_mixin.py:151} INFO -      ⚠️ Erreur ligne 569: current transaction is aborted, commands ignored until end of transaction block
[2026-01-26T14:24:19.016+0000] {logging_mixin.py:151} INFO -      ⚠️ Erreur ligne 570: current transaction is aborted, commands ignored until end of transaction block
[2026-01-26T14:24:19.019+0000] {logging_mixin.py:151} INFO -      ⚠️ Erreur ligne 571: current transaction is aborted, commands ignored until end of transaction block
[2026-01-26T14:24:19.020+0000] {logging_mixin.py:151} INFO -      ⚠️ Erreur ligne 572: current transaction is aborted, commands ignored until end of transaction block
[2026-01-26T14:24:19.023+0000] {logging_mixin.py:151} INFO -      ⚠️ Erreur ligne 573: current transaction is aborted, commands ignored until end of transaction block
[2026-01-26T14:24:19.024+0000] {logging_mixin.py:151} INFO -      ⚠️ Erreur ligne 574: current transaction is aborted, commands ignored until end of transaction block
[2026-01-26T14:24:19.027+0000] {logging_mixin.py:151} INFO -      ⚠️ Erreur ligne 575: current transaction is aborted, commands ignored until end of transaction block
[2026-01-26T14:24:19.029+0000] {logging_mixin.py:151} INFO -      ⚠️ Erreur ligne 576: current transaction is aborted, commands ignored until end of transaction block
[2026-01-26T14:24:19.031+0000] {logging_mixin.py:151} INFO -      ⚠️ Erreur ligne 577: current transaction is aborted, commands ignored until end of transaction block
[2026-01-26T14:24:19.036+0000] {logging_mixin.py:151} INFO -      ⚠️ Erreur ligne 578: current transaction is aborted, commands ignored until end of transaction block
[2026-01-26T14:24:19.038+0000] {logging_mixin.py:151} INFO -      ⚠️ Erreur ligne 579: current transaction is aborted, commands ignored until end of transaction block
[2026-01-26T14:24:19.040+0000] {logging_mixin.py:151} INFO -      ⚠️ Erreur ligne 580: current transaction is aborted, commands ignored until end of transaction block
[2026-01-26T14:24:19.041+0000] {logging_mixin.py:151} INFO -      ⚠️ Erreur ligne 581: current transaction is aborted, commands ignored until end of transaction block
[2026-01-26T14:24:19.043+0000] {logging_mixin.py:151} INFO -      ⚠️ Erreur ligne 582: current transaction is aborted, commands ignored until end of transaction block
[2026-01-26T14:24:19.044+0000] {logging_mixin.py:151} INFO -      ⚠️ Erreur ligne 583: current transaction is aborted, commands ignored until end of transaction block
[2026-01-26T14:24:19.046+0000] {logging_mixin.py:151} INFO -      ⚠️ Erreur ligne 584: current transaction is aborted, commands ignored until end of transaction block
[2026-01-26T14:24:19.048+0000] {logging_mixin.py:151} INFO -      ⚠️ Erreur ligne 585: current transaction is aborted, commands ignored until end of transaction block
[2026-01-26T14:24:19.050+0000] {logging_mixin.py:151} INFO -      ⚠️ Erreur ligne 586: current transaction is aborted, commands ignored until end of transaction block
[2026-01-26T14:24:19.054+0000] {logging_mixin.py:151} INFO -      ⚠️ Erreur ligne 587: current transaction is aborted, commands ignored until end of transaction block
[2026-01-26T14:24:19.056+0000] {logging_mixin.py:151} INFO -      ⚠️ Erreur ligne 588: current transaction is aborted, commands ignored until end of transaction block
[2026-01-26T14:24:19.059+0000] {logging_mixin.py:151} INFO -      ⚠️ Erreur ligne 589: current transaction is aborted, commands ignored until end of transaction block
[2026-01-26T14:24:19.062+0000] {logging_mixin.py:151} INFO -      ⚠️ Erreur ligne 590: current transaction is aborted, commands ignored until end of transaction block
[2026-01-26T14:24:19.063+0000] {logging_mixin.py:151} INFO -      ⚠️ Erreur ligne 591: current transaction is aborted, commands ignored until end of transaction block
[2026-01-26T14:24:19.065+0000] {logging_mixin.py:151} INFO -      ⚠️ Erreur ligne 592: current transaction is aborted, commands ignored until end of transaction block
[2026-01-26T14:24:19.067+0000] {logging_mixin.py:151} INFO -      ⚠️ Erreur ligne 593: current transaction is aborted, commands ignored until end of transaction block
[2026-01-26T14:24:19.069+0000] {logging_mixin.py:151} INFO -      ⚠️ Erreur ligne 594: current transaction is aborted, commands ignored until end of transaction block
[2026-01-26T14:24:19.070+0000] {logging_mixin.py:151} INFO -      ⚠️ Erreur ligne 595: current transaction is aborted, commands ignored until end of transaction block
[2026-01-26T14:24:19.072+0000] {logging_mixin.py:151} INFO -      ⚠️ Erreur ligne 596: current transaction is aborted, commands ignored until end of transaction block
[2026-01-26T14:24:19.074+0000] {logging_mixin.py:151} INFO -      ⚠️ Erreur ligne 597: current transaction is aborted, commands ignored until end of transaction block
[2026-01-26T14:24:19.077+0000] {logging_mixin.py:151} INFO -      ⚠️ Erreur ligne 598: current transaction is aborted, commands ignored until end of transaction block
[2026-01-26T14:24:19.079+0000] {logging_mixin.py:151} INFO -      ⚠️ Erreur ligne 599: current transaction is aborted, commands ignored until end of transaction block
[2026-01-26T14:24:19.081+0000] {logging_mixin.py:151} INFO -      ⚠️ Erreur ligne 600: current transaction is aborted, commands ignored until end of transaction block
[2026-01-26T14:24:19.084+0000] {logging_mixin.py:151} INFO -      ⚠️ Erreur ligne 601: current transaction is aborted, commands ignored until end of transaction block
[2026-01-26T14:24:19.086+0000] {logging_mixin.py:151} INFO -      ⚠️ Erreur ligne 602: current transaction is aborted, commands ignored until end of transaction block
[2026-01-26T14:24:19.088+0000] {logging_mixin.py:151} INFO -      ⚠️ Erreur ligne 603: current transaction is aborted, commands ignored until end of transaction block
[2026-01-26T14:24:19.089+0000] {logging_mixin.py:151} INFO -      ⚠️ Erreur ligne 604: current transaction is aborted, commands ignored until end of transaction block
[2026-01-26T14:24:19.091+0000] {logging_mixin.py:151} INFO -      ⚠️ Erreur ligne 605: current transaction is aborted, commands ignored until end of transaction block
[2026-01-26T14:24:19.093+0000] {logging_mixin.py:151} INFO -      ⚠️ Erreur ligne 606: current transaction is aborted, commands ignored until end of transaction block
[2026-01-26T14:24:19.095+0000] {logging_mixin.py:151} INFO -      ⚠️ Erreur ligne 607: current transaction is aborted, commands ignored until end of transaction block
[2026-01-26T14:24:19.098+0000] {logging_mixin.py:151} INFO -      ⚠️ Erreur ligne 608: current transaction is aborted, commands ignored until end of transaction block
[2026-01-26T14:24:19.102+0000] {logging_mixin.py:151} INFO -      ⚠️ Erreur ligne 609: current transaction is aborted, commands ignored until end of transaction block
[2026-01-26T14:24:19.106+0000] {logging_mixin.py:151} INFO -      ⚠️ Erreur ligne 610: current transaction is aborted, commands ignored until end of transaction block
[2026-01-26T14:24:19.108+0000] {logging_mixin.py:151} INFO -      ⚠️ Erreur ligne 611: current transaction is aborted, commands ignored until end of transaction block
[2026-01-26T14:24:19.111+0000] {logging_mixin.py:151} INFO -      ⚠️ Erreur ligne 612: current transaction is aborted, commands ignored until end of transaction block
[2026-01-26T14:24:19.115+0000] {logging_mixin.py:151} INFO -      ⚠️ Erreur ligne 613: current transaction is aborted, commands ignored until end of transaction block
[2026-01-26T14:24:19.117+0000] {logging_mixin.py:151} INFO -      ⚠️ Erreur ligne 614: current transaction is aborted, commands ignored until end of transaction block
[2026-01-26T14:24:19.119+0000] {logging_mixin.py:151} INFO -      ⚠️ Erreur ligne 615: current transaction is aborted, commands ignored until end of transaction block
[2026-01-26T14:24:19.121+0000] {logging_mixin.py:151} INFO -      ⚠️ Erreur ligne 616: current transaction is aborted, commands ignored until end of transaction block
[2026-01-26T14:24:19.123+0000] {logging_mixin.py:151} INFO -      ⚠️ Erreur ligne 617: current transaction is aborted, commands ignored until end of transaction block
[2026-01-26T14:24:19.127+0000] {logging_mixin.py:151} INFO -      ⚠️ Erreur ligne 618: current transaction is aborted, commands ignored until end of transaction block
[2026-01-26T14:24:19.129+0000] {logging_mixin.py:151} INFO -      ⚠️ Erreur ligne 619: current transaction is aborted, commands ignored until end of transaction block
[2026-01-26T14:24:19.131+0000] {logging_mixin.py:151} INFO -      ⚠️ Erreur ligne 620: current transaction is aborted, commands ignored until end of transaction block
[2026-01-26T14:24:19.134+0000] {logging_mixin.py:151} INFO -      ⚠️ Erreur ligne 621: current transaction is aborted, commands ignored until end of transaction block
[2026-01-26T14:24:19.136+0000] {logging_mixin.py:151} INFO -      ⚠️ Erreur ligne 622: current transaction is aborted, commands ignored until end of transaction block
[2026-01-26T14:24:19.138+0000] {logging_mixin.py:151} INFO -      ⚠️ Erreur ligne 623: current transaction is aborted, commands ignored until end of transaction block
[2026-01-26T14:24:19.141+0000] {logging_mixin.py:151} INFO -      ⚠️ Erreur ligne 624: current transaction is aborted, commands ignored until end of transaction block
[2026-01-26T14:24:19.143+0000] {logging_mixin.py:151} INFO -      ⚠️ Erreur ligne 625: current transaction is aborted, commands ignored until end of transaction block
[2026-01-26T14:24:19.147+0000] {logging_mixin.py:151} INFO -      ⚠️ Erreur ligne 626: current transaction is aborted, commands ignored until end of transaction block
[2026-01-26T14:24:19.149+0000] {logging_mixin.py:151} INFO -      ⚠️ Erreur ligne 627: current transaction is aborted, commands ignored until end of transaction block
[2026-01-26T14:24:19.152+0000] {logging_mixin.py:151} INFO -      ⚠️ Erreur ligne 628: current transaction is aborted, commands ignored until end of transaction block
[2026-01-26T14:24:19.154+0000] {logging_mixin.py:151} INFO -      ⚠️ Erreur ligne 629: current transaction is aborted, commands ignored until end of transaction block
[2026-01-26T14:24:19.157+0000] {logging_mixin.py:151} INFO -      ⚠️ Erreur ligne 630: current transaction is aborted, commands ignored until end of transaction block
[2026-01-26T14:24:19.160+0000] {logging_mixin.py:151} INFO -      ⚠️ Erreur ligne 631: current transaction is aborted, commands ignored until end of transaction block
[2026-01-26T14:24:19.162+0000] {logging_mixin.py:151} INFO -      ⚠️ Erreur ligne 632: current transaction is aborted, commands ignored until end of transaction block
[2026-01-26T14:24:19.164+0000] {logging_mixin.py:151} INFO -      ⚠️ Erreur ligne 633: current transaction is aborted, commands ignored until end of transaction block
[2026-01-26T14:24:19.167+0000] {logging_mixin.py:151} INFO -      ⚠️ Erreur ligne 634: current transaction is aborted, commands ignored until end of transaction block
[2026-01-26T14:24:19.169+0000] {logging_mixin.py:151} INFO -      ⚠️ Erreur ligne 635: current transaction is aborted, commands ignored until end of transaction block
[2026-01-26T14:24:19.171+0000] {logging_mixin.py:151} INFO -      ⚠️ Erreur ligne 636: current transaction is aborted, commands ignored until end of transaction block
[2026-01-26T14:24:19.172+0000] {logging_mixin.py:151} INFO -      ⚠️ Erreur ligne 637: current transaction is aborted, commands ignored until end of transaction block
[2026-01-26T14:24:19.174+0000] {logging_mixin.py:151} INFO -      ⚠️ Erreur ligne 638: current transaction is aborted, commands ignored until end of transaction block
[2026-01-26T14:24:19.176+0000] {logging_mixin.py:151} INFO -      ⚠️ Erreur ligne 639: current transaction is aborted, commands ignored until end of transaction block
[2026-01-26T14:24:19.177+0000] {logging_mixin.py:151} INFO -      ⚠️ Erreur ligne 640: current transaction is aborted, commands ignored until end of transaction block
[2026-01-26T14:24:19.179+0000] {logging_mixin.py:151} INFO -      ⚠️ Erreur ligne 641: current transaction is aborted, commands ignored until end of transaction block
[2026-01-26T14:24:19.180+0000] {logging_mixin.py:151} INFO -      ⚠️ Erreur ligne 642: current transaction is aborted, commands ignored until end of transaction block
[2026-01-26T14:24:19.182+0000] {logging_mixin.py:151} INFO -      ⚠️ Erreur ligne 643: current transaction is aborted, commands ignored until end of transaction block
[2026-01-26T14:24:19.183+0000] {logging_mixin.py:151} INFO -      ⚠️ Erreur ligne 644: current transaction is aborted, commands ignored until end of transaction block
[2026-01-26T14:24:19.187+0000] {logging_mixin.py:151} INFO -      ⚠️ Erreur ligne 645: current transaction is aborted, commands ignored until end of transaction block
[2026-01-26T14:24:19.188+0000] {logging_mixin.py:151} INFO -      ⚠️ Erreur ligne 646: current transaction is aborted, commands ignored until end of transaction block
[2026-01-26T14:24:19.190+0000] {logging_mixin.py:151} INFO -      ⚠️ Erreur ligne 647: current transaction is aborted, commands ignored until end of transaction block
[2026-01-26T14:24:19.192+0000] {logging_mixin.py:151} INFO -      ⚠️ Erreur ligne 648: current transaction is aborted, commands ignored until end of transaction block
[2026-01-26T14:24:19.193+0000] {logging_mixin.py:151} INFO -      ⚠️ Erreur ligne 649: current transaction is aborted, commands ignored until end of transaction block
[2026-01-26T14:24:19.195+0000] {logging_mixin.py:151} INFO -      ⚠️ Erreur ligne 650: current transaction is aborted, commands ignored until end of transaction block
[2026-01-26T14:24:19.196+0000] {logging_mixin.py:151} INFO -      ⚠️ Erreur ligne 651: current transaction is aborted, commands ignored until end of transaction block
[2026-01-26T14:24:19.198+0000] {logging_mixin.py:151} INFO -      ⚠️ Erreur ligne 652: current transaction is aborted, commands ignored until end of transaction block
[2026-01-26T14:24:19.199+0000] {logging_mixin.py:151} INFO -      ⚠️ Erreur ligne 653: current transaction is aborted, commands ignored until end of transaction block
[2026-01-26T14:24:19.201+0000] {logging_mixin.py:151} INFO -      ⚠️ Erreur ligne 654: current transaction is aborted, commands ignored until end of transaction block
[2026-01-26T14:24:19.202+0000] {logging_mixin.py:151} INFO -      ⚠️ Erreur ligne 655: current transaction is aborted, commands ignored until end of transaction block
[2026-01-26T14:24:19.203+0000] {logging_mixin.py:151} INFO -      ⚠️ Erreur ligne 656: current transaction is aborted, commands ignored until end of transaction block
[2026-01-26T14:24:19.205+0000] {logging_mixin.py:151} INFO -      ⚠️ Erreur ligne 657: current transaction is aborted, commands ignored until end of transaction block
[2026-01-26T14:24:19.207+0000] {logging_mixin.py:151} INFO -      ⚠️ Erreur ligne 658: current transaction is aborted, commands ignored until end of transaction block
[2026-01-26T14:24:19.208+0000] {logging_mixin.py:151} INFO -      ⚠️ Erreur ligne 659: current transaction is aborted, commands ignored until end of transaction block
[2026-01-26T14:24:19.210+0000] {logging_mixin.py:151} INFO -      ⚠️ Erreur ligne 660: current transaction is aborted, commands ignored until end of transaction block
[2026-01-26T14:24:19.211+0000] {logging_mixin.py:151} INFO -      ⚠️ Erreur ligne 661: current transaction is aborted, commands ignored until end of transaction block
[2026-01-26T14:24:19.212+0000] {logging_mixin.py:151} INFO -      ⚠️ Erreur ligne 662: current transaction is aborted, commands ignored until end of transaction block
[2026-01-26T14:24:19.214+0000] {logging_mixin.py:151} INFO -      ⚠️ Erreur ligne 663: current transaction is aborted, commands ignored until end of transaction block
[2026-01-26T14:24:19.215+0000] {logging_mixin.py:151} INFO -      ⚠️ Erreur ligne 664: current transaction is aborted, commands ignored until end of transaction block
[2026-01-26T14:24:19.216+0000] {logging_mixin.py:151} INFO -      ⚠️ Erreur ligne 665: current transaction is aborted, commands ignored until end of transaction block
[2026-01-26T14:24:19.218+0000] {logging_mixin.py:151} INFO -      ⚠️ Erreur ligne 666: current transaction is aborted, commands ignored until end of transaction block
[2026-01-26T14:24:19.219+0000] {logging_mixin.py:151} INFO -      ⚠️ Erreur ligne 667: current transaction is aborted, commands ignored until end of transaction block
[2026-01-26T14:24:19.220+0000] {logging_mixin.py:151} INFO -      ⚠️ Erreur ligne 668: current transaction is aborted, commands ignored until end of transaction block
[2026-01-26T14:24:19.221+0000] {logging_mixin.py:151} INFO -      ⚠️ Erreur ligne 669: current transaction is aborted, commands ignored until end of transaction block
[2026-01-26T14:24:19.223+0000] {logging_mixin.py:151} INFO -      ⚠️ Erreur ligne 670: current transaction is aborted, commands ignored until end of transaction block
[2026-01-26T14:24:19.224+0000] {logging_mixin.py:151} INFO -      ⚠️ Erreur ligne 671: current transaction is aborted, commands ignored until end of transaction block
[2026-01-26T14:24:19.225+0000] {logging_mixin.py:151} INFO -      ⚠️ Erreur ligne 672: current transaction is aborted, commands ignored until end of transaction block
[2026-01-26T14:24:19.228+0000] {logging_mixin.py:151} INFO -      ⚠️ Erreur ligne 673: current transaction is aborted, commands ignored until end of transaction block
[2026-01-26T14:24:19.230+0000] {logging_mixin.py:151} INFO -      ⚠️ Erreur ligne 674: current transaction is aborted, commands ignored until end of transaction block
[2026-01-26T14:24:19.232+0000] {logging_mixin.py:151} INFO -      ⚠️ Erreur ligne 675: current transaction is aborted, commands ignored until end of transaction block
[2026-01-26T14:24:19.233+0000] {logging_mixin.py:151} INFO -      ⚠️ Erreur ligne 676: current transaction is aborted, commands ignored until end of transaction block
[2026-01-26T14:24:19.235+0000] {logging_mixin.py:151} INFO -      ⚠️ Erreur ligne 677: current transaction is aborted, commands ignored until end of transaction block
[2026-01-26T14:24:19.237+0000] {logging_mixin.py:151} INFO -      ⚠️ Erreur ligne 678: current transaction is aborted, commands ignored until end of transaction block
[2026-01-26T14:24:19.238+0000] {logging_mixin.py:151} INFO -      ⚠️ Erreur ligne 679: current transaction is aborted, commands ignored until end of transaction block
[2026-01-26T14:24:19.239+0000] {logging_mixin.py:151} INFO -      ⚠️ Erreur ligne 680: current transaction is aborted, commands ignored until end of transaction block
[2026-01-26T14:24:19.241+0000] {logging_mixin.py:151} INFO -      ⚠️ Erreur ligne 681: current transaction is aborted, commands ignored until end of transaction block
[2026-01-26T14:24:19.242+0000] {logging_mixin.py:151} INFO -      ⚠️ Erreur ligne 682: current transaction is aborted, commands ignored until end of transaction block
[2026-01-26T14:24:19.244+0000] {logging_mixin.py:151} INFO -      ⚠️ Erreur ligne 683: current transaction is aborted, commands ignored until end of transaction block
[2026-01-26T14:24:19.245+0000] {logging_mixin.py:151} INFO -      ⚠️ Erreur ligne 684: current transaction is aborted, commands ignored until end of transaction block
[2026-01-26T14:24:19.246+0000] {logging_mixin.py:151} INFO -      ⚠️ Erreur ligne 685: current transaction is aborted, commands ignored until end of transaction block
[2026-01-26T14:24:19.248+0000] {logging_mixin.py:151} INFO -      ⚠️ Erreur ligne 686: current transaction is aborted, commands ignored until end of transaction block
[2026-01-26T14:24:19.250+0000] {logging_mixin.py:151} INFO -      ⚠️ Erreur ligne 687: current transaction is aborted, commands ignored until end of transaction block
[2026-01-26T14:24:19.253+0000] {logging_mixin.py:151} INFO -      ⚠️ Erreur ligne 688: current transaction is aborted, commands ignored until end of transaction block
[2026-01-26T14:24:19.254+0000] {logging_mixin.py:151} INFO -      ⚠️ Erreur ligne 689: current transaction is aborted, commands ignored until end of transaction block
[2026-01-26T14:24:19.257+0000] {logging_mixin.py:151} INFO -      ⚠️ Erreur ligne 690: current transaction is aborted, commands ignored until end of transaction block
[2026-01-26T14:24:19.258+0000] {logging_mixin.py:151} INFO -      ⚠️ Erreur ligne 691: current transaction is aborted, commands ignored until end of transaction block
[2026-01-26T14:24:19.260+0000] {logging_mixin.py:151} INFO -      ⚠️ Erreur ligne 692: current transaction is aborted, commands ignored until end of transaction block
[2026-01-26T14:24:19.261+0000] {logging_mixin.py:151} INFO -      ⚠️ Erreur ligne 693: current transaction is aborted, commands ignored until end of transaction block
[2026-01-26T14:24:19.263+0000] {logging_mixin.py:151} INFO -      ⚠️ Erreur ligne 694: current transaction is aborted, commands ignored until end of transaction block
[2026-01-26T14:24:19.264+0000] {logging_mixin.py:151} INFO -      ⚠️ Erreur ligne 695: current transaction is aborted, commands ignored until end of transaction block
[2026-01-26T14:24:19.266+0000] {logging_mixin.py:151} INFO -      ⚠️ Erreur ligne 696: current transaction is aborted, commands ignored until end of transaction block
[2026-01-26T14:24:19.267+0000] {logging_mixin.py:151} INFO -      ⚠️ Erreur ligne 697: current transaction is aborted, commands ignored until end of transaction block
[2026-01-26T14:24:19.268+0000] {logging_mixin.py:151} INFO -      ⚠️ Erreur ligne 698: current transaction is aborted, commands ignored until end of transaction block
[2026-01-26T14:24:19.270+0000] {logging_mixin.py:151} INFO -      ⚠️ Erreur ligne 699: current transaction is aborted, commands ignored until end of transaction block
[2026-01-26T14:24:19.271+0000] {logging_mixin.py:151} INFO -      ⚠️ Erreur ligne 700: current transaction is aborted, commands ignored until end of transaction block
[2026-01-26T14:24:19.273+0000] {logging_mixin.py:151} INFO -      ⚠️ Erreur ligne 701: current transaction is aborted, commands ignored until end of transaction block
[2026-01-26T14:24:19.274+0000] {logging_mixin.py:151} INFO -      ⚠️ Erreur ligne 702: current transaction is aborted, commands ignored until end of transaction block
[2026-01-26T14:24:19.276+0000] {logging_mixin.py:151} INFO -      ⚠️ Erreur ligne 703: current transaction is aborted, commands ignored until end of transaction block
[2026-01-26T14:24:19.277+0000] {logging_mixin.py:151} INFO -      ⚠️ Erreur ligne 704: current transaction is aborted, commands ignored until end of transaction block
[2026-01-26T14:24:19.279+0000] {logging_mixin.py:151} INFO -      ⚠️ Erreur ligne 705: current transaction is aborted, commands ignored until end of transaction block
[2026-01-26T14:24:19.281+0000] {logging_mixin.py:151} INFO -      ⚠️ Erreur ligne 706: current transaction is aborted, commands ignored until end of transaction block
[2026-01-26T14:24:19.282+0000] {logging_mixin.py:151} INFO -      ⚠️ Erreur ligne 707: current transaction is aborted, commands ignored until end of transaction block
[2026-01-26T14:24:19.284+0000] {logging_mixin.py:151} INFO -      ⚠️ Erreur ligne 708: current transaction is aborted, commands ignored until end of transaction block
[2026-01-26T14:24:19.285+0000] {logging_mixin.py:151} INFO -      ⚠️ Erreur ligne 709: current transaction is aborted, commands ignored until end of transaction block
[2026-01-26T14:24:19.286+0000] {logging_mixin.py:151} INFO -      ⚠️ Erreur ligne 710: current transaction is aborted, commands ignored until end of transaction block
[2026-01-26T14:24:19.288+0000] {logging_mixin.py:151} INFO -      ⚠️ Erreur ligne 711: current transaction is aborted, commands ignored until end of transaction block
[2026-01-26T14:24:19.289+0000] {logging_mixin.py:151} INFO -      ⚠️ Erreur ligne 712: current transaction is aborted, commands ignored until end of transaction block
[2026-01-26T14:24:19.291+0000] {logging_mixin.py:151} INFO -      ⚠️ Erreur ligne 713: current transaction is aborted, commands ignored until end of transaction block
[2026-01-26T14:24:19.292+0000] {logging_mixin.py:151} INFO -      ⚠️ Erreur ligne 714: current transaction is aborted, commands ignored until end of transaction block
[2026-01-26T14:24:19.294+0000] {logging_mixin.py:151} INFO -      ⚠️ Erreur ligne 715: current transaction is aborted, commands ignored until end of transaction block
[2026-01-26T14:24:19.295+0000] {logging_mixin.py:151} INFO -      ⚠️ Erreur ligne 716: current transaction is aborted, commands ignored until end of transaction block
[2026-01-26T14:24:19.297+0000] {logging_mixin.py:151} INFO -      ⚠️ Erreur ligne 717: current transaction is aborted, commands ignored until end of transaction block
[2026-01-26T14:24:19.299+0000] {logging_mixin.py:151} INFO -      ⚠️ Erreur ligne 718: current transaction is aborted, commands ignored until end of transaction block
[2026-01-26T14:24:19.301+0000] {logging_mixin.py:151} INFO -      ⚠️ Erreur ligne 719: current transaction is aborted, commands ignored until end of transaction block
[2026-01-26T14:24:19.302+0000] {logging_mixin.py:151} INFO -      ⚠️ Erreur ligne 720: current transaction is aborted, commands ignored until end of transaction block
[2026-01-26T14:24:19.303+0000] {logging_mixin.py:151} INFO -      ⚠️ Erreur ligne 721: current transaction is aborted, commands ignored until end of transaction block
[2026-01-26T14:24:19.305+0000] {logging_mixin.py:151} INFO -      ⚠️ Erreur ligne 722: current transaction is aborted, commands ignored until end of transaction block
[2026-01-26T14:24:19.306+0000] {logging_mixin.py:151} INFO -      ⚠️ Erreur ligne 723: current transaction is aborted, commands ignored until end of transaction block
[2026-01-26T14:24:19.307+0000] {logging_mixin.py:151} INFO -      ⚠️ Erreur ligne 724: current transaction is aborted, commands ignored until end of transaction block
[2026-01-26T14:24:19.309+0000] {logging_mixin.py:151} INFO -      ⚠️ Erreur ligne 725: current transaction is aborted, commands ignored until end of transaction block
[2026-01-26T14:24:19.310+0000] {logging_mixin.py:151} INFO -      ⚠️ Erreur ligne 726: current transaction is aborted, commands ignored until end of transaction block
[2026-01-26T14:24:19.311+0000] {logging_mixin.py:151} INFO -      ⚠️ Erreur ligne 727: current transaction is aborted, commands ignored until end of transaction block
[2026-01-26T14:24:19.312+0000] {logging_mixin.py:151} INFO -      ⚠️ Erreur ligne 728: current transaction is aborted, commands ignored until end of transaction block
[2026-01-26T14:24:19.314+0000] {logging_mixin.py:151} INFO -      ⚠️ Erreur ligne 729: current transaction is aborted, commands ignored until end of transaction block
[2026-01-26T14:24:19.315+0000] {logging_mixin.py:151} INFO -      ⚠️ Erreur ligne 730: current transaction is aborted, commands ignored until end of transaction block
[2026-01-26T14:24:19.317+0000] {logging_mixin.py:151} INFO -      ⚠️ Erreur ligne 731: current transaction is aborted, commands ignored until end of transaction block
[2026-01-26T14:24:19.320+0000] {logging_mixin.py:151} INFO -      ⚠️ Erreur ligne 732: current transaction is aborted, commands ignored until end of transaction block
[2026-01-26T14:24:19.321+0000] {logging_mixin.py:151} INFO -      ⚠️ Erreur ligne 733: current transaction is aborted, commands ignored until end of transaction block
[2026-01-26T14:24:19.323+0000] {logging_mixin.py:151} INFO -      ⚠️ Erreur ligne 734: current transaction is aborted, commands ignored until end of transaction block
[2026-01-26T14:24:19.324+0000] {logging_mixin.py:151} INFO -      ⚠️ Erreur ligne 735: current transaction is aborted, commands ignored until end of transaction block
[2026-01-26T14:24:19.325+0000] {logging_mixin.py:151} INFO -      ⚠️ Erreur ligne 736: current transaction is aborted, commands ignored until end of transaction block
[2026-01-26T14:24:19.327+0000] {logging_mixin.py:151} INFO -      ⚠️ Erreur ligne 737: current transaction is aborted, commands ignored until end of transaction block
[2026-01-26T14:24:19.328+0000] {logging_mixin.py:151} INFO -      ⚠️ Erreur ligne 738: current transaction is aborted, commands ignored until end of transaction block
[2026-01-26T14:24:19.330+0000] {logging_mixin.py:151} INFO -      ⚠️ Erreur ligne 739: current transaction is aborted, commands ignored until end of transaction block
[2026-01-26T14:24:19.331+0000] {logging_mixin.py:151} INFO -      ⚠️ Erreur ligne 740: current transaction is aborted, commands ignored until end of transaction block
[2026-01-26T14:24:19.333+0000] {logging_mixin.py:151} INFO -      ⚠️ Erreur ligne 741: current transaction is aborted, commands ignored until end of transaction block
[2026-01-26T14:24:19.334+0000] {logging_mixin.py:151} INFO -      ⚠️ Erreur ligne 742: current transaction is aborted, commands ignored until end of transaction block
[2026-01-26T14:24:19.335+0000] {logging_mixin.py:151} INFO -      ⚠️ Erreur ligne 743: current transaction is aborted, commands ignored until end of transaction block
[2026-01-26T14:24:19.337+0000] {logging_mixin.py:151} INFO -      ⚠️ Erreur ligne 744: current transaction is aborted, commands ignored until end of transaction block
[2026-01-26T14:24:19.338+0000] {logging_mixin.py:151} INFO -      ⚠️ Erreur ligne 745: current transaction is aborted, commands ignored until end of transaction block
[2026-01-26T14:24:19.340+0000] {logging_mixin.py:151} INFO -      ⚠️ Erreur ligne 746: current transaction is aborted, commands ignored until end of transaction block
[2026-01-26T14:24:19.342+0000] {logging_mixin.py:151} INFO -      ⚠️ Erreur ligne 747: current transaction is aborted, commands ignored until end of transaction block
[2026-01-26T14:24:19.343+0000] {logging_mixin.py:151} INFO -      ⚠️ Erreur ligne 748: current transaction is aborted, commands ignored until end of transaction block
[2026-01-26T14:24:19.345+0000] {logging_mixin.py:151} INFO -      ⚠️ Erreur ligne 749: current transaction is aborted, commands ignored until end of transaction block
[2026-01-26T14:24:19.346+0000] {logging_mixin.py:151} INFO -      ⚠️ Erreur ligne 750: current transaction is aborted, commands ignored until end of transaction block
[2026-01-26T14:24:19.348+0000] {logging_mixin.py:151} INFO -      ⚠️ Erreur ligne 751: current transaction is aborted, commands ignored until end of transaction block
[2026-01-26T14:24:19.349+0000] {logging_mixin.py:151} INFO -      ⚠️ Erreur ligne 752: current transaction is aborted, commands ignored until end of transaction block
[2026-01-26T14:24:19.351+0000] {logging_mixin.py:151} INFO -      ⚠️ Erreur ligne 753: current transaction is aborted, commands ignored until end of transaction block
[2026-01-26T14:24:19.352+0000] {logging_mixin.py:151} INFO -      ⚠️ Erreur ligne 754: current transaction is aborted, commands ignored until end of transaction block
[2026-01-26T14:24:19.353+0000] {logging_mixin.py:151} INFO -      ⚠️ Erreur ligne 755: current transaction is aborted, commands ignored until end of transaction block
[2026-01-26T14:24:19.354+0000] {logging_mixin.py:151} INFO -      ⚠️ Erreur ligne 756: current transaction is aborted, commands ignored until end of transaction block
[2026-01-26T14:24:19.356+0000] {logging_mixin.py:151} INFO -      ⚠️ Erreur ligne 757: current transaction is aborted, commands ignored until end of transaction block
[2026-01-26T14:24:19.357+0000] {logging_mixin.py:151} INFO -      ⚠️ Erreur ligne 758: current transaction is aborted, commands ignored until end of transaction block
[2026-01-26T14:24:19.358+0000] {logging_mixin.py:151} INFO -      ⚠️ Erreur ligne 759: current transaction is aborted, commands ignored until end of transaction block
[2026-01-26T14:24:19.359+0000] {logging_mixin.py:151} INFO -      ⚠️ Erreur ligne 760: current transaction is aborted, commands ignored until end of transaction block
[2026-01-26T14:24:19.361+0000] {logging_mixin.py:151} INFO -      ⚠️ Erreur ligne 761: current transaction is aborted, commands ignored until end of transaction block
[2026-01-26T14:24:19.362+0000] {logging_mixin.py:151} INFO -      ⚠️ Erreur ligne 762: current transaction is aborted, commands ignored until end of transaction block
[2026-01-26T14:24:19.364+0000] {logging_mixin.py:151} INFO -      ⚠️ Erreur ligne 763: current transaction is aborted, commands ignored until end of transaction block
[2026-01-26T14:24:19.366+0000] {logging_mixin.py:151} INFO -      ⚠️ Erreur ligne 764: current transaction is aborted, commands ignored until end of transaction block
[2026-01-26T14:24:19.367+0000] {logging_mixin.py:151} INFO -      ⚠️ Erreur ligne 765: current transaction is aborted, commands ignored until end of transaction block
[2026-01-26T14:24:19.369+0000] {logging_mixin.py:151} INFO -      ⚠️ Erreur ligne 766: current transaction is aborted, commands ignored until end of transaction block
[2026-01-26T14:24:19.370+0000] {logging_mixin.py:151} INFO -      ⚠️ Erreur ligne 767: current transaction is aborted, commands ignored until end of transaction block
[2026-01-26T14:24:19.371+0000] {logging_mixin.py:151} INFO -      ⚠️ Erreur ligne 768: current transaction is aborted, commands ignored until end of transaction block
[2026-01-26T14:24:19.373+0000] {logging_mixin.py:151} INFO -      ⚠️ Erreur ligne 769: current transaction is aborted, commands ignored until end of transaction block
[2026-01-26T14:24:19.374+0000] {logging_mixin.py:151} INFO -      ⚠️ Erreur ligne 770: current transaction is aborted, commands ignored until end of transaction block
[2026-01-26T14:24:19.375+0000] {logging_mixin.py:151} INFO -      ⚠️ Erreur ligne 771: current transaction is aborted, commands ignored until end of transaction block
[2026-01-26T14:24:19.376+0000] {logging_mixin.py:151} INFO -      ⚠️ Erreur ligne 772: current transaction is aborted, commands ignored until end of transaction block
[2026-01-26T14:24:19.378+0000] {logging_mixin.py:151} INFO -      ⚠️ Erreur ligne 773: current transaction is aborted, commands ignored until end of transaction block
[2026-01-26T14:24:19.379+0000] {logging_mixin.py:151} INFO -      ⚠️ Erreur ligne 774: current transaction is aborted, commands ignored until end of transaction block
[2026-01-26T14:24:19.381+0000] {logging_mixin.py:151} INFO -      ⚠️ Erreur ligne 775: current transaction is aborted, commands ignored until end of transaction block
[2026-01-26T14:24:19.383+0000] {logging_mixin.py:151} INFO -      ⚠️ Erreur ligne 776: current transaction is aborted, commands ignored until end of transaction block
[2026-01-26T14:24:19.384+0000] {logging_mixin.py:151} INFO -      ⚠️ Erreur ligne 777: current transaction is aborted, commands ignored until end of transaction block
[2026-01-26T14:24:19.386+0000] {logging_mixin.py:151} INFO -      ⚠️ Erreur ligne 778: current transaction is aborted, commands ignored until end of transaction block
[2026-01-26T14:24:19.387+0000] {logging_mixin.py:151} INFO -      ⚠️ Erreur ligne 779: current transaction is aborted, commands ignored until end of transaction block
[2026-01-26T14:24:19.388+0000] {logging_mixin.py:151} INFO -      ⚠️ Erreur ligne 780: current transaction is aborted, commands ignored until end of transaction block
[2026-01-26T14:24:19.390+0000] {logging_mixin.py:151} INFO -      ⚠️ Erreur ligne 781: current transaction is aborted, commands ignored until end of transaction block
[2026-01-26T14:24:19.391+0000] {logging_mixin.py:151} INFO -      ⚠️ Erreur ligne 782: current transaction is aborted, commands ignored until end of transaction block
[2026-01-26T14:24:19.392+0000] {logging_mixin.py:151} INFO -      ⚠️ Erreur ligne 783: current transaction is aborted, commands ignored until end of transaction block
[2026-01-26T14:24:19.394+0000] {logging_mixin.py:151} INFO -      ⚠️ Erreur ligne 784: current transaction is aborted, commands ignored until end of transaction block
[2026-01-26T14:24:19.395+0000] {logging_mixin.py:151} INFO -      ⚠️ Erreur ligne 785: current transaction is aborted, commands ignored until end of transaction block
[2026-01-26T14:24:19.396+0000] {logging_mixin.py:151} INFO -      ⚠️ Erreur ligne 786: current transaction is aborted, commands ignored until end of transaction block
[2026-01-26T14:24:19.398+0000] {logging_mixin.py:151} INFO -      ⚠️ Erreur ligne 787: current transaction is aborted, commands ignored until end of transaction block
[2026-01-26T14:24:19.399+0000] {logging_mixin.py:151} INFO -      ⚠️ Erreur ligne 788: current transaction is aborted, commands ignored until end of transaction block
[2026-01-26T14:24:19.401+0000] {logging_mixin.py:151} INFO -      ⚠️ Erreur ligne 789: current transaction is aborted, commands ignored until end of transaction block
[2026-01-26T14:24:19.403+0000] {logging_mixin.py:151} INFO -      ⚠️ Erreur ligne 790: current transaction is aborted, commands ignored until end of transaction block
[2026-01-26T14:24:19.404+0000] {logging_mixin.py:151} INFO -      ⚠️ Erreur ligne 791: current transaction is aborted, commands ignored until end of transaction block
[2026-01-26T14:24:19.406+0000] {logging_mixin.py:151} INFO -      ⚠️ Erreur ligne 792: current transaction is aborted, commands ignored until end of transaction block
[2026-01-26T14:24:19.408+0000] {logging_mixin.py:151} INFO -      ⚠️ Erreur ligne 793: current transaction is aborted, commands ignored until end of transaction block
[2026-01-26T14:24:19.409+0000] {logging_mixin.py:151} INFO -      ⚠️ Erreur ligne 794: current transaction is aborted, commands ignored until end of transaction block
[2026-01-26T14:24:19.410+0000] {logging_mixin.py:151} INFO -      ⚠️ Erreur ligne 795: current transaction is aborted, commands ignored until end of transaction block
[2026-01-26T14:24:19.411+0000] {logging_mixin.py:151} INFO -      ⚠️ Erreur ligne 796: current transaction is aborted, commands ignored until end of transaction block
[2026-01-26T14:24:19.413+0000] {logging_mixin.py:151} INFO -      ⚠️ Erreur ligne 797: current transaction is aborted, commands ignored until end of transaction block
[2026-01-26T14:24:19.414+0000] {logging_mixin.py:151} INFO -      ⚠️ Erreur ligne 798: current transaction is aborted, commands ignored until end of transaction block
[2026-01-26T14:24:19.415+0000] {logging_mixin.py:151} INFO -      ⚠️ Erreur ligne 799: current transaction is aborted, commands ignored until end of transaction block
[2026-01-26T14:24:19.416+0000] {logging_mixin.py:151} INFO -      ⚠️ Erreur ligne 800: current transaction is aborted, commands ignored until end of transaction block
[2026-01-26T14:24:19.418+0000] {logging_mixin.py:151} INFO -      ⚠️ Erreur ligne 801: current transaction is aborted, commands ignored until end of transaction block
[2026-01-26T14:24:19.419+0000] {logging_mixin.py:151} INFO -      ⚠️ Erreur ligne 802: current transaction is aborted, commands ignored until end of transaction block
[2026-01-26T14:24:19.421+0000] {logging_mixin.py:151} INFO -      ⚠️ Erreur ligne 803: current transaction is aborted, commands ignored until end of transaction block
[2026-01-26T14:24:19.423+0000] {logging_mixin.py:151} INFO -      ⚠️ Erreur ligne 804: current transaction is aborted, commands ignored until end of transaction block
[2026-01-26T14:24:19.425+0000] {logging_mixin.py:151} INFO -      ⚠️ Erreur ligne 805: current transaction is aborted, commands ignored until end of transaction block
[2026-01-26T14:24:19.426+0000] {logging_mixin.py:151} INFO -      ⚠️ Erreur ligne 806: current transaction is aborted, commands ignored until end of transaction block
[2026-01-26T14:24:19.428+0000] {logging_mixin.py:151} INFO -      ⚠️ Erreur ligne 807: current transaction is aborted, commands ignored until end of transaction block
[2026-01-26T14:24:19.429+0000] {logging_mixin.py:151} INFO -      ⚠️ Erreur ligne 808: current transaction is aborted, commands ignored until end of transaction block
[2026-01-26T14:24:19.430+0000] {logging_mixin.py:151} INFO -      ⚠️ Erreur ligne 809: current transaction is aborted, commands ignored until end of transaction block
[2026-01-26T14:24:19.432+0000] {logging_mixin.py:151} INFO -      ⚠️ Erreur ligne 810: current transaction is aborted, commands ignored until end of transaction block
[2026-01-26T14:24:19.433+0000] {logging_mixin.py:151} INFO -      ⚠️ Erreur ligne 811: current transaction is aborted, commands ignored until end of transaction block
[2026-01-26T14:24:19.435+0000] {logging_mixin.py:151} INFO -      ⚠️ Erreur ligne 812: current transaction is aborted, commands ignored until end of transaction block
[2026-01-26T14:24:19.436+0000] {logging_mixin.py:151} INFO -      ⚠️ Erreur ligne 813: current transaction is aborted, commands ignored until end of transaction block
[2026-01-26T14:24:19.437+0000] {logging_mixin.py:151} INFO -      ⚠️ Erreur ligne 814: current transaction is aborted, commands ignored until end of transaction block
[2026-01-26T14:24:19.438+0000] {logging_mixin.py:151} INFO -      ⚠️ Erreur ligne 815: current transaction is aborted, commands ignored until end of transaction block
[2026-01-26T14:24:19.439+0000] {logging_mixin.py:151} INFO -      ⚠️ Erreur ligne 816: current transaction is aborted, commands ignored until end of transaction block
[2026-01-26T14:24:19.441+0000] {logging_mixin.py:151} INFO -      ⚠️ Erreur ligne 817: current transaction is aborted, commands ignored until end of transaction block
[2026-01-26T14:24:19.444+0000] {logging_mixin.py:151} INFO -      ⚠️ Erreur ligne 818: current transaction is aborted, commands ignored until end of transaction block
[2026-01-26T14:24:19.446+0000] {logging_mixin.py:151} INFO -      ⚠️ Erreur ligne 819: current transaction is aborted, commands ignored until end of transaction block
[2026-01-26T14:24:19.448+0000] {logging_mixin.py:151} INFO -      ⚠️ Erreur ligne 820: current transaction is aborted, commands ignored until end of transaction block
[2026-01-26T14:24:19.449+0000] {logging_mixin.py:151} INFO -      ⚠️ Erreur ligne 821: current transaction is aborted, commands ignored until end of transaction block
[2026-01-26T14:24:19.451+0000] {logging_mixin.py:151} INFO -      ⚠️ Erreur ligne 822: current transaction is aborted, commands ignored until end of transaction block
[2026-01-26T14:24:19.452+0000] {logging_mixin.py:151} INFO -      ⚠️ Erreur ligne 823: current transaction is aborted, commands ignored until end of transaction block
[2026-01-26T14:24:19.454+0000] {logging_mixin.py:151} INFO -      ⚠️ Erreur ligne 824: current transaction is aborted, commands ignored until end of transaction block
[2026-01-26T14:24:19.455+0000] {logging_mixin.py:151} INFO -      ⚠️ Erreur ligne 825: current transaction is aborted, commands ignored until end of transaction block
[2026-01-26T14:24:19.456+0000] {logging_mixin.py:151} INFO -      ⚠️ Erreur ligne 826: current transaction is aborted, commands ignored until end of transaction block
[2026-01-26T14:24:19.458+0000] {logging_mixin.py:151} INFO -      ⚠️ Erreur ligne 827: current transaction is aborted, commands ignored until end of transaction block
[2026-01-26T14:24:19.459+0000] {logging_mixin.py:151} INFO -      ⚠️ Erreur ligne 828: current transaction is aborted, commands ignored until end of transaction block
[2026-01-26T14:24:19.460+0000] {logging_mixin.py:151} INFO -      ⚠️ Erreur ligne 829: current transaction is aborted, commands ignored until end of transaction block
[2026-01-26T14:24:19.461+0000] {logging_mixin.py:151} INFO -      ⚠️ Erreur ligne 830: current transaction is aborted, commands ignored until end of transaction block
[2026-01-26T14:24:19.463+0000] {logging_mixin.py:151} INFO -      ⚠️ Erreur ligne 831: current transaction is aborted, commands ignored until end of transaction block
[2026-01-26T14:24:19.466+0000] {logging_mixin.py:151} INFO -      ⚠️ Erreur ligne 832: current transaction is aborted, commands ignored until end of transaction block
[2026-01-26T14:24:19.467+0000] {logging_mixin.py:151} INFO -      ⚠️ Erreur ligne 833: current transaction is aborted, commands ignored until end of transaction block
[2026-01-26T14:24:19.469+0000] {logging_mixin.py:151} INFO -      ⚠️ Erreur ligne 834: current transaction is aborted, commands ignored until end of transaction block
[2026-01-26T14:24:19.470+0000] {logging_mixin.py:151} INFO -      ⚠️ Erreur ligne 835: current transaction is aborted, commands ignored until end of transaction block
[2026-01-26T14:24:19.471+0000] {logging_mixin.py:151} INFO -      ⚠️ Erreur ligne 836: current transaction is aborted, commands ignored until end of transaction block
[2026-01-26T14:24:19.473+0000] {logging_mixin.py:151} INFO -      ⚠️ Erreur ligne 837: current transaction is aborted, commands ignored until end of transaction block
[2026-01-26T14:24:19.474+0000] {logging_mixin.py:151} INFO -      ⚠️ Erreur ligne 838: current transaction is aborted, commands ignored until end of transaction block
[2026-01-26T14:24:19.475+0000] {logging_mixin.py:151} INFO -      ⚠️ Erreur ligne 839: current transaction is aborted, commands ignored until end of transaction block
[2026-01-26T14:24:19.476+0000] {logging_mixin.py:151} INFO -      ⚠️ Erreur ligne 840: current transaction is aborted, commands ignored until end of transaction block
[2026-01-26T14:24:19.477+0000] {logging_mixin.py:151} INFO -      ⚠️ Erreur ligne 841: current transaction is aborted, commands ignored until end of transaction block
[2026-01-26T14:24:19.478+0000] {logging_mixin.py:151} INFO -      ⚠️ Erreur ligne 842: current transaction is aborted, commands ignored until end of transaction block
[2026-01-26T14:24:19.480+0000] {logging_mixin.py:151} INFO -      ⚠️ Erreur ligne 843: current transaction is aborted, commands ignored until end of transaction block
[2026-01-26T14:24:19.481+0000] {logging_mixin.py:151} INFO -      ⚠️ Erreur ligne 844: current transaction is aborted, commands ignored until end of transaction block
[2026-01-26T14:24:19.482+0000] {logging_mixin.py:151} INFO -      ⚠️ Erreur ligne 845: current transaction is aborted, commands ignored until end of transaction block
[2026-01-26T14:24:19.483+0000] {logging_mixin.py:151} INFO -      ⚠️ Erreur ligne 846: current transaction is aborted, commands ignored until end of transaction block
[2026-01-26T14:24:19.485+0000] {logging_mixin.py:151} INFO -      ⚠️ Erreur ligne 847: current transaction is aborted, commands ignored until end of transaction block
[2026-01-26T14:24:19.486+0000] {logging_mixin.py:151} INFO -      ⚠️ Erreur ligne 848: current transaction is aborted, commands ignored until end of transaction block
[2026-01-26T14:24:19.487+0000] {logging_mixin.py:151} INFO -      ⚠️ Erreur ligne 849: current transaction is aborted, commands ignored until end of transaction block
[2026-01-26T14:24:19.489+0000] {logging_mixin.py:151} INFO -      ⚠️ Erreur ligne 850: current transaction is aborted, commands ignored until end of transaction block
[2026-01-26T14:24:19.490+0000] {logging_mixin.py:151} INFO -      ⚠️ Erreur ligne 851: current transaction is aborted, commands ignored until end of transaction block
[2026-01-26T14:24:19.491+0000] {logging_mixin.py:151} INFO -      ⚠️ Erreur ligne 852: current transaction is aborted, commands ignored until end of transaction block
[2026-01-26T14:24:19.492+0000] {logging_mixin.py:151} INFO -      ⚠️ Erreur ligne 853: current transaction is aborted, commands ignored until end of transaction block
[2026-01-26T14:24:19.494+0000] {logging_mixin.py:151} INFO -      ⚠️ Erreur ligne 854: current transaction is aborted, commands ignored until end of transaction block
[2026-01-26T14:24:19.495+0000] {logging_mixin.py:151} INFO -      ⚠️ Erreur ligne 855: current transaction is aborted, commands ignored until end of transaction block
[2026-01-26T14:24:19.496+0000] {logging_mixin.py:151} INFO -      ⚠️ Erreur ligne 856: current transaction is aborted, commands ignored until end of transaction block
[2026-01-26T14:24:19.497+0000] {logging_mixin.py:151} INFO -      ⚠️ Erreur ligne 857: current transaction is aborted, commands ignored until end of transaction block
[2026-01-26T14:24:19.498+0000] {logging_mixin.py:151} INFO -      ⚠️ Erreur ligne 858: current transaction is aborted, commands ignored until end of transaction block
[2026-01-26T14:24:19.499+0000] {logging_mixin.py:151} INFO -      ⚠️ Erreur ligne 859: current transaction is aborted, commands ignored until end of transaction block
[2026-01-26T14:24:19.500+0000] {logging_mixin.py:151} INFO -      ⚠️ Erreur ligne 860: current transaction is aborted, commands ignored until end of transaction block
[2026-01-26T14:24:19.502+0000] {logging_mixin.py:151} INFO -      ⚠️ Erreur ligne 861: current transaction is aborted, commands ignored until end of transaction block
[2026-01-26T14:24:19.504+0000] {logging_mixin.py:151} INFO -      ⚠️ Erreur ligne 862: current transaction is aborted, commands ignored until end of transaction block
[2026-01-26T14:24:19.507+0000] {logging_mixin.py:151} INFO -      ⚠️ Erreur ligne 863: current transaction is aborted, commands ignored until end of transaction block
[2026-01-26T14:24:19.510+0000] {logging_mixin.py:151} INFO -      ⚠️ Erreur ligne 864: current transaction is aborted, commands ignored until end of transaction block
[2026-01-26T14:24:19.511+0000] {logging_mixin.py:151} INFO -      ⚠️ Erreur ligne 865: current transaction is aborted, commands ignored until end of transaction block
[2026-01-26T14:24:19.512+0000] {logging_mixin.py:151} INFO -      ⚠️ Erreur ligne 866: current transaction is aborted, commands ignored until end of transaction block
[2026-01-26T14:24:19.514+0000] {logging_mixin.py:151} INFO -      ⚠️ Erreur ligne 867: current transaction is aborted, commands ignored until end of transaction block
[2026-01-26T14:24:19.515+0000] {logging_mixin.py:151} INFO -      ⚠️ Erreur ligne 868: current transaction is aborted, commands ignored until end of transaction block
[2026-01-26T14:24:19.517+0000] {logging_mixin.py:151} INFO -      ⚠️ Erreur ligne 869: current transaction is aborted, commands ignored until end of transaction block
[2026-01-26T14:24:19.518+0000] {logging_mixin.py:151} INFO -      ⚠️ Erreur ligne 870: current transaction is aborted, commands ignored until end of transaction block
[2026-01-26T14:24:19.519+0000] {logging_mixin.py:151} INFO -      ⚠️ Erreur ligne 871: current transaction is aborted, commands ignored until end of transaction block
[2026-01-26T14:24:19.523+0000] {logging_mixin.py:151} INFO -      ⚠️ Erreur ligne 872: current transaction is aborted, commands ignored until end of transaction block
[2026-01-26T14:24:19.524+0000] {logging_mixin.py:151} INFO -      ⚠️ Erreur ligne 873: current transaction is aborted, commands ignored until end of transaction block
[2026-01-26T14:24:19.529+0000] {logging_mixin.py:151} INFO -      ⚠️ Erreur ligne 874: current transaction is aborted, commands ignored until end of transaction block
[2026-01-26T14:24:19.530+0000] {logging_mixin.py:151} INFO -      ⚠️ Erreur ligne 875: current transaction is aborted, commands ignored until end of transaction block
[2026-01-26T14:24:19.531+0000] {logging_mixin.py:151} INFO -      ⚠️ Erreur ligne 876: current transaction is aborted, commands ignored until end of transaction block
[2026-01-26T14:24:19.532+0000] {logging_mixin.py:151} INFO -      ⚠️ Erreur ligne 877: current transaction is aborted, commands ignored until end of transaction block
[2026-01-26T14:24:19.533+0000] {logging_mixin.py:151} INFO -      ⚠️ Erreur ligne 878: current transaction is aborted, commands ignored until end of transaction block
[2026-01-26T14:24:19.535+0000] {logging_mixin.py:151} INFO -      ⚠️ Erreur ligne 879: current transaction is aborted, commands ignored until end of transaction block
[2026-01-26T14:24:19.536+0000] {logging_mixin.py:151} INFO -      ⚠️ Erreur ligne 880: current transaction is aborted, commands ignored until end of transaction block
[2026-01-26T14:24:19.537+0000] {logging_mixin.py:151} INFO -      ⚠️ Erreur ligne 881: current transaction is aborted, commands ignored until end of transaction block
[2026-01-26T14:24:19.538+0000] {logging_mixin.py:151} INFO -      ⚠️ Erreur ligne 882: current transaction is aborted, commands ignored until end of transaction block
[2026-01-26T14:24:19.539+0000] {logging_mixin.py:151} INFO -      ⚠️ Erreur ligne 883: current transaction is aborted, commands ignored until end of transaction block
[2026-01-26T14:24:19.540+0000] {logging_mixin.py:151} INFO -      ⚠️ Erreur ligne 884: current transaction is aborted, commands ignored until end of transaction block
[2026-01-26T14:24:19.542+0000] {logging_mixin.py:151} INFO -      ⚠️ Erreur ligne 885: current transaction is aborted, commands ignored until end of transaction block
[2026-01-26T14:24:19.543+0000] {logging_mixin.py:151} INFO -      ⚠️ Erreur ligne 886: current transaction is aborted, commands ignored until end of transaction block
[2026-01-26T14:24:19.549+0000] {logging_mixin.py:151} INFO -      ⚠️ Erreur ligne 887: current transaction is aborted, commands ignored until end of transaction block
[2026-01-26T14:24:19.552+0000] {logging_mixin.py:151} INFO -      ⚠️ Erreur ligne 888: current transaction is aborted, commands ignored until end of transaction block
[2026-01-26T14:24:19.554+0000] {logging_mixin.py:151} INFO -      ⚠️ Erreur ligne 889: current transaction is aborted, commands ignored until end of transaction block
[2026-01-26T14:24:19.557+0000] {logging_mixin.py:151} INFO -      ⚠️ Erreur ligne 890: current transaction is aborted, commands ignored until end of transaction block
[2026-01-26T14:24:19.559+0000] {logging_mixin.py:151} INFO -      ⚠️ Erreur ligne 891: current transaction is aborted, commands ignored until end of transaction block
[2026-01-26T14:24:19.563+0000] {logging_mixin.py:151} INFO -      ⚠️ Erreur ligne 892: current transaction is aborted, commands ignored until end of transaction block
[2026-01-26T14:24:19.564+0000] {logging_mixin.py:151} INFO -      ⚠️ Erreur ligne 893: current transaction is aborted, commands ignored until end of transaction block
[2026-01-26T14:24:19.565+0000] {logging_mixin.py:151} INFO -      ⚠️ Erreur ligne 894: current transaction is aborted, commands ignored until end of transaction block
[2026-01-26T14:24:19.568+0000] {logging_mixin.py:151} INFO -      ⚠️ Erreur ligne 895: current transaction is aborted, commands ignored until end of transaction block
[2026-01-26T14:24:19.570+0000] {logging_mixin.py:151} INFO -      ⚠️ Erreur ligne 896: current transaction is aborted, commands ignored until end of transaction block
[2026-01-26T14:24:19.571+0000] {logging_mixin.py:151} INFO -      ⚠️ Erreur ligne 897: current transaction is aborted, commands ignored until end of transaction block
[2026-01-26T14:24:19.572+0000] {logging_mixin.py:151} INFO -      ⚠️ Erreur ligne 898: current transaction is aborted, commands ignored until end of transaction block
[2026-01-26T14:24:19.573+0000] {logging_mixin.py:151} INFO -      ⚠️ Erreur ligne 899: current transaction is aborted, commands ignored until end of transaction block
[2026-01-26T14:24:19.574+0000] {logging_mixin.py:151} INFO -      ⚠️ Erreur ligne 900: current transaction is aborted, commands ignored until end of transaction block
[2026-01-26T14:24:19.575+0000] {logging_mixin.py:151} INFO -      ⚠️ Erreur ligne 901: current transaction is aborted, commands ignored until end of transaction block
[2026-01-26T14:24:19.577+0000] {logging_mixin.py:151} INFO -      ⚠️ Erreur ligne 902: current transaction is aborted, commands ignored until end of transaction block
[2026-01-26T14:24:19.577+0000] {logging_mixin.py:151} INFO -      ⚠️ Erreur ligne 903: current transaction is aborted, commands ignored until end of transaction block
[2026-01-26T14:24:19.579+0000] {logging_mixin.py:151} INFO -      ⚠️ Erreur ligne 904: current transaction is aborted, commands ignored until end of transaction block
[2026-01-26T14:24:19.580+0000] {logging_mixin.py:151} INFO -      ⚠️ Erreur ligne 905: current transaction is aborted, commands ignored until end of transaction block
[2026-01-26T14:24:19.581+0000] {logging_mixin.py:151} INFO -      ⚠️ Erreur ligne 906: current transaction is aborted, commands ignored until end of transaction block
[2026-01-26T14:24:19.582+0000] {logging_mixin.py:151} INFO -      ⚠️ Erreur ligne 907: current transaction is aborted, commands ignored until end of transaction block
[2026-01-26T14:24:19.583+0000] {logging_mixin.py:151} INFO -      ⚠️ Erreur ligne 908: current transaction is aborted, commands ignored until end of transaction block
[2026-01-26T14:24:19.584+0000] {logging_mixin.py:151} INFO -      ⚠️ Erreur ligne 909: current transaction is aborted, commands ignored until end of transaction block
[2026-01-26T14:24:19.585+0000] {logging_mixin.py:151} INFO -      ⚠️ Erreur ligne 910: current transaction is aborted, commands ignored until end of transaction block
[2026-01-26T14:24:19.587+0000] {logging_mixin.py:151} INFO -      ⚠️ Erreur ligne 911: current transaction is aborted, commands ignored until end of transaction block
[2026-01-26T14:24:19.589+0000] {logging_mixin.py:151} INFO -      ⚠️ Erreur ligne 912: current transaction is aborted, commands ignored until end of transaction block
[2026-01-26T14:24:19.591+0000] {logging_mixin.py:151} INFO -      ⚠️ Erreur ligne 913: current transaction is aborted, commands ignored until end of transaction block
[2026-01-26T14:24:19.592+0000] {logging_mixin.py:151} INFO -      ⚠️ Erreur ligne 914: current transaction is aborted, commands ignored until end of transaction block
[2026-01-26T14:24:19.593+0000] {logging_mixin.py:151} INFO -      ⚠️ Erreur ligne 915: current transaction is aborted, commands ignored until end of transaction block
[2026-01-26T14:24:19.594+0000] {logging_mixin.py:151} INFO -      ⚠️ Erreur ligne 916: current transaction is aborted, commands ignored until end of transaction block
[2026-01-26T14:24:19.596+0000] {logging_mixin.py:151} INFO -      ⚠️ Erreur ligne 917: current transaction is aborted, commands ignored until end of transaction block
[2026-01-26T14:24:19.597+0000] {logging_mixin.py:151} INFO -      ⚠️ Erreur ligne 918: current transaction is aborted, commands ignored until end of transaction block
[2026-01-26T14:24:19.598+0000] {logging_mixin.py:151} INFO -      ⚠️ Erreur ligne 919: current transaction is aborted, commands ignored until end of transaction block
[2026-01-26T14:24:19.598+0000] {logging_mixin.py:151} INFO -      ⚠️ Erreur ligne 920: current transaction is aborted, commands ignored until end of transaction block
[2026-01-26T14:24:19.599+0000] {logging_mixin.py:151} INFO -      ⚠️ Erreur ligne 921: current transaction is aborted, commands ignored until end of transaction block
[2026-01-26T14:24:19.601+0000] {logging_mixin.py:151} INFO -      ⚠️ Erreur ligne 922: current transaction is aborted, commands ignored until end of transaction block
[2026-01-26T14:24:19.602+0000] {logging_mixin.py:151} INFO -      ⚠️ Erreur ligne 923: current transaction is aborted, commands ignored until end of transaction block
[2026-01-26T14:24:19.603+0000] {logging_mixin.py:151} INFO -      ⚠️ Erreur ligne 924: current transaction is aborted, commands ignored until end of transaction block
[2026-01-26T14:24:19.604+0000] {logging_mixin.py:151} INFO -      ⚠️ Erreur ligne 925: current transaction is aborted, commands ignored until end of transaction block
[2026-01-26T14:24:19.605+0000] {logging_mixin.py:151} INFO -      ⚠️ Erreur ligne 926: current transaction is aborted, commands ignored until end of transaction block
[2026-01-26T14:24:19.607+0000] {logging_mixin.py:151} INFO -      ⚠️ Erreur ligne 927: current transaction is aborted, commands ignored until end of transaction block
[2026-01-26T14:24:19.608+0000] {logging_mixin.py:151} INFO -      ⚠️ Erreur ligne 928: current transaction is aborted, commands ignored until end of transaction block
[2026-01-26T14:24:19.609+0000] {logging_mixin.py:151} INFO -      ⚠️ Erreur ligne 929: current transaction is aborted, commands ignored until end of transaction block
[2026-01-26T14:24:19.611+0000] {logging_mixin.py:151} INFO -      ⚠️ Erreur ligne 930: current transaction is aborted, commands ignored until end of transaction block
[2026-01-26T14:24:19.612+0000] {logging_mixin.py:151} INFO -      ⚠️ Erreur ligne 931: current transaction is aborted, commands ignored until end of transaction block
[2026-01-26T14:24:19.614+0000] {logging_mixin.py:151} INFO -      ⚠️ Erreur ligne 932: current transaction is aborted, commands ignored until end of transaction block
[2026-01-26T14:24:19.615+0000] {logging_mixin.py:151} INFO -      ⚠️ Erreur ligne 933: current transaction is aborted, commands ignored until end of transaction block
[2026-01-26T14:24:19.616+0000] {logging_mixin.py:151} INFO -      ⚠️ Erreur ligne 934: current transaction is aborted, commands ignored until end of transaction block
[2026-01-26T14:24:19.618+0000] {logging_mixin.py:151} INFO -      ⚠️ Erreur ligne 935: current transaction is aborted, commands ignored until end of transaction block
[2026-01-26T14:24:19.619+0000] {logging_mixin.py:151} INFO -      ⚠️ Erreur ligne 936: current transaction is aborted, commands ignored until end of transaction block
[2026-01-26T14:24:19.620+0000] {logging_mixin.py:151} INFO -      ⚠️ Erreur ligne 937: current transaction is aborted, commands ignored until end of transaction block
[2026-01-26T14:24:19.621+0000] {logging_mixin.py:151} INFO -      ⚠️ Erreur ligne 938: current transaction is aborted, commands ignored until end of transaction block
[2026-01-26T14:24:19.623+0000] {logging_mixin.py:151} INFO -      ⚠️ Erreur ligne 939: current transaction is aborted, commands ignored until end of transaction block
[2026-01-26T14:24:19.624+0000] {logging_mixin.py:151} INFO -      ⚠️ Erreur ligne 940: current transaction is aborted, commands ignored until end of transaction block
[2026-01-26T14:24:19.625+0000] {logging_mixin.py:151} INFO -      ⚠️ Erreur ligne 941: current transaction is aborted, commands ignored until end of transaction block
[2026-01-26T14:24:19.626+0000] {logging_mixin.py:151} INFO -      ⚠️ Erreur ligne 942: current transaction is aborted, commands ignored until end of transaction block
[2026-01-26T14:24:19.627+0000] {logging_mixin.py:151} INFO -      ⚠️ Erreur ligne 943: current transaction is aborted, commands ignored until end of transaction block
[2026-01-26T14:24:19.629+0000] {logging_mixin.py:151} INFO -      ⚠️ Erreur ligne 944: current transaction is aborted, commands ignored until end of transaction block
[2026-01-26T14:24:19.630+0000] {logging_mixin.py:151} INFO -      ⚠️ Erreur ligne 945: current transaction is aborted, commands ignored until end of transaction block
[2026-01-26T14:24:19.632+0000] {logging_mixin.py:151} INFO -      ⚠️ Erreur ligne 946: current transaction is aborted, commands ignored until end of transaction block
[2026-01-26T14:24:19.633+0000] {logging_mixin.py:151} INFO -      ⚠️ Erreur ligne 947: current transaction is aborted, commands ignored until end of transaction block
[2026-01-26T14:24:19.634+0000] {logging_mixin.py:151} INFO -      ⚠️ Erreur ligne 948: current transaction is aborted, commands ignored until end of transaction block
[2026-01-26T14:24:19.635+0000] {logging_mixin.py:151} INFO -      ⚠️ Erreur ligne 949: current transaction is aborted, commands ignored until end of transaction block
[2026-01-26T14:24:19.636+0000] {logging_mixin.py:151} INFO -      ⚠️ Erreur ligne 950: current transaction is aborted, commands ignored until end of transaction block
[2026-01-26T14:24:19.638+0000] {logging_mixin.py:151} INFO -      ⚠️ Erreur ligne 951: current transaction is aborted, commands ignored until end of transaction block
[2026-01-26T14:24:19.639+0000] {logging_mixin.py:151} INFO -      ⚠️ Erreur ligne 952: current transaction is aborted, commands ignored until end of transaction block
[2026-01-26T14:24:19.640+0000] {logging_mixin.py:151} INFO -      ⚠️ Erreur ligne 953: current transaction is aborted, commands ignored until end of transaction block
[2026-01-26T14:24:19.641+0000] {logging_mixin.py:151} INFO -      ⚠️ Erreur ligne 954: current transaction is aborted, commands ignored until end of transaction block
[2026-01-26T14:24:19.643+0000] {logging_mixin.py:151} INFO -      ⚠️ Erreur ligne 955: current transaction is aborted, commands ignored until end of transaction block
[2026-01-26T14:24:19.644+0000] {logging_mixin.py:151} INFO -      ⚠️ Erreur ligne 956: current transaction is aborted, commands ignored until end of transaction block
[2026-01-26T14:24:19.646+0000] {logging_mixin.py:151} INFO -      ⚠️ Erreur ligne 957: current transaction is aborted, commands ignored until end of transaction block
[2026-01-26T14:24:19.647+0000] {logging_mixin.py:151} INFO -      ⚠️ Erreur ligne 958: current transaction is aborted, commands ignored until end of transaction block
[2026-01-26T14:24:19.649+0000] {logging_mixin.py:151} INFO -      ⚠️ Erreur ligne 959: current transaction is aborted, commands ignored until end of transaction block
[2026-01-26T14:24:19.652+0000] {logging_mixin.py:151} INFO -      ⚠️ Erreur ligne 960: current transaction is aborted, commands ignored until end of transaction block
[2026-01-26T14:24:19.653+0000] {logging_mixin.py:151} INFO -      ⚠️ Erreur ligne 961: current transaction is aborted, commands ignored until end of transaction block
[2026-01-26T14:24:19.657+0000] {logging_mixin.py:151} INFO -      ⚠️ Erreur ligne 962: current transaction is aborted, commands ignored until end of transaction block
[2026-01-26T14:24:19.661+0000] {logging_mixin.py:151} INFO -      ⚠️ Erreur ligne 963: current transaction is aborted, commands ignored until end of transaction block
[2026-01-26T14:24:19.665+0000] {logging_mixin.py:151} INFO -      ⚠️ Erreur ligne 964: current transaction is aborted, commands ignored until end of transaction block
[2026-01-26T14:24:19.668+0000] {logging_mixin.py:151} INFO -      ⚠️ Erreur ligne 965: current transaction is aborted, commands ignored until end of transaction block
[2026-01-26T14:24:19.671+0000] {logging_mixin.py:151} INFO -      ⚠️ Erreur ligne 966: current transaction is aborted, commands ignored until end of transaction block
[2026-01-26T14:24:19.672+0000] {logging_mixin.py:151} INFO -      ⚠️ Erreur ligne 967: current transaction is aborted, commands ignored until end of transaction block
[2026-01-26T14:24:19.674+0000] {logging_mixin.py:151} INFO -      ⚠️ Erreur ligne 968: current transaction is aborted, commands ignored until end of transaction block
[2026-01-26T14:24:19.675+0000] {logging_mixin.py:151} INFO -      ⚠️ Erreur ligne 969: current transaction is aborted, commands ignored until end of transaction block
[2026-01-26T14:24:19.676+0000] {logging_mixin.py:151} INFO -      ⚠️ Erreur ligne 970: current transaction is aborted, commands ignored until end of transaction block
[2026-01-26T14:24:19.677+0000] {logging_mixin.py:151} INFO -      ⚠️ Erreur ligne 971: current transaction is aborted, commands ignored until end of transaction block
[2026-01-26T14:24:19.678+0000] {logging_mixin.py:151} INFO -      ⚠️ Erreur ligne 972: current transaction is aborted, commands ignored until end of transaction block
[2026-01-26T14:24:19.679+0000] {logging_mixin.py:151} INFO -      ⚠️ Erreur ligne 973: current transaction is aborted, commands ignored until end of transaction block
[2026-01-26T14:24:19.680+0000] {logging_mixin.py:151} INFO -      ⚠️ Erreur ligne 974: current transaction is aborted, commands ignored until end of transaction block
[2026-01-26T14:24:19.682+0000] {logging_mixin.py:151} INFO -      ⚠️ Erreur ligne 975: current transaction is aborted, commands ignored until end of transaction block
[2026-01-26T14:24:19.683+0000] {logging_mixin.py:151} INFO -      ⚠️ Erreur ligne 976: current transaction is aborted, commands ignored until end of transaction block
[2026-01-26T14:24:19.687+0000] {logging_mixin.py:151} INFO -      ⚠️ Erreur ligne 977: current transaction is aborted, commands ignored until end of transaction block
[2026-01-26T14:24:19.688+0000] {logging_mixin.py:151} INFO -      ⚠️ Erreur ligne 978: current transaction is aborted, commands ignored until end of transaction block
[2026-01-26T14:24:19.689+0000] {logging_mixin.py:151} INFO -      ⚠️ Erreur ligne 979: current transaction is aborted, commands ignored until end of transaction block
[2026-01-26T14:24:19.690+0000] {logging_mixin.py:151} INFO -      ⚠️ Erreur ligne 980: current transaction is aborted, commands ignored until end of transaction block
[2026-01-26T14:24:19.691+0000] {logging_mixin.py:151} INFO -      ⚠️ Erreur ligne 981: current transaction is aborted, commands ignored until end of transaction block
[2026-01-26T14:24:19.692+0000] {logging_mixin.py:151} INFO -      ⚠️ Erreur ligne 982: current transaction is aborted, commands ignored until end of transaction block
[2026-01-26T14:24:19.693+0000] {logging_mixin.py:151} INFO -      ⚠️ Erreur ligne 983: current transaction is aborted, commands ignored until end of transaction block
[2026-01-26T14:24:19.695+0000] {logging_mixin.py:151} INFO -      ⚠️ Erreur ligne 984: current transaction is aborted, commands ignored until end of transaction block
[2026-01-26T14:24:19.697+0000] {logging_mixin.py:151} INFO -      ⚠️ Erreur ligne 985: current transaction is aborted, commands ignored until end of transaction block
[2026-01-26T14:24:19.709+0000] {logging_mixin.py:151} INFO -      ⚠️ Erreur ligne 986: current transaction is aborted, commands ignored until end of transaction block
[2026-01-26T14:24:19.710+0000] {logging_mixin.py:151} INFO -      ⚠️ Erreur ligne 987: current transaction is aborted, commands ignored until end of transaction block
[2026-01-26T14:24:19.713+0000] {logging_mixin.py:151} INFO -      ⚠️ Erreur ligne 988: current transaction is aborted, commands ignored until end of transaction block
[2026-01-26T14:24:19.715+0000] {logging_mixin.py:151} INFO -      ⚠️ Erreur ligne 989: current transaction is aborted, commands ignored until end of transaction block
[2026-01-26T14:24:19.717+0000] {logging_mixin.py:151} INFO -      ⚠️ Erreur ligne 990: current transaction is aborted, commands ignored until end of transaction block
[2026-01-26T14:24:19.719+0000] {logging_mixin.py:151} INFO -      ⚠️ Erreur ligne 991: current transaction is aborted, commands ignored until end of transaction block
[2026-01-26T14:24:19.721+0000] {logging_mixin.py:151} INFO -      ⚠️ Erreur ligne 992: current transaction is aborted, commands ignored until end of transaction block
[2026-01-26T14:24:19.723+0000] {logging_mixin.py:151} INFO -      ⚠️ Erreur ligne 993: current transaction is aborted, commands ignored until end of transaction block
[2026-01-26T14:24:19.724+0000] {logging_mixin.py:151} INFO -      ⚠️ Erreur ligne 994: current transaction is aborted, commands ignored until end of transaction block
[2026-01-26T14:24:19.726+0000] {logging_mixin.py:151} INFO -      ⚠️ Erreur ligne 995: current transaction is aborted, commands ignored until end of transaction block
[2026-01-26T14:24:19.728+0000] {logging_mixin.py:151} INFO -      ⚠️ Erreur ligne 996: current transaction is aborted, commands ignored until end of transaction block
[2026-01-26T14:24:19.729+0000] {logging_mixin.py:151} INFO -      ⚠️ Erreur ligne 997: current transaction is aborted, commands ignored until end of transaction block
[2026-01-26T14:24:19.731+0000] {logging_mixin.py:151} INFO -      ⚠️ Erreur ligne 998: current transaction is aborted, commands ignored until end of transaction block
[2026-01-26T14:24:19.732+0000] {logging_mixin.py:151} INFO -      ⚠️ Erreur ligne 999: current transaction is aborted, commands ignored until end of transaction block
[2026-01-26T14:24:19.734+0000] {logging_mixin.py:151} INFO -      ⚠️ Erreur ligne 1000: current transaction is aborted, commands ignored until end of transaction block
[2026-01-26T14:24:19.736+0000] {logging_mixin.py:151} INFO -      ⚠️ Erreur ligne 1001: current transaction is aborted, commands ignored until end of transaction block
[2026-01-26T14:24:19.737+0000] {logging_mixin.py:151} INFO -      ⚠️ Erreur ligne 1002: current transaction is aborted, commands ignored until end of transaction block
[2026-01-26T14:24:19.739+0000] {logging_mixin.py:151} INFO -      ⚠️ Erreur ligne 1003: current transaction is aborted, commands ignored until end of transaction block
[2026-01-26T14:24:19.741+0000] {logging_mixin.py:151} INFO -      ⚠️ Erreur ligne 1004: current transaction is aborted, commands ignored until end of transaction block
[2026-01-26T14:24:19.742+0000] {logging_mixin.py:151} INFO -      ⚠️ Erreur ligne 1005: current transaction is aborted, commands ignored until end of transaction block
[2026-01-26T14:24:19.744+0000] {logging_mixin.py:151} INFO -      ⚠️ Erreur ligne 1006: current transaction is aborted, commands ignored until end of transaction block
[2026-01-26T14:24:19.746+0000] {logging_mixin.py:151} INFO -      ⚠️ Erreur ligne 1007: current transaction is aborted, commands ignored until end of transaction block
[2026-01-26T14:24:19.747+0000] {logging_mixin.py:151} INFO -      ⚠️ Erreur ligne 1008: current transaction is aborted, commands ignored until end of transaction block
[2026-01-26T14:24:19.749+0000] {logging_mixin.py:151} INFO -      ⚠️ Erreur ligne 1009: current transaction is aborted, commands ignored until end of transaction block
[2026-01-26T14:24:19.750+0000] {logging_mixin.py:151} INFO -      ⚠️ Erreur ligne 1010: current transaction is aborted, commands ignored until end of transaction block
[2026-01-26T14:24:19.751+0000] {logging_mixin.py:151} INFO -      ⚠️ Erreur ligne 1011: current transaction is aborted, commands ignored until end of transaction block
[2026-01-26T14:24:19.753+0000] {logging_mixin.py:151} INFO -      ⚠️ Erreur ligne 1012: current transaction is aborted, commands ignored until end of transaction block
[2026-01-26T14:24:19.755+0000] {logging_mixin.py:151} INFO -      ⚠️ Erreur ligne 1013: current transaction is aborted, commands ignored until end of transaction block
[2026-01-26T14:24:19.756+0000] {logging_mixin.py:151} INFO -      ⚠️ Erreur ligne 1014: current transaction is aborted, commands ignored until end of transaction block
[2026-01-26T14:24:19.757+0000] {logging_mixin.py:151} INFO -      ⚠️ Erreur ligne 1015: current transaction is aborted, commands ignored until end of transaction block
[2026-01-26T14:24:19.759+0000] {logging_mixin.py:151} INFO -      ⚠️ Erreur ligne 1016: current transaction is aborted, commands ignored until end of transaction block
[2026-01-26T14:24:19.760+0000] {logging_mixin.py:151} INFO -      ⚠️ Erreur ligne 1017: current transaction is aborted, commands ignored until end of transaction block
[2026-01-26T14:24:19.761+0000] {logging_mixin.py:151} INFO -      ✅ 0 lignes insérées, 0 doublons ignorés
[2026-01-26T14:24:19.762+0000] {logging_mixin.py:151} INFO -   ✅ Fichier traité avec succès !
[2026-01-26T14:24:19.763+0000] {logging_mixin.py:151} INFO - 
--------------------------------------------------------------------------------
[2026-01-26T14:24:19.764+0000] {logging_mixin.py:151} INFO - 📄 Traitement de : MSFT_2026-01-26 06:13:31.074172+00:00.csv
[2026-01-26T14:24:19.764+0000] {logging_mixin.py:151} INFO - --------------------------------------------------------------------------------
[2026-01-26T14:24:19.765+0000] {logging_mixin.py:151} INFO -   1️⃣ Lecture du CSV...
[2026-01-26T14:24:19.802+0000] {logging_mixin.py:151} INFO -      ✅ Lu 1018 lignes
[2026-01-26T14:24:19.803+0000] {logging_mixin.py:151} INFO -      Colonnes: ['Date', 'Open', 'High', 'Low', 'Close', 'Volume', 'Dividends', 'Stock Splits', 'symbol', 'extracted_at']
[2026-01-26T14:24:19.803+0000] {logging_mixin.py:151} INFO -   2️⃣ Nettoyage des colonnes...
[2026-01-26T14:24:19.804+0000] {logging_mixin.py:151} INFO -      ✅ Colonnes nettoyées: ['date', 'open', 'high', 'low', 'close', 'volume', 'dividends', 'stock_splits', 'symbol', 'extracted_at']
[2026-01-26T14:24:19.805+0000] {logging_mixin.py:151} INFO -   3️⃣ Conversion des dates...
[2026-01-26T14:24:19.816+0000] {logging_mixin.py:151} INFO -      ✅ Dates converties
[2026-01-26T14:24:19.817+0000] {logging_mixin.py:151} INFO -   4️⃣ Nettoyage des données...
[2026-01-26T14:24:19.827+0000] {logging_mixin.py:151} INFO -      ✅ 1018 → 1018 lignes (après nettoyage)
[2026-01-26T14:24:19.827+0000] {logging_mixin.py:151} INFO -   5️⃣ Connexion à la base de données...
[2026-01-26T14:24:19.832+0000] {logging_mixin.py:151} INFO -      ✅ Connecté
[2026-01-26T14:24:19.832+0000] {logging_mixin.py:151} INFO -   6️⃣ Insertion des données...
[2026-01-26T14:24:19.834+0000] {logging_mixin.py:151} INFO -      ⚠️ Erreur ligne 0: column "open_price" of relation "stocks" does not exist
LINE 2: ...                INSERT INTO stocks (symbol, date, open_price...
                                                             ^
[2026-01-26T14:24:19.836+0000] {logging_mixin.py:151} INFO -      ⚠️ Erreur ligne 1: current transaction is aborted, commands ignored until end of transaction block
[2026-01-26T14:24:19.838+0000] {logging_mixin.py:151} INFO -      ⚠️ Erreur ligne 2: current transaction is aborted, commands ignored until end of transaction block
[2026-01-26T14:24:19.840+0000] {logging_mixin.py:151} INFO -      ⚠️ Erreur ligne 3: current transaction is aborted, commands ignored until end of transaction block
[2026-01-26T14:24:19.842+0000] {logging_mixin.py:151} INFO -      ⚠️ Erreur ligne 4: current transaction is aborted, commands ignored until end of transaction block
[2026-01-26T14:24:19.843+0000] {logging_mixin.py:151} INFO -      ⚠️ Erreur ligne 5: current transaction is aborted, commands ignored until end of transaction block
[2026-01-26T14:24:19.845+0000] {logging_mixin.py:151} INFO -      ⚠️ Erreur ligne 6: current transaction is aborted, commands ignored until end of transaction block
[2026-01-26T14:24:19.846+0000] {logging_mixin.py:151} INFO -      ⚠️ Erreur ligne 7: current transaction is aborted, commands ignored until end of transaction block
[2026-01-26T14:24:19.847+0000] {logging_mixin.py:151} INFO -      ⚠️ Erreur ligne 8: current transaction is aborted, commands ignored until end of transaction block
[2026-01-26T14:24:19.848+0000] {logging_mixin.py:151} INFO -      ⚠️ Erreur ligne 9: current transaction is aborted, commands ignored until end of transaction block
[2026-01-26T14:24:19.850+0000] {logging_mixin.py:151} INFO -      ⚠️ Erreur ligne 10: current transaction is aborted, commands ignored until end of transaction block
[2026-01-26T14:24:19.853+0000] {logging_mixin.py:151} INFO -      ⚠️ Erreur ligne 11: current transaction is aborted, commands ignored until end of transaction block
[2026-01-26T14:24:19.854+0000] {logging_mixin.py:151} INFO -      ⚠️ Erreur ligne 12: current transaction is aborted, commands ignored until end of transaction block
[2026-01-26T14:24:19.855+0000] {logging_mixin.py:151} INFO -      ⚠️ Erreur ligne 13: current transaction is aborted, commands ignored until end of transaction block
[2026-01-26T14:24:19.857+0000] {logging_mixin.py:151} INFO -      ⚠️ Erreur ligne 14: current transaction is aborted, commands ignored until end of transaction block
[2026-01-26T14:24:19.858+0000] {logging_mixin.py:151} INFO -      ⚠️ Erreur ligne 15: current transaction is aborted, commands ignored until end of transaction block
[2026-01-26T14:24:19.860+0000] {logging_mixin.py:151} INFO -      ⚠️ Erreur ligne 16: current transaction is aborted, commands ignored until end of transaction block
[2026-01-26T14:24:19.862+0000] {logging_mixin.py:151} INFO -      ⚠️ Erreur ligne 17: current transaction is aborted, commands ignored until end of transaction block
[2026-01-26T14:24:19.863+0000] {logging_mixin.py:151} INFO -      ⚠️ Erreur ligne 18: current transaction is aborted, commands ignored until end of transaction block
[2026-01-26T14:24:19.864+0000] {logging_mixin.py:151} INFO -      ⚠️ Erreur ligne 19: current transaction is aborted, commands ignored until end of transaction block
[2026-01-26T14:24:19.866+0000] {logging_mixin.py:151} INFO -      ⚠️ Erreur ligne 20: current transaction is aborted, commands ignored until end of transaction block
[2026-01-26T14:24:19.867+0000] {logging_mixin.py:151} INFO -      ⚠️ Erreur ligne 21: current transaction is aborted, commands ignored until end of transaction block
[2026-01-26T14:24:19.868+0000] {logging_mixin.py:151} INFO -      ⚠️ Erreur ligne 22: current transaction is aborted, commands ignored until end of transaction block
[2026-01-26T14:24:19.869+0000] {logging_mixin.py:151} INFO -      ⚠️ Erreur ligne 23: current transaction is aborted, commands ignored until end of transaction block
[2026-01-26T14:24:19.871+0000] {logging_mixin.py:151} INFO -      ⚠️ Erreur ligne 24: current transaction is aborted, commands ignored until end of transaction block
[2026-01-26T14:24:19.872+0000] {logging_mixin.py:151} INFO -      ⚠️ Erreur ligne 25: current transaction is aborted, commands ignored until end of transaction block
[2026-01-26T14:24:19.873+0000] {logging_mixin.py:151} INFO -      ⚠️ Erreur ligne 26: current transaction is aborted, commands ignored until end of transaction block
[2026-01-26T14:24:19.874+0000] {logging_mixin.py:151} INFO -      ⚠️ Erreur ligne 27: current transaction is aborted, commands ignored until end of transaction block
[2026-01-26T14:24:19.875+0000] {logging_mixin.py:151} INFO -      ⚠️ Erreur ligne 28: current transaction is aborted, commands ignored until end of transaction block
[2026-01-26T14:24:19.877+0000] {logging_mixin.py:151} INFO -      ⚠️ Erreur ligne 29: current transaction is aborted, commands ignored until end of transaction block
[2026-01-26T14:24:19.878+0000] {logging_mixin.py:151} INFO -      ⚠️ Erreur ligne 30: current transaction is aborted, commands ignored until end of transaction block
[2026-01-26T14:24:19.879+0000] {logging_mixin.py:151} INFO -      ⚠️ Erreur ligne 31: current transaction is aborted, commands ignored until end of transaction block
[2026-01-26T14:24:19.881+0000] {logging_mixin.py:151} INFO -      ⚠️ Erreur ligne 32: current transaction is aborted, commands ignored until end of transaction block
[2026-01-26T14:24:19.883+0000] {logging_mixin.py:151} INFO -      ⚠️ Erreur ligne 33: current transaction is aborted, commands ignored until end of transaction block
[2026-01-26T14:24:19.884+0000] {logging_mixin.py:151} INFO -      ⚠️ Erreur ligne 34: current transaction is aborted, commands ignored until end of transaction block
[2026-01-26T14:24:19.886+0000] {logging_mixin.py:151} INFO -      ⚠️ Erreur ligne 35: current transaction is aborted, commands ignored until end of transaction block
[2026-01-26T14:24:19.887+0000] {logging_mixin.py:151} INFO -      ⚠️ Erreur ligne 36: current transaction is aborted, commands ignored until end of transaction block
[2026-01-26T14:24:19.888+0000] {logging_mixin.py:151} INFO -      ⚠️ Erreur ligne 37: current transaction is aborted, commands ignored until end of transaction block
[2026-01-26T14:24:19.889+0000] {logging_mixin.py:151} INFO -      ⚠️ Erreur ligne 38: current transaction is aborted, commands ignored until end of transaction block
[2026-01-26T14:24:19.891+0000] {logging_mixin.py:151} INFO -      ⚠️ Erreur ligne 39: current transaction is aborted, commands ignored until end of transaction block
[2026-01-26T14:24:19.892+0000] {logging_mixin.py:151} INFO -      ⚠️ Erreur ligne 40: current transaction is aborted, commands ignored until end of transaction block
[2026-01-26T14:24:19.893+0000] {logging_mixin.py:151} INFO -      ⚠️ Erreur ligne 41: current transaction is aborted, commands ignored until end of transaction block
[2026-01-26T14:24:19.895+0000] {logging_mixin.py:151} INFO -      ⚠️ Erreur ligne 42: current transaction is aborted, commands ignored until end of transaction block
[2026-01-26T14:24:19.896+0000] {logging_mixin.py:151} INFO -      ⚠️ Erreur ligne 43: current transaction is aborted, commands ignored until end of transaction block
[2026-01-26T14:24:19.897+0000] {logging_mixin.py:151} INFO -      ⚠️ Erreur ligne 44: current transaction is aborted, commands ignored until end of transaction block
[2026-01-26T14:24:19.898+0000] {logging_mixin.py:151} INFO -      ⚠️ Erreur ligne 45: current transaction is aborted, commands ignored until end of transaction block
[2026-01-26T14:24:19.899+0000] {logging_mixin.py:151} INFO -      ⚠️ Erreur ligne 46: current transaction is aborted, commands ignored until end of transaction block
[2026-01-26T14:24:19.901+0000] {logging_mixin.py:151} INFO -      ⚠️ Erreur ligne 47: current transaction is aborted, commands ignored until end of transaction block
[2026-01-26T14:24:19.903+0000] {logging_mixin.py:151} INFO -      ⚠️ Erreur ligne 48: current transaction is aborted, commands ignored until end of transaction block
[2026-01-26T14:24:19.904+0000] {logging_mixin.py:151} INFO -      ⚠️ Erreur ligne 49: current transaction is aborted, commands ignored until end of transaction block
[2026-01-26T14:24:19.906+0000] {logging_mixin.py:151} INFO -      ⚠️ Erreur ligne 50: current transaction is aborted, commands ignored until end of transaction block
[2026-01-26T14:24:19.907+0000] {logging_mixin.py:151} INFO -      ⚠️ Erreur ligne 51: current transaction is aborted, commands ignored until end of transaction block
[2026-01-26T14:24:19.908+0000] {logging_mixin.py:151} INFO -      ⚠️ Erreur ligne 52: current transaction is aborted, commands ignored until end of transaction block
[2026-01-26T14:24:19.909+0000] {logging_mixin.py:151} INFO -      ⚠️ Erreur ligne 53: current transaction is aborted, commands ignored until end of transaction block
[2026-01-26T14:24:19.911+0000] {logging_mixin.py:151} INFO -      ⚠️ Erreur ligne 54: current transaction is aborted, commands ignored until end of transaction block
[2026-01-26T14:24:19.912+0000] {logging_mixin.py:151} INFO -      ⚠️ Erreur ligne 55: current transaction is aborted, commands ignored until end of transaction block
[2026-01-26T14:24:19.913+0000] {logging_mixin.py:151} INFO -      ⚠️ Erreur ligne 56: current transaction is aborted, commands ignored until end of transaction block
[2026-01-26T14:24:19.914+0000] {logging_mixin.py:151} INFO -      ⚠️ Erreur ligne 57: current transaction is aborted, commands ignored until end of transaction block
[2026-01-26T14:24:19.915+0000] {logging_mixin.py:151} INFO -      ⚠️ Erreur ligne 58: current transaction is aborted, commands ignored until end of transaction block
[2026-01-26T14:24:19.916+0000] {logging_mixin.py:151} INFO -      ⚠️ Erreur ligne 59: current transaction is aborted, commands ignored until end of transaction block
[2026-01-26T14:24:19.918+0000] {logging_mixin.py:151} INFO -      ⚠️ Erreur ligne 60: current transaction is aborted, commands ignored until end of transaction block
[2026-01-26T14:24:19.919+0000] {logging_mixin.py:151} INFO -      ⚠️ Erreur ligne 61: current transaction is aborted, commands ignored until end of transaction block
[2026-01-26T14:24:19.920+0000] {logging_mixin.py:151} INFO -      ⚠️ Erreur ligne 62: current transaction is aborted, commands ignored until end of transaction block
[2026-01-26T14:24:19.922+0000] {logging_mixin.py:151} INFO -      ⚠️ Erreur ligne 63: current transaction is aborted, commands ignored until end of transaction block
[2026-01-26T14:24:19.923+0000] {logging_mixin.py:151} INFO -      ⚠️ Erreur ligne 64: current transaction is aborted, commands ignored until end of transaction block
[2026-01-26T14:24:19.924+0000] {logging_mixin.py:151} INFO -      ⚠️ Erreur ligne 65: current transaction is aborted, commands ignored until end of transaction block
[2026-01-26T14:24:19.926+0000] {logging_mixin.py:151} INFO -      ⚠️ Erreur ligne 66: current transaction is aborted, commands ignored until end of transaction block
[2026-01-26T14:24:19.927+0000] {logging_mixin.py:151} INFO -      ⚠️ Erreur ligne 67: current transaction is aborted, commands ignored until end of transaction block
[2026-01-26T14:24:19.928+0000] {logging_mixin.py:151} INFO -      ⚠️ Erreur ligne 68: current transaction is aborted, commands ignored until end of transaction block
[2026-01-26T14:24:19.930+0000] {logging_mixin.py:151} INFO -      ⚠️ Erreur ligne 69: current transaction is aborted, commands ignored until end of transaction block
[2026-01-26T14:24:19.931+0000] {logging_mixin.py:151} INFO -      ⚠️ Erreur ligne 70: current transaction is aborted, commands ignored until end of transaction block
[2026-01-26T14:24:19.932+0000] {logging_mixin.py:151} INFO -      ⚠️ Erreur ligne 71: current transaction is aborted, commands ignored until end of transaction block
[2026-01-26T14:24:19.933+0000] {logging_mixin.py:151} INFO -      ⚠️ Erreur ligne 72: current transaction is aborted, commands ignored until end of transaction block
[2026-01-26T14:24:19.934+0000] {logging_mixin.py:151} INFO -      ⚠️ Erreur ligne 73: current transaction is aborted, commands ignored until end of transaction block
[2026-01-26T14:24:19.936+0000] {logging_mixin.py:151} INFO -      ⚠️ Erreur ligne 74: current transaction is aborted, commands ignored until end of transaction block
[2026-01-26T14:24:19.937+0000] {logging_mixin.py:151} INFO -      ⚠️ Erreur ligne 75: current transaction is aborted, commands ignored until end of transaction block
[2026-01-26T14:24:19.938+0000] {logging_mixin.py:151} INFO -      ⚠️ Erreur ligne 76: current transaction is aborted, commands ignored until end of transaction block
[2026-01-26T14:24:19.939+0000] {logging_mixin.py:151} INFO -      ⚠️ Erreur ligne 77: current transaction is aborted, commands ignored until end of transaction block
[2026-01-26T14:24:19.940+0000] {logging_mixin.py:151} INFO -      ⚠️ Erreur ligne 78: current transaction is aborted, commands ignored until end of transaction block
[2026-01-26T14:24:19.942+0000] {logging_mixin.py:151} INFO -      ⚠️ Erreur ligne 79: current transaction is aborted, commands ignored until end of transaction block
[2026-01-26T14:24:19.944+0000] {logging_mixin.py:151} INFO -      ⚠️ Erreur ligne 80: current transaction is aborted, commands ignored until end of transaction block
[2026-01-26T14:24:19.946+0000] {logging_mixin.py:151} INFO -      ⚠️ Erreur ligne 81: current transaction is aborted, commands ignored until end of transaction block
[2026-01-26T14:24:19.947+0000] {logging_mixin.py:151} INFO -      ⚠️ Erreur ligne 82: current transaction is aborted, commands ignored until end of transaction block
[2026-01-26T14:24:19.949+0000] {logging_mixin.py:151} INFO -      ⚠️ Erreur ligne 83: current transaction is aborted, commands ignored until end of transaction block
[2026-01-26T14:24:19.950+0000] {logging_mixin.py:151} INFO -      ⚠️ Erreur ligne 84: current transaction is aborted, commands ignored until end of transaction block
[2026-01-26T14:24:19.951+0000] {logging_mixin.py:151} INFO -      ⚠️ Erreur ligne 85: current transaction is aborted, commands ignored until end of transaction block
[2026-01-26T14:24:19.952+0000] {logging_mixin.py:151} INFO -      ⚠️ Erreur ligne 86: current transaction is aborted, commands ignored until end of transaction block
[2026-01-26T14:24:19.953+0000] {logging_mixin.py:151} INFO -      ⚠️ Erreur ligne 87: current transaction is aborted, commands ignored until end of transaction block
[2026-01-26T14:24:19.955+0000] {logging_mixin.py:151} INFO -      ⚠️ Erreur ligne 88: current transaction is aborted, commands ignored until end of transaction block
[2026-01-26T14:24:19.956+0000] {logging_mixin.py:151} INFO -      ⚠️ Erreur ligne 89: current transaction is aborted, commands ignored until end of transaction block
[2026-01-26T14:24:19.957+0000] {logging_mixin.py:151} INFO -      ⚠️ Erreur ligne 90: current transaction is aborted, commands ignored until end of transaction block
[2026-01-26T14:24:19.958+0000] {logging_mixin.py:151} INFO -      ⚠️ Erreur ligne 91: current transaction is aborted, commands ignored until end of transaction block
[2026-01-26T14:24:19.959+0000] {logging_mixin.py:151} INFO -      ⚠️ Erreur ligne 92: current transaction is aborted, commands ignored until end of transaction block
[2026-01-26T14:24:19.961+0000] {logging_mixin.py:151} INFO -      ⚠️ Erreur ligne 93: current transaction is aborted, commands ignored until end of transaction block
[2026-01-26T14:24:19.962+0000] {logging_mixin.py:151} INFO -      ⚠️ Erreur ligne 94: current transaction is aborted, commands ignored until end of transaction block
[2026-01-26T14:24:19.964+0000] {logging_mixin.py:151} INFO -      ⚠️ Erreur ligne 95: current transaction is aborted, commands ignored until end of transaction block
[2026-01-26T14:24:19.966+0000] {logging_mixin.py:151} INFO -      ⚠️ Erreur ligne 96: current transaction is aborted, commands ignored until end of transaction block
[2026-01-26T14:24:19.967+0000] {logging_mixin.py:151} INFO -      ⚠️ Erreur ligne 97: current transaction is aborted, commands ignored until end of transaction block
[2026-01-26T14:24:19.968+0000] {logging_mixin.py:151} INFO -      ⚠️ Erreur ligne 98: current transaction is aborted, commands ignored until end of transaction block
[2026-01-26T14:24:19.970+0000] {logging_mixin.py:151} INFO -      ⚠️ Erreur ligne 99: current transaction is aborted, commands ignored until end of transaction block
[2026-01-26T14:24:19.971+0000] {logging_mixin.py:151} INFO -      ⚠️ Erreur ligne 100: current transaction is aborted, commands ignored until end of transaction block
[2026-01-26T14:24:19.972+0000] {logging_mixin.py:151} INFO -      ⚠️ Erreur ligne 101: current transaction is aborted, commands ignored until end of transaction block
[2026-01-26T14:24:19.973+0000] {logging_mixin.py:151} INFO -      ⚠️ Erreur ligne 102: current transaction is aborted, commands ignored until end of transaction block
[2026-01-26T14:24:19.974+0000] {logging_mixin.py:151} INFO -      ⚠️ Erreur ligne 103: current transaction is aborted, commands ignored until end of transaction block
[2026-01-26T14:24:19.976+0000] {logging_mixin.py:151} INFO -      ⚠️ Erreur ligne 104: current transaction is aborted, commands ignored until end of transaction block
[2026-01-26T14:24:19.977+0000] {logging_mixin.py:151} INFO -      ⚠️ Erreur ligne 105: current transaction is aborted, commands ignored until end of transaction block
[2026-01-26T14:24:19.978+0000] {logging_mixin.py:151} INFO -      ⚠️ Erreur ligne 106: current transaction is aborted, commands ignored until end of transaction block
[2026-01-26T14:24:19.979+0000] {logging_mixin.py:151} INFO -      ⚠️ Erreur ligne 107: current transaction is aborted, commands ignored until end of transaction block
[2026-01-26T14:24:19.981+0000] {logging_mixin.py:151} INFO -      ⚠️ Erreur ligne 108: current transaction is aborted, commands ignored until end of transaction block
[2026-01-26T14:24:19.982+0000] {logging_mixin.py:151} INFO -      ⚠️ Erreur ligne 109: current transaction is aborted, commands ignored until end of transaction block
[2026-01-26T14:24:19.983+0000] {logging_mixin.py:151} INFO -      ⚠️ Erreur ligne 110: current transaction is aborted, commands ignored until end of transaction block
[2026-01-26T14:24:19.985+0000] {logging_mixin.py:151} INFO -      ⚠️ Erreur ligne 111: current transaction is aborted, commands ignored until end of transaction block
[2026-01-26T14:24:19.987+0000] {logging_mixin.py:151} INFO -      ⚠️ Erreur ligne 112: current transaction is aborted, commands ignored until end of transaction block
[2026-01-26T14:24:19.989+0000] {logging_mixin.py:151} INFO -      ⚠️ Erreur ligne 113: current transaction is aborted, commands ignored until end of transaction block
[2026-01-26T14:24:19.990+0000] {logging_mixin.py:151} INFO -      ⚠️ Erreur ligne 114: current transaction is aborted, commands ignored until end of transaction block
[2026-01-26T14:24:19.991+0000] {logging_mixin.py:151} INFO -      ⚠️ Erreur ligne 115: current transaction is aborted, commands ignored until end of transaction block
[2026-01-26T14:24:19.993+0000] {logging_mixin.py:151} INFO -      ⚠️ Erreur ligne 116: current transaction is aborted, commands ignored until end of transaction block
[2026-01-26T14:24:19.994+0000] {logging_mixin.py:151} INFO -      ⚠️ Erreur ligne 117: current transaction is aborted, commands ignored until end of transaction block
[2026-01-26T14:24:19.995+0000] {logging_mixin.py:151} INFO -      ⚠️ Erreur ligne 118: current transaction is aborted, commands ignored until end of transaction block
[2026-01-26T14:24:19.996+0000] {logging_mixin.py:151} INFO -      ⚠️ Erreur ligne 119: current transaction is aborted, commands ignored until end of transaction block
[2026-01-26T14:24:19.997+0000] {logging_mixin.py:151} INFO -      ⚠️ Erreur ligne 120: current transaction is aborted, commands ignored until end of transaction block
[2026-01-26T14:24:19.999+0000] {logging_mixin.py:151} INFO -      ⚠️ Erreur ligne 121: current transaction is aborted, commands ignored until end of transaction block
[2026-01-26T14:24:20.000+0000] {logging_mixin.py:151} INFO -      ⚠️ Erreur ligne 122: current transaction is aborted, commands ignored until end of transaction block
[2026-01-26T14:24:20.001+0000] {logging_mixin.py:151} INFO -      ⚠️ Erreur ligne 123: current transaction is aborted, commands ignored until end of transaction block
[2026-01-26T14:24:20.002+0000] {logging_mixin.py:151} INFO -      ⚠️ Erreur ligne 124: current transaction is aborted, commands ignored until end of transaction block
[2026-01-26T14:24:20.004+0000] {logging_mixin.py:151} INFO -      ⚠️ Erreur ligne 125: current transaction is aborted, commands ignored until end of transaction block
[2026-01-26T14:24:20.005+0000] {logging_mixin.py:151} INFO -      ⚠️ Erreur ligne 126: current transaction is aborted, commands ignored until end of transaction block
[2026-01-26T14:24:20.006+0000] {logging_mixin.py:151} INFO -      ⚠️ Erreur ligne 127: current transaction is aborted, commands ignored until end of transaction block
[2026-01-26T14:24:20.007+0000] {logging_mixin.py:151} INFO -      ⚠️ Erreur ligne 128: current transaction is aborted, commands ignored until end of transaction block
[2026-01-26T14:24:20.009+0000] {logging_mixin.py:151} INFO -      ⚠️ Erreur ligne 129: current transaction is aborted, commands ignored until end of transaction block
[2026-01-26T14:24:20.010+0000] {logging_mixin.py:151} INFO -      ⚠️ Erreur ligne 130: current transaction is aborted, commands ignored until end of transaction block
[2026-01-26T14:24:20.011+0000] {logging_mixin.py:151} INFO -      ⚠️ Erreur ligne 131: current transaction is aborted, commands ignored until end of transaction block
[2026-01-26T14:24:20.012+0000] {logging_mixin.py:151} INFO -      ⚠️ Erreur ligne 132: current transaction is aborted, commands ignored until end of transaction block
[2026-01-26T14:24:20.014+0000] {logging_mixin.py:151} INFO -      ⚠️ Erreur ligne 133: current transaction is aborted, commands ignored until end of transaction block
[2026-01-26T14:24:20.015+0000] {logging_mixin.py:151} INFO -      ⚠️ Erreur ligne 134: current transaction is aborted, commands ignored until end of transaction block
[2026-01-26T14:24:20.016+0000] {logging_mixin.py:151} INFO -      ⚠️ Erreur ligne 135: current transaction is aborted, commands ignored until end of transaction block
[2026-01-26T14:24:20.017+0000] {logging_mixin.py:151} INFO -      ⚠️ Erreur ligne 136: current transaction is aborted, commands ignored until end of transaction block
[2026-01-26T14:24:20.018+0000] {logging_mixin.py:151} INFO -      ⚠️ Erreur ligne 137: current transaction is aborted, commands ignored until end of transaction block
[2026-01-26T14:24:20.020+0000] {logging_mixin.py:151} INFO -      ⚠️ Erreur ligne 138: current transaction is aborted, commands ignored until end of transaction block
[2026-01-26T14:24:20.021+0000] {logging_mixin.py:151} INFO -      ⚠️ Erreur ligne 139: current transaction is aborted, commands ignored until end of transaction block
[2026-01-26T14:24:20.022+0000] {logging_mixin.py:151} INFO -      ⚠️ Erreur ligne 140: current transaction is aborted, commands ignored until end of transaction block
[2026-01-26T14:24:20.024+0000] {logging_mixin.py:151} INFO -      ⚠️ Erreur ligne 141: current transaction is aborted, commands ignored until end of transaction block
[2026-01-26T14:24:20.026+0000] {logging_mixin.py:151} INFO -      ⚠️ Erreur ligne 142: current transaction is aborted, commands ignored until end of transaction block
[2026-01-26T14:24:20.027+0000] {logging_mixin.py:151} INFO -      ⚠️ Erreur ligne 143: current transaction is aborted, commands ignored until end of transaction block
[2026-01-26T14:24:20.029+0000] {logging_mixin.py:151} INFO -      ⚠️ Erreur ligne 144: current transaction is aborted, commands ignored until end of transaction block
[2026-01-26T14:24:20.030+0000] {logging_mixin.py:151} INFO -      ⚠️ Erreur ligne 145: current transaction is aborted, commands ignored until end of transaction block
[2026-01-26T14:24:20.032+0000] {logging_mixin.py:151} INFO -      ⚠️ Erreur ligne 146: current transaction is aborted, commands ignored until end of transaction block
[2026-01-26T14:24:20.033+0000] {logging_mixin.py:151} INFO -      ⚠️ Erreur ligne 147: current transaction is aborted, commands ignored until end of transaction block
[2026-01-26T14:24:20.034+0000] {logging_mixin.py:151} INFO -      ⚠️ Erreur ligne 148: current transaction is aborted, commands ignored until end of transaction block
[2026-01-26T14:24:20.036+0000] {logging_mixin.py:151} INFO -      ⚠️ Erreur ligne 149: current transaction is aborted, commands ignored until end of transaction block
[2026-01-26T14:24:20.037+0000] {logging_mixin.py:151} INFO -      ⚠️ Erreur ligne 150: current transaction is aborted, commands ignored until end of transaction block
[2026-01-26T14:24:20.038+0000] {logging_mixin.py:151} INFO -      ⚠️ Erreur ligne 151: current transaction is aborted, commands ignored until end of transaction block
[2026-01-26T14:24:20.039+0000] {logging_mixin.py:151} INFO -      ⚠️ Erreur ligne 152: current transaction is aborted, commands ignored until end of transaction block
[2026-01-26T14:24:20.040+0000] {logging_mixin.py:151} INFO -      ⚠️ Erreur ligne 153: current transaction is aborted, commands ignored until end of transaction block
[2026-01-26T14:24:20.042+0000] {logging_mixin.py:151} INFO -      ⚠️ Erreur ligne 154: current transaction is aborted, commands ignored until end of transaction block
[2026-01-26T14:24:20.043+0000] {logging_mixin.py:151} INFO -      ⚠️ Erreur ligne 155: current transaction is aborted, commands ignored until end of transaction block
[2026-01-26T14:24:20.044+0000] {logging_mixin.py:151} INFO -      ⚠️ Erreur ligne 156: current transaction is aborted, commands ignored until end of transaction block
[2026-01-26T14:24:20.046+0000] {logging_mixin.py:151} INFO -      ⚠️ Erreur ligne 157: current transaction is aborted, commands ignored until end of transaction block
[2026-01-26T14:24:20.047+0000] {logging_mixin.py:151} INFO -      ⚠️ Erreur ligne 158: current transaction is aborted, commands ignored until end of transaction block
[2026-01-26T14:24:20.049+0000] {logging_mixin.py:151} INFO -      ⚠️ Erreur ligne 159: current transaction is aborted, commands ignored until end of transaction block
[2026-01-26T14:24:20.050+0000] {logging_mixin.py:151} INFO -      ⚠️ Erreur ligne 160: current transaction is aborted, commands ignored until end of transaction block
[2026-01-26T14:24:20.051+0000] {logging_mixin.py:151} INFO -      ⚠️ Erreur ligne 161: current transaction is aborted, commands ignored until end of transaction block
[2026-01-26T14:24:20.052+0000] {logging_mixin.py:151} INFO -      ⚠️ Erreur ligne 162: current transaction is aborted, commands ignored until end of transaction block
[2026-01-26T14:24:20.054+0000] {logging_mixin.py:151} INFO -      ⚠️ Erreur ligne 163: current transaction is aborted, commands ignored until end of transaction block
[2026-01-26T14:24:20.055+0000] {logging_mixin.py:151} INFO -      ⚠️ Erreur ligne 164: current transaction is aborted, commands ignored until end of transaction block
[2026-01-26T14:24:20.057+0000] {logging_mixin.py:151} INFO -      ⚠️ Erreur ligne 165: current transaction is aborted, commands ignored until end of transaction block
[2026-01-26T14:24:20.058+0000] {logging_mixin.py:151} INFO -      ⚠️ Erreur ligne 166: current transaction is aborted, commands ignored until end of transaction block
[2026-01-26T14:24:20.059+0000] {logging_mixin.py:151} INFO -      ⚠️ Erreur ligne 167: current transaction is aborted, commands ignored until end of transaction block
[2026-01-26T14:24:20.061+0000] {logging_mixin.py:151} INFO -      ⚠️ Erreur ligne 168: current transaction is aborted, commands ignored until end of transaction block
[2026-01-26T14:24:20.062+0000] {logging_mixin.py:151} INFO -      ⚠️ Erreur ligne 169: current transaction is aborted, commands ignored until end of transaction block
[2026-01-26T14:24:20.064+0000] {logging_mixin.py:151} INFO -      ⚠️ Erreur ligne 170: current transaction is aborted, commands ignored until end of transaction block
[2026-01-26T14:24:20.065+0000] {logging_mixin.py:151} INFO -      ⚠️ Erreur ligne 171: current transaction is aborted, commands ignored until end of transaction block
[2026-01-26T14:24:20.066+0000] {logging_mixin.py:151} INFO -      ⚠️ Erreur ligne 172: current transaction is aborted, commands ignored until end of transaction block
[2026-01-26T14:24:20.068+0000] {logging_mixin.py:151} INFO -      ⚠️ Erreur ligne 173: current transaction is aborted, commands ignored until end of transaction block
[2026-01-26T14:24:20.069+0000] {logging_mixin.py:151} INFO -      ⚠️ Erreur ligne 174: current transaction is aborted, commands ignored until end of transaction block
[2026-01-26T14:24:20.070+0000] {logging_mixin.py:151} INFO -      ⚠️ Erreur ligne 175: current transaction is aborted, commands ignored until end of transaction block
[2026-01-26T14:24:20.071+0000] {logging_mixin.py:151} INFO -      ⚠️ Erreur ligne 176: current transaction is aborted, commands ignored until end of transaction block
[2026-01-26T14:24:20.072+0000] {logging_mixin.py:151} INFO -      ⚠️ Erreur ligne 177: current transaction is aborted, commands ignored until end of transaction block
[2026-01-26T14:24:20.074+0000] {logging_mixin.py:151} INFO -      ⚠️ Erreur ligne 178: current transaction is aborted, commands ignored until end of transaction block
[2026-01-26T14:24:20.075+0000] {logging_mixin.py:151} INFO -      ⚠️ Erreur ligne 179: current transaction is aborted, commands ignored until end of transaction block
[2026-01-26T14:24:20.077+0000] {logging_mixin.py:151} INFO -      ⚠️ Erreur ligne 180: current transaction is aborted, commands ignored until end of transaction block
[2026-01-26T14:24:20.079+0000] {logging_mixin.py:151} INFO -      ⚠️ Erreur ligne 181: current transaction is aborted, commands ignored until end of transaction block
[2026-01-26T14:24:20.080+0000] {logging_mixin.py:151} INFO -      ⚠️ Erreur ligne 182: current transaction is aborted, commands ignored until end of transaction block
[2026-01-26T14:24:20.082+0000] {logging_mixin.py:151} INFO -      ⚠️ Erreur ligne 183: current transaction is aborted, commands ignored until end of transaction block
[2026-01-26T14:24:20.083+0000] {logging_mixin.py:151} INFO -      ⚠️ Erreur ligne 184: current transaction is aborted, commands ignored until end of transaction block
[2026-01-26T14:24:20.084+0000] {logging_mixin.py:151} INFO -      ⚠️ Erreur ligne 185: current transaction is aborted, commands ignored until end of transaction block
[2026-01-26T14:24:20.085+0000] {logging_mixin.py:151} INFO -      ⚠️ Erreur ligne 186: current transaction is aborted, commands ignored until end of transaction block
[2026-01-26T14:24:20.087+0000] {logging_mixin.py:151} INFO -      ⚠️ Erreur ligne 187: current transaction is aborted, commands ignored until end of transaction block
[2026-01-26T14:24:20.088+0000] {logging_mixin.py:151} INFO -      ⚠️ Erreur ligne 188: current transaction is aborted, commands ignored until end of transaction block
[2026-01-26T14:24:20.089+0000] {logging_mixin.py:151} INFO -      ⚠️ Erreur ligne 189: current transaction is aborted, commands ignored until end of transaction block
[2026-01-26T14:24:20.090+0000] {logging_mixin.py:151} INFO -      ⚠️ Erreur ligne 190: current transaction is aborted, commands ignored until end of transaction block
[2026-01-26T14:24:20.091+0000] {logging_mixin.py:151} INFO -      ⚠️ Erreur ligne 191: current transaction is aborted, commands ignored until end of transaction block
[2026-01-26T14:24:20.092+0000] {logging_mixin.py:151} INFO -      ⚠️ Erreur ligne 192: current transaction is aborted, commands ignored until end of transaction block
[2026-01-26T14:24:20.094+0000] {logging_mixin.py:151} INFO -      ⚠️ Erreur ligne 193: current transaction is aborted, commands ignored until end of transaction block
[2026-01-26T14:24:20.095+0000] {logging_mixin.py:151} INFO -      ⚠️ Erreur ligne 194: current transaction is aborted, commands ignored until end of transaction block
[2026-01-26T14:24:20.097+0000] {logging_mixin.py:151} INFO -      ⚠️ Erreur ligne 195: current transaction is aborted, commands ignored until end of transaction block
[2026-01-26T14:24:20.098+0000] {logging_mixin.py:151} INFO -      ⚠️ Erreur ligne 196: current transaction is aborted, commands ignored until end of transaction block
[2026-01-26T14:24:20.100+0000] {logging_mixin.py:151} INFO -      ⚠️ Erreur ligne 197: current transaction is aborted, commands ignored until end of transaction block
[2026-01-26T14:24:20.101+0000] {logging_mixin.py:151} INFO -      ⚠️ Erreur ligne 198: current transaction is aborted, commands ignored until end of transaction block
[2026-01-26T14:24:20.102+0000] {logging_mixin.py:151} INFO -      ⚠️ Erreur ligne 199: current transaction is aborted, commands ignored until end of transaction block
[2026-01-26T14:24:20.104+0000] {logging_mixin.py:151} INFO -      ⚠️ Erreur ligne 200: current transaction is aborted, commands ignored until end of transaction block
[2026-01-26T14:24:20.105+0000] {logging_mixin.py:151} INFO -      ⚠️ Erreur ligne 201: current transaction is aborted, commands ignored until end of transaction block
[2026-01-26T14:24:20.106+0000] {logging_mixin.py:151} INFO -      ⚠️ Erreur ligne 202: current transaction is aborted, commands ignored until end of transaction block
[2026-01-26T14:24:20.107+0000] {logging_mixin.py:151} INFO -      ⚠️ Erreur ligne 203: current transaction is aborted, commands ignored until end of transaction block
[2026-01-26T14:24:20.108+0000] {logging_mixin.py:151} INFO -      ⚠️ Erreur ligne 204: current transaction is aborted, commands ignored until end of transaction block
[2026-01-26T14:24:20.110+0000] {logging_mixin.py:151} INFO -      ⚠️ Erreur ligne 205: current transaction is aborted, commands ignored until end of transaction block
[2026-01-26T14:24:20.111+0000] {logging_mixin.py:151} INFO -      ⚠️ Erreur ligne 206: current transaction is aborted, commands ignored until end of transaction block
[2026-01-26T14:24:20.112+0000] {logging_mixin.py:151} INFO -      ⚠️ Erreur ligne 207: current transaction is aborted, commands ignored until end of transaction block
[2026-01-26T14:24:20.113+0000] {logging_mixin.py:151} INFO -      ⚠️ Erreur ligne 208: current transaction is aborted, commands ignored until end of transaction block
[2026-01-26T14:24:20.114+0000] {logging_mixin.py:151} INFO -      ⚠️ Erreur ligne 209: current transaction is aborted, commands ignored until end of transaction block
[2026-01-26T14:24:20.116+0000] {logging_mixin.py:151} INFO -      ⚠️ Erreur ligne 210: current transaction is aborted, commands ignored until end of transaction block
[2026-01-26T14:24:20.118+0000] {logging_mixin.py:151} INFO -      ⚠️ Erreur ligne 211: current transaction is aborted, commands ignored until end of transaction block
[2026-01-26T14:24:20.119+0000] {logging_mixin.py:151} INFO -      ⚠️ Erreur ligne 212: current transaction is aborted, commands ignored until end of transaction block
[2026-01-26T14:24:20.121+0000] {logging_mixin.py:151} INFO -      ⚠️ Erreur ligne 213: current transaction is aborted, commands ignored until end of transaction block
[2026-01-26T14:24:20.122+0000] {logging_mixin.py:151} INFO -      ⚠️ Erreur ligne 214: current transaction is aborted, commands ignored until end of transaction block
[2026-01-26T14:24:20.123+0000] {logging_mixin.py:151} INFO -      ⚠️ Erreur ligne 215: current transaction is aborted, commands ignored until end of transaction block
[2026-01-26T14:24:20.125+0000] {logging_mixin.py:151} INFO -      ⚠️ Erreur ligne 216: current transaction is aborted, commands ignored until end of transaction block
[2026-01-26T14:24:20.126+0000] {logging_mixin.py:151} INFO -      ⚠️ Erreur ligne 217: current transaction is aborted, commands ignored until end of transaction block
[2026-01-26T14:24:20.127+0000] {logging_mixin.py:151} INFO -      ⚠️ Erreur ligne 218: current transaction is aborted, commands ignored until end of transaction block
[2026-01-26T14:24:20.128+0000] {logging_mixin.py:151} INFO -      ⚠️ Erreur ligne 219: current transaction is aborted, commands ignored until end of transaction block
[2026-01-26T14:24:20.130+0000] {logging_mixin.py:151} INFO -      ⚠️ Erreur ligne 220: current transaction is aborted, commands ignored until end of transaction block
[2026-01-26T14:24:20.131+0000] {logging_mixin.py:151} INFO -      ⚠️ Erreur ligne 221: current transaction is aborted, commands ignored until end of transaction block
[2026-01-26T14:24:20.132+0000] {logging_mixin.py:151} INFO -      ⚠️ Erreur ligne 222: current transaction is aborted, commands ignored until end of transaction block
[2026-01-26T14:24:20.133+0000] {logging_mixin.py:151} INFO -      ⚠️ Erreur ligne 223: current transaction is aborted, commands ignored until end of transaction block
[2026-01-26T14:24:20.134+0000] {logging_mixin.py:151} INFO -      ⚠️ Erreur ligne 224: current transaction is aborted, commands ignored until end of transaction block
[2026-01-26T14:24:20.136+0000] {logging_mixin.py:151} INFO -      ⚠️ Erreur ligne 225: current transaction is aborted, commands ignored until end of transaction block
[2026-01-26T14:24:20.138+0000] {logging_mixin.py:151} INFO -      ⚠️ Erreur ligne 226: current transaction is aborted, commands ignored until end of transaction block
[2026-01-26T14:24:20.139+0000] {logging_mixin.py:151} INFO -      ⚠️ Erreur ligne 227: current transaction is aborted, commands ignored until end of transaction block
[2026-01-26T14:24:20.141+0000] {logging_mixin.py:151} INFO -      ⚠️ Erreur ligne 228: current transaction is aborted, commands ignored until end of transaction block
[2026-01-26T14:24:20.142+0000] {logging_mixin.py:151} INFO -      ⚠️ Erreur ligne 229: current transaction is aborted, commands ignored until end of transaction block
[2026-01-26T14:24:20.144+0000] {logging_mixin.py:151} INFO -      ⚠️ Erreur ligne 230: current transaction is aborted, commands ignored until end of transaction block
[2026-01-26T14:24:20.145+0000] {logging_mixin.py:151} INFO -      ⚠️ Erreur ligne 231: current transaction is aborted, commands ignored until end of transaction block
[2026-01-26T14:24:20.146+0000] {logging_mixin.py:151} INFO -      ⚠️ Erreur ligne 232: current transaction is aborted, commands ignored until end of transaction block
[2026-01-26T14:24:20.148+0000] {logging_mixin.py:151} INFO -      ⚠️ Erreur ligne 233: current transaction is aborted, commands ignored until end of transaction block
[2026-01-26T14:24:20.154+0000] {logging_mixin.py:151} INFO -      ⚠️ Erreur ligne 234: current transaction is aborted, commands ignored until end of transaction block
[2026-01-26T14:24:20.158+0000] {logging_mixin.py:151} INFO -      ⚠️ Erreur ligne 235: current transaction is aborted, commands ignored until end of transaction block
[2026-01-26T14:24:20.161+0000] {logging_mixin.py:151} INFO -      ⚠️ Erreur ligne 236: current transaction is aborted, commands ignored until end of transaction block
[2026-01-26T14:24:20.163+0000] {logging_mixin.py:151} INFO -      ⚠️ Erreur ligne 237: current transaction is aborted, commands ignored until end of transaction block
[2026-01-26T14:24:20.164+0000] {logging_mixin.py:151} INFO -      ⚠️ Erreur ligne 238: current transaction is aborted, commands ignored until end of transaction block
[2026-01-26T14:24:20.165+0000] {logging_mixin.py:151} INFO -      ⚠️ Erreur ligne 239: current transaction is aborted, commands ignored until end of transaction block
[2026-01-26T14:24:20.167+0000] {logging_mixin.py:151} INFO -      ⚠️ Erreur ligne 240: current transaction is aborted, commands ignored until end of transaction block
[2026-01-26T14:24:20.168+0000] {logging_mixin.py:151} INFO -      ⚠️ Erreur ligne 241: current transaction is aborted, commands ignored until end of transaction block
[2026-01-26T14:24:20.169+0000] {logging_mixin.py:151} INFO -      ⚠️ Erreur ligne 242: current transaction is aborted, commands ignored until end of transaction block
[2026-01-26T14:24:20.171+0000] {logging_mixin.py:151} INFO -      ⚠️ Erreur ligne 243: current transaction is aborted, commands ignored until end of transaction block
[2026-01-26T14:24:20.173+0000] {logging_mixin.py:151} INFO -      ⚠️ Erreur ligne 244: current transaction is aborted, commands ignored until end of transaction block
[2026-01-26T14:24:20.174+0000] {logging_mixin.py:151} INFO -      ⚠️ Erreur ligne 245: current transaction is aborted, commands ignored until end of transaction block
[2026-01-26T14:24:20.175+0000] {logging_mixin.py:151} INFO -      ⚠️ Erreur ligne 246: current transaction is aborted, commands ignored until end of transaction block
[2026-01-26T14:24:20.177+0000] {logging_mixin.py:151} INFO -      ⚠️ Erreur ligne 247: current transaction is aborted, commands ignored until end of transaction block
[2026-01-26T14:24:20.178+0000] {logging_mixin.py:151} INFO -      ⚠️ Erreur ligne 248: current transaction is aborted, commands ignored until end of transaction block
[2026-01-26T14:24:20.180+0000] {logging_mixin.py:151} INFO -      ⚠️ Erreur ligne 249: current transaction is aborted, commands ignored until end of transaction block
[2026-01-26T14:24:20.181+0000] {logging_mixin.py:151} INFO -      ⚠️ Erreur ligne 250: current transaction is aborted, commands ignored until end of transaction block
[2026-01-26T14:24:20.183+0000] {logging_mixin.py:151} INFO -      ⚠️ Erreur ligne 251: current transaction is aborted, commands ignored until end of transaction block
[2026-01-26T14:24:20.184+0000] {logging_mixin.py:151} INFO -      ⚠️ Erreur ligne 252: current transaction is aborted, commands ignored until end of transaction block
[2026-01-26T14:24:20.186+0000] {logging_mixin.py:151} INFO -      ⚠️ Erreur ligne 253: current transaction is aborted, commands ignored until end of transaction block
[2026-01-26T14:24:20.187+0000] {logging_mixin.py:151} INFO -      ⚠️ Erreur ligne 254: current transaction is aborted, commands ignored until end of transaction block
[2026-01-26T14:24:20.189+0000] {logging_mixin.py:151} INFO -      ⚠️ Erreur ligne 255: current transaction is aborted, commands ignored until end of transaction block
[2026-01-26T14:24:20.190+0000] {logging_mixin.py:151} INFO -      ⚠️ Erreur ligne 256: current transaction is aborted, commands ignored until end of transaction block
[2026-01-26T14:24:20.191+0000] {logging_mixin.py:151} INFO -      ⚠️ Erreur ligne 257: current transaction is aborted, commands ignored until end of transaction block
[2026-01-26T14:24:20.193+0000] {logging_mixin.py:151} INFO -      ⚠️ Erreur ligne 258: current transaction is aborted, commands ignored until end of transaction block
[2026-01-26T14:24:20.194+0000] {logging_mixin.py:151} INFO -      ⚠️ Erreur ligne 259: current transaction is aborted, commands ignored until end of transaction block
[2026-01-26T14:24:20.195+0000] {logging_mixin.py:151} INFO -      ⚠️ Erreur ligne 260: current transaction is aborted, commands ignored until end of transaction block
[2026-01-26T14:24:20.196+0000] {logging_mixin.py:151} INFO -      ⚠️ Erreur ligne 261: current transaction is aborted, commands ignored until end of transaction block
[2026-01-26T14:24:20.198+0000] {logging_mixin.py:151} INFO -      ⚠️ Erreur ligne 262: current transaction is aborted, commands ignored until end of transaction block
[2026-01-26T14:24:20.200+0000] {logging_mixin.py:151} INFO -      ⚠️ Erreur ligne 263: current transaction is aborted, commands ignored until end of transaction block
[2026-01-26T14:24:20.202+0000] {logging_mixin.py:151} INFO -      ⚠️ Erreur ligne 264: current transaction is aborted, commands ignored until end of transaction block
[2026-01-26T14:24:20.204+0000] {logging_mixin.py:151} INFO -      ⚠️ Erreur ligne 265: current transaction is aborted, commands ignored until end of transaction block
[2026-01-26T14:24:20.205+0000] {logging_mixin.py:151} INFO -      ⚠️ Erreur ligne 266: current transaction is aborted, commands ignored until end of transaction block
[2026-01-26T14:24:20.206+0000] {logging_mixin.py:151} INFO -      ⚠️ Erreur ligne 267: current transaction is aborted, commands ignored until end of transaction block
[2026-01-26T14:24:20.208+0000] {logging_mixin.py:151} INFO -      ⚠️ Erreur ligne 268: current transaction is aborted, commands ignored until end of transaction block
[2026-01-26T14:24:20.209+0000] {logging_mixin.py:151} INFO -      ⚠️ Erreur ligne 269: current transaction is aborted, commands ignored until end of transaction block
[2026-01-26T14:24:20.210+0000] {logging_mixin.py:151} INFO -      ⚠️ Erreur ligne 270: current transaction is aborted, commands ignored until end of transaction block
[2026-01-26T14:24:20.211+0000] {logging_mixin.py:151} INFO -      ⚠️ Erreur ligne 271: current transaction is aborted, commands ignored until end of transaction block
[2026-01-26T14:24:20.213+0000] {logging_mixin.py:151} INFO -      ⚠️ Erreur ligne 272: current transaction is aborted, commands ignored until end of transaction block
[2026-01-26T14:24:20.214+0000] {logging_mixin.py:151} INFO -      ⚠️ Erreur ligne 273: current transaction is aborted, commands ignored until end of transaction block
[2026-01-26T14:24:20.215+0000] {logging_mixin.py:151} INFO -      ⚠️ Erreur ligne 274: current transaction is aborted, commands ignored until end of transaction block
[2026-01-26T14:24:20.217+0000] {logging_mixin.py:151} INFO -      ⚠️ Erreur ligne 275: current transaction is aborted, commands ignored until end of transaction block
[2026-01-26T14:24:20.218+0000] {logging_mixin.py:151} INFO -      ⚠️ Erreur ligne 276: current transaction is aborted, commands ignored until end of transaction block
[2026-01-26T14:24:20.220+0000] {logging_mixin.py:151} INFO -      ⚠️ Erreur ligne 277: current transaction is aborted, commands ignored until end of transaction block
[2026-01-26T14:24:20.222+0000] {logging_mixin.py:151} INFO -      ⚠️ Erreur ligne 278: current transaction is aborted, commands ignored until end of transaction block
[2026-01-26T14:24:20.224+0000] {logging_mixin.py:151} INFO -      ⚠️ Erreur ligne 279: current transaction is aborted, commands ignored until end of transaction block
[2026-01-26T14:24:20.225+0000] {logging_mixin.py:151} INFO -      ⚠️ Erreur ligne 280: current transaction is aborted, commands ignored until end of transaction block
[2026-01-26T14:24:20.227+0000] {logging_mixin.py:151} INFO -      ⚠️ Erreur ligne 281: current transaction is aborted, commands ignored until end of transaction block
[2026-01-26T14:24:20.228+0000] {logging_mixin.py:151} INFO -      ⚠️ Erreur ligne 282: current transaction is aborted, commands ignored until end of transaction block
[2026-01-26T14:24:20.229+0000] {logging_mixin.py:151} INFO -      ⚠️ Erreur ligne 283: current transaction is aborted, commands ignored until end of transaction block
[2026-01-26T14:24:20.231+0000] {logging_mixin.py:151} INFO -      ⚠️ Erreur ligne 284: current transaction is aborted, commands ignored until end of transaction block
[2026-01-26T14:24:20.232+0000] {logging_mixin.py:151} INFO -      ⚠️ Erreur ligne 285: current transaction is aborted, commands ignored until end of transaction block
[2026-01-26T14:24:20.233+0000] {logging_mixin.py:151} INFO -      ⚠️ Erreur ligne 286: current transaction is aborted, commands ignored until end of transaction block
[2026-01-26T14:24:20.234+0000] {logging_mixin.py:151} INFO -      ⚠️ Erreur ligne 287: current transaction is aborted, commands ignored until end of transaction block
[2026-01-26T14:24:20.236+0000] {logging_mixin.py:151} INFO -      ⚠️ Erreur ligne 288: current transaction is aborted, commands ignored until end of transaction block
[2026-01-26T14:24:20.237+0000] {logging_mixin.py:151} INFO -      ⚠️ Erreur ligne 289: current transaction is aborted, commands ignored until end of transaction block
[2026-01-26T14:24:20.238+0000] {logging_mixin.py:151} INFO -      ⚠️ Erreur ligne 290: current transaction is aborted, commands ignored until end of transaction block
[2026-01-26T14:24:20.239+0000] {logging_mixin.py:151} INFO -      ⚠️ Erreur ligne 291: current transaction is aborted, commands ignored until end of transaction block
[2026-01-26T14:24:20.241+0000] {logging_mixin.py:151} INFO -      ⚠️ Erreur ligne 292: current transaction is aborted, commands ignored until end of transaction block
[2026-01-26T14:24:20.243+0000] {logging_mixin.py:151} INFO -      ⚠️ Erreur ligne 293: current transaction is aborted, commands ignored until end of transaction block
[2026-01-26T14:24:20.245+0000] {logging_mixin.py:151} INFO -      ⚠️ Erreur ligne 294: current transaction is aborted, commands ignored until end of transaction block
[2026-01-26T14:24:20.247+0000] {logging_mixin.py:151} INFO -      ⚠️ Erreur ligne 295: current transaction is aborted, commands ignored until end of transaction block
[2026-01-26T14:24:20.248+0000] {logging_mixin.py:151} INFO -      ⚠️ Erreur ligne 296: current transaction is aborted, commands ignored until end of transaction block
[2026-01-26T14:24:20.249+0000] {logging_mixin.py:151} INFO -      ⚠️ Erreur ligne 297: current transaction is aborted, commands ignored until end of transaction block
[2026-01-26T14:24:20.251+0000] {logging_mixin.py:151} INFO -      ⚠️ Erreur ligne 298: current transaction is aborted, commands ignored until end of transaction block
[2026-01-26T14:24:20.252+0000] {logging_mixin.py:151} INFO -      ⚠️ Erreur ligne 299: current transaction is aborted, commands ignored until end of transaction block
[2026-01-26T14:24:20.254+0000] {logging_mixin.py:151} INFO -      ⚠️ Erreur ligne 300: current transaction is aborted, commands ignored until end of transaction block
[2026-01-26T14:24:20.255+0000] {logging_mixin.py:151} INFO -      ⚠️ Erreur ligne 301: current transaction is aborted, commands ignored until end of transaction block
[2026-01-26T14:24:20.256+0000] {logging_mixin.py:151} INFO -      ⚠️ Erreur ligne 302: current transaction is aborted, commands ignored until end of transaction block
[2026-01-26T14:24:20.257+0000] {logging_mixin.py:151} INFO -      ⚠️ Erreur ligne 303: current transaction is aborted, commands ignored until end of transaction block
[2026-01-26T14:24:20.259+0000] {logging_mixin.py:151} INFO -      ⚠️ Erreur ligne 304: current transaction is aborted, commands ignored until end of transaction block
[2026-01-26T14:24:20.260+0000] {logging_mixin.py:151} INFO -      ⚠️ Erreur ligne 305: current transaction is aborted, commands ignored until end of transaction block
[2026-01-26T14:24:20.262+0000] {logging_mixin.py:151} INFO -      ⚠️ Erreur ligne 306: current transaction is aborted, commands ignored until end of transaction block
[2026-01-26T14:24:20.264+0000] {logging_mixin.py:151} INFO -      ⚠️ Erreur ligne 307: current transaction is aborted, commands ignored until end of transaction block
[2026-01-26T14:24:20.266+0000] {logging_mixin.py:151} INFO -      ⚠️ Erreur ligne 308: current transaction is aborted, commands ignored until end of transaction block
[2026-01-26T14:24:20.268+0000] {logging_mixin.py:151} INFO -      ⚠️ Erreur ligne 309: current transaction is aborted, commands ignored until end of transaction block
[2026-01-26T14:24:20.270+0000] {logging_mixin.py:151} INFO -      ⚠️ Erreur ligne 310: current transaction is aborted, commands ignored until end of transaction block
[2026-01-26T14:24:20.271+0000] {logging_mixin.py:151} INFO -      ⚠️ Erreur ligne 311: current transaction is aborted, commands ignored until end of transaction block
[2026-01-26T14:24:20.273+0000] {logging_mixin.py:151} INFO -      ⚠️ Erreur ligne 312: current transaction is aborted, commands ignored until end of transaction block
[2026-01-26T14:24:20.274+0000] {logging_mixin.py:151} INFO -      ⚠️ Erreur ligne 313: current transaction is aborted, commands ignored until end of transaction block
[2026-01-26T14:24:20.277+0000] {logging_mixin.py:151} INFO -      ⚠️ Erreur ligne 314: current transaction is aborted, commands ignored until end of transaction block
[2026-01-26T14:24:20.279+0000] {logging_mixin.py:151} INFO -      ⚠️ Erreur ligne 315: current transaction is aborted, commands ignored until end of transaction block
[2026-01-26T14:24:20.281+0000] {logging_mixin.py:151} INFO -      ⚠️ Erreur ligne 316: current transaction is aborted, commands ignored until end of transaction block
[2026-01-26T14:24:20.285+0000] {logging_mixin.py:151} INFO -      ⚠️ Erreur ligne 317: current transaction is aborted, commands ignored until end of transaction block
[2026-01-26T14:24:20.288+0000] {logging_mixin.py:151} INFO -      ⚠️ Erreur ligne 318: current transaction is aborted, commands ignored until end of transaction block
[2026-01-26T14:24:20.291+0000] {logging_mixin.py:151} INFO -      ⚠️ Erreur ligne 319: current transaction is aborted, commands ignored until end of transaction block
[2026-01-26T14:24:20.292+0000] {logging_mixin.py:151} INFO -      ⚠️ Erreur ligne 320: current transaction is aborted, commands ignored until end of transaction block
[2026-01-26T14:24:20.294+0000] {logging_mixin.py:151} INFO -      ⚠️ Erreur ligne 321: current transaction is aborted, commands ignored until end of transaction block
[2026-01-26T14:24:20.296+0000] {logging_mixin.py:151} INFO -      ⚠️ Erreur ligne 322: current transaction is aborted, commands ignored until end of transaction block
[2026-01-26T14:24:20.299+0000] {logging_mixin.py:151} INFO -      ⚠️ Erreur ligne 323: current transaction is aborted, commands ignored until end of transaction block
[2026-01-26T14:24:20.301+0000] {logging_mixin.py:151} INFO -      ⚠️ Erreur ligne 324: current transaction is aborted, commands ignored until end of transaction block
[2026-01-26T14:24:20.303+0000] {logging_mixin.py:151} INFO -      ⚠️ Erreur ligne 325: current transaction is aborted, commands ignored until end of transaction block
[2026-01-26T14:24:20.305+0000] {logging_mixin.py:151} INFO -      ⚠️ Erreur ligne 326: current transaction is aborted, commands ignored until end of transaction block
[2026-01-26T14:24:20.307+0000] {logging_mixin.py:151} INFO -      ⚠️ Erreur ligne 327: current transaction is aborted, commands ignored until end of transaction block
[2026-01-26T14:24:20.308+0000] {logging_mixin.py:151} INFO -      ⚠️ Erreur ligne 328: current transaction is aborted, commands ignored until end of transaction block
[2026-01-26T14:24:20.310+0000] {logging_mixin.py:151} INFO -      ⚠️ Erreur ligne 329: current transaction is aborted, commands ignored until end of transaction block
[2026-01-26T14:24:20.312+0000] {logging_mixin.py:151} INFO -      ⚠️ Erreur ligne 330: current transaction is aborted, commands ignored until end of transaction block
[2026-01-26T14:24:20.313+0000] {logging_mixin.py:151} INFO -      ⚠️ Erreur ligne 331: current transaction is aborted, commands ignored until end of transaction block
[2026-01-26T14:24:20.315+0000] {logging_mixin.py:151} INFO -      ⚠️ Erreur ligne 332: current transaction is aborted, commands ignored until end of transaction block
[2026-01-26T14:24:20.317+0000] {logging_mixin.py:151} INFO -      ⚠️ Erreur ligne 333: current transaction is aborted, commands ignored until end of transaction block
[2026-01-26T14:24:20.320+0000] {logging_mixin.py:151} INFO -      ⚠️ Erreur ligne 334: current transaction is aborted, commands ignored until end of transaction block
[2026-01-26T14:24:20.325+0000] {logging_mixin.py:151} INFO -      ⚠️ Erreur ligne 335: current transaction is aborted, commands ignored until end of transaction block
[2026-01-26T14:24:20.327+0000] {logging_mixin.py:151} INFO -      ⚠️ Erreur ligne 336: current transaction is aborted, commands ignored until end of transaction block
[2026-01-26T14:24:20.329+0000] {logging_mixin.py:151} INFO -      ⚠️ Erreur ligne 337: current transaction is aborted, commands ignored until end of transaction block
[2026-01-26T14:24:20.331+0000] {logging_mixin.py:151} INFO -      ⚠️ Erreur ligne 338: current transaction is aborted, commands ignored until end of transaction block
[2026-01-26T14:24:20.333+0000] {logging_mixin.py:151} INFO -      ⚠️ Erreur ligne 339: current transaction is aborted, commands ignored until end of transaction block
[2026-01-26T14:24:20.335+0000] {logging_mixin.py:151} INFO -      ⚠️ Erreur ligne 340: current transaction is aborted, commands ignored until end of transaction block
[2026-01-26T14:24:20.337+0000] {logging_mixin.py:151} INFO -      ⚠️ Erreur ligne 341: current transaction is aborted, commands ignored until end of transaction block
[2026-01-26T14:24:20.339+0000] {logging_mixin.py:151} INFO -      ⚠️ Erreur ligne 342: current transaction is aborted, commands ignored until end of transaction block
[2026-01-26T14:24:20.341+0000] {logging_mixin.py:151} INFO -      ⚠️ Erreur ligne 343: current transaction is aborted, commands ignored until end of transaction block
[2026-01-26T14:24:20.342+0000] {logging_mixin.py:151} INFO -      ⚠️ Erreur ligne 344: current transaction is aborted, commands ignored until end of transaction block
[2026-01-26T14:24:20.344+0000] {logging_mixin.py:151} INFO -      ⚠️ Erreur ligne 345: current transaction is aborted, commands ignored until end of transaction block
[2026-01-26T14:24:20.346+0000] {logging_mixin.py:151} INFO -      ⚠️ Erreur ligne 346: current transaction is aborted, commands ignored until end of transaction block
[2026-01-26T14:24:20.347+0000] {logging_mixin.py:151} INFO -      ⚠️ Erreur ligne 347: current transaction is aborted, commands ignored until end of transaction block
[2026-01-26T14:24:20.349+0000] {logging_mixin.py:151} INFO -      ⚠️ Erreur ligne 348: current transaction is aborted, commands ignored until end of transaction block
[2026-01-26T14:24:20.351+0000] {logging_mixin.py:151} INFO -      ⚠️ Erreur ligne 349: current transaction is aborted, commands ignored until end of transaction block
[2026-01-26T14:24:20.353+0000] {logging_mixin.py:151} INFO -      ⚠️ Erreur ligne 350: current transaction is aborted, commands ignored until end of transaction block
[2026-01-26T14:24:20.355+0000] {logging_mixin.py:151} INFO -      ⚠️ Erreur ligne 351: current transaction is aborted, commands ignored until end of transaction block
[2026-01-26T14:24:20.358+0000] {logging_mixin.py:151} INFO -      ⚠️ Erreur ligne 352: current transaction is aborted, commands ignored until end of transaction block
[2026-01-26T14:24:20.359+0000] {logging_mixin.py:151} INFO -      ⚠️ Erreur ligne 353: current transaction is aborted, commands ignored until end of transaction block
[2026-01-26T14:24:20.361+0000] {logging_mixin.py:151} INFO -      ⚠️ Erreur ligne 354: current transaction is aborted, commands ignored until end of transaction block
[2026-01-26T14:24:20.363+0000] {logging_mixin.py:151} INFO -      ⚠️ Erreur ligne 355: current transaction is aborted, commands ignored until end of transaction block
[2026-01-26T14:24:20.365+0000] {logging_mixin.py:151} INFO -      ⚠️ Erreur ligne 356: current transaction is aborted, commands ignored until end of transaction block
[2026-01-26T14:24:20.367+0000] {logging_mixin.py:151} INFO -      ⚠️ Erreur ligne 357: current transaction is aborted, commands ignored until end of transaction block
[2026-01-26T14:24:20.370+0000] {logging_mixin.py:151} INFO -      ⚠️ Erreur ligne 358: current transaction is aborted, commands ignored until end of transaction block
[2026-01-26T14:24:20.372+0000] {logging_mixin.py:151} INFO -      ⚠️ Erreur ligne 359: current transaction is aborted, commands ignored until end of transaction block
[2026-01-26T14:24:20.374+0000] {logging_mixin.py:151} INFO -      ⚠️ Erreur ligne 360: current transaction is aborted, commands ignored until end of transaction block
[2026-01-26T14:24:20.376+0000] {logging_mixin.py:151} INFO -      ⚠️ Erreur ligne 361: current transaction is aborted, commands ignored until end of transaction block
[2026-01-26T14:24:20.378+0000] {logging_mixin.py:151} INFO -      ⚠️ Erreur ligne 362: current transaction is aborted, commands ignored until end of transaction block
[2026-01-26T14:24:20.380+0000] {logging_mixin.py:151} INFO -      ⚠️ Erreur ligne 363: current transaction is aborted, commands ignored until end of transaction block
[2026-01-26T14:24:20.382+0000] {logging_mixin.py:151} INFO -      ⚠️ Erreur ligne 364: current transaction is aborted, commands ignored until end of transaction block
[2026-01-26T14:24:20.383+0000] {logging_mixin.py:151} INFO -      ⚠️ Erreur ligne 365: current transaction is aborted, commands ignored until end of transaction block
[2026-01-26T14:24:20.385+0000] {logging_mixin.py:151} INFO -      ⚠️ Erreur ligne 366: current transaction is aborted, commands ignored until end of transaction block
[2026-01-26T14:24:20.386+0000] {logging_mixin.py:151} INFO -      ⚠️ Erreur ligne 367: current transaction is aborted, commands ignored until end of transaction block
[2026-01-26T14:24:20.388+0000] {logging_mixin.py:151} INFO -      ⚠️ Erreur ligne 368: current transaction is aborted, commands ignored until end of transaction block
[2026-01-26T14:24:20.389+0000] {logging_mixin.py:151} INFO -      ⚠️ Erreur ligne 369: current transaction is aborted, commands ignored until end of transaction block
[2026-01-26T14:24:20.391+0000] {logging_mixin.py:151} INFO -      ⚠️ Erreur ligne 370: current transaction is aborted, commands ignored until end of transaction block
[2026-01-26T14:24:20.392+0000] {logging_mixin.py:151} INFO -      ⚠️ Erreur ligne 371: current transaction is aborted, commands ignored until end of transaction block
[2026-01-26T14:24:20.394+0000] {logging_mixin.py:151} INFO -      ⚠️ Erreur ligne 372: current transaction is aborted, commands ignored until end of transaction block
[2026-01-26T14:24:20.396+0000] {logging_mixin.py:151} INFO -      ⚠️ Erreur ligne 373: current transaction is aborted, commands ignored until end of transaction block
[2026-01-26T14:24:20.397+0000] {logging_mixin.py:151} INFO -      ⚠️ Erreur ligne 374: current transaction is aborted, commands ignored until end of transaction block
[2026-01-26T14:24:20.399+0000] {logging_mixin.py:151} INFO -      ⚠️ Erreur ligne 375: current transaction is aborted, commands ignored until end of transaction block
[2026-01-26T14:24:20.400+0000] {logging_mixin.py:151} INFO -      ⚠️ Erreur ligne 376: current transaction is aborted, commands ignored until end of transaction block
[2026-01-26T14:24:20.402+0000] {logging_mixin.py:151} INFO -      ⚠️ Erreur ligne 377: current transaction is aborted, commands ignored until end of transaction block
[2026-01-26T14:24:20.404+0000] {logging_mixin.py:151} INFO -      ⚠️ Erreur ligne 378: current transaction is aborted, commands ignored until end of transaction block
[2026-01-26T14:24:20.406+0000] {logging_mixin.py:151} INFO -      ⚠️ Erreur ligne 379: current transaction is aborted, commands ignored until end of transaction block
[2026-01-26T14:24:20.407+0000] {logging_mixin.py:151} INFO -      ⚠️ Erreur ligne 380: current transaction is aborted, commands ignored until end of transaction block
[2026-01-26T14:24:20.409+0000] {logging_mixin.py:151} INFO -      ⚠️ Erreur ligne 381: current transaction is aborted, commands ignored until end of transaction block
[2026-01-26T14:24:20.411+0000] {logging_mixin.py:151} INFO -      ⚠️ Erreur ligne 382: current transaction is aborted, commands ignored until end of transaction block
[2026-01-26T14:24:20.412+0000] {logging_mixin.py:151} INFO -      ⚠️ Erreur ligne 383: current transaction is aborted, commands ignored until end of transaction block
[2026-01-26T14:24:20.413+0000] {logging_mixin.py:151} INFO -      ⚠️ Erreur ligne 384: current transaction is aborted, commands ignored until end of transaction block
[2026-01-26T14:24:20.415+0000] {logging_mixin.py:151} INFO -      ⚠️ Erreur ligne 385: current transaction is aborted, commands ignored until end of transaction block
[2026-01-26T14:24:20.416+0000] {logging_mixin.py:151} INFO -      ⚠️ Erreur ligne 386: current transaction is aborted, commands ignored until end of transaction block
[2026-01-26T14:24:20.418+0000] {logging_mixin.py:151} INFO -      ⚠️ Erreur ligne 387: current transaction is aborted, commands ignored until end of transaction block
[2026-01-26T14:24:20.419+0000] {logging_mixin.py:151} INFO -      ⚠️ Erreur ligne 388: current transaction is aborted, commands ignored until end of transaction block
[2026-01-26T14:24:20.421+0000] {logging_mixin.py:151} INFO -      ⚠️ Erreur ligne 389: current transaction is aborted, commands ignored until end of transaction block
[2026-01-26T14:24:20.422+0000] {logging_mixin.py:151} INFO -      ⚠️ Erreur ligne 390: current transaction is aborted, commands ignored until end of transaction block
[2026-01-26T14:24:20.423+0000] {logging_mixin.py:151} INFO -      ⚠️ Erreur ligne 391: current transaction is aborted, commands ignored until end of transaction block
[2026-01-26T14:24:20.425+0000] {logging_mixin.py:151} INFO -      ⚠️ Erreur ligne 392: current transaction is aborted, commands ignored until end of transaction block
[2026-01-26T14:24:20.426+0000] {logging_mixin.py:151} INFO -      ⚠️ Erreur ligne 393: current transaction is aborted, commands ignored until end of transaction block
[2026-01-26T14:24:20.429+0000] {logging_mixin.py:151} INFO -      ⚠️ Erreur ligne 394: current transaction is aborted, commands ignored until end of transaction block
[2026-01-26T14:24:20.431+0000] {logging_mixin.py:151} INFO -      ⚠️ Erreur ligne 395: current transaction is aborted, commands ignored until end of transaction block
[2026-01-26T14:24:20.433+0000] {logging_mixin.py:151} INFO -      ⚠️ Erreur ligne 396: current transaction is aborted, commands ignored until end of transaction block
[2026-01-26T14:24:20.435+0000] {logging_mixin.py:151} INFO -      ⚠️ Erreur ligne 397: current transaction is aborted, commands ignored until end of transaction block
[2026-01-26T14:24:20.436+0000] {logging_mixin.py:151} INFO -      ⚠️ Erreur ligne 398: current transaction is aborted, commands ignored until end of transaction block
[2026-01-26T14:24:20.437+0000] {logging_mixin.py:151} INFO -      ⚠️ Erreur ligne 399: current transaction is aborted, commands ignored until end of transaction block
[2026-01-26T14:24:20.439+0000] {logging_mixin.py:151} INFO -      ⚠️ Erreur ligne 400: current transaction is aborted, commands ignored until end of transaction block
[2026-01-26T14:24:20.441+0000] {logging_mixin.py:151} INFO -      ⚠️ Erreur ligne 401: current transaction is aborted, commands ignored until end of transaction block
[2026-01-26T14:24:20.442+0000] {logging_mixin.py:151} INFO -      ⚠️ Erreur ligne 402: current transaction is aborted, commands ignored until end of transaction block
[2026-01-26T14:24:20.444+0000] {logging_mixin.py:151} INFO -      ⚠️ Erreur ligne 403: current transaction is aborted, commands ignored until end of transaction block
[2026-01-26T14:24:20.445+0000] {logging_mixin.py:151} INFO -      ⚠️ Erreur ligne 404: current transaction is aborted, commands ignored until end of transaction block
[2026-01-26T14:24:20.449+0000] {logging_mixin.py:151} INFO -      ⚠️ Erreur ligne 405: current transaction is aborted, commands ignored until end of transaction block
[2026-01-26T14:24:20.453+0000] {logging_mixin.py:151} INFO -      ⚠️ Erreur ligne 406: current transaction is aborted, commands ignored until end of transaction block
[2026-01-26T14:24:20.454+0000] {logging_mixin.py:151} INFO -      ⚠️ Erreur ligne 407: current transaction is aborted, commands ignored until end of transaction block
[2026-01-26T14:24:20.456+0000] {logging_mixin.py:151} INFO -      ⚠️ Erreur ligne 408: current transaction is aborted, commands ignored until end of transaction block
[2026-01-26T14:24:20.457+0000] {logging_mixin.py:151} INFO -      ⚠️ Erreur ligne 409: current transaction is aborted, commands ignored until end of transaction block
[2026-01-26T14:24:20.459+0000] {logging_mixin.py:151} INFO -      ⚠️ Erreur ligne 410: current transaction is aborted, commands ignored until end of transaction block
[2026-01-26T14:24:20.460+0000] {logging_mixin.py:151} INFO -      ⚠️ Erreur ligne 411: current transaction is aborted, commands ignored until end of transaction block
[2026-01-26T14:24:20.462+0000] {logging_mixin.py:151} INFO -      ⚠️ Erreur ligne 412: current transaction is aborted, commands ignored until end of transaction block
[2026-01-26T14:24:20.464+0000] {logging_mixin.py:151} INFO -      ⚠️ Erreur ligne 413: current transaction is aborted, commands ignored until end of transaction block
[2026-01-26T14:24:20.465+0000] {logging_mixin.py:151} INFO -      ⚠️ Erreur ligne 414: current transaction is aborted, commands ignored until end of transaction block
[2026-01-26T14:24:20.467+0000] {logging_mixin.py:151} INFO -      ⚠️ Erreur ligne 415: current transaction is aborted, commands ignored until end of transaction block
[2026-01-26T14:24:20.469+0000] {logging_mixin.py:151} INFO -      ⚠️ Erreur ligne 416: current transaction is aborted, commands ignored until end of transaction block
[2026-01-26T14:24:20.471+0000] {logging_mixin.py:151} INFO -      ⚠️ Erreur ligne 417: current transaction is aborted, commands ignored until end of transaction block
[2026-01-26T14:24:20.473+0000] {logging_mixin.py:151} INFO -      ⚠️ Erreur ligne 418: current transaction is aborted, commands ignored until end of transaction block
[2026-01-26T14:24:20.475+0000] {logging_mixin.py:151} INFO -      ⚠️ Erreur ligne 419: current transaction is aborted, commands ignored until end of transaction block
[2026-01-26T14:24:20.476+0000] {logging_mixin.py:151} INFO -      ⚠️ Erreur ligne 420: current transaction is aborted, commands ignored until end of transaction block
[2026-01-26T14:24:20.478+0000] {logging_mixin.py:151} INFO -      ⚠️ Erreur ligne 421: current transaction is aborted, commands ignored until end of transaction block
[2026-01-26T14:24:20.479+0000] {logging_mixin.py:151} INFO -      ⚠️ Erreur ligne 422: current transaction is aborted, commands ignored until end of transaction block
[2026-01-26T14:24:20.480+0000] {logging_mixin.py:151} INFO -      ⚠️ Erreur ligne 423: current transaction is aborted, commands ignored until end of transaction block
[2026-01-26T14:24:20.482+0000] {logging_mixin.py:151} INFO -      ⚠️ Erreur ligne 424: current transaction is aborted, commands ignored until end of transaction block
[2026-01-26T14:24:20.483+0000] {logging_mixin.py:151} INFO -      ⚠️ Erreur ligne 425: current transaction is aborted, commands ignored until end of transaction block
[2026-01-26T14:24:20.485+0000] {logging_mixin.py:151} INFO -      ⚠️ Erreur ligne 426: current transaction is aborted, commands ignored until end of transaction block
[2026-01-26T14:24:20.486+0000] {logging_mixin.py:151} INFO -      ⚠️ Erreur ligne 427: current transaction is aborted, commands ignored until end of transaction block
[2026-01-26T14:24:20.488+0000] {logging_mixin.py:151} INFO -      ⚠️ Erreur ligne 428: current transaction is aborted, commands ignored until end of transaction block
[2026-01-26T14:24:20.489+0000] {logging_mixin.py:151} INFO -      ⚠️ Erreur ligne 429: current transaction is aborted, commands ignored until end of transaction block
[2026-01-26T14:24:20.490+0000] {logging_mixin.py:151} INFO -      ⚠️ Erreur ligne 430: current transaction is aborted, commands ignored until end of transaction block
[2026-01-26T14:24:20.492+0000] {logging_mixin.py:151} INFO -      ⚠️ Erreur ligne 431: current transaction is aborted, commands ignored until end of transaction block
[2026-01-26T14:24:20.494+0000] {logging_mixin.py:151} INFO -      ⚠️ Erreur ligne 432: current transaction is aborted, commands ignored until end of transaction block
[2026-01-26T14:24:20.496+0000] {logging_mixin.py:151} INFO -      ⚠️ Erreur ligne 433: current transaction is aborted, commands ignored until end of transaction block
[2026-01-26T14:24:20.499+0000] {logging_mixin.py:151} INFO -      ⚠️ Erreur ligne 434: current transaction is aborted, commands ignored until end of transaction block
[2026-01-26T14:24:20.500+0000] {logging_mixin.py:151} INFO -      ⚠️ Erreur ligne 435: current transaction is aborted, commands ignored until end of transaction block
[2026-01-26T14:24:20.501+0000] {logging_mixin.py:151} INFO -      ⚠️ Erreur ligne 436: current transaction is aborted, commands ignored until end of transaction block
[2026-01-26T14:24:20.503+0000] {logging_mixin.py:151} INFO -      ⚠️ Erreur ligne 437: current transaction is aborted, commands ignored until end of transaction block
[2026-01-26T14:24:20.505+0000] {logging_mixin.py:151} INFO -      ⚠️ Erreur ligne 438: current transaction is aborted, commands ignored until end of transaction block
[2026-01-26T14:24:20.506+0000] {logging_mixin.py:151} INFO -      ⚠️ Erreur ligne 439: current transaction is aborted, commands ignored until end of transaction block
[2026-01-26T14:24:20.508+0000] {logging_mixin.py:151} INFO -      ⚠️ Erreur ligne 440: current transaction is aborted, commands ignored until end of transaction block
[2026-01-26T14:24:20.509+0000] {logging_mixin.py:151} INFO -      ⚠️ Erreur ligne 441: current transaction is aborted, commands ignored until end of transaction block
[2026-01-26T14:24:20.510+0000] {logging_mixin.py:151} INFO -      ⚠️ Erreur ligne 442: current transaction is aborted, commands ignored until end of transaction block
[2026-01-26T14:24:20.512+0000] {logging_mixin.py:151} INFO -      ⚠️ Erreur ligne 443: current transaction is aborted, commands ignored until end of transaction block
[2026-01-26T14:24:20.514+0000] {logging_mixin.py:151} INFO -      ⚠️ Erreur ligne 444: current transaction is aborted, commands ignored until end of transaction block
[2026-01-26T14:24:20.515+0000] {logging_mixin.py:151} INFO -      ⚠️ Erreur ligne 445: current transaction is aborted, commands ignored until end of transaction block
[2026-01-26T14:24:20.517+0000] {logging_mixin.py:151} INFO -      ⚠️ Erreur ligne 446: current transaction is aborted, commands ignored until end of transaction block
[2026-01-26T14:24:20.518+0000] {logging_mixin.py:151} INFO -      ⚠️ Erreur ligne 447: current transaction is aborted, commands ignored until end of transaction block
[2026-01-26T14:24:20.520+0000] {logging_mixin.py:151} INFO -      ⚠️ Erreur ligne 448: current transaction is aborted, commands ignored until end of transaction block
[2026-01-26T14:24:20.521+0000] {logging_mixin.py:151} INFO -      ⚠️ Erreur ligne 449: current transaction is aborted, commands ignored until end of transaction block
[2026-01-26T14:24:20.523+0000] {logging_mixin.py:151} INFO -      ⚠️ Erreur ligne 450: current transaction is aborted, commands ignored until end of transaction block
[2026-01-26T14:24:20.524+0000] {logging_mixin.py:151} INFO -      ⚠️ Erreur ligne 451: current transaction is aborted, commands ignored until end of transaction block
[2026-01-26T14:24:20.526+0000] {logging_mixin.py:151} INFO -      ⚠️ Erreur ligne 452: current transaction is aborted, commands ignored until end of transaction block
[2026-01-26T14:24:20.527+0000] {logging_mixin.py:151} INFO -      ⚠️ Erreur ligne 453: current transaction is aborted, commands ignored until end of transaction block
[2026-01-26T14:24:20.528+0000] {logging_mixin.py:151} INFO -      ⚠️ Erreur ligne 454: current transaction is aborted, commands ignored until end of transaction block
[2026-01-26T14:24:20.530+0000] {logging_mixin.py:151} INFO -      ⚠️ Erreur ligne 455: current transaction is aborted, commands ignored until end of transaction block
[2026-01-26T14:24:20.531+0000] {logging_mixin.py:151} INFO -      ⚠️ Erreur ligne 456: current transaction is aborted, commands ignored until end of transaction block
[2026-01-26T14:24:20.532+0000] {logging_mixin.py:151} INFO -      ⚠️ Erreur ligne 457: current transaction is aborted, commands ignored until end of transaction block
[2026-01-26T14:24:20.534+0000] {logging_mixin.py:151} INFO -      ⚠️ Erreur ligne 458: current transaction is aborted, commands ignored until end of transaction block
[2026-01-26T14:24:20.535+0000] {logging_mixin.py:151} INFO -      ⚠️ Erreur ligne 459: current transaction is aborted, commands ignored until end of transaction block
[2026-01-26T14:24:20.537+0000] {logging_mixin.py:151} INFO -      ⚠️ Erreur ligne 460: current transaction is aborted, commands ignored until end of transaction block
[2026-01-26T14:24:20.538+0000] {logging_mixin.py:151} INFO -      ⚠️ Erreur ligne 461: current transaction is aborted, commands ignored until end of transaction block
[2026-01-26T14:24:20.541+0000] {logging_mixin.py:151} INFO -      ⚠️ Erreur ligne 462: current transaction is aborted, commands ignored until end of transaction block
[2026-01-26T14:24:20.543+0000] {logging_mixin.py:151} INFO -      ⚠️ Erreur ligne 463: current transaction is aborted, commands ignored until end of transaction block
[2026-01-26T14:24:20.544+0000] {logging_mixin.py:151} INFO -      ⚠️ Erreur ligne 464: current transaction is aborted, commands ignored until end of transaction block
[2026-01-26T14:24:20.546+0000] {logging_mixin.py:151} INFO -      ⚠️ Erreur ligne 465: current transaction is aborted, commands ignored until end of transaction block
[2026-01-26T14:24:20.547+0000] {logging_mixin.py:151} INFO -      ⚠️ Erreur ligne 466: current transaction is aborted, commands ignored until end of transaction block
[2026-01-26T14:24:20.548+0000] {logging_mixin.py:151} INFO -      ⚠️ Erreur ligne 467: current transaction is aborted, commands ignored until end of transaction block
[2026-01-26T14:24:20.550+0000] {logging_mixin.py:151} INFO -      ⚠️ Erreur ligne 468: current transaction is aborted, commands ignored until end of transaction block
[2026-01-26T14:24:20.551+0000] {logging_mixin.py:151} INFO -      ⚠️ Erreur ligne 469: current transaction is aborted, commands ignored until end of transaction block
[2026-01-26T14:24:20.552+0000] {logging_mixin.py:151} INFO -      ⚠️ Erreur ligne 470: current transaction is aborted, commands ignored until end of transaction block
[2026-01-26T14:24:20.554+0000] {logging_mixin.py:151} INFO -      ⚠️ Erreur ligne 471: current transaction is aborted, commands ignored until end of transaction block
[2026-01-26T14:24:20.555+0000] {logging_mixin.py:151} INFO -      ⚠️ Erreur ligne 472: current transaction is aborted, commands ignored until end of transaction block
[2026-01-26T14:24:20.556+0000] {logging_mixin.py:151} INFO -      ⚠️ Erreur ligne 473: current transaction is aborted, commands ignored until end of transaction block
[2026-01-26T14:24:20.558+0000] {logging_mixin.py:151} INFO -      ⚠️ Erreur ligne 474: current transaction is aborted, commands ignored until end of transaction block
[2026-01-26T14:24:20.560+0000] {logging_mixin.py:151} INFO -      ⚠️ Erreur ligne 475: current transaction is aborted, commands ignored until end of transaction block
[2026-01-26T14:24:20.561+0000] {logging_mixin.py:151} INFO -      ⚠️ Erreur ligne 476: current transaction is aborted, commands ignored until end of transaction block
[2026-01-26T14:24:20.563+0000] {logging_mixin.py:151} INFO -      ⚠️ Erreur ligne 477: current transaction is aborted, commands ignored until end of transaction block
[2026-01-26T14:24:20.564+0000] {logging_mixin.py:151} INFO -      ⚠️ Erreur ligne 478: current transaction is aborted, commands ignored until end of transaction block
[2026-01-26T14:24:20.566+0000] {logging_mixin.py:151} INFO -      ⚠️ Erreur ligne 479: current transaction is aborted, commands ignored until end of transaction block
[2026-01-26T14:24:20.567+0000] {logging_mixin.py:151} INFO -      ⚠️ Erreur ligne 480: current transaction is aborted, commands ignored until end of transaction block
[2026-01-26T14:24:20.568+0000] {logging_mixin.py:151} INFO -      ⚠️ Erreur ligne 481: current transaction is aborted, commands ignored until end of transaction block
[2026-01-26T14:24:20.569+0000] {logging_mixin.py:151} INFO -      ⚠️ Erreur ligne 482: current transaction is aborted, commands ignored until end of transaction block
[2026-01-26T14:24:20.571+0000] {logging_mixin.py:151} INFO -      ⚠️ Erreur ligne 483: current transaction is aborted, commands ignored until end of transaction block
[2026-01-26T14:24:20.572+0000] {logging_mixin.py:151} INFO -      ⚠️ Erreur ligne 484: current transaction is aborted, commands ignored until end of transaction block
[2026-01-26T14:24:20.573+0000] {logging_mixin.py:151} INFO -      ⚠️ Erreur ligne 485: current transaction is aborted, commands ignored until end of transaction block
[2026-01-26T14:24:20.574+0000] {logging_mixin.py:151} INFO -      ⚠️ Erreur ligne 486: current transaction is aborted, commands ignored until end of transaction block
[2026-01-26T14:24:20.576+0000] {logging_mixin.py:151} INFO -      ⚠️ Erreur ligne 487: current transaction is aborted, commands ignored until end of transaction block
[2026-01-26T14:24:20.577+0000] {logging_mixin.py:151} INFO -      ⚠️ Erreur ligne 488: current transaction is aborted, commands ignored until end of transaction block
[2026-01-26T14:24:20.578+0000] {logging_mixin.py:151} INFO -      ⚠️ Erreur ligne 489: current transaction is aborted, commands ignored until end of transaction block
[2026-01-26T14:24:20.580+0000] {logging_mixin.py:151} INFO -      ⚠️ Erreur ligne 490: current transaction is aborted, commands ignored until end of transaction block
[2026-01-26T14:24:20.582+0000] {logging_mixin.py:151} INFO -      ⚠️ Erreur ligne 491: current transaction is aborted, commands ignored until end of transaction block
[2026-01-26T14:24:20.584+0000] {logging_mixin.py:151} INFO -      ⚠️ Erreur ligne 492: current transaction is aborted, commands ignored until end of transaction block
[2026-01-26T14:24:20.585+0000] {logging_mixin.py:151} INFO -      ⚠️ Erreur ligne 493: current transaction is aborted, commands ignored until end of transaction block
[2026-01-26T14:24:20.587+0000] {logging_mixin.py:151} INFO -      ⚠️ Erreur ligne 494: current transaction is aborted, commands ignored until end of transaction block
[2026-01-26T14:24:20.588+0000] {logging_mixin.py:151} INFO -      ⚠️ Erreur ligne 495: current transaction is aborted, commands ignored until end of transaction block
[2026-01-26T14:24:20.590+0000] {logging_mixin.py:151} INFO -      ⚠️ Erreur ligne 496: current transaction is aborted, commands ignored until end of transaction block
[2026-01-26T14:24:20.591+0000] {logging_mixin.py:151} INFO -      ⚠️ Erreur ligne 497: current transaction is aborted, commands ignored until end of transaction block
[2026-01-26T14:24:20.592+0000] {logging_mixin.py:151} INFO -      ⚠️ Erreur ligne 498: current transaction is aborted, commands ignored until end of transaction block
[2026-01-26T14:24:20.594+0000] {logging_mixin.py:151} INFO -      ⚠️ Erreur ligne 499: current transaction is aborted, commands ignored until end of transaction block
[2026-01-26T14:24:20.595+0000] {logging_mixin.py:151} INFO -      ⚠️ Erreur ligne 500: current transaction is aborted, commands ignored until end of transaction block
[2026-01-26T14:24:20.596+0000] {logging_mixin.py:151} INFO -      ⚠️ Erreur ligne 501: current transaction is aborted, commands ignored until end of transaction block
[2026-01-26T14:24:20.598+0000] {logging_mixin.py:151} INFO -      ⚠️ Erreur ligne 502: current transaction is aborted, commands ignored until end of transaction block
[2026-01-26T14:24:20.600+0000] {logging_mixin.py:151} INFO -      ⚠️ Erreur ligne 503: current transaction is aborted, commands ignored until end of transaction block
[2026-01-26T14:24:20.601+0000] {logging_mixin.py:151} INFO -      ⚠️ Erreur ligne 504: current transaction is aborted, commands ignored until end of transaction block
[2026-01-26T14:24:20.603+0000] {logging_mixin.py:151} INFO -      ⚠️ Erreur ligne 505: current transaction is aborted, commands ignored until end of transaction block
[2026-01-26T14:24:20.605+0000] {logging_mixin.py:151} INFO -      ⚠️ Erreur ligne 506: current transaction is aborted, commands ignored until end of transaction block
[2026-01-26T14:24:20.606+0000] {logging_mixin.py:151} INFO -      ⚠️ Erreur ligne 507: current transaction is aborted, commands ignored until end of transaction block
[2026-01-26T14:24:20.608+0000] {logging_mixin.py:151} INFO -      ⚠️ Erreur ligne 508: current transaction is aborted, commands ignored until end of transaction block
[2026-01-26T14:24:20.609+0000] {logging_mixin.py:151} INFO -      ⚠️ Erreur ligne 509: current transaction is aborted, commands ignored until end of transaction block
[2026-01-26T14:24:20.611+0000] {logging_mixin.py:151} INFO -      ⚠️ Erreur ligne 510: current transaction is aborted, commands ignored until end of transaction block
[2026-01-26T14:24:20.612+0000] {logging_mixin.py:151} INFO -      ⚠️ Erreur ligne 511: current transaction is aborted, commands ignored until end of transaction block
[2026-01-26T14:24:20.614+0000] {logging_mixin.py:151} INFO -      ⚠️ Erreur ligne 512: current transaction is aborted, commands ignored until end of transaction block
[2026-01-26T14:24:20.615+0000] {logging_mixin.py:151} INFO -      ⚠️ Erreur ligne 513: current transaction is aborted, commands ignored until end of transaction block
[2026-01-26T14:24:20.618+0000] {logging_mixin.py:151} INFO -      ⚠️ Erreur ligne 514: current transaction is aborted, commands ignored until end of transaction block
[2026-01-26T14:24:20.620+0000] {logging_mixin.py:151} INFO -      ⚠️ Erreur ligne 515: current transaction is aborted, commands ignored until end of transaction block
[2026-01-26T14:24:20.621+0000] {logging_mixin.py:151} INFO -      ⚠️ Erreur ligne 516: current transaction is aborted, commands ignored until end of transaction block
[2026-01-26T14:24:20.623+0000] {logging_mixin.py:151} INFO -      ⚠️ Erreur ligne 517: current transaction is aborted, commands ignored until end of transaction block
[2026-01-26T14:24:20.625+0000] {logging_mixin.py:151} INFO -      ⚠️ Erreur ligne 518: current transaction is aborted, commands ignored until end of transaction block
[2026-01-26T14:24:20.627+0000] {logging_mixin.py:151} INFO -      ⚠️ Erreur ligne 519: current transaction is aborted, commands ignored until end of transaction block
[2026-01-26T14:24:20.629+0000] {logging_mixin.py:151} INFO -      ⚠️ Erreur ligne 520: current transaction is aborted, commands ignored until end of transaction block
[2026-01-26T14:24:20.631+0000] {logging_mixin.py:151} INFO -      ⚠️ Erreur ligne 521: current transaction is aborted, commands ignored until end of transaction block
[2026-01-26T14:24:20.632+0000] {logging_mixin.py:151} INFO -      ⚠️ Erreur ligne 522: current transaction is aborted, commands ignored until end of transaction block
[2026-01-26T14:24:20.634+0000] {logging_mixin.py:151} INFO -      ⚠️ Erreur ligne 523: current transaction is aborted, commands ignored until end of transaction block
[2026-01-26T14:24:20.635+0000] {logging_mixin.py:151} INFO -      ⚠️ Erreur ligne 524: current transaction is aborted, commands ignored until end of transaction block
[2026-01-26T14:24:20.637+0000] {logging_mixin.py:151} INFO -      ⚠️ Erreur ligne 525: current transaction is aborted, commands ignored until end of transaction block
[2026-01-26T14:24:20.638+0000] {logging_mixin.py:151} INFO -      ⚠️ Erreur ligne 526: current transaction is aborted, commands ignored until end of transaction block
[2026-01-26T14:24:20.640+0000] {logging_mixin.py:151} INFO -      ⚠️ Erreur ligne 527: current transaction is aborted, commands ignored until end of transaction block
[2026-01-26T14:24:20.641+0000] {logging_mixin.py:151} INFO -      ⚠️ Erreur ligne 528: current transaction is aborted, commands ignored until end of transaction block
[2026-01-26T14:24:20.644+0000] {logging_mixin.py:151} INFO -      ⚠️ Erreur ligne 529: current transaction is aborted, commands ignored until end of transaction block
[2026-01-26T14:24:20.646+0000] {logging_mixin.py:151} INFO -      ⚠️ Erreur ligne 530: current transaction is aborted, commands ignored until end of transaction block
[2026-01-26T14:24:20.647+0000] {logging_mixin.py:151} INFO -      ⚠️ Erreur ligne 531: current transaction is aborted, commands ignored until end of transaction block
[2026-01-26T14:24:20.649+0000] {logging_mixin.py:151} INFO -      ⚠️ Erreur ligne 532: current transaction is aborted, commands ignored until end of transaction block
[2026-01-26T14:24:20.650+0000] {logging_mixin.py:151} INFO -      ⚠️ Erreur ligne 533: current transaction is aborted, commands ignored until end of transaction block
[2026-01-26T14:24:20.652+0000] {logging_mixin.py:151} INFO -      ⚠️ Erreur ligne 534: current transaction is aborted, commands ignored until end of transaction block
[2026-01-26T14:24:20.653+0000] {logging_mixin.py:151} INFO -      ⚠️ Erreur ligne 535: current transaction is aborted, commands ignored until end of transaction block
[2026-01-26T14:24:20.654+0000] {logging_mixin.py:151} INFO -      ⚠️ Erreur ligne 536: current transaction is aborted, commands ignored until end of transaction block
[2026-01-26T14:24:20.656+0000] {logging_mixin.py:151} INFO -      ⚠️ Erreur ligne 537: current transaction is aborted, commands ignored until end of transaction block
[2026-01-26T14:24:20.658+0000] {logging_mixin.py:151} INFO -      ⚠️ Erreur ligne 538: current transaction is aborted, commands ignored until end of transaction block
[2026-01-26T14:24:20.660+0000] {logging_mixin.py:151} INFO -      ⚠️ Erreur ligne 539: current transaction is aborted, commands ignored until end of transaction block
[2026-01-26T14:24:20.662+0000] {logging_mixin.py:151} INFO -      ⚠️ Erreur ligne 540: current transaction is aborted, commands ignored until end of transaction block
[2026-01-26T14:24:20.663+0000] {logging_mixin.py:151} INFO -      ⚠️ Erreur ligne 541: current transaction is aborted, commands ignored until end of transaction block
[2026-01-26T14:24:20.665+0000] {logging_mixin.py:151} INFO -      ⚠️ Erreur ligne 542: current transaction is aborted, commands ignored until end of transaction block
[2026-01-26T14:24:20.666+0000] {logging_mixin.py:151} INFO -      ⚠️ Erreur ligne 543: current transaction is aborted, commands ignored until end of transaction block
[2026-01-26T14:24:20.668+0000] {logging_mixin.py:151} INFO -      ⚠️ Erreur ligne 544: current transaction is aborted, commands ignored until end of transaction block
[2026-01-26T14:24:20.673+0000] {logging_mixin.py:151} INFO -      ⚠️ Erreur ligne 545: current transaction is aborted, commands ignored until end of transaction block
[2026-01-26T14:24:20.677+0000] {logging_mixin.py:151} INFO -      ⚠️ Erreur ligne 546: current transaction is aborted, commands ignored until end of transaction block
[2026-01-26T14:24:20.678+0000] {logging_mixin.py:151} INFO -      ⚠️ Erreur ligne 547: current transaction is aborted, commands ignored until end of transaction block
[2026-01-26T14:24:20.683+0000] {logging_mixin.py:151} INFO -      ⚠️ Erreur ligne 548: current transaction is aborted, commands ignored until end of transaction block
[2026-01-26T14:24:20.685+0000] {logging_mixin.py:151} INFO -      ⚠️ Erreur ligne 549: current transaction is aborted, commands ignored until end of transaction block
[2026-01-26T14:24:20.686+0000] {logging_mixin.py:151} INFO -      ⚠️ Erreur ligne 550: current transaction is aborted, commands ignored until end of transaction block
[2026-01-26T14:24:20.688+0000] {logging_mixin.py:151} INFO -      ⚠️ Erreur ligne 551: current transaction is aborted, commands ignored until end of transaction block
[2026-01-26T14:24:20.689+0000] {logging_mixin.py:151} INFO -      ⚠️ Erreur ligne 552: current transaction is aborted, commands ignored until end of transaction block
[2026-01-26T14:24:20.690+0000] {logging_mixin.py:151} INFO -      ⚠️ Erreur ligne 553: current transaction is aborted, commands ignored until end of transaction block
[2026-01-26T14:24:20.692+0000] {logging_mixin.py:151} INFO -      ⚠️ Erreur ligne 554: current transaction is aborted, commands ignored until end of transaction block
[2026-01-26T14:24:20.693+0000] {logging_mixin.py:151} INFO -      ⚠️ Erreur ligne 555: current transaction is aborted, commands ignored until end of transaction block
[2026-01-26T14:24:20.695+0000] {logging_mixin.py:151} INFO -      ⚠️ Erreur ligne 556: current transaction is aborted, commands ignored until end of transaction block
[2026-01-26T14:24:20.696+0000] {logging_mixin.py:151} INFO -      ⚠️ Erreur ligne 557: current transaction is aborted, commands ignored until end of transaction block
[2026-01-26T14:24:20.698+0000] {logging_mixin.py:151} INFO -      ⚠️ Erreur ligne 558: current transaction is aborted, commands ignored until end of transaction block
[2026-01-26T14:24:20.699+0000] {logging_mixin.py:151} INFO -      ⚠️ Erreur ligne 559: current transaction is aborted, commands ignored until end of transaction block
[2026-01-26T14:24:20.701+0000] {logging_mixin.py:151} INFO -      ⚠️ Erreur ligne 560: current transaction is aborted, commands ignored until end of transaction block
[2026-01-26T14:24:20.706+0000] {logging_mixin.py:151} INFO -      ⚠️ Erreur ligne 561: current transaction is aborted, commands ignored until end of transaction block
[2026-01-26T14:24:20.708+0000] {logging_mixin.py:151} INFO -      ⚠️ Erreur ligne 562: current transaction is aborted, commands ignored until end of transaction block
[2026-01-26T14:24:20.709+0000] {logging_mixin.py:151} INFO -      ⚠️ Erreur ligne 563: current transaction is aborted, commands ignored until end of transaction block
[2026-01-26T14:24:20.710+0000] {logging_mixin.py:151} INFO -      ⚠️ Erreur ligne 564: current transaction is aborted, commands ignored until end of transaction block
[2026-01-26T14:24:20.712+0000] {logging_mixin.py:151} INFO -      ⚠️ Erreur ligne 565: current transaction is aborted, commands ignored until end of transaction block
[2026-01-26T14:24:20.714+0000] {logging_mixin.py:151} INFO -      ⚠️ Erreur ligne 566: current transaction is aborted, commands ignored until end of transaction block
[2026-01-26T14:24:20.715+0000] {logging_mixin.py:151} INFO -      ⚠️ Erreur ligne 567: current transaction is aborted, commands ignored until end of transaction block
[2026-01-26T14:24:20.716+0000] {logging_mixin.py:151} INFO -      ⚠️ Erreur ligne 568: current transaction is aborted, commands ignored until end of transaction block
[2026-01-26T14:24:20.718+0000] {logging_mixin.py:151} INFO -      ⚠️ Erreur ligne 569: current transaction is aborted, commands ignored until end of transaction block
[2026-01-26T14:24:20.720+0000] {logging_mixin.py:151} INFO -      ⚠️ Erreur ligne 570: current transaction is aborted, commands ignored until end of transaction block
[2026-01-26T14:24:20.722+0000] {logging_mixin.py:151} INFO -      ⚠️ Erreur ligne 571: current transaction is aborted, commands ignored until end of transaction block
[2026-01-26T14:24:20.723+0000] {logging_mixin.py:151} INFO -      ⚠️ Erreur ligne 572: current transaction is aborted, commands ignored until end of transaction block
[2026-01-26T14:24:20.725+0000] {logging_mixin.py:151} INFO -      ⚠️ Erreur ligne 573: current transaction is aborted, commands ignored until end of transaction block
[2026-01-26T14:24:20.727+0000] {logging_mixin.py:151} INFO -      ⚠️ Erreur ligne 574: current transaction is aborted, commands ignored until end of transaction block
[2026-01-26T14:24:20.728+0000] {logging_mixin.py:151} INFO -      ⚠️ Erreur ligne 575: current transaction is aborted, commands ignored until end of transaction block
[2026-01-26T14:24:20.730+0000] {logging_mixin.py:151} INFO -      ⚠️ Erreur ligne 576: current transaction is aborted, commands ignored until end of transaction block
[2026-01-26T14:24:20.731+0000] {logging_mixin.py:151} INFO -      ⚠️ Erreur ligne 577: current transaction is aborted, commands ignored until end of transaction block
[2026-01-26T14:24:20.733+0000] {logging_mixin.py:151} INFO -      ⚠️ Erreur ligne 578: current transaction is aborted, commands ignored until end of transaction block
[2026-01-26T14:24:20.734+0000] {logging_mixin.py:151} INFO -      ⚠️ Erreur ligne 579: current transaction is aborted, commands ignored until end of transaction block
[2026-01-26T14:24:20.736+0000] {logging_mixin.py:151} INFO -      ⚠️ Erreur ligne 580: current transaction is aborted, commands ignored until end of transaction block
[2026-01-26T14:24:20.737+0000] {logging_mixin.py:151} INFO -      ⚠️ Erreur ligne 581: current transaction is aborted, commands ignored until end of transaction block
[2026-01-26T14:24:20.739+0000] {logging_mixin.py:151} INFO -      ⚠️ Erreur ligne 582: current transaction is aborted, commands ignored until end of transaction block
[2026-01-26T14:24:20.741+0000] {logging_mixin.py:151} INFO -      ⚠️ Erreur ligne 583: current transaction is aborted, commands ignored until end of transaction block
[2026-01-26T14:24:20.742+0000] {logging_mixin.py:151} INFO -      ⚠️ Erreur ligne 584: current transaction is aborted, commands ignored until end of transaction block
[2026-01-26T14:24:20.744+0000] {logging_mixin.py:151} INFO -      ⚠️ Erreur ligne 585: current transaction is aborted, commands ignored until end of transaction block
[2026-01-26T14:24:20.745+0000] {logging_mixin.py:151} INFO -      ⚠️ Erreur ligne 586: current transaction is aborted, commands ignored until end of transaction block
[2026-01-26T14:24:20.747+0000] {logging_mixin.py:151} INFO -      ⚠️ Erreur ligne 587: current transaction is aborted, commands ignored until end of transaction block
[2026-01-26T14:24:20.749+0000] {logging_mixin.py:151} INFO -      ⚠️ Erreur ligne 588: current transaction is aborted, commands ignored until end of transaction block
[2026-01-26T14:24:20.751+0000] {logging_mixin.py:151} INFO -      ⚠️ Erreur ligne 589: current transaction is aborted, commands ignored until end of transaction block
[2026-01-26T14:24:20.752+0000] {logging_mixin.py:151} INFO -      ⚠️ Erreur ligne 590: current transaction is aborted, commands ignored until end of transaction block
[2026-01-26T14:24:20.754+0000] {logging_mixin.py:151} INFO -      ⚠️ Erreur ligne 591: current transaction is aborted, commands ignored until end of transaction block
[2026-01-26T14:24:20.756+0000] {logging_mixin.py:151} INFO -      ⚠️ Erreur ligne 592: current transaction is aborted, commands ignored until end of transaction block
[2026-01-26T14:24:20.758+0000] {logging_mixin.py:151} INFO -      ⚠️ Erreur ligne 593: current transaction is aborted, commands ignored until end of transaction block
[2026-01-26T14:24:20.760+0000] {logging_mixin.py:151} INFO -      ⚠️ Erreur ligne 594: current transaction is aborted, commands ignored until end of transaction block
[2026-01-26T14:24:20.762+0000] {logging_mixin.py:151} INFO -      ⚠️ Erreur ligne 595: current transaction is aborted, commands ignored until end of transaction block
[2026-01-26T14:24:20.764+0000] {logging_mixin.py:151} INFO -      ⚠️ Erreur ligne 596: current transaction is aborted, commands ignored until end of transaction block
[2026-01-26T14:24:20.766+0000] {logging_mixin.py:151} INFO -      ⚠️ Erreur ligne 597: current transaction is aborted, commands ignored until end of transaction block
[2026-01-26T14:24:20.768+0000] {logging_mixin.py:151} INFO -      ⚠️ Erreur ligne 598: current transaction is aborted, commands ignored until end of transaction block
[2026-01-26T14:24:20.769+0000] {logging_mixin.py:151} INFO -      ⚠️ Erreur ligne 599: current transaction is aborted, commands ignored until end of transaction block
[2026-01-26T14:24:20.771+0000] {logging_mixin.py:151} INFO -      ⚠️ Erreur ligne 600: current transaction is aborted, commands ignored until end of transaction block
[2026-01-26T14:24:20.772+0000] {logging_mixin.py:151} INFO -      ⚠️ Erreur ligne 601: current transaction is aborted, commands ignored until end of transaction block
[2026-01-26T14:24:20.775+0000] {logging_mixin.py:151} INFO -      ⚠️ Erreur ligne 602: current transaction is aborted, commands ignored until end of transaction block
[2026-01-26T14:24:20.777+0000] {logging_mixin.py:151} INFO -      ⚠️ Erreur ligne 603: current transaction is aborted, commands ignored until end of transaction block
[2026-01-26T14:24:20.779+0000] {logging_mixin.py:151} INFO -      ⚠️ Erreur ligne 604: current transaction is aborted, commands ignored until end of transaction block
[2026-01-26T14:24:20.781+0000] {logging_mixin.py:151} INFO -      ⚠️ Erreur ligne 605: current transaction is aborted, commands ignored until end of transaction block
[2026-01-26T14:24:20.783+0000] {logging_mixin.py:151} INFO -      ⚠️ Erreur ligne 606: current transaction is aborted, commands ignored until end of transaction block
[2026-01-26T14:24:20.785+0000] {logging_mixin.py:151} INFO -      ⚠️ Erreur ligne 607: current transaction is aborted, commands ignored until end of transaction block
[2026-01-26T14:24:20.787+0000] {logging_mixin.py:151} INFO -      ⚠️ Erreur ligne 608: current transaction is aborted, commands ignored until end of transaction block
[2026-01-26T14:24:20.788+0000] {logging_mixin.py:151} INFO -      ⚠️ Erreur ligne 609: current transaction is aborted, commands ignored until end of transaction block
[2026-01-26T14:24:20.790+0000] {logging_mixin.py:151} INFO -      ⚠️ Erreur ligne 610: current transaction is aborted, commands ignored until end of transaction block
[2026-01-26T14:24:20.791+0000] {logging_mixin.py:151} INFO -      ⚠️ Erreur ligne 611: current transaction is aborted, commands ignored until end of transaction block
[2026-01-26T14:24:20.793+0000] {logging_mixin.py:151} INFO -      ⚠️ Erreur ligne 612: current transaction is aborted, commands ignored until end of transaction block
[2026-01-26T14:24:20.795+0000] {logging_mixin.py:151} INFO -      ⚠️ Erreur ligne 613: current transaction is aborted, commands ignored until end of transaction block
[2026-01-26T14:24:20.798+0000] {logging_mixin.py:151} INFO -      ⚠️ Erreur ligne 614: current transaction is aborted, commands ignored until end of transaction block
[2026-01-26T14:24:20.800+0000] {logging_mixin.py:151} INFO -      ⚠️ Erreur ligne 615: current transaction is aborted, commands ignored until end of transaction block
[2026-01-26T14:24:20.802+0000] {logging_mixin.py:151} INFO -      ⚠️ Erreur ligne 616: current transaction is aborted, commands ignored until end of transaction block
[2026-01-26T14:24:20.803+0000] {logging_mixin.py:151} INFO -      ⚠️ Erreur ligne 617: current transaction is aborted, commands ignored until end of transaction block
[2026-01-26T14:24:20.805+0000] {logging_mixin.py:151} INFO -      ⚠️ Erreur ligne 618: current transaction is aborted, commands ignored until end of transaction block
[2026-01-26T14:24:20.807+0000] {logging_mixin.py:151} INFO -      ⚠️ Erreur ligne 619: current transaction is aborted, commands ignored until end of transaction block
[2026-01-26T14:24:20.808+0000] {logging_mixin.py:151} INFO -      ⚠️ Erreur ligne 620: current transaction is aborted, commands ignored until end of transaction block
[2026-01-26T14:24:20.810+0000] {logging_mixin.py:151} INFO -      ⚠️ Erreur ligne 621: current transaction is aborted, commands ignored until end of transaction block
[2026-01-26T14:24:20.811+0000] {logging_mixin.py:151} INFO -      ⚠️ Erreur ligne 622: current transaction is aborted, commands ignored until end of transaction block
[2026-01-26T14:24:20.812+0000] {logging_mixin.py:151} INFO -      ⚠️ Erreur ligne 623: current transaction is aborted, commands ignored until end of transaction block
[2026-01-26T14:24:20.814+0000] {logging_mixin.py:151} INFO -      ⚠️ Erreur ligne 624: current transaction is aborted, commands ignored until end of transaction block
[2026-01-26T14:24:20.815+0000] {logging_mixin.py:151} INFO -      ⚠️ Erreur ligne 625: current transaction is aborted, commands ignored until end of transaction block
[2026-01-26T14:24:20.816+0000] {logging_mixin.py:151} INFO -      ⚠️ Erreur ligne 626: current transaction is aborted, commands ignored until end of transaction block
[2026-01-26T14:24:20.817+0000] {logging_mixin.py:151} INFO -      ⚠️ Erreur ligne 627: current transaction is aborted, commands ignored until end of transaction block
[2026-01-26T14:24:20.819+0000] {logging_mixin.py:151} INFO -      ⚠️ Erreur ligne 628: current transaction is aborted, commands ignored until end of transaction block
[2026-01-26T14:24:20.821+0000] {logging_mixin.py:151} INFO -      ⚠️ Erreur ligne 629: current transaction is aborted, commands ignored until end of transaction block
[2026-01-26T14:24:20.823+0000] {logging_mixin.py:151} INFO -      ⚠️ Erreur ligne 630: current transaction is aborted, commands ignored until end of transaction block
[2026-01-26T14:24:20.824+0000] {logging_mixin.py:151} INFO -      ⚠️ Erreur ligne 631: current transaction is aborted, commands ignored until end of transaction block
[2026-01-26T14:24:20.826+0000] {logging_mixin.py:151} INFO -      ⚠️ Erreur ligne 632: current transaction is aborted, commands ignored until end of transaction block
[2026-01-26T14:24:20.827+0000] {logging_mixin.py:151} INFO -      ⚠️ Erreur ligne 633: current transaction is aborted, commands ignored until end of transaction block
[2026-01-26T14:24:20.828+0000] {logging_mixin.py:151} INFO -      ⚠️ Erreur ligne 634: current transaction is aborted, commands ignored until end of transaction block
[2026-01-26T14:24:20.830+0000] {logging_mixin.py:151} INFO -      ⚠️ Erreur ligne 635: current transaction is aborted, commands ignored until end of transaction block
[2026-01-26T14:24:20.831+0000] {logging_mixin.py:151} INFO -      ⚠️ Erreur ligne 636: current transaction is aborted, commands ignored until end of transaction block
[2026-01-26T14:24:20.832+0000] {logging_mixin.py:151} INFO -      ⚠️ Erreur ligne 637: current transaction is aborted, commands ignored until end of transaction block
[2026-01-26T14:24:20.834+0000] {logging_mixin.py:151} INFO -      ⚠️ Erreur ligne 638: current transaction is aborted, commands ignored until end of transaction block
[2026-01-26T14:24:20.835+0000] {logging_mixin.py:151} INFO -      ⚠️ Erreur ligne 639: current transaction is aborted, commands ignored until end of transaction block
[2026-01-26T14:24:20.841+0000] {logging_mixin.py:151} INFO -      ⚠️ Erreur ligne 640: current transaction is aborted, commands ignored until end of transaction block
[2026-01-26T14:24:20.843+0000] {logging_mixin.py:151} INFO -      ⚠️ Erreur ligne 641: current transaction is aborted, commands ignored until end of transaction block
[2026-01-26T14:24:20.845+0000] {logging_mixin.py:151} INFO -      ⚠️ Erreur ligne 642: current transaction is aborted, commands ignored until end of transaction block
[2026-01-26T14:24:20.847+0000] {logging_mixin.py:151} INFO -      ⚠️ Erreur ligne 643: current transaction is aborted, commands ignored until end of transaction block
[2026-01-26T14:24:20.848+0000] {logging_mixin.py:151} INFO -      ⚠️ Erreur ligne 644: current transaction is aborted, commands ignored until end of transaction block
[2026-01-26T14:24:20.850+0000] {logging_mixin.py:151} INFO -      ⚠️ Erreur ligne 645: current transaction is aborted, commands ignored until end of transaction block
[2026-01-26T14:24:20.851+0000] {logging_mixin.py:151} INFO -      ⚠️ Erreur ligne 646: current transaction is aborted, commands ignored until end of transaction block
[2026-01-26T14:24:20.852+0000] {logging_mixin.py:151} INFO -      ⚠️ Erreur ligne 647: current transaction is aborted, commands ignored until end of transaction block
[2026-01-26T14:24:20.854+0000] {logging_mixin.py:151} INFO -      ⚠️ Erreur ligne 648: current transaction is aborted, commands ignored until end of transaction block
[2026-01-26T14:24:20.855+0000] {logging_mixin.py:151} INFO -      ⚠️ Erreur ligne 649: current transaction is aborted, commands ignored until end of transaction block
[2026-01-26T14:24:20.856+0000] {logging_mixin.py:151} INFO -      ⚠️ Erreur ligne 650: current transaction is aborted, commands ignored until end of transaction block
[2026-01-26T14:24:20.857+0000] {logging_mixin.py:151} INFO -      ⚠️ Erreur ligne 651: current transaction is aborted, commands ignored until end of transaction block
[2026-01-26T14:24:20.860+0000] {logging_mixin.py:151} INFO -      ⚠️ Erreur ligne 652: current transaction is aborted, commands ignored until end of transaction block
[2026-01-26T14:24:20.862+0000] {logging_mixin.py:151} INFO -      ⚠️ Erreur ligne 653: current transaction is aborted, commands ignored until end of transaction block
[2026-01-26T14:24:20.864+0000] {logging_mixin.py:151} INFO -      ⚠️ Erreur ligne 654: current transaction is aborted, commands ignored until end of transaction block
[2026-01-26T14:24:20.865+0000] {logging_mixin.py:151} INFO -      ⚠️ Erreur ligne 655: current transaction is aborted, commands ignored until end of transaction block
[2026-01-26T14:24:20.867+0000] {logging_mixin.py:151} INFO -      ⚠️ Erreur ligne 656: current transaction is aborted, commands ignored until end of transaction block
[2026-01-26T14:24:20.868+0000] {logging_mixin.py:151} INFO -      ⚠️ Erreur ligne 657: current transaction is aborted, commands ignored until end of transaction block
[2026-01-26T14:24:20.869+0000] {logging_mixin.py:151} INFO -      ⚠️ Erreur ligne 658: current transaction is aborted, commands ignored until end of transaction block
[2026-01-26T14:24:20.871+0000] {logging_mixin.py:151} INFO -      ⚠️ Erreur ligne 659: current transaction is aborted, commands ignored until end of transaction block
[2026-01-26T14:24:20.872+0000] {logging_mixin.py:151} INFO -      ⚠️ Erreur ligne 660: current transaction is aborted, commands ignored until end of transaction block
[2026-01-26T14:24:20.873+0000] {logging_mixin.py:151} INFO -      ⚠️ Erreur ligne 661: current transaction is aborted, commands ignored until end of transaction block
[2026-01-26T14:24:20.875+0000] {logging_mixin.py:151} INFO -      ⚠️ Erreur ligne 662: current transaction is aborted, commands ignored until end of transaction block
[2026-01-26T14:24:20.877+0000] {logging_mixin.py:151} INFO -      ⚠️ Erreur ligne 663: current transaction is aborted, commands ignored until end of transaction block
[2026-01-26T14:24:20.878+0000] {logging_mixin.py:151} INFO -      ⚠️ Erreur ligne 664: current transaction is aborted, commands ignored until end of transaction block
[2026-01-26T14:24:20.880+0000] {logging_mixin.py:151} INFO -      ⚠️ Erreur ligne 665: current transaction is aborted, commands ignored until end of transaction block
[2026-01-26T14:24:20.882+0000] {logging_mixin.py:151} INFO -      ⚠️ Erreur ligne 666: current transaction is aborted, commands ignored until end of transaction block
[2026-01-26T14:24:20.883+0000] {logging_mixin.py:151} INFO -      ⚠️ Erreur ligne 667: current transaction is aborted, commands ignored until end of transaction block
[2026-01-26T14:24:20.884+0000] {logging_mixin.py:151} INFO -      ⚠️ Erreur ligne 668: current transaction is aborted, commands ignored until end of transaction block
[2026-01-26T14:24:20.885+0000] {logging_mixin.py:151} INFO -      ⚠️ Erreur ligne 669: current transaction is aborted, commands ignored until end of transaction block
[2026-01-26T14:24:20.887+0000] {logging_mixin.py:151} INFO -      ⚠️ Erreur ligne 670: current transaction is aborted, commands ignored until end of transaction block
[2026-01-26T14:24:20.888+0000] {logging_mixin.py:151} INFO -      ⚠️ Erreur ligne 671: current transaction is aborted, commands ignored until end of transaction block
[2026-01-26T14:24:20.889+0000] {logging_mixin.py:151} INFO -      ⚠️ Erreur ligne 672: current transaction is aborted, commands ignored until end of transaction block
[2026-01-26T14:24:20.891+0000] {logging_mixin.py:151} INFO -      ⚠️ Erreur ligne 673: current transaction is aborted, commands ignored until end of transaction block
[2026-01-26T14:24:20.892+0000] {logging_mixin.py:151} INFO -      ⚠️ Erreur ligne 674: current transaction is aborted, commands ignored until end of transaction block
[2026-01-26T14:24:20.895+0000] {logging_mixin.py:151} INFO -      ⚠️ Erreur ligne 675: current transaction is aborted, commands ignored until end of transaction block
[2026-01-26T14:24:20.897+0000] {logging_mixin.py:151} INFO -      ⚠️ Erreur ligne 676: current transaction is aborted, commands ignored until end of transaction block
[2026-01-26T14:24:20.898+0000] {logging_mixin.py:151} INFO -      ⚠️ Erreur ligne 677: current transaction is aborted, commands ignored until end of transaction block
[2026-01-26T14:24:20.900+0000] {logging_mixin.py:151} INFO -      ⚠️ Erreur ligne 678: current transaction is aborted, commands ignored until end of transaction block
[2026-01-26T14:24:20.901+0000] {logging_mixin.py:151} INFO -      ⚠️ Erreur ligne 679: current transaction is aborted, commands ignored until end of transaction block
[2026-01-26T14:24:20.902+0000] {logging_mixin.py:151} INFO -      ⚠️ Erreur ligne 680: current transaction is aborted, commands ignored until end of transaction block
[2026-01-26T14:24:20.904+0000] {logging_mixin.py:151} INFO -      ⚠️ Erreur ligne 681: current transaction is aborted, commands ignored until end of transaction block
[2026-01-26T14:24:20.907+0000] {logging_mixin.py:151} INFO -      ⚠️ Erreur ligne 682: current transaction is aborted, commands ignored until end of transaction block
[2026-01-26T14:24:20.908+0000] {logging_mixin.py:151} INFO -      ⚠️ Erreur ligne 683: current transaction is aborted, commands ignored until end of transaction block
[2026-01-26T14:24:20.910+0000] {logging_mixin.py:151} INFO -      ⚠️ Erreur ligne 684: current transaction is aborted, commands ignored until end of transaction block
[2026-01-26T14:24:20.912+0000] {logging_mixin.py:151} INFO -      ⚠️ Erreur ligne 685: current transaction is aborted, commands ignored until end of transaction block
[2026-01-26T14:24:20.913+0000] {logging_mixin.py:151} INFO -      ⚠️ Erreur ligne 686: current transaction is aborted, commands ignored until end of transaction block
[2026-01-26T14:24:20.916+0000] {logging_mixin.py:151} INFO -      ⚠️ Erreur ligne 687: current transaction is aborted, commands ignored until end of transaction block
[2026-01-26T14:24:20.917+0000] {logging_mixin.py:151} INFO -      ⚠️ Erreur ligne 688: current transaction is aborted, commands ignored until end of transaction block
[2026-01-26T14:24:20.919+0000] {logging_mixin.py:151} INFO -      ⚠️ Erreur ligne 689: current transaction is aborted, commands ignored until end of transaction block
[2026-01-26T14:24:20.921+0000] {logging_mixin.py:151} INFO -      ⚠️ Erreur ligne 690: current transaction is aborted, commands ignored until end of transaction block
[2026-01-26T14:24:20.923+0000] {logging_mixin.py:151} INFO -      ⚠️ Erreur ligne 691: current transaction is aborted, commands ignored until end of transaction block
[2026-01-26T14:24:20.924+0000] {logging_mixin.py:151} INFO -      ⚠️ Erreur ligne 692: current transaction is aborted, commands ignored until end of transaction block
[2026-01-26T14:24:20.926+0000] {logging_mixin.py:151} INFO -      ⚠️ Erreur ligne 693: current transaction is aborted, commands ignored until end of transaction block
[2026-01-26T14:24:20.928+0000] {logging_mixin.py:151} INFO -      ⚠️ Erreur ligne 694: current transaction is aborted, commands ignored until end of transaction block
[2026-01-26T14:24:20.930+0000] {logging_mixin.py:151} INFO -      ⚠️ Erreur ligne 695: current transaction is aborted, commands ignored until end of transaction block
[2026-01-26T14:24:20.934+0000] {logging_mixin.py:151} INFO -      ⚠️ Erreur ligne 696: current transaction is aborted, commands ignored until end of transaction block
[2026-01-26T14:24:20.936+0000] {logging_mixin.py:151} INFO -      ⚠️ Erreur ligne 697: current transaction is aborted, commands ignored until end of transaction block
[2026-01-26T14:24:20.937+0000] {logging_mixin.py:151} INFO -      ⚠️ Erreur ligne 698: current transaction is aborted, commands ignored until end of transaction block
[2026-01-26T14:24:20.939+0000] {logging_mixin.py:151} INFO -      ⚠️ Erreur ligne 699: current transaction is aborted, commands ignored until end of transaction block
[2026-01-26T14:24:20.940+0000] {logging_mixin.py:151} INFO -      ⚠️ Erreur ligne 700: current transaction is aborted, commands ignored until end of transaction block
[2026-01-26T14:24:20.942+0000] {logging_mixin.py:151} INFO -      ⚠️ Erreur ligne 701: current transaction is aborted, commands ignored until end of transaction block
[2026-01-26T14:24:20.943+0000] {logging_mixin.py:151} INFO -      ⚠️ Erreur ligne 702: current transaction is aborted, commands ignored until end of transaction block
[2026-01-26T14:24:20.944+0000] {logging_mixin.py:151} INFO -      ⚠️ Erreur ligne 703: current transaction is aborted, commands ignored until end of transaction block
[2026-01-26T14:24:20.946+0000] {logging_mixin.py:151} INFO -      ⚠️ Erreur ligne 704: current transaction is aborted, commands ignored until end of transaction block
[2026-01-26T14:24:20.948+0000] {logging_mixin.py:151} INFO -      ⚠️ Erreur ligne 705: current transaction is aborted, commands ignored until end of transaction block
[2026-01-26T14:24:20.950+0000] {logging_mixin.py:151} INFO -      ⚠️ Erreur ligne 706: current transaction is aborted, commands ignored until end of transaction block
[2026-01-26T14:24:20.953+0000] {logging_mixin.py:151} INFO -      ⚠️ Erreur ligne 707: current transaction is aborted, commands ignored until end of transaction block
[2026-01-26T14:24:20.955+0000] {logging_mixin.py:151} INFO -      ⚠️ Erreur ligne 708: current transaction is aborted, commands ignored until end of transaction block
[2026-01-26T14:24:20.957+0000] {logging_mixin.py:151} INFO -      ⚠️ Erreur ligne 709: current transaction is aborted, commands ignored until end of transaction block
[2026-01-26T14:24:20.958+0000] {logging_mixin.py:151} INFO -      ⚠️ Erreur ligne 710: current transaction is aborted, commands ignored until end of transaction block
[2026-01-26T14:24:20.959+0000] {logging_mixin.py:151} INFO -      ⚠️ Erreur ligne 711: current transaction is aborted, commands ignored until end of transaction block
[2026-01-26T14:24:20.960+0000] {logging_mixin.py:151} INFO -      ⚠️ Erreur ligne 712: current transaction is aborted, commands ignored until end of transaction block
[2026-01-26T14:24:20.962+0000] {logging_mixin.py:151} INFO -      ⚠️ Erreur ligne 713: current transaction is aborted, commands ignored until end of transaction block
[2026-01-26T14:24:20.963+0000] {logging_mixin.py:151} INFO -      ⚠️ Erreur ligne 714: current transaction is aborted, commands ignored until end of transaction block
[2026-01-26T14:24:20.964+0000] {logging_mixin.py:151} INFO -      ⚠️ Erreur ligne 715: current transaction is aborted, commands ignored until end of transaction block
[2026-01-26T14:24:20.965+0000] {logging_mixin.py:151} INFO -      ⚠️ Erreur ligne 716: current transaction is aborted, commands ignored until end of transaction block
[2026-01-26T14:24:20.967+0000] {logging_mixin.py:151} INFO -      ⚠️ Erreur ligne 717: current transaction is aborted, commands ignored until end of transaction block
[2026-01-26T14:24:20.968+0000] {logging_mixin.py:151} INFO -      ⚠️ Erreur ligne 718: current transaction is aborted, commands ignored until end of transaction block
[2026-01-26T14:24:20.969+0000] {logging_mixin.py:151} INFO -      ⚠️ Erreur ligne 719: current transaction is aborted, commands ignored until end of transaction block
[2026-01-26T14:24:20.971+0000] {logging_mixin.py:151} INFO -      ⚠️ Erreur ligne 720: current transaction is aborted, commands ignored until end of transaction block
[2026-01-26T14:24:20.973+0000] {logging_mixin.py:151} INFO -      ⚠️ Erreur ligne 721: current transaction is aborted, commands ignored until end of transaction block
[2026-01-26T14:24:20.975+0000] {logging_mixin.py:151} INFO -      ⚠️ Erreur ligne 722: current transaction is aborted, commands ignored until end of transaction block
[2026-01-26T14:24:20.976+0000] {logging_mixin.py:151} INFO -      ⚠️ Erreur ligne 723: current transaction is aborted, commands ignored until end of transaction block
[2026-01-26T14:24:20.977+0000] {logging_mixin.py:151} INFO -      ⚠️ Erreur ligne 724: current transaction is aborted, commands ignored until end of transaction block
[2026-01-26T14:24:20.978+0000] {logging_mixin.py:151} INFO -      ⚠️ Erreur ligne 725: current transaction is aborted, commands ignored until end of transaction block
[2026-01-26T14:24:20.979+0000] {logging_mixin.py:151} INFO -      ⚠️ Erreur ligne 726: current transaction is aborted, commands ignored until end of transaction block
[2026-01-26T14:24:20.981+0000] {logging_mixin.py:151} INFO -      ⚠️ Erreur ligne 727: current transaction is aborted, commands ignored until end of transaction block
[2026-01-26T14:24:20.982+0000] {logging_mixin.py:151} INFO -      ⚠️ Erreur ligne 728: current transaction is aborted, commands ignored until end of transaction block
[2026-01-26T14:24:20.983+0000] {logging_mixin.py:151} INFO -      ⚠️ Erreur ligne 729: current transaction is aborted, commands ignored until end of transaction block
[2026-01-26T14:24:20.984+0000] {logging_mixin.py:151} INFO -      ⚠️ Erreur ligne 730: current transaction is aborted, commands ignored until end of transaction block
[2026-01-26T14:24:20.985+0000] {logging_mixin.py:151} INFO -      ⚠️ Erreur ligne 731: current transaction is aborted, commands ignored until end of transaction block
[2026-01-26T14:24:20.987+0000] {logging_mixin.py:151} INFO -      ⚠️ Erreur ligne 732: current transaction is aborted, commands ignored until end of transaction block
[2026-01-26T14:24:20.988+0000] {logging_mixin.py:151} INFO -      ⚠️ Erreur ligne 733: current transaction is aborted, commands ignored until end of transaction block
[2026-01-26T14:24:20.989+0000] {logging_mixin.py:151} INFO -      ⚠️ Erreur ligne 734: current transaction is aborted, commands ignored until end of transaction block
[2026-01-26T14:24:20.991+0000] {logging_mixin.py:151} INFO -      ⚠️ Erreur ligne 735: current transaction is aborted, commands ignored until end of transaction block
[2026-01-26T14:24:20.992+0000] {logging_mixin.py:151} INFO -      ⚠️ Erreur ligne 736: current transaction is aborted, commands ignored until end of transaction block
[2026-01-26T14:24:20.994+0000] {logging_mixin.py:151} INFO -      ⚠️ Erreur ligne 737: current transaction is aborted, commands ignored until end of transaction block
[2026-01-26T14:24:20.996+0000] {logging_mixin.py:151} INFO -      ⚠️ Erreur ligne 738: current transaction is aborted, commands ignored until end of transaction block
[2026-01-26T14:24:20.997+0000] {logging_mixin.py:151} INFO -      ⚠️ Erreur ligne 739: current transaction is aborted, commands ignored until end of transaction block
[2026-01-26T14:24:20.999+0000] {logging_mixin.py:151} INFO -      ⚠️ Erreur ligne 740: current transaction is aborted, commands ignored until end of transaction block
[2026-01-26T14:24:21.000+0000] {logging_mixin.py:151} INFO -      ⚠️ Erreur ligne 741: current transaction is aborted, commands ignored until end of transaction block
[2026-01-26T14:24:21.001+0000] {logging_mixin.py:151} INFO -      ⚠️ Erreur ligne 742: current transaction is aborted, commands ignored until end of transaction block
[2026-01-26T14:24:21.003+0000] {logging_mixin.py:151} INFO -      ⚠️ Erreur ligne 743: current transaction is aborted, commands ignored until end of transaction block
[2026-01-26T14:24:21.004+0000] {logging_mixin.py:151} INFO -      ⚠️ Erreur ligne 744: current transaction is aborted, commands ignored until end of transaction block
[2026-01-26T14:24:21.005+0000] {logging_mixin.py:151} INFO -      ⚠️ Erreur ligne 745: current transaction is aborted, commands ignored until end of transaction block
[2026-01-26T14:24:21.006+0000] {logging_mixin.py:151} INFO -      ⚠️ Erreur ligne 746: current transaction is aborted, commands ignored until end of transaction block
[2026-01-26T14:24:21.008+0000] {logging_mixin.py:151} INFO -      ⚠️ Erreur ligne 747: current transaction is aborted, commands ignored until end of transaction block
[2026-01-26T14:24:21.009+0000] {logging_mixin.py:151} INFO -      ⚠️ Erreur ligne 748: current transaction is aborted, commands ignored until end of transaction block
[2026-01-26T14:24:21.010+0000] {logging_mixin.py:151} INFO -      ⚠️ Erreur ligne 749: current transaction is aborted, commands ignored until end of transaction block
[2026-01-26T14:24:21.012+0000] {logging_mixin.py:151} INFO -      ⚠️ Erreur ligne 750: current transaction is aborted, commands ignored until end of transaction block
[2026-01-26T14:24:21.013+0000] {logging_mixin.py:151} INFO -      ⚠️ Erreur ligne 751: current transaction is aborted, commands ignored until end of transaction block
[2026-01-26T14:24:21.014+0000] {logging_mixin.py:151} INFO -      ⚠️ Erreur ligne 752: current transaction is aborted, commands ignored until end of transaction block
[2026-01-26T14:24:21.016+0000] {logging_mixin.py:151} INFO -      ⚠️ Erreur ligne 753: current transaction is aborted, commands ignored until end of transaction block
[2026-01-26T14:24:21.017+0000] {logging_mixin.py:151} INFO -      ⚠️ Erreur ligne 754: current transaction is aborted, commands ignored until end of transaction block
[2026-01-26T14:24:21.019+0000] {logging_mixin.py:151} INFO -      ⚠️ Erreur ligne 755: current transaction is aborted, commands ignored until end of transaction block
[2026-01-26T14:24:21.022+0000] {logging_mixin.py:151} INFO -      ⚠️ Erreur ligne 756: current transaction is aborted, commands ignored until end of transaction block
[2026-01-26T14:24:21.024+0000] {logging_mixin.py:151} INFO -      ⚠️ Erreur ligne 757: current transaction is aborted, commands ignored until end of transaction block
[2026-01-26T14:24:21.027+0000] {logging_mixin.py:151} INFO -      ⚠️ Erreur ligne 758: current transaction is aborted, commands ignored until end of transaction block
[2026-01-26T14:24:21.030+0000] {logging_mixin.py:151} INFO -      ⚠️ Erreur ligne 759: current transaction is aborted, commands ignored until end of transaction block
[2026-01-26T14:24:21.033+0000] {logging_mixin.py:151} INFO -      ⚠️ Erreur ligne 760: current transaction is aborted, commands ignored until end of transaction block
[2026-01-26T14:24:21.036+0000] {logging_mixin.py:151} INFO -      ⚠️ Erreur ligne 761: current transaction is aborted, commands ignored until end of transaction block
[2026-01-26T14:24:21.038+0000] {logging_mixin.py:151} INFO -      ⚠️ Erreur ligne 762: current transaction is aborted, commands ignored until end of transaction block
[2026-01-26T14:24:21.040+0000] {logging_mixin.py:151} INFO -      ⚠️ Erreur ligne 763: current transaction is aborted, commands ignored until end of transaction block
[2026-01-26T14:24:21.043+0000] {logging_mixin.py:151} INFO -      ⚠️ Erreur ligne 764: current transaction is aborted, commands ignored until end of transaction block
[2026-01-26T14:24:21.044+0000] {logging_mixin.py:151} INFO -      ⚠️ Erreur ligne 765: current transaction is aborted, commands ignored until end of transaction block
[2026-01-26T14:24:21.046+0000] {logging_mixin.py:151} INFO -      ⚠️ Erreur ligne 766: current transaction is aborted, commands ignored until end of transaction block
[2026-01-26T14:24:21.048+0000] {logging_mixin.py:151} INFO -      ⚠️ Erreur ligne 767: current transaction is aborted, commands ignored until end of transaction block
[2026-01-26T14:24:21.049+0000] {logging_mixin.py:151} INFO -      ⚠️ Erreur ligne 768: current transaction is aborted, commands ignored until end of transaction block
[2026-01-26T14:24:21.051+0000] {logging_mixin.py:151} INFO -      ⚠️ Erreur ligne 769: current transaction is aborted, commands ignored until end of transaction block
[2026-01-26T14:24:21.053+0000] {logging_mixin.py:151} INFO -      ⚠️ Erreur ligne 770: current transaction is aborted, commands ignored until end of transaction block
[2026-01-26T14:24:21.054+0000] {logging_mixin.py:151} INFO -      ⚠️ Erreur ligne 771: current transaction is aborted, commands ignored until end of transaction block
[2026-01-26T14:24:21.055+0000] {logging_mixin.py:151} INFO -      ⚠️ Erreur ligne 772: current transaction is aborted, commands ignored until end of transaction block
[2026-01-26T14:24:21.056+0000] {logging_mixin.py:151} INFO -      ⚠️ Erreur ligne 773: current transaction is aborted, commands ignored until end of transaction block
[2026-01-26T14:24:21.057+0000] {logging_mixin.py:151} INFO -      ⚠️ Erreur ligne 774: current transaction is aborted, commands ignored until end of transaction block
[2026-01-26T14:24:21.058+0000] {logging_mixin.py:151} INFO -      ⚠️ Erreur ligne 775: current transaction is aborted, commands ignored until end of transaction block
[2026-01-26T14:24:21.059+0000] {logging_mixin.py:151} INFO -      ⚠️ Erreur ligne 776: current transaction is aborted, commands ignored until end of transaction block
[2026-01-26T14:24:21.060+0000] {logging_mixin.py:151} INFO -      ⚠️ Erreur ligne 777: current transaction is aborted, commands ignored until end of transaction block
[2026-01-26T14:24:21.061+0000] {logging_mixin.py:151} INFO -      ⚠️ Erreur ligne 778: current transaction is aborted, commands ignored until end of transaction block
[2026-01-26T14:24:21.062+0000] {logging_mixin.py:151} INFO -      ⚠️ Erreur ligne 779: current transaction is aborted, commands ignored until end of transaction block
[2026-01-26T14:24:21.063+0000] {logging_mixin.py:151} INFO -      ⚠️ Erreur ligne 780: current transaction is aborted, commands ignored until end of transaction block
[2026-01-26T14:24:21.064+0000] {logging_mixin.py:151} INFO -      ⚠️ Erreur ligne 781: current transaction is aborted, commands ignored until end of transaction block
[2026-01-26T14:24:21.065+0000] {logging_mixin.py:151} INFO -      ⚠️ Erreur ligne 782: current transaction is aborted, commands ignored until end of transaction block
[2026-01-26T14:24:21.067+0000] {logging_mixin.py:151} INFO -      ⚠️ Erreur ligne 783: current transaction is aborted, commands ignored until end of transaction block
[2026-01-26T14:24:21.070+0000] {logging_mixin.py:151} INFO -      ⚠️ Erreur ligne 784: current transaction is aborted, commands ignored until end of transaction block
[2026-01-26T14:24:21.071+0000] {logging_mixin.py:151} INFO -      ⚠️ Erreur ligne 785: current transaction is aborted, commands ignored until end of transaction block
[2026-01-26T14:24:21.073+0000] {logging_mixin.py:151} INFO -      ⚠️ Erreur ligne 786: current transaction is aborted, commands ignored until end of transaction block
[2026-01-26T14:24:21.075+0000] {logging_mixin.py:151} INFO -      ⚠️ Erreur ligne 787: current transaction is aborted, commands ignored until end of transaction block
[2026-01-26T14:24:21.077+0000] {logging_mixin.py:151} INFO -      ⚠️ Erreur ligne 788: current transaction is aborted, commands ignored until end of transaction block
[2026-01-26T14:24:21.078+0000] {logging_mixin.py:151} INFO -      ⚠️ Erreur ligne 789: current transaction is aborted, commands ignored until end of transaction block
[2026-01-26T14:24:21.080+0000] {logging_mixin.py:151} INFO -      ⚠️ Erreur ligne 790: current transaction is aborted, commands ignored until end of transaction block
[2026-01-26T14:24:21.082+0000] {logging_mixin.py:151} INFO -      ⚠️ Erreur ligne 791: current transaction is aborted, commands ignored until end of transaction block
[2026-01-26T14:24:21.084+0000] {logging_mixin.py:151} INFO -      ⚠️ Erreur ligne 792: current transaction is aborted, commands ignored until end of transaction block
[2026-01-26T14:24:21.085+0000] {logging_mixin.py:151} INFO -      ⚠️ Erreur ligne 793: current transaction is aborted, commands ignored until end of transaction block
[2026-01-26T14:24:21.086+0000] {logging_mixin.py:151} INFO -      ⚠️ Erreur ligne 794: current transaction is aborted, commands ignored until end of transaction block
[2026-01-26T14:24:21.088+0000] {logging_mixin.py:151} INFO -      ⚠️ Erreur ligne 795: current transaction is aborted, commands ignored until end of transaction block
[2026-01-26T14:24:21.090+0000] {logging_mixin.py:151} INFO -      ⚠️ Erreur ligne 796: current transaction is aborted, commands ignored until end of transaction block
[2026-01-26T14:24:21.091+0000] {logging_mixin.py:151} INFO -      ⚠️ Erreur ligne 797: current transaction is aborted, commands ignored until end of transaction block
[2026-01-26T14:24:21.092+0000] {logging_mixin.py:151} INFO -      ⚠️ Erreur ligne 798: current transaction is aborted, commands ignored until end of transaction block
[2026-01-26T14:24:21.093+0000] {logging_mixin.py:151} INFO -      ⚠️ Erreur ligne 799: current transaction is aborted, commands ignored until end of transaction block
[2026-01-26T14:24:21.094+0000] {logging_mixin.py:151} INFO -      ⚠️ Erreur ligne 800: current transaction is aborted, commands ignored until end of transaction block
[2026-01-26T14:24:21.095+0000] {logging_mixin.py:151} INFO -      ⚠️ Erreur ligne 801: current transaction is aborted, commands ignored until end of transaction block
[2026-01-26T14:24:21.096+0000] {logging_mixin.py:151} INFO -      ⚠️ Erreur ligne 802: current transaction is aborted, commands ignored until end of transaction block
[2026-01-26T14:24:21.097+0000] {logging_mixin.py:151} INFO -      ⚠️ Erreur ligne 803: current transaction is aborted, commands ignored until end of transaction block
[2026-01-26T14:24:21.098+0000] {logging_mixin.py:151} INFO -      ⚠️ Erreur ligne 804: current transaction is aborted, commands ignored until end of transaction block
[2026-01-26T14:24:21.099+0000] {logging_mixin.py:151} INFO -      ⚠️ Erreur ligne 805: current transaction is aborted, commands ignored until end of transaction block
[2026-01-26T14:24:21.101+0000] {logging_mixin.py:151} INFO -      ⚠️ Erreur ligne 806: current transaction is aborted, commands ignored until end of transaction block
[2026-01-26T14:24:21.105+0000] {logging_mixin.py:151} INFO -      ⚠️ Erreur ligne 807: current transaction is aborted, commands ignored until end of transaction block
[2026-01-26T14:24:21.106+0000] {logging_mixin.py:151} INFO -      ⚠️ Erreur ligne 808: current transaction is aborted, commands ignored until end of transaction block
[2026-01-26T14:24:21.109+0000] {logging_mixin.py:151} INFO -      ⚠️ Erreur ligne 809: current transaction is aborted, commands ignored until end of transaction block
[2026-01-26T14:24:21.110+0000] {logging_mixin.py:151} INFO -      ⚠️ Erreur ligne 810: current transaction is aborted, commands ignored until end of transaction block
[2026-01-26T14:24:21.112+0000] {logging_mixin.py:151} INFO -      ⚠️ Erreur ligne 811: current transaction is aborted, commands ignored until end of transaction block
[2026-01-26T14:24:21.113+0000] {logging_mixin.py:151} INFO -      ⚠️ Erreur ligne 812: current transaction is aborted, commands ignored until end of transaction block
[2026-01-26T14:24:21.114+0000] {logging_mixin.py:151} INFO -      ⚠️ Erreur ligne 813: current transaction is aborted, commands ignored until end of transaction block
[2026-01-26T14:24:21.115+0000] {logging_mixin.py:151} INFO -      ⚠️ Erreur ligne 814: current transaction is aborted, commands ignored until end of transaction block
[2026-01-26T14:24:21.117+0000] {logging_mixin.py:151} INFO -      ⚠️ Erreur ligne 815: current transaction is aborted, commands ignored until end of transaction block
[2026-01-26T14:24:21.118+0000] {logging_mixin.py:151} INFO -      ⚠️ Erreur ligne 816: current transaction is aborted, commands ignored until end of transaction block
[2026-01-26T14:24:21.119+0000] {logging_mixin.py:151} INFO -      ⚠️ Erreur ligne 817: current transaction is aborted, commands ignored until end of transaction block
[2026-01-26T14:24:21.120+0000] {logging_mixin.py:151} INFO -      ⚠️ Erreur ligne 818: current transaction is aborted, commands ignored until end of transaction block
[2026-01-26T14:24:21.121+0000] {logging_mixin.py:151} INFO -      ⚠️ Erreur ligne 819: current transaction is aborted, commands ignored until end of transaction block
[2026-01-26T14:24:21.123+0000] {logging_mixin.py:151} INFO -      ⚠️ Erreur ligne 820: current transaction is aborted, commands ignored until end of transaction block
[2026-01-26T14:24:21.125+0000] {logging_mixin.py:151} INFO -      ⚠️ Erreur ligne 821: current transaction is aborted, commands ignored until end of transaction block
[2026-01-26T14:24:21.126+0000] {logging_mixin.py:151} INFO -      ⚠️ Erreur ligne 822: current transaction is aborted, commands ignored until end of transaction block
[2026-01-26T14:24:21.127+0000] {logging_mixin.py:151} INFO -      ⚠️ Erreur ligne 823: current transaction is aborted, commands ignored until end of transaction block
[2026-01-26T14:24:21.129+0000] {logging_mixin.py:151} INFO -      ⚠️ Erreur ligne 824: current transaction is aborted, commands ignored until end of transaction block
[2026-01-26T14:24:21.130+0000] {logging_mixin.py:151} INFO -      ⚠️ Erreur ligne 825: current transaction is aborted, commands ignored until end of transaction block
[2026-01-26T14:24:21.130+0000] {logging_mixin.py:151} INFO -      ⚠️ Erreur ligne 826: current transaction is aborted, commands ignored until end of transaction block
[2026-01-26T14:24:21.131+0000] {logging_mixin.py:151} INFO -      ⚠️ Erreur ligne 827: current transaction is aborted, commands ignored until end of transaction block
[2026-01-26T14:24:21.132+0000] {logging_mixin.py:151} INFO -      ⚠️ Erreur ligne 828: current transaction is aborted, commands ignored until end of transaction block
[2026-01-26T14:24:21.133+0000] {logging_mixin.py:151} INFO -      ⚠️ Erreur ligne 829: current transaction is aborted, commands ignored until end of transaction block
[2026-01-26T14:24:21.134+0000] {logging_mixin.py:151} INFO -      ⚠️ Erreur ligne 830: current transaction is aborted, commands ignored until end of transaction block
[2026-01-26T14:24:21.135+0000] {logging_mixin.py:151} INFO -      ⚠️ Erreur ligne 831: current transaction is aborted, commands ignored until end of transaction block
[2026-01-26T14:24:21.137+0000] {logging_mixin.py:151} INFO -      ⚠️ Erreur ligne 832: current transaction is aborted, commands ignored until end of transaction block
[2026-01-26T14:24:21.138+0000] {logging_mixin.py:151} INFO -      ⚠️ Erreur ligne 833: current transaction is aborted, commands ignored until end of transaction block
[2026-01-26T14:24:21.140+0000] {logging_mixin.py:151} INFO -      ⚠️ Erreur ligne 834: current transaction is aborted, commands ignored until end of transaction block
[2026-01-26T14:24:21.143+0000] {logging_mixin.py:151} INFO -      ⚠️ Erreur ligne 835: current transaction is aborted, commands ignored until end of transaction block
[2026-01-26T14:24:21.145+0000] {logging_mixin.py:151} INFO -      ⚠️ Erreur ligne 836: current transaction is aborted, commands ignored until end of transaction block
[2026-01-26T14:24:21.146+0000] {logging_mixin.py:151} INFO -      ⚠️ Erreur ligne 837: current transaction is aborted, commands ignored until end of transaction block
[2026-01-26T14:24:21.147+0000] {logging_mixin.py:151} INFO -      ⚠️ Erreur ligne 838: current transaction is aborted, commands ignored until end of transaction block
[2026-01-26T14:24:21.148+0000] {logging_mixin.py:151} INFO -      ⚠️ Erreur ligne 839: current transaction is aborted, commands ignored until end of transaction block
[2026-01-26T14:24:21.149+0000] {logging_mixin.py:151} INFO -      ⚠️ Erreur ligne 840: current transaction is aborted, commands ignored until end of transaction block
[2026-01-26T14:24:21.150+0000] {logging_mixin.py:151} INFO -      ⚠️ Erreur ligne 841: current transaction is aborted, commands ignored until end of transaction block
[2026-01-26T14:24:21.151+0000] {logging_mixin.py:151} INFO -      ⚠️ Erreur ligne 842: current transaction is aborted, commands ignored until end of transaction block
[2026-01-26T14:24:21.153+0000] {logging_mixin.py:151} INFO -      ⚠️ Erreur ligne 843: current transaction is aborted, commands ignored until end of transaction block
[2026-01-26T14:24:21.154+0000] {logging_mixin.py:151} INFO -      ⚠️ Erreur ligne 844: current transaction is aborted, commands ignored until end of transaction block
[2026-01-26T14:24:21.155+0000] {logging_mixin.py:151} INFO -      ⚠️ Erreur ligne 845: current transaction is aborted, commands ignored until end of transaction block
[2026-01-26T14:24:21.156+0000] {logging_mixin.py:151} INFO -      ⚠️ Erreur ligne 846: current transaction is aborted, commands ignored until end of transaction block
[2026-01-26T14:24:21.158+0000] {logging_mixin.py:151} INFO -      ⚠️ Erreur ligne 847: current transaction is aborted, commands ignored until end of transaction block
[2026-01-26T14:24:21.160+0000] {logging_mixin.py:151} INFO -      ⚠️ Erreur ligne 848: current transaction is aborted, commands ignored until end of transaction block
[2026-01-26T14:24:21.161+0000] {logging_mixin.py:151} INFO -      ⚠️ Erreur ligne 849: current transaction is aborted, commands ignored until end of transaction block
[2026-01-26T14:24:21.162+0000] {logging_mixin.py:151} INFO -      ⚠️ Erreur ligne 850: current transaction is aborted, commands ignored until end of transaction block
[2026-01-26T14:24:21.163+0000] {logging_mixin.py:151} INFO -      ⚠️ Erreur ligne 851: current transaction is aborted, commands ignored until end of transaction block
[2026-01-26T14:24:21.164+0000] {logging_mixin.py:151} INFO -      ⚠️ Erreur ligne 852: current transaction is aborted, commands ignored until end of transaction block
[2026-01-26T14:24:21.165+0000] {logging_mixin.py:151} INFO -      ⚠️ Erreur ligne 853: current transaction is aborted, commands ignored until end of transaction block
[2026-01-26T14:24:21.166+0000] {logging_mixin.py:151} INFO -      ⚠️ Erreur ligne 854: current transaction is aborted, commands ignored until end of transaction block
[2026-01-26T14:24:21.167+0000] {logging_mixin.py:151} INFO -      ⚠️ Erreur ligne 855: current transaction is aborted, commands ignored until end of transaction block
[2026-01-26T14:24:21.168+0000] {logging_mixin.py:151} INFO -      ⚠️ Erreur ligne 856: current transaction is aborted, commands ignored until end of transaction block
[2026-01-26T14:24:21.169+0000] {logging_mixin.py:151} INFO -      ⚠️ Erreur ligne 857: current transaction is aborted, commands ignored until end of transaction block
[2026-01-26T14:24:21.170+0000] {logging_mixin.py:151} INFO -      ⚠️ Erreur ligne 858: current transaction is aborted, commands ignored until end of transaction block
[2026-01-26T14:24:21.171+0000] {logging_mixin.py:151} INFO -      ⚠️ Erreur ligne 859: current transaction is aborted, commands ignored until end of transaction block
[2026-01-26T14:24:21.172+0000] {logging_mixin.py:151} INFO -      ⚠️ Erreur ligne 860: current transaction is aborted, commands ignored until end of transaction block
[2026-01-26T14:24:21.173+0000] {logging_mixin.py:151} INFO -      ⚠️ Erreur ligne 861: current transaction is aborted, commands ignored until end of transaction block
[2026-01-26T14:24:21.174+0000] {logging_mixin.py:151} INFO -      ⚠️ Erreur ligne 862: current transaction is aborted, commands ignored until end of transaction block
[2026-01-26T14:24:21.176+0000] {logging_mixin.py:151} INFO -      ⚠️ Erreur ligne 863: current transaction is aborted, commands ignored until end of transaction block
[2026-01-26T14:24:21.177+0000] {logging_mixin.py:151} INFO -      ⚠️ Erreur ligne 864: current transaction is aborted, commands ignored until end of transaction block
[2026-01-26T14:24:21.178+0000] {logging_mixin.py:151} INFO -      ⚠️ Erreur ligne 865: current transaction is aborted, commands ignored until end of transaction block
[2026-01-26T14:24:21.180+0000] {logging_mixin.py:151} INFO -      ⚠️ Erreur ligne 866: current transaction is aborted, commands ignored until end of transaction block
[2026-01-26T14:24:21.181+0000] {logging_mixin.py:151} INFO -      ⚠️ Erreur ligne 867: current transaction is aborted, commands ignored until end of transaction block
[2026-01-26T14:24:21.182+0000] {logging_mixin.py:151} INFO -      ⚠️ Erreur ligne 868: current transaction is aborted, commands ignored until end of transaction block
[2026-01-26T14:24:21.183+0000] {logging_mixin.py:151} INFO -      ⚠️ Erreur ligne 869: current transaction is aborted, commands ignored until end of transaction block
[2026-01-26T14:24:21.185+0000] {logging_mixin.py:151} INFO -      ⚠️ Erreur ligne 870: current transaction is aborted, commands ignored until end of transaction block
[2026-01-26T14:24:21.186+0000] {logging_mixin.py:151} INFO -      ⚠️ Erreur ligne 871: current transaction is aborted, commands ignored until end of transaction block
[2026-01-26T14:24:21.187+0000] {logging_mixin.py:151} INFO -      ⚠️ Erreur ligne 872: current transaction is aborted, commands ignored until end of transaction block
[2026-01-26T14:24:21.188+0000] {logging_mixin.py:151} INFO -      ⚠️ Erreur ligne 873: current transaction is aborted, commands ignored until end of transaction block
[2026-01-26T14:24:21.190+0000] {logging_mixin.py:151} INFO -      ⚠️ Erreur ligne 874: current transaction is aborted, commands ignored until end of transaction block
[2026-01-26T14:24:21.191+0000] {logging_mixin.py:151} INFO -      ⚠️ Erreur ligne 875: current transaction is aborted, commands ignored until end of transaction block
[2026-01-26T14:24:21.192+0000] {logging_mixin.py:151} INFO -      ⚠️ Erreur ligne 876: current transaction is aborted, commands ignored until end of transaction block
[2026-01-26T14:24:21.193+0000] {logging_mixin.py:151} INFO -      ⚠️ Erreur ligne 877: current transaction is aborted, commands ignored until end of transaction block
[2026-01-26T14:24:21.194+0000] {logging_mixin.py:151} INFO -      ⚠️ Erreur ligne 878: current transaction is aborted, commands ignored until end of transaction block
[2026-01-26T14:24:21.196+0000] {logging_mixin.py:151} INFO -      ⚠️ Erreur ligne 879: current transaction is aborted, commands ignored until end of transaction block
[2026-01-26T14:24:21.198+0000] {logging_mixin.py:151} INFO -      ⚠️ Erreur ligne 880: current transaction is aborted, commands ignored until end of transaction block
[2026-01-26T14:24:21.200+0000] {logging_mixin.py:151} INFO -      ⚠️ Erreur ligne 881: current transaction is aborted, commands ignored until end of transaction block
[2026-01-26T14:24:21.201+0000] {logging_mixin.py:151} INFO -      ⚠️ Erreur ligne 882: current transaction is aborted, commands ignored until end of transaction block
[2026-01-26T14:24:21.203+0000] {logging_mixin.py:151} INFO -      ⚠️ Erreur ligne 883: current transaction is aborted, commands ignored until end of transaction block
[2026-01-26T14:24:21.204+0000] {logging_mixin.py:151} INFO -      ⚠️ Erreur ligne 884: current transaction is aborted, commands ignored until end of transaction block
[2026-01-26T14:24:21.205+0000] {logging_mixin.py:151} INFO -      ⚠️ Erreur ligne 885: current transaction is aborted, commands ignored until end of transaction block
[2026-01-26T14:24:21.206+0000] {logging_mixin.py:151} INFO -      ⚠️ Erreur ligne 886: current transaction is aborted, commands ignored until end of transaction block
[2026-01-26T14:24:21.208+0000] {logging_mixin.py:151} INFO -      ⚠️ Erreur ligne 887: current transaction is aborted, commands ignored until end of transaction block
[2026-01-26T14:24:21.209+0000] {logging_mixin.py:151} INFO -      ⚠️ Erreur ligne 888: current transaction is aborted, commands ignored until end of transaction block
[2026-01-26T14:24:21.210+0000] {logging_mixin.py:151} INFO -      ⚠️ Erreur ligne 889: current transaction is aborted, commands ignored until end of transaction block
[2026-01-26T14:24:21.211+0000] {logging_mixin.py:151} INFO -      ⚠️ Erreur ligne 890: current transaction is aborted, commands ignored until end of transaction block
[2026-01-26T14:24:21.212+0000] {logging_mixin.py:151} INFO -      ⚠️ Erreur ligne 891: current transaction is aborted, commands ignored until end of transaction block
[2026-01-26T14:24:21.213+0000] {logging_mixin.py:151} INFO -      ⚠️ Erreur ligne 892: current transaction is aborted, commands ignored until end of transaction block
[2026-01-26T14:24:21.214+0000] {logging_mixin.py:151} INFO -      ⚠️ Erreur ligne 893: current transaction is aborted, commands ignored until end of transaction block
[2026-01-26T14:24:21.216+0000] {logging_mixin.py:151} INFO -      ⚠️ Erreur ligne 894: current transaction is aborted, commands ignored until end of transaction block
[2026-01-26T14:24:21.217+0000] {logging_mixin.py:151} INFO -      ⚠️ Erreur ligne 895: current transaction is aborted, commands ignored until end of transaction block
[2026-01-26T14:24:21.218+0000] {logging_mixin.py:151} INFO -      ⚠️ Erreur ligne 896: current transaction is aborted, commands ignored until end of transaction block
[2026-01-26T14:24:21.219+0000] {logging_mixin.py:151} INFO -      ⚠️ Erreur ligne 897: current transaction is aborted, commands ignored until end of transaction block
[2026-01-26T14:24:21.221+0000] {logging_mixin.py:151} INFO -      ⚠️ Erreur ligne 898: current transaction is aborted, commands ignored until end of transaction block
[2026-01-26T14:24:21.222+0000] {logging_mixin.py:151} INFO -      ⚠️ Erreur ligne 899: current transaction is aborted, commands ignored until end of transaction block
[2026-01-26T14:24:21.223+0000] {logging_mixin.py:151} INFO -      ⚠️ Erreur ligne 900: current transaction is aborted, commands ignored until end of transaction block
[2026-01-26T14:24:21.224+0000] {logging_mixin.py:151} INFO -      ⚠️ Erreur ligne 901: current transaction is aborted, commands ignored until end of transaction block
[2026-01-26T14:24:21.226+0000] {logging_mixin.py:151} INFO -      ⚠️ Erreur ligne 902: current transaction is aborted, commands ignored until end of transaction block
[2026-01-26T14:24:21.227+0000] {logging_mixin.py:151} INFO -      ⚠️ Erreur ligne 903: current transaction is aborted, commands ignored until end of transaction block
[2026-01-26T14:24:21.228+0000] {logging_mixin.py:151} INFO -      ⚠️ Erreur ligne 904: current transaction is aborted, commands ignored until end of transaction block
[2026-01-26T14:24:21.229+0000] {logging_mixin.py:151} INFO -      ⚠️ Erreur ligne 905: current transaction is aborted, commands ignored until end of transaction block
[2026-01-26T14:24:21.231+0000] {logging_mixin.py:151} INFO -      ⚠️ Erreur ligne 906: current transaction is aborted, commands ignored until end of transaction block
[2026-01-26T14:24:21.232+0000] {logging_mixin.py:151} INFO -      ⚠️ Erreur ligne 907: current transaction is aborted, commands ignored until end of transaction block
[2026-01-26T14:24:21.233+0000] {logging_mixin.py:151} INFO -      ⚠️ Erreur ligne 908: current transaction is aborted, commands ignored until end of transaction block
[2026-01-26T14:24:21.235+0000] {logging_mixin.py:151} INFO -      ⚠️ Erreur ligne 909: current transaction is aborted, commands ignored until end of transaction block
[2026-01-26T14:24:21.236+0000] {logging_mixin.py:151} INFO -      ⚠️ Erreur ligne 910: current transaction is aborted, commands ignored until end of transaction block
[2026-01-26T14:24:21.237+0000] {logging_mixin.py:151} INFO -      ⚠️ Erreur ligne 911: current transaction is aborted, commands ignored until end of transaction block
[2026-01-26T14:24:21.238+0000] {logging_mixin.py:151} INFO -      ⚠️ Erreur ligne 912: current transaction is aborted, commands ignored until end of transaction block
[2026-01-26T14:24:21.239+0000] {logging_mixin.py:151} INFO -      ⚠️ Erreur ligne 913: current transaction is aborted, commands ignored until end of transaction block
[2026-01-26T14:24:21.241+0000] {logging_mixin.py:151} INFO -      ⚠️ Erreur ligne 914: current transaction is aborted, commands ignored until end of transaction block
[2026-01-26T14:24:21.244+0000] {logging_mixin.py:151} INFO -      ⚠️ Erreur ligne 915: current transaction is aborted, commands ignored until end of transaction block
[2026-01-26T14:24:21.245+0000] {logging_mixin.py:151} INFO -      ⚠️ Erreur ligne 916: current transaction is aborted, commands ignored until end of transaction block
[2026-01-26T14:24:21.246+0000] {logging_mixin.py:151} INFO -      ⚠️ Erreur ligne 917: current transaction is aborted, commands ignored until end of transaction block
[2026-01-26T14:24:21.247+0000] {logging_mixin.py:151} INFO -      ⚠️ Erreur ligne 918: current transaction is aborted, commands ignored until end of transaction block
[2026-01-26T14:24:21.248+0000] {logging_mixin.py:151} INFO -      ⚠️ Erreur ligne 919: current transaction is aborted, commands ignored until end of transaction block
[2026-01-26T14:24:21.249+0000] {logging_mixin.py:151} INFO -      ⚠️ Erreur ligne 920: current transaction is aborted, commands ignored until end of transaction block
[2026-01-26T14:24:21.250+0000] {logging_mixin.py:151} INFO -      ⚠️ Erreur ligne 921: current transaction is aborted, commands ignored until end of transaction block
[2026-01-26T14:24:21.251+0000] {logging_mixin.py:151} INFO -      ⚠️ Erreur ligne 922: current transaction is aborted, commands ignored until end of transaction block
[2026-01-26T14:24:21.252+0000] {logging_mixin.py:151} INFO -      ⚠️ Erreur ligne 923: current transaction is aborted, commands ignored until end of transaction block
[2026-01-26T14:24:21.253+0000] {logging_mixin.py:151} INFO -      ⚠️ Erreur ligne 924: current transaction is aborted, commands ignored until end of transaction block
[2026-01-26T14:24:21.255+0000] {logging_mixin.py:151} INFO -      ⚠️ Erreur ligne 925: current transaction is aborted, commands ignored until end of transaction block
[2026-01-26T14:24:21.256+0000] {logging_mixin.py:151} INFO -      ⚠️ Erreur ligne 926: current transaction is aborted, commands ignored until end of transaction block
[2026-01-26T14:24:21.259+0000] {logging_mixin.py:151} INFO -      ⚠️ Erreur ligne 927: current transaction is aborted, commands ignored until end of transaction block
[2026-01-26T14:24:21.260+0000] {logging_mixin.py:151} INFO -      ⚠️ Erreur ligne 928: current transaction is aborted, commands ignored until end of transaction block
[2026-01-26T14:24:21.263+0000] {logging_mixin.py:151} INFO -      ⚠️ Erreur ligne 929: current transaction is aborted, commands ignored until end of transaction block
[2026-01-26T14:24:21.264+0000] {logging_mixin.py:151} INFO -      ⚠️ Erreur ligne 930: current transaction is aborted, commands ignored until end of transaction block
[2026-01-26T14:24:21.266+0000] {logging_mixin.py:151} INFO -      ⚠️ Erreur ligne 931: current transaction is aborted, commands ignored until end of transaction block
[2026-01-26T14:24:21.267+0000] {logging_mixin.py:151} INFO -      ⚠️ Erreur ligne 932: current transaction is aborted, commands ignored until end of transaction block
[2026-01-26T14:24:21.268+0000] {logging_mixin.py:151} INFO -      ⚠️ Erreur ligne 933: current transaction is aborted, commands ignored until end of transaction block
[2026-01-26T14:24:21.269+0000] {logging_mixin.py:151} INFO -      ⚠️ Erreur ligne 934: current transaction is aborted, commands ignored until end of transaction block
[2026-01-26T14:24:21.270+0000] {logging_mixin.py:151} INFO -      ⚠️ Erreur ligne 935: current transaction is aborted, commands ignored until end of transaction block
[2026-01-26T14:24:21.271+0000] {logging_mixin.py:151} INFO -      ⚠️ Erreur ligne 936: current transaction is aborted, commands ignored until end of transaction block
[2026-01-26T14:24:21.272+0000] {logging_mixin.py:151} INFO -      ⚠️ Erreur ligne 937: current transaction is aborted, commands ignored until end of transaction block
[2026-01-26T14:24:21.274+0000] {logging_mixin.py:151} INFO -      ⚠️ Erreur ligne 938: current transaction is aborted, commands ignored until end of transaction block
[2026-01-26T14:24:21.275+0000] {logging_mixin.py:151} INFO -      ⚠️ Erreur ligne 939: current transaction is aborted, commands ignored until end of transaction block
[2026-01-26T14:24:21.276+0000] {logging_mixin.py:151} INFO -      ⚠️ Erreur ligne 940: current transaction is aborted, commands ignored until end of transaction block
[2026-01-26T14:24:21.278+0000] {logging_mixin.py:151} INFO -      ⚠️ Erreur ligne 941: current transaction is aborted, commands ignored until end of transaction block
[2026-01-26T14:24:21.279+0000] {logging_mixin.py:151} INFO -      ⚠️ Erreur ligne 942: current transaction is aborted, commands ignored until end of transaction block
[2026-01-26T14:24:21.280+0000] {logging_mixin.py:151} INFO -      ⚠️ Erreur ligne 943: current transaction is aborted, commands ignored until end of transaction block
[2026-01-26T14:24:21.281+0000] {logging_mixin.py:151} INFO -      ⚠️ Erreur ligne 944: current transaction is aborted, commands ignored until end of transaction block
[2026-01-26T14:24:21.282+0000] {logging_mixin.py:151} INFO -      ⚠️ Erreur ligne 945: current transaction is aborted, commands ignored until end of transaction block
[2026-01-26T14:24:21.284+0000] {logging_mixin.py:151} INFO -      ⚠️ Erreur ligne 946: current transaction is aborted, commands ignored until end of transaction block
[2026-01-26T14:24:21.285+0000] {logging_mixin.py:151} INFO -      ⚠️ Erreur ligne 947: current transaction is aborted, commands ignored until end of transaction block
[2026-01-26T14:24:21.286+0000] {logging_mixin.py:151} INFO -      ⚠️ Erreur ligne 948: current transaction is aborted, commands ignored until end of transaction block
[2026-01-26T14:24:21.287+0000] {logging_mixin.py:151} INFO -      ⚠️ Erreur ligne 949: current transaction is aborted, commands ignored until end of transaction block
[2026-01-26T14:24:21.288+0000] {logging_mixin.py:151} INFO -      ⚠️ Erreur ligne 950: current transaction is aborted, commands ignored until end of transaction block
[2026-01-26T14:24:21.289+0000] {logging_mixin.py:151} INFO -      ⚠️ Erreur ligne 951: current transaction is aborted, commands ignored until end of transaction block
[2026-01-26T14:24:21.290+0000] {logging_mixin.py:151} INFO -      ⚠️ Erreur ligne 952: current transaction is aborted, commands ignored until end of transaction block
[2026-01-26T14:24:21.291+0000] {logging_mixin.py:151} INFO -      ⚠️ Erreur ligne 953: current transaction is aborted, commands ignored until end of transaction block
[2026-01-26T14:24:21.292+0000] {logging_mixin.py:151} INFO -      ⚠️ Erreur ligne 954: current transaction is aborted, commands ignored until end of transaction block
[2026-01-26T14:24:21.294+0000] {logging_mixin.py:151} INFO -      ⚠️ Erreur ligne 955: current transaction is aborted, commands ignored until end of transaction block
[2026-01-26T14:24:21.295+0000] {logging_mixin.py:151} INFO -      ⚠️ Erreur ligne 956: current transaction is aborted, commands ignored until end of transaction block
[2026-01-26T14:24:21.296+0000] {logging_mixin.py:151} INFO -      ⚠️ Erreur ligne 957: current transaction is aborted, commands ignored until end of transaction block
[2026-01-26T14:24:21.298+0000] {logging_mixin.py:151} INFO -      ⚠️ Erreur ligne 958: current transaction is aborted, commands ignored until end of transaction block
[2026-01-26T14:24:21.299+0000] {logging_mixin.py:151} INFO -      ⚠️ Erreur ligne 959: current transaction is aborted, commands ignored until end of transaction block
[2026-01-26T14:24:21.300+0000] {logging_mixin.py:151} INFO -      ⚠️ Erreur ligne 960: current transaction is aborted, commands ignored until end of transaction block
[2026-01-26T14:24:21.301+0000] {logging_mixin.py:151} INFO -      ⚠️ Erreur ligne 961: current transaction is aborted, commands ignored until end of transaction block
[2026-01-26T14:24:21.302+0000] {logging_mixin.py:151} INFO -      ⚠️ Erreur ligne 962: current transaction is aborted, commands ignored until end of transaction block
[2026-01-26T14:24:21.304+0000] {logging_mixin.py:151} INFO -      ⚠️ Erreur ligne 963: current transaction is aborted, commands ignored until end of transaction block
[2026-01-26T14:24:21.305+0000] {logging_mixin.py:151} INFO -      ⚠️ Erreur ligne 964: current transaction is aborted, commands ignored until end of transaction block
[2026-01-26T14:24:21.307+0000] {logging_mixin.py:151} INFO -      ⚠️ Erreur ligne 965: current transaction is aborted, commands ignored until end of transaction block
[2026-01-26T14:24:21.310+0000] {logging_mixin.py:151} INFO -      ⚠️ Erreur ligne 966: current transaction is aborted, commands ignored until end of transaction block
[2026-01-26T14:24:21.311+0000] {logging_mixin.py:151} INFO -      ⚠️ Erreur ligne 967: current transaction is aborted, commands ignored until end of transaction block
[2026-01-26T14:24:21.313+0000] {logging_mixin.py:151} INFO -      ⚠️ Erreur ligne 968: current transaction is aborted, commands ignored until end of transaction block
[2026-01-26T14:24:21.314+0000] {logging_mixin.py:151} INFO -      ⚠️ Erreur ligne 969: current transaction is aborted, commands ignored until end of transaction block
[2026-01-26T14:24:21.314+0000] {logging_mixin.py:151} INFO -      ⚠️ Erreur ligne 970: current transaction is aborted, commands ignored until end of transaction block
[2026-01-26T14:24:21.315+0000] {logging_mixin.py:151} INFO -      ⚠️ Erreur ligne 971: current transaction is aborted, commands ignored until end of transaction block
[2026-01-26T14:24:21.316+0000] {logging_mixin.py:151} INFO -      ⚠️ Erreur ligne 972: current transaction is aborted, commands ignored until end of transaction block
[2026-01-26T14:24:21.317+0000] {logging_mixin.py:151} INFO -      ⚠️ Erreur ligne 973: current transaction is aborted, commands ignored until end of transaction block
[2026-01-26T14:24:21.318+0000] {logging_mixin.py:151} INFO -      ⚠️ Erreur ligne 974: current transaction is aborted, commands ignored until end of transaction block
[2026-01-26T14:24:21.320+0000] {logging_mixin.py:151} INFO -      ⚠️ Erreur ligne 975: current transaction is aborted, commands ignored until end of transaction block
[2026-01-26T14:24:21.321+0000] {logging_mixin.py:151} INFO -      ⚠️ Erreur ligne 976: current transaction is aborted, commands ignored until end of transaction block
[2026-01-26T14:24:21.322+0000] {logging_mixin.py:151} INFO -      ⚠️ Erreur ligne 977: current transaction is aborted, commands ignored until end of transaction block
[2026-01-26T14:24:21.324+0000] {logging_mixin.py:151} INFO -      ⚠️ Erreur ligne 978: current transaction is aborted, commands ignored until end of transaction block
[2026-01-26T14:24:21.325+0000] {logging_mixin.py:151} INFO -      ⚠️ Erreur ligne 979: current transaction is aborted, commands ignored until end of transaction block
[2026-01-26T14:24:21.327+0000] {logging_mixin.py:151} INFO -      ⚠️ Erreur ligne 980: current transaction is aborted, commands ignored until end of transaction block
[2026-01-26T14:24:21.328+0000] {logging_mixin.py:151} INFO -      ⚠️ Erreur ligne 981: current transaction is aborted, commands ignored until end of transaction block
[2026-01-26T14:24:21.330+0000] {logging_mixin.py:151} INFO -      ⚠️ Erreur ligne 982: current transaction is aborted, commands ignored until end of transaction block
[2026-01-26T14:24:21.331+0000] {logging_mixin.py:151} INFO -      ⚠️ Erreur ligne 983: current transaction is aborted, commands ignored until end of transaction block
[2026-01-26T14:24:21.332+0000] {logging_mixin.py:151} INFO -      ⚠️ Erreur ligne 984: current transaction is aborted, commands ignored until end of transaction block
[2026-01-26T14:24:21.333+0000] {logging_mixin.py:151} INFO -      ⚠️ Erreur ligne 985: current transaction is aborted, commands ignored until end of transaction block
[2026-01-26T14:24:21.334+0000] {logging_mixin.py:151} INFO -      ⚠️ Erreur ligne 986: current transaction is aborted, commands ignored until end of transaction block
[2026-01-26T14:24:21.335+0000] {logging_mixin.py:151} INFO -      ⚠️ Erreur ligne 987: current transaction is aborted, commands ignored until end of transaction block
[2026-01-26T14:24:21.336+0000] {logging_mixin.py:151} INFO -      ⚠️ Erreur ligne 988: current transaction is aborted, commands ignored until end of transaction block
[2026-01-26T14:24:21.337+0000] {logging_mixin.py:151} INFO -      ⚠️ Erreur ligne 989: current transaction is aborted, commands ignored until end of transaction block
[2026-01-26T14:24:21.338+0000] {logging_mixin.py:151} INFO -      ⚠️ Erreur ligne 990: current transaction is aborted, commands ignored until end of transaction block
[2026-01-26T14:24:21.339+0000] {logging_mixin.py:151} INFO -      ⚠️ Erreur ligne 991: current transaction is aborted, commands ignored until end of transaction block
[2026-01-26T14:24:21.342+0000] {logging_mixin.py:151} INFO -      ⚠️ Erreur ligne 992: current transaction is aborted, commands ignored until end of transaction block
[2026-01-26T14:24:21.343+0000] {logging_mixin.py:151} INFO -      ⚠️ Erreur ligne 993: current transaction is aborted, commands ignored until end of transaction block
[2026-01-26T14:24:21.345+0000] {logging_mixin.py:151} INFO -      ⚠️ Erreur ligne 994: current transaction is aborted, commands ignored until end of transaction block
[2026-01-26T14:24:21.347+0000] {logging_mixin.py:151} INFO -      ⚠️ Erreur ligne 995: current transaction is aborted, commands ignored until end of transaction block
[2026-01-26T14:24:21.349+0000] {logging_mixin.py:151} INFO -      ⚠️ Erreur ligne 996: current transaction is aborted, commands ignored until end of transaction block
[2026-01-26T14:24:21.351+0000] {logging_mixin.py:151} INFO -      ⚠️ Erreur ligne 997: current transaction is aborted, commands ignored until end of transaction block
[2026-01-26T14:24:21.352+0000] {logging_mixin.py:151} INFO -      ⚠️ Erreur ligne 998: current transaction is aborted, commands ignored until end of transaction block
[2026-01-26T14:24:21.353+0000] {logging_mixin.py:151} INFO -      ⚠️ Erreur ligne 999: current transaction is aborted, commands ignored until end of transaction block
[2026-01-26T14:24:21.354+0000] {logging_mixin.py:151} INFO -      ⚠️ Erreur ligne 1000: current transaction is aborted, commands ignored until end of transaction block
[2026-01-26T14:24:21.355+0000] {logging_mixin.py:151} INFO -      ⚠️ Erreur ligne 1001: current transaction is aborted, commands ignored until end of transaction block
[2026-01-26T14:24:21.356+0000] {logging_mixin.py:151} INFO -      ⚠️ Erreur ligne 1002: current transaction is aborted, commands ignored until end of transaction block
[2026-01-26T14:24:21.358+0000] {logging_mixin.py:151} INFO -      ⚠️ Erreur ligne 1003: current transaction is aborted, commands ignored until end of transaction block
[2026-01-26T14:24:21.359+0000] {logging_mixin.py:151} INFO -      ⚠️ Erreur ligne 1004: current transaction is aborted, commands ignored until end of transaction block
[2026-01-26T14:24:21.360+0000] {logging_mixin.py:151} INFO -      ⚠️ Erreur ligne 1005: current transaction is aborted, commands ignored until end of transaction block
[2026-01-26T14:24:21.361+0000] {logging_mixin.py:151} INFO -      ⚠️ Erreur ligne 1006: current transaction is aborted, commands ignored until end of transaction block
[2026-01-26T14:24:21.363+0000] {logging_mixin.py:151} INFO -      ⚠️ Erreur ligne 1007: current transaction is aborted, commands ignored until end of transaction block
[2026-01-26T14:24:21.364+0000] {logging_mixin.py:151} INFO -      ⚠️ Erreur ligne 1008: current transaction is aborted, commands ignored until end of transaction block
[2026-01-26T14:24:21.366+0000] {logging_mixin.py:151} INFO -      ⚠️ Erreur ligne 1009: current transaction is aborted, commands ignored until end of transaction block
[2026-01-26T14:24:21.368+0000] {logging_mixin.py:151} INFO -      ⚠️ Erreur ligne 1010: current transaction is aborted, commands ignored until end of transaction block
[2026-01-26T14:24:21.370+0000] {logging_mixin.py:151} INFO -      ⚠️ Erreur ligne 1011: current transaction is aborted, commands ignored until end of transaction block
[2026-01-26T14:24:21.371+0000] {logging_mixin.py:151} INFO -      ⚠️ Erreur ligne 1012: current transaction is aborted, commands ignored until end of transaction block
[2026-01-26T14:24:21.372+0000] {logging_mixin.py:151} INFO -      ⚠️ Erreur ligne 1013: current transaction is aborted, commands ignored until end of transaction block
[2026-01-26T14:24:21.373+0000] {logging_mixin.py:151} INFO -      ⚠️ Erreur ligne 1014: current transaction is aborted, commands ignored until end of transaction block
[2026-01-26T14:24:21.376+0000] {logging_mixin.py:151} INFO -      ⚠️ Erreur ligne 1015: current transaction is aborted, commands ignored until end of transaction block
[2026-01-26T14:24:21.378+0000] {logging_mixin.py:151} INFO -      ⚠️ Erreur ligne 1016: current transaction is aborted, commands ignored until end of transaction block
[2026-01-26T14:24:21.380+0000] {logging_mixin.py:151} INFO -      ⚠️ Erreur ligne 1017: current transaction is aborted, commands ignored until end of transaction block
[2026-01-26T14:24:21.380+0000] {logging_mixin.py:151} INFO -      ✅ 0 lignes insérées, 0 doublons ignorés
[2026-01-26T14:24:21.381+0000] {logging_mixin.py:151} INFO -   ✅ Fichier traité avec succès !
[2026-01-26T14:24:21.381+0000] {logging_mixin.py:151} INFO - 
================================================================================
[2026-01-26T14:24:21.381+0000] {logging_mixin.py:151} INFO - RÉSUMÉ FINAL
[2026-01-26T14:24:21.382+0000] {logging_mixin.py:151} INFO - ================================================================================
[2026-01-26T14:24:21.382+0000] {logging_mixin.py:151} INFO - ✅ Succès  : 3 fichiers
[2026-01-26T14:24:21.382+0000] {logging_mixin.py:151} INFO - ❌ Échecs  : 0 fichiers
[2026-01-26T14:24:21.382+0000] {logging_mixin.py:151} INFO - ================================================================================
[2026-01-26T14:24:21.383+0000] {python.py:194} INFO - Done. Returned value was: Done: 3 succeeded, 0 failed
[2026-01-26T14:24:21.417+0000] {taskinstance.py:1398} INFO - Marking task as SUCCESS. dag_id=stock_etl_simple, task_id=run_etl_simple, execution_date=20260126T142411, start_date=20260126T142414, end_date=20260126T142421
[2026-01-26T14:24:21.493+0000] {local_task_job_runner.py:228} INFO - Task exited with return code 0
[2026-01-26T14:24:21.519+0000] {taskinstance.py:2776} INFO - 0 downstream tasks scheduled from follow-on schedule check
