symbol,date,open,high,low,close,volume,dividends,stock_splits,extracted_at
AAPL,2022-01-03 05:00:00,174.17621628400974,179.12245940789794,174.05868664745196,178.27032470703125,104487900,0.0,0.0,2026-01-27 14:01:10.178449+00:00
AAPL,2022-01-04 05:00:00,178.87758836256972,179.18121654083714,175.43969718796814,176.00778198242188,99310400,0.0,0.0,2026-01-27 14:01:10.178449+00:00
AAPL,2022-01-05 05:00:00,175.9196433238863,176.46813489136744,171.05175824457976,171.3260040283203,94537600,0.0,0.0,2026-01-27 14:01:10.178449+00:00
AAPL,2022-01-06 05:00:00,169.15157192201912,171.69815632959336,168.1133538766339,168.46595764160156,96904000,0.0,0.0,2026-01-27 14:01:10.178449+00:00
AAPL,2022-01-07 05:00:00,169.33768439473522,170.56200104833394,167.51590061636946,168.63247680664062,86709100,0.0,0.0,2026-01-27 14:01:10.178449+00:00
AAPL,2022-01-10 05:00:00,165.6059836604726,168.95571251516662,164.71467747425172,168.65208435058594,106765600,0.0,0.0,2026-01-27 14:01:10.178449+00:00
AAPL,2022-01-11 05:00:00,168.77945568721643,171.58067870481955,167.31027525099185,171.4827423095703,76138300,0.0,0.0,2026-01-27 14:01:10.178449+00:00
AAPL,2022-01-12 05:00:00,172.5013664795951,173.53958492379155,171.2280887319737,171.92349243164062,74805200,0.0,0.0,2026-01-27 14:01:10.178449+00:00
AAPL,2022-01-13 05:00:00,172.16831849084767,172.9910557649256,168.26029402106818,168.65208435058594,84505800,0.0,0.0,2026-01-27 14:01:10.178449+00:00
AAPL,2022-01-14 05:00:00,167.81954242119846,170.20941111487983,167.57467907053888,169.51400756835938,80440800,0.0,0.0,2026-01-27 14:01:10.178449+00:00
AAPL,2022-01-18 05:00:00,167.98607548786666,168.99491146380436,165.92923196932753,166.31121826171875,90956700,0.0,0.0,2026-01-27 14:01:10.178449+00:00
AAPL,2022-01-19 05:00:00,166.50708841129685,167.56489994287205,162.53050974989438,162.81454467773438,94815000,0.0,0.0,2026-01-27 14:01:10.178449+00:00
AAPL,2022-01-20 05:00:00,163.54914953452655,166.19367112950465,160.8066766064742,161.12989807128906,91420500,0.0,0.0,2026-01-27 14:01:10.178449+00:00
AAPL,2022-01-21 05:00:00,161.0417244969125,162.9124840575923,158.96528809380473,159.07302856445312,122848900,0.0,0.0,2026-01-27 14:01:10.178449+00:00
AAPL,2022-01-24 05:00:00,156.73215398969816,158.96530678454897,151.52145417153005,158.2992706298828,162294600,0.0,0.0,2026-01-27 14:01:10.178449+00:00
AAPL,2022-01-25 05:00:00,155.71348938472497,159.41582185177984,153.79376918824497,156.49705505371094,115798400,0.0,0.0,2026-01-27 14:01:10.178449+00:00
AAPL,2022-01-26 05:00:00,160.14063545703362,161.01234841002858,154.57734716045317,156.40892028808594,108275300,0.0,0.0,2026-01-27 14:01:10.178449+00:00
AAPL,2022-01-27 05:00:00,159.11219273840803,160.47363228871149,155.02787408749768,155.9485626220703,121954600,0.0,0.0,2026-01-27 14:01:10.178449+00:00
AAPL,2022-01-28 05:00:00,162.30523687541563,166.8499002604039,159.4550237648548,166.83030700683594,179935700,0.0,0.0,2026-01-27 14:01:10.178449+00:00
AAPL,2022-01-31 05:00:00,166.66381797685227,171.40436952425716,166.0271642085972,171.1888885498047,115541600,0.0,0.0,2026-01-27 14:01:10.178449+00:00
AAPL,2022-02-01 05:00:00,170.43469133018758,171.2476394960686,168.76962343591478,171.02236938476562,86213900,0.0,0.0,2026-01-27 14:01:10.178449+00:00
AAPL,2022-02-02 05:00:00,171.15946552150538,172.26625254169926,169.7686436179964,172.22706604003906,84914300,0.0,0.0,2026-01-27 14:01:10.178449+00:00
AAPL,2022-02-03 05:00:00,170.8950419808838,172.61888970067017,168.5835311300311,169.34750366210938,89418100,0.0,0.0,2026-01-27 14:01:10.178449+00:00
AAPL,2022-02-04 05:00:00,168.3667905913057,170.74010088602927,167.3860892995176,169.06309509277344,82465400,0.22,0.0,2026-01-27 14:01:10.178449+00:00
AAPL,2022-02-07 05:00:00,169.52400639061884,170.59296708423147,167.65086354740316,168.34716796875,77251200,0.0,0.0,2026-01-27 14:01:10.178449+00:00
AAPL,2022-02-08 05:00:00,168.4158139278121,171.965962469506,168.12160057312957,171.45599365234375,74829200,0.0,0.0,2026-01-27 14:01:10.178449+00:00
AAPL,2022-02-09 05:00:00,172.65247937368048,173.2408912177467,171.524663818335,172.87803649902344,71285000,0.0,0.0,2026-01-27 14:01:10.178449+00:00
AAPL,2022-02-10 05:00:00,170.77931477893978,172.09345086021537,168.23930213729955,168.7982940673828,90865900,0.0,0.0,2026-01-27 14:01:10.178449+00:00
AAPL,2022-02-11 05:00:00,169.00425774018962,169.73978371917386,164.79704076038374,165.38546752929688,98670700,0.0,0.0,2026-01-27 14:01:10.178449+00:00
AAPL,2022-02-14 05:00:00,164.13999610862248,166.30735288699964,163.345630332233,165.62086486816406,86185500,0.0,0.0,2026-01-27 14:01:10.178449+00:00
AAPL,2022-02-15 05:00:00,167.670499489042,169.61228383864895,166.96439336840055,169.4553680419922,62527400,0.0,0.0,2026-01-27 14:01:10.178449+00:00
AAPL,2022-02-16 05:00:00,168.53355893920678,169.99479459859117,166.76829324447385,169.2200469970703,61177400,0.0,0.0,2026-01-27 14:01:10.178449+00:00
AAPL,2022-02-17 05:00:00,167.72936698979834,168.59238905022963,165.21877368416162,165.62086486816406,69589300,0.0,0.0,2026-01-27 14:01:10.178449+00:00
AAPL,2022-02-18 05:00:00,166.5426908818598,167.24878200376986,162.98274061084325,164.07131958007812,82772700,0.0,0.0,2026-01-27 14:01:10.178449+00:00
AAPL,2022-02-22 05:00:00,161.79611631133258,163.47312232621292,159.02072949307376,161.14886474609375,91162800,0.0,0.0,2026-01-27 14:01:10.178449+00:00
AAPL,2022-02-23 05:00:00,162.34527208329274,162.94350042130728,156.66701864895236,156.98085021972656,90009200,0.0,0.0,2026-01-27 14:01:10.178449+00:00
AAPL,2022-02-24 05:00:00,149.63540593186767,159.70721245821238,149.06659738297807,159.59933471679688,141147500,0.0,0.0,2026-01-27 14:01:10.178449+00:00
AAPL,2022-02-25 05:00:00,160.67812209433018,161.9334187541049,157.76543758855004,161.66864013671875,91974200,0.0,0.0,2026-01-27 14:01:10.178449+00:00
AAPL,2022-02-28 05:00:00,159.91318321993836,162.22763934438854,159.29533649012686,161.9334259033203,95056600,0.0,0.0,2026-01-27 14:01:10.178449+00:00
AAPL,2022-03-01 05:00:00,161.52154367056178,163.3848856100544,158.84423260622265,160.0504913330078,83474400,0.0,0.0,2026-01-27 14:01:10.178449+00:00
AAPL,2022-03-02 05:00:00,161.21747641613547,164.13016029917193,159.8052642347465,163.34559631347656,79724800,0.0,0.0,2026-01-27 14:01:10.178449+00:00
AAPL,2022-03-03 05:00:00,165.21876441640376,165.6502754224143,162.35511815252505,163.02198791503906,76678400,0.0,0.0,2026-01-27 14:01:10.178449+00:00
AAPL,2022-03-04 05:00:00,161.31557487047283,162.35511593567728,158.97169917829748,160.0210418701172,83737200,0.0,0.0,2026-01-27 14:01:10.178449+00:00
AAPL,2022-03-07 05:00:00,160.2073369360896,161.8353044006897,155.97070087847666,156.22569274902344,96418800,0.0,0.0,2026-01-27 14:01:10.178449+00:00
AAPL,2022-03-08 05:00:00,155.754968485403,159.73661287922712,152.79324673379338,154.40159606933594,131148300,0.0,0.0,2026-01-27 14:01:10.178449+00:00
AAPL,2022-03-09 05:00:00,158.36363528455044,160.25639649791017,156.33359145766846,159.80526733398438,91454900,0.0,0.0,2026-01-27 14:01:10.178449+00:00
AAPL,2022-03-10 05:00:00,157.10834060556428,157.29467624132576,152.96978004521466,155.4607696533203,105342000,0.0,0.0,2026-01-27 14:01:10.178449+00:00
AAPL,2022-03-11 05:00:00,155.86285431301891,156.2061057623046,151.51835462854714,151.74391174316406,96970100,0.0,0.0,2026-01-27 14:01:10.178449+00:00
AAPL,2022-03-14 04:00:00,148.52719485737234,151.14566528522778,147.2032572060636,147.7132110595703,108732100,0.0,0.0,2026-01-27 14:01:10.178449+00:00
AAPL,2022-03-15 04:00:00,147.9877839917826,152.5676711113034,147.47783021480524,152.096923828125,92964300,0.0,0.0,2026-01-27 14:01:10.178449+00:00
AAPL,2022-03-16 04:00:00,154.019111832328,156.91217710483616,151.4790995568782,156.5100860595703,102300200,0.0,0.0,2026-01-27 14:01:10.178449+00:00
AAPL,2022-03-17 04:00:00,155.549028989307,157.89290442537197,154.58794593498652,157.52023315429688,75615400,0.0,0.0,2026-01-27 14:01:10.178449+00:00
AAPL,2022-03-18 04:00:00,157.41236437319773,161.30574983268542,156.67683837905244,160.81539916992188,123511700,0.0,0.0,2026-01-27 14:01:10.178449+00:00
AAPL,2022-03-21 04:00:00,160.3544483255179,163.13965111509174,159.86409772398687,162.18836975097656,95811400,0.0,0.0,2026-01-27 14:01:10.178449+00:00
AAPL,2022-03-22 04:00:00,162.3158776286816,166.15042355950408,161.7274657879275,165.56201171875,81532000,0.0,0.0,2026-01-27 14:01:10.178449+00:00
AAPL,2022-03-23 04:00:00,164.74801286692667,169.30826781804822,164.41456305995604,166.9251708984375,98062700,0.0,0.0,2026-01-27 14:01:10.178449+00:00
AAPL,2022-03-24 04:00:00,167.75875768604743,170.77931940838403,166.9251705809909,170.71067810058594,90131400,0.0,0.0,2026-01-27 14:01:10.178449+00:00
AAPL,2022-03-25 04:00:00,170.52438934290058,171.89736551944648,169.41619180905553,171.34817504882812,80546200,0.0,0.0,2026-01-27 14:01:10.178449+00:00
AAPL,2022-03-28 04:00:00,168.84733794398963,172.33863211398676,168.68062052174977,172.21115112304688,90371900,0.0,0.0,2026-01-27 14:01:10.178449+00:00
AAPL,2022-03-29 04:00:00,173.28010585750482,175.55532497081904,172.93685443507036,175.5063018798828,100589400,0.0,0.0,2026-01-27 14:01:10.178449+00:00
AAPL,2022-03-30 04:00:00,175.1042096873483,176.14375060919454,173.2899064045924,174.33926391601562,92633200,0.0,0.0,2026-01-27 14:01:10.178449+00:00
AAPL,2022-03-31 04:00:00,174.40794163317304,174.5942773022763,171.03432626332767,171.2402801513672,103049300,0.0,0.0,2026-01-27 14:01:10.178449+00:00
AAPL,2022-04-01 04:00:00,170.6714345147771,171.5050365492017,168.62177252764585,170.94602966308594,78751300,0.0,0.0,2026-01-27 14:01:10.178449+00:00
AAPL,2022-04-04 04:00:00,171.2010287452735,175.04537594723365,171.07353279095375,174.996337890625,76468400,0.0,0.0,2026-01-27 14:01:10.178449+00:00
AAPL,2022-04-05 04:00:00,174.07449332905188,174.85905741860927,171.0539313110609,171.68157958984375,73401800,0.0,0.0,2026-01-27 14:01:10.178449+00:00
AAPL,2022-04-06 04:00:00,169.0337171495412,170.2792122888408,166.84675691678004,168.51394653320312,89058800,0.0,0.0,2026-01-27 14:01:10.178449+00:00
AAPL,2022-04-07 04:00:00,167.85684898260146,170.01438898962488,166.57213259059588,168.81793212890625,77594700,0.0,0.0,2026-01-27 14:01:10.178449+00:00
AAPL,2022-04-08 04:00:00,168.4648674430598,168.4648674430598,165.93465630346196,166.80747985839844,76575500,0.0,0.0,2026-01-27 14:01:10.178449+00:00
AAPL,2022-04-11 04:00:00,165.45413695115786,165.76795361235142,162.3060789266503,162.55125427246094,72246700,0.0,0.0,2026-01-27 14:01:10.178449+00:00
AAPL,2022-04-12 04:00:00,164.77744578641645,166.59173431379904,163.42407312851623,164.4243927001953,79265200,0.0,0.0,2026-01-27 14:01:10.178449+00:00
AAPL,2022-04-13 04:00:00,164.15963540586662,167.739190155047,163.55160522029982,167.11154174804688,70618900,0.0,0.0,2026-01-27 14:01:10.178449+00:00
AAPL,2022-04-14 04:00:00,167.3272369412417,167.96470171120438,161.85492235187505,162.10009765625,75329400,0.0,0.0,2026-01-27 14:01:10.178449+00:00
AAPL,2022-04-18 04:00:00,160.75652313100682,163.38480987049903,160.41328672328103,161.88433837890625,69023900,0.0,0.0,2026-01-27 14:01:10.178449+00:00
AAPL,2022-04-19 04:00:00,161.8353289533827,164.58129552240263,160.7467499371193,164.1693878173828,67723800,0.0,0.0,2026-01-27 14:01:10.178449+00:00
AAPL,2022-04-20 04:00:00,165.50315744246095,165.62085178233113,162.89450317699752,164.002685546875,67929800,0.0,0.0,2026-01-27 14:01:10.178449+00:00
AAPL,2022-04-21 04:00:00,165.65024919174274,168.21968163880754,162.70814548680565,163.2082977294922,87227800,0.0,0.0,2026-01-27 14:01:10.178449+00:00
AAPL,2022-04-22 04:00:00,163.2475677102336,164.6303453628702,158.38328200071132,158.6676788330078,84882400,0.0,0.0,2026-01-27 14:01:10.178449+00:00
AAPL,2022-04-25 04:00:00,158.01060452122857,160.02104538080667,155.40195017437114,159.7366485595703,96046400,0.0,0.0,2026-01-27 14:01:10.178449+00:00
AAPL,2022-04-26 04:00:00,159.1187908139756,159.207050342252,153.69551365548884,153.7739715576172,95623200,0.0,0.0,2026-01-27 14:01:10.178449+00:00
AAPL,2022-04-27 04:00:00,152.90114966122312,156.70626068843154,152.38137914765707,153.5484161376953,88063200,0.0,0.0,2026-01-27 14:01:10.178449+00:00
AAPL,2022-04-28 04:00:00,156.17665619730724,161.34495538360846,155.86282465033622,160.48193359375,130216800,0.0,0.0,2026-01-27 14:01:10.178449+00:00
AAPL,2022-04-29 04:00:00,158.71671584912357,162.9925746827483,154.21529987659397,154.60757446289062,131747600,0.0,0.0,2026-01-27 14:01:10.178449+00:00
AAPL,2022-05-02 04:00:00,153.6856836225158,155.17633859448196,150.31206927613945,154.91156005859375,123055300,0.0,0.0,2026-01-27 14:01:10.178449+00:00
AAPL,2022-05-03 04:00:00,155.09790243206862,157.60851029484962,153.30323224685807,156.40223693847656,88966500,0.0,0.0,2026-01-27 14:01:10.178449+00:00
AAPL,2022-05-04 04:00:00,156.58858056796436,163.26715427373458,156.18648942865437,162.8160400390625,108256500,0.0,0.0,2026-01-27 14:01:10.178449+00:00
AAPL,2022-05-05 04:00:00,160.68791986588977,160.91347698312873,151.9596689981739,153.7445526123047,130525300,0.0,0.0,2026-01-27 14:01:10.178449+00:00
AAPL,2022-05-06 04:00:00,153.22401904266582,156.59277501720737,151.4266967858706,154.47134399414062,116124600,0.23,0.0,2026-01-27 14:01:10.178449+00:00
AAPL,2022-05-09 04:00:00,152.16327128379606,153.04720818256274,148.78471498335946,149.3445281982422,131577900,0.0,0.0,2026-01-27 14:01:10.178449+00:00
AAPL,2022-05-10 04:00:00,152.7427360024197,153.94095050381603,150.19897670016442,151.75076293945312,115366700,0.0,0.0,2026-01-27 14:01:10.178449+00:00
AAPL,2022-05-11 04:00:00,150.75883036017825,152.67400468671187,143.20615431110124,143.8838348388672,142689800,0.0,0.0,2026-01-27 14:01:10.178449+00:00
AAPL,2022-05-12 04:00:00,140.22044713133192,143.58918770892123,136.32134136947613,140.01419067382812,182602000,0.0,0.0,2026-01-27 14:01:10.178449+00:00
AAPL,2022-05-13 04:00:00,142.0079231185743,145.45525149236786,140.55435700186288,144.48292541503906,113990900,0.0,0.0,2026-01-27 14:01:10.178449+00:00
AAPL,2022-05-16 04:00:00,142.95079475797485,144.88561601712348,141.60524980458257,142.9409637451172,86643800,0.0,0.0,2026-01-27 14:01:10.178449+00:00
AAPL,2022-05-17 04:00:00,146.20171700867192,147.09547018171415,144.06063880216985,146.57493591308594,78336300,0.0,0.0,2026-01-27 14:01:10.178449+00:00
AAPL,2022-05-18 04:00:00,144.22755158559363,144.72843858583792,137.40165303300168,138.30523681640625,109742900,0.0,0.0,2026-01-27 14:01:10.178449+00:00
AAPL,2022-05-19 04:00:00,137.38205052865445,139.13026237954173,134.160625433561,134.89723205566406,136095600,0.0,0.0,2026-01-27 14:01:10.178449+00:00
AAPL,2022-05-20 04:00:00,136.60614779257094,138.1873972505803,130.2418708685785,135.1329345703125,137426100,0.0,0.0,2026-01-27 14:01:10.178449+00:00
AAPL,2022-05-23 04:00:00,135.3293635083762,140.70168239695178,135.19186420352216,140.5543670654297,117726300,0.0,0.0,2026-01-27 14:01:10.178449+00:00
AAPL,2022-05-24 04:00:00,138.29544611720485,139.43473470985077,134.87759532556828,137.85348510742188,104132700,0.0,0.0,2026-01-27 14:01:10.178449+00:00
AAPL,2022-05-25 04:00:00,135.95794665102005,139.25794526331134,135.86955744381711,138.01063537597656,92482700,0.0,0.0,2026-01-27 14:01:10.178449+00:00
AAPL,2022-05-26 04:00:00,134.93652895354754,141.7624148884754,134.69099338044722,141.21241760253906,90601500,0.0,0.0,2026-01-27 14:01:10.178449+00:00
AAPL,2022-05-27 04:00:00,142.79366865497497,147.00705253559786,142.66598536012808,146.9677734375,90978500,0.0,0.0,2026-01-27 14:01:10.178449+00:00
AAPL,2022-05-31 04:00:00,146.40794084331958,147.9695433008326,144.2177530085784,146.18203735351562,103718400,0.0,0.0,2026-01-27 14:01:10.178449+00:00
AAPL,2022-06-01 04:00:00,147.2231036462002,149.03025660842948,145.04274685421817,146.0543670654297,74286600,0.0,0.0,2026-01-27 14:01:10.178449+00:00
AAPL,2022-06-02 04:00:00,145.1900746138875,148.5686459793301,144.2373955374819,148.5097198486328,72348100,0.0,0.0,2026-01-27 14:01:10.178449+00:00
AAPL,2022-06-03 04:00:00,144.27668941243508,145.327588805216,141.88027492949882,142.78384399414062,88570300,0.0,0.0,2026-01-27 14:01:10.178449+00:00
AAPL,2022-06-06 04:00:00,144.40437947478588,145.91688699135824,142.31241160472894,143.5302734375,71598400,0.0,0.0,2026-01-27 14:01:10.178449+00:00
AAPL,2022-06-07 04:00:00,141.77222665254513,146.33918169758047,141.52669111278408,146.0543670654297,67808200,0.0,0.0,2026-01-27 14:01:10.178449+00:00
AAPL,2022-06-08 04:00:00,145.9267182867478,147.19367537745603,144.8267236041916,145.3177947998047,53950200,0.0,0.0,2026-01-27 14:01:10.178449+00:00
AAPL,2022-06-09 04:00:00,144.45348753415902,145.3079465173713,139.98473718785118,140.0927734375,69473000,0.0,0.0,2026-01-27 14:01:10.178449+00:00
AAPL,2022-06-10 04:00:00,137.7749096051149,138.2463336751748,134.61241045362357,134.68116760253906,91437900,0.0,0.0,2026-01-27 14:01:10.178449+00:00
AAPL,2022-06-13 04:00:00,130.49721341200205,132.78560625742455,129.0927574306163,129.52490234375,122207100,0.0,0.0,2026-01-27 14:01:10.178449+00:00
AAPL,2022-06-14 04:00:00,130.7526087731312,131.49903152365633,129.1320649915738,130.3892059326172,84784300,0.0,0.0,2026-01-27 14:01:10.178449+00:00
AAPL,2022-06-15 04:00:00,131.89187879778933,134.8874157174927,129.79992595411264,133.0115203857422,91533000,0.0,0.0,2026-01-27 14:01:10.178449+00:00
AAPL,2022-06-16 04:00:00,129.72133518143346,130.0257968459268,126.7356146942801,127.7374038696289,108123900,0.0,0.0,2026-01-27 14:01:10.178449+00:00
AAPL,2022-06-17 04:00:00,127.74724995941776,130.70349274398822,127.4918833825682,129.21063232421875,134520300,0.0,0.0,2026-01-27 14:01:10.178449+00:00
AAPL,2022-06-21 04:00:00,131.0373890350951,134.61238545733227,130.93918382298145,133.44363403320312,81000500,0.0,0.0,2026-01-27 14:01:10.178449+00:00
AAPL,2022-06-22 04:00:00,132.38295585554104,135.29991972582334,131.5186808102628,132.93296813964844,73409200,0.0,0.0,2026-01-27 14:01:10.178449+00:00
AAPL,2022-06-23 04:00:00,134.3767387138988,136.11512007981293,133.20798678744393,135.80084228515625,72433800,0.0,0.0,2026-01-27 14:01:10.178449+00:00
AAPL,2022-06-24 04:00:00,137.40169953003104,139.375815112003,137.27403122380292,139.13027954101562,89116800,0.0,0.0,2026-01-27 14:01:10.178449+00:00
AAPL,2022-06-27 04:00:00,140.15170092235036,140.92760171899965,138.45259896728206,139.13027954101562,70207900,0.0,0.0,2026-01-27 14:01:10.178449+00:00
AAPL,2022-06-28 04:00:00,139.59189131103963,140.85884829692233,134.86778919791303,134.9856414794922,67083400,0.0,0.0,2026-01-27 14:01:10.178449+00:00
AAPL,2022-06-29 04:00:00,135.00527146488074,138.15793948922365,134.2293707457082,136.74365234375,66242400,0.0,0.0,2026-01-27 14:01:10.178449+00:00
AAPL,2022-06-30 04:00:00,134.79900702917675,135.89900141660408,131.38115662088498,134.27847290039062,98964500,0.0,0.0,2026-01-27 14:01:10.178449+00:00
AAPL,2022-07-01 04:00:00,133.61062978312276,136.5570566364842,133.23742590571564,136.4490203857422,71051600,0.0,0.0,2026-01-27 14:01:10.178449+00:00
AAPL,2022-07-05 04:00:00,135.3097312194843,139.08115356288656,134.4847204054961,139.03204345703125,73353800,0.0,0.0,2026-01-27 14:01:10.178449+00:00
AAPL,2022-07-06 04:00:00,138.82581180795694,141.54633502633234,138.56062920663072,140.36776733398438,74064300,0.0,0.0,2026-01-27 14:01:10.178449+00:00
AAPL,2022-07-07 04:00:00,140.7311436298687,143.9329366653727,140.72132760332855,143.73651123046875,66253700,0.0,0.0,2026-01-27 14:01:10.178449+00:00
AAPL,2022-07-08 04:00:00,142.66595755400886,144.9150713790322,142.41060600038625,144.41416931152344,64547800,0.0,0.0,2026-01-27 14:01:10.178449+00:00
AAPL,2022-07-11 04:00:00,143.06866052706354,144.02133971358117,141.2124122640522,142.28294372558594,63141600,0.0,0.0,2026-01-27 14:01:10.178449+00:00
AAPL,2022-07-12 04:00:00,143.15705931439427,145.79902455570198,142.45974665881124,143.25527954101562,77588800,0.0,0.0,2026-01-27 14:01:10.178449+00:00
AAPL,2022-07-13 04:00:00,140.4365056872071,143.83470899507392,139.58203186092555,142.89186096191406,71185600,0.0,0.0,2026-01-27 14:01:10.178449+00:00
AAPL,2022-07-14 04:00:00,141.50706056941064,146.29008864591398,140.69188068401962,145.81866455078125,78140700,0.0,0.0,2026-01-27 14:01:10.178449+00:00
AAPL,2022-07-15 04:00:00,147.1052616395071,148.1659770435882,145.55347512166446,147.48829650878906,76259900,0.0,0.0,2026-01-27 14:01:10.178449+00:00
AAPL,2022-07-18 04:00:00,148.04810908676706,148.86328884760215,144.08024651562505,144.4436492919922,81420900,0.0,0.0,2026-01-27 14:01:10.178449+00:00
AAPL,2022-07-19 04:00:00,145.27849702782842,148.52938586254203,144.28653863291348,148.30349731445312,82982400,0.0,0.0,2026-01-27 14:01:10.178449+00:00
AAPL,2022-07-20 04:00:00,148.42134117440867,150.9749171763546,147.6847344414976,150.3070526123047,64823400,0.0,0.0,2026-01-27 14:01:10.178449+00:00
AAPL,2022-07-21 04:00:00,151.74100910144742,152.79190872036585,149.22672681770464,152.57583618164062,65086600,0.0,0.0,2026-01-27 14:01:10.178449+00:00
AAPL,2022-07-22 04:00:00,152.6150905928328,153.48919663577172,150.6704530452512,151.3383026123047,66675400,0.0,0.0,2026-01-27 14:01:10.178449+00:00
AAPL,2022-07-25 04:00:00,151.2597268643066,152.27133221190695,149.56062491925485,150.21865844726562,53623900,0.0,0.0,2026-01-27 14:01:10.178449+00:00
AAPL,2022-07-26 04:00:00,149.5409483577187,150.35612808602866,148.10702930699426,148.8927459716797,55138700,0.0,0.0,2026-01-27 14:01:10.178449+00:00
AAPL,2022-07-27 04:00:00,149.85528602165928,154.52046232301393,149.44278802073802,153.99009704589844,78620700,0.0,0.0,2026-01-27 14:01:10.178449+00:00
AAPL,2022-07-28 04:00:00,154.17666680263463,154.82488420275592,151.65256933071927,154.54006958007812,81378700,0.0,0.0,2026-01-27 14:01:10.178449+00:00
AAPL,2022-07-29 04:00:00,158.3606307359644,160.70795024668809,156.6516977293032,159.60794067382812,101786900,0.0,0.0,2026-01-27 14:01:10.178449+00:00
AAPL,2022-08-01 04:00:00,158.1347223194791,160.66865118760447,158.01687004208316,158.62579345703125,67829400,0.0,0.0,2026-01-27 14:01:10.178449+00:00
AAPL,2022-08-02 04:00:00,157.24094628726945,159.50969199737088,156.77933833047933,157.1525421142578,59907000,0.0,0.0,2026-01-27 14:01:10.178449+00:00
AAPL,2022-08-03 04:00:00,157.96774380452692,163.61506130985595,157.8793546055034,163.1632843017578,82507500,0.0,0.0,2026-01-27 14:01:10.178449+00:00
AAPL,2022-08-04 04:00:00,163.0454244700845,164.20436008201335,161.49363796486168,162.8489990234375,55474100,0.0,0.0,2026-01-27 14:01:10.178449+00:00
AAPL,2022-08-05 04:00:00,160.51811452535523,163.11457128010184,160.31157154170887,162.62281799316406,56697000,0.23,0.0,2026-01-27 14:01:10.178449+00:00
AAPL,2022-08-08 04:00:00,163.62597080235415,165.04222255656555,161.49176350864772,162.1507110595703,60276900,0.0,0.0,2026-01-27 14:01:10.178449+00:00
AAPL,2022-08-09 04:00:00,161.31472511427808,163.0850396486981,160.5574209787257,162.1998748779297,63135500,0.0,0.0,2026-01-27 14:01:10.178449+00:00
AAPL,2022-08-10 04:00:00,164.91437134851807,166.54699582568117,164.14723743893427,166.4486541748047,70170500,0.0,0.0,2026-01-27 14:01:10.178449+00:00
AAPL,2022-08-11 04:00:00,167.25509577756023,168.16976453213815,165.41594361409508,165.71099853515625,57149200,0.0,0.0,2026-01-27 14:01:10.178449+00:00
AAPL,2022-08-12 04:00:00,167.01906593388134,169.33029699566112,166.60598003496278,169.26145935058594,68039400,0.0,0.0,2026-01-27 14:01:10.178449+00:00
AAPL,2022-08-15 04:00:00,168.6910268994302,170.5301791193321,168.52383260735886,170.33348083496094,54091700,0.0,0.0,2026-01-27 14:01:10.178449+00:00
AAPL,2022-08-16 04:00:00,169.930270808534,170.84493975917735,168.82874820804471,170.1761474609375,56377100,0.0,0.0,2026-01-27 14:01:10.178449+00:00
AAPL,2022-08-17 04:00:00,169.9204107737534,173.24465231523857,169.72371248841205,171.67105102539062,79542000,0.0,0.0,2026-01-27 14:01:10.178449+00:00
AAPL,2022-08-18 04:00:00,170.88425233332873,172.01527879196829,170.26463844345383,171.27764892578125,62290100,0.0,0.0,2026-01-27 14:01:10.178449+00:00
AAPL,2022-08-19 04:00:00,170.1761140668042,170.87441022573427,168.48448182965225,168.69102478027344,70346300,0.0,0.0,2026-01-27 14:01:10.178449+00:00
AAPL,2022-08-22 04:00:00,166.89119627908354,167.05839055907853,164.38325206492678,164.80616760253906,69026800,0.0,0.0,2026-01-27 14:01:10.178449+00:00
AAPL,2022-08-23 04:00:00,164.32426652803133,165.92738691269662,163.90135093265715,164.47178649902344,54147100,0.0,0.0,2026-01-27 14:01:10.178449+00:00
AAPL,2022-08-24 04:00:00,164.56028725907692,165.3372506609901,163.50792827667766,164.76681518554688,53841500,0.0,0.0,2026-01-27 14:01:10.178449+00:00
AAPL,2022-08-25 04:00:00,165.9962181286182,167.33378750652878,165.57331755675585,167.22560119628906,51218200,0.0,0.0,2026-01-27 14:01:10.178449+00:00
AAPL,2022-08-26 04:00:00,167.75670773498427,168.2287866440609,160.8623176958489,160.92132568359375,78961000,0.0,0.0,2026-01-27 14:01:10.178449+00:00
AAPL,2022-08-29 04:00:00,158.4920749241394,160.2132113909233,157.18402441564837,158.71829223632812,73314000,0.0,0.0,2026-01-27 14:01:10.178449+00:00
AAPL,2022-08-30 04:00:00,159.45593989303725,159.87884055422813,155.11867191243329,156.28904724121094,77906200,0.0,0.0,2026-01-27 14:01:10.178449+00:00
AAPL,2022-08-31 04:00:00,157.66589243531146,157.9314433381074,154.54817926746995,154.62686157226562,87991100,0.0,0.0,2026-01-27 14:01:10.178449+00:00
AAPL,2022-09-01 04:00:00,154.05642452911226,155.8070645231953,152.11891593895604,155.3546600341797,74229900,0.0,0.0,2026-01-27 14:01:10.178449+00:00
AAPL,2022-09-02 04:00:00,157.11512947985167,157.71506891570877,152.41397062462312,153.2401123046875,76957800,0.0,0.0,2026-01-27 14:01:10.178449+00:00
AAPL,2022-09-06 04:00:00,153.88928271826865,154.4990520231096,151.1551355030448,151.9812774658203,73714800,0.0,0.0,2026-01-27 14:01:10.178449+00:00
AAPL,2022-09-07 04:00:00,152.26648324611122,154.08596126340717,151.07643378022465,153.38768005371094,87449600,0.0,0.0,2026-01-27 14:01:10.178449+00:00
AAPL,2022-09-08 04:00:00,152.0894537868935,153.7810862700933,150.1617743268103,151.9124298095703,84923800,0.0,0.0,2026-01-27 14:01:10.178449+00:00
AAPL,2022-09-09 04:00:00,152.90572755463288,155.21697339109355,152.19760180929663,154.77438354492188,68028800,0.0,0.0,2026-01-27 14:01:10.178449+00:00
AAPL,2022-09-12 04:00:00,156.9577901423654,161.5507634451195,156.67257987610813,160.7344512939453,104956000,0.0,0.0,2026-01-27 14:01:10.178449+00:00
AAPL,2022-09-13 04:00:00,157.26269006575274,157.89213365235918,150.8403935469479,151.30264282226562,122656600,0.0,0.0,2026-01-27 14:01:10.178449+00:00
AAPL,2022-09-14 04:00:00,152.2369398106262,154.50885206267736,151.07640953249754,152.7483673095703,87965400,0.0,0.0,2026-01-27 14:01:10.178449+00:00
AAPL,2022-09-15 04:00:00,152.09925057054045,152.67953072071606,148.8831956207659,149.8568572998047,90481100,0.0,0.0,2026-01-27 14:01:10.178449+00:00
AAPL,2022-09-16 04:00:00,148.71601438946803,148.85370468985187,145.92284471335466,148.21441650390625,162278800,0.0,0.0,2026-01-27 14:01:10.178449+00:00
AAPL,2022-09-19 04:00:00,146.84732672200167,152.01073491901784,146.64079879810572,151.9320526123047,81474200,0.0,0.0,2026-01-27 14:01:10.178449+00:00
AAPL,2022-09-20 04:00:00,150.8699064647989,155.47272515734463,150.5551921564435,154.3121795654297,107689800,0.0,0.0,2026-01-27 14:01:10.178449+00:00
AAPL,2022-09-21 04:00:00,154.74492033364538,156.12183853779936,151.06661536137307,151.18463134765625,101696800,0.0,0.0,2026-01-27 14:01:10.178449+00:00
AAPL,2022-09-22 04:00:00,149.86673172221157,151.92225679396847,148.42097590441998,150.22079467773438,86652500,0.0,0.0,2026-01-27 14:01:10.178449+00:00
AAPL,2022-09-23 04:00:00,148.69634230303134,148.97172290795524,146.10971554201328,147.94886779785156,96029900,0.0,0.0,2026-01-27 14:01:10.178449+00:00
AAPL,2022-09-26 04:00:00,147.19157145564952,151.23378336075643,147.17189712565283,148.28326416015625,93339400,0.0,0.0,2026-01-27 14:01:10.178449+00:00
AAPL,2022-09-27 04:00:00,150.22080529252614,152.16814418194363,147.47681344155066,149.2569580078125,84442700,0.0,0.0,2026-01-27 14:01:10.178449+00:00
AAPL,2022-09-28 04:00:00,145.20488028971093,148.15539940831013,142.45105944426174,147.36859130859375,146691400,0.0,0.0,2026-01-27 14:01:10.178449+00:00
AAPL,2022-09-29 04:00:00,143.69030869298015,144.30007793360352,138.35969014393336,140.1300048828125,128138200,0.0,0.0,2026-01-27 14:01:10.178449+00:00
AAPL,2022-09-30 04:00:00,138.9498106360333,140.7397998435746,135.72391020279727,135.9206085205078,124925300,0.0,0.0,2026-01-27 14:01:10.178449+00:00
AAPL,2022-10-03 04:00:00,135.930451339268,140.71029392940602,135.41902371449189,140.1005096435547,114311700,0.0,0.0,2026-01-27 14:01:10.178449+00:00
AAPL,2022-10-04 04:00:00,142.6379484443843,143.80832359652302,141.88064422703837,143.6903076171875,87830100,0.0,0.0,2026-01-27 14:01:10.178449+00:00
AAPL,2022-10-05 04:00:00,141.69376449693982,144.94916805569278,140.65123517873155,143.98532104492188,79471000,0.0,0.0,2026-01-27 14:01:10.178449+00:00
AAPL,2022-10-06 04:00:00,143.40506352233135,145.1065253655181,142.8247983571862,143.0313262939453,68402200,0.0,0.0,2026-01-27 14:01:10.178449+00:00
AAPL,2022-10-07 04:00:00,140.18899129011243,140.73976746295003,137.14996021039673,137.77940368652344,85925600,0.0,0.0,2026-01-27 14:01:10.178449+00:00
AAPL,2022-10-10 04:00:00,138.10398864746094,139.54974448383035,136.28451052504542,138.10398864746094,74899000,0.0,0.0,2026-01-27 14:01:10.178449+00:00
AAPL,2022-10-11 04:00:00,137.5925684188842,139.01866500579175,135.9402845213117,136.687744140625,77033700,0.0,0.0,2026-01-27 14:01:10.178449+00:00
AAPL,2022-10-12 04:00:00,136.8352517842159,138.04496046792565,135.88124936484056,136.0582733154297,70433700,0.0,0.0,2026-01-27 14:01:10.178449+00:00
AAPL,2022-10-13 04:00:00,132.76352584164425,141.2216713360496,132.15374170783133,140.63157653808594,113224000,0.0,0.0,2026-01-27 14:01:10.178449+00:00
AAPL,2022-10-14 04:00:00,141.9297957953737,142.13633872738868,135.9107418701706,136.0976104736328,88598000,0.0,0.0,2026-01-27 14:01:10.178449+00:00
AAPL,2022-10-17 04:00:00,138.7432621845146,140.5430657827838,137.95645402263972,140.0611572265625,85250900,0.0,0.0,2026-01-27 14:01:10.178449+00:00
AAPL,2022-10-18 04:00:00,143.09038098743915,144.2804155723702,138.2908639653918,141.3790740966797,99136600,0.0,0.0,2026-01-27 14:01:10.178449+00:00
AAPL,2022-10-19 04:00:00,139.35302135031444,142.5592467457927,139.1661527370201,141.4872283935547,61758300,0.0,0.0,2026-01-27 14:01:10.178449+00:00
AAPL,2022-10-20 04:00:00,140.6611013003117,143.4837601022304,140.29719369702107,141.02499389648438,64522000,0.0,0.0,2026-01-27 14:01:10.178449+00:00
AAPL,2022-10-21 04:00:00,140.51356590449524,145.4114389768542,140.29719327846567,144.84100341796875,86548600,0.0,0.0,2026-01-27 14:01:10.178449+00:00
AAPL,2022-10-24 04:00:00,144.7622969983835,147.75214959476102,143.59192208164805,146.98501586914062,75981900,0.0,0.0,2026-01-27 14:01:10.178449+00:00
AAPL,2022-10-25 04:00:00,147.6144876838341,149.97491229930705,146.89653213741997,149.82737731933594,74732300,0.0,0.0,2026-01-27 14:01:10.178449+00:00
AAPL,2022-10-26 04:00:00,148.47013415168624,149.48314455270017,145.59828223025528,146.88668823242188,88194300,0.0,0.0,2026-01-27 14:01:10.178449+00:00
AAPL,2022-10-27 04:00:00,145.62782920100577,146.59166146526223,141.75281080290236,142.41175842285156,109180200,0.0,0.0,2026-01-27 14:01:10.178449+00:00
AAPL,2022-10-28 04:00:00,145.75564835945892,154.90226106166642,145.3819261249116,153.17129516601562,164762400,0.0,0.0,2026-01-27 14:01:10.178449+00:00
AAPL,2022-10-31 04:00:00,150.63384336153183,151.6960320711127,149.41429002672783,150.8108673095703,97943200,0.0,0.0,2026-01-27 14:01:10.178449+00:00
AAPL,2022-11-01 04:00:00,152.52219441549877,152.88608702918296,146.6703335656384,148.16525268554688,80379300,0.0,0.0,2026-01-27 14:01:10.178449+00:00
AAPL,2022-11-02 04:00:00,146.4932672707352,149.660158906191,142.60842020451807,142.63792419433594,93604600,0.0,0.0,2026-01-27 14:01:10.178449+00:00
AAPL,2022-11-03 04:00:00,139.7169294177421,140.44472962212055,136.4615253404881,136.58938598632812,97918500,0.0,0.0,2026-01-27 14:01:10.178449+00:00
AAPL,2022-11-04 04:00:00,139.97826383175124,140.54964571240953,132.38285778027205,136.3234100341797,140814800,0.23,0.0,2026-01-27 14:01:10.178449+00:00
AAPL,2022-11-07 05:00:00,135.07226465763827,137.08193945756335,133.6536636073325,136.85536193847656,83374600,0.0,0.0,2026-01-27 14:01:10.178449+00:00
AAPL,2022-11-08 05:00:00,138.32325240295037,139.32808250128076,135.44665078479818,137.42677307128906,89908500,0.0,0.0,2026-01-27 14:01:10.178449+00:00
AAPL,2022-11-09 05:00:00,136.44161049413725,136.49087039963513,132.58971737719733,132.8655548095703,74917800,0.0,0.0,2026-01-27 14:01:10.178449+00:00
AAPL,2022-11-10 05:00:00,139.14090816003963,144.68722534179688,137.42676248525757,144.68722534179688,118854000,0.0,0.0,2026-01-27 14:01:10.178449+00:00
AAPL,2022-11-11 05:00:00,143.65281852957958,147.78053378231226,142.22435652176193,147.4751434326172,93979700,0.0,0.0,2026-01-27 14:01:10.178449+00:00
AAPL,2022-11-14 05:00:00,146.75602639191197,148.04655491917902,145.23890527483894,146.07627868652344,73374100,0.0,0.0,2026-01-27 14:01:10.178449+00:00
AAPL,2022-11-15 05:00:00,149.9576976256643,151.3073317859871,146.35208917690562,147.81008911132812,89868300,0.0,0.0,2026-01-27 14:01:10.178449+00:00
AAPL,2022-11-16 05:00:00,146.91361736230309,147.642609775535,145.100952232511,146.5786590576172,64218300,0.0,0.0,2026-01-27 14:01:10.178449+00:00
AAPL,2022-11-17 05:00:00,144.25373060276158,149.2286798359038,143.97789320265173,148.47998046875,80389400,0.0,0.0,2026-01-27 14:01:10.178449+00:00
AAPL,2022-11-18 05:00:00,150.0463641188946,150.4305673318375,147.74114484123723,149.04151916503906,74829600,0.0,0.0,2026-01-27 14:01:10.178449+00:00
AAPL,2022-11-21 05:00:00,147.928327968664,148.1351985339266,145.52458880647748,145.81027221679688,58724100,0.0,0.0,2026-01-27 14:01:10.178449+00:00
AAPL,2022-11-22 05:00:00,145.92849249022925,148.1844518302865,144.7463148991296,147.94801330566406,51804100,0.0,0.0,2026-01-27 14:01:10.178449+00:00
AAPL,2022-11-23 05:00:00,147.22884977452136,149.57348268525726,147.12048400893244,148.8247833251953,58301400,0.0,0.0,2026-01-27 14:01:10.178449+00:00
AAPL,2022-11-25 05:00:00,146.1058228227629,146.66735873059727,144.93350612985708,145.90879821777344,35195900,0.0,0.0,2026-01-27 14:01:10.178449+00:00
AAPL,2022-11-28 05:00:00,142.98289353666578,144.46060017306456,141.24905649481454,142.07656860351562,69246000,0.0,0.0,2026-01-27 14:01:10.178449+00:00
AAPL,2022-11-29 05:00:00,142.14554009146167,142.6578160052338,138.26410941652946,139.07191467285156,83763800,0.0,0.0,2026-01-27 14:01:10.178449+00:00
AAPL,2022-11-30 05:00:00,139.29851639049443,146.50973424229787,138.46115805437884,145.82998657226562,111380900,0.0,0.0,2026-01-27 14:01:10.178449+00:00
AAPL,2022-12-01 05:00:00,146.00729966926298,146.9136247638141,144.43107296360157,146.10580444335938,71250400,0.0,0.0,2026-01-27 14:01:10.178449+00:00
AAPL,2022-12-02 05:00:00,143.7907393167646,145.80041408602733,143.48533393064037,145.6132354736328,65447400,0.0,0.0,2026-01-27 14:01:10.178449+00:00
AAPL,2022-12-05 05:00:00,145.57384712908555,148.6770258303521,143.60357112015112,144.45079040527344,68826400,0.0,0.0,2026-01-27 14:01:10.178449+00:00
AAPL,2022-12-06 05:00:00,144.88426506871545,145.11084261882044,139.81079492252832,140.7860870361328,64727200,0.0,0.0,2026-01-27 14:01:10.178449+00:00
AAPL,2022-12-07 05:00:00,140.07675927915528,141.23921477643742,137.91930489039092,138.8453369140625,69721100,0.0,0.0,2026-01-27 14:01:10.178449+00:00
AAPL,2022-12-08 05:00:00,140.24422386630843,141.38698737134578,139.00295559622268,140.5299072265625,62128300,0.0,0.0,2026-01-27 14:01:10.178449+00:00
AAPL,2022-12-09 05:00:00,140.22452830407295,143.40653461732074,138.80592729031733,140.04721069335938,76097000,0.0,0.0,2026-01-27 14:01:10.178449+00:00
AAPL,2022-12-12 05:00:00,140.5791849523235,142.35243630018152,138.9635592869445,142.34259033203125,70462700,0.0,0.0,2026-01-27 14:01:10.178449+00:00
AAPL,2022-12-13 05:00:00,147.27811851695523,147.7411345402718,142.0962984876822,143.30801391601562,93886200,0.0,0.0,2026-01-27 14:01:10.178449+00:00
AAPL,2022-12-14 05:00:00,143.1898139764628,144.48034234830936,139.06208336103646,141.0816192626953,82291200,0.0,0.0,2026-01-27 14:01:10.178449+00:00
AAPL,2022-12-15 05:00:00,139.01283101163355,139.69257867211073,134.00832790749715,134.47134399414062,98931900,0.0,0.0,2026-01-27 14:01:10.178449+00:00
AAPL,2022-12-16 05:00:00,134.6585187405124,135.60424282446493,131.74250357896327,132.5109100341797,160156900,0.0,0.0,2026-01-27 14:01:10.178449+00:00
AAPL,2022-12-19 05:00:00,133.1020090197244,133.19066784085936,129.3683422424563,130.40272521972656,79592600,0.0,0.0,2026-01-27 14:01:10.178449+00:00
AAPL,2022-12-20 05:00:00,129.43727633927583,131.26963355148135,127.9595693949815,130.33375549316406,77432800,0.0,0.0,2026-01-27 14:01:10.178449+00:00
AAPL,2022-12-21 05:00:00,131.00362844860888,134.77670825725167,130.77705094971176,133.43692016601562,85928000,0.0,0.0,2026-01-27 14:01:10.178449+00:00
AAPL,2022-12-22 05:00:00,132.35330392731453,132.56017450128888,128.3634917913713,130.26480102539062,77852100,0.0,0.0,2026-01-27 14:01:10.178449+00:00
AAPL,2022-12-23 05:00:00,128.97425178436364,130.45195863115794,127.71327647766012,129.90028381347656,63814900,0.0,0.0,2026-01-27 14:01:10.178449+00:00
AAPL,2022-12-27 05:00:00,129.42743066905106,129.45698360544398,126.80696007412172,128.0974884033203,69007800,0.0,0.0,2026-01-27 14:01:10.178449+00:00
AAPL,2022-12-28 05:00:00,127.7428420402377,129.08263031505834,123.99932216789122,124.1667938232422,85438400,0.0,0.0,2026-01-27 14:01:10.178449+00:00
AAPL,2022-12-29 05:00:00,126.08781241864538,128.5408039711882,125.8316819463041,127.6837387084961,75703700,0.0,0.0,2026-01-27 14:01:10.178449+00:00
AAPL,2022-12-30 05:00:00,126.50154851054428,128.0186541085182,125.53611015946498,127.99894714355467,77034200,0.0,0.0,2026-01-27 14:01:10.178449+00:00
AAPL,2023-01-03 05:00:00,128.34375651124384,128.95453716141313,122.32456371138078,123.21118927001952,112117500,0.0,0.0,2026-01-27 14:01:10.178449+00:00
AAPL,2023-01-04 05:00:00,125.00417001301612,126.7478686186016,123.22107249842936,124.48204803466795,89113600,0.0,0.0,2026-01-27 14:01:10.178449+00:00
AAPL,2023-01-05 05:00:00,125.24059093401247,125.87107865122056,122.9058186898535,123.16194915771484,80962700,0.0,0.0,2026-01-27 14:01:10.178449+00:00
AAPL,2023-01-06 05:00:00,124.13723200436364,128.3536136037993,123.03387482286254,127.69357299804688,87754700,0.0,0.0,2026-01-27 14:01:10.178449+00:00
AAPL,2023-01-09 05:00:00,128.53096489801374,131.4272732222333,127.95958301489432,128.21571350097656,70790800,0.0,0.0,2026-01-27 14:01:10.178449+00:00
AAPL,2023-01-10 05:00:00,128.32406282244906,129.30920076375085,126.21586822934368,128.78707885742188,63896200,0.0,0.0,2026-01-27 14:01:10.178449+00:00
AAPL,2023-01-11 05:00:00,129.29934353146365,131.52574967331964,128.52109123972087,131.5060577392578,69458900,0.0,0.0,2026-01-27 14:01:10.178449+00:00
AAPL,2023-01-12 05:00:00,131.89026209256642,132.26460425926095,129.48652329837336,131.42724609375,71379600,0.0,0.0,2026-01-27 14:01:10.178449+00:00
AAPL,2023-01-13 05:00:00,130.0677644513709,132.914812571895,129.70326821418658,132.75718688964844,57809700,0.0,0.0,2026-01-27 14:01:10.178449+00:00
AAPL,2023-01-17 05:00:00,132.82612842305298,135.24955893921694,132.13653498479533,133.9196319580078,63646600,0.0,0.0,2026-01-27 14:01:10.178449+00:00
AAPL,2023-01-18 05:00:00,134.78660397065414,136.54999458059902,133.02319832869463,133.20053100585938,69672800,0.0,0.0,2026-01-27 14:01:10.178449+00:00
AAPL,2023-01-19 05:00:00,132.0873116107182,134.22505937639417,131.78192122019502,133.25962829589844,58280400,0.0,0.0,2026-01-27 14:01:10.178449+00:00
AAPL,2023-01-20 05:00:00,133.26943492058444,135.9687177935021,132.225191300495,135.82093811035156,80223600,0.0,0.0,2026-01-27 14:01:10.178449+00:00
AAPL,2023-01-23 05:00:00,136.06726442233395,141.18999437445396,135.85053284595898,139.01283264160156,81760300,0.0,0.0,2026-01-27 14:01:10.178449+00:00
AAPL,2023-01-24 05:00:00,138.22472018745663,141.03236969957698,138.21487421828232,140.41172790527344,66435100,0.0,0.0,2026-01-27 14:01:10.178449+00:00
AAPL,2023-01-25 05:00:00,138.79610855058309,140.31321463501226,136.74701946562928,139.75169372558594,65799300,0.0,0.0,2026-01-27 14:01:10.178449+00:00
AAPL,2023-01-26 05:00:00,141.04221286895242,142.10616376720364,139.79108333600698,141.8204803466797,54105100,0.0,0.0,2026-01-27 14:01:10.178449+00:00
AAPL,2023-01-27 05:00:00,141.03236318771044,145.0418671305683,140.95355034191297,143.7611846923828,70555800,0.0,0.0,2026-01-27 14:01:10.178449+00:00
AAPL,2023-01-30 05:00:00,142.80561778514152,143.38684562469143,140.72697590646771,140.87474060058594,64015300,0.0,0.0,2026-01-27 14:01:10.178449+00:00
AAPL,2023-01-31 05:00:00,140.57918779657314,142.19481349464007,140.16543164570373,142.1455535888672,65874500,0.0,0.0,2026-01-27 14:01:10.178449+00:00
AAPL,2023-02-01 05:00:00,141.83032262446247,144.43108640849707,139.21971287170524,143.26861572265625,77663600,0.0,0.0,2026-01-27 14:01:10.178449+00:00
AAPL,2023-02-02 05:00:00,146.68704352311798,148.93315698101298,145.96789698553212,148.57852172851562,118339000,0.0,0.0,2026-01-27 14:01:10.178449+00:00
AAPL,2023-02-03 05:00:00,145.82996797468513,155.04101372137666,145.6329433931969,152.2038116455078,154357300,0.0,0.0,2026-01-27 14:01:10.178449+00:00
AAPL,2023-02-06 05:00:00,150.30250288074524,150.82462478693864,148.53909754834626,149.4749755859375,69858300,0.0,0.0,2026-01-27 14:01:10.178449+00:00
AAPL,2023-02-07 05:00:00,148.40120972216627,152.92299020492754,148.40120972216627,152.3516082763672,83322600,0.0,0.0,2026-01-27 14:01:10.178449+00:00
AAPL,2023-02-08 05:00:00,151.5930321421785,152.28262569889247,148.9233016908853,149.6621551513672,64120100,0.0,0.0,2026-01-27 14:01:10.178449+00:00
AAPL,2023-02-09 05:00:00,151.49450140964842,152.036330247997,148.1844375441137,148.62774658203125,56007100,0.0,0.0,2026-01-27 14:01:10.178449+00:00
AAPL,2023-02-10 05:00:00,147.46352995054943,149.3184067990407,147.22673043469464,148.99281311035156,57450700,0.23,0.0,2026-01-27 14:01:10.178449+00:00
AAPL,2023-02-13 05:00:00,148.9336502097566,152.19943377089027,148.90405214554428,151.794921875,62199000,0.0,0.0,2026-01-27 14:01:10.178449+00:00
AAPL,2023-02-14 05:00:00,150.08800434565288,151.7159729836762,148.84484061249728,151.15357971191406,61707600,0.0,0.0,2026-01-27 14:01:10.178449+00:00
AAPL,2023-02-15 05:00:00,151.06476513520522,153.4228390365263,150.83784167870803,153.25511169433594,65573800,0.0,0.0,2026-01-27 14:01:10.178449+00:00
AAPL,2023-02-16 05:00:00,151.4594283283723,154.24176636818623,151.3015770289575,151.65676879882812,68167900,0.0,0.0,2026-01-27 14:01:10.178449+00:00
AAPL,2023-02-17 05:00:00,150.314927401964,150.95623873407766,148.83496427712012,150.5122528076172,59144100,0.0,0.0,2026-01-27 14:01:10.178449+00:00
AAPL,2023-02-21 05:00:00,148.1936690103287,149.27898155177908,146.42758593465936,146.49664306640625,58867200,0.0,0.0,2026-01-27 14:01:10.178449+00:00
AAPL,2023-02-22 05:00:00,146.88142431742384,147.9469997349945,145.19427453082793,146.9208984375,51011300,0.0,0.0,2026-01-27 14:01:10.178449+00:00
AAPL,2023-02-23 05:00:00,148.08511286734324,148.33177339849212,145.27319184522457,147.40432739257812,48394200,0.0,0.0,2026-01-27 14:01:10.178449+00:00
AAPL,2023-02-24 05:00:00,145.1449254913303,145.22385866894857,143.77349352201168,144.75027465820312,55469600,0.0,0.0,2026-01-27 14:01:10.178449+00:00
AAPL,2023-02-27 05:00:00,145.73692063205627,147.1774097603546,145.48038403430326,145.94410705566406,44998500,0.0,0.0,2026-01-27 14:01:10.178449+00:00
AAPL,2023-02-28 05:00:00,145.08572620470352,147.08860849628215,144.86866373473268,145.44091796875,50547000,0.0,0.0,2026-01-27 14:01:10.178449+00:00
AAPL,2023-03-01 05:00:00,144.86867310742886,145.26332395747403,143.07297711330398,143.3689727783203,55479000,0.0,0.0,2026-01-27 14:01:10.178449+00:00
AAPL,2023-03-02 05:00:00,142.4514066454644,144.7502847940671,141.97780754659183,143.96096801757812,52238100,0.0,0.0,2026-01-27 14:01:10.178449+00:00
AAPL,2023-03-03 05:00:00,146.06247767198354,149.09147589261863,145.36197027021535,149.01254272460938,70732300,0.0,0.0,2026-01-27 14:01:10.178449+00:00
AAPL,2023-03-06 05:00:00,151.7356876269036,154.21216902598104,151.41010897005816,151.77516174316406,87558000,0.0,0.0,2026-01-27 14:01:10.178449+00:00
AAPL,2023-03-07 05:00:00,151.64687511738626,151.9724687898397,149.11121296034582,149.57493591308594,56182000,0.0,0.0,2026-01-27 14:01:10.178449+00:00
AAPL,2023-03-08 05:00:00,150.76879154793838,151.41997901042942,149.80188641133856,150.82798767089844,47204800,0.0,0.0,2026-01-27 14:01:10.178449+00:00
AAPL,2023-03-09 05:00:00,151.50875841619168,152.47566345847628,148.2232384177023,148.57843017578125,53833600,0.0,0.0,2026-01-27 14:01:10.178449+00:00
AAPL,2023-03-10 05:00:00,148.2035375357173,148.92378215572674,145.63826168901898,146.51637268066406,68572400,0.0,0.0,2026-01-27 14:01:10.178449+00:00
AAPL,2023-03-13 04:00:00,145.83558063473313,151.09438534791173,145.72704939093524,148.46005249023438,84457100,0.0,0.0,2026-01-27 14:01:10.178449+00:00
AAPL,2023-03-14 04:00:00,149.25922844223368,151.35090505544113,148.0949978910982,150.55172729492188,73695900,0.0,0.0,2026-01-27 14:01:10.178449+00:00
AAPL,2023-03-15 04:00:00,149.17039166199476,151.20287157254486,147.91735223031125,150.94635009765625,77167900,0.0,0.0,2026-01-27 14:01:10.178449+00:00
AAPL,2023-03-16 04:00:00,150.1274466592856,154.3700101664544,149.6143886164517,153.76815795898438,76161100,0.0,0.0,2026-01-27 14:01:10.178449+00:00
AAPL,2023-03-17 04:00:00,153.99511025228628,154.64629769155513,152.21915135199143,152.92953491210938,98944600,0.0,0.0,2026-01-27 14:01:10.178449+00:00
AAPL,2023-03-20 04:00:00,152.99860710640667,155.7118730486912,152.09088307007352,155.29747009277344,73641400,0.0,0.0,2026-01-27 14:01:10.178449+00:00
AAPL,2023-03-21 04:00:00,155.21853377224946,157.2707359778321,154.44893912645242,157.15234375,73938300,0.0,0.0,2026-01-27 14:01:10.178449+00:00
AAPL,2023-03-22 04:00:00,157.17209056471103,159.97415053377057,155.7019884063488,155.7217254638672,75701800,0.0,0.0,2026-01-27 14:01:10.178449+00:00
AAPL,2023-03-23 04:00:00,156.7083516682842,159.39201912983532,155.57370432805416,156.8070068359375,67622100,0.0,0.0,2026-01-27 14:01:10.178449+00:00
AAPL,2023-03-24 04:00:00,156.73797352277555,158.1981996984371,155.74147036488569,158.10940551757812,59196500,0.0,0.0,2026-01-27 14:01:10.178449+00:00
AAPL,2023-03-27 04:00:00,157.80357078673757,158.6224856967079,155.76121401338384,156.16574096679688,52390300,0.0,0.0,2026-01-27 14:01:10.178449+00:00
AAPL,2023-03-28 04:00:00,155.85984584155918,156.3729039229444,153.8964227422894,155.5441131591797,45992200,0.0,0.0,2026-01-27 14:01:10.178449+00:00
AAPL,2023-03-29 04:00:00,157.24115895998125,158.89872564622954,157.2214369560123,158.62246704101562,51305700,0.0,0.0,2026-01-27 14:01:10.178449+00:00
AAPL,2023-03-30 04:00:00,159.37229315696538,160.2997391161816,159.11577163727372,160.1912078857422,49501700,0.0,0.0,2026-01-27 14:01:10.178449+00:00
AAPL,2023-03-31 04:00:00,160.27014967971024,162.79595111857384,159.74723055627194,162.69728088378906,68749800,0.0,0.0,2026-01-27 14:01:10.178449+00:00
AAPL,2023-04-03 04:00:00,162.07568831410026,164.06869434845072,162.0263532022681,163.95030212402344,56976200,0.0,0.0,2026-01-27 14:01:10.178449+00:00
AAPL,2023-04-04 04:00:00,164.37458557847015,164.61137005549932,162.90448337873613,163.41754150390625,46278300,0.0,0.0,2026-01-27 14:01:10.178449+00:00
AAPL,2023-04-05 04:00:00,162.53942989245922,162.84528654392068,159.63869962188485,161.572509765625,51511700,0.0,0.0,2026-01-27 14:01:10.178449+00:00
AAPL,2023-04-06 04:00:00,160.2602872813979,162.75650592852264,159.83603835658786,162.46051025390625,45390100,0.0,0.0,2026-01-27 14:01:10.178449+00:00
AAPL,2023-04-10 04:00:00,159.26376357061562,159.86561584472656,157.94166678976978,159.86561584472656,47716900,0.0,0.0,2026-01-27 14:01:10.178449+00:00
AAPL,2023-04-11 04:00:00,160.1813521100088,160.19121311129285,158.36591919116847,158.6520538330078,47644200,0.0,0.0,2026-01-27 14:01:10.178449+00:00
AAPL,2023-04-12 04:00:00,159.0664602524204,159.8952361057982,157.64569304379242,157.96142578125,50133100,0.0,0.0,2026-01-27 14:01:10.178449+00:00
AAPL,2023-04-13 04:00:00,159.47099850154177,163.585295053308,159.2637969960001,163.34849548339844,68445600,0.0,0.0,2026-01-27 14:01:10.178449+00:00
AAPL,2023-04-14 04:00:00,162.39143019016473,164.0983319737809,161.63172656331614,163.00315856933594,49386500,0.0,0.0,2026-01-27 14:01:10.178449+00:00
AAPL,2023-04-17 04:00:00,162.8847436304976,163.1807392768596,161.83890539432053,163.0228729248047,41516200,0.0,0.0,2026-01-27 14:01:10.178449+00:00
AAPL,2023-04-18 04:00:00,163.88128507276087,165.17378402192244,163.4372840126962,164.246337890625,49923000,0.0,0.0,2026-01-27 14:01:10.178449+00:00
AAPL,2023-04-19 04:00:00,163.5852815705882,165.91375779040226,163.3287449605883,165.39083862304688,47720200,0.0,0.0,2026-01-27 14:01:10.178449+00:00
AAPL,2023-04-20 04:00:00,163.8713720291843,165.62759364761484,163.34845295487423,164.42388916015625,52456400,0.0,0.0,2026-01-27 14:01:10.178449+00:00
AAPL,2023-04-21 04:00:00,162.84527188495923,164.22656472043278,162.2927547507698,162.815673828125,58337300,0.0,0.0,2026-01-27 14:01:10.178449+00:00
AAPL,2023-04-24 04:00:00,162.79595779149312,163.387949114539,161.70078438233358,163.12155151367188,41949600,0.0,0.0,2026-01-27 14:01:10.178449+00:00
AAPL,2023-04-25 04:00:00,162.98341218856248,164.08844653165775,161.54290808705858,161.58238220214844,48714100,0.0,0.0,2026-01-27 14:01:10.178449+00:00
AAPL,2023-04-26 04:00:00,160.8818632857178,163.07221001839787,160.625341751742,161.572509765625,45498800,0.0,0.0,2026-01-27 14:01:10.178449+00:00
AAPL,2023-04-27 04:00:00,162.98339664348885,166.30837541189834,162.98339664348885,166.16038513183594,64902300,0.0,0.0,2026-01-27 14:01:10.178449+00:00
AAPL,2023-04-28 04:00:00,166.23933019675923,167.5811640335514,165.63747792316207,167.41342163085938,55275900,0.0,0.0,2026-01-27 14:01:10.178449+00:00
AAPL,2023-05-01 04:00:00,167.01878932487827,168.17315888477142,166.38733892318547,167.32464599609375,52472900,0.0,0.0,2026-01-27 14:01:10.178449+00:00
AAPL,2023-05-02 04:00:00,167.81796415576136,168.07450075678005,165.3020235951721,166.28866577148438,48425700,0.0,0.0,2026-01-27 14:01:10.178449+00:00
AAPL,2023-05-03 04:00:00,167.23586119850705,168.63689138543253,164.92712194913543,165.21324157714844,65136000,0.0,0.0,2026-01-27 14:01:10.178449+00:00
AAPL,2023-05-04 04:00:00,162.68742177323023,164.8086963510818,162.11516752574818,163.5753936767578,81235400,0.0,0.0,2026-01-27 14:01:10.178449+00:00
AAPL,2023-05-05 04:00:00,168.6960655683585,171.97172463520235,168.4790030974248,171.25148010253906,113453200,0.0,0.0,2026-01-27 14:01:10.178449+00:00
AAPL,2023-05-08 04:00:00,170.1760244116815,171.5277343198539,169.8109716539451,171.18240356445312,55962800,0.0,0.0,2026-01-27 14:01:10.178449+00:00
AAPL,2023-05-09 04:00:00,170.73844101187063,171.221886069674,169.30781278853107,169.4755401611328,45326900,0.0,0.0,2026-01-27 14:01:10.178449+00:00
AAPL,2023-05-10 04:00:00,170.70881232248743,171.70531537679722,169.60376298512443,171.24159240722656,53724500,0.0,0.0,2026-01-27 14:01:10.178449+00:00
AAPL,2023-05-11 04:00:00,171.52774738748727,172.2578529585823,169.87018071223292,171.4290771484375,49514700,0.0,0.0,2026-01-27 14:01:10.178449+00:00
AAPL,2023-05-12 04:00:00,171.5377460938216,171.97247152405595,168.94917294661113,170.50035095214844,45533100,0.24,0.0,2026-01-27 14:01:10.178449+00:00
AAPL,2023-05-15 04:00:00,171.0832715155854,171.13267487374878,169.4135375098661,170.00634765625,37266700,0.0,0.0,2026-01-27 14:01:10.178449+00:00
AAPL,2023-05-16 04:00:00,169.92730529834623,171.0635071571624,169.73958158279842,170.00634765625,42110300,0.0,0.0,2026-01-27 14:01:10.178449+00:00
AAPL,2023-05-17 04:00:00,169.65066921503973,170.85602374756016,168.37613188825594,170.61891174316406,57951600,0.0,0.0,2026-01-27 14:01:10.178449+00:00
AAPL,2023-05-18 04:00:00,170.92517510124802,173.13831574371522,170.51021405749552,172.95059204101562,65496700,0.0,0.0,2026-01-27 14:01:10.178449+00:00
AAPL,2023-05-19 04:00:00,174.27452457823847,174.27452457823847,172.84191768629904,173.0592803955078,55809500,0.0,0.0,2026-01-27 14:01:10.178449+00:00
AAPL,2023-05-22 04:00:00,171.8934465890232,172.61470252401188,171.36980410656224,172.11080932617188,43570900,0.0,0.0,2026-01-27 14:01:10.178449+00:00
AAPL,2023-05-23 04:00:00,171.05360389467134,171.3006055683709,169.2257854789803,169.50242614746094,50747300,0.0,0.0,2026-01-27 14:01:10.178449+00:00
AAPL,2023-05-24 04:00:00,169.03806296692736,170.35211368921475,168.47490698639612,169.77906799316406,45143500,0.0,0.0,2026-01-27 14:01:10.178449+00:00
AAPL,2023-05-25 04:00:00,170.3422679275043,171.814388514026,169.63090177565675,170.91531372070312,56058300,0.0,0.0,2026-01-27 14:01:10.178449+00:00
AAPL,2023-05-26 04:00:00,171.2413696393752,173.66198362102864,171.0338815491583,173.3260498046875,54835000,0.0,0.0,2026-01-27 14:01:10.178449+00:00
AAPL,2023-05-30 04:00:00,174.8376957969301,176.84334846181008,174.45237373510062,175.17361450195312,55964400,0.0,0.0,2026-01-27 14:01:10.178449+00:00
AAPL,2023-05-31 04:00:00,175.20326416230037,177.19904230758075,174.64009299685546,175.1242218017578,99625300,0.0,0.0,2026-01-27 14:01:10.178449+00:00
AAPL,2023-06-01 04:00:00,175.5687945017499,177.95976900098933,174.8080250915144,177.9301300048828,68901800,0.0,0.0,2026-01-27 14:01:10.178449+00:00
AAPL,2023-06-02 04:00:00,178.85888855278898,179.59989373048958,177.11011211219468,178.77984619140625,61996900,0.0,0.0,2026-01-27 14:01:10.178449+00:00
AAPL,2023-06-05 04:00:00,180.4397089160772,182.731877134779,175.90474568833295,177.42628479003906,121946500,0.0,0.0,2026-01-27 14:01:10.178449+00:00
AAPL,2023-06-06 04:00:00,177.81159450251565,177.95978950011877,175.30204865399,177.0607147216797,64848400,0.0,0.0,2026-01-27 14:01:10.178449+00:00
AAPL,2023-06-07 04:00:00,176.29993732672585,179.03672040758232,175.19337452542106,175.6873779296875,61944600,0.0,0.0,2026-01-27 14:01:10.178449+00:00
AAPL,2023-06-08 04:00:00,175.76642717021195,178.6711699623807,175.33171678380066,178.4044189453125,50214900,0.0,0.0,2026-01-27 14:01:10.178449+00:00
AAPL,2023-06-09 04:00:00,179.3232203666376,180.04446105377914,178.46365934119785,178.78970336914062,48900000,0.0,0.0,2026-01-27 14:01:10.178449+00:00
AAPL,2023-06-12 04:00:00,179.09601833213517,181.68459163427195,178.79961324143656,181.58578491210935,54274900,0.0,0.0,2026-01-27 14:01:10.178449+00:00
AAPL,2023-06-13 04:00:00,180.6076484418825,181.94144859403625,180.2519653861507,181.1115264892578,54929100,0.0,0.0,2026-01-27 14:01:10.178449+00:00
AAPL,2023-06-14 04:00:00,181.17082015656317,182.17859141427,179.8370198890403,181.74386596679688,57462900,0.0,0.0,2026-01-27 14:01:10.178449+00:00
AAPL,2023-06-15 04:00:00,181.7537423543279,184.2830374169013,181.57589328622848,183.77914428710935,65433200,0.0,0.0,2026-01-27 14:01:10.178449+00:00
AAPL,2023-06-16 04:00:00,184.4905147162389,184.7474061455162,182.0600263098281,182.7022247314453,101256200,0.0,0.0,2026-01-27 14:01:10.178449+00:00
AAPL,2023-06-20 04:00:00,182.1983426443928,183.86807659469076,182.1983426443928,182.7911376953125,49799100,0.0,0.0,2026-01-27 14:01:10.178449+00:00
AAPL,2023-06-21 04:00:00,182.68246747271863,183.18636063386023,180.40017397466636,181.75375366210935,49515700,0.0,0.0,2026-01-27 14:01:10.178449+00:00
AAPL,2023-06-22 04:00:00,181.53636658960147,184.8066665365007,181.4671988803744,184.75726318359372,51245300,0.0,0.0,2026-01-27 14:01:10.178449+00:00
AAPL,2023-06-23 04:00:00,183.3246636484937,185.31055187722217,182.79113153727351,184.44110107421875,53117000,0.0,0.0,2026-01-27 14:01:10.178449+00:00
AAPL,2023-06-26 04:00:00,184.58929217864656,185.79466154962324,183.00847544024853,183.04800415039065,48088700,0.0,0.0,2026-01-27 14:01:10.178449+00:00
AAPL,2023-06-27 04:00:00,183.66057729582204,186.13059421306957,183.4432146010413,185.80455017089844,50730800,0.0,0.0,2026-01-27 14:01:10.178449+00:00
AAPL,2023-06-28 04:00:00,185.67610944091007,187.6224840299043,185.3500804657921,186.98028564453125,51216800,0.0,0.0,2026-01-27 14:01:10.178449+00:00
AAPL,2023-06-29 04:00:00,186.8123450566035,187.7904773075337,186.67402469467496,187.31622314453125,46347300,0.0,0.0,2026-01-27 14:01:10.178449+00:00
AAPL,2023-06-30 04:00:00,189.33175958026345,192.14757008838143,188.96618679019105,191.6436920166016,85213200,0.0,0.0,2026-01-27 14:01:10.178449+00:00
AAPL,2023-07-03 04:00:00,191.4559555638213,191.55476227365415,189.46017761633829,190.15179443359372,31458200,0.0,0.0,2026-01-27 14:01:10.178449+00:00
AAPL,2023-07-05 04:00:00,189.2724664103648,190.66554451499093,188.33384790710164,189.03533935546875,46920300,0.0,0.0,2026-01-27 14:01:10.178449+00:00
AAPL,2023-07-06 04:00:00,187.56322301313529,189.71708585705596,186.93089921117289,189.5095977783203,45094300,0.0,0.0,2026-01-27 14:01:10.178449+00:00
AAPL,2023-07-07 04:00:00,189.11439856972888,190.3592817984136,187.9584323411384,188.3931427001953,46815000,0.0,0.0,2026-01-27 14:01:10.178449+00:00
AAPL,2023-07-10 04:00:00,186.9901598095207,187.71141562141003,184.7967835277645,186.34796142578125,59922200,0.0,0.0,2026-01-27 14:01:10.178449+00:00
AAPL,2023-07-11 04:00:00,186.8913747422291,187.0296950947768,184.3620796809065,185.82432556152344,46638100,0.0,0.0,2026-01-27 14:01:10.178449+00:00
AAPL,2023-07-12 04:00:00,187.4051170053163,189.4008949030878,186.2096372553674,187.4940490722656,60750200,0.0,0.0,2026-01-27 14:01:10.178449+00:00
AAPL,2023-07-13 04:00:00,188.21527762484376,188.89700466458703,187.50391158996257,188.2547912597656,41342300,0.0,0.0,2026-01-27 14:01:10.178449+00:00
AAPL,2023-07-14 04:00:00,187.948525384943,188.88712881002036,187.35573036289856,188.40301513671875,41616200,0.0,0.0,2026-01-27 14:01:10.178449+00:00
AAPL,2023-07-17 04:00:00,189.598506397075,191.9894962144421,189.5095893997432,191.6634521484375,50520200,0.0,0.0,2026-01-27 14:01:10.178449+00:00
AAPL,2023-07-18 04:00:00,191.0311532970488,191.99939590448756,190.1122989773791,191.40658569335935,48288200,0.0,0.0,2026-01-27 14:01:10.178449+00:00
AAPL,2023-07-19 04:00:00,190.7841182449009,195.85258285437448,190.3395031262878,192.7601318359375,80507300,0.0,0.0,2026-01-27 14:01:10.178449+00:00
AAPL,2023-07-20 04:00:00,192.7502514500073,194.1137057180757,190.1913173439326,190.8137664794922,59581200,0.0,0.0,2026-01-27 14:01:10.178449+00:00
AAPL,2023-07-21 04:00:00,191.77212935032983,192.63169045749677,188.93653953192955,189.63803100585935,71951700,0.0,0.0,2026-01-27 14:01:10.178449+00:00
AAPL,2023-07-24 04:00:00,191.09042743728983,192.5724378593397,189.94433575938183,190.43833923339844,45377800,0.0,0.0,2026-01-27 14:01:10.178449+00:00
AAPL,2023-07-25 04:00:00,191.01135149008,192.1080396126164,190.6062650944163,191.29786682128903,37283200,0.0,0.0,2026-01-27 14:01:10.178449+00:00
AAPL,2023-07-26 04:00:00,191.34728040522955,193.29365506077997,191.00148706119936,192.16732788085935,47471900,0.0,0.0,2026-01-27 14:01:10.178449+00:00
AAPL,2023-07-27 04:00:00,193.6690706016112,194.8349112293749,190.24068626964305,190.90264892578125,47460200,0.0,0.0,2026-01-27 14:01:10.178449+00:00
AAPL,2023-07-28 04:00:00,192.33527753863385,194.2717774555962,191.81163515269853,193.4813690185547,48291400,0.0,0.0,2026-01-27 14:01:10.178449+00:00
AAPL,2023-07-31 04:00:00,193.70862628447964,194.13347708185935,192.91821776612247,194.0939483642578,38824100,0.0,0.0,2026-01-27 14:01:10.178449+00:00
AAPL,2023-08-01 04:00:00,193.8864872822275,194.37060103419572,192.93799398672795,193.2640380859375,35175100,0.0,0.0,2026-01-27 14:01:10.178449+00:00
AAPL,2023-08-02 04:00:00,192.70084355962268,192.83916391140565,189.5491144671544,190.27035522460935,50389300,0.0,0.0,2026-01-27 14:01:10.178449+00:00
AAPL,2023-08-03 04:00:00,189.27250064800955,190.06289415573028,188.40304969856896,188.87728881835935,61235200,0.0,0.0,2026-01-27 14:01:10.178449+00:00
AAPL,2023-08-04 04:00:00,183.295020485719,185.13271368389903,179.73819007769723,179.80735778808594,115956800,0.0,0.0,2026-01-27 14:01:10.178449+00:00
AAPL,2023-08-07 04:00:00,179.9456936325003,180.9337004891865,175.2230220636036,176.7050323486328,97576100,0.0,0.0,2026-01-27 14:01:10.178449+00:00
AAPL,2023-08-08 04:00:00,177.5349343777014,178.10798009875546,175.45023954323045,177.64361572265625,67823000,0.0,0.0,2026-01-27 14:01:10.178449+00:00
AAPL,2023-08-09 04:00:00,178.7008146829172,178.76009268860713,174.88710720037176,176.05296325683594,60378500,0.0,0.0,2026-01-27 14:01:10.178449+00:00
AAPL,2023-08-10 04:00:00,177.3274561288203,178.58222898523437,175.47001359754938,175.8355712890625,54686900,0.0,0.0,2026-01-27 14:01:10.178449+00:00
AAPL,2023-08-11 04:00:00,175.4299516016464,176.71608281179377,174.6681548123879,175.89492797851562,52036700,0.24,0.0,2026-01-27 14:01:10.178449+00:00
AAPL,2023-08-14 04:00:00,176.0730260741773,177.77469387045335,175.42005736478495,177.54714965820312,43675600,0.0,0.0,2026-01-27 14:01:10.178449+00:00
AAPL,2023-08-15 04:00:00,176.97331337741676,177.56690888775307,175.1628176334086,175.5585479736328,43622600,0.0,0.0,2026-01-27 14:01:10.178449+00:00
AAPL,2023-08-16 04:00:00,175.24195572610614,176.6369149003717,174.61866613802027,174.68792724609375,46964900,0.0,0.0,2026-01-27 14:01:10.178449+00:00
AAPL,2023-08-17 04:00:00,175.25187020963352,175.6179215615527,171.6308784010705,172.1453399658203,66062900,0.0,0.0,2026-01-27 14:01:10.178449+00:00
AAPL,2023-08-18 04:00:00,170.46346761685473,173.23362560342792,170.12709527960956,172.630126953125,61172200,0.0,0.0,2026-01-27 14:01:10.178449+00:00
AAPL,2023-08-21 04:00:00,173.20394701107267,174.25264612165492,171.88812158676677,173.96572875976562,46311900,0.0,0.0,2026-01-27 14:01:10.178449+00:00
AAPL,2023-08-22 04:00:00,175.17271045239184,175.78609702554508,174.37134667878323,175.3408966064453,42038900,0.0,0.0,2026-01-27 14:01:10.178449+00:00
AAPL,2023-08-23 04:00:00,176.61716031274474,179.61486234805133,176.42918310654636,179.18943786621094,52722800,0.0,0.0,2026-01-27 14:01:10.178449+00:00
AAPL,2023-08-24 04:00:00,178.74423570753817,179.16966018527063,174.13390304899033,174.49996948242188,54945800,0.0,0.0,2026-01-27 14:01:10.178449+00:00
AAPL,2023-08-25 04:00:00,175.4893068451812,177.2404295003986,173.9459373407173,176.70619201660156,51449600,0.0,0.0,2026-01-27 14:01:10.178449+00:00
AAPL,2023-08-28 04:00:00,178.17042326142217,178.66509377862053,176.6468447107556,178.2693634033203,43820700,0.0,0.0,2026-01-27 14:01:10.178449+00:00
AAPL,2023-08-29 04:00:00,177.78458503986462,182.9291555203976,177.58671984756458,182.157470703125,53003900,0.0,0.0,2026-01-27 14:01:10.178449+00:00
AAPL,2023-08-30 04:00:00,182.96875056526045,185.8477368698333,182.7708853589575,185.6498565673828,60813900,0.0,0.0,2026-01-27 14:01:10.178449+00:00
AAPL,2023-08-31 04:00:00,185.8378136528603,187.10416895130783,185.4816502816628,185.86749267578125,60794500,0.0,0.0,2026-01-27 14:01:10.178449+00:00
AAPL,2023-09-01 04:00:00,187.47023078000296,187.89564016216335,186.27312153245367,187.4405517578125,45766500,0.0,0.0,2026-01-27 14:01:10.178449+00:00
AAPL,2023-09-05 04:00:00,186.27311615331163,187.95499277883357,185.61025951662367,187.677978515625,45280000,0.0,0.0,2026-01-27 14:01:10.178449+00:00
AAPL,2023-09-06 04:00:00,186.3918455631262,186.8370611072444,179.53571941437733,180.9603729248047,81755800,0.0,0.0,2026-01-27 14:01:10.178449+00:00
AAPL,2023-09-07 04:00:00,173.31273740579792,176.31045432139675,171.6902188794394,175.66737365722656,112488800,0.0,0.0,2026-01-27 14:01:10.178449+00:00
AAPL,2023-09-08 04:00:00,176.4489782367689,178.3188321743013,175.89493458078306,176.28077697753906,65551300,0.0,0.0,2026-01-27 14:01:10.178449+00:00
AAPL,2023-09-11 04:00:00,178.15063513987275,178.37817933531872,175.44972343125323,177.4481964111328,58953100,0.0,0.0,2026-01-27 14:01:10.178449+00:00
AAPL,2023-09-12 04:00:00,177.57682236385347,178.2100000030001,172.95660168355545,174.4208221435547,90370200,0.0,0.0,2026-01-27 14:01:10.178449+00:00
AAPL,2023-09-13 04:00:00,174.62857587906927,175.4101637291933,172.12554433664133,172.3531036376953,84267900,0.0,0.0,2026-01-27 14:01:10.178449+00:00
AAPL,2023-09-14 04:00:00,172.14530180128202,174.22292355113393,171.7297804705402,173.86676025390625,60895800,0.0,0.0,2026-01-27 14:01:10.178449+00:00
AAPL,2023-09-15 04:00:00,174.59889423512476,174.61868528190746,171.967258666553,173.14456176757812,109259500,0.0,0.0,2026-01-27 14:01:10.178449+00:00
AAPL,2023-09-18 04:00:00,174.59888982853914,177.46798769380123,174.2921965438023,176.07301330566406,67257600,0.0,0.0,2026-01-27 14:01:10.178449+00:00
AAPL,2023-09-19 04:00:00,175.62778883182762,177.71529859248022,175.2419465109555,177.16127014160156,51826900,0.0,0.0,2026-01-27 14:01:10.178449+00:00
AAPL,2023-09-20 04:00:00,177.34925024969752,177.78456267568592,173.5303936437239,173.61944580078125,58436200,0.0,0.0,2026-01-27 14:01:10.178449+00:00
AAPL,2023-09-21 04:00:00,172.6894667209782,174.42081339229338,172.00681904661934,172.07606506347656,63149100,0.0,0.0,2026-01-27 14:01:10.178449+00:00
AAPL,2023-09-22 04:00:00,172.80817906033587,175.19249433338604,172.19479251227028,172.92689514160156,56725400,0.0,0.0,2026-01-27 14:01:10.178449+00:00
AAPL,2023-09-25 04:00:00,172.3432048049037,175.08368369125543,172.29373473406022,174.2031707763672,46172700,0.0,0.0,2026-01-27 14:01:10.178449+00:00
AAPL,2023-09-26 04:00:00,172.95657538348075,173.33251464271248,169.8302546610243,170.12705993652344,64588900,0.0,0.0,2026-01-27 14:01:10.178449+00:00
AAPL,2023-09-27 04:00:00,170.7800319235512,171.19555331579562,167.24809254140138,168.61337280273438,66921800,0.0,0.0,2026-01-27 14:01:10.178449+00:00
AAPL,2023-09-28 04:00:00,167.53500431517824,170.19633406818943,165.83333655703308,168.87062072753906,56294400,0.0,0.0,2026-01-27 14:01:10.178449+00:00
AAPL,2023-09-29 04:00:00,170.18643455541363,171.22524557281096,168.52433390834895,169.38507080078125,51861100,0.0,0.0,2026-01-27 14:01:10.178449+00:00
AAPL,2023-10-02 04:00:00,169.39497856408786,172.44215085955082,169.10806120104496,171.89801025390625,52164500,0.0,0.0,2026-01-27 14:01:10.178449+00:00
AAPL,2023-10-03 04:00:00,170.42388604353025,171.77929356494764,168.9992475938596,170.56239318847656,49594600,0.0,0.0,2026-01-27 14:01:10.178449+00:00
AAPL,2023-10-04 04:00:00,169.26636140324675,172.35311583182798,169.14764530465982,171.80897521972656,53020300,0.0,0.0,2026-01-27 14:01:10.178449+00:00
AAPL,2023-10-05 04:00:00,171.93758200671277,173.5798918450903,170.83941278902026,173.045654296875,48527900,0.0,0.0,2026-01-27 14:01:10.178449+00:00
AAPL,2023-10-06 04:00:00,171.9474438386589,176.09278444180603,171.334042242395,175.59811401367188,57266700,0.0,0.0,2026-01-27 14:01:10.178449+00:00
AAPL,2023-10-09 04:00:00,174.9253669894116,177.1414961017949,173.92613808717138,177.08213806152344,42390800,0.0,0.0,2026-01-27 14:01:10.178449+00:00
AAPL,2023-10-10 04:00:00,176.20162316730602,177.80435062036204,176.0532129722285,176.488525390625,43698000,0.0,0.0,2026-01-27 14:01:10.178449+00:00
AAPL,2023-10-11 04:00:00,176.300562769531,177.9329844734106,175.70696722860302,177.88351440429688,47551100,0.0,0.0,2026-01-27 14:01:10.178449+00:00
AAPL,2023-10-12 04:00:00,178.1506510638416,180.3964443900188,177.13161588848607,178.78382873535156,56743100,0.0,0.0,2026-01-27 14:01:10.178449+00:00
AAPL,2023-10-13 04:00:00,179.48624788964275,179.9908063804386,176.24121051823693,176.9436492919922,51427100,0.0,0.0,2026-01-27 14:01:10.178449+00:00
AAPL,2023-10-16 04:00:00,174.86601479996662,177.17118104988546,174.6285675347915,176.8150177001953,52517000,0.0,0.0,2026-01-27 14:01:10.178449+00:00
AAPL,2023-10-17 04:00:00,174.76710920704838,176.51824728047166,172.9368371257381,175.26177978515625,57549400,0.0,0.0,2026-01-27 14:01:10.178449+00:00
AAPL,2023-10-18 04:00:00,173.7085055181981,175.68718764266174,173.24351401125745,173.96572875976562,54764400,0.0,0.0,2026-01-27 14:01:10.178449+00:00
AAPL,2023-10-19 04:00:00,174.16358722416024,175.9444040866048,173.32265641144056,173.58978271484375,59302900,0.0,0.0,2026-01-27 14:01:10.178449+00:00
AAPL,2023-10-20 04:00:00,173.44136860989997,173.55019672394363,170.7998299466356,171.0372772216797,64244000,0.0,0.0,2026-01-27 14:01:10.178449+00:00
AAPL,2023-10-23 04:00:00,169.08827156264798,172.15521956196545,168.11870652701532,171.15599060058594,55980100,0.0,0.0,2026-01-27 14:01:10.178449+00:00
AAPL,2023-10-24 04:00:00,171.20546620053886,171.81885280099095,169.62251453312876,171.59130859375,43816600,0.0,0.0,2026-01-27 14:01:10.178449+00:00
AAPL,2023-10-25 04:00:00,170.04792986204652,171.21534495437086,168.83102960610762,169.2762451171875,57157000,0.0,0.0,2026-01-27 14:01:10.178449+00:00
AAPL,2023-10-26 04:00:00,168.55401686361284,169.55326090861308,163.90411730631092,165.11111450195312,70625300,0.0,0.0,2026-01-27 14:01:10.178449+00:00
AAPL,2023-10-27 04:00:00,165.13090664912622,167.1590586780216,165.05175755916278,166.42694091796875,58499100,0.0,0.0,2026-01-27 14:01:10.178449+00:00
AAPL,2023-10-30 04:00:00,167.21840145454993,169.34547832959018,167.0699912633637,168.474853515625,51131000,0.0,0.0,2026-01-27 14:01:10.178449+00:00
AAPL,2023-10-31 04:00:00,167.54490564738762,169.07837213199355,166.1103491096919,168.94976806640625,44846000,0.0,0.0,2026-01-27 14:01:10.178449+00:00
AAPL,2023-11-01 04:00:00,169.1773025316942,172.37286957481675,168.30667766450742,172.1156463623047,56934900,0.0,0.0,2026-01-27 14:01:10.178449+00:00
AAPL,2023-11-02 04:00:00,173.64915484595178,175.88506030695757,173.58979679508,175.67730712890625,77334800,0.0,0.0,2026-01-27 14:01:10.178449+00:00
AAPL,2023-11-03 04:00:00,172.38275929327585,174.9352605593319,171.50224651940002,174.76705932617188,79829200,0.0,0.0,2026-01-27 14:01:10.178449+00:00
AAPL,2023-11-06 05:00:00,174.4999673355032,177.51744525540883,174.3317811800047,177.319580078125,63841300,0.0,0.0,2026-01-27 14:01:10.178449+00:00
AAPL,2023-11-07 05:00:00,177.27009874628624,180.4953598060514,177.06234560698942,179.88197326660156,70530000,0.0,0.0,2026-01-27 14:01:10.178449+00:00
AAPL,2023-11-08 05:00:00,180.40632954214092,181.4945955371222,179.65442075331012,180.9405670166016,49340300,0.0,0.0,2026-01-27 14:01:10.178449+00:00
AAPL,2023-11-09 05:00:00,181.00983881988668,182.1574629246798,179.87208759448916,180.4656982421875,53763500,0.0,0.0,2026-01-27 14:01:10.178449+00:00
AAPL,2023-11-10 05:00:00,182.2488690611252,184.8245507960472,181.8129830645044,184.6561279296875,66133400,0.24,0.0,2026-01-27 14:01:10.178449+00:00
AAPL,2023-11-13 05:00:00,184.0815522328342,184.28957909475852,182.4866141219331,183.0710906982422,43627500,0.0,0.0,2026-01-27 14:01:10.178449+00:00
AAPL,2023-11-14 05:00:00,185.94394820695572,186.35011603301567,184.55705211313364,185.68638610839844,60108400,0.0,0.0,2026-01-27 14:01:10.178449+00:00
AAPL,2023-11-15 05:00:00,186.09254599086609,187.72710311138576,186.0231936311185,186.25103759765625,53790500,0.0,0.0,2026-01-27 14:01:10.178449+00:00
AAPL,2023-11-16 05:00:00,187.79646053927945,189.1734556093977,186.88505441646572,187.9351501464844,54412900,0.0,0.0,2026-01-27 14:01:10.178449+00:00
AAPL,2023-11-17 05:00:00,188.47010270019996,188.5988913131576,186.80582731444397,187.91534423828125,50922700,0.0,0.0,2026-01-27 14:01:10.178449+00:00
AAPL,2023-11-20 05:00:00,188.11347160798348,190.1145776039652,188.10357060538217,189.65887451171875,46505100,0.0,0.0,2026-01-27 14:01:10.178449+00:00
AAPL,2023-11-21 05:00:00,189.61926104331656,189.7282325393205,187.9648865974642,188.85646057128903,38134500,0.0,0.0,2026-01-27 14:01:10.178449+00:00
AAPL,2023-11-22 05:00:00,189.6984959661844,191.12501116236683,189.04466705374648,189.52017211914065,39617700,0.0,0.0,2026-01-27 14:01:10.178449+00:00
AAPL,2023-11-24 05:00:00,189.0843077535022,189.1140258787283,187.47946852715137,188.19273376464844,24048300,0.0,0.0,2026-01-27 14:01:10.178449+00:00
AAPL,2023-11-27 05:00:00,188.14317764380084,188.88616092409407,187.13271615011263,188.01438903808597,40552600,0.0,0.0,2026-01-27 14:01:10.178449+00:00
AAPL,2023-11-28 05:00:00,188.0045033953615,189.29234420962143,187.62805366546104,188.6186981201172,38415400,0.0,0.0,2026-01-27 14:01:10.178449+00:00
AAPL,2023-11-29 05:00:00,189.11401237919708,190.29288164913223,187.2020759179661,187.59832763671875,43014200,0.0,0.0,2026-01-27 14:01:10.178449+00:00
AAPL,2023-11-30 05:00:00,188.0639106022525,188.53943075060016,186.42935355090071,188.17288208007807,48794400,0.0,0.0,2026-01-27 14:01:10.178449+00:00
AAPL,2023-12-01 05:00:00,188.5493613565116,189.76784980640184,187.4596464071562,189.4508514404297,45704800,0.0,0.0,2026-01-27 14:01:10.178449+00:00
AAPL,2023-12-04 05:00:00,188.2026180609542,188.2719704243489,185.69628894913777,187.6577606201172,43389500,0.0,0.0,2026-01-27 14:01:10.178449+00:00
AAPL,2023-12-05 05:00:00,188.43046796633192,192.58125508438908,188.40073472916,191.6104278564453,66628400,0.0,0.0,2026-01-27 14:01:10.178449+00:00
AAPL,2023-12-06 05:00:00,192.63082982561932,192.9379272177151,190.31272520524868,190.5207672119141,41089700,0.0,0.0,2026-01-27 14:01:10.178449+00:00
AAPL,2023-12-07 05:00:00,191.8184723448333,193.17565028147504,191.77883810543796,192.45248413085935,47477700,0.0,0.0,2026-01-27 14:01:10.178449+00:00
AAPL,2023-12-08 05:00:00,192.38314555463677,194.15640755182167,191.8581052152776,193.8790283203125,53406400,0.0,0.0,2026-01-27 14:01:10.178449+00:00
AAPL,2023-12-11 05:00:00,191.30334341541183,191.6797931299085,189.62915193698308,191.3726806640625,60943700,0.0,0.0,2026-01-27 14:01:10.178449+00:00
AAPL,2023-12-12 05:00:00,191.2736418449105,192.8982982200226,189.92636472047343,192.88839721679688,52696900,0.0,0.0,2026-01-27 14:01:10.178449+00:00
AAPL,2023-12-13 05:00:00,193.26481149731427,196.1475903161728,193.02706651664724,196.10797119140625,70404200,0.0,0.0,2026-01-27 14:01:10.178449+00:00
AAPL,2023-12-14 05:00:00,196.16740691178524,197.75242887078264,194.32480773637585,196.25656127929688,66831600,0.0,0.0,2026-01-27 14:01:10.178449+00:00
AAPL,2023-12-15 05:00:00,195.68199966761293,196.54385551373443,195.15695931123605,195.7216339111328,128538400,0.0,0.0,2026-01-27 14:01:10.178449+00:00
AAPL,2023-12-18 05:00:00,194.25545312358383,194.79040955452612,192.5713606983871,194.0573272705078,55751900,0.0,0.0,2026-01-27 14:01:10.178449+00:00
AAPL,2023-12-19 05:00:00,194.32481746504556,195.1074199235508,194.0573392330858,195.09751892089844,40714100,0.0,0.0,2026-01-27 14:01:10.178449+00:00
AAPL,2023-12-20 05:00:00,195.0578893685013,195.8305908429342,193.00726318359372,193.00726318359372,52242800,0.0,0.0,2026-01-27 14:01:10.178449+00:00
AAPL,2023-12-21 05:00:00,194.26538628403975,195.23621363050395,191.6897046199928,192.8586578369141,46482500,0.0,0.0,2026-01-27 14:01:10.178449+00:00
AAPL,2023-12-22 05:00:00,193.35397752019375,193.58183662844652,191.16466173906852,191.7887725830078,37149600,0.0,0.0,2026-01-27 14:01:10.178449+00:00
AAPL,2023-12-26 05:00:00,191.7986702097743,192.0760494430794,191.02596875756228,191.2439117431641,28919300,0.0,0.0,2026-01-27 14:01:10.178449+00:00
AAPL,2023-12-27 05:00:00,190.68914273833013,191.68968812345565,189.30223153241624,191.34295654296875,48087700,0.0,0.0,2026-01-27 14:01:10.178449+00:00
AAPL,2023-12-28 05:00:00,192.32369457775744,192.83883387512188,191.3627683436117,191.76893615722656,34049900,0.0,0.0,2026-01-27 14:01:10.178449+00:00
AAPL,2023-12-29 05:00:00,192.0859530857412,192.58127531145587,189.9362564400636,190.7287750244141,42672100,0.0,0.0,2026-01-27 14:01:10.178449+00:00
AAPL,2024-01-02 05:00:00,185.39909638597567,186.67703614744315,182.16960103197144,183.9032287597656,82488700,0.0,0.0,2026-01-27 14:01:10.178449+00:00
AAPL,2024-01-03 05:00:00,182.49652699212288,184.14100045386292,181.7139093893273,182.5262451171875,58414500,0.0,0.0,2026-01-27 14:01:10.178449+00:00
AAPL,2024-01-04 05:00:00,180.4458748691036,181.37708304150152,179.18776734055538,180.2081298828125,71983600,0.0,0.0,2026-01-27 14:01:10.178449+00:00
AAPL,2024-01-05 05:00:00,180.28735888479392,181.0501441007679,178.48437903023975,179.48492431640625,62379700,0.0,0.0,2026-01-27 14:01:10.178449+00:00
AAPL,2024-01-08 05:00:00,180.3864372916263,183.86360885082055,179.80196071659407,183.823974609375,59144500,0.0,0.0,2026-01-27 14:01:10.178449+00:00
AAPL,2024-01-09 05:00:00,182.19931060924736,183.41779895114087,181.0204413910758,183.40789794921875,42841800,0.0,0.0,2026-01-27 14:01:10.178449+00:00
AAPL,2024-01-10 05:00:00,182.62529236075727,184.65610118978807,182.19930742900604,184.4480743408203,46792900,0.0,0.0,2026-01-27 14:01:10.178449+00:00
AAPL,2024-01-11 05:00:00,184.79482326593885,185.30006164856283,181.9021430633647,183.8537139892578,49128400,0.0,0.0,2026-01-27 14:01:10.178449+00:00
AAPL,2024-01-12 05:00:00,184.3193079074704,184.99295400827785,183.45745205458948,184.1806182861328,40477800,0.0,0.0,2026-01-27 14:01:10.178449+00:00
AAPL,2024-01-16 05:00:00,180.45578462721195,182.5361287641061,179.23728115128063,181.9120330810547,65603000,0.0,0.0,2026-01-27 14:01:10.178449+00:00
AAPL,2024-01-17 05:00:00,179.57411959355028,181.2185778549055,178.613193289656,180.97091674804688,47317400,0.0,0.0,2026-01-27 14:01:10.178449+00:00
AAPL,2024-01-18 05:00:00,184.34903461223055,187.37050341346043,184.09147247948349,186.8652801513672,78005800,0.0,0.0,2026-01-27 14:01:10.178449+00:00
AAPL,2024-01-19 05:00:00,187.5587198414397,190.15420352293785,187.0534966021051,189.76785278320312,68903000,0.0,0.0,2026-01-27 14:01:10.178449+00:00
AAPL,2024-01-22 05:00:00,190.5009136397872,193.50256484427592,190.4612794003693,192.07603454589844,60133900,0.0,0.0,2026-01-27 14:01:10.178449+00:00
AAPL,2024-01-23 05:00:00,193.19548176740477,193.91864797179585,192.01661247228012,193.35397338867188,42355600,0.0,0.0,2026-01-27 14:01:10.178449+00:00
AAPL,2024-01-24 05:00:00,193.59173469903223,194.54276001272405,192.521836889642,192.6803436279297,53631300,0.0,0.0,2026-01-27 14:01:10.178449+00:00
AAPL,2024-01-25 05:00:00,193.3936037302796,194.43378338829356,191.3033434118829,192.3534240722656,54822100,0.0,0.0,2026-01-27 14:01:10.178449+00:00
AAPL,2024-01-26 05:00:00,192.4524949693292,192.9379010590096,190.14429166563917,190.6197967529297,44594000,0.0,0.0,2026-01-27 14:01:10.178449+00:00
AAPL,2024-01-29 05:00:00,190.213612724154,190.40183756577807,187.80635425336047,189.9362335205078,47145600,0.0,0.0,2026-01-27 14:01:10.178449+00:00
AAPL,2024-01-30 05:00:00,189.15363947733223,190.0055942449072,185.71610228505008,186.28076171875,55859400,0.0,0.0,2026-01-27 14:01:10.178449+00:00
AAPL,2024-01-31 05:00:00,185.29013601531707,185.34958738130652,182.6253150741395,182.67483520507807,55467800,0.0,0.0,2026-01-27 14:01:10.178449+00:00
AAPL,2024-02-01 05:00:00,182.26870181481803,185.2010013082277,182.1002940500511,185.11184692382807,64885400,0.0,0.0,2026-01-27 14:01:10.178449+00:00
AAPL,2024-02-02 05:00:00,178.1773017145222,185.5774165638072,177.57300802816712,184.11126708984372,102551700,0.0,0.0,2026-01-27 14:01:10.178449+00:00
AAPL,2024-02-05 05:00:00,186.3897373769733,187.47945226083425,184.10135123689923,185.92413330078125,69668800,0.0,0.0,2026-01-27 14:01:10.178449+00:00
AAPL,2024-02-06 05:00:00,185.1118168962398,187.53889270164484,185.02266252630227,187.52899169921875,43490800,0.0,0.0,2026-01-27 14:01:10.178449+00:00
AAPL,2024-02-07 05:00:00,188.85645841865116,189.26262627331204,186.8454513829838,187.63796997070312,53439000,0.0,0.0,2026-01-27 14:01:10.178449+00:00
AAPL,2024-02-08 05:00:00,187.6181328392653,187.76672344535,185.59722501634783,186.5581512451172,40962000,0.0,0.0,2026-01-27 14:01:10.178449+00:00
AAPL,2024-02-09 05:00:00,187.1235513621425,188.45272038917548,186.47881682618168,187.3219451904297,45155200,0.24,0.0,2026-01-27 14:01:10.178449+00:00
AAPL,2024-02-12 05:00:00,186.8954092628083,187.1433864030788,185.2785934649413,185.63568115234372,41781900,0.0,0.0,2026-01-27 14:01:10.178449+00:00
AAPL,2024-02-13 05:00:00,184.2668592804613,184.7033014728981,182.02513622573116,183.54275512695312,56529500,0.0,0.0,2026-01-27 14:01:10.178449+00:00
AAPL,2024-02-14 05:00:00,183.8204888809099,184.02878118831163,180.96378758253468,182.65994262695312,54630500,0.0,0.0,2026-01-27 14:01:10.178449+00:00
AAPL,2024-02-15 05:00:00,182.0648252110501,182.99722170980877,179.8826293342481,182.372314453125,65434500,0.0,0.0,2026-01-27 14:01:10.178449+00:00
AAPL,2024-02-16 05:00:00,181.9358425720657,183.3542794985624,180.20000281806105,180.83482360839844,49752500,0.0,0.0,2026-01-27 14:01:10.178449+00:00
AAPL,2024-02-20 05:00:00,180.31904659124555,180.9538674506024,178.54353696650966,180.09091186523438,53665600,0.0,0.0,2026-01-27 14:01:10.178449+00:00
AAPL,2024-02-21 05:00:00,180.4678422502364,181.41015233649017,179.1982005294332,180.8447723388672,41371400,0.0,0.0,2026-01-27 14:01:10.178449+00:00
AAPL,2024-02-22 05:00:00,181.9953606422476,183.46339606563652,180.9836249069253,182.87815856933597,52292200,0.0,0.0,2026-01-27 14:01:10.178449+00:00
AAPL,2024-02-23 05:00:00,183.51300991264984,183.5427659606793,180.75550513620703,181.0431671142578,45119700,0.0,0.0,2026-01-27 14:01:10.178449+00:00
AAPL,2024-02-26 05:00:00,180.7654158601022,181.28119739799624,179.18826979539264,179.69415283203125,40867400,0.0,0.0,2026-01-27 14:01:10.178449+00:00
AAPL,2024-02-27 05:00:00,179.63461828889808,182.4317921220212,178.10707086865912,181.15223693847656,54318900,0.0,0.0,2026-01-27 14:01:10.178449+00:00
AAPL,2024-02-28 05:00:00,181.03321827875988,181.6382830805114,178.67248629654023,179.95204162597656,48953900,0.0,0.0,2026-01-27 14:01:10.178449+00:00
AAPL,2024-02-29 05:00:00,179.80327228471162,181.09275646398507,178.07734590919267,179.2874755859375,136682600,0.0,0.0,2026-01-27 14:01:10.178449+00:00
AAPL,2024-03-01 05:00:00,178.09718827908785,179.06925444803085,175.94474848019505,178.206298828125,73563100,0.0,0.0,2026-01-27 14:01:10.178449+00:00
AAPL,2024-03-04 05:00:00,174.72468891388633,175.46862034292982,172.3837840784165,173.68319702148438,81510100,0.0,0.0,2026-01-27 14:01:10.178449+00:00
AAPL,2024-03-05 05:00:00,169.37829007310003,170.6479317427376,168.24751498810025,168.74346923828125,95132400,0.0,0.0,2026-01-27 14:01:10.178449+00:00
AAPL,2024-03-06 05:00:00,169.67587669286206,169.85442810491517,167.31512946505867,167.75157165527344,68587700,0.0,0.0,2026-01-27 14:01:10.178449+00:00
AAPL,2024-03-07 05:00:00,167.78131806385875,169.34853532264208,167.12666995146384,167.63253784179688,71765100,0.0,0.0,2026-01-27 14:01:10.178449+00:00
AAPL,2024-03-08 05:00:00,167.6325588229327,172.29452636668307,167.57304672665933,169.3485565185547,76267000,0.0,0.0,2026-01-27 14:01:10.178449+00:00
AAPL,2024-03-11 04:00:00,171.54065314121274,172.9690037589795,170.65785520874886,171.35218811035156,60139500,0.0,0.0,2026-01-27 14:01:10.178449+00:00
AAPL,2024-03-12 04:00:00,171.74893835615396,172.62182261661565,169.62625492438514,171.8282928466797,59825400,0.0,0.0,2026-01-27 14:01:10.178449+00:00
AAPL,2024-03-13 04:00:00,171.3720295685671,171.78862930722158,169.3782838692582,169.74530029296875,52488700,0.0,0.0,2026-01-27 14:01:10.178449+00:00
AAPL,2024-03-14 04:00:00,171.51090581587792,172.8995716896694,170.65786388331372,171.6001739501953,72913500,0.0,0.0,2026-01-27 14:01:10.178449+00:00
AAPL,2024-03-15 04:00:00,169.7849869531436,171.22325134277344,168.91210257419098,171.22325134277344,121752700,0.0,0.0,2026-01-27 14:01:10.178449+00:00
AAPL,2024-03-18 04:00:00,174.1493830977455,176.27206668827822,172.11596763998543,172.31434631347656,75604200,0.0,0.0,2026-01-27 14:01:10.178449+00:00
AAPL,2024-03-19 04:00:00,172.92933186407737,175.18096849600929,171.62993409357304,174.65525817871094,55215200,0.0,0.0,2026-01-27 14:01:10.178449+00:00
AAPL,2024-03-20 04:00:00,174.29817691484007,177.22430419921875,173.67326966604173,177.22430419921875,53423100,0.0,0.0,2026-01-27 14:01:10.178449+00:00
AAPL,2024-03-21 04:00:00,175.61740074055217,176.05384289670778,169.45764237357878,169.9833526611328,106181300,0.0,0.0,2026-01-27 14:01:10.178449+00:00
AAPL,2024-03-22 04:00:00,170.37020490965267,171.64977539848843,168.68396342338923,170.88600158691406,71160100,0.0,0.0,2026-01-27 14:01:10.178449+00:00
AAPL,2024-03-25 04:00:00,169.1898266673456,170.54873636107317,168.0788789435942,169.46755981445312,54288300,0.0,0.0,2026-01-27 14:01:10.178449+00:00
AAPL,2024-03-26 04:00:00,168.6244540719099,170.0329624014482,168.20785429573576,168.33680725097656,57388400,0.0,0.0,2026-01-27 14:01:10.178449+00:00
AAPL,2024-03-27 04:00:00,169.031110308063,172.19530045517126,168.73353476763302,171.9076385498047,60273300,0.0,0.0,2026-01-27 14:01:10.178449+00:00
AAPL,2024-03-28 04:00:00,170.36027251639132,170.83638432396197,169.13030061690222,170.0924530029297,65672700,0.0,0.0,2026-01-27 14:01:10.178449+00:00
AAPL,2024-04-01 04:00:00,169.80482284392966,169.86433493378763,168.1086526063626,168.65420532226562,46240500,0.0,0.0,2026-01-27 14:01:10.178449+00:00
AAPL,2024-04-02 04:00:00,167.71189467068976,167.96978543762384,166.86876637308836,167.4738311767578,49329500,0.0,0.0,2026-01-27 14:01:10.178449+00:00
AAPL,2024-04-03 04:00:00,167.42424073989756,169.29894733031932,167.2159484161416,168.27728271484375,47691700,0.0,0.0,2026-01-27 14:01:10.178449+00:00
AAPL,2024-04-04 04:00:00,168.9120862737285,170.5289019190824,167.45399475097656,167.45399475097656,53704400,0.0,0.0,2026-01-27 14:01:10.178449+00:00
AAPL,2024-04-05 04:00:00,168.217753601793,169.01128340394683,167.58293278713433,168.2078399658203,42104800,0.0,0.0,2026-01-27 14:01:10.178449+00:00
AAPL,2024-04-08 04:00:00,167.66231443659373,167.83093708737283,166.87871327881734,167.08700561523438,37425500,0.0,0.0,2026-01-27 14:01:10.178449+00:00
AAPL,2024-04-09 04:00:00,167.3349666518587,168.70380527202582,166.98780774616682,168.297119140625,42373800,0.0,0.0,2026-01-27 14:01:10.178449+00:00
AAPL,2024-04-10 04:00:00,167.43415997850798,167.72180678766216,165.75783217031642,166.4224090576172,49709300,0.0,0.0,2026-01-27 14:01:10.178449+00:00
AAPL,2024-04-11 04:00:00,166.97785862713312,174.04025682035402,166.79932237773104,173.62364196777344,91070300,0.0,0.0,2026-01-27 14:01:10.178449+00:00
AAPL,2024-04-12 04:00:00,172.8499808741194,176.9168120397123,172.80039755418966,175.1214599609375,101670900,0.0,0.0,2026-01-27 14:01:10.178449+00:00
AAPL,2024-04-15 04:00:00,173.94108816854134,175.2008162956038,171.1042290410564,171.29269409179688,73531800,0.0,0.0,2026-01-27 14:01:10.178449+00:00
AAPL,2024-04-16 04:00:00,170.360294137519,172.35402488220237,166.9084566077323,168.0094757080078,73711200,0.0,0.0,2026-01-27 14:01:10.178449+00:00
AAPL,2024-04-17 04:00:00,168.23762907170126,169.26920742250513,166.64065551757812,166.64065551757812,50901200,0.0,0.0,2026-01-27 14:01:10.178449+00:00
AAPL,2024-04-18 04:00:00,166.67039519798726,167.27546002889196,165.20237475763562,165.6884002685547,43122900,0.0,0.0,2026-01-27 14:01:10.178449+00:00
AAPL,2024-04-19 04:00:00,164.86511767231858,165.05356757276493,162.7523477339115,163.66490173339844,68149400,0.0,0.0,2026-01-27 14:01:10.178449+00:00
AAPL,2024-04-22 04:00:00,164.18070504913473,165.9066162144586,163.43677364744048,164.49810791015625,48116400,0.0,0.0,2026-01-27 14:01:10.178449+00:00
AAPL,2024-04-23 04:00:00,164.0120990106031,165.69834066467516,163.5855704267702,165.54954528808594,49537800,0.0,0.0,2026-01-27 14:01:10.178449+00:00
AAPL,2024-04-24 04:00:00,165.19243035823263,167.93010742906517,164.86511388137603,167.65237426757812,48251800,0.0,0.0,2026-01-27 14:01:10.178449+00:00
AAPL,2024-04-25 04:00:00,168.15826264272923,169.22952573993217,166.7894239404159,168.51535034179688,50558300,0.0,0.0,2026-01-27 14:01:10.178449+00:00
AAPL,2024-04-26 04:00:00,168.50542350147623,169.95360145871248,167.81107543218243,167.93011474609375,44838400,0.0,0.0,2026-01-27 14:01:10.178449+00:00
AAPL,2024-04-29 04:00:00,171.96716217122307,174.60564226594082,171.69935778865286,172.0961151123047,68169400,0.0,0.0,2026-01-27 14:01:10.178449+00:00
AAPL,2024-04-30 04:00:00,171.92750782528833,173.57407962239418,168.6244505944639,168.9517822265625,65934800,0.0,0.0,2026-01-27 14:01:10.178449+00:00
AAPL,2024-05-01 04:00:00,168.20784791968214,171.31252641733016,167.74164970644674,167.93011474609375,50383100,0.0,0.0,2026-01-27 14:01:10.178449+00:00
AAPL,2024-05-02 04:00:00,171.11414713776406,172.01678759624437,169.50726004906326,171.62994384765625,94214900,0.0,0.0,2026-01-27 14:01:10.178449+00:00
AAPL,2024-05-03 04:00:00,185.13970898312533,185.4868830000885,181.1820038934194,181.89617919921875,163224100,0.0,0.0,2026-01-27 14:01:10.178449+00:00
AAPL,2024-05-06 04:00:00,180.87450583987064,182.70952732957792,178.96011472526732,180.23968505859372,78569700,0.0,0.0,2026-01-27 14:01:10.178449+00:00
AAPL,2024-05-07 04:00:00,181.965609726272,183.40387401178495,179.8528549315395,180.92410278320312,77305800,0.0,0.0,2026-01-27 14:01:10.178449+00:00
AAPL,2024-05-08 04:00:00,181.3704630721318,181.5886841382704,179.9817821844023,181.2613525390625,45057100,0.0,0.0,2026-01-27 14:01:10.178449+00:00
AAPL,2024-05-09 04:00:00,181.0828076359048,183.165821474438,180.6364518520254,183.07655334472656,48983000,0.0,0.0,2026-01-27 14:01:10.178449+00:00
AAPL,2024-05-10 04:00:00,183.65261967053823,183.84134031553504,180.9013175850214,181.8151092529297,50759500,0.25,0.0,2026-01-27 14:01:10.178449+00:00
AAPL,2024-05-13 04:00:00,184.18898588060125,185.83779081511705,183.3745104951717,185.0233154296875,72044800,0.0,0.0,2026-01-27 14:01:10.178449+00:00
AAPL,2024-05-14 04:00:00,186.2450505169401,187.0297296576161,185.03327943466692,186.16558837890625,52393600,0.0,0.0,2026-01-27 14:01:10.178449+00:00
AAPL,2024-05-15 04:00:00,186.6423525539196,189.3638586651008,186.1059869360216,188.4401397705078,70400000,0.0,0.0,2026-01-27 14:01:10.178449+00:00
AAPL,2024-05-16 04:00:00,189.1850657006259,189.81082048816583,188.3805324914181,188.55931091308597,52845200,0.0,0.0,2026-01-27 14:01:10.178449+00:00
AAPL,2024-05-17 04:00:00,188.23153932133224,189.5227724100756,187.90376371878455,188.589111328125,41282900,0.0,0.0,2026-01-27 14:01:10.178449+00:00
AAPL,2024-05-20 04:00:00,188.052749878466,190.6252736665876,187.73490137733788,189.75120544433597,44361300,0.0,0.0,2026-01-27 14:01:10.178449+00:00
AAPL,2024-05-21 04:00:00,189.80087387660717,191.42980957851572,189.6320225414164,191.0523834228516,42309400,0.0,0.0,2026-01-27 14:01:10.178449+00:00
AAPL,2024-05-22 04:00:00,190.97293553544336,191.51922822288097,188.9864276944718,189.61216735839844,34648500,0.0,0.0,2026-01-27 14:01:10.178449+00:00
AAPL,2024-05-23 04:00:00,189.6916095055364,189.71147882549133,185.3709645001415,185.6192779541016,51005900,0.0,0.0,2026-01-27 14:01:10.178449+00:00
AAPL,2024-05-24 04:00:00,187.54620129756856,189.2943226367172,186.771449342652,188.6983642578125,36327000,0.0,0.0,2026-01-27 14:01:10.178449+00:00
AAPL,2024-05-28 04:00:00,190.21803261577213,191.69798625592665,187.8243024405564,188.7082977294922,52280100,0.0,0.0,2026-01-27 14:01:10.178449+00:00
AAPL,2024-05-29 04:00:00,188.33088121296123,190.9530710228537,188.23154975607,189.00628662109372,53068000,0.0,0.0,2026-01-27 14:01:10.178449+00:00
AAPL,2024-05-30 04:00:00,189.47310363654157,190.88352231957748,189.34399093884025,189.99952697753903,49889100,0.0,0.0,2026-01-27 14:01:10.178449+00:00
AAPL,2024-05-31 04:00:00,190.1485307236603,191.2709124904654,188.62885345568,190.95306396484372,75158300,0.0,0.0,2026-01-27 14:01:10.178449+00:00
AAPL,2024-06-03 04:00:00,191.5986723140291,193.67458449503025,191.22124613590765,192.72105407714844,50080500,0.0,0.0,2026-01-27 14:01:10.178449+00:00
AAPL,2024-06-04 04:00:00,193.3269468870457,194.00236744942592,191.727807432352,193.03890991210935,47471400,0.0,0.0,2026-01-27 14:01:10.178449+00:00
AAPL,2024-06-05 04:00:00,194.0818144537235,195.571695368637,193.5553910762556,194.54864501953125,54156800,0.0,0.0,2026-01-27 14:01:10.178449+00:00
AAPL,2024-06-06 04:00:00,194.36984306207057,195.17437623382352,192.8600930073616,193.16799926757807,41181800,0.0,0.0,2026-01-27 14:01:10.178449+00:00
AAPL,2024-06-07 04:00:00,193.33685821193552,195.6114180436154,192.83030419832767,195.56175231933597,53103900,0.0,0.0,2026-01-27 14:01:10.178449+00:00
AAPL,2024-06-10 04:00:00,195.5716829020276,195.96899354752293,190.8537269722117,191.8171844482422,97010200,0.0,0.0,2026-01-27 14:01:10.178449+00:00
AAPL,2024-06-11 04:00:00,192.34360572370616,205.762475197422,192.32375155853347,205.7525329589844,172373300,0.0,0.0,2026-01-27 14:01:10.178449+00:00
AAPL,2024-06-12 04:00:00,205.97105482418647,218.7145040828182,205.50422428227435,211.6326141357422,198134300,0.0,0.0,2026-01-27 14:01:10.178449+00:00
AAPL,2024-06-13 04:00:00,213.29135046662023,215.2877853731434,210.17253378994005,212.7947235107422,97862700,0.0,0.0,2026-01-27 14:01:10.178449+00:00
AAPL,2024-06-14 04:00:00,212.40734441299963,213.71843162956225,209.874544034183,211.0565185546875,70122700,0.0,0.0,2026-01-27 14:01:10.178449+00:00
AAPL,2024-06-17 04:00:00,211.9305571780885,217.4729151673675,211.28494827432183,215.2082977294922,93728300,0.0,0.0,2026-01-27 14:01:10.178449+00:00
AAPL,2024-06-18 04:00:00,216.12210108008887,217.15509356895643,211.56306955662495,212.8443603515625,79943300,0.0,0.0,2026-01-27 14:01:10.178449+00:00
AAPL,2024-06-20 04:00:00,212.48678595825905,212.79470737847507,207.4410698062104,208.2654571533203,86172500,0.0,0.0,2026-01-27 14:01:10.178449+00:00
AAPL,2024-06-21 04:00:00,208.9706859649803,210.4605668046439,205.71281440805072,206.0902557373047,241805100,0.0,0.0,2026-01-27 14:01:10.178449+00:00
AAPL,2024-06-24 04:00:00,206.3187055335118,211.2651058128792,205.1963237537201,206.73587036132807,80727000,0.0,0.0,2026-01-27 14:01:10.178449+00:00
AAPL,2024-06-25 04:00:00,207.73905391104032,209.95402109263304,207.20270345608853,207.65960693359372,55549700,0.0,0.0,2026-01-27 14:01:10.178449+00:00
AAPL,2024-06-26 04:00:00,210.07317671602524,213.4105100587408,209.21897784985848,211.81137084960935,66213200,0.0,0.0,2026-01-27 14:01:10.178449+00:00
AAPL,2024-06-27 04:00:00,213.24168634094727,214.28460598729217,210.91747580739147,212.6556701660156,49772700,0.0,0.0,2026-01-27 14:01:10.178449+00:00
AAPL,2024-06-28 04:00:00,214.31439376890185,214.6123729638464,208.8812938369491,209.1991271972656,82542700,0.0,0.0,2026-01-27 14:01:10.178449+00:00
AAPL,2024-07-01 04:00:00,210.6592139946737,216.0426482623776,210.4903626519942,215.28778076171875,60402900,0.0,0.0,2026-01-27 14:01:10.178449+00:00
AAPL,2024-07-02 04:00:00,214.6918109818244,218.89328562800327,213.6489065767971,218.78402709960935,58046200,0.0,0.0,2026-01-27 14:01:10.178449+00:00
AAPL,2024-07-03 04:00:00,218.5158580863075,220.05540466308597,217.55240059045883,220.05540466308597,37369800,0.0,0.0,2026-01-27 14:01:10.178449+00:00
AAPL,2024-07-05 04:00:00,220.1547167062081,224.92233836715076,220.1547167062081,224.8130798339844,60412400,0.0,0.0,2026-01-27 14:01:10.178449+00:00
AAPL,2024-07-08 04:00:00,225.55802531049065,226.31290797690275,221.7439339584199,226.2831115722656,59085900,0.0,0.0,2026-01-27 14:01:10.178449+00:00
AAPL,2024-07-09 04:00:00,226.39235814584333,227.852442617068,224.84288445944628,227.1372985839844,48076100,0.0,0.0,2026-01-27 14:01:10.178449+00:00
AAPL,2024-07-10 04:00:00,227.75311249906628,231.50761086701092,227.70344677503343,231.4082794189453,62627700,0.0,0.0,2026-01-27 14:01:10.178449+00:00
AAPL,2024-07-11 04:00:00,229.82902744909745,230.8222813842516,224.24694518340357,226.0348052978516,64710600,0.0,0.0,2026-01-27 14:01:10.178449+00:00
AAPL,2024-07-12 04:00:00,227.3756747865633,231.07058040656065,227.13728840093884,228.9847412109375,53046500,0.0,0.0,2026-01-27 14:01:10.178449+00:00
AAPL,2024-07-15 04:00:00,234.8846802776345,235.6296207097681,231.5175501306247,232.81871032714844,62631300,0.0,0.0,2026-01-27 14:01:10.178449+00:00
AAPL,2024-07-16 04:00:00,233.41466404542837,234.67610072880163,230.76267797901863,233.2358856201172,43234300,0.0,0.0,2026-01-27 14:01:10.178449+00:00
AAPL,2024-07-17 04:00:00,227.902099588984,229.8985495862513,225.1110586129064,227.33595275878903,57345900,0.0,0.0,2026-01-27 14:01:10.178449+00:00
AAPL,2024-07-18 04:00:00,228.7265030667722,228.88542732552744,220.7705449165008,222.6676483154297,66034600,0.0,0.0,2026-01-27 14:01:10.178449+00:00
AAPL,2024-07-19 04:00:00,223.30335264411235,225.2699911539264,221.7737331263721,222.7967834472656,49151500,0.0,0.0,2026-01-27 14:01:10.178449+00:00
AAPL,2024-07-22 04:00:00,225.47857008869343,226.24337986146955,221.58501648633228,222.44915771484372,48201800,0.0,0.0,2026-01-27 14:01:10.178449+00:00
AAPL,2024-07-23 04:00:00,222.85635307829332,225.40902265142745,221.17775171010013,223.49203491210935,39960300,0.0,0.0,2026-01-27 14:01:10.178449+00:00
AAPL,2024-07-24 04:00:00,222.48886176091068,223.2834678697984,215.66521268088363,217.0656890869141,61777600,0.0,0.0,2026-01-27 14:01:10.178449+00:00
AAPL,2024-07-25 04:00:00,217.4530695190144,219.36013034825797,213.1721476257605,216.02279663085935,51391200,0.0,0.0,2026-01-27 14:01:10.178449+00:00
AAPL,2024-07-26 04:00:00,217.22463751115632,218.00931662499272,214.5527819400889,216.48963928222656,41601300,0.0,0.0,2026-01-27 14:01:10.178449+00:00
AAPL,2024-07-29 04:00:00,215.49638213713573,217.82059272630025,214.294538197557,216.7677459716797,36311800,0.0,0.0,2026-01-27 14:01:10.178449+00:00
AAPL,2024-07-30 04:00:00,217.71132777069815,218.84363662609172,214.6620309808042,217.32395935058597,41643800,0.0,0.0,2026-01-27 14:01:10.178449+00:00
AAPL,2024-07-31 04:00:00,219.94613576688096,222.31008478832948,219.14160257039836,220.58181762695312,50036300,0.0,0.0,2026-01-27 14:01:10.178449+00:00
AAPL,2024-08-01 04:00:00,222.8563674568929,222.96562598955987,215.5559605569344,216.8869171142578,62501000,0.0,0.0,2026-01-27 14:01:10.178449+00:00
AAPL,2024-08-02 04:00:00,217.6715836076827,224.0780833133434,216.24131073912352,218.37680053710935,105568600,0.0,0.0,2026-01-27 14:01:10.178449+00:00
AAPL,2024-08-05 04:00:00,197.74692788266515,212.0597211288106,194.67777677399005,207.85826110839844,119548600,0.0,0.0,2026-01-27 14:01:10.178449+00:00
AAPL,2024-08-06 04:00:00,203.91501287026543,208.5733757245506,199.7135534430835,205.8319854736328,69660500,0.0,0.0,2026-01-27 14:01:10.178449+00:00
AAPL,2024-08-07 04:00:00,205.5041961914404,212.19873196746155,204.9976422316476,208.40451049804688,63516400,0.0,0.0,2026-01-27 14:01:10.178449+00:00
AAPL,2024-08-08 04:00:00,211.67235443417223,212.75499762550604,207.42122864939225,211.8710021972656,47161100,0.0,0.0,2026-01-27 14:01:10.178449+00:00
AAPL,2024-08-09 04:00:00,210.66914912089348,215.317569896599,210.540021269618,214.78121948242188,42201600,0.0,0.0,2026-01-27 14:01:10.178449+00:00
AAPL,2024-08-12 04:00:00,214.86078610016068,218.28152162650585,214.393415209592,216.31260681152344,38028100,0.25,0.0,2026-01-27 14:01:10.178449+00:00
AAPL,2024-08-13 04:00:00,217.7843306202791,220.64821789171992,217.7843306202791,220.0316925048828,44155300,0.0,0.0,2026-01-27 14:01:10.178449+00:00
AAPL,2024-08-14 04:00:00,219.33559848009435,221.7818227179272,218.4704570730026,220.47915649414065,41960600,0.0,0.0,2026-01-27 14:01:10.178449+00:00
AAPL,2024-08-15 04:00:00,223.3430482530648,224.08885093177264,221.51333414952188,223.46237182617188,46414000,0.0,0.0,2026-01-27 14:01:10.178449+00:00
AAPL,2024-08-16 04:00:00,222.66684293368957,225.56056092969672,222.3983497244224,224.7849273681641,44340200,0.0,0.0,2026-01-27 14:01:10.178449+00:00
AAPL,2024-08-19 04:00:00,224.4567771868955,224.72527040192085,221.791767703572,224.62582397460935,40687800,0.0,0.0,2026-01-27 14:01:10.178449+00:00
AAPL,2024-08-20 04:00:00,224.50649118022676,225.89865006504533,224.18827476461456,225.24234008789065,30299000,0.0,0.0,2026-01-27 14:01:10.178449+00:00
AAPL,2024-08-21 04:00:00,225.2523038357409,226.70412456960105,223.7905293550798,225.13296508789065,34765500,0.0,0.0,2026-01-27 14:01:10.178449+00:00
AAPL,2024-08-22 04:00:00,226.51518775043243,227.06211276120644,222.6469583809866,223.2734375,43695300,0.0,0.0,2026-01-27 14:01:10.178449+00:00
AAPL,2024-08-23 04:00:00,224.39710671028325,226.9427773475752,223.07454817990703,225.57049560546875,38677300,0.0,0.0,2026-01-27 14:01:10.178449+00:00
AAPL,2024-08-26 04:00:00,225.4909673979149,226.0080615471861,222.6370337628865,225.9086151123047,30602200,0.0,0.0,2026-01-27 14:01:10.178449+00:00
AAPL,2024-08-27 04:00:00,224.73522230134637,227.56927874043384,223.63143365567385,226.7538604736328,35934600,0.0,0.0,2026-01-27 14:01:10.178449+00:00
AAPL,2024-08-28 04:00:00,226.64446298605537,228.57360836626123,224.41699349604747,225.22247314453125,38052200,0.0,0.0,2026-01-27 14:01:10.178449+00:00
AAPL,2024-08-29 04:00:00,228.8122756660522,231.6164859430432,227.5991020536236,228.5039978027344,51906300,0.0,0.0,2026-01-27 14:01:10.178449+00:00
AAPL,2024-08-30 04:00:00,228.90175696593343,229.11057321557684,226.2069166530855,227.71841430664065,52990800,0.0,0.0,2026-01-27 14:01:10.178449+00:00
AAPL,2024-09-03 04:00:00,227.27093626472063,227.71841483123856,219.9322331496077,221.52328491210935,50190600,0.0,0.0,2026-01-27 14:01:10.178449+00:00
AAPL,2024-09-04 04:00:00,220.4195086889333,220.5388322671096,216.26289369284987,219.61404418945312,43840200,0.0,0.0,2026-01-27 14:01:10.178449+00:00
AAPL,2024-09-05 04:00:00,220.3896800699933,224.2181249188319,220.28029506440387,221.13548278808597,36615400,0.0,0.0,2026-01-27 14:01:10.178449+00:00
AAPL,2024-09-06 04:00:00,222.69667077468375,223.97945984429649,218.54007124155592,219.58419799804688,48423000,0.0,0.0,2026-01-27 14:01:10.178449+00:00
AAPL,2024-09-09 04:00:00,219.58419811845144,220.0316766790804,215.49719894103853,219.67369079589844,67180000,0.0,0.0,2026-01-27 14:01:10.178449+00:00
AAPL,2024-09-10 04:00:00,217.69481595725216,220.24048653111632,215.5170698289156,218.87815856933597,51591000,0.0,0.0,2026-01-27 14:01:10.178449+00:00
AAPL,2024-09-11 04:00:00,220.22062862304543,221.84149617822104,216.6706004766808,221.41390991210935,44587100,0.0,0.0,2026-01-27 14:01:10.178449+00:00
AAPL,2024-09-12 04:00:00,221.25479170284095,222.2989184736456,218.5897974500539,221.52328491210935,37455600,0.0,0.0,2026-01-27 14:01:10.178449+00:00
AAPL,2024-09-13 04:00:00,222.32874892129448,222.78616606005667,220.66809680320824,221.2547912597656,36766600,0.0,0.0,2026-01-27 14:01:10.178449+00:00
AAPL,2024-09-16 04:00:00,215.328129813119,216.0043320914465,212.7227974671536,215.109375,59357400,0.0,0.0,2026-01-27 14:01:10.178449+00:00
AAPL,2024-09-17 04:00:00,214.5425786319653,215.6861367129052,213.299574120772,215.5767517089844,45519300,0.0,0.0,2026-01-27 14:01:10.178449+00:00
AAPL,2024-09-18 04:00:00,216.3325139866577,221.46364038861367,216.32256023932743,219.45494079589844,59894900,0.0,0.0,2026-01-27 14:01:10.178449+00:00
AAPL,2024-09-19 04:00:00,223.7308812843982,228.53385270483292,223.3728953656889,227.5891571044922,66781300,0.0,0.0,2026-01-27 14:01:10.178449+00:00
AAPL,2024-09-20 04:00:00,228.68298057338347,231.78551472560144,226.3461262129669,226.92288208007807,318679900,0.0,0.0,2026-01-27 14:01:10.178449+00:00
AAPL,2024-09-23 04:00:00,226.06771724362264,228.16590950652684,224.54628090601008,225.2025909423828,54146000,0.0,0.0,2026-01-27 14:01:10.178449+00:00
AAPL,2024-09-24 04:00:00,227.37035418692216,228.06644877557943,224.46669778796843,226.09751892089844,43556100,0.0,0.0,2026-01-27 14:01:10.178449+00:00
AAPL,2024-09-25 04:00:00,223.6711754067507,226.0179683097268,222.76627973963284,225.1031188964844,42308700,0.0,0.0,2026-01-27 14:01:10.178449+00:00
AAPL,2024-09-26 04:00:00,226.02790361460228,227.2211847008913,224.1484817310142,226.2466735839844,36636700,0.0,0.0,2026-01-27 14:01:10.178449+00:00
AAPL,2024-09-27 04:00:00,227.1814309358191,228.2354962210898,226.02791923090672,226.51516723632807,34026000,0.0,0.0,2026-01-27 14:01:10.178449+00:00
AAPL,2024-09-30 04:00:00,228.75257338192355,231.69601440429688,228.36475662569327,231.69601440429688,54541900,0.0,0.0,2026-01-27 14:01:10.178449+00:00
AAPL,2024-10-01 04:00:00,228.23551952322455,228.364781673884,222.48786790384585,224.9440460205078,63285000,0.0,0.0,2026-01-27 14:01:10.178449+00:00
AAPL,2024-10-02 04:00:00,224.62583039487592,226.09754348610437,221.7718968955205,225.51084899902344,32880600,0.0,0.0,2026-01-27 14:01:10.178449+00:00
AAPL,2024-10-03 04:00:00,223.87999557549333,225.54064754177276,222.07018915877285,224.4070281982422,34044200,0.0,0.0,2026-01-27 14:01:10.178449+00:00
AAPL,2024-10-04 04:00:00,226.6245660168141,226.72401244250625,222.87567550784985,225.53073120117188,37245100,0.0,0.0,2026-01-27 14:01:10.178449+00:00
AAPL,2024-10-07 04:00:00,223.24359711098245,224.4269397639463,220.09133967636964,220.44932556152344,39505400,0.0,0.0,2026-01-27 14:01:10.178449+00:00
AAPL,2024-10-08 04:00:00,223.0447257693685,224.71531649859696,222.00059897690352,224.50650024414065,31855700,0.0,0.0,2026-01-27 14:01:10.178449+00:00
AAPL,2024-10-09 04:00:00,223.9694944669103,228.46420250356093,223.5717391390905,228.25537109375,33591100,0.0,0.0,2026-01-27 14:01:10.178449+00:00
AAPL,2024-10-10 04:00:00,226.50523572074,228.21561101279016,225.89864895817115,227.7581787109375,28183500,0.0,0.0,2026-01-27 14:01:10.178449+00:00
AAPL,2024-10-11 04:00:00,228.01672590281865,228.126110894907,226.06768836380624,226.27651977539065,31759200,0.0,0.0,2026-01-27 14:01:10.178449+00:00
AAPL,2024-10-14 04:00:00,227.4200987868959,230.433140461172,227.32066753158787,230.00555419921875,39882100,0.0,0.0,2026-01-27 14:01:10.178449+00:00
AAPL,2024-10-15 04:00:00,232.30261271123655,236.160903320606,231.0695468532438,232.5412750244141,64751400,0.0,0.0,2026-01-27 14:01:10.178449+00:00
AAPL,2024-10-16 04:00:00,230.30387901574463,230.82095796107367,228.5537189749549,230.4828643798828,34082200,0.0,0.0,2026-01-27 14:01:10.178449+00:00
AAPL,2024-10-17 04:00:00,232.123619666284,232.5412825211578,229.22991678936268,230.8507843017578,32993800,0.0,0.0,2026-01-27 14:01:10.178449+00:00
AAPL,2024-10-18 04:00:00,234.8582339303053,234.8582339303053,232.70037994861724,233.68484497070312,46431500,0.0,0.0,2026-01-27 14:01:10.178449+00:00
AAPL,2024-10-21 04:00:00,233.13790198735876,235.52447953691797,233.13790198735876,235.1565399169922,36254500,0.0,0.0,2026-01-27 14:01:10.178449+00:00
AAPL,2024-10-22 04:00:00,232.5810627118631,234.89802497361623,231.29828871484364,234.5400390625,38846600,0.0,0.0,2026-01-27 14:01:10.178449+00:00
AAPL,2024-10-23 04:00:00,232.76997861721128,233.8240439244486,226.48534106504323,229.4685516357422,52287000,0.0,0.0,2026-01-27 14:01:10.178449+00:00
AAPL,2024-10-24 04:00:00,228.69293816499177,229.5282487298504,227.1317323861892,229.27964782714844,31109500,0.0,0.0,2026-01-27 14:01:10.178449+00:00
AAPL,2024-10-25 04:00:00,228.4542922398222,231.91481257552053,228.2852454458818,230.1149444580078,38802300,0.0,0.0,2026-01-27 14:01:10.178449+00:00
AAPL,2024-10-28 04:00:00,232.0142415868445,233.41633904858517,231.2485466113364,232.09378051757807,36087100,0.0,0.0,2026-01-27 14:01:10.178449+00:00
AAPL,2024-10-29 04:00:00,231.7954872619061,233.01859945208068,231.0198536609764,232.3622894287109,35417200,0.0,0.0,2026-01-27 14:01:10.178449+00:00
AAPL,2024-10-30 04:00:00,231.3082186556225,232.1634063461827,228.2653461113998,228.8122711181641,47070900,0.0,0.0,2026-01-27 14:01:10.178449+00:00
AAPL,2024-10-31 04:00:00,228.05650301771783,228.5437662121666,224.10871977089283,224.6457061767578,64370100,0.0,0.0,2026-01-27 14:01:10.178449+00:00
AAPL,2024-11-01 04:00:00,219.7333456007168,224.0888378455061,219.03726617591772,221.66249084472656,65276700,0.0,0.0,2026-01-27 14:01:10.178449+00:00
AAPL,2024-11-04 05:00:00,219.75323643771603,221.54315061130296,218.4804011628397,220.76751708984372,44944500,0.0,0.0,2026-01-27 14:01:10.178449+00:00
AAPL,2024-11-05 05:00:00,220.55871830266648,222.6966799421733,219.90240829460964,222.1994781494141,28111300,0.0,0.0,2026-01-27 14:01:10.178449+00:00
AAPL,2024-11-06 05:00:00,221.36415627152127,224.8047989417024,219.95210516998125,221.4735412597656,54561100,0.0,0.0,2026-01-27 14:01:10.178449+00:00
AAPL,2024-11-07 05:00:00,223.37286824297072,226.60467969295212,223.31320645932945,226.2069091796875,42137700,0.0,0.0,2026-01-27 14:01:10.178449+00:00
AAPL,2024-11-08 05:00:00,226.1471868576639,227.63048374280507,225.39061415381417,225.93814086914065,38328800,0.25,0.0,2026-01-27 14:01:10.178449+00:00
AAPL,2024-11-11 05:00:00,223.986965892186,224.68381119249955,220.5027242005297,223.22042846679688,42005600,0.0,0.0,2026-01-27 14:01:10.178449+00:00
AAPL,2024-11-12 05:00:00,223.53899499841924,224.5743058460154,222.354350392842,223.22042846679688,40398300,0.0,0.0,2026-01-27 14:01:10.178449+00:00
AAPL,2024-11-13 05:00:00,223.0014118515957,225.62952490733252,221.75703985190805,224.10641479492188,48566200,0.0,0.0,2026-01-27 14:01:10.178449+00:00
AAPL,2024-11-14 05:00:00,224.00686988588797,227.8395264579333,223.98695568104733,227.1924591064453,44923900,0.0,0.0,2026-01-27 14:01:10.178449+00:00
AAPL,2024-11-15 05:00:00,225.3806442603365,225.89830725108277,223.26024476090137,223.9869537353516,47923700,0.0,0.0,2026-01-27 14:01:10.178449+00:00
AAPL,2024-11-18 05:00:00,224.2358298771528,228.70561947942852,224.1561882479486,226.9933624267578,44633700,0.0,0.0,2026-01-27 14:01:10.178449+00:00
AAPL,2024-11-19 05:00:00,225.95804731142948,229.123737666772,225.63949596937007,227.252197265625,36211800,0.0,0.0,2026-01-27 14:01:10.178449+00:00
AAPL,2024-11-20 05:00:00,227.0331781982001,228.89475383274825,224.8729502483013,227.9689483642578,35169600,0.0,0.0,2026-01-27 14:01:10.178449+00:00
AAPL,2024-11-21 05:00:00,227.8494991340082,229.1237348668511,224.69377351516383,227.4911193847656,42108300,0.0,0.0,2026-01-27 14:01:10.178449+00:00
AAPL,2024-11-22 05:00:00,227.03318893672343,229.6812162999479,227.03318893672343,228.8350372314453,38168300,0.0,0.0,2026-01-27 14:01:10.178449+00:00
AAPL,2024-11-25 05:00:00,230.41789305922475,232.19982717145672,228.70563588373935,231.821533203125,90152800,0.0,0.0,2026-01-27 14:01:10.178449+00:00
AAPL,2024-11-26 05:00:00,232.27945661483372,234.509376705192,232.27945661483372,234.0016632080078,45986200,0.0,0.0,2026-01-27 14:01:10.178449+00:00
AAPL,2024-11-27 05:00:00,233.41431778082384,234.6288260383393,232.75728573526555,233.8722381591797,33498400,0.0,0.0,2026-01-27 14:01:10.178449+00:00
AAPL,2024-11-29 05:00:00,233.75278591990275,236.7392786802237,232.91657159263397,236.26144409179688,28481400,0.0,0.0,2026-01-27 14:01:10.178449+00:00
AAPL,2024-12-02 05:00:00,236.20171450499868,239.70585504150455,236.0922091638524,238.51126098632807,48137100,0.0,0.0,2026-01-27 14:01:10.178449+00:00
AAPL,2024-12-03 05:00:00,238.73028547870092,241.6670004646685,237.8243789850029,241.5574951171875,38861000,0.0,0.0,2026-01-27 14:01:10.178449+00:00
AAPL,2024-12-04 05:00:00,241.7765092325954,243.01093178619985,240.16380790150487,241.91587829589844,44383900,0.0,0.0,2026-01-27 14:01:10.178449+00:00
AAPL,2024-12-05 05:00:00,242.8914746561807,243.43898620611924,241.03984843814555,241.94573974609372,40033900,0.0,0.0,2026-01-27 14:01:10.178449+00:00
AAPL,2024-12-06 05:00:00,241.81631992920728,243.5285769758241,240.99005511798387,241.7466278076172,36870600,0.0,0.0,2026-01-27 14:01:10.178449+00:00
AAPL,2024-12-09 05:00:00,240.74119161135067,246.1268373888661,240.6615499788263,245.6390380859375,44649200,0.0,0.0,2026-01-27 14:01:10.178449+00:00
AAPL,2024-12-10 05:00:00,245.77840669680955,247.0924708459312,244.23538234840328,246.65444946289065,36914800,0.0,0.0,2026-01-27 14:01:10.178449+00:00
AAPL,2024-12-11 05:00:00,246.8435859006099,249.6707953739444,245.15122786747497,245.3802032470703,45205800,0.0,0.0,2026-01-27 14:01:10.178449+00:00
AAPL,2024-12-12 05:00:00,245.77839247075497,247.62006903646127,244.57383373711528,246.8435821533203,32777500,0.0,0.0,2026-01-27 14:01:10.178449+00:00
AAPL,2024-12-13 05:00:00,246.70421556592945,248.16758302178013,245.131327579476,247.0128173828125,33155300,0.0,0.0,2026-01-27 14:01:10.178449+00:00
AAPL,2024-12-16 05:00:00,246.87345818165343,250.2481944775453,246.53497744922527,249.9097137451172,51694800,0.0,0.0,2026-01-27 14:01:10.178449+00:00
AAPL,2024-12-17 05:00:00,248.9540440613884,252.68716009783537,248.655391740455,252.33872985839844,51356400,0.0,0.0,2026-01-27 14:01:10.178449+00:00
AAPL,2024-12-18 05:00:00,251.02467749046983,253.13512753347692,246.62457993830327,246.9331817626953,56774100,0.0,0.0,2026-01-27 14:01:10.178449+00:00
AAPL,2024-12-19 05:00:00,246.3856613682502,250.86540066585476,245.97750369773613,248.66534423828125,60882300,0.0,0.0,2026-01-27 14:01:10.178449+00:00
AAPL,2024-12-20 05:00:00,246.9232356335886,253.8519061074548,244.58382522076937,253.34420776367188,147495300,0.0,0.0,2026-01-27 14:01:10.178449+00:00
AAPL,2024-12-23 05:00:00,253.6229329525933,254.49896052911285,252.30886880268173,254.1206817626953,40858800,0.0,0.0,2026-01-27 14:01:10.178449+00:00
AAPL,2024-12-24 05:00:00,254.3397007808045,257.04744042152294,254.14058909817476,257.0375061035156,23234700,0.0,0.0,2026-01-27 14:01:10.178449+00:00
AAPL,2024-12-26 05:00:00,257.02754060124687,258.9289447577566,256.4700643478404,257.8537902832031,27237100,0.0,0.0,2026-01-27 14:01:10.178449+00:00
AAPL,2024-12-27 05:00:00,256.66914450564,257.53525297635,251.92063167469624,254.43923950195312,42355300,0.0,0.0,2026-01-27 14:01:10.178449+00:00
AAPL,2024-12-30 05:00:00,251.0943626150189,252.3586488565982,249.62103037787767,251.0644989013672,35557500,0.0,0.0,2026-01-27 14:01:10.178449+00:00
AAPL,2024-12-31 05:00:00,251.30340504047,252.1396193404696,248.3069476803406,249.29249572753903,39480700,0.0,0.0,2026-01-27 14:01:10.178449+00:00
AAPL,2025-01-02 05:00:00,247.8092203593721,247.9784683255357,240.73124671787497,242.75210571289065,55740700,0.0,0.0,2026-01-27 14:01:10.178449+00:00
AAPL,2025-01-03 05:00:00,242.2642974853516,243.08059762167903,240.800914792456,242.2642974853516,40244100,0.0,0.0,2026-01-27 14:01:10.178449+00:00
AAPL,2025-01-06 05:00:00,243.210031063562,246.21643825220417,242.10502805254345,243.8969268798828,45045600,0.0,0.0,2026-01-27 14:01:10.178449+00:00
AAPL,2025-01-07 05:00:00,241.8859985205852,244.44443460073455,240.263347789176,241.11947631835935,40856000,0.0,0.0,2026-01-27 14:01:10.178449+00:00
AAPL,2025-01-08 05:00:00,240.83078235887348,242.6127316047624,238.9692066706783,241.60726928710935,37628900,0.0,0.0,2026-01-27 14:01:10.178449+00:00
AAPL,2025-01-10 05:00:00,238.9293914792433,239.07872524452853,231.9509582467745,235.78363037109372,61710900,0.0,0.0,2026-01-27 14:01:10.178449+00:00
AAPL,2025-01-13 05:00:00,232.47855694506205,233.61342361918983,228.68571346021636,233.3446350097656,49630700,0.0,0.0,2026-01-27 14:01:10.178449+00:00
AAPL,2025-01-14 05:00:00,233.69305795736565,235.0568847872792,231.4233246799516,232.22967529296875,39435300,0.0,0.0,2026-01-27 14:01:10.178449+00:00
AAPL,2025-01-15 05:00:00,233.5835582088168,237.88411516800545,233.3744970274307,236.79901123046875,39832000,0.0,0.0,2026-01-27 14:01:10.178449+00:00
AAPL,2025-01-16 05:00:00,236.2813537200708,236.93837057014852,227.00330909981085,227.23226928710935,71759100,0.0,0.0,2026-01-27 14:01:10.178449+00:00
AAPL,2025-01-17 05:00:00,231.0749139636463,231.24414674448963,227.4513030577177,228.94454956054688,68488300,0.0,0.0,2026-01-27 14:01:10.178449+00:00
AAPL,2025-01-21 05:00:00,222.9914505136237,223.40955766052627,218.39225670760808,221.6375732421875,98070400,0.0,0.0,2026-01-27 14:01:10.178449+00:00
AAPL,2025-01-22 05:00:00,218.80041619812283,223.1109227348787,218.80041619812283,222.82223510742188,64126500,0.0,0.0,2026-01-27 14:01:10.178449+00:00
AAPL,2025-01-23 05:00:00,223.72815445577547,226.0078374632505,221.29913768199057,222.65301513671875,60234800,0.0,0.0,2026-01-27 14:01:10.178449+00:00
AAPL,2025-01-24 05:00:00,223.7679421578224,224.614121166801,220.4131202139208,221.7769470214844,54697900,0.0,0.0,2026-01-27 14:01:10.178449+00:00
AAPL,2025-01-27 05:00:00,223.01138591977585,231.10477141655377,222.9715575076631,228.82508850097656,94863400,0.0,0.0,2026-01-27 14:01:10.178449+00:00
AAPL,2025-01-28 05:00:00,229.81063008981928,239.1085741517517,229.7708016788408,237.187255859375,75707600,0.0,0.0,2026-01-27 14:01:10.178449+00:00
AAPL,2025-01-29 05:00:00,233.0658900359753,238.78005164957875,232.9563846938824,238.2823028564453,45486100,0.0,0.0,2026-01-27 14:01:10.178449+00:00
AAPL,2025-01-30 05:00:00,237.59540286874545,239.70585285329432,236.14198492507637,236.520263671875,55658300,0.0,0.0,2026-01-27 14:01:10.178449+00:00
AAPL,2025-01-31 05:00:00,246.07705979363328,246.07705979363328,232.3889674810629,234.93743896484372,100959800,0.0,0.0,2026-01-27 14:01:10.178449+00:00
AAPL,2025-02-03 05:00:00,228.9544945887561,230.78620649590428,224.6838014511222,226.9833984375,73063300,0.0,0.0,2026-01-27 14:01:10.178449+00:00
AAPL,2025-02-04 05:00:00,226.2268315478868,232.0803623471157,225.62952690670863,231.75184631347656,45067300,0.0,0.0,2026-01-27 14:01:10.178449+00:00
AAPL,2025-02-05 05:00:00,227.50107667347064,231.62243633567465,227.24225275297744,231.42333984375,39620300,0.0,0.0,2026-01-27 14:01:10.178449+00:00
AAPL,2025-02-06 05:00:00,230.24863411824003,232.74734282564023,229.392505571298,232.16995239257807,29925300,0.0,0.0,2026-01-27 14:01:10.178449+00:00
AAPL,2025-02-07 05:00:00,231.5527419594936,232.94643248808816,226.23677336593997,226.6051177978516,39707200,0.0,0.0,2026-01-27 14:01:10.178449+00:00
AAPL,2025-02-10 05:00:00,228.7876615470872,229.8041745661949,226.4257278690688,226.8741912841797,33115600,0.25,0.0,2026-01-27 14:01:10.178449+00:00
AAPL,2025-02-11 05:00:00,227.4223198813819,234.42836130351915,227.35256634016287,231.82725524902344,53718400,0.0,0.0,2026-01-27 14:01:10.178449+00:00
AAPL,2025-02-12 05:00:00,230.41209906543347,236.15247950770552,229.89386689621963,236.06277465820312,45243300,0.0,0.0,2026-01-27 14:01:10.178449+00:00
AAPL,2025-02-13 05:00:00,236.10264318513748,241.514131106333,234.7672133917818,240.70689392089844,53614100,0.0,0.0,2026-01-27 14:01:10.178449+00:00
AAPL,2025-02-14 05:00:00,240.4278440984732,244.7131931693581,240.1687356269457,243.7664337158203,40896200,0.0,0.0,2026-01-27 14:01:10.178449+00:00
AAPL,2025-02-18 05:00:00,243.31796980618805,244.34445851455,241.0158443494388,243.6368865966797,48822500,0.0,0.0,2026-01-27 14:01:10.178449+00:00
AAPL,2025-02-19 05:00:00,243.8262313730556,245.1716216090192,242.33134319523683,244.03550720214844,32204200,0.0,0.0,2026-01-27 14:01:10.178449+00:00
AAPL,2025-02-20 05:00:00,244.10528213544583,245.9390080304084,243.45748811790236,244.99224853515625,32316900,0.0,0.0,2026-01-27 14:01:10.178449+00:00
AAPL,2025-02-21 05:00:00,245.1118418459535,247.8425098737267,244.3843338177488,244.7132110595703,53197400,0.0,0.0,2026-01-27 14:01:10.178449+00:00
AAPL,2025-02-24 05:00:00,244.0953010258401,248.0119159709633,243.5870445183064,246.25791931152344,51326400,0.0,0.0,2026-01-27 14:01:10.178449+00:00
AAPL,2025-02-25 05:00:00,247.1548399621421,249.1480241553852,244.0753740332108,246.19810485839844,48013300,0.0,0.0,2026-01-27 14:01:10.178449+00:00
AAPL,2025-02-26 05:00:00,243.49736566903923,244.14514449402503,238.3150894487839,239.5408935546875,44433600,0.0,0.0,2026-01-27 14:01:10.178449+00:00
AAPL,2025-02-27 05:00:00,238.5941277716784,241.6337368385667,236.25213016109493,236.49131774902344,41153600,0.0,0.0,2026-01-27 14:01:10.178449+00:00
AAPL,2025-02-28 05:00:00,236.1425036842072,241.2649866571528,229.41550676334808,241.01583862304688,56833400,0.0,0.0,2026-01-27 14:01:10.178449+00:00
AAPL,2025-03-03 05:00:00,240.96599177281345,243.1983635012748,235.3053560708129,237.21881103515625,47184000,0.0,0.0,2026-01-27 14:01:10.178449+00:00
AAPL,2025-03-04 05:00:00,236.8999245639949,239.25188262538288,233.88023638606123,235.1259765625,53798100,0.0,0.0,2026-01-27 14:01:10.178449+00:00
AAPL,2025-03-05 05:00:00,234.6177134735288,235.7438674276595,228.44880585950324,234.93663024902344,47227600,0.0,0.0,2026-01-27 14:01:10.178449+00:00
AAPL,2025-03-06 05:00:00,233.6410487970976,237.0493918731741,232.36541215599715,234.52801513671875,45170400,0.0,0.0,2026-01-27 14:01:10.178449+00:00
AAPL,2025-03-07 05:00:00,234.3087681523361,240.5474291949517,233.9599548362388,238.2552795410156,46273600,0.0,0.0,2026-01-27 14:01:10.178449+00:00
AAPL,2025-03-10 04:00:00,234.73730306532093,235.35520052510583,223.45588808739055,226.70477294921875,72071200,0.0,0.0,2026-01-27 14:01:10.178449+00:00
AAPL,2025-03-11 04:00:00,223.0472821864493,225.0703629938446,216.7089556312574,220.08740234375,76137400,0.0,0.0,2026-01-27 14:01:10.178449+00:00
AAPL,2025-03-12 04:00:00,219.3898050520796,220.9943190932265,214.177632133622,216.24057006835935,62547500,0.0,0.0,2026-01-27 14:01:10.178449+00:00
AAPL,2025-03-13 04:00:00,215.2140760046737,216.1010424274323,207.7097381833997,208.96543884277344,61368300,0.0,0.0,2026-01-27 14:01:10.178449+00:00
AAPL,2025-03-14 04:00:00,210.53009451028825,213.2208903100085,208.86578742228792,212.7624664306641,60107600,0.0,0.0,2026-01-27 14:01:10.178449+00:00
AAPL,2025-03-17 04:00:00,212.5830704146544,214.48656508270392,209.25445626243933,213.27072143554688,48073400,0.0,0.0,2026-01-27 14:01:10.178449+00:00
AAPL,2025-03-18 04:00:00,213.43018643369248,214.4168029665515,210.769287119016,211.96519470214844,42432400,0.0,0.0,2026-01-27 14:01:10.178449+00:00
AAPL,2025-03-19 04:00:00,213.4899719913265,218.01449366985423,213.02157246340184,214.50650024414065,54385400,0.0,0.0,2026-01-27 14:01:10.178449+00:00
AAPL,2025-03-20 04:00:00,213.2607508466693,216.74882322763477,211.4967785561088,213.3703765869141,48862900,0.0,0.0,2026-01-27 14:01:10.178449+00:00
AAPL,2025-03-21 04:00:00,210.83902892918795,218.09421843072647,210.55998434888176,217.5261688232422,94127800,0.0,0.0,2026-01-27 14:01:10.178449+00:00
AAPL,2025-03-24 04:00:00,220.2468673442068,220.7252273230714,217.8351161419945,219.977783203125,44299500,0.0,0.0,2026-01-27 14:01:10.178449+00:00
AAPL,2025-03-25 04:00:00,220.0176475207108,223.3363011191594,219.32999652191663,222.98748779296875,34493600,0.0,0.0,2026-01-27 14:01:10.178449+00:00
AAPL,2025-03-26 04:00:00,222.74828771017505,224.2531514656449,219.71865451354495,220.7750396728516,34466100,0.0,0.0,2026-01-27 14:01:10.178449+00:00
AAPL,2025-03-27 04:00:00,220.6355197392567,224.22325730600969,219.8083464889556,223.08714294433597,37094800,0.0,0.0,2026-01-27 14:01:10.178449+00:00
AAPL,2025-03-28 04:00:00,220.91456609374504,223.0472725515885,216.93815819229235,217.15740966796875,39818600,0.0,0.0,2026-01-27 14:01:10.178449+00:00
AAPL,2025-03-31 04:00:00,216.2704542730732,224.8511131847691,215.49311362240712,221.37301635742188,65299300,0.0,0.0,2026-01-27 14:01:10.178449+00:00
AAPL,2025-04-01 04:00:00,219.0609113529448,222.91771798921508,218.15400887457568,222.4293975830078,36412700,0.0,0.0,2026-01-27 14:01:10.178449+00:00
AAPL,2025-04-02 04:00:00,220.56578026164416,224.4225869866718,220.2667995775576,223.12701416015625,35905900,0.0,0.0,2026-01-27 14:01:10.178449+00:00
AAPL,2025-04-03 04:00:00,204.8395564250824,206.7829234026015,200.56418252947896,202.49757385253903,103419000,0.0,0.0,2026-01-27 14:01:10.178449+00:00
AAPL,2025-04-04 04:00:00,193.2292544699453,199.19884701911505,186.70157274086588,187.738037109375,125910900,0.0,0.0,2026-01-27 14:01:10.178449+00:00
AAPL,2025-04-07 04:00:00,176.59612158290105,193.48835506739644,174.02491207450518,180.84161376953125,160466300,0.0,0.0,2026-01-27 14:01:10.178449+00:00
AAPL,2025-04-08 04:00:00,186.0637635998773,189.69135865616963,168.63337548243626,171.83242797851562,120859500,0.0,0.0,2026-01-27 14:01:10.178449+00:00
AAPL,2025-04-09 04:00:00,171.3640110222038,199.926344669284,171.30421792842867,198.1723480224609,184395900,0.0,0.0,2026-01-27 14:01:10.178449+00:00
AAPL,2025-04-10 04:00:00,188.42568213047016,194.1162147014944,182.37636057603893,189.7710723876953,121880000,0.0,0.0,2026-01-27 14:01:10.178449+00:00
AAPL,2025-04-11 04:00:00,185.46579368960585,198.85997858079665,185.42592149027783,197.47471618652344,87435900,0.0,0.0,2026-01-27 14:01:10.178449+00:00
AAPL,2025-04-14 04:00:00,210.71943358737076,212.2143217198501,200.4744681359889,201.829833984375,101352900,0.0,0.0,2026-01-27 14:01:10.178449+00:00
AAPL,2025-04-15 04:00:00,201.1720967653651,202.81646776904176,199.11911932089467,201.45114135742188,51343900,0.0,0.0,2026-01-27 14:01:10.178449+00:00
AAPL,2025-04-16 04:00:00,197.68401406478424,200.01603598224625,191.71442177543543,193.6079559326172,59732400,0.0,0.0,2026-01-27 14:01:10.178449+00:00
AAPL,2025-04-17 04:00:00,196.5279673080365,198.15241736523092,193.75744237056688,196.3087158203125,52164700,0.0,0.0,2026-01-27 14:01:10.178449+00:00
AAPL,2025-04-21 04:00:00,192.61134997705832,193.13954254760668,189.1631347892109,192.5017242431641,46742500,0.0,0.0,2026-01-27 14:01:10.178449+00:00
AAPL,2025-04-22 04:00:00,195.45165216386687,200.9030125684292,195.3021694205859,199.059326171875,52976400,0.0,0.0,2026-01-27 14:01:10.178449+00:00
AAPL,2025-04-23 04:00:00,205.29797863560773,207.29116289420588,202.1088868632085,203.9027557373047,52929200,0.0,0.0,2026-01-27 14:01:10.178449+00:00
AAPL,2025-04-24 04:00:00,204.1917605029567,208.11833592046503,202.248408894664,207.65989685058597,47311000,0.0,0.0,2026-01-27 14:01:10.178449+00:00
AAPL,2025-04-25 04:00:00,205.66671618569228,209.0352025034097,205.49729734578435,208.5668029785156,38222300,0.0,0.0,2026-01-27 14:01:10.178449+00:00
AAPL,2025-04-28 04:00:00,209.2843516085664,210.7792398343419,206.7530142372406,209.4238739013672,38743100,0.0,0.0,2026-01-27 14:01:10.178449+00:00
AAPL,2025-04-29 04:00:00,207.97880282615472,211.51670773820763,207.65988606249564,210.4902191162109,36827600,0.0,0.0,2026-01-27 14:01:10.178449+00:00
AAPL,2025-04-30 04:00:00,208.58675630135352,212.85216981941505,205.9657138762996,211.77584838867188,52286500,0.0,0.0,2026-01-27 14:01:10.178449+00:00
AAPL,2025-05-01 04:00:00,208.3674918385056,213.82881264887996,208.18809734114117,212.59304809570312,57365700,0.0,0.0,2026-01-27 14:01:10.178449+00:00
AAPL,2025-05-02 04:00:00,205.38767599056175,206.28461806468732,201.4710760745947,204.65020751953125,101010600,0.0,0.0,2026-01-27 14:01:10.178449+00:00
AAPL,2025-05-05 04:00:00,202.4078790317576,203.4044712176219,197.5345438511527,198.21221923828125,69018500,0.0,0.0,2026-01-27 14:01:10.178449+00:00
AAPL,2025-05-06 04:00:00,197.5345306234426,199.96620262041336,196.34858356859348,197.83349609375,51216500,0.0,0.0,2026-01-27 14:01:10.178449+00:00
AAPL,2025-05-07 04:00:00,198.49125449640596,198.7603386318323,192.591430858442,195.58120727539065,68536700,0.0,0.0,2026-01-27 14:01:10.178449+00:00
AAPL,2025-05-08 04:00:00,197.04619801698016,199.3682595147921,194.0165494128041,196.8169860839844,50478900,0.0,0.0,2026-01-27 14:01:10.178449+00:00
AAPL,2025-05-09 04:00:00,198.32183886048443,199.85658408831688,196.86680762308345,197.8534393310547,36453900,0.0,0.0,2026-01-27 14:01:10.178449+00:00
AAPL,2025-05-12 04:00:00,210.5267519291572,210.82612467262763,206.3156169574021,210.3471221923828,63775800,0.26,0.0,2026-01-27 14:01:10.178449+00:00
AAPL,2025-05-13 04:00:00,209.98788789546765,212.95164926547025,208.5608995756232,212.48263549804688,51909300,0.0,0.0,2026-01-27 14:01:10.178449+00:00
AAPL,2025-05-14 04:00:00,211.9836919036665,213.4905292428568,210.1375877621875,211.8839111328125,49325800,0.0,0.0,2026-01-27 14:01:10.178449+00:00
AAPL,2025-05-15 04:00:00,210.506803034962,212.51258988469863,209.0997617101353,211.00575256347656,45029500,0.0,0.0,2026-01-27 14:01:10.178449+00:00
AAPL,2025-05-16 04:00:00,211.9138418912236,212.12340739052024,209.3292870180407,210.81614685058597,54737900,0.0,0.0,2026-01-27 14:01:10.178449+00:00
AAPL,2025-05-19 04:00:00,207.47318710280223,209.0398806327114,203.83084657536088,208.3413543701172,46140500,0.0,0.0,2026-01-27 14:01:10.178449+00:00
AAPL,2025-05-20 04:00:00,207.23369558110693,208.03201787298204,204.5992426766309,206.42539978027344,42496600,0.0,0.0,2026-01-27 14:01:10.178449+00:00
AAPL,2025-05-21 04:00:00,204.7389515122616,206.6050179110669,200.2883301620853,201.66542053222656,59211800,0.0,0.0,2026-01-27 14:01:10.178449+00:00
AAPL,2025-05-22 04:00:00,200.28832240028711,202.32402973584547,199.28043462788852,200.93695068359372,46742400,0.0,0.0,2026-01-27 14:01:10.178449+00:00
AAPL,2025-05-23 04:00:00,193.2630967266574,197.28462846236872,193.053546464468,194.8597412109375,78432900,0.0,0.0,2026-01-27 14:01:10.178449+00:00
AAPL,2025-05-27 04:00:00,197.8833769105113,200.31825293342968,197.01519441683536,199.78936767578125,56288500,0.0,0.0,2026-01-27 14:01:10.178449+00:00
AAPL,2025-05-28 04:00:00,200.16857290124128,202.3040763244224,199.4800200994256,199.9989318847656,45339700,0.0,0.0,2026-01-27 14:01:10.178449+00:00
AAPL,2025-05-29 04:00:00,203.15228556391767,203.38179807643976,198.09293019267844,199.5299072265625,51396800,0.0,0.0,2026-01-27 14:01:10.178449+00:00
AAPL,2025-05-30 04:00:00,198.95112277889336,201.53569281345096,196.3665679710664,200.4280242919922,70819900,0.0,0.0,2026-01-27 14:01:10.178449+00:00
AAPL,2025-06-02 04:00:00,199.85921507319503,201.70533435611304,199.69954757512767,201.27622985839844,35423300,0.0,0.0,2026-01-27 14:01:10.178449+00:00
AAPL,2025-06-03 04:00:00,200.92697696252267,203.34189080211323,200.53779694760377,202.8429412841797,46381600,0.0,0.0,2026-01-27 14:01:10.178449+00:00
AAPL,2025-06-04 04:00:00,202.4836823743862,205.80668775064265,201.67538665008357,202.3938751220703,43604000,0.0,0.0,2026-01-27 14:01:10.178449+00:00
AAPL,2025-06-05 04:00:00,203.07244608657663,204.3198198340372,199.72947835269025,200.2084808349609,55126100,0.0,0.0,2026-01-27 14:01:10.178449+00:00
AAPL,2025-06-06 04:00:00,202.5734966384944,205.26782088834017,201.62549563553227,203.49156188964844,46607700,0.0,0.0,2026-01-27 14:01:10.178449+00:00
AAPL,2025-06-09 04:00:00,203.96057412654167,205.56719211084612,199.59976040917107,201.02674865722656,72862600,0.0,0.0,2026-01-27 14:01:10.178449+00:00
AAPL,2025-06-10 04:00:00,200.17855851367187,203.9206800071224,200.1486227598628,202.24420166015625,54672600,0.0,0.0,2026-01-27 14:01:10.178449+00:00
AAPL,2025-06-11 04:00:00,203.0724503091444,204.07034932786252,197.99314795828437,198.36236572265625,60989900,0.0,0.0,2026-01-27 14:01:10.178449+00:00
AAPL,2025-06-12 04:00:00,198.66173587371063,199.26046614106752,196.94534836583952,198.78147888183597,43904600,0.0,0.0,2026-01-27 14:01:10.178449+00:00
AAPL,2025-06-13 04:00:00,199.3103695725812,199.9490243445518,195.2888376882346,196.03726196289065,51447300,0.0,0.0,2026-01-27 14:01:10.178449+00:00
AAPL,2025-06-16 04:00:00,196.8854859861783,198.27256505925683,196.1470352061455,198.0031280517578,43020700,0.0,0.0,2026-01-27 14:01:10.178449+00:00
AAPL,2025-06-17 04:00:00,196.78567812068,197.97318035709665,194.79986887227625,195.2289581298828,38856200,0.0,0.0,2026-01-27 14:01:10.178449+00:00
AAPL,2025-06-18 04:00:00,195.5283374204853,197.15491770400297,194.66017014117492,196.1669921875,45394700,0.0,0.0,2026-01-27 14:01:10.178449+00:00
AAPL,2025-06-20 04:00:00,197.82351706190548,201.27623931614943,196.44641147314488,200.5777130126953,96813500,0.0,0.0,2026-01-27 14:01:10.178449+00:00
AAPL,2025-06-23 04:00:00,201.20637663769037,201.87496712850407,198.54198818263384,201.0766448974609,55814300,0.0,0.0,2026-01-27 14:01:10.178449+00:00
AAPL,2025-06-24 04:00:00,202.16436301176623,203.0125832870988,199.77938491343545,199.87918090820312,54064000,0.0,0.0,2026-01-27 14:01:10.178449+00:00
AAPL,2025-06-25 04:00:00,201.02675088646447,203.2420878888105,200.19849288768373,201.1365203857422,39525700,0.0,0.0,2026-01-27 14:01:10.178449+00:00
AAPL,2025-06-26 04:00:00,201.00680230384165,202.2142668779585,199.04095514509615,200.5777130126953,50799100,0.0,0.0,2026-01-27 14:01:10.178449+00:00
AAPL,2025-06-27 04:00:00,201.46584280819525,202.79305039965564,199.57981417332655,200.6575469970703,73188600,0.0,0.0,2026-01-27 14:01:10.178449+00:00
AAPL,2025-06-30 04:00:00,201.58557286233471,206.95427439094752,198.84135059390303,204.7389373779297,91912800,0.0,0.0,2026-01-27 14:01:10.178449+00:00
AAPL,2025-07-01 04:00:00,206.23578409144605,209.74839282792448,205.70689884063933,207.3833770751953,78788900,0.0,0.0,2026-01-27 14:01:10.178449+00:00
AAPL,2025-07-02 04:00:00,208.47108532398715,212.8917706186518,207.7026988246806,211.99366760253903,67941800,0.0,0.0,2026-01-27 14:01:10.178449+00:00
AAPL,2025-07-03 04:00:00,211.70426588787652,214.1990133776075,211.3649838836884,213.1013336181641,34955800,0.0,0.0,2026-01-27 14:01:10.178449+00:00
AAPL,2025-07-07 04:00:00,212.23315593085263,215.77570049162512,208.36131809352125,209.50889587402344,50229000,0.0,0.0,2026-01-27 14:01:10.178449+00:00
AAPL,2025-07-08 04:00:00,209.658593847986,210.985786168202,208.01205130024096,209.5687713623047,42848900,0.0,0.0,2026-01-27 14:01:10.178449+00:00
AAPL,2025-07-09 04:00:00,209.0897778625777,210.8859991217609,206.7846335910969,210.69639587402344,48749400,0.0,0.0,2026-01-27 14:01:10.178449+00:00
AAPL,2025-07-10 04:00:00,210.06772774811225,213.03148920420767,209.58874045798785,211.9637451171875,44443600,0.0,0.0,2026-01-27 14:01:10.178449+00:00
AAPL,2025-07-11 04:00:00,210.12759762046792,211.68431760849728,209.41908263784933,210.7163543701172,39765800,0.0,0.0,2026-01-27 14:01:10.178449+00:00
AAPL,2025-07-14 04:00:00,209.4889316669829,210.46688365912564,207.10395364435493,208.1816864013672,38840100,0.0,0.0,2026-01-27 14:01:10.178449+00:00
AAPL,2025-07-15 04:00:00,208.7804390594974,211.44482767792792,208.48106630115817,208.6706695556641,42296300,0.0,0.0,2026-01-27 14:01:10.178449+00:00
AAPL,2025-07-16 04:00:00,209.85816533566305,211.9537441254909,208.20164932080104,209.7184600830078,47490500,0.0,0.0,2026-01-27 14:01:10.178449+00:00
AAPL,2025-07-17 04:00:00,210.12759810142077,211.3550095983717,209.1496461257956,209.5787506103516,48068100,0.0,0.0,2026-01-27 14:01:10.178449+00:00
AAPL,2025-07-18 04:00:00,210.42696659875529,211.34503189230253,209.25942654413325,210.7363128662109,48974600,0.0,0.0,2026-01-27 14:01:10.178449+00:00
AAPL,2025-07-21 04:00:00,211.6543933122032,215.32665448510332,211.18537954340883,212.03358459472656,51377400,0.0,0.0,2026-01-27 14:01:10.178449+00:00
AAPL,2025-07-22 04:00:00,212.6921919281017,214.49838667908327,211.78410018506472,213.9495391845703,46404100,0.0,0.0,2026-01-27 14:01:10.178449+00:00
AAPL,2025-07-23 04:00:00,214.54829351655,214.69797228179937,211.9637386583707,213.7000732421875,46989300,0.0,0.0,2026-01-27 14:01:10.178449+00:00
AAPL,2025-07-24 04:00:00,213.45060308663847,215.23685093304425,213.08138530657155,213.31089782714844,46022600,0.0,0.0,2026-01-27 14:01:10.178449+00:00
AAPL,2025-07-25 04:00:00,214.24891808809048,214.7877920897316,212.95164630742312,213.4306488037109,40268800,0.0,0.0,2026-01-27 14:01:10.178449+00:00
AAPL,2025-07-28 04:00:00,213.5803337758995,214.39861831079745,212.6123704732672,213.6002960205078,37858000,0.0,0.0,2026-01-27 14:01:10.178449+00:00
AAPL,2025-07-29 04:00:00,213.73000061776605,214.3586818606333,210.3770745937549,210.8261260986328,51411700,0.0,0.0,2026-01-27 14:01:10.178449+00:00
AAPL,2025-07-30 04:00:00,211.454797150492,211.9437731540036,207.28358653790625,208.6107940673828,45512500,0.0,0.0,2026-01-27 14:01:10.178449+00:00
AAPL,2025-07-31 04:00:00,208.0519764228089,209.39913099136336,206.72476887181696,207.1339111328125,80698400,0.0,0.0,2026-01-27 14:01:10.178449+00:00
AAPL,2025-08-01 04:00:00,210.4269561886582,213.131269164684,201.07664747870345,201.95480346679688,104434500,0.0,0.0,2026-01-27 14:01:10.178449+00:00
AAPL,2025-08-04 04:00:00,204.0803265791815,207.44325668811337,201.2562704772093,202.9227752685547,75109300,0.0,0.0,2026-01-27 14:01:10.178449+00:00
AAPL,2025-08-05 04:00:00,202.97265486934364,204.908581407206,201.73526982787087,202.49366760253903,44155100,0.0,0.0,2026-01-27 14:01:10.178449+00:00
AAPL,2025-08-06 04:00:00,205.1979708684584,214.9274858636443,205.15804638253505,212.8019561767578,108483100,0.0,0.0,2026-01-27 14:01:10.178449+00:00
AAPL,2025-08-07 04:00:00,218.42014073215765,220.38600300495352,216.12496995802368,219.56771850585935,90224800,0.0,0.0,2026-01-27 14:01:10.178449+00:00
AAPL,2025-08-08 04:00:00,220.36603010589775,230.5146607452676,218.78934791515115,228.86813354492188,113854000,0.0,0.0,2026-01-27 14:01:10.178449+00:00
AAPL,2025-08-11 04:00:00,227.6992650180531,229.3376761213044,224.54232171734583,226.95997619628903,61806100,0.26,0.0,2026-01-27 14:01:10.178449+00:00
AAPL,2025-08-12 04:00:00,227.78917070894937,230.57647717809445,226.8500938879156,229.42758178710935,55626200,0.0,0.0,2026-01-27 14:01:10.178449+00:00
AAPL,2025-08-13 04:00:00,230.8462285986664,234.77241529044048,230.2068337695816,233.10403442382807,69878500,0.0,0.0,2026-01-27 14:01:10.178449+00:00
AAPL,2025-08-14 04:00:00,233.83332460758467,234.89229562265464,230.6264418350812,232.5545654296875,51916300,0.0,0.0,2026-01-27 14:01:10.178449+00:00
AAPL,2025-08-15 04:00:00,233.77337703316005,234.0531046408583,229.11788646444975,231.3657073974609,56038700,0.0,0.0,2026-01-27 14:01:10.178449+00:00
AAPL,2025-08-18 04:00:00,231.4756102221476,232.8942332130852,229.88715369469057,230.66639709472656,37476200,0.0,0.0,2026-01-27 14:01:10.178449+00:00
AAPL,2025-08-19 04:00:00,231.05601964615852,232.64447617946885,229.1278960385577,230.3367156982422,39402600,0.0,0.0,2026-01-27 14:01:10.178449+00:00
AAPL,2025-08-20 04:00:00,229.75726351111015,230.2467944412184,225.55134937034356,225.7911071777344,42263900,0.0,0.0,2026-01-27 14:01:10.178449+00:00
AAPL,2025-08-21 04:00:00,226.05087353353892,226.30063142153253,223.56327948127884,224.68218994140625,30621200,0.0,0.0,2026-01-27 14:01:10.178449+00:00
AAPL,2025-08-22 04:00:00,225.95095699429652,228.8681272027074,225.1916985271248,227.53941345214844,42477800,0.0,0.0,2026-01-27 14:01:10.178449+00:00
AAPL,2025-08-25 04:00:00,226.26065308481304,229.0779292721956,226.01089520624416,226.94000244140625,30983100,0.0,0.0,2026-01-27 14:01:10.178449+00:00
AAPL,2025-08-26 04:00:00,226.65028173376103,229.26775474756235,224.4724002828088,229.08792114257807,54575100,0.0,0.0,2026-01-27 14:01:10.178449+00:00
AAPL,2025-08-27 04:00:00,228.38860049855515,230.676376013076,228.03893336267103,230.26678466796875,31259500,0.0,0.0,2026-01-27 14:01:10.178449+00:00
AAPL,2025-08-28 04:00:00,230.59647266873003,233.1839607581121,229.11789497993007,232.33477783203125,38074700,0.0,0.0,2026-01-27 14:01:10.178449+00:00
AAPL,2025-08-29 04:00:00,232.284813175836,233.15398096397084,231.145917853049,231.9151763916016,39418400,0.0,0.0,2026-01-27 14:01:10.178449+00:00
AAPL,2025-09-02 04:00:00,229.02798202980685,230.6264386017744,226.75019132336067,229.49752807617188,44075600,0.0,0.0,2026-01-27 14:01:10.178449+00:00
AAPL,2025-09-03 04:00:00,236.9802851593088,238.6186963224971,234.133039090421,238.2390594482422,66427800,0.0,0.0,2026-01-27 14:01:10.178449+00:00
AAPL,2025-09-04 04:00:00,238.2190615253141,239.66765417218173,236.51072617258424,239.5477752685547,47549400,0.0,0.0,2026-01-27 14:01:10.178449+00:00
AAPL,2025-09-05 04:00:00,239.7675678194568,241.0862967595893,238.25903569310344,239.45787048339844,54870400,0.0,0.0,2026-01-27 14:01:10.178449+00:00
AAPL,2025-09-08 04:00:00,239.06825064349684,239.9174183063481,236.11111057683257,237.64962768554688,48999500,0.0,0.0,2026-01-27 14:01:10.178449+00:00
AAPL,2025-09-09 04:00:00,236.7704743513664,238.5487492683241,233.13400016518185,234.123046875,66313900,0.0,0.0,2026-01-27 14:01:10.178449+00:00
AAPL,2025-09-10 04:00:00,231.96513778704136,232.19491077497392,225.73117543382176,226.5703582763672,83440800,0.0,0.0,2026-01-27 14:01:10.178449+00:00
AAPL,2025-09-11 04:00:00,226.6602772530751,230.22681187017156,226.43048902665416,229.8072204589844,50208600,0.0,0.0,2026-01-27 14:01:10.178449+00:00
AAPL,2025-09-12 04:00:00,228.9980136278554,234.28288383192944,228.7982103662064,233.84332275390625,55824200,0.0,0.0,2026-01-27 14:01:10.178449+00:00
AAPL,2025-09-15 04:00:00,236.7704766731017,237.95932665324483,234.8023833057073,236.47076416015625,42699500,0.0,0.0,2026-01-27 14:01:10.178449+00:00
AAPL,2025-09-16 04:00:00,236.9502954777413,240.98639147239973,236.09114297984144,237.9193572998047,63421100,0.0,0.0,2026-01-27 14:01:10.178449+00:00
AAPL,2025-09-17 04:00:00,238.73857528095925,239.86748583209587,237.4997706474641,238.7585601806641,46508000,0.0,0.0,2026-01-27 14:01:10.178449+00:00
AAPL,2025-09-18 04:00:00,239.737599946219,240.9664044724694,236.4208079152849,237.64962768554688,44249600,0.0,0.0,2026-01-27 14:01:10.178449+00:00
AAPL,2025-09-19 04:00:00,240.9963687007352,246.0614658116388,239.9773675285625,245.26223754882807,163741300,0.0,0.0,2026-01-27 14:01:10.178449+00:00
AAPL,2025-09-22 04:00:00,248.05953649140056,256.3914711896616,247.8797028858207,255.8319854736328,105517400,0.0,0.0,2026-01-27 14:01:10.178449+00:00
AAPL,2025-09-23 04:00:00,255.63220171436936,257.0907792625319,253.33442606621003,254.18359375,60275200,0.0,0.0,2026-01-27 14:01:10.178449+00:00
AAPL,2025-09-24 04:00:00,254.9728287261993,255.4923293909784,250.79686899703333,252.06564331054688,42303700,0.0,0.0,2026-01-27 14:01:10.178449+00:00
AAPL,2025-09-25 04:00:00,252.9647721258288,256.9209435623003,251.466224879955,256.6212158203125,55202100,0.0,0.0,2026-01-27 14:01:10.178449+00:00
AAPL,2025-09-26 04:00:00,253.8539172209246,257.3505275669758,253.5342198150173,255.2126007080078,46076300,0.0,0.0,2026-01-27 14:01:10.178449+00:00
AAPL,2025-09-29 04:00:00,254.3134727315257,254.75304905914027,252.76497075706976,254.18359375,40127700,0.0,0.0,2026-01-27 14:01:10.178449+00:00
AAPL,2025-09-30 04:00:00,254.61318058017173,255.67215158054225,252.8648753735947,254.38340759277344,37704300,0.0,0.0,2026-01-27 14:01:10.178449+00:00
AAPL,2025-10-01 04:00:00,254.7929996074261,258.53938316103813,254.6831055272507,255.20260620117188,48713900,0.0,0.0,2026-01-27 14:01:10.178449+00:00
AAPL,2025-10-02 04:00:00,256.33149581258533,257.9299523535748,253.9038565188199,256.8809814453125,42630200,0.0,0.0,2026-01-27 14:01:10.178449+00:00
AAPL,2025-10-03 04:00:00,254.42336451804397,258.9889308017334,253.70406057825727,257.7701110839844,49155600,0.0,0.0,2026-01-27 14:01:10.178449+00:00
AAPL,2025-10-06 04:00:00,257.7401350456914,258.819106172963,254.8029951481629,256.44140625,44664100,0.0,0.0,2026-01-27 14:01:10.178449+00:00
AAPL,2025-10-07 04:00:00,256.56129542181253,257.15072039039774,255.18262697514496,256.23162841796875,31955800,0.0,0.0,2026-01-27 14:01:10.178449+00:00
AAPL,2025-10-08 04:00:00,256.2715719294531,258.2696351050741,255.8619653198879,257.8100891113281,36496900,0.0,0.0,2026-01-27 14:01:10.178449+00:00
AAPL,2025-10-09 04:00:00,257.5603136690899,257.75013209688524,252.8948383011137,253.79396057128903,38322000,0.0,0.0,2026-01-27 14:01:10.178449+00:00
AAPL,2025-10-10 04:00:00,254.69310389004832,256.1317117503244,243.76369637579657,245.032470703125,61999100,0.0,0.0,2026-01-27 14:01:10.178449+00:00
AAPL,2025-10-13 04:00:00,249.1384861966953,249.44818352992385,245.32217845998096,247.42015075683597,38142900,0.0,0.0,2026-01-27 14:01:10.178449+00:00
AAPL,2025-10-14 04:00:00,246.36117950382103,248.60900042906025,244.46301046499008,247.5300445556641,35478000,0.0,0.0,2026-01-27 14:01:10.178449+00:00
AAPL,2025-10-15 04:00:00,249.24838988167792,251.5761352503302,247.2303418581919,249.09852600097656,33893600,0.0,0.0,2026-01-27 14:01:10.178449+00:00
AAPL,2025-10-16 04:00:00,248.0095859666744,248.79881419551728,244.8926123625184,247.2103576660156,39777000,0.0,0.0,2026-01-27 14:01:10.178449+00:00
AAPL,2025-10-17 04:00:00,247.77980070207627,253.13461023404025,247.03052706557392,252.045654296875,49147000,0.0,0.0,2026-01-27 14:01:10.178449+00:00
AAPL,2025-10-20 04:00:00,255.64218177653177,264.1239650925819,255.3824390623343,261.98602294921875,90483000,0.0,0.0,2026-01-27 14:01:10.178449+00:00
AAPL,2025-10-21 04:00:00,261.6263807259345,265.0330818858,261.5764108568555,262.5155029296875,46695900,0.0,0.0,2026-01-27 14:01:10.178449+00:00
AAPL,2025-10-22 04:00:00,262.3956210979312,262.5954395959732,255.18261234613632,258.19970703125,45015300,0.0,0.0,2026-01-27 14:01:10.178449+00:00
AAPL,2025-10-23 04:00:00,259.6882499566228,260.36758405794774,257.76012648314656,259.3285827636719,32754900,0.0,0.0,2026-01-27 14:01:10.178449+00:00
AAPL,2025-10-24 04:00:00,260.93706434715574,263.87421967110856,258.9290010880386,262.56549072265625,38253700,0.0,0.0,2026-01-27 14:01:10.178449+00:00
AAPL,2025-10-27 04:00:00,264.6234656652487,268.8593494221352,264.3936774471076,268.5496520996094,44888200,0.0,0.0,2026-01-27 14:01:10.178449+00:00
AAPL,2025-10-28 04:00:00,268.7294713644567,269.6286240979669,267.8902885694659,268.7394714355469,41534800,0.0,0.0,2026-01-27 14:01:10.178449+00:00
AAPL,2025-10-29 04:00:00,269.01920560410514,271.1471476128123,266.85129379808274,269.4388122558594,51086700,0.0,0.0,2026-01-27 14:01:10.178449+00:00
AAPL,2025-10-30 04:00:00,271.7265709290392,273.87451306817263,268.2199910571769,271.1371459960937,69886500,0.0,0.0,2026-01-27 14:01:10.178449+00:00
AAPL,2025-10-31 04:00:00,276.721738255342,277.05143573891627,268.89933466249033,270.108154296875,86167100,0.0,0.0,2026-01-27 14:01:10.178449+00:00
AAPL,2025-11-03 05:00:00,270.15812755648943,270.5877038096653,265.9921525413924,268.7894287109375,50194600,0.0,0.0,2026-01-27 14:01:10.178449+00:00
AAPL,2025-11-04 05:00:00,268.0701070960229,271.2270502723956,267.36080327265466,269.7784729003906,49274800,0.0,0.0,2026-01-27 14:01:10.178449+00:00
AAPL,2025-11-05 05:00:00,268.3498399683747,271.43687417180433,266.67147434431234,269.8783874511719,43683100,0.0,0.0,2026-01-27 14:01:10.178449+00:00
AAPL,2025-11-06 05:00:00,267.6305743388968,273.1352174017799,267.6305743388968,269.5087280273437,51204000,0.0,0.0,2026-01-27 14:01:10.178449+00:00
AAPL,2025-11-07 05:00:00,269.5386899523433,272.02629915101613,266.51162568814635,268.2099914550781,48227400,0.0,0.0,2026-01-27 14:01:10.178449+00:00
AAPL,2025-11-10 05:00:00,268.9599914550781,273.7300109863281,267.4599914550781,269.42999267578125,41312400,0.26,0.0,2026-01-27 14:01:10.178449+00:00
AAPL,2025-11-11 05:00:00,269.8099975585937,275.9100036621094,269.79998779296875,275.25,46208300,0.0,0.0,2026-01-27 14:01:10.178449+00:00
AAPL,2025-11-12 05:00:00,275.0,275.7300109863281,271.70001220703125,273.4700012207031,48398000,0.0,0.0,2026-01-27 14:01:10.178449+00:00
AAPL,2025-11-13 05:00:00,274.1099853515625,276.70001220703125,272.0899963378906,272.95001220703125,49602800,0.0,0.0,2026-01-27 14:01:10.178449+00:00
AAPL,2025-11-14 05:00:00,271.04998779296875,275.9599914550781,269.6000061035156,272.4100036621094,47431300,0.0,0.0,2026-01-27 14:01:10.178449+00:00
AAPL,2025-11-17 05:00:00,268.82000732421875,270.489990234375,265.7300109863281,267.4599914550781,45018300,0.0,0.0,2026-01-27 14:01:10.178449+00:00
AAPL,2025-11-18 05:00:00,269.989990234375,270.7099914550781,265.32000732421875,267.44000244140625,45677300,0.0,0.0,2026-01-27 14:01:10.178449+00:00
AAPL,2025-11-19 05:00:00,265.5299987792969,272.2099914550781,265.5,268.5599975585937,40424500,0.0,0.0,2026-01-27 14:01:10.178449+00:00
AAPL,2025-11-20 05:00:00,270.8299865722656,275.42999267578125,265.9200134277344,266.25,45823600,0.0,0.0,2026-01-27 14:01:10.178449+00:00
AAPL,2025-11-21 05:00:00,265.95001220703125,273.3299865722656,265.6700134277344,271.489990234375,59030800,0.0,0.0,2026-01-27 14:01:10.178449+00:00
AAPL,2025-11-24 05:00:00,270.8999938964844,277.0,270.8999938964844,275.9200134277344,65585800,0.0,0.0,2026-01-27 14:01:10.178449+00:00
AAPL,2025-11-25 05:00:00,275.2699890136719,280.3800048828125,275.25,276.9700012207031,46914200,0.0,0.0,2026-01-27 14:01:10.178449+00:00
AAPL,2025-11-26 05:00:00,276.9599914550781,279.5299987792969,276.6300048828125,277.54998779296875,33431400,0.0,0.0,2026-01-27 14:01:10.178449+00:00
AAPL,2025-11-28 05:00:00,277.260009765625,279.0,275.989990234375,278.8500061035156,20135600,0.0,0.0,2026-01-27 14:01:10.178449+00:00
AAPL,2025-12-01 05:00:00,278.010009765625,283.4200134277344,276.1400146484375,283.1000061035156,46587700,0.0,0.0,2026-01-27 14:01:10.178449+00:00
AAPL,2025-12-02 05:00:00,283.0,287.3999938964844,282.6300048828125,286.19000244140625,53669500,0.0,0.0,2026-01-27 14:01:10.178449+00:00
AAPL,2025-12-03 05:00:00,286.20001220703125,288.6199951171875,283.29998779296875,284.1499938964844,43538700,0.0,0.0,2026-01-27 14:01:10.178449+00:00
AAPL,2025-12-04 05:00:00,284.1000061035156,284.7300109863281,278.5899963378906,280.70001220703125,43989100,0.0,0.0,2026-01-27 14:01:10.178449+00:00
AAPL,2025-12-05 05:00:00,280.5400085449219,281.1400146484375,278.04998779296875,278.7799987792969,47265800,0.0,0.0,2026-01-27 14:01:10.178449+00:00
AAPL,2025-12-08 05:00:00,278.1300048828125,279.6700134277344,276.1499938964844,277.8900146484375,38211800,0.0,0.0,2026-01-27 14:01:10.178449+00:00
AAPL,2025-12-09 05:00:00,278.1600036621094,280.0299987792969,276.9200134277344,277.17999267578125,32193300,0.0,0.0,2026-01-27 14:01:10.178449+00:00
AAPL,2025-12-10 05:00:00,277.75,279.75,276.44000244140625,278.7799987792969,33038300,0.0,0.0,2026-01-27 14:01:10.178449+00:00
AAPL,2025-12-11 05:00:00,279.1000061035156,279.5899963378906,273.8099975585937,278.0299987792969,33248000,0.0,0.0,2026-01-27 14:01:10.178449+00:00
AAPL,2025-12-12 05:00:00,277.8999938964844,279.2200012207031,276.82000732421875,278.2799987792969,39532900,0.0,0.0,2026-01-27 14:01:10.178449+00:00
AAPL,2025-12-15 05:00:00,280.1499938964844,280.1499938964844,272.8399963378906,274.1099853515625,50409100,0.0,0.0,2026-01-27 14:01:10.178449+00:00
AAPL,2025-12-16 05:00:00,272.82000732421875,275.5,271.7900085449219,274.6099853515625,37648600,0.0,0.0,2026-01-27 14:01:10.178449+00:00
AAPL,2025-12-17 05:00:00,275.010009765625,276.1600036621094,271.6400146484375,271.8399963378906,50138700,0.0,0.0,2026-01-27 14:01:10.178449+00:00
AAPL,2025-12-18 05:00:00,273.6099853515625,273.6300048828125,266.95001220703125,272.19000244140625,51630700,0.0,0.0,2026-01-27 14:01:10.178449+00:00
AAPL,2025-12-19 05:00:00,272.1499938964844,274.6000061035156,269.8999938964844,273.6700134277344,144632000,0.0,0.0,2026-01-27 14:01:10.178449+00:00
AAPL,2025-12-22 05:00:00,272.8599853515625,273.8800048828125,270.510009765625,270.9700012207031,36571800,0.0,0.0,2026-01-27 14:01:10.178449+00:00
AAPL,2025-12-23 05:00:00,270.8399963378906,272.5,269.5599975585937,272.3599853515625,29642000,0.0,0.0,2026-01-27 14:01:10.178449+00:00
AAPL,2025-12-24 05:00:00,272.3399963378906,275.42999267578125,272.20001220703125,273.8099975585937,17910600,0.0,0.0,2026-01-27 14:01:10.178449+00:00
AAPL,2025-12-26 05:00:00,274.1600036621094,275.3699951171875,272.8599853515625,273.3999938964844,21521800,0.0,0.0,2026-01-27 14:01:10.178449+00:00
AAPL,2025-12-29 05:00:00,272.69000244140625,274.3599853515625,272.3500061035156,273.760009765625,23715200,0.0,0.0,2026-01-27 14:01:10.178449+00:00
AAPL,2025-12-30 05:00:00,272.8099975585937,274.0799865722656,272.2799987792969,273.0799865722656,22139600,0.0,0.0,2026-01-27 14:01:10.178449+00:00
AAPL,2025-12-31 05:00:00,273.0599975585937,273.67999267578125,271.75,271.8599853515625,27293600,0.0,0.0,2026-01-27 14:01:10.178449+00:00
AAPL,2026-01-02 05:00:00,272.260009765625,277.8399963378906,269.0,271.010009765625,37838100,0.0,0.0,2026-01-27 14:01:10.178449+00:00
AAPL,2026-01-05 05:00:00,270.6400146484375,271.510009765625,266.1400146484375,267.260009765625,45647200,0.0,0.0,2026-01-27 14:01:10.178449+00:00
AAPL,2026-01-06 05:00:00,267.0,267.54998779296875,262.1199951171875,262.3599853515625,52352100,0.0,0.0,2026-01-27 14:01:10.178449+00:00
AAPL,2026-01-07 05:00:00,263.20001220703125,263.67999267578125,259.8099975585937,260.3299865722656,48309800,0.0,0.0,2026-01-27 14:01:10.178449+00:00
AAPL,2026-01-08 05:00:00,257.0199890136719,259.2900085449219,255.6999969482422,259.0400085449219,50419300,0.0,0.0,2026-01-27 14:01:10.178449+00:00
AAPL,2026-01-09 05:00:00,259.0799865722656,260.2099914550781,256.2200012207031,259.3699951171875,39997000,0.0,0.0,2026-01-27 14:01:10.178449+00:00
AAPL,2026-01-12 05:00:00,259.1600036621094,261.29998779296875,256.79998779296875,260.25,45263800,0.0,0.0,2026-01-27 14:01:10.178449+00:00
AAPL,2026-01-13 05:00:00,258.7200012207031,261.8099975585937,258.3900146484375,261.04998779296875,45730800,0.0,0.0,2026-01-27 14:01:10.178449+00:00
AAPL,2026-01-14 05:00:00,259.489990234375,261.82000732421875,256.7099914550781,259.9599914550781,40019400,0.0,0.0,2026-01-27 14:01:10.178449+00:00
AAPL,2026-01-15 05:00:00,260.6499938964844,261.0400085449219,257.04998779296875,258.2099914550781,39388600,0.0,0.0,2026-01-27 14:01:10.178449+00:00
AAPL,2026-01-16 05:00:00,257.8999938964844,258.8999938964844,254.92999267578125,255.52999877929688,72142800,0.0,0.0,2026-01-27 14:01:10.178449+00:00
AAPL,2026-01-20 05:00:00,252.72999572753903,254.7899932861328,243.4199981689453,246.6999969482422,80267500,0.0,0.0,2026-01-27 14:01:10.178449+00:00
AAPL,2026-01-21 05:00:00,248.6999969482422,251.55999755859372,245.17999267578125,247.6499938964844,54641700,0.0,0.0,2026-01-27 14:01:10.178449+00:00
AAPL,2026-01-22 05:00:00,249.1999969482422,251.0,248.1499938964844,248.3500061035156,39708300,0.0,0.0,2026-01-27 14:01:10.178449+00:00
AAPL,2026-01-23 05:00:00,247.32000732421875,249.41000366210935,244.67999267578125,248.0399932861328,41689000,0.0,0.0,2026-01-27 14:01:10.178449+00:00
AAPL,2026-01-26 05:00:00,251.47999572753903,256.5599975585937,249.8000030517578,255.41000366210935,55857900,0.0,0.0,2026-01-27 14:01:10.178449+00:00
