symbol,date,open,high,low,close,volume,dividends,stock_splits,extracted_at
MSFT,2022-01-03 05:00:00,324.4789626840154,327.04305171040653,319.0895183249568,323.8984069824219,28865100,0.0,0.0,2026-01-27 14:01:10.751124+00:00
MSFT,2022-01-04 05:00:00,323.9757928660076,324.333823368685,315.54815346488107,318.344482421875,32674300,0.0,0.0,2026-01-27 14:01:10.751124+00:00
MSFT,2022-01-05 05:00:00,315.2965689226274,315.4997826044344,305.73687408915134,306.1239013671875,40054300,0.0,0.0,2026-01-27 14:01:10.751124+00:00
MSFT,2022-01-06 05:00:00,302.9986098361541,308.3687131905766,301.39241851651343,303.7049560546875,39646100,0.0,0.0,2026-01-27 14:01:10.751124+00:00
MSFT,2022-01-07 05:00:00,303.96622221255154,306.2400483826627,300.0378372243138,303.8598022460937,32720000,0.0,0.0,2026-01-27 14:01:10.751124+00:00
MSFT,2022-01-10 05:00:00,299.4572301875026,304.51769951844926,294.81284395605223,304.082275390625,44289500,0.0,0.0,2026-01-27 14:01:10.751124+00:00
MSFT,2022-01-11 05:00:00,303.2211788519228,306.34645318386146,299.84432347965804,304.7693176269531,29386800,0.0,0.0,2026-01-27 14:01:10.751124+00:00
MSFT,2022-01-12 05:00:00,309.30721526386515,312.9259655873768,306.80114975733375,307.9525756835937,34372200,0.0,0.0,2026-01-27 14:01:10.751124+00:00
MSFT,2022-01-13 05:00:00,310.0812872347779,310.477999759612,294.14519599434743,294.91925048828125,45366000,0.0,0.0,2026-01-27 14:01:10.751124+00:00
MSFT,2022-01-14 05:00:00,294.38718582980954,300.7442144807807,293.903394234362,300.1443176269531,39846400,0.0,0.0,2026-01-27 14:01:10.751124+00:00
MSFT,2022-01-18 05:00:00,294.21293945049706,299.7571705686531,291.95845475795755,292.8389587402344,42333200,0.0,0.0,2026-01-27 14:01:10.751124+00:00
MSFT,2022-01-19 05:00:00,296.36098446324274,303.73396167938847,292.8873652813076,293.4969177246094,45933900,0.0,0.0,2026-01-27 14:01:10.751124+00:00
MSFT,2022-01-20 05:00:00,299.0508745044083,301.54722556520954,291.37794866784134,291.8230285644531,35380700,0.0,0.0,2026-01-27 14:01:10.751124+00:00
MSFT,2022-01-21 05:00:00,292.8777000608215,294.25165138229846,286.0271958983454,286.43359375,57984400,0.0,0.0,2026-01-27 14:01:10.751124+00:00
MSFT,2022-01-24 05:00:00,282.727768608137,287.4785752237632,267.101279303545,286.7625732421875,85731500,0.0,0.0,2026-01-27 14:01:10.751124+00:00
MSFT,2022-01-25 05:00:00,282.06977569492784,285.4272897689935,275.92564748178614,279.13800048828125,72848600,0.0,0.0,2026-01-27 14:01:10.751124+00:00
MSFT,2022-01-26 05:00:00,298.00588813814414,298.4993649327911,283.530854268644,287.091552734375,90428900,0.0,0.0,2026-01-27 14:01:10.751124+00:00
MSFT,2022-01-27 05:00:00,292.84867784956623,297.33824766891416,288.27199957427445,290.1200866699219,53481300,0.0,0.0,2026-01-27 14:01:10.751124+00:00
MSFT,2022-01-28 05:00:00,290.49743069503995,298.4799897848547,284.9048025987013,298.2671203613281,49743700,0.0,0.0,2026-01-27 14:01:10.751124+00:00
MSFT,2022-01-31 05:00:00,298.93479441062544,302.25359717758414,296.4384136116129,300.89898681640625,46444500,0.0,0.0,2026-01-27 14:01:10.751124+00:00
MSFT,2022-02-01 05:00:00,300.34739077879186,300.5602601832143,295.23855460093705,298.7508850097656,40950400,0.0,0.0,2026-01-27 14:01:10.751124+00:00
MSFT,2022-02-02 05:00:00,299.59275378047863,304.90477544054625,298.86706647048936,303.298583984375,36636000,0.0,0.0,2026-01-27 14:01:10.751124+00:00
MSFT,2022-02-03 05:00:00,299.4573120730052,301.14092690312145,290.2362454519294,291.48443603515625,43730000,0.0,0.0,2026-01-27 14:01:10.751124+00:00
MSFT,2022-02-04 05:00:00,290.478047823017,298.789581209842,290.24583738111943,296.0223083496094,35096500,0.0,0.0,2026-01-27 14:01:10.751124+00:00
MSFT,2022-02-07 05:00:00,296.24484477716817,297.860691549558,290.17808160206255,291.1940612792969,28533300,0.0,0.0,2026-01-27 14:01:10.751124+00:00
MSFT,2022-02-08 05:00:00,291.48434523681885,295.65462512508105,290.2264992927546,294.6870422363281,32421200,0.0,0.0,2026-01-27 14:01:10.751124+00:00
MSFT,2022-02-09 05:00:00,299.8249328306882,301.81815140418445,297.4253459420539,301.1214904785156,31284700,0.0,0.0,2026-01-27 14:01:10.751124+00:00
MSFT,2022-02-10 05:00:00,294.18391946316234,299.0992277076315,290.95219605157683,292.5777282714844,45386200,0.0,0.0,2026-01-27 14:01:10.751124+00:00
MSFT,2022-02-11 05:00:00,293.3615038676102,294.4258511158453,284.6822828292836,285.4757080078125,39175600,0.0,0.0,2026-01-27 14:01:10.751124+00:00
MSFT,2022-02-14 05:00:00,284.24681310649265,287.13990600791016,281.9052790638438,285.4369506835937,36359500,0.0,0.0,2026-01-27 14:01:10.751124+00:00
MSFT,2022-02-15 05:00:00,290.2845344237078,291.04890359942823,287.3914416813156,290.7296142578125,27058300,0.0,0.0,2026-01-27 14:01:10.751124+00:00
MSFT,2022-02-16 05:00:00,289.2946551001704,291.7186141094078,284.7473056316936,290.3902893066406,29982100,0.62,0.0,2026-01-27 14:01:10.751124+00:00
MSFT,2022-02-17 05:00:00,287.3457853291852,287.772404486028,281.1792477537465,281.8870544433594,32461600,0.0,0.0,2026-01-27 14:01:10.751124+00:00
MSFT,2022-02-18 05:00:00,284.13644314148104,284.9218034378094,277.6014595831245,279.17218017578125,34264000,0.0,0.0,2026-01-27 14:01:10.751124+00:00
MSFT,2022-02-22 05:00:00,276.331359038796,282.6724448259665,275.8465671808332,278.9686279296875,41736100,0.0,0.0,2026-01-27 14:01:10.751124+00:00
MSFT,2022-02-23 05:00:00,281.35375501257334,282.8275409854315,271.5803655847503,271.74517822265625,37811200,0.0,0.0,2026-01-27 14:01:10.751124+00:00
MSFT,2022-02-24 05:00:00,264.2212450912512,286.1823084436964,263.2613371745761,285.629638671875,56989700,0.0,0.0,2026-01-27 14:01:10.751124+00:00
MSFT,2022-02-25 05:00:00,286.16295712554097,288.5772111518248,282.7790897770282,288.2669372558594,32546700,0.0,0.0,2026-01-27 14:01:10.751124+00:00
MSFT,2022-02-28 05:00:00,285.3580988142638,290.04120338234367,284.08794687966224,289.70184326171875,34627500,0.0,0.0,2026-01-27 14:01:10.751124+00:00
MSFT,2022-03-01 05:00:00,287.3846692197042,290.8460909305995,283.2639375417869,285.9787902832031,31217800,0.0,0.0,2026-01-27 14:01:10.751124+00:00
MSFT,2022-03-02 05:00:00,286.3762504716057,292.3004227417383,284.7667674387277,291.0593566894531,31873000,0.0,0.0,2026-01-27 14:01:10.751124+00:00
MSFT,2022-03-03 05:00:00,293.67715703394936,293.90984760260005,285.1060129570107,286.9191589355469,27314500,0.0,0.0,2026-01-27 14:01:10.751124+00:00
MSFT,2022-03-04 05:00:00,285.33879636039853,286.6671212997695,278.43536512644255,281.04351806640625,32356500,0.0,0.0,2026-01-27 14:01:10.751124+00:00
MSFT,2022-03-07 05:00:00,279.75396452482715,280.8786850901457,270.0581281920922,270.42657470703125,43157200,0.0,0.0,2026-01-27 14:01:10.751124+00:00
MSFT,2022-03-08 05:00:00,269.35029539224405,275.3229335452845,261.7875556211475,267.4596252441406,48159500,0.0,0.0,2026-01-27 14:01:10.751124+00:00
MSFT,2022-03-09 05:00:00,274.8187931136679,280.79143196991623,272.2396970446507,279.7248840332031,35204500,0.0,0.0,2026-01-27 14:01:10.751124+00:00
MSFT,2022-03-10 05:00:00,274.4115141100971,277.8826396429179,272.0457279806012,276.9033508300781,30628000,0.0,0.0,2026-01-27 14:01:10.751124+00:00
MSFT,2022-03-11 05:00:00,279.2012682861542,280.70414052887327,270.9307218618932,271.55126953125,27209300,0.0,0.0,2026-01-27 14:01:10.751124+00:00
MSFT,2022-03-14 04:00:00,271.81307809759875,276.7191690212427,267.43057063229696,268.0317077636719,30660700,0.0,0.0,2026-01-27 14:01:10.751124+00:00
MSFT,2022-03-15 04:00:00,271.822797240653,279.06558869061246,270.2520763750094,278.4159545898437,34245100,0.0,0.0,2026-01-27 14:01:10.751124+00:00
MSFT,2022-03-16 04:00:00,280.3162702005297,285.6102173906511,274.58605778034723,285.4356994628906,37826300,0.0,0.0,2026-01-27 14:01:10.751124+00:00
MSFT,2022-03-17 04:00:00,284.3691285875564,286.6185396265509,280.5683485745352,286.24041748046875,30816600,0.0,0.0,2026-01-27 14:01:10.751124+00:00
MSFT,2022-03-18 04:00:00,286.3859015665902,291.8446619377946,283.8262162636274,291.2919921875,43390600,0.0,0.0,2026-01-27 14:01:10.751124+00:00
MSFT,2022-03-21 04:00:00,289.79889199333064,291.0108716421582,285.9302328335173,290.0606689453125,28351200,0.0,0.0,2026-01-27 14:01:10.751124+00:00
MSFT,2022-03-22 04:00:00,290.68114890416,295.7229954158394,289.68247898846056,294.81158447265625,27599700,0.0,0.0,2026-01-27 14:01:10.751124+00:00
MSFT,2022-03-23 04:00:00,291.3695483106634,294.0068166256151,288.66440204897714,290.38055419921875,25715400,0.0,0.0,2026-01-27 14:01:10.751124+00:00
MSFT,2022-03-24 04:00:00,290.04124604725905,294.9473365902291,289.2461804109756,294.8503723144531,24484500,0.0,0.0,2026-01-27 14:01:10.751124+00:00
MSFT,2022-03-25 04:00:00,295.9460794588149,296.20785643754294,290.1867492119975,294.4432067871094,22566500,0.0,0.0,2026-01-27 14:01:10.751124+00:00
MSFT,2022-03-28 04:00:00,295.0733614546366,301.346568476762,295.0733614546366,301.2496337890625,29578200,0.0,0.0,2026-01-27 14:01:10.751124+00:00
MSFT,2022-03-29 04:00:00,304.36203066251414,306.21393912796776,299.64983837259945,305.81640625,30393400,0.0,0.0,2026-01-27 14:01:10.751124+00:00
MSFT,2022-03-30 04:00:00,304.21660289540057,306.339993647316,302.10288786010216,304.31353759765625,28163600,0.0,0.0,2026-01-27 14:01:10.751124+00:00
MSFT,2022-03-31 04:00:00,304.35224961733445,305.55455325788046,298.5250730010145,298.9322814941406,33422100,0.0,0.0,2026-01-27 14:01:10.751124+00:00
MSFT,2022-04-01 04:00:00,299.96007850505373,300.69697152169914,296.246586275612,300.0085754394531,27110500,0.0,0.0,2026-01-27 14:01:10.751124+00:00
MSFT,2022-04-04 04:00:00,300.6581674070127,305.52546630436024,300.28972091399,305.3897399902344,24289600,0.0,0.0,2026-01-27 14:01:10.751124+00:00
MSFT,2022-04-05 04:00:00,303.7414225568673,305.29276212664746,300.44484446442266,301.42413330078125,23156700,0.0,0.0,2026-01-27 14:01:10.751124+00:00
MSFT,2022-04-06 04:00:00,295.90722237881243,297.66216633435283,287.68514276731554,290.3902893066406,40110400,0.0,0.0,2026-01-27 14:01:10.751124+00:00
MSFT,2022-04-07 04:00:00,287.63663922691137,294.4140182952895,287.3360707147367,292.203369140625,31411200,0.0,0.0,2026-01-27 14:01:10.751124+00:00
MSFT,2022-04-08 04:00:00,291.3017431608268,291.96105300699253,287.2682712247313,287.9372863769531,24361900,0.0,0.0,2026-01-27 14:01:10.751124+00:00
MSFT,2022-04-11 04:00:00,282.9148149628091,283.7098510494845,276.3313338468451,276.5834350585937,34569300,0.0,0.0,2026-01-27 14:01:10.751124+00:00
MSFT,2022-04-12 04:00:00,280.44231514730166,281.8966903613932,271.95845973176773,273.480712890625,30966700,0.0,0.0,2026-01-27 14:01:10.751124+00:00
MSFT,2022-04-13 04:00:00,274.130364433045,279.80240446057144,272.74383748539003,278.8716125488281,21907200,0.0,0.0,2026-01-27 14:01:10.751124+00:00
MSFT,2022-04-14 04:00:00,279.3273432160326,279.54065279729,270.82410546962507,271.3185729980469,28221600,0.0,0.0,2026-01-27 14:01:10.751124+00:00
MSFT,2022-04-18 04:00:00,270.42653361861943,273.8685431580262,269.8738639301832,271.987548828125,20778000,0.0,0.0,2026-01-27 14:01:10.751124+00:00
MSFT,2022-04-19 04:00:00,270.88224409138223,277.46572436879006,269.94174690889537,276.6221618652344,22297700,0.0,0.0,2026-01-27 14:01:10.751124+00:00
MSFT,2022-04-20 04:00:00,280.59747515624474,280.8883679766164,276.690054609588,277.6499328613281,22906700,0.0,0.0,2026-01-27 14:01:10.751124+00:00
MSFT,2022-04-21 04:00:00,279.8024222293234,284.37885800425323,271.5415806106492,272.2687683105469,29454600,0.0,0.0,2026-01-27 14:01:10.751124+00:00
MSFT,2022-04-22 04:00:00,273.112284984401,274.5860709052862,265.06475342226594,265.6949768066406,29405800,0.0,0.0,2026-01-27 14:01:10.751124+00:00
MSFT,2022-04-25 04:00:00,264.97754897503074,272.5596713449549,262.5341790094944,272.1815490722656,35678900,0.0,0.0,2026-01-27 14:01:10.751124+00:00
MSFT,2022-04-26 04:00:00,269.0594525267125,269.8932802307572,261.7875754313959,262.0008850097656,46518400,0.0,0.0,2026-01-27 14:01:10.751124+00:00
MSFT,2022-04-27 04:00:00,273.5195094539181,282.1197103075881,270.66893161567555,274.6054382324219,63477700,0.0,0.0,2026-01-27 14:01:10.751124+00:00
MSFT,2022-04-28 04:00:00,276.51557221439435,282.1294700096168,272.8990144338936,280.8205261230469,33646600,0.0,0.0,2026-01-27 14:01:10.751124+00:00
MSFT,2022-04-29 04:00:00,279.8315688272619,281.0629592015001,268.08992310674057,269.0788879394531,37073900,0.0,0.0,2026-01-27 14:01:10.751124+00:00
MSFT,2022-05-02 04:00:00,269.26307913115687,276.27317988457435,267.81840889699976,275.8174743652344,35151100,0.0,0.0,2026-01-27 14:01:10.751124+00:00
MSFT,2022-05-03 04:00:00,275.3229441287677,275.4877863561019,271.62883306903626,273.2092590332031,25978600,0.0,0.0,2026-01-27 14:01:10.751124+00:00
MSFT,2022-05-04 04:00:00,273.99464411060274,282.03250097169206,268.3128980413791,281.1598815917969,33599300,0.0,0.0,2026-01-27 14:01:10.751124+00:00
MSFT,2022-05-05 04:00:00,276.8549558835807,277.6403163642119,265.99560590571105,268.9140625,43260400,0.0,0.0,2026-01-27 14:01:10.751124+00:00
MSFT,2022-05-06 04:00:00,266.4512719319163,270.7562255668046,263.0189376361337,266.37371826171875,37780300,0.0,0.0,2026-01-27 14:01:10.751124+00:00
MSFT,2022-05-09 04:00:00,261.8456760203789,264.07570588016165,255.3106937377557,256.5323486328125,47726000,0.0,0.0,2026-01-27 14:01:10.751124+00:00
MSFT,2022-05-10 04:00:00,263.4262167504731,265.42355694885816,257.0075769295124,261.3028259277344,39336400,0.0,0.0,2026-01-27 14:01:10.751124+00:00
MSFT,2022-05-11 04:00:00,257.59901537556465,263.1062442259027,251.41306603345743,252.6250457763672,48975900,0.0,0.0,2026-01-27 14:01:10.751124+00:00
MSFT,2022-05-12 04:00:00,249.85199770937757,251.97538813892356,242.41529334839248,247.5831756591797,51033800,0.0,0.0,2026-01-27 14:01:10.751124+00:00
MSFT,2022-05-13 04:00:00,249.5223236211492,255.0392561912561,247.5831565902319,253.1776428222656,34925100,0.0,0.0,2026-01-27 14:01:10.751124+00:00
MSFT,2022-05-16 04:00:00,252.0529146897847,257.73468930316983,248.00006282048204,253.54608154296875,32550900,0.0,0.0,2026-01-27 14:01:10.751124+00:00
MSFT,2022-05-17 04:00:00,258.0158590570985,260.168335678037,254.4768850892092,258.70428466796875,28828800,0.0,0.0,2026-01-27 14:01:10.751124+00:00
MSFT,2022-05-18 04:00:00,255.59442633817832,256.17753742497484,245.6524875951275,246.92559814453125,31356000,0.62,0.0,2026-01-27 14:01:10.751124+00:00
MSFT,2022-05-19 04:00:00,246.750664242876,250.41452736184803,244.7875541882532,246.01206970214844,32692300,0.0,0.0,2026-01-27 14:01:10.751124+00:00
MSFT,2022-05-20 04:00:00,249.99656125235757,251.25997331712128,239.50068225877783,245.44834899902344,39199300,0.0,0.0,2026-01-27 14:01:10.751124+00:00
MSFT,2022-05-23 04:00:00,248.2958846153238,254.1366489134325,246.29387790737587,253.31057739257807,33175400,0.0,0.0,2026-01-27 14:01:10.751124+00:00
MSFT,2022-05-24 04:00:00,250.62836356197613,253.97147296907548,246.36196267456333,252.30963134765625,29043900,0.0,0.0,2026-01-27 14:01:10.751124+00:00
MSFT,2022-05-25 04:00:00,250.8712719945408,257.1299062877952,249.88970222522656,255.1279144287109,28547900,0.0,0.0,2026-01-27 14:01:10.751124+00:00
MSFT,2022-05-26 04:00:00,254.88498957150392,259.588701272369,254.06864585399157,258.41278076171875,25002100,0.0,0.0,2026-01-27 14:01:10.751124+00:00
MSFT,2022-05-27 04:00:00,260.92010410159867,265.643241139635,260.0259965721128,265.5460510253906,26910800,0.0,0.0,2026-01-27 14:01:10.751124+00:00
MSFT,2022-05-31 04:00:00,264.85604928536924,267.03296546550257,261.35741281139883,264.2146301269531,37827700,0.0,0.0,2026-01-27 14:01:10.751124+00:00
MSFT,2022-06-01 04:00:00,267.4509260743222,269.87080312577604,262.43621787387394,264.74920654296875,25292200,0.0,0.0,2026-01-27 14:01:10.751124+00:00
MSFT,2022-06-02 04:00:00,257.00356501405,266.9163331602478,254.2338100694297,266.8482971191406,44008200,0.0,0.0,2026-01-27 14:01:10.751124+00:00
MSFT,2022-06-03 04:00:00,262.69855996137693,265.75015751179075,260.8520664352407,262.4167175292969,28059000,0.0,0.0,2026-01-27 14:01:10.751124+00:00
MSFT,2022-06-06 04:00:00,264.39935102941,266.45965147122394,259.69563897248617,261.1825561523437,22400300,0.0,0.0,2026-01-27 14:01:10.751124+00:00
MSFT,2022-06-07 04:00:00,259.13195514945534,265.439199996227,258.45165391231484,264.8269348144531,22860700,0.0,0.0,2026-01-27 14:01:10.751124+00:00
MSFT,2022-06-08 04:00:00,264.0591896604282,265.3128741834113,262.0183154658259,262.7958068847656,17372300,0.0,0.0,2026-01-27 14:01:10.751124+00:00
MSFT,2022-06-09 04:00:00,260.23984343092275,265.03101725984766,257.17854713483496,257.33404541015625,26439700,0.0,0.0,2026-01-27 14:01:10.751124+00:00
MSFT,2022-06-10 04:00:00,253.2425331361121,253.2425331361121,245.41921820228916,245.86627197265625,31422800,0.0,0.0,2026-01-27 14:01:10.751124+00:00
MSFT,2022-06-13 04:00:00,238.20815546124877,242.00806063802048,234.72895987314584,235.4384002685547,46135800,0.0,0.0,2026-01-27 14:01:10.751124+00:00
MSFT,2022-06-14 04:00:00,236.99334100220605,238.82040832428856,234.7095068496029,237.6056060791016,28651500,0.0,0.0,2026-01-27 14:01:10.751124+00:00
MSFT,2022-06-15 04:00:00,241.31806207572347,248.1112423588129,239.4812814606915,244.67091369628903,33111700,0.0,0.0,2026-01-27 14:01:10.751124+00:00
MSFT,2022-06-16 04:00:00,239.0536833459512,240.4531381537585,236.17703942246425,238.07212829589844,33169200,0.0,0.0,2026-01-27 14:01:10.751124+00:00
MSFT,2022-06-17 04:00:00,237.8097202379465,243.4464064672868,237.1585879163122,240.67665100097656,43084800,0.0,0.0,2026-01-27 14:01:10.751124+00:00
MSFT,2022-06-21 04:00:00,243.2131485780948,247.57672404798697,242.48426715302716,246.5951690673828,29928300,0.0,0.0,2026-01-27 14:01:10.751124+00:00
MSFT,2022-06-22 04:00:00,244.7972301666433,249.9285685083653,243.32002647994867,246.0023193359375,25939900,0.0,0.0,2026-01-27 14:01:10.751124+00:00
MSFT,2022-06-23 04:00:00,248.3736453402436,252.06663275402383,246.4882696524393,251.57098388671875,25861400,0.0,0.0,2026-01-27 14:01:10.751124+00:00
MSFT,2022-06-24 04:00:00,254.4379160424681,260.43419339301283,254.3504538336988,260.1620788574219,33923200,0.0,0.0,2026-01-27 14:01:10.751124+00:00
MSFT,2022-06-27 04:00:00,260.65770592471864,260.74516813613343,255.86653250823528,257.43121337890625,24615100,0.0,0.0,2026-01-27 14:01:10.751124+00:00
MSFT,2022-06-28 04:00:00,256.546824812342,259.3943143434112,249.1025126077075,249.2580108642578,27295500,0.0,0.0,2026-01-27 14:01:10.751124+00:00
MSFT,2022-06-29 04:00:00,250.3367486958808,254.5934209161679,248.55827625903652,252.93157958984372,20069800,0.0,0.0,2026-01-27 14:01:10.751124+00:00
MSFT,2022-06-30 04:00:00,249.81192039392005,252.2220987114216,245.7787828948481,249.59811401367188,31730900,0.0,0.0,2026-01-27 14:01:10.751124+00:00
MSFT,2022-07-01 04:00:00,249.17055781580504,252.4553585095582,247.4406655990664,252.2707061767578,22837700,0.0,0.0,2026-01-27 14:01:10.751124+00:00
MSFT,2022-07-05 04:00:00,248.94699962740748,255.57496783684243,247.56698604768548,255.44862365722656,22941000,0.0,0.0,2026-01-27 14:01:10.751124+00:00
MSFT,2022-07-06 04:00:00,256.3232970437693,260.4438971435167,255.0113045680069,258.7140197753906,23824400,0.0,0.0,2026-01-27 14:01:10.751124+00:00
MSFT,2022-07-07 04:00:00,257.65470611483187,261.4837653703721,257.5575159983353,260.84234619140625,20859900,0.0,0.0,2026-01-27 14:01:10.751124+00:00
MSFT,2022-07-08 04:00:00,257.3340784115117,260.55087339545304,255.8763152589728,260.1232604980469,19658800,0.0,0.0,2026-01-27 14:01:10.751124+00:00
MSFT,2022-07-11 04:00:00,258.16977390244966,259.0249994505341,254.79748159613317,257.0618896484375,19455200,0.0,0.0,2026-01-27 14:01:10.751124+00:00
MSFT,2022-07-12 04:00:00,258.39329412629985,258.45160225974297,244.9429927815693,246.527099609375,35868500,0.0,0.0,2026-01-27 14:01:10.751124+00:00
MSFT,2022-07-13 04:00:00,243.14512305849968,246.4105123782504,241.1236901625464,245.6038818359375,29497400,0.0,0.0,2026-01-27 14:01:10.751124+00:00
MSFT,2022-07-14 04:00:00,243.5144383254252,247.9557482126249,239.01480546624109,246.92559814453125,25102800,0.0,0.0,2026-01-27 14:01:10.751124+00:00
MSFT,2022-07-15 04:00:00,248.5193996029873,253.0384582835576,247.59615280932707,249.49124145507807,29774100,0.0,0.0,2026-01-27 14:01:10.751124+00:00
MSFT,2022-07-18 04:00:00,252.4359355465149,253.4952396670065,246.16755820714368,247.0908050537109,20975000,0.0,0.0,2026-01-27 14:01:10.751124+00:00
MSFT,2022-07-19 04:00:00,250.32700351696752,252.40675925247564,246.53682634197375,252.22210693359372,25012600,0.0,0.0,2026-01-27 14:01:10.751124+00:00
MSFT,2022-07-20 04:00:00,252.58168831471332,257.4117434464244,251.61957438364064,254.88494873046875,22788300,0.0,0.0,2026-01-27 14:01:10.751124+00:00
MSFT,2022-07-21 04:00:00,252.474749395198,257.4311477190251,249.7924569629085,257.3825378417969,22404700,0.0,0.0,2026-01-27 14:01:10.751124+00:00
MSFT,2022-07-22 04:00:00,257.7713253194178,257.8587875277804,251.77507765501488,253.0287322998047,21881300,0.0,0.0,2026-01-27 14:01:10.751124+00:00
MSFT,2022-07-25 04:00:00,253.6507650735892,254.1366860794773,249.57874467158567,251.54185485839844,21056000,0.0,0.0,2026-01-27 14:01:10.751124+00:00
MSFT,2022-07-26 04:00:00,252.54279829754145,252.5622541150104,242.5425674350256,244.80694580078125,39348000,0.0,0.0,2026-01-27 14:01:10.751124+00:00
MSFT,2022-07-27 04:00:00,253.80618244101652,262.4458397490854,251.56123048216568,261.1727294921875,45994000,0.0,0.0,2026-01-27 14:01:10.751124+00:00
MSFT,2022-07-28 04:00:00,262.15436025094607,270.01655789466145,260.32729267977885,268.6268310546875,33459300,0.0,0.0,2026-01-27 14:01:10.751124+00:00
MSFT,2022-07-29 04:00:00,269.88046135026275,274.059368942466,268.840583577074,272.8348388671875,32152800,0.0,0.0,2026-01-27 14:01:10.751124+00:00
MSFT,2022-08-01 04:00:00,269.9971103708195,273.3596748735574,268.0728528273835,270.1817626953125,21539600,0.0,0.0,2026-01-27 14:01:10.751124+00:00
MSFT,2022-08-02 04:00:00,268.2283090561538,270.0651041041312,264.7102468493613,267.08154296875,22754200,0.0,0.0,2026-01-27 14:01:10.751124+00:00
MSFT,2022-08-03 04:00:00,268.9669655407717,275.5171702565812,268.8211655336045,274.51617431640625,23518900,0.0,0.0,2026-01-27 14:01:10.751124+00:00
MSFT,2022-08-04 04:00:00,273.8650503235912,275.8087342283953,272.28097285411656,275.6629638671875,18098700,0.0,0.0,2026-01-27 14:01:10.751124+00:00
MSFT,2022-08-05 04:00:00,271.28962159231065,275.66290951585654,270.83285477841,274.9437561035156,16774600,0.0,0.0,2026-01-27 14:01:10.751124+00:00
MSFT,2022-08-08 04:00:00,276.05164766060443,277.8690167147474,271.4548549906023,272.4266967773437,18739200,0.0,0.0,2026-01-27 14:01:10.751124+00:00
MSFT,2022-08-09 04:00:00,271.7658183747208,275.10892642826786,269.7929513160365,274.35089111328125,23405200,0.0,0.0,2026-01-27 14:01:10.751124+00:00
MSFT,2022-08-10 04:00:00,280.0557082242468,281.6495136024719,278.8603319468809,281.017822265625,24687800,0.0,0.0,2026-01-27 14:01:10.751124+00:00
MSFT,2022-08-11 04:00:00,282.6602203734145,283.0100692187593,278.44243011883435,278.93804931640625,20065900,0.0,0.0,2026-01-27 14:01:10.751124+00:00
MSFT,2022-08-12 04:00:00,280.35695809957093,283.6903686523437,278.8603132900209,283.6903686523437,22619700,0.0,0.0,2026-01-27 14:01:10.751124+00:00
MSFT,2022-08-15 04:00:00,282.8060006707274,285.89645087966176,281.9410471199956,285.2064514160156,18085700,0.0,0.0,2026-01-27 14:01:10.751124+00:00
MSFT,2022-08-16 04:00:00,283.7680766752534,285.7603701530743,282.2423075949929,284.4678039550781,18102900,0.0,0.0,2026-01-27 14:01:10.751124+00:00
MSFT,2022-08-17 04:00:00,282.1790792422317,285.6948899288405,281.91613572786963,283.7178649902344,18253400,0.62,0.0,2026-01-27 14:01:10.751124+00:00
MSFT,2022-08-18 04:00:00,282.61745934130954,284.29257692278867,281.5364094701018,282.5979919433594,17186200,0.0,0.0,2026-01-27 14:01:10.751124+00:00
MSFT,2022-08-19 04:00:00,281.3610071796506,281.701879702616,278.10816968065785,278.6827697753906,20570000,0.0,0.0,2026-01-27 14:01:10.751124+00:00
MSFT,2022-08-22 04:00:00,274.71900818026165,275.0890966994029,269.9858458890411,270.50201416015625,25061100,0.0,0.0,2026-01-27 14:01:10.751124+00:00
MSFT,2022-08-23 04:00:00,269.2261962890625,271.5830288322253,268.21332715946977,269.2261962890625,17527400,0.0,0.0,2026-01-27 14:01:10.751124+00:00
MSFT,2022-08-24 04:00:00,268.22308164579806,269.99559523146576,267.9308924197896,268.5931701660156,18137000,0.0,0.0,2026-01-27 14:01:10.751124+00:00
MSFT,2022-08-25 04:00:00,270.0930402651124,271.73894196905934,267.3563697985728,271.5733947753906,16583400,0.0,0.0,2026-01-27 14:01:10.751124+00:00
MSFT,2022-08-26 04:00:00,271.79735148063304,273.0244810979979,260.9870314615862,261.0941467285156,27549300,0.0,0.0,2026-01-27 14:01:10.751124+00:00
MSFT,2022-08-29 04:00:00,258.91256247792984,260.4221028280278,256.9647531378231,258.3087463378906,20338500,0.0,0.0,2026-01-27 14:01:10.751124+00:00
MSFT,2022-08-30 04:00:00,259.711155479428,260.08121426548763,253.8579792613374,256.1076965332031,22767100,0.0,0.0,2026-01-27 14:01:10.751124+00:00
MSFT,2022-08-31 04:00:00,258.464585387242,260.13967295694687,254.51050491907355,254.64686584472656,24791800,0.0,0.0,2026-01-27 14:01:10.751124+00:00
MSFT,2022-09-01 04:00:00,252.11469390871204,254.08200033825847,248.7449921160076,253.60476684570312,23263400,0.0,0.0,2026-01-27 14:01:10.751124+00:00
MSFT,2022-09-02 04:00:00,254.8708733039259,257.831522209211,247.8295315839085,249.37803649902344,22855400,0.0,0.0,2026-01-27 14:01:10.751124+00:00
MSFT,2022-09-06 04:00:00,249.5143726473492,251.10181219377696,245.36552950333495,246.64134216308597,21328200,0.0,0.0,2026-01-27 14:01:10.751124+00:00
MSFT,2022-09-07 04:00:00,248.05352047263693,252.07573671931655,246.61214569878825,251.3550567626953,24126700,0.0,0.0,2026-01-27 14:01:10.751124+00:00
MSFT,2022-09-08 04:00:00,250.7902106845793,253.63399578598168,248.1411738313004,251.7738342285156,20319900,0.0,0.0,2026-01-27 14:01:10.751124+00:00
MSFT,2022-09-09 04:00:00,253.7021534014361,258.30873295170056,253.4976417532625,257.5588073730469,22084700,0.0,0.0,2026-01-27 14:01:10.751124+00:00
MSFT,2022-09-12 04:00:00,258.8443581611644,260.4707918875841,258.2405420767768,259.691650390625,18747700,0.0,0.0,2026-01-27 14:01:10.751124+00:00
MSFT,2022-09-13 04:00:00,252.08549941911832,253.60478843632785,245.0246900517637,245.4142608642578,33353300,0.0,0.0,2026-01-27 14:01:10.751124+00:00
MSFT,2022-09-14 04:00:00,246.91405740824067,247.59578772613625,243.3398289424253,245.63824462890625,23913000,0.0,0.0,2026-01-27 14:01:10.751124+00:00
MSFT,2022-09-15 04:00:00,243.2521867435892,244.83964133633745,237.65223458820603,238.97674560546875,31530900,0.0,0.0,2026-01-27 14:01:10.751124+00:00
MSFT,2022-09-16 04:00:00,237.8859543799228,238.8988235801024,235.74336703268992,238.3534393310547,39791800,0.0,0.0,2026-01-27 14:01:10.751124+00:00
MSFT,2022-09-19 04:00:00,236.14268298899876,238.74300685593585,234.5649620689847,238.13919067382807,26826900,0.0,0.0,2026-01-27 14:01:10.751124+00:00
MSFT,2022-09-20 04:00:00,235.7531105348159,237.15552077631924,233.38651445985508,236.1231842041016,26660300,0.0,0.0,2026-01-27 14:01:10.751124+00:00
MSFT,2022-09-21 04:00:00,237.89568781443512,241.19722391131663,232.6658098530844,232.71450805664065,28625600,0.0,0.0,2026-01-27 14:01:10.751124+00:00
MSFT,2022-09-22 04:00:00,231.66271451815115,237.4964092295896,231.37055498618827,234.69155883789065,31061200,0.0,0.0,2026-01-27 14:01:10.751124+00:00
MSFT,2022-09-23 04:00:00,233.28914678516335,234.83766669484223,229.06240356442768,231.71142578125,34176000,0.0,0.0,2026-01-27 14:01:10.751124+00:00
MSFT,2022-09-26 04:00:00,230.8641214166978,235.14929632525457,230.71802678944272,231.2536773681641,27694200,0.0,0.0,2026-01-27 14:01:10.751124+00:00
MSFT,2022-09-27 04:00:00,233.71763077904288,235.49014435263197,228.38063752576423,230.2407989501953,27018700,0.0,0.0,2026-01-27 14:01:10.751124+00:00
MSFT,2022-09-28 04:00:00,230.6303919063113,236.0063505305547,228.6046681513702,234.77923583984372,29029700,0.0,0.0,2026-01-27 14:01:10.751124+00:00
MSFT,2022-09-29 04:00:00,232.6560951138405,233.68843172668625,228.29300618270508,231.3023681640625,27484200,0.0,0.0,2026-01-27 14:01:10.751124+00:00
MSFT,2022-09-30 04:00:00,232.07171756761372,234.2630028890252,226.656810439956,226.82237243652344,35694800,0.0,0.0,2026-01-27 14:01:10.751124+00:00
MSFT,2022-10-03 04:00:00,229.26689591019425,235.3051017334965,228.5364674268769,234.4578094482422,28880400,0.0,0.0,2026-01-27 14:01:10.751124+00:00
MSFT,2022-10-04 04:00:00,238.69429935915923,243.8267812891872,238.58716924773373,242.38540649414065,34888400,0.0,0.0,2026-01-27 14:01:10.751124+00:00
MSFT,2022-10-05 04:00:00,239.5708111265556,244.0410299207372,237.7301319253864,242.6970367431641,20347100,0.0,0.0,2026-01-27 14:01:10.751124+00:00
MSFT,2022-10-06 04:00:00,241.46018055206,243.8072944010288,239.65846580764227,240.3499298095703,20239900,0.0,0.0,2026-01-27 14:01:10.751124+00:00
MSFT,2022-10-07 04:00:00,234.6136353894084,235.02268843917923,227.08535624814024,228.12744140625,37769600,0.0,0.0,2026-01-27 14:01:10.751124+00:00
MSFT,2022-10-10 04:00:00,226.96849528328903,228.43908604327487,220.81341039260693,223.2676544189453,29743600,0.0,0.0,2026-01-27 14:01:10.751124+00:00
MSFT,2022-10-11 04:00:00,221.68018361933272,223.08260876857707,218.2617834635044,219.52786254882807,30474000,0.0,0.0,2026-01-27 14:01:10.751124+00:00
MSFT,2022-10-12 04:00:00,219.51810569426297,221.91391771043945,218.11569545862957,219.8589782714844,21903900,0.0,0.0,2026-01-27 14:01:10.751124+00:00
MSFT,2022-10-13 04:00:00,214.11295342121704,229.93890473575348,213.41174085104757,228.12744140625,42551800,0.0,0.0,2026-01-27 14:01:10.751124+00:00
MSFT,2022-10-14 04:00:00,229.3935080392984,231.04915792889815,222.38139712434597,222.5956573486328,30198600,0.0,0.0,2026-01-27 14:01:10.751124+00:00
MSFT,2022-10-17 04:00:00,229.6661896850732,232.7242495317194,229.00392683019308,231.33155822753903,28142300,0.0,0.0,2026-01-27 14:01:10.751124+00:00
MSFT,2022-10-18 04:00:00,236.8925893556901,237.56457112933387,229.2279491068901,232.2762756347656,26329600,0.0,0.0,2026-01-27 14:01:10.751124+00:00
MSFT,2022-10-19 04:00:00,230.8543747593017,233.3573170929322,228.17613670425015,230.3089904785156,19985700,0.0,0.0,2026-01-27 14:01:10.751124+00:00
MSFT,2022-10-20 04:00:00,229.61753614885927,235.0129621385581,228.74101292283223,229.98760986328125,21811000,0.0,0.0,2026-01-27 14:01:10.751124+00:00
MSFT,2022-10-21 04:00:00,228.61439693552748,236.65884448891248,228.3806544553497,235.8018035888672,26299700,0.0,0.0,2026-01-27 14:01:10.751124+00:00
MSFT,2022-10-24 04:00:00,237.3989952337496,241.37252804090213,235.00319808540837,240.7979278564453,24911200,0.0,0.0,2026-01-27 14:01:10.751124+00:00
MSFT,2022-10-25 04:00:00,240.80765754624483,244.48901592120416,239.4149810348262,244.1189422607422,34775500,0.0,0.0,2026-01-27 14:01:10.751124+00:00
MSFT,2022-10-26 04:00:00,225.1375662552775,232.0815120934892,224.05653135483252,225.28366088867188,82543200,0.0,0.0,2026-01-27 14:01:10.751124+00:00
MSFT,2022-10-27 04:00:00,225.01096136720344,227.59181803699,219.88822740268336,220.8329162597656,40424600,0.0,0.0,2026-01-27 14:01:10.751124+00:00
MSFT,2022-10-28 04:00:00,220.33618303310567,230.4258353283735,220.15113878058648,229.71487426757807,40647700,0.0,0.0,2026-01-27 14:01:10.751124+00:00
MSFT,2022-10-31 04:00:00,227.65996437056043,228.78969742408265,225.1180724304389,226.072509765625,28357300,0.0,0.0,2026-01-27 14:01:10.751124+00:00
MSFT,2022-11-01 04:00:00,228.47806626370723,229.58831711329057,221.3977743852499,222.21585083007807,30592300,0.0,0.0,2026-01-27 14:01:10.751124+00:00
MSFT,2022-11-02 04:00:00,223.47219453248945,225.26417573849065,214.29799854352845,214.3564453125,38407000,0.0,0.0,2026-01-27 14:01:10.751124+00:00
MSFT,2022-11-03 04:00:00,214.3466881841221,214.6583448304135,208.3961296970331,208.6590881347656,36633900,0.0,0.0,2026-01-27 14:01:10.751124+00:00
MSFT,2022-11-04 04:00:00,211.8729869376078,215.80755569299043,207.86048915628436,215.6127777099609,36789100,0.0,0.0,2026-01-27 14:01:10.751124+00:00
MSFT,2022-11-07 05:00:00,216.1971255856238,222.4495924356852,215.5056466591579,221.92367553710935,33498000,0.0,0.0,2026-01-27 14:01:10.751124+00:00
MSFT,2022-11-08 05:00:00,222.7319752355517,225.6049907842556,219.94660753280243,222.8975372314453,28192500,0.0,0.0,2026-01-27 14:01:10.751124+00:00
MSFT,2022-11-09 05:00:00,221.4367201317789,222.663849637984,218.4760562053144,218.6513519287109,27852900,0.0,0.0,2026-01-27 14:01:10.751124+00:00
MSFT,2022-11-10 05:00:00,229.2863751045428,236.98023110784243,228.86760321897785,236.6393585205078,46268000,0.0,0.0,2026-01-27 14:01:10.751124+00:00
MSFT,2022-11-11 05:00:00,236.64913798358995,241.51866209227285,235.61678638963824,240.66162109375,34620200,0.0,0.0,2026-01-27 14:01:10.751124+00:00
MSFT,2022-11-14 05:00:00,235.67523987181343,237.5451353995129,232.96778557914996,235.2467193603516,31123300,0.0,0.0,2026-01-27 14:01:10.751124+00:00
MSFT,2022-11-15 05:00:00,239.2494265791224,240.5544552800884,233.7663384908261,235.6557159423828,31390100,0.0,0.0,2026-01-27 14:01:10.751124+00:00
MSFT,2022-11-16 05:00:00,237.12067984603283,238.1071051885052,234.80602574594812,236.0854339599609,24093300,0.68,0.0,2026-01-27 14:01:10.751124+00:00
MSFT,2022-11-17 05:00:00,232.22766434937836,237.5699370972691,232.0811729185345,236.03659057617188,23123500,0.0,0.0,2026-01-27 14:01:10.751124+00:00
MSFT,2022-11-18 05:00:00,237.8238462065989,238.04848625699648,233.4484618735236,235.5873260498047,27613500,0.0,0.0,2026-01-27 14:01:10.751124+00:00
MSFT,2022-11-21 05:00:00,235.79246222127256,238.95681170567795,235.55807589816013,236.3979949951172,26394700,0.0,0.0,2026-01-27 14:01:10.751124+00:00
MSFT,2022-11-22 05:00:00,237.90200273092583,239.5818407425711,235.08926284135725,239.30838012695312,19665700,0.0,0.0,2026-01-27 14:01:10.751124+00:00
MSFT,2022-11-23 05:00:00,239.3865183417604,242.48249493563225,238.56613647954853,241.79884338378903,19508500,0.0,0.0,2026-01-27 14:01:10.751124+00:00
MSFT,2022-11-25 05:00:00,241.53516337435977,242.89270545912507,240.9687049278587,241.71096801757807,9200800,0.0,0.0,2026-01-27 14:01:10.751124+00:00
MSFT,2022-11-28 05:00:00,240.33387852118813,240.89056091224677,235.177171044866,236.11474609375,24778200,0.0,0.0,2026-01-27 14:01:10.751124+00:00
MSFT,2022-11-29 05:00:00,235.7631467017508,237.1206886996912,232.64764779898533,234.7181396484375,17956300,0.0,0.0,2026-01-27 14:01:10.751124+00:00
MSFT,2022-11-30 05:00:00,234.95252448977652,249.36786250056448,234.25909694374437,249.1822967529297,47594200,0.0,0.0,2026-01-27 14:01:10.751124+00:00
MSFT,2022-12-01 05:00:00,247.9419535295198,250.139414459016,245.06084106912184,248.7428131103516,26041500,0.0,0.0,2026-01-27 14:01:10.751124+00:00
MSFT,2022-12-02 05:00:00,243.98653586131007,250.08081797025932,243.8595666832117,249.0651092529297,21528500,0.0,0.0,2026-01-27 14:01:10.751124+00:00
MSFT,2022-12-05 05:00:00,246.12538359731664,247.8931313402829,242.2676218605377,244.35765075683597,23435300,0.0,0.0,2026-01-27 14:01:10.751124+00:00
MSFT,2022-12-06 05:00:00,244.9631836631235,245.97889237423144,238.0875642714437,239.39627075195312,22463700,0.0,0.0,2026-01-27 14:01:10.751124+00:00
MSFT,2022-12-07 05:00:00,239.11308365788204,240.4120291985253,236.5542668995029,238.663818359375,20481500,0.0,0.0,2026-01-27 14:01:10.751124+00:00
MSFT,2022-12-08 05:00:00,239.12281178477335,242.93175300820133,237.38437721752427,241.6230316162109,22611800,0.0,0.0,2026-01-27 14:01:10.751124+00:00
MSFT,2022-12-09 05:00:00,238.98609654359035,242.5118013459912,238.4587124437862,239.6892852783203,20609700,0.0,0.0,2026-01-27 14:01:10.751124+00:00
MSFT,2022-12-12 05:00:00,241.67188039318717,246.64302204339197,241.3984197654441,246.6137237548828,30665100,0.0,0.0,2026-01-27 14:01:10.751124+00:00
MSFT,2022-12-13 05:00:00,255.57936772226543,257.75730647644866,247.16065519497627,250.92076110839844,42196900,0.0,0.0,2026-01-27 14:01:10.751124+00:00
MSFT,2022-12-14 05:00:00,251.1258502529427,256.458347318601,248.37169195338248,251.2137451171875,35410900,0.0,0.0,2026-01-27 14:01:10.751124+00:00
MSFT,2022-12-15 05:00:00,247.7954592877002,248.2642467746521,241.5644320427528,243.1954345703125,35560400,0.0,0.0,2026-01-27 14:01:10.751124+00:00
MSFT,2022-12-16 05:00:00,242.746169734384,244.00604068729888,237.82384925686796,238.97630310058597,86102000,0.0,0.0,2026-01-27 14:01:10.751124+00:00
MSFT,2022-12-19 05:00:00,239.14232316975992,239.4841563499841,233.1359365642747,234.83529663085935,29696400,0.0,0.0,2026-01-27 14:01:10.751124+00:00
MSFT,2022-12-20 05:00:00,233.8098563912252,237.2379052640561,232.8527441683276,236.15382385253903,25150800,0.0,0.0,2026-01-27 14:01:10.751124+00:00
MSFT,2022-12-21 05:00:00,236.04637204350925,239.88459664487905,234.5032643589745,238.72238159179688,23690600,0.0,0.0,2026-01-27 14:01:10.751124+00:00
MSFT,2022-12-22 05:00:00,235.62640311504308,236.33936782887625,228.4089654343177,232.6280975341797,28651700,0.0,0.0,2026-01-27 14:01:10.751124+00:00
MSFT,2022-12-23 05:00:00,230.5966857124809,233.2922326364392,228.47735834613724,233.15550231933597,21207000,0.0,0.0,2026-01-27 14:01:10.751124+00:00
MSFT,2022-12-27 05:00:00,233.1261944200352,233.35081959548367,230.32321558372175,231.4268341064453,16688600,0.0,0.0,2026-01-27 14:01:10.751124+00:00
MSFT,2022-12-28 05:00:00,231.35845128578757,234.122370583587,228.70196400671827,229.05355834960935,17457100,0.0,0.0,2026-01-27 14:01:10.751124+00:00
MSFT,2022-12-29 05:00:00,230.14740695846007,236.27100238515564,230.14740695846007,235.3822479248047,19770700,0.0,0.0,2026-01-27 14:01:10.751124+00:00
MSFT,2022-12-30 05:00:00,232.64762583994687,234.3567620380284,231.13381651257768,234.22003173828125,21938500,0.0,0.0,2026-01-27 14:01:10.751124+00:00
MSFT,2023-01-03 05:00:00,237.40391403529475,240.011565882423,231.85653825258547,233.9856414794922,25740000,0.0,0.0,2026-01-27 14:01:10.751124+00:00
MSFT,2023-01-04 05:00:00,226.85610390975128,227.43232343462765,220.6836879280111,223.7503662109375,50623400,0.0,0.0,2026-01-27 14:01:10.751124+00:00
MSFT,2023-01-05 05:00:00,221.89474199984065,222.23657525283872,216.58176684830784,217.11892700195312,39585600,0.0,0.0,2026-01-27 14:01:10.751124+00:00
MSFT,2023-01-06 05:00:00,217.7927931270933,220.4883398206325,214.22802915573828,219.6777191162109,43613600,0.0,0.0,2026-01-27 14:01:10.751124+00:00
MSFT,2023-01-09 05:00:00,221.16222088392172,225.840379162237,221.12316147080284,221.8165740966797,27369800,0.0,0.0,2026-01-27 14:01:10.751124+00:00
MSFT,2023-01-10 05:00:00,222.4416360207006,225.90874396659487,222.02168398090183,223.50619506835935,27033900,0.0,0.0,2026-01-27 14:01:10.751124+00:00
MSFT,2023-01-11 05:00:00,225.8891882309857,230.44037710617863,225.7133985271508,230.26458740234372,28669300,0.0,0.0,2026-01-27 14:01:10.751124+00:00
MSFT,2023-01-12 05:00:00,229.76648760410552,234.2981393389428,228.10618692887127,232.9405975341797,27269500,0.0,0.0,2026-01-27 14:01:10.751124+00:00
MSFT,2023-01-13 05:00:00,231.46589026262427,233.78054439645496,229.4344578762405,233.6438140869141,21333300,0.0,0.0,2026-01-27 14:01:10.751124+00:00
MSFT,2023-01-17 05:00:00,232.4132256316804,235.28457684093857,231.5537695139473,234.73765563964844,29831300,0.0,0.0,2026-01-27 14:01:10.751124+00:00
MSFT,2023-01-18 05:00:00,235.9291589402588,236.72024242309445,230.02042818598304,230.30364990234372,30028700,0.0,0.0,2026-01-27 14:01:10.751124+00:00
MSFT,2023-01-19 05:00:00,228.32105876899536,230.02043381620865,225.29344015559448,226.5142517089844,28623000,0.0,0.0,2026-01-27 14:01:10.751124+00:00
MSFT,2023-01-20 05:00:00,229.37587644436223,235.11857962918376,229.0340431966993,234.6107177734375,35389800,0.0,0.0,2026-01-27 14:01:10.751124+00:00
MSFT,2023-01-23 05:00:00,235.4701515912836,239.44510648286737,234.0539981879018,236.91558837890625,31934000,0.0,0.0,2026-01-27 14:01:10.751124+00:00
MSFT,2023-01-24 05:00:00,236.83746410442905,238.2536026618758,234.82556885560984,236.38819885253903,40234400,0.0,0.0,2026-01-27 14:01:10.751124+00:00
MSFT,2023-01-25 05:00:00,229.00474220423703,237.6187968797975,225.5083356392864,234.9916076660156,66526600,0.0,0.0,2026-01-27 14:01:10.751124+00:00
MSFT,2023-01-26 05:00:00,237.96062965186184,242.51181961038344,236.34916403985792,242.2090606689453,33454500,0.0,0.0,2026-01-27 14:01:10.751124+00:00
MSFT,2023-01-27 05:00:00,243.17591612262385,243.99629796325883,241.06635004457465,242.36529541015625,26498900,0.0,0.0,2026-01-27 14:01:10.751124+00:00
MSFT,2023-01-30 05:00:00,238.8005289422948,239.8650880674355,236.5444713117664,237.0425720214844,25867400,0.0,0.0,2026-01-27 14:01:10.751124+00:00
MSFT,2023-01-31 05:00:00,237.765291334152,242.16021359505123,237.2769666384965,242.0234832763672,26541100,0.0,0.0,2026-01-27 14:01:10.751124+00:00
MSFT,2023-02-01 05:00:00,242.20904474607443,249.22138009802924,239.73812302211385,246.8481292724609,31259900,0.0,0.0,2026-01-27 14:01:10.751124+00:00
MSFT,2023-02-02 05:00:00,252.77632563075437,258.5092510430252,251.2429794001739,258.4213562011719,39940400,0.0,0.0,2026-01-27 14:01:10.751124+00:00
MSFT,2023-02-03 05:00:00,253.4795673448407,258.0307566536459,251.09654067147537,252.31735229492188,29077300,0.0,0.0,2026-01-27 14:01:10.751124+00:00
MSFT,2023-02-06 05:00:00,251.4285991046345,252.26850319934903,248.83070838044688,250.77423095703125,22518000,0.0,0.0,2026-01-27 14:01:10.751124+00:00
MSFT,2023-02-07 05:00:00,254.44650236769075,262.4940850050237,254.00699815459296,261.3123474121094,50841400,0.0,0.0,2026-01-27 14:01:10.751124+00:00
MSFT,2023-02-08 05:00:00,266.8206631444049,270.2975330819385,259.9938626718781,260.5017395019531,54686000,0.0,0.0,2026-01-27 14:01:10.751124+00:00
MSFT,2023-02-09 05:00:00,267.4066092650487,267.5824288189988,256.6634652436556,257.4643249511719,42375100,0.0,0.0,2026-01-27 14:01:10.751124+00:00
MSFT,2023-02-10 05:00:00,255.42310477455004,257.9233247404557,254.5734246039848,256.9564514160156,25818500,0.0,0.0,2026-01-27 14:01:10.751124+00:00
MSFT,2023-02-13 05:00:00,261.39046487819326,268.1879364908774,260.9118863953709,264.9845275878906,44630900,0.0,0.0,2026-01-27 14:01:10.751124+00:00
MSFT,2023-02-14 05:00:00,266.3029608494868,268.54924217498206,262.9921056261591,265.81463623046875,37047900,0.0,0.0,2026-01-27 14:01:10.751124+00:00
MSFT,2023-02-15 05:00:00,262.71093736345534,265.07056133423544,260.6156584468026,263.6900329589844,28922400,0.68,0.0,2026-01-27 14:01:10.751124+00:00
MSFT,2023-02-16 05:00:00,258.5007952473413,261.16393632712175,256.42511747097006,256.6698913574219,29603600,0.0,0.0,2026-01-27 14:01:10.751124+00:00
MSFT,2023-02-17 05:00:00,253.96760380179387,254.65295274483813,250.64845561375148,252.66539001464844,30000100,0.0,0.0,2026-01-27 14:01:10.751124+00:00
MSFT,2023-02-21 05:00:00,249.16023738002588,250.14913347081608,246.33065176998883,247.38807678222656,28397400,0.0,0.0,2026-01-27 14:01:10.751124+00:00
MSFT,2023-02-22 05:00:00,248.77838767780972,249.0231615682259,245.10677932156744,246.2523193359375,22491100,0.0,0.0,2026-01-27 14:01:10.751124+00:00
MSFT,2023-02-23 05:00:00,250.21766227886485,251.47090341728688,245.24385497458428,249.44418334960935,29219100,0.0,0.0,2026-01-27 14:01:10.751124+00:00
MSFT,2023-02-24 05:00:00,244.73472895258075,245.75298174565887,242.9136106416539,244.01019287109372,24990900,0.0,0.0,2026-01-27 14:01:10.751124+00:00
MSFT,2023-02-27 05:00:00,247.18248010394743,247.53495511519347,244.17664946084787,244.93055725097656,21190000,0.0,0.0,2026-01-27 14:01:10.751124+00:00
MSFT,2023-02-28 05:00:00,243.86333443445264,246.23274385931396,243.53043059507243,244.2060089111328,22491000,0.0,0.0,2026-01-27 14:01:10.751124+00:00
MSFT,2023-03-01 05:00:00,245.5179859908204,245.6844304356118,240.6518800855354,241.12185668945312,27565300,0.0,0.0,2026-01-27 14:01:10.751124+00:00
MSFT,2023-03-02 05:00:00,241.3960138819759,246.14461839541931,240.47566166300976,245.86068725585935,24808200,0.0,0.0,2026-01-27 14:01:10.751124+00:00
MSFT,2023-03-03 05:00:00,246.91810564854495,250.27639616638209,246.1348262316736,249.9532928466797,30760100,0.0,0.0,2026-01-27 14:01:10.751124+00:00
MSFT,2023-03-06 05:00:00,251.0694549837424,254.6823198135749,250.62886499128248,251.5002593994141,24109800,0.0,0.0,2026-01-27 14:01:10.751124+00:00
MSFT,2023-03-07 05:00:00,250.94217713898317,252.30313429367388,248.09302044698885,248.83712768554688,21473200,0.0,0.0,2026-01-27 14:01:10.751124+00:00
MSFT,2023-03-08 05:00:00,248.7294190422308,249.21896680166972,245.56694469940248,248.3965301513672,17340200,0.0,0.0,2026-01-27 14:01:10.751124+00:00
MSFT,2023-03-09 05:00:00,250.47226024324823,254.13406846962505,246.320889244456,247.04542541503903,26653400,0.0,0.0,2026-01-27 14:01:10.751124+00:00
MSFT,2023-03-10 05:00:00,245.8313095923703,247.50555459686285,242.4240613016346,243.3933563232422,28333900,0.0,0.0,2026-01-27 14:01:10.751124+00:00
MSFT,2023-03-13 04:00:00,242.2282164863087,252.51851957276,240.59312882269185,248.61192321777344,33339700,0.0,0.0,2026-01-27 14:01:10.751124+00:00
MSFT,2023-03-14 04:00:00,251.38280884404745,255.6125092350464,250.51141431069084,255.3383636474609,33620300,0.0,0.0,2026-01-27 14:01:10.751124+00:00
MSFT,2023-03-15 04:00:00,254.5452601893461,260.9093809729157,253.79133752741032,259.89111328125,46028000,0.0,0.0,2026-01-27 14:01:10.751124+00:00
MSFT,2023-03-16 04:00:00,259.66589855598056,270.77863800186395,257.77625148946686,270.4261779785156,54768800,0.0,0.0,2026-01-27 14:01:10.751124+00:00
MSFT,2023-03-17 04:00:00,272.4430981505929,277.40708916718296,270.5436506662001,273.588623046875,69527400,0.0,0.0,2026-01-27 14:01:10.751124+00:00
MSFT,2023-03-20 04:00:00,271.18988829736253,271.6794360581046,264.20893244844024,266.5391845703125,43466600,0.0,0.0,2026-01-27 14:01:10.751124+00:00
MSFT,2023-03-21 04:00:00,269.1338043529948,269.2512910447104,263.8858363792266,268.0567932128906,34558700,0.0,0.0,2026-01-27 14:01:10.751124+00:00
MSFT,2023-03-22 04:00:00,267.68471260704814,275.16501681749725,266.49021486222443,266.5979309082031,34873300,0.0,0.0,2026-01-27 14:01:10.751124+00:00
MSFT,2023-03-23 04:00:00,272.12982794030694,275.184601369669,269.4471156121461,271.8556823730469,36610900,0.0,0.0,2026-01-27 14:01:10.751124+00:00
MSFT,2023-03-24 04:00:00,271.44442920855886,274.76357732451373,269.5254103782394,274.704833984375,28172000,0.0,0.0,2026-01-27 14:01:10.751124+00:00
MSFT,2023-03-27 04:00:00,274.63631661296625,275.5762400254532,269.7604097538673,270.6024475097656,26840200,0.0,0.0,2026-01-27 14:01:10.751124+00:00
MSFT,2023-03-28 04:00:00,270.02476204854537,270.3674514567512,266.3629244825979,269.4764709472656,21878600,0.0,0.0,2026-01-27 14:01:10.751124+00:00
MSFT,2023-03-29 04:00:00,273.12847169713626,275.26292259083164,272.58998112520123,274.6460876464844,25087000,0.0,0.0,2026-01-27 14:01:10.751124+00:00
MSFT,2023-03-30 04:00:00,278.2883815165173,278.513554404513,275.5958683420122,278.11212158203125,25053400,0.0,0.0,2026-01-27 14:01:10.751124+00:00
MSFT,2023-03-31 04:00:00,277.79878010007826,283.22294771783334,277.0840296203647,282.2732238769531,32766000,0.0,0.0,2026-01-27 14:01:10.751124+00:00
MSFT,2023-04-03 04:00:00,280.5304371238125,282.243854280698,278.01418435050056,281.2256164550781,24883300,0.0,0.0,2026-01-27 14:01:10.751124+00:00
MSFT,2023-04-04 04:00:00,281.2256389673713,284.3783279836004,279.6982522270493,281.1766662597656,25824300,0.0,0.0,2026-01-27 14:01:10.751124+00:00
MSFT,2023-04-05 04:00:00,279.87447046132644,281.1472827313796,277.00572765537777,278.3960266113281,22064800,0.0,0.0,2026-01-27 14:01:10.751124+00:00
MSFT,2023-04-06 04:00:00,277.2896463361067,285.9742192087345,276.1343207416053,285.5042724609375,29770300,0.0,0.0,2026-01-27 14:01:10.751124+00:00
MSFT,2023-04-10 04:00:00,283.1641942073944,283.5460557851989,278.75826456602096,283.3404541015625,23103000,0.0,0.0,2026-01-27 14:01:10.751124+00:00
MSFT,2023-04-11 04:00:00,279.77654407914395,280.00174680479614,275.75247584510697,276.9175720214844,27276600,0.0,0.0,2026-01-27 14:01:10.751124+00:00
MSFT,2023-04-12 04:00:00,278.83662385276324,281.01021712063323,276.0657667752644,277.56378173828125,27403400,0.0,0.0,2026-01-27 14:01:10.751124+00:00
MSFT,2023-04-13 04:00:00,277.6617193562324,283.8398102405288,277.2505159342496,283.78106689453125,24222700,0.0,0.0,2026-01-27 14:01:10.751124+00:00
MSFT,2023-04-14 04:00:00,281.0004245840228,282.4494967636299,277.7596206838942,280.1584167480469,20987900,0.0,0.0,2026-01-27 14:01:10.751124+00:00
MSFT,2023-04-17 04:00:00,283.8692002700218,285.50430318502544,280.1780203528942,282.7628173828125,23836200,0.0,0.0,2026-01-27 14:01:10.751124+00:00
MSFT,2023-04-18 04:00:00,285.47488392928074,285.6609144658387,281.0102108111372,282.3417663574219,20161800,0.0,0.0,2026-01-27 14:01:10.751124+00:00
MSFT,2023-04-19 04:00:00,280.01153882810775,283.0075689496162,278.5918681473136,282.4201354980469,17150300,0.0,0.0,2026-01-27 14:01:10.751124+00:00
MSFT,2023-04-20 04:00:00,279.28699001904164,282.98796979588815,279.1205306378155,280.1289978027344,23244400,0.0,0.0,2026-01-27 14:01:10.751124+00:00
MSFT,2023-04-21 04:00:00,279.0520552301976,280.285695406569,277.1428067987354,279.786376953125,21676400,0.0,0.0,2026-01-27 14:01:10.751124+00:00
MSFT,2023-04-24 04:00:00,276.1930174056924,278.9932457830926,272.8934706931475,275.87969970703125,26611000,0.0,0.0,2026-01-27 14:01:10.751124+00:00
MSFT,2023-04-25 04:00:00,273.6669722958412,275.71327815222014,269.61350288682667,269.6624755859375,45772200,0.0,0.0,2026-01-27 14:01:10.751124+00:00
MSFT,2023-04-26 04:00:00,290.49764832472823,293.3076476437193,286.6106379741664,289.1954345703125,64599200,0.0,0.0,2026-01-27 14:01:10.751124+00:00
MSFT,2023-04-27 04:00:00,289.78287058448984,298.81993200325854,289.0779206919361,298.4576416015625,46462600,0.0,0.0,2026-01-27 14:01:10.751124+00:00
MSFT,2023-04-28 04:00:00,297.65488365834915,302.47201761342075,296.96950473874074,300.8369445800781,36469600,0.0,0.0,2026-01-27 14:01:10.751124+00:00
MSFT,2023-05-01 04:00:00,300.5529525833872,302.14888305967634,298.7709915681672,299.17242431640625,21294100,0.0,0.0,2026-01-27 14:01:10.751124+00:00
MSFT,2023-05-02 04:00:00,301.32648498759136,302.71678406961206,297.55696078190715,299.0256042480469,26404400,0.0,0.0,2026-01-27 14:01:10.751124+00:00
MSFT,2023-05-03 04:00:00,300.21027546467184,302.1586660652437,297.733164896042,298.03668212890625,22360800,0.0,0.0,2026-01-27 14:01:10.751124+00:00
MSFT,2023-05-04 04:00:00,299.838240485608,301.32648498759136,297.0576124419387,299.0256042480469,22519900,0.0,0.0,2026-01-27 14:01:10.751124+00:00
MSFT,2023-05-05 04:00:00,299.32904226537187,305.44838842096743,297.90934200542574,304.1559753417969,28197100,0.0,0.0,2026-01-27 14:01:10.751124+00:00
MSFT,2023-05-08 04:00:00,303.6469176772524,303.7154615391141,299.6913631590147,302.1978454589844,21318600,0.0,0.0,2026-01-27 14:01:10.751124+00:00
MSFT,2023-05-09 04:00:00,301.5614626011553,303.558826109355,299.9067885491099,300.5823669433594,21340800,0.0,0.0,2026-01-27 14:01:10.751124+00:00
MSFT,2023-05-10 04:00:00,302.1684462755373,306.4568893157109,301.23832348494085,305.78131103515625,30078000,0.0,0.0,2026-01-27 14:01:10.751124+00:00
MSFT,2023-05-11 04:00:00,303.61754869817486,304.6162154441753,299.8578252148701,303.6273193359375,31680200,0.0,0.0,2026-01-27 14:01:10.751124+00:00
MSFT,2023-05-12 04:00:00,304.0581273381705,304.1560428743244,300.1907176369154,302.5111694335937,19774700,0.0,0.0,2026-01-27 14:01:10.751124+00:00
MSFT,2023-05-15 04:00:00,302.6384456998606,303.42171020151784,301.16000183238515,302.99090576171875,16336500,0.0,0.0,2026-01-27 14:01:10.751124+00:00
MSFT,2023-05-16 04:00:00,303.35312967414006,307.1520247952151,303.35312967414006,305.22320556640625,26730300,0.0,0.0,2026-01-27 14:01:10.751124+00:00
MSFT,2023-05-17 04:00:00,306.4301577933981,308.5299869808576,304.90922423008425,308.1080627441406,24315000,0.68,0.0,2026-01-27 14:01:10.751124+00:00
MSFT,2023-05-18 04:00:00,308.6281218082049,313.0535052333268,307.83332313670064,312.5432434082031,27276000,0.0,0.0,2026-01-27 14:01:10.751124+00:00
MSFT,2023-05-19 04:00:00,310.796685091804,312.76897905978745,310.4336325582829,312.3666687011719,27546700,0.0,0.0,2026-01-27 14:01:10.751124+00:00
MSFT,2023-05-22 04:00:00,312.62177529023154,316.53689709363704,312.0428496812152,315.1533508300781,24115700,0.0,0.0,2026-01-27 14:01:10.751124+00:00
MSFT,2023-05-23 04:00:00,314.0249365560636,316.664463629214,309.33462996251853,309.3444519042969,30797200,0.0,0.0,2026-01-27 14:01:10.751124+00:00
MSFT,2023-05-24 04:00:00,308.8243994042462,310.5611762447715,306.7441540494219,307.9609069824219,23384900,0.0,0.0,2026-01-27 14:01:10.751124+00:00
MSFT,2023-05-25 04:00:00,317.1747384448872,320.76606606309167,313.9955431528481,319.8044738769531,43301700,0.0,0.0,2026-01-27 14:01:10.751124+00:00
MSFT,2023-05-26 04:00:00,317.9400583040085,327.14405620676587,317.8027008438637,326.6436462402344,36630600,0.0,0.0,2026-01-27 14:01:10.751124+00:00
MSFT,2023-05-30 04:00:00,328.9397971294878,329.4402071909236,324.3181534180476,324.9952087402344,29503100,0.0,0.0,2026-01-27 14:01:10.751124+00:00
MSFT,2023-05-31 04:00:00,326.0549334794957,329.63643905148126,321.1879811403836,322.2281188964844,45950600,0.0,0.0,2026-01-27 14:01:10.751124+00:00
MSFT,2023-06-01 04:00:00,319.81423378408647,327.2716331746607,318.62694664026094,326.3394470214844,26773900,0.0,0.0,2026-01-27 14:01:10.751124+00:00
MSFT,2023-06-02 04:00:00,327.9781519067527,331.167169090588,326.3100386326135,329.1065673828125,25873800,0.0,0.0,2026-01-27 14:01:10.751124+00:00
MSFT,2023-06-05 04:00:00,328.9298920270993,332.20721626429463,328.38040233133853,329.6363830566406,21307100,0.0,0.0,2026-01-27 14:01:10.751124+00:00
MSFT,2023-06-06 04:00:00,329.03782599435294,329.07708381551254,325.9371468564524,327.4187927246094,20396200,0.0,0.0,2026-01-27 14:01:10.751124+00:00
MSFT,2023-06-07 04:00:00,325.42688293374783,328.2135893193703,316.4485803635837,317.31207275390625,40717100,0.0,0.0,2026-01-27 14:01:10.751124+00:00
MSFT,2023-06-08 04:00:00,317.8615607379673,320.5109096534157,317.28263514872793,319.15679931640625,23277700,0.0,0.0,2026-01-27 14:01:10.751124+00:00
MSFT,2023-06-09 04:00:00,318.8918688562613,323.79804871469764,318.32276516845866,320.6581115722656,22529000,0.0,0.0,2026-01-27 14:01:10.751124+00:00
MSFT,2023-06-12 04:00:00,322.4144778795906,325.8684474019989,319.05866788081994,325.6231384277344,24260300,0.0,0.0,2026-01-27 14:01:10.751124+00:00
MSFT,2023-06-13 04:00:00,328.19394924698327,330.6568607625825,324.1905202364905,328.017333984375,22951300,0.0,0.0,2026-01-27 14:01:10.751124+00:00
MSFT,2023-06-14 04:00:00,328.06639373925447,332.678214257829,326.5651040717086,331.0101013183594,26003800,0.0,0.0,2026-01-27 14:01:10.751124+00:00
MSFT,2023-06-15 04:00:00,331.1474868081879,343.2755475907916,330.87274196684893,341.5682067871094,38899100,0.0,0.0,2026-01-27 14:01:10.751124+00:00
MSFT,2023-06-16 04:00:00,344.7277944942439,344.8749738863784,335.5336191446204,335.9064636230469,46552000,0.0,0.0,2026-01-27 14:01:10.751124+00:00
MSFT,2023-06-20 04:00:00,332.9431539372829,335.6611666254421,329.55787807274623,331.706787109375,26375400,0.0,0.0,2026-01-27 14:01:10.751124+00:00
MSFT,2023-06-21 04:00:00,330.0582957138187,331.3927920316485,325.838993566958,327.301025390625,25117800,0.0,0.0,2026-01-27 14:01:10.751124+00:00
MSFT,2023-06-22 04:00:00,327.85052734982696,333.7379426283081,327.0851645614221,333.33563232421875,23556800,0.0,0.0,2026-01-27 14:01:10.751124+00:00
MSFT,2023-06-23 04:00:00,328.0859928290581,331.61844775311465,327.1930945886858,328.7336120605469,23146900,0.0,0.0,2026-01-27 14:01:10.751124+00:00
MSFT,2023-06-26 04:00:00,327.4580354070177,329.8031735626045,322.326161031866,322.4341125488281,21520600,0.0,0.0,2026-01-27 14:01:10.751124+00:00
MSFT,2023-06-27 04:00:00,325.6328827704176,329.8423925373536,323.1209216371493,328.29205322265625,24354100,0.0,0.0,2026-01-27 14:01:10.751124+00:00
MSFT,2023-06-28 04:00:00,328.3804225415333,331.6381330418555,327.54636600540425,329.548095703125,20259500,0.0,0.0,2026-01-27 14:01:10.751124+00:00
MSFT,2023-06-29 04:00:00,328.4294449258427,329.8031691350396,326.37866558051627,328.7630615234375,16997000,0.0,0.0,2026-01-27 14:01:10.751124+00:00
MSFT,2023-06-30 04:00:00,331.4124591410468,336.2990252033071,330.87279131879563,334.1501159667969,26832800,0.0,0.0,2026-01-27 14:01:10.751124+00:00
MSFT,2023-07-03 04:00:00,332.8253525301653,334.50325725838104,330.2545196865414,331.6478576660156,12508700,0.0,0.0,2026-01-27 14:01:10.751124+00:00
MSFT,2023-07-05 04:00:00,328.8023217775131,335.23922664394627,328.4490912403642,331.8049011230469,18172400,0.0,0.0,2026-01-27 14:01:10.751124+00:00
MSFT,2023-07-06 04:00:00,330.97088598213605,336.55412113608645,329.2046731859424,334.86639404296875,28161200,0.0,0.0,2026-01-27 14:01:10.751124+00:00
MSFT,2023-07-07 04:00:00,332.952965838011,335.3766196583141,330.6764914106529,330.8923645019531,21214800,0.0,0.0,2026-01-27 14:01:10.751124+00:00
MSFT,2023-07-10 04:00:00,328.3215584005841,328.93974184694355,321.4430847345039,325.603515625,32791400,0.0,0.0,2026-01-27 14:01:10.751124+00:00
MSFT,2023-07-11 04:00:00,324.8479297238825,326.6141422303351,320.8641146712657,326.2314758300781,26698200,0.0,0.0,2026-01-27 14:01:10.751124+00:00
MSFT,2023-07-12 04:00:00,330.2840246615467,335.239254199601,329.3714824206285,330.8727722167969,29995300,0.0,0.0,2026-01-27 14:01:10.751124+00:00
MSFT,2023-07-13 04:00:00,333.188508952043,337.2900684322161,332.65863310330485,336.2303466796875,20567200,0.0,0.0,2026-01-27 14:01:10.751124+00:00
MSFT,2023-07-14 04:00:00,341.06781240904763,344.8357549977922,337.8493595762692,338.76190185546875,28352700,0.0,0.0,2026-01-27 14:01:10.751124+00:00
MSFT,2023-07-17 04:00:00,339.1936875620581,340.47910445632846,335.77900510183724,339.2427673339844,20363900,0.0,0.0,2026-01-27 14:01:10.751124+00:00
MSFT,2023-07-18 04:00:00,339.34079062698265,359.8976942559668,335.74949366384544,352.7444763183594,64738600,0.0,0.0,2026-01-27 14:01:10.751124+00:00
MSFT,2023-07-19 04:00:00,354.9620619812482,355.6587310369043,345.82675878722245,348.4172058105469,39732900,0.0,0.0,2026-01-27 14:01:10.751124+00:00
MSFT,2023-07-20 04:00:00,346.9355591197213,351.25299077675766,338.8894133468808,340.3612670898437,33778400,0.0,0.0,2026-01-27 14:01:10.751124+00:00
MSFT,2023-07-21 04:00:00,342.5985119949176,343.72692730245325,333.45338612673345,337.3194580078125,69405400,0.0,0.0,2026-01-27 14:01:10.751124+00:00
MSFT,2023-07-24 04:00:00,339.36047337459183,340.4104030714341,335.8868895829084,338.63433837890625,26678100,0.0,0.0,2026-01-27 14:01:10.751124+00:00
MSFT,2023-07-25 04:00:00,340.59678737512286,345.2871238413171,338.595087649529,344.3941955566406,41637700,0.0,0.0,2026-01-27 14:01:10.751124+00:00
MSFT,2023-07-26 04:00:00,335.03321711179626,338.20262012350594,326.8595045876303,331.4320678710937,58383700,0.0,0.0,2026-01-27 14:01:10.751124+00:00
MSFT,2023-07-27 04:00:00,334.09118396383514,334.9252104578534,322.8756357431296,324.5143127441406,39635300,0.0,0.0,2026-01-27 14:01:10.751124+00:00
MSFT,2023-07-28 04:00:00,327.40902185998743,333.630054365308,326.91840387112984,332.02081298828125,28484900,0.0,0.0,2026-01-27 14:01:10.751124+00:00
MSFT,2023-07-31 04:00:00,330.5979348880849,331.36329751236866,327.1047083559114,329.61669921875,25446000,0.0,0.0,2026-01-27 14:01:10.751124+00:00
MSFT,2023-08-01 04:00:00,328.90042395174487,332.18756980830966,327.43839221988986,330.0288391113281,18311900,0.0,0.0,2026-01-27 14:01:10.751124+00:00
MSFT,2023-08-02 04:00:00,327.3697167947092,327.3697167947092,320.23611310138045,321.354736328125,27761300,0.0,0.0,2026-01-27 14:01:10.751124+00:00
MSFT,2023-08-03 04:00:00,319.88286784513633,323.6900675051584,319.8338180335655,320.5304870605469,18253700,0.0,0.0,2026-01-27 14:01:10.751124+00:00
MSFT,2023-08-04 04:00:00,325.65258996189004,328.85142872245865,321.0996408070944,321.6295166015625,23741500,0.0,0.0,2026-01-27 14:01:10.751124+00:00
MSFT,2023-08-07 04:00:00,322.2084912988675,324.89706861323674,321.37443463022805,323.91583251953125,17741500,0.0,0.0,2026-01-27 14:01:10.751124+00:00
MSFT,2023-08-08 04:00:00,320.82490464522823,322.58132541763825,316.9392185852385,319.9319763183594,22327600,0.0,0.0,2026-01-27 14:01:10.751124+00:00
MSFT,2023-08-09 04:00:00,320.34411633722664,320.97209180236405,315.02580407101107,316.1836853027344,22373300,0.0,0.0,2026-01-27 14:01:10.751124+00:00
MSFT,2023-08-10 04:00:00,319.9025293676403,322.1005182288563,315.15335102644235,316.8705139160156,20113700,0.0,0.0,2026-01-27 14:01:10.751124+00:00
MSFT,2023-08-11 04:00:00,314.25064527888804,316.3602966518782,313.22032953048887,314.986572265625,24355500,0.0,0.0,2026-01-27 14:01:10.751124+00:00
MSFT,2023-08-14 04:00:00,315.3593566229632,317.9792391780022,314.07391030406774,317.9596252441406,18836100,0.0,0.0,2026-01-27 14:01:10.751124+00:00
MSFT,2023-08-15 04:00:00,316.9392105100473,318.98999004348366,314.87860903477014,315.8205871582031,16966300,0.0,0.0,2026-01-27 14:01:10.751124+00:00
MSFT,2023-08-16 04:00:00,315.44693875811095,319.0065586089997,314.46362532057526,315.0536193847656,20698900,0.68,0.0,2026-01-27 14:01:10.751124+00:00
MSFT,2023-08-17 04:00:00,315.1912458646841,316.4990393179839,310.9334825752944,311.5923156738281,21257200,0.0,0.0,2026-01-27 14:01:10.751124+00:00
MSFT,2023-08-18 04:00:00,309.2421912471136,313.0672944021288,306.3512477338566,311.1990051269531,24755000,0.0,0.0,2026-01-27 14:01:10.751124+00:00
MSFT,2023-08-21 04:00:00,312.62487161890374,317.3841056283608,311.74973815851166,316.50897216796875,24040000,0.0,0.0,2026-01-27 14:01:10.751124+00:00
MSFT,2023-08-22 04:00:00,320.0685355111108,320.63884412186707,316.0959406772382,317.0792541503906,16084600,0.0,0.0,2026-01-27 14:01:10.751124+00:00
MSFT,2023-08-23 04:00:00,318.4165278621223,323.70675834794656,318.0625194610532,321.54345703125,21166400,0.0,0.0,2026-01-27 14:01:10.751124+00:00
MSFT,2023-08-24 04:00:00,327.29584833098056,327.4236838653866,314.6209250862832,314.6307678222656,23281400,0.0,0.0,2026-01-27 14:01:10.751124+00:00
MSFT,2023-08-25 04:00:00,316.1057329442358,319.9308061397361,313.4802731864356,317.5905456542969,21684100,0.0,0.0,2026-01-27 14:01:10.751124+00:00
MSFT,2023-08-28 04:00:00,320.2258699937862,320.7076839940525,316.35161250011487,318.298583984375,14808500,0.0,0.0,2026-01-27 14:01:10.751124+00:00
MSFT,2023-08-29 04:00:00,316.5088669382857,323.49039686555403,316.5088669382857,322.9299011230469,19284600,0.0,0.0,2026-01-27 14:01:10.751124+00:00
MSFT,2023-08-30 04:00:00,323.1856265787588,324.30658824416685,321.0026696426028,323.3036193847656,15222100,0.0,0.0,2026-01-27 14:01:10.751124+00:00
MSFT,2023-08-31 04:00:00,323.7067756652974,325.3882331373902,321.32714408962795,322.2908020019531,26411000,0.0,0.0,2026-01-27 14:01:10.751124+00:00
MSFT,2023-09-01 04:00:00,325.7815249592522,326.45017079701614,321.3271169387943,323.1757507324219,14942000,0.0,0.0,2026-01-27 14:01:10.751124+00:00
MSFT,2023-09-05 04:00:00,323.5100674616456,329.26245612182606,323.17574454916013,327.984130859375,18553900,0.0,0.0,2026-01-27 14:01:10.751124+00:00
MSFT,2023-09-06 04:00:00,327.817065694941,328.87903109155945,324.67045043147994,327.3254089355469,17535800,0.0,0.0,2026-01-27 14:01:10.751124+00:00
MSFT,2023-09-07 04:00:00,325.76194572599815,327.5220553277195,323.5396475593756,324.40496826171875,18381000,0.0,0.0,2026-01-27 14:01:10.751124+00:00
MSFT,2023-09-08 04:00:00,324.58186598530614,330.55058459446576,323.9623738385832,328.6921081542969,19530100,0.0,0.0,2026-01-27 14:01:10.751124+00:00
MSFT,2023-09-11 04:00:00,331.6126329067601,332.77296563529865,329.8328378843995,332.30096435546875,16583300,0.0,0.0,2026-01-27 14:01:10.751124+00:00
MSFT,2023-09-12 04:00:00,330.2163241256409,331.1701393555617,325.9487474293145,326.23388671875,17565500,0.0,0.0,2026-01-27 14:01:10.751124+00:00
MSFT,2023-09-13 04:00:00,325.7815623439832,331.2291270189504,325.64391407139624,330.4523010253906,16544400,0.0,0.0,2026-01-27 14:01:10.751124+00:00
MSFT,2023-09-14 04:00:00,333.4907518578009,335.1722094614784,330.95381635064444,333.0482788085937,20267000,0.0,0.0,2026-01-27 14:01:10.751124+00:00
MSFT,2023-09-15 04:00:00,331.2979901364791,331.76996140047095,324.14928194769504,324.70977783203125,37679800,0.0,0.0,2026-01-27 14:01:10.751124+00:00
MSFT,2023-09-18 04:00:00,322.33013776149687,324.8867587399462,320.91416398907404,323.5691223144531,16834200,0.0,0.0,2026-01-27 14:01:10.751124+00:00
MSFT,2023-09-19 04:00:00,320.7273564750353,323.8936269378206,319.0950525710311,323.1659545898437,16505900,0.0,0.0,2026-01-27 14:01:10.751124+00:00
MSFT,2023-09-20 04:00:00,324.01159870782635,324.09025057389067,315.1617783626277,315.4174194335937,21436500,0.0,0.0,2026-01-27 14:01:10.751124+00:00
MSFT,2023-09-21 04:00:00,313.9326972937048,319.92107328312585,309.7437719184223,314.1981811523437,35560400,0.0,0.0,2026-01-27 14:01:10.751124+00:00
MSFT,2023-09-22 04:00:00,315.9583244600445,316.08616002586285,310.8745800842558,311.7202453613281,21447900,0.0,0.0,2026-01-27 14:01:10.751124+00:00
MSFT,2023-09-25 04:00:00,311.3072037379406,312.36919907613066,309.7437389423757,312.2413635253906,17836000,0.0,0.0,2026-01-27 14:01:10.751124+00:00
MSFT,2023-09-26 04:00:00,309.87152415800745,310.6090091309313,304.84677760481566,306.9314270019531,26297600,0.0,0.0,2026-01-27 14:01:10.751124+00:00
MSFT,2023-09-27 04:00:00,307.08877368705123,309.0554005566663,304.522340026209,307.57061767578125,19410100,0.0,0.0,2026-01-27 14:01:10.751124+00:00
MSFT,2023-09-28 04:00:00,305.8006285556267,310.2157261834966,304.2863475063599,308.40643310546875,19683600,0.0,0.0,2026-01-27 14:01:10.751124+00:00
MSFT,2023-09-29 04:00:00,312.4478586518566,314.1391590398575,309.72409111193235,310.4812316894531,24147300,0.0,0.0,2026-01-27 14:01:10.751124+00:00
MSFT,2023-10-02 04:00:00,311.0023577080208,316.51876142882526,309.9207069776333,316.43023681640625,20570000,0.0,0.0,2026-01-27 14:01:10.751124+00:00
MSFT,2023-10-03 04:00:00,315.47643841498,316.02712155021527,306.0169679036218,308.1606140136719,21033500,0.0,0.0,2026-01-27 14:01:10.751124+00:00
MSFT,2023-10-04 04:00:00,308.7899664995987,314.69969079792565,308.7604682921341,313.6376953125,20720100,0.0,0.0,2026-01-27 14:01:10.751124+00:00
MSFT,2023-10-05 04:00:00,313.76549150792954,314.6406549001424,309.6454056684001,314.0309753417969,16965600,0.0,0.0,2026-01-27 14:01:10.751124+00:00
MSFT,2023-10-06 04:00:00,311.2678258217484,323.6969208452724,311.0219974867104,321.79913330078125,25673600,0.0,0.0,2026-01-27 14:01:10.751124+00:00
MSFT,2023-10-09 04:00:00,319.3310305664322,324.7884080000268,317.78722130749577,324.3164367675781,19891200,0.0,0.0,2026-01-27 14:01:10.751124+00:00
MSFT,2023-10-10 04:00:00,325.4374015243932,325.57507980738603,322.202321974192,322.9103088378906,20557100,0.0,0.0,2026-01-27 14:01:10.751124+00:00
MSFT,2023-10-11 04:00:00,325.6832160795872,327.2663662252011,323.64778019000204,326.873046875,20063200,0.0,0.0,2026-01-27 14:01:10.751124+00:00
MSFT,2023-10-12 04:00:00,325.0539124253683,328.062848978579,323.23477666400214,325.6340637207031,19313100,0.0,0.0,2026-01-27 14:01:10.751124+00:00
MSFT,2023-10-13 04:00:00,326.83375443130774,328.25954103838023,320.91418780201565,322.2613525390625,21072400,0.0,0.0,2026-01-27 14:01:10.751124+00:00
MSFT,2023-10-16 04:00:00,325.52586089073617,330.53095207086227,325.0833879040406,327.08935546875,22158000,0.0,0.0,2026-01-27 14:01:10.751124+00:00
MSFT,2023-10-17 04:00:00,324.0903182681892,327.89573701014587,321.9467018721626,326.51910400390625,18338500,0.0,0.0,2026-01-27 14:01:10.751124+00:00
MSFT,2023-10-18 04:00:00,326.9419145995413,329.9901926245105,322.8218283996396,324.60162353515625,23153600,0.0,0.0,2026-01-27 14:01:10.751124+00:00
MSFT,2023-10-19 04:00:00,326.60754929555145,331.2586326156587,325.38825024680347,325.7914123535156,25052100,0.0,0.0,2026-01-27 14:01:10.751124+00:00
MSFT,2023-10-20 04:00:00,326.1847456816056,326.3814203790721,320.01938102368644,321.2190246582031,25027700,0.0,0.0,2026-01-27 14:01:10.751124+00:00
MSFT,2023-10-23 04:00:00,320.0390055685396,327.1778702783257,318.9770403265237,323.82476806640625,24374700,0.0,0.0,2026-01-27 14:01:10.751124+00:00
MSFT,2023-10-24 04:00:00,325.7716667644608,326.3026643202355,322.1334257551543,325.0145263671875,31153600,0.0,0.0,2026-01-27 14:01:10.751124+00:00
MSFT,2023-10-25 04:00:00,339.2627712727239,340.42310386646625,331.9862582686526,334.9853820800781,55053800,0.0,0.0,2026-01-27 14:01:10.751124+00:00
MSFT,2023-10-26 04:00:00,334.8575801473551,335.9293882372037,321.4845108470067,322.4186706542969,37828500,0.0,0.0,2026-01-27 14:01:10.751124+00:00
MSFT,2023-10-27 04:00:00,324.91629022673243,331.1013408795519,322.9201649137948,324.306640625,29856500,0.0,0.0,2026-01-27 14:01:10.751124+00:00
MSFT,2023-10-30 04:00:00,327.84651090030354,333.78573199598327,326.2928589871081,331.6814270019531,22828100,0.0,0.0,2026-01-27 14:01:10.751124+00:00
MSFT,2023-10-31 04:00:00,333.1957509335175,333.34324194155744,329.10516359659624,332.46807861328125,20265300,0.0,0.0,2026-01-27 14:01:10.751124+00:00
MSFT,2023-11-01 04:00:00,334.1200209790302,341.62270595329534,333.9823427186433,340.29522705078125,28158800,0.0,0.0,2026-01-27 14:01:10.751124+00:00
MSFT,2023-11-02 04:00:00,341.44572570080203,343.0091903613276,339.0169404715558,342.5077209472656,24348100,0.0,0.0,2026-01-27 14:01:10.751124+00:00
MSFT,2023-11-03 04:00:00,343.7958771188286,348.4764586181646,341.5342382393827,346.9129638671875,23637700,0.0,0.0,2026-01-27 14:01:10.751124+00:00
MSFT,2023-11-06 05:00:00,347.5521269803011,351.57387511294206,347.4537896404017,350.5807189941406,23828300,0.0,0.0,2026-01-27 14:01:10.751124+00:00
MSFT,2023-11-07 05:00:00,353.4028281132475,356.41176470087066,351.6623742073379,354.51397705078125,25833900,0.0,0.0,2026-01-27 14:01:10.751124+00:00
MSFT,2023-11-08 05:00:00,355.6448096480016,357.7982685541479,354.53366062237825,357.13946533203125,26767800,0.0,0.0,2026-01-27 14:01:10.751124+00:00
MSFT,2023-11-09 05:00:00,356.2544152579837,358.7028859089797,354.3467849553374,354.6712951660156,24847300,0.0,0.0,2026-01-27 14:01:10.751124+00:00
MSFT,2023-11-10 05:00:00,355.45796855398606,363.924312941774,355.04499371068613,363.5014953613281,28042100,0.0,0.0,2026-01-27 14:01:10.751124+00:00
MSFT,2023-11-13 05:00:00,362.07568197420926,362.32151033821305,359.79438755425144,360.5613708496094,19986500,0.0,0.0,2026-01-27 14:01:10.751124+00:00
MSFT,2023-11-14 05:00:00,364.8191029634498,365.7434199318085,361.2201724286721,364.0914306640625,27683900,0.0,0.0,2026-01-27 14:01:10.751124+00:00
MSFT,2023-11-15 05:00:00,365.8255911591098,367.648419156017,361.71683864791095,364.2392578125,26860100,0.75,0.0,2026-01-27 14:01:10.751124+00:00
MSFT,2023-11-16 05:00:00,365.51028582126,370.8211167467286,364.7417458618893,370.6437683105469,27182300,0.0,0.0,2026-01-27 14:01:10.751124+00:00
MSFT,2023-11-17 05:00:00,368.12133741912425,368.8701819959366,361.60845836518695,364.4165954589844,40157000,0.0,0.0,2026-01-27 14:01:10.751124+00:00
MSFT,2023-11-20 05:00:00,365.7664265581682,373.30403477299416,365.54965736450833,371.8950500488281,52465100,0.0,0.0,2026-01-27 14:01:10.751124+00:00
MSFT,2023-11-21 05:00:00,370.151104255748,370.6930122644204,365.66792954966576,367.58929443359375,28423100,0.0,0.0,2026-01-27 14:01:10.751124+00:00
MSFT,2023-11-22 05:00:00,372.4469236852182,374.2106357908437,369.4614376425751,372.2991333007813,23345300,0.0,0.0,2026-01-27 14:01:10.751124+00:00
MSFT,2023-11-24 05:00:00,371.786716969812,372.41732930761407,369.6289174288519,371.88525390625,10176600,0.0,0.0,2026-01-27 14:01:10.751124+00:00
MSFT,2023-11-27 05:00:00,371.2447795697606,375.0480885169383,370.6733134944069,373.0478820800781,22179200,0.0,0.0,2026-01-27 14:01:10.751124+00:00
MSFT,2023-11-28 05:00:00,372.7917190522952,377.3734005384554,372.60450791019576,377.0778198242188,20453100,0.0,0.0,2026-01-27 14:01:10.751124+00:00
MSFT,2023-11-29 05:00:00,378.122265050378,378.654310364066,371.89510374186113,373.2843933105469,28963400,0.0,0.0,2026-01-27 14:01:10.751124+00:00
MSFT,2023-11-30 05:00:00,372.9296627723548,374.5061634778247,369.9540398668522,373.343505859375,30554400,0.0,0.0,2026-01-27 14:01:10.751124+00:00
MSFT,2023-12-01 05:00:00,371.2250938337567,372.6045206628206,365.85514681042775,369.0081481933594,33040500,0.0,0.0,2026-01-27 14:01:10.751124+00:00
MSFT,2023-12-04 05:00:00,363.6776812580229,364.0914943395941,357.5687513584331,363.7171020507813,32063300,0.0,0.0,2026-01-27 14:01:10.751124+00:00
MSFT,2023-12-05 05:00:00,361.0665294174841,367.5991034506093,360.24870603092694,367.0473327636719,23065000,0.0,0.0,2026-01-27 14:01:10.751124+00:00
MSFT,2023-12-06 05:00:00,368.0524050737764,368.6829873224875,362.6233417878435,363.3820190429688,21182100,0.0,0.0,2026-01-27 14:01:10.751124+00:00
MSFT,2023-12-07 05:00:00,362.82041555159645,365.99311236097066,360.938471381605,365.5004577636719,23118900,0.0,0.0,2026-01-27 14:01:10.751124+00:00
MSFT,2023-12-08 05:00:00,363.7761953676955,368.958901692999,362.8204441707764,368.7322998046875,20154400,0.0,0.0,2026-01-27 14:01:10.751124+00:00
MSFT,2023-12-11 05:00:00,363.0666966388489,366.140856123632,360.7216562431051,365.8452453613281,27708800,0.0,0.0,2026-01-27 14:01:10.751124+00:00
MSFT,2023-12-12 05:00:00,365.4019256182351,368.91948670565927,365.0176405940666,368.8800659179688,24838300,0.0,0.0,2026-01-27 14:01:10.751124+00:00
MSFT,2023-12-13 05:00:00,370.4959322910932,372.0921583573253,365.3230593019992,368.87017822265625,30955500,0.0,0.0,2026-01-27 14:01:10.751124+00:00
MSFT,2023-12-14 05:00:00,367.8257861452431,368.2691873263225,358.78065463293524,360.55419921875,43277500,0.0,0.0,2026-01-27 14:01:10.751124+00:00
MSFT,2023-12-15 05:00:00,361.4606566919279,366.92911028032063,360.89902327689896,365.2836608886719,78502300,0.0,0.0,2026-01-27 14:01:10.751124+00:00
MSFT,2023-12-18 05:00:00,364.022504600992,367.52034031624777,363.2637972546779,367.1754760742188,21802900,0.0,0.0,2026-01-27 14:01:10.751124+00:00
MSFT,2023-12-19 05:00:00,366.0325032557898,367.7765197753906,364.4067490977682,367.7765197753906,20603700,0.0,0.0,2026-01-27 14:01:10.751124+00:00
MSFT,2023-12-20 05:00:00,369.4909521003624,370.5058193793613,365.086618748556,365.17529296875,26316700,0.0,0.0,2026-01-27 14:01:10.751124+00:00
MSFT,2023-12-21 05:00:00,367.0867848625013,368.909612855216,364.603816559464,368.0523986816406,17708000,0.0,0.0,2026-01-27 14:01:10.751124+00:00
MSFT,2023-12-22 05:00:00,368.190345627308,369.6683094714149,367.2345944720154,369.0771179199219,17107500,0.0,0.0,2026-01-27 14:01:10.751124+00:00
MSFT,2023-12-26 05:00:00,369.4909463405908,371.4024485751995,368.01298255522846,369.1559448242188,12673100,0.0,0.0,2026-01-27 14:01:10.751124+00:00
MSFT,2023-12-27 05:00:00,368.2001626891076,369.55003135494337,367.3330858636591,368.5745849609375,14905400,0.0,0.0,2026-01-27 14:01:10.751124+00:00
MSFT,2023-12-28 05:00:00,369.8554894003956,370.92947276145065,368.6632737528756,369.7668151855469,14327000,0.0,0.0,2026-01-27 14:01:10.751124+00:00
MSFT,2023-12-29 05:00:00,370.47623473279145,371.61919693761735,367.9932665377033,370.5156555175781,18730800,0.0,0.0,2026-01-27 14:01:10.751124+00:00
MSFT,2024-01-02 05:00:00,368.367695847333,370.3777351043963,361.3818569854959,365.421630859375,25258600,0.0,0.0,2026-01-27 14:01:10.751124+00:00
MSFT,2024-01-03 05:00:00,363.5889102795385,367.7764738355231,363.0962557435403,365.1555480957031,23083500,0.0,0.0,2026-01-27 14:01:10.751124+00:00
MSFT,2024-01-04 05:00:00,365.2245421546535,367.6188360826796,361.7759602590735,362.5346374511719,20901500,0.0,0.0,2026-01-27 14:01:10.751124+00:00
MSFT,2024-01-05 05:00:00,363.5495516205476,366.5941535649678,361.115836594074,362.3474731445313,21004600,0.0,0.0,2026-01-27 14:01:10.751124+00:00
MSFT,2024-01-08 05:00:00,363.8747152737249,369.6880642440437,363.5889972243799,369.185546875,23134000,0.0,0.0,2026-01-27 14:01:10.751124+00:00
MSFT,2024-01-09 05:00:00,366.544880616997,370.4663919405634,365.7369198662898,370.2693481445313,20830000,0.0,0.0,2026-01-27 14:01:10.751124+00:00
MSFT,2024-01-10 05:00:00,370.8408467272002,378.52627710767,370.7915932911904,377.1468200683594,25514200,0.0,0.0,2026-01-27 14:01:10.751124+00:00
MSFT,2024-01-11 05:00:00,380.3293303889791,384.9405699760392,374.7918977990588,378.9794616699219,27850800,0.0,0.0,2026-01-27 14:01:10.751124+00:00
MSFT,2024-01-12 05:00:00,379.82682931782017,382.969968033559,378.9991732080841,382.7630615234375,21661200,0.0,0.0,2026-01-27 14:01:10.751124+00:00
MSFT,2024-01-16 05:00:00,387.8768030229654,388.24136259684576,381.925527346388,384.5365905761719,27202300,0.0,0.0,2026-01-27 14:01:10.751124+00:00
MSFT,2024-01-17 05:00:00,382.280251053988,384.3789342645235,379.15680784896807,383.7483520507813,22234100,0.0,0.0,2026-01-27 14:01:10.751124+00:00
MSFT,2024-01-18 05:00:00,385.9653010602353,388.2019420036005,384.3888004079398,388.0837097167969,23392100,0.0,0.0,2026-01-27 14:01:10.751124+00:00
MSFT,2024-01-19 05:00:00,389.9459184488016,392.8131713867188,387.7191103782191,392.8131713867188,29331100,0.0,0.0,2026-01-27 14:01:10.751124+00:00
MSFT,2024-01-22 05:00:00,394.1433203682516,394.7345118196187,387.8077903128039,390.6849060058594,27016900,0.0,0.0,2026-01-27 14:01:10.751124+00:00
MSFT,2024-01-23 05:00:00,389.9361075398463,393.5127846702432,388.1428376176736,393.0398254394531,20525900,0.0,0.0,2026-01-27 14:01:10.751124+00:00
MSFT,2024-01-24 05:00:00,395.641052600286,399.670963497878,394.56706921313554,396.6460571289063,24867000,0.0,0.0,2026-01-27 14:01:10.751124+00:00
MSFT,2024-01-25 05:00:00,398.3802111244257,401.03069519921775,396.6164992894369,398.922119140625,21021200,0.0,0.0,2026-01-27 14:01:10.751124+00:00
MSFT,2024-01-26 05:00:00,398.4294490683389,400.20302354825617,396.517946945891,397.9959106445313,17803300,0.0,0.0,2026-01-27 14:01:10.751124+00:00
MSFT,2024-01-29 05:00:00,400.0946315969203,403.9570567007328,398.39003594013263,403.7008666992188,24510200,0.0,0.0,2026-01-27 14:01:10.751124+00:00
MSFT,2024-01-30 05:00:00,406.2035919940408,406.98196463436994,400.478947784385,402.5874938964844,33477600,0.0,0.0,2026-01-27 14:01:10.751124+00:00
MSFT,2024-01-31 05:00:00,400.9814013717962,409.2186014629223,391.3746372046445,391.73919677734375,47871100,0.0,0.0,2026-01-27 14:01:10.751124+00:00
MSFT,2024-02-01 05:00:00,395.9267795782407,402.00615052622754,395.8972215052368,397.84814453125,30657700,0.0,0.0,2026-01-27 14:01:10.751124+00:00
MSFT,2024-02-02 05:00:00,397.8776885413844,406.587817886619,397.6313612519742,405.1788330078125,28256700,0.0,0.0,2026-01-27 14:01:10.751124+00:00
MSFT,2024-02-05 05:00:00,403.87823795810993,405.1197371811599,398.0550569361032,399.690673828125,25352300,0.0,0.0,2026-01-27 14:01:10.751124+00:00
MSFT,2024-02-06 05:00:00,399.9173355897547,401.9766283777374,396.9909658238313,399.5330505371094,18382600,0.0,0.0,2026-01-27 14:01:10.751124+00:00
MSFT,2024-02-07 05:00:00,401.4543453507497,408.2135513980825,401.4149245670421,407.96722412109375,22340500,0.0,0.0,2026-01-27 14:01:10.751124+00:00
MSFT,2024-02-08 05:00:00,407.9673120689748,409.4551387648856,406.4696527269531,408.02642822265625,21225300,0.0,0.0,2026-01-27 14:01:10.751124+00:00
MSFT,2024-02-09 05:00:00,409.1496384913206,414.6378178606117,408.9919854136341,414.3717651367188,22032800,0.0,0.0,2026-01-27 14:01:10.751124+00:00
MSFT,2024-02-12 05:00:00,414.3815803930293,414.5589288091468,408.6569370974569,409.1594543457031,21202900,0.0,0.0,2026-01-27 14:01:10.751124+00:00
MSFT,2024-02-13 05:00:00,398.9910986093642,404.0457394739968,397.4638814201037,400.350830078125,27824900,0.0,0.0,2026-01-27 14:01:10.751124+00:00
MSFT,2024-02-14 05:00:00,402.8186579213264,404.5658693954015,399.3636985334278,404.2203674316406,20401200,0.75,0.0,2026-01-27 14:01:10.751124+00:00
MSFT,2024-02-15 05:00:00,402.8877787891035,403.8650291253485,399.087317301136,401.3280944824219,21825500,0.0,0.0,2026-01-27 14:01:10.751124+00:00
MSFT,2024-02-16 05:00:00,402.71009676405504,403.0358669791949,398.2482739108484,398.86029052734375,22296500,0.0,0.0,2026-01-27 14:01:10.751124+00:00
MSFT,2024-02-20 05:00:00,398.050788880468,399.284702922107,392.8881118101571,397.6065979003906,24307900,0.0,0.0,2026-01-27 14:01:10.751124+00:00
MSFT,2024-02-21 05:00:00,395.0203117904289,397.1130251474651,392.1082626545496,397.0044250488281,18518900,0.0,0.0,2026-01-27 14:01:10.751124+00:00
MSFT,2024-02-22 05:00:00,404.911335992958,407.5173466101455,403.3121883216392,406.3525390625,27009900,0.0,0.0,2026-01-27 14:01:10.751124+00:00
MSFT,2024-02-23 05:00:00,410.3208439519873,410.5083711673126,403.70705278478863,405.0594177246094,16295900,0.0,0.0,2026-01-27 14:01:10.751124+00:00
MSFT,2024-02-26 05:00:00,406.1650087554213,406.8560126685655,402.1177646745505,402.2954711914063,16193500,0.0,0.0,2026-01-27 14:01:10.751124+00:00
MSFT,2024-02-27 05:00:00,402.7396835605833,403.0654537547415,398.65297570324026,402.23626708984375,14835800,0.0,0.0,2026-01-27 14:01:10.751124+00:00
MSFT,2024-02-28 05:00:00,402.9272470121027,404.0328292486966,400.104065952576,402.4731750488281,13183100,0.0,0.0,2026-01-27 14:01:10.751124+00:00
MSFT,2024-02-29 05:00:00,403.3813599660626,408.8698077347499,400.69636155135646,408.3170166015625,31947300,0.0,0.0,2026-01-27 14:01:10.751124+00:00
MSFT,2024-03-01 05:00:00,405.9774393001269,410.5182488621106,405.5924737956083,410.1530151367188,17823400,0.0,0.0,2026-01-27 14:01:10.751124+00:00
MSFT,2024-03-04 05:00:00,408.1195402980253,411.97922704270553,407.0139581345592,409.58050537109375,17596000,0.0,0.0,2026-01-27 14:01:10.751124+00:00
MSFT,2024-03-05 05:00:00,408.6328669666895,408.9191434803682,395.48430086662944,397.4684143066406,26919200,0.0,0.0,2026-01-27 14:01:10.751124+00:00
MSFT,2024-03-06 05:00:00,397.7842686719228,399.9460884523173,393.2632209421736,396.9155883789063,22344100,0.0,0.0,2026-01-27 14:01:10.751124+00:00
MSFT,2024-03-07 05:00:00,400.8937526863445,404.5066568048068,397.0636784801651,403.8749084472656,18718500,0.0,0.0,2026-01-27 14:01:10.751124+00:00
MSFT,2024-03-08 05:00:00,402.7100915611558,405.1384563385876,399.1267999900611,400.9924926757813,18002200,0.0,0.0,2026-01-27 14:01:10.751124+00:00
MSFT,2024-03-11 04:00:00,398.56416223358286,400.4594375495643,396.0963338665231,399.3143615722656,16120800,0.0,0.0,2026-01-27 14:01:10.751124+00:00
MSFT,2024-03-12 04:00:00,402.3744232866482,410.22212853969,401.55511762855593,409.9358520507813,22457000,0.0,0.0,2026-01-27 14:01:10.751124+00:00
MSFT,2024-03-13 04:00:00,412.7196031326607,412.7985603818344,406.15518600344376,409.7582092285156,17115900,0.0,0.0,2026-01-27 14:01:10.751124+00:00
MSFT,2024-03-14 04:00:00,414.83206096573,422.3145333258251,412.6110154706253,419.74798583984375,34157300,0.0,0.0,2026-01-27 14:01:10.751124+00:00
MSFT,2024-03-15 04:00:00,413.8942494694405,417.1616513329244,407.4778966665496,411.0611877441406,45079900,0.0,0.0,2026-01-27 14:01:10.751124+00:00
MSFT,2024-03-18 04:00:00,408.9190850547674,415.3157058481872,408.4551322022761,411.9495849609375,20106000,0.0,0.0,2026-01-27 14:01:10.751124+00:00
MSFT,2024-03-19 04:00:00,412.4530223739616,416.2436327500346,410.2023644083986,415.9869689941406,19837900,0.0,0.0,2026-01-27 14:01:10.751124+00:00
MSFT,2024-03-20 04:00:00,416.569367867818,420.4783989986328,415.2466156701396,419.7578125,17860100,0.0,0.0,2026-01-27 14:01:10.751124+00:00
MSFT,2024-03-21 04:00:00,424.2986154007834,425.2758958311732,421.6629918116586,423.8445434570313,21296200,0.0,0.0,2026-01-27 14:01:10.751124+00:00
MSFT,2024-03-22 04:00:00,424.1703239707177,424.3282384659813,420.58703259669744,423.22265625,17648500,0.0,0.0,2026-01-27 14:01:10.751124+00:00
MSFT,2024-03-25 04:00:00,419.76771231939466,421.9098005358872,416.18442081257615,417.4183349609375,18060500,0.0,0.0,2026-01-27 14:01:10.751124+00:00
MSFT,2024-03-26 04:00:00,420.1329081875438,420.5080228747841,415.9277496341745,416.223876953125,16725600,0.0,0.0,2026-01-27 14:01:10.751124+00:00
MSFT,2024-03-27 04:00:00,418.9779885582823,418.9878695106981,413.6178731212386,416.0067138671875,16705000,0.0,0.0,2026-01-27 14:01:10.751124+00:00
MSFT,2024-03-28 04:00:00,415.5427490202932,416.4410420434957,413.7264311944793,415.3058471679688,21871200,0.0,0.0,2026-01-27 14:01:10.751124+00:00
MSFT,2024-04-01 04:00:00,418.4943066854124,422.38360623153415,416.786558773076,419.1063232421875,16316000,0.0,0.0,2026-01-27 14:01:10.751124+00:00
MSFT,2024-04-02 04:00:00,414.7036696925523,416.94447677333466,412.4628927366232,416.0165710449219,17912000,0.0,0.0,2026-01-27 14:01:10.751124+00:00
MSFT,2024-04-03 04:00:00,414.3286319338608,417.8132042224073,413.6968534411064,415.0393676757813,16502300,0.0,0.0,2026-01-27 14:01:10.751124+00:00
MSFT,2024-04-04 04:00:00,419.5208996046495,423.1535654935394,412.1964026116657,412.5024108886719,19370900,0.0,0.0,2026-01-27 14:01:10.751124+00:00
MSFT,2024-04-05 04:00:00,414.60502494858775,421.0213783675685,412.9367706496642,420.0440979003906,16554800,0.0,0.0,2026-01-27 14:01:10.751124+00:00
MSFT,2024-04-08 04:00:00,419.698621129678,421.7814536782747,417.85266032435015,419.1260681152344,14272400,0.0,0.0,2026-01-27 14:01:10.751124+00:00
MSFT,2024-04-09 04:00:00,420.9522866687586,422.2355453474912,416.1943064293957,420.7943420410156,12496900,0.0,0.0,2026-01-27 14:01:10.751124+00:00
MSFT,2024-04-10 04:00:00,416.7569337473859,418.5732515840266,414.29898664030566,417.8131713867188,16216600,0.0,0.0,2026-01-27 14:01:10.751124+00:00
MSFT,2024-04-11 04:00:00,420.34026309183247,423.8445672043753,416.9247670576537,422.423095703125,17966400,0.0,0.0,2026-01-27 14:01:10.751124+00:00
MSFT,2024-04-12 04:00:00,418.5929987916464,419.70846193552615,414.3680782034512,416.4706726074219,19253800,0.0,0.0,2026-01-27 14:01:10.751124+00:00
MSFT,2024-04-15 04:00:00,421.110230165818,421.3274002627743,408.1096973329742,408.3170166015625,20273500,0.0,0.0,2026-01-27 14:01:10.751124+00:00
MSFT,2024-04-16 04:00:00,409.23505273581486,413.0157525674185,408.4058660132797,409.2449035644531,16765600,0.0,0.0,2026-01-27 14:01:10.751124+00:00
MSFT,2024-04-17 04:00:00,411.88051429574114,413.4895430541291,405.0495527869367,406.5401306152344,15855500,0.0,0.0,2026-01-27 14:01:10.751124+00:00
MSFT,2024-04-18 04:00:00,405.34567475168,406.589469658452,398.7516458051748,399.0675048828125,21029900,0.0,0.0,2026-01-27 14:01:10.751124+00:00
MSFT,2024-04-19 04:00:00,398.8306438099327,400.2619961941858,392.6511924508159,393.98382568359375,30565800,0.0,0.0,2026-01-27 14:01:10.751124+00:00
MSFT,2024-04-22 04:00:00,394.93146005470254,397.6658329165628,390.6571949667306,395.8001403808594,20286900,0.0,0.0,2026-01-27 14:01:10.751124+00:00
MSFT,2024-04-23 04:00:00,399.0379397213986,402.9470012872868,397.8731320388209,402.3251037597656,15734500,0.0,0.0,2026-01-27 14:01:10.751124+00:00
MSFT,2024-04-24 04:00:00,404.2894946072624,407.16205031795823,401.5452707861117,403.7959289550781,15065300,0.0,0.0,2026-01-27 14:01:10.751124+00:00
MSFT,2024-04-25 04:00:00,388.9593694617433,394.7439749094453,383.0365812882529,393.9049072265625,40586500,0.0,0.0,2026-01-27 14:01:10.751124+00:00
MSFT,2024-04-26 04:00:00,406.8659414588664,407.6852472237732,400.5384258954466,401.0912170410156,29694700,0.0,0.0,2026-01-27 14:01:10.751124+00:00
MSFT,2024-04-29 04:00:00,400.0349411285761,401.0911788014965,394.05292813266897,397.0735473632813,19582100,0.0,0.0,2026-01-27 14:01:10.751124+00:00
MSFT,2024-04-30 04:00:00,396.32331323474864,396.9847044226994,384.16187921211525,384.3197937011719,28781400,0.0,0.0,2026-01-27 14:01:10.751124+00:00
MSFT,2024-05-01 04:00:00,387.5576027140766,396.55038446355206,385.287212788776,389.8576354980469,23562500,0.0,0.0,2026-01-27 14:01:10.751124+00:00
MSFT,2024-05-02 04:00:00,392.5426299953367,394.7834071649824,389.5713551906569,392.7203063964844,17709400,0.0,0.0,2026-01-27 14:01:10.751124+00:00
MSFT,2024-05-03 04:00:00,397.1031487364524,401.9104729912864,396.68854036623503,401.4267883300781,17446700,0.0,0.0,2026-01-27 14:01:10.751124+00:00
MSFT,2024-05-06 04:00:00,403.4997755931437,408.603227237703,401.1405174679132,408.21826171875,16996600,0.0,0.0,2026-01-27 14:01:10.751124+00:00
MSFT,2024-05-07 04:00:00,409.3238724572391,409.3337534102894,403.8255438327541,404.07232666015625,20018200,0.0,0.0,2026-01-27 14:01:10.751124+00:00
MSFT,2024-05-08 04:00:00,402.917400584872,406.92515129872777,401.47616718048914,405.25689697265625,11792300,0.0,0.0,2026-01-27 14:01:10.751124+00:00
MSFT,2024-05-09 04:00:00,405.2864669208131,407.4087929910644,403.8353828414113,407.0139465332031,14689700,0.0,0.0,2026-01-27 14:01:10.751124+00:00
MSFT,2024-05-10 04:00:00,407.62600771381045,410.0346105329173,406.50066355453686,409.40283203125,13402300,0.0,0.0,2026-01-27 14:01:10.751124+00:00
MSFT,2024-05-13 04:00:00,412.630736484542,412.96635748889184,405.53326050690544,408.39593505859375,15440200,0.0,0.0,2026-01-27 14:01:10.751124+00:00
MSFT,2024-05-14 04:00:00,406.7177872432058,412.1173961263277,406.2538343729978,411.1993713378906,15109300,0.0,0.0,2026-01-27 14:01:10.751124+00:00
MSFT,2024-05-15 04:00:00,413.2662380290556,419.1107104287916,412.64321876209584,418.3887939453125,22239500,0.75,0.0,2026-01-27 14:01:10.751124+00:00
MSFT,2024-05-16 04:00:00,417.122946000089,420.70283173045664,415.6890421322498,416.3219299316406,17530100,0.0,0.0,2026-01-27 14:01:10.751124+00:00
MSFT,2024-05-17 04:00:00,417.8547794230839,418.2305707168696,413.3947777718773,415.5505981445313,15352200,0.0,0.0,2026-01-27 14:01:10.751124+00:00
MSFT,2024-05-20 04:00:00,415.5505961780029,422.0378548149535,415.3330343867983,420.6237182617188,16272100,0.0,0.0,2026-01-27 14:01:10.751124+00:00
MSFT,2024-05-21 04:00:00,422.0971980999781,428.1691308622737,420.1391721073256,424.28271484375,21453300,0.0,0.0,2026-01-27 14:01:10.751124+00:00
MSFT,2024-05-22 04:00:00,425.32108253196407,427.6153652054061,422.393911984686,425.7463073730469,18073700,0.0,0.0,2026-01-27 14:01:10.751124+00:00
MSFT,2024-05-23 04:00:00,428.1691551591298,428.7921744391248,420.7028829331948,422.2653503417969,17211700,0.0,0.0,2026-01-27 14:01:10.751124+00:00
MSFT,2024-05-24 04:00:00,422.4532504584075,426.2803344425143,419.704076756138,425.3903198242188,11855300,0.0,0.0,2026-01-27 14:01:10.751124+00:00
MSFT,2024-05-28 04:00:00,424.8661409403856,426.0429482844811,421.8697396793398,425.5484924316406,15718000,0.0,0.0,2026-01-27 14:01:10.751124+00:00
MSFT,2024-05-29 04:00:00,420.96986151310944,426.1616484009117,420.96986151310944,424.4112854003906,15517100,0.0,0.0,2026-01-27 14:01:10.751124+00:00
MSFT,2024-05-30 04:00:00,419.5952468817441,419.5952468817441,409.64679700979286,410.0720520019531,28394500,0.0,0.0,2026-01-27 14:01:10.751124+00:00
MSFT,2024-05-31 04:00:00,412.1290098934204,412.1290098934204,400.0247386123212,410.5269775390625,47995300,0.0,0.0,2026-01-27 14:01:10.751124+00:00
MSFT,2024-06-03 04:00:00,410.9225062489826,411.81252080542527,404.38581394057536,408.9347839355469,17484700,0.0,0.0,2026-01-27 14:01:10.751124+00:00
MSFT,2024-06-04 04:00:00,407.856889503619,411.8224355088356,405.13738203313136,411.45654296875,14348900,0.0,0.0,2026-01-27 14:01:10.751124+00:00
MSFT,2024-06-05 04:00:00,413.1772369623433,419.3777030871155,411.6839704862112,419.3085021972656,16988000,0.0,0.0,2026-01-27 14:01:10.751124+00:00
MSFT,2024-06-06 04:00:00,419.3084807052153,420.5940539083252,415.9164904670929,419.8128051757813,14861300,0.0,0.0,2026-01-27 14:01:10.751124+00:00
MSFT,2024-06-07 04:00:00,421.474217298841,421.55331696325794,418.3096874966925,419.1502685546875,13621700,0.0,0.0,2026-01-27 14:01:10.751124+00:00
MSFT,2024-06-10 04:00:00,419.99086828849937,423.33336493941925,419.1898521166903,423.1257019042969,13982900,0.0,0.0,2026-01-27 14:01:10.751124+00:00
MSFT,2024-06-11 04:00:00,420.7621778016169,428.0207863482967,420.5347172370151,427.88232421875,14551100,0.0,0.0,2026-01-27 14:01:10.751124+00:00
MSFT,2024-06-12 04:00:00,430.4931196720458,438.4835142504696,428.4460648715454,436.1694641113281,22366200,0.0,0.0,2026-01-27 14:01:10.751124+00:00
MSFT,2024-06-13 04:00:00,435.9617684934111,438.4736128892405,434.498168180252,436.68365478515625,15960600,0.0,0.0,2026-01-27 14:01:10.751124+00:00
MSFT,2024-06-14 04:00:00,433.42024926631433,438.2263761607837,431.877549319742,437.6626892089844,13582000,0.0,0.0,2026-01-27 14:01:10.751124+00:00
MSFT,2024-06-17 04:00:00,437.6824373757128,445.9398563271766,435.83317727597375,443.3983459472656,20790000,0.0,0.0,2026-01-27 14:01:10.751124+00:00
MSFT,2024-06-18 04:00:00,444.7234969265718,445.1487519174416,439.9569652032749,441.390869140625,17112500,0.0,0.0,2026-01-27 14:01:10.751124+00:00
MSFT,2024-06-20 04:00:00,441.351318534406,441.5787791099604,436.3770934521975,440.7579956054688,19877400,0.0,0.0,2026-01-27 14:01:10.751124+00:00
MSFT,2024-06-21 04:00:00,442.4193424510746,445.5838419357447,441.55899405937,444.792724609375,34187100,0.0,0.0,2026-01-27 14:01:10.751124+00:00
MSFT,2024-06-24 04:00:00,444.8125336268041,447.72983562691786,441.4601381818841,442.7061767578125,15913700,0.0,0.0,2026-01-27 14:01:10.751124+00:00
MSFT,2024-06-25 04:00:00,443.27969425576566,446.4145577985047,441.79632662300793,445.9497680664063,16413400,0.0,0.0,2026-01-27 14:01:10.751124+00:00
MSFT,2024-06-26 04:00:00,444.02139740080895,448.57039770845984,443.2203812585861,447.1463623046875,16507000,0.0,0.0,2026-01-27 14:01:10.751124+00:00
MSFT,2024-06-27 04:00:00,447.1661206636861,451.11189918090986,446.76066321308457,447.8287048339844,14806300,0.0,0.0,2026-01-27 14:01:10.751124+00:00
MSFT,2024-06-28 04:00:00,448.0462760060759,450.3306598473802,441.4601198033777,441.994140625,28362300,0.0,0.0,2026-01-27 14:01:10.751124+00:00
MSFT,2024-07-01 04:00:00,443.6851547691378,452.2985677661532,440.7184194830795,451.6656799316406,17662800,0.0,0.0,2026-01-27 14:01:10.751124+00:00
MSFT,2024-07-02 04:00:00,448.17483800659534,454.4939686896818,448.085809387268,454.1874084472656,13979800,0.0,0.0,2026-01-27 14:01:10.751124+00:00
MSFT,2024-07-03 04:00:00,453.10947910710325,455.9080860928665,452.80291887761234,455.6608581542969,9932800,0.0,0.0,2026-01-27 14:01:10.751124+00:00
MSFT,2024-07-05 04:00:00,454.5137492733641,463.1568591432653,453.8808613987244,462.3756103515625,16000300,0.0,0.0,2026-01-27 14:01:10.751124+00:00
MSFT,2024-07-08 04:00:00,461.37678118625774,462.5140538822785,459.30995917726233,461.0702209472656,12962300,0.0,0.0,2026-01-27 14:01:10.751124+00:00
MSFT,2024-07-09 04:00:00,461.8217923289273,462.14811993117183,452.9215864810465,454.4445190429688,17207200,0.0,0.0,2026-01-27 14:01:10.751124+00:00
MSFT,2024-07-10 04:00:00,456.10588369109234,461.2877716622488,453.7720362415662,461.0801086425781,18196100,0.0,0.0,2026-01-27 14:01:10.751124+00:00
MSFT,2024-07-11 04:00:00,457.84636046829024,459.6263894983609,446.54307653601205,449.6581726074219,23111200,0.0,0.0,2026-01-27 14:01:10.751124+00:00
MSFT,2024-07-12 04:00:00,449.2923156259004,451.2998055103986,445.6531271953451,448.5209655761719,16324300,0.0,0.0,2026-01-27 14:01:10.751124+00:00
MSFT,2024-07-15 04:00:00,448.27373666625175,452.18984938358506,446.4244763059975,448.9264221191406,14429400,0.0,0.0,2026-01-27 14:01:10.751124+00:00
MSFT,2024-07-16 04:00:00,449.1835423040314,449.2626419732897,441.7073711225493,444.53564453125,17175700,0.0,0.0,2026-01-27 14:01:10.751124+00:00
MSFT,2024-07-17 04:00:00,437.6824311668857,439.9173812942367,434.3102386061198,438.6021118164063,21778000,0.0,0.0,2026-01-27 14:01:10.751124+00:00
MSFT,2024-07-18 04:00:00,439.4130413837652,439.7196016105417,429.5832562189407,435.487060546875,20794800,0.0,0.0,2026-01-27 14:01:10.751124+00:00
MSFT,2024-07-19 04:00:00,428.297728628943,436.2485883597653,427.20991955719455,432.2632446289063,20940400,0.0,0.0,2026-01-27 14:01:10.751124+00:00
MSFT,2024-07-22 04:00:00,436.8913524368939,439.670192179698,434.0432816251048,438.0285949707031,15808800,0.0,0.0,2026-01-27 14:01:10.751124+00:00
MSFT,2024-07-23 04:00:00,438.97794115369385,443.418175649145,438.1868237868677,439.91741943359375,13107100,0.0,0.0,2026-01-27 14:01:10.751124+00:00
MSFT,2024-07-24 04:00:00,435.5661430845152,436.584720864618,422.8487237250299,424.1441955566406,26805800,0.0,0.0,2026-01-27 14:01:10.751124+00:00
MSFT,2024-07-25 04:00:00,424.0453888657749,425.034300714976,412.8805958173141,413.7607116699219,29943800,0.0,0.0,2026-01-27 14:01:10.751124+00:00
MSFT,2024-07-26 04:00:00,413.5629210032518,424.1640565570156,412.64321010602674,420.5545043945313,23583800,0.0,0.0,2026-01-27 14:01:10.751124+00:00
MSFT,2024-07-29 04:00:00,426.7945193727036,427.3582063126635,419.9908318898155,421.9983215332031,15125800,0.0,0.0,2026-01-27 14:01:10.751124+00:00
MSFT,2024-07-30 04:00:00,422.97732451431415,424.2925638306224,412.7321833431071,418.2305603027344,32687600,0.0,0.0,2026-01-27 14:01:10.751124+00:00
MSFT,2024-07-31 04:00:00,415.83745828224886,417.1032643202683,407.63937009566513,413.7113037109375,42891400,0.0,0.0,2026-01-27 14:01:10.751124+00:00
MSFT,2024-08-01 04:00:00,416.12417291556886,422.7201972162586,408.5095405668338,412.4849548339844,30296400,0.0,0.0,2026-01-27 14:01:10.751124+00:00
MSFT,2024-08-02 04:00:00,407.9162184867556,410.3983967606497,399.8565933572946,403.9605712890625,29437900,0.0,0.0,2026-01-27 14:01:10.751124+00:00
MSFT,2024-08-05 04:00:00,384.85479031825656,396.5931676964823,381.3045706583986,390.7684631347656,40709200,0.0,0.0,2026-01-27 14:01:10.751124+00:00
MSFT,2024-08-06 04:00:00,395.5647367351895,401.17188015725634,394.0813689724325,395.1790466308594,24946500,0.0,0.0,2026-01-27 14:01:10.751124+00:00
MSFT,2024-08-07 04:00:00,404.1089265381238,405.532931744476,393.06276861455,394.0121154785156,20650900,0.0,0.0,2026-01-27 14:01:10.751124+00:00
MSFT,2024-08-08 04:00:00,397.9776560901087,401.3597174512935,395.5053766591639,398.2248840332031,20203000,0.0,0.0,2026-01-27 14:01:10.751124+00:00
MSFT,2024-08-09 04:00:00,399.5499892110853,403.52540334343706,397.7996263829463,401.5179138183594,19276700,0.0,0.0,2026-01-27 14:01:10.751124+00:00
MSFT,2024-08-12 04:00:00,402.5464222781896,404.22758435718055,399.75768384658,402.2991943359375,16762900,0.0,0.0,2026-01-27 14:01:10.751124+00:00
MSFT,2024-08-13 04:00:00,405.0483692456352,410.34895203900766,405.0286018746959,409.41937255859375,19414300,0.0,0.0,2026-01-27 14:01:10.751124+00:00
MSFT,2024-08-14 04:00:00,410.2005761710246,413.088211720044,407.87665773392825,412.23773193359375,18267000,0.0,0.0,2026-01-27 14:01:10.751124+00:00
MSFT,2024-08-15 04:00:00,415.8934346982465,417.19124174906176,413.7733647214418,417.1119995117188,20752100,0.75,0.0,2026-01-27 14:01:10.751124+00:00
MSFT,2024-08-16 04:00:00,416.6859584876603,417.4190624715108,413.41664970781534,414.5757751464844,22775600,0.0,0.0,2026-01-27 14:01:10.751124+00:00
MSFT,2024-08-19 04:00:00,415.06120860773046,417.8252537249248,412.584473256664,417.6072998046875,15234000,0.0,0.0,2026-01-27 14:01:10.751124+00:00
MSFT,2024-08-20 04:00:00,417.7757654099591,421.8970267669262,417.7163261753405,420.8468933105469,16387600,0.0,0.0,2026-01-27 14:01:10.751124+00:00
MSFT,2024-08-21 04:00:00,420.1335847320776,422.4320025414326,417.79556092274566,420.1930541992188,16067300,0.0,0.0,2026-01-27 14:01:10.751124+00:00
MSFT,2024-08-22 04:00:00,420.4109661556474,422.8183759816575,410.7516979364214,411.6829528808594,19361900,0.0,0.0,2026-01-27 14:01:10.751124+00:00
MSFT,2024-08-23 04:00:00,413.0996723021897,415.3584538355035,408.255163223579,412.9114379882813,18493800,0.0,0.0,2026-01-27 14:01:10.751124+00:00
MSFT,2024-08-26 04:00:00,412.4953858524353,413.3969213043914,407.5121946723904,409.6421813964844,13152800,0.0,0.0,2026-01-27 14:01:10.751124+00:00
MSFT,2024-08-27 04:00:00,409.01800038370646,410.5040417108967,406.43230298651787,409.9888916015625,13492900,0.0,0.0,2026-01-27 14:01:10.751124+00:00
MSFT,2024-08-28 04:00:00,411.0192227861693,411.13810125518216,403.5196602855256,406.779052734375,14882700,0.0,0.0,2026-01-27 14:01:10.751124+00:00
MSFT,2024-08-29 04:00:00,411.078675041423,418.12249665584295,406.77906561893394,409.2756042480469,17045200,0.0,0.0,2026-01-27 14:01:10.751124+00:00
MSFT,2024-08-30 04:00:00,411.7324708257429,413.604866938813,408.2947611159586,413.2581481933594,24308300,0.0,0.0,2026-01-27 14:01:10.751124+00:00
MSFT,2024-09-03 04:00:00,414.0210337222503,415.9727025855997,403.242275547016,405.6298522949219,20313600,0.0,0.0,2026-01-27 14:01:10.751124+00:00
MSFT,2024-09-04 04:00:00,402.13271297104455,407.4131001038253,400.6070353366408,405.0948791503906,15135800,0.0,0.0,2026-01-27 14:01:10.751124+00:00
MSFT,2024-09-05 04:00:00,403.82677622219455,409.2557914736051,402.3506514977997,404.5896301269531,14195500,0.0,0.0,2026-01-27 14:01:10.751124+00:00
MSFT,2024-09-06 04:00:00,405.2533785520499,406.8285787467922,397.070234552708,397.9618835449219,19609500,0.0,0.0,2026-01-27 14:01:10.751124+00:00
MSFT,2024-09-09 04:00:00,403.4503023301037,404.84718480089737,398.40767240518096,401.9444580078125,15295100,0.0,0.0,2026-01-27 14:01:10.751124+00:00
MSFT,2024-09-10 04:00:00,404.4013552499596,412.4556731165174,403.9060081858286,410.3455200195313,19594300,0.0,0.0,2026-01-27 14:01:10.751124+00:00
MSFT,2024-09-11 04:00:00,411.6334289532487,420.044412808737,405.7685061452882,419.103271484375,19266900,0.0,0.0,2026-01-27 14:01:10.751124+00:00
MSFT,2024-09-12 04:00:00,419.37076416429335,423.39298024346107,415.8438951907728,423.02642822265625,17395700,0.0,0.0,2026-01-27 14:01:10.751124+00:00
MSFT,2024-09-13 04:00:00,421.8672937914901,427.8114589338371,421.5007417784194,426.5830078125,15874600,0.0,0.0,2026-01-27 14:01:10.751124+00:00
MSFT,2024-09-16 04:00:00,426.59294574191983,429.4956726087264,424.2350886136153,427.3260498046875,13834700,0.0,0.0,2026-01-27 14:01:10.751124+00:00
MSFT,2024-09-17 04:00:00,436.1333295310232,437.7382493380576,428.24738173228826,431.1005859375,18874200,0.0,0.0,2026-01-27 14:01:10.751124+00:00
MSFT,2024-09-18 04:00:00,430.95197545729616,431.9723892702998,426.40469272360485,426.8009643554688,18898000,0.0,0.0,2026-01-27 14:01:10.751124+00:00
MSFT,2024-09-19 04:00:00,437.1240071994986,437.3914837460106,432.8342844371603,434.6076354980469,21706600,0.0,0.0,2026-01-27 14:01:10.751124+00:00
MSFT,2024-09-20 04:00:00,433.1513176803596,435.1525090726311,430.1792350917016,431.2194519042969,55167100,0.0,0.0,2026-01-27 14:01:10.751124+00:00
MSFT,2024-09-23 04:00:00,430.23868426031646,432.3983904018878,426.38489946949306,429.4758605957031,15128900,0.0,0.0,2026-01-27 14:01:10.751124+00:00
MSFT,2024-09-24 04:00:00,428.9705844602765,429.31733347364775,422.1348005929618,425.1762390136719,17015800,0.0,0.0,2026-01-27 14:01:10.751124+00:00
MSFT,2024-09-25 04:00:00,425.8300855631319,429.0894780298136,424.5818313980788,428.0888671875,13396400,0.0,0.0,2026-01-27 14:01:10.751124+00:00
MSFT,2024-09-26 04:00:00,431.0411486615554,431.2491859843343,425.1366195194631,427.29632568359375,14492000,0.0,0.0,2026-01-27 14:01:10.751124+00:00
MSFT,2024-09-27 04:00:00,427.5043560158928,427.8313020370733,423.49205654568107,424.0369262695313,14896100,0.0,0.0,2026-01-27 14:01:10.751124+00:00
MSFT,2024-09-30 04:00:00,424.225137648764,426.4145935098266,421.41156986331913,426.2956848144531,16807300,0.0,0.0,2026-01-27 14:01:10.751124+00:00
MSFT,2024-10-01 04:00:00,424.4629120903149,424.49263170487137,414.9126061650303,416.7751159667969,19092900,0.0,0.0,2026-01-27 14:01:10.751124+00:00
MSFT,2024-10-02 04:00:00,418.6475564553425,418.88534363054407,412.8321861342137,413.248291015625,16582300,0.0,0.0,2026-01-27 14:01:10.751124+00:00
MSFT,2024-10-03 04:00:00,413.74364093705873,415.6457569500303,410.43472579830313,412.6637878417969,13686400,0.0,0.0,2026-01-27 14:01:10.751124+00:00
MSFT,2024-10-04 04:00:00,414.3479385531917,415.8438964916741,411.1083793562167,412.188232421875,19169700,0.0,0.0,2026-01-27 14:01:10.751124+00:00
MSFT,2024-10-07 04:00:00,412.1288194383124,413.2284755742096,405.1939594958407,405.72894287109375,20919800,0.0,0.0,2026-01-27 14:01:10.751124+00:00
MSFT,2024-10-08 04:00:00,407.0762569270798,411.79197118142247,404.3716810029858,410.8507995605469,19229300,0.0,0.0,2026-01-27 14:01:10.751124+00:00
MSFT,2024-10-09 04:00:00,411.9900785341084,416.46803570058375,410.4445979894132,413.5751953125,14974300,0.0,0.0,2026-01-27 14:01:10.751124+00:00
MSFT,2024-10-10 04:00:00,411.3659669240718,413.466233807924,409.3053060403614,411.9702758789063,13848400,0.0,0.0,2026-01-27 14:01:10.751124+00:00
MSFT,2024-10-11 04:00:00,412.2674830881502,413.2482606337857,409.4043624478393,412.44580078125,14144900,0.0,0.0,2026-01-27 14:01:10.751124+00:00
MSFT,2024-10-14 04:00:00,413.8822865985765,420.0939583051494,413.63461305961806,415.2395629882813,16653100,0.0,0.0,2026-01-27 14:01:10.751124+00:00
MSFT,2024-10-15 04:00:00,418.2512520382671,418.54847842558434,411.3956654011264,414.84326171875,18900200,0.0,0.0,2026-01-27 14:01:10.751124+00:00
MSFT,2024-10-16 04:00:00,411.3065088320687,412.48540707078536,406.660150790306,412.2476501464844,15508900,0.0,0.0,2026-01-27 14:01:10.751124+00:00
MSFT,2024-10-17 04:00:00,418.429601804324,418.5683135090887,411.722612729939,412.8421020507813,14820000,0.0,0.0,2026-01-27 14:01:10.751124+00:00
MSFT,2024-10-18 04:00:00,413.2581795909367,415.7448013928108,412.3863638860618,414.2686767578125,17145300,0.0,0.0,2026-01-27 14:01:10.751124+00:00
MSFT,2024-10-21 04:00:00,412.24771457521706,415.06128280898497,409.8997738800341,414.8829650878906,14206100,0.0,0.0,2026-01-27 14:01:10.751124+00:00
MSFT,2024-10-22 04:00:00,414.595626294547,426.57311612841215,414.1498320229674,423.5317077636719,25482200,0.0,0.0,2026-01-27 14:01:10.751124+00:00
MSFT,2024-10-23 04:00:00,426.8504984713963,427.06845240983137,418.5980288953916,420.6487731933594,19654400,0.0,0.0,2026-01-27 14:01:10.751124+00:00
MSFT,2024-10-24 04:00:00,421.3719191439679,422.0158945124843,418.4691926119839,420.7775268554688,13581600,0.0,0.0,2026-01-27 14:01:10.751124+00:00
MSFT,2024-10-25 04:00:00,422.78866124967664,428.4950392124222,422.6004269353124,424.1657104492188,16899100,0.0,0.0,2026-01-27 14:01:10.751124+00:00
MSFT,2024-10-28 04:00:00,427.6430661566951,427.9204593260478,422.3329294716153,422.6202392578125,14882400,0.0,0.0,2026-01-27 14:01:10.751124+00:00
MSFT,2024-10-29 04:00:00,424.017135059726,429.1390375874088,421.83759563654417,427.9303894042969,17644100,0.0,0.0,2026-01-27 14:01:10.751124+00:00
MSFT,2024-10-30 04:00:00,433.3692558016521,434.4193891926441,428.07895261488494,428.50494384765625,29749100,0.0,0.0,2026-01-27 14:01:10.751124+00:00
MSFT,2024-10-31 04:00:00,411.4947379049696,412.2873114234298,402.5190506643278,402.568603515625,53971000,0.0,0.0,2026-01-27 14:01:10.751124+00:00
MSFT,2024-11-01 04:00:00,405.20384836550784,411.63344411141696,403.7078904341815,406.5511779785156,24230400,0.0,0.0,2026-01-27 14:01:10.751124+00:00
MSFT,2024-11-04 05:00:00,405.9864314998881,406.6006872402375,401.7958147917939,404.6589050292969,19672300,0.0,0.0,2026-01-27 14:01:10.751124+00:00
MSFT,2024-11-05 05:00:00,404.5698009147436,411.0390330760231,404.28249112047496,407.6310424804688,17626000,0.0,0.0,2026-01-27 14:01:10.751124+00:00
MSFT,2024-11-06 05:00:00,408.5821307366994,416.537404254562,406.6997874985592,416.2698974609375,26681800,0.0,0.0,2026-01-27 14:01:10.751124+00:00
MSFT,2024-11-07 05:00:00,417.3596638124742,422.8778379270892,415.9726979378319,421.4710388183594,19901800,0.0,0.0,2026-01-27 14:01:10.751124+00:00
MSFT,2024-11-08 05:00:00,421.3620693729889,422.5310812867246,417.8550033981939,418.6079406738281,16891400,0.0,0.0,2026-01-27 14:01:10.751124+00:00
MSFT,2024-11-11 05:00:00,418.58809689323664,420.8567950462537,412.1287816798458,414.1200866699219,24503300,0.0,0.0,2026-01-27 14:01:10.751124+00:00
MSFT,2024-11-12 05:00:00,414.3578665238478,420.4902662976637,413.317649663667,419.0933837890625,19401200,0.0,0.0,2026-01-27 14:01:10.751124+00:00
MSFT,2024-11-13 05:00:00,417.7163558364399,425.3347671278453,414.3182514369815,421.24322509765625,21502200,0.0,0.0,2026-01-27 14:01:10.751124+00:00
MSFT,2024-11-14 05:00:00,421.04505383486753,424.1855678921326,416.0915826132808,422.91748046875,30246900,0.0,0.0,2026-01-27 14:01:10.751124+00:00
MSFT,2024-11-15 05:00:00,415.91324532993855,418.86549468955633,409.7907624442804,411.1380920410156,28247600,0.0,0.0,2026-01-27 14:01:10.751124+00:00
MSFT,2024-11-18 05:00:00,411.0092893966713,414.5064386408341,408.26507740364855,411.8910217285156,24727000,0.0,0.0,2026-01-27 14:01:10.751124+00:00
MSFT,2024-11-19 05:00:00,409.2656885605185,414.0507587358417,407.7202079437107,413.9021606445313,18133500,0.0,0.0,2026-01-27 14:01:10.751124+00:00
MSFT,2024-11-20 05:00:00,412.9906980283946,413.40680290697327,406.7592228682752,411.62353515625,19191700,0.0,0.0,2026-01-27 14:01:10.751124+00:00
MSFT,2024-11-21 05:00:00,416.428073141663,416.70602153771694,407.2855248811401,409.84661865234375,20780200,0.83,0.0,2026-01-27 14:01:10.751124+00:00
MSFT,2024-11-22 05:00:00,408.3576333968402,414.3434759719605,408.0499058744426,413.9464111328125,24814600,0.0,0.0,2026-01-27 14:01:10.751124+00:00
MSFT,2024-11-25 05:00:00,415.3162958278843,417.99650611752486,411.812146489521,415.7232971191406,27691100,0.0,0.0,2026-01-27 14:01:10.751124+00:00
MSFT,2024-11-26 05:00:00,416.5174436728799,425.8982558025869,415.78287220202776,424.8559265136719,23458900,0.0,0.0,2026-01-27 14:01:10.751124+00:00
MSFT,2024-11-27 05:00:00,421.9970185670725,424.10151982082925,418.9296494463621,419.8925476074219,18332400,0.0,0.0,2026-01-27 14:01:10.751124+00:00
MSFT,2024-11-29 05:00:00,417.0137828520631,421.76871536801127,414.7405434642979,420.3591003417969,16271900,0.0,0.0,2026-01-27 14:01:10.751124+00:00
MSFT,2024-12-02 05:00:00,418.4829692975226,429.8292633670891,418.22486350993177,427.8240661621094,20207200,0.0,0.0,2026-01-27 14:01:10.751124+00:00
MSFT,2024-12-03 05:00:00,426.6923626928357,429.3031085678167,424.6077345204632,428.04241943359375,18302000,0.0,0.0,2026-01-27 14:01:10.751124+00:00
MSFT,2024-12-04 05:00:00,429.8590208353051,436.45041220115866,429.4619560010729,434.2168884277344,26009400,0.0,0.0,2026-01-27 14:01:10.751124+00:00
MSFT,2024-12-05 05:00:00,434.7131892508136,441.40382352297394,432.9760042447338,439.3787536621094,21697800,0.0,0.0,2026-01-27 14:01:10.751124+00:00
MSFT,2024-12-06 05:00:00,439.0610885007189,442.83327982289535,438.53497082637017,440.3218078613281,18821000,0.0,0.0,2026-01-27 14:01:10.751124+00:00
MSFT,2024-12-09 05:00:00,439.358906375019,445.0469269750717,437.2742783309658,442.75384521484375,19144400,0.0,0.0,2026-01-27 14:01:10.751124+00:00
MSFT,2024-12-10 05:00:00,441.1358533918597,446.32753597079886,438.3662754088612,440.0835876464844,18469500,0.0,0.0,2026-01-27 14:01:10.751124+00:00
MSFT,2024-12-11 05:00:00,440.7983204027772,447.0522052493872,440.7983204027772,445.7021484375,19200200,0.0,0.0,2026-01-27 14:01:10.751124+00:00
MSFT,2024-12-12 05:00:00,445.8212579806136,452.8196506561494,445.8212579806136,446.2679748535156,20834800,0.0,0.0,2026-01-27 14:01:10.751124+00:00
MSFT,2024-12-13 05:00:00,445.15616611270633,448.124261247401,442.3170935669994,443.9947204589844,20177800,0.0,0.0,2026-01-27 14:01:10.751124+00:00
MSFT,2024-12-16 05:00:00,443.99473862109255,448.8687875090904,442.01932060586137,448.2831115722656,23598800,0.0,0.0,2026-01-27 14:01:10.751124+00:00
MSFT,2024-12-17 05:00:00,447.70736185197006,451.9560191338881,446.2779042343056,451.132080078125,22733500,0.0,0.0,2026-01-27 14:01:10.751124+00:00
MSFT,2024-12-18 05:00:00,448.0151211482652,449.3353686126572,433.8198177452418,434.1871337890625,24444500,0.0,0.0,2026-01-27 14:01:10.751124+00:00
MSFT,2024-12-19 05:00:00,438.3860965890634,439.9346705847199,433.1249195902441,433.8297119140625,22963700,0.0,0.0,2026-01-27 14:01:10.751124+00:00
MSFT,2024-12-20 05:00:00,429.9384288666516,440.4905928728717,425.4912541783927,433.4028930664063,64263700,0.0,0.0,2026-01-27 14:01:10.751124+00:00
MSFT,2024-12-23 05:00:00,433.54185407205193,434.44519400818086,429.6604823749245,432.0627746582031,19152500,0.0,0.0,2026-01-27 14:01:10.751124+00:00
MSFT,2024-12-24 05:00:00,431.4671320524487,436.3808962318657,431.010509030067,436.1128540039063,7164500,0.0,0.0,2026-01-27 14:01:10.751124+00:00
MSFT,2024-12-26 05:00:00,435.8647231164583,437.7111185947039,433.4326819773249,434.9018249511719,8194200,0.0,0.0,2026-01-27 14:01:10.751124+00:00
MSFT,2024-12-27 05:00:00,431.4175228637617,432.0329778888151,423.2279358558446,427.3773193359375,18117700,0.0,0.0,2026-01-27 14:01:10.751124+00:00
MSFT,2024-12-30 05:00:00,422.9400284711836,424.4191077458383,418.810487849265,421.7190246582031,13158700,0.0,0.0,2026-01-27 14:01:10.751124+00:00
MSFT,2024-12-31 05:00:00,422.979773462022,423.6051649635355,417.5796069111211,418.4134521484375,13246500,0.0,0.0,2026-01-27 14:01:10.751124+00:00
MSFT,2025-01-02 05:00:00,422.4139505741353,422.9500047735069,411.81216477472935,415.5148315429688,16896500,0.0,0.0,2026-01-27 14:01:10.751124+00:00
MSFT,2025-01-03 05:00:00,417.99651176266025,420.9249216883709,416.4678106508815,420.2499084472656,16662900,0.0,0.0,2026-01-27 14:01:10.751124+00:00
MSFT,2025-01-06 05:00:00,424.8658449852562,431.1395722098291,422.36430932720185,424.7169494628906,20573600,0.0,0.0,2026-01-27 14:01:10.751124+00:00
MSFT,2025-01-07 05:00:00,425.8585238529445,427.49643519355806,417.7185585987197,419.2770690917969,18139100,0.0,0.0,2026-01-27 14:01:10.751124+00:00
MSFT,2025-01-08 05:00:00,420.35912921204886,423.8434362974336,418.4532057234047,421.4510803222656,15054600,0.0,0.0,2026-01-27 14:01:10.751124+00:00
MSFT,2025-01-10 05:00:00,421.5205096250477,421.59991046888086,411.98086631184646,415.8821105957031,20201100,0.0,0.0,2026-01-27 14:01:10.751124+00:00
MSFT,2025-01-13 05:00:00,412.1992770786573,415.4354144937977,409.2708974707551,414.135009765625,17604800,0.0,0.0,2026-01-27 14:01:10.751124+00:00
MSFT,2025-01-14 05:00:00,414.7504731982745,416.6663329915462,407.7123952362894,412.6261596679688,16935900,0.0,0.0,2026-01-27 14:01:10.751124+00:00
MSFT,2025-01-15 05:00:00,416.06081709812753,425.01475491103537,415.20709891745935,423.188232421875,19637800,0.0,0.0,2026-01-27 14:01:10.751124+00:00
MSFT,2025-01-16 05:00:00,425.56071106349873,426.34490420898106,421.2822749228641,421.4708557128906,15300000,0.0,0.0,2026-01-27 14:01:10.751124+00:00
MSFT,2025-01-17 05:00:00,430.9112808415576,431.298439525524,425.034648254084,425.8883361816406,26197500,0.0,0.0,2026-01-27 14:01:10.751124+00:00
MSFT,2025-01-21 05:00:00,427.04974598441896,427.74460185190514,422.4834247796493,425.3621826171875,26085700,0.0,0.0,2026-01-27 14:01:10.751124+00:00
MSFT,2025-01-22 05:00:00,434.35587089419175,443.9947588601348,432.8072967513622,442.9326171875,27803800,0.0,0.0,2026-01-27 14:01:10.751124+00:00
MSFT,2025-01-23 05:00:00,438.7633112450764,443.4785278251988,438.266972657695,443.4388122558594,18389300,0.0,0.0,2026-01-27 14:01:10.751124+00:00
MSFT,2025-01-24 05:00:00,441.9001784993804,443.3792578082045,438.1677025965132,440.8082275390625,15549500,0.0,0.0,2026-01-27 14:01:10.751124+00:00
MSFT,2025-01-27 05:00:00,420.90507512895306,432.01313557520695,420.39880005578783,431.3778076171875,35647800,0.0,0.0,2026-01-27 14:01:10.751124+00:00
MSFT,2025-01-28 05:00:00,431.4175234893937,445.0966142937209,428.2211016468738,443.9252624511719,23491700,0.0,0.0,2026-01-27 14:01:10.751124+00:00
MSFT,2025-01-29 05:00:00,443.41900040059096,443.60761150041753,437.1750520555274,439.0909118652344,23581400,0.0,0.0,2026-01-27 14:01:10.751124+00:00
MSFT,2025-01-30 05:00:00,415.7034295288443,419.7634757332681,410.1345248522129,411.95111083984375,54586300,0.0,0.0,2026-01-27 14:01:10.751124+00:00
MSFT,2025-01-31 05:00:00,415.9119381542539,417.60940782263856,411.8717343494641,412.0206298828125,34161900,0.0,0.0,2026-01-27 14:01:10.751124+00:00
MSFT,2025-02-03 05:00:00,408.5859629677824,412.3680608742421,405.6674894234756,407.9109497070313,25679100,0.0,0.0,2026-01-27 14:01:10.751124+00:00
MSFT,2025-02-04 05:00:00,409.6679752687522,410.8889791877868,406.739565274027,409.3503112792969,20532100,0.0,0.0,2026-01-27 14:01:10.751124+00:00
MSFT,2025-02-05 05:00:00,409.3304917519487,410.7996347714461,407.3947588943965,410.26361083984375,16316700,0.0,0.0,2026-01-27 14:01:10.751124+00:00
MSFT,2025-02-06 05:00:00,410.96837509421607,415.1376315968719,410.96837509421607,412.7750549316406,16309800,0.0,0.0,2026-01-27 14:01:10.751124+00:00
MSFT,2025-02-07 05:00:00,413.4302096384315,415.58430218979566,405.1115698860282,406.7494812011719,22886800,0.0,0.0,2026-01-27 14:01:10.751124+00:00
MSFT,2025-02-10 05:00:00,410.6804954197058,412.41768060214906,407.9109477120237,409.201416015625,20817900,0.0,0.0,2026-01-27 14:01:10.751124+00:00
MSFT,2025-02-11 05:00:00,406.64031711794166,409.4694230026259,406.3027801992032,408.4271240234375,18140600,0.0,0.0,2026-01-27 14:01:10.751124+00:00
MSFT,2025-02-12 05:00:00,404.2280919312538,407.742177856358,401.4088921943929,406.0447082519531,19121700,0.0,0.0,2026-01-27 14:01:10.751124+00:00
MSFT,2025-02-13 05:00:00,404.01963601763975,407.99034497113007,403.3843080439108,407.5337219238281,23891700,0.0,0.0,2026-01-27 14:01:10.751124+00:00
MSFT,2025-02-14 05:00:00,404.8038502840872,405.91564391864586,402.9078331667541,405.4391479492188,22758500,0.0,0.0,2026-01-27 14:01:10.751124+00:00
MSFT,2025-02-18 05:00:00,405.012314606688,407.593281493885,403.5232987441634,406.6403198242188,21423100,0.0,0.0,2026-01-27 14:01:10.751124+00:00
MSFT,2025-02-19 05:00:00,404.89319663470326,412.447455873821,404.6648699641124,411.7327270507813,24114200,0.0,0.0,2026-01-27 14:01:10.751124+00:00
MSFT,2025-02-20 05:00:00,413.0755545581438,417.07410775463984,410.3402184035009,413.91107177734375,23508700,0.83,0.0,2026-01-27 14:01:10.751124+00:00
MSFT,2025-02-21 05:00:00,415.1145844657973,415.8207899827264,405.71499358869687,406.03326416015625,27524800,0.0,0.0,2026-01-27 14:01:10.751124+00:00
MSFT,2025-02-24 05:00:00,406.3316944915949,407.1870941067446,397.1906962904959,401.8457336425781,26443700,0.0,0.0,2026-01-27 14:01:10.751124+00:00
MSFT,2025-02-25 05:00:00,398.9611771958944,399.7768119064437,394.5846458623518,395.7782287597656,29387400,0.0,0.0,2026-01-27 14:01:10.751124+00:00
MSFT,2025-02-26 05:00:00,395.8876811696496,401.4478696916858,392.1477210913464,397.5985107421875,19619000,0.0,0.0,2026-01-27 14:01:10.751124+00:00
MSFT,2025-02-27 05:00:00,399.13030635306495,403.5764722898777,390.0788543559985,390.4369201660156,21127400,0.0,0.0,2026-01-27 14:01:10.751124+00:00
MSFT,2025-02-28 05:00:00,390.5662102627109,395.5097097881717,384.50868780557136,394.87310791015625,32845700,0.0,0.0,2026-01-27 14:01:10.751124+00:00
MSFT,2025-03-03 05:00:00,396.693360360252,396.693360360252,384.1008642400347,386.4184265136719,23007700,0.0,0.0,2026-01-27 14:01:10.751124+00:00
MSFT,2025-03-04 05:00:00,381.3555708063787,390.4866125450391,378.9683745181786,386.5377807617188,29342900,0.0,0.0,2026-01-27 14:01:10.751124+00:00
MSFT,2025-03-05 05:00:00,387.2639110911412,399.52818059067016,386.73673843465946,398.8816223144531,23433100,0.0,0.0,2026-01-27 14:01:10.751124+00:00
MSFT,2025-03-06 05:00:00,392.1775831353154,400.0056131492676,390.586108729763,394.773681640625,23304600,0.0,0.0,2026-01-27 14:01:10.751124+00:00
MSFT,2025-03-07 05:00:00,390.2280267594304,392.6947831487431,383.4841811851977,391.2127380371094,22034100,0.0,0.0,2026-01-27 14:01:10.751124+00:00
MSFT,2025-03-10 04:00:00,383.7825787420743,384.3395902213564,375.20854809150063,378.13287353515625,32840100,0.0,0.0,2026-01-27 14:01:10.751124+00:00
MSFT,2025-03-11 04:00:00,376.9790454259089,383.9417190881288,374.900193646485,378.42132568359375,30380200,0.0,0.0,2026-01-27 14:01:10.751124+00:00
MSFT,2025-03-12 04:00:00,380.9080172396425,383.1659020465141,376.92934634163805,381.2262878417969,24253600,0.0,0.0,2026-01-27 14:01:10.751124+00:00
MSFT,2025-03-13 04:00:00,381.1168495701804,383.2653352756173,375.4373059496749,376.750244140625,20473000,0.0,0.0,2026-01-27 14:01:10.751124+00:00
MSFT,2025-03-14 04:00:00,377.7548866940246,388.1491759928466,377.4863373507309,386.4880676269531,19952800,0.0,0.0,2026-01-27 14:01:10.751124+00:00
MSFT,2025-03-17 04:00:00,384.6379840789578,390.61591588488574,383.5140048019888,386.6273193359375,22474300,0.0,0.0,2026-01-27 14:01:10.751124+00:00
MSFT,2025-03-18 04:00:00,385.0060028133576,385.3043909573064,379.06783591000334,381.4749145507813,19486900,0.0,0.0,2026-01-27 14:01:10.751124+00:00
MSFT,2025-03-19 04:00:00,383.47424708645485,387.602112077264,381.9524066802821,385.7520446777344,19185500,0.0,0.0,2026-01-27 14:01:10.751124+00:00
MSFT,2025-03-20 04:00:00,383.6830812176145,389.7008385815923,381.2362073514129,384.7772216796875,18470500,0.0,0.0,2026-01-27 14:01:10.751124+00:00
MSFT,2025-03-21 04:00:00,381.1765391094654,389.6510965833373,380.7587653391681,389.1736755371094,39675900,0.0,0.0,2026-01-27 14:01:10.751124+00:00
MSFT,2025-03-24 04:00:00,393.29158399443577,393.29158399443577,387.73139545576913,390.9839477539063,21004500,0.0,0.0,2026-01-27 14:01:10.751124+00:00
MSFT,2025-03-25 04:00:00,391.8195087441688,394.2464699747621,390.54633531859656,393.0528869628906,15775000,0.0,0.0,2026-01-27 14:01:10.751124+00:00
MSFT,2025-03-26 04:00:00,392.89374127883343,393.2020858372719,386.4980352565975,387.89056396484375,16108400,0.0,0.0,2026-01-27 14:01:10.751124+00:00
MSFT,2025-03-27 04:00:00,388.049701698404,390.1484359049866,385.334248040344,388.4972839355469,13766800,0.0,0.0,2026-01-27 14:01:10.751124+00:00
MSFT,2025-03-28 04:00:00,386.01060482786494,387.0550240639985,374.920066699825,376.7800903320313,21632000,0.0,0.0,2026-01-27 14:01:10.751124+00:00
MSFT,2025-03-31 04:00:00,370.5534967757106,375.0593400396717,365.281739990126,373.3883056640625,35184700,0.0,0.0,2026-01-27 14:01:10.751124+00:00
MSFT,2025-04-01 04:00:00,372.65223585591366,380.80852287787553,371.2398247656492,380.1520385742188,19689500,0.0,0.0,2026-01-27 14:01:10.751124+00:00
MSFT,2025-04-02 04:00:00,375.95454781806535,383.0266205201498,374.6117403662579,380.1023254394531,16092600,0.0,0.0,2026-01-27 14:01:10.751124+00:00
MSFT,2025-04-03 04:00:00,372.7914870401276,375.4671453752222,367.38049274092737,371.1204223632813,30198000,0.0,0.0,2026-01-27 14:01:10.751124+00:00
MSFT,2025-04-04 04:00:00,362.1883672134991,372.5925832225619,357.5631683165765,357.9212341308594,49209900,0.0,0.0,2026-01-27 14:01:10.751124+00:00
MSFT,2025-04-07 04:00:00,349.00902084094025,369.021730877009,342.9514979578054,355.9517822265625,50425000,0.0,0.0,2026-01-27 14:01:10.751124+00:00
MSFT,2025-04-08 04:00:00,366.2963320079612,371.65757505461033,348.38235725741856,352.6693725585937,35868900,0.0,0.0,2026-01-27 14:01:10.751124+00:00
MSFT,2025-04-09 04:00:00,351.6547953803853,391.1331552543464,351.21713920354574,388.4077453613281,50199700,0.0,0.0,2026-01-27 14:01:10.751124+00:00
MSFT,2025-04-10 04:00:00,380.02273387837465,381.8529187789652,365.838762955237,379.3165283203125,38024400,0.0,0.0,2026-01-27 14:01:10.751124+00:00
MSFT,2025-04-11 04:00:00,378.61034006863,387.9701367142302,376.8696715376768,386.3786926269531,23839200,0.0,0.0,2026-01-27 14:01:10.751124+00:00
MSFT,2025-04-14 04:00:00,391.1232211496066,392.5455886279536,382.1612557582716,385.7420654296875,19251200,0.0,0.0,2026-01-27 14:01:10.751124+00:00
MSFT,2025-04-15 04:00:00,386.438362279428,389.80034400082167,382.1115516637576,383.6731872558594,17199900,0.0,0.0,2026-01-27 14:01:10.751124+00:00
MSFT,2025-04-16 04:00:00,378.6401657518634,379.5751254610235,366.0377126687907,369.6284484863281,21967800,0.0,0.0,2026-01-27 14:01:10.751124+00:00
MSFT,2025-04-17 04:00:00,371.7570454382328,372.3240133010547,364.9336397230584,365.8188781738281,21120200,0.0,0.0,2026-01-27 14:01:10.751124+00:00
MSFT,2025-04-21 04:00:00,360.88533011613976,362.5364820854384,353.7734623702264,357.2050476074219,20807300,0.0,0.0,2026-01-27 14:01:10.751124+00:00
MSFT,2025-04-22 04:00:00,361.44235434917846,365.80892977570767,357.94110461161955,364.864013671875,19485000,0.0,0.0,2026-01-27 14:01:10.751124+00:00
MSFT,2025-04-23 04:00:00,374.05469360875344,378.36162129682754,371.0308956184831,372.39361572265625,20545500,0.0,0.0,2026-01-27 14:01:10.751124+00:00
MSFT,2025-04-24 04:00:00,373.6966511817788,386.3786638188774,373.1893609627435,385.2347717285156,22232300,0.0,0.0,2026-01-27 14:01:10.751124+00:00
MSFT,2025-04-25 04:00:00,384.93638434344297,390.068873110604,382.54918803088736,389.7605285644531,18973200,0.0,0.0,2026-01-27 14:01:10.751124+00:00
MSFT,2025-04-28 04:00:00,389.86991018310994,390.6457497092271,384.5783015368256,389.0741882324219,16579400,0.0,0.0,2026-01-27 14:01:10.751124+00:00
MSFT,2025-04-29 04:00:00,389.2134631219311,392.9932186361511,388.29838582664536,391.9388732910156,14974000,0.0,0.0,2026-01-27 14:01:10.751124+00:00
MSFT,2025-04-30 04:00:00,388.21877036685504,394.54487238441686,382.39003252749313,393.15234375,36461100,0.0,0.0,2026-01-27 14:01:10.751124+00:00
MSFT,2025-05-01 04:00:00,428.8111662318345,434.65981700987567,422.6342884776108,423.1316223144531,58938100,0.0,0.0,2026-01-27 14:01:10.751124+00:00
MSFT,2025-05-02 04:00:00,429.4378217113229,437.0967751187732,427.6971532418887,432.9589538574219,30757400,0.0,0.0,2026-01-27 14:01:10.751124+00:00
MSFT,2025-05-05 04:00:00,430.5617862640975,437.1564377240829,429.80582912695047,433.8442077636719,20136100,0.0,0.0,2026-01-27 14:01:10.751124+00:00
MSFT,2025-05-06 04:00:00,429.8953841273505,435.3958951923776,428.8708776295015,430.99945068359375,15104200,0.0,0.0,2026-01-27 14:01:10.751124+00:00
MSFT,2025-05-07 04:00:00,431.5266230555768,435.7837995157977,428.8111693588705,431.0392456054688,23295300,0.0,0.0,2026-01-27 14:01:10.751124+00:00
MSFT,2025-05-08 04:00:00,435.5948162408885,441.30422944958144,433.3369315017373,435.8335571289063,23491300,0.0,0.0,2026-01-27 14:01:10.751124+00:00
MSFT,2025-05-09 04:00:00,437.6537809958818,438.3898253685505,433.5557549942416,436.39056396484375,15324200,0.0,0.0,2026-01-27 14:01:10.751124+00:00
MSFT,2025-05-12 04:00:00,443.5620761346614,446.97377874951286,437.4349200185842,446.8643798828125,22821900,0.0,0.0,2026-01-27 14:01:10.751124+00:00
MSFT,2025-05-13 04:00:00,445.392292323668,448.2668964878236,442.9851831830833,446.74505615234375,23618800,0.0,0.0,2026-01-27 14:01:10.751124+00:00
MSFT,2025-05-14 04:00:00,445.750387563396,451.4796527444761,445.750387563396,450.5247802734375,19902800,0.0,0.0,2026-01-27 14:01:10.751124+00:00
MSFT,2025-05-15 04:00:00,449.1894577663049,454.5904670438241,448.8506535548848,451.5411987304688,21992300,0.83,0.0,2026-01-27 14:01:10.751124+00:00
MSFT,2025-05-16 04:00:00,450.4649981824022,452.7668963665248,447.1566619661563,452.6772155761719,23849800,0.0,0.0,2026-01-27 14:01:10.751124+00:00
MSFT,2025-05-19 04:00:00,449.299072638698,457.9785240250479,449.2193361148497,457.2610473632813,21336500,0.0,0.0,2026-01-27 14:01:10.751124+00:00
MSFT,2025-05-20 04:00:00,453.9925667897047,456.73292449884485,452.727030722745,456.56353759765625,15441800,0.0,0.0,2026-01-27 14:01:10.751124+00:00
MSFT,2025-05-21 04:00:00,452.97614166677727,456.17487788050977,450.2258093649285,450.983154296875,19216900,0.0,0.0,2026-01-27 14:01:10.751124+00:00
MSFT,2025-05-22 04:00:00,453.3548479183862,458.63625267798704,452.3085112248664,453.26513671875,18025600,0.0,0.0,2026-01-27 14:01:10.751124+00:00
MSFT,2025-05-23 04:00:00,448.4022819903825,452.0992653985463,447.3360263474386,448.6015625,16883500,0.0,0.0,2026-01-27 14:01:10.751124+00:00
MSFT,2025-05-27 04:00:00,454.879446629969,459.3337746022176,454.5206930911693,459.0746765136719,20974300,0.0,0.0,2026-01-27 14:01:10.751124+00:00
MSFT,2025-05-28 04:00:00,459.6028599574514,460.8982897002573,455.3278931492698,455.7563781738281,17086300,0.0,0.0,2026-01-27 14:01:10.751124+00:00
MSFT,2025-05-29 04:00:00,459.9316790284528,460.1010963469304,453.71356774793736,457.0717468261719,13974800,0.0,0.0,2026-01-27 14:01:10.751124+00:00
MSFT,2025-05-30 04:00:00,458.1080789456966,460.0611980570071,453.942742633105,458.7458190917969,34770500,0.0,0.0,2026-01-27 14:01:10.751124+00:00
MSFT,2025-06-02 04:00:00,455.5371682861151,460.4897130383124,455.2880448481698,460.3502197265625,16626500,0.0,0.0,2026-01-27 14:01:10.751124+00:00
MSFT,2025-06-03 04:00:00,459.85196958801225,462.5126212670428,459.24409259023946,461.3467102050781,15743800,0.0,0.0,2026-01-27 14:01:10.751124+00:00
MSFT,2025-06-04 04:00:00,462.3730793208357,464.0571561158632,461.3965045417047,462.2435302734375,14162700,0.0,0.0,2026-01-27 14:01:10.751124+00:00
MSFT,2025-06-05 04:00:00,463.3296970825432,468.00325491639626,462.4029652503908,466.0401611328125,20131700,0.0,0.0,2026-01-27 14:01:10.751124+00:00
MSFT,2025-06-06 04:00:00,468.4417212017894,471.6803257365932,467.1363168836836,468.730712890625,15285600,0.0,0.0,2026-01-27 14:01:10.751124+00:00
MSFT,2025-06-09 04:00:00,468.05311353771793,471.77001565920176,466.9768832876908,471.0924072265625,16469900,0.0,0.0,2026-01-27 14:01:10.751124+00:00
MSFT,2025-06-10 04:00:00,469.53787169847936,471.1422119678432,465.3226923748716,469.2688293457031,15375900,0.0,0.0,2026-01-27 14:01:10.751124+00:00
MSFT,2025-06-11 04:00:00,468.37197033665615,473.8028733097887,468.01324719222674,470.9628601074219,16399200,0.0,0.0,2026-01-27 14:01:10.751124+00:00
MSFT,2025-06-12 04:00:00,473.3544415367432,478.7355320169793,471.8597009390277,477.1909484863281,18950600,0.0,0.0,2026-01-27 14:01:10.751124+00:00
MSFT,2025-06-13 04:00:00,474.7395752703882,477.4998519181197,471.1023792861798,473.2946472167969,16814500,0.0,0.0,2026-01-27 14:01:10.751124+00:00
MSFT,2025-06-16 04:00:00,473.5437784887318,479.00457509504827,473.3345233196989,477.46002197265625,15626100,0.0,0.0,2026-01-27 14:01:10.751124+00:00
MSFT,2025-06-17 04:00:00,473.7331030955977,477.06138843382047,472.4177241014044,476.3638610839844,15414100,0.0,0.0,2026-01-27 14:01:10.751124+00:00
MSFT,2025-06-18 04:00:00,476.3239856832242,479.313466764918,472.7963894918646,478.5561218261719,17526500,0.0,0.0,2026-01-27 14:01:10.751124+00:00
MSFT,2025-06-20 04:00:00,480.53918652379775,481.76485435953526,475.1979642712812,475.7261047363281,37576200,0.0,0.0,2026-01-27 14:01:10.751124+00:00
MSFT,2025-06-23 04:00:00,476.5332346653025,486.0397928967888,470.8532389300749,484.2959289550781,24864000,0.0,0.0,2026-01-27 14:01:10.751124+00:00
MSFT,2025-06-24 04:00:00,487.23560408546166,490.1254297173699,485.0931183138473,488.3915100097656,22305600,0.0,0.0,2026-01-27 14:01:10.751124+00:00
MSFT,2025-06-25 04:00:00,490.314771223071,492.8259244123759,487.6740689863978,490.5439453125,17495100,0.0,0.0,2026-01-27 14:01:10.751124+00:00
MSFT,2025-06-26 04:00:00,491.2514824256969,496.29373818928514,491.0820651135433,495.705810546875,21578900,0.0,0.0,2026-01-27 14:01:10.751124+00:00
MSFT,2025-06-27 04:00:00,495.80545117387857,497.54931522943417,491.30131038962224,494.20111083984375,34539200,0.0,0.0,2026-01-27 14:01:10.751124+00:00
MSFT,2025-06-30 04:00:00,495.2972567719388,499.0042146991214,493.5932305818623,495.66595458984375,28369000,0.0,0.0,2026-01-27 14:01:10.751124+00:00
MSFT,2025-07-01 04:00:00,494.7292533047111,496.30370004913976,489.2585123483102,490.3247375488281,19945400,0.0,0.0,2026-01-27 14:01:10.751124+00:00
MSFT,2025-07-02 04:00:00,488.2719538404123,491.76965656989233,486.9864988221965,489.36810302734375,16319600,0.0,0.0,2026-01-27 14:01:10.751124+00:00
MSFT,2025-07-03 04:00:00,492.07857999859937,498.3764278450543,491.7098821739863,497.0909423828125,13984800,0.0,0.0,2026-01-27 14:01:10.751124+00:00
MSFT,2025-07-07 04:00:00,495.6360493014733,497.0012408266234,493.4935938943106,495.974853515625,13981600,0.0,0.0,2026-01-27 14:01:10.751124+00:00
MSFT,2025-07-08 04:00:00,495.4965138505155,496.4531696907806,492.3774837277821,494.8786926269531,11846600,0.0,0.0,2026-01-27 14:01:10.751124+00:00
MSFT,2025-07-09 04:00:00,498.54580110123976,505.003091421344,497.9877670451218,501.74456787109375,18659500,0.0,0.0,2026-01-27 14:01:10.751124+00:00
MSFT,2025-07-10 04:00:00,501.2861517097084,502.67129257213526,496.0047471787155,499.7216796875,16492100,0.0,0.0,2026-01-27 14:01:10.751124+00:00
MSFT,2025-07-11 04:00:00,496.72223609239006,503.259232597868,496.054571905536,501.5552368164063,16459500,0.0,0.0,2026-01-27 14:01:10.751124+00:00
MSFT,2025-07-14 04:00:00,499.7615155353931,502.2029372942231,499.273243347857,501.2562561035156,12058800,0.0,0.0,2026-01-27 14:01:10.751124+00:00
MSFT,2025-07-15 04:00:00,501.2562471634966,506.51773265302506,501.027073076573,504.0464477539063,14927200,0.0,0.0,2026-01-27 14:01:10.751124+00:00
MSFT,2025-07-16 04:00:00,503.4086777923076,504.9432865983328,500.1302354297381,503.8471374511719,15154400,0.0,0.0,2026-01-27 14:01:10.751124+00:00
MSFT,2025-07-17 04:00:00,503.9069415603956,511.5699807689203,503.84715436950415,509.9058532714844,17503100,0.0,0.0,2026-01-27 14:01:10.751124+00:00
MSFT,2025-07-18 04:00:00,512.6760872301095,512.8355602906365,505.6508184267905,508.2616271972656,21209700,0.0,0.0,2026-01-27 14:01:10.751124+00:00
MSFT,2025-07-21 04:00:00,504.9333159392007,510.2944873398053,503.77737959397786,508.2715759277344,14066800,0.0,0.0,2026-01-27 14:01:10.751124+00:00
MSFT,2025-07-22 04:00:00,509.1784090675831,509.4076135762761,503.4983825683594,503.4983825683594,13868600,0.0,0.0,2026-01-27 14:01:10.751124+00:00
MSFT,2025-07-23 04:00:00,504.97320231513,505.0130705796572,498.9444273574923,504.0962829589844,16396600,0.0,0.0,2026-01-27 14:01:10.751124+00:00
MSFT,2025-07-24 04:00:00,506.9860970449216,511.86891017220256,505.5212500656798,509.0887145996094,16107000,0.0,0.0,2026-01-27 14:01:10.751124+00:00
MSFT,2025-07-25 04:00:00,510.6731406114392,516.4727417364818,508.5705533229623,511.9088439941406,19125700,0.0,0.0,2026-01-27 14:01:10.751124+00:00
MSFT,2025-07-28 04:00:00,512.2775105607909,513.1942677567645,508.3313735189307,510.7030334472656,14308000,0.0,0.0,2026-01-27 14:01:10.751124+00:00
MSFT,2025-07-29 04:00:00,513.7224399565682,515.8050777848653,509.7663282358281,510.7727966308594,16469200,0.0,0.0,2026-01-27 14:01:10.751124+00:00
MSFT,2025-07-30 04:00:00,513.3636552782116,514.1409495778635,507.6537656967309,511.4404296875,26380400,0.0,0.0,2026-01-27 14:01:10.751124+00:00
MSFT,2025-07-31 04:00:00,553.2831833968122,553.5024436401114,530.0350289229713,531.62939453125,51617300,0.0,0.0,2026-01-27 14:01:10.751124+00:00
MSFT,2025-08-01 04:00:00,533.1241706958108,533.9213535531813,519.0337340919326,522.2723388671875,28977600,0.0,0.0,2026-01-27 14:01:10.751124+00:00
MSFT,2025-08-04 04:00:00,526.4177481275262,536.3627358241171,526.2782244119826,533.7619018554688,25349000,0.0,0.0,2026-01-27 14:01:10.751124+00:00
MSFT,2025-08-05 04:00:00,535.2964641743647,535.41603854948,525.3913146279989,525.8995361328125,19171600,0.0,0.0,2026-01-27 14:01:10.751124+00:00
MSFT,2025-08-06 04:00:00,529.0385508551038,529.8357336828143,522.1926437275052,523.0994262695312,21355700,0.0,0.0,2026-01-27 14:01:10.751124+00:00
MSFT,2025-08-07 04:00:00,524.9529190734887,526.2384349946553,515.7353514691818,519.0138549804688,16079100,0.0,0.0,2026-01-27 14:01:10.751124+00:00
MSFT,2025-08-08 04:00:00,520.7676288144971,522.8204035830947,517.5888112007746,520.2095947265625,15531000,0.0,0.0,2026-01-27 14:01:10.751124+00:00
MSFT,2025-08-11 04:00:00,520.4686618064882,525.7401525514866,517.8976909591346,519.9405517578125,20194400,0.0,0.0,2026-01-27 14:01:10.751124+00:00
MSFT,2025-08-12 04:00:00,521.9135974657331,529.1182277589118,520.8672912006765,527.3843383789062,18667000,0.0,0.0,2026-01-27 14:01:10.751124+00:00
MSFT,2025-08-13 04:00:00,530.2443026581628,530.8322607629538,517.5489813455309,518.7547607421875,19619200,0.0,0.0,2026-01-27 14:01:10.751124+00:00
MSFT,2025-08-14 04:00:00,520.7277467800332,524.1058750288076,518.3162490497452,520.6480102539062,20269100,0.0,0.0,2026-01-27 14:01:10.751124+00:00
MSFT,2025-08-15 04:00:00,520.9370505811125,524.255330935539,517.2599862571353,518.3461303710938,25213300,0.0,0.0,2026-01-27 14:01:10.751124+00:00
MSFT,2025-08-18 04:00:00,519.7611730136332,520.9868407954262,512.2177084457264,515.286865234375,23760600,0.0,0.0,2026-01-27 14:01:10.751124+00:00
MSFT,2025-08-19 04:00:00,513.1942782099028,513.3536904476517,506.7668813962475,507.9826049804688,21481000,0.0,0.0,2026-01-27 14:01:10.751124+00:00
MSFT,2025-08-20 04:00:00,508.0822507382742,509.2082935133009,502.6712971096552,503.9468078613281,27723000,0.0,0.0,2026-01-27 14:01:10.751124+00:00
MSFT,2025-08-21 04:00:00,502.7490438063696,506.68168580920974,501.7808546744913,503.2980041503906,18443300,0.83,0.0,2026-01-27 14:01:10.751124+00:00
MSFT,2025-08-22 04:00:00,503.3079962424447,509.77590173606455,501.471437254012,506.2824401855469,24324200,0.0,0.0,2026-01-27 14:01:10.751124+00:00
MSFT,2025-08-25 04:00:00,505.6835608535286,507.2406441544574,503.1782400793436,503.3179931640625,21638600,0.0,0.0,2026-01-27 14:01:10.751124+00:00
MSFT,2025-08-26 04:00:00,503.4177851675948,504.0366525259624,497.5787379824689,501.1021423339844,30835700,0.0,0.0,2026-01-27 14:01:10.751124+00:00
MSFT,2025-08-27 04:00:00,501.0621996360583,506.3423257667597,498.96611661319633,505.7933349609375,17277900,0.0,0.0,2026-01-27 14:01:10.751124+00:00
MSFT,2025-08-28 04:00:00,506.1426727693108,510.1352001425548,504.5556467937143,508.68792724609375,18015600,0.0,0.0,2026-01-27 14:01:10.751124+00:00
MSFT,2025-08-29 04:00:00,507.7097597194238,508.64800611235046,503.5475364264987,505.7434387207031,20961600,0.0,0.0,2026-01-27 14:01:10.751124+00:00
MSFT,2025-09-02 04:00:00,499.53505401941584,505.0547219959289,495.8818877505013,504.1763610839844,18128000,0.0,0.0,2026-01-27 14:01:10.751124+00:00
MSFT,2025-09-03 04:00:00,502.8488615493355,506.8413890153064,501.3816064871684,504.4059448242188,16345100,0.0,0.0,2026-01-27 14:01:10.751124+00:00
MSFT,2025-09-04 04:00:00,503.3578996917829,507.2007135584804,502.2100541109688,507.0210571289063,15509500,0.0,0.0,2026-01-27 14:01:10.751124+00:00
MSFT,2025-09-05 04:00:00,508.1190099054552,511.0135863020471,491.4501951138555,494.0752868652344,31994800,0.0,0.0,2026-01-27 14:01:10.751124+00:00
MSFT,2025-09-08 04:00:00,497.1794589519428,500.2637132839748,494.10522614671714,497.2693176269531,16771000,0.0,0.0,2026-01-27 14:01:10.751124+00:00
MSFT,2025-09-09 04:00:00,500.4932596555404,501.3117351050236,496.7702472499717,497.4789123535156,14410500,0.0,0.0,2026-01-27 14:01:10.751124+00:00
MSFT,2025-09-10 04:00:00,502.04038173392,502.2899147028095,495.7920664455459,499.4352416992188,21611800,0.0,0.0,2026-01-27 14:01:10.751124+00:00
MSFT,2025-09-11 04:00:00,501.3117399538871,502.2300346920423,496.9499084839274,500.0740661621094,18881600,0.0,0.0,2026-01-27 14:01:10.751124+00:00
MSFT,2025-09-12 04:00:00,505.70352006176233,511.5924921682234,502.9087629314118,508.9474487304688,23624900,0.0,0.0,2026-01-27 14:01:10.751124+00:00
MSFT,2025-09-15 04:00:00,507.8395136770829,514.5069966795595,506.0528491324495,514.397216796875,17143800,0.0,0.0,2026-01-27 14:01:10.751124+00:00
MSFT,2025-09-16 04:00:00,515.9144004162443,516.2637221986186,507.64986983793983,508.0890502929688,19711900,0.0,0.0,2026-01-27 14:01:10.751124+00:00
MSFT,2025-09-17 04:00:00,509.6660849144807,510.3348466625888,504.9848440594251,509.0671997070313,15816600,0.0,0.0,2026-01-27 14:01:10.751124+00:00
MSFT,2025-09-18 04:00:00,510.5344514878828,512.1115168727503,506.71161989545686,507.5001525878906,18913700,0.0,0.0,2026-01-27 14:01:10.751124+00:00
MSFT,2025-09-19 04:00:00,509.6061757592278,518.3298380532008,509.35664280609984,516.96240234375,52474100,0.0,0.0,2026-01-27 14:01:10.751124+00:00
MSFT,2025-09-22 04:00:00,514.6268375894382,516.772784556969,511.5824866494396,513.4889526367188,20009300,0.0,0.0,2026-01-27 14:01:10.751124+00:00
MSFT,2025-09-23 04:00:00,512.8401566617626,513.6287198501773,506.3622903955001,508.2787170410156,19799600,0.0,0.0,2026-01-27 14:01:10.751124+00:00
MSFT,2025-09-24 04:00:00,509.4265417419943,511.5225942719762,505.9730140478167,509.1969604492188,13533700,0.0,0.0,2026-01-27 14:01:10.751124+00:00
MSFT,2025-09-25 04:00:00,507.3504106819217,509.0572380888419,504.09652154158834,506.0827941894531,15786500,0.0,0.0,2026-01-27 14:01:10.751124+00:00
MSFT,2025-09-26 04:00:00,509.1071380786861,512.9798945996346,505.67356201643696,510.5045166015625,16213100,0.0,0.0,2026-01-27 14:01:10.751124+00:00
MSFT,2025-09-29 04:00:00,510.5444265624633,515.8844074376258,507.9293260645142,513.6386108398438,17617800,0.0,0.0,2026-01-27 14:01:10.751124+00:00
MSFT,2025-09-30 04:00:00,512.2811987663596,517.1919905812645,508.70790002171145,516.982421875,19728200,0.0,0.0,2026-01-27 14:01:10.751124+00:00
MSFT,2025-10-01 04:00:00,513.8382741479315,519.5376290534263,510.7340986553811,518.7391357421875,22632300,0.0,0.0,2026-01-27 14:01:10.751124+00:00
MSFT,2025-10-02 04:00:00,516.6730253227585,520.625588764222,509.7260051791023,514.7765502929688,21222900,0.0,0.0,2026-01-27 14:01:10.751124+00:00
MSFT,2025-10-03 04:00:00,516.1339509263171,519.5176324904353,514.0378984273964,516.3834838867188,15112300,0.0,0.0,2026-01-27 14:01:10.751124+00:00
MSFT,2025-10-06 04:00:00,517.6411650074094,530.0380069481532,517.2319577376861,527.5825805664062,21388600,0.0,0.0,2026-01-27 14:01:10.751124+00:00
MSFT,2025-10-07 04:00:00,527.3030443984364,528.8102332144322,520.4658657072805,523.0010986328125,14615200,0.0,0.0,2026-01-27 14:01:10.751124+00:00
MSFT,2025-10-08 04:00:00,522.3024933531,525.9656203925812,522.1128458539913,523.8695068359375,13363400,0.0,0.0,2026-01-27 14:01:10.751124+00:00
MSFT,2025-10-09 04:00:00,521.3642478231245,523.3505205733983,516.4334737589328,521.4241333007812,18343600,0.0,0.0,2026-01-27 14:01:10.751124+00:00
MSFT,2025-10-10 04:00:00,518.6692706129455,522.6019127014883,508.6779606337136,510.0054626464844,24133800,0.0,0.0,2026-01-27 14:01:10.751124+00:00
MSFT,2025-10-13 04:00:00,515.4452371680482,515.4452371680482,510.7240930552238,513.0896606445312,14284200,0.0,0.0,2026-01-27 14:01:10.751124+00:00
MSFT,2025-10-14 04:00:00,509.2768388871209,514.3174231454748,505.05473007895694,512.610595703125,14684300,0.0,0.0,2026-01-27 14:01:10.751124+00:00
MSFT,2025-10-15 04:00:00,513.9979961583023,516.2238106749688,509.0472402819912,512.4708251953125,14694700,0.0,0.0,2026-01-27 14:01:10.751124+00:00
MSFT,2025-10-16 04:00:00,511.6224554411716,515.884437136842,507.1807563967364,510.65423583984375,15559600,0.0,0.0,2026-01-27 14:01:10.751124+00:00
MSFT,2025-10-17 04:00:00,508.0890780500653,514.5170195527368,506.3622988729776,512.62060546875,19867800,0.0,0.0,2026-01-27 14:01:10.751124+00:00
MSFT,2025-10-20 04:00:00,513.6486038577511,517.730989827423,512.4708156147512,515.8245239257812,14665600,0.0,0.0,2026-01-27 14:01:10.751124+00:00
MSFT,2025-10-21 04:00:00,516.533257830336,517.7210372272165,512.0815676283437,516.6929321289062,15586200,0.0,0.0,2026-01-27 14:01:10.751124+00:00
MSFT,2025-10-22 04:00:00,520.1764726871388,524.2488070435115,516.7428964573043,519.5675659179688,18962700,0.0,0.0,2026-01-27 14:01:10.751124+00:00
MSFT,2025-10-23 04:00:00,521.4839993377199,522.9712060783663,517.6411550810741,519.5875244140625,14023500,0.0,0.0,2026-01-27 14:01:10.751124+00:00
MSFT,2025-10-24 04:00:00,521.8133604589415,524.3685757173844,519.7372899447384,522.6318359375,15532400,0.0,0.0,2026-01-27 14:01:10.751124+00:00
MSFT,2025-10-27 04:00:00,530.7866236569336,533.5813808592218,528.0217787333662,530.527099609375,18734700,0.0,0.0,2026-01-27 14:01:10.751124+00:00
MSFT,2025-10-28 04:00:00,548.9725518014023,552.6855732732587,539.7598137450263,541.057373046875,29986700,0.0,0.0,2026-01-27 14:01:10.751124+00:00
MSFT,2025-10-29 04:00:00,543.9220119141725,545.2495444281135,535.7273269044096,540.538330078125,36023000,0.0,0.0,2026-01-27 14:01:10.751124+00:00
MSFT,2025-10-30 04:00:00,529.4889853080866,533.9705877450752,521.1446173319796,524.77783203125,41023100,0.0,0.0,2026-01-27 14:01:10.751124+00:00
MSFT,2025-10-31 04:00:00,527.8919782690999,528.3311587204174,514.137692119172,516.8426513671875,34006400,0.0,0.0,2026-01-27 14:01:10.751124+00:00
MSFT,2025-11-03 05:00:00,518.8389228578652,523.9793263365088,513.628703759196,516.0641479492188,22374700,0.0,0.0,2026-01-27 14:01:10.751124+00:00
MSFT,2025-11-04 05:00:00,510.80399534425794,514.5868933466259,506.8913048594995,513.3692016601562,20958700,0.0,0.0,2026-01-27 14:01:10.751124+00:00
MSFT,2025-11-05 05:00:00,512.3410686781482,513.8682396575209,505.6336213981725,506.2125549316406,23024300,0.0,0.0,2026-01-27 14:01:10.751124+00:00
MSFT,2025-11-06 05:00:00,504.7153625290288,504.755296332589,494.8837575663175,496.1713562011719,27406500,0.0,0.0,2026-01-27 14:01:10.751124+00:00
MSFT,2025-11-07 05:00:00,496.02163823572937,498.4470913363115,492.328538182722,495.8918762207031,24019800,0.0,0.0,2026-01-27 14:01:10.751124+00:00
MSFT,2025-11-10 05:00:00,499.10586069795033,505.9031361854127,497.8681564860657,505.0547180175781,26101500,0.0,0.0,2026-01-27 14:01:10.751124+00:00
MSFT,2025-11-11 05:00:00,503.85694933091565,508.64800052182136,501.411544557113,507.7297058105469,17980000,0.0,0.0,2026-01-27 14:01:10.751124+00:00
MSFT,2025-11-12 05:00:00,508.4084461357136,510.7141588310794,498.1875853040364,510.1851501464844,26574900,0.0,0.0,2026-01-27 14:01:10.751124+00:00
MSFT,2025-11-13 05:00:00,509.3566671737073,512.54071024479,500.3535287599438,502.3497924804688,25273100,0.0,0.0,2026-01-27 14:01:10.751124+00:00
MSFT,2025-11-14 05:00:00,497.2992409027003,510.644258818196,496.51070821491913,509.2268981933594,28505700,0.0,0.0,2026-01-27 14:01:10.751124+00:00
MSFT,2025-11-17 05:00:00,507.5001596757347,511.16328656765256,503.9667643395777,506.54193115234375,19092800,0.0,0.0,2026-01-27 14:01:10.751124+00:00
MSFT,2025-11-18 05:00:00,494.44458869198826,502.0403882023454,485.87063942574486,492.8675537109375,33815100,0.0,0.0,2026-01-27 14:01:10.751124+00:00
MSFT,2025-11-19 05:00:00,489.1844353923468,494.264922953439,481.9279972054541,486.2099914550781,23245300,0.0,0.0,2026-01-27 14:01:10.751124+00:00
MSFT,2025-11-20 05:00:00,492.7099914550781,493.5700073242188,475.5,478.4299926757813,26802500,0.91,0.0,2026-01-27 14:01:10.751124+00:00
MSFT,2025-11-21 05:00:00,478.5,478.9200134277344,468.2699890136719,472.1199951171875,31769200,0.0,0.0,2026-01-27 14:01:10.751124+00:00
MSFT,2025-11-24 05:00:00,475.0,476.8999938964844,468.0199890136719,474.0,34421000,0.0,0.0,2026-01-27 14:01:10.751124+00:00
MSFT,2025-11-25 05:00:00,474.0700073242188,479.1499938964844,464.8900146484375,476.989990234375,28019800,0.0,0.0,2026-01-27 14:01:10.751124+00:00
MSFT,2025-11-26 05:00:00,486.30999755859375,488.30999755859375,481.2000122070313,485.5,25709100,0.0,0.0,2026-01-27 14:01:10.751124+00:00
MSFT,2025-11-28 05:00:00,487.6000061035156,492.6300048828125,486.6499938964844,492.010009765625,14386700,0.0,0.0,2026-01-27 14:01:10.751124+00:00
MSFT,2025-12-01 05:00:00,488.4400024414063,489.8599853515625,484.6499938964844,486.739990234375,23964000,0.0,0.0,2026-01-27 14:01:10.751124+00:00
MSFT,2025-12-02 05:00:00,486.7200012207031,493.5,486.3200073242188,490.0,19562700,0.0,0.0,2026-01-27 14:01:10.751124+00:00
MSFT,2025-12-03 05:00:00,476.3200073242188,484.239990234375,475.2000122070313,477.7300109863281,34615100,0.0,0.0,2026-01-27 14:01:10.751124+00:00
MSFT,2025-12-04 05:00:00,479.760009765625,481.3200073242188,476.489990234375,480.8399963378906,22318200,0.0,0.0,2026-01-27 14:01:10.751124+00:00
MSFT,2025-12-05 05:00:00,482.5199890136719,483.3999938964844,478.8800048828125,483.1600036621094,22608700,0.0,0.0,2026-01-27 14:01:10.751124+00:00
MSFT,2025-12-08 05:00:00,484.8900146484375,492.2999877929688,484.3800048828125,491.0199890136719,21965900,0.0,0.0,2026-01-27 14:01:10.751124+00:00
MSFT,2025-12-09 05:00:00,489.1000061035156,492.1199951171875,488.5,492.0199890136719,14696100,0.0,0.0,2026-01-27 14:01:10.751124+00:00
MSFT,2025-12-10 05:00:00,484.0299987792969,484.25,475.0799865722656,478.55999755859375,35756200,0.0,0.0,2026-01-27 14:01:10.751124+00:00
MSFT,2025-12-11 05:00:00,476.6300048828125,486.0299987792969,475.8599853515625,483.4700012207031,24669200,0.0,0.0,2026-01-27 14:01:10.751124+00:00
MSFT,2025-12-12 05:00:00,479.8200073242188,482.4500122070313,476.3399963378906,478.5299987792969,21248100,0.0,0.0,2026-01-27 14:01:10.751124+00:00
MSFT,2025-12-15 05:00:00,480.1000061035156,480.7200012207031,472.5199890136719,474.8200073242188,23727700,0.0,0.0,2026-01-27 14:01:10.751124+00:00
MSFT,2025-12-16 05:00:00,471.9100036621094,477.8900146484375,470.8800048828125,476.3900146484375,20705600,0.0,0.0,2026-01-27 14:01:10.751124+00:00
MSFT,2025-12-17 05:00:00,476.9100036621094,480.0,475.0,476.1199951171875,24527200,0.0,0.0,2026-01-27 14:01:10.751124+00:00
MSFT,2025-12-18 05:00:00,478.1900024414063,489.6000061035156,477.8900146484375,483.9800109863281,28573500,0.0,0.0,2026-01-27 14:01:10.751124+00:00
MSFT,2025-12-19 05:00:00,487.3599853515625,487.8500061035156,482.489990234375,485.9200134277344,70836100,0.0,0.0,2026-01-27 14:01:10.751124+00:00
MSFT,2025-12-22 05:00:00,486.1199951171875,488.7300109863281,482.6900024414063,484.9200134277344,16963000,0.0,0.0,2026-01-27 14:01:10.751124+00:00
MSFT,2025-12-23 05:00:00,484.9800109863281,487.8299865722656,484.739990234375,486.8500061035156,14683600,0.0,0.0,2026-01-27 14:01:10.751124+00:00
MSFT,2025-12-24 05:00:00,485.6799926757813,489.1600036621094,484.8299865722656,488.0199890136719,5855900,0.0,0.0,2026-01-27 14:01:10.751124+00:00
MSFT,2025-12-26 05:00:00,486.7099914550781,488.1199951171875,485.9599914550781,487.7099914550781,8842200,0.0,0.0,2026-01-27 14:01:10.751124+00:00
MSFT,2025-12-29 05:00:00,484.8599853515625,488.3500061035156,484.1799926757813,487.1000061035156,10893400,0.0,0.0,2026-01-27 14:01:10.751124+00:00
MSFT,2025-12-30 05:00:00,485.9299926757813,489.6799926757813,485.5,487.4800109863281,13944500,0.0,0.0,2026-01-27 14:01:10.751124+00:00
MSFT,2025-12-31 05:00:00,487.8399963378906,488.1400146484375,483.2999877929688,483.6199951171875,15601600,0.0,0.0,2026-01-27 14:01:10.751124+00:00
MSFT,2026-01-02 05:00:00,484.3900146484375,484.6600036621094,470.1600036621094,472.9400024414063,25571600,0.0,0.0,2026-01-27 14:01:10.751124+00:00
MSFT,2026-01-05 05:00:00,474.05999755859375,476.0700073242188,469.5,472.8500061035156,25250300,0.0,0.0,2026-01-27 14:01:10.751124+00:00
MSFT,2026-01-06 05:00:00,473.7999877929688,478.739990234375,469.75,478.510009765625,23037700,0.0,0.0,2026-01-27 14:01:10.751124+00:00
MSFT,2026-01-07 05:00:00,479.760009765625,489.7000122070313,477.9500122070313,483.4700012207031,25564200,0.0,0.0,2026-01-27 14:01:10.751124+00:00
MSFT,2026-01-08 05:00:00,481.239990234375,482.6600036621094,475.8599853515625,478.1099853515625,18162600,0.0,0.0,2026-01-27 14:01:10.751124+00:00
MSFT,2026-01-09 05:00:00,474.05999755859375,479.8200073242188,472.2000122070313,479.2799987792969,18491000,0.0,0.0,2026-01-27 14:01:10.751124+00:00
MSFT,2026-01-12 05:00:00,476.6700134277344,480.989990234375,475.6799926757813,477.1799926757813,23519900,0.0,0.0,2026-01-27 14:01:10.751124+00:00
MSFT,2026-01-13 05:00:00,474.6799926757813,475.7799987792969,465.9500122070313,470.6700134277344,28545800,0.0,0.0,2026-01-27 14:01:10.751124+00:00
MSFT,2026-01-14 05:00:00,466.4599914550781,468.2000122070313,457.1700134277344,459.3800048828125,28184300,0.0,0.0,2026-01-27 14:01:10.751124+00:00
MSFT,2026-01-15 05:00:00,464.1199951171875,464.25,455.8999938964844,456.6600036621094,23225800,0.0,0.0,2026-01-27 14:01:10.751124+00:00
MSFT,2026-01-16 05:00:00,457.8299865722656,463.1900024414063,456.4800109863281,459.8599853515625,34246700,0.0,0.0,2026-01-27 14:01:10.751124+00:00
MSFT,2026-01-20 05:00:00,451.2200012207031,456.7999877929688,449.2799987792969,454.5199890136719,26130000,0.0,0.0,2026-01-27 14:01:10.751124+00:00
MSFT,2026-01-21 05:00:00,452.6000061035156,452.6900024414063,438.6799926757813,444.1099853515625,37980500,0.0,0.0,2026-01-27 14:01:10.751124+00:00
MSFT,2026-01-22 05:00:00,447.6199951171875,452.8399963378906,444.7000122070313,451.1400146484375,25349400,0.0,0.0,2026-01-27 14:01:10.751124+00:00
MSFT,2026-01-23 05:00:00,451.8699951171875,471.1000061035156,450.5299987792969,465.9500122070313,38000200,0.0,0.0,2026-01-27 14:01:10.751124+00:00
MSFT,2026-01-26 05:00:00,465.30999755859375,474.25,462.0,470.2799987792969,29247100,0.0,0.0,2026-01-27 14:01:10.751124+00:00
