[2026-01-26T13:10:33.005+0000] {logging_mixin.py:151} INFO - Changing /opt/***/logs/dag_id=stock_etl_simple/run_id=manual__2026-01-26T13:10:31.115632+00:00/task_id=run_etl_simple permission to 509
[2026-01-26T13:10:33.048+0000] {logging_mixin.py:151} INFO - Changing /opt/***/logs/dag_id=stock_etl_simple/run_id=manual__2026-01-26T13:10:31.115632+00:00/task_id=run_etl_simple permission to 509
[2026-01-26T13:10:33.099+0000] {taskinstance.py:1157} INFO - Dependencies all met for dep_context=non-requeueable deps ti=<TaskInstance: stock_etl_simple.run_etl_simple manual__2026-01-26T13:10:31.115632+00:00 [queued]>
[2026-01-26T13:10:33.119+0000] {taskinstance.py:1157} INFO - Dependencies all met for dep_context=requeueable deps ti=<TaskInstance: stock_etl_simple.run_etl_simple manual__2026-01-26T13:10:31.115632+00:00 [queued]>
[2026-01-26T13:10:33.119+0000] {taskinstance.py:1359} INFO - Starting attempt 1 of 1
[2026-01-26T13:10:33.144+0000] {taskinstance.py:1380} INFO - Executing <Task(PythonOperator): run_etl_simple> on 2026-01-26 13:10:31.115632+00:00
[2026-01-26T13:10:33.155+0000] {standard_task_runner.py:57} INFO - Started process 362 to run task
[2026-01-26T13:10:33.165+0000] {standard_task_runner.py:84} INFO - Running: ['***', 'tasks', 'run', 'stock_etl_simple', 'run_etl_simple', 'manual__2026-01-26T13:10:31.115632+00:00', '--job-id', '10', '--raw', '--subdir', 'DAGS_FOLDER/stock_etl_simple.py', '--cfg-path', '/tmp/tmpmoq9bmqq']
[2026-01-26T13:10:33.168+0000] {standard_task_runner.py:85} INFO - Job 10: Subtask run_etl_simple
[2026-01-26T13:10:33.195+0000] {logging_mixin.py:151} WARNING - /home/***/.local/lib/python3.8/site-packages/***/settings.py:195 DeprecationWarning: The sql_alchemy_conn option in [core] has been moved to the sql_alchemy_conn option in [database] - the old setting has been used, but please update your config.
[2026-01-26T13:10:33.244+0000] {logging_mixin.py:151} INFO - Changing /opt/***/logs/dag_id=stock_etl_simple/run_id=manual__2026-01-26T13:10:31.115632+00:00/task_id=run_etl_simple permission to 509
[2026-01-26T13:10:33.246+0000] {task_command.py:415} INFO - Running <TaskInstance: stock_etl_simple.run_etl_simple manual__2026-01-26T13:10:31.115632+00:00 [running]> on host cc613c54d0a5
[2026-01-26T13:10:33.371+0000] {taskinstance.py:1660} INFO - Exporting env vars: AIRFLOW_CTX_DAG_OWNER='***' AIRFLOW_CTX_DAG_ID='stock_etl_simple' AIRFLOW_CTX_TASK_ID='run_etl_simple' AIRFLOW_CTX_EXECUTION_DATE='2026-01-26T13:10:31.115632+00:00' AIRFLOW_CTX_TRY_NUMBER='1' AIRFLOW_CTX_DAG_RUN_ID='manual__2026-01-26T13:10:31.115632+00:00'
[2026-01-26T13:10:34.395+0000] {logging_mixin.py:151} INFO - ================================================================================
[2026-01-26T13:10:34.398+0000] {logging_mixin.py:151} INFO - DÉBUT DU PIPELINE SIMPLE
[2026-01-26T13:10:34.400+0000] {logging_mixin.py:151} INFO - ================================================================================
[2026-01-26T13:10:34.403+0000] {logging_mixin.py:151} INFO - Dossier data : /opt/***/data/raw
[2026-01-26T13:10:34.411+0000] {logging_mixin.py:151} INFO - Existe : True
[2026-01-26T13:10:34.419+0000] {logging_mixin.py:151} INFO - ✅ Trouvé 3 fichiers CSV
[2026-01-26T13:10:34.420+0000] {logging_mixin.py:151} INFO -   - AAPL_2026-01-26 06:13:30.297050+00:00.csv
[2026-01-26T13:10:34.423+0000] {logging_mixin.py:151} INFO -   - GOOGL_2026-01-26 06:13:31.897613+00:00.csv
[2026-01-26T13:10:34.425+0000] {logging_mixin.py:151} INFO -   - MSFT_2026-01-26 06:13:31.074172+00:00.csv
[2026-01-26T13:10:34.428+0000] {logging_mixin.py:151} INFO - 
--------------------------------------------------------------------------------
[2026-01-26T13:10:34.429+0000] {logging_mixin.py:151} INFO - 📄 Traitement de : AAPL_2026-01-26 06:13:30.297050+00:00.csv
[2026-01-26T13:10:34.430+0000] {logging_mixin.py:151} INFO - --------------------------------------------------------------------------------
[2026-01-26T13:10:34.448+0000] {logging_mixin.py:151} INFO -   1️⃣ Lecture du CSV...
[2026-01-26T13:10:34.476+0000] {logging_mixin.py:151} INFO -      ✅ Lu 1018 lignes
[2026-01-26T13:10:34.480+0000] {logging_mixin.py:151} INFO -      Colonnes: ['Date', 'Open', 'High', 'Low', 'Close', 'Volume', 'Dividends', 'Stock Splits', 'symbol', 'extracted_at']
[2026-01-26T13:10:34.481+0000] {logging_mixin.py:151} INFO -   2️⃣ Nettoyage des colonnes...
[2026-01-26T13:10:34.485+0000] {logging_mixin.py:151} INFO -      ✅ Colonnes nettoyées: ['date', 'open', 'high', 'low', 'close', 'volume', 'dividends', 'stock_splits', 'symbol', 'extracted_at']
[2026-01-26T13:10:34.490+0000] {logging_mixin.py:151} INFO -   3️⃣ Conversion des dates...
[2026-01-26T13:10:34.552+0000] {logging_mixin.py:151} INFO -      ✅ Dates converties
[2026-01-26T13:10:34.558+0000] {logging_mixin.py:151} INFO -   4️⃣ Nettoyage des données...
[2026-01-26T13:10:34.581+0000] {logging_mixin.py:151} INFO -      ✅ 1018 → 1018 lignes (après nettoyage)
[2026-01-26T13:10:34.586+0000] {logging_mixin.py:151} INFO -   5️⃣ Connexion à la base de données...
[2026-01-26T13:10:34.608+0000] {logging_mixin.py:151} INFO -      ✅ Connecté
[2026-01-26T13:10:34.610+0000] {logging_mixin.py:151} INFO -   6️⃣ Insertion des données...
[2026-01-26T13:10:34.617+0000] {logging_mixin.py:151} INFO -      ⚠️ Erreur ligne 0: column "open_price" of relation "stocks" does not exist
LINE 2: ...                INSERT INTO stocks (symbol, date, open_price...
                                                             ^
[2026-01-26T13:10:34.623+0000] {logging_mixin.py:151} INFO -      ⚠️ Erreur ligne 1: current transaction is aborted, commands ignored until end of transaction block
[2026-01-26T13:10:34.626+0000] {logging_mixin.py:151} INFO -      ⚠️ Erreur ligne 2: current transaction is aborted, commands ignored until end of transaction block
[2026-01-26T13:10:34.639+0000] {logging_mixin.py:151} INFO -      ⚠️ Erreur ligne 3: current transaction is aborted, commands ignored until end of transaction block
[2026-01-26T13:10:34.642+0000] {logging_mixin.py:151} INFO -      ⚠️ Erreur ligne 4: current transaction is aborted, commands ignored until end of transaction block
[2026-01-26T13:10:34.644+0000] {logging_mixin.py:151} INFO -      ⚠️ Erreur ligne 5: current transaction is aborted, commands ignored until end of transaction block
[2026-01-26T13:10:34.647+0000] {logging_mixin.py:151} INFO -      ⚠️ Erreur ligne 6: current transaction is aborted, commands ignored until end of transaction block
[2026-01-26T13:10:34.649+0000] {logging_mixin.py:151} INFO -      ⚠️ Erreur ligne 7: current transaction is aborted, commands ignored until end of transaction block
[2026-01-26T13:10:34.652+0000] {logging_mixin.py:151} INFO -      ⚠️ Erreur ligne 8: current transaction is aborted, commands ignored until end of transaction block
[2026-01-26T13:10:34.658+0000] {logging_mixin.py:151} INFO -      ⚠️ Erreur ligne 9: current transaction is aborted, commands ignored until end of transaction block
[2026-01-26T13:10:34.660+0000] {logging_mixin.py:151} INFO -      ⚠️ Erreur ligne 10: current transaction is aborted, commands ignored until end of transaction block
[2026-01-26T13:10:34.664+0000] {logging_mixin.py:151} INFO -      ⚠️ Erreur ligne 11: current transaction is aborted, commands ignored until end of transaction block
[2026-01-26T13:10:34.665+0000] {logging_mixin.py:151} INFO -      ⚠️ Erreur ligne 12: current transaction is aborted, commands ignored until end of transaction block
[2026-01-26T13:10:34.667+0000] {logging_mixin.py:151} INFO -      ⚠️ Erreur ligne 13: current transaction is aborted, commands ignored until end of transaction block
[2026-01-26T13:10:34.668+0000] {logging_mixin.py:151} INFO -      ⚠️ Erreur ligne 14: current transaction is aborted, commands ignored until end of transaction block
[2026-01-26T13:10:34.670+0000] {logging_mixin.py:151} INFO -      ⚠️ Erreur ligne 15: current transaction is aborted, commands ignored until end of transaction block
[2026-01-26T13:10:34.671+0000] {logging_mixin.py:151} INFO -      ⚠️ Erreur ligne 16: current transaction is aborted, commands ignored until end of transaction block
[2026-01-26T13:10:34.672+0000] {logging_mixin.py:151} INFO -      ⚠️ Erreur ligne 17: current transaction is aborted, commands ignored until end of transaction block
[2026-01-26T13:10:34.674+0000] {logging_mixin.py:151} INFO -      ⚠️ Erreur ligne 18: current transaction is aborted, commands ignored until end of transaction block
[2026-01-26T13:10:34.675+0000] {logging_mixin.py:151} INFO -      ⚠️ Erreur ligne 19: current transaction is aborted, commands ignored until end of transaction block
[2026-01-26T13:10:34.677+0000] {logging_mixin.py:151} INFO -      ⚠️ Erreur ligne 20: current transaction is aborted, commands ignored until end of transaction block
[2026-01-26T13:10:34.678+0000] {logging_mixin.py:151} INFO -      ⚠️ Erreur ligne 21: current transaction is aborted, commands ignored until end of transaction block
[2026-01-26T13:10:34.680+0000] {logging_mixin.py:151} INFO -      ⚠️ Erreur ligne 22: current transaction is aborted, commands ignored until end of transaction block
[2026-01-26T13:10:34.682+0000] {logging_mixin.py:151} INFO -      ⚠️ Erreur ligne 23: current transaction is aborted, commands ignored until end of transaction block
[2026-01-26T13:10:34.685+0000] {logging_mixin.py:151} INFO -      ⚠️ Erreur ligne 24: current transaction is aborted, commands ignored until end of transaction block
[2026-01-26T13:10:34.687+0000] {logging_mixin.py:151} INFO -      ⚠️ Erreur ligne 25: current transaction is aborted, commands ignored until end of transaction block
[2026-01-26T13:10:34.689+0000] {logging_mixin.py:151} INFO -      ⚠️ Erreur ligne 26: current transaction is aborted, commands ignored until end of transaction block
[2026-01-26T13:10:34.691+0000] {logging_mixin.py:151} INFO -      ⚠️ Erreur ligne 27: current transaction is aborted, commands ignored until end of transaction block
[2026-01-26T13:10:34.693+0000] {logging_mixin.py:151} INFO -      ⚠️ Erreur ligne 28: current transaction is aborted, commands ignored until end of transaction block
[2026-01-26T13:10:34.695+0000] {logging_mixin.py:151} INFO -      ⚠️ Erreur ligne 29: current transaction is aborted, commands ignored until end of transaction block
[2026-01-26T13:10:34.696+0000] {logging_mixin.py:151} INFO -      ⚠️ Erreur ligne 30: current transaction is aborted, commands ignored until end of transaction block
[2026-01-26T13:10:34.698+0000] {logging_mixin.py:151} INFO -      ⚠️ Erreur ligne 31: current transaction is aborted, commands ignored until end of transaction block
[2026-01-26T13:10:34.702+0000] {logging_mixin.py:151} INFO -      ⚠️ Erreur ligne 32: current transaction is aborted, commands ignored until end of transaction block
[2026-01-26T13:10:34.705+0000] {logging_mixin.py:151} INFO -      ⚠️ Erreur ligne 33: current transaction is aborted, commands ignored until end of transaction block
[2026-01-26T13:10:34.708+0000] {logging_mixin.py:151} INFO -      ⚠️ Erreur ligne 34: current transaction is aborted, commands ignored until end of transaction block
[2026-01-26T13:10:34.711+0000] {logging_mixin.py:151} INFO -      ⚠️ Erreur ligne 35: current transaction is aborted, commands ignored until end of transaction block
[2026-01-26T13:10:34.713+0000] {logging_mixin.py:151} INFO -      ⚠️ Erreur ligne 36: current transaction is aborted, commands ignored until end of transaction block
[2026-01-26T13:10:34.716+0000] {logging_mixin.py:151} INFO -      ⚠️ Erreur ligne 37: current transaction is aborted, commands ignored until end of transaction block
[2026-01-26T13:10:34.719+0000] {logging_mixin.py:151} INFO -      ⚠️ Erreur ligne 38: current transaction is aborted, commands ignored until end of transaction block
[2026-01-26T13:10:34.730+0000] {logging_mixin.py:151} INFO -      ⚠️ Erreur ligne 39: current transaction is aborted, commands ignored until end of transaction block
[2026-01-26T13:10:34.732+0000] {logging_mixin.py:151} INFO -      ⚠️ Erreur ligne 40: current transaction is aborted, commands ignored until end of transaction block
[2026-01-26T13:10:34.734+0000] {logging_mixin.py:151} INFO -      ⚠️ Erreur ligne 41: current transaction is aborted, commands ignored until end of transaction block
[2026-01-26T13:10:34.735+0000] {logging_mixin.py:151} INFO -      ⚠️ Erreur ligne 42: current transaction is aborted, commands ignored until end of transaction block
[2026-01-26T13:10:34.737+0000] {logging_mixin.py:151} INFO -      ⚠️ Erreur ligne 43: current transaction is aborted, commands ignored until end of transaction block
[2026-01-26T13:10:34.739+0000] {logging_mixin.py:151} INFO -      ⚠️ Erreur ligne 44: current transaction is aborted, commands ignored until end of transaction block
[2026-01-26T13:10:34.741+0000] {logging_mixin.py:151} INFO -      ⚠️ Erreur ligne 45: current transaction is aborted, commands ignored until end of transaction block
[2026-01-26T13:10:34.742+0000] {logging_mixin.py:151} INFO -      ⚠️ Erreur ligne 46: current transaction is aborted, commands ignored until end of transaction block
[2026-01-26T13:10:34.744+0000] {logging_mixin.py:151} INFO -      ⚠️ Erreur ligne 47: current transaction is aborted, commands ignored until end of transaction block
[2026-01-26T13:10:34.745+0000] {logging_mixin.py:151} INFO -      ⚠️ Erreur ligne 48: current transaction is aborted, commands ignored until end of transaction block
[2026-01-26T13:10:34.746+0000] {logging_mixin.py:151} INFO -      ⚠️ Erreur ligne 49: current transaction is aborted, commands ignored until end of transaction block
[2026-01-26T13:10:34.747+0000] {logging_mixin.py:151} INFO -      ⚠️ Erreur ligne 50: current transaction is aborted, commands ignored until end of transaction block
[2026-01-26T13:10:34.748+0000] {logging_mixin.py:151} INFO -      ⚠️ Erreur ligne 51: current transaction is aborted, commands ignored until end of transaction block
[2026-01-26T13:10:34.749+0000] {logging_mixin.py:151} INFO -      ⚠️ Erreur ligne 52: current transaction is aborted, commands ignored until end of transaction block
[2026-01-26T13:10:34.751+0000] {logging_mixin.py:151} INFO -      ⚠️ Erreur ligne 53: current transaction is aborted, commands ignored until end of transaction block
[2026-01-26T13:10:34.752+0000] {logging_mixin.py:151} INFO -      ⚠️ Erreur ligne 54: current transaction is aborted, commands ignored until end of transaction block
[2026-01-26T13:10:34.753+0000] {logging_mixin.py:151} INFO -      ⚠️ Erreur ligne 55: current transaction is aborted, commands ignored until end of transaction block
[2026-01-26T13:10:34.754+0000] {logging_mixin.py:151} INFO -      ⚠️ Erreur ligne 56: current transaction is aborted, commands ignored until end of transaction block
[2026-01-26T13:10:34.755+0000] {logging_mixin.py:151} INFO -      ⚠️ Erreur ligne 57: current transaction is aborted, commands ignored until end of transaction block
[2026-01-26T13:10:34.756+0000] {logging_mixin.py:151} INFO -      ⚠️ Erreur ligne 58: current transaction is aborted, commands ignored until end of transaction block
[2026-01-26T13:10:34.757+0000] {logging_mixin.py:151} INFO -      ⚠️ Erreur ligne 59: current transaction is aborted, commands ignored until end of transaction block
[2026-01-26T13:10:34.761+0000] {logging_mixin.py:151} INFO -      ⚠️ Erreur ligne 60: current transaction is aborted, commands ignored until end of transaction block
[2026-01-26T13:10:34.764+0000] {logging_mixin.py:151} INFO -      ⚠️ Erreur ligne 61: current transaction is aborted, commands ignored until end of transaction block
[2026-01-26T13:10:34.765+0000] {logging_mixin.py:151} INFO -      ⚠️ Erreur ligne 62: current transaction is aborted, commands ignored until end of transaction block
[2026-01-26T13:10:34.766+0000] {logging_mixin.py:151} INFO -      ⚠️ Erreur ligne 63: current transaction is aborted, commands ignored until end of transaction block
[2026-01-26T13:10:34.767+0000] {logging_mixin.py:151} INFO -      ⚠️ Erreur ligne 64: current transaction is aborted, commands ignored until end of transaction block
[2026-01-26T13:10:34.768+0000] {logging_mixin.py:151} INFO -      ⚠️ Erreur ligne 65: current transaction is aborted, commands ignored until end of transaction block
[2026-01-26T13:10:34.770+0000] {logging_mixin.py:151} INFO -      ⚠️ Erreur ligne 66: current transaction is aborted, commands ignored until end of transaction block
[2026-01-26T13:10:34.771+0000] {logging_mixin.py:151} INFO -      ⚠️ Erreur ligne 67: current transaction is aborted, commands ignored until end of transaction block
[2026-01-26T13:10:34.772+0000] {logging_mixin.py:151} INFO -      ⚠️ Erreur ligne 68: current transaction is aborted, commands ignored until end of transaction block
[2026-01-26T13:10:34.774+0000] {logging_mixin.py:151} INFO -      ⚠️ Erreur ligne 69: current transaction is aborted, commands ignored until end of transaction block
[2026-01-26T13:10:34.775+0000] {logging_mixin.py:151} INFO -      ⚠️ Erreur ligne 70: current transaction is aborted, commands ignored until end of transaction block
[2026-01-26T13:10:34.777+0000] {logging_mixin.py:151} INFO -      ⚠️ Erreur ligne 71: current transaction is aborted, commands ignored until end of transaction block
[2026-01-26T13:10:34.778+0000] {logging_mixin.py:151} INFO -      ⚠️ Erreur ligne 72: current transaction is aborted, commands ignored until end of transaction block
[2026-01-26T13:10:34.780+0000] {logging_mixin.py:151} INFO -      ⚠️ Erreur ligne 73: current transaction is aborted, commands ignored until end of transaction block
[2026-01-26T13:10:34.781+0000] {logging_mixin.py:151} INFO -      ⚠️ Erreur ligne 74: current transaction is aborted, commands ignored until end of transaction block
[2026-01-26T13:10:34.783+0000] {logging_mixin.py:151} INFO -      ⚠️ Erreur ligne 75: current transaction is aborted, commands ignored until end of transaction block
[2026-01-26T13:10:34.784+0000] {logging_mixin.py:151} INFO -      ⚠️ Erreur ligne 76: current transaction is aborted, commands ignored until end of transaction block
[2026-01-26T13:10:34.786+0000] {logging_mixin.py:151} INFO -      ⚠️ Erreur ligne 77: current transaction is aborted, commands ignored until end of transaction block
[2026-01-26T13:10:34.788+0000] {logging_mixin.py:151} INFO -      ⚠️ Erreur ligne 78: current transaction is aborted, commands ignored until end of transaction block
[2026-01-26T13:10:34.789+0000] {logging_mixin.py:151} INFO -      ⚠️ Erreur ligne 79: current transaction is aborted, commands ignored until end of transaction block
[2026-01-26T13:10:34.791+0000] {logging_mixin.py:151} INFO -      ⚠️ Erreur ligne 80: current transaction is aborted, commands ignored until end of transaction block
[2026-01-26T13:10:34.792+0000] {logging_mixin.py:151} INFO -      ⚠️ Erreur ligne 81: current transaction is aborted, commands ignored until end of transaction block
[2026-01-26T13:10:34.795+0000] {logging_mixin.py:151} INFO -      ⚠️ Erreur ligne 82: current transaction is aborted, commands ignored until end of transaction block
[2026-01-26T13:10:34.797+0000] {logging_mixin.py:151} INFO -      ⚠️ Erreur ligne 83: current transaction is aborted, commands ignored until end of transaction block
[2026-01-26T13:10:34.800+0000] {logging_mixin.py:151} INFO -      ⚠️ Erreur ligne 84: current transaction is aborted, commands ignored until end of transaction block
[2026-01-26T13:10:34.802+0000] {logging_mixin.py:151} INFO -      ⚠️ Erreur ligne 85: current transaction is aborted, commands ignored until end of transaction block
[2026-01-26T13:10:34.806+0000] {logging_mixin.py:151} INFO -      ⚠️ Erreur ligne 86: current transaction is aborted, commands ignored until end of transaction block
[2026-01-26T13:10:34.807+0000] {logging_mixin.py:151} INFO -      ⚠️ Erreur ligne 87: current transaction is aborted, commands ignored until end of transaction block
[2026-01-26T13:10:34.809+0000] {logging_mixin.py:151} INFO -      ⚠️ Erreur ligne 88: current transaction is aborted, commands ignored until end of transaction block
[2026-01-26T13:10:34.811+0000] {logging_mixin.py:151} INFO -      ⚠️ Erreur ligne 89: current transaction is aborted, commands ignored until end of transaction block
[2026-01-26T13:10:34.812+0000] {logging_mixin.py:151} INFO -      ⚠️ Erreur ligne 90: current transaction is aborted, commands ignored until end of transaction block
[2026-01-26T13:10:34.815+0000] {logging_mixin.py:151} INFO -      ⚠️ Erreur ligne 91: current transaction is aborted, commands ignored until end of transaction block
[2026-01-26T13:10:34.817+0000] {logging_mixin.py:151} INFO -      ⚠️ Erreur ligne 92: current transaction is aborted, commands ignored until end of transaction block
[2026-01-26T13:10:34.819+0000] {logging_mixin.py:151} INFO -      ⚠️ Erreur ligne 93: current transaction is aborted, commands ignored until end of transaction block
[2026-01-26T13:10:34.820+0000] {logging_mixin.py:151} INFO -      ⚠️ Erreur ligne 94: current transaction is aborted, commands ignored until end of transaction block
[2026-01-26T13:10:34.822+0000] {logging_mixin.py:151} INFO -      ⚠️ Erreur ligne 95: current transaction is aborted, commands ignored until end of transaction block
[2026-01-26T13:10:34.826+0000] {logging_mixin.py:151} INFO -      ⚠️ Erreur ligne 96: current transaction is aborted, commands ignored until end of transaction block
[2026-01-26T13:10:34.835+0000] {logging_mixin.py:151} INFO -      ⚠️ Erreur ligne 97: current transaction is aborted, commands ignored until end of transaction block
[2026-01-26T13:10:34.839+0000] {logging_mixin.py:151} INFO -      ⚠️ Erreur ligne 98: current transaction is aborted, commands ignored until end of transaction block
[2026-01-26T13:10:34.842+0000] {logging_mixin.py:151} INFO -      ⚠️ Erreur ligne 99: current transaction is aborted, commands ignored until end of transaction block
[2026-01-26T13:10:34.846+0000] {logging_mixin.py:151} INFO -      ⚠️ Erreur ligne 100: current transaction is aborted, commands ignored until end of transaction block
[2026-01-26T13:10:34.849+0000] {logging_mixin.py:151} INFO -      ⚠️ Erreur ligne 101: current transaction is aborted, commands ignored until end of transaction block
[2026-01-26T13:10:34.852+0000] {logging_mixin.py:151} INFO -      ⚠️ Erreur ligne 102: current transaction is aborted, commands ignored until end of transaction block
[2026-01-26T13:10:34.855+0000] {logging_mixin.py:151} INFO -      ⚠️ Erreur ligne 103: current transaction is aborted, commands ignored until end of transaction block
[2026-01-26T13:10:34.858+0000] {logging_mixin.py:151} INFO -      ⚠️ Erreur ligne 104: current transaction is aborted, commands ignored until end of transaction block
[2026-01-26T13:10:34.859+0000] {logging_mixin.py:151} INFO -      ⚠️ Erreur ligne 105: current transaction is aborted, commands ignored until end of transaction block
[2026-01-26T13:10:34.862+0000] {logging_mixin.py:151} INFO -      ⚠️ Erreur ligne 106: current transaction is aborted, commands ignored until end of transaction block
[2026-01-26T13:10:34.865+0000] {logging_mixin.py:151} INFO -      ⚠️ Erreur ligne 107: current transaction is aborted, commands ignored until end of transaction block
[2026-01-26T13:10:34.867+0000] {logging_mixin.py:151} INFO -      ⚠️ Erreur ligne 108: current transaction is aborted, commands ignored until end of transaction block
[2026-01-26T13:10:34.868+0000] {logging_mixin.py:151} INFO -      ⚠️ Erreur ligne 109: current transaction is aborted, commands ignored until end of transaction block
[2026-01-26T13:10:34.869+0000] {logging_mixin.py:151} INFO -      ⚠️ Erreur ligne 110: current transaction is aborted, commands ignored until end of transaction block
[2026-01-26T13:10:34.871+0000] {logging_mixin.py:151} INFO -      ⚠️ Erreur ligne 111: current transaction is aborted, commands ignored until end of transaction block
[2026-01-26T13:10:34.873+0000] {logging_mixin.py:151} INFO -      ⚠️ Erreur ligne 112: current transaction is aborted, commands ignored until end of transaction block
[2026-01-26T13:10:34.879+0000] {logging_mixin.py:151} INFO -      ⚠️ Erreur ligne 113: current transaction is aborted, commands ignored until end of transaction block
[2026-01-26T13:10:34.880+0000] {logging_mixin.py:151} INFO -      ⚠️ Erreur ligne 114: current transaction is aborted, commands ignored until end of transaction block
[2026-01-26T13:10:34.883+0000] {logging_mixin.py:151} INFO -      ⚠️ Erreur ligne 115: current transaction is aborted, commands ignored until end of transaction block
[2026-01-26T13:10:34.886+0000] {logging_mixin.py:151} INFO -      ⚠️ Erreur ligne 116: current transaction is aborted, commands ignored until end of transaction block
[2026-01-26T13:10:34.889+0000] {logging_mixin.py:151} INFO -      ⚠️ Erreur ligne 117: current transaction is aborted, commands ignored until end of transaction block
[2026-01-26T13:10:34.890+0000] {logging_mixin.py:151} INFO -      ⚠️ Erreur ligne 118: current transaction is aborted, commands ignored until end of transaction block
[2026-01-26T13:10:34.892+0000] {logging_mixin.py:151} INFO -      ⚠️ Erreur ligne 119: current transaction is aborted, commands ignored until end of transaction block
[2026-01-26T13:10:34.894+0000] {logging_mixin.py:151} INFO -      ⚠️ Erreur ligne 120: current transaction is aborted, commands ignored until end of transaction block
[2026-01-26T13:10:34.896+0000] {logging_mixin.py:151} INFO -      ⚠️ Erreur ligne 121: current transaction is aborted, commands ignored until end of transaction block
[2026-01-26T13:10:34.898+0000] {logging_mixin.py:151} INFO -      ⚠️ Erreur ligne 122: current transaction is aborted, commands ignored until end of transaction block
[2026-01-26T13:10:34.902+0000] {logging_mixin.py:151} INFO -      ⚠️ Erreur ligne 123: current transaction is aborted, commands ignored until end of transaction block
[2026-01-26T13:10:34.906+0000] {logging_mixin.py:151} INFO -      ⚠️ Erreur ligne 124: current transaction is aborted, commands ignored until end of transaction block
[2026-01-26T13:10:34.909+0000] {logging_mixin.py:151} INFO -      ⚠️ Erreur ligne 125: current transaction is aborted, commands ignored until end of transaction block
[2026-01-26T13:10:34.911+0000] {logging_mixin.py:151} INFO -      ⚠️ Erreur ligne 126: current transaction is aborted, commands ignored until end of transaction block
[2026-01-26T13:10:34.914+0000] {logging_mixin.py:151} INFO -      ⚠️ Erreur ligne 127: current transaction is aborted, commands ignored until end of transaction block
[2026-01-26T13:10:34.916+0000] {logging_mixin.py:151} INFO -      ⚠️ Erreur ligne 128: current transaction is aborted, commands ignored until end of transaction block
[2026-01-26T13:10:34.918+0000] {logging_mixin.py:151} INFO -      ⚠️ Erreur ligne 129: current transaction is aborted, commands ignored until end of transaction block
[2026-01-26T13:10:34.921+0000] {logging_mixin.py:151} INFO -      ⚠️ Erreur ligne 130: current transaction is aborted, commands ignored until end of transaction block
[2026-01-26T13:10:34.923+0000] {logging_mixin.py:151} INFO -      ⚠️ Erreur ligne 131: current transaction is aborted, commands ignored until end of transaction block
[2026-01-26T13:10:34.925+0000] {logging_mixin.py:151} INFO -      ⚠️ Erreur ligne 132: current transaction is aborted, commands ignored until end of transaction block
[2026-01-26T13:10:34.926+0000] {logging_mixin.py:151} INFO -      ⚠️ Erreur ligne 133: current transaction is aborted, commands ignored until end of transaction block
[2026-01-26T13:10:34.928+0000] {logging_mixin.py:151} INFO -      ⚠️ Erreur ligne 134: current transaction is aborted, commands ignored until end of transaction block
[2026-01-26T13:10:34.930+0000] {logging_mixin.py:151} INFO -      ⚠️ Erreur ligne 135: current transaction is aborted, commands ignored until end of transaction block
[2026-01-26T13:10:34.932+0000] {logging_mixin.py:151} INFO -      ⚠️ Erreur ligne 136: current transaction is aborted, commands ignored until end of transaction block
[2026-01-26T13:10:34.935+0000] {logging_mixin.py:151} INFO -      ⚠️ Erreur ligne 137: current transaction is aborted, commands ignored until end of transaction block
[2026-01-26T13:10:34.938+0000] {logging_mixin.py:151} INFO -      ⚠️ Erreur ligne 138: current transaction is aborted, commands ignored until end of transaction block
[2026-01-26T13:10:34.940+0000] {logging_mixin.py:151} INFO -      ⚠️ Erreur ligne 139: current transaction is aborted, commands ignored until end of transaction block
[2026-01-26T13:10:34.942+0000] {logging_mixin.py:151} INFO -      ⚠️ Erreur ligne 140: current transaction is aborted, commands ignored until end of transaction block
[2026-01-26T13:10:34.945+0000] {logging_mixin.py:151} INFO -      ⚠️ Erreur ligne 141: current transaction is aborted, commands ignored until end of transaction block
[2026-01-26T13:10:34.948+0000] {logging_mixin.py:151} INFO -      ⚠️ Erreur ligne 142: current transaction is aborted, commands ignored until end of transaction block
[2026-01-26T13:10:34.951+0000] {logging_mixin.py:151} INFO -      ⚠️ Erreur ligne 143: current transaction is aborted, commands ignored until end of transaction block
[2026-01-26T13:10:34.954+0000] {logging_mixin.py:151} INFO -      ⚠️ Erreur ligne 144: current transaction is aborted, commands ignored until end of transaction block
[2026-01-26T13:10:34.956+0000] {logging_mixin.py:151} INFO -      ⚠️ Erreur ligne 145: current transaction is aborted, commands ignored until end of transaction block
[2026-01-26T13:10:34.958+0000] {logging_mixin.py:151} INFO -      ⚠️ Erreur ligne 146: current transaction is aborted, commands ignored until end of transaction block
[2026-01-26T13:10:34.962+0000] {logging_mixin.py:151} INFO -      ⚠️ Erreur ligne 147: current transaction is aborted, commands ignored until end of transaction block
[2026-01-26T13:10:34.965+0000] {logging_mixin.py:151} INFO -      ⚠️ Erreur ligne 148: current transaction is aborted, commands ignored until end of transaction block
[2026-01-26T13:10:34.967+0000] {logging_mixin.py:151} INFO -      ⚠️ Erreur ligne 149: current transaction is aborted, commands ignored until end of transaction block
[2026-01-26T13:10:34.971+0000] {logging_mixin.py:151} INFO -      ⚠️ Erreur ligne 150: current transaction is aborted, commands ignored until end of transaction block
[2026-01-26T13:10:34.978+0000] {logging_mixin.py:151} INFO -      ⚠️ Erreur ligne 151: current transaction is aborted, commands ignored until end of transaction block
[2026-01-26T13:10:34.981+0000] {logging_mixin.py:151} INFO -      ⚠️ Erreur ligne 152: current transaction is aborted, commands ignored until end of transaction block
[2026-01-26T13:10:34.984+0000] {logging_mixin.py:151} INFO -      ⚠️ Erreur ligne 153: current transaction is aborted, commands ignored until end of transaction block
[2026-01-26T13:10:34.986+0000] {logging_mixin.py:151} INFO -      ⚠️ Erreur ligne 154: current transaction is aborted, commands ignored until end of transaction block
[2026-01-26T13:10:34.988+0000] {logging_mixin.py:151} INFO -      ⚠️ Erreur ligne 155: current transaction is aborted, commands ignored until end of transaction block
[2026-01-26T13:10:34.990+0000] {logging_mixin.py:151} INFO -      ⚠️ Erreur ligne 156: current transaction is aborted, commands ignored until end of transaction block
[2026-01-26T13:10:34.993+0000] {logging_mixin.py:151} INFO -      ⚠️ Erreur ligne 157: current transaction is aborted, commands ignored until end of transaction block
[2026-01-26T13:10:34.995+0000] {logging_mixin.py:151} INFO -      ⚠️ Erreur ligne 158: current transaction is aborted, commands ignored until end of transaction block
[2026-01-26T13:10:34.997+0000] {logging_mixin.py:151} INFO -      ⚠️ Erreur ligne 159: current transaction is aborted, commands ignored until end of transaction block
[2026-01-26T13:10:34.998+0000] {logging_mixin.py:151} INFO -      ⚠️ Erreur ligne 160: current transaction is aborted, commands ignored until end of transaction block
[2026-01-26T13:10:34.999+0000] {logging_mixin.py:151} INFO -      ⚠️ Erreur ligne 161: current transaction is aborted, commands ignored until end of transaction block
[2026-01-26T13:10:35.000+0000] {logging_mixin.py:151} INFO -      ⚠️ Erreur ligne 162: current transaction is aborted, commands ignored until end of transaction block
[2026-01-26T13:10:35.001+0000] {logging_mixin.py:151} INFO -      ⚠️ Erreur ligne 163: current transaction is aborted, commands ignored until end of transaction block
[2026-01-26T13:10:35.003+0000] {logging_mixin.py:151} INFO -      ⚠️ Erreur ligne 164: current transaction is aborted, commands ignored until end of transaction block
[2026-01-26T13:10:35.004+0000] {logging_mixin.py:151} INFO -      ⚠️ Erreur ligne 165: current transaction is aborted, commands ignored until end of transaction block
[2026-01-26T13:10:35.006+0000] {logging_mixin.py:151} INFO -      ⚠️ Erreur ligne 166: current transaction is aborted, commands ignored until end of transaction block
[2026-01-26T13:10:35.008+0000] {logging_mixin.py:151} INFO -      ⚠️ Erreur ligne 167: current transaction is aborted, commands ignored until end of transaction block
[2026-01-26T13:10:35.009+0000] {logging_mixin.py:151} INFO -      ⚠️ Erreur ligne 168: current transaction is aborted, commands ignored until end of transaction block
[2026-01-26T13:10:35.010+0000] {logging_mixin.py:151} INFO -      ⚠️ Erreur ligne 169: current transaction is aborted, commands ignored until end of transaction block
[2026-01-26T13:10:35.012+0000] {logging_mixin.py:151} INFO -      ⚠️ Erreur ligne 170: current transaction is aborted, commands ignored until end of transaction block
[2026-01-26T13:10:35.013+0000] {logging_mixin.py:151} INFO -      ⚠️ Erreur ligne 171: current transaction is aborted, commands ignored until end of transaction block
[2026-01-26T13:10:35.014+0000] {logging_mixin.py:151} INFO -      ⚠️ Erreur ligne 172: current transaction is aborted, commands ignored until end of transaction block
[2026-01-26T13:10:35.015+0000] {logging_mixin.py:151} INFO -      ⚠️ Erreur ligne 173: current transaction is aborted, commands ignored until end of transaction block
[2026-01-26T13:10:35.016+0000] {logging_mixin.py:151} INFO -      ⚠️ Erreur ligne 174: current transaction is aborted, commands ignored until end of transaction block
[2026-01-26T13:10:35.018+0000] {logging_mixin.py:151} INFO -      ⚠️ Erreur ligne 175: current transaction is aborted, commands ignored until end of transaction block
[2026-01-26T13:10:35.019+0000] {logging_mixin.py:151} INFO -      ⚠️ Erreur ligne 176: current transaction is aborted, commands ignored until end of transaction block
[2026-01-26T13:10:35.020+0000] {logging_mixin.py:151} INFO -      ⚠️ Erreur ligne 177: current transaction is aborted, commands ignored until end of transaction block
[2026-01-26T13:10:35.022+0000] {logging_mixin.py:151} INFO -      ⚠️ Erreur ligne 178: current transaction is aborted, commands ignored until end of transaction block
[2026-01-26T13:10:35.023+0000] {logging_mixin.py:151} INFO -      ⚠️ Erreur ligne 179: current transaction is aborted, commands ignored until end of transaction block
[2026-01-26T13:10:35.025+0000] {logging_mixin.py:151} INFO -      ⚠️ Erreur ligne 180: current transaction is aborted, commands ignored until end of transaction block
[2026-01-26T13:10:35.026+0000] {logging_mixin.py:151} INFO -      ⚠️ Erreur ligne 181: current transaction is aborted, commands ignored until end of transaction block
[2026-01-26T13:10:35.028+0000] {logging_mixin.py:151} INFO -      ⚠️ Erreur ligne 182: current transaction is aborted, commands ignored until end of transaction block
[2026-01-26T13:10:35.029+0000] {logging_mixin.py:151} INFO -      ⚠️ Erreur ligne 183: current transaction is aborted, commands ignored until end of transaction block
[2026-01-26T13:10:35.033+0000] {logging_mixin.py:151} INFO -      ⚠️ Erreur ligne 184: current transaction is aborted, commands ignored until end of transaction block
[2026-01-26T13:10:35.034+0000] {logging_mixin.py:151} INFO -      ⚠️ Erreur ligne 185: current transaction is aborted, commands ignored until end of transaction block
[2026-01-26T13:10:35.036+0000] {logging_mixin.py:151} INFO -      ⚠️ Erreur ligne 186: current transaction is aborted, commands ignored until end of transaction block
[2026-01-26T13:10:35.037+0000] {logging_mixin.py:151} INFO -      ⚠️ Erreur ligne 187: current transaction is aborted, commands ignored until end of transaction block
[2026-01-26T13:10:35.039+0000] {logging_mixin.py:151} INFO -      ⚠️ Erreur ligne 188: current transaction is aborted, commands ignored until end of transaction block
[2026-01-26T13:10:35.040+0000] {logging_mixin.py:151} INFO -      ⚠️ Erreur ligne 189: current transaction is aborted, commands ignored until end of transaction block
[2026-01-26T13:10:35.044+0000] {logging_mixin.py:151} INFO -      ⚠️ Erreur ligne 190: current transaction is aborted, commands ignored until end of transaction block
[2026-01-26T13:10:35.045+0000] {logging_mixin.py:151} INFO -      ⚠️ Erreur ligne 191: current transaction is aborted, commands ignored until end of transaction block
[2026-01-26T13:10:35.047+0000] {logging_mixin.py:151} INFO -      ⚠️ Erreur ligne 192: current transaction is aborted, commands ignored until end of transaction block
[2026-01-26T13:10:35.048+0000] {logging_mixin.py:151} INFO -      ⚠️ Erreur ligne 193: current transaction is aborted, commands ignored until end of transaction block
[2026-01-26T13:10:35.050+0000] {logging_mixin.py:151} INFO -      ⚠️ Erreur ligne 194: current transaction is aborted, commands ignored until end of transaction block
[2026-01-26T13:10:35.052+0000] {logging_mixin.py:151} INFO -      ⚠️ Erreur ligne 195: current transaction is aborted, commands ignored until end of transaction block
[2026-01-26T13:10:35.054+0000] {logging_mixin.py:151} INFO -      ⚠️ Erreur ligne 196: current transaction is aborted, commands ignored until end of transaction block
[2026-01-26T13:10:35.056+0000] {logging_mixin.py:151} INFO -      ⚠️ Erreur ligne 197: current transaction is aborted, commands ignored until end of transaction block
[2026-01-26T13:10:35.057+0000] {logging_mixin.py:151} INFO -      ⚠️ Erreur ligne 198: current transaction is aborted, commands ignored until end of transaction block
[2026-01-26T13:10:35.059+0000] {logging_mixin.py:151} INFO -      ⚠️ Erreur ligne 199: current transaction is aborted, commands ignored until end of transaction block
[2026-01-26T13:10:35.060+0000] {logging_mixin.py:151} INFO -      ⚠️ Erreur ligne 200: current transaction is aborted, commands ignored until end of transaction block
[2026-01-26T13:10:35.062+0000] {logging_mixin.py:151} INFO -      ⚠️ Erreur ligne 201: current transaction is aborted, commands ignored until end of transaction block
[2026-01-26T13:10:35.063+0000] {logging_mixin.py:151} INFO -      ⚠️ Erreur ligne 202: current transaction is aborted, commands ignored until end of transaction block
[2026-01-26T13:10:35.065+0000] {logging_mixin.py:151} INFO -      ⚠️ Erreur ligne 203: current transaction is aborted, commands ignored until end of transaction block
[2026-01-26T13:10:35.066+0000] {logging_mixin.py:151} INFO -      ⚠️ Erreur ligne 204: current transaction is aborted, commands ignored until end of transaction block
[2026-01-26T13:10:35.067+0000] {logging_mixin.py:151} INFO -      ⚠️ Erreur ligne 205: current transaction is aborted, commands ignored until end of transaction block
[2026-01-26T13:10:35.069+0000] {logging_mixin.py:151} INFO -      ⚠️ Erreur ligne 206: current transaction is aborted, commands ignored until end of transaction block
[2026-01-26T13:10:35.070+0000] {logging_mixin.py:151} INFO -      ⚠️ Erreur ligne 207: current transaction is aborted, commands ignored until end of transaction block
[2026-01-26T13:10:35.072+0000] {logging_mixin.py:151} INFO -      ⚠️ Erreur ligne 208: current transaction is aborted, commands ignored until end of transaction block
[2026-01-26T13:10:35.073+0000] {logging_mixin.py:151} INFO -      ⚠️ Erreur ligne 209: current transaction is aborted, commands ignored until end of transaction block
[2026-01-26T13:10:35.075+0000] {logging_mixin.py:151} INFO -      ⚠️ Erreur ligne 210: current transaction is aborted, commands ignored until end of transaction block
[2026-01-26T13:10:35.077+0000] {logging_mixin.py:151} INFO -      ⚠️ Erreur ligne 211: current transaction is aborted, commands ignored until end of transaction block
[2026-01-26T13:10:35.079+0000] {logging_mixin.py:151} INFO -      ⚠️ Erreur ligne 212: current transaction is aborted, commands ignored until end of transaction block
[2026-01-26T13:10:35.081+0000] {logging_mixin.py:151} INFO -      ⚠️ Erreur ligne 213: current transaction is aborted, commands ignored until end of transaction block
[2026-01-26T13:10:35.082+0000] {logging_mixin.py:151} INFO -      ⚠️ Erreur ligne 214: current transaction is aborted, commands ignored until end of transaction block
[2026-01-26T13:10:35.084+0000] {logging_mixin.py:151} INFO -      ⚠️ Erreur ligne 215: current transaction is aborted, commands ignored until end of transaction block
[2026-01-26T13:10:35.085+0000] {logging_mixin.py:151} INFO -      ⚠️ Erreur ligne 216: current transaction is aborted, commands ignored until end of transaction block
[2026-01-26T13:10:35.087+0000] {logging_mixin.py:151} INFO -      ⚠️ Erreur ligne 217: current transaction is aborted, commands ignored until end of transaction block
[2026-01-26T13:10:35.088+0000] {logging_mixin.py:151} INFO -      ⚠️ Erreur ligne 218: current transaction is aborted, commands ignored until end of transaction block
[2026-01-26T13:10:35.089+0000] {logging_mixin.py:151} INFO -      ⚠️ Erreur ligne 219: current transaction is aborted, commands ignored until end of transaction block
[2026-01-26T13:10:35.091+0000] {logging_mixin.py:151} INFO -      ⚠️ Erreur ligne 220: current transaction is aborted, commands ignored until end of transaction block
[2026-01-26T13:10:35.092+0000] {logging_mixin.py:151} INFO -      ⚠️ Erreur ligne 221: current transaction is aborted, commands ignored until end of transaction block
[2026-01-26T13:10:35.094+0000] {logging_mixin.py:151} INFO -      ⚠️ Erreur ligne 222: current transaction is aborted, commands ignored until end of transaction block
[2026-01-26T13:10:35.095+0000] {logging_mixin.py:151} INFO -      ⚠️ Erreur ligne 223: current transaction is aborted, commands ignored until end of transaction block
[2026-01-26T13:10:35.096+0000] {logging_mixin.py:151} INFO -      ⚠️ Erreur ligne 224: current transaction is aborted, commands ignored until end of transaction block
[2026-01-26T13:10:35.098+0000] {logging_mixin.py:151} INFO -      ⚠️ Erreur ligne 225: current transaction is aborted, commands ignored until end of transaction block
[2026-01-26T13:10:35.099+0000] {logging_mixin.py:151} INFO -      ⚠️ Erreur ligne 226: current transaction is aborted, commands ignored until end of transaction block
[2026-01-26T13:10:35.101+0000] {logging_mixin.py:151} INFO -      ⚠️ Erreur ligne 227: current transaction is aborted, commands ignored until end of transaction block
[2026-01-26T13:10:35.102+0000] {logging_mixin.py:151} INFO -      ⚠️ Erreur ligne 228: current transaction is aborted, commands ignored until end of transaction block
[2026-01-26T13:10:35.104+0000] {logging_mixin.py:151} INFO -      ⚠️ Erreur ligne 229: current transaction is aborted, commands ignored until end of transaction block
[2026-01-26T13:10:35.105+0000] {logging_mixin.py:151} INFO -      ⚠️ Erreur ligne 230: current transaction is aborted, commands ignored until end of transaction block
[2026-01-26T13:10:35.107+0000] {logging_mixin.py:151} INFO -      ⚠️ Erreur ligne 231: current transaction is aborted, commands ignored until end of transaction block
[2026-01-26T13:10:35.109+0000] {logging_mixin.py:151} INFO -      ⚠️ Erreur ligne 232: current transaction is aborted, commands ignored until end of transaction block
[2026-01-26T13:10:35.111+0000] {logging_mixin.py:151} INFO -      ⚠️ Erreur ligne 233: current transaction is aborted, commands ignored until end of transaction block
[2026-01-26T13:10:35.112+0000] {logging_mixin.py:151} INFO -      ⚠️ Erreur ligne 234: current transaction is aborted, commands ignored until end of transaction block
[2026-01-26T13:10:35.114+0000] {logging_mixin.py:151} INFO -      ⚠️ Erreur ligne 235: current transaction is aborted, commands ignored until end of transaction block
[2026-01-26T13:10:35.115+0000] {logging_mixin.py:151} INFO -      ⚠️ Erreur ligne 236: current transaction is aborted, commands ignored until end of transaction block
[2026-01-26T13:10:35.117+0000] {logging_mixin.py:151} INFO -      ⚠️ Erreur ligne 237: current transaction is aborted, commands ignored until end of transaction block
[2026-01-26T13:10:35.118+0000] {logging_mixin.py:151} INFO -      ⚠️ Erreur ligne 238: current transaction is aborted, commands ignored until end of transaction block
[2026-01-26T13:10:35.120+0000] {logging_mixin.py:151} INFO -      ⚠️ Erreur ligne 239: current transaction is aborted, commands ignored until end of transaction block
[2026-01-26T13:10:35.121+0000] {logging_mixin.py:151} INFO -      ⚠️ Erreur ligne 240: current transaction is aborted, commands ignored until end of transaction block
[2026-01-26T13:10:35.123+0000] {logging_mixin.py:151} INFO -      ⚠️ Erreur ligne 241: current transaction is aborted, commands ignored until end of transaction block
[2026-01-26T13:10:35.124+0000] {logging_mixin.py:151} INFO -      ⚠️ Erreur ligne 242: current transaction is aborted, commands ignored until end of transaction block
[2026-01-26T13:10:35.126+0000] {logging_mixin.py:151} INFO -      ⚠️ Erreur ligne 243: current transaction is aborted, commands ignored until end of transaction block
[2026-01-26T13:10:35.127+0000] {logging_mixin.py:151} INFO -      ⚠️ Erreur ligne 244: current transaction is aborted, commands ignored until end of transaction block
[2026-01-26T13:10:35.129+0000] {logging_mixin.py:151} INFO -      ⚠️ Erreur ligne 245: current transaction is aborted, commands ignored until end of transaction block
[2026-01-26T13:10:35.130+0000] {logging_mixin.py:151} INFO -      ⚠️ Erreur ligne 246: current transaction is aborted, commands ignored until end of transaction block
[2026-01-26T13:10:35.132+0000] {logging_mixin.py:151} INFO -      ⚠️ Erreur ligne 247: current transaction is aborted, commands ignored until end of transaction block
[2026-01-26T13:10:35.134+0000] {logging_mixin.py:151} INFO -      ⚠️ Erreur ligne 248: current transaction is aborted, commands ignored until end of transaction block
[2026-01-26T13:10:35.137+0000] {logging_mixin.py:151} INFO -      ⚠️ Erreur ligne 249: current transaction is aborted, commands ignored until end of transaction block
[2026-01-26T13:10:35.138+0000] {logging_mixin.py:151} INFO -      ⚠️ Erreur ligne 250: current transaction is aborted, commands ignored until end of transaction block
[2026-01-26T13:10:35.140+0000] {logging_mixin.py:151} INFO -      ⚠️ Erreur ligne 251: current transaction is aborted, commands ignored until end of transaction block
[2026-01-26T13:10:35.141+0000] {logging_mixin.py:151} INFO -      ⚠️ Erreur ligne 252: current transaction is aborted, commands ignored until end of transaction block
[2026-01-26T13:10:35.142+0000] {logging_mixin.py:151} INFO -      ⚠️ Erreur ligne 253: current transaction is aborted, commands ignored until end of transaction block
[2026-01-26T13:10:35.144+0000] {logging_mixin.py:151} INFO -      ⚠️ Erreur ligne 254: current transaction is aborted, commands ignored until end of transaction block
[2026-01-26T13:10:35.145+0000] {logging_mixin.py:151} INFO -      ⚠️ Erreur ligne 255: current transaction is aborted, commands ignored until end of transaction block
[2026-01-26T13:10:35.146+0000] {logging_mixin.py:151} INFO -      ⚠️ Erreur ligne 256: current transaction is aborted, commands ignored until end of transaction block
[2026-01-26T13:10:35.148+0000] {logging_mixin.py:151} INFO -      ⚠️ Erreur ligne 257: current transaction is aborted, commands ignored until end of transaction block
[2026-01-26T13:10:35.149+0000] {logging_mixin.py:151} INFO -      ⚠️ Erreur ligne 258: current transaction is aborted, commands ignored until end of transaction block
[2026-01-26T13:10:35.150+0000] {logging_mixin.py:151} INFO -      ⚠️ Erreur ligne 259: current transaction is aborted, commands ignored until end of transaction block
[2026-01-26T13:10:35.151+0000] {logging_mixin.py:151} INFO -      ⚠️ Erreur ligne 260: current transaction is aborted, commands ignored until end of transaction block
[2026-01-26T13:10:35.152+0000] {logging_mixin.py:151} INFO -      ⚠️ Erreur ligne 261: current transaction is aborted, commands ignored until end of transaction block
[2026-01-26T13:10:35.154+0000] {logging_mixin.py:151} INFO -      ⚠️ Erreur ligne 262: current transaction is aborted, commands ignored until end of transaction block
[2026-01-26T13:10:35.155+0000] {logging_mixin.py:151} INFO -      ⚠️ Erreur ligne 263: current transaction is aborted, commands ignored until end of transaction block
[2026-01-26T13:10:35.157+0000] {logging_mixin.py:151} INFO -      ⚠️ Erreur ligne 264: current transaction is aborted, commands ignored until end of transaction block
[2026-01-26T13:10:35.158+0000] {logging_mixin.py:151} INFO -      ⚠️ Erreur ligne 265: current transaction is aborted, commands ignored until end of transaction block
[2026-01-26T13:10:35.160+0000] {logging_mixin.py:151} INFO -      ⚠️ Erreur ligne 266: current transaction is aborted, commands ignored until end of transaction block
[2026-01-26T13:10:35.162+0000] {logging_mixin.py:151} INFO -      ⚠️ Erreur ligne 267: current transaction is aborted, commands ignored until end of transaction block
[2026-01-26T13:10:35.163+0000] {logging_mixin.py:151} INFO -      ⚠️ Erreur ligne 268: current transaction is aborted, commands ignored until end of transaction block
[2026-01-26T13:10:35.165+0000] {logging_mixin.py:151} INFO -      ⚠️ Erreur ligne 269: current transaction is aborted, commands ignored until end of transaction block
[2026-01-26T13:10:35.166+0000] {logging_mixin.py:151} INFO -      ⚠️ Erreur ligne 270: current transaction is aborted, commands ignored until end of transaction block
[2026-01-26T13:10:35.167+0000] {logging_mixin.py:151} INFO -      ⚠️ Erreur ligne 271: current transaction is aborted, commands ignored until end of transaction block
[2026-01-26T13:10:35.169+0000] {logging_mixin.py:151} INFO -      ⚠️ Erreur ligne 272: current transaction is aborted, commands ignored until end of transaction block
[2026-01-26T13:10:35.170+0000] {logging_mixin.py:151} INFO -      ⚠️ Erreur ligne 273: current transaction is aborted, commands ignored until end of transaction block
[2026-01-26T13:10:35.171+0000] {logging_mixin.py:151} INFO -      ⚠️ Erreur ligne 274: current transaction is aborted, commands ignored until end of transaction block
[2026-01-26T13:10:35.172+0000] {logging_mixin.py:151} INFO -      ⚠️ Erreur ligne 275: current transaction is aborted, commands ignored until end of transaction block
[2026-01-26T13:10:35.174+0000] {logging_mixin.py:151} INFO -      ⚠️ Erreur ligne 276: current transaction is aborted, commands ignored until end of transaction block
[2026-01-26T13:10:35.175+0000] {logging_mixin.py:151} INFO -      ⚠️ Erreur ligne 277: current transaction is aborted, commands ignored until end of transaction block
[2026-01-26T13:10:35.176+0000] {logging_mixin.py:151} INFO -      ⚠️ Erreur ligne 278: current transaction is aborted, commands ignored until end of transaction block
[2026-01-26T13:10:35.177+0000] {logging_mixin.py:151} INFO -      ⚠️ Erreur ligne 279: current transaction is aborted, commands ignored until end of transaction block
[2026-01-26T13:10:35.179+0000] {logging_mixin.py:151} INFO -      ⚠️ Erreur ligne 280: current transaction is aborted, commands ignored until end of transaction block
[2026-01-26T13:10:35.180+0000] {logging_mixin.py:151} INFO -      ⚠️ Erreur ligne 281: current transaction is aborted, commands ignored until end of transaction block
[2026-01-26T13:10:35.181+0000] {logging_mixin.py:151} INFO -      ⚠️ Erreur ligne 282: current transaction is aborted, commands ignored until end of transaction block
[2026-01-26T13:10:35.182+0000] {logging_mixin.py:151} INFO -      ⚠️ Erreur ligne 283: current transaction is aborted, commands ignored until end of transaction block
[2026-01-26T13:10:35.183+0000] {logging_mixin.py:151} INFO -      ⚠️ Erreur ligne 284: current transaction is aborted, commands ignored until end of transaction block
[2026-01-26T13:10:35.184+0000] {logging_mixin.py:151} INFO -      ⚠️ Erreur ligne 285: current transaction is aborted, commands ignored until end of transaction block
[2026-01-26T13:10:35.186+0000] {logging_mixin.py:151} INFO -      ⚠️ Erreur ligne 286: current transaction is aborted, commands ignored until end of transaction block
[2026-01-26T13:10:35.187+0000] {logging_mixin.py:151} INFO -      ⚠️ Erreur ligne 287: current transaction is aborted, commands ignored until end of transaction block
[2026-01-26T13:10:35.191+0000] {logging_mixin.py:151} INFO -      ⚠️ Erreur ligne 288: current transaction is aborted, commands ignored until end of transaction block
[2026-01-26T13:10:35.193+0000] {logging_mixin.py:151} INFO -      ⚠️ Erreur ligne 289: current transaction is aborted, commands ignored until end of transaction block
[2026-01-26T13:10:35.196+0000] {logging_mixin.py:151} INFO -      ⚠️ Erreur ligne 290: current transaction is aborted, commands ignored until end of transaction block
[2026-01-26T13:10:35.198+0000] {logging_mixin.py:151} INFO -      ⚠️ Erreur ligne 291: current transaction is aborted, commands ignored until end of transaction block
[2026-01-26T13:10:35.200+0000] {logging_mixin.py:151} INFO -      ⚠️ Erreur ligne 292: current transaction is aborted, commands ignored until end of transaction block
[2026-01-26T13:10:35.202+0000] {logging_mixin.py:151} INFO -      ⚠️ Erreur ligne 293: current transaction is aborted, commands ignored until end of transaction block
[2026-01-26T13:10:35.204+0000] {logging_mixin.py:151} INFO -      ⚠️ Erreur ligne 294: current transaction is aborted, commands ignored until end of transaction block
[2026-01-26T13:10:35.205+0000] {logging_mixin.py:151} INFO -      ⚠️ Erreur ligne 295: current transaction is aborted, commands ignored until end of transaction block
[2026-01-26T13:10:35.207+0000] {logging_mixin.py:151} INFO -      ⚠️ Erreur ligne 296: current transaction is aborted, commands ignored until end of transaction block
[2026-01-26T13:10:35.209+0000] {logging_mixin.py:151} INFO -      ⚠️ Erreur ligne 297: current transaction is aborted, commands ignored until end of transaction block
[2026-01-26T13:10:35.210+0000] {logging_mixin.py:151} INFO -      ⚠️ Erreur ligne 298: current transaction is aborted, commands ignored until end of transaction block
[2026-01-26T13:10:35.212+0000] {logging_mixin.py:151} INFO -      ⚠️ Erreur ligne 299: current transaction is aborted, commands ignored until end of transaction block
[2026-01-26T13:10:35.213+0000] {logging_mixin.py:151} INFO -      ⚠️ Erreur ligne 300: current transaction is aborted, commands ignored until end of transaction block
[2026-01-26T13:10:35.215+0000] {logging_mixin.py:151} INFO -      ⚠️ Erreur ligne 301: current transaction is aborted, commands ignored until end of transaction block
[2026-01-26T13:10:35.217+0000] {logging_mixin.py:151} INFO -      ⚠️ Erreur ligne 302: current transaction is aborted, commands ignored until end of transaction block
[2026-01-26T13:10:35.220+0000] {logging_mixin.py:151} INFO -      ⚠️ Erreur ligne 303: current transaction is aborted, commands ignored until end of transaction block
[2026-01-26T13:10:35.222+0000] {logging_mixin.py:151} INFO -      ⚠️ Erreur ligne 304: current transaction is aborted, commands ignored until end of transaction block
[2026-01-26T13:10:35.224+0000] {logging_mixin.py:151} INFO -      ⚠️ Erreur ligne 305: current transaction is aborted, commands ignored until end of transaction block
[2026-01-26T13:10:35.225+0000] {logging_mixin.py:151} INFO -      ⚠️ Erreur ligne 306: current transaction is aborted, commands ignored until end of transaction block
[2026-01-26T13:10:35.227+0000] {logging_mixin.py:151} INFO -      ⚠️ Erreur ligne 307: current transaction is aborted, commands ignored until end of transaction block
[2026-01-26T13:10:35.228+0000] {logging_mixin.py:151} INFO -      ⚠️ Erreur ligne 308: current transaction is aborted, commands ignored until end of transaction block
[2026-01-26T13:10:35.230+0000] {logging_mixin.py:151} INFO -      ⚠️ Erreur ligne 309: current transaction is aborted, commands ignored until end of transaction block
[2026-01-26T13:10:35.231+0000] {logging_mixin.py:151} INFO -      ⚠️ Erreur ligne 310: current transaction is aborted, commands ignored until end of transaction block
[2026-01-26T13:10:35.232+0000] {logging_mixin.py:151} INFO -      ⚠️ Erreur ligne 311: current transaction is aborted, commands ignored until end of transaction block
[2026-01-26T13:10:35.234+0000] {logging_mixin.py:151} INFO -      ⚠️ Erreur ligne 312: current transaction is aborted, commands ignored until end of transaction block
[2026-01-26T13:10:35.235+0000] {logging_mixin.py:151} INFO -      ⚠️ Erreur ligne 313: current transaction is aborted, commands ignored until end of transaction block
[2026-01-26T13:10:35.237+0000] {logging_mixin.py:151} INFO -      ⚠️ Erreur ligne 314: current transaction is aborted, commands ignored until end of transaction block
[2026-01-26T13:10:35.238+0000] {logging_mixin.py:151} INFO -      ⚠️ Erreur ligne 315: current transaction is aborted, commands ignored until end of transaction block
[2026-01-26T13:10:35.240+0000] {logging_mixin.py:151} INFO -      ⚠️ Erreur ligne 316: current transaction is aborted, commands ignored until end of transaction block
[2026-01-26T13:10:35.242+0000] {logging_mixin.py:151} INFO -      ⚠️ Erreur ligne 317: current transaction is aborted, commands ignored until end of transaction block
[2026-01-26T13:10:35.243+0000] {logging_mixin.py:151} INFO -      ⚠️ Erreur ligne 318: current transaction is aborted, commands ignored until end of transaction block
[2026-01-26T13:10:35.245+0000] {logging_mixin.py:151} INFO -      ⚠️ Erreur ligne 319: current transaction is aborted, commands ignored until end of transaction block
[2026-01-26T13:10:35.247+0000] {logging_mixin.py:151} INFO -      ⚠️ Erreur ligne 320: current transaction is aborted, commands ignored until end of transaction block
[2026-01-26T13:10:35.249+0000] {logging_mixin.py:151} INFO -      ⚠️ Erreur ligne 321: current transaction is aborted, commands ignored until end of transaction block
[2026-01-26T13:10:35.250+0000] {logging_mixin.py:151} INFO -      ⚠️ Erreur ligne 322: current transaction is aborted, commands ignored until end of transaction block
[2026-01-26T13:10:35.252+0000] {logging_mixin.py:151} INFO -      ⚠️ Erreur ligne 323: current transaction is aborted, commands ignored until end of transaction block
[2026-01-26T13:10:35.254+0000] {logging_mixin.py:151} INFO -      ⚠️ Erreur ligne 324: current transaction is aborted, commands ignored until end of transaction block
[2026-01-26T13:10:35.256+0000] {logging_mixin.py:151} INFO -      ⚠️ Erreur ligne 325: current transaction is aborted, commands ignored until end of transaction block
[2026-01-26T13:10:35.257+0000] {logging_mixin.py:151} INFO -      ⚠️ Erreur ligne 326: current transaction is aborted, commands ignored until end of transaction block
[2026-01-26T13:10:35.259+0000] {logging_mixin.py:151} INFO -      ⚠️ Erreur ligne 327: current transaction is aborted, commands ignored until end of transaction block
[2026-01-26T13:10:35.260+0000] {logging_mixin.py:151} INFO -      ⚠️ Erreur ligne 328: current transaction is aborted, commands ignored until end of transaction block
[2026-01-26T13:10:35.261+0000] {logging_mixin.py:151} INFO -      ⚠️ Erreur ligne 329: current transaction is aborted, commands ignored until end of transaction block
[2026-01-26T13:10:35.263+0000] {logging_mixin.py:151} INFO -      ⚠️ Erreur ligne 330: current transaction is aborted, commands ignored until end of transaction block
[2026-01-26T13:10:35.264+0000] {logging_mixin.py:151} INFO -      ⚠️ Erreur ligne 331: current transaction is aborted, commands ignored until end of transaction block
[2026-01-26T13:10:35.265+0000] {logging_mixin.py:151} INFO -      ⚠️ Erreur ligne 332: current transaction is aborted, commands ignored until end of transaction block
[2026-01-26T13:10:35.266+0000] {logging_mixin.py:151} INFO -      ⚠️ Erreur ligne 333: current transaction is aborted, commands ignored until end of transaction block
[2026-01-26T13:10:35.267+0000] {logging_mixin.py:151} INFO -      ⚠️ Erreur ligne 334: current transaction is aborted, commands ignored until end of transaction block
[2026-01-26T13:10:35.269+0000] {logging_mixin.py:151} INFO -      ⚠️ Erreur ligne 335: current transaction is aborted, commands ignored until end of transaction block
[2026-01-26T13:10:35.270+0000] {logging_mixin.py:151} INFO -      ⚠️ Erreur ligne 336: current transaction is aborted, commands ignored until end of transaction block
[2026-01-26T13:10:35.271+0000] {logging_mixin.py:151} INFO -      ⚠️ Erreur ligne 337: current transaction is aborted, commands ignored until end of transaction block
[2026-01-26T13:10:35.274+0000] {logging_mixin.py:151} INFO -      ⚠️ Erreur ligne 338: current transaction is aborted, commands ignored until end of transaction block
[2026-01-26T13:10:35.276+0000] {logging_mixin.py:151} INFO -      ⚠️ Erreur ligne 339: current transaction is aborted, commands ignored until end of transaction block
[2026-01-26T13:10:35.277+0000] {logging_mixin.py:151} INFO -      ⚠️ Erreur ligne 340: current transaction is aborted, commands ignored until end of transaction block
[2026-01-26T13:10:35.279+0000] {logging_mixin.py:151} INFO -      ⚠️ Erreur ligne 341: current transaction is aborted, commands ignored until end of transaction block
[2026-01-26T13:10:35.280+0000] {logging_mixin.py:151} INFO -      ⚠️ Erreur ligne 342: current transaction is aborted, commands ignored until end of transaction block
[2026-01-26T13:10:35.282+0000] {logging_mixin.py:151} INFO -      ⚠️ Erreur ligne 343: current transaction is aborted, commands ignored until end of transaction block
[2026-01-26T13:10:35.283+0000] {logging_mixin.py:151} INFO -      ⚠️ Erreur ligne 344: current transaction is aborted, commands ignored until end of transaction block
[2026-01-26T13:10:35.284+0000] {logging_mixin.py:151} INFO -      ⚠️ Erreur ligne 345: current transaction is aborted, commands ignored until end of transaction block
[2026-01-26T13:10:35.285+0000] {logging_mixin.py:151} INFO -      ⚠️ Erreur ligne 346: current transaction is aborted, commands ignored until end of transaction block
[2026-01-26T13:10:35.287+0000] {logging_mixin.py:151} INFO -      ⚠️ Erreur ligne 347: current transaction is aborted, commands ignored until end of transaction block
[2026-01-26T13:10:35.288+0000] {logging_mixin.py:151} INFO -      ⚠️ Erreur ligne 348: current transaction is aborted, commands ignored until end of transaction block
[2026-01-26T13:10:35.289+0000] {logging_mixin.py:151} INFO -      ⚠️ Erreur ligne 349: current transaction is aborted, commands ignored until end of transaction block
[2026-01-26T13:10:35.290+0000] {logging_mixin.py:151} INFO -      ⚠️ Erreur ligne 350: current transaction is aborted, commands ignored until end of transaction block
[2026-01-26T13:10:35.291+0000] {logging_mixin.py:151} INFO -      ⚠️ Erreur ligne 351: current transaction is aborted, commands ignored until end of transaction block
[2026-01-26T13:10:35.292+0000] {logging_mixin.py:151} INFO -      ⚠️ Erreur ligne 352: current transaction is aborted, commands ignored until end of transaction block
[2026-01-26T13:10:35.293+0000] {logging_mixin.py:151} INFO -      ⚠️ Erreur ligne 353: current transaction is aborted, commands ignored until end of transaction block
[2026-01-26T13:10:35.295+0000] {logging_mixin.py:151} INFO -      ⚠️ Erreur ligne 354: current transaction is aborted, commands ignored until end of transaction block
[2026-01-26T13:10:35.296+0000] {logging_mixin.py:151} INFO -      ⚠️ Erreur ligne 355: current transaction is aborted, commands ignored until end of transaction block
[2026-01-26T13:10:35.297+0000] {logging_mixin.py:151} INFO -      ⚠️ Erreur ligne 356: current transaction is aborted, commands ignored until end of transaction block
[2026-01-26T13:10:35.298+0000] {logging_mixin.py:151} INFO -      ⚠️ Erreur ligne 357: current transaction is aborted, commands ignored until end of transaction block
[2026-01-26T13:10:35.299+0000] {logging_mixin.py:151} INFO -      ⚠️ Erreur ligne 358: current transaction is aborted, commands ignored until end of transaction block
[2026-01-26T13:10:35.301+0000] {logging_mixin.py:151} INFO -      ⚠️ Erreur ligne 359: current transaction is aborted, commands ignored until end of transaction block
[2026-01-26T13:10:35.302+0000] {logging_mixin.py:151} INFO -      ⚠️ Erreur ligne 360: current transaction is aborted, commands ignored until end of transaction block
[2026-01-26T13:10:35.304+0000] {logging_mixin.py:151} INFO -      ⚠️ Erreur ligne 361: current transaction is aborted, commands ignored until end of transaction block
[2026-01-26T13:10:35.305+0000] {logging_mixin.py:151} INFO -      ⚠️ Erreur ligne 362: current transaction is aborted, commands ignored until end of transaction block
[2026-01-26T13:10:35.306+0000] {logging_mixin.py:151} INFO -      ⚠️ Erreur ligne 363: current transaction is aborted, commands ignored until end of transaction block
[2026-01-26T13:10:35.307+0000] {logging_mixin.py:151} INFO -      ⚠️ Erreur ligne 364: current transaction is aborted, commands ignored until end of transaction block
[2026-01-26T13:10:35.309+0000] {logging_mixin.py:151} INFO -      ⚠️ Erreur ligne 365: current transaction is aborted, commands ignored until end of transaction block
[2026-01-26T13:10:35.309+0000] {logging_mixin.py:151} INFO -      ⚠️ Erreur ligne 366: current transaction is aborted, commands ignored until end of transaction block
[2026-01-26T13:10:35.311+0000] {logging_mixin.py:151} INFO -      ⚠️ Erreur ligne 367: current transaction is aborted, commands ignored until end of transaction block
[2026-01-26T13:10:35.312+0000] {logging_mixin.py:151} INFO -      ⚠️ Erreur ligne 368: current transaction is aborted, commands ignored until end of transaction block
[2026-01-26T13:10:35.313+0000] {logging_mixin.py:151} INFO -      ⚠️ Erreur ligne 369: current transaction is aborted, commands ignored until end of transaction block
[2026-01-26T13:10:35.314+0000] {logging_mixin.py:151} INFO -      ⚠️ Erreur ligne 370: current transaction is aborted, commands ignored until end of transaction block
[2026-01-26T13:10:35.315+0000] {logging_mixin.py:151} INFO -      ⚠️ Erreur ligne 371: current transaction is aborted, commands ignored until end of transaction block
[2026-01-26T13:10:35.315+0000] {logging_mixin.py:151} INFO -      ⚠️ Erreur ligne 372: current transaction is aborted, commands ignored until end of transaction block
[2026-01-26T13:10:35.316+0000] {logging_mixin.py:151} INFO -      ⚠️ Erreur ligne 373: current transaction is aborted, commands ignored until end of transaction block
[2026-01-26T13:10:35.317+0000] {logging_mixin.py:151} INFO -      ⚠️ Erreur ligne 374: current transaction is aborted, commands ignored until end of transaction block
[2026-01-26T13:10:35.318+0000] {logging_mixin.py:151} INFO -      ⚠️ Erreur ligne 375: current transaction is aborted, commands ignored until end of transaction block
[2026-01-26T13:10:35.319+0000] {logging_mixin.py:151} INFO -      ⚠️ Erreur ligne 376: current transaction is aborted, commands ignored until end of transaction block
[2026-01-26T13:10:35.320+0000] {logging_mixin.py:151} INFO -      ⚠️ Erreur ligne 377: current transaction is aborted, commands ignored until end of transaction block
[2026-01-26T13:10:35.321+0000] {logging_mixin.py:151} INFO -      ⚠️ Erreur ligne 378: current transaction is aborted, commands ignored until end of transaction block
[2026-01-26T13:10:35.322+0000] {logging_mixin.py:151} INFO -      ⚠️ Erreur ligne 379: current transaction is aborted, commands ignored until end of transaction block
[2026-01-26T13:10:35.324+0000] {logging_mixin.py:151} INFO -      ⚠️ Erreur ligne 380: current transaction is aborted, commands ignored until end of transaction block
[2026-01-26T13:10:35.325+0000] {logging_mixin.py:151} INFO -      ⚠️ Erreur ligne 381: current transaction is aborted, commands ignored until end of transaction block
[2026-01-26T13:10:35.327+0000] {logging_mixin.py:151} INFO -      ⚠️ Erreur ligne 382: current transaction is aborted, commands ignored until end of transaction block
[2026-01-26T13:10:35.329+0000] {logging_mixin.py:151} INFO -      ⚠️ Erreur ligne 383: current transaction is aborted, commands ignored until end of transaction block
[2026-01-26T13:10:35.331+0000] {logging_mixin.py:151} INFO -      ⚠️ Erreur ligne 384: current transaction is aborted, commands ignored until end of transaction block
[2026-01-26T13:10:35.333+0000] {logging_mixin.py:151} INFO -      ⚠️ Erreur ligne 385: current transaction is aborted, commands ignored until end of transaction block
[2026-01-26T13:10:35.334+0000] {logging_mixin.py:151} INFO -      ⚠️ Erreur ligne 386: current transaction is aborted, commands ignored until end of transaction block
[2026-01-26T13:10:35.335+0000] {logging_mixin.py:151} INFO -      ⚠️ Erreur ligne 387: current transaction is aborted, commands ignored until end of transaction block
[2026-01-26T13:10:35.336+0000] {logging_mixin.py:151} INFO -      ⚠️ Erreur ligne 388: current transaction is aborted, commands ignored until end of transaction block
[2026-01-26T13:10:35.337+0000] {logging_mixin.py:151} INFO -      ⚠️ Erreur ligne 389: current transaction is aborted, commands ignored until end of transaction block
[2026-01-26T13:10:35.338+0000] {logging_mixin.py:151} INFO -      ⚠️ Erreur ligne 390: current transaction is aborted, commands ignored until end of transaction block
[2026-01-26T13:10:35.339+0000] {logging_mixin.py:151} INFO -      ⚠️ Erreur ligne 391: current transaction is aborted, commands ignored until end of transaction block
[2026-01-26T13:10:35.340+0000] {logging_mixin.py:151} INFO -      ⚠️ Erreur ligne 392: current transaction is aborted, commands ignored until end of transaction block
[2026-01-26T13:10:35.341+0000] {logging_mixin.py:151} INFO -      ⚠️ Erreur ligne 393: current transaction is aborted, commands ignored until end of transaction block
[2026-01-26T13:10:35.342+0000] {logging_mixin.py:151} INFO -      ⚠️ Erreur ligne 394: current transaction is aborted, commands ignored until end of transaction block
[2026-01-26T13:10:35.343+0000] {logging_mixin.py:151} INFO -      ⚠️ Erreur ligne 395: current transaction is aborted, commands ignored until end of transaction block
[2026-01-26T13:10:35.344+0000] {logging_mixin.py:151} INFO -      ⚠️ Erreur ligne 396: current transaction is aborted, commands ignored until end of transaction block
[2026-01-26T13:10:35.345+0000] {logging_mixin.py:151} INFO -      ⚠️ Erreur ligne 397: current transaction is aborted, commands ignored until end of transaction block
[2026-01-26T13:10:35.346+0000] {logging_mixin.py:151} INFO -      ⚠️ Erreur ligne 398: current transaction is aborted, commands ignored until end of transaction block
[2026-01-26T13:10:35.347+0000] {logging_mixin.py:151} INFO -      ⚠️ Erreur ligne 399: current transaction is aborted, commands ignored until end of transaction block
[2026-01-26T13:10:35.348+0000] {logging_mixin.py:151} INFO -      ⚠️ Erreur ligne 400: current transaction is aborted, commands ignored until end of transaction block
[2026-01-26T13:10:35.350+0000] {logging_mixin.py:151} INFO -      ⚠️ Erreur ligne 401: current transaction is aborted, commands ignored until end of transaction block
[2026-01-26T13:10:35.351+0000] {logging_mixin.py:151} INFO -      ⚠️ Erreur ligne 402: current transaction is aborted, commands ignored until end of transaction block
[2026-01-26T13:10:35.353+0000] {logging_mixin.py:151} INFO -      ⚠️ Erreur ligne 403: current transaction is aborted, commands ignored until end of transaction block
[2026-01-26T13:10:35.355+0000] {logging_mixin.py:151} INFO -      ⚠️ Erreur ligne 404: current transaction is aborted, commands ignored until end of transaction block
[2026-01-26T13:10:35.357+0000] {logging_mixin.py:151} INFO -      ⚠️ Erreur ligne 405: current transaction is aborted, commands ignored until end of transaction block
[2026-01-26T13:10:35.359+0000] {logging_mixin.py:151} INFO -      ⚠️ Erreur ligne 406: current transaction is aborted, commands ignored until end of transaction block
[2026-01-26T13:10:35.360+0000] {logging_mixin.py:151} INFO -      ⚠️ Erreur ligne 407: current transaction is aborted, commands ignored until end of transaction block
[2026-01-26T13:10:35.362+0000] {logging_mixin.py:151} INFO -      ⚠️ Erreur ligne 408: current transaction is aborted, commands ignored until end of transaction block
[2026-01-26T13:10:35.363+0000] {logging_mixin.py:151} INFO -      ⚠️ Erreur ligne 409: current transaction is aborted, commands ignored until end of transaction block
[2026-01-26T13:10:35.364+0000] {logging_mixin.py:151} INFO -      ⚠️ Erreur ligne 410: current transaction is aborted, commands ignored until end of transaction block
[2026-01-26T13:10:35.365+0000] {logging_mixin.py:151} INFO -      ⚠️ Erreur ligne 411: current transaction is aborted, commands ignored until end of transaction block
[2026-01-26T13:10:35.366+0000] {logging_mixin.py:151} INFO -      ⚠️ Erreur ligne 412: current transaction is aborted, commands ignored until end of transaction block
[2026-01-26T13:10:35.367+0000] {logging_mixin.py:151} INFO -      ⚠️ Erreur ligne 413: current transaction is aborted, commands ignored until end of transaction block
[2026-01-26T13:10:35.368+0000] {logging_mixin.py:151} INFO -      ⚠️ Erreur ligne 414: current transaction is aborted, commands ignored until end of transaction block
[2026-01-26T13:10:35.369+0000] {logging_mixin.py:151} INFO -      ⚠️ Erreur ligne 415: current transaction is aborted, commands ignored until end of transaction block
[2026-01-26T13:10:35.370+0000] {logging_mixin.py:151} INFO -      ⚠️ Erreur ligne 416: current transaction is aborted, commands ignored until end of transaction block
[2026-01-26T13:10:35.371+0000] {logging_mixin.py:151} INFO -      ⚠️ Erreur ligne 417: current transaction is aborted, commands ignored until end of transaction block
[2026-01-26T13:10:35.372+0000] {logging_mixin.py:151} INFO -      ⚠️ Erreur ligne 418: current transaction is aborted, commands ignored until end of transaction block
[2026-01-26T13:10:35.373+0000] {logging_mixin.py:151} INFO -      ⚠️ Erreur ligne 419: current transaction is aborted, commands ignored until end of transaction block
[2026-01-26T13:10:35.374+0000] {logging_mixin.py:151} INFO -      ⚠️ Erreur ligne 420: current transaction is aborted, commands ignored until end of transaction block
[2026-01-26T13:10:35.375+0000] {logging_mixin.py:151} INFO -      ⚠️ Erreur ligne 421: current transaction is aborted, commands ignored until end of transaction block
[2026-01-26T13:10:35.376+0000] {logging_mixin.py:151} INFO -      ⚠️ Erreur ligne 422: current transaction is aborted, commands ignored until end of transaction block
[2026-01-26T13:10:35.377+0000] {logging_mixin.py:151} INFO -      ⚠️ Erreur ligne 423: current transaction is aborted, commands ignored until end of transaction block
[2026-01-26T13:10:35.378+0000] {logging_mixin.py:151} INFO -      ⚠️ Erreur ligne 424: current transaction is aborted, commands ignored until end of transaction block
[2026-01-26T13:10:35.379+0000] {logging_mixin.py:151} INFO -      ⚠️ Erreur ligne 425: current transaction is aborted, commands ignored until end of transaction block
[2026-01-26T13:10:35.381+0000] {logging_mixin.py:151} INFO -      ⚠️ Erreur ligne 426: current transaction is aborted, commands ignored until end of transaction block
[2026-01-26T13:10:35.382+0000] {logging_mixin.py:151} INFO -      ⚠️ Erreur ligne 427: current transaction is aborted, commands ignored until end of transaction block
[2026-01-26T13:10:35.384+0000] {logging_mixin.py:151} INFO -      ⚠️ Erreur ligne 428: current transaction is aborted, commands ignored until end of transaction block
[2026-01-26T13:10:35.386+0000] {logging_mixin.py:151} INFO -      ⚠️ Erreur ligne 429: current transaction is aborted, commands ignored until end of transaction block
[2026-01-26T13:10:35.388+0000] {logging_mixin.py:151} INFO -      ⚠️ Erreur ligne 430: current transaction is aborted, commands ignored until end of transaction block
[2026-01-26T13:10:35.389+0000] {logging_mixin.py:151} INFO -      ⚠️ Erreur ligne 431: current transaction is aborted, commands ignored until end of transaction block
[2026-01-26T13:10:35.390+0000] {logging_mixin.py:151} INFO -      ⚠️ Erreur ligne 432: current transaction is aborted, commands ignored until end of transaction block
[2026-01-26T13:10:35.391+0000] {logging_mixin.py:151} INFO -      ⚠️ Erreur ligne 433: current transaction is aborted, commands ignored until end of transaction block
[2026-01-26T13:10:35.392+0000] {logging_mixin.py:151} INFO -      ⚠️ Erreur ligne 434: current transaction is aborted, commands ignored until end of transaction block
[2026-01-26T13:10:35.394+0000] {logging_mixin.py:151} INFO -      ⚠️ Erreur ligne 435: current transaction is aborted, commands ignored until end of transaction block
[2026-01-26T13:10:35.395+0000] {logging_mixin.py:151} INFO -      ⚠️ Erreur ligne 436: current transaction is aborted, commands ignored until end of transaction block
[2026-01-26T13:10:35.396+0000] {logging_mixin.py:151} INFO -      ⚠️ Erreur ligne 437: current transaction is aborted, commands ignored until end of transaction block
[2026-01-26T13:10:35.397+0000] {logging_mixin.py:151} INFO -      ⚠️ Erreur ligne 438: current transaction is aborted, commands ignored until end of transaction block
[2026-01-26T13:10:35.398+0000] {logging_mixin.py:151} INFO -      ⚠️ Erreur ligne 439: current transaction is aborted, commands ignored until end of transaction block
[2026-01-26T13:10:35.399+0000] {logging_mixin.py:151} INFO -      ⚠️ Erreur ligne 440: current transaction is aborted, commands ignored until end of transaction block
[2026-01-26T13:10:35.400+0000] {logging_mixin.py:151} INFO -      ⚠️ Erreur ligne 441: current transaction is aborted, commands ignored until end of transaction block
[2026-01-26T13:10:35.401+0000] {logging_mixin.py:151} INFO -      ⚠️ Erreur ligne 442: current transaction is aborted, commands ignored until end of transaction block
[2026-01-26T13:10:35.402+0000] {logging_mixin.py:151} INFO -      ⚠️ Erreur ligne 443: current transaction is aborted, commands ignored until end of transaction block
[2026-01-26T13:10:35.404+0000] {logging_mixin.py:151} INFO -      ⚠️ Erreur ligne 444: current transaction is aborted, commands ignored until end of transaction block
[2026-01-26T13:10:35.405+0000] {logging_mixin.py:151} INFO -      ⚠️ Erreur ligne 445: current transaction is aborted, commands ignored until end of transaction block
[2026-01-26T13:10:35.405+0000] {logging_mixin.py:151} INFO -      ⚠️ Erreur ligne 446: current transaction is aborted, commands ignored until end of transaction block
[2026-01-26T13:10:35.406+0000] {logging_mixin.py:151} INFO -      ⚠️ Erreur ligne 447: current transaction is aborted, commands ignored until end of transaction block
[2026-01-26T13:10:35.410+0000] {logging_mixin.py:151} INFO -      ⚠️ Erreur ligne 448: current transaction is aborted, commands ignored until end of transaction block
[2026-01-26T13:10:35.413+0000] {logging_mixin.py:151} INFO -      ⚠️ Erreur ligne 449: current transaction is aborted, commands ignored until end of transaction block
[2026-01-26T13:10:35.414+0000] {logging_mixin.py:151} INFO -      ⚠️ Erreur ligne 450: current transaction is aborted, commands ignored until end of transaction block
[2026-01-26T13:10:35.416+0000] {logging_mixin.py:151} INFO -      ⚠️ Erreur ligne 451: current transaction is aborted, commands ignored until end of transaction block
[2026-01-26T13:10:35.417+0000] {logging_mixin.py:151} INFO -      ⚠️ Erreur ligne 452: current transaction is aborted, commands ignored until end of transaction block
[2026-01-26T13:10:35.418+0000] {logging_mixin.py:151} INFO -      ⚠️ Erreur ligne 453: current transaction is aborted, commands ignored until end of transaction block
[2026-01-26T13:10:35.419+0000] {logging_mixin.py:151} INFO -      ⚠️ Erreur ligne 454: current transaction is aborted, commands ignored until end of transaction block
[2026-01-26T13:10:35.420+0000] {logging_mixin.py:151} INFO -      ⚠️ Erreur ligne 455: current transaction is aborted, commands ignored until end of transaction block
[2026-01-26T13:10:35.421+0000] {logging_mixin.py:151} INFO -      ⚠️ Erreur ligne 456: current transaction is aborted, commands ignored until end of transaction block
[2026-01-26T13:10:35.422+0000] {logging_mixin.py:151} INFO -      ⚠️ Erreur ligne 457: current transaction is aborted, commands ignored until end of transaction block
[2026-01-26T13:10:35.423+0000] {logging_mixin.py:151} INFO -      ⚠️ Erreur ligne 458: current transaction is aborted, commands ignored until end of transaction block
[2026-01-26T13:10:35.424+0000] {logging_mixin.py:151} INFO -      ⚠️ Erreur ligne 459: current transaction is aborted, commands ignored until end of transaction block
[2026-01-26T13:10:35.425+0000] {logging_mixin.py:151} INFO -      ⚠️ Erreur ligne 460: current transaction is aborted, commands ignored until end of transaction block
[2026-01-26T13:10:35.426+0000] {logging_mixin.py:151} INFO -      ⚠️ Erreur ligne 461: current transaction is aborted, commands ignored until end of transaction block
[2026-01-26T13:10:35.427+0000] {logging_mixin.py:151} INFO -      ⚠️ Erreur ligne 462: current transaction is aborted, commands ignored until end of transaction block
[2026-01-26T13:10:35.428+0000] {logging_mixin.py:151} INFO -      ⚠️ Erreur ligne 463: current transaction is aborted, commands ignored until end of transaction block
[2026-01-26T13:10:35.429+0000] {logging_mixin.py:151} INFO -      ⚠️ Erreur ligne 464: current transaction is aborted, commands ignored until end of transaction block
[2026-01-26T13:10:35.430+0000] {logging_mixin.py:151} INFO -      ⚠️ Erreur ligne 465: current transaction is aborted, commands ignored until end of transaction block
[2026-01-26T13:10:35.431+0000] {logging_mixin.py:151} INFO -      ⚠️ Erreur ligne 466: current transaction is aborted, commands ignored until end of transaction block
[2026-01-26T13:10:35.432+0000] {logging_mixin.py:151} INFO -      ⚠️ Erreur ligne 467: current transaction is aborted, commands ignored until end of transaction block
[2026-01-26T13:10:35.432+0000] {logging_mixin.py:151} INFO -      ⚠️ Erreur ligne 468: current transaction is aborted, commands ignored until end of transaction block
[2026-01-26T13:10:35.433+0000] {logging_mixin.py:151} INFO -      ⚠️ Erreur ligne 469: current transaction is aborted, commands ignored until end of transaction block
[2026-01-26T13:10:35.435+0000] {logging_mixin.py:151} INFO -      ⚠️ Erreur ligne 470: current transaction is aborted, commands ignored until end of transaction block
[2026-01-26T13:10:35.436+0000] {logging_mixin.py:151} INFO -      ⚠️ Erreur ligne 471: current transaction is aborted, commands ignored until end of transaction block
[2026-01-26T13:10:35.438+0000] {logging_mixin.py:151} INFO -      ⚠️ Erreur ligne 472: current transaction is aborted, commands ignored until end of transaction block
[2026-01-26T13:10:35.440+0000] {logging_mixin.py:151} INFO -      ⚠️ Erreur ligne 473: current transaction is aborted, commands ignored until end of transaction block
[2026-01-26T13:10:35.441+0000] {logging_mixin.py:151} INFO -      ⚠️ Erreur ligne 474: current transaction is aborted, commands ignored until end of transaction block
[2026-01-26T13:10:35.443+0000] {logging_mixin.py:151} INFO -      ⚠️ Erreur ligne 475: current transaction is aborted, commands ignored until end of transaction block
[2026-01-26T13:10:35.444+0000] {logging_mixin.py:151} INFO -      ⚠️ Erreur ligne 476: current transaction is aborted, commands ignored until end of transaction block
[2026-01-26T13:10:35.445+0000] {logging_mixin.py:151} INFO -      ⚠️ Erreur ligne 477: current transaction is aborted, commands ignored until end of transaction block
[2026-01-26T13:10:35.446+0000] {logging_mixin.py:151} INFO -      ⚠️ Erreur ligne 478: current transaction is aborted, commands ignored until end of transaction block
[2026-01-26T13:10:35.447+0000] {logging_mixin.py:151} INFO -      ⚠️ Erreur ligne 479: current transaction is aborted, commands ignored until end of transaction block
[2026-01-26T13:10:35.448+0000] {logging_mixin.py:151} INFO -      ⚠️ Erreur ligne 480: current transaction is aborted, commands ignored until end of transaction block
[2026-01-26T13:10:35.449+0000] {logging_mixin.py:151} INFO -      ⚠️ Erreur ligne 481: current transaction is aborted, commands ignored until end of transaction block
[2026-01-26T13:10:35.450+0000] {logging_mixin.py:151} INFO -      ⚠️ Erreur ligne 482: current transaction is aborted, commands ignored until end of transaction block
[2026-01-26T13:10:35.451+0000] {logging_mixin.py:151} INFO -      ⚠️ Erreur ligne 483: current transaction is aborted, commands ignored until end of transaction block
[2026-01-26T13:10:35.452+0000] {logging_mixin.py:151} INFO -      ⚠️ Erreur ligne 484: current transaction is aborted, commands ignored until end of transaction block
[2026-01-26T13:10:35.453+0000] {logging_mixin.py:151} INFO -      ⚠️ Erreur ligne 485: current transaction is aborted, commands ignored until end of transaction block
[2026-01-26T13:10:35.454+0000] {logging_mixin.py:151} INFO -      ⚠️ Erreur ligne 486: current transaction is aborted, commands ignored until end of transaction block
[2026-01-26T13:10:35.455+0000] {logging_mixin.py:151} INFO -      ⚠️ Erreur ligne 487: current transaction is aborted, commands ignored until end of transaction block
[2026-01-26T13:10:35.456+0000] {logging_mixin.py:151} INFO -      ⚠️ Erreur ligne 488: current transaction is aborted, commands ignored until end of transaction block
[2026-01-26T13:10:35.457+0000] {logging_mixin.py:151} INFO -      ⚠️ Erreur ligne 489: current transaction is aborted, commands ignored until end of transaction block
[2026-01-26T13:10:35.458+0000] {logging_mixin.py:151} INFO -      ⚠️ Erreur ligne 490: current transaction is aborted, commands ignored until end of transaction block
[2026-01-26T13:10:35.459+0000] {logging_mixin.py:151} INFO -      ⚠️ Erreur ligne 491: current transaction is aborted, commands ignored until end of transaction block
[2026-01-26T13:10:35.460+0000] {logging_mixin.py:151} INFO -      ⚠️ Erreur ligne 492: current transaction is aborted, commands ignored until end of transaction block
[2026-01-26T13:10:35.462+0000] {logging_mixin.py:151} INFO -      ⚠️ Erreur ligne 493: current transaction is aborted, commands ignored until end of transaction block
[2026-01-26T13:10:35.463+0000] {logging_mixin.py:151} INFO -      ⚠️ Erreur ligne 494: current transaction is aborted, commands ignored until end of transaction block
[2026-01-26T13:10:35.464+0000] {logging_mixin.py:151} INFO -      ⚠️ Erreur ligne 495: current transaction is aborted, commands ignored until end of transaction block
[2026-01-26T13:10:35.465+0000] {logging_mixin.py:151} INFO -      ⚠️ Erreur ligne 496: current transaction is aborted, commands ignored until end of transaction block
[2026-01-26T13:10:35.466+0000] {logging_mixin.py:151} INFO -      ⚠️ Erreur ligne 497: current transaction is aborted, commands ignored until end of transaction block
[2026-01-26T13:10:35.467+0000] {logging_mixin.py:151} INFO -      ⚠️ Erreur ligne 498: current transaction is aborted, commands ignored until end of transaction block
[2026-01-26T13:10:35.469+0000] {logging_mixin.py:151} INFO -      ⚠️ Erreur ligne 499: current transaction is aborted, commands ignored until end of transaction block
[2026-01-26T13:10:35.470+0000] {logging_mixin.py:151} INFO -      ⚠️ Erreur ligne 500: current transaction is aborted, commands ignored until end of transaction block
[2026-01-26T13:10:35.472+0000] {logging_mixin.py:151} INFO -      ⚠️ Erreur ligne 501: current transaction is aborted, commands ignored until end of transaction block
[2026-01-26T13:10:35.473+0000] {logging_mixin.py:151} INFO -      ⚠️ Erreur ligne 502: current transaction is aborted, commands ignored until end of transaction block
[2026-01-26T13:10:35.474+0000] {logging_mixin.py:151} INFO -      ⚠️ Erreur ligne 503: current transaction is aborted, commands ignored until end of transaction block
[2026-01-26T13:10:35.475+0000] {logging_mixin.py:151} INFO -      ⚠️ Erreur ligne 504: current transaction is aborted, commands ignored until end of transaction block
[2026-01-26T13:10:35.477+0000] {logging_mixin.py:151} INFO -      ⚠️ Erreur ligne 505: current transaction is aborted, commands ignored until end of transaction block
[2026-01-26T13:10:35.478+0000] {logging_mixin.py:151} INFO -      ⚠️ Erreur ligne 506: current transaction is aborted, commands ignored until end of transaction block
[2026-01-26T13:10:35.479+0000] {logging_mixin.py:151} INFO -      ⚠️ Erreur ligne 507: current transaction is aborted, commands ignored until end of transaction block
[2026-01-26T13:10:35.480+0000] {logging_mixin.py:151} INFO -      ⚠️ Erreur ligne 508: current transaction is aborted, commands ignored until end of transaction block
[2026-01-26T13:10:35.481+0000] {logging_mixin.py:151} INFO -      ⚠️ Erreur ligne 509: current transaction is aborted, commands ignored until end of transaction block
[2026-01-26T13:10:35.482+0000] {logging_mixin.py:151} INFO -      ⚠️ Erreur ligne 510: current transaction is aborted, commands ignored until end of transaction block
[2026-01-26T13:10:35.483+0000] {logging_mixin.py:151} INFO -      ⚠️ Erreur ligne 511: current transaction is aborted, commands ignored until end of transaction block
[2026-01-26T13:10:35.484+0000] {logging_mixin.py:151} INFO -      ⚠️ Erreur ligne 512: current transaction is aborted, commands ignored until end of transaction block
[2026-01-26T13:10:35.486+0000] {logging_mixin.py:151} INFO -      ⚠️ Erreur ligne 513: current transaction is aborted, commands ignored until end of transaction block
[2026-01-26T13:10:35.487+0000] {logging_mixin.py:151} INFO -      ⚠️ Erreur ligne 514: current transaction is aborted, commands ignored until end of transaction block
[2026-01-26T13:10:35.488+0000] {logging_mixin.py:151} INFO -      ⚠️ Erreur ligne 515: current transaction is aborted, commands ignored until end of transaction block
[2026-01-26T13:10:35.490+0000] {logging_mixin.py:151} INFO -      ⚠️ Erreur ligne 516: current transaction is aborted, commands ignored until end of transaction block
[2026-01-26T13:10:35.491+0000] {logging_mixin.py:151} INFO -      ⚠️ Erreur ligne 517: current transaction is aborted, commands ignored until end of transaction block
[2026-01-26T13:10:35.493+0000] {logging_mixin.py:151} INFO -      ⚠️ Erreur ligne 518: current transaction is aborted, commands ignored until end of transaction block
[2026-01-26T13:10:35.495+0000] {logging_mixin.py:151} INFO -      ⚠️ Erreur ligne 519: current transaction is aborted, commands ignored until end of transaction block
[2026-01-26T13:10:35.498+0000] {logging_mixin.py:151} INFO -      ⚠️ Erreur ligne 520: current transaction is aborted, commands ignored until end of transaction block
[2026-01-26T13:10:35.500+0000] {logging_mixin.py:151} INFO -      ⚠️ Erreur ligne 521: current transaction is aborted, commands ignored until end of transaction block
[2026-01-26T13:10:35.502+0000] {logging_mixin.py:151} INFO -      ⚠️ Erreur ligne 522: current transaction is aborted, commands ignored until end of transaction block
[2026-01-26T13:10:35.503+0000] {logging_mixin.py:151} INFO -      ⚠️ Erreur ligne 523: current transaction is aborted, commands ignored until end of transaction block
[2026-01-26T13:10:35.505+0000] {logging_mixin.py:151} INFO -      ⚠️ Erreur ligne 524: current transaction is aborted, commands ignored until end of transaction block
[2026-01-26T13:10:35.506+0000] {logging_mixin.py:151} INFO -      ⚠️ Erreur ligne 525: current transaction is aborted, commands ignored until end of transaction block
[2026-01-26T13:10:35.507+0000] {logging_mixin.py:151} INFO -      ⚠️ Erreur ligne 526: current transaction is aborted, commands ignored until end of transaction block
[2026-01-26T13:10:35.508+0000] {logging_mixin.py:151} INFO -      ⚠️ Erreur ligne 527: current transaction is aborted, commands ignored until end of transaction block
[2026-01-26T13:10:35.509+0000] {logging_mixin.py:151} INFO -      ⚠️ Erreur ligne 528: current transaction is aborted, commands ignored until end of transaction block
[2026-01-26T13:10:35.510+0000] {logging_mixin.py:151} INFO -      ⚠️ Erreur ligne 529: current transaction is aborted, commands ignored until end of transaction block
[2026-01-26T13:10:35.511+0000] {logging_mixin.py:151} INFO -      ⚠️ Erreur ligne 530: current transaction is aborted, commands ignored until end of transaction block
[2026-01-26T13:10:35.513+0000] {logging_mixin.py:151} INFO -      ⚠️ Erreur ligne 531: current transaction is aborted, commands ignored until end of transaction block
[2026-01-26T13:10:35.514+0000] {logging_mixin.py:151} INFO -      ⚠️ Erreur ligne 532: current transaction is aborted, commands ignored until end of transaction block
[2026-01-26T13:10:35.515+0000] {logging_mixin.py:151} INFO -      ⚠️ Erreur ligne 533: current transaction is aborted, commands ignored until end of transaction block
[2026-01-26T13:10:35.516+0000] {logging_mixin.py:151} INFO -      ⚠️ Erreur ligne 534: current transaction is aborted, commands ignored until end of transaction block
[2026-01-26T13:10:35.517+0000] {logging_mixin.py:151} INFO -      ⚠️ Erreur ligne 535: current transaction is aborted, commands ignored until end of transaction block
[2026-01-26T13:10:35.518+0000] {logging_mixin.py:151} INFO -      ⚠️ Erreur ligne 536: current transaction is aborted, commands ignored until end of transaction block
[2026-01-26T13:10:35.519+0000] {logging_mixin.py:151} INFO -      ⚠️ Erreur ligne 537: current transaction is aborted, commands ignored until end of transaction block
[2026-01-26T13:10:35.521+0000] {logging_mixin.py:151} INFO -      ⚠️ Erreur ligne 538: current transaction is aborted, commands ignored until end of transaction block
[2026-01-26T13:10:35.523+0000] {logging_mixin.py:151} INFO -      ⚠️ Erreur ligne 539: current transaction is aborted, commands ignored until end of transaction block
[2026-01-26T13:10:35.525+0000] {logging_mixin.py:151} INFO -      ⚠️ Erreur ligne 540: current transaction is aborted, commands ignored until end of transaction block
[2026-01-26T13:10:35.526+0000] {logging_mixin.py:151} INFO -      ⚠️ Erreur ligne 541: current transaction is aborted, commands ignored until end of transaction block
[2026-01-26T13:10:35.528+0000] {logging_mixin.py:151} INFO -      ⚠️ Erreur ligne 542: current transaction is aborted, commands ignored until end of transaction block
[2026-01-26T13:10:35.529+0000] {logging_mixin.py:151} INFO -      ⚠️ Erreur ligne 543: current transaction is aborted, commands ignored until end of transaction block
[2026-01-26T13:10:35.530+0000] {logging_mixin.py:151} INFO -      ⚠️ Erreur ligne 544: current transaction is aborted, commands ignored until end of transaction block
[2026-01-26T13:10:35.532+0000] {logging_mixin.py:151} INFO -      ⚠️ Erreur ligne 545: current transaction is aborted, commands ignored until end of transaction block
[2026-01-26T13:10:35.533+0000] {logging_mixin.py:151} INFO -      ⚠️ Erreur ligne 546: current transaction is aborted, commands ignored until end of transaction block
[2026-01-26T13:10:35.534+0000] {logging_mixin.py:151} INFO -      ⚠️ Erreur ligne 547: current transaction is aborted, commands ignored until end of transaction block
[2026-01-26T13:10:35.535+0000] {logging_mixin.py:151} INFO -      ⚠️ Erreur ligne 548: current transaction is aborted, commands ignored until end of transaction block
[2026-01-26T13:10:35.536+0000] {logging_mixin.py:151} INFO -      ⚠️ Erreur ligne 549: current transaction is aborted, commands ignored until end of transaction block
[2026-01-26T13:10:35.537+0000] {logging_mixin.py:151} INFO -      ⚠️ Erreur ligne 550: current transaction is aborted, commands ignored until end of transaction block
[2026-01-26T13:10:35.539+0000] {logging_mixin.py:151} INFO -      ⚠️ Erreur ligne 551: current transaction is aborted, commands ignored until end of transaction block
[2026-01-26T13:10:35.540+0000] {logging_mixin.py:151} INFO -      ⚠️ Erreur ligne 552: current transaction is aborted, commands ignored until end of transaction block
[2026-01-26T13:10:35.542+0000] {logging_mixin.py:151} INFO -      ⚠️ Erreur ligne 553: current transaction is aborted, commands ignored until end of transaction block
[2026-01-26T13:10:35.543+0000] {logging_mixin.py:151} INFO -      ⚠️ Erreur ligne 554: current transaction is aborted, commands ignored until end of transaction block
[2026-01-26T13:10:35.544+0000] {logging_mixin.py:151} INFO -      ⚠️ Erreur ligne 555: current transaction is aborted, commands ignored until end of transaction block
[2026-01-26T13:10:35.545+0000] {logging_mixin.py:151} INFO -      ⚠️ Erreur ligne 556: current transaction is aborted, commands ignored until end of transaction block
[2026-01-26T13:10:35.546+0000] {logging_mixin.py:151} INFO -      ⚠️ Erreur ligne 557: current transaction is aborted, commands ignored until end of transaction block
[2026-01-26T13:10:35.547+0000] {logging_mixin.py:151} INFO -      ⚠️ Erreur ligne 558: current transaction is aborted, commands ignored until end of transaction block
[2026-01-26T13:10:35.548+0000] {logging_mixin.py:151} INFO -      ⚠️ Erreur ligne 559: current transaction is aborted, commands ignored until end of transaction block
[2026-01-26T13:10:35.549+0000] {logging_mixin.py:151} INFO -      ⚠️ Erreur ligne 560: current transaction is aborted, commands ignored until end of transaction block
[2026-01-26T13:10:35.551+0000] {logging_mixin.py:151} INFO -      ⚠️ Erreur ligne 561: current transaction is aborted, commands ignored until end of transaction block
[2026-01-26T13:10:35.552+0000] {logging_mixin.py:151} INFO -      ⚠️ Erreur ligne 562: current transaction is aborted, commands ignored until end of transaction block
[2026-01-26T13:10:35.554+0000] {logging_mixin.py:151} INFO -      ⚠️ Erreur ligne 563: current transaction is aborted, commands ignored until end of transaction block
[2026-01-26T13:10:35.555+0000] {logging_mixin.py:151} INFO -      ⚠️ Erreur ligne 564: current transaction is aborted, commands ignored until end of transaction block
[2026-01-26T13:10:35.557+0000] {logging_mixin.py:151} INFO -      ⚠️ Erreur ligne 565: current transaction is aborted, commands ignored until end of transaction block
[2026-01-26T13:10:35.558+0000] {logging_mixin.py:151} INFO -      ⚠️ Erreur ligne 566: current transaction is aborted, commands ignored until end of transaction block
[2026-01-26T13:10:35.559+0000] {logging_mixin.py:151} INFO -      ⚠️ Erreur ligne 567: current transaction is aborted, commands ignored until end of transaction block
[2026-01-26T13:10:35.560+0000] {logging_mixin.py:151} INFO -      ⚠️ Erreur ligne 568: current transaction is aborted, commands ignored until end of transaction block
[2026-01-26T13:10:35.561+0000] {logging_mixin.py:151} INFO -      ⚠️ Erreur ligne 569: current transaction is aborted, commands ignored until end of transaction block
[2026-01-26T13:10:35.562+0000] {logging_mixin.py:151} INFO -      ⚠️ Erreur ligne 570: current transaction is aborted, commands ignored until end of transaction block
[2026-01-26T13:10:35.564+0000] {logging_mixin.py:151} INFO -      ⚠️ Erreur ligne 571: current transaction is aborted, commands ignored until end of transaction block
[2026-01-26T13:10:35.565+0000] {logging_mixin.py:151} INFO -      ⚠️ Erreur ligne 572: current transaction is aborted, commands ignored until end of transaction block
[2026-01-26T13:10:35.566+0000] {logging_mixin.py:151} INFO -      ⚠️ Erreur ligne 573: current transaction is aborted, commands ignored until end of transaction block
[2026-01-26T13:10:35.567+0000] {logging_mixin.py:151} INFO -      ⚠️ Erreur ligne 574: current transaction is aborted, commands ignored until end of transaction block
[2026-01-26T13:10:35.568+0000] {logging_mixin.py:151} INFO -      ⚠️ Erreur ligne 575: current transaction is aborted, commands ignored until end of transaction block
[2026-01-26T13:10:35.569+0000] {logging_mixin.py:151} INFO -      ⚠️ Erreur ligne 576: current transaction is aborted, commands ignored until end of transaction block
[2026-01-26T13:10:35.569+0000] {logging_mixin.py:151} INFO -      ⚠️ Erreur ligne 577: current transaction is aborted, commands ignored until end of transaction block
[2026-01-26T13:10:35.570+0000] {logging_mixin.py:151} INFO -      ⚠️ Erreur ligne 578: current transaction is aborted, commands ignored until end of transaction block
[2026-01-26T13:10:35.571+0000] {logging_mixin.py:151} INFO -      ⚠️ Erreur ligne 579: current transaction is aborted, commands ignored until end of transaction block
[2026-01-26T13:10:35.572+0000] {logging_mixin.py:151} INFO -      ⚠️ Erreur ligne 580: current transaction is aborted, commands ignored until end of transaction block
[2026-01-26T13:10:35.573+0000] {logging_mixin.py:151} INFO -      ⚠️ Erreur ligne 581: current transaction is aborted, commands ignored until end of transaction block
[2026-01-26T13:10:35.574+0000] {logging_mixin.py:151} INFO -      ⚠️ Erreur ligne 582: current transaction is aborted, commands ignored until end of transaction block
[2026-01-26T13:10:35.576+0000] {logging_mixin.py:151} INFO -      ⚠️ Erreur ligne 583: current transaction is aborted, commands ignored until end of transaction block
[2026-01-26T13:10:35.577+0000] {logging_mixin.py:151} INFO -      ⚠️ Erreur ligne 584: current transaction is aborted, commands ignored until end of transaction block
[2026-01-26T13:10:35.579+0000] {logging_mixin.py:151} INFO -      ⚠️ Erreur ligne 585: current transaction is aborted, commands ignored until end of transaction block
[2026-01-26T13:10:35.580+0000] {logging_mixin.py:151} INFO -      ⚠️ Erreur ligne 586: current transaction is aborted, commands ignored until end of transaction block
[2026-01-26T13:10:35.581+0000] {logging_mixin.py:151} INFO -      ⚠️ Erreur ligne 587: current transaction is aborted, commands ignored until end of transaction block
[2026-01-26T13:10:35.583+0000] {logging_mixin.py:151} INFO -      ⚠️ Erreur ligne 588: current transaction is aborted, commands ignored until end of transaction block
[2026-01-26T13:10:35.584+0000] {logging_mixin.py:151} INFO -      ⚠️ Erreur ligne 589: current transaction is aborted, commands ignored until end of transaction block
[2026-01-26T13:10:35.585+0000] {logging_mixin.py:151} INFO -      ⚠️ Erreur ligne 590: current transaction is aborted, commands ignored until end of transaction block
[2026-01-26T13:10:35.586+0000] {logging_mixin.py:151} INFO -      ⚠️ Erreur ligne 591: current transaction is aborted, commands ignored until end of transaction block
[2026-01-26T13:10:35.588+0000] {logging_mixin.py:151} INFO -      ⚠️ Erreur ligne 592: current transaction is aborted, commands ignored until end of transaction block
[2026-01-26T13:10:35.589+0000] {logging_mixin.py:151} INFO -      ⚠️ Erreur ligne 593: current transaction is aborted, commands ignored until end of transaction block
[2026-01-26T13:10:35.590+0000] {logging_mixin.py:151} INFO -      ⚠️ Erreur ligne 594: current transaction is aborted, commands ignored until end of transaction block
[2026-01-26T13:10:35.591+0000] {logging_mixin.py:151} INFO -      ⚠️ Erreur ligne 595: current transaction is aborted, commands ignored until end of transaction block
[2026-01-26T13:10:35.593+0000] {logging_mixin.py:151} INFO -      ⚠️ Erreur ligne 596: current transaction is aborted, commands ignored until end of transaction block
[2026-01-26T13:10:35.594+0000] {logging_mixin.py:151} INFO -      ⚠️ Erreur ligne 597: current transaction is aborted, commands ignored until end of transaction block
[2026-01-26T13:10:35.595+0000] {logging_mixin.py:151} INFO -      ⚠️ Erreur ligne 598: current transaction is aborted, commands ignored until end of transaction block
[2026-01-26T13:10:35.596+0000] {logging_mixin.py:151} INFO -      ⚠️ Erreur ligne 599: current transaction is aborted, commands ignored until end of transaction block
[2026-01-26T13:10:35.597+0000] {logging_mixin.py:151} INFO -      ⚠️ Erreur ligne 600: current transaction is aborted, commands ignored until end of transaction block
[2026-01-26T13:10:35.598+0000] {logging_mixin.py:151} INFO -      ⚠️ Erreur ligne 601: current transaction is aborted, commands ignored until end of transaction block
[2026-01-26T13:10:35.600+0000] {logging_mixin.py:151} INFO -      ⚠️ Erreur ligne 602: current transaction is aborted, commands ignored until end of transaction block
[2026-01-26T13:10:35.601+0000] {logging_mixin.py:151} INFO -      ⚠️ Erreur ligne 603: current transaction is aborted, commands ignored until end of transaction block
[2026-01-26T13:10:35.602+0000] {logging_mixin.py:151} INFO -      ⚠️ Erreur ligne 604: current transaction is aborted, commands ignored until end of transaction block
[2026-01-26T13:10:35.603+0000] {logging_mixin.py:151} INFO -      ⚠️ Erreur ligne 605: current transaction is aborted, commands ignored until end of transaction block
[2026-01-26T13:10:35.604+0000] {logging_mixin.py:151} INFO -      ⚠️ Erreur ligne 606: current transaction is aborted, commands ignored until end of transaction block
[2026-01-26T13:10:35.605+0000] {logging_mixin.py:151} INFO -      ⚠️ Erreur ligne 607: current transaction is aborted, commands ignored until end of transaction block
[2026-01-26T13:10:35.608+0000] {logging_mixin.py:151} INFO -      ⚠️ Erreur ligne 608: current transaction is aborted, commands ignored until end of transaction block
[2026-01-26T13:10:35.609+0000] {logging_mixin.py:151} INFO -      ⚠️ Erreur ligne 609: current transaction is aborted, commands ignored until end of transaction block
[2026-01-26T13:10:35.610+0000] {logging_mixin.py:151} INFO -      ⚠️ Erreur ligne 610: current transaction is aborted, commands ignored until end of transaction block
[2026-01-26T13:10:35.611+0000] {logging_mixin.py:151} INFO -      ⚠️ Erreur ligne 611: current transaction is aborted, commands ignored until end of transaction block
[2026-01-26T13:10:35.612+0000] {logging_mixin.py:151} INFO -      ⚠️ Erreur ligne 612: current transaction is aborted, commands ignored until end of transaction block
[2026-01-26T13:10:35.614+0000] {logging_mixin.py:151} INFO -      ⚠️ Erreur ligne 613: current transaction is aborted, commands ignored until end of transaction block
[2026-01-26T13:10:35.615+0000] {logging_mixin.py:151} INFO -      ⚠️ Erreur ligne 614: current transaction is aborted, commands ignored until end of transaction block
[2026-01-26T13:10:35.617+0000] {logging_mixin.py:151} INFO -      ⚠️ Erreur ligne 615: current transaction is aborted, commands ignored until end of transaction block
[2026-01-26T13:10:35.618+0000] {logging_mixin.py:151} INFO -      ⚠️ Erreur ligne 616: current transaction is aborted, commands ignored until end of transaction block
[2026-01-26T13:10:35.619+0000] {logging_mixin.py:151} INFO -      ⚠️ Erreur ligne 617: current transaction is aborted, commands ignored until end of transaction block
[2026-01-26T13:10:35.621+0000] {logging_mixin.py:151} INFO -      ⚠️ Erreur ligne 618: current transaction is aborted, commands ignored until end of transaction block
[2026-01-26T13:10:35.622+0000] {logging_mixin.py:151} INFO -      ⚠️ Erreur ligne 619: current transaction is aborted, commands ignored until end of transaction block
[2026-01-26T13:10:35.623+0000] {logging_mixin.py:151} INFO -      ⚠️ Erreur ligne 620: current transaction is aborted, commands ignored until end of transaction block
[2026-01-26T13:10:35.624+0000] {logging_mixin.py:151} INFO -      ⚠️ Erreur ligne 621: current transaction is aborted, commands ignored until end of transaction block
[2026-01-26T13:10:35.626+0000] {logging_mixin.py:151} INFO -      ⚠️ Erreur ligne 622: current transaction is aborted, commands ignored until end of transaction block
[2026-01-26T13:10:35.627+0000] {logging_mixin.py:151} INFO -      ⚠️ Erreur ligne 623: current transaction is aborted, commands ignored until end of transaction block
[2026-01-26T13:10:35.628+0000] {logging_mixin.py:151} INFO -      ⚠️ Erreur ligne 624: current transaction is aborted, commands ignored until end of transaction block
[2026-01-26T13:10:35.629+0000] {logging_mixin.py:151} INFO -      ⚠️ Erreur ligne 625: current transaction is aborted, commands ignored until end of transaction block
[2026-01-26T13:10:35.630+0000] {logging_mixin.py:151} INFO -      ⚠️ Erreur ligne 626: current transaction is aborted, commands ignored until end of transaction block
[2026-01-26T13:10:35.631+0000] {logging_mixin.py:151} INFO -      ⚠️ Erreur ligne 627: current transaction is aborted, commands ignored until end of transaction block
[2026-01-26T13:10:35.632+0000] {logging_mixin.py:151} INFO -      ⚠️ Erreur ligne 628: current transaction is aborted, commands ignored until end of transaction block
[2026-01-26T13:10:35.633+0000] {logging_mixin.py:151} INFO -      ⚠️ Erreur ligne 629: current transaction is aborted, commands ignored until end of transaction block
[2026-01-26T13:10:35.634+0000] {logging_mixin.py:151} INFO -      ⚠️ Erreur ligne 630: current transaction is aborted, commands ignored until end of transaction block
[2026-01-26T13:10:35.635+0000] {logging_mixin.py:151} INFO -      ⚠️ Erreur ligne 631: current transaction is aborted, commands ignored until end of transaction block
[2026-01-26T13:10:35.636+0000] {logging_mixin.py:151} INFO -      ⚠️ Erreur ligne 632: current transaction is aborted, commands ignored until end of transaction block
[2026-01-26T13:10:35.637+0000] {logging_mixin.py:151} INFO -      ⚠️ Erreur ligne 633: current transaction is aborted, commands ignored until end of transaction block
[2026-01-26T13:10:35.638+0000] {logging_mixin.py:151} INFO -      ⚠️ Erreur ligne 634: current transaction is aborted, commands ignored until end of transaction block
[2026-01-26T13:10:35.643+0000] {logging_mixin.py:151} INFO -      ⚠️ Erreur ligne 635: current transaction is aborted, commands ignored until end of transaction block
[2026-01-26T13:10:35.645+0000] {logging_mixin.py:151} INFO -      ⚠️ Erreur ligne 636: current transaction is aborted, commands ignored until end of transaction block
[2026-01-26T13:10:35.646+0000] {logging_mixin.py:151} INFO -      ⚠️ Erreur ligne 637: current transaction is aborted, commands ignored until end of transaction block
[2026-01-26T13:10:35.648+0000] {logging_mixin.py:151} INFO -      ⚠️ Erreur ligne 638: current transaction is aborted, commands ignored until end of transaction block
[2026-01-26T13:10:35.650+0000] {logging_mixin.py:151} INFO -      ⚠️ Erreur ligne 639: current transaction is aborted, commands ignored until end of transaction block
[2026-01-26T13:10:35.651+0000] {logging_mixin.py:151} INFO -      ⚠️ Erreur ligne 640: current transaction is aborted, commands ignored until end of transaction block
[2026-01-26T13:10:35.653+0000] {logging_mixin.py:151} INFO -      ⚠️ Erreur ligne 641: current transaction is aborted, commands ignored until end of transaction block
[2026-01-26T13:10:35.654+0000] {logging_mixin.py:151} INFO -      ⚠️ Erreur ligne 642: current transaction is aborted, commands ignored until end of transaction block
[2026-01-26T13:10:35.655+0000] {logging_mixin.py:151} INFO -      ⚠️ Erreur ligne 643: current transaction is aborted, commands ignored until end of transaction block
[2026-01-26T13:10:35.657+0000] {logging_mixin.py:151} INFO -      ⚠️ Erreur ligne 644: current transaction is aborted, commands ignored until end of transaction block
[2026-01-26T13:10:35.658+0000] {logging_mixin.py:151} INFO -      ⚠️ Erreur ligne 645: current transaction is aborted, commands ignored until end of transaction block
[2026-01-26T13:10:35.659+0000] {logging_mixin.py:151} INFO -      ⚠️ Erreur ligne 646: current transaction is aborted, commands ignored until end of transaction block
[2026-01-26T13:10:35.661+0000] {logging_mixin.py:151} INFO -      ⚠️ Erreur ligne 647: current transaction is aborted, commands ignored until end of transaction block
[2026-01-26T13:10:35.662+0000] {logging_mixin.py:151} INFO -      ⚠️ Erreur ligne 648: current transaction is aborted, commands ignored until end of transaction block
[2026-01-26T13:10:35.663+0000] {logging_mixin.py:151} INFO -      ⚠️ Erreur ligne 649: current transaction is aborted, commands ignored until end of transaction block
[2026-01-26T13:10:35.665+0000] {logging_mixin.py:151} INFO -      ⚠️ Erreur ligne 650: current transaction is aborted, commands ignored until end of transaction block
[2026-01-26T13:10:35.666+0000] {logging_mixin.py:151} INFO -      ⚠️ Erreur ligne 651: current transaction is aborted, commands ignored until end of transaction block
[2026-01-26T13:10:35.667+0000] {logging_mixin.py:151} INFO -      ⚠️ Erreur ligne 652: current transaction is aborted, commands ignored until end of transaction block
[2026-01-26T13:10:35.669+0000] {logging_mixin.py:151} INFO -      ⚠️ Erreur ligne 653: current transaction is aborted, commands ignored until end of transaction block
[2026-01-26T13:10:35.670+0000] {logging_mixin.py:151} INFO -      ⚠️ Erreur ligne 654: current transaction is aborted, commands ignored until end of transaction block
[2026-01-26T13:10:35.671+0000] {logging_mixin.py:151} INFO -      ⚠️ Erreur ligne 655: current transaction is aborted, commands ignored until end of transaction block
[2026-01-26T13:10:35.672+0000] {logging_mixin.py:151} INFO -      ⚠️ Erreur ligne 656: current transaction is aborted, commands ignored until end of transaction block
[2026-01-26T13:10:35.673+0000] {logging_mixin.py:151} INFO -      ⚠️ Erreur ligne 657: current transaction is aborted, commands ignored until end of transaction block
[2026-01-26T13:10:35.675+0000] {logging_mixin.py:151} INFO -      ⚠️ Erreur ligne 658: current transaction is aborted, commands ignored until end of transaction block
[2026-01-26T13:10:35.677+0000] {logging_mixin.py:151} INFO -      ⚠️ Erreur ligne 659: current transaction is aborted, commands ignored until end of transaction block
[2026-01-26T13:10:35.679+0000] {logging_mixin.py:151} INFO -      ⚠️ Erreur ligne 660: current transaction is aborted, commands ignored until end of transaction block
[2026-01-26T13:10:35.681+0000] {logging_mixin.py:151} INFO -      ⚠️ Erreur ligne 661: current transaction is aborted, commands ignored until end of transaction block
[2026-01-26T13:10:35.682+0000] {logging_mixin.py:151} INFO -      ⚠️ Erreur ligne 662: current transaction is aborted, commands ignored until end of transaction block
[2026-01-26T13:10:35.684+0000] {logging_mixin.py:151} INFO -      ⚠️ Erreur ligne 663: current transaction is aborted, commands ignored until end of transaction block
[2026-01-26T13:10:35.685+0000] {logging_mixin.py:151} INFO -      ⚠️ Erreur ligne 664: current transaction is aborted, commands ignored until end of transaction block
[2026-01-26T13:10:35.687+0000] {logging_mixin.py:151} INFO -      ⚠️ Erreur ligne 665: current transaction is aborted, commands ignored until end of transaction block
[2026-01-26T13:10:35.688+0000] {logging_mixin.py:151} INFO -      ⚠️ Erreur ligne 666: current transaction is aborted, commands ignored until end of transaction block
[2026-01-26T13:10:35.689+0000] {logging_mixin.py:151} INFO -      ⚠️ Erreur ligne 667: current transaction is aborted, commands ignored until end of transaction block
[2026-01-26T13:10:35.690+0000] {logging_mixin.py:151} INFO -      ⚠️ Erreur ligne 668: current transaction is aborted, commands ignored until end of transaction block
[2026-01-26T13:10:35.691+0000] {logging_mixin.py:151} INFO -      ⚠️ Erreur ligne 669: current transaction is aborted, commands ignored until end of transaction block
[2026-01-26T13:10:35.693+0000] {logging_mixin.py:151} INFO -      ⚠️ Erreur ligne 670: current transaction is aborted, commands ignored until end of transaction block
[2026-01-26T13:10:35.694+0000] {logging_mixin.py:151} INFO -      ⚠️ Erreur ligne 671: current transaction is aborted, commands ignored until end of transaction block
[2026-01-26T13:10:35.695+0000] {logging_mixin.py:151} INFO -      ⚠️ Erreur ligne 672: current transaction is aborted, commands ignored until end of transaction block
[2026-01-26T13:10:35.696+0000] {logging_mixin.py:151} INFO -      ⚠️ Erreur ligne 673: current transaction is aborted, commands ignored until end of transaction block
[2026-01-26T13:10:35.697+0000] {logging_mixin.py:151} INFO -      ⚠️ Erreur ligne 674: current transaction is aborted, commands ignored until end of transaction block
[2026-01-26T13:10:35.698+0000] {logging_mixin.py:151} INFO -      ⚠️ Erreur ligne 675: current transaction is aborted, commands ignored until end of transaction block
[2026-01-26T13:10:35.700+0000] {logging_mixin.py:151} INFO -      ⚠️ Erreur ligne 676: current transaction is aborted, commands ignored until end of transaction block
[2026-01-26T13:10:35.701+0000] {logging_mixin.py:151} INFO -      ⚠️ Erreur ligne 677: current transaction is aborted, commands ignored until end of transaction block
[2026-01-26T13:10:35.702+0000] {logging_mixin.py:151} INFO -      ⚠️ Erreur ligne 678: current transaction is aborted, commands ignored until end of transaction block
[2026-01-26T13:10:35.704+0000] {logging_mixin.py:151} INFO -      ⚠️ Erreur ligne 679: current transaction is aborted, commands ignored until end of transaction block
[2026-01-26T13:10:35.706+0000] {logging_mixin.py:151} INFO -      ⚠️ Erreur ligne 680: current transaction is aborted, commands ignored until end of transaction block
[2026-01-26T13:10:35.708+0000] {logging_mixin.py:151} INFO -      ⚠️ Erreur ligne 681: current transaction is aborted, commands ignored until end of transaction block
[2026-01-26T13:10:35.709+0000] {logging_mixin.py:151} INFO -      ⚠️ Erreur ligne 682: current transaction is aborted, commands ignored until end of transaction block
[2026-01-26T13:10:35.711+0000] {logging_mixin.py:151} INFO -      ⚠️ Erreur ligne 683: current transaction is aborted, commands ignored until end of transaction block
[2026-01-26T13:10:35.712+0000] {logging_mixin.py:151} INFO -      ⚠️ Erreur ligne 684: current transaction is aborted, commands ignored until end of transaction block
[2026-01-26T13:10:35.713+0000] {logging_mixin.py:151} INFO -      ⚠️ Erreur ligne 685: current transaction is aborted, commands ignored until end of transaction block
[2026-01-26T13:10:35.714+0000] {logging_mixin.py:151} INFO -      ⚠️ Erreur ligne 686: current transaction is aborted, commands ignored until end of transaction block
[2026-01-26T13:10:35.715+0000] {logging_mixin.py:151} INFO -      ⚠️ Erreur ligne 687: current transaction is aborted, commands ignored until end of transaction block
[2026-01-26T13:10:35.717+0000] {logging_mixin.py:151} INFO -      ⚠️ Erreur ligne 688: current transaction is aborted, commands ignored until end of transaction block
[2026-01-26T13:10:35.718+0000] {logging_mixin.py:151} INFO -      ⚠️ Erreur ligne 689: current transaction is aborted, commands ignored until end of transaction block
[2026-01-26T13:10:35.719+0000] {logging_mixin.py:151} INFO -      ⚠️ Erreur ligne 690: current transaction is aborted, commands ignored until end of transaction block
[2026-01-26T13:10:35.720+0000] {logging_mixin.py:151} INFO -      ⚠️ Erreur ligne 691: current transaction is aborted, commands ignored until end of transaction block
[2026-01-26T13:10:35.721+0000] {logging_mixin.py:151} INFO -      ⚠️ Erreur ligne 692: current transaction is aborted, commands ignored until end of transaction block
[2026-01-26T13:10:35.722+0000] {logging_mixin.py:151} INFO -      ⚠️ Erreur ligne 693: current transaction is aborted, commands ignored until end of transaction block
[2026-01-26T13:10:35.723+0000] {logging_mixin.py:151} INFO -      ⚠️ Erreur ligne 694: current transaction is aborted, commands ignored until end of transaction block
[2026-01-26T13:10:35.724+0000] {logging_mixin.py:151} INFO -      ⚠️ Erreur ligne 695: current transaction is aborted, commands ignored until end of transaction block
[2026-01-26T13:10:35.725+0000] {logging_mixin.py:151} INFO -      ⚠️ Erreur ligne 696: current transaction is aborted, commands ignored until end of transaction block
[2026-01-26T13:10:35.726+0000] {logging_mixin.py:151} INFO -      ⚠️ Erreur ligne 697: current transaction is aborted, commands ignored until end of transaction block
[2026-01-26T13:10:35.727+0000] {logging_mixin.py:151} INFO -      ⚠️ Erreur ligne 698: current transaction is aborted, commands ignored until end of transaction block
[2026-01-26T13:10:35.728+0000] {logging_mixin.py:151} INFO -      ⚠️ Erreur ligne 699: current transaction is aborted, commands ignored until end of transaction block
[2026-01-26T13:10:35.730+0000] {logging_mixin.py:151} INFO -      ⚠️ Erreur ligne 700: current transaction is aborted, commands ignored until end of transaction block
[2026-01-26T13:10:35.732+0000] {logging_mixin.py:151} INFO -      ⚠️ Erreur ligne 701: current transaction is aborted, commands ignored until end of transaction block
[2026-01-26T13:10:35.733+0000] {logging_mixin.py:151} INFO -      ⚠️ Erreur ligne 702: current transaction is aborted, commands ignored until end of transaction block
[2026-01-26T13:10:35.735+0000] {logging_mixin.py:151} INFO -      ⚠️ Erreur ligne 703: current transaction is aborted, commands ignored until end of transaction block
[2026-01-26T13:10:35.736+0000] {logging_mixin.py:151} INFO -      ⚠️ Erreur ligne 704: current transaction is aborted, commands ignored until end of transaction block
[2026-01-26T13:10:35.738+0000] {logging_mixin.py:151} INFO -      ⚠️ Erreur ligne 705: current transaction is aborted, commands ignored until end of transaction block
[2026-01-26T13:10:35.739+0000] {logging_mixin.py:151} INFO -      ⚠️ Erreur ligne 706: current transaction is aborted, commands ignored until end of transaction block
[2026-01-26T13:10:35.740+0000] {logging_mixin.py:151} INFO -      ⚠️ Erreur ligne 707: current transaction is aborted, commands ignored until end of transaction block
[2026-01-26T13:10:35.741+0000] {logging_mixin.py:151} INFO -      ⚠️ Erreur ligne 708: current transaction is aborted, commands ignored until end of transaction block
[2026-01-26T13:10:35.742+0000] {logging_mixin.py:151} INFO -      ⚠️ Erreur ligne 709: current transaction is aborted, commands ignored until end of transaction block
[2026-01-26T13:10:35.744+0000] {logging_mixin.py:151} INFO -      ⚠️ Erreur ligne 710: current transaction is aborted, commands ignored until end of transaction block
[2026-01-26T13:10:35.745+0000] {logging_mixin.py:151} INFO -      ⚠️ Erreur ligne 711: current transaction is aborted, commands ignored until end of transaction block
[2026-01-26T13:10:35.746+0000] {logging_mixin.py:151} INFO -      ⚠️ Erreur ligne 712: current transaction is aborted, commands ignored until end of transaction block
[2026-01-26T13:10:35.747+0000] {logging_mixin.py:151} INFO -      ⚠️ Erreur ligne 713: current transaction is aborted, commands ignored until end of transaction block
[2026-01-26T13:10:35.748+0000] {logging_mixin.py:151} INFO -      ⚠️ Erreur ligne 714: current transaction is aborted, commands ignored until end of transaction block
[2026-01-26T13:10:35.749+0000] {logging_mixin.py:151} INFO -      ⚠️ Erreur ligne 715: current transaction is aborted, commands ignored until end of transaction block
[2026-01-26T13:10:35.750+0000] {logging_mixin.py:151} INFO -      ⚠️ Erreur ligne 716: current transaction is aborted, commands ignored until end of transaction block
[2026-01-26T13:10:35.751+0000] {logging_mixin.py:151} INFO -      ⚠️ Erreur ligne 717: current transaction is aborted, commands ignored until end of transaction block
[2026-01-26T13:10:35.752+0000] {logging_mixin.py:151} INFO -      ⚠️ Erreur ligne 718: current transaction is aborted, commands ignored until end of transaction block
[2026-01-26T13:10:35.753+0000] {logging_mixin.py:151} INFO -      ⚠️ Erreur ligne 719: current transaction is aborted, commands ignored until end of transaction block
[2026-01-26T13:10:35.754+0000] {logging_mixin.py:151} INFO -      ⚠️ Erreur ligne 720: current transaction is aborted, commands ignored until end of transaction block
[2026-01-26T13:10:35.755+0000] {logging_mixin.py:151} INFO -      ⚠️ Erreur ligne 721: current transaction is aborted, commands ignored until end of transaction block
[2026-01-26T13:10:35.757+0000] {logging_mixin.py:151} INFO -      ⚠️ Erreur ligne 722: current transaction is aborted, commands ignored until end of transaction block
[2026-01-26T13:10:35.758+0000] {logging_mixin.py:151} INFO -      ⚠️ Erreur ligne 723: current transaction is aborted, commands ignored until end of transaction block
[2026-01-26T13:10:35.760+0000] {logging_mixin.py:151} INFO -      ⚠️ Erreur ligne 724: current transaction is aborted, commands ignored until end of transaction block
[2026-01-26T13:10:35.762+0000] {logging_mixin.py:151} INFO -      ⚠️ Erreur ligne 725: current transaction is aborted, commands ignored until end of transaction block
[2026-01-26T13:10:35.763+0000] {logging_mixin.py:151} INFO -      ⚠️ Erreur ligne 726: current transaction is aborted, commands ignored until end of transaction block
[2026-01-26T13:10:35.765+0000] {logging_mixin.py:151} INFO -      ⚠️ Erreur ligne 727: current transaction is aborted, commands ignored until end of transaction block
[2026-01-26T13:10:35.766+0000] {logging_mixin.py:151} INFO -      ⚠️ Erreur ligne 728: current transaction is aborted, commands ignored until end of transaction block
[2026-01-26T13:10:35.768+0000] {logging_mixin.py:151} INFO -      ⚠️ Erreur ligne 729: current transaction is aborted, commands ignored until end of transaction block
[2026-01-26T13:10:35.769+0000] {logging_mixin.py:151} INFO -      ⚠️ Erreur ligne 730: current transaction is aborted, commands ignored until end of transaction block
[2026-01-26T13:10:35.770+0000] {logging_mixin.py:151} INFO -      ⚠️ Erreur ligne 731: current transaction is aborted, commands ignored until end of transaction block
[2026-01-26T13:10:35.771+0000] {logging_mixin.py:151} INFO -      ⚠️ Erreur ligne 732: current transaction is aborted, commands ignored until end of transaction block
[2026-01-26T13:10:35.772+0000] {logging_mixin.py:151} INFO -      ⚠️ Erreur ligne 733: current transaction is aborted, commands ignored until end of transaction block
[2026-01-26T13:10:35.773+0000] {logging_mixin.py:151} INFO -      ⚠️ Erreur ligne 734: current transaction is aborted, commands ignored until end of transaction block
[2026-01-26T13:10:35.774+0000] {logging_mixin.py:151} INFO -      ⚠️ Erreur ligne 735: current transaction is aborted, commands ignored until end of transaction block
[2026-01-26T13:10:35.775+0000] {logging_mixin.py:151} INFO -      ⚠️ Erreur ligne 736: current transaction is aborted, commands ignored until end of transaction block
[2026-01-26T13:10:35.776+0000] {logging_mixin.py:151} INFO -      ⚠️ Erreur ligne 737: current transaction is aborted, commands ignored until end of transaction block
[2026-01-26T13:10:35.777+0000] {logging_mixin.py:151} INFO -      ⚠️ Erreur ligne 738: current transaction is aborted, commands ignored until end of transaction block
[2026-01-26T13:10:35.779+0000] {logging_mixin.py:151} INFO -      ⚠️ Erreur ligne 739: current transaction is aborted, commands ignored until end of transaction block
[2026-01-26T13:10:35.780+0000] {logging_mixin.py:151} INFO -      ⚠️ Erreur ligne 740: current transaction is aborted, commands ignored until end of transaction block
[2026-01-26T13:10:35.781+0000] {logging_mixin.py:151} INFO -      ⚠️ Erreur ligne 741: current transaction is aborted, commands ignored until end of transaction block
[2026-01-26T13:10:35.782+0000] {logging_mixin.py:151} INFO -      ⚠️ Erreur ligne 742: current transaction is aborted, commands ignored until end of transaction block
[2026-01-26T13:10:35.783+0000] {logging_mixin.py:151} INFO -      ⚠️ Erreur ligne 743: current transaction is aborted, commands ignored until end of transaction block
[2026-01-26T13:10:35.784+0000] {logging_mixin.py:151} INFO -      ⚠️ Erreur ligne 744: current transaction is aborted, commands ignored until end of transaction block
[2026-01-26T13:10:35.785+0000] {logging_mixin.py:151} INFO -      ⚠️ Erreur ligne 745: current transaction is aborted, commands ignored until end of transaction block
[2026-01-26T13:10:35.786+0000] {logging_mixin.py:151} INFO -      ⚠️ Erreur ligne 746: current transaction is aborted, commands ignored until end of transaction block
[2026-01-26T13:10:35.788+0000] {logging_mixin.py:151} INFO -      ⚠️ Erreur ligne 747: current transaction is aborted, commands ignored until end of transaction block
[2026-01-26T13:10:35.789+0000] {logging_mixin.py:151} INFO -      ⚠️ Erreur ligne 748: current transaction is aborted, commands ignored until end of transaction block
[2026-01-26T13:10:35.791+0000] {logging_mixin.py:151} INFO -      ⚠️ Erreur ligne 749: current transaction is aborted, commands ignored until end of transaction block
[2026-01-26T13:10:35.792+0000] {logging_mixin.py:151} INFO -      ⚠️ Erreur ligne 750: current transaction is aborted, commands ignored until end of transaction block
[2026-01-26T13:10:35.793+0000] {logging_mixin.py:151} INFO -      ⚠️ Erreur ligne 751: current transaction is aborted, commands ignored until end of transaction block
[2026-01-26T13:10:35.794+0000] {logging_mixin.py:151} INFO -      ⚠️ Erreur ligne 752: current transaction is aborted, commands ignored until end of transaction block
[2026-01-26T13:10:35.795+0000] {logging_mixin.py:151} INFO -      ⚠️ Erreur ligne 753: current transaction is aborted, commands ignored until end of transaction block
[2026-01-26T13:10:35.796+0000] {logging_mixin.py:151} INFO -      ⚠️ Erreur ligne 754: current transaction is aborted, commands ignored until end of transaction block
[2026-01-26T13:10:35.797+0000] {logging_mixin.py:151} INFO -      ⚠️ Erreur ligne 755: current transaction is aborted, commands ignored until end of transaction block
[2026-01-26T13:10:35.798+0000] {logging_mixin.py:151} INFO -      ⚠️ Erreur ligne 756: current transaction is aborted, commands ignored until end of transaction block
[2026-01-26T13:10:35.799+0000] {logging_mixin.py:151} INFO -      ⚠️ Erreur ligne 757: current transaction is aborted, commands ignored until end of transaction block
[2026-01-26T13:10:35.800+0000] {logging_mixin.py:151} INFO -      ⚠️ Erreur ligne 758: current transaction is aborted, commands ignored until end of transaction block
[2026-01-26T13:10:35.801+0000] {logging_mixin.py:151} INFO -      ⚠️ Erreur ligne 759: current transaction is aborted, commands ignored until end of transaction block
[2026-01-26T13:10:35.802+0000] {logging_mixin.py:151} INFO -      ⚠️ Erreur ligne 760: current transaction is aborted, commands ignored until end of transaction block
[2026-01-26T13:10:35.803+0000] {logging_mixin.py:151} INFO -      ⚠️ Erreur ligne 761: current transaction is aborted, commands ignored until end of transaction block
[2026-01-26T13:10:35.804+0000] {logging_mixin.py:151} INFO -      ⚠️ Erreur ligne 762: current transaction is aborted, commands ignored until end of transaction block
[2026-01-26T13:10:35.805+0000] {logging_mixin.py:151} INFO -      ⚠️ Erreur ligne 763: current transaction is aborted, commands ignored until end of transaction block
[2026-01-26T13:10:35.807+0000] {logging_mixin.py:151} INFO -      ⚠️ Erreur ligne 764: current transaction is aborted, commands ignored until end of transaction block
[2026-01-26T13:10:35.811+0000] {logging_mixin.py:151} INFO -      ⚠️ Erreur ligne 765: current transaction is aborted, commands ignored until end of transaction block
[2026-01-26T13:10:35.813+0000] {logging_mixin.py:151} INFO -      ⚠️ Erreur ligne 766: current transaction is aborted, commands ignored until end of transaction block
[2026-01-26T13:10:35.815+0000] {logging_mixin.py:151} INFO -      ⚠️ Erreur ligne 767: current transaction is aborted, commands ignored until end of transaction block
[2026-01-26T13:10:35.817+0000] {logging_mixin.py:151} INFO -      ⚠️ Erreur ligne 768: current transaction is aborted, commands ignored until end of transaction block
[2026-01-26T13:10:35.819+0000] {logging_mixin.py:151} INFO -      ⚠️ Erreur ligne 769: current transaction is aborted, commands ignored until end of transaction block
[2026-01-26T13:10:35.821+0000] {logging_mixin.py:151} INFO -      ⚠️ Erreur ligne 770: current transaction is aborted, commands ignored until end of transaction block
[2026-01-26T13:10:35.823+0000] {logging_mixin.py:151} INFO -      ⚠️ Erreur ligne 771: current transaction is aborted, commands ignored until end of transaction block
[2026-01-26T13:10:35.824+0000] {logging_mixin.py:151} INFO -      ⚠️ Erreur ligne 772: current transaction is aborted, commands ignored until end of transaction block
[2026-01-26T13:10:35.826+0000] {logging_mixin.py:151} INFO -      ⚠️ Erreur ligne 773: current transaction is aborted, commands ignored until end of transaction block
[2026-01-26T13:10:35.827+0000] {logging_mixin.py:151} INFO -      ⚠️ Erreur ligne 774: current transaction is aborted, commands ignored until end of transaction block
[2026-01-26T13:10:35.829+0000] {logging_mixin.py:151} INFO -      ⚠️ Erreur ligne 775: current transaction is aborted, commands ignored until end of transaction block
[2026-01-26T13:10:35.830+0000] {logging_mixin.py:151} INFO -      ⚠️ Erreur ligne 776: current transaction is aborted, commands ignored until end of transaction block
[2026-01-26T13:10:35.832+0000] {logging_mixin.py:151} INFO -      ⚠️ Erreur ligne 777: current transaction is aborted, commands ignored until end of transaction block
[2026-01-26T13:10:35.833+0000] {logging_mixin.py:151} INFO -      ⚠️ Erreur ligne 778: current transaction is aborted, commands ignored until end of transaction block
[2026-01-26T13:10:35.835+0000] {logging_mixin.py:151} INFO -      ⚠️ Erreur ligne 779: current transaction is aborted, commands ignored until end of transaction block
[2026-01-26T13:10:35.838+0000] {logging_mixin.py:151} INFO -      ⚠️ Erreur ligne 780: current transaction is aborted, commands ignored until end of transaction block
[2026-01-26T13:10:35.841+0000] {logging_mixin.py:151} INFO -      ⚠️ Erreur ligne 781: current transaction is aborted, commands ignored until end of transaction block
[2026-01-26T13:10:35.845+0000] {logging_mixin.py:151} INFO -      ⚠️ Erreur ligne 782: current transaction is aborted, commands ignored until end of transaction block
[2026-01-26T13:10:35.847+0000] {logging_mixin.py:151} INFO -      ⚠️ Erreur ligne 783: current transaction is aborted, commands ignored until end of transaction block
[2026-01-26T13:10:35.849+0000] {logging_mixin.py:151} INFO -      ⚠️ Erreur ligne 784: current transaction is aborted, commands ignored until end of transaction block
[2026-01-26T13:10:35.850+0000] {logging_mixin.py:151} INFO -      ⚠️ Erreur ligne 785: current transaction is aborted, commands ignored until end of transaction block
[2026-01-26T13:10:35.851+0000] {logging_mixin.py:151} INFO -      ⚠️ Erreur ligne 786: current transaction is aborted, commands ignored until end of transaction block
[2026-01-26T13:10:35.852+0000] {logging_mixin.py:151} INFO -      ⚠️ Erreur ligne 787: current transaction is aborted, commands ignored until end of transaction block
[2026-01-26T13:10:35.853+0000] {logging_mixin.py:151} INFO -      ⚠️ Erreur ligne 788: current transaction is aborted, commands ignored until end of transaction block
[2026-01-26T13:10:35.854+0000] {logging_mixin.py:151} INFO -      ⚠️ Erreur ligne 789: current transaction is aborted, commands ignored until end of transaction block
[2026-01-26T13:10:35.856+0000] {logging_mixin.py:151} INFO -      ⚠️ Erreur ligne 790: current transaction is aborted, commands ignored until end of transaction block
[2026-01-26T13:10:35.857+0000] {logging_mixin.py:151} INFO -      ⚠️ Erreur ligne 791: current transaction is aborted, commands ignored until end of transaction block
[2026-01-26T13:10:35.858+0000] {logging_mixin.py:151} INFO -      ⚠️ Erreur ligne 792: current transaction is aborted, commands ignored until end of transaction block
[2026-01-26T13:10:35.859+0000] {logging_mixin.py:151} INFO -      ⚠️ Erreur ligne 793: current transaction is aborted, commands ignored until end of transaction block
[2026-01-26T13:10:35.860+0000] {logging_mixin.py:151} INFO -      ⚠️ Erreur ligne 794: current transaction is aborted, commands ignored until end of transaction block
[2026-01-26T13:10:35.862+0000] {logging_mixin.py:151} INFO -      ⚠️ Erreur ligne 795: current transaction is aborted, commands ignored until end of transaction block
[2026-01-26T13:10:35.863+0000] {logging_mixin.py:151} INFO -      ⚠️ Erreur ligne 796: current transaction is aborted, commands ignored until end of transaction block
[2026-01-26T13:10:35.864+0000] {logging_mixin.py:151} INFO -      ⚠️ Erreur ligne 797: current transaction is aborted, commands ignored until end of transaction block
[2026-01-26T13:10:35.866+0000] {logging_mixin.py:151} INFO -      ⚠️ Erreur ligne 798: current transaction is aborted, commands ignored until end of transaction block
[2026-01-26T13:10:35.867+0000] {logging_mixin.py:151} INFO -      ⚠️ Erreur ligne 799: current transaction is aborted, commands ignored until end of transaction block
[2026-01-26T13:10:35.867+0000] {logging_mixin.py:151} INFO -      ⚠️ Erreur ligne 800: current transaction is aborted, commands ignored until end of transaction block
[2026-01-26T13:10:35.869+0000] {logging_mixin.py:151} INFO -      ⚠️ Erreur ligne 801: current transaction is aborted, commands ignored until end of transaction block
[2026-01-26T13:10:35.871+0000] {logging_mixin.py:151} INFO -      ⚠️ Erreur ligne 802: current transaction is aborted, commands ignored until end of transaction block
[2026-01-26T13:10:35.873+0000] {logging_mixin.py:151} INFO -      ⚠️ Erreur ligne 803: current transaction is aborted, commands ignored until end of transaction block
[2026-01-26T13:10:35.874+0000] {logging_mixin.py:151} INFO -      ⚠️ Erreur ligne 804: current transaction is aborted, commands ignored until end of transaction block
[2026-01-26T13:10:35.875+0000] {logging_mixin.py:151} INFO -      ⚠️ Erreur ligne 805: current transaction is aborted, commands ignored until end of transaction block
[2026-01-26T13:10:35.877+0000] {logging_mixin.py:151} INFO -      ⚠️ Erreur ligne 806: current transaction is aborted, commands ignored until end of transaction block
[2026-01-26T13:10:35.878+0000] {logging_mixin.py:151} INFO -      ⚠️ Erreur ligne 807: current transaction is aborted, commands ignored until end of transaction block
[2026-01-26T13:10:35.879+0000] {logging_mixin.py:151} INFO -      ⚠️ Erreur ligne 808: current transaction is aborted, commands ignored until end of transaction block
[2026-01-26T13:10:35.880+0000] {logging_mixin.py:151} INFO -      ⚠️ Erreur ligne 809: current transaction is aborted, commands ignored until end of transaction block
[2026-01-26T13:10:35.881+0000] {logging_mixin.py:151} INFO -      ⚠️ Erreur ligne 810: current transaction is aborted, commands ignored until end of transaction block
[2026-01-26T13:10:35.883+0000] {logging_mixin.py:151} INFO -      ⚠️ Erreur ligne 811: current transaction is aborted, commands ignored until end of transaction block
[2026-01-26T13:10:35.883+0000] {logging_mixin.py:151} INFO -      ⚠️ Erreur ligne 812: current transaction is aborted, commands ignored until end of transaction block
[2026-01-26T13:10:35.885+0000] {logging_mixin.py:151} INFO -      ⚠️ Erreur ligne 813: current transaction is aborted, commands ignored until end of transaction block
[2026-01-26T13:10:35.885+0000] {logging_mixin.py:151} INFO -      ⚠️ Erreur ligne 814: current transaction is aborted, commands ignored until end of transaction block
[2026-01-26T13:10:35.886+0000] {logging_mixin.py:151} INFO -      ⚠️ Erreur ligne 815: current transaction is aborted, commands ignored until end of transaction block
[2026-01-26T13:10:35.887+0000] {logging_mixin.py:151} INFO -      ⚠️ Erreur ligne 816: current transaction is aborted, commands ignored until end of transaction block
[2026-01-26T13:10:35.888+0000] {logging_mixin.py:151} INFO -      ⚠️ Erreur ligne 817: current transaction is aborted, commands ignored until end of transaction block
[2026-01-26T13:10:35.889+0000] {logging_mixin.py:151} INFO -      ⚠️ Erreur ligne 818: current transaction is aborted, commands ignored until end of transaction block
[2026-01-26T13:10:35.890+0000] {logging_mixin.py:151} INFO -      ⚠️ Erreur ligne 819: current transaction is aborted, commands ignored until end of transaction block
[2026-01-26T13:10:35.893+0000] {logging_mixin.py:151} INFO -      ⚠️ Erreur ligne 820: current transaction is aborted, commands ignored until end of transaction block
[2026-01-26T13:10:35.894+0000] {logging_mixin.py:151} INFO -      ⚠️ Erreur ligne 821: current transaction is aborted, commands ignored until end of transaction block
[2026-01-26T13:10:35.895+0000] {logging_mixin.py:151} INFO -      ⚠️ Erreur ligne 822: current transaction is aborted, commands ignored until end of transaction block
[2026-01-26T13:10:35.898+0000] {logging_mixin.py:151} INFO -      ⚠️ Erreur ligne 823: current transaction is aborted, commands ignored until end of transaction block
[2026-01-26T13:10:35.901+0000] {logging_mixin.py:151} INFO -      ⚠️ Erreur ligne 824: current transaction is aborted, commands ignored until end of transaction block
[2026-01-26T13:10:35.903+0000] {logging_mixin.py:151} INFO -      ⚠️ Erreur ligne 825: current transaction is aborted, commands ignored until end of transaction block
[2026-01-26T13:10:35.905+0000] {logging_mixin.py:151} INFO -      ⚠️ Erreur ligne 826: current transaction is aborted, commands ignored until end of transaction block
[2026-01-26T13:10:35.906+0000] {logging_mixin.py:151} INFO -      ⚠️ Erreur ligne 827: current transaction is aborted, commands ignored until end of transaction block
[2026-01-26T13:10:35.908+0000] {logging_mixin.py:151} INFO -      ⚠️ Erreur ligne 828: current transaction is aborted, commands ignored until end of transaction block
[2026-01-26T13:10:35.909+0000] {logging_mixin.py:151} INFO -      ⚠️ Erreur ligne 829: current transaction is aborted, commands ignored until end of transaction block
[2026-01-26T13:10:35.910+0000] {logging_mixin.py:151} INFO -      ⚠️ Erreur ligne 830: current transaction is aborted, commands ignored until end of transaction block
[2026-01-26T13:10:35.912+0000] {logging_mixin.py:151} INFO -      ⚠️ Erreur ligne 831: current transaction is aborted, commands ignored until end of transaction block
[2026-01-26T13:10:35.913+0000] {logging_mixin.py:151} INFO -      ⚠️ Erreur ligne 832: current transaction is aborted, commands ignored until end of transaction block
[2026-01-26T13:10:35.914+0000] {logging_mixin.py:151} INFO -      ⚠️ Erreur ligne 833: current transaction is aborted, commands ignored until end of transaction block
[2026-01-26T13:10:35.916+0000] {logging_mixin.py:151} INFO -      ⚠️ Erreur ligne 834: current transaction is aborted, commands ignored until end of transaction block
[2026-01-26T13:10:35.917+0000] {logging_mixin.py:151} INFO -      ⚠️ Erreur ligne 835: current transaction is aborted, commands ignored until end of transaction block
[2026-01-26T13:10:35.919+0000] {logging_mixin.py:151} INFO -      ⚠️ Erreur ligne 836: current transaction is aborted, commands ignored until end of transaction block
[2026-01-26T13:10:35.921+0000] {logging_mixin.py:151} INFO -      ⚠️ Erreur ligne 837: current transaction is aborted, commands ignored until end of transaction block
[2026-01-26T13:10:35.922+0000] {logging_mixin.py:151} INFO -      ⚠️ Erreur ligne 838: current transaction is aborted, commands ignored until end of transaction block
[2026-01-26T13:10:35.924+0000] {logging_mixin.py:151} INFO -      ⚠️ Erreur ligne 839: current transaction is aborted, commands ignored until end of transaction block
[2026-01-26T13:10:35.925+0000] {logging_mixin.py:151} INFO -      ⚠️ Erreur ligne 840: current transaction is aborted, commands ignored until end of transaction block
[2026-01-26T13:10:35.927+0000] {logging_mixin.py:151} INFO -      ⚠️ Erreur ligne 841: current transaction is aborted, commands ignored until end of transaction block
[2026-01-26T13:10:35.929+0000] {logging_mixin.py:151} INFO -      ⚠️ Erreur ligne 842: current transaction is aborted, commands ignored until end of transaction block
[2026-01-26T13:10:35.931+0000] {logging_mixin.py:151} INFO -      ⚠️ Erreur ligne 843: current transaction is aborted, commands ignored until end of transaction block
[2026-01-26T13:10:35.932+0000] {logging_mixin.py:151} INFO -      ⚠️ Erreur ligne 844: current transaction is aborted, commands ignored until end of transaction block
[2026-01-26T13:10:35.933+0000] {logging_mixin.py:151} INFO -      ⚠️ Erreur ligne 845: current transaction is aborted, commands ignored until end of transaction block
[2026-01-26T13:10:35.935+0000] {logging_mixin.py:151} INFO -      ⚠️ Erreur ligne 846: current transaction is aborted, commands ignored until end of transaction block
[2026-01-26T13:10:35.936+0000] {logging_mixin.py:151} INFO -      ⚠️ Erreur ligne 847: current transaction is aborted, commands ignored until end of transaction block
[2026-01-26T13:10:35.938+0000] {logging_mixin.py:151} INFO -      ⚠️ Erreur ligne 848: current transaction is aborted, commands ignored until end of transaction block
[2026-01-26T13:10:35.939+0000] {logging_mixin.py:151} INFO -      ⚠️ Erreur ligne 849: current transaction is aborted, commands ignored until end of transaction block
[2026-01-26T13:10:35.941+0000] {logging_mixin.py:151} INFO -      ⚠️ Erreur ligne 850: current transaction is aborted, commands ignored until end of transaction block
[2026-01-26T13:10:35.942+0000] {logging_mixin.py:151} INFO -      ⚠️ Erreur ligne 851: current transaction is aborted, commands ignored until end of transaction block
[2026-01-26T13:10:35.944+0000] {logging_mixin.py:151} INFO -      ⚠️ Erreur ligne 852: current transaction is aborted, commands ignored until end of transaction block
[2026-01-26T13:10:35.945+0000] {logging_mixin.py:151} INFO -      ⚠️ Erreur ligne 853: current transaction is aborted, commands ignored until end of transaction block
[2026-01-26T13:10:35.946+0000] {logging_mixin.py:151} INFO -      ⚠️ Erreur ligne 854: current transaction is aborted, commands ignored until end of transaction block
[2026-01-26T13:10:35.948+0000] {logging_mixin.py:151} INFO -      ⚠️ Erreur ligne 855: current transaction is aborted, commands ignored until end of transaction block
[2026-01-26T13:10:35.951+0000] {logging_mixin.py:151} INFO -      ⚠️ Erreur ligne 856: current transaction is aborted, commands ignored until end of transaction block
[2026-01-26T13:10:35.952+0000] {logging_mixin.py:151} INFO -      ⚠️ Erreur ligne 857: current transaction is aborted, commands ignored until end of transaction block
[2026-01-26T13:10:35.954+0000] {logging_mixin.py:151} INFO -      ⚠️ Erreur ligne 858: current transaction is aborted, commands ignored until end of transaction block
[2026-01-26T13:10:35.955+0000] {logging_mixin.py:151} INFO -      ⚠️ Erreur ligne 859: current transaction is aborted, commands ignored until end of transaction block
[2026-01-26T13:10:35.956+0000] {logging_mixin.py:151} INFO -      ⚠️ Erreur ligne 860: current transaction is aborted, commands ignored until end of transaction block
[2026-01-26T13:10:35.957+0000] {logging_mixin.py:151} INFO -      ⚠️ Erreur ligne 861: current transaction is aborted, commands ignored until end of transaction block
[2026-01-26T13:10:35.959+0000] {logging_mixin.py:151} INFO -      ⚠️ Erreur ligne 862: current transaction is aborted, commands ignored until end of transaction block
[2026-01-26T13:10:35.960+0000] {logging_mixin.py:151} INFO -      ⚠️ Erreur ligne 863: current transaction is aborted, commands ignored until end of transaction block
[2026-01-26T13:10:35.961+0000] {logging_mixin.py:151} INFO -      ⚠️ Erreur ligne 864: current transaction is aborted, commands ignored until end of transaction block
[2026-01-26T13:10:35.962+0000] {logging_mixin.py:151} INFO -      ⚠️ Erreur ligne 865: current transaction is aborted, commands ignored until end of transaction block
[2026-01-26T13:10:35.964+0000] {logging_mixin.py:151} INFO -      ⚠️ Erreur ligne 866: current transaction is aborted, commands ignored until end of transaction block
[2026-01-26T13:10:35.965+0000] {logging_mixin.py:151} INFO -      ⚠️ Erreur ligne 867: current transaction is aborted, commands ignored until end of transaction block
[2026-01-26T13:10:35.966+0000] {logging_mixin.py:151} INFO -      ⚠️ Erreur ligne 868: current transaction is aborted, commands ignored until end of transaction block
[2026-01-26T13:10:35.967+0000] {logging_mixin.py:151} INFO -      ⚠️ Erreur ligne 869: current transaction is aborted, commands ignored until end of transaction block
[2026-01-26T13:10:35.968+0000] {logging_mixin.py:151} INFO -      ⚠️ Erreur ligne 870: current transaction is aborted, commands ignored until end of transaction block
[2026-01-26T13:10:35.969+0000] {logging_mixin.py:151} INFO -      ⚠️ Erreur ligne 871: current transaction is aborted, commands ignored until end of transaction block
[2026-01-26T13:10:35.970+0000] {logging_mixin.py:151} INFO -      ⚠️ Erreur ligne 872: current transaction is aborted, commands ignored until end of transaction block
[2026-01-26T13:10:35.971+0000] {logging_mixin.py:151} INFO -      ⚠️ Erreur ligne 873: current transaction is aborted, commands ignored until end of transaction block
[2026-01-26T13:10:35.974+0000] {logging_mixin.py:151} INFO -      ⚠️ Erreur ligne 874: current transaction is aborted, commands ignored until end of transaction block
[2026-01-26T13:10:35.978+0000] {logging_mixin.py:151} INFO -      ⚠️ Erreur ligne 875: current transaction is aborted, commands ignored until end of transaction block
[2026-01-26T13:10:35.979+0000] {logging_mixin.py:151} INFO -      ⚠️ Erreur ligne 876: current transaction is aborted, commands ignored until end of transaction block
[2026-01-26T13:10:35.981+0000] {logging_mixin.py:151} INFO -      ⚠️ Erreur ligne 877: current transaction is aborted, commands ignored until end of transaction block
[2026-01-26T13:10:35.982+0000] {logging_mixin.py:151} INFO -      ⚠️ Erreur ligne 878: current transaction is aborted, commands ignored until end of transaction block
[2026-01-26T13:10:35.983+0000] {logging_mixin.py:151} INFO -      ⚠️ Erreur ligne 879: current transaction is aborted, commands ignored until end of transaction block
[2026-01-26T13:10:35.985+0000] {logging_mixin.py:151} INFO -      ⚠️ Erreur ligne 880: current transaction is aborted, commands ignored until end of transaction block
[2026-01-26T13:10:35.986+0000] {logging_mixin.py:151} INFO -      ⚠️ Erreur ligne 881: current transaction is aborted, commands ignored until end of transaction block
[2026-01-26T13:10:35.987+0000] {logging_mixin.py:151} INFO -      ⚠️ Erreur ligne 882: current transaction is aborted, commands ignored until end of transaction block
[2026-01-26T13:10:35.988+0000] {logging_mixin.py:151} INFO -      ⚠️ Erreur ligne 883: current transaction is aborted, commands ignored until end of transaction block
[2026-01-26T13:10:35.989+0000] {logging_mixin.py:151} INFO -      ⚠️ Erreur ligne 884: current transaction is aborted, commands ignored until end of transaction block
[2026-01-26T13:10:35.990+0000] {logging_mixin.py:151} INFO -      ⚠️ Erreur ligne 885: current transaction is aborted, commands ignored until end of transaction block
[2026-01-26T13:10:35.991+0000] {logging_mixin.py:151} INFO -      ⚠️ Erreur ligne 886: current transaction is aborted, commands ignored until end of transaction block
[2026-01-26T13:10:35.992+0000] {logging_mixin.py:151} INFO -      ⚠️ Erreur ligne 887: current transaction is aborted, commands ignored until end of transaction block
[2026-01-26T13:10:35.993+0000] {logging_mixin.py:151} INFO -      ⚠️ Erreur ligne 888: current transaction is aborted, commands ignored until end of transaction block
[2026-01-26T13:10:35.994+0000] {logging_mixin.py:151} INFO -      ⚠️ Erreur ligne 889: current transaction is aborted, commands ignored until end of transaction block
[2026-01-26T13:10:35.995+0000] {logging_mixin.py:151} INFO -      ⚠️ Erreur ligne 890: current transaction is aborted, commands ignored until end of transaction block
[2026-01-26T13:10:35.996+0000] {logging_mixin.py:151} INFO -      ⚠️ Erreur ligne 891: current transaction is aborted, commands ignored until end of transaction block
[2026-01-26T13:10:35.997+0000] {logging_mixin.py:151} INFO -      ⚠️ Erreur ligne 892: current transaction is aborted, commands ignored until end of transaction block
[2026-01-26T13:10:36.000+0000] {logging_mixin.py:151} INFO -      ⚠️ Erreur ligne 893: current transaction is aborted, commands ignored until end of transaction block
[2026-01-26T13:10:36.002+0000] {logging_mixin.py:151} INFO -      ⚠️ Erreur ligne 894: current transaction is aborted, commands ignored until end of transaction block
[2026-01-26T13:10:36.003+0000] {logging_mixin.py:151} INFO -      ⚠️ Erreur ligne 895: current transaction is aborted, commands ignored until end of transaction block
[2026-01-26T13:10:36.005+0000] {logging_mixin.py:151} INFO -      ⚠️ Erreur ligne 896: current transaction is aborted, commands ignored until end of transaction block
[2026-01-26T13:10:36.006+0000] {logging_mixin.py:151} INFO -      ⚠️ Erreur ligne 897: current transaction is aborted, commands ignored until end of transaction block
[2026-01-26T13:10:36.007+0000] {logging_mixin.py:151} INFO -      ⚠️ Erreur ligne 898: current transaction is aborted, commands ignored until end of transaction block
[2026-01-26T13:10:36.009+0000] {logging_mixin.py:151} INFO -      ⚠️ Erreur ligne 899: current transaction is aborted, commands ignored until end of transaction block
[2026-01-26T13:10:36.010+0000] {logging_mixin.py:151} INFO -      ⚠️ Erreur ligne 900: current transaction is aborted, commands ignored until end of transaction block
[2026-01-26T13:10:36.011+0000] {logging_mixin.py:151} INFO -      ⚠️ Erreur ligne 901: current transaction is aborted, commands ignored until end of transaction block
[2026-01-26T13:10:36.012+0000] {logging_mixin.py:151} INFO -      ⚠️ Erreur ligne 902: current transaction is aborted, commands ignored until end of transaction block
[2026-01-26T13:10:36.013+0000] {logging_mixin.py:151} INFO -      ⚠️ Erreur ligne 903: current transaction is aborted, commands ignored until end of transaction block
[2026-01-26T13:10:36.014+0000] {logging_mixin.py:151} INFO -      ⚠️ Erreur ligne 904: current transaction is aborted, commands ignored until end of transaction block
[2026-01-26T13:10:36.015+0000] {logging_mixin.py:151} INFO -      ⚠️ Erreur ligne 905: current transaction is aborted, commands ignored until end of transaction block
[2026-01-26T13:10:36.016+0000] {logging_mixin.py:151} INFO -      ⚠️ Erreur ligne 906: current transaction is aborted, commands ignored until end of transaction block
[2026-01-26T13:10:36.017+0000] {logging_mixin.py:151} INFO -      ⚠️ Erreur ligne 907: current transaction is aborted, commands ignored until end of transaction block
[2026-01-26T13:10:36.018+0000] {logging_mixin.py:151} INFO -      ⚠️ Erreur ligne 908: current transaction is aborted, commands ignored until end of transaction block
[2026-01-26T13:10:36.019+0000] {logging_mixin.py:151} INFO -      ⚠️ Erreur ligne 909: current transaction is aborted, commands ignored until end of transaction block
[2026-01-26T13:10:36.020+0000] {logging_mixin.py:151} INFO -      ⚠️ Erreur ligne 910: current transaction is aborted, commands ignored until end of transaction block
[2026-01-26T13:10:36.021+0000] {logging_mixin.py:151} INFO -      ⚠️ Erreur ligne 911: current transaction is aborted, commands ignored until end of transaction block
[2026-01-26T13:10:36.022+0000] {logging_mixin.py:151} INFO -      ⚠️ Erreur ligne 912: current transaction is aborted, commands ignored until end of transaction block
[2026-01-26T13:10:36.023+0000] {logging_mixin.py:151} INFO -      ⚠️ Erreur ligne 913: current transaction is aborted, commands ignored until end of transaction block
[2026-01-26T13:10:36.024+0000] {logging_mixin.py:151} INFO -      ⚠️ Erreur ligne 914: current transaction is aborted, commands ignored until end of transaction block
[2026-01-26T13:10:36.025+0000] {logging_mixin.py:151} INFO -      ⚠️ Erreur ligne 915: current transaction is aborted, commands ignored until end of transaction block
[2026-01-26T13:10:36.026+0000] {logging_mixin.py:151} INFO -      ⚠️ Erreur ligne 916: current transaction is aborted, commands ignored until end of transaction block
[2026-01-26T13:10:36.028+0000] {logging_mixin.py:151} INFO -      ⚠️ Erreur ligne 917: current transaction is aborted, commands ignored until end of transaction block
[2026-01-26T13:10:36.029+0000] {logging_mixin.py:151} INFO -      ⚠️ Erreur ligne 918: current transaction is aborted, commands ignored until end of transaction block
[2026-01-26T13:10:36.031+0000] {logging_mixin.py:151} INFO -      ⚠️ Erreur ligne 919: current transaction is aborted, commands ignored until end of transaction block
[2026-01-26T13:10:36.032+0000] {logging_mixin.py:151} INFO -      ⚠️ Erreur ligne 920: current transaction is aborted, commands ignored until end of transaction block
[2026-01-26T13:10:36.034+0000] {logging_mixin.py:151} INFO -      ⚠️ Erreur ligne 921: current transaction is aborted, commands ignored until end of transaction block
[2026-01-26T13:10:36.035+0000] {logging_mixin.py:151} INFO -      ⚠️ Erreur ligne 922: current transaction is aborted, commands ignored until end of transaction block
[2026-01-26T13:10:36.036+0000] {logging_mixin.py:151} INFO -      ⚠️ Erreur ligne 923: current transaction is aborted, commands ignored until end of transaction block
[2026-01-26T13:10:36.038+0000] {logging_mixin.py:151} INFO -      ⚠️ Erreur ligne 924: current transaction is aborted, commands ignored until end of transaction block
[2026-01-26T13:10:36.039+0000] {logging_mixin.py:151} INFO -      ⚠️ Erreur ligne 925: current transaction is aborted, commands ignored until end of transaction block
[2026-01-26T13:10:36.040+0000] {logging_mixin.py:151} INFO -      ⚠️ Erreur ligne 926: current transaction is aborted, commands ignored until end of transaction block
[2026-01-26T13:10:36.041+0000] {logging_mixin.py:151} INFO -      ⚠️ Erreur ligne 927: current transaction is aborted, commands ignored until end of transaction block
[2026-01-26T13:10:36.042+0000] {logging_mixin.py:151} INFO -      ⚠️ Erreur ligne 928: current transaction is aborted, commands ignored until end of transaction block
[2026-01-26T13:10:36.043+0000] {logging_mixin.py:151} INFO -      ⚠️ Erreur ligne 929: current transaction is aborted, commands ignored until end of transaction block
[2026-01-26T13:10:36.044+0000] {logging_mixin.py:151} INFO -      ⚠️ Erreur ligne 930: current transaction is aborted, commands ignored until end of transaction block
[2026-01-26T13:10:36.045+0000] {logging_mixin.py:151} INFO -      ⚠️ Erreur ligne 931: current transaction is aborted, commands ignored until end of transaction block
[2026-01-26T13:10:36.046+0000] {logging_mixin.py:151} INFO -      ⚠️ Erreur ligne 932: current transaction is aborted, commands ignored until end of transaction block
[2026-01-26T13:10:36.047+0000] {logging_mixin.py:151} INFO -      ⚠️ Erreur ligne 933: current transaction is aborted, commands ignored until end of transaction block
[2026-01-26T13:10:36.048+0000] {logging_mixin.py:151} INFO -      ⚠️ Erreur ligne 934: current transaction is aborted, commands ignored until end of transaction block
[2026-01-26T13:10:36.049+0000] {logging_mixin.py:151} INFO -      ⚠️ Erreur ligne 935: current transaction is aborted, commands ignored until end of transaction block
[2026-01-26T13:10:36.050+0000] {logging_mixin.py:151} INFO -      ⚠️ Erreur ligne 936: current transaction is aborted, commands ignored until end of transaction block
[2026-01-26T13:10:36.051+0000] {logging_mixin.py:151} INFO -      ⚠️ Erreur ligne 937: current transaction is aborted, commands ignored until end of transaction block
[2026-01-26T13:10:36.052+0000] {logging_mixin.py:151} INFO -      ⚠️ Erreur ligne 938: current transaction is aborted, commands ignored until end of transaction block
[2026-01-26T13:10:36.053+0000] {logging_mixin.py:151} INFO -      ⚠️ Erreur ligne 939: current transaction is aborted, commands ignored until end of transaction block
[2026-01-26T13:10:36.054+0000] {logging_mixin.py:151} INFO -      ⚠️ Erreur ligne 940: current transaction is aborted, commands ignored until end of transaction block
[2026-01-26T13:10:36.055+0000] {logging_mixin.py:151} INFO -      ⚠️ Erreur ligne 941: current transaction is aborted, commands ignored until end of transaction block
[2026-01-26T13:10:36.056+0000] {logging_mixin.py:151} INFO -      ⚠️ Erreur ligne 942: current transaction is aborted, commands ignored until end of transaction block
[2026-01-26T13:10:36.058+0000] {logging_mixin.py:151} INFO -      ⚠️ Erreur ligne 943: current transaction is aborted, commands ignored until end of transaction block
[2026-01-26T13:10:36.060+0000] {logging_mixin.py:151} INFO -      ⚠️ Erreur ligne 944: current transaction is aborted, commands ignored until end of transaction block
[2026-01-26T13:10:36.062+0000] {logging_mixin.py:151} INFO -      ⚠️ Erreur ligne 945: current transaction is aborted, commands ignored until end of transaction block
[2026-01-26T13:10:36.063+0000] {logging_mixin.py:151} INFO -      ⚠️ Erreur ligne 946: current transaction is aborted, commands ignored until end of transaction block
[2026-01-26T13:10:36.064+0000] {logging_mixin.py:151} INFO -      ⚠️ Erreur ligne 947: current transaction is aborted, commands ignored until end of transaction block
[2026-01-26T13:10:36.066+0000] {logging_mixin.py:151} INFO -      ⚠️ Erreur ligne 948: current transaction is aborted, commands ignored until end of transaction block
[2026-01-26T13:10:36.067+0000] {logging_mixin.py:151} INFO -      ⚠️ Erreur ligne 949: current transaction is aborted, commands ignored until end of transaction block
[2026-01-26T13:10:36.068+0000] {logging_mixin.py:151} INFO -      ⚠️ Erreur ligne 950: current transaction is aborted, commands ignored until end of transaction block
[2026-01-26T13:10:36.069+0000] {logging_mixin.py:151} INFO -      ⚠️ Erreur ligne 951: current transaction is aborted, commands ignored until end of transaction block
[2026-01-26T13:10:36.070+0000] {logging_mixin.py:151} INFO -      ⚠️ Erreur ligne 952: current transaction is aborted, commands ignored until end of transaction block
[2026-01-26T13:10:36.071+0000] {logging_mixin.py:151} INFO -      ⚠️ Erreur ligne 953: current transaction is aborted, commands ignored until end of transaction block
[2026-01-26T13:10:36.072+0000] {logging_mixin.py:151} INFO -      ⚠️ Erreur ligne 954: current transaction is aborted, commands ignored until end of transaction block
[2026-01-26T13:10:36.073+0000] {logging_mixin.py:151} INFO -      ⚠️ Erreur ligne 955: current transaction is aborted, commands ignored until end of transaction block
[2026-01-26T13:10:36.074+0000] {logging_mixin.py:151} INFO -      ⚠️ Erreur ligne 956: current transaction is aborted, commands ignored until end of transaction block
[2026-01-26T13:10:36.075+0000] {logging_mixin.py:151} INFO -      ⚠️ Erreur ligne 957: current transaction is aborted, commands ignored until end of transaction block
[2026-01-26T13:10:36.076+0000] {logging_mixin.py:151} INFO -      ⚠️ Erreur ligne 958: current transaction is aborted, commands ignored until end of transaction block
[2026-01-26T13:10:36.077+0000] {logging_mixin.py:151} INFO -      ⚠️ Erreur ligne 959: current transaction is aborted, commands ignored until end of transaction block
[2026-01-26T13:10:36.078+0000] {logging_mixin.py:151} INFO -      ⚠️ Erreur ligne 960: current transaction is aborted, commands ignored until end of transaction block
[2026-01-26T13:10:36.079+0000] {logging_mixin.py:151} INFO -      ⚠️ Erreur ligne 961: current transaction is aborted, commands ignored until end of transaction block
[2026-01-26T13:10:36.081+0000] {logging_mixin.py:151} INFO -      ⚠️ Erreur ligne 962: current transaction is aborted, commands ignored until end of transaction block
[2026-01-26T13:10:36.083+0000] {logging_mixin.py:151} INFO -      ⚠️ Erreur ligne 963: current transaction is aborted, commands ignored until end of transaction block
[2026-01-26T13:10:36.085+0000] {logging_mixin.py:151} INFO -      ⚠️ Erreur ligne 964: current transaction is aborted, commands ignored until end of transaction block
[2026-01-26T13:10:36.087+0000] {logging_mixin.py:151} INFO -      ⚠️ Erreur ligne 965: current transaction is aborted, commands ignored until end of transaction block
[2026-01-26T13:10:36.089+0000] {logging_mixin.py:151} INFO -      ⚠️ Erreur ligne 966: current transaction is aborted, commands ignored until end of transaction block
[2026-01-26T13:10:36.091+0000] {logging_mixin.py:151} INFO -      ⚠️ Erreur ligne 967: current transaction is aborted, commands ignored until end of transaction block
[2026-01-26T13:10:36.093+0000] {logging_mixin.py:151} INFO -      ⚠️ Erreur ligne 968: current transaction is aborted, commands ignored until end of transaction block
[2026-01-26T13:10:36.094+0000] {logging_mixin.py:151} INFO -      ⚠️ Erreur ligne 969: current transaction is aborted, commands ignored until end of transaction block
[2026-01-26T13:10:36.096+0000] {logging_mixin.py:151} INFO -      ⚠️ Erreur ligne 970: current transaction is aborted, commands ignored until end of transaction block
[2026-01-26T13:10:36.097+0000] {logging_mixin.py:151} INFO -      ⚠️ Erreur ligne 971: current transaction is aborted, commands ignored until end of transaction block
[2026-01-26T13:10:36.098+0000] {logging_mixin.py:151} INFO -      ⚠️ Erreur ligne 972: current transaction is aborted, commands ignored until end of transaction block
[2026-01-26T13:10:36.100+0000] {logging_mixin.py:151} INFO -      ⚠️ Erreur ligne 973: current transaction is aborted, commands ignored until end of transaction block
[2026-01-26T13:10:36.101+0000] {logging_mixin.py:151} INFO -      ⚠️ Erreur ligne 974: current transaction is aborted, commands ignored until end of transaction block
[2026-01-26T13:10:36.103+0000] {logging_mixin.py:151} INFO -      ⚠️ Erreur ligne 975: current transaction is aborted, commands ignored until end of transaction block
[2026-01-26T13:10:36.104+0000] {logging_mixin.py:151} INFO -      ⚠️ Erreur ligne 976: current transaction is aborted, commands ignored until end of transaction block
[2026-01-26T13:10:36.106+0000] {logging_mixin.py:151} INFO -      ⚠️ Erreur ligne 977: current transaction is aborted, commands ignored until end of transaction block
[2026-01-26T13:10:36.108+0000] {logging_mixin.py:151} INFO -      ⚠️ Erreur ligne 978: current transaction is aborted, commands ignored until end of transaction block
[2026-01-26T13:10:36.109+0000] {logging_mixin.py:151} INFO -      ⚠️ Erreur ligne 979: current transaction is aborted, commands ignored until end of transaction block
[2026-01-26T13:10:36.111+0000] {logging_mixin.py:151} INFO -      ⚠️ Erreur ligne 980: current transaction is aborted, commands ignored until end of transaction block
[2026-01-26T13:10:36.112+0000] {logging_mixin.py:151} INFO -      ⚠️ Erreur ligne 981: current transaction is aborted, commands ignored until end of transaction block
[2026-01-26T13:10:36.114+0000] {logging_mixin.py:151} INFO -      ⚠️ Erreur ligne 982: current transaction is aborted, commands ignored until end of transaction block
[2026-01-26T13:10:36.115+0000] {logging_mixin.py:151} INFO -      ⚠️ Erreur ligne 983: current transaction is aborted, commands ignored until end of transaction block
[2026-01-26T13:10:36.117+0000] {logging_mixin.py:151} INFO -      ⚠️ Erreur ligne 984: current transaction is aborted, commands ignored until end of transaction block
[2026-01-26T13:10:36.119+0000] {logging_mixin.py:151} INFO -      ⚠️ Erreur ligne 985: current transaction is aborted, commands ignored until end of transaction block
[2026-01-26T13:10:36.122+0000] {logging_mixin.py:151} INFO -      ⚠️ Erreur ligne 986: current transaction is aborted, commands ignored until end of transaction block
[2026-01-26T13:10:36.124+0000] {logging_mixin.py:151} INFO -      ⚠️ Erreur ligne 987: current transaction is aborted, commands ignored until end of transaction block
[2026-01-26T13:10:36.128+0000] {logging_mixin.py:151} INFO -      ⚠️ Erreur ligne 988: current transaction is aborted, commands ignored until end of transaction block
[2026-01-26T13:10:36.131+0000] {logging_mixin.py:151} INFO -      ⚠️ Erreur ligne 989: current transaction is aborted, commands ignored until end of transaction block
[2026-01-26T13:10:36.133+0000] {logging_mixin.py:151} INFO -      ⚠️ Erreur ligne 990: current transaction is aborted, commands ignored until end of transaction block
[2026-01-26T13:10:36.135+0000] {logging_mixin.py:151} INFO -      ⚠️ Erreur ligne 991: current transaction is aborted, commands ignored until end of transaction block
[2026-01-26T13:10:36.138+0000] {logging_mixin.py:151} INFO -      ⚠️ Erreur ligne 992: current transaction is aborted, commands ignored until end of transaction block
[2026-01-26T13:10:36.142+0000] {logging_mixin.py:151} INFO -      ⚠️ Erreur ligne 993: current transaction is aborted, commands ignored until end of transaction block
[2026-01-26T13:10:36.146+0000] {logging_mixin.py:151} INFO -      ⚠️ Erreur ligne 994: current transaction is aborted, commands ignored until end of transaction block
[2026-01-26T13:10:36.152+0000] {logging_mixin.py:151} INFO -      ⚠️ Erreur ligne 995: current transaction is aborted, commands ignored until end of transaction block
[2026-01-26T13:10:36.155+0000] {logging_mixin.py:151} INFO -      ⚠️ Erreur ligne 996: current transaction is aborted, commands ignored until end of transaction block
[2026-01-26T13:10:36.157+0000] {logging_mixin.py:151} INFO -      ⚠️ Erreur ligne 997: current transaction is aborted, commands ignored until end of transaction block
[2026-01-26T13:10:36.158+0000] {logging_mixin.py:151} INFO -      ⚠️ Erreur ligne 998: current transaction is aborted, commands ignored until end of transaction block
[2026-01-26T13:10:36.159+0000] {logging_mixin.py:151} INFO -      ⚠️ Erreur ligne 999: current transaction is aborted, commands ignored until end of transaction block
[2026-01-26T13:10:36.161+0000] {logging_mixin.py:151} INFO -      ⚠️ Erreur ligne 1000: current transaction is aborted, commands ignored until end of transaction block
[2026-01-26T13:10:36.162+0000] {logging_mixin.py:151} INFO -      ⚠️ Erreur ligne 1001: current transaction is aborted, commands ignored until end of transaction block
[2026-01-26T13:10:36.164+0000] {logging_mixin.py:151} INFO -      ⚠️ Erreur ligne 1002: current transaction is aborted, commands ignored until end of transaction block
[2026-01-26T13:10:36.165+0000] {logging_mixin.py:151} INFO -      ⚠️ Erreur ligne 1003: current transaction is aborted, commands ignored until end of transaction block
[2026-01-26T13:10:36.166+0000] {logging_mixin.py:151} INFO -      ⚠️ Erreur ligne 1004: current transaction is aborted, commands ignored until end of transaction block
[2026-01-26T13:10:36.168+0000] {logging_mixin.py:151} INFO -      ⚠️ Erreur ligne 1005: current transaction is aborted, commands ignored until end of transaction block
[2026-01-26T13:10:36.171+0000] {logging_mixin.py:151} INFO -      ⚠️ Erreur ligne 1006: current transaction is aborted, commands ignored until end of transaction block
[2026-01-26T13:10:36.174+0000] {logging_mixin.py:151} INFO -      ⚠️ Erreur ligne 1007: current transaction is aborted, commands ignored until end of transaction block
[2026-01-26T13:10:36.176+0000] {logging_mixin.py:151} INFO -      ⚠️ Erreur ligne 1008: current transaction is aborted, commands ignored until end of transaction block
[2026-01-26T13:10:36.178+0000] {logging_mixin.py:151} INFO -      ⚠️ Erreur ligne 1009: current transaction is aborted, commands ignored until end of transaction block
[2026-01-26T13:10:36.180+0000] {logging_mixin.py:151} INFO -      ⚠️ Erreur ligne 1010: current transaction is aborted, commands ignored until end of transaction block
[2026-01-26T13:10:36.182+0000] {logging_mixin.py:151} INFO -      ⚠️ Erreur ligne 1011: current transaction is aborted, commands ignored until end of transaction block
[2026-01-26T13:10:36.183+0000] {logging_mixin.py:151} INFO -      ⚠️ Erreur ligne 1012: current transaction is aborted, commands ignored until end of transaction block
[2026-01-26T13:10:36.185+0000] {logging_mixin.py:151} INFO -      ⚠️ Erreur ligne 1013: current transaction is aborted, commands ignored until end of transaction block
[2026-01-26T13:10:36.186+0000] {logging_mixin.py:151} INFO -      ⚠️ Erreur ligne 1014: current transaction is aborted, commands ignored until end of transaction block
[2026-01-26T13:10:36.187+0000] {logging_mixin.py:151} INFO -      ⚠️ Erreur ligne 1015: current transaction is aborted, commands ignored until end of transaction block
[2026-01-26T13:10:36.190+0000] {logging_mixin.py:151} INFO -      ⚠️ Erreur ligne 1016: current transaction is aborted, commands ignored until end of transaction block
[2026-01-26T13:10:36.191+0000] {logging_mixin.py:151} INFO -      ⚠️ Erreur ligne 1017: current transaction is aborted, commands ignored until end of transaction block
[2026-01-26T13:10:36.192+0000] {logging_mixin.py:151} INFO -      ✅ 0 lignes insérées, 0 doublons ignorés
[2026-01-26T13:10:36.193+0000] {logging_mixin.py:151} INFO -   ✅ Fichier traité avec succès !
[2026-01-26T13:10:36.194+0000] {logging_mixin.py:151} INFO - 
--------------------------------------------------------------------------------
[2026-01-26T13:10:36.194+0000] {logging_mixin.py:151} INFO - 📄 Traitement de : GOOGL_2026-01-26 06:13:31.897613+00:00.csv
[2026-01-26T13:10:36.194+0000] {logging_mixin.py:151} INFO - --------------------------------------------------------------------------------
[2026-01-26T13:10:36.194+0000] {logging_mixin.py:151} INFO -   1️⃣ Lecture du CSV...
[2026-01-26T13:10:36.576+0000] {logging_mixin.py:151} INFO -      ✅ Lu 1018 lignes
[2026-01-26T13:10:36.577+0000] {logging_mixin.py:151} INFO -      Colonnes: ['Date', 'Open', 'High', 'Low', 'Close', 'Volume', 'Dividends', 'Stock Splits', 'symbol', 'extracted_at']
[2026-01-26T13:10:36.580+0000] {logging_mixin.py:151} INFO -   2️⃣ Nettoyage des colonnes...
[2026-01-26T13:10:36.596+0000] {logging_mixin.py:151} INFO -      ✅ Colonnes nettoyées: ['date', 'open', 'high', 'low', 'close', 'volume', 'dividends', 'stock_splits', 'symbol', 'extracted_at']
[2026-01-26T13:10:36.598+0000] {logging_mixin.py:151} INFO -   3️⃣ Conversion des dates...
[2026-01-26T13:10:36.641+0000] {logging_mixin.py:151} INFO -      ✅ Dates converties
[2026-01-26T13:10:36.655+0000] {logging_mixin.py:151} INFO -   4️⃣ Nettoyage des données...
[2026-01-26T13:10:36.681+0000] {logging_mixin.py:151} INFO -      ✅ 1018 → 1018 lignes (après nettoyage)
[2026-01-26T13:10:36.683+0000] {logging_mixin.py:151} INFO -   5️⃣ Connexion à la base de données...
[2026-01-26T13:10:36.698+0000] {logging_mixin.py:151} INFO -      ✅ Connecté
[2026-01-26T13:10:36.700+0000] {logging_mixin.py:151} INFO -   6️⃣ Insertion des données...
[2026-01-26T13:10:36.707+0000] {logging_mixin.py:151} INFO -      ⚠️ Erreur ligne 0: column "open_price" of relation "stocks" does not exist
LINE 2: ...                INSERT INTO stocks (symbol, date, open_price...
                                                             ^
[2026-01-26T13:10:36.708+0000] {logging_mixin.py:151} INFO -      ⚠️ Erreur ligne 1: current transaction is aborted, commands ignored until end of transaction block
[2026-01-26T13:10:36.710+0000] {logging_mixin.py:151} INFO -      ⚠️ Erreur ligne 2: current transaction is aborted, commands ignored until end of transaction block
[2026-01-26T13:10:36.712+0000] {logging_mixin.py:151} INFO -      ⚠️ Erreur ligne 3: current transaction is aborted, commands ignored until end of transaction block
[2026-01-26T13:10:36.713+0000] {logging_mixin.py:151} INFO -      ⚠️ Erreur ligne 4: current transaction is aborted, commands ignored until end of transaction block
[2026-01-26T13:10:36.715+0000] {logging_mixin.py:151} INFO -      ⚠️ Erreur ligne 5: current transaction is aborted, commands ignored until end of transaction block
[2026-01-26T13:10:36.717+0000] {logging_mixin.py:151} INFO -      ⚠️ Erreur ligne 6: current transaction is aborted, commands ignored until end of transaction block
[2026-01-26T13:10:36.718+0000] {logging_mixin.py:151} INFO -      ⚠️ Erreur ligne 7: current transaction is aborted, commands ignored until end of transaction block
[2026-01-26T13:10:36.720+0000] {logging_mixin.py:151} INFO -      ⚠️ Erreur ligne 8: current transaction is aborted, commands ignored until end of transaction block
[2026-01-26T13:10:36.723+0000] {logging_mixin.py:151} INFO -      ⚠️ Erreur ligne 9: current transaction is aborted, commands ignored until end of transaction block
[2026-01-26T13:10:36.724+0000] {logging_mixin.py:151} INFO -      ⚠️ Erreur ligne 10: current transaction is aborted, commands ignored until end of transaction block
[2026-01-26T13:10:36.725+0000] {logging_mixin.py:151} INFO -      ⚠️ Erreur ligne 11: current transaction is aborted, commands ignored until end of transaction block
[2026-01-26T13:10:36.726+0000] {logging_mixin.py:151} INFO -      ⚠️ Erreur ligne 12: current transaction is aborted, commands ignored until end of transaction block
[2026-01-26T13:10:36.728+0000] {logging_mixin.py:151} INFO -      ⚠️ Erreur ligne 13: current transaction is aborted, commands ignored until end of transaction block
[2026-01-26T13:10:36.729+0000] {logging_mixin.py:151} INFO -      ⚠️ Erreur ligne 14: current transaction is aborted, commands ignored until end of transaction block
[2026-01-26T13:10:36.731+0000] {logging_mixin.py:151} INFO -      ⚠️ Erreur ligne 15: current transaction is aborted, commands ignored until end of transaction block
[2026-01-26T13:10:36.747+0000] {logging_mixin.py:151} INFO -      ⚠️ Erreur ligne 16: current transaction is aborted, commands ignored until end of transaction block
[2026-01-26T13:10:36.752+0000] {logging_mixin.py:151} INFO -      ⚠️ Erreur ligne 17: current transaction is aborted, commands ignored until end of transaction block
[2026-01-26T13:10:36.764+0000] {logging_mixin.py:151} INFO -      ⚠️ Erreur ligne 18: current transaction is aborted, commands ignored until end of transaction block
[2026-01-26T13:10:36.772+0000] {logging_mixin.py:151} INFO -      ⚠️ Erreur ligne 19: current transaction is aborted, commands ignored until end of transaction block
[2026-01-26T13:10:36.773+0000] {logging_mixin.py:151} INFO -      ⚠️ Erreur ligne 20: current transaction is aborted, commands ignored until end of transaction block
[2026-01-26T13:10:36.775+0000] {logging_mixin.py:151} INFO -      ⚠️ Erreur ligne 21: current transaction is aborted, commands ignored until end of transaction block
[2026-01-26T13:10:36.776+0000] {logging_mixin.py:151} INFO -      ⚠️ Erreur ligne 22: current transaction is aborted, commands ignored until end of transaction block
[2026-01-26T13:10:36.778+0000] {logging_mixin.py:151} INFO -      ⚠️ Erreur ligne 23: current transaction is aborted, commands ignored until end of transaction block
[2026-01-26T13:10:36.779+0000] {logging_mixin.py:151} INFO -      ⚠️ Erreur ligne 24: current transaction is aborted, commands ignored until end of transaction block
[2026-01-26T13:10:36.781+0000] {logging_mixin.py:151} INFO -      ⚠️ Erreur ligne 25: current transaction is aborted, commands ignored until end of transaction block
[2026-01-26T13:10:36.788+0000] {logging_mixin.py:151} INFO -      ⚠️ Erreur ligne 26: current transaction is aborted, commands ignored until end of transaction block
[2026-01-26T13:10:36.790+0000] {logging_mixin.py:151} INFO -      ⚠️ Erreur ligne 27: current transaction is aborted, commands ignored until end of transaction block
[2026-01-26T13:10:36.791+0000] {logging_mixin.py:151} INFO -      ⚠️ Erreur ligne 28: current transaction is aborted, commands ignored until end of transaction block
[2026-01-26T13:10:36.792+0000] {logging_mixin.py:151} INFO -      ⚠️ Erreur ligne 29: current transaction is aborted, commands ignored until end of transaction block
[2026-01-26T13:10:36.794+0000] {logging_mixin.py:151} INFO -      ⚠️ Erreur ligne 30: current transaction is aborted, commands ignored until end of transaction block
[2026-01-26T13:10:36.795+0000] {logging_mixin.py:151} INFO -      ⚠️ Erreur ligne 31: current transaction is aborted, commands ignored until end of transaction block
[2026-01-26T13:10:36.796+0000] {logging_mixin.py:151} INFO -      ⚠️ Erreur ligne 32: current transaction is aborted, commands ignored until end of transaction block
[2026-01-26T13:10:36.798+0000] {logging_mixin.py:151} INFO -      ⚠️ Erreur ligne 33: current transaction is aborted, commands ignored until end of transaction block
[2026-01-26T13:10:36.801+0000] {logging_mixin.py:151} INFO -      ⚠️ Erreur ligne 34: current transaction is aborted, commands ignored until end of transaction block
[2026-01-26T13:10:36.813+0000] {logging_mixin.py:151} INFO -      ⚠️ Erreur ligne 35: current transaction is aborted, commands ignored until end of transaction block
[2026-01-26T13:10:36.837+0000] {logging_mixin.py:151} INFO -      ⚠️ Erreur ligne 36: current transaction is aborted, commands ignored until end of transaction block
[2026-01-26T13:10:36.845+0000] {logging_mixin.py:151} INFO -      ⚠️ Erreur ligne 37: current transaction is aborted, commands ignored until end of transaction block
[2026-01-26T13:10:36.858+0000] {logging_mixin.py:151} INFO -      ⚠️ Erreur ligne 38: current transaction is aborted, commands ignored until end of transaction block
[2026-01-26T13:10:36.862+0000] {logging_mixin.py:151} INFO -      ⚠️ Erreur ligne 39: current transaction is aborted, commands ignored until end of transaction block
[2026-01-26T13:10:36.864+0000] {logging_mixin.py:151} INFO -      ⚠️ Erreur ligne 40: current transaction is aborted, commands ignored until end of transaction block
[2026-01-26T13:10:36.873+0000] {logging_mixin.py:151} INFO -      ⚠️ Erreur ligne 41: current transaction is aborted, commands ignored until end of transaction block
[2026-01-26T13:10:36.879+0000] {logging_mixin.py:151} INFO -      ⚠️ Erreur ligne 42: current transaction is aborted, commands ignored until end of transaction block
[2026-01-26T13:10:36.883+0000] {logging_mixin.py:151} INFO -      ⚠️ Erreur ligne 43: current transaction is aborted, commands ignored until end of transaction block
[2026-01-26T13:10:36.890+0000] {logging_mixin.py:151} INFO -      ⚠️ Erreur ligne 44: current transaction is aborted, commands ignored until end of transaction block
[2026-01-26T13:10:36.892+0000] {logging_mixin.py:151} INFO -      ⚠️ Erreur ligne 45: current transaction is aborted, commands ignored until end of transaction block
[2026-01-26T13:10:36.896+0000] {logging_mixin.py:151} INFO -      ⚠️ Erreur ligne 46: current transaction is aborted, commands ignored until end of transaction block
[2026-01-26T13:10:36.900+0000] {logging_mixin.py:151} INFO -      ⚠️ Erreur ligne 47: current transaction is aborted, commands ignored until end of transaction block
[2026-01-26T13:10:36.905+0000] {logging_mixin.py:151} INFO -      ⚠️ Erreur ligne 48: current transaction is aborted, commands ignored until end of transaction block
[2026-01-26T13:10:36.907+0000] {logging_mixin.py:151} INFO -      ⚠️ Erreur ligne 49: current transaction is aborted, commands ignored until end of transaction block
[2026-01-26T13:10:36.908+0000] {logging_mixin.py:151} INFO -      ⚠️ Erreur ligne 50: current transaction is aborted, commands ignored until end of transaction block
[2026-01-26T13:10:36.910+0000] {logging_mixin.py:151} INFO -      ⚠️ Erreur ligne 51: current transaction is aborted, commands ignored until end of transaction block
[2026-01-26T13:10:36.913+0000] {logging_mixin.py:151} INFO -      ⚠️ Erreur ligne 52: current transaction is aborted, commands ignored until end of transaction block
[2026-01-26T13:10:36.915+0000] {logging_mixin.py:151} INFO -      ⚠️ Erreur ligne 53: current transaction is aborted, commands ignored until end of transaction block
[2026-01-26T13:10:36.916+0000] {logging_mixin.py:151} INFO -      ⚠️ Erreur ligne 54: current transaction is aborted, commands ignored until end of transaction block
[2026-01-26T13:10:36.918+0000] {logging_mixin.py:151} INFO -      ⚠️ Erreur ligne 55: current transaction is aborted, commands ignored until end of transaction block
[2026-01-26T13:10:36.920+0000] {logging_mixin.py:151} INFO -      ⚠️ Erreur ligne 56: current transaction is aborted, commands ignored until end of transaction block
[2026-01-26T13:10:36.924+0000] {logging_mixin.py:151} INFO -      ⚠️ Erreur ligne 57: current transaction is aborted, commands ignored until end of transaction block
[2026-01-26T13:10:36.927+0000] {logging_mixin.py:151} INFO -      ⚠️ Erreur ligne 58: current transaction is aborted, commands ignored until end of transaction block
[2026-01-26T13:10:36.931+0000] {logging_mixin.py:151} INFO -      ⚠️ Erreur ligne 59: current transaction is aborted, commands ignored until end of transaction block
[2026-01-26T13:10:36.935+0000] {logging_mixin.py:151} INFO -      ⚠️ Erreur ligne 60: current transaction is aborted, commands ignored until end of transaction block
[2026-01-26T13:10:36.938+0000] {logging_mixin.py:151} INFO -      ⚠️ Erreur ligne 61: current transaction is aborted, commands ignored until end of transaction block
[2026-01-26T13:10:36.940+0000] {logging_mixin.py:151} INFO -      ⚠️ Erreur ligne 62: current transaction is aborted, commands ignored until end of transaction block
[2026-01-26T13:10:36.944+0000] {logging_mixin.py:151} INFO -      ⚠️ Erreur ligne 63: current transaction is aborted, commands ignored until end of transaction block
[2026-01-26T13:10:36.947+0000] {logging_mixin.py:151} INFO -      ⚠️ Erreur ligne 64: current transaction is aborted, commands ignored until end of transaction block
[2026-01-26T13:10:36.950+0000] {logging_mixin.py:151} INFO -      ⚠️ Erreur ligne 65: current transaction is aborted, commands ignored until end of transaction block
[2026-01-26T13:10:36.955+0000] {logging_mixin.py:151} INFO -      ⚠️ Erreur ligne 66: current transaction is aborted, commands ignored until end of transaction block
[2026-01-26T13:10:36.957+0000] {logging_mixin.py:151} INFO -      ⚠️ Erreur ligne 67: current transaction is aborted, commands ignored until end of transaction block
[2026-01-26T13:10:36.961+0000] {logging_mixin.py:151} INFO -      ⚠️ Erreur ligne 68: current transaction is aborted, commands ignored until end of transaction block
[2026-01-26T13:10:36.963+0000] {logging_mixin.py:151} INFO -      ⚠️ Erreur ligne 69: current transaction is aborted, commands ignored until end of transaction block
[2026-01-26T13:10:36.964+0000] {logging_mixin.py:151} INFO -      ⚠️ Erreur ligne 70: current transaction is aborted, commands ignored until end of transaction block
[2026-01-26T13:10:36.966+0000] {logging_mixin.py:151} INFO -      ⚠️ Erreur ligne 71: current transaction is aborted, commands ignored until end of transaction block
[2026-01-26T13:10:36.967+0000] {logging_mixin.py:151} INFO -      ⚠️ Erreur ligne 72: current transaction is aborted, commands ignored until end of transaction block
[2026-01-26T13:10:36.969+0000] {logging_mixin.py:151} INFO -      ⚠️ Erreur ligne 73: current transaction is aborted, commands ignored until end of transaction block
[2026-01-26T13:10:36.970+0000] {logging_mixin.py:151} INFO -      ⚠️ Erreur ligne 74: current transaction is aborted, commands ignored until end of transaction block
[2026-01-26T13:10:36.972+0000] {logging_mixin.py:151} INFO -      ⚠️ Erreur ligne 75: current transaction is aborted, commands ignored until end of transaction block
[2026-01-26T13:10:36.974+0000] {logging_mixin.py:151} INFO -      ⚠️ Erreur ligne 76: current transaction is aborted, commands ignored until end of transaction block
[2026-01-26T13:10:36.976+0000] {logging_mixin.py:151} INFO -      ⚠️ Erreur ligne 77: current transaction is aborted, commands ignored until end of transaction block
[2026-01-26T13:10:36.980+0000] {logging_mixin.py:151} INFO -      ⚠️ Erreur ligne 78: current transaction is aborted, commands ignored until end of transaction block
[2026-01-26T13:10:36.985+0000] {logging_mixin.py:151} INFO -      ⚠️ Erreur ligne 79: current transaction is aborted, commands ignored until end of transaction block
[2026-01-26T13:10:36.987+0000] {logging_mixin.py:151} INFO -      ⚠️ Erreur ligne 80: current transaction is aborted, commands ignored until end of transaction block
[2026-01-26T13:10:36.991+0000] {logging_mixin.py:151} INFO -      ⚠️ Erreur ligne 81: current transaction is aborted, commands ignored until end of transaction block
[2026-01-26T13:10:36.993+0000] {logging_mixin.py:151} INFO -      ⚠️ Erreur ligne 82: current transaction is aborted, commands ignored until end of transaction block
[2026-01-26T13:10:36.996+0000] {logging_mixin.py:151} INFO -      ⚠️ Erreur ligne 83: current transaction is aborted, commands ignored until end of transaction block
[2026-01-26T13:10:36.998+0000] {logging_mixin.py:151} INFO -      ⚠️ Erreur ligne 84: current transaction is aborted, commands ignored until end of transaction block
[2026-01-26T13:10:37.003+0000] {logging_mixin.py:151} INFO -      ⚠️ Erreur ligne 85: current transaction is aborted, commands ignored until end of transaction block
[2026-01-26T13:10:37.007+0000] {logging_mixin.py:151} INFO -      ⚠️ Erreur ligne 86: current transaction is aborted, commands ignored until end of transaction block
[2026-01-26T13:10:37.015+0000] {logging_mixin.py:151} INFO -      ⚠️ Erreur ligne 87: current transaction is aborted, commands ignored until end of transaction block
[2026-01-26T13:10:37.025+0000] {logging_mixin.py:151} INFO -      ⚠️ Erreur ligne 88: current transaction is aborted, commands ignored until end of transaction block
[2026-01-26T13:10:37.027+0000] {logging_mixin.py:151} INFO -      ⚠️ Erreur ligne 89: current transaction is aborted, commands ignored until end of transaction block
[2026-01-26T13:10:37.030+0000] {logging_mixin.py:151} INFO -      ⚠️ Erreur ligne 90: current transaction is aborted, commands ignored until end of transaction block
[2026-01-26T13:10:37.034+0000] {logging_mixin.py:151} INFO -      ⚠️ Erreur ligne 91: current transaction is aborted, commands ignored until end of transaction block
[2026-01-26T13:10:37.037+0000] {logging_mixin.py:151} INFO -      ⚠️ Erreur ligne 92: current transaction is aborted, commands ignored until end of transaction block
[2026-01-26T13:10:37.043+0000] {logging_mixin.py:151} INFO -      ⚠️ Erreur ligne 93: current transaction is aborted, commands ignored until end of transaction block
[2026-01-26T13:10:37.051+0000] {logging_mixin.py:151} INFO -      ⚠️ Erreur ligne 94: current transaction is aborted, commands ignored until end of transaction block
[2026-01-26T13:10:37.054+0000] {logging_mixin.py:151} INFO -      ⚠️ Erreur ligne 95: current transaction is aborted, commands ignored until end of transaction block
[2026-01-26T13:10:37.060+0000] {logging_mixin.py:151} INFO -      ⚠️ Erreur ligne 96: current transaction is aborted, commands ignored until end of transaction block
[2026-01-26T13:10:37.063+0000] {logging_mixin.py:151} INFO -      ⚠️ Erreur ligne 97: current transaction is aborted, commands ignored until end of transaction block
[2026-01-26T13:10:37.065+0000] {logging_mixin.py:151} INFO -      ⚠️ Erreur ligne 98: current transaction is aborted, commands ignored until end of transaction block
[2026-01-26T13:10:37.068+0000] {logging_mixin.py:151} INFO -      ⚠️ Erreur ligne 99: current transaction is aborted, commands ignored until end of transaction block
[2026-01-26T13:10:37.069+0000] {logging_mixin.py:151} INFO -      ⚠️ Erreur ligne 100: current transaction is aborted, commands ignored until end of transaction block
[2026-01-26T13:10:37.073+0000] {logging_mixin.py:151} INFO -      ⚠️ Erreur ligne 101: current transaction is aborted, commands ignored until end of transaction block
[2026-01-26T13:10:37.074+0000] {logging_mixin.py:151} INFO -      ⚠️ Erreur ligne 102: current transaction is aborted, commands ignored until end of transaction block
[2026-01-26T13:10:37.076+0000] {logging_mixin.py:151} INFO -      ⚠️ Erreur ligne 103: current transaction is aborted, commands ignored until end of transaction block
[2026-01-26T13:10:37.077+0000] {logging_mixin.py:151} INFO -      ⚠️ Erreur ligne 104: current transaction is aborted, commands ignored until end of transaction block
[2026-01-26T13:10:37.079+0000] {logging_mixin.py:151} INFO -      ⚠️ Erreur ligne 105: current transaction is aborted, commands ignored until end of transaction block
[2026-01-26T13:10:37.080+0000] {logging_mixin.py:151} INFO -      ⚠️ Erreur ligne 106: current transaction is aborted, commands ignored until end of transaction block
[2026-01-26T13:10:37.082+0000] {logging_mixin.py:151} INFO -      ⚠️ Erreur ligne 107: current transaction is aborted, commands ignored until end of transaction block
[2026-01-26T13:10:37.083+0000] {logging_mixin.py:151} INFO -      ⚠️ Erreur ligne 108: current transaction is aborted, commands ignored until end of transaction block
[2026-01-26T13:10:37.084+0000] {logging_mixin.py:151} INFO -      ⚠️ Erreur ligne 109: current transaction is aborted, commands ignored until end of transaction block
[2026-01-26T13:10:37.085+0000] {logging_mixin.py:151} INFO -      ⚠️ Erreur ligne 110: current transaction is aborted, commands ignored until end of transaction block
[2026-01-26T13:10:37.088+0000] {logging_mixin.py:151} INFO -      ⚠️ Erreur ligne 111: current transaction is aborted, commands ignored until end of transaction block
[2026-01-26T13:10:37.093+0000] {logging_mixin.py:151} INFO -      ⚠️ Erreur ligne 112: current transaction is aborted, commands ignored until end of transaction block
[2026-01-26T13:10:37.100+0000] {logging_mixin.py:151} INFO -      ⚠️ Erreur ligne 113: current transaction is aborted, commands ignored until end of transaction block
[2026-01-26T13:10:37.103+0000] {logging_mixin.py:151} INFO -      ⚠️ Erreur ligne 114: current transaction is aborted, commands ignored until end of transaction block
[2026-01-26T13:10:37.106+0000] {logging_mixin.py:151} INFO -      ⚠️ Erreur ligne 115: current transaction is aborted, commands ignored until end of transaction block
[2026-01-26T13:10:37.108+0000] {logging_mixin.py:151} INFO -      ⚠️ Erreur ligne 116: current transaction is aborted, commands ignored until end of transaction block
[2026-01-26T13:10:37.110+0000] {logging_mixin.py:151} INFO -      ⚠️ Erreur ligne 117: current transaction is aborted, commands ignored until end of transaction block
[2026-01-26T13:10:37.112+0000] {logging_mixin.py:151} INFO -      ⚠️ Erreur ligne 118: current transaction is aborted, commands ignored until end of transaction block
[2026-01-26T13:10:37.113+0000] {logging_mixin.py:151} INFO -      ⚠️ Erreur ligne 119: current transaction is aborted, commands ignored until end of transaction block
[2026-01-26T13:10:37.115+0000] {logging_mixin.py:151} INFO -      ⚠️ Erreur ligne 120: current transaction is aborted, commands ignored until end of transaction block
[2026-01-26T13:10:37.117+0000] {logging_mixin.py:151} INFO -      ⚠️ Erreur ligne 121: current transaction is aborted, commands ignored until end of transaction block
[2026-01-26T13:10:37.119+0000] {logging_mixin.py:151} INFO -      ⚠️ Erreur ligne 122: current transaction is aborted, commands ignored until end of transaction block
[2026-01-26T13:10:37.120+0000] {logging_mixin.py:151} INFO -      ⚠️ Erreur ligne 123: current transaction is aborted, commands ignored until end of transaction block
[2026-01-26T13:10:37.122+0000] {logging_mixin.py:151} INFO -      ⚠️ Erreur ligne 124: current transaction is aborted, commands ignored until end of transaction block
[2026-01-26T13:10:37.124+0000] {logging_mixin.py:151} INFO -      ⚠️ Erreur ligne 125: current transaction is aborted, commands ignored until end of transaction block
[2026-01-26T13:10:37.126+0000] {logging_mixin.py:151} INFO -      ⚠️ Erreur ligne 126: current transaction is aborted, commands ignored until end of transaction block
[2026-01-26T13:10:37.128+0000] {logging_mixin.py:151} INFO -      ⚠️ Erreur ligne 127: current transaction is aborted, commands ignored until end of transaction block
[2026-01-26T13:10:37.130+0000] {logging_mixin.py:151} INFO -      ⚠️ Erreur ligne 128: current transaction is aborted, commands ignored until end of transaction block
[2026-01-26T13:10:37.133+0000] {logging_mixin.py:151} INFO -      ⚠️ Erreur ligne 129: current transaction is aborted, commands ignored until end of transaction block
[2026-01-26T13:10:37.135+0000] {logging_mixin.py:151} INFO -      ⚠️ Erreur ligne 130: current transaction is aborted, commands ignored until end of transaction block
[2026-01-26T13:10:37.138+0000] {logging_mixin.py:151} INFO -      ⚠️ Erreur ligne 131: current transaction is aborted, commands ignored until end of transaction block
[2026-01-26T13:10:37.140+0000] {logging_mixin.py:151} INFO -      ⚠️ Erreur ligne 132: current transaction is aborted, commands ignored until end of transaction block
[2026-01-26T13:10:37.142+0000] {logging_mixin.py:151} INFO -      ⚠️ Erreur ligne 133: current transaction is aborted, commands ignored until end of transaction block
[2026-01-26T13:10:37.143+0000] {logging_mixin.py:151} INFO -      ⚠️ Erreur ligne 134: current transaction is aborted, commands ignored until end of transaction block
[2026-01-26T13:10:37.145+0000] {logging_mixin.py:151} INFO -      ⚠️ Erreur ligne 135: current transaction is aborted, commands ignored until end of transaction block
[2026-01-26T13:10:37.146+0000] {logging_mixin.py:151} INFO -      ⚠️ Erreur ligne 136: current transaction is aborted, commands ignored until end of transaction block
[2026-01-26T13:10:37.148+0000] {logging_mixin.py:151} INFO -      ⚠️ Erreur ligne 137: current transaction is aborted, commands ignored until end of transaction block
[2026-01-26T13:10:37.149+0000] {logging_mixin.py:151} INFO -      ⚠️ Erreur ligne 138: current transaction is aborted, commands ignored until end of transaction block
[2026-01-26T13:10:37.151+0000] {logging_mixin.py:151} INFO -      ⚠️ Erreur ligne 139: current transaction is aborted, commands ignored until end of transaction block
[2026-01-26T13:10:37.152+0000] {logging_mixin.py:151} INFO -      ⚠️ Erreur ligne 140: current transaction is aborted, commands ignored until end of transaction block
[2026-01-26T13:10:37.153+0000] {logging_mixin.py:151} INFO -      ⚠️ Erreur ligne 141: current transaction is aborted, commands ignored until end of transaction block
[2026-01-26T13:10:37.155+0000] {logging_mixin.py:151} INFO -      ⚠️ Erreur ligne 142: current transaction is aborted, commands ignored until end of transaction block
[2026-01-26T13:10:37.156+0000] {logging_mixin.py:151} INFO -      ⚠️ Erreur ligne 143: current transaction is aborted, commands ignored until end of transaction block
[2026-01-26T13:10:37.158+0000] {logging_mixin.py:151} INFO -      ⚠️ Erreur ligne 144: current transaction is aborted, commands ignored until end of transaction block
[2026-01-26T13:10:37.159+0000] {logging_mixin.py:151} INFO -      ⚠️ Erreur ligne 145: current transaction is aborted, commands ignored until end of transaction block
[2026-01-26T13:10:37.161+0000] {logging_mixin.py:151} INFO -      ⚠️ Erreur ligne 146: current transaction is aborted, commands ignored until end of transaction block
[2026-01-26T13:10:37.163+0000] {logging_mixin.py:151} INFO -      ⚠️ Erreur ligne 147: current transaction is aborted, commands ignored until end of transaction block
[2026-01-26T13:10:37.166+0000] {logging_mixin.py:151} INFO -      ⚠️ Erreur ligne 148: current transaction is aborted, commands ignored until end of transaction block
[2026-01-26T13:10:37.170+0000] {logging_mixin.py:151} INFO -      ⚠️ Erreur ligne 149: current transaction is aborted, commands ignored until end of transaction block
[2026-01-26T13:10:37.173+0000] {logging_mixin.py:151} INFO -      ⚠️ Erreur ligne 150: current transaction is aborted, commands ignored until end of transaction block
[2026-01-26T13:10:37.174+0000] {logging_mixin.py:151} INFO -      ⚠️ Erreur ligne 151: current transaction is aborted, commands ignored until end of transaction block
[2026-01-26T13:10:37.175+0000] {logging_mixin.py:151} INFO -      ⚠️ Erreur ligne 152: current transaction is aborted, commands ignored until end of transaction block
[2026-01-26T13:10:37.178+0000] {logging_mixin.py:151} INFO -      ⚠️ Erreur ligne 153: current transaction is aborted, commands ignored until end of transaction block
[2026-01-26T13:10:37.179+0000] {logging_mixin.py:151} INFO -      ⚠️ Erreur ligne 154: current transaction is aborted, commands ignored until end of transaction block
[2026-01-26T13:10:37.181+0000] {logging_mixin.py:151} INFO -      ⚠️ Erreur ligne 155: current transaction is aborted, commands ignored until end of transaction block
[2026-01-26T13:10:37.183+0000] {logging_mixin.py:151} INFO -      ⚠️ Erreur ligne 156: current transaction is aborted, commands ignored until end of transaction block
[2026-01-26T13:10:37.185+0000] {logging_mixin.py:151} INFO -      ⚠️ Erreur ligne 157: current transaction is aborted, commands ignored until end of transaction block
[2026-01-26T13:10:37.186+0000] {logging_mixin.py:151} INFO -      ⚠️ Erreur ligne 158: current transaction is aborted, commands ignored until end of transaction block
[2026-01-26T13:10:37.188+0000] {logging_mixin.py:151} INFO -      ⚠️ Erreur ligne 159: current transaction is aborted, commands ignored until end of transaction block
[2026-01-26T13:10:37.189+0000] {logging_mixin.py:151} INFO -      ⚠️ Erreur ligne 160: current transaction is aborted, commands ignored until end of transaction block
[2026-01-26T13:10:37.190+0000] {logging_mixin.py:151} INFO -      ⚠️ Erreur ligne 161: current transaction is aborted, commands ignored until end of transaction block
[2026-01-26T13:10:37.192+0000] {logging_mixin.py:151} INFO -      ⚠️ Erreur ligne 162: current transaction is aborted, commands ignored until end of transaction block
[2026-01-26T13:10:37.193+0000] {logging_mixin.py:151} INFO -      ⚠️ Erreur ligne 163: current transaction is aborted, commands ignored until end of transaction block
[2026-01-26T13:10:37.195+0000] {logging_mixin.py:151} INFO -      ⚠️ Erreur ligne 164: current transaction is aborted, commands ignored until end of transaction block
[2026-01-26T13:10:37.197+0000] {logging_mixin.py:151} INFO -      ⚠️ Erreur ligne 165: current transaction is aborted, commands ignored until end of transaction block
[2026-01-26T13:10:37.198+0000] {logging_mixin.py:151} INFO -      ⚠️ Erreur ligne 166: current transaction is aborted, commands ignored until end of transaction block
[2026-01-26T13:10:37.200+0000] {logging_mixin.py:151} INFO -      ⚠️ Erreur ligne 167: current transaction is aborted, commands ignored until end of transaction block
[2026-01-26T13:10:37.202+0000] {logging_mixin.py:151} INFO -      ⚠️ Erreur ligne 168: current transaction is aborted, commands ignored until end of transaction block
[2026-01-26T13:10:37.204+0000] {logging_mixin.py:151} INFO -      ⚠️ Erreur ligne 169: current transaction is aborted, commands ignored until end of transaction block
[2026-01-26T13:10:37.206+0000] {logging_mixin.py:151} INFO -      ⚠️ Erreur ligne 170: current transaction is aborted, commands ignored until end of transaction block
[2026-01-26T13:10:37.207+0000] {logging_mixin.py:151} INFO -      ⚠️ Erreur ligne 171: current transaction is aborted, commands ignored until end of transaction block
[2026-01-26T13:10:37.209+0000] {logging_mixin.py:151} INFO -      ⚠️ Erreur ligne 172: current transaction is aborted, commands ignored until end of transaction block
[2026-01-26T13:10:37.210+0000] {logging_mixin.py:151} INFO -      ⚠️ Erreur ligne 173: current transaction is aborted, commands ignored until end of transaction block
[2026-01-26T13:10:37.212+0000] {logging_mixin.py:151} INFO -      ⚠️ Erreur ligne 174: current transaction is aborted, commands ignored until end of transaction block
[2026-01-26T13:10:37.213+0000] {logging_mixin.py:151} INFO -      ⚠️ Erreur ligne 175: current transaction is aborted, commands ignored until end of transaction block
[2026-01-26T13:10:37.215+0000] {logging_mixin.py:151} INFO -      ⚠️ Erreur ligne 176: current transaction is aborted, commands ignored until end of transaction block
[2026-01-26T13:10:37.216+0000] {logging_mixin.py:151} INFO -      ⚠️ Erreur ligne 177: current transaction is aborted, commands ignored until end of transaction block
[2026-01-26T13:10:37.218+0000] {logging_mixin.py:151} INFO -      ⚠️ Erreur ligne 178: current transaction is aborted, commands ignored until end of transaction block
[2026-01-26T13:10:37.219+0000] {logging_mixin.py:151} INFO -      ⚠️ Erreur ligne 179: current transaction is aborted, commands ignored until end of transaction block
[2026-01-26T13:10:37.220+0000] {logging_mixin.py:151} INFO -      ⚠️ Erreur ligne 180: current transaction is aborted, commands ignored until end of transaction block
[2026-01-26T13:10:37.222+0000] {logging_mixin.py:151} INFO -      ⚠️ Erreur ligne 181: current transaction is aborted, commands ignored until end of transaction block
[2026-01-26T13:10:37.224+0000] {logging_mixin.py:151} INFO -      ⚠️ Erreur ligne 182: current transaction is aborted, commands ignored until end of transaction block
[2026-01-26T13:10:37.225+0000] {logging_mixin.py:151} INFO -      ⚠️ Erreur ligne 183: current transaction is aborted, commands ignored until end of transaction block
[2026-01-26T13:10:37.227+0000] {logging_mixin.py:151} INFO -      ⚠️ Erreur ligne 184: current transaction is aborted, commands ignored until end of transaction block
[2026-01-26T13:10:37.228+0000] {logging_mixin.py:151} INFO -      ⚠️ Erreur ligne 185: current transaction is aborted, commands ignored until end of transaction block
[2026-01-26T13:10:37.230+0000] {logging_mixin.py:151} INFO -      ⚠️ Erreur ligne 186: current transaction is aborted, commands ignored until end of transaction block
[2026-01-26T13:10:37.231+0000] {logging_mixin.py:151} INFO -      ⚠️ Erreur ligne 187: current transaction is aborted, commands ignored until end of transaction block
[2026-01-26T13:10:37.233+0000] {logging_mixin.py:151} INFO -      ⚠️ Erreur ligne 188: current transaction is aborted, commands ignored until end of transaction block
[2026-01-26T13:10:37.235+0000] {logging_mixin.py:151} INFO -      ⚠️ Erreur ligne 189: current transaction is aborted, commands ignored until end of transaction block
[2026-01-26T13:10:37.239+0000] {logging_mixin.py:151} INFO -      ⚠️ Erreur ligne 190: current transaction is aborted, commands ignored until end of transaction block
[2026-01-26T13:10:37.240+0000] {logging_mixin.py:151} INFO -      ⚠️ Erreur ligne 191: current transaction is aborted, commands ignored until end of transaction block
[2026-01-26T13:10:37.242+0000] {logging_mixin.py:151} INFO -      ⚠️ Erreur ligne 192: current transaction is aborted, commands ignored until end of transaction block
[2026-01-26T13:10:37.243+0000] {logging_mixin.py:151} INFO -      ⚠️ Erreur ligne 193: current transaction is aborted, commands ignored until end of transaction block
[2026-01-26T13:10:37.245+0000] {logging_mixin.py:151} INFO -      ⚠️ Erreur ligne 194: current transaction is aborted, commands ignored until end of transaction block
[2026-01-26T13:10:37.246+0000] {logging_mixin.py:151} INFO -      ⚠️ Erreur ligne 195: current transaction is aborted, commands ignored until end of transaction block
[2026-01-26T13:10:37.248+0000] {logging_mixin.py:151} INFO -      ⚠️ Erreur ligne 196: current transaction is aborted, commands ignored until end of transaction block
[2026-01-26T13:10:37.249+0000] {logging_mixin.py:151} INFO -      ⚠️ Erreur ligne 197: current transaction is aborted, commands ignored until end of transaction block
[2026-01-26T13:10:37.251+0000] {logging_mixin.py:151} INFO -      ⚠️ Erreur ligne 198: current transaction is aborted, commands ignored until end of transaction block
[2026-01-26T13:10:37.252+0000] {logging_mixin.py:151} INFO -      ⚠️ Erreur ligne 199: current transaction is aborted, commands ignored until end of transaction block
[2026-01-26T13:10:37.254+0000] {logging_mixin.py:151} INFO -      ⚠️ Erreur ligne 200: current transaction is aborted, commands ignored until end of transaction block
[2026-01-26T13:10:37.255+0000] {logging_mixin.py:151} INFO -      ⚠️ Erreur ligne 201: current transaction is aborted, commands ignored until end of transaction block
[2026-01-26T13:10:37.256+0000] {logging_mixin.py:151} INFO -      ⚠️ Erreur ligne 202: current transaction is aborted, commands ignored until end of transaction block
[2026-01-26T13:10:37.258+0000] {logging_mixin.py:151} INFO -      ⚠️ Erreur ligne 203: current transaction is aborted, commands ignored until end of transaction block
[2026-01-26T13:10:37.259+0000] {logging_mixin.py:151} INFO -      ⚠️ Erreur ligne 204: current transaction is aborted, commands ignored until end of transaction block
[2026-01-26T13:10:37.261+0000] {logging_mixin.py:151} INFO -      ⚠️ Erreur ligne 205: current transaction is aborted, commands ignored until end of transaction block
[2026-01-26T13:10:37.262+0000] {logging_mixin.py:151} INFO -      ⚠️ Erreur ligne 206: current transaction is aborted, commands ignored until end of transaction block
[2026-01-26T13:10:37.264+0000] {logging_mixin.py:151} INFO -      ⚠️ Erreur ligne 207: current transaction is aborted, commands ignored until end of transaction block
[2026-01-26T13:10:37.265+0000] {logging_mixin.py:151} INFO -      ⚠️ Erreur ligne 208: current transaction is aborted, commands ignored until end of transaction block
[2026-01-26T13:10:37.267+0000] {logging_mixin.py:151} INFO -      ⚠️ Erreur ligne 209: current transaction is aborted, commands ignored until end of transaction block
[2026-01-26T13:10:37.268+0000] {logging_mixin.py:151} INFO -      ⚠️ Erreur ligne 210: current transaction is aborted, commands ignored until end of transaction block
[2026-01-26T13:10:37.270+0000] {logging_mixin.py:151} INFO -      ⚠️ Erreur ligne 211: current transaction is aborted, commands ignored until end of transaction block
[2026-01-26T13:10:37.271+0000] {logging_mixin.py:151} INFO -      ⚠️ Erreur ligne 212: current transaction is aborted, commands ignored until end of transaction block
[2026-01-26T13:10:37.273+0000] {logging_mixin.py:151} INFO -      ⚠️ Erreur ligne 213: current transaction is aborted, commands ignored until end of transaction block
[2026-01-26T13:10:37.274+0000] {logging_mixin.py:151} INFO -      ⚠️ Erreur ligne 214: current transaction is aborted, commands ignored until end of transaction block
[2026-01-26T13:10:37.276+0000] {logging_mixin.py:151} INFO -      ⚠️ Erreur ligne 215: current transaction is aborted, commands ignored until end of transaction block
[2026-01-26T13:10:37.277+0000] {logging_mixin.py:151} INFO -      ⚠️ Erreur ligne 216: current transaction is aborted, commands ignored until end of transaction block
[2026-01-26T13:10:37.279+0000] {logging_mixin.py:151} INFO -      ⚠️ Erreur ligne 217: current transaction is aborted, commands ignored until end of transaction block
[2026-01-26T13:10:37.280+0000] {logging_mixin.py:151} INFO -      ⚠️ Erreur ligne 218: current transaction is aborted, commands ignored until end of transaction block
[2026-01-26T13:10:37.282+0000] {logging_mixin.py:151} INFO -      ⚠️ Erreur ligne 219: current transaction is aborted, commands ignored until end of transaction block
[2026-01-26T13:10:37.283+0000] {logging_mixin.py:151} INFO -      ⚠️ Erreur ligne 220: current transaction is aborted, commands ignored until end of transaction block
[2026-01-26T13:10:37.286+0000] {logging_mixin.py:151} INFO -      ⚠️ Erreur ligne 221: current transaction is aborted, commands ignored until end of transaction block
[2026-01-26T13:10:37.287+0000] {logging_mixin.py:151} INFO -      ⚠️ Erreur ligne 222: current transaction is aborted, commands ignored until end of transaction block
[2026-01-26T13:10:37.289+0000] {logging_mixin.py:151} INFO -      ⚠️ Erreur ligne 223: current transaction is aborted, commands ignored until end of transaction block
[2026-01-26T13:10:37.290+0000] {logging_mixin.py:151} INFO -      ⚠️ Erreur ligne 224: current transaction is aborted, commands ignored until end of transaction block
[2026-01-26T13:10:37.291+0000] {logging_mixin.py:151} INFO -      ⚠️ Erreur ligne 225: current transaction is aborted, commands ignored until end of transaction block
[2026-01-26T13:10:37.292+0000] {logging_mixin.py:151} INFO -      ⚠️ Erreur ligne 226: current transaction is aborted, commands ignored until end of transaction block
[2026-01-26T13:10:37.293+0000] {logging_mixin.py:151} INFO -      ⚠️ Erreur ligne 227: current transaction is aborted, commands ignored until end of transaction block
[2026-01-26T13:10:37.295+0000] {logging_mixin.py:151} INFO -      ⚠️ Erreur ligne 228: current transaction is aborted, commands ignored until end of transaction block
[2026-01-26T13:10:37.297+0000] {logging_mixin.py:151} INFO -      ⚠️ Erreur ligne 229: current transaction is aborted, commands ignored until end of transaction block
[2026-01-26T13:10:37.298+0000] {logging_mixin.py:151} INFO -      ⚠️ Erreur ligne 230: current transaction is aborted, commands ignored until end of transaction block
[2026-01-26T13:10:37.300+0000] {logging_mixin.py:151} INFO -      ⚠️ Erreur ligne 231: current transaction is aborted, commands ignored until end of transaction block
[2026-01-26T13:10:37.302+0000] {logging_mixin.py:151} INFO -      ⚠️ Erreur ligne 232: current transaction is aborted, commands ignored until end of transaction block
[2026-01-26T13:10:37.303+0000] {logging_mixin.py:151} INFO -      ⚠️ Erreur ligne 233: current transaction is aborted, commands ignored until end of transaction block
[2026-01-26T13:10:37.306+0000] {logging_mixin.py:151} INFO -      ⚠️ Erreur ligne 234: current transaction is aborted, commands ignored until end of transaction block
[2026-01-26T13:10:37.307+0000] {logging_mixin.py:151} INFO -      ⚠️ Erreur ligne 235: current transaction is aborted, commands ignored until end of transaction block
[2026-01-26T13:10:37.308+0000] {logging_mixin.py:151} INFO -      ⚠️ Erreur ligne 236: current transaction is aborted, commands ignored until end of transaction block
[2026-01-26T13:10:37.310+0000] {logging_mixin.py:151} INFO -      ⚠️ Erreur ligne 237: current transaction is aborted, commands ignored until end of transaction block
[2026-01-26T13:10:37.311+0000] {logging_mixin.py:151} INFO -      ⚠️ Erreur ligne 238: current transaction is aborted, commands ignored until end of transaction block
[2026-01-26T13:10:37.312+0000] {logging_mixin.py:151} INFO -      ⚠️ Erreur ligne 239: current transaction is aborted, commands ignored until end of transaction block
[2026-01-26T13:10:37.314+0000] {logging_mixin.py:151} INFO -      ⚠️ Erreur ligne 240: current transaction is aborted, commands ignored until end of transaction block
[2026-01-26T13:10:37.316+0000] {logging_mixin.py:151} INFO -      ⚠️ Erreur ligne 241: current transaction is aborted, commands ignored until end of transaction block
[2026-01-26T13:10:37.317+0000] {logging_mixin.py:151} INFO -      ⚠️ Erreur ligne 242: current transaction is aborted, commands ignored until end of transaction block
[2026-01-26T13:10:37.318+0000] {logging_mixin.py:151} INFO -      ⚠️ Erreur ligne 243: current transaction is aborted, commands ignored until end of transaction block
[2026-01-26T13:10:37.319+0000] {logging_mixin.py:151} INFO -      ⚠️ Erreur ligne 244: current transaction is aborted, commands ignored until end of transaction block
[2026-01-26T13:10:37.320+0000] {logging_mixin.py:151} INFO -      ⚠️ Erreur ligne 245: current transaction is aborted, commands ignored until end of transaction block
[2026-01-26T13:10:37.322+0000] {logging_mixin.py:151} INFO -      ⚠️ Erreur ligne 246: current transaction is aborted, commands ignored until end of transaction block
[2026-01-26T13:10:37.323+0000] {logging_mixin.py:151} INFO -      ⚠️ Erreur ligne 247: current transaction is aborted, commands ignored until end of transaction block
[2026-01-26T13:10:37.324+0000] {logging_mixin.py:151} INFO -      ⚠️ Erreur ligne 248: current transaction is aborted, commands ignored until end of transaction block
[2026-01-26T13:10:37.325+0000] {logging_mixin.py:151} INFO -      ⚠️ Erreur ligne 249: current transaction is aborted, commands ignored until end of transaction block
[2026-01-26T13:10:37.326+0000] {logging_mixin.py:151} INFO -      ⚠️ Erreur ligne 250: current transaction is aborted, commands ignored until end of transaction block
[2026-01-26T13:10:37.327+0000] {logging_mixin.py:151} INFO -      ⚠️ Erreur ligne 251: current transaction is aborted, commands ignored until end of transaction block
[2026-01-26T13:10:37.328+0000] {logging_mixin.py:151} INFO -      ⚠️ Erreur ligne 252: current transaction is aborted, commands ignored until end of transaction block
[2026-01-26T13:10:37.329+0000] {logging_mixin.py:151} INFO -      ⚠️ Erreur ligne 253: current transaction is aborted, commands ignored until end of transaction block
[2026-01-26T13:10:37.332+0000] {logging_mixin.py:151} INFO -      ⚠️ Erreur ligne 254: current transaction is aborted, commands ignored until end of transaction block
[2026-01-26T13:10:37.333+0000] {logging_mixin.py:151} INFO -      ⚠️ Erreur ligne 255: current transaction is aborted, commands ignored until end of transaction block
[2026-01-26T13:10:37.335+0000] {logging_mixin.py:151} INFO -      ⚠️ Erreur ligne 256: current transaction is aborted, commands ignored until end of transaction block
[2026-01-26T13:10:37.337+0000] {logging_mixin.py:151} INFO -      ⚠️ Erreur ligne 257: current transaction is aborted, commands ignored until end of transaction block
[2026-01-26T13:10:37.338+0000] {logging_mixin.py:151} INFO -      ⚠️ Erreur ligne 258: current transaction is aborted, commands ignored until end of transaction block
[2026-01-26T13:10:37.339+0000] {logging_mixin.py:151} INFO -      ⚠️ Erreur ligne 259: current transaction is aborted, commands ignored until end of transaction block
[2026-01-26T13:10:37.341+0000] {logging_mixin.py:151} INFO -      ⚠️ Erreur ligne 260: current transaction is aborted, commands ignored until end of transaction block
[2026-01-26T13:10:37.342+0000] {logging_mixin.py:151} INFO -      ⚠️ Erreur ligne 261: current transaction is aborted, commands ignored until end of transaction block
[2026-01-26T13:10:37.343+0000] {logging_mixin.py:151} INFO -      ⚠️ Erreur ligne 262: current transaction is aborted, commands ignored until end of transaction block
[2026-01-26T13:10:37.344+0000] {logging_mixin.py:151} INFO -      ⚠️ Erreur ligne 263: current transaction is aborted, commands ignored until end of transaction block
[2026-01-26T13:10:37.345+0000] {logging_mixin.py:151} INFO -      ⚠️ Erreur ligne 264: current transaction is aborted, commands ignored until end of transaction block
[2026-01-26T13:10:37.346+0000] {logging_mixin.py:151} INFO -      ⚠️ Erreur ligne 265: current transaction is aborted, commands ignored until end of transaction block
[2026-01-26T13:10:37.347+0000] {logging_mixin.py:151} INFO -      ⚠️ Erreur ligne 266: current transaction is aborted, commands ignored until end of transaction block
[2026-01-26T13:10:37.348+0000] {logging_mixin.py:151} INFO -      ⚠️ Erreur ligne 267: current transaction is aborted, commands ignored until end of transaction block
[2026-01-26T13:10:37.349+0000] {logging_mixin.py:151} INFO -      ⚠️ Erreur ligne 268: current transaction is aborted, commands ignored until end of transaction block
[2026-01-26T13:10:37.350+0000] {logging_mixin.py:151} INFO -      ⚠️ Erreur ligne 269: current transaction is aborted, commands ignored until end of transaction block
[2026-01-26T13:10:37.351+0000] {logging_mixin.py:151} INFO -      ⚠️ Erreur ligne 270: current transaction is aborted, commands ignored until end of transaction block
[2026-01-26T13:10:37.352+0000] {logging_mixin.py:151} INFO -      ⚠️ Erreur ligne 271: current transaction is aborted, commands ignored until end of transaction block
[2026-01-26T13:10:37.353+0000] {logging_mixin.py:151} INFO -      ⚠️ Erreur ligne 272: current transaction is aborted, commands ignored until end of transaction block
[2026-01-26T13:10:37.354+0000] {logging_mixin.py:151} INFO -      ⚠️ Erreur ligne 273: current transaction is aborted, commands ignored until end of transaction block
[2026-01-26T13:10:37.355+0000] {logging_mixin.py:151} INFO -      ⚠️ Erreur ligne 274: current transaction is aborted, commands ignored until end of transaction block
[2026-01-26T13:10:37.356+0000] {logging_mixin.py:151} INFO -      ⚠️ Erreur ligne 275: current transaction is aborted, commands ignored until end of transaction block
[2026-01-26T13:10:37.357+0000] {logging_mixin.py:151} INFO -      ⚠️ Erreur ligne 276: current transaction is aborted, commands ignored until end of transaction block
[2026-01-26T13:10:37.358+0000] {logging_mixin.py:151} INFO -      ⚠️ Erreur ligne 277: current transaction is aborted, commands ignored until end of transaction block
[2026-01-26T13:10:37.359+0000] {logging_mixin.py:151} INFO -      ⚠️ Erreur ligne 278: current transaction is aborted, commands ignored until end of transaction block
[2026-01-26T13:10:37.359+0000] {logging_mixin.py:151} INFO -      ⚠️ Erreur ligne 279: current transaction is aborted, commands ignored until end of transaction block
[2026-01-26T13:10:37.360+0000] {logging_mixin.py:151} INFO -      ⚠️ Erreur ligne 280: current transaction is aborted, commands ignored until end of transaction block
[2026-01-26T13:10:37.362+0000] {logging_mixin.py:151} INFO -      ⚠️ Erreur ligne 281: current transaction is aborted, commands ignored until end of transaction block
[2026-01-26T13:10:37.363+0000] {logging_mixin.py:151} INFO -      ⚠️ Erreur ligne 282: current transaction is aborted, commands ignored until end of transaction block
[2026-01-26T13:10:37.365+0000] {logging_mixin.py:151} INFO -      ⚠️ Erreur ligne 283: current transaction is aborted, commands ignored until end of transaction block
[2026-01-26T13:10:37.367+0000] {logging_mixin.py:151} INFO -      ⚠️ Erreur ligne 284: current transaction is aborted, commands ignored until end of transaction block
[2026-01-26T13:10:37.368+0000] {logging_mixin.py:151} INFO -      ⚠️ Erreur ligne 285: current transaction is aborted, commands ignored until end of transaction block
[2026-01-26T13:10:37.369+0000] {logging_mixin.py:151} INFO -      ⚠️ Erreur ligne 286: current transaction is aborted, commands ignored until end of transaction block
[2026-01-26T13:10:37.370+0000] {logging_mixin.py:151} INFO -      ⚠️ Erreur ligne 287: current transaction is aborted, commands ignored until end of transaction block
[2026-01-26T13:10:37.372+0000] {logging_mixin.py:151} INFO -      ⚠️ Erreur ligne 288: current transaction is aborted, commands ignored until end of transaction block
[2026-01-26T13:10:37.373+0000] {logging_mixin.py:151} INFO -      ⚠️ Erreur ligne 289: current transaction is aborted, commands ignored until end of transaction block
[2026-01-26T13:10:37.374+0000] {logging_mixin.py:151} INFO -      ⚠️ Erreur ligne 290: current transaction is aborted, commands ignored until end of transaction block
[2026-01-26T13:10:37.376+0000] {logging_mixin.py:151} INFO -      ⚠️ Erreur ligne 291: current transaction is aborted, commands ignored until end of transaction block
[2026-01-26T13:10:37.377+0000] {logging_mixin.py:151} INFO -      ⚠️ Erreur ligne 292: current transaction is aborted, commands ignored until end of transaction block
[2026-01-26T13:10:37.378+0000] {logging_mixin.py:151} INFO -      ⚠️ Erreur ligne 293: current transaction is aborted, commands ignored until end of transaction block
[2026-01-26T13:10:37.378+0000] {logging_mixin.py:151} INFO -      ⚠️ Erreur ligne 294: current transaction is aborted, commands ignored until end of transaction block
[2026-01-26T13:10:37.379+0000] {logging_mixin.py:151} INFO -      ⚠️ Erreur ligne 295: current transaction is aborted, commands ignored until end of transaction block
[2026-01-26T13:10:37.380+0000] {logging_mixin.py:151} INFO -      ⚠️ Erreur ligne 296: current transaction is aborted, commands ignored until end of transaction block
[2026-01-26T13:10:37.381+0000] {logging_mixin.py:151} INFO -      ⚠️ Erreur ligne 297: current transaction is aborted, commands ignored until end of transaction block
[2026-01-26T13:10:37.382+0000] {logging_mixin.py:151} INFO -      ⚠️ Erreur ligne 298: current transaction is aborted, commands ignored until end of transaction block
[2026-01-26T13:10:37.383+0000] {logging_mixin.py:151} INFO -      ⚠️ Erreur ligne 299: current transaction is aborted, commands ignored until end of transaction block
[2026-01-26T13:10:37.384+0000] {logging_mixin.py:151} INFO -      ⚠️ Erreur ligne 300: current transaction is aborted, commands ignored until end of transaction block
[2026-01-26T13:10:37.385+0000] {logging_mixin.py:151} INFO -      ⚠️ Erreur ligne 301: current transaction is aborted, commands ignored until end of transaction block
[2026-01-26T13:10:37.386+0000] {logging_mixin.py:151} INFO -      ⚠️ Erreur ligne 302: current transaction is aborted, commands ignored until end of transaction block
[2026-01-26T13:10:37.387+0000] {logging_mixin.py:151} INFO -      ⚠️ Erreur ligne 303: current transaction is aborted, commands ignored until end of transaction block
[2026-01-26T13:10:37.388+0000] {logging_mixin.py:151} INFO -      ⚠️ Erreur ligne 304: current transaction is aborted, commands ignored until end of transaction block
[2026-01-26T13:10:37.390+0000] {logging_mixin.py:151} INFO -      ⚠️ Erreur ligne 305: current transaction is aborted, commands ignored until end of transaction block
[2026-01-26T13:10:37.392+0000] {logging_mixin.py:151} INFO -      ⚠️ Erreur ligne 306: current transaction is aborted, commands ignored until end of transaction block
[2026-01-26T13:10:37.394+0000] {logging_mixin.py:151} INFO -      ⚠️ Erreur ligne 307: current transaction is aborted, commands ignored until end of transaction block
[2026-01-26T13:10:37.395+0000] {logging_mixin.py:151} INFO -      ⚠️ Erreur ligne 308: current transaction is aborted, commands ignored until end of transaction block
[2026-01-26T13:10:37.397+0000] {logging_mixin.py:151} INFO -      ⚠️ Erreur ligne 309: current transaction is aborted, commands ignored until end of transaction block
[2026-01-26T13:10:37.399+0000] {logging_mixin.py:151} INFO -      ⚠️ Erreur ligne 310: current transaction is aborted, commands ignored until end of transaction block
[2026-01-26T13:10:37.400+0000] {logging_mixin.py:151} INFO -      ⚠️ Erreur ligne 311: current transaction is aborted, commands ignored until end of transaction block
[2026-01-26T13:10:37.401+0000] {logging_mixin.py:151} INFO -      ⚠️ Erreur ligne 312: current transaction is aborted, commands ignored until end of transaction block
[2026-01-26T13:10:37.402+0000] {logging_mixin.py:151} INFO -      ⚠️ Erreur ligne 313: current transaction is aborted, commands ignored until end of transaction block
[2026-01-26T13:10:37.404+0000] {logging_mixin.py:151} INFO -      ⚠️ Erreur ligne 314: current transaction is aborted, commands ignored until end of transaction block
[2026-01-26T13:10:37.405+0000] {logging_mixin.py:151} INFO -      ⚠️ Erreur ligne 315: current transaction is aborted, commands ignored until end of transaction block
[2026-01-26T13:10:37.406+0000] {logging_mixin.py:151} INFO -      ⚠️ Erreur ligne 316: current transaction is aborted, commands ignored until end of transaction block
[2026-01-26T13:10:37.407+0000] {logging_mixin.py:151} INFO -      ⚠️ Erreur ligne 317: current transaction is aborted, commands ignored until end of transaction block
[2026-01-26T13:10:37.408+0000] {logging_mixin.py:151} INFO -      ⚠️ Erreur ligne 318: current transaction is aborted, commands ignored until end of transaction block
[2026-01-26T13:10:37.409+0000] {logging_mixin.py:151} INFO -      ⚠️ Erreur ligne 319: current transaction is aborted, commands ignored until end of transaction block
[2026-01-26T13:10:37.410+0000] {logging_mixin.py:151} INFO -      ⚠️ Erreur ligne 320: current transaction is aborted, commands ignored until end of transaction block
[2026-01-26T13:10:37.411+0000] {logging_mixin.py:151} INFO -      ⚠️ Erreur ligne 321: current transaction is aborted, commands ignored until end of transaction block
[2026-01-26T13:10:37.412+0000] {logging_mixin.py:151} INFO -      ⚠️ Erreur ligne 322: current transaction is aborted, commands ignored until end of transaction block
[2026-01-26T13:10:37.413+0000] {logging_mixin.py:151} INFO -      ⚠️ Erreur ligne 323: current transaction is aborted, commands ignored until end of transaction block
[2026-01-26T13:10:37.414+0000] {logging_mixin.py:151} INFO -      ⚠️ Erreur ligne 324: current transaction is aborted, commands ignored until end of transaction block
[2026-01-26T13:10:37.415+0000] {logging_mixin.py:151} INFO -      ⚠️ Erreur ligne 325: current transaction is aborted, commands ignored until end of transaction block
[2026-01-26T13:10:37.416+0000] {logging_mixin.py:151} INFO -      ⚠️ Erreur ligne 326: current transaction is aborted, commands ignored until end of transaction block
[2026-01-26T13:10:37.418+0000] {logging_mixin.py:151} INFO -      ⚠️ Erreur ligne 327: current transaction is aborted, commands ignored until end of transaction block
[2026-01-26T13:10:37.420+0000] {logging_mixin.py:151} INFO -      ⚠️ Erreur ligne 328: current transaction is aborted, commands ignored until end of transaction block
[2026-01-26T13:10:37.421+0000] {logging_mixin.py:151} INFO -      ⚠️ Erreur ligne 329: current transaction is aborted, commands ignored until end of transaction block
[2026-01-26T13:10:37.423+0000] {logging_mixin.py:151} INFO -      ⚠️ Erreur ligne 330: current transaction is aborted, commands ignored until end of transaction block
[2026-01-26T13:10:37.424+0000] {logging_mixin.py:151} INFO -      ⚠️ Erreur ligne 331: current transaction is aborted, commands ignored until end of transaction block
[2026-01-26T13:10:37.425+0000] {logging_mixin.py:151} INFO -      ⚠️ Erreur ligne 332: current transaction is aborted, commands ignored until end of transaction block
[2026-01-26T13:10:37.426+0000] {logging_mixin.py:151} INFO -      ⚠️ Erreur ligne 333: current transaction is aborted, commands ignored until end of transaction block
[2026-01-26T13:10:37.427+0000] {logging_mixin.py:151} INFO -      ⚠️ Erreur ligne 334: current transaction is aborted, commands ignored until end of transaction block
[2026-01-26T13:10:37.428+0000] {logging_mixin.py:151} INFO -      ⚠️ Erreur ligne 335: current transaction is aborted, commands ignored until end of transaction block
[2026-01-26T13:10:37.429+0000] {logging_mixin.py:151} INFO -      ⚠️ Erreur ligne 336: current transaction is aborted, commands ignored until end of transaction block
[2026-01-26T13:10:37.430+0000] {logging_mixin.py:151} INFO -      ⚠️ Erreur ligne 337: current transaction is aborted, commands ignored until end of transaction block
[2026-01-26T13:10:37.431+0000] {logging_mixin.py:151} INFO -      ⚠️ Erreur ligne 338: current transaction is aborted, commands ignored until end of transaction block
[2026-01-26T13:10:37.432+0000] {logging_mixin.py:151} INFO -      ⚠️ Erreur ligne 339: current transaction is aborted, commands ignored until end of transaction block
[2026-01-26T13:10:37.433+0000] {logging_mixin.py:151} INFO -      ⚠️ Erreur ligne 340: current transaction is aborted, commands ignored until end of transaction block
[2026-01-26T13:10:37.434+0000] {logging_mixin.py:151} INFO -      ⚠️ Erreur ligne 341: current transaction is aborted, commands ignored until end of transaction block
[2026-01-26T13:10:37.435+0000] {logging_mixin.py:151} INFO -      ⚠️ Erreur ligne 342: current transaction is aborted, commands ignored until end of transaction block
[2026-01-26T13:10:37.436+0000] {logging_mixin.py:151} INFO -      ⚠️ Erreur ligne 343: current transaction is aborted, commands ignored until end of transaction block
[2026-01-26T13:10:37.437+0000] {logging_mixin.py:151} INFO -      ⚠️ Erreur ligne 344: current transaction is aborted, commands ignored until end of transaction block
[2026-01-26T13:10:37.438+0000] {logging_mixin.py:151} INFO -      ⚠️ Erreur ligne 345: current transaction is aborted, commands ignored until end of transaction block
[2026-01-26T13:10:37.439+0000] {logging_mixin.py:151} INFO -      ⚠️ Erreur ligne 346: current transaction is aborted, commands ignored until end of transaction block
[2026-01-26T13:10:37.440+0000] {logging_mixin.py:151} INFO -      ⚠️ Erreur ligne 347: current transaction is aborted, commands ignored until end of transaction block
[2026-01-26T13:10:37.441+0000] {logging_mixin.py:151} INFO -      ⚠️ Erreur ligne 348: current transaction is aborted, commands ignored until end of transaction block
[2026-01-26T13:10:37.442+0000] {logging_mixin.py:151} INFO -      ⚠️ Erreur ligne 349: current transaction is aborted, commands ignored until end of transaction block
[2026-01-26T13:10:37.444+0000] {logging_mixin.py:151} INFO -      ⚠️ Erreur ligne 350: current transaction is aborted, commands ignored until end of transaction block
[2026-01-26T13:10:37.447+0000] {logging_mixin.py:151} INFO -      ⚠️ Erreur ligne 351: current transaction is aborted, commands ignored until end of transaction block
[2026-01-26T13:10:37.449+0000] {logging_mixin.py:151} INFO -      ⚠️ Erreur ligne 352: current transaction is aborted, commands ignored until end of transaction block
[2026-01-26T13:10:37.451+0000] {logging_mixin.py:151} INFO -      ⚠️ Erreur ligne 353: current transaction is aborted, commands ignored until end of transaction block
[2026-01-26T13:10:37.453+0000] {logging_mixin.py:151} INFO -      ⚠️ Erreur ligne 354: current transaction is aborted, commands ignored until end of transaction block
[2026-01-26T13:10:37.454+0000] {logging_mixin.py:151} INFO -      ⚠️ Erreur ligne 355: current transaction is aborted, commands ignored until end of transaction block
[2026-01-26T13:10:37.455+0000] {logging_mixin.py:151} INFO -      ⚠️ Erreur ligne 356: current transaction is aborted, commands ignored until end of transaction block
[2026-01-26T13:10:37.456+0000] {logging_mixin.py:151} INFO -      ⚠️ Erreur ligne 357: current transaction is aborted, commands ignored until end of transaction block
[2026-01-26T13:10:37.458+0000] {logging_mixin.py:151} INFO -      ⚠️ Erreur ligne 358: current transaction is aborted, commands ignored until end of transaction block
[2026-01-26T13:10:37.459+0000] {logging_mixin.py:151} INFO -      ⚠️ Erreur ligne 359: current transaction is aborted, commands ignored until end of transaction block
[2026-01-26T13:10:37.460+0000] {logging_mixin.py:151} INFO -      ⚠️ Erreur ligne 360: current transaction is aborted, commands ignored until end of transaction block
[2026-01-26T13:10:37.461+0000] {logging_mixin.py:151} INFO -      ⚠️ Erreur ligne 361: current transaction is aborted, commands ignored until end of transaction block
[2026-01-26T13:10:37.462+0000] {logging_mixin.py:151} INFO -      ⚠️ Erreur ligne 362: current transaction is aborted, commands ignored until end of transaction block
[2026-01-26T13:10:37.463+0000] {logging_mixin.py:151} INFO -      ⚠️ Erreur ligne 363: current transaction is aborted, commands ignored until end of transaction block
[2026-01-26T13:10:37.464+0000] {logging_mixin.py:151} INFO -      ⚠️ Erreur ligne 364: current transaction is aborted, commands ignored until end of transaction block
[2026-01-26T13:10:37.465+0000] {logging_mixin.py:151} INFO -      ⚠️ Erreur ligne 365: current transaction is aborted, commands ignored until end of transaction block
[2026-01-26T13:10:37.466+0000] {logging_mixin.py:151} INFO -      ⚠️ Erreur ligne 366: current transaction is aborted, commands ignored until end of transaction block
[2026-01-26T13:10:37.467+0000] {logging_mixin.py:151} INFO -      ⚠️ Erreur ligne 367: current transaction is aborted, commands ignored until end of transaction block
[2026-01-26T13:10:37.468+0000] {logging_mixin.py:151} INFO -      ⚠️ Erreur ligne 368: current transaction is aborted, commands ignored until end of transaction block
[2026-01-26T13:10:37.469+0000] {logging_mixin.py:151} INFO -      ⚠️ Erreur ligne 369: current transaction is aborted, commands ignored until end of transaction block
[2026-01-26T13:10:37.470+0000] {logging_mixin.py:151} INFO -      ⚠️ Erreur ligne 370: current transaction is aborted, commands ignored until end of transaction block
[2026-01-26T13:10:37.471+0000] {logging_mixin.py:151} INFO -      ⚠️ Erreur ligne 371: current transaction is aborted, commands ignored until end of transaction block
[2026-01-26T13:10:37.473+0000] {logging_mixin.py:151} INFO -      ⚠️ Erreur ligne 372: current transaction is aborted, commands ignored until end of transaction block
[2026-01-26T13:10:37.476+0000] {logging_mixin.py:151} INFO -      ⚠️ Erreur ligne 373: current transaction is aborted, commands ignored until end of transaction block
[2026-01-26T13:10:37.478+0000] {logging_mixin.py:151} INFO -      ⚠️ Erreur ligne 374: current transaction is aborted, commands ignored until end of transaction block
[2026-01-26T13:10:37.479+0000] {logging_mixin.py:151} INFO -      ⚠️ Erreur ligne 375: current transaction is aborted, commands ignored until end of transaction block
[2026-01-26T13:10:37.481+0000] {logging_mixin.py:151} INFO -      ⚠️ Erreur ligne 376: current transaction is aborted, commands ignored until end of transaction block
[2026-01-26T13:10:37.482+0000] {logging_mixin.py:151} INFO -      ⚠️ Erreur ligne 377: current transaction is aborted, commands ignored until end of transaction block
[2026-01-26T13:10:37.483+0000] {logging_mixin.py:151} INFO -      ⚠️ Erreur ligne 378: current transaction is aborted, commands ignored until end of transaction block
[2026-01-26T13:10:37.484+0000] {logging_mixin.py:151} INFO -      ⚠️ Erreur ligne 379: current transaction is aborted, commands ignored until end of transaction block
[2026-01-26T13:10:37.486+0000] {logging_mixin.py:151} INFO -      ⚠️ Erreur ligne 380: current transaction is aborted, commands ignored until end of transaction block
[2026-01-26T13:10:37.487+0000] {logging_mixin.py:151} INFO -      ⚠️ Erreur ligne 381: current transaction is aborted, commands ignored until end of transaction block
[2026-01-26T13:10:37.488+0000] {logging_mixin.py:151} INFO -      ⚠️ Erreur ligne 382: current transaction is aborted, commands ignored until end of transaction block
[2026-01-26T13:10:37.489+0000] {logging_mixin.py:151} INFO -      ⚠️ Erreur ligne 383: current transaction is aborted, commands ignored until end of transaction block
[2026-01-26T13:10:37.490+0000] {logging_mixin.py:151} INFO -      ⚠️ Erreur ligne 384: current transaction is aborted, commands ignored until end of transaction block
[2026-01-26T13:10:37.491+0000] {logging_mixin.py:151} INFO -      ⚠️ Erreur ligne 385: current transaction is aborted, commands ignored until end of transaction block
[2026-01-26T13:10:37.492+0000] {logging_mixin.py:151} INFO -      ⚠️ Erreur ligne 386: current transaction is aborted, commands ignored until end of transaction block
[2026-01-26T13:10:37.494+0000] {logging_mixin.py:151} INFO -      ⚠️ Erreur ligne 387: current transaction is aborted, commands ignored until end of transaction block
[2026-01-26T13:10:37.495+0000] {logging_mixin.py:151} INFO -      ⚠️ Erreur ligne 388: current transaction is aborted, commands ignored until end of transaction block
[2026-01-26T13:10:37.497+0000] {logging_mixin.py:151} INFO -      ⚠️ Erreur ligne 389: current transaction is aborted, commands ignored until end of transaction block
[2026-01-26T13:10:37.500+0000] {logging_mixin.py:151} INFO -      ⚠️ Erreur ligne 390: current transaction is aborted, commands ignored until end of transaction block
[2026-01-26T13:10:37.504+0000] {logging_mixin.py:151} INFO -      ⚠️ Erreur ligne 391: current transaction is aborted, commands ignored until end of transaction block
[2026-01-26T13:10:37.507+0000] {logging_mixin.py:151} INFO -      ⚠️ Erreur ligne 392: current transaction is aborted, commands ignored until end of transaction block
[2026-01-26T13:10:37.510+0000] {logging_mixin.py:151} INFO -      ⚠️ Erreur ligne 393: current transaction is aborted, commands ignored until end of transaction block
[2026-01-26T13:10:37.512+0000] {logging_mixin.py:151} INFO -      ⚠️ Erreur ligne 394: current transaction is aborted, commands ignored until end of transaction block
[2026-01-26T13:10:37.517+0000] {logging_mixin.py:151} INFO -      ⚠️ Erreur ligne 395: current transaction is aborted, commands ignored until end of transaction block
[2026-01-26T13:10:37.520+0000] {logging_mixin.py:151} INFO -      ⚠️ Erreur ligne 396: current transaction is aborted, commands ignored until end of transaction block
[2026-01-26T13:10:37.522+0000] {logging_mixin.py:151} INFO -      ⚠️ Erreur ligne 397: current transaction is aborted, commands ignored until end of transaction block
[2026-01-26T13:10:37.524+0000] {logging_mixin.py:151} INFO -      ⚠️ Erreur ligne 398: current transaction is aborted, commands ignored until end of transaction block
[2026-01-26T13:10:37.526+0000] {logging_mixin.py:151} INFO -      ⚠️ Erreur ligne 399: current transaction is aborted, commands ignored until end of transaction block
[2026-01-26T13:10:37.528+0000] {logging_mixin.py:151} INFO -      ⚠️ Erreur ligne 400: current transaction is aborted, commands ignored until end of transaction block
[2026-01-26T13:10:37.531+0000] {logging_mixin.py:151} INFO -      ⚠️ Erreur ligne 401: current transaction is aborted, commands ignored until end of transaction block
[2026-01-26T13:10:37.534+0000] {logging_mixin.py:151} INFO -      ⚠️ Erreur ligne 402: current transaction is aborted, commands ignored until end of transaction block
[2026-01-26T13:10:37.535+0000] {logging_mixin.py:151} INFO -      ⚠️ Erreur ligne 403: current transaction is aborted, commands ignored until end of transaction block
[2026-01-26T13:10:37.537+0000] {logging_mixin.py:151} INFO -      ⚠️ Erreur ligne 404: current transaction is aborted, commands ignored until end of transaction block
[2026-01-26T13:10:37.539+0000] {logging_mixin.py:151} INFO -      ⚠️ Erreur ligne 405: current transaction is aborted, commands ignored until end of transaction block
[2026-01-26T13:10:37.540+0000] {logging_mixin.py:151} INFO -      ⚠️ Erreur ligne 406: current transaction is aborted, commands ignored until end of transaction block
[2026-01-26T13:10:37.541+0000] {logging_mixin.py:151} INFO -      ⚠️ Erreur ligne 407: current transaction is aborted, commands ignored until end of transaction block
[2026-01-26T13:10:37.543+0000] {logging_mixin.py:151} INFO -      ⚠️ Erreur ligne 408: current transaction is aborted, commands ignored until end of transaction block
[2026-01-26T13:10:37.544+0000] {logging_mixin.py:151} INFO -      ⚠️ Erreur ligne 409: current transaction is aborted, commands ignored until end of transaction block
[2026-01-26T13:10:37.545+0000] {logging_mixin.py:151} INFO -      ⚠️ Erreur ligne 410: current transaction is aborted, commands ignored until end of transaction block
[2026-01-26T13:10:37.547+0000] {logging_mixin.py:151} INFO -      ⚠️ Erreur ligne 411: current transaction is aborted, commands ignored until end of transaction block
[2026-01-26T13:10:37.548+0000] {logging_mixin.py:151} INFO -      ⚠️ Erreur ligne 412: current transaction is aborted, commands ignored until end of transaction block
[2026-01-26T13:10:37.549+0000] {logging_mixin.py:151} INFO -      ⚠️ Erreur ligne 413: current transaction is aborted, commands ignored until end of transaction block
[2026-01-26T13:10:37.551+0000] {logging_mixin.py:151} INFO -      ⚠️ Erreur ligne 414: current transaction is aborted, commands ignored until end of transaction block
[2026-01-26T13:10:37.553+0000] {logging_mixin.py:151} INFO -      ⚠️ Erreur ligne 415: current transaction is aborted, commands ignored until end of transaction block
[2026-01-26T13:10:37.554+0000] {logging_mixin.py:151} INFO -      ⚠️ Erreur ligne 416: current transaction is aborted, commands ignored until end of transaction block
[2026-01-26T13:10:37.555+0000] {logging_mixin.py:151} INFO -      ⚠️ Erreur ligne 417: current transaction is aborted, commands ignored until end of transaction block
[2026-01-26T13:10:37.557+0000] {logging_mixin.py:151} INFO -      ⚠️ Erreur ligne 418: current transaction is aborted, commands ignored until end of transaction block
[2026-01-26T13:10:37.558+0000] {logging_mixin.py:151} INFO -      ⚠️ Erreur ligne 419: current transaction is aborted, commands ignored until end of transaction block
[2026-01-26T13:10:37.560+0000] {logging_mixin.py:151} INFO -      ⚠️ Erreur ligne 420: current transaction is aborted, commands ignored until end of transaction block
[2026-01-26T13:10:37.561+0000] {logging_mixin.py:151} INFO -      ⚠️ Erreur ligne 421: current transaction is aborted, commands ignored until end of transaction block
[2026-01-26T13:10:37.562+0000] {logging_mixin.py:151} INFO -      ⚠️ Erreur ligne 422: current transaction is aborted, commands ignored until end of transaction block
[2026-01-26T13:10:37.564+0000] {logging_mixin.py:151} INFO -      ⚠️ Erreur ligne 423: current transaction is aborted, commands ignored until end of transaction block
[2026-01-26T13:10:37.565+0000] {logging_mixin.py:151} INFO -      ⚠️ Erreur ligne 424: current transaction is aborted, commands ignored until end of transaction block
[2026-01-26T13:10:37.566+0000] {logging_mixin.py:151} INFO -      ⚠️ Erreur ligne 425: current transaction is aborted, commands ignored until end of transaction block
[2026-01-26T13:10:37.567+0000] {logging_mixin.py:151} INFO -      ⚠️ Erreur ligne 426: current transaction is aborted, commands ignored until end of transaction block
[2026-01-26T13:10:37.568+0000] {logging_mixin.py:151} INFO -      ⚠️ Erreur ligne 427: current transaction is aborted, commands ignored until end of transaction block
[2026-01-26T13:10:37.569+0000] {logging_mixin.py:151} INFO -      ⚠️ Erreur ligne 428: current transaction is aborted, commands ignored until end of transaction block
[2026-01-26T13:10:37.570+0000] {logging_mixin.py:151} INFO -      ⚠️ Erreur ligne 429: current transaction is aborted, commands ignored until end of transaction block
[2026-01-26T13:10:37.571+0000] {logging_mixin.py:151} INFO -      ⚠️ Erreur ligne 430: current transaction is aborted, commands ignored until end of transaction block
[2026-01-26T13:10:37.572+0000] {logging_mixin.py:151} INFO -      ⚠️ Erreur ligne 431: current transaction is aborted, commands ignored until end of transaction block
[2026-01-26T13:10:37.573+0000] {logging_mixin.py:151} INFO -      ⚠️ Erreur ligne 432: current transaction is aborted, commands ignored until end of transaction block
[2026-01-26T13:10:37.575+0000] {logging_mixin.py:151} INFO -      ⚠️ Erreur ligne 433: current transaction is aborted, commands ignored until end of transaction block
[2026-01-26T13:10:37.576+0000] {logging_mixin.py:151} INFO -      ⚠️ Erreur ligne 434: current transaction is aborted, commands ignored until end of transaction block
[2026-01-26T13:10:37.577+0000] {logging_mixin.py:151} INFO -      ⚠️ Erreur ligne 435: current transaction is aborted, commands ignored until end of transaction block
[2026-01-26T13:10:37.578+0000] {logging_mixin.py:151} INFO -      ⚠️ Erreur ligne 436: current transaction is aborted, commands ignored until end of transaction block
[2026-01-26T13:10:37.579+0000] {logging_mixin.py:151} INFO -      ⚠️ Erreur ligne 437: current transaction is aborted, commands ignored until end of transaction block
[2026-01-26T13:10:37.580+0000] {logging_mixin.py:151} INFO -      ⚠️ Erreur ligne 438: current transaction is aborted, commands ignored until end of transaction block
[2026-01-26T13:10:37.581+0000] {logging_mixin.py:151} INFO -      ⚠️ Erreur ligne 439: current transaction is aborted, commands ignored until end of transaction block
[2026-01-26T13:10:37.582+0000] {logging_mixin.py:151} INFO -      ⚠️ Erreur ligne 440: current transaction is aborted, commands ignored until end of transaction block
[2026-01-26T13:10:37.583+0000] {logging_mixin.py:151} INFO -      ⚠️ Erreur ligne 441: current transaction is aborted, commands ignored until end of transaction block
[2026-01-26T13:10:37.584+0000] {logging_mixin.py:151} INFO -      ⚠️ Erreur ligne 442: current transaction is aborted, commands ignored until end of transaction block
[2026-01-26T13:10:37.585+0000] {logging_mixin.py:151} INFO -      ⚠️ Erreur ligne 443: current transaction is aborted, commands ignored until end of transaction block
[2026-01-26T13:10:37.586+0000] {logging_mixin.py:151} INFO -      ⚠️ Erreur ligne 444: current transaction is aborted, commands ignored until end of transaction block
[2026-01-26T13:10:37.587+0000] {logging_mixin.py:151} INFO -      ⚠️ Erreur ligne 445: current transaction is aborted, commands ignored until end of transaction block
[2026-01-26T13:10:37.589+0000] {logging_mixin.py:151} INFO -      ⚠️ Erreur ligne 446: current transaction is aborted, commands ignored until end of transaction block
[2026-01-26T13:10:37.590+0000] {logging_mixin.py:151} INFO -      ⚠️ Erreur ligne 447: current transaction is aborted, commands ignored until end of transaction block
[2026-01-26T13:10:37.591+0000] {logging_mixin.py:151} INFO -      ⚠️ Erreur ligne 448: current transaction is aborted, commands ignored until end of transaction block
[2026-01-26T13:10:37.593+0000] {logging_mixin.py:151} INFO -      ⚠️ Erreur ligne 449: current transaction is aborted, commands ignored until end of transaction block
[2026-01-26T13:10:37.594+0000] {logging_mixin.py:151} INFO -      ⚠️ Erreur ligne 450: current transaction is aborted, commands ignored until end of transaction block
[2026-01-26T13:10:37.595+0000] {logging_mixin.py:151} INFO -      ⚠️ Erreur ligne 451: current transaction is aborted, commands ignored until end of transaction block
[2026-01-26T13:10:37.596+0000] {logging_mixin.py:151} INFO -      ⚠️ Erreur ligne 452: current transaction is aborted, commands ignored until end of transaction block
[2026-01-26T13:10:37.597+0000] {logging_mixin.py:151} INFO -      ⚠️ Erreur ligne 453: current transaction is aborted, commands ignored until end of transaction block
[2026-01-26T13:10:37.598+0000] {logging_mixin.py:151} INFO -      ⚠️ Erreur ligne 454: current transaction is aborted, commands ignored until end of transaction block
[2026-01-26T13:10:37.599+0000] {logging_mixin.py:151} INFO -      ⚠️ Erreur ligne 455: current transaction is aborted, commands ignored until end of transaction block
[2026-01-26T13:10:37.600+0000] {logging_mixin.py:151} INFO -      ⚠️ Erreur ligne 456: current transaction is aborted, commands ignored until end of transaction block
[2026-01-26T13:10:37.601+0000] {logging_mixin.py:151} INFO -      ⚠️ Erreur ligne 457: current transaction is aborted, commands ignored until end of transaction block
[2026-01-26T13:10:37.602+0000] {logging_mixin.py:151} INFO -      ⚠️ Erreur ligne 458: current transaction is aborted, commands ignored until end of transaction block
[2026-01-26T13:10:37.603+0000] {logging_mixin.py:151} INFO -      ⚠️ Erreur ligne 459: current transaction is aborted, commands ignored until end of transaction block
[2026-01-26T13:10:37.604+0000] {logging_mixin.py:151} INFO -      ⚠️ Erreur ligne 460: current transaction is aborted, commands ignored until end of transaction block
[2026-01-26T13:10:37.605+0000] {logging_mixin.py:151} INFO -      ⚠️ Erreur ligne 461: current transaction is aborted, commands ignored until end of transaction block
[2026-01-26T13:10:37.606+0000] {logging_mixin.py:151} INFO -      ⚠️ Erreur ligne 462: current transaction is aborted, commands ignored until end of transaction block
[2026-01-26T13:10:37.607+0000] {logging_mixin.py:151} INFO -      ⚠️ Erreur ligne 463: current transaction is aborted, commands ignored until end of transaction block
[2026-01-26T13:10:37.608+0000] {logging_mixin.py:151} INFO -      ⚠️ Erreur ligne 464: current transaction is aborted, commands ignored until end of transaction block
[2026-01-26T13:10:37.609+0000] {logging_mixin.py:151} INFO -      ⚠️ Erreur ligne 465: current transaction is aborted, commands ignored until end of transaction block
[2026-01-26T13:10:37.610+0000] {logging_mixin.py:151} INFO -      ⚠️ Erreur ligne 466: current transaction is aborted, commands ignored until end of transaction block
[2026-01-26T13:10:37.611+0000] {logging_mixin.py:151} INFO -      ⚠️ Erreur ligne 467: current transaction is aborted, commands ignored until end of transaction block
[2026-01-26T13:10:37.612+0000] {logging_mixin.py:151} INFO -      ⚠️ Erreur ligne 468: current transaction is aborted, commands ignored until end of transaction block
[2026-01-26T13:10:37.613+0000] {logging_mixin.py:151} INFO -      ⚠️ Erreur ligne 469: current transaction is aborted, commands ignored until end of transaction block
[2026-01-26T13:10:37.615+0000] {logging_mixin.py:151} INFO -      ⚠️ Erreur ligne 470: current transaction is aborted, commands ignored until end of transaction block
[2026-01-26T13:10:37.616+0000] {logging_mixin.py:151} INFO -      ⚠️ Erreur ligne 471: current transaction is aborted, commands ignored until end of transaction block
[2026-01-26T13:10:37.617+0000] {logging_mixin.py:151} INFO -      ⚠️ Erreur ligne 472: current transaction is aborted, commands ignored until end of transaction block
[2026-01-26T13:10:37.619+0000] {logging_mixin.py:151} INFO -      ⚠️ Erreur ligne 473: current transaction is aborted, commands ignored until end of transaction block
[2026-01-26T13:10:37.620+0000] {logging_mixin.py:151} INFO -      ⚠️ Erreur ligne 474: current transaction is aborted, commands ignored until end of transaction block
[2026-01-26T13:10:37.622+0000] {logging_mixin.py:151} INFO -      ⚠️ Erreur ligne 475: current transaction is aborted, commands ignored until end of transaction block
[2026-01-26T13:10:37.623+0000] {logging_mixin.py:151} INFO -      ⚠️ Erreur ligne 476: current transaction is aborted, commands ignored until end of transaction block
[2026-01-26T13:10:37.624+0000] {logging_mixin.py:151} INFO -      ⚠️ Erreur ligne 477: current transaction is aborted, commands ignored until end of transaction block
[2026-01-26T13:10:37.625+0000] {logging_mixin.py:151} INFO -      ⚠️ Erreur ligne 478: current transaction is aborted, commands ignored until end of transaction block
[2026-01-26T13:10:37.626+0000] {logging_mixin.py:151} INFO -      ⚠️ Erreur ligne 479: current transaction is aborted, commands ignored until end of transaction block
[2026-01-26T13:10:37.627+0000] {logging_mixin.py:151} INFO -      ⚠️ Erreur ligne 480: current transaction is aborted, commands ignored until end of transaction block
[2026-01-26T13:10:37.628+0000] {logging_mixin.py:151} INFO -      ⚠️ Erreur ligne 481: current transaction is aborted, commands ignored until end of transaction block
[2026-01-26T13:10:37.629+0000] {logging_mixin.py:151} INFO -      ⚠️ Erreur ligne 482: current transaction is aborted, commands ignored until end of transaction block
[2026-01-26T13:10:37.630+0000] {logging_mixin.py:151} INFO -      ⚠️ Erreur ligne 483: current transaction is aborted, commands ignored until end of transaction block
[2026-01-26T13:10:37.631+0000] {logging_mixin.py:151} INFO -      ⚠️ Erreur ligne 484: current transaction is aborted, commands ignored until end of transaction block
[2026-01-26T13:10:37.632+0000] {logging_mixin.py:151} INFO -      ⚠️ Erreur ligne 485: current transaction is aborted, commands ignored until end of transaction block
[2026-01-26T13:10:37.633+0000] {logging_mixin.py:151} INFO -      ⚠️ Erreur ligne 486: current transaction is aborted, commands ignored until end of transaction block
[2026-01-26T13:10:37.635+0000] {logging_mixin.py:151} INFO -      ⚠️ Erreur ligne 487: current transaction is aborted, commands ignored until end of transaction block
[2026-01-26T13:10:37.636+0000] {logging_mixin.py:151} INFO -      ⚠️ Erreur ligne 488: current transaction is aborted, commands ignored until end of transaction block
[2026-01-26T13:10:37.637+0000] {logging_mixin.py:151} INFO -      ⚠️ Erreur ligne 489: current transaction is aborted, commands ignored until end of transaction block
[2026-01-26T13:10:37.638+0000] {logging_mixin.py:151} INFO -      ⚠️ Erreur ligne 490: current transaction is aborted, commands ignored until end of transaction block
[2026-01-26T13:10:37.639+0000] {logging_mixin.py:151} INFO -      ⚠️ Erreur ligne 491: current transaction is aborted, commands ignored until end of transaction block
[2026-01-26T13:10:37.640+0000] {logging_mixin.py:151} INFO -      ⚠️ Erreur ligne 492: current transaction is aborted, commands ignored until end of transaction block
[2026-01-26T13:10:37.641+0000] {logging_mixin.py:151} INFO -      ⚠️ Erreur ligne 493: current transaction is aborted, commands ignored until end of transaction block
[2026-01-26T13:10:37.644+0000] {logging_mixin.py:151} INFO -      ⚠️ Erreur ligne 494: current transaction is aborted, commands ignored until end of transaction block
[2026-01-26T13:10:37.646+0000] {logging_mixin.py:151} INFO -      ⚠️ Erreur ligne 495: current transaction is aborted, commands ignored until end of transaction block
[2026-01-26T13:10:37.647+0000] {logging_mixin.py:151} INFO -      ⚠️ Erreur ligne 496: current transaction is aborted, commands ignored until end of transaction block
[2026-01-26T13:10:37.650+0000] {logging_mixin.py:151} INFO -      ⚠️ Erreur ligne 497: current transaction is aborted, commands ignored until end of transaction block
[2026-01-26T13:10:37.651+0000] {logging_mixin.py:151} INFO -      ⚠️ Erreur ligne 498: current transaction is aborted, commands ignored until end of transaction block
[2026-01-26T13:10:37.652+0000] {logging_mixin.py:151} INFO -      ⚠️ Erreur ligne 499: current transaction is aborted, commands ignored until end of transaction block
[2026-01-26T13:10:37.653+0000] {logging_mixin.py:151} INFO -      ⚠️ Erreur ligne 500: current transaction is aborted, commands ignored until end of transaction block
[2026-01-26T13:10:37.654+0000] {logging_mixin.py:151} INFO -      ⚠️ Erreur ligne 501: current transaction is aborted, commands ignored until end of transaction block
[2026-01-26T13:10:37.655+0000] {logging_mixin.py:151} INFO -      ⚠️ Erreur ligne 502: current transaction is aborted, commands ignored until end of transaction block
[2026-01-26T13:10:37.656+0000] {logging_mixin.py:151} INFO -      ⚠️ Erreur ligne 503: current transaction is aborted, commands ignored until end of transaction block
[2026-01-26T13:10:37.657+0000] {logging_mixin.py:151} INFO -      ⚠️ Erreur ligne 504: current transaction is aborted, commands ignored until end of transaction block
[2026-01-26T13:10:37.658+0000] {logging_mixin.py:151} INFO -      ⚠️ Erreur ligne 505: current transaction is aborted, commands ignored until end of transaction block
[2026-01-26T13:10:37.659+0000] {logging_mixin.py:151} INFO -      ⚠️ Erreur ligne 506: current transaction is aborted, commands ignored until end of transaction block
[2026-01-26T13:10:37.661+0000] {logging_mixin.py:151} INFO -      ⚠️ Erreur ligne 507: current transaction is aborted, commands ignored until end of transaction block
[2026-01-26T13:10:37.661+0000] {logging_mixin.py:151} INFO -      ⚠️ Erreur ligne 508: current transaction is aborted, commands ignored until end of transaction block
[2026-01-26T13:10:37.662+0000] {logging_mixin.py:151} INFO -      ⚠️ Erreur ligne 509: current transaction is aborted, commands ignored until end of transaction block
[2026-01-26T13:10:37.663+0000] {logging_mixin.py:151} INFO -      ⚠️ Erreur ligne 510: current transaction is aborted, commands ignored until end of transaction block
[2026-01-26T13:10:37.664+0000] {logging_mixin.py:151} INFO -      ⚠️ Erreur ligne 511: current transaction is aborted, commands ignored until end of transaction block
[2026-01-26T13:10:37.665+0000] {logging_mixin.py:151} INFO -      ⚠️ Erreur ligne 512: current transaction is aborted, commands ignored until end of transaction block
[2026-01-26T13:10:37.666+0000] {logging_mixin.py:151} INFO -      ⚠️ Erreur ligne 513: current transaction is aborted, commands ignored until end of transaction block
[2026-01-26T13:10:37.667+0000] {logging_mixin.py:151} INFO -      ⚠️ Erreur ligne 514: current transaction is aborted, commands ignored until end of transaction block
[2026-01-26T13:10:37.668+0000] {logging_mixin.py:151} INFO -      ⚠️ Erreur ligne 515: current transaction is aborted, commands ignored until end of transaction block
[2026-01-26T13:10:37.670+0000] {logging_mixin.py:151} INFO -      ⚠️ Erreur ligne 516: current transaction is aborted, commands ignored until end of transaction block
[2026-01-26T13:10:37.671+0000] {logging_mixin.py:151} INFO -      ⚠️ Erreur ligne 517: current transaction is aborted, commands ignored until end of transaction block
[2026-01-26T13:10:37.672+0000] {logging_mixin.py:151} INFO -      ⚠️ Erreur ligne 518: current transaction is aborted, commands ignored until end of transaction block
[2026-01-26T13:10:37.674+0000] {logging_mixin.py:151} INFO -      ⚠️ Erreur ligne 519: current transaction is aborted, commands ignored until end of transaction block
[2026-01-26T13:10:37.675+0000] {logging_mixin.py:151} INFO -      ⚠️ Erreur ligne 520: current transaction is aborted, commands ignored until end of transaction block
[2026-01-26T13:10:37.677+0000] {logging_mixin.py:151} INFO -      ⚠️ Erreur ligne 521: current transaction is aborted, commands ignored until end of transaction block
[2026-01-26T13:10:37.678+0000] {logging_mixin.py:151} INFO -      ⚠️ Erreur ligne 522: current transaction is aborted, commands ignored until end of transaction block
[2026-01-26T13:10:37.680+0000] {logging_mixin.py:151} INFO -      ⚠️ Erreur ligne 523: current transaction is aborted, commands ignored until end of transaction block
[2026-01-26T13:10:37.681+0000] {logging_mixin.py:151} INFO -      ⚠️ Erreur ligne 524: current transaction is aborted, commands ignored until end of transaction block
[2026-01-26T13:10:37.682+0000] {logging_mixin.py:151} INFO -      ⚠️ Erreur ligne 525: current transaction is aborted, commands ignored until end of transaction block
[2026-01-26T13:10:37.683+0000] {logging_mixin.py:151} INFO -      ⚠️ Erreur ligne 526: current transaction is aborted, commands ignored until end of transaction block
[2026-01-26T13:10:37.685+0000] {logging_mixin.py:151} INFO -      ⚠️ Erreur ligne 527: current transaction is aborted, commands ignored until end of transaction block
[2026-01-26T13:10:37.686+0000] {logging_mixin.py:151} INFO -      ⚠️ Erreur ligne 528: current transaction is aborted, commands ignored until end of transaction block
[2026-01-26T13:10:37.687+0000] {logging_mixin.py:151} INFO -      ⚠️ Erreur ligne 529: current transaction is aborted, commands ignored until end of transaction block
[2026-01-26T13:10:37.688+0000] {logging_mixin.py:151} INFO -      ⚠️ Erreur ligne 530: current transaction is aborted, commands ignored until end of transaction block
[2026-01-26T13:10:37.690+0000] {logging_mixin.py:151} INFO -      ⚠️ Erreur ligne 531: current transaction is aborted, commands ignored until end of transaction block
[2026-01-26T13:10:37.691+0000] {logging_mixin.py:151} INFO -      ⚠️ Erreur ligne 532: current transaction is aborted, commands ignored until end of transaction block
[2026-01-26T13:10:37.692+0000] {logging_mixin.py:151} INFO -      ⚠️ Erreur ligne 533: current transaction is aborted, commands ignored until end of transaction block
[2026-01-26T13:10:37.694+0000] {logging_mixin.py:151} INFO -      ⚠️ Erreur ligne 534: current transaction is aborted, commands ignored until end of transaction block
[2026-01-26T13:10:37.695+0000] {logging_mixin.py:151} INFO -      ⚠️ Erreur ligne 535: current transaction is aborted, commands ignored until end of transaction block
[2026-01-26T13:10:37.696+0000] {logging_mixin.py:151} INFO -      ⚠️ Erreur ligne 536: current transaction is aborted, commands ignored until end of transaction block
[2026-01-26T13:10:37.697+0000] {logging_mixin.py:151} INFO -      ⚠️ Erreur ligne 537: current transaction is aborted, commands ignored until end of transaction block
[2026-01-26T13:10:37.699+0000] {logging_mixin.py:151} INFO -      ⚠️ Erreur ligne 538: current transaction is aborted, commands ignored until end of transaction block
[2026-01-26T13:10:37.700+0000] {logging_mixin.py:151} INFO -      ⚠️ Erreur ligne 539: current transaction is aborted, commands ignored until end of transaction block
[2026-01-26T13:10:37.701+0000] {logging_mixin.py:151} INFO -      ⚠️ Erreur ligne 540: current transaction is aborted, commands ignored until end of transaction block
[2026-01-26T13:10:37.702+0000] {logging_mixin.py:151} INFO -      ⚠️ Erreur ligne 541: current transaction is aborted, commands ignored until end of transaction block
[2026-01-26T13:10:37.703+0000] {logging_mixin.py:151} INFO -      ⚠️ Erreur ligne 542: current transaction is aborted, commands ignored until end of transaction block
[2026-01-26T13:10:37.705+0000] {logging_mixin.py:151} INFO -      ⚠️ Erreur ligne 543: current transaction is aborted, commands ignored until end of transaction block
[2026-01-26T13:10:37.706+0000] {logging_mixin.py:151} INFO -      ⚠️ Erreur ligne 544: current transaction is aborted, commands ignored until end of transaction block
[2026-01-26T13:10:37.707+0000] {logging_mixin.py:151} INFO -      ⚠️ Erreur ligne 545: current transaction is aborted, commands ignored until end of transaction block
[2026-01-26T13:10:37.709+0000] {logging_mixin.py:151} INFO -      ⚠️ Erreur ligne 546: current transaction is aborted, commands ignored until end of transaction block
[2026-01-26T13:10:37.710+0000] {logging_mixin.py:151} INFO -      ⚠️ Erreur ligne 547: current transaction is aborted, commands ignored until end of transaction block
[2026-01-26T13:10:37.712+0000] {logging_mixin.py:151} INFO -      ⚠️ Erreur ligne 548: current transaction is aborted, commands ignored until end of transaction block
[2026-01-26T13:10:37.713+0000] {logging_mixin.py:151} INFO -      ⚠️ Erreur ligne 549: current transaction is aborted, commands ignored until end of transaction block
[2026-01-26T13:10:37.715+0000] {logging_mixin.py:151} INFO -      ⚠️ Erreur ligne 550: current transaction is aborted, commands ignored until end of transaction block
[2026-01-26T13:10:37.717+0000] {logging_mixin.py:151} INFO -      ⚠️ Erreur ligne 551: current transaction is aborted, commands ignored until end of transaction block
[2026-01-26T13:10:37.718+0000] {logging_mixin.py:151} INFO -      ⚠️ Erreur ligne 552: current transaction is aborted, commands ignored until end of transaction block
[2026-01-26T13:10:37.720+0000] {logging_mixin.py:151} INFO -      ⚠️ Erreur ligne 553: current transaction is aborted, commands ignored until end of transaction block
[2026-01-26T13:10:37.722+0000] {logging_mixin.py:151} INFO -      ⚠️ Erreur ligne 554: current transaction is aborted, commands ignored until end of transaction block
[2026-01-26T13:10:37.724+0000] {logging_mixin.py:151} INFO -      ⚠️ Erreur ligne 555: current transaction is aborted, commands ignored until end of transaction block
[2026-01-26T13:10:37.725+0000] {logging_mixin.py:151} INFO -      ⚠️ Erreur ligne 556: current transaction is aborted, commands ignored until end of transaction block
[2026-01-26T13:10:37.727+0000] {logging_mixin.py:151} INFO -      ⚠️ Erreur ligne 557: current transaction is aborted, commands ignored until end of transaction block
[2026-01-26T13:10:37.728+0000] {logging_mixin.py:151} INFO -      ⚠️ Erreur ligne 558: current transaction is aborted, commands ignored until end of transaction block
[2026-01-26T13:10:37.730+0000] {logging_mixin.py:151} INFO -      ⚠️ Erreur ligne 559: current transaction is aborted, commands ignored until end of transaction block
[2026-01-26T13:10:37.731+0000] {logging_mixin.py:151} INFO -      ⚠️ Erreur ligne 560: current transaction is aborted, commands ignored until end of transaction block
[2026-01-26T13:10:37.733+0000] {logging_mixin.py:151} INFO -      ⚠️ Erreur ligne 561: current transaction is aborted, commands ignored until end of transaction block
[2026-01-26T13:10:37.735+0000] {logging_mixin.py:151} INFO -      ⚠️ Erreur ligne 562: current transaction is aborted, commands ignored until end of transaction block
[2026-01-26T13:10:37.736+0000] {logging_mixin.py:151} INFO -      ⚠️ Erreur ligne 563: current transaction is aborted, commands ignored until end of transaction block
[2026-01-26T13:10:37.738+0000] {logging_mixin.py:151} INFO -      ⚠️ Erreur ligne 564: current transaction is aborted, commands ignored until end of transaction block
[2026-01-26T13:10:37.741+0000] {logging_mixin.py:151} INFO -      ⚠️ Erreur ligne 565: current transaction is aborted, commands ignored until end of transaction block
[2026-01-26T13:10:37.743+0000] {logging_mixin.py:151} INFO -      ⚠️ Erreur ligne 566: current transaction is aborted, commands ignored until end of transaction block
[2026-01-26T13:10:37.745+0000] {logging_mixin.py:151} INFO -      ⚠️ Erreur ligne 567: current transaction is aborted, commands ignored until end of transaction block
[2026-01-26T13:10:37.746+0000] {logging_mixin.py:151} INFO -      ⚠️ Erreur ligne 568: current transaction is aborted, commands ignored until end of transaction block
[2026-01-26T13:10:37.748+0000] {logging_mixin.py:151} INFO -      ⚠️ Erreur ligne 569: current transaction is aborted, commands ignored until end of transaction block
[2026-01-26T13:10:37.749+0000] {logging_mixin.py:151} INFO -      ⚠️ Erreur ligne 570: current transaction is aborted, commands ignored until end of transaction block
[2026-01-26T13:10:37.751+0000] {logging_mixin.py:151} INFO -      ⚠️ Erreur ligne 571: current transaction is aborted, commands ignored until end of transaction block
[2026-01-26T13:10:37.753+0000] {logging_mixin.py:151} INFO -      ⚠️ Erreur ligne 572: current transaction is aborted, commands ignored until end of transaction block
[2026-01-26T13:10:37.754+0000] {logging_mixin.py:151} INFO -      ⚠️ Erreur ligne 573: current transaction is aborted, commands ignored until end of transaction block
[2026-01-26T13:10:37.756+0000] {logging_mixin.py:151} INFO -      ⚠️ Erreur ligne 574: current transaction is aborted, commands ignored until end of transaction block
[2026-01-26T13:10:37.757+0000] {logging_mixin.py:151} INFO -      ⚠️ Erreur ligne 575: current transaction is aborted, commands ignored until end of transaction block
[2026-01-26T13:10:37.759+0000] {logging_mixin.py:151} INFO -      ⚠️ Erreur ligne 576: current transaction is aborted, commands ignored until end of transaction block
[2026-01-26T13:10:37.760+0000] {logging_mixin.py:151} INFO -      ⚠️ Erreur ligne 577: current transaction is aborted, commands ignored until end of transaction block
[2026-01-26T13:10:37.762+0000] {logging_mixin.py:151} INFO -      ⚠️ Erreur ligne 578: current transaction is aborted, commands ignored until end of transaction block
[2026-01-26T13:10:37.763+0000] {logging_mixin.py:151} INFO -      ⚠️ Erreur ligne 579: current transaction is aborted, commands ignored until end of transaction block
[2026-01-26T13:10:37.765+0000] {logging_mixin.py:151} INFO -      ⚠️ Erreur ligne 580: current transaction is aborted, commands ignored until end of transaction block
[2026-01-26T13:10:37.767+0000] {logging_mixin.py:151} INFO -      ⚠️ Erreur ligne 581: current transaction is aborted, commands ignored until end of transaction block
[2026-01-26T13:10:37.769+0000] {logging_mixin.py:151} INFO -      ⚠️ Erreur ligne 582: current transaction is aborted, commands ignored until end of transaction block
[2026-01-26T13:10:37.770+0000] {logging_mixin.py:151} INFO -      ⚠️ Erreur ligne 583: current transaction is aborted, commands ignored until end of transaction block
[2026-01-26T13:10:37.771+0000] {logging_mixin.py:151} INFO -      ⚠️ Erreur ligne 584: current transaction is aborted, commands ignored until end of transaction block
[2026-01-26T13:10:37.773+0000] {logging_mixin.py:151} INFO -      ⚠️ Erreur ligne 585: current transaction is aborted, commands ignored until end of transaction block
[2026-01-26T13:10:37.774+0000] {logging_mixin.py:151} INFO -      ⚠️ Erreur ligne 586: current transaction is aborted, commands ignored until end of transaction block
[2026-01-26T13:10:37.775+0000] {logging_mixin.py:151} INFO -      ⚠️ Erreur ligne 587: current transaction is aborted, commands ignored until end of transaction block
[2026-01-26T13:10:37.777+0000] {logging_mixin.py:151} INFO -      ⚠️ Erreur ligne 588: current transaction is aborted, commands ignored until end of transaction block
[2026-01-26T13:10:37.778+0000] {logging_mixin.py:151} INFO -      ⚠️ Erreur ligne 589: current transaction is aborted, commands ignored until end of transaction block
[2026-01-26T13:10:37.779+0000] {logging_mixin.py:151} INFO -      ⚠️ Erreur ligne 590: current transaction is aborted, commands ignored until end of transaction block
[2026-01-26T13:10:37.780+0000] {logging_mixin.py:151} INFO -      ⚠️ Erreur ligne 591: current transaction is aborted, commands ignored until end of transaction block
[2026-01-26T13:10:37.782+0000] {logging_mixin.py:151} INFO -      ⚠️ Erreur ligne 592: current transaction is aborted, commands ignored until end of transaction block
[2026-01-26T13:10:37.783+0000] {logging_mixin.py:151} INFO -      ⚠️ Erreur ligne 593: current transaction is aborted, commands ignored until end of transaction block
[2026-01-26T13:10:37.784+0000] {logging_mixin.py:151} INFO -      ⚠️ Erreur ligne 594: current transaction is aborted, commands ignored until end of transaction block
[2026-01-26T13:10:37.785+0000] {logging_mixin.py:151} INFO -      ⚠️ Erreur ligne 595: current transaction is aborted, commands ignored until end of transaction block
[2026-01-26T13:10:37.786+0000] {logging_mixin.py:151} INFO -      ⚠️ Erreur ligne 596: current transaction is aborted, commands ignored until end of transaction block
[2026-01-26T13:10:37.788+0000] {logging_mixin.py:151} INFO -      ⚠️ Erreur ligne 597: current transaction is aborted, commands ignored until end of transaction block
[2026-01-26T13:10:37.789+0000] {logging_mixin.py:151} INFO -      ⚠️ Erreur ligne 598: current transaction is aborted, commands ignored until end of transaction block
[2026-01-26T13:10:37.790+0000] {logging_mixin.py:151} INFO -      ⚠️ Erreur ligne 599: current transaction is aborted, commands ignored until end of transaction block
[2026-01-26T13:10:37.791+0000] {logging_mixin.py:151} INFO -      ⚠️ Erreur ligne 600: current transaction is aborted, commands ignored until end of transaction block
[2026-01-26T13:10:37.792+0000] {logging_mixin.py:151} INFO -      ⚠️ Erreur ligne 601: current transaction is aborted, commands ignored until end of transaction block
[2026-01-26T13:10:37.794+0000] {logging_mixin.py:151} INFO -      ⚠️ Erreur ligne 602: current transaction is aborted, commands ignored until end of transaction block
[2026-01-26T13:10:37.795+0000] {logging_mixin.py:151} INFO -      ⚠️ Erreur ligne 603: current transaction is aborted, commands ignored until end of transaction block
[2026-01-26T13:10:37.796+0000] {logging_mixin.py:151} INFO -      ⚠️ Erreur ligne 604: current transaction is aborted, commands ignored until end of transaction block
[2026-01-26T13:10:37.797+0000] {logging_mixin.py:151} INFO -      ⚠️ Erreur ligne 605: current transaction is aborted, commands ignored until end of transaction block
[2026-01-26T13:10:37.798+0000] {logging_mixin.py:151} INFO -      ⚠️ Erreur ligne 606: current transaction is aborted, commands ignored until end of transaction block
[2026-01-26T13:10:37.799+0000] {logging_mixin.py:151} INFO -      ⚠️ Erreur ligne 607: current transaction is aborted, commands ignored until end of transaction block
[2026-01-26T13:10:37.800+0000] {logging_mixin.py:151} INFO -      ⚠️ Erreur ligne 608: current transaction is aborted, commands ignored until end of transaction block
[2026-01-26T13:10:37.802+0000] {logging_mixin.py:151} INFO -      ⚠️ Erreur ligne 609: current transaction is aborted, commands ignored until end of transaction block
[2026-01-26T13:10:37.803+0000] {logging_mixin.py:151} INFO -      ⚠️ Erreur ligne 610: current transaction is aborted, commands ignored until end of transaction block
[2026-01-26T13:10:37.804+0000] {logging_mixin.py:151} INFO -      ⚠️ Erreur ligne 611: current transaction is aborted, commands ignored until end of transaction block
[2026-01-26T13:10:37.806+0000] {logging_mixin.py:151} INFO -      ⚠️ Erreur ligne 612: current transaction is aborted, commands ignored until end of transaction block
[2026-01-26T13:10:37.807+0000] {logging_mixin.py:151} INFO -      ⚠️ Erreur ligne 613: current transaction is aborted, commands ignored until end of transaction block
[2026-01-26T13:10:37.808+0000] {logging_mixin.py:151} INFO -      ⚠️ Erreur ligne 614: current transaction is aborted, commands ignored until end of transaction block
[2026-01-26T13:10:37.810+0000] {logging_mixin.py:151} INFO -      ⚠️ Erreur ligne 615: current transaction is aborted, commands ignored until end of transaction block
[2026-01-26T13:10:37.811+0000] {logging_mixin.py:151} INFO -      ⚠️ Erreur ligne 616: current transaction is aborted, commands ignored until end of transaction block
[2026-01-26T13:10:37.812+0000] {logging_mixin.py:151} INFO -      ⚠️ Erreur ligne 617: current transaction is aborted, commands ignored until end of transaction block
[2026-01-26T13:10:37.813+0000] {logging_mixin.py:151} INFO -      ⚠️ Erreur ligne 618: current transaction is aborted, commands ignored until end of transaction block
[2026-01-26T13:10:37.814+0000] {logging_mixin.py:151} INFO -      ⚠️ Erreur ligne 619: current transaction is aborted, commands ignored until end of transaction block
[2026-01-26T13:10:37.815+0000] {logging_mixin.py:151} INFO -      ⚠️ Erreur ligne 620: current transaction is aborted, commands ignored until end of transaction block
[2026-01-26T13:10:37.816+0000] {logging_mixin.py:151} INFO -      ⚠️ Erreur ligne 621: current transaction is aborted, commands ignored until end of transaction block
[2026-01-26T13:10:37.817+0000] {logging_mixin.py:151} INFO -      ⚠️ Erreur ligne 622: current transaction is aborted, commands ignored until end of transaction block
[2026-01-26T13:10:37.818+0000] {logging_mixin.py:151} INFO -      ⚠️ Erreur ligne 623: current transaction is aborted, commands ignored until end of transaction block
[2026-01-26T13:10:37.819+0000] {logging_mixin.py:151} INFO -      ⚠️ Erreur ligne 624: current transaction is aborted, commands ignored until end of transaction block
[2026-01-26T13:10:37.821+0000] {logging_mixin.py:151} INFO -      ⚠️ Erreur ligne 625: current transaction is aborted, commands ignored until end of transaction block
[2026-01-26T13:10:37.822+0000] {logging_mixin.py:151} INFO -      ⚠️ Erreur ligne 626: current transaction is aborted, commands ignored until end of transaction block
[2026-01-26T13:10:37.823+0000] {logging_mixin.py:151} INFO -      ⚠️ Erreur ligne 627: current transaction is aborted, commands ignored until end of transaction block
[2026-01-26T13:10:37.824+0000] {logging_mixin.py:151} INFO -      ⚠️ Erreur ligne 628: current transaction is aborted, commands ignored until end of transaction block
[2026-01-26T13:10:37.825+0000] {logging_mixin.py:151} INFO -      ⚠️ Erreur ligne 629: current transaction is aborted, commands ignored until end of transaction block
[2026-01-26T13:10:37.826+0000] {logging_mixin.py:151} INFO -      ⚠️ Erreur ligne 630: current transaction is aborted, commands ignored until end of transaction block
[2026-01-26T13:10:37.827+0000] {logging_mixin.py:151} INFO -      ⚠️ Erreur ligne 631: current transaction is aborted, commands ignored until end of transaction block
[2026-01-26T13:10:37.830+0000] {logging_mixin.py:151} INFO -      ⚠️ Erreur ligne 632: current transaction is aborted, commands ignored until end of transaction block
[2026-01-26T13:10:37.832+0000] {logging_mixin.py:151} INFO -      ⚠️ Erreur ligne 633: current transaction is aborted, commands ignored until end of transaction block
[2026-01-26T13:10:37.834+0000] {logging_mixin.py:151} INFO -      ⚠️ Erreur ligne 634: current transaction is aborted, commands ignored until end of transaction block
[2026-01-26T13:10:37.835+0000] {logging_mixin.py:151} INFO -      ⚠️ Erreur ligne 635: current transaction is aborted, commands ignored until end of transaction block
[2026-01-26T13:10:37.836+0000] {logging_mixin.py:151} INFO -      ⚠️ Erreur ligne 636: current transaction is aborted, commands ignored until end of transaction block
[2026-01-26T13:10:37.837+0000] {logging_mixin.py:151} INFO -      ⚠️ Erreur ligne 637: current transaction is aborted, commands ignored until end of transaction block
[2026-01-26T13:10:37.839+0000] {logging_mixin.py:151} INFO -      ⚠️ Erreur ligne 638: current transaction is aborted, commands ignored until end of transaction block
[2026-01-26T13:10:37.840+0000] {logging_mixin.py:151} INFO -      ⚠️ Erreur ligne 639: current transaction is aborted, commands ignored until end of transaction block
[2026-01-26T13:10:37.842+0000] {logging_mixin.py:151} INFO -      ⚠️ Erreur ligne 640: current transaction is aborted, commands ignored until end of transaction block
[2026-01-26T13:10:37.843+0000] {logging_mixin.py:151} INFO -      ⚠️ Erreur ligne 641: current transaction is aborted, commands ignored until end of transaction block
[2026-01-26T13:10:37.844+0000] {logging_mixin.py:151} INFO -      ⚠️ Erreur ligne 642: current transaction is aborted, commands ignored until end of transaction block
[2026-01-26T13:10:37.845+0000] {logging_mixin.py:151} INFO -      ⚠️ Erreur ligne 643: current transaction is aborted, commands ignored until end of transaction block
[2026-01-26T13:10:37.846+0000] {logging_mixin.py:151} INFO -      ⚠️ Erreur ligne 644: current transaction is aborted, commands ignored until end of transaction block
[2026-01-26T13:10:37.847+0000] {logging_mixin.py:151} INFO -      ⚠️ Erreur ligne 645: current transaction is aborted, commands ignored until end of transaction block
[2026-01-26T13:10:37.849+0000] {logging_mixin.py:151} INFO -      ⚠️ Erreur ligne 646: current transaction is aborted, commands ignored until end of transaction block
[2026-01-26T13:10:37.850+0000] {logging_mixin.py:151} INFO -      ⚠️ Erreur ligne 647: current transaction is aborted, commands ignored until end of transaction block
[2026-01-26T13:10:37.852+0000] {logging_mixin.py:151} INFO -      ⚠️ Erreur ligne 648: current transaction is aborted, commands ignored until end of transaction block
[2026-01-26T13:10:37.853+0000] {logging_mixin.py:151} INFO -      ⚠️ Erreur ligne 649: current transaction is aborted, commands ignored until end of transaction block
[2026-01-26T13:10:37.856+0000] {logging_mixin.py:151} INFO -      ⚠️ Erreur ligne 650: current transaction is aborted, commands ignored until end of transaction block
[2026-01-26T13:10:37.860+0000] {logging_mixin.py:151} INFO -      ⚠️ Erreur ligne 651: current transaction is aborted, commands ignored until end of transaction block
[2026-01-26T13:10:37.865+0000] {logging_mixin.py:151} INFO -      ⚠️ Erreur ligne 652: current transaction is aborted, commands ignored until end of transaction block
[2026-01-26T13:10:37.867+0000] {logging_mixin.py:151} INFO -      ⚠️ Erreur ligne 653: current transaction is aborted, commands ignored until end of transaction block
[2026-01-26T13:10:37.869+0000] {logging_mixin.py:151} INFO -      ⚠️ Erreur ligne 654: current transaction is aborted, commands ignored until end of transaction block
[2026-01-26T13:10:37.871+0000] {logging_mixin.py:151} INFO -      ⚠️ Erreur ligne 655: current transaction is aborted, commands ignored until end of transaction block
[2026-01-26T13:10:37.873+0000] {logging_mixin.py:151} INFO -      ⚠️ Erreur ligne 656: current transaction is aborted, commands ignored until end of transaction block
[2026-01-26T13:10:37.875+0000] {logging_mixin.py:151} INFO -      ⚠️ Erreur ligne 657: current transaction is aborted, commands ignored until end of transaction block
[2026-01-26T13:10:37.877+0000] {logging_mixin.py:151} INFO -      ⚠️ Erreur ligne 658: current transaction is aborted, commands ignored until end of transaction block
[2026-01-26T13:10:37.879+0000] {logging_mixin.py:151} INFO -      ⚠️ Erreur ligne 659: current transaction is aborted, commands ignored until end of transaction block
[2026-01-26T13:10:37.881+0000] {logging_mixin.py:151} INFO -      ⚠️ Erreur ligne 660: current transaction is aborted, commands ignored until end of transaction block
[2026-01-26T13:10:37.883+0000] {logging_mixin.py:151} INFO -      ⚠️ Erreur ligne 661: current transaction is aborted, commands ignored until end of transaction block
[2026-01-26T13:10:37.887+0000] {logging_mixin.py:151} INFO -      ⚠️ Erreur ligne 662: current transaction is aborted, commands ignored until end of transaction block
[2026-01-26T13:10:37.889+0000] {logging_mixin.py:151} INFO -      ⚠️ Erreur ligne 663: current transaction is aborted, commands ignored until end of transaction block
[2026-01-26T13:10:37.892+0000] {logging_mixin.py:151} INFO -      ⚠️ Erreur ligne 664: current transaction is aborted, commands ignored until end of transaction block
[2026-01-26T13:10:37.896+0000] {logging_mixin.py:151} INFO -      ⚠️ Erreur ligne 665: current transaction is aborted, commands ignored until end of transaction block
[2026-01-26T13:10:37.898+0000] {logging_mixin.py:151} INFO -      ⚠️ Erreur ligne 666: current transaction is aborted, commands ignored until end of transaction block
[2026-01-26T13:10:37.901+0000] {logging_mixin.py:151} INFO -      ⚠️ Erreur ligne 667: current transaction is aborted, commands ignored until end of transaction block
[2026-01-26T13:10:37.904+0000] {logging_mixin.py:151} INFO -      ⚠️ Erreur ligne 668: current transaction is aborted, commands ignored until end of transaction block
[2026-01-26T13:10:37.905+0000] {logging_mixin.py:151} INFO -      ⚠️ Erreur ligne 669: current transaction is aborted, commands ignored until end of transaction block
[2026-01-26T13:10:37.908+0000] {logging_mixin.py:151} INFO -      ⚠️ Erreur ligne 670: current transaction is aborted, commands ignored until end of transaction block
[2026-01-26T13:10:37.910+0000] {logging_mixin.py:151} INFO -      ⚠️ Erreur ligne 671: current transaction is aborted, commands ignored until end of transaction block
[2026-01-26T13:10:37.911+0000] {logging_mixin.py:151} INFO -      ⚠️ Erreur ligne 672: current transaction is aborted, commands ignored until end of transaction block
[2026-01-26T13:10:37.913+0000] {logging_mixin.py:151} INFO -      ⚠️ Erreur ligne 673: current transaction is aborted, commands ignored until end of transaction block
[2026-01-26T13:10:37.915+0000] {logging_mixin.py:151} INFO -      ⚠️ Erreur ligne 674: current transaction is aborted, commands ignored until end of transaction block
[2026-01-26T13:10:37.917+0000] {logging_mixin.py:151} INFO -      ⚠️ Erreur ligne 675: current transaction is aborted, commands ignored until end of transaction block
[2026-01-26T13:10:37.918+0000] {logging_mixin.py:151} INFO -      ⚠️ Erreur ligne 676: current transaction is aborted, commands ignored until end of transaction block
[2026-01-26T13:10:37.920+0000] {logging_mixin.py:151} INFO -      ⚠️ Erreur ligne 677: current transaction is aborted, commands ignored until end of transaction block
[2026-01-26T13:10:37.923+0000] {logging_mixin.py:151} INFO -      ⚠️ Erreur ligne 678: current transaction is aborted, commands ignored until end of transaction block
[2026-01-26T13:10:37.924+0000] {logging_mixin.py:151} INFO -      ⚠️ Erreur ligne 679: current transaction is aborted, commands ignored until end of transaction block
[2026-01-26T13:10:37.925+0000] {logging_mixin.py:151} INFO -      ⚠️ Erreur ligne 680: current transaction is aborted, commands ignored until end of transaction block
[2026-01-26T13:10:37.926+0000] {logging_mixin.py:151} INFO -      ⚠️ Erreur ligne 681: current transaction is aborted, commands ignored until end of transaction block
[2026-01-26T13:10:37.928+0000] {logging_mixin.py:151} INFO -      ⚠️ Erreur ligne 682: current transaction is aborted, commands ignored until end of transaction block
[2026-01-26T13:10:37.930+0000] {logging_mixin.py:151} INFO -      ⚠️ Erreur ligne 683: current transaction is aborted, commands ignored until end of transaction block
[2026-01-26T13:10:37.931+0000] {logging_mixin.py:151} INFO -      ⚠️ Erreur ligne 684: current transaction is aborted, commands ignored until end of transaction block
[2026-01-26T13:10:37.933+0000] {logging_mixin.py:151} INFO -      ⚠️ Erreur ligne 685: current transaction is aborted, commands ignored until end of transaction block
[2026-01-26T13:10:37.934+0000] {logging_mixin.py:151} INFO -      ⚠️ Erreur ligne 686: current transaction is aborted, commands ignored until end of transaction block
[2026-01-26T13:10:37.936+0000] {logging_mixin.py:151} INFO -      ⚠️ Erreur ligne 687: current transaction is aborted, commands ignored until end of transaction block
[2026-01-26T13:10:37.939+0000] {logging_mixin.py:151} INFO -      ⚠️ Erreur ligne 688: current transaction is aborted, commands ignored until end of transaction block
[2026-01-26T13:10:37.941+0000] {logging_mixin.py:151} INFO -      ⚠️ Erreur ligne 689: current transaction is aborted, commands ignored until end of transaction block
[2026-01-26T13:10:37.944+0000] {logging_mixin.py:151} INFO -      ⚠️ Erreur ligne 690: current transaction is aborted, commands ignored until end of transaction block
[2026-01-26T13:10:37.947+0000] {logging_mixin.py:151} INFO -      ⚠️ Erreur ligne 691: current transaction is aborted, commands ignored until end of transaction block
[2026-01-26T13:10:37.949+0000] {logging_mixin.py:151} INFO -      ⚠️ Erreur ligne 692: current transaction is aborted, commands ignored until end of transaction block
[2026-01-26T13:10:37.950+0000] {logging_mixin.py:151} INFO -      ⚠️ Erreur ligne 693: current transaction is aborted, commands ignored until end of transaction block
[2026-01-26T13:10:37.951+0000] {logging_mixin.py:151} INFO -      ⚠️ Erreur ligne 694: current transaction is aborted, commands ignored until end of transaction block
[2026-01-26T13:10:37.953+0000] {logging_mixin.py:151} INFO -      ⚠️ Erreur ligne 695: current transaction is aborted, commands ignored until end of transaction block
[2026-01-26T13:10:37.954+0000] {logging_mixin.py:151} INFO -      ⚠️ Erreur ligne 696: current transaction is aborted, commands ignored until end of transaction block
[2026-01-26T13:10:37.956+0000] {logging_mixin.py:151} INFO -      ⚠️ Erreur ligne 697: current transaction is aborted, commands ignored until end of transaction block
[2026-01-26T13:10:37.957+0000] {logging_mixin.py:151} INFO -      ⚠️ Erreur ligne 698: current transaction is aborted, commands ignored until end of transaction block
[2026-01-26T13:10:37.959+0000] {logging_mixin.py:151} INFO -      ⚠️ Erreur ligne 699: current transaction is aborted, commands ignored until end of transaction block
[2026-01-26T13:10:37.961+0000] {logging_mixin.py:151} INFO -      ⚠️ Erreur ligne 700: current transaction is aborted, commands ignored until end of transaction block
[2026-01-26T13:10:37.962+0000] {logging_mixin.py:151} INFO -      ⚠️ Erreur ligne 701: current transaction is aborted, commands ignored until end of transaction block
[2026-01-26T13:10:37.964+0000] {logging_mixin.py:151} INFO -      ⚠️ Erreur ligne 702: current transaction is aborted, commands ignored until end of transaction block
[2026-01-26T13:10:37.970+0000] {logging_mixin.py:151} INFO -      ⚠️ Erreur ligne 703: current transaction is aborted, commands ignored until end of transaction block
[2026-01-26T13:10:37.972+0000] {logging_mixin.py:151} INFO -      ⚠️ Erreur ligne 704: current transaction is aborted, commands ignored until end of transaction block
[2026-01-26T13:10:37.974+0000] {logging_mixin.py:151} INFO -      ⚠️ Erreur ligne 705: current transaction is aborted, commands ignored until end of transaction block
[2026-01-26T13:10:37.976+0000] {logging_mixin.py:151} INFO -      ⚠️ Erreur ligne 706: current transaction is aborted, commands ignored until end of transaction block
[2026-01-26T13:10:37.977+0000] {logging_mixin.py:151} INFO -      ⚠️ Erreur ligne 707: current transaction is aborted, commands ignored until end of transaction block
[2026-01-26T13:10:37.979+0000] {logging_mixin.py:151} INFO -      ⚠️ Erreur ligne 708: current transaction is aborted, commands ignored until end of transaction block
[2026-01-26T13:10:37.981+0000] {logging_mixin.py:151} INFO -      ⚠️ Erreur ligne 709: current transaction is aborted, commands ignored until end of transaction block
[2026-01-26T13:10:37.982+0000] {logging_mixin.py:151} INFO -      ⚠️ Erreur ligne 710: current transaction is aborted, commands ignored until end of transaction block
[2026-01-26T13:10:37.984+0000] {logging_mixin.py:151} INFO -      ⚠️ Erreur ligne 711: current transaction is aborted, commands ignored until end of transaction block
[2026-01-26T13:10:37.985+0000] {logging_mixin.py:151} INFO -      ⚠️ Erreur ligne 712: current transaction is aborted, commands ignored until end of transaction block
[2026-01-26T13:10:37.987+0000] {logging_mixin.py:151} INFO -      ⚠️ Erreur ligne 713: current transaction is aborted, commands ignored until end of transaction block
[2026-01-26T13:10:37.989+0000] {logging_mixin.py:151} INFO -      ⚠️ Erreur ligne 714: current transaction is aborted, commands ignored until end of transaction block
[2026-01-26T13:10:37.990+0000] {logging_mixin.py:151} INFO -      ⚠️ Erreur ligne 715: current transaction is aborted, commands ignored until end of transaction block
[2026-01-26T13:10:37.992+0000] {logging_mixin.py:151} INFO -      ⚠️ Erreur ligne 716: current transaction is aborted, commands ignored until end of transaction block
[2026-01-26T13:10:37.993+0000] {logging_mixin.py:151} INFO -      ⚠️ Erreur ligne 717: current transaction is aborted, commands ignored until end of transaction block
[2026-01-26T13:10:37.995+0000] {logging_mixin.py:151} INFO -      ⚠️ Erreur ligne 718: current transaction is aborted, commands ignored until end of transaction block
[2026-01-26T13:10:37.996+0000] {logging_mixin.py:151} INFO -      ⚠️ Erreur ligne 719: current transaction is aborted, commands ignored until end of transaction block
[2026-01-26T13:10:37.999+0000] {logging_mixin.py:151} INFO -      ⚠️ Erreur ligne 720: current transaction is aborted, commands ignored until end of transaction block
[2026-01-26T13:10:38.001+0000] {logging_mixin.py:151} INFO -      ⚠️ Erreur ligne 721: current transaction is aborted, commands ignored until end of transaction block
[2026-01-26T13:10:38.003+0000] {logging_mixin.py:151} INFO -      ⚠️ Erreur ligne 722: current transaction is aborted, commands ignored until end of transaction block
[2026-01-26T13:10:38.005+0000] {logging_mixin.py:151} INFO -      ⚠️ Erreur ligne 723: current transaction is aborted, commands ignored until end of transaction block
[2026-01-26T13:10:38.007+0000] {logging_mixin.py:151} INFO -      ⚠️ Erreur ligne 724: current transaction is aborted, commands ignored until end of transaction block
[2026-01-26T13:10:38.008+0000] {logging_mixin.py:151} INFO -      ⚠️ Erreur ligne 725: current transaction is aborted, commands ignored until end of transaction block
[2026-01-26T13:10:38.010+0000] {logging_mixin.py:151} INFO -      ⚠️ Erreur ligne 726: current transaction is aborted, commands ignored until end of transaction block
[2026-01-26T13:10:38.012+0000] {logging_mixin.py:151} INFO -      ⚠️ Erreur ligne 727: current transaction is aborted, commands ignored until end of transaction block
[2026-01-26T13:10:38.013+0000] {logging_mixin.py:151} INFO -      ⚠️ Erreur ligne 728: current transaction is aborted, commands ignored until end of transaction block
[2026-01-26T13:10:38.015+0000] {logging_mixin.py:151} INFO -      ⚠️ Erreur ligne 729: current transaction is aborted, commands ignored until end of transaction block
[2026-01-26T13:10:38.017+0000] {logging_mixin.py:151} INFO -      ⚠️ Erreur ligne 730: current transaction is aborted, commands ignored until end of transaction block
[2026-01-26T13:10:38.018+0000] {logging_mixin.py:151} INFO -      ⚠️ Erreur ligne 731: current transaction is aborted, commands ignored until end of transaction block
[2026-01-26T13:10:38.020+0000] {logging_mixin.py:151} INFO -      ⚠️ Erreur ligne 732: current transaction is aborted, commands ignored until end of transaction block
[2026-01-26T13:10:38.022+0000] {logging_mixin.py:151} INFO -      ⚠️ Erreur ligne 733: current transaction is aborted, commands ignored until end of transaction block
[2026-01-26T13:10:38.025+0000] {logging_mixin.py:151} INFO -      ⚠️ Erreur ligne 734: current transaction is aborted, commands ignored until end of transaction block
[2026-01-26T13:10:38.026+0000] {logging_mixin.py:151} INFO -      ⚠️ Erreur ligne 735: current transaction is aborted, commands ignored until end of transaction block
[2026-01-26T13:10:38.028+0000] {logging_mixin.py:151} INFO -      ⚠️ Erreur ligne 736: current transaction is aborted, commands ignored until end of transaction block
[2026-01-26T13:10:38.030+0000] {logging_mixin.py:151} INFO -      ⚠️ Erreur ligne 737: current transaction is aborted, commands ignored until end of transaction block
[2026-01-26T13:10:38.032+0000] {logging_mixin.py:151} INFO -      ⚠️ Erreur ligne 738: current transaction is aborted, commands ignored until end of transaction block
[2026-01-26T13:10:38.034+0000] {logging_mixin.py:151} INFO -      ⚠️ Erreur ligne 739: current transaction is aborted, commands ignored until end of transaction block
[2026-01-26T13:10:38.036+0000] {logging_mixin.py:151} INFO -      ⚠️ Erreur ligne 740: current transaction is aborted, commands ignored until end of transaction block
[2026-01-26T13:10:38.038+0000] {logging_mixin.py:151} INFO -      ⚠️ Erreur ligne 741: current transaction is aborted, commands ignored until end of transaction block
[2026-01-26T13:10:38.039+0000] {logging_mixin.py:151} INFO -      ⚠️ Erreur ligne 742: current transaction is aborted, commands ignored until end of transaction block
[2026-01-26T13:10:38.041+0000] {logging_mixin.py:151} INFO -      ⚠️ Erreur ligne 743: current transaction is aborted, commands ignored until end of transaction block
[2026-01-26T13:10:38.043+0000] {logging_mixin.py:151} INFO -      ⚠️ Erreur ligne 744: current transaction is aborted, commands ignored until end of transaction block
[2026-01-26T13:10:38.044+0000] {logging_mixin.py:151} INFO -      ⚠️ Erreur ligne 745: current transaction is aborted, commands ignored until end of transaction block
[2026-01-26T13:10:38.046+0000] {logging_mixin.py:151} INFO -      ⚠️ Erreur ligne 746: current transaction is aborted, commands ignored until end of transaction block
[2026-01-26T13:10:38.047+0000] {logging_mixin.py:151} INFO -      ⚠️ Erreur ligne 747: current transaction is aborted, commands ignored until end of transaction block
[2026-01-26T13:10:38.049+0000] {logging_mixin.py:151} INFO -      ⚠️ Erreur ligne 748: current transaction is aborted, commands ignored until end of transaction block
[2026-01-26T13:10:38.053+0000] {logging_mixin.py:151} INFO -      ⚠️ Erreur ligne 749: current transaction is aborted, commands ignored until end of transaction block
[2026-01-26T13:10:38.055+0000] {logging_mixin.py:151} INFO -      ⚠️ Erreur ligne 750: current transaction is aborted, commands ignored until end of transaction block
[2026-01-26T13:10:38.057+0000] {logging_mixin.py:151} INFO -      ⚠️ Erreur ligne 751: current transaction is aborted, commands ignored until end of transaction block
[2026-01-26T13:10:38.058+0000] {logging_mixin.py:151} INFO -      ⚠️ Erreur ligne 752: current transaction is aborted, commands ignored until end of transaction block
[2026-01-26T13:10:38.060+0000] {logging_mixin.py:151} INFO -      ⚠️ Erreur ligne 753: current transaction is aborted, commands ignored until end of transaction block
[2026-01-26T13:10:38.064+0000] {logging_mixin.py:151} INFO -      ⚠️ Erreur ligne 754: current transaction is aborted, commands ignored until end of transaction block
[2026-01-26T13:10:38.066+0000] {logging_mixin.py:151} INFO -      ⚠️ Erreur ligne 755: current transaction is aborted, commands ignored until end of transaction block
[2026-01-26T13:10:38.068+0000] {logging_mixin.py:151} INFO -      ⚠️ Erreur ligne 756: current transaction is aborted, commands ignored until end of transaction block
[2026-01-26T13:10:38.069+0000] {logging_mixin.py:151} INFO -      ⚠️ Erreur ligne 757: current transaction is aborted, commands ignored until end of transaction block
[2026-01-26T13:10:38.071+0000] {logging_mixin.py:151} INFO -      ⚠️ Erreur ligne 758: current transaction is aborted, commands ignored until end of transaction block
[2026-01-26T13:10:38.073+0000] {logging_mixin.py:151} INFO -      ⚠️ Erreur ligne 759: current transaction is aborted, commands ignored until end of transaction block
[2026-01-26T13:10:38.074+0000] {logging_mixin.py:151} INFO -      ⚠️ Erreur ligne 760: current transaction is aborted, commands ignored until end of transaction block
[2026-01-26T13:10:38.076+0000] {logging_mixin.py:151} INFO -      ⚠️ Erreur ligne 761: current transaction is aborted, commands ignored until end of transaction block
[2026-01-26T13:10:38.078+0000] {logging_mixin.py:151} INFO -      ⚠️ Erreur ligne 762: current transaction is aborted, commands ignored until end of transaction block
[2026-01-26T13:10:38.080+0000] {logging_mixin.py:151} INFO -      ⚠️ Erreur ligne 763: current transaction is aborted, commands ignored until end of transaction block
[2026-01-26T13:10:38.082+0000] {logging_mixin.py:151} INFO -      ⚠️ Erreur ligne 764: current transaction is aborted, commands ignored until end of transaction block
[2026-01-26T13:10:38.084+0000] {logging_mixin.py:151} INFO -      ⚠️ Erreur ligne 765: current transaction is aborted, commands ignored until end of transaction block
[2026-01-26T13:10:38.086+0000] {logging_mixin.py:151} INFO -      ⚠️ Erreur ligne 766: current transaction is aborted, commands ignored until end of transaction block
[2026-01-26T13:10:38.088+0000] {logging_mixin.py:151} INFO -      ⚠️ Erreur ligne 767: current transaction is aborted, commands ignored until end of transaction block
[2026-01-26T13:10:38.089+0000] {logging_mixin.py:151} INFO -      ⚠️ Erreur ligne 768: current transaction is aborted, commands ignored until end of transaction block
[2026-01-26T13:10:38.091+0000] {logging_mixin.py:151} INFO -      ⚠️ Erreur ligne 769: current transaction is aborted, commands ignored until end of transaction block
[2026-01-26T13:10:38.093+0000] {logging_mixin.py:151} INFO -      ⚠️ Erreur ligne 770: current transaction is aborted, commands ignored until end of transaction block
[2026-01-26T13:10:38.094+0000] {logging_mixin.py:151} INFO -      ⚠️ Erreur ligne 771: current transaction is aborted, commands ignored until end of transaction block
[2026-01-26T13:10:38.096+0000] {logging_mixin.py:151} INFO -      ⚠️ Erreur ligne 772: current transaction is aborted, commands ignored until end of transaction block
[2026-01-26T13:10:38.098+0000] {logging_mixin.py:151} INFO -      ⚠️ Erreur ligne 773: current transaction is aborted, commands ignored until end of transaction block
[2026-01-26T13:10:38.099+0000] {logging_mixin.py:151} INFO -      ⚠️ Erreur ligne 774: current transaction is aborted, commands ignored until end of transaction block
[2026-01-26T13:10:38.100+0000] {logging_mixin.py:151} INFO -      ⚠️ Erreur ligne 775: current transaction is aborted, commands ignored until end of transaction block
[2026-01-26T13:10:38.102+0000] {logging_mixin.py:151} INFO -      ⚠️ Erreur ligne 776: current transaction is aborted, commands ignored until end of transaction block
[2026-01-26T13:10:38.104+0000] {logging_mixin.py:151} INFO -      ⚠️ Erreur ligne 777: current transaction is aborted, commands ignored until end of transaction block
[2026-01-26T13:10:38.106+0000] {logging_mixin.py:151} INFO -      ⚠️ Erreur ligne 778: current transaction is aborted, commands ignored until end of transaction block
[2026-01-26T13:10:38.108+0000] {logging_mixin.py:151} INFO -      ⚠️ Erreur ligne 779: current transaction is aborted, commands ignored until end of transaction block
[2026-01-26T13:10:38.110+0000] {logging_mixin.py:151} INFO -      ⚠️ Erreur ligne 780: current transaction is aborted, commands ignored until end of transaction block
[2026-01-26T13:10:38.112+0000] {logging_mixin.py:151} INFO -      ⚠️ Erreur ligne 781: current transaction is aborted, commands ignored until end of transaction block
[2026-01-26T13:10:38.113+0000] {logging_mixin.py:151} INFO -      ⚠️ Erreur ligne 782: current transaction is aborted, commands ignored until end of transaction block
[2026-01-26T13:10:38.115+0000] {logging_mixin.py:151} INFO -      ⚠️ Erreur ligne 783: current transaction is aborted, commands ignored until end of transaction block
[2026-01-26T13:10:38.116+0000] {logging_mixin.py:151} INFO -      ⚠️ Erreur ligne 784: current transaction is aborted, commands ignored until end of transaction block
[2026-01-26T13:10:38.118+0000] {logging_mixin.py:151} INFO -      ⚠️ Erreur ligne 785: current transaction is aborted, commands ignored until end of transaction block
[2026-01-26T13:10:38.120+0000] {logging_mixin.py:151} INFO -      ⚠️ Erreur ligne 786: current transaction is aborted, commands ignored until end of transaction block
[2026-01-26T13:10:38.121+0000] {logging_mixin.py:151} INFO -      ⚠️ Erreur ligne 787: current transaction is aborted, commands ignored until end of transaction block
[2026-01-26T13:10:38.122+0000] {logging_mixin.py:151} INFO -      ⚠️ Erreur ligne 788: current transaction is aborted, commands ignored until end of transaction block
[2026-01-26T13:10:38.124+0000] {logging_mixin.py:151} INFO -      ⚠️ Erreur ligne 789: current transaction is aborted, commands ignored until end of transaction block
[2026-01-26T13:10:38.125+0000] {logging_mixin.py:151} INFO -      ⚠️ Erreur ligne 790: current transaction is aborted, commands ignored until end of transaction block
[2026-01-26T13:10:38.126+0000] {logging_mixin.py:151} INFO -      ⚠️ Erreur ligne 791: current transaction is aborted, commands ignored until end of transaction block
[2026-01-26T13:10:38.127+0000] {logging_mixin.py:151} INFO -      ⚠️ Erreur ligne 792: current transaction is aborted, commands ignored until end of transaction block
[2026-01-26T13:10:38.128+0000] {logging_mixin.py:151} INFO -      ⚠️ Erreur ligne 793: current transaction is aborted, commands ignored until end of transaction block
[2026-01-26T13:10:38.129+0000] {logging_mixin.py:151} INFO -      ⚠️ Erreur ligne 794: current transaction is aborted, commands ignored until end of transaction block
[2026-01-26T13:10:38.130+0000] {logging_mixin.py:151} INFO -      ⚠️ Erreur ligne 795: current transaction is aborted, commands ignored until end of transaction block
[2026-01-26T13:10:38.132+0000] {logging_mixin.py:151} INFO -      ⚠️ Erreur ligne 796: current transaction is aborted, commands ignored until end of transaction block
[2026-01-26T13:10:38.133+0000] {logging_mixin.py:151} INFO -      ⚠️ Erreur ligne 797: current transaction is aborted, commands ignored until end of transaction block
[2026-01-26T13:10:38.136+0000] {logging_mixin.py:151} INFO -      ⚠️ Erreur ligne 798: current transaction is aborted, commands ignored until end of transaction block
[2026-01-26T13:10:38.138+0000] {logging_mixin.py:151} INFO -      ⚠️ Erreur ligne 799: current transaction is aborted, commands ignored until end of transaction block
[2026-01-26T13:10:38.140+0000] {logging_mixin.py:151} INFO -      ⚠️ Erreur ligne 800: current transaction is aborted, commands ignored until end of transaction block
[2026-01-26T13:10:38.141+0000] {logging_mixin.py:151} INFO -      ⚠️ Erreur ligne 801: current transaction is aborted, commands ignored until end of transaction block
[2026-01-26T13:10:38.143+0000] {logging_mixin.py:151} INFO -      ⚠️ Erreur ligne 802: current transaction is aborted, commands ignored until end of transaction block
[2026-01-26T13:10:38.144+0000] {logging_mixin.py:151} INFO -      ⚠️ Erreur ligne 803: current transaction is aborted, commands ignored until end of transaction block
[2026-01-26T13:10:38.146+0000] {logging_mixin.py:151} INFO -      ⚠️ Erreur ligne 804: current transaction is aborted, commands ignored until end of transaction block
[2026-01-26T13:10:38.147+0000] {logging_mixin.py:151} INFO -      ⚠️ Erreur ligne 805: current transaction is aborted, commands ignored until end of transaction block
[2026-01-26T13:10:38.149+0000] {logging_mixin.py:151} INFO -      ⚠️ Erreur ligne 806: current transaction is aborted, commands ignored until end of transaction block
[2026-01-26T13:10:38.150+0000] {logging_mixin.py:151} INFO -      ⚠️ Erreur ligne 807: current transaction is aborted, commands ignored until end of transaction block
[2026-01-26T13:10:38.152+0000] {logging_mixin.py:151} INFO -      ⚠️ Erreur ligne 808: current transaction is aborted, commands ignored until end of transaction block
[2026-01-26T13:10:38.153+0000] {logging_mixin.py:151} INFO -      ⚠️ Erreur ligne 809: current transaction is aborted, commands ignored until end of transaction block
[2026-01-26T13:10:38.155+0000] {logging_mixin.py:151} INFO -      ⚠️ Erreur ligne 810: current transaction is aborted, commands ignored until end of transaction block
[2026-01-26T13:10:38.156+0000] {logging_mixin.py:151} INFO -      ⚠️ Erreur ligne 811: current transaction is aborted, commands ignored until end of transaction block
[2026-01-26T13:10:38.158+0000] {logging_mixin.py:151} INFO -      ⚠️ Erreur ligne 812: current transaction is aborted, commands ignored until end of transaction block
[2026-01-26T13:10:38.159+0000] {logging_mixin.py:151} INFO -      ⚠️ Erreur ligne 813: current transaction is aborted, commands ignored until end of transaction block
[2026-01-26T13:10:38.160+0000] {logging_mixin.py:151} INFO -      ⚠️ Erreur ligne 814: current transaction is aborted, commands ignored until end of transaction block
[2026-01-26T13:10:38.163+0000] {logging_mixin.py:151} INFO -      ⚠️ Erreur ligne 815: current transaction is aborted, commands ignored until end of transaction block
[2026-01-26T13:10:38.165+0000] {logging_mixin.py:151} INFO -      ⚠️ Erreur ligne 816: current transaction is aborted, commands ignored until end of transaction block
[2026-01-26T13:10:38.167+0000] {logging_mixin.py:151} INFO -      ⚠️ Erreur ligne 817: current transaction is aborted, commands ignored until end of transaction block
[2026-01-26T13:10:38.168+0000] {logging_mixin.py:151} INFO -      ⚠️ Erreur ligne 818: current transaction is aborted, commands ignored until end of transaction block
[2026-01-26T13:10:38.170+0000] {logging_mixin.py:151} INFO -      ⚠️ Erreur ligne 819: current transaction is aborted, commands ignored until end of transaction block
[2026-01-26T13:10:38.171+0000] {logging_mixin.py:151} INFO -      ⚠️ Erreur ligne 820: current transaction is aborted, commands ignored until end of transaction block
[2026-01-26T13:10:38.173+0000] {logging_mixin.py:151} INFO -      ⚠️ Erreur ligne 821: current transaction is aborted, commands ignored until end of transaction block
[2026-01-26T13:10:38.175+0000] {logging_mixin.py:151} INFO -      ⚠️ Erreur ligne 822: current transaction is aborted, commands ignored until end of transaction block
[2026-01-26T13:10:38.176+0000] {logging_mixin.py:151} INFO -      ⚠️ Erreur ligne 823: current transaction is aborted, commands ignored until end of transaction block
[2026-01-26T13:10:38.178+0000] {logging_mixin.py:151} INFO -      ⚠️ Erreur ligne 824: current transaction is aborted, commands ignored until end of transaction block
[2026-01-26T13:10:38.179+0000] {logging_mixin.py:151} INFO -      ⚠️ Erreur ligne 825: current transaction is aborted, commands ignored until end of transaction block
[2026-01-26T13:10:38.181+0000] {logging_mixin.py:151} INFO -      ⚠️ Erreur ligne 826: current transaction is aborted, commands ignored until end of transaction block
[2026-01-26T13:10:38.183+0000] {logging_mixin.py:151} INFO -      ⚠️ Erreur ligne 827: current transaction is aborted, commands ignored until end of transaction block
[2026-01-26T13:10:38.184+0000] {logging_mixin.py:151} INFO -      ⚠️ Erreur ligne 828: current transaction is aborted, commands ignored until end of transaction block
[2026-01-26T13:10:38.187+0000] {logging_mixin.py:151} INFO -      ⚠️ Erreur ligne 829: current transaction is aborted, commands ignored until end of transaction block
[2026-01-26T13:10:38.189+0000] {logging_mixin.py:151} INFO -      ⚠️ Erreur ligne 830: current transaction is aborted, commands ignored until end of transaction block
[2026-01-26T13:10:38.190+0000] {logging_mixin.py:151} INFO -      ⚠️ Erreur ligne 831: current transaction is aborted, commands ignored until end of transaction block
[2026-01-26T13:10:38.192+0000] {logging_mixin.py:151} INFO -      ⚠️ Erreur ligne 832: current transaction is aborted, commands ignored until end of transaction block
[2026-01-26T13:10:38.193+0000] {logging_mixin.py:151} INFO -      ⚠️ Erreur ligne 833: current transaction is aborted, commands ignored until end of transaction block
[2026-01-26T13:10:38.195+0000] {logging_mixin.py:151} INFO -      ⚠️ Erreur ligne 834: current transaction is aborted, commands ignored until end of transaction block
[2026-01-26T13:10:38.196+0000] {logging_mixin.py:151} INFO -      ⚠️ Erreur ligne 835: current transaction is aborted, commands ignored until end of transaction block
[2026-01-26T13:10:38.197+0000] {logging_mixin.py:151} INFO -      ⚠️ Erreur ligne 836: current transaction is aborted, commands ignored until end of transaction block
[2026-01-26T13:10:38.199+0000] {logging_mixin.py:151} INFO -      ⚠️ Erreur ligne 837: current transaction is aborted, commands ignored until end of transaction block
[2026-01-26T13:10:38.200+0000] {logging_mixin.py:151} INFO -      ⚠️ Erreur ligne 838: current transaction is aborted, commands ignored until end of transaction block
[2026-01-26T13:10:38.201+0000] {logging_mixin.py:151} INFO -      ⚠️ Erreur ligne 839: current transaction is aborted, commands ignored until end of transaction block
[2026-01-26T13:10:38.203+0000] {logging_mixin.py:151} INFO -      ⚠️ Erreur ligne 840: current transaction is aborted, commands ignored until end of transaction block
[2026-01-26T13:10:38.204+0000] {logging_mixin.py:151} INFO -      ⚠️ Erreur ligne 841: current transaction is aborted, commands ignored until end of transaction block
[2026-01-26T13:10:38.206+0000] {logging_mixin.py:151} INFO -      ⚠️ Erreur ligne 842: current transaction is aborted, commands ignored until end of transaction block
[2026-01-26T13:10:38.207+0000] {logging_mixin.py:151} INFO -      ⚠️ Erreur ligne 843: current transaction is aborted, commands ignored until end of transaction block
[2026-01-26T13:10:38.209+0000] {logging_mixin.py:151} INFO -      ⚠️ Erreur ligne 844: current transaction is aborted, commands ignored until end of transaction block
[2026-01-26T13:10:38.211+0000] {logging_mixin.py:151} INFO -      ⚠️ Erreur ligne 845: current transaction is aborted, commands ignored until end of transaction block
[2026-01-26T13:10:38.212+0000] {logging_mixin.py:151} INFO -      ⚠️ Erreur ligne 846: current transaction is aborted, commands ignored until end of transaction block
[2026-01-26T13:10:38.214+0000] {logging_mixin.py:151} INFO -      ⚠️ Erreur ligne 847: current transaction is aborted, commands ignored until end of transaction block
[2026-01-26T13:10:38.215+0000] {logging_mixin.py:151} INFO -      ⚠️ Erreur ligne 848: current transaction is aborted, commands ignored until end of transaction block
[2026-01-26T13:10:38.217+0000] {logging_mixin.py:151} INFO -      ⚠️ Erreur ligne 849: current transaction is aborted, commands ignored until end of transaction block
[2026-01-26T13:10:38.219+0000] {logging_mixin.py:151} INFO -      ⚠️ Erreur ligne 850: current transaction is aborted, commands ignored until end of transaction block
[2026-01-26T13:10:38.220+0000] {logging_mixin.py:151} INFO -      ⚠️ Erreur ligne 851: current transaction is aborted, commands ignored until end of transaction block
[2026-01-26T13:10:38.222+0000] {logging_mixin.py:151} INFO -      ⚠️ Erreur ligne 852: current transaction is aborted, commands ignored until end of transaction block
[2026-01-26T13:10:38.223+0000] {logging_mixin.py:151} INFO -      ⚠️ Erreur ligne 853: current transaction is aborted, commands ignored until end of transaction block
[2026-01-26T13:10:38.224+0000] {logging_mixin.py:151} INFO -      ⚠️ Erreur ligne 854: current transaction is aborted, commands ignored until end of transaction block
[2026-01-26T13:10:38.225+0000] {logging_mixin.py:151} INFO -      ⚠️ Erreur ligne 855: current transaction is aborted, commands ignored until end of transaction block
[2026-01-26T13:10:38.226+0000] {logging_mixin.py:151} INFO -      ⚠️ Erreur ligne 856: current transaction is aborted, commands ignored until end of transaction block
[2026-01-26T13:10:38.228+0000] {logging_mixin.py:151} INFO -      ⚠️ Erreur ligne 857: current transaction is aborted, commands ignored until end of transaction block
[2026-01-26T13:10:38.229+0000] {logging_mixin.py:151} INFO -      ⚠️ Erreur ligne 858: current transaction is aborted, commands ignored until end of transaction block
[2026-01-26T13:10:38.230+0000] {logging_mixin.py:151} INFO -      ⚠️ Erreur ligne 859: current transaction is aborted, commands ignored until end of transaction block
[2026-01-26T13:10:38.232+0000] {logging_mixin.py:151} INFO -      ⚠️ Erreur ligne 860: current transaction is aborted, commands ignored until end of transaction block
[2026-01-26T13:10:38.233+0000] {logging_mixin.py:151} INFO -      ⚠️ Erreur ligne 861: current transaction is aborted, commands ignored until end of transaction block
[2026-01-26T13:10:38.234+0000] {logging_mixin.py:151} INFO -      ⚠️ Erreur ligne 862: current transaction is aborted, commands ignored until end of transaction block
[2026-01-26T13:10:38.236+0000] {logging_mixin.py:151} INFO -      ⚠️ Erreur ligne 863: current transaction is aborted, commands ignored until end of transaction block
[2026-01-26T13:10:38.237+0000] {logging_mixin.py:151} INFO -      ⚠️ Erreur ligne 864: current transaction is aborted, commands ignored until end of transaction block
[2026-01-26T13:10:38.240+0000] {logging_mixin.py:151} INFO -      ⚠️ Erreur ligne 865: current transaction is aborted, commands ignored until end of transaction block
[2026-01-26T13:10:38.241+0000] {logging_mixin.py:151} INFO -      ⚠️ Erreur ligne 866: current transaction is aborted, commands ignored until end of transaction block
[2026-01-26T13:10:38.243+0000] {logging_mixin.py:151} INFO -      ⚠️ Erreur ligne 867: current transaction is aborted, commands ignored until end of transaction block
[2026-01-26T13:10:38.245+0000] {logging_mixin.py:151} INFO -      ⚠️ Erreur ligne 868: current transaction is aborted, commands ignored until end of transaction block
[2026-01-26T13:10:38.246+0000] {logging_mixin.py:151} INFO -      ⚠️ Erreur ligne 869: current transaction is aborted, commands ignored until end of transaction block
[2026-01-26T13:10:38.248+0000] {logging_mixin.py:151} INFO -      ⚠️ Erreur ligne 870: current transaction is aborted, commands ignored until end of transaction block
[2026-01-26T13:10:38.249+0000] {logging_mixin.py:151} INFO -      ⚠️ Erreur ligne 871: current transaction is aborted, commands ignored until end of transaction block
[2026-01-26T13:10:38.251+0000] {logging_mixin.py:151} INFO -      ⚠️ Erreur ligne 872: current transaction is aborted, commands ignored until end of transaction block
[2026-01-26T13:10:38.252+0000] {logging_mixin.py:151} INFO -      ⚠️ Erreur ligne 873: current transaction is aborted, commands ignored until end of transaction block
[2026-01-26T13:10:38.253+0000] {logging_mixin.py:151} INFO -      ⚠️ Erreur ligne 874: current transaction is aborted, commands ignored until end of transaction block
[2026-01-26T13:10:38.255+0000] {logging_mixin.py:151} INFO -      ⚠️ Erreur ligne 875: current transaction is aborted, commands ignored until end of transaction block
[2026-01-26T13:10:38.257+0000] {logging_mixin.py:151} INFO -      ⚠️ Erreur ligne 876: current transaction is aborted, commands ignored until end of transaction block
[2026-01-26T13:10:38.258+0000] {logging_mixin.py:151} INFO -      ⚠️ Erreur ligne 877: current transaction is aborted, commands ignored until end of transaction block
[2026-01-26T13:10:38.259+0000] {logging_mixin.py:151} INFO -      ⚠️ Erreur ligne 878: current transaction is aborted, commands ignored until end of transaction block
[2026-01-26T13:10:38.260+0000] {logging_mixin.py:151} INFO -      ⚠️ Erreur ligne 879: current transaction is aborted, commands ignored until end of transaction block
[2026-01-26T13:10:38.262+0000] {logging_mixin.py:151} INFO -      ⚠️ Erreur ligne 880: current transaction is aborted, commands ignored until end of transaction block
[2026-01-26T13:10:38.264+0000] {logging_mixin.py:151} INFO -      ⚠️ Erreur ligne 881: current transaction is aborted, commands ignored until end of transaction block
[2026-01-26T13:10:38.267+0000] {logging_mixin.py:151} INFO -      ⚠️ Erreur ligne 882: current transaction is aborted, commands ignored until end of transaction block
[2026-01-26T13:10:38.270+0000] {logging_mixin.py:151} INFO -      ⚠️ Erreur ligne 883: current transaction is aborted, commands ignored until end of transaction block
[2026-01-26T13:10:38.272+0000] {logging_mixin.py:151} INFO -      ⚠️ Erreur ligne 884: current transaction is aborted, commands ignored until end of transaction block
[2026-01-26T13:10:38.275+0000] {logging_mixin.py:151} INFO -      ⚠️ Erreur ligne 885: current transaction is aborted, commands ignored until end of transaction block
[2026-01-26T13:10:38.278+0000] {logging_mixin.py:151} INFO -      ⚠️ Erreur ligne 886: current transaction is aborted, commands ignored until end of transaction block
[2026-01-26T13:10:38.280+0000] {logging_mixin.py:151} INFO -      ⚠️ Erreur ligne 887: current transaction is aborted, commands ignored until end of transaction block
[2026-01-26T13:10:38.283+0000] {logging_mixin.py:151} INFO -      ⚠️ Erreur ligne 888: current transaction is aborted, commands ignored until end of transaction block
[2026-01-26T13:10:38.285+0000] {logging_mixin.py:151} INFO -      ⚠️ Erreur ligne 889: current transaction is aborted, commands ignored until end of transaction block
[2026-01-26T13:10:38.286+0000] {logging_mixin.py:151} INFO -      ⚠️ Erreur ligne 890: current transaction is aborted, commands ignored until end of transaction block
[2026-01-26T13:10:38.289+0000] {logging_mixin.py:151} INFO -      ⚠️ Erreur ligne 891: current transaction is aborted, commands ignored until end of transaction block
[2026-01-26T13:10:38.291+0000] {logging_mixin.py:151} INFO -      ⚠️ Erreur ligne 892: current transaction is aborted, commands ignored until end of transaction block
[2026-01-26T13:10:38.292+0000] {logging_mixin.py:151} INFO -      ⚠️ Erreur ligne 893: current transaction is aborted, commands ignored until end of transaction block
[2026-01-26T13:10:38.294+0000] {logging_mixin.py:151} INFO -      ⚠️ Erreur ligne 894: current transaction is aborted, commands ignored until end of transaction block
[2026-01-26T13:10:38.297+0000] {logging_mixin.py:151} INFO -      ⚠️ Erreur ligne 895: current transaction is aborted, commands ignored until end of transaction block
[2026-01-26T13:10:38.298+0000] {logging_mixin.py:151} INFO -      ⚠️ Erreur ligne 896: current transaction is aborted, commands ignored until end of transaction block
[2026-01-26T13:10:38.300+0000] {logging_mixin.py:151} INFO -      ⚠️ Erreur ligne 897: current transaction is aborted, commands ignored until end of transaction block
[2026-01-26T13:10:38.302+0000] {logging_mixin.py:151} INFO -      ⚠️ Erreur ligne 898: current transaction is aborted, commands ignored until end of transaction block
[2026-01-26T13:10:38.304+0000] {logging_mixin.py:151} INFO -      ⚠️ Erreur ligne 899: current transaction is aborted, commands ignored until end of transaction block
[2026-01-26T13:10:38.305+0000] {logging_mixin.py:151} INFO -      ⚠️ Erreur ligne 900: current transaction is aborted, commands ignored until end of transaction block
[2026-01-26T13:10:38.308+0000] {logging_mixin.py:151} INFO -      ⚠️ Erreur ligne 901: current transaction is aborted, commands ignored until end of transaction block
[2026-01-26T13:10:38.310+0000] {logging_mixin.py:151} INFO -      ⚠️ Erreur ligne 902: current transaction is aborted, commands ignored until end of transaction block
[2026-01-26T13:10:38.312+0000] {logging_mixin.py:151} INFO -      ⚠️ Erreur ligne 903: current transaction is aborted, commands ignored until end of transaction block
[2026-01-26T13:10:38.313+0000] {logging_mixin.py:151} INFO -      ⚠️ Erreur ligne 904: current transaction is aborted, commands ignored until end of transaction block
[2026-01-26T13:10:38.315+0000] {logging_mixin.py:151} INFO -      ⚠️ Erreur ligne 905: current transaction is aborted, commands ignored until end of transaction block
[2026-01-26T13:10:38.316+0000] {logging_mixin.py:151} INFO -      ⚠️ Erreur ligne 906: current transaction is aborted, commands ignored until end of transaction block
[2026-01-26T13:10:38.317+0000] {logging_mixin.py:151} INFO -      ⚠️ Erreur ligne 907: current transaction is aborted, commands ignored until end of transaction block
[2026-01-26T13:10:38.319+0000] {logging_mixin.py:151} INFO -      ⚠️ Erreur ligne 908: current transaction is aborted, commands ignored until end of transaction block
[2026-01-26T13:10:38.320+0000] {logging_mixin.py:151} INFO -      ⚠️ Erreur ligne 909: current transaction is aborted, commands ignored until end of transaction block
[2026-01-26T13:10:38.322+0000] {logging_mixin.py:151} INFO -      ⚠️ Erreur ligne 910: current transaction is aborted, commands ignored until end of transaction block
[2026-01-26T13:10:38.324+0000] {logging_mixin.py:151} INFO -      ⚠️ Erreur ligne 911: current transaction is aborted, commands ignored until end of transaction block
[2026-01-26T13:10:38.326+0000] {logging_mixin.py:151} INFO -      ⚠️ Erreur ligne 912: current transaction is aborted, commands ignored until end of transaction block
[2026-01-26T13:10:38.328+0000] {logging_mixin.py:151} INFO -      ⚠️ Erreur ligne 913: current transaction is aborted, commands ignored until end of transaction block
[2026-01-26T13:10:38.329+0000] {logging_mixin.py:151} INFO -      ⚠️ Erreur ligne 914: current transaction is aborted, commands ignored until end of transaction block
[2026-01-26T13:10:38.331+0000] {logging_mixin.py:151} INFO -      ⚠️ Erreur ligne 915: current transaction is aborted, commands ignored until end of transaction block
[2026-01-26T13:10:38.332+0000] {logging_mixin.py:151} INFO -      ⚠️ Erreur ligne 916: current transaction is aborted, commands ignored until end of transaction block
[2026-01-26T13:10:38.333+0000] {logging_mixin.py:151} INFO -      ⚠️ Erreur ligne 917: current transaction is aborted, commands ignored until end of transaction block
[2026-01-26T13:10:38.334+0000] {logging_mixin.py:151} INFO -      ⚠️ Erreur ligne 918: current transaction is aborted, commands ignored until end of transaction block
[2026-01-26T13:10:38.335+0000] {logging_mixin.py:151} INFO -      ⚠️ Erreur ligne 919: current transaction is aborted, commands ignored until end of transaction block
[2026-01-26T13:10:38.337+0000] {logging_mixin.py:151} INFO -      ⚠️ Erreur ligne 920: current transaction is aborted, commands ignored until end of transaction block
[2026-01-26T13:10:38.338+0000] {logging_mixin.py:151} INFO -      ⚠️ Erreur ligne 921: current transaction is aborted, commands ignored until end of transaction block
[2026-01-26T13:10:38.339+0000] {logging_mixin.py:151} INFO -      ⚠️ Erreur ligne 922: current transaction is aborted, commands ignored until end of transaction block
[2026-01-26T13:10:38.341+0000] {logging_mixin.py:151} INFO -      ⚠️ Erreur ligne 923: current transaction is aborted, commands ignored until end of transaction block
[2026-01-26T13:10:38.342+0000] {logging_mixin.py:151} INFO -      ⚠️ Erreur ligne 924: current transaction is aborted, commands ignored until end of transaction block
[2026-01-26T13:10:38.344+0000] {logging_mixin.py:151} INFO -      ⚠️ Erreur ligne 925: current transaction is aborted, commands ignored until end of transaction block
[2026-01-26T13:10:38.346+0000] {logging_mixin.py:151} INFO -      ⚠️ Erreur ligne 926: current transaction is aborted, commands ignored until end of transaction block
[2026-01-26T13:10:38.351+0000] {logging_mixin.py:151} INFO -      ⚠️ Erreur ligne 927: current transaction is aborted, commands ignored until end of transaction block
[2026-01-26T13:10:38.356+0000] {logging_mixin.py:151} INFO -      ⚠️ Erreur ligne 928: current transaction is aborted, commands ignored until end of transaction block
[2026-01-26T13:10:38.357+0000] {logging_mixin.py:151} INFO -      ⚠️ Erreur ligne 929: current transaction is aborted, commands ignored until end of transaction block
[2026-01-26T13:10:38.359+0000] {logging_mixin.py:151} INFO -      ⚠️ Erreur ligne 930: current transaction is aborted, commands ignored until end of transaction block
[2026-01-26T13:10:38.361+0000] {logging_mixin.py:151} INFO -      ⚠️ Erreur ligne 931: current transaction is aborted, commands ignored until end of transaction block
[2026-01-26T13:10:38.363+0000] {logging_mixin.py:151} INFO -      ⚠️ Erreur ligne 932: current transaction is aborted, commands ignored until end of transaction block
[2026-01-26T13:10:38.365+0000] {logging_mixin.py:151} INFO -      ⚠️ Erreur ligne 933: current transaction is aborted, commands ignored until end of transaction block
[2026-01-26T13:10:38.367+0000] {logging_mixin.py:151} INFO -      ⚠️ Erreur ligne 934: current transaction is aborted, commands ignored until end of transaction block
[2026-01-26T13:10:38.369+0000] {logging_mixin.py:151} INFO -      ⚠️ Erreur ligne 935: current transaction is aborted, commands ignored until end of transaction block
[2026-01-26T13:10:38.371+0000] {logging_mixin.py:151} INFO -      ⚠️ Erreur ligne 936: current transaction is aborted, commands ignored until end of transaction block
[2026-01-26T13:10:38.373+0000] {logging_mixin.py:151} INFO -      ⚠️ Erreur ligne 937: current transaction is aborted, commands ignored until end of transaction block
[2026-01-26T13:10:38.375+0000] {logging_mixin.py:151} INFO -      ⚠️ Erreur ligne 938: current transaction is aborted, commands ignored until end of transaction block
[2026-01-26T13:10:38.376+0000] {logging_mixin.py:151} INFO -      ⚠️ Erreur ligne 939: current transaction is aborted, commands ignored until end of transaction block
[2026-01-26T13:10:38.378+0000] {logging_mixin.py:151} INFO -      ⚠️ Erreur ligne 940: current transaction is aborted, commands ignored until end of transaction block
[2026-01-26T13:10:38.379+0000] {logging_mixin.py:151} INFO -      ⚠️ Erreur ligne 941: current transaction is aborted, commands ignored until end of transaction block
[2026-01-26T13:10:38.381+0000] {logging_mixin.py:151} INFO -      ⚠️ Erreur ligne 942: current transaction is aborted, commands ignored until end of transaction block
[2026-01-26T13:10:38.382+0000] {logging_mixin.py:151} INFO -      ⚠️ Erreur ligne 943: current transaction is aborted, commands ignored until end of transaction block
[2026-01-26T13:10:38.383+0000] {logging_mixin.py:151} INFO -      ⚠️ Erreur ligne 944: current transaction is aborted, commands ignored until end of transaction block
[2026-01-26T13:10:38.385+0000] {logging_mixin.py:151} INFO -      ⚠️ Erreur ligne 945: current transaction is aborted, commands ignored until end of transaction block
[2026-01-26T13:10:38.386+0000] {logging_mixin.py:151} INFO -      ⚠️ Erreur ligne 946: current transaction is aborted, commands ignored until end of transaction block
[2026-01-26T13:10:38.388+0000] {logging_mixin.py:151} INFO -      ⚠️ Erreur ligne 947: current transaction is aborted, commands ignored until end of transaction block
[2026-01-26T13:10:38.389+0000] {logging_mixin.py:151} INFO -      ⚠️ Erreur ligne 948: current transaction is aborted, commands ignored until end of transaction block
[2026-01-26T13:10:38.391+0000] {logging_mixin.py:151} INFO -      ⚠️ Erreur ligne 949: current transaction is aborted, commands ignored until end of transaction block
[2026-01-26T13:10:38.392+0000] {logging_mixin.py:151} INFO -      ⚠️ Erreur ligne 950: current transaction is aborted, commands ignored until end of transaction block
[2026-01-26T13:10:38.393+0000] {logging_mixin.py:151} INFO -      ⚠️ Erreur ligne 951: current transaction is aborted, commands ignored until end of transaction block
[2026-01-26T13:10:38.394+0000] {logging_mixin.py:151} INFO -      ⚠️ Erreur ligne 952: current transaction is aborted, commands ignored until end of transaction block
[2026-01-26T13:10:38.396+0000] {logging_mixin.py:151} INFO -      ⚠️ Erreur ligne 953: current transaction is aborted, commands ignored until end of transaction block
[2026-01-26T13:10:38.398+0000] {logging_mixin.py:151} INFO -      ⚠️ Erreur ligne 954: current transaction is aborted, commands ignored until end of transaction block
[2026-01-26T13:10:38.400+0000] {logging_mixin.py:151} INFO -      ⚠️ Erreur ligne 955: current transaction is aborted, commands ignored until end of transaction block
[2026-01-26T13:10:38.401+0000] {logging_mixin.py:151} INFO -      ⚠️ Erreur ligne 956: current transaction is aborted, commands ignored until end of transaction block
[2026-01-26T13:10:38.403+0000] {logging_mixin.py:151} INFO -      ⚠️ Erreur ligne 957: current transaction is aborted, commands ignored until end of transaction block
[2026-01-26T13:10:38.404+0000] {logging_mixin.py:151} INFO -      ⚠️ Erreur ligne 958: current transaction is aborted, commands ignored until end of transaction block
[2026-01-26T13:10:38.405+0000] {logging_mixin.py:151} INFO -      ⚠️ Erreur ligne 959: current transaction is aborted, commands ignored until end of transaction block
[2026-01-26T13:10:38.407+0000] {logging_mixin.py:151} INFO -      ⚠️ Erreur ligne 960: current transaction is aborted, commands ignored until end of transaction block
[2026-01-26T13:10:38.408+0000] {logging_mixin.py:151} INFO -      ⚠️ Erreur ligne 961: current transaction is aborted, commands ignored until end of transaction block
[2026-01-26T13:10:38.409+0000] {logging_mixin.py:151} INFO -      ⚠️ Erreur ligne 962: current transaction is aborted, commands ignored until end of transaction block
[2026-01-26T13:10:38.410+0000] {logging_mixin.py:151} INFO -      ⚠️ Erreur ligne 963: current transaction is aborted, commands ignored until end of transaction block
[2026-01-26T13:10:38.411+0000] {logging_mixin.py:151} INFO -      ⚠️ Erreur ligne 964: current transaction is aborted, commands ignored until end of transaction block
[2026-01-26T13:10:38.412+0000] {logging_mixin.py:151} INFO -      ⚠️ Erreur ligne 965: current transaction is aborted, commands ignored until end of transaction block
[2026-01-26T13:10:38.413+0000] {logging_mixin.py:151} INFO -      ⚠️ Erreur ligne 966: current transaction is aborted, commands ignored until end of transaction block
[2026-01-26T13:10:38.415+0000] {logging_mixin.py:151} INFO -      ⚠️ Erreur ligne 967: current transaction is aborted, commands ignored until end of transaction block
[2026-01-26T13:10:38.416+0000] {logging_mixin.py:151} INFO -      ⚠️ Erreur ligne 968: current transaction is aborted, commands ignored until end of transaction block
[2026-01-26T13:10:38.417+0000] {logging_mixin.py:151} INFO -      ⚠️ Erreur ligne 969: current transaction is aborted, commands ignored until end of transaction block
[2026-01-26T13:10:38.418+0000] {logging_mixin.py:151} INFO -      ⚠️ Erreur ligne 970: current transaction is aborted, commands ignored until end of transaction block
[2026-01-26T13:10:38.419+0000] {logging_mixin.py:151} INFO -      ⚠️ Erreur ligne 971: current transaction is aborted, commands ignored until end of transaction block
[2026-01-26T13:10:38.420+0000] {logging_mixin.py:151} INFO -      ⚠️ Erreur ligne 972: current transaction is aborted, commands ignored until end of transaction block
[2026-01-26T13:10:38.421+0000] {logging_mixin.py:151} INFO -      ⚠️ Erreur ligne 973: current transaction is aborted, commands ignored until end of transaction block
[2026-01-26T13:10:38.423+0000] {logging_mixin.py:151} INFO -      ⚠️ Erreur ligne 974: current transaction is aborted, commands ignored until end of transaction block
[2026-01-26T13:10:38.424+0000] {logging_mixin.py:151} INFO -      ⚠️ Erreur ligne 975: current transaction is aborted, commands ignored until end of transaction block
[2026-01-26T13:10:38.426+0000] {logging_mixin.py:151} INFO -      ⚠️ Erreur ligne 976: current transaction is aborted, commands ignored until end of transaction block
[2026-01-26T13:10:38.428+0000] {logging_mixin.py:151} INFO -      ⚠️ Erreur ligne 977: current transaction is aborted, commands ignored until end of transaction block
[2026-01-26T13:10:38.429+0000] {logging_mixin.py:151} INFO -      ⚠️ Erreur ligne 978: current transaction is aborted, commands ignored until end of transaction block
[2026-01-26T13:10:38.431+0000] {logging_mixin.py:151} INFO -      ⚠️ Erreur ligne 979: current transaction is aborted, commands ignored until end of transaction block
[2026-01-26T13:10:38.432+0000] {logging_mixin.py:151} INFO -      ⚠️ Erreur ligne 980: current transaction is aborted, commands ignored until end of transaction block
[2026-01-26T13:10:38.433+0000] {logging_mixin.py:151} INFO -      ⚠️ Erreur ligne 981: current transaction is aborted, commands ignored until end of transaction block
[2026-01-26T13:10:38.434+0000] {logging_mixin.py:151} INFO -      ⚠️ Erreur ligne 982: current transaction is aborted, commands ignored until end of transaction block
[2026-01-26T13:10:38.436+0000] {logging_mixin.py:151} INFO -      ⚠️ Erreur ligne 983: current transaction is aborted, commands ignored until end of transaction block
[2026-01-26T13:10:38.437+0000] {logging_mixin.py:151} INFO -      ⚠️ Erreur ligne 984: current transaction is aborted, commands ignored until end of transaction block
[2026-01-26T13:10:38.438+0000] {logging_mixin.py:151} INFO -      ⚠️ Erreur ligne 985: current transaction is aborted, commands ignored until end of transaction block
[2026-01-26T13:10:38.439+0000] {logging_mixin.py:151} INFO -      ⚠️ Erreur ligne 986: current transaction is aborted, commands ignored until end of transaction block
[2026-01-26T13:10:38.440+0000] {logging_mixin.py:151} INFO -      ⚠️ Erreur ligne 987: current transaction is aborted, commands ignored until end of transaction block
[2026-01-26T13:10:38.441+0000] {logging_mixin.py:151} INFO -      ⚠️ Erreur ligne 988: current transaction is aborted, commands ignored until end of transaction block
[2026-01-26T13:10:38.442+0000] {logging_mixin.py:151} INFO -      ⚠️ Erreur ligne 989: current transaction is aborted, commands ignored until end of transaction block
[2026-01-26T13:10:38.443+0000] {logging_mixin.py:151} INFO -      ⚠️ Erreur ligne 990: current transaction is aborted, commands ignored until end of transaction block
[2026-01-26T13:10:38.444+0000] {logging_mixin.py:151} INFO -      ⚠️ Erreur ligne 991: current transaction is aborted, commands ignored until end of transaction block
[2026-01-26T13:10:38.446+0000] {logging_mixin.py:151} INFO -      ⚠️ Erreur ligne 992: current transaction is aborted, commands ignored until end of transaction block
[2026-01-26T13:10:38.447+0000] {logging_mixin.py:151} INFO -      ⚠️ Erreur ligne 993: current transaction is aborted, commands ignored until end of transaction block
[2026-01-26T13:10:38.448+0000] {logging_mixin.py:151} INFO -      ⚠️ Erreur ligne 994: current transaction is aborted, commands ignored until end of transaction block
[2026-01-26T13:10:38.449+0000] {logging_mixin.py:151} INFO -      ⚠️ Erreur ligne 995: current transaction is aborted, commands ignored until end of transaction block
[2026-01-26T13:10:38.451+0000] {logging_mixin.py:151} INFO -      ⚠️ Erreur ligne 996: current transaction is aborted, commands ignored until end of transaction block
[2026-01-26T13:10:38.452+0000] {logging_mixin.py:151} INFO -      ⚠️ Erreur ligne 997: current transaction is aborted, commands ignored until end of transaction block
[2026-01-26T13:10:38.454+0000] {logging_mixin.py:151} INFO -      ⚠️ Erreur ligne 998: current transaction is aborted, commands ignored until end of transaction block
[2026-01-26T13:10:38.455+0000] {logging_mixin.py:151} INFO -      ⚠️ Erreur ligne 999: current transaction is aborted, commands ignored until end of transaction block
[2026-01-26T13:10:38.457+0000] {logging_mixin.py:151} INFO -      ⚠️ Erreur ligne 1000: current transaction is aborted, commands ignored until end of transaction block
[2026-01-26T13:10:38.458+0000] {logging_mixin.py:151} INFO -      ⚠️ Erreur ligne 1001: current transaction is aborted, commands ignored until end of transaction block
[2026-01-26T13:10:38.459+0000] {logging_mixin.py:151} INFO -      ⚠️ Erreur ligne 1002: current transaction is aborted, commands ignored until end of transaction block
[2026-01-26T13:10:38.460+0000] {logging_mixin.py:151} INFO -      ⚠️ Erreur ligne 1003: current transaction is aborted, commands ignored until end of transaction block
[2026-01-26T13:10:38.461+0000] {logging_mixin.py:151} INFO -      ⚠️ Erreur ligne 1004: current transaction is aborted, commands ignored until end of transaction block
[2026-01-26T13:10:38.462+0000] {logging_mixin.py:151} INFO -      ⚠️ Erreur ligne 1005: current transaction is aborted, commands ignored until end of transaction block
[2026-01-26T13:10:38.463+0000] {logging_mixin.py:151} INFO -      ⚠️ Erreur ligne 1006: current transaction is aborted, commands ignored until end of transaction block
[2026-01-26T13:10:38.464+0000] {logging_mixin.py:151} INFO -      ⚠️ Erreur ligne 1007: current transaction is aborted, commands ignored until end of transaction block
[2026-01-26T13:10:38.466+0000] {logging_mixin.py:151} INFO -      ⚠️ Erreur ligne 1008: current transaction is aborted, commands ignored until end of transaction block
[2026-01-26T13:10:38.467+0000] {logging_mixin.py:151} INFO -      ⚠️ Erreur ligne 1009: current transaction is aborted, commands ignored until end of transaction block
[2026-01-26T13:10:38.468+0000] {logging_mixin.py:151} INFO -      ⚠️ Erreur ligne 1010: current transaction is aborted, commands ignored until end of transaction block
[2026-01-26T13:10:38.468+0000] {logging_mixin.py:151} INFO -      ⚠️ Erreur ligne 1011: current transaction is aborted, commands ignored until end of transaction block
[2026-01-26T13:10:38.470+0000] {logging_mixin.py:151} INFO -      ⚠️ Erreur ligne 1012: current transaction is aborted, commands ignored until end of transaction block
[2026-01-26T13:10:38.471+0000] {logging_mixin.py:151} INFO -      ⚠️ Erreur ligne 1013: current transaction is aborted, commands ignored until end of transaction block
[2026-01-26T13:10:38.472+0000] {logging_mixin.py:151} INFO -      ⚠️ Erreur ligne 1014: current transaction is aborted, commands ignored until end of transaction block
[2026-01-26T13:10:38.473+0000] {logging_mixin.py:151} INFO -      ⚠️ Erreur ligne 1015: current transaction is aborted, commands ignored until end of transaction block
[2026-01-26T13:10:38.474+0000] {logging_mixin.py:151} INFO -      ⚠️ Erreur ligne 1016: current transaction is aborted, commands ignored until end of transaction block
[2026-01-26T13:10:38.475+0000] {logging_mixin.py:151} INFO -      ⚠️ Erreur ligne 1017: current transaction is aborted, commands ignored until end of transaction block
[2026-01-26T13:10:38.475+0000] {logging_mixin.py:151} INFO -      ✅ 0 lignes insérées, 0 doublons ignorés
[2026-01-26T13:10:38.477+0000] {logging_mixin.py:151} INFO -   ✅ Fichier traité avec succès !
[2026-01-26T13:10:38.478+0000] {logging_mixin.py:151} INFO - 
--------------------------------------------------------------------------------
[2026-01-26T13:10:38.478+0000] {logging_mixin.py:151} INFO - 📄 Traitement de : MSFT_2026-01-26 06:13:31.074172+00:00.csv
[2026-01-26T13:10:38.479+0000] {logging_mixin.py:151} INFO - --------------------------------------------------------------------------------
[2026-01-26T13:10:38.479+0000] {logging_mixin.py:151} INFO -   1️⃣ Lecture du CSV...
[2026-01-26T13:10:38.515+0000] {logging_mixin.py:151} INFO -      ✅ Lu 1018 lignes
[2026-01-26T13:10:38.517+0000] {logging_mixin.py:151} INFO -      Colonnes: ['Date', 'Open', 'High', 'Low', 'Close', 'Volume', 'Dividends', 'Stock Splits', 'symbol', 'extracted_at']
[2026-01-26T13:10:38.518+0000] {logging_mixin.py:151} INFO -   2️⃣ Nettoyage des colonnes...
[2026-01-26T13:10:38.520+0000] {logging_mixin.py:151} INFO -      ✅ Colonnes nettoyées: ['date', 'open', 'high', 'low', 'close', 'volume', 'dividends', 'stock_splits', 'symbol', 'extracted_at']
[2026-01-26T13:10:38.521+0000] {logging_mixin.py:151} INFO -   3️⃣ Conversion des dates...
[2026-01-26T13:10:38.542+0000] {logging_mixin.py:151} INFO -      ✅ Dates converties
[2026-01-26T13:10:38.544+0000] {logging_mixin.py:151} INFO -   4️⃣ Nettoyage des données...
[2026-01-26T13:10:38.554+0000] {logging_mixin.py:151} INFO -      ✅ 1018 → 1018 lignes (après nettoyage)
[2026-01-26T13:10:38.554+0000] {logging_mixin.py:151} INFO -   5️⃣ Connexion à la base de données...
[2026-01-26T13:10:38.561+0000] {logging_mixin.py:151} INFO -      ✅ Connecté
[2026-01-26T13:10:38.562+0000] {logging_mixin.py:151} INFO -   6️⃣ Insertion des données...
[2026-01-26T13:10:38.563+0000] {logging_mixin.py:151} INFO -      ⚠️ Erreur ligne 0: column "open_price" of relation "stocks" does not exist
LINE 2: ...                INSERT INTO stocks (symbol, date, open_price...
                                                             ^
[2026-01-26T13:10:38.564+0000] {logging_mixin.py:151} INFO -      ⚠️ Erreur ligne 1: current transaction is aborted, commands ignored until end of transaction block
[2026-01-26T13:10:38.566+0000] {logging_mixin.py:151} INFO -      ⚠️ Erreur ligne 2: current transaction is aborted, commands ignored until end of transaction block
[2026-01-26T13:10:38.567+0000] {logging_mixin.py:151} INFO -      ⚠️ Erreur ligne 3: current transaction is aborted, commands ignored until end of transaction block
[2026-01-26T13:10:38.568+0000] {logging_mixin.py:151} INFO -      ⚠️ Erreur ligne 4: current transaction is aborted, commands ignored until end of transaction block
[2026-01-26T13:10:38.569+0000] {logging_mixin.py:151} INFO -      ⚠️ Erreur ligne 5: current transaction is aborted, commands ignored until end of transaction block
[2026-01-26T13:10:38.570+0000] {logging_mixin.py:151} INFO -      ⚠️ Erreur ligne 6: current transaction is aborted, commands ignored until end of transaction block
[2026-01-26T13:10:38.571+0000] {logging_mixin.py:151} INFO -      ⚠️ Erreur ligne 7: current transaction is aborted, commands ignored until end of transaction block
[2026-01-26T13:10:38.572+0000] {logging_mixin.py:151} INFO -      ⚠️ Erreur ligne 8: current transaction is aborted, commands ignored until end of transaction block
[2026-01-26T13:10:38.573+0000] {logging_mixin.py:151} INFO -      ⚠️ Erreur ligne 9: current transaction is aborted, commands ignored until end of transaction block
[2026-01-26T13:10:38.575+0000] {logging_mixin.py:151} INFO -      ⚠️ Erreur ligne 10: current transaction is aborted, commands ignored until end of transaction block
[2026-01-26T13:10:38.576+0000] {logging_mixin.py:151} INFO -      ⚠️ Erreur ligne 11: current transaction is aborted, commands ignored until end of transaction block
[2026-01-26T13:10:38.577+0000] {logging_mixin.py:151} INFO -      ⚠️ Erreur ligne 12: current transaction is aborted, commands ignored until end of transaction block
[2026-01-26T13:10:38.579+0000] {logging_mixin.py:151} INFO -      ⚠️ Erreur ligne 13: current transaction is aborted, commands ignored until end of transaction block
[2026-01-26T13:10:38.580+0000] {logging_mixin.py:151} INFO -      ⚠️ Erreur ligne 14: current transaction is aborted, commands ignored until end of transaction block
[2026-01-26T13:10:38.582+0000] {logging_mixin.py:151} INFO -      ⚠️ Erreur ligne 15: current transaction is aborted, commands ignored until end of transaction block
[2026-01-26T13:10:38.584+0000] {logging_mixin.py:151} INFO -      ⚠️ Erreur ligne 16: current transaction is aborted, commands ignored until end of transaction block
[2026-01-26T13:10:38.586+0000] {logging_mixin.py:151} INFO -      ⚠️ Erreur ligne 17: current transaction is aborted, commands ignored until end of transaction block
[2026-01-26T13:10:38.587+0000] {logging_mixin.py:151} INFO -      ⚠️ Erreur ligne 18: current transaction is aborted, commands ignored until end of transaction block
[2026-01-26T13:10:38.588+0000] {logging_mixin.py:151} INFO -      ⚠️ Erreur ligne 19: current transaction is aborted, commands ignored until end of transaction block
[2026-01-26T13:10:38.590+0000] {logging_mixin.py:151} INFO -      ⚠️ Erreur ligne 20: current transaction is aborted, commands ignored until end of transaction block
[2026-01-26T13:10:38.592+0000] {logging_mixin.py:151} INFO -      ⚠️ Erreur ligne 21: current transaction is aborted, commands ignored until end of transaction block
[2026-01-26T13:10:38.593+0000] {logging_mixin.py:151} INFO -      ⚠️ Erreur ligne 22: current transaction is aborted, commands ignored until end of transaction block
[2026-01-26T13:10:38.594+0000] {logging_mixin.py:151} INFO -      ⚠️ Erreur ligne 23: current transaction is aborted, commands ignored until end of transaction block
[2026-01-26T13:10:38.596+0000] {logging_mixin.py:151} INFO -      ⚠️ Erreur ligne 24: current transaction is aborted, commands ignored until end of transaction block
[2026-01-26T13:10:38.597+0000] {logging_mixin.py:151} INFO -      ⚠️ Erreur ligne 25: current transaction is aborted, commands ignored until end of transaction block
[2026-01-26T13:10:38.598+0000] {logging_mixin.py:151} INFO -      ⚠️ Erreur ligne 26: current transaction is aborted, commands ignored until end of transaction block
[2026-01-26T13:10:38.598+0000] {logging_mixin.py:151} INFO -      ⚠️ Erreur ligne 27: current transaction is aborted, commands ignored until end of transaction block
[2026-01-26T13:10:38.599+0000] {logging_mixin.py:151} INFO -      ⚠️ Erreur ligne 28: current transaction is aborted, commands ignored until end of transaction block
[2026-01-26T13:10:38.600+0000] {logging_mixin.py:151} INFO -      ⚠️ Erreur ligne 29: current transaction is aborted, commands ignored until end of transaction block
[2026-01-26T13:10:38.601+0000] {logging_mixin.py:151} INFO -      ⚠️ Erreur ligne 30: current transaction is aborted, commands ignored until end of transaction block
[2026-01-26T13:10:38.602+0000] {logging_mixin.py:151} INFO -      ⚠️ Erreur ligne 31: current transaction is aborted, commands ignored until end of transaction block
[2026-01-26T13:10:38.603+0000] {logging_mixin.py:151} INFO -      ⚠️ Erreur ligne 32: current transaction is aborted, commands ignored until end of transaction block
[2026-01-26T13:10:38.603+0000] {logging_mixin.py:151} INFO -      ⚠️ Erreur ligne 33: current transaction is aborted, commands ignored until end of transaction block
[2026-01-26T13:10:38.605+0000] {logging_mixin.py:151} INFO -      ⚠️ Erreur ligne 34: current transaction is aborted, commands ignored until end of transaction block
[2026-01-26T13:10:38.605+0000] {logging_mixin.py:151} INFO -      ⚠️ Erreur ligne 35: current transaction is aborted, commands ignored until end of transaction block
[2026-01-26T13:10:38.606+0000] {logging_mixin.py:151} INFO -      ⚠️ Erreur ligne 36: current transaction is aborted, commands ignored until end of transaction block
[2026-01-26T13:10:38.607+0000] {logging_mixin.py:151} INFO -      ⚠️ Erreur ligne 37: current transaction is aborted, commands ignored until end of transaction block
[2026-01-26T13:10:38.608+0000] {logging_mixin.py:151} INFO -      ⚠️ Erreur ligne 38: current transaction is aborted, commands ignored until end of transaction block
[2026-01-26T13:10:38.609+0000] {logging_mixin.py:151} INFO -      ⚠️ Erreur ligne 39: current transaction is aborted, commands ignored until end of transaction block
[2026-01-26T13:10:38.610+0000] {logging_mixin.py:151} INFO -      ⚠️ Erreur ligne 40: current transaction is aborted, commands ignored until end of transaction block
[2026-01-26T13:10:38.611+0000] {logging_mixin.py:151} INFO -      ⚠️ Erreur ligne 41: current transaction is aborted, commands ignored until end of transaction block
[2026-01-26T13:10:38.613+0000] {logging_mixin.py:151} INFO -      ⚠️ Erreur ligne 42: current transaction is aborted, commands ignored until end of transaction block
[2026-01-26T13:10:38.615+0000] {logging_mixin.py:151} INFO -      ⚠️ Erreur ligne 43: current transaction is aborted, commands ignored until end of transaction block
[2026-01-26T13:10:38.617+0000] {logging_mixin.py:151} INFO -      ⚠️ Erreur ligne 44: current transaction is aborted, commands ignored until end of transaction block
[2026-01-26T13:10:38.618+0000] {logging_mixin.py:151} INFO -      ⚠️ Erreur ligne 45: current transaction is aborted, commands ignored until end of transaction block
[2026-01-26T13:10:38.619+0000] {logging_mixin.py:151} INFO -      ⚠️ Erreur ligne 46: current transaction is aborted, commands ignored until end of transaction block
[2026-01-26T13:10:38.620+0000] {logging_mixin.py:151} INFO -      ⚠️ Erreur ligne 47: current transaction is aborted, commands ignored until end of transaction block
[2026-01-26T13:10:38.621+0000] {logging_mixin.py:151} INFO -      ⚠️ Erreur ligne 48: current transaction is aborted, commands ignored until end of transaction block
[2026-01-26T13:10:38.622+0000] {logging_mixin.py:151} INFO -      ⚠️ Erreur ligne 49: current transaction is aborted, commands ignored until end of transaction block
[2026-01-26T13:10:38.623+0000] {logging_mixin.py:151} INFO -      ⚠️ Erreur ligne 50: current transaction is aborted, commands ignored until end of transaction block
[2026-01-26T13:10:38.624+0000] {logging_mixin.py:151} INFO -      ⚠️ Erreur ligne 51: current transaction is aborted, commands ignored until end of transaction block
[2026-01-26T13:10:38.624+0000] {logging_mixin.py:151} INFO -      ⚠️ Erreur ligne 52: current transaction is aborted, commands ignored until end of transaction block
[2026-01-26T13:10:38.626+0000] {logging_mixin.py:151} INFO -      ⚠️ Erreur ligne 53: current transaction is aborted, commands ignored until end of transaction block
[2026-01-26T13:10:38.626+0000] {logging_mixin.py:151} INFO -      ⚠️ Erreur ligne 54: current transaction is aborted, commands ignored until end of transaction block
[2026-01-26T13:10:38.627+0000] {logging_mixin.py:151} INFO -      ⚠️ Erreur ligne 55: current transaction is aborted, commands ignored until end of transaction block
[2026-01-26T13:10:38.629+0000] {logging_mixin.py:151} INFO -      ⚠️ Erreur ligne 56: current transaction is aborted, commands ignored until end of transaction block
[2026-01-26T13:10:38.629+0000] {logging_mixin.py:151} INFO -      ⚠️ Erreur ligne 57: current transaction is aborted, commands ignored until end of transaction block
[2026-01-26T13:10:38.630+0000] {logging_mixin.py:151} INFO -      ⚠️ Erreur ligne 58: current transaction is aborted, commands ignored until end of transaction block
[2026-01-26T13:10:38.631+0000] {logging_mixin.py:151} INFO -      ⚠️ Erreur ligne 59: current transaction is aborted, commands ignored until end of transaction block
[2026-01-26T13:10:38.632+0000] {logging_mixin.py:151} INFO -      ⚠️ Erreur ligne 60: current transaction is aborted, commands ignored until end of transaction block
[2026-01-26T13:10:38.633+0000] {logging_mixin.py:151} INFO -      ⚠️ Erreur ligne 61: current transaction is aborted, commands ignored until end of transaction block
[2026-01-26T13:10:38.633+0000] {logging_mixin.py:151} INFO -      ⚠️ Erreur ligne 62: current transaction is aborted, commands ignored until end of transaction block
[2026-01-26T13:10:38.634+0000] {logging_mixin.py:151} INFO -      ⚠️ Erreur ligne 63: current transaction is aborted, commands ignored until end of transaction block
[2026-01-26T13:10:38.635+0000] {logging_mixin.py:151} INFO -      ⚠️ Erreur ligne 64: current transaction is aborted, commands ignored until end of transaction block
[2026-01-26T13:10:38.636+0000] {logging_mixin.py:151} INFO -      ⚠️ Erreur ligne 65: current transaction is aborted, commands ignored until end of transaction block
[2026-01-26T13:10:38.637+0000] {logging_mixin.py:151} INFO -      ⚠️ Erreur ligne 66: current transaction is aborted, commands ignored until end of transaction block
[2026-01-26T13:10:38.639+0000] {logging_mixin.py:151} INFO -      ⚠️ Erreur ligne 67: current transaction is aborted, commands ignored until end of transaction block
[2026-01-26T13:10:38.641+0000] {logging_mixin.py:151} INFO -      ⚠️ Erreur ligne 68: current transaction is aborted, commands ignored until end of transaction block
[2026-01-26T13:10:38.643+0000] {logging_mixin.py:151} INFO -      ⚠️ Erreur ligne 69: current transaction is aborted, commands ignored until end of transaction block
[2026-01-26T13:10:38.644+0000] {logging_mixin.py:151} INFO -      ⚠️ Erreur ligne 70: current transaction is aborted, commands ignored until end of transaction block
[2026-01-26T13:10:38.646+0000] {logging_mixin.py:151} INFO -      ⚠️ Erreur ligne 71: current transaction is aborted, commands ignored until end of transaction block
[2026-01-26T13:10:38.647+0000] {logging_mixin.py:151} INFO -      ⚠️ Erreur ligne 72: current transaction is aborted, commands ignored until end of transaction block
[2026-01-26T13:10:38.650+0000] {logging_mixin.py:151} INFO -      ⚠️ Erreur ligne 73: current transaction is aborted, commands ignored until end of transaction block
[2026-01-26T13:10:38.651+0000] {logging_mixin.py:151} INFO -      ⚠️ Erreur ligne 74: current transaction is aborted, commands ignored until end of transaction block
[2026-01-26T13:10:38.652+0000] {logging_mixin.py:151} INFO -      ⚠️ Erreur ligne 75: current transaction is aborted, commands ignored until end of transaction block
[2026-01-26T13:10:38.653+0000] {logging_mixin.py:151} INFO -      ⚠️ Erreur ligne 76: current transaction is aborted, commands ignored until end of transaction block
[2026-01-26T13:10:38.654+0000] {logging_mixin.py:151} INFO -      ⚠️ Erreur ligne 77: current transaction is aborted, commands ignored until end of transaction block
[2026-01-26T13:10:38.655+0000] {logging_mixin.py:151} INFO -      ⚠️ Erreur ligne 78: current transaction is aborted, commands ignored until end of transaction block
[2026-01-26T13:10:38.655+0000] {logging_mixin.py:151} INFO -      ⚠️ Erreur ligne 79: current transaction is aborted, commands ignored until end of transaction block
[2026-01-26T13:10:38.656+0000] {logging_mixin.py:151} INFO -      ⚠️ Erreur ligne 80: current transaction is aborted, commands ignored until end of transaction block
[2026-01-26T13:10:38.657+0000] {logging_mixin.py:151} INFO -      ⚠️ Erreur ligne 81: current transaction is aborted, commands ignored until end of transaction block
[2026-01-26T13:10:38.658+0000] {logging_mixin.py:151} INFO -      ⚠️ Erreur ligne 82: current transaction is aborted, commands ignored until end of transaction block
[2026-01-26T13:10:38.659+0000] {logging_mixin.py:151} INFO -      ⚠️ Erreur ligne 83: current transaction is aborted, commands ignored until end of transaction block
[2026-01-26T13:10:38.660+0000] {logging_mixin.py:151} INFO -      ⚠️ Erreur ligne 84: current transaction is aborted, commands ignored until end of transaction block
[2026-01-26T13:10:38.661+0000] {logging_mixin.py:151} INFO -      ⚠️ Erreur ligne 85: current transaction is aborted, commands ignored until end of transaction block
[2026-01-26T13:10:38.661+0000] {logging_mixin.py:151} INFO -      ⚠️ Erreur ligne 86: current transaction is aborted, commands ignored until end of transaction block
[2026-01-26T13:10:38.662+0000] {logging_mixin.py:151} INFO -      ⚠️ Erreur ligne 87: current transaction is aborted, commands ignored until end of transaction block
[2026-01-26T13:10:38.663+0000] {logging_mixin.py:151} INFO -      ⚠️ Erreur ligne 88: current transaction is aborted, commands ignored until end of transaction block
[2026-01-26T13:10:38.664+0000] {logging_mixin.py:151} INFO -      ⚠️ Erreur ligne 89: current transaction is aborted, commands ignored until end of transaction block
[2026-01-26T13:10:38.666+0000] {logging_mixin.py:151} INFO -      ⚠️ Erreur ligne 90: current transaction is aborted, commands ignored until end of transaction block
[2026-01-26T13:10:38.669+0000] {logging_mixin.py:151} INFO -      ⚠️ Erreur ligne 91: current transaction is aborted, commands ignored until end of transaction block
[2026-01-26T13:10:38.670+0000] {logging_mixin.py:151} INFO -      ⚠️ Erreur ligne 92: current transaction is aborted, commands ignored until end of transaction block
[2026-01-26T13:10:38.671+0000] {logging_mixin.py:151} INFO -      ⚠️ Erreur ligne 93: current transaction is aborted, commands ignored until end of transaction block
[2026-01-26T13:10:38.672+0000] {logging_mixin.py:151} INFO -      ⚠️ Erreur ligne 94: current transaction is aborted, commands ignored until end of transaction block
[2026-01-26T13:10:38.674+0000] {logging_mixin.py:151} INFO -      ⚠️ Erreur ligne 95: current transaction is aborted, commands ignored until end of transaction block
[2026-01-26T13:10:38.675+0000] {logging_mixin.py:151} INFO -      ⚠️ Erreur ligne 96: current transaction is aborted, commands ignored until end of transaction block
[2026-01-26T13:10:38.677+0000] {logging_mixin.py:151} INFO -      ⚠️ Erreur ligne 97: current transaction is aborted, commands ignored until end of transaction block
[2026-01-26T13:10:38.678+0000] {logging_mixin.py:151} INFO -      ⚠️ Erreur ligne 98: current transaction is aborted, commands ignored until end of transaction block
[2026-01-26T13:10:38.679+0000] {logging_mixin.py:151} INFO -      ⚠️ Erreur ligne 99: current transaction is aborted, commands ignored until end of transaction block
[2026-01-26T13:10:38.680+0000] {logging_mixin.py:151} INFO -      ⚠️ Erreur ligne 100: current transaction is aborted, commands ignored until end of transaction block
[2026-01-26T13:10:38.681+0000] {logging_mixin.py:151} INFO -      ⚠️ Erreur ligne 101: current transaction is aborted, commands ignored until end of transaction block
[2026-01-26T13:10:38.681+0000] {logging_mixin.py:151} INFO -      ⚠️ Erreur ligne 102: current transaction is aborted, commands ignored until end of transaction block
[2026-01-26T13:10:38.682+0000] {logging_mixin.py:151} INFO -      ⚠️ Erreur ligne 103: current transaction is aborted, commands ignored until end of transaction block
[2026-01-26T13:10:38.683+0000] {logging_mixin.py:151} INFO -      ⚠️ Erreur ligne 104: current transaction is aborted, commands ignored until end of transaction block
[2026-01-26T13:10:38.684+0000] {logging_mixin.py:151} INFO -      ⚠️ Erreur ligne 105: current transaction is aborted, commands ignored until end of transaction block
[2026-01-26T13:10:38.685+0000] {logging_mixin.py:151} INFO -      ⚠️ Erreur ligne 106: current transaction is aborted, commands ignored until end of transaction block
[2026-01-26T13:10:38.686+0000] {logging_mixin.py:151} INFO -      ⚠️ Erreur ligne 107: current transaction is aborted, commands ignored until end of transaction block
[2026-01-26T13:10:38.687+0000] {logging_mixin.py:151} INFO -      ⚠️ Erreur ligne 108: current transaction is aborted, commands ignored until end of transaction block
[2026-01-26T13:10:38.688+0000] {logging_mixin.py:151} INFO -      ⚠️ Erreur ligne 109: current transaction is aborted, commands ignored until end of transaction block
[2026-01-26T13:10:38.689+0000] {logging_mixin.py:151} INFO -      ⚠️ Erreur ligne 110: current transaction is aborted, commands ignored until end of transaction block
[2026-01-26T13:10:38.690+0000] {logging_mixin.py:151} INFO -      ⚠️ Erreur ligne 111: current transaction is aborted, commands ignored until end of transaction block
[2026-01-26T13:10:38.691+0000] {logging_mixin.py:151} INFO -      ⚠️ Erreur ligne 112: current transaction is aborted, commands ignored until end of transaction block
[2026-01-26T13:10:38.693+0000] {logging_mixin.py:151} INFO -      ⚠️ Erreur ligne 113: current transaction is aborted, commands ignored until end of transaction block
[2026-01-26T13:10:38.694+0000] {logging_mixin.py:151} INFO -      ⚠️ Erreur ligne 114: current transaction is aborted, commands ignored until end of transaction block
[2026-01-26T13:10:38.695+0000] {logging_mixin.py:151} INFO -      ⚠️ Erreur ligne 115: current transaction is aborted, commands ignored until end of transaction block
[2026-01-26T13:10:38.697+0000] {logging_mixin.py:151} INFO -      ⚠️ Erreur ligne 116: current transaction is aborted, commands ignored until end of transaction block
[2026-01-26T13:10:38.698+0000] {logging_mixin.py:151} INFO -      ⚠️ Erreur ligne 117: current transaction is aborted, commands ignored until end of transaction block
[2026-01-26T13:10:38.700+0000] {logging_mixin.py:151} INFO -      ⚠️ Erreur ligne 118: current transaction is aborted, commands ignored until end of transaction block
[2026-01-26T13:10:38.702+0000] {logging_mixin.py:151} INFO -      ⚠️ Erreur ligne 119: current transaction is aborted, commands ignored until end of transaction block
[2026-01-26T13:10:38.703+0000] {logging_mixin.py:151} INFO -      ⚠️ Erreur ligne 120: current transaction is aborted, commands ignored until end of transaction block
[2026-01-26T13:10:38.704+0000] {logging_mixin.py:151} INFO -      ⚠️ Erreur ligne 121: current transaction is aborted, commands ignored until end of transaction block
[2026-01-26T13:10:38.705+0000] {logging_mixin.py:151} INFO -      ⚠️ Erreur ligne 122: current transaction is aborted, commands ignored until end of transaction block
[2026-01-26T13:10:38.706+0000] {logging_mixin.py:151} INFO -      ⚠️ Erreur ligne 123: current transaction is aborted, commands ignored until end of transaction block
[2026-01-26T13:10:38.709+0000] {logging_mixin.py:151} INFO -      ⚠️ Erreur ligne 124: current transaction is aborted, commands ignored until end of transaction block
[2026-01-26T13:10:38.711+0000] {logging_mixin.py:151} INFO -      ⚠️ Erreur ligne 125: current transaction is aborted, commands ignored until end of transaction block
[2026-01-26T13:10:38.712+0000] {logging_mixin.py:151} INFO -      ⚠️ Erreur ligne 126: current transaction is aborted, commands ignored until end of transaction block
[2026-01-26T13:10:38.713+0000] {logging_mixin.py:151} INFO -      ⚠️ Erreur ligne 127: current transaction is aborted, commands ignored until end of transaction block
[2026-01-26T13:10:38.714+0000] {logging_mixin.py:151} INFO -      ⚠️ Erreur ligne 128: current transaction is aborted, commands ignored until end of transaction block
[2026-01-26T13:10:38.715+0000] {logging_mixin.py:151} INFO -      ⚠️ Erreur ligne 129: current transaction is aborted, commands ignored until end of transaction block
[2026-01-26T13:10:38.716+0000] {logging_mixin.py:151} INFO -      ⚠️ Erreur ligne 130: current transaction is aborted, commands ignored until end of transaction block
[2026-01-26T13:10:38.717+0000] {logging_mixin.py:151} INFO -      ⚠️ Erreur ligne 131: current transaction is aborted, commands ignored until end of transaction block
[2026-01-26T13:10:38.718+0000] {logging_mixin.py:151} INFO -      ⚠️ Erreur ligne 132: current transaction is aborted, commands ignored until end of transaction block
[2026-01-26T13:10:38.718+0000] {logging_mixin.py:151} INFO -      ⚠️ Erreur ligne 133: current transaction is aborted, commands ignored until end of transaction block
[2026-01-26T13:10:38.720+0000] {logging_mixin.py:151} INFO -      ⚠️ Erreur ligne 134: current transaction is aborted, commands ignored until end of transaction block
[2026-01-26T13:10:38.721+0000] {logging_mixin.py:151} INFO -      ⚠️ Erreur ligne 135: current transaction is aborted, commands ignored until end of transaction block
[2026-01-26T13:10:38.722+0000] {logging_mixin.py:151} INFO -      ⚠️ Erreur ligne 136: current transaction is aborted, commands ignored until end of transaction block
[2026-01-26T13:10:38.724+0000] {logging_mixin.py:151} INFO -      ⚠️ Erreur ligne 137: current transaction is aborted, commands ignored until end of transaction block
[2026-01-26T13:10:38.726+0000] {logging_mixin.py:151} INFO -      ⚠️ Erreur ligne 138: current transaction is aborted, commands ignored until end of transaction block
[2026-01-26T13:10:38.727+0000] {logging_mixin.py:151} INFO -      ⚠️ Erreur ligne 139: current transaction is aborted, commands ignored until end of transaction block
[2026-01-26T13:10:38.728+0000] {logging_mixin.py:151} INFO -      ⚠️ Erreur ligne 140: current transaction is aborted, commands ignored until end of transaction block
[2026-01-26T13:10:38.729+0000] {logging_mixin.py:151} INFO -      ⚠️ Erreur ligne 141: current transaction is aborted, commands ignored until end of transaction block
[2026-01-26T13:10:38.730+0000] {logging_mixin.py:151} INFO -      ⚠️ Erreur ligne 142: current transaction is aborted, commands ignored until end of transaction block
[2026-01-26T13:10:38.731+0000] {logging_mixin.py:151} INFO -      ⚠️ Erreur ligne 143: current transaction is aborted, commands ignored until end of transaction block
[2026-01-26T13:10:38.732+0000] {logging_mixin.py:151} INFO -      ⚠️ Erreur ligne 144: current transaction is aborted, commands ignored until end of transaction block
[2026-01-26T13:10:38.733+0000] {logging_mixin.py:151} INFO -      ⚠️ Erreur ligne 145: current transaction is aborted, commands ignored until end of transaction block
[2026-01-26T13:10:38.733+0000] {logging_mixin.py:151} INFO -      ⚠️ Erreur ligne 146: current transaction is aborted, commands ignored until end of transaction block
[2026-01-26T13:10:38.734+0000] {logging_mixin.py:151} INFO -      ⚠️ Erreur ligne 147: current transaction is aborted, commands ignored until end of transaction block
[2026-01-26T13:10:38.735+0000] {logging_mixin.py:151} INFO -      ⚠️ Erreur ligne 148: current transaction is aborted, commands ignored until end of transaction block
[2026-01-26T13:10:38.736+0000] {logging_mixin.py:151} INFO -      ⚠️ Erreur ligne 149: current transaction is aborted, commands ignored until end of transaction block
[2026-01-26T13:10:38.736+0000] {logging_mixin.py:151} INFO -      ⚠️ Erreur ligne 150: current transaction is aborted, commands ignored until end of transaction block
[2026-01-26T13:10:38.737+0000] {logging_mixin.py:151} INFO -      ⚠️ Erreur ligne 151: current transaction is aborted, commands ignored until end of transaction block
[2026-01-26T13:10:38.738+0000] {logging_mixin.py:151} INFO -      ⚠️ Erreur ligne 152: current transaction is aborted, commands ignored until end of transaction block
[2026-01-26T13:10:38.738+0000] {logging_mixin.py:151} INFO -      ⚠️ Erreur ligne 153: current transaction is aborted, commands ignored until end of transaction block
[2026-01-26T13:10:38.739+0000] {logging_mixin.py:151} INFO -      ⚠️ Erreur ligne 154: current transaction is aborted, commands ignored until end of transaction block
[2026-01-26T13:10:38.740+0000] {logging_mixin.py:151} INFO -      ⚠️ Erreur ligne 155: current transaction is aborted, commands ignored until end of transaction block
[2026-01-26T13:10:38.741+0000] {logging_mixin.py:151} INFO -      ⚠️ Erreur ligne 156: current transaction is aborted, commands ignored until end of transaction block
[2026-01-26T13:10:38.742+0000] {logging_mixin.py:151} INFO -      ⚠️ Erreur ligne 157: current transaction is aborted, commands ignored until end of transaction block
[2026-01-26T13:10:38.743+0000] {logging_mixin.py:151} INFO -      ⚠️ Erreur ligne 158: current transaction is aborted, commands ignored until end of transaction block
[2026-01-26T13:10:38.744+0000] {logging_mixin.py:151} INFO -      ⚠️ Erreur ligne 159: current transaction is aborted, commands ignored until end of transaction block
[2026-01-26T13:10:38.744+0000] {logging_mixin.py:151} INFO -      ⚠️ Erreur ligne 160: current transaction is aborted, commands ignored until end of transaction block
[2026-01-26T13:10:38.746+0000] {logging_mixin.py:151} INFO -      ⚠️ Erreur ligne 161: current transaction is aborted, commands ignored until end of transaction block
[2026-01-26T13:10:38.747+0000] {logging_mixin.py:151} INFO -      ⚠️ Erreur ligne 162: current transaction is aborted, commands ignored until end of transaction block
[2026-01-26T13:10:38.748+0000] {logging_mixin.py:151} INFO -      ⚠️ Erreur ligne 163: current transaction is aborted, commands ignored until end of transaction block
[2026-01-26T13:10:38.749+0000] {logging_mixin.py:151} INFO -      ⚠️ Erreur ligne 164: current transaction is aborted, commands ignored until end of transaction block
[2026-01-26T13:10:38.750+0000] {logging_mixin.py:151} INFO -      ⚠️ Erreur ligne 165: current transaction is aborted, commands ignored until end of transaction block
[2026-01-26T13:10:38.752+0000] {logging_mixin.py:151} INFO -      ⚠️ Erreur ligne 166: current transaction is aborted, commands ignored until end of transaction block
[2026-01-26T13:10:38.753+0000] {logging_mixin.py:151} INFO -      ⚠️ Erreur ligne 167: current transaction is aborted, commands ignored until end of transaction block
[2026-01-26T13:10:38.754+0000] {logging_mixin.py:151} INFO -      ⚠️ Erreur ligne 168: current transaction is aborted, commands ignored until end of transaction block
[2026-01-26T13:10:38.755+0000] {logging_mixin.py:151} INFO -      ⚠️ Erreur ligne 169: current transaction is aborted, commands ignored until end of transaction block
[2026-01-26T13:10:38.756+0000] {logging_mixin.py:151} INFO -      ⚠️ Erreur ligne 170: current transaction is aborted, commands ignored until end of transaction block
[2026-01-26T13:10:38.758+0000] {logging_mixin.py:151} INFO -      ⚠️ Erreur ligne 171: current transaction is aborted, commands ignored until end of transaction block
[2026-01-26T13:10:38.759+0000] {logging_mixin.py:151} INFO -      ⚠️ Erreur ligne 172: current transaction is aborted, commands ignored until end of transaction block
[2026-01-26T13:10:38.761+0000] {logging_mixin.py:151} INFO -      ⚠️ Erreur ligne 173: current transaction is aborted, commands ignored until end of transaction block
[2026-01-26T13:10:38.762+0000] {logging_mixin.py:151} INFO -      ⚠️ Erreur ligne 174: current transaction is aborted, commands ignored until end of transaction block
[2026-01-26T13:10:38.762+0000] {logging_mixin.py:151} INFO -      ⚠️ Erreur ligne 175: current transaction is aborted, commands ignored until end of transaction block
[2026-01-26T13:10:38.763+0000] {logging_mixin.py:151} INFO -      ⚠️ Erreur ligne 176: current transaction is aborted, commands ignored until end of transaction block
[2026-01-26T13:10:38.764+0000] {logging_mixin.py:151} INFO -      ⚠️ Erreur ligne 177: current transaction is aborted, commands ignored until end of transaction block
[2026-01-26T13:10:38.765+0000] {logging_mixin.py:151} INFO -      ⚠️ Erreur ligne 178: current transaction is aborted, commands ignored until end of transaction block
[2026-01-26T13:10:38.766+0000] {logging_mixin.py:151} INFO -      ⚠️ Erreur ligne 179: current transaction is aborted, commands ignored until end of transaction block
[2026-01-26T13:10:38.767+0000] {logging_mixin.py:151} INFO -      ⚠️ Erreur ligne 180: current transaction is aborted, commands ignored until end of transaction block
[2026-01-26T13:10:38.767+0000] {logging_mixin.py:151} INFO -      ⚠️ Erreur ligne 181: current transaction is aborted, commands ignored until end of transaction block
[2026-01-26T13:10:38.768+0000] {logging_mixin.py:151} INFO -      ⚠️ Erreur ligne 182: current transaction is aborted, commands ignored until end of transaction block
[2026-01-26T13:10:38.769+0000] {logging_mixin.py:151} INFO -      ⚠️ Erreur ligne 183: current transaction is aborted, commands ignored until end of transaction block
[2026-01-26T13:10:38.770+0000] {logging_mixin.py:151} INFO -      ⚠️ Erreur ligne 184: current transaction is aborted, commands ignored until end of transaction block
[2026-01-26T13:10:38.770+0000] {logging_mixin.py:151} INFO -      ⚠️ Erreur ligne 185: current transaction is aborted, commands ignored until end of transaction block
[2026-01-26T13:10:38.771+0000] {logging_mixin.py:151} INFO -      ⚠️ Erreur ligne 186: current transaction is aborted, commands ignored until end of transaction block
[2026-01-26T13:10:38.772+0000] {logging_mixin.py:151} INFO -      ⚠️ Erreur ligne 187: current transaction is aborted, commands ignored until end of transaction block
[2026-01-26T13:10:38.773+0000] {logging_mixin.py:151} INFO -      ⚠️ Erreur ligne 188: current transaction is aborted, commands ignored until end of transaction block
[2026-01-26T13:10:38.774+0000] {logging_mixin.py:151} INFO -      ⚠️ Erreur ligne 189: current transaction is aborted, commands ignored until end of transaction block
[2026-01-26T13:10:38.775+0000] {logging_mixin.py:151} INFO -      ⚠️ Erreur ligne 190: current transaction is aborted, commands ignored until end of transaction block
[2026-01-26T13:10:38.777+0000] {logging_mixin.py:151} INFO -      ⚠️ Erreur ligne 191: current transaction is aborted, commands ignored until end of transaction block
[2026-01-26T13:10:38.777+0000] {logging_mixin.py:151} INFO -      ⚠️ Erreur ligne 192: current transaction is aborted, commands ignored until end of transaction block
[2026-01-26T13:10:38.779+0000] {logging_mixin.py:151} INFO -      ⚠️ Erreur ligne 193: current transaction is aborted, commands ignored until end of transaction block
[2026-01-26T13:10:38.780+0000] {logging_mixin.py:151} INFO -      ⚠️ Erreur ligne 194: current transaction is aborted, commands ignored until end of transaction block
[2026-01-26T13:10:38.782+0000] {logging_mixin.py:151} INFO -      ⚠️ Erreur ligne 195: current transaction is aborted, commands ignored until end of transaction block
[2026-01-26T13:10:38.783+0000] {logging_mixin.py:151} INFO -      ⚠️ Erreur ligne 196: current transaction is aborted, commands ignored until end of transaction block
[2026-01-26T13:10:38.784+0000] {logging_mixin.py:151} INFO -      ⚠️ Erreur ligne 197: current transaction is aborted, commands ignored until end of transaction block
[2026-01-26T13:10:38.785+0000] {logging_mixin.py:151} INFO -      ⚠️ Erreur ligne 198: current transaction is aborted, commands ignored until end of transaction block
[2026-01-26T13:10:38.787+0000] {logging_mixin.py:151} INFO -      ⚠️ Erreur ligne 199: current transaction is aborted, commands ignored until end of transaction block
[2026-01-26T13:10:38.788+0000] {logging_mixin.py:151} INFO -      ⚠️ Erreur ligne 200: current transaction is aborted, commands ignored until end of transaction block
[2026-01-26T13:10:38.789+0000] {logging_mixin.py:151} INFO -      ⚠️ Erreur ligne 201: current transaction is aborted, commands ignored until end of transaction block
[2026-01-26T13:10:38.790+0000] {logging_mixin.py:151} INFO -      ⚠️ Erreur ligne 202: current transaction is aborted, commands ignored until end of transaction block
[2026-01-26T13:10:38.793+0000] {logging_mixin.py:151} INFO -      ⚠️ Erreur ligne 203: current transaction is aborted, commands ignored until end of transaction block
[2026-01-26T13:10:38.794+0000] {logging_mixin.py:151} INFO -      ⚠️ Erreur ligne 204: current transaction is aborted, commands ignored until end of transaction block
[2026-01-26T13:10:38.796+0000] {logging_mixin.py:151} INFO -      ⚠️ Erreur ligne 205: current transaction is aborted, commands ignored until end of transaction block
[2026-01-26T13:10:38.798+0000] {logging_mixin.py:151} INFO -      ⚠️ Erreur ligne 206: current transaction is aborted, commands ignored until end of transaction block
[2026-01-26T13:10:38.799+0000] {logging_mixin.py:151} INFO -      ⚠️ Erreur ligne 207: current transaction is aborted, commands ignored until end of transaction block
[2026-01-26T13:10:38.800+0000] {logging_mixin.py:151} INFO -      ⚠️ Erreur ligne 208: current transaction is aborted, commands ignored until end of transaction block
[2026-01-26T13:10:38.802+0000] {logging_mixin.py:151} INFO -      ⚠️ Erreur ligne 209: current transaction is aborted, commands ignored until end of transaction block
[2026-01-26T13:10:38.803+0000] {logging_mixin.py:151} INFO -      ⚠️ Erreur ligne 210: current transaction is aborted, commands ignored until end of transaction block
[2026-01-26T13:10:38.804+0000] {logging_mixin.py:151} INFO -      ⚠️ Erreur ligne 211: current transaction is aborted, commands ignored until end of transaction block
[2026-01-26T13:10:38.805+0000] {logging_mixin.py:151} INFO -      ⚠️ Erreur ligne 212: current transaction is aborted, commands ignored until end of transaction block
[2026-01-26T13:10:38.807+0000] {logging_mixin.py:151} INFO -      ⚠️ Erreur ligne 213: current transaction is aborted, commands ignored until end of transaction block
[2026-01-26T13:10:38.808+0000] {logging_mixin.py:151} INFO -      ⚠️ Erreur ligne 214: current transaction is aborted, commands ignored until end of transaction block
[2026-01-26T13:10:38.810+0000] {logging_mixin.py:151} INFO -      ⚠️ Erreur ligne 215: current transaction is aborted, commands ignored until end of transaction block
[2026-01-26T13:10:38.811+0000] {logging_mixin.py:151} INFO -      ⚠️ Erreur ligne 216: current transaction is aborted, commands ignored until end of transaction block
[2026-01-26T13:10:38.812+0000] {logging_mixin.py:151} INFO -      ⚠️ Erreur ligne 217: current transaction is aborted, commands ignored until end of transaction block
[2026-01-26T13:10:38.813+0000] {logging_mixin.py:151} INFO -      ⚠️ Erreur ligne 218: current transaction is aborted, commands ignored until end of transaction block
[2026-01-26T13:10:38.814+0000] {logging_mixin.py:151} INFO -      ⚠️ Erreur ligne 219: current transaction is aborted, commands ignored until end of transaction block
[2026-01-26T13:10:38.815+0000] {logging_mixin.py:151} INFO -      ⚠️ Erreur ligne 220: current transaction is aborted, commands ignored until end of transaction block
[2026-01-26T13:10:38.816+0000] {logging_mixin.py:151} INFO -      ⚠️ Erreur ligne 221: current transaction is aborted, commands ignored until end of transaction block
[2026-01-26T13:10:38.817+0000] {logging_mixin.py:151} INFO -      ⚠️ Erreur ligne 222: current transaction is aborted, commands ignored until end of transaction block
[2026-01-26T13:10:38.818+0000] {logging_mixin.py:151} INFO -      ⚠️ Erreur ligne 223: current transaction is aborted, commands ignored until end of transaction block
[2026-01-26T13:10:38.819+0000] {logging_mixin.py:151} INFO -      ⚠️ Erreur ligne 224: current transaction is aborted, commands ignored until end of transaction block
[2026-01-26T13:10:38.820+0000] {logging_mixin.py:151} INFO -      ⚠️ Erreur ligne 225: current transaction is aborted, commands ignored until end of transaction block
[2026-01-26T13:10:38.821+0000] {logging_mixin.py:151} INFO -      ⚠️ Erreur ligne 226: current transaction is aborted, commands ignored until end of transaction block
[2026-01-26T13:10:38.822+0000] {logging_mixin.py:151} INFO -      ⚠️ Erreur ligne 227: current transaction is aborted, commands ignored until end of transaction block
[2026-01-26T13:10:38.823+0000] {logging_mixin.py:151} INFO -      ⚠️ Erreur ligne 228: current transaction is aborted, commands ignored until end of transaction block
[2026-01-26T13:10:38.824+0000] {logging_mixin.py:151} INFO -      ⚠️ Erreur ligne 229: current transaction is aborted, commands ignored until end of transaction block
[2026-01-26T13:10:38.825+0000] {logging_mixin.py:151} INFO -      ⚠️ Erreur ligne 230: current transaction is aborted, commands ignored until end of transaction block
[2026-01-26T13:10:38.826+0000] {logging_mixin.py:151} INFO -      ⚠️ Erreur ligne 231: current transaction is aborted, commands ignored until end of transaction block
[2026-01-26T13:10:38.827+0000] {logging_mixin.py:151} INFO -      ⚠️ Erreur ligne 232: current transaction is aborted, commands ignored until end of transaction block
[2026-01-26T13:10:38.828+0000] {logging_mixin.py:151} INFO -      ⚠️ Erreur ligne 233: current transaction is aborted, commands ignored until end of transaction block
[2026-01-26T13:10:38.830+0000] {logging_mixin.py:151} INFO -      ⚠️ Erreur ligne 234: current transaction is aborted, commands ignored until end of transaction block
[2026-01-26T13:10:38.831+0000] {logging_mixin.py:151} INFO -      ⚠️ Erreur ligne 235: current transaction is aborted, commands ignored until end of transaction block
[2026-01-26T13:10:38.832+0000] {logging_mixin.py:151} INFO -      ⚠️ Erreur ligne 236: current transaction is aborted, commands ignored until end of transaction block
[2026-01-26T13:10:38.833+0000] {logging_mixin.py:151} INFO -      ⚠️ Erreur ligne 237: current transaction is aborted, commands ignored until end of transaction block
[2026-01-26T13:10:38.836+0000] {logging_mixin.py:151} INFO -      ⚠️ Erreur ligne 238: current transaction is aborted, commands ignored until end of transaction block
[2026-01-26T13:10:38.837+0000] {logging_mixin.py:151} INFO -      ⚠️ Erreur ligne 239: current transaction is aborted, commands ignored until end of transaction block
[2026-01-26T13:10:38.838+0000] {logging_mixin.py:151} INFO -      ⚠️ Erreur ligne 240: current transaction is aborted, commands ignored until end of transaction block
[2026-01-26T13:10:38.839+0000] {logging_mixin.py:151} INFO -      ⚠️ Erreur ligne 241: current transaction is aborted, commands ignored until end of transaction block
[2026-01-26T13:10:38.840+0000] {logging_mixin.py:151} INFO -      ⚠️ Erreur ligne 242: current transaction is aborted, commands ignored until end of transaction block
[2026-01-26T13:10:38.841+0000] {logging_mixin.py:151} INFO -      ⚠️ Erreur ligne 243: current transaction is aborted, commands ignored until end of transaction block
[2026-01-26T13:10:38.842+0000] {logging_mixin.py:151} INFO -      ⚠️ Erreur ligne 244: current transaction is aborted, commands ignored until end of transaction block
[2026-01-26T13:10:38.843+0000] {logging_mixin.py:151} INFO -      ⚠️ Erreur ligne 245: current transaction is aborted, commands ignored until end of transaction block
[2026-01-26T13:10:38.844+0000] {logging_mixin.py:151} INFO -      ⚠️ Erreur ligne 246: current transaction is aborted, commands ignored until end of transaction block
[2026-01-26T13:10:38.845+0000] {logging_mixin.py:151} INFO -      ⚠️ Erreur ligne 247: current transaction is aborted, commands ignored until end of transaction block
[2026-01-26T13:10:38.846+0000] {logging_mixin.py:151} INFO -      ⚠️ Erreur ligne 248: current transaction is aborted, commands ignored until end of transaction block
[2026-01-26T13:10:38.847+0000] {logging_mixin.py:151} INFO -      ⚠️ Erreur ligne 249: current transaction is aborted, commands ignored until end of transaction block
[2026-01-26T13:10:38.848+0000] {logging_mixin.py:151} INFO -      ⚠️ Erreur ligne 250: current transaction is aborted, commands ignored until end of transaction block
[2026-01-26T13:10:38.848+0000] {logging_mixin.py:151} INFO -      ⚠️ Erreur ligne 251: current transaction is aborted, commands ignored until end of transaction block
[2026-01-26T13:10:38.849+0000] {logging_mixin.py:151} INFO -      ⚠️ Erreur ligne 252: current transaction is aborted, commands ignored until end of transaction block
[2026-01-26T13:10:38.850+0000] {logging_mixin.py:151} INFO -      ⚠️ Erreur ligne 253: current transaction is aborted, commands ignored until end of transaction block
[2026-01-26T13:10:38.851+0000] {logging_mixin.py:151} INFO -      ⚠️ Erreur ligne 254: current transaction is aborted, commands ignored until end of transaction block
[2026-01-26T13:10:38.852+0000] {logging_mixin.py:151} INFO -      ⚠️ Erreur ligne 255: current transaction is aborted, commands ignored until end of transaction block
[2026-01-26T13:10:38.853+0000] {logging_mixin.py:151} INFO -      ⚠️ Erreur ligne 256: current transaction is aborted, commands ignored until end of transaction block
[2026-01-26T13:10:38.853+0000] {logging_mixin.py:151} INFO -      ⚠️ Erreur ligne 257: current transaction is aborted, commands ignored until end of transaction block
[2026-01-26T13:10:38.854+0000] {logging_mixin.py:151} INFO -      ⚠️ Erreur ligne 258: current transaction is aborted, commands ignored until end of transaction block
[2026-01-26T13:10:38.855+0000] {logging_mixin.py:151} INFO -      ⚠️ Erreur ligne 259: current transaction is aborted, commands ignored until end of transaction block
[2026-01-26T13:10:38.857+0000] {logging_mixin.py:151} INFO -      ⚠️ Erreur ligne 260: current transaction is aborted, commands ignored until end of transaction block
[2026-01-26T13:10:38.858+0000] {logging_mixin.py:151} INFO -      ⚠️ Erreur ligne 261: current transaction is aborted, commands ignored until end of transaction block
[2026-01-26T13:10:38.860+0000] {logging_mixin.py:151} INFO -      ⚠️ Erreur ligne 262: current transaction is aborted, commands ignored until end of transaction block
[2026-01-26T13:10:38.860+0000] {logging_mixin.py:151} INFO -      ⚠️ Erreur ligne 263: current transaction is aborted, commands ignored until end of transaction block
[2026-01-26T13:10:38.861+0000] {logging_mixin.py:151} INFO -      ⚠️ Erreur ligne 264: current transaction is aborted, commands ignored until end of transaction block
[2026-01-26T13:10:38.862+0000] {logging_mixin.py:151} INFO -      ⚠️ Erreur ligne 265: current transaction is aborted, commands ignored until end of transaction block
[2026-01-26T13:10:38.864+0000] {logging_mixin.py:151} INFO -      ⚠️ Erreur ligne 266: current transaction is aborted, commands ignored until end of transaction block
[2026-01-26T13:10:38.865+0000] {logging_mixin.py:151} INFO -      ⚠️ Erreur ligne 267: current transaction is aborted, commands ignored until end of transaction block
[2026-01-26T13:10:38.866+0000] {logging_mixin.py:151} INFO -      ⚠️ Erreur ligne 268: current transaction is aborted, commands ignored until end of transaction block
[2026-01-26T13:10:38.867+0000] {logging_mixin.py:151} INFO -      ⚠️ Erreur ligne 269: current transaction is aborted, commands ignored until end of transaction block
[2026-01-26T13:10:38.868+0000] {logging_mixin.py:151} INFO -      ⚠️ Erreur ligne 270: current transaction is aborted, commands ignored until end of transaction block
[2026-01-26T13:10:38.869+0000] {logging_mixin.py:151} INFO -      ⚠️ Erreur ligne 271: current transaction is aborted, commands ignored until end of transaction block
[2026-01-26T13:10:38.870+0000] {logging_mixin.py:151} INFO -      ⚠️ Erreur ligne 272: current transaction is aborted, commands ignored until end of transaction block
[2026-01-26T13:10:38.871+0000] {logging_mixin.py:151} INFO -      ⚠️ Erreur ligne 273: current transaction is aborted, commands ignored until end of transaction block
[2026-01-26T13:10:38.871+0000] {logging_mixin.py:151} INFO -      ⚠️ Erreur ligne 274: current transaction is aborted, commands ignored until end of transaction block
[2026-01-26T13:10:38.872+0000] {logging_mixin.py:151} INFO -      ⚠️ Erreur ligne 275: current transaction is aborted, commands ignored until end of transaction block
[2026-01-26T13:10:38.873+0000] {logging_mixin.py:151} INFO -      ⚠️ Erreur ligne 276: current transaction is aborted, commands ignored until end of transaction block
[2026-01-26T13:10:38.874+0000] {logging_mixin.py:151} INFO -      ⚠️ Erreur ligne 277: current transaction is aborted, commands ignored until end of transaction block
[2026-01-26T13:10:38.875+0000] {logging_mixin.py:151} INFO -      ⚠️ Erreur ligne 278: current transaction is aborted, commands ignored until end of transaction block
[2026-01-26T13:10:38.876+0000] {logging_mixin.py:151} INFO -      ⚠️ Erreur ligne 279: current transaction is aborted, commands ignored until end of transaction block
[2026-01-26T13:10:38.877+0000] {logging_mixin.py:151} INFO -      ⚠️ Erreur ligne 280: current transaction is aborted, commands ignored until end of transaction block
[2026-01-26T13:10:38.878+0000] {logging_mixin.py:151} INFO -      ⚠️ Erreur ligne 281: current transaction is aborted, commands ignored until end of transaction block
[2026-01-26T13:10:38.879+0000] {logging_mixin.py:151} INFO -      ⚠️ Erreur ligne 282: current transaction is aborted, commands ignored until end of transaction block
[2026-01-26T13:10:38.880+0000] {logging_mixin.py:151} INFO -      ⚠️ Erreur ligne 283: current transaction is aborted, commands ignored until end of transaction block
[2026-01-26T13:10:38.881+0000] {logging_mixin.py:151} INFO -      ⚠️ Erreur ligne 284: current transaction is aborted, commands ignored until end of transaction block
[2026-01-26T13:10:38.883+0000] {logging_mixin.py:151} INFO -      ⚠️ Erreur ligne 285: current transaction is aborted, commands ignored until end of transaction block
[2026-01-26T13:10:38.884+0000] {logging_mixin.py:151} INFO -      ⚠️ Erreur ligne 286: current transaction is aborted, commands ignored until end of transaction block
[2026-01-26T13:10:38.886+0000] {logging_mixin.py:151} INFO -      ⚠️ Erreur ligne 287: current transaction is aborted, commands ignored until end of transaction block
[2026-01-26T13:10:38.887+0000] {logging_mixin.py:151} INFO -      ⚠️ Erreur ligne 288: current transaction is aborted, commands ignored until end of transaction block
[2026-01-26T13:10:38.888+0000] {logging_mixin.py:151} INFO -      ⚠️ Erreur ligne 289: current transaction is aborted, commands ignored until end of transaction block
[2026-01-26T13:10:38.889+0000] {logging_mixin.py:151} INFO -      ⚠️ Erreur ligne 290: current transaction is aborted, commands ignored until end of transaction block
[2026-01-26T13:10:38.890+0000] {logging_mixin.py:151} INFO -      ⚠️ Erreur ligne 291: current transaction is aborted, commands ignored until end of transaction block
[2026-01-26T13:10:38.891+0000] {logging_mixin.py:151} INFO -      ⚠️ Erreur ligne 292: current transaction is aborted, commands ignored until end of transaction block
[2026-01-26T13:10:38.892+0000] {logging_mixin.py:151} INFO -      ⚠️ Erreur ligne 293: current transaction is aborted, commands ignored until end of transaction block
[2026-01-26T13:10:38.893+0000] {logging_mixin.py:151} INFO -      ⚠️ Erreur ligne 294: current transaction is aborted, commands ignored until end of transaction block
[2026-01-26T13:10:38.893+0000] {logging_mixin.py:151} INFO -      ⚠️ Erreur ligne 295: current transaction is aborted, commands ignored until end of transaction block
[2026-01-26T13:10:38.894+0000] {logging_mixin.py:151} INFO -      ⚠️ Erreur ligne 296: current transaction is aborted, commands ignored until end of transaction block
[2026-01-26T13:10:38.895+0000] {logging_mixin.py:151} INFO -      ⚠️ Erreur ligne 297: current transaction is aborted, commands ignored until end of transaction block
[2026-01-26T13:10:38.896+0000] {logging_mixin.py:151} INFO -      ⚠️ Erreur ligne 298: current transaction is aborted, commands ignored until end of transaction block
[2026-01-26T13:10:38.897+0000] {logging_mixin.py:151} INFO -      ⚠️ Erreur ligne 299: current transaction is aborted, commands ignored until end of transaction block
[2026-01-26T13:10:38.898+0000] {logging_mixin.py:151} INFO -      ⚠️ Erreur ligne 300: current transaction is aborted, commands ignored until end of transaction block
[2026-01-26T13:10:38.899+0000] {logging_mixin.py:151} INFO -      ⚠️ Erreur ligne 301: current transaction is aborted, commands ignored until end of transaction block
[2026-01-26T13:10:38.900+0000] {logging_mixin.py:151} INFO -      ⚠️ Erreur ligne 302: current transaction is aborted, commands ignored until end of transaction block
[2026-01-26T13:10:38.900+0000] {logging_mixin.py:151} INFO -      ⚠️ Erreur ligne 303: current transaction is aborted, commands ignored until end of transaction block
[2026-01-26T13:10:38.901+0000] {logging_mixin.py:151} INFO -      ⚠️ Erreur ligne 304: current transaction is aborted, commands ignored until end of transaction block
[2026-01-26T13:10:38.902+0000] {logging_mixin.py:151} INFO -      ⚠️ Erreur ligne 305: current transaction is aborted, commands ignored until end of transaction block
[2026-01-26T13:10:38.903+0000] {logging_mixin.py:151} INFO -      ⚠️ Erreur ligne 306: current transaction is aborted, commands ignored until end of transaction block
[2026-01-26T13:10:38.905+0000] {logging_mixin.py:151} INFO -      ⚠️ Erreur ligne 307: current transaction is aborted, commands ignored until end of transaction block
[2026-01-26T13:10:38.906+0000] {logging_mixin.py:151} INFO -      ⚠️ Erreur ligne 308: current transaction is aborted, commands ignored until end of transaction block
[2026-01-26T13:10:38.907+0000] {logging_mixin.py:151} INFO -      ⚠️ Erreur ligne 309: current transaction is aborted, commands ignored until end of transaction block
[2026-01-26T13:10:38.908+0000] {logging_mixin.py:151} INFO -      ⚠️ Erreur ligne 310: current transaction is aborted, commands ignored until end of transaction block
[2026-01-26T13:10:38.909+0000] {logging_mixin.py:151} INFO -      ⚠️ Erreur ligne 311: current transaction is aborted, commands ignored until end of transaction block
[2026-01-26T13:10:38.910+0000] {logging_mixin.py:151} INFO -      ⚠️ Erreur ligne 312: current transaction is aborted, commands ignored until end of transaction block
[2026-01-26T13:10:38.911+0000] {logging_mixin.py:151} INFO -      ⚠️ Erreur ligne 313: current transaction is aborted, commands ignored until end of transaction block
[2026-01-26T13:10:38.913+0000] {logging_mixin.py:151} INFO -      ⚠️ Erreur ligne 314: current transaction is aborted, commands ignored until end of transaction block
[2026-01-26T13:10:38.914+0000] {logging_mixin.py:151} INFO -      ⚠️ Erreur ligne 315: current transaction is aborted, commands ignored until end of transaction block
[2026-01-26T13:10:38.915+0000] {logging_mixin.py:151} INFO -      ⚠️ Erreur ligne 316: current transaction is aborted, commands ignored until end of transaction block
[2026-01-26T13:10:38.916+0000] {logging_mixin.py:151} INFO -      ⚠️ Erreur ligne 317: current transaction is aborted, commands ignored until end of transaction block
[2026-01-26T13:10:38.917+0000] {logging_mixin.py:151} INFO -      ⚠️ Erreur ligne 318: current transaction is aborted, commands ignored until end of transaction block
[2026-01-26T13:10:38.918+0000] {logging_mixin.py:151} INFO -      ⚠️ Erreur ligne 319: current transaction is aborted, commands ignored until end of transaction block
[2026-01-26T13:10:38.919+0000] {logging_mixin.py:151} INFO -      ⚠️ Erreur ligne 320: current transaction is aborted, commands ignored until end of transaction block
[2026-01-26T13:10:38.919+0000] {logging_mixin.py:151} INFO -      ⚠️ Erreur ligne 321: current transaction is aborted, commands ignored until end of transaction block
[2026-01-26T13:10:38.920+0000] {logging_mixin.py:151} INFO -      ⚠️ Erreur ligne 322: current transaction is aborted, commands ignored until end of transaction block
[2026-01-26T13:10:38.921+0000] {logging_mixin.py:151} INFO -      ⚠️ Erreur ligne 323: current transaction is aborted, commands ignored until end of transaction block
[2026-01-26T13:10:38.922+0000] {logging_mixin.py:151} INFO -      ⚠️ Erreur ligne 324: current transaction is aborted, commands ignored until end of transaction block
[2026-01-26T13:10:38.922+0000] {logging_mixin.py:151} INFO -      ⚠️ Erreur ligne 325: current transaction is aborted, commands ignored until end of transaction block
[2026-01-26T13:10:38.923+0000] {logging_mixin.py:151} INFO -      ⚠️ Erreur ligne 326: current transaction is aborted, commands ignored until end of transaction block
[2026-01-26T13:10:38.924+0000] {logging_mixin.py:151} INFO -      ⚠️ Erreur ligne 327: current transaction is aborted, commands ignored until end of transaction block
[2026-01-26T13:10:38.925+0000] {logging_mixin.py:151} INFO -      ⚠️ Erreur ligne 328: current transaction is aborted, commands ignored until end of transaction block
[2026-01-26T13:10:38.926+0000] {logging_mixin.py:151} INFO -      ⚠️ Erreur ligne 329: current transaction is aborted, commands ignored until end of transaction block
[2026-01-26T13:10:38.927+0000] {logging_mixin.py:151} INFO -      ⚠️ Erreur ligne 330: current transaction is aborted, commands ignored until end of transaction block
[2026-01-26T13:10:38.928+0000] {logging_mixin.py:151} INFO -      ⚠️ Erreur ligne 331: current transaction is aborted, commands ignored until end of transaction block
[2026-01-26T13:10:38.928+0000] {logging_mixin.py:151} INFO -      ⚠️ Erreur ligne 332: current transaction is aborted, commands ignored until end of transaction block
[2026-01-26T13:10:38.929+0000] {logging_mixin.py:151} INFO -      ⚠️ Erreur ligne 333: current transaction is aborted, commands ignored until end of transaction block
[2026-01-26T13:10:38.930+0000] {logging_mixin.py:151} INFO -      ⚠️ Erreur ligne 334: current transaction is aborted, commands ignored until end of transaction block
[2026-01-26T13:10:38.932+0000] {logging_mixin.py:151} INFO -      ⚠️ Erreur ligne 335: current transaction is aborted, commands ignored until end of transaction block
[2026-01-26T13:10:38.933+0000] {logging_mixin.py:151} INFO -      ⚠️ Erreur ligne 336: current transaction is aborted, commands ignored until end of transaction block
[2026-01-26T13:10:38.934+0000] {logging_mixin.py:151} INFO -      ⚠️ Erreur ligne 337: current transaction is aborted, commands ignored until end of transaction block
[2026-01-26T13:10:38.935+0000] {logging_mixin.py:151} INFO -      ⚠️ Erreur ligne 338: current transaction is aborted, commands ignored until end of transaction block
[2026-01-26T13:10:38.936+0000] {logging_mixin.py:151} INFO -      ⚠️ Erreur ligne 339: current transaction is aborted, commands ignored until end of transaction block
[2026-01-26T13:10:38.937+0000] {logging_mixin.py:151} INFO -      ⚠️ Erreur ligne 340: current transaction is aborted, commands ignored until end of transaction block
[2026-01-26T13:10:38.938+0000] {logging_mixin.py:151} INFO -      ⚠️ Erreur ligne 341: current transaction is aborted, commands ignored until end of transaction block
[2026-01-26T13:10:38.939+0000] {logging_mixin.py:151} INFO -      ⚠️ Erreur ligne 342: current transaction is aborted, commands ignored until end of transaction block
[2026-01-26T13:10:38.940+0000] {logging_mixin.py:151} INFO -      ⚠️ Erreur ligne 343: current transaction is aborted, commands ignored until end of transaction block
[2026-01-26T13:10:38.941+0000] {logging_mixin.py:151} INFO -      ⚠️ Erreur ligne 344: current transaction is aborted, commands ignored until end of transaction block
[2026-01-26T13:10:38.942+0000] {logging_mixin.py:151} INFO -      ⚠️ Erreur ligne 345: current transaction is aborted, commands ignored until end of transaction block
[2026-01-26T13:10:38.943+0000] {logging_mixin.py:151} INFO -      ⚠️ Erreur ligne 346: current transaction is aborted, commands ignored until end of transaction block
[2026-01-26T13:10:38.944+0000] {logging_mixin.py:151} INFO -      ⚠️ Erreur ligne 347: current transaction is aborted, commands ignored until end of transaction block
[2026-01-26T13:10:38.946+0000] {logging_mixin.py:151} INFO -      ⚠️ Erreur ligne 348: current transaction is aborted, commands ignored until end of transaction block
[2026-01-26T13:10:38.946+0000] {logging_mixin.py:151} INFO -      ⚠️ Erreur ligne 349: current transaction is aborted, commands ignored until end of transaction block
[2026-01-26T13:10:38.947+0000] {logging_mixin.py:151} INFO -      ⚠️ Erreur ligne 350: current transaction is aborted, commands ignored until end of transaction block
[2026-01-26T13:10:38.948+0000] {logging_mixin.py:151} INFO -      ⚠️ Erreur ligne 351: current transaction is aborted, commands ignored until end of transaction block
[2026-01-26T13:10:38.949+0000] {logging_mixin.py:151} INFO -      ⚠️ Erreur ligne 352: current transaction is aborted, commands ignored until end of transaction block
[2026-01-26T13:10:38.950+0000] {logging_mixin.py:151} INFO -      ⚠️ Erreur ligne 353: current transaction is aborted, commands ignored until end of transaction block
[2026-01-26T13:10:38.951+0000] {logging_mixin.py:151} INFO -      ⚠️ Erreur ligne 354: current transaction is aborted, commands ignored until end of transaction block
[2026-01-26T13:10:38.951+0000] {logging_mixin.py:151} INFO -      ⚠️ Erreur ligne 355: current transaction is aborted, commands ignored until end of transaction block
[2026-01-26T13:10:38.952+0000] {logging_mixin.py:151} INFO -      ⚠️ Erreur ligne 356: current transaction is aborted, commands ignored until end of transaction block
[2026-01-26T13:10:38.953+0000] {logging_mixin.py:151} INFO -      ⚠️ Erreur ligne 357: current transaction is aborted, commands ignored until end of transaction block
[2026-01-26T13:10:38.955+0000] {logging_mixin.py:151} INFO -      ⚠️ Erreur ligne 358: current transaction is aborted, commands ignored until end of transaction block
[2026-01-26T13:10:38.958+0000] {logging_mixin.py:151} INFO -      ⚠️ Erreur ligne 359: current transaction is aborted, commands ignored until end of transaction block
[2026-01-26T13:10:38.960+0000] {logging_mixin.py:151} INFO -      ⚠️ Erreur ligne 360: current transaction is aborted, commands ignored until end of transaction block
[2026-01-26T13:10:38.962+0000] {logging_mixin.py:151} INFO -      ⚠️ Erreur ligne 361: current transaction is aborted, commands ignored until end of transaction block
[2026-01-26T13:10:38.962+0000] {logging_mixin.py:151} INFO -      ⚠️ Erreur ligne 362: current transaction is aborted, commands ignored until end of transaction block
[2026-01-26T13:10:38.963+0000] {logging_mixin.py:151} INFO -      ⚠️ Erreur ligne 363: current transaction is aborted, commands ignored until end of transaction block
[2026-01-26T13:10:38.964+0000] {logging_mixin.py:151} INFO -      ⚠️ Erreur ligne 364: current transaction is aborted, commands ignored until end of transaction block
[2026-01-26T13:10:38.965+0000] {logging_mixin.py:151} INFO -      ⚠️ Erreur ligne 365: current transaction is aborted, commands ignored until end of transaction block
[2026-01-26T13:10:38.966+0000] {logging_mixin.py:151} INFO -      ⚠️ Erreur ligne 366: current transaction is aborted, commands ignored until end of transaction block
[2026-01-26T13:10:38.967+0000] {logging_mixin.py:151} INFO -      ⚠️ Erreur ligne 367: current transaction is aborted, commands ignored until end of transaction block
[2026-01-26T13:10:38.967+0000] {logging_mixin.py:151} INFO -      ⚠️ Erreur ligne 368: current transaction is aborted, commands ignored until end of transaction block
[2026-01-26T13:10:38.968+0000] {logging_mixin.py:151} INFO -      ⚠️ Erreur ligne 369: current transaction is aborted, commands ignored until end of transaction block
[2026-01-26T13:10:38.969+0000] {logging_mixin.py:151} INFO -      ⚠️ Erreur ligne 370: current transaction is aborted, commands ignored until end of transaction block
[2026-01-26T13:10:38.970+0000] {logging_mixin.py:151} INFO -      ⚠️ Erreur ligne 371: current transaction is aborted, commands ignored until end of transaction block
[2026-01-26T13:10:38.971+0000] {logging_mixin.py:151} INFO -      ⚠️ Erreur ligne 372: current transaction is aborted, commands ignored until end of transaction block
[2026-01-26T13:10:38.971+0000] {logging_mixin.py:151} INFO -      ⚠️ Erreur ligne 373: current transaction is aborted, commands ignored until end of transaction block
[2026-01-26T13:10:38.972+0000] {logging_mixin.py:151} INFO -      ⚠️ Erreur ligne 374: current transaction is aborted, commands ignored until end of transaction block
[2026-01-26T13:10:38.973+0000] {logging_mixin.py:151} INFO -      ⚠️ Erreur ligne 375: current transaction is aborted, commands ignored until end of transaction block
[2026-01-26T13:10:38.974+0000] {logging_mixin.py:151} INFO -      ⚠️ Erreur ligne 376: current transaction is aborted, commands ignored until end of transaction block
[2026-01-26T13:10:38.975+0000] {logging_mixin.py:151} INFO -      ⚠️ Erreur ligne 377: current transaction is aborted, commands ignored until end of transaction block
[2026-01-26T13:10:38.976+0000] {logging_mixin.py:151} INFO -      ⚠️ Erreur ligne 378: current transaction is aborted, commands ignored until end of transaction block
[2026-01-26T13:10:38.978+0000] {logging_mixin.py:151} INFO -      ⚠️ Erreur ligne 379: current transaction is aborted, commands ignored until end of transaction block
[2026-01-26T13:10:38.979+0000] {logging_mixin.py:151} INFO -      ⚠️ Erreur ligne 380: current transaction is aborted, commands ignored until end of transaction block
[2026-01-26T13:10:38.980+0000] {logging_mixin.py:151} INFO -      ⚠️ Erreur ligne 381: current transaction is aborted, commands ignored until end of transaction block
[2026-01-26T13:10:38.982+0000] {logging_mixin.py:151} INFO -      ⚠️ Erreur ligne 382: current transaction is aborted, commands ignored until end of transaction block
[2026-01-26T13:10:38.983+0000] {logging_mixin.py:151} INFO -      ⚠️ Erreur ligne 383: current transaction is aborted, commands ignored until end of transaction block
[2026-01-26T13:10:38.984+0000] {logging_mixin.py:151} INFO -      ⚠️ Erreur ligne 384: current transaction is aborted, commands ignored until end of transaction block
[2026-01-26T13:10:38.985+0000] {logging_mixin.py:151} INFO -      ⚠️ Erreur ligne 385: current transaction is aborted, commands ignored until end of transaction block
[2026-01-26T13:10:38.986+0000] {logging_mixin.py:151} INFO -      ⚠️ Erreur ligne 386: current transaction is aborted, commands ignored until end of transaction block
[2026-01-26T13:10:38.987+0000] {logging_mixin.py:151} INFO -      ⚠️ Erreur ligne 387: current transaction is aborted, commands ignored until end of transaction block
[2026-01-26T13:10:38.988+0000] {logging_mixin.py:151} INFO -      ⚠️ Erreur ligne 388: current transaction is aborted, commands ignored until end of transaction block
[2026-01-26T13:10:38.989+0000] {logging_mixin.py:151} INFO -      ⚠️ Erreur ligne 389: current transaction is aborted, commands ignored until end of transaction block
[2026-01-26T13:10:38.990+0000] {logging_mixin.py:151} INFO -      ⚠️ Erreur ligne 390: current transaction is aborted, commands ignored until end of transaction block
[2026-01-26T13:10:38.991+0000] {logging_mixin.py:151} INFO -      ⚠️ Erreur ligne 391: current transaction is aborted, commands ignored until end of transaction block
[2026-01-26T13:10:38.993+0000] {logging_mixin.py:151} INFO -      ⚠️ Erreur ligne 392: current transaction is aborted, commands ignored until end of transaction block
[2026-01-26T13:10:38.994+0000] {logging_mixin.py:151} INFO -      ⚠️ Erreur ligne 393: current transaction is aborted, commands ignored until end of transaction block
[2026-01-26T13:10:38.995+0000] {logging_mixin.py:151} INFO -      ⚠️ Erreur ligne 394: current transaction is aborted, commands ignored until end of transaction block
[2026-01-26T13:10:38.996+0000] {logging_mixin.py:151} INFO -      ⚠️ Erreur ligne 395: current transaction is aborted, commands ignored until end of transaction block
[2026-01-26T13:10:38.997+0000] {logging_mixin.py:151} INFO -      ⚠️ Erreur ligne 396: current transaction is aborted, commands ignored until end of transaction block
[2026-01-26T13:10:38.997+0000] {logging_mixin.py:151} INFO -      ⚠️ Erreur ligne 397: current transaction is aborted, commands ignored until end of transaction block
[2026-01-26T13:10:38.998+0000] {logging_mixin.py:151} INFO -      ⚠️ Erreur ligne 398: current transaction is aborted, commands ignored until end of transaction block
[2026-01-26T13:10:38.999+0000] {logging_mixin.py:151} INFO -      ⚠️ Erreur ligne 399: current transaction is aborted, commands ignored until end of transaction block
[2026-01-26T13:10:39.000+0000] {logging_mixin.py:151} INFO -      ⚠️ Erreur ligne 400: current transaction is aborted, commands ignored until end of transaction block
[2026-01-26T13:10:39.001+0000] {logging_mixin.py:151} INFO -      ⚠️ Erreur ligne 401: current transaction is aborted, commands ignored until end of transaction block
[2026-01-26T13:10:39.003+0000] {logging_mixin.py:151} INFO -      ⚠️ Erreur ligne 402: current transaction is aborted, commands ignored until end of transaction block
[2026-01-26T13:10:39.004+0000] {logging_mixin.py:151} INFO -      ⚠️ Erreur ligne 403: current transaction is aborted, commands ignored until end of transaction block
[2026-01-26T13:10:39.005+0000] {logging_mixin.py:151} INFO -      ⚠️ Erreur ligne 404: current transaction is aborted, commands ignored until end of transaction block
[2026-01-26T13:10:39.006+0000] {logging_mixin.py:151} INFO -      ⚠️ Erreur ligne 405: current transaction is aborted, commands ignored until end of transaction block
[2026-01-26T13:10:39.007+0000] {logging_mixin.py:151} INFO -      ⚠️ Erreur ligne 406: current transaction is aborted, commands ignored until end of transaction block
[2026-01-26T13:10:39.009+0000] {logging_mixin.py:151} INFO -      ⚠️ Erreur ligne 407: current transaction is aborted, commands ignored until end of transaction block
[2026-01-26T13:10:39.010+0000] {logging_mixin.py:151} INFO -      ⚠️ Erreur ligne 408: current transaction is aborted, commands ignored until end of transaction block
[2026-01-26T13:10:39.010+0000] {logging_mixin.py:151} INFO -      ⚠️ Erreur ligne 409: current transaction is aborted, commands ignored until end of transaction block
[2026-01-26T13:10:39.011+0000] {logging_mixin.py:151} INFO -      ⚠️ Erreur ligne 410: current transaction is aborted, commands ignored until end of transaction block
[2026-01-26T13:10:39.012+0000] {logging_mixin.py:151} INFO -      ⚠️ Erreur ligne 411: current transaction is aborted, commands ignored until end of transaction block
[2026-01-26T13:10:39.013+0000] {logging_mixin.py:151} INFO -      ⚠️ Erreur ligne 412: current transaction is aborted, commands ignored until end of transaction block
[2026-01-26T13:10:39.014+0000] {logging_mixin.py:151} INFO -      ⚠️ Erreur ligne 413: current transaction is aborted, commands ignored until end of transaction block
[2026-01-26T13:10:39.015+0000] {logging_mixin.py:151} INFO -      ⚠️ Erreur ligne 414: current transaction is aborted, commands ignored until end of transaction block
[2026-01-26T13:10:39.015+0000] {logging_mixin.py:151} INFO -      ⚠️ Erreur ligne 415: current transaction is aborted, commands ignored until end of transaction block
[2026-01-26T13:10:39.016+0000] {logging_mixin.py:151} INFO -      ⚠️ Erreur ligne 416: current transaction is aborted, commands ignored until end of transaction block
[2026-01-26T13:10:39.017+0000] {logging_mixin.py:151} INFO -      ⚠️ Erreur ligne 417: current transaction is aborted, commands ignored until end of transaction block
[2026-01-26T13:10:39.018+0000] {logging_mixin.py:151} INFO -      ⚠️ Erreur ligne 418: current transaction is aborted, commands ignored until end of transaction block
[2026-01-26T13:10:39.019+0000] {logging_mixin.py:151} INFO -      ⚠️ Erreur ligne 419: current transaction is aborted, commands ignored until end of transaction block
[2026-01-26T13:10:39.019+0000] {logging_mixin.py:151} INFO -      ⚠️ Erreur ligne 420: current transaction is aborted, commands ignored until end of transaction block
[2026-01-26T13:10:39.020+0000] {logging_mixin.py:151} INFO -      ⚠️ Erreur ligne 421: current transaction is aborted, commands ignored until end of transaction block
[2026-01-26T13:10:39.021+0000] {logging_mixin.py:151} INFO -      ⚠️ Erreur ligne 422: current transaction is aborted, commands ignored until end of transaction block
[2026-01-26T13:10:39.022+0000] {logging_mixin.py:151} INFO -      ⚠️ Erreur ligne 423: current transaction is aborted, commands ignored until end of transaction block
[2026-01-26T13:10:39.023+0000] {logging_mixin.py:151} INFO -      ⚠️ Erreur ligne 424: current transaction is aborted, commands ignored until end of transaction block
[2026-01-26T13:10:39.024+0000] {logging_mixin.py:151} INFO -      ⚠️ Erreur ligne 425: current transaction is aborted, commands ignored until end of transaction block
[2026-01-26T13:10:39.025+0000] {logging_mixin.py:151} INFO -      ⚠️ Erreur ligne 426: current transaction is aborted, commands ignored until end of transaction block
[2026-01-26T13:10:39.026+0000] {logging_mixin.py:151} INFO -      ⚠️ Erreur ligne 427: current transaction is aborted, commands ignored until end of transaction block
[2026-01-26T13:10:39.027+0000] {logging_mixin.py:151} INFO -      ⚠️ Erreur ligne 428: current transaction is aborted, commands ignored until end of transaction block
[2026-01-26T13:10:39.028+0000] {logging_mixin.py:151} INFO -      ⚠️ Erreur ligne 429: current transaction is aborted, commands ignored until end of transaction block
[2026-01-26T13:10:39.029+0000] {logging_mixin.py:151} INFO -      ⚠️ Erreur ligne 430: current transaction is aborted, commands ignored until end of transaction block
[2026-01-26T13:10:39.031+0000] {logging_mixin.py:151} INFO -      ⚠️ Erreur ligne 431: current transaction is aborted, commands ignored until end of transaction block
[2026-01-26T13:10:39.032+0000] {logging_mixin.py:151} INFO -      ⚠️ Erreur ligne 432: current transaction is aborted, commands ignored until end of transaction block
[2026-01-26T13:10:39.034+0000] {logging_mixin.py:151} INFO -      ⚠️ Erreur ligne 433: current transaction is aborted, commands ignored until end of transaction block
[2026-01-26T13:10:39.035+0000] {logging_mixin.py:151} INFO -      ⚠️ Erreur ligne 434: current transaction is aborted, commands ignored until end of transaction block
[2026-01-26T13:10:39.036+0000] {logging_mixin.py:151} INFO -      ⚠️ Erreur ligne 435: current transaction is aborted, commands ignored until end of transaction block
[2026-01-26T13:10:39.038+0000] {logging_mixin.py:151} INFO -      ⚠️ Erreur ligne 436: current transaction is aborted, commands ignored until end of transaction block
[2026-01-26T13:10:39.039+0000] {logging_mixin.py:151} INFO -      ⚠️ Erreur ligne 437: current transaction is aborted, commands ignored until end of transaction block
[2026-01-26T13:10:39.040+0000] {logging_mixin.py:151} INFO -      ⚠️ Erreur ligne 438: current transaction is aborted, commands ignored until end of transaction block
[2026-01-26T13:10:39.041+0000] {logging_mixin.py:151} INFO -      ⚠️ Erreur ligne 439: current transaction is aborted, commands ignored until end of transaction block
[2026-01-26T13:10:39.042+0000] {logging_mixin.py:151} INFO -      ⚠️ Erreur ligne 440: current transaction is aborted, commands ignored until end of transaction block
[2026-01-26T13:10:39.043+0000] {logging_mixin.py:151} INFO -      ⚠️ Erreur ligne 441: current transaction is aborted, commands ignored until end of transaction block
[2026-01-26T13:10:39.044+0000] {logging_mixin.py:151} INFO -      ⚠️ Erreur ligne 442: current transaction is aborted, commands ignored until end of transaction block
[2026-01-26T13:10:39.045+0000] {logging_mixin.py:151} INFO -      ⚠️ Erreur ligne 443: current transaction is aborted, commands ignored until end of transaction block
[2026-01-26T13:10:39.046+0000] {logging_mixin.py:151} INFO -      ⚠️ Erreur ligne 444: current transaction is aborted, commands ignored until end of transaction block
[2026-01-26T13:10:39.047+0000] {logging_mixin.py:151} INFO -      ⚠️ Erreur ligne 445: current transaction is aborted, commands ignored until end of transaction block
[2026-01-26T13:10:39.048+0000] {logging_mixin.py:151} INFO -      ⚠️ Erreur ligne 446: current transaction is aborted, commands ignored until end of transaction block
[2026-01-26T13:10:39.048+0000] {logging_mixin.py:151} INFO -      ⚠️ Erreur ligne 447: current transaction is aborted, commands ignored until end of transaction block
[2026-01-26T13:10:39.049+0000] {logging_mixin.py:151} INFO -      ⚠️ Erreur ligne 448: current transaction is aborted, commands ignored until end of transaction block
[2026-01-26T13:10:39.051+0000] {logging_mixin.py:151} INFO -      ⚠️ Erreur ligne 449: current transaction is aborted, commands ignored until end of transaction block
[2026-01-26T13:10:39.053+0000] {logging_mixin.py:151} INFO -      ⚠️ Erreur ligne 450: current transaction is aborted, commands ignored until end of transaction block
[2026-01-26T13:10:39.054+0000] {logging_mixin.py:151} INFO -      ⚠️ Erreur ligne 451: current transaction is aborted, commands ignored until end of transaction block
[2026-01-26T13:10:39.055+0000] {logging_mixin.py:151} INFO -      ⚠️ Erreur ligne 452: current transaction is aborted, commands ignored until end of transaction block
[2026-01-26T13:10:39.056+0000] {logging_mixin.py:151} INFO -      ⚠️ Erreur ligne 453: current transaction is aborted, commands ignored until end of transaction block
[2026-01-26T13:10:39.058+0000] {logging_mixin.py:151} INFO -      ⚠️ Erreur ligne 454: current transaction is aborted, commands ignored until end of transaction block
[2026-01-26T13:10:39.060+0000] {logging_mixin.py:151} INFO -      ⚠️ Erreur ligne 455: current transaction is aborted, commands ignored until end of transaction block
[2026-01-26T13:10:39.061+0000] {logging_mixin.py:151} INFO -      ⚠️ Erreur ligne 456: current transaction is aborted, commands ignored until end of transaction block
[2026-01-26T13:10:39.062+0000] {logging_mixin.py:151} INFO -      ⚠️ Erreur ligne 457: current transaction is aborted, commands ignored until end of transaction block
[2026-01-26T13:10:39.063+0000] {logging_mixin.py:151} INFO -      ⚠️ Erreur ligne 458: current transaction is aborted, commands ignored until end of transaction block
[2026-01-26T13:10:39.064+0000] {logging_mixin.py:151} INFO -      ⚠️ Erreur ligne 459: current transaction is aborted, commands ignored until end of transaction block
[2026-01-26T13:10:39.065+0000] {logging_mixin.py:151} INFO -      ⚠️ Erreur ligne 460: current transaction is aborted, commands ignored until end of transaction block
[2026-01-26T13:10:39.065+0000] {logging_mixin.py:151} INFO -      ⚠️ Erreur ligne 461: current transaction is aborted, commands ignored until end of transaction block
[2026-01-26T13:10:39.066+0000] {logging_mixin.py:151} INFO -      ⚠️ Erreur ligne 462: current transaction is aborted, commands ignored until end of transaction block
[2026-01-26T13:10:39.067+0000] {logging_mixin.py:151} INFO -      ⚠️ Erreur ligne 463: current transaction is aborted, commands ignored until end of transaction block
[2026-01-26T13:10:39.068+0000] {logging_mixin.py:151} INFO -      ⚠️ Erreur ligne 464: current transaction is aborted, commands ignored until end of transaction block
[2026-01-26T13:10:39.069+0000] {logging_mixin.py:151} INFO -      ⚠️ Erreur ligne 465: current transaction is aborted, commands ignored until end of transaction block
[2026-01-26T13:10:39.070+0000] {logging_mixin.py:151} INFO -      ⚠️ Erreur ligne 466: current transaction is aborted, commands ignored until end of transaction block
[2026-01-26T13:10:39.071+0000] {logging_mixin.py:151} INFO -      ⚠️ Erreur ligne 467: current transaction is aborted, commands ignored until end of transaction block
[2026-01-26T13:10:39.072+0000] {logging_mixin.py:151} INFO -      ⚠️ Erreur ligne 468: current transaction is aborted, commands ignored until end of transaction block
[2026-01-26T13:10:39.073+0000] {logging_mixin.py:151} INFO -      ⚠️ Erreur ligne 469: current transaction is aborted, commands ignored until end of transaction block
[2026-01-26T13:10:39.074+0000] {logging_mixin.py:151} INFO -      ⚠️ Erreur ligne 470: current transaction is aborted, commands ignored until end of transaction block
[2026-01-26T13:10:39.074+0000] {logging_mixin.py:151} INFO -      ⚠️ Erreur ligne 471: current transaction is aborted, commands ignored until end of transaction block
[2026-01-26T13:10:39.075+0000] {logging_mixin.py:151} INFO -      ⚠️ Erreur ligne 472: current transaction is aborted, commands ignored until end of transaction block
[2026-01-26T13:10:39.076+0000] {logging_mixin.py:151} INFO -      ⚠️ Erreur ligne 473: current transaction is aborted, commands ignored until end of transaction block
[2026-01-26T13:10:39.077+0000] {logging_mixin.py:151} INFO -      ⚠️ Erreur ligne 474: current transaction is aborted, commands ignored until end of transaction block
[2026-01-26T13:10:39.078+0000] {logging_mixin.py:151} INFO -      ⚠️ Erreur ligne 475: current transaction is aborted, commands ignored until end of transaction block
[2026-01-26T13:10:39.080+0000] {logging_mixin.py:151} INFO -      ⚠️ Erreur ligne 476: current transaction is aborted, commands ignored until end of transaction block
[2026-01-26T13:10:39.081+0000] {logging_mixin.py:151} INFO -      ⚠️ Erreur ligne 477: current transaction is aborted, commands ignored until end of transaction block
[2026-01-26T13:10:39.082+0000] {logging_mixin.py:151} INFO -      ⚠️ Erreur ligne 478: current transaction is aborted, commands ignored until end of transaction block
[2026-01-26T13:10:39.083+0000] {logging_mixin.py:151} INFO -      ⚠️ Erreur ligne 479: current transaction is aborted, commands ignored until end of transaction block
[2026-01-26T13:10:39.083+0000] {logging_mixin.py:151} INFO -      ⚠️ Erreur ligne 480: current transaction is aborted, commands ignored until end of transaction block
[2026-01-26T13:10:39.085+0000] {logging_mixin.py:151} INFO -      ⚠️ Erreur ligne 481: current transaction is aborted, commands ignored until end of transaction block
[2026-01-26T13:10:39.086+0000] {logging_mixin.py:151} INFO -      ⚠️ Erreur ligne 482: current transaction is aborted, commands ignored until end of transaction block
[2026-01-26T13:10:39.087+0000] {logging_mixin.py:151} INFO -      ⚠️ Erreur ligne 483: current transaction is aborted, commands ignored until end of transaction block
[2026-01-26T13:10:39.088+0000] {logging_mixin.py:151} INFO -      ⚠️ Erreur ligne 484: current transaction is aborted, commands ignored until end of transaction block
[2026-01-26T13:10:39.089+0000] {logging_mixin.py:151} INFO -      ⚠️ Erreur ligne 485: current transaction is aborted, commands ignored until end of transaction block
[2026-01-26T13:10:39.090+0000] {logging_mixin.py:151} INFO -      ⚠️ Erreur ligne 486: current transaction is aborted, commands ignored until end of transaction block
[2026-01-26T13:10:39.091+0000] {logging_mixin.py:151} INFO -      ⚠️ Erreur ligne 487: current transaction is aborted, commands ignored until end of transaction block
[2026-01-26T13:10:39.093+0000] {logging_mixin.py:151} INFO -      ⚠️ Erreur ligne 488: current transaction is aborted, commands ignored until end of transaction block
[2026-01-26T13:10:39.094+0000] {logging_mixin.py:151} INFO -      ⚠️ Erreur ligne 489: current transaction is aborted, commands ignored until end of transaction block
[2026-01-26T13:10:39.095+0000] {logging_mixin.py:151} INFO -      ⚠️ Erreur ligne 490: current transaction is aborted, commands ignored until end of transaction block
[2026-01-26T13:10:39.095+0000] {logging_mixin.py:151} INFO -      ⚠️ Erreur ligne 491: current transaction is aborted, commands ignored until end of transaction block
[2026-01-26T13:10:39.096+0000] {logging_mixin.py:151} INFO -      ⚠️ Erreur ligne 492: current transaction is aborted, commands ignored until end of transaction block
[2026-01-26T13:10:39.097+0000] {logging_mixin.py:151} INFO -      ⚠️ Erreur ligne 493: current transaction is aborted, commands ignored until end of transaction block
[2026-01-26T13:10:39.098+0000] {logging_mixin.py:151} INFO -      ⚠️ Erreur ligne 494: current transaction is aborted, commands ignored until end of transaction block
[2026-01-26T13:10:39.099+0000] {logging_mixin.py:151} INFO -      ⚠️ Erreur ligne 495: current transaction is aborted, commands ignored until end of transaction block
[2026-01-26T13:10:39.100+0000] {logging_mixin.py:151} INFO -      ⚠️ Erreur ligne 496: current transaction is aborted, commands ignored until end of transaction block
[2026-01-26T13:10:39.101+0000] {logging_mixin.py:151} INFO -      ⚠️ Erreur ligne 497: current transaction is aborted, commands ignored until end of transaction block
[2026-01-26T13:10:39.102+0000] {logging_mixin.py:151} INFO -      ⚠️ Erreur ligne 498: current transaction is aborted, commands ignored until end of transaction block
[2026-01-26T13:10:39.102+0000] {logging_mixin.py:151} INFO -      ⚠️ Erreur ligne 499: current transaction is aborted, commands ignored until end of transaction block
[2026-01-26T13:10:39.103+0000] {logging_mixin.py:151} INFO -      ⚠️ Erreur ligne 500: current transaction is aborted, commands ignored until end of transaction block
[2026-01-26T13:10:39.105+0000] {logging_mixin.py:151} INFO -      ⚠️ Erreur ligne 501: current transaction is aborted, commands ignored until end of transaction block
[2026-01-26T13:10:39.105+0000] {logging_mixin.py:151} INFO -      ⚠️ Erreur ligne 502: current transaction is aborted, commands ignored until end of transaction block
[2026-01-26T13:10:39.106+0000] {logging_mixin.py:151} INFO -      ⚠️ Erreur ligne 503: current transaction is aborted, commands ignored until end of transaction block
[2026-01-26T13:10:39.107+0000] {logging_mixin.py:151} INFO -      ⚠️ Erreur ligne 504: current transaction is aborted, commands ignored until end of transaction block
[2026-01-26T13:10:39.109+0000] {logging_mixin.py:151} INFO -      ⚠️ Erreur ligne 505: current transaction is aborted, commands ignored until end of transaction block
[2026-01-26T13:10:39.110+0000] {logging_mixin.py:151} INFO -      ⚠️ Erreur ligne 506: current transaction is aborted, commands ignored until end of transaction block
[2026-01-26T13:10:39.111+0000] {logging_mixin.py:151} INFO -      ⚠️ Erreur ligne 507: current transaction is aborted, commands ignored until end of transaction block
[2026-01-26T13:10:39.112+0000] {logging_mixin.py:151} INFO -      ⚠️ Erreur ligne 508: current transaction is aborted, commands ignored until end of transaction block
[2026-01-26T13:10:39.113+0000] {logging_mixin.py:151} INFO -      ⚠️ Erreur ligne 509: current transaction is aborted, commands ignored until end of transaction block
[2026-01-26T13:10:39.114+0000] {logging_mixin.py:151} INFO -      ⚠️ Erreur ligne 510: current transaction is aborted, commands ignored until end of transaction block
[2026-01-26T13:10:39.115+0000] {logging_mixin.py:151} INFO -      ⚠️ Erreur ligne 511: current transaction is aborted, commands ignored until end of transaction block
[2026-01-26T13:10:39.116+0000] {logging_mixin.py:151} INFO -      ⚠️ Erreur ligne 512: current transaction is aborted, commands ignored until end of transaction block
[2026-01-26T13:10:39.117+0000] {logging_mixin.py:151} INFO -      ⚠️ Erreur ligne 513: current transaction is aborted, commands ignored until end of transaction block
[2026-01-26T13:10:39.118+0000] {logging_mixin.py:151} INFO -      ⚠️ Erreur ligne 514: current transaction is aborted, commands ignored until end of transaction block
[2026-01-26T13:10:39.119+0000] {logging_mixin.py:151} INFO -      ⚠️ Erreur ligne 515: current transaction is aborted, commands ignored until end of transaction block
[2026-01-26T13:10:39.120+0000] {logging_mixin.py:151} INFO -      ⚠️ Erreur ligne 516: current transaction is aborted, commands ignored until end of transaction block
[2026-01-26T13:10:39.121+0000] {logging_mixin.py:151} INFO -      ⚠️ Erreur ligne 517: current transaction is aborted, commands ignored until end of transaction block
[2026-01-26T13:10:39.122+0000] {logging_mixin.py:151} INFO -      ⚠️ Erreur ligne 518: current transaction is aborted, commands ignored until end of transaction block
[2026-01-26T13:10:39.123+0000] {logging_mixin.py:151} INFO -      ⚠️ Erreur ligne 519: current transaction is aborted, commands ignored until end of transaction block
[2026-01-26T13:10:39.124+0000] {logging_mixin.py:151} INFO -      ⚠️ Erreur ligne 520: current transaction is aborted, commands ignored until end of transaction block
[2026-01-26T13:10:39.125+0000] {logging_mixin.py:151} INFO -      ⚠️ Erreur ligne 521: current transaction is aborted, commands ignored until end of transaction block
[2026-01-26T13:10:39.126+0000] {logging_mixin.py:151} INFO -      ⚠️ Erreur ligne 522: current transaction is aborted, commands ignored until end of transaction block
[2026-01-26T13:10:39.128+0000] {logging_mixin.py:151} INFO -      ⚠️ Erreur ligne 523: current transaction is aborted, commands ignored until end of transaction block
[2026-01-26T13:10:39.128+0000] {logging_mixin.py:151} INFO -      ⚠️ Erreur ligne 524: current transaction is aborted, commands ignored until end of transaction block
[2026-01-26T13:10:39.129+0000] {logging_mixin.py:151} INFO -      ⚠️ Erreur ligne 525: current transaction is aborted, commands ignored until end of transaction block
[2026-01-26T13:10:39.130+0000] {logging_mixin.py:151} INFO -      ⚠️ Erreur ligne 526: current transaction is aborted, commands ignored until end of transaction block
[2026-01-26T13:10:39.131+0000] {logging_mixin.py:151} INFO -      ⚠️ Erreur ligne 527: current transaction is aborted, commands ignored until end of transaction block
[2026-01-26T13:10:39.132+0000] {logging_mixin.py:151} INFO -      ⚠️ Erreur ligne 528: current transaction is aborted, commands ignored until end of transaction block
[2026-01-26T13:10:39.133+0000] {logging_mixin.py:151} INFO -      ⚠️ Erreur ligne 529: current transaction is aborted, commands ignored until end of transaction block
[2026-01-26T13:10:39.135+0000] {logging_mixin.py:151} INFO -      ⚠️ Erreur ligne 530: current transaction is aborted, commands ignored until end of transaction block
[2026-01-26T13:10:39.136+0000] {logging_mixin.py:151} INFO -      ⚠️ Erreur ligne 531: current transaction is aborted, commands ignored until end of transaction block
[2026-01-26T13:10:39.137+0000] {logging_mixin.py:151} INFO -      ⚠️ Erreur ligne 532: current transaction is aborted, commands ignored until end of transaction block
[2026-01-26T13:10:39.138+0000] {logging_mixin.py:151} INFO -      ⚠️ Erreur ligne 533: current transaction is aborted, commands ignored until end of transaction block
[2026-01-26T13:10:39.140+0000] {logging_mixin.py:151} INFO -      ⚠️ Erreur ligne 534: current transaction is aborted, commands ignored until end of transaction block
[2026-01-26T13:10:39.142+0000] {logging_mixin.py:151} INFO -      ⚠️ Erreur ligne 535: current transaction is aborted, commands ignored until end of transaction block
[2026-01-26T13:10:39.143+0000] {logging_mixin.py:151} INFO -      ⚠️ Erreur ligne 536: current transaction is aborted, commands ignored until end of transaction block
[2026-01-26T13:10:39.144+0000] {logging_mixin.py:151} INFO -      ⚠️ Erreur ligne 537: current transaction is aborted, commands ignored until end of transaction block
[2026-01-26T13:10:39.145+0000] {logging_mixin.py:151} INFO -      ⚠️ Erreur ligne 538: current transaction is aborted, commands ignored until end of transaction block
[2026-01-26T13:10:39.145+0000] {logging_mixin.py:151} INFO -      ⚠️ Erreur ligne 539: current transaction is aborted, commands ignored until end of transaction block
[2026-01-26T13:10:39.146+0000] {logging_mixin.py:151} INFO -      ⚠️ Erreur ligne 540: current transaction is aborted, commands ignored until end of transaction block
[2026-01-26T13:10:39.147+0000] {logging_mixin.py:151} INFO -      ⚠️ Erreur ligne 541: current transaction is aborted, commands ignored until end of transaction block
[2026-01-26T13:10:39.148+0000] {logging_mixin.py:151} INFO -      ⚠️ Erreur ligne 542: current transaction is aborted, commands ignored until end of transaction block
[2026-01-26T13:10:39.149+0000] {logging_mixin.py:151} INFO -      ⚠️ Erreur ligne 543: current transaction is aborted, commands ignored until end of transaction block
[2026-01-26T13:10:39.150+0000] {logging_mixin.py:151} INFO -      ⚠️ Erreur ligne 544: current transaction is aborted, commands ignored until end of transaction block
[2026-01-26T13:10:39.151+0000] {logging_mixin.py:151} INFO -      ⚠️ Erreur ligne 545: current transaction is aborted, commands ignored until end of transaction block
[2026-01-26T13:10:39.152+0000] {logging_mixin.py:151} INFO -      ⚠️ Erreur ligne 546: current transaction is aborted, commands ignored until end of transaction block
[2026-01-26T13:10:39.153+0000] {logging_mixin.py:151} INFO -      ⚠️ Erreur ligne 547: current transaction is aborted, commands ignored until end of transaction block
[2026-01-26T13:10:39.154+0000] {logging_mixin.py:151} INFO -      ⚠️ Erreur ligne 548: current transaction is aborted, commands ignored until end of transaction block
[2026-01-26T13:10:39.154+0000] {logging_mixin.py:151} INFO -      ⚠️ Erreur ligne 549: current transaction is aborted, commands ignored until end of transaction block
[2026-01-26T13:10:39.155+0000] {logging_mixin.py:151} INFO -      ⚠️ Erreur ligne 550: current transaction is aborted, commands ignored until end of transaction block
[2026-01-26T13:10:39.156+0000] {logging_mixin.py:151} INFO -      ⚠️ Erreur ligne 551: current transaction is aborted, commands ignored until end of transaction block
[2026-01-26T13:10:39.157+0000] {logging_mixin.py:151} INFO -      ⚠️ Erreur ligne 552: current transaction is aborted, commands ignored until end of transaction block
[2026-01-26T13:10:39.158+0000] {logging_mixin.py:151} INFO -      ⚠️ Erreur ligne 553: current transaction is aborted, commands ignored until end of transaction block
[2026-01-26T13:10:39.158+0000] {logging_mixin.py:151} INFO -      ⚠️ Erreur ligne 554: current transaction is aborted, commands ignored until end of transaction block
[2026-01-26T13:10:39.159+0000] {logging_mixin.py:151} INFO -      ⚠️ Erreur ligne 555: current transaction is aborted, commands ignored until end of transaction block
[2026-01-26T13:10:39.160+0000] {logging_mixin.py:151} INFO -      ⚠️ Erreur ligne 556: current transaction is aborted, commands ignored until end of transaction block
[2026-01-26T13:10:39.161+0000] {logging_mixin.py:151} INFO -      ⚠️ Erreur ligne 557: current transaction is aborted, commands ignored until end of transaction block
[2026-01-26T13:10:39.162+0000] {logging_mixin.py:151} INFO -      ⚠️ Erreur ligne 558: current transaction is aborted, commands ignored until end of transaction block
[2026-01-26T13:10:39.163+0000] {logging_mixin.py:151} INFO -      ⚠️ Erreur ligne 559: current transaction is aborted, commands ignored until end of transaction block
[2026-01-26T13:10:39.165+0000] {logging_mixin.py:151} INFO -      ⚠️ Erreur ligne 560: current transaction is aborted, commands ignored until end of transaction block
[2026-01-26T13:10:39.166+0000] {logging_mixin.py:151} INFO -      ⚠️ Erreur ligne 561: current transaction is aborted, commands ignored until end of transaction block
[2026-01-26T13:10:39.167+0000] {logging_mixin.py:151} INFO -      ⚠️ Erreur ligne 562: current transaction is aborted, commands ignored until end of transaction block
[2026-01-26T13:10:39.168+0000] {logging_mixin.py:151} INFO -      ⚠️ Erreur ligne 563: current transaction is aborted, commands ignored until end of transaction block
[2026-01-26T13:10:39.169+0000] {logging_mixin.py:151} INFO -      ⚠️ Erreur ligne 564: current transaction is aborted, commands ignored until end of transaction block
[2026-01-26T13:10:39.170+0000] {logging_mixin.py:151} INFO -      ⚠️ Erreur ligne 565: current transaction is aborted, commands ignored until end of transaction block
[2026-01-26T13:10:39.171+0000] {logging_mixin.py:151} INFO -      ⚠️ Erreur ligne 566: current transaction is aborted, commands ignored until end of transaction block
[2026-01-26T13:10:39.172+0000] {logging_mixin.py:151} INFO -      ⚠️ Erreur ligne 567: current transaction is aborted, commands ignored until end of transaction block
[2026-01-26T13:10:39.173+0000] {logging_mixin.py:151} INFO -      ⚠️ Erreur ligne 568: current transaction is aborted, commands ignored until end of transaction block
[2026-01-26T13:10:39.174+0000] {logging_mixin.py:151} INFO -      ⚠️ Erreur ligne 569: current transaction is aborted, commands ignored until end of transaction block
[2026-01-26T13:10:39.175+0000] {logging_mixin.py:151} INFO -      ⚠️ Erreur ligne 570: current transaction is aborted, commands ignored until end of transaction block
[2026-01-26T13:10:39.177+0000] {logging_mixin.py:151} INFO -      ⚠️ Erreur ligne 571: current transaction is aborted, commands ignored until end of transaction block
[2026-01-26T13:10:39.177+0000] {logging_mixin.py:151} INFO -      ⚠️ Erreur ligne 572: current transaction is aborted, commands ignored until end of transaction block
[2026-01-26T13:10:39.178+0000] {logging_mixin.py:151} INFO -      ⚠️ Erreur ligne 573: current transaction is aborted, commands ignored until end of transaction block
[2026-01-26T13:10:39.179+0000] {logging_mixin.py:151} INFO -      ⚠️ Erreur ligne 574: current transaction is aborted, commands ignored until end of transaction block
[2026-01-26T13:10:39.180+0000] {logging_mixin.py:151} INFO -      ⚠️ Erreur ligne 575: current transaction is aborted, commands ignored until end of transaction block
[2026-01-26T13:10:39.181+0000] {logging_mixin.py:151} INFO -      ⚠️ Erreur ligne 576: current transaction is aborted, commands ignored until end of transaction block
[2026-01-26T13:10:39.182+0000] {logging_mixin.py:151} INFO -      ⚠️ Erreur ligne 577: current transaction is aborted, commands ignored until end of transaction block
[2026-01-26T13:10:39.183+0000] {logging_mixin.py:151} INFO -      ⚠️ Erreur ligne 578: current transaction is aborted, commands ignored until end of transaction block
[2026-01-26T13:10:39.184+0000] {logging_mixin.py:151} INFO -      ⚠️ Erreur ligne 579: current transaction is aborted, commands ignored until end of transaction block
[2026-01-26T13:10:39.185+0000] {logging_mixin.py:151} INFO -      ⚠️ Erreur ligne 580: current transaction is aborted, commands ignored until end of transaction block
[2026-01-26T13:10:39.186+0000] {logging_mixin.py:151} INFO -      ⚠️ Erreur ligne 581: current transaction is aborted, commands ignored until end of transaction block
[2026-01-26T13:10:39.187+0000] {logging_mixin.py:151} INFO -      ⚠️ Erreur ligne 582: current transaction is aborted, commands ignored until end of transaction block
[2026-01-26T13:10:39.188+0000] {logging_mixin.py:151} INFO -      ⚠️ Erreur ligne 583: current transaction is aborted, commands ignored until end of transaction block
[2026-01-26T13:10:39.189+0000] {logging_mixin.py:151} INFO -      ⚠️ Erreur ligne 584: current transaction is aborted, commands ignored until end of transaction block
[2026-01-26T13:10:39.190+0000] {logging_mixin.py:151} INFO -      ⚠️ Erreur ligne 585: current transaction is aborted, commands ignored until end of transaction block
[2026-01-26T13:10:39.191+0000] {logging_mixin.py:151} INFO -      ⚠️ Erreur ligne 586: current transaction is aborted, commands ignored until end of transaction block
[2026-01-26T13:10:39.192+0000] {logging_mixin.py:151} INFO -      ⚠️ Erreur ligne 587: current transaction is aborted, commands ignored until end of transaction block
[2026-01-26T13:10:39.193+0000] {logging_mixin.py:151} INFO -      ⚠️ Erreur ligne 588: current transaction is aborted, commands ignored until end of transaction block
[2026-01-26T13:10:39.194+0000] {logging_mixin.py:151} INFO -      ⚠️ Erreur ligne 589: current transaction is aborted, commands ignored until end of transaction block
[2026-01-26T13:10:39.195+0000] {logging_mixin.py:151} INFO -      ⚠️ Erreur ligne 590: current transaction is aborted, commands ignored until end of transaction block
[2026-01-26T13:10:39.196+0000] {logging_mixin.py:151} INFO -      ⚠️ Erreur ligne 591: current transaction is aborted, commands ignored until end of transaction block
[2026-01-26T13:10:39.197+0000] {logging_mixin.py:151} INFO -      ⚠️ Erreur ligne 592: current transaction is aborted, commands ignored until end of transaction block
[2026-01-26T13:10:39.199+0000] {logging_mixin.py:151} INFO -      ⚠️ Erreur ligne 593: current transaction is aborted, commands ignored until end of transaction block
[2026-01-26T13:10:39.200+0000] {logging_mixin.py:151} INFO -      ⚠️ Erreur ligne 594: current transaction is aborted, commands ignored until end of transaction block
[2026-01-26T13:10:39.201+0000] {logging_mixin.py:151} INFO -      ⚠️ Erreur ligne 595: current transaction is aborted, commands ignored until end of transaction block
[2026-01-26T13:10:39.201+0000] {logging_mixin.py:151} INFO -      ⚠️ Erreur ligne 596: current transaction is aborted, commands ignored until end of transaction block
[2026-01-26T13:10:39.202+0000] {logging_mixin.py:151} INFO -      ⚠️ Erreur ligne 597: current transaction is aborted, commands ignored until end of transaction block
[2026-01-26T13:10:39.203+0000] {logging_mixin.py:151} INFO -      ⚠️ Erreur ligne 598: current transaction is aborted, commands ignored until end of transaction block
[2026-01-26T13:10:39.204+0000] {logging_mixin.py:151} INFO -      ⚠️ Erreur ligne 599: current transaction is aborted, commands ignored until end of transaction block
[2026-01-26T13:10:39.205+0000] {logging_mixin.py:151} INFO -      ⚠️ Erreur ligne 600: current transaction is aborted, commands ignored until end of transaction block
[2026-01-26T13:10:39.206+0000] {logging_mixin.py:151} INFO -      ⚠️ Erreur ligne 601: current transaction is aborted, commands ignored until end of transaction block
[2026-01-26T13:10:39.207+0000] {logging_mixin.py:151} INFO -      ⚠️ Erreur ligne 602: current transaction is aborted, commands ignored until end of transaction block
[2026-01-26T13:10:39.207+0000] {logging_mixin.py:151} INFO -      ⚠️ Erreur ligne 603: current transaction is aborted, commands ignored until end of transaction block
[2026-01-26T13:10:39.208+0000] {logging_mixin.py:151} INFO -      ⚠️ Erreur ligne 604: current transaction is aborted, commands ignored until end of transaction block
[2026-01-26T13:10:39.209+0000] {logging_mixin.py:151} INFO -      ⚠️ Erreur ligne 605: current transaction is aborted, commands ignored until end of transaction block
[2026-01-26T13:10:39.210+0000] {logging_mixin.py:151} INFO -      ⚠️ Erreur ligne 606: current transaction is aborted, commands ignored until end of transaction block
[2026-01-26T13:10:39.211+0000] {logging_mixin.py:151} INFO -      ⚠️ Erreur ligne 607: current transaction is aborted, commands ignored until end of transaction block
[2026-01-26T13:10:39.212+0000] {logging_mixin.py:151} INFO -      ⚠️ Erreur ligne 608: current transaction is aborted, commands ignored until end of transaction block
[2026-01-26T13:10:39.213+0000] {logging_mixin.py:151} INFO -      ⚠️ Erreur ligne 609: current transaction is aborted, commands ignored until end of transaction block
[2026-01-26T13:10:39.213+0000] {logging_mixin.py:151} INFO -      ⚠️ Erreur ligne 610: current transaction is aborted, commands ignored until end of transaction block
[2026-01-26T13:10:39.214+0000] {logging_mixin.py:151} INFO -      ⚠️ Erreur ligne 611: current transaction is aborted, commands ignored until end of transaction block
[2026-01-26T13:10:39.215+0000] {logging_mixin.py:151} INFO -      ⚠️ Erreur ligne 612: current transaction is aborted, commands ignored until end of transaction block
[2026-01-26T13:10:39.216+0000] {logging_mixin.py:151} INFO -      ⚠️ Erreur ligne 613: current transaction is aborted, commands ignored until end of transaction block
[2026-01-26T13:10:39.217+0000] {logging_mixin.py:151} INFO -      ⚠️ Erreur ligne 614: current transaction is aborted, commands ignored until end of transaction block
[2026-01-26T13:10:39.218+0000] {logging_mixin.py:151} INFO -      ⚠️ Erreur ligne 615: current transaction is aborted, commands ignored until end of transaction block
[2026-01-26T13:10:39.219+0000] {logging_mixin.py:151} INFO -      ⚠️ Erreur ligne 616: current transaction is aborted, commands ignored until end of transaction block
[2026-01-26T13:10:39.220+0000] {logging_mixin.py:151} INFO -      ⚠️ Erreur ligne 617: current transaction is aborted, commands ignored until end of transaction block
[2026-01-26T13:10:39.221+0000] {logging_mixin.py:151} INFO -      ⚠️ Erreur ligne 618: current transaction is aborted, commands ignored until end of transaction block
[2026-01-26T13:10:39.222+0000] {logging_mixin.py:151} INFO -      ⚠️ Erreur ligne 619: current transaction is aborted, commands ignored until end of transaction block
[2026-01-26T13:10:39.224+0000] {logging_mixin.py:151} INFO -      ⚠️ Erreur ligne 620: current transaction is aborted, commands ignored until end of transaction block
[2026-01-26T13:10:39.225+0000] {logging_mixin.py:151} INFO -      ⚠️ Erreur ligne 621: current transaction is aborted, commands ignored until end of transaction block
[2026-01-26T13:10:39.226+0000] {logging_mixin.py:151} INFO -      ⚠️ Erreur ligne 622: current transaction is aborted, commands ignored until end of transaction block
[2026-01-26T13:10:39.227+0000] {logging_mixin.py:151} INFO -      ⚠️ Erreur ligne 623: current transaction is aborted, commands ignored until end of transaction block
[2026-01-26T13:10:39.228+0000] {logging_mixin.py:151} INFO -      ⚠️ Erreur ligne 624: current transaction is aborted, commands ignored until end of transaction block
[2026-01-26T13:10:39.229+0000] {logging_mixin.py:151} INFO -      ⚠️ Erreur ligne 625: current transaction is aborted, commands ignored until end of transaction block
[2026-01-26T13:10:39.230+0000] {logging_mixin.py:151} INFO -      ⚠️ Erreur ligne 626: current transaction is aborted, commands ignored until end of transaction block
[2026-01-26T13:10:39.231+0000] {logging_mixin.py:151} INFO -      ⚠️ Erreur ligne 627: current transaction is aborted, commands ignored until end of transaction block
[2026-01-26T13:10:39.232+0000] {logging_mixin.py:151} INFO -      ⚠️ Erreur ligne 628: current transaction is aborted, commands ignored until end of transaction block
[2026-01-26T13:10:39.233+0000] {logging_mixin.py:151} INFO -      ⚠️ Erreur ligne 629: current transaction is aborted, commands ignored until end of transaction block
[2026-01-26T13:10:39.234+0000] {logging_mixin.py:151} INFO -      ⚠️ Erreur ligne 630: current transaction is aborted, commands ignored until end of transaction block
[2026-01-26T13:10:39.234+0000] {logging_mixin.py:151} INFO -      ⚠️ Erreur ligne 631: current transaction is aborted, commands ignored until end of transaction block
[2026-01-26T13:10:39.235+0000] {logging_mixin.py:151} INFO -      ⚠️ Erreur ligne 632: current transaction is aborted, commands ignored until end of transaction block
[2026-01-26T13:10:39.236+0000] {logging_mixin.py:151} INFO -      ⚠️ Erreur ligne 633: current transaction is aborted, commands ignored until end of transaction block
[2026-01-26T13:10:39.237+0000] {logging_mixin.py:151} INFO -      ⚠️ Erreur ligne 634: current transaction is aborted, commands ignored until end of transaction block
[2026-01-26T13:10:39.238+0000] {logging_mixin.py:151} INFO -      ⚠️ Erreur ligne 635: current transaction is aborted, commands ignored until end of transaction block
[2026-01-26T13:10:39.239+0000] {logging_mixin.py:151} INFO -      ⚠️ Erreur ligne 636: current transaction is aborted, commands ignored until end of transaction block
[2026-01-26T13:10:39.239+0000] {logging_mixin.py:151} INFO -      ⚠️ Erreur ligne 637: current transaction is aborted, commands ignored until end of transaction block
[2026-01-26T13:10:39.240+0000] {logging_mixin.py:151} INFO -      ⚠️ Erreur ligne 638: current transaction is aborted, commands ignored until end of transaction block
[2026-01-26T13:10:39.241+0000] {logging_mixin.py:151} INFO -      ⚠️ Erreur ligne 639: current transaction is aborted, commands ignored until end of transaction block
[2026-01-26T13:10:39.242+0000] {logging_mixin.py:151} INFO -      ⚠️ Erreur ligne 640: current transaction is aborted, commands ignored until end of transaction block
[2026-01-26T13:10:39.243+0000] {logging_mixin.py:151} INFO -      ⚠️ Erreur ligne 641: current transaction is aborted, commands ignored until end of transaction block
[2026-01-26T13:10:39.244+0000] {logging_mixin.py:151} INFO -      ⚠️ Erreur ligne 642: current transaction is aborted, commands ignored until end of transaction block
[2026-01-26T13:10:39.245+0000] {logging_mixin.py:151} INFO -      ⚠️ Erreur ligne 643: current transaction is aborted, commands ignored until end of transaction block
[2026-01-26T13:10:39.246+0000] {logging_mixin.py:151} INFO -      ⚠️ Erreur ligne 644: current transaction is aborted, commands ignored until end of transaction block
[2026-01-26T13:10:39.246+0000] {logging_mixin.py:151} INFO -      ⚠️ Erreur ligne 645: current transaction is aborted, commands ignored until end of transaction block
[2026-01-26T13:10:39.247+0000] {logging_mixin.py:151} INFO -      ⚠️ Erreur ligne 646: current transaction is aborted, commands ignored until end of transaction block
[2026-01-26T13:10:39.249+0000] {logging_mixin.py:151} INFO -      ⚠️ Erreur ligne 647: current transaction is aborted, commands ignored until end of transaction block
[2026-01-26T13:10:39.250+0000] {logging_mixin.py:151} INFO -      ⚠️ Erreur ligne 648: current transaction is aborted, commands ignored until end of transaction block
[2026-01-26T13:10:39.251+0000] {logging_mixin.py:151} INFO -      ⚠️ Erreur ligne 649: current transaction is aborted, commands ignored until end of transaction block
[2026-01-26T13:10:39.252+0000] {logging_mixin.py:151} INFO -      ⚠️ Erreur ligne 650: current transaction is aborted, commands ignored until end of transaction block
[2026-01-26T13:10:39.253+0000] {logging_mixin.py:151} INFO -      ⚠️ Erreur ligne 651: current transaction is aborted, commands ignored until end of transaction block
[2026-01-26T13:10:39.254+0000] {logging_mixin.py:151} INFO -      ⚠️ Erreur ligne 652: current transaction is aborted, commands ignored until end of transaction block
[2026-01-26T13:10:39.255+0000] {logging_mixin.py:151} INFO -      ⚠️ Erreur ligne 653: current transaction is aborted, commands ignored until end of transaction block
[2026-01-26T13:10:39.256+0000] {logging_mixin.py:151} INFO -      ⚠️ Erreur ligne 654: current transaction is aborted, commands ignored until end of transaction block
[2026-01-26T13:10:39.257+0000] {logging_mixin.py:151} INFO -      ⚠️ Erreur ligne 655: current transaction is aborted, commands ignored until end of transaction block
[2026-01-26T13:10:39.258+0000] {logging_mixin.py:151} INFO -      ⚠️ Erreur ligne 656: current transaction is aborted, commands ignored until end of transaction block
[2026-01-26T13:10:39.260+0000] {logging_mixin.py:151} INFO -      ⚠️ Erreur ligne 657: current transaction is aborted, commands ignored until end of transaction block
[2026-01-26T13:10:39.261+0000] {logging_mixin.py:151} INFO -      ⚠️ Erreur ligne 658: current transaction is aborted, commands ignored until end of transaction block
[2026-01-26T13:10:39.262+0000] {logging_mixin.py:151} INFO -      ⚠️ Erreur ligne 659: current transaction is aborted, commands ignored until end of transaction block
[2026-01-26T13:10:39.262+0000] {logging_mixin.py:151} INFO -      ⚠️ Erreur ligne 660: current transaction is aborted, commands ignored until end of transaction block
[2026-01-26T13:10:39.263+0000] {logging_mixin.py:151} INFO -      ⚠️ Erreur ligne 661: current transaction is aborted, commands ignored until end of transaction block
[2026-01-26T13:10:39.264+0000] {logging_mixin.py:151} INFO -      ⚠️ Erreur ligne 662: current transaction is aborted, commands ignored until end of transaction block
[2026-01-26T13:10:39.265+0000] {logging_mixin.py:151} INFO -      ⚠️ Erreur ligne 663: current transaction is aborted, commands ignored until end of transaction block
[2026-01-26T13:10:39.266+0000] {logging_mixin.py:151} INFO -      ⚠️ Erreur ligne 664: current transaction is aborted, commands ignored until end of transaction block
[2026-01-26T13:10:39.267+0000] {logging_mixin.py:151} INFO -      ⚠️ Erreur ligne 665: current transaction is aborted, commands ignored until end of transaction block
[2026-01-26T13:10:39.268+0000] {logging_mixin.py:151} INFO -      ⚠️ Erreur ligne 666: current transaction is aborted, commands ignored until end of transaction block
[2026-01-26T13:10:39.269+0000] {logging_mixin.py:151} INFO -      ⚠️ Erreur ligne 667: current transaction is aborted, commands ignored until end of transaction block
[2026-01-26T13:10:39.270+0000] {logging_mixin.py:151} INFO -      ⚠️ Erreur ligne 668: current transaction is aborted, commands ignored until end of transaction block
[2026-01-26T13:10:39.271+0000] {logging_mixin.py:151} INFO -      ⚠️ Erreur ligne 669: current transaction is aborted, commands ignored until end of transaction block
[2026-01-26T13:10:39.272+0000] {logging_mixin.py:151} INFO -      ⚠️ Erreur ligne 670: current transaction is aborted, commands ignored until end of transaction block
[2026-01-26T13:10:39.274+0000] {logging_mixin.py:151} INFO -      ⚠️ Erreur ligne 671: current transaction is aborted, commands ignored until end of transaction block
[2026-01-26T13:10:39.275+0000] {logging_mixin.py:151} INFO -      ⚠️ Erreur ligne 672: current transaction is aborted, commands ignored until end of transaction block
[2026-01-26T13:10:39.276+0000] {logging_mixin.py:151} INFO -      ⚠️ Erreur ligne 673: current transaction is aborted, commands ignored until end of transaction block
[2026-01-26T13:10:39.276+0000] {logging_mixin.py:151} INFO -      ⚠️ Erreur ligne 674: current transaction is aborted, commands ignored until end of transaction block
[2026-01-26T13:10:39.277+0000] {logging_mixin.py:151} INFO -      ⚠️ Erreur ligne 675: current transaction is aborted, commands ignored until end of transaction block
[2026-01-26T13:10:39.278+0000] {logging_mixin.py:151} INFO -      ⚠️ Erreur ligne 676: current transaction is aborted, commands ignored until end of transaction block
[2026-01-26T13:10:39.279+0000] {logging_mixin.py:151} INFO -      ⚠️ Erreur ligne 677: current transaction is aborted, commands ignored until end of transaction block
[2026-01-26T13:10:39.280+0000] {logging_mixin.py:151} INFO -      ⚠️ Erreur ligne 678: current transaction is aborted, commands ignored until end of transaction block
[2026-01-26T13:10:39.281+0000] {logging_mixin.py:151} INFO -      ⚠️ Erreur ligne 679: current transaction is aborted, commands ignored until end of transaction block
[2026-01-26T13:10:39.282+0000] {logging_mixin.py:151} INFO -      ⚠️ Erreur ligne 680: current transaction is aborted, commands ignored until end of transaction block
[2026-01-26T13:10:39.282+0000] {logging_mixin.py:151} INFO -      ⚠️ Erreur ligne 681: current transaction is aborted, commands ignored until end of transaction block
[2026-01-26T13:10:39.283+0000] {logging_mixin.py:151} INFO -      ⚠️ Erreur ligne 682: current transaction is aborted, commands ignored until end of transaction block
[2026-01-26T13:10:39.284+0000] {logging_mixin.py:151} INFO -      ⚠️ Erreur ligne 683: current transaction is aborted, commands ignored until end of transaction block
[2026-01-26T13:10:39.285+0000] {logging_mixin.py:151} INFO -      ⚠️ Erreur ligne 684: current transaction is aborted, commands ignored until end of transaction block
[2026-01-26T13:10:39.286+0000] {logging_mixin.py:151} INFO -      ⚠️ Erreur ligne 685: current transaction is aborted, commands ignored until end of transaction block
[2026-01-26T13:10:39.287+0000] {logging_mixin.py:151} INFO -      ⚠️ Erreur ligne 686: current transaction is aborted, commands ignored until end of transaction block
[2026-01-26T13:10:39.287+0000] {logging_mixin.py:151} INFO -      ⚠️ Erreur ligne 687: current transaction is aborted, commands ignored until end of transaction block
[2026-01-26T13:10:39.288+0000] {logging_mixin.py:151} INFO -      ⚠️ Erreur ligne 688: current transaction is aborted, commands ignored until end of transaction block
[2026-01-26T13:10:39.289+0000] {logging_mixin.py:151} INFO -      ⚠️ Erreur ligne 689: current transaction is aborted, commands ignored until end of transaction block
[2026-01-26T13:10:39.290+0000] {logging_mixin.py:151} INFO -      ⚠️ Erreur ligne 690: current transaction is aborted, commands ignored until end of transaction block
[2026-01-26T13:10:39.291+0000] {logging_mixin.py:151} INFO -      ⚠️ Erreur ligne 691: current transaction is aborted, commands ignored until end of transaction block
[2026-01-26T13:10:39.292+0000] {logging_mixin.py:151} INFO -      ⚠️ Erreur ligne 692: current transaction is aborted, commands ignored until end of transaction block
[2026-01-26T13:10:39.294+0000] {logging_mixin.py:151} INFO -      ⚠️ Erreur ligne 693: current transaction is aborted, commands ignored until end of transaction block
[2026-01-26T13:10:39.295+0000] {logging_mixin.py:151} INFO -      ⚠️ Erreur ligne 694: current transaction is aborted, commands ignored until end of transaction block
[2026-01-26T13:10:39.296+0000] {logging_mixin.py:151} INFO -      ⚠️ Erreur ligne 695: current transaction is aborted, commands ignored until end of transaction block
[2026-01-26T13:10:39.297+0000] {logging_mixin.py:151} INFO -      ⚠️ Erreur ligne 696: current transaction is aborted, commands ignored until end of transaction block
[2026-01-26T13:10:39.298+0000] {logging_mixin.py:151} INFO -      ⚠️ Erreur ligne 697: current transaction is aborted, commands ignored until end of transaction block
[2026-01-26T13:10:39.298+0000] {logging_mixin.py:151} INFO -      ⚠️ Erreur ligne 698: current transaction is aborted, commands ignored until end of transaction block
[2026-01-26T13:10:39.300+0000] {logging_mixin.py:151} INFO -      ⚠️ Erreur ligne 699: current transaction is aborted, commands ignored until end of transaction block
[2026-01-26T13:10:39.300+0000] {logging_mixin.py:151} INFO -      ⚠️ Erreur ligne 700: current transaction is aborted, commands ignored until end of transaction block
[2026-01-26T13:10:39.301+0000] {logging_mixin.py:151} INFO -      ⚠️ Erreur ligne 701: current transaction is aborted, commands ignored until end of transaction block
[2026-01-26T13:10:39.302+0000] {logging_mixin.py:151} INFO -      ⚠️ Erreur ligne 702: current transaction is aborted, commands ignored until end of transaction block
[2026-01-26T13:10:39.303+0000] {logging_mixin.py:151} INFO -      ⚠️ Erreur ligne 703: current transaction is aborted, commands ignored until end of transaction block
[2026-01-26T13:10:39.304+0000] {logging_mixin.py:151} INFO -      ⚠️ Erreur ligne 704: current transaction is aborted, commands ignored until end of transaction block
[2026-01-26T13:10:39.305+0000] {logging_mixin.py:151} INFO -      ⚠️ Erreur ligne 705: current transaction is aborted, commands ignored until end of transaction block
[2026-01-26T13:10:39.306+0000] {logging_mixin.py:151} INFO -      ⚠️ Erreur ligne 706: current transaction is aborted, commands ignored until end of transaction block
[2026-01-26T13:10:39.306+0000] {logging_mixin.py:151} INFO -      ⚠️ Erreur ligne 707: current transaction is aborted, commands ignored until end of transaction block
[2026-01-26T13:10:39.307+0000] {logging_mixin.py:151} INFO -      ⚠️ Erreur ligne 708: current transaction is aborted, commands ignored until end of transaction block
[2026-01-26T13:10:39.308+0000] {logging_mixin.py:151} INFO -      ⚠️ Erreur ligne 709: current transaction is aborted, commands ignored until end of transaction block
[2026-01-26T13:10:39.309+0000] {logging_mixin.py:151} INFO -      ⚠️ Erreur ligne 710: current transaction is aborted, commands ignored until end of transaction block
[2026-01-26T13:10:39.310+0000] {logging_mixin.py:151} INFO -      ⚠️ Erreur ligne 711: current transaction is aborted, commands ignored until end of transaction block
[2026-01-26T13:10:39.311+0000] {logging_mixin.py:151} INFO -      ⚠️ Erreur ligne 712: current transaction is aborted, commands ignored until end of transaction block
[2026-01-26T13:10:39.312+0000] {logging_mixin.py:151} INFO -      ⚠️ Erreur ligne 713: current transaction is aborted, commands ignored until end of transaction block
[2026-01-26T13:10:39.314+0000] {logging_mixin.py:151} INFO -      ⚠️ Erreur ligne 714: current transaction is aborted, commands ignored until end of transaction block
[2026-01-26T13:10:39.315+0000] {logging_mixin.py:151} INFO -      ⚠️ Erreur ligne 715: current transaction is aborted, commands ignored until end of transaction block
[2026-01-26T13:10:39.316+0000] {logging_mixin.py:151} INFO -      ⚠️ Erreur ligne 716: current transaction is aborted, commands ignored until end of transaction block
[2026-01-26T13:10:39.317+0000] {logging_mixin.py:151} INFO -      ⚠️ Erreur ligne 717: current transaction is aborted, commands ignored until end of transaction block
[2026-01-26T13:10:39.317+0000] {logging_mixin.py:151} INFO -      ⚠️ Erreur ligne 718: current transaction is aborted, commands ignored until end of transaction block
[2026-01-26T13:10:39.318+0000] {logging_mixin.py:151} INFO -      ⚠️ Erreur ligne 719: current transaction is aborted, commands ignored until end of transaction block
[2026-01-26T13:10:39.319+0000] {logging_mixin.py:151} INFO -      ⚠️ Erreur ligne 720: current transaction is aborted, commands ignored until end of transaction block
[2026-01-26T13:10:39.320+0000] {logging_mixin.py:151} INFO -      ⚠️ Erreur ligne 721: current transaction is aborted, commands ignored until end of transaction block
[2026-01-26T13:10:39.321+0000] {logging_mixin.py:151} INFO -      ⚠️ Erreur ligne 722: current transaction is aborted, commands ignored until end of transaction block
[2026-01-26T13:10:39.321+0000] {logging_mixin.py:151} INFO -      ⚠️ Erreur ligne 723: current transaction is aborted, commands ignored until end of transaction block
[2026-01-26T13:10:39.322+0000] {logging_mixin.py:151} INFO -      ⚠️ Erreur ligne 724: current transaction is aborted, commands ignored until end of transaction block
[2026-01-26T13:10:39.323+0000] {logging_mixin.py:151} INFO -      ⚠️ Erreur ligne 725: current transaction is aborted, commands ignored until end of transaction block
[2026-01-26T13:10:39.324+0000] {logging_mixin.py:151} INFO -      ⚠️ Erreur ligne 726: current transaction is aborted, commands ignored until end of transaction block
[2026-01-26T13:10:39.325+0000] {logging_mixin.py:151} INFO -      ⚠️ Erreur ligne 727: current transaction is aborted, commands ignored until end of transaction block
[2026-01-26T13:10:39.326+0000] {logging_mixin.py:151} INFO -      ⚠️ Erreur ligne 728: current transaction is aborted, commands ignored until end of transaction block
[2026-01-26T13:10:39.327+0000] {logging_mixin.py:151} INFO -      ⚠️ Erreur ligne 729: current transaction is aborted, commands ignored until end of transaction block
[2026-01-26T13:10:39.327+0000] {logging_mixin.py:151} INFO -      ⚠️ Erreur ligne 730: current transaction is aborted, commands ignored until end of transaction block
[2026-01-26T13:10:39.328+0000] {logging_mixin.py:151} INFO -      ⚠️ Erreur ligne 731: current transaction is aborted, commands ignored until end of transaction block
[2026-01-26T13:10:39.329+0000] {logging_mixin.py:151} INFO -      ⚠️ Erreur ligne 732: current transaction is aborted, commands ignored until end of transaction block
[2026-01-26T13:10:39.330+0000] {logging_mixin.py:151} INFO -      ⚠️ Erreur ligne 733: current transaction is aborted, commands ignored until end of transaction block
[2026-01-26T13:10:39.332+0000] {logging_mixin.py:151} INFO -      ⚠️ Erreur ligne 734: current transaction is aborted, commands ignored until end of transaction block
[2026-01-26T13:10:39.333+0000] {logging_mixin.py:151} INFO -      ⚠️ Erreur ligne 735: current transaction is aborted, commands ignored until end of transaction block
[2026-01-26T13:10:39.334+0000] {logging_mixin.py:151} INFO -      ⚠️ Erreur ligne 736: current transaction is aborted, commands ignored until end of transaction block
[2026-01-26T13:10:39.336+0000] {logging_mixin.py:151} INFO -      ⚠️ Erreur ligne 737: current transaction is aborted, commands ignored until end of transaction block
[2026-01-26T13:10:39.337+0000] {logging_mixin.py:151} INFO -      ⚠️ Erreur ligne 738: current transaction is aborted, commands ignored until end of transaction block
[2026-01-26T13:10:39.337+0000] {logging_mixin.py:151} INFO -      ⚠️ Erreur ligne 739: current transaction is aborted, commands ignored until end of transaction block
[2026-01-26T13:10:39.338+0000] {logging_mixin.py:151} INFO -      ⚠️ Erreur ligne 740: current transaction is aborted, commands ignored until end of transaction block
[2026-01-26T13:10:39.339+0000] {logging_mixin.py:151} INFO -      ⚠️ Erreur ligne 741: current transaction is aborted, commands ignored until end of transaction block
[2026-01-26T13:10:39.340+0000] {logging_mixin.py:151} INFO -      ⚠️ Erreur ligne 742: current transaction is aborted, commands ignored until end of transaction block
[2026-01-26T13:10:39.341+0000] {logging_mixin.py:151} INFO -      ⚠️ Erreur ligne 743: current transaction is aborted, commands ignored until end of transaction block
[2026-01-26T13:10:39.342+0000] {logging_mixin.py:151} INFO -      ⚠️ Erreur ligne 744: current transaction is aborted, commands ignored until end of transaction block
[2026-01-26T13:10:39.343+0000] {logging_mixin.py:151} INFO -      ⚠️ Erreur ligne 745: current transaction is aborted, commands ignored until end of transaction block
[2026-01-26T13:10:39.344+0000] {logging_mixin.py:151} INFO -      ⚠️ Erreur ligne 746: current transaction is aborted, commands ignored until end of transaction block
[2026-01-26T13:10:39.345+0000] {logging_mixin.py:151} INFO -      ⚠️ Erreur ligne 747: current transaction is aborted, commands ignored until end of transaction block
[2026-01-26T13:10:39.346+0000] {logging_mixin.py:151} INFO -      ⚠️ Erreur ligne 748: current transaction is aborted, commands ignored until end of transaction block
[2026-01-26T13:10:39.347+0000] {logging_mixin.py:151} INFO -      ⚠️ Erreur ligne 749: current transaction is aborted, commands ignored until end of transaction block
[2026-01-26T13:10:39.348+0000] {logging_mixin.py:151} INFO -      ⚠️ Erreur ligne 750: current transaction is aborted, commands ignored until end of transaction block
[2026-01-26T13:10:39.349+0000] {logging_mixin.py:151} INFO -      ⚠️ Erreur ligne 751: current transaction is aborted, commands ignored until end of transaction block
[2026-01-26T13:10:39.350+0000] {logging_mixin.py:151} INFO -      ⚠️ Erreur ligne 752: current transaction is aborted, commands ignored until end of transaction block
[2026-01-26T13:10:39.351+0000] {logging_mixin.py:151} INFO -      ⚠️ Erreur ligne 753: current transaction is aborted, commands ignored until end of transaction block
[2026-01-26T13:10:39.352+0000] {logging_mixin.py:151} INFO -      ⚠️ Erreur ligne 754: current transaction is aborted, commands ignored until end of transaction block
[2026-01-26T13:10:39.353+0000] {logging_mixin.py:151} INFO -      ⚠️ Erreur ligne 755: current transaction is aborted, commands ignored until end of transaction block
[2026-01-26T13:10:39.354+0000] {logging_mixin.py:151} INFO -      ⚠️ Erreur ligne 756: current transaction is aborted, commands ignored until end of transaction block
[2026-01-26T13:10:39.355+0000] {logging_mixin.py:151} INFO -      ⚠️ Erreur ligne 757: current transaction is aborted, commands ignored until end of transaction block
[2026-01-26T13:10:39.356+0000] {logging_mixin.py:151} INFO -      ⚠️ Erreur ligne 758: current transaction is aborted, commands ignored until end of transaction block
[2026-01-26T13:10:39.357+0000] {logging_mixin.py:151} INFO -      ⚠️ Erreur ligne 759: current transaction is aborted, commands ignored until end of transaction block
[2026-01-26T13:10:39.358+0000] {logging_mixin.py:151} INFO -      ⚠️ Erreur ligne 760: current transaction is aborted, commands ignored until end of transaction block
[2026-01-26T13:10:39.359+0000] {logging_mixin.py:151} INFO -      ⚠️ Erreur ligne 761: current transaction is aborted, commands ignored until end of transaction block
[2026-01-26T13:10:39.360+0000] {logging_mixin.py:151} INFO -      ⚠️ Erreur ligne 762: current transaction is aborted, commands ignored until end of transaction block
[2026-01-26T13:10:39.361+0000] {logging_mixin.py:151} INFO -      ⚠️ Erreur ligne 763: current transaction is aborted, commands ignored until end of transaction block
[2026-01-26T13:10:39.362+0000] {logging_mixin.py:151} INFO -      ⚠️ Erreur ligne 764: current transaction is aborted, commands ignored until end of transaction block
[2026-01-26T13:10:39.363+0000] {logging_mixin.py:151} INFO -      ⚠️ Erreur ligne 765: current transaction is aborted, commands ignored until end of transaction block
[2026-01-26T13:10:39.364+0000] {logging_mixin.py:151} INFO -      ⚠️ Erreur ligne 766: current transaction is aborted, commands ignored until end of transaction block
[2026-01-26T13:10:39.365+0000] {logging_mixin.py:151} INFO -      ⚠️ Erreur ligne 767: current transaction is aborted, commands ignored until end of transaction block
[2026-01-26T13:10:39.365+0000] {logging_mixin.py:151} INFO -      ⚠️ Erreur ligne 768: current transaction is aborted, commands ignored until end of transaction block
[2026-01-26T13:10:39.366+0000] {logging_mixin.py:151} INFO -      ⚠️ Erreur ligne 769: current transaction is aborted, commands ignored until end of transaction block
[2026-01-26T13:10:39.367+0000] {logging_mixin.py:151} INFO -      ⚠️ Erreur ligne 770: current transaction is aborted, commands ignored until end of transaction block
[2026-01-26T13:10:39.368+0000] {logging_mixin.py:151} INFO -      ⚠️ Erreur ligne 771: current transaction is aborted, commands ignored until end of transaction block
[2026-01-26T13:10:39.369+0000] {logging_mixin.py:151} INFO -      ⚠️ Erreur ligne 772: current transaction is aborted, commands ignored until end of transaction block
[2026-01-26T13:10:39.370+0000] {logging_mixin.py:151} INFO -      ⚠️ Erreur ligne 773: current transaction is aborted, commands ignored until end of transaction block
[2026-01-26T13:10:39.371+0000] {logging_mixin.py:151} INFO -      ⚠️ Erreur ligne 774: current transaction is aborted, commands ignored until end of transaction block
[2026-01-26T13:10:39.372+0000] {logging_mixin.py:151} INFO -      ⚠️ Erreur ligne 775: current transaction is aborted, commands ignored until end of transaction block
[2026-01-26T13:10:39.373+0000] {logging_mixin.py:151} INFO -      ⚠️ Erreur ligne 776: current transaction is aborted, commands ignored until end of transaction block
[2026-01-26T13:10:39.374+0000] {logging_mixin.py:151} INFO -      ⚠️ Erreur ligne 777: current transaction is aborted, commands ignored until end of transaction block
[2026-01-26T13:10:39.375+0000] {logging_mixin.py:151} INFO -      ⚠️ Erreur ligne 778: current transaction is aborted, commands ignored until end of transaction block
[2026-01-26T13:10:39.376+0000] {logging_mixin.py:151} INFO -      ⚠️ Erreur ligne 779: current transaction is aborted, commands ignored until end of transaction block
[2026-01-26T13:10:39.377+0000] {logging_mixin.py:151} INFO -      ⚠️ Erreur ligne 780: current transaction is aborted, commands ignored until end of transaction block
[2026-01-26T13:10:39.378+0000] {logging_mixin.py:151} INFO -      ⚠️ Erreur ligne 781: current transaction is aborted, commands ignored until end of transaction block
[2026-01-26T13:10:39.379+0000] {logging_mixin.py:151} INFO -      ⚠️ Erreur ligne 782: current transaction is aborted, commands ignored until end of transaction block
[2026-01-26T13:10:39.380+0000] {logging_mixin.py:151} INFO -      ⚠️ Erreur ligne 783: current transaction is aborted, commands ignored until end of transaction block
[2026-01-26T13:10:39.381+0000] {logging_mixin.py:151} INFO -      ⚠️ Erreur ligne 784: current transaction is aborted, commands ignored until end of transaction block
[2026-01-26T13:10:39.382+0000] {logging_mixin.py:151} INFO -      ⚠️ Erreur ligne 785: current transaction is aborted, commands ignored until end of transaction block
[2026-01-26T13:10:39.384+0000] {logging_mixin.py:151} INFO -      ⚠️ Erreur ligne 786: current transaction is aborted, commands ignored until end of transaction block
[2026-01-26T13:10:39.385+0000] {logging_mixin.py:151} INFO -      ⚠️ Erreur ligne 787: current transaction is aborted, commands ignored until end of transaction block
[2026-01-26T13:10:39.386+0000] {logging_mixin.py:151} INFO -      ⚠️ Erreur ligne 788: current transaction is aborted, commands ignored until end of transaction block
[2026-01-26T13:10:39.387+0000] {logging_mixin.py:151} INFO -      ⚠️ Erreur ligne 789: current transaction is aborted, commands ignored until end of transaction block
[2026-01-26T13:10:39.388+0000] {logging_mixin.py:151} INFO -      ⚠️ Erreur ligne 790: current transaction is aborted, commands ignored until end of transaction block
[2026-01-26T13:10:39.389+0000] {logging_mixin.py:151} INFO -      ⚠️ Erreur ligne 791: current transaction is aborted, commands ignored until end of transaction block
[2026-01-26T13:10:39.390+0000] {logging_mixin.py:151} INFO -      ⚠️ Erreur ligne 792: current transaction is aborted, commands ignored until end of transaction block
[2026-01-26T13:10:39.391+0000] {logging_mixin.py:151} INFO -      ⚠️ Erreur ligne 793: current transaction is aborted, commands ignored until end of transaction block
[2026-01-26T13:10:39.391+0000] {logging_mixin.py:151} INFO -      ⚠️ Erreur ligne 794: current transaction is aborted, commands ignored until end of transaction block
[2026-01-26T13:10:39.393+0000] {logging_mixin.py:151} INFO -      ⚠️ Erreur ligne 795: current transaction is aborted, commands ignored until end of transaction block
[2026-01-26T13:10:39.394+0000] {logging_mixin.py:151} INFO -      ⚠️ Erreur ligne 796: current transaction is aborted, commands ignored until end of transaction block
[2026-01-26T13:10:39.395+0000] {logging_mixin.py:151} INFO -      ⚠️ Erreur ligne 797: current transaction is aborted, commands ignored until end of transaction block
[2026-01-26T13:10:39.396+0000] {logging_mixin.py:151} INFO -      ⚠️ Erreur ligne 798: current transaction is aborted, commands ignored until end of transaction block
[2026-01-26T13:10:39.397+0000] {logging_mixin.py:151} INFO -      ⚠️ Erreur ligne 799: current transaction is aborted, commands ignored until end of transaction block
[2026-01-26T13:10:39.398+0000] {logging_mixin.py:151} INFO -      ⚠️ Erreur ligne 800: current transaction is aborted, commands ignored until end of transaction block
[2026-01-26T13:10:39.400+0000] {logging_mixin.py:151} INFO -      ⚠️ Erreur ligne 801: current transaction is aborted, commands ignored until end of transaction block
[2026-01-26T13:10:39.401+0000] {logging_mixin.py:151} INFO -      ⚠️ Erreur ligne 802: current transaction is aborted, commands ignored until end of transaction block
[2026-01-26T13:10:39.402+0000] {logging_mixin.py:151} INFO -      ⚠️ Erreur ligne 803: current transaction is aborted, commands ignored until end of transaction block
[2026-01-26T13:10:39.404+0000] {logging_mixin.py:151} INFO -      ⚠️ Erreur ligne 804: current transaction is aborted, commands ignored until end of transaction block
[2026-01-26T13:10:39.405+0000] {logging_mixin.py:151} INFO -      ⚠️ Erreur ligne 805: current transaction is aborted, commands ignored until end of transaction block
[2026-01-26T13:10:39.405+0000] {logging_mixin.py:151} INFO -      ⚠️ Erreur ligne 806: current transaction is aborted, commands ignored until end of transaction block
[2026-01-26T13:10:39.406+0000] {logging_mixin.py:151} INFO -      ⚠️ Erreur ligne 807: current transaction is aborted, commands ignored until end of transaction block
[2026-01-26T13:10:39.407+0000] {logging_mixin.py:151} INFO -      ⚠️ Erreur ligne 808: current transaction is aborted, commands ignored until end of transaction block
[2026-01-26T13:10:39.411+0000] {logging_mixin.py:151} INFO -      ⚠️ Erreur ligne 809: current transaction is aborted, commands ignored until end of transaction block
[2026-01-26T13:10:39.412+0000] {logging_mixin.py:151} INFO -      ⚠️ Erreur ligne 810: current transaction is aborted, commands ignored until end of transaction block
[2026-01-26T13:10:39.414+0000] {logging_mixin.py:151} INFO -      ⚠️ Erreur ligne 811: current transaction is aborted, commands ignored until end of transaction block
[2026-01-26T13:10:39.415+0000] {logging_mixin.py:151} INFO -      ⚠️ Erreur ligne 812: current transaction is aborted, commands ignored until end of transaction block
[2026-01-26T13:10:39.416+0000] {logging_mixin.py:151} INFO -      ⚠️ Erreur ligne 813: current transaction is aborted, commands ignored until end of transaction block
[2026-01-26T13:10:39.417+0000] {logging_mixin.py:151} INFO -      ⚠️ Erreur ligne 814: current transaction is aborted, commands ignored until end of transaction block
[2026-01-26T13:10:39.419+0000] {logging_mixin.py:151} INFO -      ⚠️ Erreur ligne 815: current transaction is aborted, commands ignored until end of transaction block
[2026-01-26T13:10:39.420+0000] {logging_mixin.py:151} INFO -      ⚠️ Erreur ligne 816: current transaction is aborted, commands ignored until end of transaction block
[2026-01-26T13:10:39.422+0000] {logging_mixin.py:151} INFO -      ⚠️ Erreur ligne 817: current transaction is aborted, commands ignored until end of transaction block
[2026-01-26T13:10:39.423+0000] {logging_mixin.py:151} INFO -      ⚠️ Erreur ligne 818: current transaction is aborted, commands ignored until end of transaction block
[2026-01-26T13:10:39.424+0000] {logging_mixin.py:151} INFO -      ⚠️ Erreur ligne 819: current transaction is aborted, commands ignored until end of transaction block
[2026-01-26T13:10:39.425+0000] {logging_mixin.py:151} INFO -      ⚠️ Erreur ligne 820: current transaction is aborted, commands ignored until end of transaction block
[2026-01-26T13:10:39.427+0000] {logging_mixin.py:151} INFO -      ⚠️ Erreur ligne 821: current transaction is aborted, commands ignored until end of transaction block
[2026-01-26T13:10:39.428+0000] {logging_mixin.py:151} INFO -      ⚠️ Erreur ligne 822: current transaction is aborted, commands ignored until end of transaction block
[2026-01-26T13:10:39.429+0000] {logging_mixin.py:151} INFO -      ⚠️ Erreur ligne 823: current transaction is aborted, commands ignored until end of transaction block
[2026-01-26T13:10:39.431+0000] {logging_mixin.py:151} INFO -      ⚠️ Erreur ligne 824: current transaction is aborted, commands ignored until end of transaction block
[2026-01-26T13:10:39.432+0000] {logging_mixin.py:151} INFO -      ⚠️ Erreur ligne 825: current transaction is aborted, commands ignored until end of transaction block
[2026-01-26T13:10:39.433+0000] {logging_mixin.py:151} INFO -      ⚠️ Erreur ligne 826: current transaction is aborted, commands ignored until end of transaction block
[2026-01-26T13:10:39.434+0000] {logging_mixin.py:151} INFO -      ⚠️ Erreur ligne 827: current transaction is aborted, commands ignored until end of transaction block
[2026-01-26T13:10:39.435+0000] {logging_mixin.py:151} INFO -      ⚠️ Erreur ligne 828: current transaction is aborted, commands ignored until end of transaction block
[2026-01-26T13:10:39.437+0000] {logging_mixin.py:151} INFO -      ⚠️ Erreur ligne 829: current transaction is aborted, commands ignored until end of transaction block
[2026-01-26T13:10:39.439+0000] {logging_mixin.py:151} INFO -      ⚠️ Erreur ligne 830: current transaction is aborted, commands ignored until end of transaction block
[2026-01-26T13:10:39.440+0000] {logging_mixin.py:151} INFO -      ⚠️ Erreur ligne 831: current transaction is aborted, commands ignored until end of transaction block
[2026-01-26T13:10:39.442+0000] {logging_mixin.py:151} INFO -      ⚠️ Erreur ligne 832: current transaction is aborted, commands ignored until end of transaction block
[2026-01-26T13:10:39.443+0000] {logging_mixin.py:151} INFO -      ⚠️ Erreur ligne 833: current transaction is aborted, commands ignored until end of transaction block
[2026-01-26T13:10:39.445+0000] {logging_mixin.py:151} INFO -      ⚠️ Erreur ligne 834: current transaction is aborted, commands ignored until end of transaction block
[2026-01-26T13:10:39.446+0000] {logging_mixin.py:151} INFO -      ⚠️ Erreur ligne 835: current transaction is aborted, commands ignored until end of transaction block
[2026-01-26T13:10:39.447+0000] {logging_mixin.py:151} INFO -      ⚠️ Erreur ligne 836: current transaction is aborted, commands ignored until end of transaction block
[2026-01-26T13:10:39.448+0000] {logging_mixin.py:151} INFO -      ⚠️ Erreur ligne 837: current transaction is aborted, commands ignored until end of transaction block
[2026-01-26T13:10:39.449+0000] {logging_mixin.py:151} INFO -      ⚠️ Erreur ligne 838: current transaction is aborted, commands ignored until end of transaction block
[2026-01-26T13:10:39.450+0000] {logging_mixin.py:151} INFO -      ⚠️ Erreur ligne 839: current transaction is aborted, commands ignored until end of transaction block
[2026-01-26T13:10:39.451+0000] {logging_mixin.py:151} INFO -      ⚠️ Erreur ligne 840: current transaction is aborted, commands ignored until end of transaction block
[2026-01-26T13:10:39.452+0000] {logging_mixin.py:151} INFO -      ⚠️ Erreur ligne 841: current transaction is aborted, commands ignored until end of transaction block
[2026-01-26T13:10:39.453+0000] {logging_mixin.py:151} INFO -      ⚠️ Erreur ligne 842: current transaction is aborted, commands ignored until end of transaction block
[2026-01-26T13:10:39.454+0000] {logging_mixin.py:151} INFO -      ⚠️ Erreur ligne 843: current transaction is aborted, commands ignored until end of transaction block
[2026-01-26T13:10:39.455+0000] {logging_mixin.py:151} INFO -      ⚠️ Erreur ligne 844: current transaction is aborted, commands ignored until end of transaction block
[2026-01-26T13:10:39.457+0000] {logging_mixin.py:151} INFO -      ⚠️ Erreur ligne 845: current transaction is aborted, commands ignored until end of transaction block
[2026-01-26T13:10:39.459+0000] {logging_mixin.py:151} INFO -      ⚠️ Erreur ligne 846: current transaction is aborted, commands ignored until end of transaction block
[2026-01-26T13:10:39.460+0000] {logging_mixin.py:151} INFO -      ⚠️ Erreur ligne 847: current transaction is aborted, commands ignored until end of transaction block
[2026-01-26T13:10:39.462+0000] {logging_mixin.py:151} INFO -      ⚠️ Erreur ligne 848: current transaction is aborted, commands ignored until end of transaction block
[2026-01-26T13:10:39.463+0000] {logging_mixin.py:151} INFO -      ⚠️ Erreur ligne 849: current transaction is aborted, commands ignored until end of transaction block
[2026-01-26T13:10:39.464+0000] {logging_mixin.py:151} INFO -      ⚠️ Erreur ligne 850: current transaction is aborted, commands ignored until end of transaction block
[2026-01-26T13:10:39.465+0000] {logging_mixin.py:151} INFO -      ⚠️ Erreur ligne 851: current transaction is aborted, commands ignored until end of transaction block
[2026-01-26T13:10:39.466+0000] {logging_mixin.py:151} INFO -      ⚠️ Erreur ligne 852: current transaction is aborted, commands ignored until end of transaction block
[2026-01-26T13:10:39.467+0000] {logging_mixin.py:151} INFO -      ⚠️ Erreur ligne 853: current transaction is aborted, commands ignored until end of transaction block
[2026-01-26T13:10:39.468+0000] {logging_mixin.py:151} INFO -      ⚠️ Erreur ligne 854: current transaction is aborted, commands ignored until end of transaction block
[2026-01-26T13:10:39.469+0000] {logging_mixin.py:151} INFO -      ⚠️ Erreur ligne 855: current transaction is aborted, commands ignored until end of transaction block
[2026-01-26T13:10:39.470+0000] {logging_mixin.py:151} INFO -      ⚠️ Erreur ligne 856: current transaction is aborted, commands ignored until end of transaction block
[2026-01-26T13:10:39.471+0000] {logging_mixin.py:151} INFO -      ⚠️ Erreur ligne 857: current transaction is aborted, commands ignored until end of transaction block
[2026-01-26T13:10:39.471+0000] {logging_mixin.py:151} INFO -      ⚠️ Erreur ligne 858: current transaction is aborted, commands ignored until end of transaction block
[2026-01-26T13:10:39.472+0000] {logging_mixin.py:151} INFO -      ⚠️ Erreur ligne 859: current transaction is aborted, commands ignored until end of transaction block
[2026-01-26T13:10:39.473+0000] {logging_mixin.py:151} INFO -      ⚠️ Erreur ligne 860: current transaction is aborted, commands ignored until end of transaction block
[2026-01-26T13:10:39.474+0000] {logging_mixin.py:151} INFO -      ⚠️ Erreur ligne 861: current transaction is aborted, commands ignored until end of transaction block
[2026-01-26T13:10:39.475+0000] {logging_mixin.py:151} INFO -      ⚠️ Erreur ligne 862: current transaction is aborted, commands ignored until end of transaction block
[2026-01-26T13:10:39.476+0000] {logging_mixin.py:151} INFO -      ⚠️ Erreur ligne 863: current transaction is aborted, commands ignored until end of transaction block
[2026-01-26T13:10:39.477+0000] {logging_mixin.py:151} INFO -      ⚠️ Erreur ligne 864: current transaction is aborted, commands ignored until end of transaction block
[2026-01-26T13:10:39.479+0000] {logging_mixin.py:151} INFO -      ⚠️ Erreur ligne 865: current transaction is aborted, commands ignored until end of transaction block
[2026-01-26T13:10:39.480+0000] {logging_mixin.py:151} INFO -      ⚠️ Erreur ligne 866: current transaction is aborted, commands ignored until end of transaction block
[2026-01-26T13:10:39.482+0000] {logging_mixin.py:151} INFO -      ⚠️ Erreur ligne 867: current transaction is aborted, commands ignored until end of transaction block
[2026-01-26T13:10:39.483+0000] {logging_mixin.py:151} INFO -      ⚠️ Erreur ligne 868: current transaction is aborted, commands ignored until end of transaction block
[2026-01-26T13:10:39.485+0000] {logging_mixin.py:151} INFO -      ⚠️ Erreur ligne 869: current transaction is aborted, commands ignored until end of transaction block
[2026-01-26T13:10:39.486+0000] {logging_mixin.py:151} INFO -      ⚠️ Erreur ligne 870: current transaction is aborted, commands ignored until end of transaction block
[2026-01-26T13:10:39.486+0000] {logging_mixin.py:151} INFO -      ⚠️ Erreur ligne 871: current transaction is aborted, commands ignored until end of transaction block
[2026-01-26T13:10:39.487+0000] {logging_mixin.py:151} INFO -      ⚠️ Erreur ligne 872: current transaction is aborted, commands ignored until end of transaction block
[2026-01-26T13:10:39.488+0000] {logging_mixin.py:151} INFO -      ⚠️ Erreur ligne 873: current transaction is aborted, commands ignored until end of transaction block
[2026-01-26T13:10:39.489+0000] {logging_mixin.py:151} INFO -      ⚠️ Erreur ligne 874: current transaction is aborted, commands ignored until end of transaction block
[2026-01-26T13:10:39.490+0000] {logging_mixin.py:151} INFO -      ⚠️ Erreur ligne 875: current transaction is aborted, commands ignored until end of transaction block
[2026-01-26T13:10:39.491+0000] {logging_mixin.py:151} INFO -      ⚠️ Erreur ligne 876: current transaction is aborted, commands ignored until end of transaction block
[2026-01-26T13:10:39.492+0000] {logging_mixin.py:151} INFO -      ⚠️ Erreur ligne 877: current transaction is aborted, commands ignored until end of transaction block
[2026-01-26T13:10:39.493+0000] {logging_mixin.py:151} INFO -      ⚠️ Erreur ligne 878: current transaction is aborted, commands ignored until end of transaction block
[2026-01-26T13:10:39.494+0000] {logging_mixin.py:151} INFO -      ⚠️ Erreur ligne 879: current transaction is aborted, commands ignored until end of transaction block
[2026-01-26T13:10:39.494+0000] {logging_mixin.py:151} INFO -      ⚠️ Erreur ligne 880: current transaction is aborted, commands ignored until end of transaction block
[2026-01-26T13:10:39.495+0000] {logging_mixin.py:151} INFO -      ⚠️ Erreur ligne 881: current transaction is aborted, commands ignored until end of transaction block
[2026-01-26T13:10:39.496+0000] {logging_mixin.py:151} INFO -      ⚠️ Erreur ligne 882: current transaction is aborted, commands ignored until end of transaction block
[2026-01-26T13:10:39.497+0000] {logging_mixin.py:151} INFO -      ⚠️ Erreur ligne 883: current transaction is aborted, commands ignored until end of transaction block
[2026-01-26T13:10:39.498+0000] {logging_mixin.py:151} INFO -      ⚠️ Erreur ligne 884: current transaction is aborted, commands ignored until end of transaction block
[2026-01-26T13:10:39.499+0000] {logging_mixin.py:151} INFO -      ⚠️ Erreur ligne 885: current transaction is aborted, commands ignored until end of transaction block
[2026-01-26T13:10:39.501+0000] {logging_mixin.py:151} INFO -      ⚠️ Erreur ligne 886: current transaction is aborted, commands ignored until end of transaction block
[2026-01-26T13:10:39.502+0000] {logging_mixin.py:151} INFO -      ⚠️ Erreur ligne 887: current transaction is aborted, commands ignored until end of transaction block
[2026-01-26T13:10:39.503+0000] {logging_mixin.py:151} INFO -      ⚠️ Erreur ligne 888: current transaction is aborted, commands ignored until end of transaction block
[2026-01-26T13:10:39.504+0000] {logging_mixin.py:151} INFO -      ⚠️ Erreur ligne 889: current transaction is aborted, commands ignored until end of transaction block
[2026-01-26T13:10:39.505+0000] {logging_mixin.py:151} INFO -      ⚠️ Erreur ligne 890: current transaction is aborted, commands ignored until end of transaction block
[2026-01-26T13:10:39.506+0000] {logging_mixin.py:151} INFO -      ⚠️ Erreur ligne 891: current transaction is aborted, commands ignored until end of transaction block
[2026-01-26T13:10:39.507+0000] {logging_mixin.py:151} INFO -      ⚠️ Erreur ligne 892: current transaction is aborted, commands ignored until end of transaction block
[2026-01-26T13:10:39.508+0000] {logging_mixin.py:151} INFO -      ⚠️ Erreur ligne 893: current transaction is aborted, commands ignored until end of transaction block
[2026-01-26T13:10:39.510+0000] {logging_mixin.py:151} INFO -      ⚠️ Erreur ligne 894: current transaction is aborted, commands ignored until end of transaction block
[2026-01-26T13:10:39.510+0000] {logging_mixin.py:151} INFO -      ⚠️ Erreur ligne 895: current transaction is aborted, commands ignored until end of transaction block
[2026-01-26T13:10:39.512+0000] {logging_mixin.py:151} INFO -      ⚠️ Erreur ligne 896: current transaction is aborted, commands ignored until end of transaction block
[2026-01-26T13:10:39.513+0000] {logging_mixin.py:151} INFO -      ⚠️ Erreur ligne 897: current transaction is aborted, commands ignored until end of transaction block
[2026-01-26T13:10:39.514+0000] {logging_mixin.py:151} INFO -      ⚠️ Erreur ligne 898: current transaction is aborted, commands ignored until end of transaction block
[2026-01-26T13:10:39.515+0000] {logging_mixin.py:151} INFO -      ⚠️ Erreur ligne 899: current transaction is aborted, commands ignored until end of transaction block
[2026-01-26T13:10:39.516+0000] {logging_mixin.py:151} INFO -      ⚠️ Erreur ligne 900: current transaction is aborted, commands ignored until end of transaction block
[2026-01-26T13:10:39.518+0000] {logging_mixin.py:151} INFO -      ⚠️ Erreur ligne 901: current transaction is aborted, commands ignored until end of transaction block
[2026-01-26T13:10:39.519+0000] {logging_mixin.py:151} INFO -      ⚠️ Erreur ligne 902: current transaction is aborted, commands ignored until end of transaction block
[2026-01-26T13:10:39.520+0000] {logging_mixin.py:151} INFO -      ⚠️ Erreur ligne 903: current transaction is aborted, commands ignored until end of transaction block
[2026-01-26T13:10:39.522+0000] {logging_mixin.py:151} INFO -      ⚠️ Erreur ligne 904: current transaction is aborted, commands ignored until end of transaction block
[2026-01-26T13:10:39.524+0000] {logging_mixin.py:151} INFO -      ⚠️ Erreur ligne 905: current transaction is aborted, commands ignored until end of transaction block
[2026-01-26T13:10:39.525+0000] {logging_mixin.py:151} INFO -      ⚠️ Erreur ligne 906: current transaction is aborted, commands ignored until end of transaction block
[2026-01-26T13:10:39.526+0000] {logging_mixin.py:151} INFO -      ⚠️ Erreur ligne 907: current transaction is aborted, commands ignored until end of transaction block
[2026-01-26T13:10:39.527+0000] {logging_mixin.py:151} INFO -      ⚠️ Erreur ligne 908: current transaction is aborted, commands ignored until end of transaction block
[2026-01-26T13:10:39.528+0000] {logging_mixin.py:151} INFO -      ⚠️ Erreur ligne 909: current transaction is aborted, commands ignored until end of transaction block
[2026-01-26T13:10:39.529+0000] {logging_mixin.py:151} INFO -      ⚠️ Erreur ligne 910: current transaction is aborted, commands ignored until end of transaction block
[2026-01-26T13:10:39.531+0000] {logging_mixin.py:151} INFO -      ⚠️ Erreur ligne 911: current transaction is aborted, commands ignored until end of transaction block
[2026-01-26T13:10:39.532+0000] {logging_mixin.py:151} INFO -      ⚠️ Erreur ligne 912: current transaction is aborted, commands ignored until end of transaction block
[2026-01-26T13:10:39.533+0000] {logging_mixin.py:151} INFO -      ⚠️ Erreur ligne 913: current transaction is aborted, commands ignored until end of transaction block
[2026-01-26T13:10:39.534+0000] {logging_mixin.py:151} INFO -      ⚠️ Erreur ligne 914: current transaction is aborted, commands ignored until end of transaction block
[2026-01-26T13:10:39.536+0000] {logging_mixin.py:151} INFO -      ⚠️ Erreur ligne 915: current transaction is aborted, commands ignored until end of transaction block
[2026-01-26T13:10:39.537+0000] {logging_mixin.py:151} INFO -      ⚠️ Erreur ligne 916: current transaction is aborted, commands ignored until end of transaction block
[2026-01-26T13:10:39.538+0000] {logging_mixin.py:151} INFO -      ⚠️ Erreur ligne 917: current transaction is aborted, commands ignored until end of transaction block
[2026-01-26T13:10:39.539+0000] {logging_mixin.py:151} INFO -      ⚠️ Erreur ligne 918: current transaction is aborted, commands ignored until end of transaction block
[2026-01-26T13:10:39.540+0000] {logging_mixin.py:151} INFO -      ⚠️ Erreur ligne 919: current transaction is aborted, commands ignored until end of transaction block
[2026-01-26T13:10:39.541+0000] {logging_mixin.py:151} INFO -      ⚠️ Erreur ligne 920: current transaction is aborted, commands ignored until end of transaction block
[2026-01-26T13:10:39.545+0000] {logging_mixin.py:151} INFO -      ⚠️ Erreur ligne 921: current transaction is aborted, commands ignored until end of transaction block
[2026-01-26T13:10:39.546+0000] {logging_mixin.py:151} INFO -      ⚠️ Erreur ligne 922: current transaction is aborted, commands ignored until end of transaction block
[2026-01-26T13:10:39.548+0000] {logging_mixin.py:151} INFO -      ⚠️ Erreur ligne 923: current transaction is aborted, commands ignored until end of transaction block
[2026-01-26T13:10:39.549+0000] {logging_mixin.py:151} INFO -      ⚠️ Erreur ligne 924: current transaction is aborted, commands ignored until end of transaction block
[2026-01-26T13:10:39.549+0000] {logging_mixin.py:151} INFO -      ⚠️ Erreur ligne 925: current transaction is aborted, commands ignored until end of transaction block
[2026-01-26T13:10:39.550+0000] {logging_mixin.py:151} INFO -      ⚠️ Erreur ligne 926: current transaction is aborted, commands ignored until end of transaction block
[2026-01-26T13:10:39.551+0000] {logging_mixin.py:151} INFO -      ⚠️ Erreur ligne 927: current transaction is aborted, commands ignored until end of transaction block
[2026-01-26T13:10:39.552+0000] {logging_mixin.py:151} INFO -      ⚠️ Erreur ligne 928: current transaction is aborted, commands ignored until end of transaction block
[2026-01-26T13:10:39.553+0000] {logging_mixin.py:151} INFO -      ⚠️ Erreur ligne 929: current transaction is aborted, commands ignored until end of transaction block
[2026-01-26T13:10:39.554+0000] {logging_mixin.py:151} INFO -      ⚠️ Erreur ligne 930: current transaction is aborted, commands ignored until end of transaction block
[2026-01-26T13:10:39.555+0000] {logging_mixin.py:151} INFO -      ⚠️ Erreur ligne 931: current transaction is aborted, commands ignored until end of transaction block
[2026-01-26T13:10:39.556+0000] {logging_mixin.py:151} INFO -      ⚠️ Erreur ligne 932: current transaction is aborted, commands ignored until end of transaction block
[2026-01-26T13:10:39.557+0000] {logging_mixin.py:151} INFO -      ⚠️ Erreur ligne 933: current transaction is aborted, commands ignored until end of transaction block
[2026-01-26T13:10:39.559+0000] {logging_mixin.py:151} INFO -      ⚠️ Erreur ligne 934: current transaction is aborted, commands ignored until end of transaction block
[2026-01-26T13:10:39.560+0000] {logging_mixin.py:151} INFO -      ⚠️ Erreur ligne 935: current transaction is aborted, commands ignored until end of transaction block
[2026-01-26T13:10:39.562+0000] {logging_mixin.py:151} INFO -      ⚠️ Erreur ligne 936: current transaction is aborted, commands ignored until end of transaction block
[2026-01-26T13:10:39.564+0000] {logging_mixin.py:151} INFO -      ⚠️ Erreur ligne 937: current transaction is aborted, commands ignored until end of transaction block
[2026-01-26T13:10:39.565+0000] {logging_mixin.py:151} INFO -      ⚠️ Erreur ligne 938: current transaction is aborted, commands ignored until end of transaction block
[2026-01-26T13:10:39.566+0000] {logging_mixin.py:151} INFO -      ⚠️ Erreur ligne 939: current transaction is aborted, commands ignored until end of transaction block
[2026-01-26T13:10:39.567+0000] {logging_mixin.py:151} INFO -      ⚠️ Erreur ligne 940: current transaction is aborted, commands ignored until end of transaction block
[2026-01-26T13:10:39.568+0000] {logging_mixin.py:151} INFO -      ⚠️ Erreur ligne 941: current transaction is aborted, commands ignored until end of transaction block
[2026-01-26T13:10:39.569+0000] {logging_mixin.py:151} INFO -      ⚠️ Erreur ligne 942: current transaction is aborted, commands ignored until end of transaction block
[2026-01-26T13:10:39.570+0000] {logging_mixin.py:151} INFO -      ⚠️ Erreur ligne 943: current transaction is aborted, commands ignored until end of transaction block
[2026-01-26T13:10:39.571+0000] {logging_mixin.py:151} INFO -      ⚠️ Erreur ligne 944: current transaction is aborted, commands ignored until end of transaction block
[2026-01-26T13:10:39.572+0000] {logging_mixin.py:151} INFO -      ⚠️ Erreur ligne 945: current transaction is aborted, commands ignored until end of transaction block
[2026-01-26T13:10:39.573+0000] {logging_mixin.py:151} INFO -      ⚠️ Erreur ligne 946: current transaction is aborted, commands ignored until end of transaction block
[2026-01-26T13:10:39.574+0000] {logging_mixin.py:151} INFO -      ⚠️ Erreur ligne 947: current transaction is aborted, commands ignored until end of transaction block
[2026-01-26T13:10:39.575+0000] {logging_mixin.py:151} INFO -      ⚠️ Erreur ligne 948: current transaction is aborted, commands ignored until end of transaction block
[2026-01-26T13:10:39.575+0000] {logging_mixin.py:151} INFO -      ⚠️ Erreur ligne 949: current transaction is aborted, commands ignored until end of transaction block
[2026-01-26T13:10:39.576+0000] {logging_mixin.py:151} INFO -      ⚠️ Erreur ligne 950: current transaction is aborted, commands ignored until end of transaction block
[2026-01-26T13:10:39.577+0000] {logging_mixin.py:151} INFO -      ⚠️ Erreur ligne 951: current transaction is aborted, commands ignored until end of transaction block
[2026-01-26T13:10:39.578+0000] {logging_mixin.py:151} INFO -      ⚠️ Erreur ligne 952: current transaction is aborted, commands ignored until end of transaction block
[2026-01-26T13:10:39.579+0000] {logging_mixin.py:151} INFO -      ⚠️ Erreur ligne 953: current transaction is aborted, commands ignored until end of transaction block
[2026-01-26T13:10:39.580+0000] {logging_mixin.py:151} INFO -      ⚠️ Erreur ligne 954: current transaction is aborted, commands ignored until end of transaction block
[2026-01-26T13:10:39.581+0000] {logging_mixin.py:151} INFO -      ⚠️ Erreur ligne 955: current transaction is aborted, commands ignored until end of transaction block
[2026-01-26T13:10:39.582+0000] {logging_mixin.py:151} INFO -      ⚠️ Erreur ligne 956: current transaction is aborted, commands ignored until end of transaction block
[2026-01-26T13:10:39.582+0000] {logging_mixin.py:151} INFO -      ⚠️ Erreur ligne 957: current transaction is aborted, commands ignored until end of transaction block
[2026-01-26T13:10:39.583+0000] {logging_mixin.py:151} INFO -      ⚠️ Erreur ligne 958: current transaction is aborted, commands ignored until end of transaction block
[2026-01-26T13:10:39.584+0000] {logging_mixin.py:151} INFO -      ⚠️ Erreur ligne 959: current transaction is aborted, commands ignored until end of transaction block
[2026-01-26T13:10:39.585+0000] {logging_mixin.py:151} INFO -      ⚠️ Erreur ligne 960: current transaction is aborted, commands ignored until end of transaction block
[2026-01-26T13:10:39.586+0000] {logging_mixin.py:151} INFO -      ⚠️ Erreur ligne 961: current transaction is aborted, commands ignored until end of transaction block
[2026-01-26T13:10:39.587+0000] {logging_mixin.py:151} INFO -      ⚠️ Erreur ligne 962: current transaction is aborted, commands ignored until end of transaction block
[2026-01-26T13:10:39.589+0000] {logging_mixin.py:151} INFO -      ⚠️ Erreur ligne 963: current transaction is aborted, commands ignored until end of transaction block
[2026-01-26T13:10:39.590+0000] {logging_mixin.py:151} INFO -      ⚠️ Erreur ligne 964: current transaction is aborted, commands ignored until end of transaction block
[2026-01-26T13:10:39.591+0000] {logging_mixin.py:151} INFO -      ⚠️ Erreur ligne 965: current transaction is aborted, commands ignored until end of transaction block
[2026-01-26T13:10:39.593+0000] {logging_mixin.py:151} INFO -      ⚠️ Erreur ligne 966: current transaction is aborted, commands ignored until end of transaction block
[2026-01-26T13:10:39.594+0000] {logging_mixin.py:151} INFO -      ⚠️ Erreur ligne 967: current transaction is aborted, commands ignored until end of transaction block
[2026-01-26T13:10:39.596+0000] {logging_mixin.py:151} INFO -      ⚠️ Erreur ligne 968: current transaction is aborted, commands ignored until end of transaction block
[2026-01-26T13:10:39.597+0000] {logging_mixin.py:151} INFO -      ⚠️ Erreur ligne 969: current transaction is aborted, commands ignored until end of transaction block
[2026-01-26T13:10:39.598+0000] {logging_mixin.py:151} INFO -      ⚠️ Erreur ligne 970: current transaction is aborted, commands ignored until end of transaction block
[2026-01-26T13:10:39.599+0000] {logging_mixin.py:151} INFO -      ⚠️ Erreur ligne 971: current transaction is aborted, commands ignored until end of transaction block
[2026-01-26T13:10:39.600+0000] {logging_mixin.py:151} INFO -      ⚠️ Erreur ligne 972: current transaction is aborted, commands ignored until end of transaction block
[2026-01-26T13:10:39.600+0000] {logging_mixin.py:151} INFO -      ⚠️ Erreur ligne 973: current transaction is aborted, commands ignored until end of transaction block
[2026-01-26T13:10:39.601+0000] {logging_mixin.py:151} INFO -      ⚠️ Erreur ligne 974: current transaction is aborted, commands ignored until end of transaction block
[2026-01-26T13:10:39.602+0000] {logging_mixin.py:151} INFO -      ⚠️ Erreur ligne 975: current transaction is aborted, commands ignored until end of transaction block
[2026-01-26T13:10:39.603+0000] {logging_mixin.py:151} INFO -      ⚠️ Erreur ligne 976: current transaction is aborted, commands ignored until end of transaction block
[2026-01-26T13:10:39.604+0000] {logging_mixin.py:151} INFO -      ⚠️ Erreur ligne 977: current transaction is aborted, commands ignored until end of transaction block
[2026-01-26T13:10:39.605+0000] {logging_mixin.py:151} INFO -      ⚠️ Erreur ligne 978: current transaction is aborted, commands ignored until end of transaction block
[2026-01-26T13:10:39.606+0000] {logging_mixin.py:151} INFO -      ⚠️ Erreur ligne 979: current transaction is aborted, commands ignored until end of transaction block
[2026-01-26T13:10:39.607+0000] {logging_mixin.py:151} INFO -      ⚠️ Erreur ligne 980: current transaction is aborted, commands ignored until end of transaction block
[2026-01-26T13:10:39.608+0000] {logging_mixin.py:151} INFO -      ⚠️ Erreur ligne 981: current transaction is aborted, commands ignored until end of transaction block
[2026-01-26T13:10:39.609+0000] {logging_mixin.py:151} INFO -      ⚠️ Erreur ligne 982: current transaction is aborted, commands ignored until end of transaction block
[2026-01-26T13:10:39.609+0000] {logging_mixin.py:151} INFO -      ⚠️ Erreur ligne 983: current transaction is aborted, commands ignored until end of transaction block
[2026-01-26T13:10:39.610+0000] {logging_mixin.py:151} INFO -      ⚠️ Erreur ligne 984: current transaction is aborted, commands ignored until end of transaction block
[2026-01-26T13:10:39.611+0000] {logging_mixin.py:151} INFO -      ⚠️ Erreur ligne 985: current transaction is aborted, commands ignored until end of transaction block
[2026-01-26T13:10:39.612+0000] {logging_mixin.py:151} INFO -      ⚠️ Erreur ligne 986: current transaction is aborted, commands ignored until end of transaction block
[2026-01-26T13:10:39.613+0000] {logging_mixin.py:151} INFO -      ⚠️ Erreur ligne 987: current transaction is aborted, commands ignored until end of transaction block
[2026-01-26T13:10:39.614+0000] {logging_mixin.py:151} INFO -      ⚠️ Erreur ligne 988: current transaction is aborted, commands ignored until end of transaction block
[2026-01-26T13:10:39.615+0000] {logging_mixin.py:151} INFO -      ⚠️ Erreur ligne 989: current transaction is aborted, commands ignored until end of transaction block
[2026-01-26T13:10:39.616+0000] {logging_mixin.py:151} INFO -      ⚠️ Erreur ligne 990: current transaction is aborted, commands ignored until end of transaction block
[2026-01-26T13:10:39.617+0000] {logging_mixin.py:151} INFO -      ⚠️ Erreur ligne 991: current transaction is aborted, commands ignored until end of transaction block
[2026-01-26T13:10:39.618+0000] {logging_mixin.py:151} INFO -      ⚠️ Erreur ligne 992: current transaction is aborted, commands ignored until end of transaction block
[2026-01-26T13:10:39.619+0000] {logging_mixin.py:151} INFO -      ⚠️ Erreur ligne 993: current transaction is aborted, commands ignored until end of transaction block
[2026-01-26T13:10:39.621+0000] {logging_mixin.py:151} INFO -      ⚠️ Erreur ligne 994: current transaction is aborted, commands ignored until end of transaction block
[2026-01-26T13:10:39.622+0000] {logging_mixin.py:151} INFO -      ⚠️ Erreur ligne 995: current transaction is aborted, commands ignored until end of transaction block
[2026-01-26T13:10:39.623+0000] {logging_mixin.py:151} INFO -      ⚠️ Erreur ligne 996: current transaction is aborted, commands ignored until end of transaction block
[2026-01-26T13:10:39.624+0000] {logging_mixin.py:151} INFO -      ⚠️ Erreur ligne 997: current transaction is aborted, commands ignored until end of transaction block
[2026-01-26T13:10:39.625+0000] {logging_mixin.py:151} INFO -      ⚠️ Erreur ligne 998: current transaction is aborted, commands ignored until end of transaction block
[2026-01-26T13:10:39.626+0000] {logging_mixin.py:151} INFO -      ⚠️ Erreur ligne 999: current transaction is aborted, commands ignored until end of transaction block
[2026-01-26T13:10:39.627+0000] {logging_mixin.py:151} INFO -      ⚠️ Erreur ligne 1000: current transaction is aborted, commands ignored until end of transaction block
[2026-01-26T13:10:39.628+0000] {logging_mixin.py:151} INFO -      ⚠️ Erreur ligne 1001: current transaction is aborted, commands ignored until end of transaction block
[2026-01-26T13:10:39.629+0000] {logging_mixin.py:151} INFO -      ⚠️ Erreur ligne 1002: current transaction is aborted, commands ignored until end of transaction block
[2026-01-26T13:10:39.630+0000] {logging_mixin.py:151} INFO -      ⚠️ Erreur ligne 1003: current transaction is aborted, commands ignored until end of transaction block
[2026-01-26T13:10:39.631+0000] {logging_mixin.py:151} INFO -      ⚠️ Erreur ligne 1004: current transaction is aborted, commands ignored until end of transaction block
[2026-01-26T13:10:39.631+0000] {logging_mixin.py:151} INFO -      ⚠️ Erreur ligne 1005: current transaction is aborted, commands ignored until end of transaction block
[2026-01-26T13:10:39.632+0000] {logging_mixin.py:151} INFO -      ⚠️ Erreur ligne 1006: current transaction is aborted, commands ignored until end of transaction block
[2026-01-26T13:10:39.633+0000] {logging_mixin.py:151} INFO -      ⚠️ Erreur ligne 1007: current transaction is aborted, commands ignored until end of transaction block
[2026-01-26T13:10:39.634+0000] {logging_mixin.py:151} INFO -      ⚠️ Erreur ligne 1008: current transaction is aborted, commands ignored until end of transaction block
[2026-01-26T13:10:39.635+0000] {logging_mixin.py:151} INFO -      ⚠️ Erreur ligne 1009: current transaction is aborted, commands ignored until end of transaction block
[2026-01-26T13:10:39.636+0000] {logging_mixin.py:151} INFO -      ⚠️ Erreur ligne 1010: current transaction is aborted, commands ignored until end of transaction block
[2026-01-26T13:10:39.637+0000] {logging_mixin.py:151} INFO -      ⚠️ Erreur ligne 1011: current transaction is aborted, commands ignored until end of transaction block
[2026-01-26T13:10:39.637+0000] {logging_mixin.py:151} INFO -      ⚠️ Erreur ligne 1012: current transaction is aborted, commands ignored until end of transaction block
[2026-01-26T13:10:39.638+0000] {logging_mixin.py:151} INFO -      ⚠️ Erreur ligne 1013: current transaction is aborted, commands ignored until end of transaction block
[2026-01-26T13:10:39.639+0000] {logging_mixin.py:151} INFO -      ⚠️ Erreur ligne 1014: current transaction is aborted, commands ignored until end of transaction block
[2026-01-26T13:10:39.640+0000] {logging_mixin.py:151} INFO -      ⚠️ Erreur ligne 1015: current transaction is aborted, commands ignored until end of transaction block
[2026-01-26T13:10:39.641+0000] {logging_mixin.py:151} INFO -      ⚠️ Erreur ligne 1016: current transaction is aborted, commands ignored until end of transaction block
[2026-01-26T13:10:39.642+0000] {logging_mixin.py:151} INFO -      ⚠️ Erreur ligne 1017: current transaction is aborted, commands ignored until end of transaction block
[2026-01-26T13:10:39.642+0000] {logging_mixin.py:151} INFO -      ✅ 0 lignes insérées, 0 doublons ignorés
[2026-01-26T13:10:39.643+0000] {logging_mixin.py:151} INFO -   ✅ Fichier traité avec succès !
[2026-01-26T13:10:39.643+0000] {logging_mixin.py:151} INFO - 
================================================================================
[2026-01-26T13:10:39.644+0000] {logging_mixin.py:151} INFO - RÉSUMÉ FINAL
[2026-01-26T13:10:39.645+0000] {logging_mixin.py:151} INFO - ================================================================================
[2026-01-26T13:10:39.645+0000] {logging_mixin.py:151} INFO - ✅ Succès  : 3 fichiers
[2026-01-26T13:10:39.646+0000] {logging_mixin.py:151} INFO - ❌ Échecs  : 0 fichiers
[2026-01-26T13:10:39.647+0000] {logging_mixin.py:151} INFO - ================================================================================
[2026-01-26T13:10:39.647+0000] {python.py:194} INFO - Done. Returned value was: Done: 3 succeeded, 0 failed
[2026-01-26T13:10:39.676+0000] {taskinstance.py:1398} INFO - Marking task as SUCCESS. dag_id=stock_etl_simple, task_id=run_etl_simple, execution_date=20260126T131031, start_date=20260126T131033, end_date=20260126T131039
[2026-01-26T13:10:39.748+0000] {local_task_job_runner.py:228} INFO - Task exited with return code 0
[2026-01-26T13:10:39.769+0000] {taskinstance.py:2776} INFO - 0 downstream tasks scheduled from follow-on schedule check
