[2026-01-26T14:54:41.318+0000] {logging_mixin.py:151} INFO - Changing /opt/***/logs/dag_id=stock_etl_simple/run_id=manual__2026-01-26T14:54:37.325076+00:00/task_id=run_etl_simple permission to 509
[2026-01-26T14:54:41.393+0000] {logging_mixin.py:151} INFO - Changing /opt/***/logs/dag_id=stock_etl_simple/run_id=manual__2026-01-26T14:54:37.325076+00:00/task_id=run_etl_simple permission to 509
[2026-01-26T14:54:41.458+0000] {taskinstance.py:1157} INFO - Dependencies all met for dep_context=non-requeueable deps ti=<TaskInstance: stock_etl_simple.run_etl_simple manual__2026-01-26T14:54:37.325076+00:00 [queued]>
[2026-01-26T14:54:41.470+0000] {taskinstance.py:1157} INFO - Dependencies all met for dep_context=requeueable deps ti=<TaskInstance: stock_etl_simple.run_etl_simple manual__2026-01-26T14:54:37.325076+00:00 [queued]>
[2026-01-26T14:54:41.471+0000] {taskinstance.py:1359} INFO - Starting attempt 1 of 1
[2026-01-26T14:54:41.492+0000] {taskinstance.py:1380} INFO - Executing <Task(PythonOperator): run_etl_simple> on 2026-01-26 14:54:37.325076+00:00
[2026-01-26T14:54:41.500+0000] {standard_task_runner.py:57} INFO - Started process 210 to run task
[2026-01-26T14:54:41.504+0000] {standard_task_runner.py:84} INFO - Running: ['***', 'tasks', 'run', 'stock_etl_simple', 'run_etl_simple', 'manual__2026-01-26T14:54:37.325076+00:00', '--job-id', '25', '--raw', '--subdir', 'DAGS_FOLDER/stock_etl_simple.py', '--cfg-path', '/tmp/tmph_a3n966']
[2026-01-26T14:54:41.506+0000] {standard_task_runner.py:85} INFO - Job 25: Subtask run_etl_simple
[2026-01-26T14:54:41.542+0000] {logging_mixin.py:151} WARNING - /home/***/.local/lib/python3.8/site-packages/***/settings.py:195 DeprecationWarning: The sql_alchemy_conn option in [core] has been moved to the sql_alchemy_conn option in [database] - the old setting has been used, but please update your config.
[2026-01-26T14:54:41.599+0000] {logging_mixin.py:151} INFO - Changing /opt/***/logs/dag_id=stock_etl_simple/run_id=manual__2026-01-26T14:54:37.325076+00:00/task_id=run_etl_simple permission to 509
[2026-01-26T14:54:41.605+0000] {task_command.py:415} INFO - Running <TaskInstance: stock_etl_simple.run_etl_simple manual__2026-01-26T14:54:37.325076+00:00 [running]> on host b203104de7dd
[2026-01-26T14:54:41.794+0000] {taskinstance.py:1660} INFO - Exporting env vars: AIRFLOW_CTX_DAG_OWNER='***' AIRFLOW_CTX_DAG_ID='stock_etl_simple' AIRFLOW_CTX_TASK_ID='run_etl_simple' AIRFLOW_CTX_EXECUTION_DATE='2026-01-26T14:54:37.325076+00:00' AIRFLOW_CTX_TRY_NUMBER='1' AIRFLOW_CTX_DAG_RUN_ID='manual__2026-01-26T14:54:37.325076+00:00'
[2026-01-26T14:54:44.121+0000] {logging_mixin.py:151} INFO - ================================================================================
[2026-01-26T14:54:44.122+0000] {logging_mixin.py:151} INFO - DÉBUT DU PIPELINE SIMPLE
[2026-01-26T14:54:44.123+0000] {logging_mixin.py:151} INFO - ================================================================================
[2026-01-26T14:54:44.123+0000] {logging_mixin.py:151} INFO - Dossier data : /opt/***/data/raw
[2026-01-26T14:54:44.124+0000] {logging_mixin.py:151} INFO - Existe : True
[2026-01-26T14:54:44.124+0000] {logging_mixin.py:151} INFO - ✅ Trouvé 3 fichiers CSV
[2026-01-26T14:54:44.125+0000] {logging_mixin.py:151} INFO -   - AAPL_2026-01-26 06:13:30.297050+00:00.csv
[2026-01-26T14:54:44.125+0000] {logging_mixin.py:151} INFO -   - GOOGL_2026-01-26 06:13:31.897613+00:00.csv
[2026-01-26T14:54:44.125+0000] {logging_mixin.py:151} INFO -   - MSFT_2026-01-26 06:13:31.074172+00:00.csv
[2026-01-26T14:54:44.125+0000] {logging_mixin.py:151} INFO - 
--------------------------------------------------------------------------------
[2026-01-26T14:54:44.125+0000] {logging_mixin.py:151} INFO - 📄 Traitement de : AAPL_2026-01-26 06:13:30.297050+00:00.csv
[2026-01-26T14:54:44.126+0000] {logging_mixin.py:151} INFO - --------------------------------------------------------------------------------
[2026-01-26T14:54:44.126+0000] {logging_mixin.py:151} INFO -   1️⃣ Lecture du CSV...
[2026-01-26T14:54:44.134+0000] {logging_mixin.py:151} INFO -      ✅ Lu 1018 lignes
[2026-01-26T14:54:44.481+0000] {logging_mixin.py:151} INFO -      Colonnes: ['Date', 'Open', 'High', 'Low', 'Close', 'Volume', 'Dividends', 'Stock Splits', 'symbol', 'extracted_at']
[2026-01-26T14:54:44.482+0000] {logging_mixin.py:151} INFO -   2️⃣ Nettoyage des colonnes...
[2026-01-26T14:54:44.484+0000] {logging_mixin.py:151} INFO -      ✅ Colonnes nettoyées: ['date', 'open', 'high', 'low', 'close', 'volume', 'dividends', 'stock_splits', 'symbol', 'extracted_at']
[2026-01-26T14:54:44.484+0000] {logging_mixin.py:151} INFO -   3️⃣ Conversion des dates...
[2026-01-26T14:54:44.493+0000] {logging_mixin.py:151} INFO -      ✅ Dates converties
[2026-01-26T14:54:44.493+0000] {logging_mixin.py:151} INFO -   4️⃣ Nettoyage des données...
[2026-01-26T14:54:44.504+0000] {logging_mixin.py:151} INFO -      ✅ 1018 → 1018 lignes (après nettoyage)
[2026-01-26T14:54:44.504+0000] {logging_mixin.py:151} INFO -   5️⃣ Connexion à la base de données...
[2026-01-26T14:54:44.508+0000] {logging_mixin.py:151} INFO -      ✅ Connecté
[2026-01-26T14:54:44.508+0000] {logging_mixin.py:151} INFO -   6️⃣ Insertion des données...
[2026-01-26T14:54:44.511+0000] {logging_mixin.py:151} INFO -      ⚠️ Erreur ligne 0: column "id" does not exist
LINE 5:                         RETURNING id
                                          ^
[2026-01-26T14:54:44.512+0000] {logging_mixin.py:151} INFO -      ⚠️ Erreur ligne 1: current transaction is aborted, commands ignored until end of transaction block
[2026-01-26T14:54:44.513+0000] {logging_mixin.py:151} INFO -      ⚠️ Erreur ligne 2: current transaction is aborted, commands ignored until end of transaction block
[2026-01-26T14:54:44.514+0000] {logging_mixin.py:151} INFO -      ⚠️ Erreur ligne 3: current transaction is aborted, commands ignored until end of transaction block
[2026-01-26T14:54:44.514+0000] {logging_mixin.py:151} INFO -      ⚠️ Erreur ligne 4: current transaction is aborted, commands ignored until end of transaction block
[2026-01-26T14:54:44.515+0000] {logging_mixin.py:151} INFO -      ⚠️ Erreur ligne 5: current transaction is aborted, commands ignored until end of transaction block
[2026-01-26T14:54:44.516+0000] {logging_mixin.py:151} INFO -      ⚠️ Erreur ligne 6: current transaction is aborted, commands ignored until end of transaction block
[2026-01-26T14:54:44.517+0000] {logging_mixin.py:151} INFO -      ⚠️ Erreur ligne 7: current transaction is aborted, commands ignored until end of transaction block
[2026-01-26T14:54:44.518+0000] {logging_mixin.py:151} INFO -      ⚠️ Erreur ligne 8: current transaction is aborted, commands ignored until end of transaction block
[2026-01-26T14:54:44.519+0000] {logging_mixin.py:151} INFO -      ⚠️ Erreur ligne 9: current transaction is aborted, commands ignored until end of transaction block
[2026-01-26T14:54:44.520+0000] {logging_mixin.py:151} INFO -      ⚠️ Erreur ligne 10: current transaction is aborted, commands ignored until end of transaction block
[2026-01-26T14:54:44.521+0000] {logging_mixin.py:151} INFO -      ⚠️ Erreur ligne 11: current transaction is aborted, commands ignored until end of transaction block
[2026-01-26T14:54:44.522+0000] {logging_mixin.py:151} INFO -      ⚠️ Erreur ligne 12: current transaction is aborted, commands ignored until end of transaction block
[2026-01-26T14:54:44.523+0000] {logging_mixin.py:151} INFO -      ⚠️ Erreur ligne 13: current transaction is aborted, commands ignored until end of transaction block
[2026-01-26T14:54:44.524+0000] {logging_mixin.py:151} INFO -      ⚠️ Erreur ligne 14: current transaction is aborted, commands ignored until end of transaction block
[2026-01-26T14:54:44.526+0000] {logging_mixin.py:151} INFO -      ⚠️ Erreur ligne 15: current transaction is aborted, commands ignored until end of transaction block
[2026-01-26T14:54:44.526+0000] {logging_mixin.py:151} INFO -      ⚠️ Erreur ligne 16: current transaction is aborted, commands ignored until end of transaction block
[2026-01-26T14:54:44.527+0000] {logging_mixin.py:151} INFO -      ⚠️ Erreur ligne 17: current transaction is aborted, commands ignored until end of transaction block
[2026-01-26T14:54:44.528+0000] {logging_mixin.py:151} INFO -      ⚠️ Erreur ligne 18: current transaction is aborted, commands ignored until end of transaction block
[2026-01-26T14:54:44.529+0000] {logging_mixin.py:151} INFO -      ⚠️ Erreur ligne 19: current transaction is aborted, commands ignored until end of transaction block
[2026-01-26T14:54:44.530+0000] {logging_mixin.py:151} INFO -      ⚠️ Erreur ligne 20: current transaction is aborted, commands ignored until end of transaction block
[2026-01-26T14:54:44.531+0000] {logging_mixin.py:151} INFO -      ⚠️ Erreur ligne 21: current transaction is aborted, commands ignored until end of transaction block
[2026-01-26T14:54:44.532+0000] {logging_mixin.py:151} INFO -      ⚠️ Erreur ligne 22: current transaction is aborted, commands ignored until end of transaction block
[2026-01-26T14:54:44.533+0000] {logging_mixin.py:151} INFO -      ⚠️ Erreur ligne 23: current transaction is aborted, commands ignored until end of transaction block
[2026-01-26T14:54:44.534+0000] {logging_mixin.py:151} INFO -      ⚠️ Erreur ligne 24: current transaction is aborted, commands ignored until end of transaction block
[2026-01-26T14:54:44.536+0000] {logging_mixin.py:151} INFO -      ⚠️ Erreur ligne 25: current transaction is aborted, commands ignored until end of transaction block
[2026-01-26T14:54:44.539+0000] {logging_mixin.py:151} INFO -      ⚠️ Erreur ligne 26: current transaction is aborted, commands ignored until end of transaction block
[2026-01-26T14:54:44.540+0000] {logging_mixin.py:151} INFO -      ⚠️ Erreur ligne 27: current transaction is aborted, commands ignored until end of transaction block
[2026-01-26T14:54:44.542+0000] {logging_mixin.py:151} INFO -      ⚠️ Erreur ligne 28: current transaction is aborted, commands ignored until end of transaction block
[2026-01-26T14:54:44.543+0000] {logging_mixin.py:151} INFO -      ⚠️ Erreur ligne 29: current transaction is aborted, commands ignored until end of transaction block
[2026-01-26T14:54:44.544+0000] {logging_mixin.py:151} INFO -      ⚠️ Erreur ligne 30: current transaction is aborted, commands ignored until end of transaction block
[2026-01-26T14:54:44.545+0000] {logging_mixin.py:151} INFO -      ⚠️ Erreur ligne 31: current transaction is aborted, commands ignored until end of transaction block
[2026-01-26T14:54:44.547+0000] {logging_mixin.py:151} INFO -      ⚠️ Erreur ligne 32: current transaction is aborted, commands ignored until end of transaction block
[2026-01-26T14:54:44.548+0000] {logging_mixin.py:151} INFO -      ⚠️ Erreur ligne 33: current transaction is aborted, commands ignored until end of transaction block
[2026-01-26T14:54:44.549+0000] {logging_mixin.py:151} INFO -      ⚠️ Erreur ligne 34: current transaction is aborted, commands ignored until end of transaction block
[2026-01-26T14:54:44.551+0000] {logging_mixin.py:151} INFO -      ⚠️ Erreur ligne 35: current transaction is aborted, commands ignored until end of transaction block
[2026-01-26T14:54:44.552+0000] {logging_mixin.py:151} INFO -      ⚠️ Erreur ligne 36: current transaction is aborted, commands ignored until end of transaction block
[2026-01-26T14:54:44.553+0000] {logging_mixin.py:151} INFO -      ⚠️ Erreur ligne 37: current transaction is aborted, commands ignored until end of transaction block
[2026-01-26T14:54:44.554+0000] {logging_mixin.py:151} INFO -      ⚠️ Erreur ligne 38: current transaction is aborted, commands ignored until end of transaction block
[2026-01-26T14:54:44.555+0000] {logging_mixin.py:151} INFO -      ⚠️ Erreur ligne 39: current transaction is aborted, commands ignored until end of transaction block
[2026-01-26T14:54:44.556+0000] {logging_mixin.py:151} INFO -      ⚠️ Erreur ligne 40: current transaction is aborted, commands ignored until end of transaction block
[2026-01-26T14:54:44.557+0000] {logging_mixin.py:151} INFO -      ⚠️ Erreur ligne 41: current transaction is aborted, commands ignored until end of transaction block
[2026-01-26T14:54:44.558+0000] {logging_mixin.py:151} INFO -      ⚠️ Erreur ligne 42: current transaction is aborted, commands ignored until end of transaction block
[2026-01-26T14:54:44.559+0000] {logging_mixin.py:151} INFO -      ⚠️ Erreur ligne 43: current transaction is aborted, commands ignored until end of transaction block
[2026-01-26T14:54:44.561+0000] {logging_mixin.py:151} INFO -      ⚠️ Erreur ligne 44: current transaction is aborted, commands ignored until end of transaction block
[2026-01-26T14:54:44.563+0000] {logging_mixin.py:151} INFO -      ⚠️ Erreur ligne 45: current transaction is aborted, commands ignored until end of transaction block
[2026-01-26T14:54:44.564+0000] {logging_mixin.py:151} INFO -      ⚠️ Erreur ligne 46: current transaction is aborted, commands ignored until end of transaction block
[2026-01-26T14:54:44.567+0000] {logging_mixin.py:151} INFO -      ⚠️ Erreur ligne 47: current transaction is aborted, commands ignored until end of transaction block
[2026-01-26T14:54:44.570+0000] {logging_mixin.py:151} INFO -      ⚠️ Erreur ligne 48: current transaction is aborted, commands ignored until end of transaction block
[2026-01-26T14:54:44.571+0000] {logging_mixin.py:151} INFO -      ⚠️ Erreur ligne 49: current transaction is aborted, commands ignored until end of transaction block
[2026-01-26T14:54:44.572+0000] {logging_mixin.py:151} INFO -      ⚠️ Erreur ligne 50: current transaction is aborted, commands ignored until end of transaction block
[2026-01-26T14:54:44.574+0000] {logging_mixin.py:151} INFO -      ⚠️ Erreur ligne 51: current transaction is aborted, commands ignored until end of transaction block
[2026-01-26T14:54:44.575+0000] {logging_mixin.py:151} INFO -      ⚠️ Erreur ligne 52: current transaction is aborted, commands ignored until end of transaction block
[2026-01-26T14:54:44.576+0000] {logging_mixin.py:151} INFO -      ⚠️ Erreur ligne 53: current transaction is aborted, commands ignored until end of transaction block
[2026-01-26T14:54:44.577+0000] {logging_mixin.py:151} INFO -      ⚠️ Erreur ligne 54: current transaction is aborted, commands ignored until end of transaction block
[2026-01-26T14:54:44.578+0000] {logging_mixin.py:151} INFO -      ⚠️ Erreur ligne 55: current transaction is aborted, commands ignored until end of transaction block
[2026-01-26T14:54:44.580+0000] {logging_mixin.py:151} INFO -      ⚠️ Erreur ligne 56: current transaction is aborted, commands ignored until end of transaction block
[2026-01-26T14:54:44.582+0000] {logging_mixin.py:151} INFO -      ⚠️ Erreur ligne 57: current transaction is aborted, commands ignored until end of transaction block
[2026-01-26T14:54:44.584+0000] {logging_mixin.py:151} INFO -      ⚠️ Erreur ligne 58: current transaction is aborted, commands ignored until end of transaction block
[2026-01-26T14:54:44.586+0000] {logging_mixin.py:151} INFO -      ⚠️ Erreur ligne 59: current transaction is aborted, commands ignored until end of transaction block
[2026-01-26T14:54:44.588+0000] {logging_mixin.py:151} INFO -      ⚠️ Erreur ligne 60: current transaction is aborted, commands ignored until end of transaction block
[2026-01-26T14:54:44.591+0000] {logging_mixin.py:151} INFO -      ⚠️ Erreur ligne 61: current transaction is aborted, commands ignored until end of transaction block
[2026-01-26T14:54:44.593+0000] {logging_mixin.py:151} INFO -      ⚠️ Erreur ligne 62: current transaction is aborted, commands ignored until end of transaction block
[2026-01-26T14:54:44.594+0000] {logging_mixin.py:151} INFO -      ⚠️ Erreur ligne 63: current transaction is aborted, commands ignored until end of transaction block
[2026-01-26T14:54:44.595+0000] {logging_mixin.py:151} INFO -      ⚠️ Erreur ligne 64: current transaction is aborted, commands ignored until end of transaction block
[2026-01-26T14:54:44.596+0000] {logging_mixin.py:151} INFO -      ⚠️ Erreur ligne 65: current transaction is aborted, commands ignored until end of transaction block
[2026-01-26T14:54:44.597+0000] {logging_mixin.py:151} INFO -      ⚠️ Erreur ligne 66: current transaction is aborted, commands ignored until end of transaction block
[2026-01-26T14:54:44.598+0000] {logging_mixin.py:151} INFO -      ⚠️ Erreur ligne 67: current transaction is aborted, commands ignored until end of transaction block
[2026-01-26T14:54:44.600+0000] {logging_mixin.py:151} INFO -      ⚠️ Erreur ligne 68: current transaction is aborted, commands ignored until end of transaction block
[2026-01-26T14:54:44.607+0000] {logging_mixin.py:151} INFO -      ⚠️ Erreur ligne 69: current transaction is aborted, commands ignored until end of transaction block
[2026-01-26T14:54:44.609+0000] {logging_mixin.py:151} INFO -      ⚠️ Erreur ligne 70: current transaction is aborted, commands ignored until end of transaction block
[2026-01-26T14:54:44.610+0000] {logging_mixin.py:151} INFO -      ⚠️ Erreur ligne 71: current transaction is aborted, commands ignored until end of transaction block
[2026-01-26T14:54:44.611+0000] {logging_mixin.py:151} INFO -      ⚠️ Erreur ligne 72: current transaction is aborted, commands ignored until end of transaction block
[2026-01-26T14:54:44.612+0000] {logging_mixin.py:151} INFO -      ⚠️ Erreur ligne 73: current transaction is aborted, commands ignored until end of transaction block
[2026-01-26T14:54:44.613+0000] {logging_mixin.py:151} INFO -      ⚠️ Erreur ligne 74: current transaction is aborted, commands ignored until end of transaction block
[2026-01-26T14:54:44.614+0000] {logging_mixin.py:151} INFO -      ⚠️ Erreur ligne 75: current transaction is aborted, commands ignored until end of transaction block
[2026-01-26T14:54:44.615+0000] {logging_mixin.py:151} INFO -      ⚠️ Erreur ligne 76: current transaction is aborted, commands ignored until end of transaction block
[2026-01-26T14:54:44.617+0000] {logging_mixin.py:151} INFO -      ⚠️ Erreur ligne 77: current transaction is aborted, commands ignored until end of transaction block
[2026-01-26T14:54:44.619+0000] {logging_mixin.py:151} INFO -      ⚠️ Erreur ligne 78: current transaction is aborted, commands ignored until end of transaction block
[2026-01-26T14:54:44.620+0000] {logging_mixin.py:151} INFO -      ⚠️ Erreur ligne 79: current transaction is aborted, commands ignored until end of transaction block
[2026-01-26T14:54:44.622+0000] {logging_mixin.py:151} INFO -      ⚠️ Erreur ligne 80: current transaction is aborted, commands ignored until end of transaction block
[2026-01-26T14:54:44.623+0000] {logging_mixin.py:151} INFO -      ⚠️ Erreur ligne 81: current transaction is aborted, commands ignored until end of transaction block
[2026-01-26T14:54:44.624+0000] {logging_mixin.py:151} INFO -      ⚠️ Erreur ligne 82: current transaction is aborted, commands ignored until end of transaction block
[2026-01-26T14:54:44.625+0000] {logging_mixin.py:151} INFO -      ⚠️ Erreur ligne 83: current transaction is aborted, commands ignored until end of transaction block
[2026-01-26T14:54:44.626+0000] {logging_mixin.py:151} INFO -      ⚠️ Erreur ligne 84: current transaction is aborted, commands ignored until end of transaction block
[2026-01-26T14:54:44.628+0000] {logging_mixin.py:151} INFO -      ⚠️ Erreur ligne 85: current transaction is aborted, commands ignored until end of transaction block
[2026-01-26T14:54:44.629+0000] {logging_mixin.py:151} INFO -      ⚠️ Erreur ligne 86: current transaction is aborted, commands ignored until end of transaction block
[2026-01-26T14:54:44.630+0000] {logging_mixin.py:151} INFO -      ⚠️ Erreur ligne 87: current transaction is aborted, commands ignored until end of transaction block
[2026-01-26T14:54:44.631+0000] {logging_mixin.py:151} INFO -      ⚠️ Erreur ligne 88: current transaction is aborted, commands ignored until end of transaction block
[2026-01-26T14:54:44.632+0000] {logging_mixin.py:151} INFO -      ⚠️ Erreur ligne 89: current transaction is aborted, commands ignored until end of transaction block
[2026-01-26T14:54:44.633+0000] {logging_mixin.py:151} INFO -      ⚠️ Erreur ligne 90: current transaction is aborted, commands ignored until end of transaction block
[2026-01-26T14:54:44.635+0000] {logging_mixin.py:151} INFO -      ⚠️ Erreur ligne 91: current transaction is aborted, commands ignored until end of transaction block
[2026-01-26T14:54:44.636+0000] {logging_mixin.py:151} INFO -      ⚠️ Erreur ligne 92: current transaction is aborted, commands ignored until end of transaction block
[2026-01-26T14:54:44.636+0000] {logging_mixin.py:151} INFO -      ⚠️ Erreur ligne 93: current transaction is aborted, commands ignored until end of transaction block
[2026-01-26T14:54:44.637+0000] {logging_mixin.py:151} INFO -      ⚠️ Erreur ligne 94: current transaction is aborted, commands ignored until end of transaction block
[2026-01-26T14:54:44.638+0000] {logging_mixin.py:151} INFO -      ⚠️ Erreur ligne 95: current transaction is aborted, commands ignored until end of transaction block
[2026-01-26T14:54:44.639+0000] {logging_mixin.py:151} INFO -      ⚠️ Erreur ligne 96: current transaction is aborted, commands ignored until end of transaction block
[2026-01-26T14:54:44.640+0000] {logging_mixin.py:151} INFO -      ⚠️ Erreur ligne 97: current transaction is aborted, commands ignored until end of transaction block
[2026-01-26T14:54:44.641+0000] {logging_mixin.py:151} INFO -      ⚠️ Erreur ligne 98: current transaction is aborted, commands ignored until end of transaction block
[2026-01-26T14:54:44.642+0000] {logging_mixin.py:151} INFO -      ⚠️ Erreur ligne 99: current transaction is aborted, commands ignored until end of transaction block
[2026-01-26T14:54:44.644+0000] {logging_mixin.py:151} INFO -      ⚠️ Erreur ligne 100: current transaction is aborted, commands ignored until end of transaction block
[2026-01-26T14:54:44.645+0000] {logging_mixin.py:151} INFO -      ⚠️ Erreur ligne 101: current transaction is aborted, commands ignored until end of transaction block
[2026-01-26T14:54:44.646+0000] {logging_mixin.py:151} INFO -      ⚠️ Erreur ligne 102: current transaction is aborted, commands ignored until end of transaction block
[2026-01-26T14:54:44.647+0000] {logging_mixin.py:151} INFO -      ⚠️ Erreur ligne 103: current transaction is aborted, commands ignored until end of transaction block
[2026-01-26T14:54:44.648+0000] {logging_mixin.py:151} INFO -      ⚠️ Erreur ligne 104: current transaction is aborted, commands ignored until end of transaction block
[2026-01-26T14:54:44.649+0000] {logging_mixin.py:151} INFO -      ⚠️ Erreur ligne 105: current transaction is aborted, commands ignored until end of transaction block
[2026-01-26T14:54:44.650+0000] {logging_mixin.py:151} INFO -      ⚠️ Erreur ligne 106: current transaction is aborted, commands ignored until end of transaction block
[2026-01-26T14:54:44.652+0000] {logging_mixin.py:151} INFO -      ⚠️ Erreur ligne 107: current transaction is aborted, commands ignored until end of transaction block
[2026-01-26T14:54:44.653+0000] {logging_mixin.py:151} INFO -      ⚠️ Erreur ligne 108: current transaction is aborted, commands ignored until end of transaction block
[2026-01-26T14:54:44.654+0000] {logging_mixin.py:151} INFO -      ⚠️ Erreur ligne 109: current transaction is aborted, commands ignored until end of transaction block
[2026-01-26T14:54:44.655+0000] {logging_mixin.py:151} INFO -      ⚠️ Erreur ligne 110: current transaction is aborted, commands ignored until end of transaction block
[2026-01-26T14:54:44.656+0000] {logging_mixin.py:151} INFO -      ⚠️ Erreur ligne 111: current transaction is aborted, commands ignored until end of transaction block
[2026-01-26T14:54:44.657+0000] {logging_mixin.py:151} INFO -      ⚠️ Erreur ligne 112: current transaction is aborted, commands ignored until end of transaction block
[2026-01-26T14:54:44.658+0000] {logging_mixin.py:151} INFO -      ⚠️ Erreur ligne 113: current transaction is aborted, commands ignored until end of transaction block
[2026-01-26T14:54:44.659+0000] {logging_mixin.py:151} INFO -      ⚠️ Erreur ligne 114: current transaction is aborted, commands ignored until end of transaction block
[2026-01-26T14:54:44.660+0000] {logging_mixin.py:151} INFO -      ⚠️ Erreur ligne 115: current transaction is aborted, commands ignored until end of transaction block
[2026-01-26T14:54:44.661+0000] {logging_mixin.py:151} INFO -      ⚠️ Erreur ligne 116: current transaction is aborted, commands ignored until end of transaction block
[2026-01-26T14:54:44.662+0000] {logging_mixin.py:151} INFO -      ⚠️ Erreur ligne 117: current transaction is aborted, commands ignored until end of transaction block
[2026-01-26T14:54:44.663+0000] {logging_mixin.py:151} INFO -      ⚠️ Erreur ligne 118: current transaction is aborted, commands ignored until end of transaction block
[2026-01-26T14:54:44.664+0000] {logging_mixin.py:151} INFO -      ⚠️ Erreur ligne 119: current transaction is aborted, commands ignored until end of transaction block
[2026-01-26T14:54:44.665+0000] {logging_mixin.py:151} INFO -      ⚠️ Erreur ligne 120: current transaction is aborted, commands ignored until end of transaction block
[2026-01-26T14:54:44.666+0000] {logging_mixin.py:151} INFO -      ⚠️ Erreur ligne 121: current transaction is aborted, commands ignored until end of transaction block
[2026-01-26T14:54:44.667+0000] {logging_mixin.py:151} INFO -      ⚠️ Erreur ligne 122: current transaction is aborted, commands ignored until end of transaction block
[2026-01-26T14:54:44.668+0000] {logging_mixin.py:151} INFO -      ⚠️ Erreur ligne 123: current transaction is aborted, commands ignored until end of transaction block
[2026-01-26T14:54:44.669+0000] {logging_mixin.py:151} INFO -      ⚠️ Erreur ligne 124: current transaction is aborted, commands ignored until end of transaction block
[2026-01-26T14:54:44.671+0000] {logging_mixin.py:151} INFO -      ⚠️ Erreur ligne 125: current transaction is aborted, commands ignored until end of transaction block
[2026-01-26T14:54:44.672+0000] {logging_mixin.py:151} INFO -      ⚠️ Erreur ligne 126: current transaction is aborted, commands ignored until end of transaction block
[2026-01-26T14:54:44.673+0000] {logging_mixin.py:151} INFO -      ⚠️ Erreur ligne 127: current transaction is aborted, commands ignored until end of transaction block
[2026-01-26T14:54:44.674+0000] {logging_mixin.py:151} INFO -      ⚠️ Erreur ligne 128: current transaction is aborted, commands ignored until end of transaction block
[2026-01-26T14:54:44.675+0000] {logging_mixin.py:151} INFO -      ⚠️ Erreur ligne 129: current transaction is aborted, commands ignored until end of transaction block
[2026-01-26T14:54:44.676+0000] {logging_mixin.py:151} INFO -      ⚠️ Erreur ligne 130: current transaction is aborted, commands ignored until end of transaction block
[2026-01-26T14:54:44.677+0000] {logging_mixin.py:151} INFO -      ⚠️ Erreur ligne 131: current transaction is aborted, commands ignored until end of transaction block
[2026-01-26T14:54:44.678+0000] {logging_mixin.py:151} INFO -      ⚠️ Erreur ligne 132: current transaction is aborted, commands ignored until end of transaction block
[2026-01-26T14:54:44.679+0000] {logging_mixin.py:151} INFO -      ⚠️ Erreur ligne 133: current transaction is aborted, commands ignored until end of transaction block
[2026-01-26T14:54:44.680+0000] {logging_mixin.py:151} INFO -      ⚠️ Erreur ligne 134: current transaction is aborted, commands ignored until end of transaction block
[2026-01-26T14:54:44.681+0000] {logging_mixin.py:151} INFO -      ⚠️ Erreur ligne 135: current transaction is aborted, commands ignored until end of transaction block
[2026-01-26T14:54:44.681+0000] {logging_mixin.py:151} INFO -      ⚠️ Erreur ligne 136: current transaction is aborted, commands ignored until end of transaction block
[2026-01-26T14:54:44.682+0000] {logging_mixin.py:151} INFO -      ⚠️ Erreur ligne 137: current transaction is aborted, commands ignored until end of transaction block
[2026-01-26T14:54:44.683+0000] {logging_mixin.py:151} INFO -      ⚠️ Erreur ligne 138: current transaction is aborted, commands ignored until end of transaction block
[2026-01-26T14:54:44.684+0000] {logging_mixin.py:151} INFO -      ⚠️ Erreur ligne 139: current transaction is aborted, commands ignored until end of transaction block
[2026-01-26T14:54:44.685+0000] {logging_mixin.py:151} INFO -      ⚠️ Erreur ligne 140: current transaction is aborted, commands ignored until end of transaction block
[2026-01-26T14:54:44.686+0000] {logging_mixin.py:151} INFO -      ⚠️ Erreur ligne 141: current transaction is aborted, commands ignored until end of transaction block
[2026-01-26T14:54:44.687+0000] {logging_mixin.py:151} INFO -      ⚠️ Erreur ligne 142: current transaction is aborted, commands ignored until end of transaction block
[2026-01-26T14:54:44.688+0000] {logging_mixin.py:151} INFO -      ⚠️ Erreur ligne 143: current transaction is aborted, commands ignored until end of transaction block
[2026-01-26T14:54:44.689+0000] {logging_mixin.py:151} INFO -      ⚠️ Erreur ligne 144: current transaction is aborted, commands ignored until end of transaction block
[2026-01-26T14:54:44.690+0000] {logging_mixin.py:151} INFO -      ⚠️ Erreur ligne 145: current transaction is aborted, commands ignored until end of transaction block
[2026-01-26T14:54:44.692+0000] {logging_mixin.py:151} INFO -      ⚠️ Erreur ligne 146: current transaction is aborted, commands ignored until end of transaction block
[2026-01-26T14:54:44.693+0000] {logging_mixin.py:151} INFO -      ⚠️ Erreur ligne 147: current transaction is aborted, commands ignored until end of transaction block
[2026-01-26T14:54:44.694+0000] {logging_mixin.py:151} INFO -      ⚠️ Erreur ligne 148: current transaction is aborted, commands ignored until end of transaction block
[2026-01-26T14:54:44.695+0000] {logging_mixin.py:151} INFO -      ⚠️ Erreur ligne 149: current transaction is aborted, commands ignored until end of transaction block
[2026-01-26T14:54:44.696+0000] {logging_mixin.py:151} INFO -      ⚠️ Erreur ligne 150: current transaction is aborted, commands ignored until end of transaction block
[2026-01-26T14:54:44.697+0000] {logging_mixin.py:151} INFO -      ⚠️ Erreur ligne 151: current transaction is aborted, commands ignored until end of transaction block
[2026-01-26T14:54:44.698+0000] {logging_mixin.py:151} INFO -      ⚠️ Erreur ligne 152: current transaction is aborted, commands ignored until end of transaction block
[2026-01-26T14:54:44.699+0000] {logging_mixin.py:151} INFO -      ⚠️ Erreur ligne 153: current transaction is aborted, commands ignored until end of transaction block
[2026-01-26T14:54:44.700+0000] {logging_mixin.py:151} INFO -      ⚠️ Erreur ligne 154: current transaction is aborted, commands ignored until end of transaction block
[2026-01-26T14:54:44.701+0000] {logging_mixin.py:151} INFO -      ⚠️ Erreur ligne 155: current transaction is aborted, commands ignored until end of transaction block
[2026-01-26T14:54:44.702+0000] {logging_mixin.py:151} INFO -      ⚠️ Erreur ligne 156: current transaction is aborted, commands ignored until end of transaction block
[2026-01-26T14:54:44.703+0000] {logging_mixin.py:151} INFO -      ⚠️ Erreur ligne 157: current transaction is aborted, commands ignored until end of transaction block
[2026-01-26T14:54:44.704+0000] {logging_mixin.py:151} INFO -      ⚠️ Erreur ligne 158: current transaction is aborted, commands ignored until end of transaction block
[2026-01-26T14:54:44.705+0000] {logging_mixin.py:151} INFO -      ⚠️ Erreur ligne 159: current transaction is aborted, commands ignored until end of transaction block
[2026-01-26T14:54:44.707+0000] {logging_mixin.py:151} INFO -      ⚠️ Erreur ligne 160: current transaction is aborted, commands ignored until end of transaction block
[2026-01-26T14:54:44.708+0000] {logging_mixin.py:151} INFO -      ⚠️ Erreur ligne 161: current transaction is aborted, commands ignored until end of transaction block
[2026-01-26T14:54:44.709+0000] {logging_mixin.py:151} INFO -      ⚠️ Erreur ligne 162: current transaction is aborted, commands ignored until end of transaction block
[2026-01-26T14:54:44.710+0000] {logging_mixin.py:151} INFO -      ⚠️ Erreur ligne 163: current transaction is aborted, commands ignored until end of transaction block
[2026-01-26T14:54:44.712+0000] {logging_mixin.py:151} INFO -      ⚠️ Erreur ligne 164: current transaction is aborted, commands ignored until end of transaction block
[2026-01-26T14:54:44.713+0000] {logging_mixin.py:151} INFO -      ⚠️ Erreur ligne 165: current transaction is aborted, commands ignored until end of transaction block
[2026-01-26T14:54:44.713+0000] {logging_mixin.py:151} INFO -      ⚠️ Erreur ligne 166: current transaction is aborted, commands ignored until end of transaction block
[2026-01-26T14:54:44.714+0000] {logging_mixin.py:151} INFO -      ⚠️ Erreur ligne 167: current transaction is aborted, commands ignored until end of transaction block
[2026-01-26T14:54:44.715+0000] {logging_mixin.py:151} INFO -      ⚠️ Erreur ligne 168: current transaction is aborted, commands ignored until end of transaction block
[2026-01-26T14:54:44.716+0000] {logging_mixin.py:151} INFO -      ⚠️ Erreur ligne 169: current transaction is aborted, commands ignored until end of transaction block
[2026-01-26T14:54:44.717+0000] {logging_mixin.py:151} INFO -      ⚠️ Erreur ligne 170: current transaction is aborted, commands ignored until end of transaction block
[2026-01-26T14:54:44.718+0000] {logging_mixin.py:151} INFO -      ⚠️ Erreur ligne 171: current transaction is aborted, commands ignored until end of transaction block
[2026-01-26T14:54:44.719+0000] {logging_mixin.py:151} INFO -      ⚠️ Erreur ligne 172: current transaction is aborted, commands ignored until end of transaction block
[2026-01-26T14:54:44.720+0000] {logging_mixin.py:151} INFO -      ⚠️ Erreur ligne 173: current transaction is aborted, commands ignored until end of transaction block
[2026-01-26T14:54:44.721+0000] {logging_mixin.py:151} INFO -      ⚠️ Erreur ligne 174: current transaction is aborted, commands ignored until end of transaction block
[2026-01-26T14:54:44.722+0000] {logging_mixin.py:151} INFO -      ⚠️ Erreur ligne 175: current transaction is aborted, commands ignored until end of transaction block
[2026-01-26T14:54:44.722+0000] {logging_mixin.py:151} INFO -      ⚠️ Erreur ligne 176: current transaction is aborted, commands ignored until end of transaction block
[2026-01-26T14:54:44.723+0000] {logging_mixin.py:151} INFO -      ⚠️ Erreur ligne 177: current transaction is aborted, commands ignored until end of transaction block
[2026-01-26T14:54:44.724+0000] {logging_mixin.py:151} INFO -      ⚠️ Erreur ligne 178: current transaction is aborted, commands ignored until end of transaction block
[2026-01-26T14:54:44.725+0000] {logging_mixin.py:151} INFO -      ⚠️ Erreur ligne 179: current transaction is aborted, commands ignored until end of transaction block
[2026-01-26T14:54:44.726+0000] {logging_mixin.py:151} INFO -      ⚠️ Erreur ligne 180: current transaction is aborted, commands ignored until end of transaction block
[2026-01-26T14:54:44.727+0000] {logging_mixin.py:151} INFO -      ⚠️ Erreur ligne 181: current transaction is aborted, commands ignored until end of transaction block
[2026-01-26T14:54:44.728+0000] {logging_mixin.py:151} INFO -      ⚠️ Erreur ligne 182: current transaction is aborted, commands ignored until end of transaction block
[2026-01-26T14:54:44.729+0000] {logging_mixin.py:151} INFO -      ⚠️ Erreur ligne 183: current transaction is aborted, commands ignored until end of transaction block
[2026-01-26T14:54:44.729+0000] {logging_mixin.py:151} INFO -      ⚠️ Erreur ligne 184: current transaction is aborted, commands ignored until end of transaction block
[2026-01-26T14:54:44.730+0000] {logging_mixin.py:151} INFO -      ⚠️ Erreur ligne 185: current transaction is aborted, commands ignored until end of transaction block
[2026-01-26T14:54:44.731+0000] {logging_mixin.py:151} INFO -      ⚠️ Erreur ligne 186: current transaction is aborted, commands ignored until end of transaction block
[2026-01-26T14:54:44.732+0000] {logging_mixin.py:151} INFO -      ⚠️ Erreur ligne 187: current transaction is aborted, commands ignored until end of transaction block
[2026-01-26T14:54:44.733+0000] {logging_mixin.py:151} INFO -      ⚠️ Erreur ligne 188: current transaction is aborted, commands ignored until end of transaction block
[2026-01-26T14:54:44.734+0000] {logging_mixin.py:151} INFO -      ⚠️ Erreur ligne 189: current transaction is aborted, commands ignored until end of transaction block
[2026-01-26T14:54:44.735+0000] {logging_mixin.py:151} INFO -      ⚠️ Erreur ligne 190: current transaction is aborted, commands ignored until end of transaction block
[2026-01-26T14:54:44.736+0000] {logging_mixin.py:151} INFO -      ⚠️ Erreur ligne 191: current transaction is aborted, commands ignored until end of transaction block
[2026-01-26T14:54:44.737+0000] {logging_mixin.py:151} INFO -      ⚠️ Erreur ligne 192: current transaction is aborted, commands ignored until end of transaction block
[2026-01-26T14:54:44.738+0000] {logging_mixin.py:151} INFO -      ⚠️ Erreur ligne 193: current transaction is aborted, commands ignored until end of transaction block
[2026-01-26T14:54:44.739+0000] {logging_mixin.py:151} INFO -      ⚠️ Erreur ligne 194: current transaction is aborted, commands ignored until end of transaction block
[2026-01-26T14:54:44.740+0000] {logging_mixin.py:151} INFO -      ⚠️ Erreur ligne 195: current transaction is aborted, commands ignored until end of transaction block
[2026-01-26T14:54:44.741+0000] {logging_mixin.py:151} INFO -      ⚠️ Erreur ligne 196: current transaction is aborted, commands ignored until end of transaction block
[2026-01-26T14:54:44.742+0000] {logging_mixin.py:151} INFO -      ⚠️ Erreur ligne 197: current transaction is aborted, commands ignored until end of transaction block
[2026-01-26T14:54:44.743+0000] {logging_mixin.py:151} INFO -      ⚠️ Erreur ligne 198: current transaction is aborted, commands ignored until end of transaction block
[2026-01-26T14:54:44.744+0000] {logging_mixin.py:151} INFO -      ⚠️ Erreur ligne 199: current transaction is aborted, commands ignored until end of transaction block
[2026-01-26T14:54:44.745+0000] {logging_mixin.py:151} INFO -      ⚠️ Erreur ligne 200: current transaction is aborted, commands ignored until end of transaction block
[2026-01-26T14:54:44.746+0000] {logging_mixin.py:151} INFO -      ⚠️ Erreur ligne 201: current transaction is aborted, commands ignored until end of transaction block
[2026-01-26T14:54:44.747+0000] {logging_mixin.py:151} INFO -      ⚠️ Erreur ligne 202: current transaction is aborted, commands ignored until end of transaction block
[2026-01-26T14:54:44.748+0000] {logging_mixin.py:151} INFO -      ⚠️ Erreur ligne 203: current transaction is aborted, commands ignored until end of transaction block
[2026-01-26T14:54:44.749+0000] {logging_mixin.py:151} INFO -      ⚠️ Erreur ligne 204: current transaction is aborted, commands ignored until end of transaction block
[2026-01-26T14:54:44.749+0000] {logging_mixin.py:151} INFO -      ⚠️ Erreur ligne 205: current transaction is aborted, commands ignored until end of transaction block
[2026-01-26T14:54:44.750+0000] {logging_mixin.py:151} INFO -      ⚠️ Erreur ligne 206: current transaction is aborted, commands ignored until end of transaction block
[2026-01-26T14:54:44.751+0000] {logging_mixin.py:151} INFO -      ⚠️ Erreur ligne 207: current transaction is aborted, commands ignored until end of transaction block
[2026-01-26T14:54:44.752+0000] {logging_mixin.py:151} INFO -      ⚠️ Erreur ligne 208: current transaction is aborted, commands ignored until end of transaction block
[2026-01-26T14:54:44.753+0000] {logging_mixin.py:151} INFO -      ⚠️ Erreur ligne 209: current transaction is aborted, commands ignored until end of transaction block
[2026-01-26T14:54:44.754+0000] {logging_mixin.py:151} INFO -      ⚠️ Erreur ligne 210: current transaction is aborted, commands ignored until end of transaction block
[2026-01-26T14:54:44.755+0000] {logging_mixin.py:151} INFO -      ⚠️ Erreur ligne 211: current transaction is aborted, commands ignored until end of transaction block
[2026-01-26T14:54:44.756+0000] {logging_mixin.py:151} INFO -      ⚠️ Erreur ligne 212: current transaction is aborted, commands ignored until end of transaction block
[2026-01-26T14:54:44.757+0000] {logging_mixin.py:151} INFO -      ⚠️ Erreur ligne 213: current transaction is aborted, commands ignored until end of transaction block
[2026-01-26T14:54:44.758+0000] {logging_mixin.py:151} INFO -      ⚠️ Erreur ligne 214: current transaction is aborted, commands ignored until end of transaction block
[2026-01-26T14:54:44.759+0000] {logging_mixin.py:151} INFO -      ⚠️ Erreur ligne 215: current transaction is aborted, commands ignored until end of transaction block
[2026-01-26T14:54:44.760+0000] {logging_mixin.py:151} INFO -      ⚠️ Erreur ligne 216: current transaction is aborted, commands ignored until end of transaction block
[2026-01-26T14:54:44.761+0000] {logging_mixin.py:151} INFO -      ⚠️ Erreur ligne 217: current transaction is aborted, commands ignored until end of transaction block
[2026-01-26T14:54:44.762+0000] {logging_mixin.py:151} INFO -      ⚠️ Erreur ligne 218: current transaction is aborted, commands ignored until end of transaction block
[2026-01-26T14:54:44.763+0000] {logging_mixin.py:151} INFO -      ⚠️ Erreur ligne 219: current transaction is aborted, commands ignored until end of transaction block
[2026-01-26T14:54:44.764+0000] {logging_mixin.py:151} INFO -      ⚠️ Erreur ligne 220: current transaction is aborted, commands ignored until end of transaction block
[2026-01-26T14:54:44.765+0000] {logging_mixin.py:151} INFO -      ⚠️ Erreur ligne 221: current transaction is aborted, commands ignored until end of transaction block
[2026-01-26T14:54:44.766+0000] {logging_mixin.py:151} INFO -      ⚠️ Erreur ligne 222: current transaction is aborted, commands ignored until end of transaction block
[2026-01-26T14:54:44.767+0000] {logging_mixin.py:151} INFO -      ⚠️ Erreur ligne 223: current transaction is aborted, commands ignored until end of transaction block
[2026-01-26T14:54:44.768+0000] {logging_mixin.py:151} INFO -      ⚠️ Erreur ligne 224: current transaction is aborted, commands ignored until end of transaction block
[2026-01-26T14:54:44.769+0000] {logging_mixin.py:151} INFO -      ⚠️ Erreur ligne 225: current transaction is aborted, commands ignored until end of transaction block
[2026-01-26T14:54:44.770+0000] {logging_mixin.py:151} INFO -      ⚠️ Erreur ligne 226: current transaction is aborted, commands ignored until end of transaction block
[2026-01-26T14:54:44.771+0000] {logging_mixin.py:151} INFO -      ⚠️ Erreur ligne 227: current transaction is aborted, commands ignored until end of transaction block
[2026-01-26T14:54:44.772+0000] {logging_mixin.py:151} INFO -      ⚠️ Erreur ligne 228: current transaction is aborted, commands ignored until end of transaction block
[2026-01-26T14:54:44.773+0000] {logging_mixin.py:151} INFO -      ⚠️ Erreur ligne 229: current transaction is aborted, commands ignored until end of transaction block
[2026-01-26T14:54:44.774+0000] {logging_mixin.py:151} INFO -      ⚠️ Erreur ligne 230: current transaction is aborted, commands ignored until end of transaction block
[2026-01-26T14:54:44.775+0000] {logging_mixin.py:151} INFO -      ⚠️ Erreur ligne 231: current transaction is aborted, commands ignored until end of transaction block
[2026-01-26T14:54:44.776+0000] {logging_mixin.py:151} INFO -      ⚠️ Erreur ligne 232: current transaction is aborted, commands ignored until end of transaction block
[2026-01-26T14:54:44.777+0000] {logging_mixin.py:151} INFO -      ⚠️ Erreur ligne 233: current transaction is aborted, commands ignored until end of transaction block
[2026-01-26T14:54:44.778+0000] {logging_mixin.py:151} INFO -      ⚠️ Erreur ligne 234: current transaction is aborted, commands ignored until end of transaction block
[2026-01-26T14:54:44.779+0000] {logging_mixin.py:151} INFO -      ⚠️ Erreur ligne 235: current transaction is aborted, commands ignored until end of transaction block
[2026-01-26T14:54:44.780+0000] {logging_mixin.py:151} INFO -      ⚠️ Erreur ligne 236: current transaction is aborted, commands ignored until end of transaction block
[2026-01-26T14:54:44.782+0000] {logging_mixin.py:151} INFO -      ⚠️ Erreur ligne 237: current transaction is aborted, commands ignored until end of transaction block
[2026-01-26T14:54:44.783+0000] {logging_mixin.py:151} INFO -      ⚠️ Erreur ligne 238: current transaction is aborted, commands ignored until end of transaction block
[2026-01-26T14:54:44.784+0000] {logging_mixin.py:151} INFO -      ⚠️ Erreur ligne 239: current transaction is aborted, commands ignored until end of transaction block
[2026-01-26T14:54:44.785+0000] {logging_mixin.py:151} INFO -      ⚠️ Erreur ligne 240: current transaction is aborted, commands ignored until end of transaction block
[2026-01-26T14:54:44.786+0000] {logging_mixin.py:151} INFO -      ⚠️ Erreur ligne 241: current transaction is aborted, commands ignored until end of transaction block
[2026-01-26T14:54:44.786+0000] {logging_mixin.py:151} INFO -      ⚠️ Erreur ligne 242: current transaction is aborted, commands ignored until end of transaction block
[2026-01-26T14:54:44.787+0000] {logging_mixin.py:151} INFO -      ⚠️ Erreur ligne 243: current transaction is aborted, commands ignored until end of transaction block
[2026-01-26T14:54:44.788+0000] {logging_mixin.py:151} INFO -      ⚠️ Erreur ligne 244: current transaction is aborted, commands ignored until end of transaction block
[2026-01-26T14:54:44.789+0000] {logging_mixin.py:151} INFO -      ⚠️ Erreur ligne 245: current transaction is aborted, commands ignored until end of transaction block
[2026-01-26T14:54:44.790+0000] {logging_mixin.py:151} INFO -      ⚠️ Erreur ligne 246: current transaction is aborted, commands ignored until end of transaction block
[2026-01-26T14:54:44.791+0000] {logging_mixin.py:151} INFO -      ⚠️ Erreur ligne 247: current transaction is aborted, commands ignored until end of transaction block
[2026-01-26T14:54:44.792+0000] {logging_mixin.py:151} INFO -      ⚠️ Erreur ligne 248: current transaction is aborted, commands ignored until end of transaction block
[2026-01-26T14:54:44.793+0000] {logging_mixin.py:151} INFO -      ⚠️ Erreur ligne 249: current transaction is aborted, commands ignored until end of transaction block
[2026-01-26T14:54:44.794+0000] {logging_mixin.py:151} INFO -      ⚠️ Erreur ligne 250: current transaction is aborted, commands ignored until end of transaction block
[2026-01-26T14:54:44.795+0000] {logging_mixin.py:151} INFO -      ⚠️ Erreur ligne 251: current transaction is aborted, commands ignored until end of transaction block
[2026-01-26T14:54:44.797+0000] {logging_mixin.py:151} INFO -      ⚠️ Erreur ligne 252: current transaction is aborted, commands ignored until end of transaction block
[2026-01-26T14:54:44.798+0000] {logging_mixin.py:151} INFO -      ⚠️ Erreur ligne 253: current transaction is aborted, commands ignored until end of transaction block
[2026-01-26T14:54:44.798+0000] {logging_mixin.py:151} INFO -      ⚠️ Erreur ligne 254: current transaction is aborted, commands ignored until end of transaction block
[2026-01-26T14:54:44.799+0000] {logging_mixin.py:151} INFO -      ⚠️ Erreur ligne 255: current transaction is aborted, commands ignored until end of transaction block
[2026-01-26T14:54:44.800+0000] {logging_mixin.py:151} INFO -      ⚠️ Erreur ligne 256: current transaction is aborted, commands ignored until end of transaction block
[2026-01-26T14:54:44.801+0000] {logging_mixin.py:151} INFO -      ⚠️ Erreur ligne 257: current transaction is aborted, commands ignored until end of transaction block
[2026-01-26T14:54:44.802+0000] {logging_mixin.py:151} INFO -      ⚠️ Erreur ligne 258: current transaction is aborted, commands ignored until end of transaction block
[2026-01-26T14:54:44.803+0000] {logging_mixin.py:151} INFO -      ⚠️ Erreur ligne 259: current transaction is aborted, commands ignored until end of transaction block
[2026-01-26T14:54:44.804+0000] {logging_mixin.py:151} INFO -      ⚠️ Erreur ligne 260: current transaction is aborted, commands ignored until end of transaction block
[2026-01-26T14:54:44.805+0000] {logging_mixin.py:151} INFO -      ⚠️ Erreur ligne 261: current transaction is aborted, commands ignored until end of transaction block
[2026-01-26T14:54:44.806+0000] {logging_mixin.py:151} INFO -      ⚠️ Erreur ligne 262: current transaction is aborted, commands ignored until end of transaction block
[2026-01-26T14:54:44.807+0000] {logging_mixin.py:151} INFO -      ⚠️ Erreur ligne 263: current transaction is aborted, commands ignored until end of transaction block
[2026-01-26T14:54:44.808+0000] {logging_mixin.py:151} INFO -      ⚠️ Erreur ligne 264: current transaction is aborted, commands ignored until end of transaction block
[2026-01-26T14:54:44.809+0000] {logging_mixin.py:151} INFO -      ⚠️ Erreur ligne 265: current transaction is aborted, commands ignored until end of transaction block
[2026-01-26T14:54:44.810+0000] {logging_mixin.py:151} INFO -      ⚠️ Erreur ligne 266: current transaction is aborted, commands ignored until end of transaction block
[2026-01-26T14:54:44.811+0000] {logging_mixin.py:151} INFO -      ⚠️ Erreur ligne 267: current transaction is aborted, commands ignored until end of transaction block
[2026-01-26T14:54:44.814+0000] {logging_mixin.py:151} INFO -      ⚠️ Erreur ligne 268: current transaction is aborted, commands ignored until end of transaction block
[2026-01-26T14:54:44.815+0000] {logging_mixin.py:151} INFO -      ⚠️ Erreur ligne 269: current transaction is aborted, commands ignored until end of transaction block
[2026-01-26T14:54:44.817+0000] {logging_mixin.py:151} INFO -      ⚠️ Erreur ligne 270: current transaction is aborted, commands ignored until end of transaction block
[2026-01-26T14:54:44.818+0000] {logging_mixin.py:151} INFO -      ⚠️ Erreur ligne 271: current transaction is aborted, commands ignored until end of transaction block
[2026-01-26T14:54:44.819+0000] {logging_mixin.py:151} INFO -      ⚠️ Erreur ligne 272: current transaction is aborted, commands ignored until end of transaction block
[2026-01-26T14:54:44.820+0000] {logging_mixin.py:151} INFO -      ⚠️ Erreur ligne 273: current transaction is aborted, commands ignored until end of transaction block
[2026-01-26T14:54:44.821+0000] {logging_mixin.py:151} INFO -      ⚠️ Erreur ligne 274: current transaction is aborted, commands ignored until end of transaction block
[2026-01-26T14:54:44.822+0000] {logging_mixin.py:151} INFO -      ⚠️ Erreur ligne 275: current transaction is aborted, commands ignored until end of transaction block
[2026-01-26T14:54:44.823+0000] {logging_mixin.py:151} INFO -      ⚠️ Erreur ligne 276: current transaction is aborted, commands ignored until end of transaction block
[2026-01-26T14:54:44.825+0000] {logging_mixin.py:151} INFO -      ⚠️ Erreur ligne 277: current transaction is aborted, commands ignored until end of transaction block
[2026-01-26T14:54:44.825+0000] {logging_mixin.py:151} INFO -      ⚠️ Erreur ligne 278: current transaction is aborted, commands ignored until end of transaction block
[2026-01-26T14:54:44.826+0000] {logging_mixin.py:151} INFO -      ⚠️ Erreur ligne 279: current transaction is aborted, commands ignored until end of transaction block
[2026-01-26T14:54:44.827+0000] {logging_mixin.py:151} INFO -      ⚠️ Erreur ligne 280: current transaction is aborted, commands ignored until end of transaction block
[2026-01-26T14:54:44.828+0000] {logging_mixin.py:151} INFO -      ⚠️ Erreur ligne 281: current transaction is aborted, commands ignored until end of transaction block
[2026-01-26T14:54:44.829+0000] {logging_mixin.py:151} INFO -      ⚠️ Erreur ligne 282: current transaction is aborted, commands ignored until end of transaction block
[2026-01-26T14:54:44.830+0000] {logging_mixin.py:151} INFO -      ⚠️ Erreur ligne 283: current transaction is aborted, commands ignored until end of transaction block
[2026-01-26T14:54:44.831+0000] {logging_mixin.py:151} INFO -      ⚠️ Erreur ligne 284: current transaction is aborted, commands ignored until end of transaction block
[2026-01-26T14:54:44.833+0000] {logging_mixin.py:151} INFO -      ⚠️ Erreur ligne 285: current transaction is aborted, commands ignored until end of transaction block
[2026-01-26T14:54:44.833+0000] {logging_mixin.py:151} INFO -      ⚠️ Erreur ligne 286: current transaction is aborted, commands ignored until end of transaction block
[2026-01-26T14:54:44.834+0000] {logging_mixin.py:151} INFO -      ⚠️ Erreur ligne 287: current transaction is aborted, commands ignored until end of transaction block
[2026-01-26T14:54:44.835+0000] {logging_mixin.py:151} INFO -      ⚠️ Erreur ligne 288: current transaction is aborted, commands ignored until end of transaction block
[2026-01-26T14:54:44.836+0000] {logging_mixin.py:151} INFO -      ⚠️ Erreur ligne 289: current transaction is aborted, commands ignored until end of transaction block
[2026-01-26T14:54:44.838+0000] {logging_mixin.py:151} INFO -      ⚠️ Erreur ligne 290: current transaction is aborted, commands ignored until end of transaction block
[2026-01-26T14:54:44.839+0000] {logging_mixin.py:151} INFO -      ⚠️ Erreur ligne 291: current transaction is aborted, commands ignored until end of transaction block
[2026-01-26T14:54:44.840+0000] {logging_mixin.py:151} INFO -      ⚠️ Erreur ligne 292: current transaction is aborted, commands ignored until end of transaction block
[2026-01-26T14:54:44.840+0000] {logging_mixin.py:151} INFO -      ⚠️ Erreur ligne 293: current transaction is aborted, commands ignored until end of transaction block
[2026-01-26T14:54:44.841+0000] {logging_mixin.py:151} INFO -      ⚠️ Erreur ligne 294: current transaction is aborted, commands ignored until end of transaction block
[2026-01-26T14:54:44.842+0000] {logging_mixin.py:151} INFO -      ⚠️ Erreur ligne 295: current transaction is aborted, commands ignored until end of transaction block
[2026-01-26T14:54:44.843+0000] {logging_mixin.py:151} INFO -      ⚠️ Erreur ligne 296: current transaction is aborted, commands ignored until end of transaction block
[2026-01-26T14:54:44.844+0000] {logging_mixin.py:151} INFO -      ⚠️ Erreur ligne 297: current transaction is aborted, commands ignored until end of transaction block
[2026-01-26T14:54:44.845+0000] {logging_mixin.py:151} INFO -      ⚠️ Erreur ligne 298: current transaction is aborted, commands ignored until end of transaction block
[2026-01-26T14:54:44.846+0000] {logging_mixin.py:151} INFO -      ⚠️ Erreur ligne 299: current transaction is aborted, commands ignored until end of transaction block
[2026-01-26T14:54:44.847+0000] {logging_mixin.py:151} INFO -      ⚠️ Erreur ligne 300: current transaction is aborted, commands ignored until end of transaction block
[2026-01-26T14:54:44.848+0000] {logging_mixin.py:151} INFO -      ⚠️ Erreur ligne 301: current transaction is aborted, commands ignored until end of transaction block
[2026-01-26T14:54:44.849+0000] {logging_mixin.py:151} INFO -      ⚠️ Erreur ligne 302: current transaction is aborted, commands ignored until end of transaction block
[2026-01-26T14:54:44.850+0000] {logging_mixin.py:151} INFO -      ⚠️ Erreur ligne 303: current transaction is aborted, commands ignored until end of transaction block
[2026-01-26T14:54:44.852+0000] {logging_mixin.py:151} INFO -      ⚠️ Erreur ligne 304: current transaction is aborted, commands ignored until end of transaction block
[2026-01-26T14:54:44.853+0000] {logging_mixin.py:151} INFO -      ⚠️ Erreur ligne 305: current transaction is aborted, commands ignored until end of transaction block
[2026-01-26T14:54:44.853+0000] {logging_mixin.py:151} INFO -      ⚠️ Erreur ligne 306: current transaction is aborted, commands ignored until end of transaction block
[2026-01-26T14:54:44.854+0000] {logging_mixin.py:151} INFO -      ⚠️ Erreur ligne 307: current transaction is aborted, commands ignored until end of transaction block
[2026-01-26T14:54:44.855+0000] {logging_mixin.py:151} INFO -      ⚠️ Erreur ligne 308: current transaction is aborted, commands ignored until end of transaction block
[2026-01-26T14:54:44.856+0000] {logging_mixin.py:151} INFO -      ⚠️ Erreur ligne 309: current transaction is aborted, commands ignored until end of transaction block
[2026-01-26T14:54:44.857+0000] {logging_mixin.py:151} INFO -      ⚠️ Erreur ligne 310: current transaction is aborted, commands ignored until end of transaction block
[2026-01-26T14:54:44.858+0000] {logging_mixin.py:151} INFO -      ⚠️ Erreur ligne 311: current transaction is aborted, commands ignored until end of transaction block
[2026-01-26T14:54:44.859+0000] {logging_mixin.py:151} INFO -      ⚠️ Erreur ligne 312: current transaction is aborted, commands ignored until end of transaction block
[2026-01-26T14:54:44.860+0000] {logging_mixin.py:151} INFO -      ⚠️ Erreur ligne 313: current transaction is aborted, commands ignored until end of transaction block
[2026-01-26T14:54:44.861+0000] {logging_mixin.py:151} INFO -      ⚠️ Erreur ligne 314: current transaction is aborted, commands ignored until end of transaction block
[2026-01-26T14:54:44.862+0000] {logging_mixin.py:151} INFO -      ⚠️ Erreur ligne 315: current transaction is aborted, commands ignored until end of transaction block
[2026-01-26T14:54:44.862+0000] {logging_mixin.py:151} INFO -      ⚠️ Erreur ligne 316: current transaction is aborted, commands ignored until end of transaction block
[2026-01-26T14:54:44.863+0000] {logging_mixin.py:151} INFO -      ⚠️ Erreur ligne 317: current transaction is aborted, commands ignored until end of transaction block
[2026-01-26T14:54:44.864+0000] {logging_mixin.py:151} INFO -      ⚠️ Erreur ligne 318: current transaction is aborted, commands ignored until end of transaction block
[2026-01-26T14:54:44.865+0000] {logging_mixin.py:151} INFO -      ⚠️ Erreur ligne 319: current transaction is aborted, commands ignored until end of transaction block
[2026-01-26T14:54:44.866+0000] {logging_mixin.py:151} INFO -      ⚠️ Erreur ligne 320: current transaction is aborted, commands ignored until end of transaction block
[2026-01-26T14:54:44.867+0000] {logging_mixin.py:151} INFO -      ⚠️ Erreur ligne 321: current transaction is aborted, commands ignored until end of transaction block
[2026-01-26T14:54:44.868+0000] {logging_mixin.py:151} INFO -      ⚠️ Erreur ligne 322: current transaction is aborted, commands ignored until end of transaction block
[2026-01-26T14:54:44.869+0000] {logging_mixin.py:151} INFO -      ⚠️ Erreur ligne 323: current transaction is aborted, commands ignored until end of transaction block
[2026-01-26T14:54:44.870+0000] {logging_mixin.py:151} INFO -      ⚠️ Erreur ligne 324: current transaction is aborted, commands ignored until end of transaction block
[2026-01-26T14:54:44.871+0000] {logging_mixin.py:151} INFO -      ⚠️ Erreur ligne 325: current transaction is aborted, commands ignored until end of transaction block
[2026-01-26T14:54:44.872+0000] {logging_mixin.py:151} INFO -      ⚠️ Erreur ligne 326: current transaction is aborted, commands ignored until end of transaction block
[2026-01-26T14:54:44.872+0000] {logging_mixin.py:151} INFO -      ⚠️ Erreur ligne 327: current transaction is aborted, commands ignored until end of transaction block
[2026-01-26T14:54:44.873+0000] {logging_mixin.py:151} INFO -      ⚠️ Erreur ligne 328: current transaction is aborted, commands ignored until end of transaction block
[2026-01-26T14:54:44.874+0000] {logging_mixin.py:151} INFO -      ⚠️ Erreur ligne 329: current transaction is aborted, commands ignored until end of transaction block
[2026-01-26T14:54:44.875+0000] {logging_mixin.py:151} INFO -      ⚠️ Erreur ligne 330: current transaction is aborted, commands ignored until end of transaction block
[2026-01-26T14:54:44.876+0000] {logging_mixin.py:151} INFO -      ⚠️ Erreur ligne 331: current transaction is aborted, commands ignored until end of transaction block
[2026-01-26T14:54:44.876+0000] {logging_mixin.py:151} INFO -      ⚠️ Erreur ligne 332: current transaction is aborted, commands ignored until end of transaction block
[2026-01-26T14:54:44.877+0000] {logging_mixin.py:151} INFO -      ⚠️ Erreur ligne 333: current transaction is aborted, commands ignored until end of transaction block
[2026-01-26T14:54:44.879+0000] {logging_mixin.py:151} INFO -      ⚠️ Erreur ligne 334: current transaction is aborted, commands ignored until end of transaction block
[2026-01-26T14:54:44.880+0000] {logging_mixin.py:151} INFO -      ⚠️ Erreur ligne 335: current transaction is aborted, commands ignored until end of transaction block
[2026-01-26T14:54:44.881+0000] {logging_mixin.py:151} INFO -      ⚠️ Erreur ligne 336: current transaction is aborted, commands ignored until end of transaction block
[2026-01-26T14:54:44.882+0000] {logging_mixin.py:151} INFO -      ⚠️ Erreur ligne 337: current transaction is aborted, commands ignored until end of transaction block
[2026-01-26T14:54:44.883+0000] {logging_mixin.py:151} INFO -      ⚠️ Erreur ligne 338: current transaction is aborted, commands ignored until end of transaction block
[2026-01-26T14:54:44.884+0000] {logging_mixin.py:151} INFO -      ⚠️ Erreur ligne 339: current transaction is aborted, commands ignored until end of transaction block
[2026-01-26T14:54:44.885+0000] {logging_mixin.py:151} INFO -      ⚠️ Erreur ligne 340: current transaction is aborted, commands ignored until end of transaction block
[2026-01-26T14:54:44.886+0000] {logging_mixin.py:151} INFO -      ⚠️ Erreur ligne 341: current transaction is aborted, commands ignored until end of transaction block
[2026-01-26T14:54:44.887+0000] {logging_mixin.py:151} INFO -      ⚠️ Erreur ligne 342: current transaction is aborted, commands ignored until end of transaction block
[2026-01-26T14:54:44.888+0000] {logging_mixin.py:151} INFO -      ⚠️ Erreur ligne 343: current transaction is aborted, commands ignored until end of transaction block
[2026-01-26T14:54:44.889+0000] {logging_mixin.py:151} INFO -      ⚠️ Erreur ligne 344: current transaction is aborted, commands ignored until end of transaction block
[2026-01-26T14:54:44.889+0000] {logging_mixin.py:151} INFO -      ⚠️ Erreur ligne 345: current transaction is aborted, commands ignored until end of transaction block
[2026-01-26T14:54:44.890+0000] {logging_mixin.py:151} INFO -      ⚠️ Erreur ligne 346: current transaction is aborted, commands ignored until end of transaction block
[2026-01-26T14:54:44.891+0000] {logging_mixin.py:151} INFO -      ⚠️ Erreur ligne 347: current transaction is aborted, commands ignored until end of transaction block
[2026-01-26T14:54:44.892+0000] {logging_mixin.py:151} INFO -      ⚠️ Erreur ligne 348: current transaction is aborted, commands ignored until end of transaction block
[2026-01-26T14:54:44.894+0000] {logging_mixin.py:151} INFO -      ⚠️ Erreur ligne 349: current transaction is aborted, commands ignored until end of transaction block
[2026-01-26T14:54:44.895+0000] {logging_mixin.py:151} INFO -      ⚠️ Erreur ligne 350: current transaction is aborted, commands ignored until end of transaction block
[2026-01-26T14:54:44.896+0000] {logging_mixin.py:151} INFO -      ⚠️ Erreur ligne 351: current transaction is aborted, commands ignored until end of transaction block
[2026-01-26T14:54:44.897+0000] {logging_mixin.py:151} INFO -      ⚠️ Erreur ligne 352: current transaction is aborted, commands ignored until end of transaction block
[2026-01-26T14:54:44.898+0000] {logging_mixin.py:151} INFO -      ⚠️ Erreur ligne 353: current transaction is aborted, commands ignored until end of transaction block
[2026-01-26T14:54:44.899+0000] {logging_mixin.py:151} INFO -      ⚠️ Erreur ligne 354: current transaction is aborted, commands ignored until end of transaction block
[2026-01-26T14:54:44.900+0000] {logging_mixin.py:151} INFO -      ⚠️ Erreur ligne 355: current transaction is aborted, commands ignored until end of transaction block
[2026-01-26T14:54:44.901+0000] {logging_mixin.py:151} INFO -      ⚠️ Erreur ligne 356: current transaction is aborted, commands ignored until end of transaction block
[2026-01-26T14:54:44.903+0000] {logging_mixin.py:151} INFO -      ⚠️ Erreur ligne 357: current transaction is aborted, commands ignored until end of transaction block
[2026-01-26T14:54:44.903+0000] {logging_mixin.py:151} INFO -      ⚠️ Erreur ligne 358: current transaction is aborted, commands ignored until end of transaction block
[2026-01-26T14:54:44.904+0000] {logging_mixin.py:151} INFO -      ⚠️ Erreur ligne 359: current transaction is aborted, commands ignored until end of transaction block
[2026-01-26T14:54:44.906+0000] {logging_mixin.py:151} INFO -      ⚠️ Erreur ligne 360: current transaction is aborted, commands ignored until end of transaction block
[2026-01-26T14:54:44.906+0000] {logging_mixin.py:151} INFO -      ⚠️ Erreur ligne 361: current transaction is aborted, commands ignored until end of transaction block
[2026-01-26T14:54:44.907+0000] {logging_mixin.py:151} INFO -      ⚠️ Erreur ligne 362: current transaction is aborted, commands ignored until end of transaction block
[2026-01-26T14:54:44.908+0000] {logging_mixin.py:151} INFO -      ⚠️ Erreur ligne 363: current transaction is aborted, commands ignored until end of transaction block
[2026-01-26T14:54:44.909+0000] {logging_mixin.py:151} INFO -      ⚠️ Erreur ligne 364: current transaction is aborted, commands ignored until end of transaction block
[2026-01-26T14:54:44.910+0000] {logging_mixin.py:151} INFO -      ⚠️ Erreur ligne 365: current transaction is aborted, commands ignored until end of transaction block
[2026-01-26T14:54:44.911+0000] {logging_mixin.py:151} INFO -      ⚠️ Erreur ligne 366: current transaction is aborted, commands ignored until end of transaction block
[2026-01-26T14:54:44.912+0000] {logging_mixin.py:151} INFO -      ⚠️ Erreur ligne 367: current transaction is aborted, commands ignored until end of transaction block
[2026-01-26T14:54:44.913+0000] {logging_mixin.py:151} INFO -      ⚠️ Erreur ligne 368: current transaction is aborted, commands ignored until end of transaction block
[2026-01-26T14:54:44.914+0000] {logging_mixin.py:151} INFO -      ⚠️ Erreur ligne 369: current transaction is aborted, commands ignored until end of transaction block
[2026-01-26T14:54:44.915+0000] {logging_mixin.py:151} INFO -      ⚠️ Erreur ligne 370: current transaction is aborted, commands ignored until end of transaction block
[2026-01-26T14:54:44.916+0000] {logging_mixin.py:151} INFO -      ⚠️ Erreur ligne 371: current transaction is aborted, commands ignored until end of transaction block
[2026-01-26T14:54:44.917+0000] {logging_mixin.py:151} INFO -      ⚠️ Erreur ligne 372: current transaction is aborted, commands ignored until end of transaction block
[2026-01-26T14:54:44.919+0000] {logging_mixin.py:151} INFO -      ⚠️ Erreur ligne 373: current transaction is aborted, commands ignored until end of transaction block
[2026-01-26T14:54:44.919+0000] {logging_mixin.py:151} INFO -      ⚠️ Erreur ligne 374: current transaction is aborted, commands ignored until end of transaction block
[2026-01-26T14:54:44.920+0000] {logging_mixin.py:151} INFO -      ⚠️ Erreur ligne 375: current transaction is aborted, commands ignored until end of transaction block
[2026-01-26T14:54:44.921+0000] {logging_mixin.py:151} INFO -      ⚠️ Erreur ligne 376: current transaction is aborted, commands ignored until end of transaction block
[2026-01-26T14:54:44.922+0000] {logging_mixin.py:151} INFO -      ⚠️ Erreur ligne 377: current transaction is aborted, commands ignored until end of transaction block
[2026-01-26T14:54:44.923+0000] {logging_mixin.py:151} INFO -      ⚠️ Erreur ligne 378: current transaction is aborted, commands ignored until end of transaction block
[2026-01-26T14:54:44.924+0000] {logging_mixin.py:151} INFO -      ⚠️ Erreur ligne 379: current transaction is aborted, commands ignored until end of transaction block
[2026-01-26T14:54:44.925+0000] {logging_mixin.py:151} INFO -      ⚠️ Erreur ligne 380: current transaction is aborted, commands ignored until end of transaction block
[2026-01-26T14:54:44.926+0000] {logging_mixin.py:151} INFO -      ⚠️ Erreur ligne 381: current transaction is aborted, commands ignored until end of transaction block
[2026-01-26T14:54:44.927+0000] {logging_mixin.py:151} INFO -      ⚠️ Erreur ligne 382: current transaction is aborted, commands ignored until end of transaction block
[2026-01-26T14:54:44.929+0000] {logging_mixin.py:151} INFO -      ⚠️ Erreur ligne 383: current transaction is aborted, commands ignored until end of transaction block
[2026-01-26T14:54:44.930+0000] {logging_mixin.py:151} INFO -      ⚠️ Erreur ligne 384: current transaction is aborted, commands ignored until end of transaction block
[2026-01-26T14:54:44.931+0000] {logging_mixin.py:151} INFO -      ⚠️ Erreur ligne 385: current transaction is aborted, commands ignored until end of transaction block
[2026-01-26T14:54:44.931+0000] {logging_mixin.py:151} INFO -      ⚠️ Erreur ligne 386: current transaction is aborted, commands ignored until end of transaction block
[2026-01-26T14:54:44.932+0000] {logging_mixin.py:151} INFO -      ⚠️ Erreur ligne 387: current transaction is aborted, commands ignored until end of transaction block
[2026-01-26T14:54:44.933+0000] {logging_mixin.py:151} INFO -      ⚠️ Erreur ligne 388: current transaction is aborted, commands ignored until end of transaction block
[2026-01-26T14:54:44.934+0000] {logging_mixin.py:151} INFO -      ⚠️ Erreur ligne 389: current transaction is aborted, commands ignored until end of transaction block
[2026-01-26T14:54:44.935+0000] {logging_mixin.py:151} INFO -      ⚠️ Erreur ligne 390: current transaction is aborted, commands ignored until end of transaction block
[2026-01-26T14:54:44.936+0000] {logging_mixin.py:151} INFO -      ⚠️ Erreur ligne 391: current transaction is aborted, commands ignored until end of transaction block
[2026-01-26T14:54:44.937+0000] {logging_mixin.py:151} INFO -      ⚠️ Erreur ligne 392: current transaction is aborted, commands ignored until end of transaction block
[2026-01-26T14:54:44.938+0000] {logging_mixin.py:151} INFO -      ⚠️ Erreur ligne 393: current transaction is aborted, commands ignored until end of transaction block
[2026-01-26T14:54:44.939+0000] {logging_mixin.py:151} INFO -      ⚠️ Erreur ligne 394: current transaction is aborted, commands ignored until end of transaction block
[2026-01-26T14:54:44.940+0000] {logging_mixin.py:151} INFO -      ⚠️ Erreur ligne 395: current transaction is aborted, commands ignored until end of transaction block
[2026-01-26T14:54:44.941+0000] {logging_mixin.py:151} INFO -      ⚠️ Erreur ligne 396: current transaction is aborted, commands ignored until end of transaction block
[2026-01-26T14:54:44.942+0000] {logging_mixin.py:151} INFO -      ⚠️ Erreur ligne 397: current transaction is aborted, commands ignored until end of transaction block
[2026-01-26T14:54:44.943+0000] {logging_mixin.py:151} INFO -      ⚠️ Erreur ligne 398: current transaction is aborted, commands ignored until end of transaction block
[2026-01-26T14:54:44.944+0000] {logging_mixin.py:151} INFO -      ⚠️ Erreur ligne 399: current transaction is aborted, commands ignored until end of transaction block
[2026-01-26T14:54:44.945+0000] {logging_mixin.py:151} INFO -      ⚠️ Erreur ligne 400: current transaction is aborted, commands ignored until end of transaction block
[2026-01-26T14:54:44.946+0000] {logging_mixin.py:151} INFO -      ⚠️ Erreur ligne 401: current transaction is aborted, commands ignored until end of transaction block
[2026-01-26T14:54:44.947+0000] {logging_mixin.py:151} INFO -      ⚠️ Erreur ligne 402: current transaction is aborted, commands ignored until end of transaction block
[2026-01-26T14:54:44.948+0000] {logging_mixin.py:151} INFO -      ⚠️ Erreur ligne 403: current transaction is aborted, commands ignored until end of transaction block
[2026-01-26T14:54:44.949+0000] {logging_mixin.py:151} INFO -      ⚠️ Erreur ligne 404: current transaction is aborted, commands ignored until end of transaction block
[2026-01-26T14:54:44.950+0000] {logging_mixin.py:151} INFO -      ⚠️ Erreur ligne 405: current transaction is aborted, commands ignored until end of transaction block
[2026-01-26T14:54:44.951+0000] {logging_mixin.py:151} INFO -      ⚠️ Erreur ligne 406: current transaction is aborted, commands ignored until end of transaction block
[2026-01-26T14:54:44.952+0000] {logging_mixin.py:151} INFO -      ⚠️ Erreur ligne 407: current transaction is aborted, commands ignored until end of transaction block
[2026-01-26T14:54:44.953+0000] {logging_mixin.py:151} INFO -      ⚠️ Erreur ligne 408: current transaction is aborted, commands ignored until end of transaction block
[2026-01-26T14:54:44.954+0000] {logging_mixin.py:151} INFO -      ⚠️ Erreur ligne 409: current transaction is aborted, commands ignored until end of transaction block
[2026-01-26T14:54:44.955+0000] {logging_mixin.py:151} INFO -      ⚠️ Erreur ligne 410: current transaction is aborted, commands ignored until end of transaction block
[2026-01-26T14:54:44.956+0000] {logging_mixin.py:151} INFO -      ⚠️ Erreur ligne 411: current transaction is aborted, commands ignored until end of transaction block
[2026-01-26T14:54:44.958+0000] {logging_mixin.py:151} INFO -      ⚠️ Erreur ligne 412: current transaction is aborted, commands ignored until end of transaction block
[2026-01-26T14:54:44.958+0000] {logging_mixin.py:151} INFO -      ⚠️ Erreur ligne 413: current transaction is aborted, commands ignored until end of transaction block
[2026-01-26T14:54:44.959+0000] {logging_mixin.py:151} INFO -      ⚠️ Erreur ligne 414: current transaction is aborted, commands ignored until end of transaction block
[2026-01-26T14:54:44.960+0000] {logging_mixin.py:151} INFO -      ⚠️ Erreur ligne 415: current transaction is aborted, commands ignored until end of transaction block
[2026-01-26T14:54:44.961+0000] {logging_mixin.py:151} INFO -      ⚠️ Erreur ligne 416: current transaction is aborted, commands ignored until end of transaction block
[2026-01-26T14:54:44.962+0000] {logging_mixin.py:151} INFO -      ⚠️ Erreur ligne 417: current transaction is aborted, commands ignored until end of transaction block
[2026-01-26T14:54:44.963+0000] {logging_mixin.py:151} INFO -      ⚠️ Erreur ligne 418: current transaction is aborted, commands ignored until end of transaction block
[2026-01-26T14:54:44.964+0000] {logging_mixin.py:151} INFO -      ⚠️ Erreur ligne 419: current transaction is aborted, commands ignored until end of transaction block
[2026-01-26T14:54:44.965+0000] {logging_mixin.py:151} INFO -      ⚠️ Erreur ligne 420: current transaction is aborted, commands ignored until end of transaction block
[2026-01-26T14:54:44.966+0000] {logging_mixin.py:151} INFO -      ⚠️ Erreur ligne 421: current transaction is aborted, commands ignored until end of transaction block
[2026-01-26T14:54:44.966+0000] {logging_mixin.py:151} INFO -      ⚠️ Erreur ligne 422: current transaction is aborted, commands ignored until end of transaction block
[2026-01-26T14:54:44.968+0000] {logging_mixin.py:151} INFO -      ⚠️ Erreur ligne 423: current transaction is aborted, commands ignored until end of transaction block
[2026-01-26T14:54:44.969+0000] {logging_mixin.py:151} INFO -      ⚠️ Erreur ligne 424: current transaction is aborted, commands ignored until end of transaction block
[2026-01-26T14:54:44.970+0000] {logging_mixin.py:151} INFO -      ⚠️ Erreur ligne 425: current transaction is aborted, commands ignored until end of transaction block
[2026-01-26T14:54:44.971+0000] {logging_mixin.py:151} INFO -      ⚠️ Erreur ligne 426: current transaction is aborted, commands ignored until end of transaction block
[2026-01-26T14:54:44.972+0000] {logging_mixin.py:151} INFO -      ⚠️ Erreur ligne 427: current transaction is aborted, commands ignored until end of transaction block
[2026-01-26T14:54:44.973+0000] {logging_mixin.py:151} INFO -      ⚠️ Erreur ligne 428: current transaction is aborted, commands ignored until end of transaction block
[2026-01-26T14:54:44.974+0000] {logging_mixin.py:151} INFO -      ⚠️ Erreur ligne 429: current transaction is aborted, commands ignored until end of transaction block
[2026-01-26T14:54:44.975+0000] {logging_mixin.py:151} INFO -      ⚠️ Erreur ligne 430: current transaction is aborted, commands ignored until end of transaction block
[2026-01-26T14:54:44.976+0000] {logging_mixin.py:151} INFO -      ⚠️ Erreur ligne 431: current transaction is aborted, commands ignored until end of transaction block
[2026-01-26T14:54:44.977+0000] {logging_mixin.py:151} INFO -      ⚠️ Erreur ligne 432: current transaction is aborted, commands ignored until end of transaction block
[2026-01-26T14:54:44.978+0000] {logging_mixin.py:151} INFO -      ⚠️ Erreur ligne 433: current transaction is aborted, commands ignored until end of transaction block
[2026-01-26T14:54:44.979+0000] {logging_mixin.py:151} INFO -      ⚠️ Erreur ligne 434: current transaction is aborted, commands ignored until end of transaction block
[2026-01-26T14:54:44.980+0000] {logging_mixin.py:151} INFO -      ⚠️ Erreur ligne 435: current transaction is aborted, commands ignored until end of transaction block
[2026-01-26T14:54:44.981+0000] {logging_mixin.py:151} INFO -      ⚠️ Erreur ligne 436: current transaction is aborted, commands ignored until end of transaction block
[2026-01-26T14:54:44.982+0000] {logging_mixin.py:151} INFO -      ⚠️ Erreur ligne 437: current transaction is aborted, commands ignored until end of transaction block
[2026-01-26T14:54:44.983+0000] {logging_mixin.py:151} INFO -      ⚠️ Erreur ligne 438: current transaction is aborted, commands ignored until end of transaction block
[2026-01-26T14:54:44.984+0000] {logging_mixin.py:151} INFO -      ⚠️ Erreur ligne 439: current transaction is aborted, commands ignored until end of transaction block
[2026-01-26T14:54:44.985+0000] {logging_mixin.py:151} INFO -      ⚠️ Erreur ligne 440: current transaction is aborted, commands ignored until end of transaction block
[2026-01-26T14:54:44.986+0000] {logging_mixin.py:151} INFO -      ⚠️ Erreur ligne 441: current transaction is aborted, commands ignored until end of transaction block
[2026-01-26T14:54:44.987+0000] {logging_mixin.py:151} INFO -      ⚠️ Erreur ligne 442: current transaction is aborted, commands ignored until end of transaction block
[2026-01-26T14:54:44.988+0000] {logging_mixin.py:151} INFO -      ⚠️ Erreur ligne 443: current transaction is aborted, commands ignored until end of transaction block
[2026-01-26T14:54:44.989+0000] {logging_mixin.py:151} INFO -      ⚠️ Erreur ligne 444: current transaction is aborted, commands ignored until end of transaction block
[2026-01-26T14:54:44.989+0000] {logging_mixin.py:151} INFO -      ⚠️ Erreur ligne 445: current transaction is aborted, commands ignored until end of transaction block
[2026-01-26T14:54:44.990+0000] {logging_mixin.py:151} INFO -      ⚠️ Erreur ligne 446: current transaction is aborted, commands ignored until end of transaction block
[2026-01-26T14:54:44.991+0000] {logging_mixin.py:151} INFO -      ⚠️ Erreur ligne 447: current transaction is aborted, commands ignored until end of transaction block
[2026-01-26T14:54:44.992+0000] {logging_mixin.py:151} INFO -      ⚠️ Erreur ligne 448: current transaction is aborted, commands ignored until end of transaction block
[2026-01-26T14:54:44.992+0000] {logging_mixin.py:151} INFO -      ⚠️ Erreur ligne 449: current transaction is aborted, commands ignored until end of transaction block
[2026-01-26T14:54:44.993+0000] {logging_mixin.py:151} INFO -      ⚠️ Erreur ligne 450: current transaction is aborted, commands ignored until end of transaction block
[2026-01-26T14:54:44.994+0000] {logging_mixin.py:151} INFO -      ⚠️ Erreur ligne 451: current transaction is aborted, commands ignored until end of transaction block
[2026-01-26T14:54:44.995+0000] {logging_mixin.py:151} INFO -      ⚠️ Erreur ligne 452: current transaction is aborted, commands ignored until end of transaction block
[2026-01-26T14:54:44.996+0000] {logging_mixin.py:151} INFO -      ⚠️ Erreur ligne 453: current transaction is aborted, commands ignored until end of transaction block
[2026-01-26T14:54:44.996+0000] {logging_mixin.py:151} INFO -      ⚠️ Erreur ligne 454: current transaction is aborted, commands ignored until end of transaction block
[2026-01-26T14:54:44.997+0000] {logging_mixin.py:151} INFO -      ⚠️ Erreur ligne 455: current transaction is aborted, commands ignored until end of transaction block
[2026-01-26T14:54:44.998+0000] {logging_mixin.py:151} INFO -      ⚠️ Erreur ligne 456: current transaction is aborted, commands ignored until end of transaction block
[2026-01-26T14:54:44.999+0000] {logging_mixin.py:151} INFO -      ⚠️ Erreur ligne 457: current transaction is aborted, commands ignored until end of transaction block
[2026-01-26T14:54:45.000+0000] {logging_mixin.py:151} INFO -      ⚠️ Erreur ligne 458: current transaction is aborted, commands ignored until end of transaction block
[2026-01-26T14:54:45.002+0000] {logging_mixin.py:151} INFO -      ⚠️ Erreur ligne 459: current transaction is aborted, commands ignored until end of transaction block
[2026-01-26T14:54:45.003+0000] {logging_mixin.py:151} INFO -      ⚠️ Erreur ligne 460: current transaction is aborted, commands ignored until end of transaction block
[2026-01-26T14:54:45.004+0000] {logging_mixin.py:151} INFO -      ⚠️ Erreur ligne 461: current transaction is aborted, commands ignored until end of transaction block
[2026-01-26T14:54:45.004+0000] {logging_mixin.py:151} INFO -      ⚠️ Erreur ligne 462: current transaction is aborted, commands ignored until end of transaction block
[2026-01-26T14:54:45.005+0000] {logging_mixin.py:151} INFO -      ⚠️ Erreur ligne 463: current transaction is aborted, commands ignored until end of transaction block
[2026-01-26T14:54:45.006+0000] {logging_mixin.py:151} INFO -      ⚠️ Erreur ligne 464: current transaction is aborted, commands ignored until end of transaction block
[2026-01-26T14:54:45.007+0000] {logging_mixin.py:151} INFO -      ⚠️ Erreur ligne 465: current transaction is aborted, commands ignored until end of transaction block
[2026-01-26T14:54:45.008+0000] {logging_mixin.py:151} INFO -      ⚠️ Erreur ligne 466: current transaction is aborted, commands ignored until end of transaction block
[2026-01-26T14:54:45.009+0000] {logging_mixin.py:151} INFO -      ⚠️ Erreur ligne 467: current transaction is aborted, commands ignored until end of transaction block
[2026-01-26T14:54:45.010+0000] {logging_mixin.py:151} INFO -      ⚠️ Erreur ligne 468: current transaction is aborted, commands ignored until end of transaction block
[2026-01-26T14:54:45.011+0000] {logging_mixin.py:151} INFO -      ⚠️ Erreur ligne 469: current transaction is aborted, commands ignored until end of transaction block
[2026-01-26T14:54:45.012+0000] {logging_mixin.py:151} INFO -      ⚠️ Erreur ligne 470: current transaction is aborted, commands ignored until end of transaction block
[2026-01-26T14:54:45.013+0000] {logging_mixin.py:151} INFO -      ⚠️ Erreur ligne 471: current transaction is aborted, commands ignored until end of transaction block
[2026-01-26T14:54:45.014+0000] {logging_mixin.py:151} INFO -      ⚠️ Erreur ligne 472: current transaction is aborted, commands ignored until end of transaction block
[2026-01-26T14:54:45.014+0000] {logging_mixin.py:151} INFO -      ⚠️ Erreur ligne 473: current transaction is aborted, commands ignored until end of transaction block
[2026-01-26T14:54:45.015+0000] {logging_mixin.py:151} INFO -      ⚠️ Erreur ligne 474: current transaction is aborted, commands ignored until end of transaction block
[2026-01-26T14:54:45.016+0000] {logging_mixin.py:151} INFO -      ⚠️ Erreur ligne 475: current transaction is aborted, commands ignored until end of transaction block
[2026-01-26T14:54:45.017+0000] {logging_mixin.py:151} INFO -      ⚠️ Erreur ligne 476: current transaction is aborted, commands ignored until end of transaction block
[2026-01-26T14:54:45.018+0000] {logging_mixin.py:151} INFO -      ⚠️ Erreur ligne 477: current transaction is aborted, commands ignored until end of transaction block
[2026-01-26T14:54:45.018+0000] {logging_mixin.py:151} INFO -      ⚠️ Erreur ligne 478: current transaction is aborted, commands ignored until end of transaction block
[2026-01-26T14:54:45.019+0000] {logging_mixin.py:151} INFO -      ⚠️ Erreur ligne 479: current transaction is aborted, commands ignored until end of transaction block
[2026-01-26T14:54:45.020+0000] {logging_mixin.py:151} INFO -      ⚠️ Erreur ligne 480: current transaction is aborted, commands ignored until end of transaction block
[2026-01-26T14:54:45.021+0000] {logging_mixin.py:151} INFO -      ⚠️ Erreur ligne 481: current transaction is aborted, commands ignored until end of transaction block
[2026-01-26T14:54:45.022+0000] {logging_mixin.py:151} INFO -      ⚠️ Erreur ligne 482: current transaction is aborted, commands ignored until end of transaction block
[2026-01-26T14:54:45.023+0000] {logging_mixin.py:151} INFO -      ⚠️ Erreur ligne 483: current transaction is aborted, commands ignored until end of transaction block
[2026-01-26T14:54:45.023+0000] {logging_mixin.py:151} INFO -      ⚠️ Erreur ligne 484: current transaction is aborted, commands ignored until end of transaction block
[2026-01-26T14:54:45.024+0000] {logging_mixin.py:151} INFO -      ⚠️ Erreur ligne 485: current transaction is aborted, commands ignored until end of transaction block
[2026-01-26T14:54:45.025+0000] {logging_mixin.py:151} INFO -      ⚠️ Erreur ligne 486: current transaction is aborted, commands ignored until end of transaction block
[2026-01-26T14:54:45.026+0000] {logging_mixin.py:151} INFO -      ⚠️ Erreur ligne 487: current transaction is aborted, commands ignored until end of transaction block
[2026-01-26T14:54:45.027+0000] {logging_mixin.py:151} INFO -      ⚠️ Erreur ligne 488: current transaction is aborted, commands ignored until end of transaction block
[2026-01-26T14:54:45.028+0000] {logging_mixin.py:151} INFO -      ⚠️ Erreur ligne 489: current transaction is aborted, commands ignored until end of transaction block
[2026-01-26T14:54:45.029+0000] {logging_mixin.py:151} INFO -      ⚠️ Erreur ligne 490: current transaction is aborted, commands ignored until end of transaction block
[2026-01-26T14:54:45.029+0000] {logging_mixin.py:151} INFO -      ⚠️ Erreur ligne 491: current transaction is aborted, commands ignored until end of transaction block
[2026-01-26T14:54:45.030+0000] {logging_mixin.py:151} INFO -      ⚠️ Erreur ligne 492: current transaction is aborted, commands ignored until end of transaction block
[2026-01-26T14:54:45.031+0000] {logging_mixin.py:151} INFO -      ⚠️ Erreur ligne 493: current transaction is aborted, commands ignored until end of transaction block
[2026-01-26T14:54:45.032+0000] {logging_mixin.py:151} INFO -      ⚠️ Erreur ligne 494: current transaction is aborted, commands ignored until end of transaction block
[2026-01-26T14:54:45.032+0000] {logging_mixin.py:151} INFO -      ⚠️ Erreur ligne 495: current transaction is aborted, commands ignored until end of transaction block
[2026-01-26T14:54:45.033+0000] {logging_mixin.py:151} INFO -      ⚠️ Erreur ligne 496: current transaction is aborted, commands ignored until end of transaction block
[2026-01-26T14:54:45.034+0000] {logging_mixin.py:151} INFO -      ⚠️ Erreur ligne 497: current transaction is aborted, commands ignored until end of transaction block
[2026-01-26T14:54:45.035+0000] {logging_mixin.py:151} INFO -      ⚠️ Erreur ligne 498: current transaction is aborted, commands ignored until end of transaction block
[2026-01-26T14:54:45.036+0000] {logging_mixin.py:151} INFO -      ⚠️ Erreur ligne 499: current transaction is aborted, commands ignored until end of transaction block
[2026-01-26T14:54:45.037+0000] {logging_mixin.py:151} INFO -      ⚠️ Erreur ligne 500: current transaction is aborted, commands ignored until end of transaction block
[2026-01-26T14:54:45.037+0000] {logging_mixin.py:151} INFO -      ⚠️ Erreur ligne 501: current transaction is aborted, commands ignored until end of transaction block
[2026-01-26T14:54:45.038+0000] {logging_mixin.py:151} INFO -      ⚠️ Erreur ligne 502: current transaction is aborted, commands ignored until end of transaction block
[2026-01-26T14:54:45.039+0000] {logging_mixin.py:151} INFO -      ⚠️ Erreur ligne 503: current transaction is aborted, commands ignored until end of transaction block
[2026-01-26T14:54:45.040+0000] {logging_mixin.py:151} INFO -      ⚠️ Erreur ligne 504: current transaction is aborted, commands ignored until end of transaction block
[2026-01-26T14:54:45.041+0000] {logging_mixin.py:151} INFO -      ⚠️ Erreur ligne 505: current transaction is aborted, commands ignored until end of transaction block
[2026-01-26T14:54:45.041+0000] {logging_mixin.py:151} INFO -      ⚠️ Erreur ligne 506: current transaction is aborted, commands ignored until end of transaction block
[2026-01-26T14:54:45.042+0000] {logging_mixin.py:151} INFO -      ⚠️ Erreur ligne 507: current transaction is aborted, commands ignored until end of transaction block
[2026-01-26T14:54:45.043+0000] {logging_mixin.py:151} INFO -      ⚠️ Erreur ligne 508: current transaction is aborted, commands ignored until end of transaction block
[2026-01-26T14:54:45.044+0000] {logging_mixin.py:151} INFO -      ⚠️ Erreur ligne 509: current transaction is aborted, commands ignored until end of transaction block
[2026-01-26T14:54:45.044+0000] {logging_mixin.py:151} INFO -      ⚠️ Erreur ligne 510: current transaction is aborted, commands ignored until end of transaction block
[2026-01-26T14:54:45.045+0000] {logging_mixin.py:151} INFO -      ⚠️ Erreur ligne 511: current transaction is aborted, commands ignored until end of transaction block
[2026-01-26T14:54:45.046+0000] {logging_mixin.py:151} INFO -      ⚠️ Erreur ligne 512: current transaction is aborted, commands ignored until end of transaction block
[2026-01-26T14:54:45.047+0000] {logging_mixin.py:151} INFO -      ⚠️ Erreur ligne 513: current transaction is aborted, commands ignored until end of transaction block
[2026-01-26T14:54:45.048+0000] {logging_mixin.py:151} INFO -      ⚠️ Erreur ligne 514: current transaction is aborted, commands ignored until end of transaction block
[2026-01-26T14:54:45.049+0000] {logging_mixin.py:151} INFO -      ⚠️ Erreur ligne 515: current transaction is aborted, commands ignored until end of transaction block
[2026-01-26T14:54:45.050+0000] {logging_mixin.py:151} INFO -      ⚠️ Erreur ligne 516: current transaction is aborted, commands ignored until end of transaction block
[2026-01-26T14:54:45.050+0000] {logging_mixin.py:151} INFO -      ⚠️ Erreur ligne 517: current transaction is aborted, commands ignored until end of transaction block
[2026-01-26T14:54:45.051+0000] {logging_mixin.py:151} INFO -      ⚠️ Erreur ligne 518: current transaction is aborted, commands ignored until end of transaction block
[2026-01-26T14:54:45.052+0000] {logging_mixin.py:151} INFO -      ⚠️ Erreur ligne 519: current transaction is aborted, commands ignored until end of transaction block
[2026-01-26T14:54:45.053+0000] {logging_mixin.py:151} INFO -      ⚠️ Erreur ligne 520: current transaction is aborted, commands ignored until end of transaction block
[2026-01-26T14:54:45.054+0000] {logging_mixin.py:151} INFO -      ⚠️ Erreur ligne 521: current transaction is aborted, commands ignored until end of transaction block
[2026-01-26T14:54:45.056+0000] {logging_mixin.py:151} INFO -      ⚠️ Erreur ligne 522: current transaction is aborted, commands ignored until end of transaction block
[2026-01-26T14:54:45.058+0000] {logging_mixin.py:151} INFO -      ⚠️ Erreur ligne 523: current transaction is aborted, commands ignored until end of transaction block
[2026-01-26T14:54:45.059+0000] {logging_mixin.py:151} INFO -      ⚠️ Erreur ligne 524: current transaction is aborted, commands ignored until end of transaction block
[2026-01-26T14:54:45.060+0000] {logging_mixin.py:151} INFO -      ⚠️ Erreur ligne 525: current transaction is aborted, commands ignored until end of transaction block
[2026-01-26T14:54:45.061+0000] {logging_mixin.py:151} INFO -      ⚠️ Erreur ligne 526: current transaction is aborted, commands ignored until end of transaction block
[2026-01-26T14:54:45.062+0000] {logging_mixin.py:151} INFO -      ⚠️ Erreur ligne 527: current transaction is aborted, commands ignored until end of transaction block
[2026-01-26T14:54:45.063+0000] {logging_mixin.py:151} INFO -      ⚠️ Erreur ligne 528: current transaction is aborted, commands ignored until end of transaction block
[2026-01-26T14:54:45.065+0000] {logging_mixin.py:151} INFO -      ⚠️ Erreur ligne 529: current transaction is aborted, commands ignored until end of transaction block
[2026-01-26T14:54:45.066+0000] {logging_mixin.py:151} INFO -      ⚠️ Erreur ligne 530: current transaction is aborted, commands ignored until end of transaction block
[2026-01-26T14:54:45.067+0000] {logging_mixin.py:151} INFO -      ⚠️ Erreur ligne 531: current transaction is aborted, commands ignored until end of transaction block
[2026-01-26T14:54:45.068+0000] {logging_mixin.py:151} INFO -      ⚠️ Erreur ligne 532: current transaction is aborted, commands ignored until end of transaction block
[2026-01-26T14:54:45.070+0000] {logging_mixin.py:151} INFO -      ⚠️ Erreur ligne 533: current transaction is aborted, commands ignored until end of transaction block
[2026-01-26T14:54:45.071+0000] {logging_mixin.py:151} INFO -      ⚠️ Erreur ligne 534: current transaction is aborted, commands ignored until end of transaction block
[2026-01-26T14:54:45.071+0000] {logging_mixin.py:151} INFO -      ⚠️ Erreur ligne 535: current transaction is aborted, commands ignored until end of transaction block
[2026-01-26T14:54:45.072+0000] {logging_mixin.py:151} INFO -      ⚠️ Erreur ligne 536: current transaction is aborted, commands ignored until end of transaction block
[2026-01-26T14:54:45.073+0000] {logging_mixin.py:151} INFO -      ⚠️ Erreur ligne 537: current transaction is aborted, commands ignored until end of transaction block
[2026-01-26T14:54:45.074+0000] {logging_mixin.py:151} INFO -      ⚠️ Erreur ligne 538: current transaction is aborted, commands ignored until end of transaction block
[2026-01-26T14:54:45.075+0000] {logging_mixin.py:151} INFO -      ⚠️ Erreur ligne 539: current transaction is aborted, commands ignored until end of transaction block
[2026-01-26T14:54:45.076+0000] {logging_mixin.py:151} INFO -      ⚠️ Erreur ligne 540: current transaction is aborted, commands ignored until end of transaction block
[2026-01-26T14:54:45.077+0000] {logging_mixin.py:151} INFO -      ⚠️ Erreur ligne 541: current transaction is aborted, commands ignored until end of transaction block
[2026-01-26T14:54:45.078+0000] {logging_mixin.py:151} INFO -      ⚠️ Erreur ligne 542: current transaction is aborted, commands ignored until end of transaction block
[2026-01-26T14:54:45.079+0000] {logging_mixin.py:151} INFO -      ⚠️ Erreur ligne 543: current transaction is aborted, commands ignored until end of transaction block
[2026-01-26T14:54:45.080+0000] {logging_mixin.py:151} INFO -      ⚠️ Erreur ligne 544: current transaction is aborted, commands ignored until end of transaction block
[2026-01-26T14:54:45.081+0000] {logging_mixin.py:151} INFO -      ⚠️ Erreur ligne 545: current transaction is aborted, commands ignored until end of transaction block
[2026-01-26T14:54:45.081+0000] {logging_mixin.py:151} INFO -      ⚠️ Erreur ligne 546: current transaction is aborted, commands ignored until end of transaction block
[2026-01-26T14:54:45.082+0000] {logging_mixin.py:151} INFO -      ⚠️ Erreur ligne 547: current transaction is aborted, commands ignored until end of transaction block
[2026-01-26T14:54:45.083+0000] {logging_mixin.py:151} INFO -      ⚠️ Erreur ligne 548: current transaction is aborted, commands ignored until end of transaction block
[2026-01-26T14:54:45.084+0000] {logging_mixin.py:151} INFO -      ⚠️ Erreur ligne 549: current transaction is aborted, commands ignored until end of transaction block
[2026-01-26T14:54:45.085+0000] {logging_mixin.py:151} INFO -      ⚠️ Erreur ligne 550: current transaction is aborted, commands ignored until end of transaction block
[2026-01-26T14:54:45.086+0000] {logging_mixin.py:151} INFO -      ⚠️ Erreur ligne 551: current transaction is aborted, commands ignored until end of transaction block
[2026-01-26T14:54:45.087+0000] {logging_mixin.py:151} INFO -      ⚠️ Erreur ligne 552: current transaction is aborted, commands ignored until end of transaction block
[2026-01-26T14:54:45.088+0000] {logging_mixin.py:151} INFO -      ⚠️ Erreur ligne 553: current transaction is aborted, commands ignored until end of transaction block
[2026-01-26T14:54:45.089+0000] {logging_mixin.py:151} INFO -      ⚠️ Erreur ligne 554: current transaction is aborted, commands ignored until end of transaction block
[2026-01-26T14:54:45.090+0000] {logging_mixin.py:151} INFO -      ⚠️ Erreur ligne 555: current transaction is aborted, commands ignored until end of transaction block
[2026-01-26T14:54:45.091+0000] {logging_mixin.py:151} INFO -      ⚠️ Erreur ligne 556: current transaction is aborted, commands ignored until end of transaction block
[2026-01-26T14:54:45.092+0000] {logging_mixin.py:151} INFO -      ⚠️ Erreur ligne 557: current transaction is aborted, commands ignored until end of transaction block
[2026-01-26T14:54:45.093+0000] {logging_mixin.py:151} INFO -      ⚠️ Erreur ligne 558: current transaction is aborted, commands ignored until end of transaction block
[2026-01-26T14:54:45.094+0000] {logging_mixin.py:151} INFO -      ⚠️ Erreur ligne 559: current transaction is aborted, commands ignored until end of transaction block
[2026-01-26T14:54:45.095+0000] {logging_mixin.py:151} INFO -      ⚠️ Erreur ligne 560: current transaction is aborted, commands ignored until end of transaction block
[2026-01-26T14:54:45.096+0000] {logging_mixin.py:151} INFO -      ⚠️ Erreur ligne 561: current transaction is aborted, commands ignored until end of transaction block
[2026-01-26T14:54:45.097+0000] {logging_mixin.py:151} INFO -      ⚠️ Erreur ligne 562: current transaction is aborted, commands ignored until end of transaction block
[2026-01-26T14:54:45.098+0000] {logging_mixin.py:151} INFO -      ⚠️ Erreur ligne 563: current transaction is aborted, commands ignored until end of transaction block
[2026-01-26T14:54:45.099+0000] {logging_mixin.py:151} INFO -      ⚠️ Erreur ligne 564: current transaction is aborted, commands ignored until end of transaction block
[2026-01-26T14:54:45.100+0000] {logging_mixin.py:151} INFO -      ⚠️ Erreur ligne 565: current transaction is aborted, commands ignored until end of transaction block
[2026-01-26T14:54:45.101+0000] {logging_mixin.py:151} INFO -      ⚠️ Erreur ligne 566: current transaction is aborted, commands ignored until end of transaction block
[2026-01-26T14:54:45.102+0000] {logging_mixin.py:151} INFO -      ⚠️ Erreur ligne 567: current transaction is aborted, commands ignored until end of transaction block
[2026-01-26T14:54:45.103+0000] {logging_mixin.py:151} INFO -      ⚠️ Erreur ligne 568: current transaction is aborted, commands ignored until end of transaction block
[2026-01-26T14:54:45.104+0000] {logging_mixin.py:151} INFO -      ⚠️ Erreur ligne 569: current transaction is aborted, commands ignored until end of transaction block
[2026-01-26T14:54:45.105+0000] {logging_mixin.py:151} INFO -      ⚠️ Erreur ligne 570: current transaction is aborted, commands ignored until end of transaction block
[2026-01-26T14:54:45.106+0000] {logging_mixin.py:151} INFO -      ⚠️ Erreur ligne 571: current transaction is aborted, commands ignored until end of transaction block
[2026-01-26T14:54:45.108+0000] {logging_mixin.py:151} INFO -      ⚠️ Erreur ligne 572: current transaction is aborted, commands ignored until end of transaction block
[2026-01-26T14:54:45.109+0000] {logging_mixin.py:151} INFO -      ⚠️ Erreur ligne 573: current transaction is aborted, commands ignored until end of transaction block
[2026-01-26T14:54:45.111+0000] {logging_mixin.py:151} INFO -      ⚠️ Erreur ligne 574: current transaction is aborted, commands ignored until end of transaction block
[2026-01-26T14:54:45.112+0000] {logging_mixin.py:151} INFO -      ⚠️ Erreur ligne 575: current transaction is aborted, commands ignored until end of transaction block
[2026-01-26T14:54:45.113+0000] {logging_mixin.py:151} INFO -      ⚠️ Erreur ligne 576: current transaction is aborted, commands ignored until end of transaction block
[2026-01-26T14:54:45.114+0000] {logging_mixin.py:151} INFO -      ⚠️ Erreur ligne 577: current transaction is aborted, commands ignored until end of transaction block
[2026-01-26T14:54:45.116+0000] {logging_mixin.py:151} INFO -      ⚠️ Erreur ligne 578: current transaction is aborted, commands ignored until end of transaction block
[2026-01-26T14:54:45.117+0000] {logging_mixin.py:151} INFO -      ⚠️ Erreur ligne 579: current transaction is aborted, commands ignored until end of transaction block
[2026-01-26T14:54:45.118+0000] {logging_mixin.py:151} INFO -      ⚠️ Erreur ligne 580: current transaction is aborted, commands ignored until end of transaction block
[2026-01-26T14:54:45.119+0000] {logging_mixin.py:151} INFO -      ⚠️ Erreur ligne 581: current transaction is aborted, commands ignored until end of transaction block
[2026-01-26T14:54:45.120+0000] {logging_mixin.py:151} INFO -      ⚠️ Erreur ligne 582: current transaction is aborted, commands ignored until end of transaction block
[2026-01-26T14:54:45.121+0000] {logging_mixin.py:151} INFO -      ⚠️ Erreur ligne 583: current transaction is aborted, commands ignored until end of transaction block
[2026-01-26T14:54:45.122+0000] {logging_mixin.py:151} INFO -      ⚠️ Erreur ligne 584: current transaction is aborted, commands ignored until end of transaction block
[2026-01-26T14:54:45.124+0000] {logging_mixin.py:151} INFO -      ⚠️ Erreur ligne 585: current transaction is aborted, commands ignored until end of transaction block
[2026-01-26T14:54:45.125+0000] {logging_mixin.py:151} INFO -      ⚠️ Erreur ligne 586: current transaction is aborted, commands ignored until end of transaction block
[2026-01-26T14:54:45.126+0000] {logging_mixin.py:151} INFO -      ⚠️ Erreur ligne 587: current transaction is aborted, commands ignored until end of transaction block
[2026-01-26T14:54:45.127+0000] {logging_mixin.py:151} INFO -      ⚠️ Erreur ligne 588: current transaction is aborted, commands ignored until end of transaction block
[2026-01-26T14:54:45.129+0000] {logging_mixin.py:151} INFO -      ⚠️ Erreur ligne 589: current transaction is aborted, commands ignored until end of transaction block
[2026-01-26T14:54:45.131+0000] {logging_mixin.py:151} INFO -      ⚠️ Erreur ligne 590: current transaction is aborted, commands ignored until end of transaction block
[2026-01-26T14:54:45.132+0000] {logging_mixin.py:151} INFO -      ⚠️ Erreur ligne 591: current transaction is aborted, commands ignored until end of transaction block
[2026-01-26T14:54:45.133+0000] {logging_mixin.py:151} INFO -      ⚠️ Erreur ligne 592: current transaction is aborted, commands ignored until end of transaction block
[2026-01-26T14:54:45.134+0000] {logging_mixin.py:151} INFO -      ⚠️ Erreur ligne 593: current transaction is aborted, commands ignored until end of transaction block
[2026-01-26T14:54:45.135+0000] {logging_mixin.py:151} INFO -      ⚠️ Erreur ligne 594: current transaction is aborted, commands ignored until end of transaction block
[2026-01-26T14:54:45.136+0000] {logging_mixin.py:151} INFO -      ⚠️ Erreur ligne 595: current transaction is aborted, commands ignored until end of transaction block
[2026-01-26T14:54:45.137+0000] {logging_mixin.py:151} INFO -      ⚠️ Erreur ligne 596: current transaction is aborted, commands ignored until end of transaction block
[2026-01-26T14:54:45.138+0000] {logging_mixin.py:151} INFO -      ⚠️ Erreur ligne 597: current transaction is aborted, commands ignored until end of transaction block
[2026-01-26T14:54:45.139+0000] {logging_mixin.py:151} INFO -      ⚠️ Erreur ligne 598: current transaction is aborted, commands ignored until end of transaction block
[2026-01-26T14:54:45.140+0000] {logging_mixin.py:151} INFO -      ⚠️ Erreur ligne 599: current transaction is aborted, commands ignored until end of transaction block
[2026-01-26T14:54:45.141+0000] {logging_mixin.py:151} INFO -      ⚠️ Erreur ligne 600: current transaction is aborted, commands ignored until end of transaction block
[2026-01-26T14:54:45.142+0000] {logging_mixin.py:151} INFO -      ⚠️ Erreur ligne 601: current transaction is aborted, commands ignored until end of transaction block
[2026-01-26T14:54:45.143+0000] {logging_mixin.py:151} INFO -      ⚠️ Erreur ligne 602: current transaction is aborted, commands ignored until end of transaction block
[2026-01-26T14:54:45.144+0000] {logging_mixin.py:151} INFO -      ⚠️ Erreur ligne 603: current transaction is aborted, commands ignored until end of transaction block
[2026-01-26T14:54:45.145+0000] {logging_mixin.py:151} INFO -      ⚠️ Erreur ligne 604: current transaction is aborted, commands ignored until end of transaction block
[2026-01-26T14:54:45.146+0000] {logging_mixin.py:151} INFO -      ⚠️ Erreur ligne 605: current transaction is aborted, commands ignored until end of transaction block
[2026-01-26T14:54:45.146+0000] {logging_mixin.py:151} INFO -      ⚠️ Erreur ligne 606: current transaction is aborted, commands ignored until end of transaction block
[2026-01-26T14:54:45.147+0000] {logging_mixin.py:151} INFO -      ⚠️ Erreur ligne 607: current transaction is aborted, commands ignored until end of transaction block
[2026-01-26T14:54:45.149+0000] {logging_mixin.py:151} INFO -      ⚠️ Erreur ligne 608: current transaction is aborted, commands ignored until end of transaction block
[2026-01-26T14:54:45.151+0000] {logging_mixin.py:151} INFO -      ⚠️ Erreur ligne 609: current transaction is aborted, commands ignored until end of transaction block
[2026-01-26T14:54:45.152+0000] {logging_mixin.py:151} INFO -      ⚠️ Erreur ligne 610: current transaction is aborted, commands ignored until end of transaction block
[2026-01-26T14:54:45.153+0000] {logging_mixin.py:151} INFO -      ⚠️ Erreur ligne 611: current transaction is aborted, commands ignored until end of transaction block
[2026-01-26T14:54:45.154+0000] {logging_mixin.py:151} INFO -      ⚠️ Erreur ligne 612: current transaction is aborted, commands ignored until end of transaction block
[2026-01-26T14:54:45.155+0000] {logging_mixin.py:151} INFO -      ⚠️ Erreur ligne 613: current transaction is aborted, commands ignored until end of transaction block
[2026-01-26T14:54:45.156+0000] {logging_mixin.py:151} INFO -      ⚠️ Erreur ligne 614: current transaction is aborted, commands ignored until end of transaction block
[2026-01-26T14:54:45.157+0000] {logging_mixin.py:151} INFO -      ⚠️ Erreur ligne 615: current transaction is aborted, commands ignored until end of transaction block
[2026-01-26T14:54:45.158+0000] {logging_mixin.py:151} INFO -      ⚠️ Erreur ligne 616: current transaction is aborted, commands ignored until end of transaction block
[2026-01-26T14:54:45.159+0000] {logging_mixin.py:151} INFO -      ⚠️ Erreur ligne 617: current transaction is aborted, commands ignored until end of transaction block
[2026-01-26T14:54:45.160+0000] {logging_mixin.py:151} INFO -      ⚠️ Erreur ligne 618: current transaction is aborted, commands ignored until end of transaction block
[2026-01-26T14:54:45.161+0000] {logging_mixin.py:151} INFO -      ⚠️ Erreur ligne 619: current transaction is aborted, commands ignored until end of transaction block
[2026-01-26T14:54:45.162+0000] {logging_mixin.py:151} INFO -      ⚠️ Erreur ligne 620: current transaction is aborted, commands ignored until end of transaction block
[2026-01-26T14:54:45.163+0000] {logging_mixin.py:151} INFO -      ⚠️ Erreur ligne 621: current transaction is aborted, commands ignored until end of transaction block
[2026-01-26T14:54:45.163+0000] {logging_mixin.py:151} INFO -      ⚠️ Erreur ligne 622: current transaction is aborted, commands ignored until end of transaction block
[2026-01-26T14:54:45.164+0000] {logging_mixin.py:151} INFO -      ⚠️ Erreur ligne 623: current transaction is aborted, commands ignored until end of transaction block
[2026-01-26T14:54:45.165+0000] {logging_mixin.py:151} INFO -      ⚠️ Erreur ligne 624: current transaction is aborted, commands ignored until end of transaction block
[2026-01-26T14:54:45.166+0000] {logging_mixin.py:151} INFO -      ⚠️ Erreur ligne 625: current transaction is aborted, commands ignored until end of transaction block
[2026-01-26T14:54:45.167+0000] {logging_mixin.py:151} INFO -      ⚠️ Erreur ligne 626: current transaction is aborted, commands ignored until end of transaction block
[2026-01-26T14:54:45.167+0000] {logging_mixin.py:151} INFO -      ⚠️ Erreur ligne 627: current transaction is aborted, commands ignored until end of transaction block
[2026-01-26T14:54:45.168+0000] {logging_mixin.py:151} INFO -      ⚠️ Erreur ligne 628: current transaction is aborted, commands ignored until end of transaction block
[2026-01-26T14:54:45.169+0000] {logging_mixin.py:151} INFO -      ⚠️ Erreur ligne 629: current transaction is aborted, commands ignored until end of transaction block
[2026-01-26T14:54:45.171+0000] {logging_mixin.py:151} INFO -      ⚠️ Erreur ligne 630: current transaction is aborted, commands ignored until end of transaction block
[2026-01-26T14:54:45.172+0000] {logging_mixin.py:151} INFO -      ⚠️ Erreur ligne 631: current transaction is aborted, commands ignored until end of transaction block
[2026-01-26T14:54:45.174+0000] {logging_mixin.py:151} INFO -      ⚠️ Erreur ligne 632: current transaction is aborted, commands ignored until end of transaction block
[2026-01-26T14:54:45.175+0000] {logging_mixin.py:151} INFO -      ⚠️ Erreur ligne 633: current transaction is aborted, commands ignored until end of transaction block
[2026-01-26T14:54:45.176+0000] {logging_mixin.py:151} INFO -      ⚠️ Erreur ligne 634: current transaction is aborted, commands ignored until end of transaction block
[2026-01-26T14:54:45.177+0000] {logging_mixin.py:151} INFO -      ⚠️ Erreur ligne 635: current transaction is aborted, commands ignored until end of transaction block
[2026-01-26T14:54:45.178+0000] {logging_mixin.py:151} INFO -      ⚠️ Erreur ligne 636: current transaction is aborted, commands ignored until end of transaction block
[2026-01-26T14:54:45.180+0000] {logging_mixin.py:151} INFO -      ⚠️ Erreur ligne 637: current transaction is aborted, commands ignored until end of transaction block
[2026-01-26T14:54:45.181+0000] {logging_mixin.py:151} INFO -      ⚠️ Erreur ligne 638: current transaction is aborted, commands ignored until end of transaction block
[2026-01-26T14:54:45.182+0000] {logging_mixin.py:151} INFO -      ⚠️ Erreur ligne 639: current transaction is aborted, commands ignored until end of transaction block
[2026-01-26T14:54:45.184+0000] {logging_mixin.py:151} INFO -      ⚠️ Erreur ligne 640: current transaction is aborted, commands ignored until end of transaction block
[2026-01-26T14:54:45.185+0000] {logging_mixin.py:151} INFO -      ⚠️ Erreur ligne 641: current transaction is aborted, commands ignored until end of transaction block
[2026-01-26T14:54:45.186+0000] {logging_mixin.py:151} INFO -      ⚠️ Erreur ligne 642: current transaction is aborted, commands ignored until end of transaction block
[2026-01-26T14:54:45.188+0000] {logging_mixin.py:151} INFO -      ⚠️ Erreur ligne 643: current transaction is aborted, commands ignored until end of transaction block
[2026-01-26T14:54:45.189+0000] {logging_mixin.py:151} INFO -      ⚠️ Erreur ligne 644: current transaction is aborted, commands ignored until end of transaction block
[2026-01-26T14:54:45.190+0000] {logging_mixin.py:151} INFO -      ⚠️ Erreur ligne 645: current transaction is aborted, commands ignored until end of transaction block
[2026-01-26T14:54:45.193+0000] {logging_mixin.py:151} INFO -      ⚠️ Erreur ligne 646: current transaction is aborted, commands ignored until end of transaction block
[2026-01-26T14:54:45.195+0000] {logging_mixin.py:151} INFO -      ⚠️ Erreur ligne 647: current transaction is aborted, commands ignored until end of transaction block
[2026-01-26T14:54:45.197+0000] {logging_mixin.py:151} INFO -      ⚠️ Erreur ligne 648: current transaction is aborted, commands ignored until end of transaction block
[2026-01-26T14:54:45.198+0000] {logging_mixin.py:151} INFO -      ⚠️ Erreur ligne 649: current transaction is aborted, commands ignored until end of transaction block
[2026-01-26T14:54:45.200+0000] {logging_mixin.py:151} INFO -      ⚠️ Erreur ligne 650: current transaction is aborted, commands ignored until end of transaction block
[2026-01-26T14:54:45.201+0000] {logging_mixin.py:151} INFO -      ⚠️ Erreur ligne 651: current transaction is aborted, commands ignored until end of transaction block
[2026-01-26T14:54:45.202+0000] {logging_mixin.py:151} INFO -      ⚠️ Erreur ligne 652: current transaction is aborted, commands ignored until end of transaction block
[2026-01-26T14:54:45.203+0000] {logging_mixin.py:151} INFO -      ⚠️ Erreur ligne 653: current transaction is aborted, commands ignored until end of transaction block
[2026-01-26T14:54:45.205+0000] {logging_mixin.py:151} INFO -      ⚠️ Erreur ligne 654: current transaction is aborted, commands ignored until end of transaction block
[2026-01-26T14:54:45.206+0000] {logging_mixin.py:151} INFO -      ⚠️ Erreur ligne 655: current transaction is aborted, commands ignored until end of transaction block
[2026-01-26T14:54:45.207+0000] {logging_mixin.py:151} INFO -      ⚠️ Erreur ligne 656: current transaction is aborted, commands ignored until end of transaction block
[2026-01-26T14:54:45.209+0000] {logging_mixin.py:151} INFO -      ⚠️ Erreur ligne 657: current transaction is aborted, commands ignored until end of transaction block
[2026-01-26T14:54:45.210+0000] {logging_mixin.py:151} INFO -      ⚠️ Erreur ligne 658: current transaction is aborted, commands ignored until end of transaction block
[2026-01-26T14:54:45.211+0000] {logging_mixin.py:151} INFO -      ⚠️ Erreur ligne 659: current transaction is aborted, commands ignored until end of transaction block
[2026-01-26T14:54:45.212+0000] {logging_mixin.py:151} INFO -      ⚠️ Erreur ligne 660: current transaction is aborted, commands ignored until end of transaction block
[2026-01-26T14:54:45.213+0000] {logging_mixin.py:151} INFO -      ⚠️ Erreur ligne 661: current transaction is aborted, commands ignored until end of transaction block
[2026-01-26T14:54:45.215+0000] {logging_mixin.py:151} INFO -      ⚠️ Erreur ligne 662: current transaction is aborted, commands ignored until end of transaction block
[2026-01-26T14:54:45.217+0000] {logging_mixin.py:151} INFO -      ⚠️ Erreur ligne 663: current transaction is aborted, commands ignored until end of transaction block
[2026-01-26T14:54:45.218+0000] {logging_mixin.py:151} INFO -      ⚠️ Erreur ligne 664: current transaction is aborted, commands ignored until end of transaction block
[2026-01-26T14:54:45.220+0000] {logging_mixin.py:151} INFO -      ⚠️ Erreur ligne 665: current transaction is aborted, commands ignored until end of transaction block
[2026-01-26T14:54:45.222+0000] {logging_mixin.py:151} INFO -      ⚠️ Erreur ligne 666: current transaction is aborted, commands ignored until end of transaction block
[2026-01-26T14:54:45.224+0000] {logging_mixin.py:151} INFO -      ⚠️ Erreur ligne 667: current transaction is aborted, commands ignored until end of transaction block
[2026-01-26T14:54:45.226+0000] {logging_mixin.py:151} INFO -      ⚠️ Erreur ligne 668: current transaction is aborted, commands ignored until end of transaction block
[2026-01-26T14:54:45.227+0000] {logging_mixin.py:151} INFO -      ⚠️ Erreur ligne 669: current transaction is aborted, commands ignored until end of transaction block
[2026-01-26T14:54:45.229+0000] {logging_mixin.py:151} INFO -      ⚠️ Erreur ligne 670: current transaction is aborted, commands ignored until end of transaction block
[2026-01-26T14:54:45.230+0000] {logging_mixin.py:151} INFO -      ⚠️ Erreur ligne 671: current transaction is aborted, commands ignored until end of transaction block
[2026-01-26T14:54:45.231+0000] {logging_mixin.py:151} INFO -      ⚠️ Erreur ligne 672: current transaction is aborted, commands ignored until end of transaction block
[2026-01-26T14:54:45.234+0000] {logging_mixin.py:151} INFO -      ⚠️ Erreur ligne 673: current transaction is aborted, commands ignored until end of transaction block
[2026-01-26T14:54:45.236+0000] {logging_mixin.py:151} INFO -      ⚠️ Erreur ligne 674: current transaction is aborted, commands ignored until end of transaction block
[2026-01-26T14:54:45.242+0000] {logging_mixin.py:151} INFO -      ⚠️ Erreur ligne 675: current transaction is aborted, commands ignored until end of transaction block
[2026-01-26T14:54:45.245+0000] {logging_mixin.py:151} INFO -      ⚠️ Erreur ligne 676: current transaction is aborted, commands ignored until end of transaction block
[2026-01-26T14:54:45.247+0000] {logging_mixin.py:151} INFO -      ⚠️ Erreur ligne 677: current transaction is aborted, commands ignored until end of transaction block
[2026-01-26T14:54:45.249+0000] {logging_mixin.py:151} INFO -      ⚠️ Erreur ligne 678: current transaction is aborted, commands ignored until end of transaction block
[2026-01-26T14:54:45.250+0000] {logging_mixin.py:151} INFO -      ⚠️ Erreur ligne 679: current transaction is aborted, commands ignored until end of transaction block
[2026-01-26T14:54:45.252+0000] {logging_mixin.py:151} INFO -      ⚠️ Erreur ligne 680: current transaction is aborted, commands ignored until end of transaction block
[2026-01-26T14:54:45.253+0000] {logging_mixin.py:151} INFO -      ⚠️ Erreur ligne 681: current transaction is aborted, commands ignored until end of transaction block
[2026-01-26T14:54:45.255+0000] {logging_mixin.py:151} INFO -      ⚠️ Erreur ligne 682: current transaction is aborted, commands ignored until end of transaction block
[2026-01-26T14:54:45.255+0000] {logging_mixin.py:151} INFO -      ⚠️ Erreur ligne 683: current transaction is aborted, commands ignored until end of transaction block
[2026-01-26T14:54:45.256+0000] {logging_mixin.py:151} INFO -      ⚠️ Erreur ligne 684: current transaction is aborted, commands ignored until end of transaction block
[2026-01-26T14:54:45.257+0000] {logging_mixin.py:151} INFO -      ⚠️ Erreur ligne 685: current transaction is aborted, commands ignored until end of transaction block
[2026-01-26T14:54:45.259+0000] {logging_mixin.py:151} INFO -      ⚠️ Erreur ligne 686: current transaction is aborted, commands ignored until end of transaction block
[2026-01-26T14:54:45.263+0000] {logging_mixin.py:151} INFO -      ⚠️ Erreur ligne 687: current transaction is aborted, commands ignored until end of transaction block
[2026-01-26T14:54:45.269+0000] {logging_mixin.py:151} INFO -      ⚠️ Erreur ligne 688: current transaction is aborted, commands ignored until end of transaction block
[2026-01-26T14:54:45.273+0000] {logging_mixin.py:151} INFO -      ⚠️ Erreur ligne 689: current transaction is aborted, commands ignored until end of transaction block
[2026-01-26T14:54:45.275+0000] {logging_mixin.py:151} INFO -      ⚠️ Erreur ligne 690: current transaction is aborted, commands ignored until end of transaction block
[2026-01-26T14:54:45.280+0000] {logging_mixin.py:151} INFO -      ⚠️ Erreur ligne 691: current transaction is aborted, commands ignored until end of transaction block
[2026-01-26T14:54:45.284+0000] {logging_mixin.py:151} INFO -      ⚠️ Erreur ligne 692: current transaction is aborted, commands ignored until end of transaction block
[2026-01-26T14:54:45.288+0000] {logging_mixin.py:151} INFO -      ⚠️ Erreur ligne 693: current transaction is aborted, commands ignored until end of transaction block
[2026-01-26T14:54:45.289+0000] {logging_mixin.py:151} INFO -      ⚠️ Erreur ligne 694: current transaction is aborted, commands ignored until end of transaction block
[2026-01-26T14:54:45.291+0000] {logging_mixin.py:151} INFO -      ⚠️ Erreur ligne 695: current transaction is aborted, commands ignored until end of transaction block
[2026-01-26T14:54:45.293+0000] {logging_mixin.py:151} INFO -      ⚠️ Erreur ligne 696: current transaction is aborted, commands ignored until end of transaction block
[2026-01-26T14:54:45.298+0000] {logging_mixin.py:151} INFO -      ⚠️ Erreur ligne 697: current transaction is aborted, commands ignored until end of transaction block
[2026-01-26T14:54:45.301+0000] {logging_mixin.py:151} INFO -      ⚠️ Erreur ligne 698: current transaction is aborted, commands ignored until end of transaction block
[2026-01-26T14:54:45.303+0000] {logging_mixin.py:151} INFO -      ⚠️ Erreur ligne 699: current transaction is aborted, commands ignored until end of transaction block
[2026-01-26T14:54:45.305+0000] {logging_mixin.py:151} INFO -      ⚠️ Erreur ligne 700: current transaction is aborted, commands ignored until end of transaction block
[2026-01-26T14:54:45.307+0000] {logging_mixin.py:151} INFO -      ⚠️ Erreur ligne 701: current transaction is aborted, commands ignored until end of transaction block
[2026-01-26T14:54:45.312+0000] {logging_mixin.py:151} INFO -      ⚠️ Erreur ligne 702: current transaction is aborted, commands ignored until end of transaction block
[2026-01-26T14:54:45.315+0000] {logging_mixin.py:151} INFO -      ⚠️ Erreur ligne 703: current transaction is aborted, commands ignored until end of transaction block
[2026-01-26T14:54:45.320+0000] {logging_mixin.py:151} INFO -      ⚠️ Erreur ligne 704: current transaction is aborted, commands ignored until end of transaction block
[2026-01-26T14:54:45.324+0000] {logging_mixin.py:151} INFO -      ⚠️ Erreur ligne 705: current transaction is aborted, commands ignored until end of transaction block
[2026-01-26T14:54:45.328+0000] {logging_mixin.py:151} INFO -      ⚠️ Erreur ligne 706: current transaction is aborted, commands ignored until end of transaction block
[2026-01-26T14:54:45.331+0000] {logging_mixin.py:151} INFO -      ⚠️ Erreur ligne 707: current transaction is aborted, commands ignored until end of transaction block
[2026-01-26T14:54:45.333+0000] {logging_mixin.py:151} INFO -      ⚠️ Erreur ligne 708: current transaction is aborted, commands ignored until end of transaction block
[2026-01-26T14:54:45.337+0000] {logging_mixin.py:151} INFO -      ⚠️ Erreur ligne 709: current transaction is aborted, commands ignored until end of transaction block
[2026-01-26T14:54:45.339+0000] {logging_mixin.py:151} INFO -      ⚠️ Erreur ligne 710: current transaction is aborted, commands ignored until end of transaction block
[2026-01-26T14:54:45.340+0000] {logging_mixin.py:151} INFO -      ⚠️ Erreur ligne 711: current transaction is aborted, commands ignored until end of transaction block
[2026-01-26T14:54:45.341+0000] {logging_mixin.py:151} INFO -      ⚠️ Erreur ligne 712: current transaction is aborted, commands ignored until end of transaction block
[2026-01-26T14:54:45.343+0000] {logging_mixin.py:151} INFO -      ⚠️ Erreur ligne 713: current transaction is aborted, commands ignored until end of transaction block
[2026-01-26T14:54:45.344+0000] {logging_mixin.py:151} INFO -      ⚠️ Erreur ligne 714: current transaction is aborted, commands ignored until end of transaction block
[2026-01-26T14:54:45.345+0000] {logging_mixin.py:151} INFO -      ⚠️ Erreur ligne 715: current transaction is aborted, commands ignored until end of transaction block
[2026-01-26T14:54:45.346+0000] {logging_mixin.py:151} INFO -      ⚠️ Erreur ligne 716: current transaction is aborted, commands ignored until end of transaction block
[2026-01-26T14:54:45.347+0000] {logging_mixin.py:151} INFO -      ⚠️ Erreur ligne 717: current transaction is aborted, commands ignored until end of transaction block
[2026-01-26T14:54:45.348+0000] {logging_mixin.py:151} INFO -      ⚠️ Erreur ligne 718: current transaction is aborted, commands ignored until end of transaction block
[2026-01-26T14:54:45.350+0000] {logging_mixin.py:151} INFO -      ⚠️ Erreur ligne 719: current transaction is aborted, commands ignored until end of transaction block
[2026-01-26T14:54:45.352+0000] {logging_mixin.py:151} INFO -      ⚠️ Erreur ligne 720: current transaction is aborted, commands ignored until end of transaction block
[2026-01-26T14:54:45.354+0000] {logging_mixin.py:151} INFO -      ⚠️ Erreur ligne 721: current transaction is aborted, commands ignored until end of transaction block
[2026-01-26T14:54:45.355+0000] {logging_mixin.py:151} INFO -      ⚠️ Erreur ligne 722: current transaction is aborted, commands ignored until end of transaction block
[2026-01-26T14:54:45.357+0000] {logging_mixin.py:151} INFO -      ⚠️ Erreur ligne 723: current transaction is aborted, commands ignored until end of transaction block
[2026-01-26T14:54:45.358+0000] {logging_mixin.py:151} INFO -      ⚠️ Erreur ligne 724: current transaction is aborted, commands ignored until end of transaction block
[2026-01-26T14:54:45.359+0000] {logging_mixin.py:151} INFO -      ⚠️ Erreur ligne 725: current transaction is aborted, commands ignored until end of transaction block
[2026-01-26T14:54:45.360+0000] {logging_mixin.py:151} INFO -      ⚠️ Erreur ligne 726: current transaction is aborted, commands ignored until end of transaction block
[2026-01-26T14:54:45.361+0000] {logging_mixin.py:151} INFO -      ⚠️ Erreur ligne 727: current transaction is aborted, commands ignored until end of transaction block
[2026-01-26T14:54:45.363+0000] {logging_mixin.py:151} INFO -      ⚠️ Erreur ligne 728: current transaction is aborted, commands ignored until end of transaction block
[2026-01-26T14:54:45.364+0000] {logging_mixin.py:151} INFO -      ⚠️ Erreur ligne 729: current transaction is aborted, commands ignored until end of transaction block
[2026-01-26T14:54:45.365+0000] {logging_mixin.py:151} INFO -      ⚠️ Erreur ligne 730: current transaction is aborted, commands ignored until end of transaction block
[2026-01-26T14:54:45.366+0000] {logging_mixin.py:151} INFO -      ⚠️ Erreur ligne 731: current transaction is aborted, commands ignored until end of transaction block
[2026-01-26T14:54:45.367+0000] {logging_mixin.py:151} INFO -      ⚠️ Erreur ligne 732: current transaction is aborted, commands ignored until end of transaction block
[2026-01-26T14:54:45.368+0000] {logging_mixin.py:151} INFO -      ⚠️ Erreur ligne 733: current transaction is aborted, commands ignored until end of transaction block
[2026-01-26T14:54:45.369+0000] {logging_mixin.py:151} INFO -      ⚠️ Erreur ligne 734: current transaction is aborted, commands ignored until end of transaction block
[2026-01-26T14:54:45.370+0000] {logging_mixin.py:151} INFO -      ⚠️ Erreur ligne 735: current transaction is aborted, commands ignored until end of transaction block
[2026-01-26T14:54:45.372+0000] {logging_mixin.py:151} INFO -      ⚠️ Erreur ligne 736: current transaction is aborted, commands ignored until end of transaction block
[2026-01-26T14:54:45.373+0000] {logging_mixin.py:151} INFO -      ⚠️ Erreur ligne 737: current transaction is aborted, commands ignored until end of transaction block
[2026-01-26T14:54:45.375+0000] {logging_mixin.py:151} INFO -      ⚠️ Erreur ligne 738: current transaction is aborted, commands ignored until end of transaction block
[2026-01-26T14:54:45.377+0000] {logging_mixin.py:151} INFO -      ⚠️ Erreur ligne 739: current transaction is aborted, commands ignored until end of transaction block
[2026-01-26T14:54:45.378+0000] {logging_mixin.py:151} INFO -      ⚠️ Erreur ligne 740: current transaction is aborted, commands ignored until end of transaction block
[2026-01-26T14:54:45.380+0000] {logging_mixin.py:151} INFO -      ⚠️ Erreur ligne 741: current transaction is aborted, commands ignored until end of transaction block
[2026-01-26T14:54:45.381+0000] {logging_mixin.py:151} INFO -      ⚠️ Erreur ligne 742: current transaction is aborted, commands ignored until end of transaction block
[2026-01-26T14:54:45.382+0000] {logging_mixin.py:151} INFO -      ⚠️ Erreur ligne 743: current transaction is aborted, commands ignored until end of transaction block
[2026-01-26T14:54:45.383+0000] {logging_mixin.py:151} INFO -      ⚠️ Erreur ligne 744: current transaction is aborted, commands ignored until end of transaction block
[2026-01-26T14:54:45.385+0000] {logging_mixin.py:151} INFO -      ⚠️ Erreur ligne 745: current transaction is aborted, commands ignored until end of transaction block
[2026-01-26T14:54:45.386+0000] {logging_mixin.py:151} INFO -      ⚠️ Erreur ligne 746: current transaction is aborted, commands ignored until end of transaction block
[2026-01-26T14:54:45.387+0000] {logging_mixin.py:151} INFO -      ⚠️ Erreur ligne 747: current transaction is aborted, commands ignored until end of transaction block
[2026-01-26T14:54:45.388+0000] {logging_mixin.py:151} INFO -      ⚠️ Erreur ligne 748: current transaction is aborted, commands ignored until end of transaction block
[2026-01-26T14:54:45.389+0000] {logging_mixin.py:151} INFO -      ⚠️ Erreur ligne 749: current transaction is aborted, commands ignored until end of transaction block
[2026-01-26T14:54:45.390+0000] {logging_mixin.py:151} INFO -      ⚠️ Erreur ligne 750: current transaction is aborted, commands ignored until end of transaction block
[2026-01-26T14:54:45.391+0000] {logging_mixin.py:151} INFO -      ⚠️ Erreur ligne 751: current transaction is aborted, commands ignored until end of transaction block
[2026-01-26T14:54:45.393+0000] {logging_mixin.py:151} INFO -      ⚠️ Erreur ligne 752: current transaction is aborted, commands ignored until end of transaction block
[2026-01-26T14:54:45.394+0000] {logging_mixin.py:151} INFO -      ⚠️ Erreur ligne 753: current transaction is aborted, commands ignored until end of transaction block
[2026-01-26T14:54:45.395+0000] {logging_mixin.py:151} INFO -      ⚠️ Erreur ligne 754: current transaction is aborted, commands ignored until end of transaction block
[2026-01-26T14:54:45.396+0000] {logging_mixin.py:151} INFO -      ⚠️ Erreur ligne 755: current transaction is aborted, commands ignored until end of transaction block
[2026-01-26T14:54:45.397+0000] {logging_mixin.py:151} INFO -      ⚠️ Erreur ligne 756: current transaction is aborted, commands ignored until end of transaction block
[2026-01-26T14:54:45.398+0000] {logging_mixin.py:151} INFO -      ⚠️ Erreur ligne 757: current transaction is aborted, commands ignored until end of transaction block
[2026-01-26T14:54:45.399+0000] {logging_mixin.py:151} INFO -      ⚠️ Erreur ligne 758: current transaction is aborted, commands ignored until end of transaction block
[2026-01-26T14:54:45.400+0000] {logging_mixin.py:151} INFO -      ⚠️ Erreur ligne 759: current transaction is aborted, commands ignored until end of transaction block
[2026-01-26T14:54:45.402+0000] {logging_mixin.py:151} INFO -      ⚠️ Erreur ligne 760: current transaction is aborted, commands ignored until end of transaction block
[2026-01-26T14:54:45.403+0000] {logging_mixin.py:151} INFO -      ⚠️ Erreur ligne 761: current transaction is aborted, commands ignored until end of transaction block
[2026-01-26T14:54:45.404+0000] {logging_mixin.py:151} INFO -      ⚠️ Erreur ligne 762: current transaction is aborted, commands ignored until end of transaction block
[2026-01-26T14:54:45.405+0000] {logging_mixin.py:151} INFO -      ⚠️ Erreur ligne 763: current transaction is aborted, commands ignored until end of transaction block
[2026-01-26T14:54:45.406+0000] {logging_mixin.py:151} INFO -      ⚠️ Erreur ligne 764: current transaction is aborted, commands ignored until end of transaction block
[2026-01-26T14:54:45.407+0000] {logging_mixin.py:151} INFO -      ⚠️ Erreur ligne 765: current transaction is aborted, commands ignored until end of transaction block
[2026-01-26T14:54:45.408+0000] {logging_mixin.py:151} INFO -      ⚠️ Erreur ligne 766: current transaction is aborted, commands ignored until end of transaction block
[2026-01-26T14:54:45.409+0000] {logging_mixin.py:151} INFO -      ⚠️ Erreur ligne 767: current transaction is aborted, commands ignored until end of transaction block
[2026-01-26T14:54:45.410+0000] {logging_mixin.py:151} INFO -      ⚠️ Erreur ligne 768: current transaction is aborted, commands ignored until end of transaction block
[2026-01-26T14:54:45.411+0000] {logging_mixin.py:151} INFO -      ⚠️ Erreur ligne 769: current transaction is aborted, commands ignored until end of transaction block
[2026-01-26T14:54:45.413+0000] {logging_mixin.py:151} INFO -      ⚠️ Erreur ligne 770: current transaction is aborted, commands ignored until end of transaction block
[2026-01-26T14:54:45.414+0000] {logging_mixin.py:151} INFO -      ⚠️ Erreur ligne 771: current transaction is aborted, commands ignored until end of transaction block
[2026-01-26T14:54:45.414+0000] {logging_mixin.py:151} INFO -      ⚠️ Erreur ligne 772: current transaction is aborted, commands ignored until end of transaction block
[2026-01-26T14:54:45.416+0000] {logging_mixin.py:151} INFO -      ⚠️ Erreur ligne 773: current transaction is aborted, commands ignored until end of transaction block
[2026-01-26T14:54:45.417+0000] {logging_mixin.py:151} INFO -      ⚠️ Erreur ligne 774: current transaction is aborted, commands ignored until end of transaction block
[2026-01-26T14:54:45.418+0000] {logging_mixin.py:151} INFO -      ⚠️ Erreur ligne 775: current transaction is aborted, commands ignored until end of transaction block
[2026-01-26T14:54:45.420+0000] {logging_mixin.py:151} INFO -      ⚠️ Erreur ligne 776: current transaction is aborted, commands ignored until end of transaction block
[2026-01-26T14:54:45.423+0000] {logging_mixin.py:151} INFO -      ⚠️ Erreur ligne 777: current transaction is aborted, commands ignored until end of transaction block
[2026-01-26T14:54:45.426+0000] {logging_mixin.py:151} INFO -      ⚠️ Erreur ligne 778: current transaction is aborted, commands ignored until end of transaction block
[2026-01-26T14:54:45.429+0000] {logging_mixin.py:151} INFO -      ⚠️ Erreur ligne 779: current transaction is aborted, commands ignored until end of transaction block
[2026-01-26T14:54:45.431+0000] {logging_mixin.py:151} INFO -      ⚠️ Erreur ligne 780: current transaction is aborted, commands ignored until end of transaction block
[2026-01-26T14:54:45.432+0000] {logging_mixin.py:151} INFO -      ⚠️ Erreur ligne 781: current transaction is aborted, commands ignored until end of transaction block
[2026-01-26T14:54:45.434+0000] {logging_mixin.py:151} INFO -      ⚠️ Erreur ligne 782: current transaction is aborted, commands ignored until end of transaction block
[2026-01-26T14:54:45.435+0000] {logging_mixin.py:151} INFO -      ⚠️ Erreur ligne 783: current transaction is aborted, commands ignored until end of transaction block
[2026-01-26T14:54:45.436+0000] {logging_mixin.py:151} INFO -      ⚠️ Erreur ligne 784: current transaction is aborted, commands ignored until end of transaction block
[2026-01-26T14:54:45.438+0000] {logging_mixin.py:151} INFO -      ⚠️ Erreur ligne 785: current transaction is aborted, commands ignored until end of transaction block
[2026-01-26T14:54:45.443+0000] {logging_mixin.py:151} INFO -      ⚠️ Erreur ligne 786: current transaction is aborted, commands ignored until end of transaction block
[2026-01-26T14:54:45.447+0000] {logging_mixin.py:151} INFO -      ⚠️ Erreur ligne 787: current transaction is aborted, commands ignored until end of transaction block
[2026-01-26T14:54:45.448+0000] {logging_mixin.py:151} INFO -      ⚠️ Erreur ligne 788: current transaction is aborted, commands ignored until end of transaction block
[2026-01-26T14:54:45.449+0000] {logging_mixin.py:151} INFO -      ⚠️ Erreur ligne 789: current transaction is aborted, commands ignored until end of transaction block
[2026-01-26T14:54:45.451+0000] {logging_mixin.py:151} INFO -      ⚠️ Erreur ligne 790: current transaction is aborted, commands ignored until end of transaction block
[2026-01-26T14:54:45.454+0000] {logging_mixin.py:151} INFO -      ⚠️ Erreur ligne 791: current transaction is aborted, commands ignored until end of transaction block
[2026-01-26T14:54:45.457+0000] {logging_mixin.py:151} INFO -      ⚠️ Erreur ligne 792: current transaction is aborted, commands ignored until end of transaction block
[2026-01-26T14:54:45.463+0000] {logging_mixin.py:151} INFO -      ⚠️ Erreur ligne 793: current transaction is aborted, commands ignored until end of transaction block
[2026-01-26T14:54:45.464+0000] {logging_mixin.py:151} INFO -      ⚠️ Erreur ligne 794: current transaction is aborted, commands ignored until end of transaction block
[2026-01-26T14:54:45.465+0000] {logging_mixin.py:151} INFO -      ⚠️ Erreur ligne 795: current transaction is aborted, commands ignored until end of transaction block
[2026-01-26T14:54:45.466+0000] {logging_mixin.py:151} INFO -      ⚠️ Erreur ligne 796: current transaction is aborted, commands ignored until end of transaction block
[2026-01-26T14:54:45.467+0000] {logging_mixin.py:151} INFO -      ⚠️ Erreur ligne 797: current transaction is aborted, commands ignored until end of transaction block
[2026-01-26T14:54:45.469+0000] {logging_mixin.py:151} INFO -      ⚠️ Erreur ligne 798: current transaction is aborted, commands ignored until end of transaction block
[2026-01-26T14:54:45.474+0000] {logging_mixin.py:151} INFO -      ⚠️ Erreur ligne 799: current transaction is aborted, commands ignored until end of transaction block
[2026-01-26T14:54:45.476+0000] {logging_mixin.py:151} INFO -      ⚠️ Erreur ligne 800: current transaction is aborted, commands ignored until end of transaction block
[2026-01-26T14:54:45.478+0000] {logging_mixin.py:151} INFO -      ⚠️ Erreur ligne 801: current transaction is aborted, commands ignored until end of transaction block
[2026-01-26T14:54:45.479+0000] {logging_mixin.py:151} INFO -      ⚠️ Erreur ligne 802: current transaction is aborted, commands ignored until end of transaction block
[2026-01-26T14:54:45.480+0000] {logging_mixin.py:151} INFO -      ⚠️ Erreur ligne 803: current transaction is aborted, commands ignored until end of transaction block
[2026-01-26T14:54:45.482+0000] {logging_mixin.py:151} INFO -      ⚠️ Erreur ligne 804: current transaction is aborted, commands ignored until end of transaction block
[2026-01-26T14:54:45.483+0000] {logging_mixin.py:151} INFO -      ⚠️ Erreur ligne 805: current transaction is aborted, commands ignored until end of transaction block
[2026-01-26T14:54:45.484+0000] {logging_mixin.py:151} INFO -      ⚠️ Erreur ligne 806: current transaction is aborted, commands ignored until end of transaction block
[2026-01-26T14:54:45.485+0000] {logging_mixin.py:151} INFO -      ⚠️ Erreur ligne 807: current transaction is aborted, commands ignored until end of transaction block
[2026-01-26T14:54:45.487+0000] {logging_mixin.py:151} INFO -      ⚠️ Erreur ligne 808: current transaction is aborted, commands ignored until end of transaction block
[2026-01-26T14:54:45.489+0000] {logging_mixin.py:151} INFO -      ⚠️ Erreur ligne 809: current transaction is aborted, commands ignored until end of transaction block
[2026-01-26T14:54:45.491+0000] {logging_mixin.py:151} INFO -      ⚠️ Erreur ligne 810: current transaction is aborted, commands ignored until end of transaction block
[2026-01-26T14:54:45.492+0000] {logging_mixin.py:151} INFO -      ⚠️ Erreur ligne 811: current transaction is aborted, commands ignored until end of transaction block
[2026-01-26T14:54:45.494+0000] {logging_mixin.py:151} INFO -      ⚠️ Erreur ligne 812: current transaction is aborted, commands ignored until end of transaction block
[2026-01-26T14:54:45.495+0000] {logging_mixin.py:151} INFO -      ⚠️ Erreur ligne 813: current transaction is aborted, commands ignored until end of transaction block
[2026-01-26T14:54:45.496+0000] {logging_mixin.py:151} INFO -      ⚠️ Erreur ligne 814: current transaction is aborted, commands ignored until end of transaction block
[2026-01-26T14:54:45.497+0000] {logging_mixin.py:151} INFO -      ⚠️ Erreur ligne 815: current transaction is aborted, commands ignored until end of transaction block
[2026-01-26T14:54:45.498+0000] {logging_mixin.py:151} INFO -      ⚠️ Erreur ligne 816: current transaction is aborted, commands ignored until end of transaction block
[2026-01-26T14:54:45.500+0000] {logging_mixin.py:151} INFO -      ⚠️ Erreur ligne 817: current transaction is aborted, commands ignored until end of transaction block
[2026-01-26T14:54:45.501+0000] {logging_mixin.py:151} INFO -      ⚠️ Erreur ligne 818: current transaction is aborted, commands ignored until end of transaction block
[2026-01-26T14:54:45.502+0000] {logging_mixin.py:151} INFO -      ⚠️ Erreur ligne 819: current transaction is aborted, commands ignored until end of transaction block
[2026-01-26T14:54:45.503+0000] {logging_mixin.py:151} INFO -      ⚠️ Erreur ligne 820: current transaction is aborted, commands ignored until end of transaction block
[2026-01-26T14:54:45.504+0000] {logging_mixin.py:151} INFO -      ⚠️ Erreur ligne 821: current transaction is aborted, commands ignored until end of transaction block
[2026-01-26T14:54:45.505+0000] {logging_mixin.py:151} INFO -      ⚠️ Erreur ligne 822: current transaction is aborted, commands ignored until end of transaction block
[2026-01-26T14:54:45.505+0000] {logging_mixin.py:151} INFO -      ⚠️ Erreur ligne 823: current transaction is aborted, commands ignored until end of transaction block
[2026-01-26T14:54:45.506+0000] {logging_mixin.py:151} INFO -      ⚠️ Erreur ligne 824: current transaction is aborted, commands ignored until end of transaction block
[2026-01-26T14:54:45.507+0000] {logging_mixin.py:151} INFO -      ⚠️ Erreur ligne 825: current transaction is aborted, commands ignored until end of transaction block
[2026-01-26T14:54:45.508+0000] {logging_mixin.py:151} INFO -      ⚠️ Erreur ligne 826: current transaction is aborted, commands ignored until end of transaction block
[2026-01-26T14:54:45.510+0000] {logging_mixin.py:151} INFO -      ⚠️ Erreur ligne 827: current transaction is aborted, commands ignored until end of transaction block
[2026-01-26T14:54:45.511+0000] {logging_mixin.py:151} INFO -      ⚠️ Erreur ligne 828: current transaction is aborted, commands ignored until end of transaction block
[2026-01-26T14:54:45.513+0000] {logging_mixin.py:151} INFO -      ⚠️ Erreur ligne 829: current transaction is aborted, commands ignored until end of transaction block
[2026-01-26T14:54:45.514+0000] {logging_mixin.py:151} INFO -      ⚠️ Erreur ligne 830: current transaction is aborted, commands ignored until end of transaction block
[2026-01-26T14:54:45.515+0000] {logging_mixin.py:151} INFO -      ⚠️ Erreur ligne 831: current transaction is aborted, commands ignored until end of transaction block
[2026-01-26T14:54:45.516+0000] {logging_mixin.py:151} INFO -      ⚠️ Erreur ligne 832: current transaction is aborted, commands ignored until end of transaction block
[2026-01-26T14:54:45.517+0000] {logging_mixin.py:151} INFO -      ⚠️ Erreur ligne 833: current transaction is aborted, commands ignored until end of transaction block
[2026-01-26T14:54:45.518+0000] {logging_mixin.py:151} INFO -      ⚠️ Erreur ligne 834: current transaction is aborted, commands ignored until end of transaction block
[2026-01-26T14:54:45.519+0000] {logging_mixin.py:151} INFO -      ⚠️ Erreur ligne 835: current transaction is aborted, commands ignored until end of transaction block
[2026-01-26T14:54:45.520+0000] {logging_mixin.py:151} INFO -      ⚠️ Erreur ligne 836: current transaction is aborted, commands ignored until end of transaction block
[2026-01-26T14:54:45.521+0000] {logging_mixin.py:151} INFO -      ⚠️ Erreur ligne 837: current transaction is aborted, commands ignored until end of transaction block
[2026-01-26T14:54:45.522+0000] {logging_mixin.py:151} INFO -      ⚠️ Erreur ligne 838: current transaction is aborted, commands ignored until end of transaction block
[2026-01-26T14:54:45.523+0000] {logging_mixin.py:151} INFO -      ⚠️ Erreur ligne 839: current transaction is aborted, commands ignored until end of transaction block
[2026-01-26T14:54:45.524+0000] {logging_mixin.py:151} INFO -      ⚠️ Erreur ligne 840: current transaction is aborted, commands ignored until end of transaction block
[2026-01-26T14:54:45.525+0000] {logging_mixin.py:151} INFO -      ⚠️ Erreur ligne 841: current transaction is aborted, commands ignored until end of transaction block
[2026-01-26T14:54:45.527+0000] {logging_mixin.py:151} INFO -      ⚠️ Erreur ligne 842: current transaction is aborted, commands ignored until end of transaction block
[2026-01-26T14:54:45.528+0000] {logging_mixin.py:151} INFO -      ⚠️ Erreur ligne 843: current transaction is aborted, commands ignored until end of transaction block
[2026-01-26T14:54:45.529+0000] {logging_mixin.py:151} INFO -      ⚠️ Erreur ligne 844: current transaction is aborted, commands ignored until end of transaction block
[2026-01-26T14:54:45.530+0000] {logging_mixin.py:151} INFO -      ⚠️ Erreur ligne 845: current transaction is aborted, commands ignored until end of transaction block
[2026-01-26T14:54:45.532+0000] {logging_mixin.py:151} INFO -      ⚠️ Erreur ligne 846: current transaction is aborted, commands ignored until end of transaction block
[2026-01-26T14:54:45.533+0000] {logging_mixin.py:151} INFO -      ⚠️ Erreur ligne 847: current transaction is aborted, commands ignored until end of transaction block
[2026-01-26T14:54:45.534+0000] {logging_mixin.py:151} INFO -      ⚠️ Erreur ligne 848: current transaction is aborted, commands ignored until end of transaction block
[2026-01-26T14:54:45.535+0000] {logging_mixin.py:151} INFO -      ⚠️ Erreur ligne 849: current transaction is aborted, commands ignored until end of transaction block
[2026-01-26T14:54:45.537+0000] {logging_mixin.py:151} INFO -      ⚠️ Erreur ligne 850: current transaction is aborted, commands ignored until end of transaction block
[2026-01-26T14:54:45.538+0000] {logging_mixin.py:151} INFO -      ⚠️ Erreur ligne 851: current transaction is aborted, commands ignored until end of transaction block
[2026-01-26T14:54:45.539+0000] {logging_mixin.py:151} INFO -      ⚠️ Erreur ligne 852: current transaction is aborted, commands ignored until end of transaction block
[2026-01-26T14:54:45.540+0000] {logging_mixin.py:151} INFO -      ⚠️ Erreur ligne 853: current transaction is aborted, commands ignored until end of transaction block
[2026-01-26T14:54:45.541+0000] {logging_mixin.py:151} INFO -      ⚠️ Erreur ligne 854: current transaction is aborted, commands ignored until end of transaction block
[2026-01-26T14:54:45.542+0000] {logging_mixin.py:151} INFO -      ⚠️ Erreur ligne 855: current transaction is aborted, commands ignored until end of transaction block
[2026-01-26T14:54:45.544+0000] {logging_mixin.py:151} INFO -      ⚠️ Erreur ligne 856: current transaction is aborted, commands ignored until end of transaction block
[2026-01-26T14:54:45.545+0000] {logging_mixin.py:151} INFO -      ⚠️ Erreur ligne 857: current transaction is aborted, commands ignored until end of transaction block
[2026-01-26T14:54:45.546+0000] {logging_mixin.py:151} INFO -      ⚠️ Erreur ligne 858: current transaction is aborted, commands ignored until end of transaction block
[2026-01-26T14:54:45.547+0000] {logging_mixin.py:151} INFO -      ⚠️ Erreur ligne 859: current transaction is aborted, commands ignored until end of transaction block
[2026-01-26T14:54:45.548+0000] {logging_mixin.py:151} INFO -      ⚠️ Erreur ligne 860: current transaction is aborted, commands ignored until end of transaction block
[2026-01-26T14:54:45.549+0000] {logging_mixin.py:151} INFO -      ⚠️ Erreur ligne 861: current transaction is aborted, commands ignored until end of transaction block
[2026-01-26T14:54:45.550+0000] {logging_mixin.py:151} INFO -      ⚠️ Erreur ligne 862: current transaction is aborted, commands ignored until end of transaction block
[2026-01-26T14:54:45.551+0000] {logging_mixin.py:151} INFO -      ⚠️ Erreur ligne 863: current transaction is aborted, commands ignored until end of transaction block
[2026-01-26T14:54:45.552+0000] {logging_mixin.py:151} INFO -      ⚠️ Erreur ligne 864: current transaction is aborted, commands ignored until end of transaction block
[2026-01-26T14:54:45.553+0000] {logging_mixin.py:151} INFO -      ⚠️ Erreur ligne 865: current transaction is aborted, commands ignored until end of transaction block
[2026-01-26T14:54:45.554+0000] {logging_mixin.py:151} INFO -      ⚠️ Erreur ligne 866: current transaction is aborted, commands ignored until end of transaction block
[2026-01-26T14:54:45.555+0000] {logging_mixin.py:151} INFO -      ⚠️ Erreur ligne 867: current transaction is aborted, commands ignored until end of transaction block
[2026-01-26T14:54:45.556+0000] {logging_mixin.py:151} INFO -      ⚠️ Erreur ligne 868: current transaction is aborted, commands ignored until end of transaction block
[2026-01-26T14:54:45.557+0000] {logging_mixin.py:151} INFO -      ⚠️ Erreur ligne 869: current transaction is aborted, commands ignored until end of transaction block
[2026-01-26T14:54:45.558+0000] {logging_mixin.py:151} INFO -      ⚠️ Erreur ligne 870: current transaction is aborted, commands ignored until end of transaction block
[2026-01-26T14:54:45.559+0000] {logging_mixin.py:151} INFO -      ⚠️ Erreur ligne 871: current transaction is aborted, commands ignored until end of transaction block
[2026-01-26T14:54:45.560+0000] {logging_mixin.py:151} INFO -      ⚠️ Erreur ligne 872: current transaction is aborted, commands ignored until end of transaction block
[2026-01-26T14:54:45.561+0000] {logging_mixin.py:151} INFO -      ⚠️ Erreur ligne 873: current transaction is aborted, commands ignored until end of transaction block
[2026-01-26T14:54:45.562+0000] {logging_mixin.py:151} INFO -      ⚠️ Erreur ligne 874: current transaction is aborted, commands ignored until end of transaction block
[2026-01-26T14:54:45.563+0000] {logging_mixin.py:151} INFO -      ⚠️ Erreur ligne 875: current transaction is aborted, commands ignored until end of transaction block
[2026-01-26T14:54:45.564+0000] {logging_mixin.py:151} INFO -      ⚠️ Erreur ligne 876: current transaction is aborted, commands ignored until end of transaction block
[2026-01-26T14:54:45.565+0000] {logging_mixin.py:151} INFO -      ⚠️ Erreur ligne 877: current transaction is aborted, commands ignored until end of transaction block
[2026-01-26T14:54:45.566+0000] {logging_mixin.py:151} INFO -      ⚠️ Erreur ligne 878: current transaction is aborted, commands ignored until end of transaction block
[2026-01-26T14:54:45.567+0000] {logging_mixin.py:151} INFO -      ⚠️ Erreur ligne 879: current transaction is aborted, commands ignored until end of transaction block
[2026-01-26T14:54:45.569+0000] {logging_mixin.py:151} INFO -      ⚠️ Erreur ligne 880: current transaction is aborted, commands ignored until end of transaction block
[2026-01-26T14:54:45.570+0000] {logging_mixin.py:151} INFO -      ⚠️ Erreur ligne 881: current transaction is aborted, commands ignored until end of transaction block
[2026-01-26T14:54:45.571+0000] {logging_mixin.py:151} INFO -      ⚠️ Erreur ligne 882: current transaction is aborted, commands ignored until end of transaction block
[2026-01-26T14:54:45.572+0000] {logging_mixin.py:151} INFO -      ⚠️ Erreur ligne 883: current transaction is aborted, commands ignored until end of transaction block
[2026-01-26T14:54:45.573+0000] {logging_mixin.py:151} INFO -      ⚠️ Erreur ligne 884: current transaction is aborted, commands ignored until end of transaction block
[2026-01-26T14:54:45.574+0000] {logging_mixin.py:151} INFO -      ⚠️ Erreur ligne 885: current transaction is aborted, commands ignored until end of transaction block
[2026-01-26T14:54:45.575+0000] {logging_mixin.py:151} INFO -      ⚠️ Erreur ligne 886: current transaction is aborted, commands ignored until end of transaction block
[2026-01-26T14:54:45.576+0000] {logging_mixin.py:151} INFO -      ⚠️ Erreur ligne 887: current transaction is aborted, commands ignored until end of transaction block
[2026-01-26T14:54:45.577+0000] {logging_mixin.py:151} INFO -      ⚠️ Erreur ligne 888: current transaction is aborted, commands ignored until end of transaction block
[2026-01-26T14:54:45.578+0000] {logging_mixin.py:151} INFO -      ⚠️ Erreur ligne 889: current transaction is aborted, commands ignored until end of transaction block
[2026-01-26T14:54:45.579+0000] {logging_mixin.py:151} INFO -      ⚠️ Erreur ligne 890: current transaction is aborted, commands ignored until end of transaction block
[2026-01-26T14:54:45.580+0000] {logging_mixin.py:151} INFO -      ⚠️ Erreur ligne 891: current transaction is aborted, commands ignored until end of transaction block
[2026-01-26T14:54:45.581+0000] {logging_mixin.py:151} INFO -      ⚠️ Erreur ligne 892: current transaction is aborted, commands ignored until end of transaction block
[2026-01-26T14:54:45.582+0000] {logging_mixin.py:151} INFO -      ⚠️ Erreur ligne 893: current transaction is aborted, commands ignored until end of transaction block
[2026-01-26T14:54:45.582+0000] {logging_mixin.py:151} INFO -      ⚠️ Erreur ligne 894: current transaction is aborted, commands ignored until end of transaction block
[2026-01-26T14:54:45.583+0000] {logging_mixin.py:151} INFO -      ⚠️ Erreur ligne 895: current transaction is aborted, commands ignored until end of transaction block
[2026-01-26T14:54:45.584+0000] {logging_mixin.py:151} INFO -      ⚠️ Erreur ligne 896: current transaction is aborted, commands ignored until end of transaction block
[2026-01-26T14:54:45.585+0000] {logging_mixin.py:151} INFO -      ⚠️ Erreur ligne 897: current transaction is aborted, commands ignored until end of transaction block
[2026-01-26T14:54:45.587+0000] {logging_mixin.py:151} INFO -      ⚠️ Erreur ligne 898: current transaction is aborted, commands ignored until end of transaction block
[2026-01-26T14:54:45.587+0000] {logging_mixin.py:151} INFO -      ⚠️ Erreur ligne 899: current transaction is aborted, commands ignored until end of transaction block
[2026-01-26T14:54:45.588+0000] {logging_mixin.py:151} INFO -      ⚠️ Erreur ligne 900: current transaction is aborted, commands ignored until end of transaction block
[2026-01-26T14:54:45.589+0000] {logging_mixin.py:151} INFO -      ⚠️ Erreur ligne 901: current transaction is aborted, commands ignored until end of transaction block
[2026-01-26T14:54:45.590+0000] {logging_mixin.py:151} INFO -      ⚠️ Erreur ligne 902: current transaction is aborted, commands ignored until end of transaction block
[2026-01-26T14:54:45.591+0000] {logging_mixin.py:151} INFO -      ⚠️ Erreur ligne 903: current transaction is aborted, commands ignored until end of transaction block
[2026-01-26T14:54:45.592+0000] {logging_mixin.py:151} INFO -      ⚠️ Erreur ligne 904: current transaction is aborted, commands ignored until end of transaction block
[2026-01-26T14:54:45.593+0000] {logging_mixin.py:151} INFO -      ⚠️ Erreur ligne 905: current transaction is aborted, commands ignored until end of transaction block
[2026-01-26T14:54:45.594+0000] {logging_mixin.py:151} INFO -      ⚠️ Erreur ligne 906: current transaction is aborted, commands ignored until end of transaction block
[2026-01-26T14:54:45.594+0000] {logging_mixin.py:151} INFO -      ⚠️ Erreur ligne 907: current transaction is aborted, commands ignored until end of transaction block
[2026-01-26T14:54:45.595+0000] {logging_mixin.py:151} INFO -      ⚠️ Erreur ligne 908: current transaction is aborted, commands ignored until end of transaction block
[2026-01-26T14:54:45.596+0000] {logging_mixin.py:151} INFO -      ⚠️ Erreur ligne 909: current transaction is aborted, commands ignored until end of transaction block
[2026-01-26T14:54:45.597+0000] {logging_mixin.py:151} INFO -      ⚠️ Erreur ligne 910: current transaction is aborted, commands ignored until end of transaction block
[2026-01-26T14:54:45.598+0000] {logging_mixin.py:151} INFO -      ⚠️ Erreur ligne 911: current transaction is aborted, commands ignored until end of transaction block
[2026-01-26T14:54:45.599+0000] {logging_mixin.py:151} INFO -      ⚠️ Erreur ligne 912: current transaction is aborted, commands ignored until end of transaction block
[2026-01-26T14:54:45.600+0000] {logging_mixin.py:151} INFO -      ⚠️ Erreur ligne 913: current transaction is aborted, commands ignored until end of transaction block
[2026-01-26T14:54:45.601+0000] {logging_mixin.py:151} INFO -      ⚠️ Erreur ligne 914: current transaction is aborted, commands ignored until end of transaction block
[2026-01-26T14:54:45.602+0000] {logging_mixin.py:151} INFO -      ⚠️ Erreur ligne 915: current transaction is aborted, commands ignored until end of transaction block
[2026-01-26T14:54:45.603+0000] {logging_mixin.py:151} INFO -      ⚠️ Erreur ligne 916: current transaction is aborted, commands ignored until end of transaction block
[2026-01-26T14:54:45.603+0000] {logging_mixin.py:151} INFO -      ⚠️ Erreur ligne 917: current transaction is aborted, commands ignored until end of transaction block
[2026-01-26T14:54:45.604+0000] {logging_mixin.py:151} INFO -      ⚠️ Erreur ligne 918: current transaction is aborted, commands ignored until end of transaction block
[2026-01-26T14:54:45.605+0000] {logging_mixin.py:151} INFO -      ⚠️ Erreur ligne 919: current transaction is aborted, commands ignored until end of transaction block
[2026-01-26T14:54:45.606+0000] {logging_mixin.py:151} INFO -      ⚠️ Erreur ligne 920: current transaction is aborted, commands ignored until end of transaction block
[2026-01-26T14:54:45.607+0000] {logging_mixin.py:151} INFO -      ⚠️ Erreur ligne 921: current transaction is aborted, commands ignored until end of transaction block
[2026-01-26T14:54:45.608+0000] {logging_mixin.py:151} INFO -      ⚠️ Erreur ligne 922: current transaction is aborted, commands ignored until end of transaction block
[2026-01-26T14:54:45.609+0000] {logging_mixin.py:151} INFO -      ⚠️ Erreur ligne 923: current transaction is aborted, commands ignored until end of transaction block
[2026-01-26T14:54:45.611+0000] {logging_mixin.py:151} INFO -      ⚠️ Erreur ligne 924: current transaction is aborted, commands ignored until end of transaction block
[2026-01-26T14:54:45.612+0000] {logging_mixin.py:151} INFO -      ⚠️ Erreur ligne 925: current transaction is aborted, commands ignored until end of transaction block
[2026-01-26T14:54:45.613+0000] {logging_mixin.py:151} INFO -      ⚠️ Erreur ligne 926: current transaction is aborted, commands ignored until end of transaction block
[2026-01-26T14:54:45.614+0000] {logging_mixin.py:151} INFO -      ⚠️ Erreur ligne 927: current transaction is aborted, commands ignored until end of transaction block
[2026-01-26T14:54:45.615+0000] {logging_mixin.py:151} INFO -      ⚠️ Erreur ligne 928: current transaction is aborted, commands ignored until end of transaction block
[2026-01-26T14:54:45.616+0000] {logging_mixin.py:151} INFO -      ⚠️ Erreur ligne 929: current transaction is aborted, commands ignored until end of transaction block
[2026-01-26T14:54:45.617+0000] {logging_mixin.py:151} INFO -      ⚠️ Erreur ligne 930: current transaction is aborted, commands ignored until end of transaction block
[2026-01-26T14:54:45.618+0000] {logging_mixin.py:151} INFO -      ⚠️ Erreur ligne 931: current transaction is aborted, commands ignored until end of transaction block
[2026-01-26T14:54:45.619+0000] {logging_mixin.py:151} INFO -      ⚠️ Erreur ligne 932: current transaction is aborted, commands ignored until end of transaction block
[2026-01-26T14:54:45.620+0000] {logging_mixin.py:151} INFO -      ⚠️ Erreur ligne 933: current transaction is aborted, commands ignored until end of transaction block
[2026-01-26T14:54:45.621+0000] {logging_mixin.py:151} INFO -      ⚠️ Erreur ligne 934: current transaction is aborted, commands ignored until end of transaction block
[2026-01-26T14:54:45.622+0000] {logging_mixin.py:151} INFO -      ⚠️ Erreur ligne 935: current transaction is aborted, commands ignored until end of transaction block
[2026-01-26T14:54:45.623+0000] {logging_mixin.py:151} INFO -      ⚠️ Erreur ligne 936: current transaction is aborted, commands ignored until end of transaction block
[2026-01-26T14:54:45.624+0000] {logging_mixin.py:151} INFO -      ⚠️ Erreur ligne 937: current transaction is aborted, commands ignored until end of transaction block
[2026-01-26T14:54:45.625+0000] {logging_mixin.py:151} INFO -      ⚠️ Erreur ligne 938: current transaction is aborted, commands ignored until end of transaction block
[2026-01-26T14:54:45.626+0000] {logging_mixin.py:151} INFO -      ⚠️ Erreur ligne 939: current transaction is aborted, commands ignored until end of transaction block
[2026-01-26T14:54:45.627+0000] {logging_mixin.py:151} INFO -      ⚠️ Erreur ligne 940: current transaction is aborted, commands ignored until end of transaction block
[2026-01-26T14:54:45.628+0000] {logging_mixin.py:151} INFO -      ⚠️ Erreur ligne 941: current transaction is aborted, commands ignored until end of transaction block
[2026-01-26T14:54:45.629+0000] {logging_mixin.py:151} INFO -      ⚠️ Erreur ligne 942: current transaction is aborted, commands ignored until end of transaction block
[2026-01-26T14:54:45.630+0000] {logging_mixin.py:151} INFO -      ⚠️ Erreur ligne 943: current transaction is aborted, commands ignored until end of transaction block
[2026-01-26T14:54:45.631+0000] {logging_mixin.py:151} INFO -      ⚠️ Erreur ligne 944: current transaction is aborted, commands ignored until end of transaction block
[2026-01-26T14:54:45.632+0000] {logging_mixin.py:151} INFO -      ⚠️ Erreur ligne 945: current transaction is aborted, commands ignored until end of transaction block
[2026-01-26T14:54:45.633+0000] {logging_mixin.py:151} INFO -      ⚠️ Erreur ligne 946: current transaction is aborted, commands ignored until end of transaction block
[2026-01-26T14:54:45.633+0000] {logging_mixin.py:151} INFO -      ⚠️ Erreur ligne 947: current transaction is aborted, commands ignored until end of transaction block
[2026-01-26T14:54:45.636+0000] {logging_mixin.py:151} INFO -      ⚠️ Erreur ligne 948: current transaction is aborted, commands ignored until end of transaction block
[2026-01-26T14:54:45.637+0000] {logging_mixin.py:151} INFO -      ⚠️ Erreur ligne 949: current transaction is aborted, commands ignored until end of transaction block
[2026-01-26T14:54:45.639+0000] {logging_mixin.py:151} INFO -      ⚠️ Erreur ligne 950: current transaction is aborted, commands ignored until end of transaction block
[2026-01-26T14:54:45.640+0000] {logging_mixin.py:151} INFO -      ⚠️ Erreur ligne 951: current transaction is aborted, commands ignored until end of transaction block
[2026-01-26T14:54:45.641+0000] {logging_mixin.py:151} INFO -      ⚠️ Erreur ligne 952: current transaction is aborted, commands ignored until end of transaction block
[2026-01-26T14:54:45.642+0000] {logging_mixin.py:151} INFO -      ⚠️ Erreur ligne 953: current transaction is aborted, commands ignored until end of transaction block
[2026-01-26T14:54:45.644+0000] {logging_mixin.py:151} INFO -      ⚠️ Erreur ligne 954: current transaction is aborted, commands ignored until end of transaction block
[2026-01-26T14:54:45.645+0000] {logging_mixin.py:151} INFO -      ⚠️ Erreur ligne 955: current transaction is aborted, commands ignored until end of transaction block
[2026-01-26T14:54:45.646+0000] {logging_mixin.py:151} INFO -      ⚠️ Erreur ligne 956: current transaction is aborted, commands ignored until end of transaction block
[2026-01-26T14:54:45.647+0000] {logging_mixin.py:151} INFO -      ⚠️ Erreur ligne 957: current transaction is aborted, commands ignored until end of transaction block
[2026-01-26T14:54:45.649+0000] {logging_mixin.py:151} INFO -      ⚠️ Erreur ligne 958: current transaction is aborted, commands ignored until end of transaction block
[2026-01-26T14:54:45.650+0000] {logging_mixin.py:151} INFO -      ⚠️ Erreur ligne 959: current transaction is aborted, commands ignored until end of transaction block
[2026-01-26T14:54:45.651+0000] {logging_mixin.py:151} INFO -      ⚠️ Erreur ligne 960: current transaction is aborted, commands ignored until end of transaction block
[2026-01-26T14:54:45.653+0000] {logging_mixin.py:151} INFO -      ⚠️ Erreur ligne 961: current transaction is aborted, commands ignored until end of transaction block
[2026-01-26T14:54:45.654+0000] {logging_mixin.py:151} INFO -      ⚠️ Erreur ligne 962: current transaction is aborted, commands ignored until end of transaction block
[2026-01-26T14:54:45.655+0000] {logging_mixin.py:151} INFO -      ⚠️ Erreur ligne 963: current transaction is aborted, commands ignored until end of transaction block
[2026-01-26T14:54:45.656+0000] {logging_mixin.py:151} INFO -      ⚠️ Erreur ligne 964: current transaction is aborted, commands ignored until end of transaction block
[2026-01-26T14:54:45.657+0000] {logging_mixin.py:151} INFO -      ⚠️ Erreur ligne 965: current transaction is aborted, commands ignored until end of transaction block
[2026-01-26T14:54:45.658+0000] {logging_mixin.py:151} INFO -      ⚠️ Erreur ligne 966: current transaction is aborted, commands ignored until end of transaction block
[2026-01-26T14:54:45.660+0000] {logging_mixin.py:151} INFO -      ⚠️ Erreur ligne 967: current transaction is aborted, commands ignored until end of transaction block
[2026-01-26T14:54:45.661+0000] {logging_mixin.py:151} INFO -      ⚠️ Erreur ligne 968: current transaction is aborted, commands ignored until end of transaction block
[2026-01-26T14:54:45.662+0000] {logging_mixin.py:151} INFO -      ⚠️ Erreur ligne 969: current transaction is aborted, commands ignored until end of transaction block
[2026-01-26T14:54:45.663+0000] {logging_mixin.py:151} INFO -      ⚠️ Erreur ligne 970: current transaction is aborted, commands ignored until end of transaction block
[2026-01-26T14:54:45.665+0000] {logging_mixin.py:151} INFO -      ⚠️ Erreur ligne 971: current transaction is aborted, commands ignored until end of transaction block
[2026-01-26T14:54:45.666+0000] {logging_mixin.py:151} INFO -      ⚠️ Erreur ligne 972: current transaction is aborted, commands ignored until end of transaction block
[2026-01-26T14:54:45.668+0000] {logging_mixin.py:151} INFO -      ⚠️ Erreur ligne 973: current transaction is aborted, commands ignored until end of transaction block
[2026-01-26T14:54:45.669+0000] {logging_mixin.py:151} INFO -      ⚠️ Erreur ligne 974: current transaction is aborted, commands ignored until end of transaction block
[2026-01-26T14:54:45.670+0000] {logging_mixin.py:151} INFO -      ⚠️ Erreur ligne 975: current transaction is aborted, commands ignored until end of transaction block
[2026-01-26T14:54:45.672+0000] {logging_mixin.py:151} INFO -      ⚠️ Erreur ligne 976: current transaction is aborted, commands ignored until end of transaction block
[2026-01-26T14:54:45.673+0000] {logging_mixin.py:151} INFO -      ⚠️ Erreur ligne 977: current transaction is aborted, commands ignored until end of transaction block
[2026-01-26T14:54:45.674+0000] {logging_mixin.py:151} INFO -      ⚠️ Erreur ligne 978: current transaction is aborted, commands ignored until end of transaction block
[2026-01-26T14:54:45.675+0000] {logging_mixin.py:151} INFO -      ⚠️ Erreur ligne 979: current transaction is aborted, commands ignored until end of transaction block
[2026-01-26T14:54:45.676+0000] {logging_mixin.py:151} INFO -      ⚠️ Erreur ligne 980: current transaction is aborted, commands ignored until end of transaction block
[2026-01-26T14:54:45.678+0000] {logging_mixin.py:151} INFO -      ⚠️ Erreur ligne 981: current transaction is aborted, commands ignored until end of transaction block
[2026-01-26T14:54:45.679+0000] {logging_mixin.py:151} INFO -      ⚠️ Erreur ligne 982: current transaction is aborted, commands ignored until end of transaction block
[2026-01-26T14:54:45.681+0000] {logging_mixin.py:151} INFO -      ⚠️ Erreur ligne 983: current transaction is aborted, commands ignored until end of transaction block
[2026-01-26T14:54:45.684+0000] {logging_mixin.py:151} INFO -      ⚠️ Erreur ligne 984: current transaction is aborted, commands ignored until end of transaction block
[2026-01-26T14:54:45.686+0000] {logging_mixin.py:151} INFO -      ⚠️ Erreur ligne 985: current transaction is aborted, commands ignored until end of transaction block
[2026-01-26T14:54:45.688+0000] {logging_mixin.py:151} INFO -      ⚠️ Erreur ligne 986: current transaction is aborted, commands ignored until end of transaction block
[2026-01-26T14:54:45.689+0000] {logging_mixin.py:151} INFO -      ⚠️ Erreur ligne 987: current transaction is aborted, commands ignored until end of transaction block
[2026-01-26T14:54:45.691+0000] {logging_mixin.py:151} INFO -      ⚠️ Erreur ligne 988: current transaction is aborted, commands ignored until end of transaction block
[2026-01-26T14:54:45.692+0000] {logging_mixin.py:151} INFO -      ⚠️ Erreur ligne 989: current transaction is aborted, commands ignored until end of transaction block
[2026-01-26T14:54:45.697+0000] {logging_mixin.py:151} INFO -      ⚠️ Erreur ligne 990: current transaction is aborted, commands ignored until end of transaction block
[2026-01-26T14:54:45.698+0000] {logging_mixin.py:151} INFO -      ⚠️ Erreur ligne 991: current transaction is aborted, commands ignored until end of transaction block
[2026-01-26T14:54:45.700+0000] {logging_mixin.py:151} INFO -      ⚠️ Erreur ligne 992: current transaction is aborted, commands ignored until end of transaction block
[2026-01-26T14:54:45.702+0000] {logging_mixin.py:151} INFO -      ⚠️ Erreur ligne 993: current transaction is aborted, commands ignored until end of transaction block
[2026-01-26T14:54:45.704+0000] {logging_mixin.py:151} INFO -      ⚠️ Erreur ligne 994: current transaction is aborted, commands ignored until end of transaction block
[2026-01-26T14:54:45.705+0000] {logging_mixin.py:151} INFO -      ⚠️ Erreur ligne 995: current transaction is aborted, commands ignored until end of transaction block
[2026-01-26T14:54:45.707+0000] {logging_mixin.py:151} INFO -      ⚠️ Erreur ligne 996: current transaction is aborted, commands ignored until end of transaction block
[2026-01-26T14:54:45.709+0000] {logging_mixin.py:151} INFO -      ⚠️ Erreur ligne 997: current transaction is aborted, commands ignored until end of transaction block
[2026-01-26T14:54:45.711+0000] {logging_mixin.py:151} INFO -      ⚠️ Erreur ligne 998: current transaction is aborted, commands ignored until end of transaction block
[2026-01-26T14:54:45.713+0000] {logging_mixin.py:151} INFO -      ⚠️ Erreur ligne 999: current transaction is aborted, commands ignored until end of transaction block
[2026-01-26T14:54:45.714+0000] {logging_mixin.py:151} INFO -      ⚠️ Erreur ligne 1000: current transaction is aborted, commands ignored until end of transaction block
[2026-01-26T14:54:45.716+0000] {logging_mixin.py:151} INFO -      ⚠️ Erreur ligne 1001: current transaction is aborted, commands ignored until end of transaction block
[2026-01-26T14:54:45.718+0000] {logging_mixin.py:151} INFO -      ⚠️ Erreur ligne 1002: current transaction is aborted, commands ignored until end of transaction block
[2026-01-26T14:54:45.720+0000] {logging_mixin.py:151} INFO -      ⚠️ Erreur ligne 1003: current transaction is aborted, commands ignored until end of transaction block
[2026-01-26T14:54:45.722+0000] {logging_mixin.py:151} INFO -      ⚠️ Erreur ligne 1004: current transaction is aborted, commands ignored until end of transaction block
[2026-01-26T14:54:45.724+0000] {logging_mixin.py:151} INFO -      ⚠️ Erreur ligne 1005: current transaction is aborted, commands ignored until end of transaction block
[2026-01-26T14:54:45.725+0000] {logging_mixin.py:151} INFO -      ⚠️ Erreur ligne 1006: current transaction is aborted, commands ignored until end of transaction block
[2026-01-26T14:54:45.727+0000] {logging_mixin.py:151} INFO -      ⚠️ Erreur ligne 1007: current transaction is aborted, commands ignored until end of transaction block
[2026-01-26T14:54:45.729+0000] {logging_mixin.py:151} INFO -      ⚠️ Erreur ligne 1008: current transaction is aborted, commands ignored until end of transaction block
[2026-01-26T14:54:45.731+0000] {logging_mixin.py:151} INFO -      ⚠️ Erreur ligne 1009: current transaction is aborted, commands ignored until end of transaction block
[2026-01-26T14:54:45.732+0000] {logging_mixin.py:151} INFO -      ⚠️ Erreur ligne 1010: current transaction is aborted, commands ignored until end of transaction block
[2026-01-26T14:54:45.734+0000] {logging_mixin.py:151} INFO -      ⚠️ Erreur ligne 1011: current transaction is aborted, commands ignored until end of transaction block
[2026-01-26T14:54:45.735+0000] {logging_mixin.py:151} INFO -      ⚠️ Erreur ligne 1012: current transaction is aborted, commands ignored until end of transaction block
[2026-01-26T14:54:45.736+0000] {logging_mixin.py:151} INFO -      ⚠️ Erreur ligne 1013: current transaction is aborted, commands ignored until end of transaction block
[2026-01-26T14:54:45.738+0000] {logging_mixin.py:151} INFO -      ⚠️ Erreur ligne 1014: current transaction is aborted, commands ignored until end of transaction block
[2026-01-26T14:54:45.739+0000] {logging_mixin.py:151} INFO -      ⚠️ Erreur ligne 1015: current transaction is aborted, commands ignored until end of transaction block
[2026-01-26T14:54:45.741+0000] {logging_mixin.py:151} INFO -      ⚠️ Erreur ligne 1016: current transaction is aborted, commands ignored until end of transaction block
[2026-01-26T14:54:45.743+0000] {logging_mixin.py:151} INFO -      ⚠️ Erreur ligne 1017: current transaction is aborted, commands ignored until end of transaction block
[2026-01-26T14:54:45.744+0000] {logging_mixin.py:151} INFO -      ✅ 0 lignes insérées, 0 doublons ignorés
[2026-01-26T14:54:45.747+0000] {logging_mixin.py:151} INFO -   ✅ Fichier traité avec succès !
[2026-01-26T14:54:45.748+0000] {logging_mixin.py:151} INFO - 
--------------------------------------------------------------------------------
[2026-01-26T14:54:45.749+0000] {logging_mixin.py:151} INFO - 📄 Traitement de : GOOGL_2026-01-26 06:13:31.897613+00:00.csv
[2026-01-26T14:54:45.750+0000] {logging_mixin.py:151} INFO - --------------------------------------------------------------------------------
[2026-01-26T14:54:45.750+0000] {logging_mixin.py:151} INFO -   1️⃣ Lecture du CSV...
[2026-01-26T14:54:45.760+0000] {logging_mixin.py:151} INFO -      ✅ Lu 1018 lignes
[2026-01-26T14:54:45.760+0000] {logging_mixin.py:151} INFO -      Colonnes: ['Date', 'Open', 'High', 'Low', 'Close', 'Volume', 'Dividends', 'Stock Splits', 'symbol', 'extracted_at']
[2026-01-26T14:54:45.761+0000] {logging_mixin.py:151} INFO -   2️⃣ Nettoyage des colonnes...
[2026-01-26T14:54:45.762+0000] {logging_mixin.py:151} INFO -      ✅ Colonnes nettoyées: ['date', 'open', 'high', 'low', 'close', 'volume', 'dividends', 'stock_splits', 'symbol', 'extracted_at']
[2026-01-26T14:54:45.763+0000] {logging_mixin.py:151} INFO -   3️⃣ Conversion des dates...
[2026-01-26T14:54:45.772+0000] {logging_mixin.py:151} INFO -      ✅ Dates converties
[2026-01-26T14:54:45.773+0000] {logging_mixin.py:151} INFO -   4️⃣ Nettoyage des données...
[2026-01-26T14:54:45.782+0000] {logging_mixin.py:151} INFO -      ✅ 1018 → 1018 lignes (après nettoyage)
[2026-01-26T14:54:45.783+0000] {logging_mixin.py:151} INFO -   5️⃣ Connexion à la base de données...
[2026-01-26T14:54:45.792+0000] {logging_mixin.py:151} INFO -      ✅ Connecté
[2026-01-26T14:54:45.793+0000] {logging_mixin.py:151} INFO -   6️⃣ Insertion des données...
[2026-01-26T14:54:45.796+0000] {logging_mixin.py:151} INFO -      ⚠️ Erreur ligne 0: column "id" does not exist
LINE 5:                         RETURNING id
                                          ^
[2026-01-26T14:54:45.797+0000] {logging_mixin.py:151} INFO -      ⚠️ Erreur ligne 1: current transaction is aborted, commands ignored until end of transaction block
[2026-01-26T14:54:45.799+0000] {logging_mixin.py:151} INFO -      ⚠️ Erreur ligne 2: current transaction is aborted, commands ignored until end of transaction block
[2026-01-26T14:54:45.802+0000] {logging_mixin.py:151} INFO -      ⚠️ Erreur ligne 3: current transaction is aborted, commands ignored until end of transaction block
[2026-01-26T14:54:45.804+0000] {logging_mixin.py:151} INFO -      ⚠️ Erreur ligne 4: current transaction is aborted, commands ignored until end of transaction block
[2026-01-26T14:54:45.808+0000] {logging_mixin.py:151} INFO -      ⚠️ Erreur ligne 5: current transaction is aborted, commands ignored until end of transaction block
[2026-01-26T14:54:45.811+0000] {logging_mixin.py:151} INFO -      ⚠️ Erreur ligne 6: current transaction is aborted, commands ignored until end of transaction block
[2026-01-26T14:54:45.813+0000] {logging_mixin.py:151} INFO -      ⚠️ Erreur ligne 7: current transaction is aborted, commands ignored until end of transaction block
[2026-01-26T14:54:45.816+0000] {logging_mixin.py:151} INFO -      ⚠️ Erreur ligne 8: current transaction is aborted, commands ignored until end of transaction block
[2026-01-26T14:54:45.819+0000] {logging_mixin.py:151} INFO -      ⚠️ Erreur ligne 9: current transaction is aborted, commands ignored until end of transaction block
[2026-01-26T14:54:45.823+0000] {logging_mixin.py:151} INFO -      ⚠️ Erreur ligne 10: current transaction is aborted, commands ignored until end of transaction block
[2026-01-26T14:54:45.825+0000] {logging_mixin.py:151} INFO -      ⚠️ Erreur ligne 11: current transaction is aborted, commands ignored until end of transaction block
[2026-01-26T14:54:45.829+0000] {logging_mixin.py:151} INFO -      ⚠️ Erreur ligne 12: current transaction is aborted, commands ignored until end of transaction block
[2026-01-26T14:54:45.832+0000] {logging_mixin.py:151} INFO -      ⚠️ Erreur ligne 13: current transaction is aborted, commands ignored until end of transaction block
[2026-01-26T14:54:45.835+0000] {logging_mixin.py:151} INFO -      ⚠️ Erreur ligne 14: current transaction is aborted, commands ignored until end of transaction block
[2026-01-26T14:54:45.850+0000] {logging_mixin.py:151} INFO -      ⚠️ Erreur ligne 15: current transaction is aborted, commands ignored until end of transaction block
[2026-01-26T14:54:45.853+0000] {logging_mixin.py:151} INFO -      ⚠️ Erreur ligne 16: current transaction is aborted, commands ignored until end of transaction block
[2026-01-26T14:54:45.855+0000] {logging_mixin.py:151} INFO -      ⚠️ Erreur ligne 17: current transaction is aborted, commands ignored until end of transaction block
[2026-01-26T14:54:45.859+0000] {logging_mixin.py:151} INFO -      ⚠️ Erreur ligne 18: current transaction is aborted, commands ignored until end of transaction block
[2026-01-26T14:54:45.868+0000] {logging_mixin.py:151} INFO -      ⚠️ Erreur ligne 19: current transaction is aborted, commands ignored until end of transaction block
[2026-01-26T14:54:45.871+0000] {logging_mixin.py:151} INFO -      ⚠️ Erreur ligne 20: current transaction is aborted, commands ignored until end of transaction block
[2026-01-26T14:54:45.873+0000] {logging_mixin.py:151} INFO -      ⚠️ Erreur ligne 21: current transaction is aborted, commands ignored until end of transaction block
[2026-01-26T14:54:45.875+0000] {logging_mixin.py:151} INFO -      ⚠️ Erreur ligne 22: current transaction is aborted, commands ignored until end of transaction block
[2026-01-26T14:54:45.877+0000] {logging_mixin.py:151} INFO -      ⚠️ Erreur ligne 23: current transaction is aborted, commands ignored until end of transaction block
[2026-01-26T14:54:45.880+0000] {logging_mixin.py:151} INFO -      ⚠️ Erreur ligne 24: current transaction is aborted, commands ignored until end of transaction block
[2026-01-26T14:54:45.885+0000] {logging_mixin.py:151} INFO -      ⚠️ Erreur ligne 25: current transaction is aborted, commands ignored until end of transaction block
[2026-01-26T14:54:45.888+0000] {logging_mixin.py:151} INFO -      ⚠️ Erreur ligne 26: current transaction is aborted, commands ignored until end of transaction block
[2026-01-26T14:54:45.893+0000] {logging_mixin.py:151} INFO -      ⚠️ Erreur ligne 27: current transaction is aborted, commands ignored until end of transaction block
[2026-01-26T14:54:45.897+0000] {logging_mixin.py:151} INFO -      ⚠️ Erreur ligne 28: current transaction is aborted, commands ignored until end of transaction block
[2026-01-26T14:54:45.901+0000] {logging_mixin.py:151} INFO -      ⚠️ Erreur ligne 29: current transaction is aborted, commands ignored until end of transaction block
[2026-01-26T14:54:45.903+0000] {logging_mixin.py:151} INFO -      ⚠️ Erreur ligne 30: current transaction is aborted, commands ignored until end of transaction block
[2026-01-26T14:54:45.908+0000] {logging_mixin.py:151} INFO -      ⚠️ Erreur ligne 31: current transaction is aborted, commands ignored until end of transaction block
[2026-01-26T14:54:45.911+0000] {logging_mixin.py:151} INFO -      ⚠️ Erreur ligne 32: current transaction is aborted, commands ignored until end of transaction block
[2026-01-26T14:54:45.915+0000] {logging_mixin.py:151} INFO -      ⚠️ Erreur ligne 33: current transaction is aborted, commands ignored until end of transaction block
[2026-01-26T14:54:45.918+0000] {logging_mixin.py:151} INFO -      ⚠️ Erreur ligne 34: current transaction is aborted, commands ignored until end of transaction block
[2026-01-26T14:54:45.920+0000] {logging_mixin.py:151} INFO -      ⚠️ Erreur ligne 35: current transaction is aborted, commands ignored until end of transaction block
[2026-01-26T14:54:45.924+0000] {logging_mixin.py:151} INFO -      ⚠️ Erreur ligne 36: current transaction is aborted, commands ignored until end of transaction block
[2026-01-26T14:54:45.929+0000] {logging_mixin.py:151} INFO -      ⚠️ Erreur ligne 37: current transaction is aborted, commands ignored until end of transaction block
[2026-01-26T14:54:45.931+0000] {logging_mixin.py:151} INFO -      ⚠️ Erreur ligne 38: current transaction is aborted, commands ignored until end of transaction block
[2026-01-26T14:54:45.934+0000] {logging_mixin.py:151} INFO -      ⚠️ Erreur ligne 39: current transaction is aborted, commands ignored until end of transaction block
[2026-01-26T14:54:45.939+0000] {logging_mixin.py:151} INFO -      ⚠️ Erreur ligne 40: current transaction is aborted, commands ignored until end of transaction block
[2026-01-26T14:54:45.941+0000] {logging_mixin.py:151} INFO -      ⚠️ Erreur ligne 41: current transaction is aborted, commands ignored until end of transaction block
[2026-01-26T14:54:45.943+0000] {logging_mixin.py:151} INFO -      ⚠️ Erreur ligne 42: current transaction is aborted, commands ignored until end of transaction block
[2026-01-26T14:54:45.948+0000] {logging_mixin.py:151} INFO -      ⚠️ Erreur ligne 43: current transaction is aborted, commands ignored until end of transaction block
[2026-01-26T14:54:45.953+0000] {logging_mixin.py:151} INFO -      ⚠️ Erreur ligne 44: current transaction is aborted, commands ignored until end of transaction block
[2026-01-26T14:54:45.957+0000] {logging_mixin.py:151} INFO -      ⚠️ Erreur ligne 45: current transaction is aborted, commands ignored until end of transaction block
[2026-01-26T14:54:45.960+0000] {logging_mixin.py:151} INFO -      ⚠️ Erreur ligne 46: current transaction is aborted, commands ignored until end of transaction block
[2026-01-26T14:54:45.962+0000] {logging_mixin.py:151} INFO -      ⚠️ Erreur ligne 47: current transaction is aborted, commands ignored until end of transaction block
[2026-01-26T14:54:45.968+0000] {logging_mixin.py:151} INFO -      ⚠️ Erreur ligne 48: current transaction is aborted, commands ignored until end of transaction block
[2026-01-26T14:54:45.971+0000] {logging_mixin.py:151} INFO -      ⚠️ Erreur ligne 49: current transaction is aborted, commands ignored until end of transaction block
[2026-01-26T14:54:45.972+0000] {logging_mixin.py:151} INFO -      ⚠️ Erreur ligne 50: current transaction is aborted, commands ignored until end of transaction block
[2026-01-26T14:54:45.976+0000] {logging_mixin.py:151} INFO -      ⚠️ Erreur ligne 51: current transaction is aborted, commands ignored until end of transaction block
[2026-01-26T14:54:45.977+0000] {logging_mixin.py:151} INFO -      ⚠️ Erreur ligne 52: current transaction is aborted, commands ignored until end of transaction block
[2026-01-26T14:54:45.980+0000] {logging_mixin.py:151} INFO -      ⚠️ Erreur ligne 53: current transaction is aborted, commands ignored until end of transaction block
[2026-01-26T14:54:45.982+0000] {logging_mixin.py:151} INFO -      ⚠️ Erreur ligne 54: current transaction is aborted, commands ignored until end of transaction block
[2026-01-26T14:54:45.985+0000] {logging_mixin.py:151} INFO -      ⚠️ Erreur ligne 55: current transaction is aborted, commands ignored until end of transaction block
[2026-01-26T14:54:45.987+0000] {logging_mixin.py:151} INFO -      ⚠️ Erreur ligne 56: current transaction is aborted, commands ignored until end of transaction block
[2026-01-26T14:54:45.991+0000] {logging_mixin.py:151} INFO -      ⚠️ Erreur ligne 57: current transaction is aborted, commands ignored until end of transaction block
[2026-01-26T14:54:45.992+0000] {logging_mixin.py:151} INFO -      ⚠️ Erreur ligne 58: current transaction is aborted, commands ignored until end of transaction block
[2026-01-26T14:54:45.994+0000] {logging_mixin.py:151} INFO -      ⚠️ Erreur ligne 59: current transaction is aborted, commands ignored until end of transaction block
[2026-01-26T14:54:45.996+0000] {logging_mixin.py:151} INFO -      ⚠️ Erreur ligne 60: current transaction is aborted, commands ignored until end of transaction block
[2026-01-26T14:54:46.000+0000] {logging_mixin.py:151} INFO -      ⚠️ Erreur ligne 61: current transaction is aborted, commands ignored until end of transaction block
[2026-01-26T14:54:46.003+0000] {logging_mixin.py:151} INFO -      ⚠️ Erreur ligne 62: current transaction is aborted, commands ignored until end of transaction block
[2026-01-26T14:54:46.006+0000] {logging_mixin.py:151} INFO -      ⚠️ Erreur ligne 63: current transaction is aborted, commands ignored until end of transaction block
[2026-01-26T14:54:46.008+0000] {logging_mixin.py:151} INFO -      ⚠️ Erreur ligne 64: current transaction is aborted, commands ignored until end of transaction block
[2026-01-26T14:54:46.009+0000] {logging_mixin.py:151} INFO -      ⚠️ Erreur ligne 65: current transaction is aborted, commands ignored until end of transaction block
[2026-01-26T14:54:46.011+0000] {logging_mixin.py:151} INFO -      ⚠️ Erreur ligne 66: current transaction is aborted, commands ignored until end of transaction block
[2026-01-26T14:54:46.013+0000] {logging_mixin.py:151} INFO -      ⚠️ Erreur ligne 67: current transaction is aborted, commands ignored until end of transaction block
[2026-01-26T14:54:46.016+0000] {logging_mixin.py:151} INFO -      ⚠️ Erreur ligne 68: current transaction is aborted, commands ignored until end of transaction block
[2026-01-26T14:54:46.018+0000] {logging_mixin.py:151} INFO -      ⚠️ Erreur ligne 69: current transaction is aborted, commands ignored until end of transaction block
[2026-01-26T14:54:46.020+0000] {logging_mixin.py:151} INFO -      ⚠️ Erreur ligne 70: current transaction is aborted, commands ignored until end of transaction block
[2026-01-26T14:54:46.022+0000] {logging_mixin.py:151} INFO -      ⚠️ Erreur ligne 71: current transaction is aborted, commands ignored until end of transaction block
[2026-01-26T14:54:46.027+0000] {logging_mixin.py:151} INFO -      ⚠️ Erreur ligne 72: current transaction is aborted, commands ignored until end of transaction block
[2026-01-26T14:54:46.030+0000] {logging_mixin.py:151} INFO -      ⚠️ Erreur ligne 73: current transaction is aborted, commands ignored until end of transaction block
[2026-01-26T14:54:46.032+0000] {logging_mixin.py:151} INFO -      ⚠️ Erreur ligne 74: current transaction is aborted, commands ignored until end of transaction block
[2026-01-26T14:54:46.035+0000] {logging_mixin.py:151} INFO -      ⚠️ Erreur ligne 75: current transaction is aborted, commands ignored until end of transaction block
[2026-01-26T14:54:46.038+0000] {logging_mixin.py:151} INFO -      ⚠️ Erreur ligne 76: current transaction is aborted, commands ignored until end of transaction block
[2026-01-26T14:54:46.040+0000] {logging_mixin.py:151} INFO -      ⚠️ Erreur ligne 77: current transaction is aborted, commands ignored until end of transaction block
[2026-01-26T14:54:46.044+0000] {logging_mixin.py:151} INFO -      ⚠️ Erreur ligne 78: current transaction is aborted, commands ignored until end of transaction block
[2026-01-26T14:54:46.047+0000] {logging_mixin.py:151} INFO -      ⚠️ Erreur ligne 79: current transaction is aborted, commands ignored until end of transaction block
[2026-01-26T14:54:46.053+0000] {logging_mixin.py:151} INFO -      ⚠️ Erreur ligne 80: current transaction is aborted, commands ignored until end of transaction block
[2026-01-26T14:54:46.057+0000] {logging_mixin.py:151} INFO -      ⚠️ Erreur ligne 81: current transaction is aborted, commands ignored until end of transaction block
[2026-01-26T14:54:46.059+0000] {logging_mixin.py:151} INFO -      ⚠️ Erreur ligne 82: current transaction is aborted, commands ignored until end of transaction block
[2026-01-26T14:54:46.061+0000] {logging_mixin.py:151} INFO -      ⚠️ Erreur ligne 83: current transaction is aborted, commands ignored until end of transaction block
[2026-01-26T14:54:46.063+0000] {logging_mixin.py:151} INFO -      ⚠️ Erreur ligne 84: current transaction is aborted, commands ignored until end of transaction block
[2026-01-26T14:54:46.066+0000] {logging_mixin.py:151} INFO -      ⚠️ Erreur ligne 85: current transaction is aborted, commands ignored until end of transaction block
[2026-01-26T14:54:46.068+0000] {logging_mixin.py:151} INFO -      ⚠️ Erreur ligne 86: current transaction is aborted, commands ignored until end of transaction block
[2026-01-26T14:54:46.071+0000] {logging_mixin.py:151} INFO -      ⚠️ Erreur ligne 87: current transaction is aborted, commands ignored until end of transaction block
[2026-01-26T14:54:46.076+0000] {logging_mixin.py:151} INFO -      ⚠️ Erreur ligne 88: current transaction is aborted, commands ignored until end of transaction block
[2026-01-26T14:54:46.080+0000] {logging_mixin.py:151} INFO -      ⚠️ Erreur ligne 89: current transaction is aborted, commands ignored until end of transaction block
[2026-01-26T14:54:46.083+0000] {logging_mixin.py:151} INFO -      ⚠️ Erreur ligne 90: current transaction is aborted, commands ignored until end of transaction block
[2026-01-26T14:54:46.087+0000] {logging_mixin.py:151} INFO -      ⚠️ Erreur ligne 91: current transaction is aborted, commands ignored until end of transaction block
[2026-01-26T14:54:46.090+0000] {logging_mixin.py:151} INFO -      ⚠️ Erreur ligne 92: current transaction is aborted, commands ignored until end of transaction block
[2026-01-26T14:54:46.092+0000] {logging_mixin.py:151} INFO -      ⚠️ Erreur ligne 93: current transaction is aborted, commands ignored until end of transaction block
[2026-01-26T14:54:46.093+0000] {logging_mixin.py:151} INFO -      ⚠️ Erreur ligne 94: current transaction is aborted, commands ignored until end of transaction block
[2026-01-26T14:54:46.101+0000] {logging_mixin.py:151} INFO -      ⚠️ Erreur ligne 95: current transaction is aborted, commands ignored until end of transaction block
[2026-01-26T14:54:46.103+0000] {logging_mixin.py:151} INFO -      ⚠️ Erreur ligne 96: current transaction is aborted, commands ignored until end of transaction block
[2026-01-26T14:54:46.108+0000] {logging_mixin.py:151} INFO -      ⚠️ Erreur ligne 97: current transaction is aborted, commands ignored until end of transaction block
[2026-01-26T14:54:46.111+0000] {logging_mixin.py:151} INFO -      ⚠️ Erreur ligne 98: current transaction is aborted, commands ignored until end of transaction block
[2026-01-26T14:54:46.112+0000] {logging_mixin.py:151} INFO -      ⚠️ Erreur ligne 99: current transaction is aborted, commands ignored until end of transaction block
[2026-01-26T14:54:46.115+0000] {logging_mixin.py:151} INFO -      ⚠️ Erreur ligne 100: current transaction is aborted, commands ignored until end of transaction block
[2026-01-26T14:54:46.118+0000] {logging_mixin.py:151} INFO -      ⚠️ Erreur ligne 101: current transaction is aborted, commands ignored until end of transaction block
[2026-01-26T14:54:46.120+0000] {logging_mixin.py:151} INFO -      ⚠️ Erreur ligne 102: current transaction is aborted, commands ignored until end of transaction block
[2026-01-26T14:54:46.122+0000] {logging_mixin.py:151} INFO -      ⚠️ Erreur ligne 103: current transaction is aborted, commands ignored until end of transaction block
[2026-01-26T14:54:46.124+0000] {logging_mixin.py:151} INFO -      ⚠️ Erreur ligne 104: current transaction is aborted, commands ignored until end of transaction block
[2026-01-26T14:54:46.126+0000] {logging_mixin.py:151} INFO -      ⚠️ Erreur ligne 105: current transaction is aborted, commands ignored until end of transaction block
[2026-01-26T14:54:46.129+0000] {logging_mixin.py:151} INFO -      ⚠️ Erreur ligne 106: current transaction is aborted, commands ignored until end of transaction block
[2026-01-26T14:54:46.130+0000] {logging_mixin.py:151} INFO -      ⚠️ Erreur ligne 107: current transaction is aborted, commands ignored until end of transaction block
[2026-01-26T14:54:46.133+0000] {logging_mixin.py:151} INFO -      ⚠️ Erreur ligne 108: current transaction is aborted, commands ignored until end of transaction block
[2026-01-26T14:54:46.134+0000] {logging_mixin.py:151} INFO -      ⚠️ Erreur ligne 109: current transaction is aborted, commands ignored until end of transaction block
[2026-01-26T14:54:46.137+0000] {logging_mixin.py:151} INFO -      ⚠️ Erreur ligne 110: current transaction is aborted, commands ignored until end of transaction block
[2026-01-26T14:54:46.141+0000] {logging_mixin.py:151} INFO -      ⚠️ Erreur ligne 111: current transaction is aborted, commands ignored until end of transaction block
[2026-01-26T14:54:46.143+0000] {logging_mixin.py:151} INFO -      ⚠️ Erreur ligne 112: current transaction is aborted, commands ignored until end of transaction block
[2026-01-26T14:54:46.145+0000] {logging_mixin.py:151} INFO -      ⚠️ Erreur ligne 113: current transaction is aborted, commands ignored until end of transaction block
[2026-01-26T14:54:46.148+0000] {logging_mixin.py:151} INFO -      ⚠️ Erreur ligne 114: current transaction is aborted, commands ignored until end of transaction block
[2026-01-26T14:54:46.152+0000] {logging_mixin.py:151} INFO -      ⚠️ Erreur ligne 115: current transaction is aborted, commands ignored until end of transaction block
[2026-01-26T14:54:46.155+0000] {logging_mixin.py:151} INFO -      ⚠️ Erreur ligne 116: current transaction is aborted, commands ignored until end of transaction block
[2026-01-26T14:54:46.158+0000] {logging_mixin.py:151} INFO -      ⚠️ Erreur ligne 117: current transaction is aborted, commands ignored until end of transaction block
[2026-01-26T14:54:46.160+0000] {logging_mixin.py:151} INFO -      ⚠️ Erreur ligne 118: current transaction is aborted, commands ignored until end of transaction block
[2026-01-26T14:54:46.164+0000] {logging_mixin.py:151} INFO -      ⚠️ Erreur ligne 119: current transaction is aborted, commands ignored until end of transaction block
[2026-01-26T14:54:46.168+0000] {logging_mixin.py:151} INFO -      ⚠️ Erreur ligne 120: current transaction is aborted, commands ignored until end of transaction block
[2026-01-26T14:54:46.169+0000] {logging_mixin.py:151} INFO -      ⚠️ Erreur ligne 121: current transaction is aborted, commands ignored until end of transaction block
[2026-01-26T14:54:46.172+0000] {logging_mixin.py:151} INFO -      ⚠️ Erreur ligne 122: current transaction is aborted, commands ignored until end of transaction block
[2026-01-26T14:54:46.174+0000] {logging_mixin.py:151} INFO -      ⚠️ Erreur ligne 123: current transaction is aborted, commands ignored until end of transaction block
[2026-01-26T14:54:46.177+0000] {logging_mixin.py:151} INFO -      ⚠️ Erreur ligne 124: current transaction is aborted, commands ignored until end of transaction block
[2026-01-26T14:54:46.179+0000] {logging_mixin.py:151} INFO -      ⚠️ Erreur ligne 125: current transaction is aborted, commands ignored until end of transaction block
[2026-01-26T14:54:46.181+0000] {logging_mixin.py:151} INFO -      ⚠️ Erreur ligne 126: current transaction is aborted, commands ignored until end of transaction block
[2026-01-26T14:54:46.183+0000] {logging_mixin.py:151} INFO -      ⚠️ Erreur ligne 127: current transaction is aborted, commands ignored until end of transaction block
[2026-01-26T14:54:46.185+0000] {logging_mixin.py:151} INFO -      ⚠️ Erreur ligne 128: current transaction is aborted, commands ignored until end of transaction block
[2026-01-26T14:54:46.188+0000] {logging_mixin.py:151} INFO -      ⚠️ Erreur ligne 129: current transaction is aborted, commands ignored until end of transaction block
[2026-01-26T14:54:46.190+0000] {logging_mixin.py:151} INFO -      ⚠️ Erreur ligne 130: current transaction is aborted, commands ignored until end of transaction block
[2026-01-26T14:54:46.192+0000] {logging_mixin.py:151} INFO -      ⚠️ Erreur ligne 131: current transaction is aborted, commands ignored until end of transaction block
[2026-01-26T14:54:46.193+0000] {logging_mixin.py:151} INFO -      ⚠️ Erreur ligne 132: current transaction is aborted, commands ignored until end of transaction block
[2026-01-26T14:54:46.197+0000] {logging_mixin.py:151} INFO -      ⚠️ Erreur ligne 133: current transaction is aborted, commands ignored until end of transaction block
[2026-01-26T14:54:46.202+0000] {logging_mixin.py:151} INFO -      ⚠️ Erreur ligne 134: current transaction is aborted, commands ignored until end of transaction block
[2026-01-26T14:54:46.206+0000] {logging_mixin.py:151} INFO -      ⚠️ Erreur ligne 135: current transaction is aborted, commands ignored until end of transaction block
[2026-01-26T14:54:46.209+0000] {logging_mixin.py:151} INFO -      ⚠️ Erreur ligne 136: current transaction is aborted, commands ignored until end of transaction block
[2026-01-26T14:54:46.210+0000] {logging_mixin.py:151} INFO -      ⚠️ Erreur ligne 137: current transaction is aborted, commands ignored until end of transaction block
[2026-01-26T14:54:46.213+0000] {logging_mixin.py:151} INFO -      ⚠️ Erreur ligne 138: current transaction is aborted, commands ignored until end of transaction block
[2026-01-26T14:54:46.217+0000] {logging_mixin.py:151} INFO -      ⚠️ Erreur ligne 139: current transaction is aborted, commands ignored until end of transaction block
[2026-01-26T14:54:46.221+0000] {logging_mixin.py:151} INFO -      ⚠️ Erreur ligne 140: current transaction is aborted, commands ignored until end of transaction block
[2026-01-26T14:54:46.225+0000] {logging_mixin.py:151} INFO -      ⚠️ Erreur ligne 141: current transaction is aborted, commands ignored until end of transaction block
[2026-01-26T14:54:46.230+0000] {logging_mixin.py:151} INFO -      ⚠️ Erreur ligne 142: current transaction is aborted, commands ignored until end of transaction block
[2026-01-26T14:54:46.233+0000] {logging_mixin.py:151} INFO -      ⚠️ Erreur ligne 143: current transaction is aborted, commands ignored until end of transaction block
[2026-01-26T14:54:46.235+0000] {logging_mixin.py:151} INFO -      ⚠️ Erreur ligne 144: current transaction is aborted, commands ignored until end of transaction block
[2026-01-26T14:54:46.237+0000] {logging_mixin.py:151} INFO -      ⚠️ Erreur ligne 145: current transaction is aborted, commands ignored until end of transaction block
[2026-01-26T14:54:46.239+0000] {logging_mixin.py:151} INFO -      ⚠️ Erreur ligne 146: current transaction is aborted, commands ignored until end of transaction block
[2026-01-26T14:54:46.242+0000] {logging_mixin.py:151} INFO -      ⚠️ Erreur ligne 147: current transaction is aborted, commands ignored until end of transaction block
[2026-01-26T14:54:46.243+0000] {logging_mixin.py:151} INFO -      ⚠️ Erreur ligne 148: current transaction is aborted, commands ignored until end of transaction block
[2026-01-26T14:54:46.245+0000] {logging_mixin.py:151} INFO -      ⚠️ Erreur ligne 149: current transaction is aborted, commands ignored until end of transaction block
[2026-01-26T14:54:46.248+0000] {logging_mixin.py:151} INFO -      ⚠️ Erreur ligne 150: current transaction is aborted, commands ignored until end of transaction block
[2026-01-26T14:54:46.250+0000] {logging_mixin.py:151} INFO -      ⚠️ Erreur ligne 151: current transaction is aborted, commands ignored until end of transaction block
[2026-01-26T14:54:46.252+0000] {logging_mixin.py:151} INFO -      ⚠️ Erreur ligne 152: current transaction is aborted, commands ignored until end of transaction block
[2026-01-26T14:54:46.254+0000] {logging_mixin.py:151} INFO -      ⚠️ Erreur ligne 153: current transaction is aborted, commands ignored until end of transaction block
[2026-01-26T14:54:46.256+0000] {logging_mixin.py:151} INFO -      ⚠️ Erreur ligne 154: current transaction is aborted, commands ignored until end of transaction block
[2026-01-26T14:54:46.259+0000] {logging_mixin.py:151} INFO -      ⚠️ Erreur ligne 155: current transaction is aborted, commands ignored until end of transaction block
[2026-01-26T14:54:46.261+0000] {logging_mixin.py:151} INFO -      ⚠️ Erreur ligne 156: current transaction is aborted, commands ignored until end of transaction block
[2026-01-26T14:54:46.264+0000] {logging_mixin.py:151} INFO -      ⚠️ Erreur ligne 157: current transaction is aborted, commands ignored until end of transaction block
[2026-01-26T14:54:46.266+0000] {logging_mixin.py:151} INFO -      ⚠️ Erreur ligne 158: current transaction is aborted, commands ignored until end of transaction block
[2026-01-26T14:54:46.267+0000] {logging_mixin.py:151} INFO -      ⚠️ Erreur ligne 159: current transaction is aborted, commands ignored until end of transaction block
[2026-01-26T14:54:46.269+0000] {logging_mixin.py:151} INFO -      ⚠️ Erreur ligne 160: current transaction is aborted, commands ignored until end of transaction block
[2026-01-26T14:54:46.271+0000] {logging_mixin.py:151} INFO -      ⚠️ Erreur ligne 161: current transaction is aborted, commands ignored until end of transaction block
[2026-01-26T14:54:46.274+0000] {logging_mixin.py:151} INFO -      ⚠️ Erreur ligne 162: current transaction is aborted, commands ignored until end of transaction block
[2026-01-26T14:54:46.276+0000] {logging_mixin.py:151} INFO -      ⚠️ Erreur ligne 163: current transaction is aborted, commands ignored until end of transaction block
[2026-01-26T14:54:46.278+0000] {logging_mixin.py:151} INFO -      ⚠️ Erreur ligne 164: current transaction is aborted, commands ignored until end of transaction block
[2026-01-26T14:54:46.280+0000] {logging_mixin.py:151} INFO -      ⚠️ Erreur ligne 165: current transaction is aborted, commands ignored until end of transaction block
[2026-01-26T14:54:46.281+0000] {logging_mixin.py:151} INFO -      ⚠️ Erreur ligne 166: current transaction is aborted, commands ignored until end of transaction block
[2026-01-26T14:54:46.284+0000] {logging_mixin.py:151} INFO -      ⚠️ Erreur ligne 167: current transaction is aborted, commands ignored until end of transaction block
[2026-01-26T14:54:46.285+0000] {logging_mixin.py:151} INFO -      ⚠️ Erreur ligne 168: current transaction is aborted, commands ignored until end of transaction block
[2026-01-26T14:54:46.287+0000] {logging_mixin.py:151} INFO -      ⚠️ Erreur ligne 169: current transaction is aborted, commands ignored until end of transaction block
[2026-01-26T14:54:46.289+0000] {logging_mixin.py:151} INFO -      ⚠️ Erreur ligne 170: current transaction is aborted, commands ignored until end of transaction block
[2026-01-26T14:54:46.291+0000] {logging_mixin.py:151} INFO -      ⚠️ Erreur ligne 171: current transaction is aborted, commands ignored until end of transaction block
[2026-01-26T14:54:46.293+0000] {logging_mixin.py:151} INFO -      ⚠️ Erreur ligne 172: current transaction is aborted, commands ignored until end of transaction block
[2026-01-26T14:54:46.294+0000] {logging_mixin.py:151} INFO -      ⚠️ Erreur ligne 173: current transaction is aborted, commands ignored until end of transaction block
[2026-01-26T14:54:46.296+0000] {logging_mixin.py:151} INFO -      ⚠️ Erreur ligne 174: current transaction is aborted, commands ignored until end of transaction block
[2026-01-26T14:54:46.298+0000] {logging_mixin.py:151} INFO -      ⚠️ Erreur ligne 175: current transaction is aborted, commands ignored until end of transaction block
[2026-01-26T14:54:46.299+0000] {logging_mixin.py:151} INFO -      ⚠️ Erreur ligne 176: current transaction is aborted, commands ignored until end of transaction block
[2026-01-26T14:54:46.300+0000] {logging_mixin.py:151} INFO -      ⚠️ Erreur ligne 177: current transaction is aborted, commands ignored until end of transaction block
[2026-01-26T14:54:46.302+0000] {logging_mixin.py:151} INFO -      ⚠️ Erreur ligne 178: current transaction is aborted, commands ignored until end of transaction block
[2026-01-26T14:54:46.303+0000] {logging_mixin.py:151} INFO -      ⚠️ Erreur ligne 179: current transaction is aborted, commands ignored until end of transaction block
[2026-01-26T14:54:46.305+0000] {logging_mixin.py:151} INFO -      ⚠️ Erreur ligne 180: current transaction is aborted, commands ignored until end of transaction block
[2026-01-26T14:54:46.308+0000] {logging_mixin.py:151} INFO -      ⚠️ Erreur ligne 181: current transaction is aborted, commands ignored until end of transaction block
[2026-01-26T14:54:46.309+0000] {logging_mixin.py:151} INFO -      ⚠️ Erreur ligne 182: current transaction is aborted, commands ignored until end of transaction block
[2026-01-26T14:54:46.312+0000] {logging_mixin.py:151} INFO -      ⚠️ Erreur ligne 183: current transaction is aborted, commands ignored until end of transaction block
[2026-01-26T14:54:46.313+0000] {logging_mixin.py:151} INFO -      ⚠️ Erreur ligne 184: current transaction is aborted, commands ignored until end of transaction block
[2026-01-26T14:54:46.315+0000] {logging_mixin.py:151} INFO -      ⚠️ Erreur ligne 185: current transaction is aborted, commands ignored until end of transaction block
[2026-01-26T14:54:46.316+0000] {logging_mixin.py:151} INFO -      ⚠️ Erreur ligne 186: current transaction is aborted, commands ignored until end of transaction block
[2026-01-26T14:54:46.319+0000] {logging_mixin.py:151} INFO -      ⚠️ Erreur ligne 187: current transaction is aborted, commands ignored until end of transaction block
[2026-01-26T14:54:46.322+0000] {logging_mixin.py:151} INFO -      ⚠️ Erreur ligne 188: current transaction is aborted, commands ignored until end of transaction block
[2026-01-26T14:54:46.325+0000] {logging_mixin.py:151} INFO -      ⚠️ Erreur ligne 189: current transaction is aborted, commands ignored until end of transaction block
[2026-01-26T14:54:46.326+0000] {logging_mixin.py:151} INFO -      ⚠️ Erreur ligne 190: current transaction is aborted, commands ignored until end of transaction block
[2026-01-26T14:54:46.328+0000] {logging_mixin.py:151} INFO -      ⚠️ Erreur ligne 191: current transaction is aborted, commands ignored until end of transaction block
[2026-01-26T14:54:46.330+0000] {logging_mixin.py:151} INFO -      ⚠️ Erreur ligne 192: current transaction is aborted, commands ignored until end of transaction block
[2026-01-26T14:54:46.331+0000] {logging_mixin.py:151} INFO -      ⚠️ Erreur ligne 193: current transaction is aborted, commands ignored until end of transaction block
[2026-01-26T14:54:46.334+0000] {logging_mixin.py:151} INFO -      ⚠️ Erreur ligne 194: current transaction is aborted, commands ignored until end of transaction block
[2026-01-26T14:54:46.336+0000] {logging_mixin.py:151} INFO -      ⚠️ Erreur ligne 195: current transaction is aborted, commands ignored until end of transaction block
[2026-01-26T14:54:46.338+0000] {logging_mixin.py:151} INFO -      ⚠️ Erreur ligne 196: current transaction is aborted, commands ignored until end of transaction block
[2026-01-26T14:54:46.339+0000] {logging_mixin.py:151} INFO -      ⚠️ Erreur ligne 197: current transaction is aborted, commands ignored until end of transaction block
[2026-01-26T14:54:46.345+0000] {logging_mixin.py:151} INFO -      ⚠️ Erreur ligne 198: current transaction is aborted, commands ignored until end of transaction block
[2026-01-26T14:54:46.347+0000] {logging_mixin.py:151} INFO -      ⚠️ Erreur ligne 199: current transaction is aborted, commands ignored until end of transaction block
[2026-01-26T14:54:46.349+0000] {logging_mixin.py:151} INFO -      ⚠️ Erreur ligne 200: current transaction is aborted, commands ignored until end of transaction block
[2026-01-26T14:54:46.353+0000] {logging_mixin.py:151} INFO -      ⚠️ Erreur ligne 201: current transaction is aborted, commands ignored until end of transaction block
[2026-01-26T14:54:46.354+0000] {logging_mixin.py:151} INFO -      ⚠️ Erreur ligne 202: current transaction is aborted, commands ignored until end of transaction block
[2026-01-26T14:54:46.357+0000] {logging_mixin.py:151} INFO -      ⚠️ Erreur ligne 203: current transaction is aborted, commands ignored until end of transaction block
[2026-01-26T14:54:46.360+0000] {logging_mixin.py:151} INFO -      ⚠️ Erreur ligne 204: current transaction is aborted, commands ignored until end of transaction block
[2026-01-26T14:54:46.362+0000] {logging_mixin.py:151} INFO -      ⚠️ Erreur ligne 205: current transaction is aborted, commands ignored until end of transaction block
[2026-01-26T14:54:46.366+0000] {logging_mixin.py:151} INFO -      ⚠️ Erreur ligne 206: current transaction is aborted, commands ignored until end of transaction block
[2026-01-26T14:54:46.369+0000] {logging_mixin.py:151} INFO -      ⚠️ Erreur ligne 207: current transaction is aborted, commands ignored until end of transaction block
[2026-01-26T14:54:46.373+0000] {logging_mixin.py:151} INFO -      ⚠️ Erreur ligne 208: current transaction is aborted, commands ignored until end of transaction block
[2026-01-26T14:54:46.375+0000] {logging_mixin.py:151} INFO -      ⚠️ Erreur ligne 209: current transaction is aborted, commands ignored until end of transaction block
[2026-01-26T14:54:46.376+0000] {logging_mixin.py:151} INFO -      ⚠️ Erreur ligne 210: current transaction is aborted, commands ignored until end of transaction block
[2026-01-26T14:54:46.377+0000] {logging_mixin.py:151} INFO -      ⚠️ Erreur ligne 211: current transaction is aborted, commands ignored until end of transaction block
[2026-01-26T14:54:46.378+0000] {logging_mixin.py:151} INFO -      ⚠️ Erreur ligne 212: current transaction is aborted, commands ignored until end of transaction block
[2026-01-26T14:54:46.380+0000] {logging_mixin.py:151} INFO -      ⚠️ Erreur ligne 213: current transaction is aborted, commands ignored until end of transaction block
[2026-01-26T14:54:46.384+0000] {logging_mixin.py:151} INFO -      ⚠️ Erreur ligne 214: current transaction is aborted, commands ignored until end of transaction block
[2026-01-26T14:54:46.387+0000] {logging_mixin.py:151} INFO -      ⚠️ Erreur ligne 215: current transaction is aborted, commands ignored until end of transaction block
[2026-01-26T14:54:46.389+0000] {logging_mixin.py:151} INFO -      ⚠️ Erreur ligne 216: current transaction is aborted, commands ignored until end of transaction block
[2026-01-26T14:54:46.390+0000] {logging_mixin.py:151} INFO -      ⚠️ Erreur ligne 217: current transaction is aborted, commands ignored until end of transaction block
[2026-01-26T14:54:46.392+0000] {logging_mixin.py:151} INFO -      ⚠️ Erreur ligne 218: current transaction is aborted, commands ignored until end of transaction block
[2026-01-26T14:54:46.394+0000] {logging_mixin.py:151} INFO -      ⚠️ Erreur ligne 219: current transaction is aborted, commands ignored until end of transaction block
[2026-01-26T14:54:46.397+0000] {logging_mixin.py:151} INFO -      ⚠️ Erreur ligne 220: current transaction is aborted, commands ignored until end of transaction block
[2026-01-26T14:54:46.400+0000] {logging_mixin.py:151} INFO -      ⚠️ Erreur ligne 221: current transaction is aborted, commands ignored until end of transaction block
[2026-01-26T14:54:46.402+0000] {logging_mixin.py:151} INFO -      ⚠️ Erreur ligne 222: current transaction is aborted, commands ignored until end of transaction block
[2026-01-26T14:54:46.403+0000] {logging_mixin.py:151} INFO -      ⚠️ Erreur ligne 223: current transaction is aborted, commands ignored until end of transaction block
[2026-01-26T14:54:46.404+0000] {logging_mixin.py:151} INFO -      ⚠️ Erreur ligne 224: current transaction is aborted, commands ignored until end of transaction block
[2026-01-26T14:54:46.407+0000] {logging_mixin.py:151} INFO -      ⚠️ Erreur ligne 225: current transaction is aborted, commands ignored until end of transaction block
[2026-01-26T14:54:46.410+0000] {logging_mixin.py:151} INFO -      ⚠️ Erreur ligne 226: current transaction is aborted, commands ignored until end of transaction block
[2026-01-26T14:54:46.412+0000] {logging_mixin.py:151} INFO -      ⚠️ Erreur ligne 227: current transaction is aborted, commands ignored until end of transaction block
[2026-01-26T14:54:46.414+0000] {logging_mixin.py:151} INFO -      ⚠️ Erreur ligne 228: current transaction is aborted, commands ignored until end of transaction block
[2026-01-26T14:54:46.416+0000] {logging_mixin.py:151} INFO -      ⚠️ Erreur ligne 229: current transaction is aborted, commands ignored until end of transaction block
[2026-01-26T14:54:46.417+0000] {logging_mixin.py:151} INFO -      ⚠️ Erreur ligne 230: current transaction is aborted, commands ignored until end of transaction block
[2026-01-26T14:54:46.418+0000] {logging_mixin.py:151} INFO -      ⚠️ Erreur ligne 231: current transaction is aborted, commands ignored until end of transaction block
[2026-01-26T14:54:46.421+0000] {logging_mixin.py:151} INFO -      ⚠️ Erreur ligne 232: current transaction is aborted, commands ignored until end of transaction block
[2026-01-26T14:54:46.422+0000] {logging_mixin.py:151} INFO -      ⚠️ Erreur ligne 233: current transaction is aborted, commands ignored until end of transaction block
[2026-01-26T14:54:46.423+0000] {logging_mixin.py:151} INFO -      ⚠️ Erreur ligne 234: current transaction is aborted, commands ignored until end of transaction block
[2026-01-26T14:54:46.426+0000] {logging_mixin.py:151} INFO -      ⚠️ Erreur ligne 235: current transaction is aborted, commands ignored until end of transaction block
[2026-01-26T14:54:46.428+0000] {logging_mixin.py:151} INFO -      ⚠️ Erreur ligne 236: current transaction is aborted, commands ignored until end of transaction block
[2026-01-26T14:54:46.429+0000] {logging_mixin.py:151} INFO -      ⚠️ Erreur ligne 237: current transaction is aborted, commands ignored until end of transaction block
[2026-01-26T14:54:46.431+0000] {logging_mixin.py:151} INFO -      ⚠️ Erreur ligne 238: current transaction is aborted, commands ignored until end of transaction block
[2026-01-26T14:54:46.432+0000] {logging_mixin.py:151} INFO -      ⚠️ Erreur ligne 239: current transaction is aborted, commands ignored until end of transaction block
[2026-01-26T14:54:46.433+0000] {logging_mixin.py:151} INFO -      ⚠️ Erreur ligne 240: current transaction is aborted, commands ignored until end of transaction block
[2026-01-26T14:54:46.435+0000] {logging_mixin.py:151} INFO -      ⚠️ Erreur ligne 241: current transaction is aborted, commands ignored until end of transaction block
[2026-01-26T14:54:46.436+0000] {logging_mixin.py:151} INFO -      ⚠️ Erreur ligne 242: current transaction is aborted, commands ignored until end of transaction block
[2026-01-26T14:54:46.438+0000] {logging_mixin.py:151} INFO -      ⚠️ Erreur ligne 243: current transaction is aborted, commands ignored until end of transaction block
[2026-01-26T14:54:46.439+0000] {logging_mixin.py:151} INFO -      ⚠️ Erreur ligne 244: current transaction is aborted, commands ignored until end of transaction block
[2026-01-26T14:54:46.440+0000] {logging_mixin.py:151} INFO -      ⚠️ Erreur ligne 245: current transaction is aborted, commands ignored until end of transaction block
[2026-01-26T14:54:46.441+0000] {logging_mixin.py:151} INFO -      ⚠️ Erreur ligne 246: current transaction is aborted, commands ignored until end of transaction block
[2026-01-26T14:54:46.443+0000] {logging_mixin.py:151} INFO -      ⚠️ Erreur ligne 247: current transaction is aborted, commands ignored until end of transaction block
[2026-01-26T14:54:46.444+0000] {logging_mixin.py:151} INFO -      ⚠️ Erreur ligne 248: current transaction is aborted, commands ignored until end of transaction block
[2026-01-26T14:54:46.446+0000] {logging_mixin.py:151} INFO -      ⚠️ Erreur ligne 249: current transaction is aborted, commands ignored until end of transaction block
[2026-01-26T14:54:46.447+0000] {logging_mixin.py:151} INFO -      ⚠️ Erreur ligne 250: current transaction is aborted, commands ignored until end of transaction block
[2026-01-26T14:54:46.449+0000] {logging_mixin.py:151} INFO -      ⚠️ Erreur ligne 251: current transaction is aborted, commands ignored until end of transaction block
[2026-01-26T14:54:46.450+0000] {logging_mixin.py:151} INFO -      ⚠️ Erreur ligne 252: current transaction is aborted, commands ignored until end of transaction block
[2026-01-26T14:54:46.451+0000] {logging_mixin.py:151} INFO -      ⚠️ Erreur ligne 253: current transaction is aborted, commands ignored until end of transaction block
[2026-01-26T14:54:46.453+0000] {logging_mixin.py:151} INFO -      ⚠️ Erreur ligne 254: current transaction is aborted, commands ignored until end of transaction block
[2026-01-26T14:54:46.454+0000] {logging_mixin.py:151} INFO -      ⚠️ Erreur ligne 255: current transaction is aborted, commands ignored until end of transaction block
[2026-01-26T14:54:46.455+0000] {logging_mixin.py:151} INFO -      ⚠️ Erreur ligne 256: current transaction is aborted, commands ignored until end of transaction block
[2026-01-26T14:54:46.457+0000] {logging_mixin.py:151} INFO -      ⚠️ Erreur ligne 257: current transaction is aborted, commands ignored until end of transaction block
[2026-01-26T14:54:46.458+0000] {logging_mixin.py:151} INFO -      ⚠️ Erreur ligne 258: current transaction is aborted, commands ignored until end of transaction block
[2026-01-26T14:54:46.459+0000] {logging_mixin.py:151} INFO -      ⚠️ Erreur ligne 259: current transaction is aborted, commands ignored until end of transaction block
[2026-01-26T14:54:46.461+0000] {logging_mixin.py:151} INFO -      ⚠️ Erreur ligne 260: current transaction is aborted, commands ignored until end of transaction block
[2026-01-26T14:54:46.462+0000] {logging_mixin.py:151} INFO -      ⚠️ Erreur ligne 261: current transaction is aborted, commands ignored until end of transaction block
[2026-01-26T14:54:46.464+0000] {logging_mixin.py:151} INFO -      ⚠️ Erreur ligne 262: current transaction is aborted, commands ignored until end of transaction block
[2026-01-26T14:54:46.465+0000] {logging_mixin.py:151} INFO -      ⚠️ Erreur ligne 263: current transaction is aborted, commands ignored until end of transaction block
[2026-01-26T14:54:46.467+0000] {logging_mixin.py:151} INFO -      ⚠️ Erreur ligne 264: current transaction is aborted, commands ignored until end of transaction block
[2026-01-26T14:54:46.468+0000] {logging_mixin.py:151} INFO -      ⚠️ Erreur ligne 265: current transaction is aborted, commands ignored until end of transaction block
[2026-01-26T14:54:46.469+0000] {logging_mixin.py:151} INFO -      ⚠️ Erreur ligne 266: current transaction is aborted, commands ignored until end of transaction block
[2026-01-26T14:54:46.470+0000] {logging_mixin.py:151} INFO -      ⚠️ Erreur ligne 267: current transaction is aborted, commands ignored until end of transaction block
[2026-01-26T14:54:46.472+0000] {logging_mixin.py:151} INFO -      ⚠️ Erreur ligne 268: current transaction is aborted, commands ignored until end of transaction block
[2026-01-26T14:54:46.473+0000] {logging_mixin.py:151} INFO -      ⚠️ Erreur ligne 269: current transaction is aborted, commands ignored until end of transaction block
[2026-01-26T14:54:46.474+0000] {logging_mixin.py:151} INFO -      ⚠️ Erreur ligne 270: current transaction is aborted, commands ignored until end of transaction block
[2026-01-26T14:54:46.476+0000] {logging_mixin.py:151} INFO -      ⚠️ Erreur ligne 271: current transaction is aborted, commands ignored until end of transaction block
[2026-01-26T14:54:46.477+0000] {logging_mixin.py:151} INFO -      ⚠️ Erreur ligne 272: current transaction is aborted, commands ignored until end of transaction block
[2026-01-26T14:54:46.479+0000] {logging_mixin.py:151} INFO -      ⚠️ Erreur ligne 273: current transaction is aborted, commands ignored until end of transaction block
[2026-01-26T14:54:46.480+0000] {logging_mixin.py:151} INFO -      ⚠️ Erreur ligne 274: current transaction is aborted, commands ignored until end of transaction block
[2026-01-26T14:54:46.481+0000] {logging_mixin.py:151} INFO -      ⚠️ Erreur ligne 275: current transaction is aborted, commands ignored until end of transaction block
[2026-01-26T14:54:46.483+0000] {logging_mixin.py:151} INFO -      ⚠️ Erreur ligne 276: current transaction is aborted, commands ignored until end of transaction block
[2026-01-26T14:54:46.484+0000] {logging_mixin.py:151} INFO -      ⚠️ Erreur ligne 277: current transaction is aborted, commands ignored until end of transaction block
[2026-01-26T14:54:46.486+0000] {logging_mixin.py:151} INFO -      ⚠️ Erreur ligne 278: current transaction is aborted, commands ignored until end of transaction block
[2026-01-26T14:54:46.487+0000] {logging_mixin.py:151} INFO -      ⚠️ Erreur ligne 279: current transaction is aborted, commands ignored until end of transaction block
[2026-01-26T14:54:46.488+0000] {logging_mixin.py:151} INFO -      ⚠️ Erreur ligne 280: current transaction is aborted, commands ignored until end of transaction block
[2026-01-26T14:54:46.491+0000] {logging_mixin.py:151} INFO -      ⚠️ Erreur ligne 281: current transaction is aborted, commands ignored until end of transaction block
[2026-01-26T14:54:46.493+0000] {logging_mixin.py:151} INFO -      ⚠️ Erreur ligne 282: current transaction is aborted, commands ignored until end of transaction block
[2026-01-26T14:54:46.495+0000] {logging_mixin.py:151} INFO -      ⚠️ Erreur ligne 283: current transaction is aborted, commands ignored until end of transaction block
[2026-01-26T14:54:46.496+0000] {logging_mixin.py:151} INFO -      ⚠️ Erreur ligne 284: current transaction is aborted, commands ignored until end of transaction block
[2026-01-26T14:54:46.498+0000] {logging_mixin.py:151} INFO -      ⚠️ Erreur ligne 285: current transaction is aborted, commands ignored until end of transaction block
[2026-01-26T14:54:46.499+0000] {logging_mixin.py:151} INFO -      ⚠️ Erreur ligne 286: current transaction is aborted, commands ignored until end of transaction block
[2026-01-26T14:54:46.501+0000] {logging_mixin.py:151} INFO -      ⚠️ Erreur ligne 287: current transaction is aborted, commands ignored until end of transaction block
[2026-01-26T14:54:46.502+0000] {logging_mixin.py:151} INFO -      ⚠️ Erreur ligne 288: current transaction is aborted, commands ignored until end of transaction block
[2026-01-26T14:54:46.504+0000] {logging_mixin.py:151} INFO -      ⚠️ Erreur ligne 289: current transaction is aborted, commands ignored until end of transaction block
[2026-01-26T14:54:46.506+0000] {logging_mixin.py:151} INFO -      ⚠️ Erreur ligne 290: current transaction is aborted, commands ignored until end of transaction block
[2026-01-26T14:54:46.508+0000] {logging_mixin.py:151} INFO -      ⚠️ Erreur ligne 291: current transaction is aborted, commands ignored until end of transaction block
[2026-01-26T14:54:46.509+0000] {logging_mixin.py:151} INFO -      ⚠️ Erreur ligne 292: current transaction is aborted, commands ignored until end of transaction block
[2026-01-26T14:54:46.510+0000] {logging_mixin.py:151} INFO -      ⚠️ Erreur ligne 293: current transaction is aborted, commands ignored until end of transaction block
[2026-01-26T14:54:46.512+0000] {logging_mixin.py:151} INFO -      ⚠️ Erreur ligne 294: current transaction is aborted, commands ignored until end of transaction block
[2026-01-26T14:54:46.513+0000] {logging_mixin.py:151} INFO -      ⚠️ Erreur ligne 295: current transaction is aborted, commands ignored until end of transaction block
[2026-01-26T14:54:46.515+0000] {logging_mixin.py:151} INFO -      ⚠️ Erreur ligne 296: current transaction is aborted, commands ignored until end of transaction block
[2026-01-26T14:54:46.516+0000] {logging_mixin.py:151} INFO -      ⚠️ Erreur ligne 297: current transaction is aborted, commands ignored until end of transaction block
[2026-01-26T14:54:46.517+0000] {logging_mixin.py:151} INFO -      ⚠️ Erreur ligne 298: current transaction is aborted, commands ignored until end of transaction block
[2026-01-26T14:54:46.519+0000] {logging_mixin.py:151} INFO -      ⚠️ Erreur ligne 299: current transaction is aborted, commands ignored until end of transaction block
[2026-01-26T14:54:46.520+0000] {logging_mixin.py:151} INFO -      ⚠️ Erreur ligne 300: current transaction is aborted, commands ignored until end of transaction block
[2026-01-26T14:54:46.522+0000] {logging_mixin.py:151} INFO -      ⚠️ Erreur ligne 301: current transaction is aborted, commands ignored until end of transaction block
[2026-01-26T14:54:46.523+0000] {logging_mixin.py:151} INFO -      ⚠️ Erreur ligne 302: current transaction is aborted, commands ignored until end of transaction block
[2026-01-26T14:54:46.524+0000] {logging_mixin.py:151} INFO -      ⚠️ Erreur ligne 303: current transaction is aborted, commands ignored until end of transaction block
[2026-01-26T14:54:46.529+0000] {logging_mixin.py:151} INFO -      ⚠️ Erreur ligne 304: current transaction is aborted, commands ignored until end of transaction block
[2026-01-26T14:54:46.532+0000] {logging_mixin.py:151} INFO -      ⚠️ Erreur ligne 305: current transaction is aborted, commands ignored until end of transaction block
[2026-01-26T14:54:46.533+0000] {logging_mixin.py:151} INFO -      ⚠️ Erreur ligne 306: current transaction is aborted, commands ignored until end of transaction block
[2026-01-26T14:54:46.535+0000] {logging_mixin.py:151} INFO -      ⚠️ Erreur ligne 307: current transaction is aborted, commands ignored until end of transaction block
[2026-01-26T14:54:46.537+0000] {logging_mixin.py:151} INFO -      ⚠️ Erreur ligne 308: current transaction is aborted, commands ignored until end of transaction block
[2026-01-26T14:54:46.539+0000] {logging_mixin.py:151} INFO -      ⚠️ Erreur ligne 309: current transaction is aborted, commands ignored until end of transaction block
[2026-01-26T14:54:46.540+0000] {logging_mixin.py:151} INFO -      ⚠️ Erreur ligne 310: current transaction is aborted, commands ignored until end of transaction block
[2026-01-26T14:54:46.541+0000] {logging_mixin.py:151} INFO -      ⚠️ Erreur ligne 311: current transaction is aborted, commands ignored until end of transaction block
[2026-01-26T14:54:46.542+0000] {logging_mixin.py:151} INFO -      ⚠️ Erreur ligne 312: current transaction is aborted, commands ignored until end of transaction block
[2026-01-26T14:54:46.544+0000] {logging_mixin.py:151} INFO -      ⚠️ Erreur ligne 313: current transaction is aborted, commands ignored until end of transaction block
[2026-01-26T14:54:46.545+0000] {logging_mixin.py:151} INFO -      ⚠️ Erreur ligne 314: current transaction is aborted, commands ignored until end of transaction block
[2026-01-26T14:54:46.546+0000] {logging_mixin.py:151} INFO -      ⚠️ Erreur ligne 315: current transaction is aborted, commands ignored until end of transaction block
[2026-01-26T14:54:46.547+0000] {logging_mixin.py:151} INFO -      ⚠️ Erreur ligne 316: current transaction is aborted, commands ignored until end of transaction block
[2026-01-26T14:54:46.549+0000] {logging_mixin.py:151} INFO -      ⚠️ Erreur ligne 317: current transaction is aborted, commands ignored until end of transaction block
[2026-01-26T14:54:46.550+0000] {logging_mixin.py:151} INFO -      ⚠️ Erreur ligne 318: current transaction is aborted, commands ignored until end of transaction block
[2026-01-26T14:54:46.552+0000] {logging_mixin.py:151} INFO -      ⚠️ Erreur ligne 319: current transaction is aborted, commands ignored until end of transaction block
[2026-01-26T14:54:46.553+0000] {logging_mixin.py:151} INFO -      ⚠️ Erreur ligne 320: current transaction is aborted, commands ignored until end of transaction block
[2026-01-26T14:54:46.554+0000] {logging_mixin.py:151} INFO -      ⚠️ Erreur ligne 321: current transaction is aborted, commands ignored until end of transaction block
[2026-01-26T14:54:46.559+0000] {logging_mixin.py:151} INFO -      ⚠️ Erreur ligne 322: current transaction is aborted, commands ignored until end of transaction block
[2026-01-26T14:54:46.561+0000] {logging_mixin.py:151} INFO -      ⚠️ Erreur ligne 323: current transaction is aborted, commands ignored until end of transaction block
[2026-01-26T14:54:46.563+0000] {logging_mixin.py:151} INFO -      ⚠️ Erreur ligne 324: current transaction is aborted, commands ignored until end of transaction block
[2026-01-26T14:54:46.564+0000] {logging_mixin.py:151} INFO -      ⚠️ Erreur ligne 325: current transaction is aborted, commands ignored until end of transaction block
[2026-01-26T14:54:46.565+0000] {logging_mixin.py:151} INFO -      ⚠️ Erreur ligne 326: current transaction is aborted, commands ignored until end of transaction block
[2026-01-26T14:54:46.567+0000] {logging_mixin.py:151} INFO -      ⚠️ Erreur ligne 327: current transaction is aborted, commands ignored until end of transaction block
[2026-01-26T14:54:46.568+0000] {logging_mixin.py:151} INFO -      ⚠️ Erreur ligne 328: current transaction is aborted, commands ignored until end of transaction block
[2026-01-26T14:54:46.569+0000] {logging_mixin.py:151} INFO -      ⚠️ Erreur ligne 329: current transaction is aborted, commands ignored until end of transaction block
[2026-01-26T14:54:46.570+0000] {logging_mixin.py:151} INFO -      ⚠️ Erreur ligne 330: current transaction is aborted, commands ignored until end of transaction block
[2026-01-26T14:54:46.572+0000] {logging_mixin.py:151} INFO -      ⚠️ Erreur ligne 331: current transaction is aborted, commands ignored until end of transaction block
[2026-01-26T14:54:46.574+0000] {logging_mixin.py:151} INFO -      ⚠️ Erreur ligne 332: current transaction is aborted, commands ignored until end of transaction block
[2026-01-26T14:54:46.576+0000] {logging_mixin.py:151} INFO -      ⚠️ Erreur ligne 333: current transaction is aborted, commands ignored until end of transaction block
[2026-01-26T14:54:46.578+0000] {logging_mixin.py:151} INFO -      ⚠️ Erreur ligne 334: current transaction is aborted, commands ignored until end of transaction block
[2026-01-26T14:54:46.579+0000] {logging_mixin.py:151} INFO -      ⚠️ Erreur ligne 335: current transaction is aborted, commands ignored until end of transaction block
[2026-01-26T14:54:46.581+0000] {logging_mixin.py:151} INFO -      ⚠️ Erreur ligne 336: current transaction is aborted, commands ignored until end of transaction block
[2026-01-26T14:54:46.583+0000] {logging_mixin.py:151} INFO -      ⚠️ Erreur ligne 337: current transaction is aborted, commands ignored until end of transaction block
[2026-01-26T14:54:46.585+0000] {logging_mixin.py:151} INFO -      ⚠️ Erreur ligne 338: current transaction is aborted, commands ignored until end of transaction block
[2026-01-26T14:54:46.586+0000] {logging_mixin.py:151} INFO -      ⚠️ Erreur ligne 339: current transaction is aborted, commands ignored until end of transaction block
[2026-01-26T14:54:46.587+0000] {logging_mixin.py:151} INFO -      ⚠️ Erreur ligne 340: current transaction is aborted, commands ignored until end of transaction block
[2026-01-26T14:54:46.589+0000] {logging_mixin.py:151} INFO -      ⚠️ Erreur ligne 341: current transaction is aborted, commands ignored until end of transaction block
[2026-01-26T14:54:46.590+0000] {logging_mixin.py:151} INFO -      ⚠️ Erreur ligne 342: current transaction is aborted, commands ignored until end of transaction block
[2026-01-26T14:54:46.591+0000] {logging_mixin.py:151} INFO -      ⚠️ Erreur ligne 343: current transaction is aborted, commands ignored until end of transaction block
[2026-01-26T14:54:46.593+0000] {logging_mixin.py:151} INFO -      ⚠️ Erreur ligne 344: current transaction is aborted, commands ignored until end of transaction block
[2026-01-26T14:54:46.594+0000] {logging_mixin.py:151} INFO -      ⚠️ Erreur ligne 345: current transaction is aborted, commands ignored until end of transaction block
[2026-01-26T14:54:46.596+0000] {logging_mixin.py:151} INFO -      ⚠️ Erreur ligne 346: current transaction is aborted, commands ignored until end of transaction block
[2026-01-26T14:54:46.597+0000] {logging_mixin.py:151} INFO -      ⚠️ Erreur ligne 347: current transaction is aborted, commands ignored until end of transaction block
[2026-01-26T14:54:46.598+0000] {logging_mixin.py:151} INFO -      ⚠️ Erreur ligne 348: current transaction is aborted, commands ignored until end of transaction block
[2026-01-26T14:54:46.600+0000] {logging_mixin.py:151} INFO -      ⚠️ Erreur ligne 349: current transaction is aborted, commands ignored until end of transaction block
[2026-01-26T14:54:46.601+0000] {logging_mixin.py:151} INFO -      ⚠️ Erreur ligne 350: current transaction is aborted, commands ignored until end of transaction block
[2026-01-26T14:54:46.603+0000] {logging_mixin.py:151} INFO -      ⚠️ Erreur ligne 351: current transaction is aborted, commands ignored until end of transaction block
[2026-01-26T14:54:46.604+0000] {logging_mixin.py:151} INFO -      ⚠️ Erreur ligne 352: current transaction is aborted, commands ignored until end of transaction block
[2026-01-26T14:54:46.606+0000] {logging_mixin.py:151} INFO -      ⚠️ Erreur ligne 353: current transaction is aborted, commands ignored until end of transaction block
[2026-01-26T14:54:46.607+0000] {logging_mixin.py:151} INFO -      ⚠️ Erreur ligne 354: current transaction is aborted, commands ignored until end of transaction block
[2026-01-26T14:54:46.609+0000] {logging_mixin.py:151} INFO -      ⚠️ Erreur ligne 355: current transaction is aborted, commands ignored until end of transaction block
[2026-01-26T14:54:46.611+0000] {logging_mixin.py:151} INFO -      ⚠️ Erreur ligne 356: current transaction is aborted, commands ignored until end of transaction block
[2026-01-26T14:54:46.612+0000] {logging_mixin.py:151} INFO -      ⚠️ Erreur ligne 357: current transaction is aborted, commands ignored until end of transaction block
[2026-01-26T14:54:46.614+0000] {logging_mixin.py:151} INFO -      ⚠️ Erreur ligne 358: current transaction is aborted, commands ignored until end of transaction block
[2026-01-26T14:54:46.615+0000] {logging_mixin.py:151} INFO -      ⚠️ Erreur ligne 359: current transaction is aborted, commands ignored until end of transaction block
[2026-01-26T14:54:46.617+0000] {logging_mixin.py:151} INFO -      ⚠️ Erreur ligne 360: current transaction is aborted, commands ignored until end of transaction block
[2026-01-26T14:54:46.618+0000] {logging_mixin.py:151} INFO -      ⚠️ Erreur ligne 361: current transaction is aborted, commands ignored until end of transaction block
[2026-01-26T14:54:46.620+0000] {logging_mixin.py:151} INFO -      ⚠️ Erreur ligne 362: current transaction is aborted, commands ignored until end of transaction block
[2026-01-26T14:54:46.621+0000] {logging_mixin.py:151} INFO -      ⚠️ Erreur ligne 363: current transaction is aborted, commands ignored until end of transaction block
[2026-01-26T14:54:46.623+0000] {logging_mixin.py:151} INFO -      ⚠️ Erreur ligne 364: current transaction is aborted, commands ignored until end of transaction block
[2026-01-26T14:54:46.624+0000] {logging_mixin.py:151} INFO -      ⚠️ Erreur ligne 365: current transaction is aborted, commands ignored until end of transaction block
[2026-01-26T14:54:46.625+0000] {logging_mixin.py:151} INFO -      ⚠️ Erreur ligne 366: current transaction is aborted, commands ignored until end of transaction block
[2026-01-26T14:54:46.626+0000] {logging_mixin.py:151} INFO -      ⚠️ Erreur ligne 367: current transaction is aborted, commands ignored until end of transaction block
[2026-01-26T14:54:46.628+0000] {logging_mixin.py:151} INFO -      ⚠️ Erreur ligne 368: current transaction is aborted, commands ignored until end of transaction block
[2026-01-26T14:54:46.629+0000] {logging_mixin.py:151} INFO -      ⚠️ Erreur ligne 369: current transaction is aborted, commands ignored until end of transaction block
[2026-01-26T14:54:46.630+0000] {logging_mixin.py:151} INFO -      ⚠️ Erreur ligne 370: current transaction is aborted, commands ignored until end of transaction block
[2026-01-26T14:54:46.632+0000] {logging_mixin.py:151} INFO -      ⚠️ Erreur ligne 371: current transaction is aborted, commands ignored until end of transaction block
[2026-01-26T14:54:46.633+0000] {logging_mixin.py:151} INFO -      ⚠️ Erreur ligne 372: current transaction is aborted, commands ignored until end of transaction block
[2026-01-26T14:54:46.634+0000] {logging_mixin.py:151} INFO -      ⚠️ Erreur ligne 373: current transaction is aborted, commands ignored until end of transaction block
[2026-01-26T14:54:46.635+0000] {logging_mixin.py:151} INFO -      ⚠️ Erreur ligne 374: current transaction is aborted, commands ignored until end of transaction block
[2026-01-26T14:54:46.637+0000] {logging_mixin.py:151} INFO -      ⚠️ Erreur ligne 375: current transaction is aborted, commands ignored until end of transaction block
[2026-01-26T14:54:46.638+0000] {logging_mixin.py:151} INFO -      ⚠️ Erreur ligne 376: current transaction is aborted, commands ignored until end of transaction block
[2026-01-26T14:54:46.639+0000] {logging_mixin.py:151} INFO -      ⚠️ Erreur ligne 377: current transaction is aborted, commands ignored until end of transaction block
[2026-01-26T14:54:46.641+0000] {logging_mixin.py:151} INFO -      ⚠️ Erreur ligne 378: current transaction is aborted, commands ignored until end of transaction block
[2026-01-26T14:54:46.642+0000] {logging_mixin.py:151} INFO -      ⚠️ Erreur ligne 379: current transaction is aborted, commands ignored until end of transaction block
[2026-01-26T14:54:46.643+0000] {logging_mixin.py:151} INFO -      ⚠️ Erreur ligne 380: current transaction is aborted, commands ignored until end of transaction block
[2026-01-26T14:54:46.645+0000] {logging_mixin.py:151} INFO -      ⚠️ Erreur ligne 381: current transaction is aborted, commands ignored until end of transaction block
[2026-01-26T14:54:46.646+0000] {logging_mixin.py:151} INFO -      ⚠️ Erreur ligne 382: current transaction is aborted, commands ignored until end of transaction block
[2026-01-26T14:54:46.647+0000] {logging_mixin.py:151} INFO -      ⚠️ Erreur ligne 383: current transaction is aborted, commands ignored until end of transaction block
[2026-01-26T14:54:46.648+0000] {logging_mixin.py:151} INFO -      ⚠️ Erreur ligne 384: current transaction is aborted, commands ignored until end of transaction block
[2026-01-26T14:54:46.649+0000] {logging_mixin.py:151} INFO -      ⚠️ Erreur ligne 385: current transaction is aborted, commands ignored until end of transaction block
[2026-01-26T14:54:46.651+0000] {logging_mixin.py:151} INFO -      ⚠️ Erreur ligne 386: current transaction is aborted, commands ignored until end of transaction block
[2026-01-26T14:54:46.652+0000] {logging_mixin.py:151} INFO -      ⚠️ Erreur ligne 387: current transaction is aborted, commands ignored until end of transaction block
[2026-01-26T14:54:46.653+0000] {logging_mixin.py:151} INFO -      ⚠️ Erreur ligne 388: current transaction is aborted, commands ignored until end of transaction block
[2026-01-26T14:54:46.654+0000] {logging_mixin.py:151} INFO -      ⚠️ Erreur ligne 389: current transaction is aborted, commands ignored until end of transaction block
[2026-01-26T14:54:46.656+0000] {logging_mixin.py:151} INFO -      ⚠️ Erreur ligne 390: current transaction is aborted, commands ignored until end of transaction block
[2026-01-26T14:54:46.657+0000] {logging_mixin.py:151} INFO -      ⚠️ Erreur ligne 391: current transaction is aborted, commands ignored until end of transaction block
[2026-01-26T14:54:46.658+0000] {logging_mixin.py:151} INFO -      ⚠️ Erreur ligne 392: current transaction is aborted, commands ignored until end of transaction block
[2026-01-26T14:54:46.659+0000] {logging_mixin.py:151} INFO -      ⚠️ Erreur ligne 393: current transaction is aborted, commands ignored until end of transaction block
[2026-01-26T14:54:46.661+0000] {logging_mixin.py:151} INFO -      ⚠️ Erreur ligne 394: current transaction is aborted, commands ignored until end of transaction block
[2026-01-26T14:54:46.662+0000] {logging_mixin.py:151} INFO -      ⚠️ Erreur ligne 395: current transaction is aborted, commands ignored until end of transaction block
[2026-01-26T14:54:46.666+0000] {logging_mixin.py:151} INFO -      ⚠️ Erreur ligne 396: current transaction is aborted, commands ignored until end of transaction block
[2026-01-26T14:54:46.670+0000] {logging_mixin.py:151} INFO -      ⚠️ Erreur ligne 397: current transaction is aborted, commands ignored until end of transaction block
[2026-01-26T14:54:46.674+0000] {logging_mixin.py:151} INFO -      ⚠️ Erreur ligne 398: current transaction is aborted, commands ignored until end of transaction block
[2026-01-26T14:54:46.679+0000] {logging_mixin.py:151} INFO -      ⚠️ Erreur ligne 399: current transaction is aborted, commands ignored until end of transaction block
[2026-01-26T14:54:46.681+0000] {logging_mixin.py:151} INFO -      ⚠️ Erreur ligne 400: current transaction is aborted, commands ignored until end of transaction block
[2026-01-26T14:54:46.683+0000] {logging_mixin.py:151} INFO -      ⚠️ Erreur ligne 401: current transaction is aborted, commands ignored until end of transaction block
[2026-01-26T14:54:46.684+0000] {logging_mixin.py:151} INFO -      ⚠️ Erreur ligne 402: current transaction is aborted, commands ignored until end of transaction block
[2026-01-26T14:54:46.686+0000] {logging_mixin.py:151} INFO -      ⚠️ Erreur ligne 403: current transaction is aborted, commands ignored until end of transaction block
[2026-01-26T14:54:46.690+0000] {logging_mixin.py:151} INFO -      ⚠️ Erreur ligne 404: current transaction is aborted, commands ignored until end of transaction block
[2026-01-26T14:54:46.693+0000] {logging_mixin.py:151} INFO -      ⚠️ Erreur ligne 405: current transaction is aborted, commands ignored until end of transaction block
[2026-01-26T14:54:46.695+0000] {logging_mixin.py:151} INFO -      ⚠️ Erreur ligne 406: current transaction is aborted, commands ignored until end of transaction block
[2026-01-26T14:54:46.696+0000] {logging_mixin.py:151} INFO -      ⚠️ Erreur ligne 407: current transaction is aborted, commands ignored until end of transaction block
[2026-01-26T14:54:46.698+0000] {logging_mixin.py:151} INFO -      ⚠️ Erreur ligne 408: current transaction is aborted, commands ignored until end of transaction block
[2026-01-26T14:54:46.699+0000] {logging_mixin.py:151} INFO -      ⚠️ Erreur ligne 409: current transaction is aborted, commands ignored until end of transaction block
[2026-01-26T14:54:46.701+0000] {logging_mixin.py:151} INFO -      ⚠️ Erreur ligne 410: current transaction is aborted, commands ignored until end of transaction block
[2026-01-26T14:54:46.702+0000] {logging_mixin.py:151} INFO -      ⚠️ Erreur ligne 411: current transaction is aborted, commands ignored until end of transaction block
[2026-01-26T14:54:46.705+0000] {logging_mixin.py:151} INFO -      ⚠️ Erreur ligne 412: current transaction is aborted, commands ignored until end of transaction block
[2026-01-26T14:54:46.708+0000] {logging_mixin.py:151} INFO -      ⚠️ Erreur ligne 413: current transaction is aborted, commands ignored until end of transaction block
[2026-01-26T14:54:46.712+0000] {logging_mixin.py:151} INFO -      ⚠️ Erreur ligne 414: current transaction is aborted, commands ignored until end of transaction block
[2026-01-26T14:54:46.714+0000] {logging_mixin.py:151} INFO -      ⚠️ Erreur ligne 415: current transaction is aborted, commands ignored until end of transaction block
[2026-01-26T14:54:46.718+0000] {logging_mixin.py:151} INFO -      ⚠️ Erreur ligne 416: current transaction is aborted, commands ignored until end of transaction block
[2026-01-26T14:54:46.720+0000] {logging_mixin.py:151} INFO -      ⚠️ Erreur ligne 417: current transaction is aborted, commands ignored until end of transaction block
[2026-01-26T14:54:46.723+0000] {logging_mixin.py:151} INFO -      ⚠️ Erreur ligne 418: current transaction is aborted, commands ignored until end of transaction block
[2026-01-26T14:54:46.727+0000] {logging_mixin.py:151} INFO -      ⚠️ Erreur ligne 419: current transaction is aborted, commands ignored until end of transaction block
[2026-01-26T14:54:46.730+0000] {logging_mixin.py:151} INFO -      ⚠️ Erreur ligne 420: current transaction is aborted, commands ignored until end of transaction block
[2026-01-26T14:54:46.731+0000] {logging_mixin.py:151} INFO -      ⚠️ Erreur ligne 421: current transaction is aborted, commands ignored until end of transaction block
[2026-01-26T14:54:46.734+0000] {logging_mixin.py:151} INFO -      ⚠️ Erreur ligne 422: current transaction is aborted, commands ignored until end of transaction block
[2026-01-26T14:54:46.735+0000] {logging_mixin.py:151} INFO -      ⚠️ Erreur ligne 423: current transaction is aborted, commands ignored until end of transaction block
[2026-01-26T14:54:46.737+0000] {logging_mixin.py:151} INFO -      ⚠️ Erreur ligne 424: current transaction is aborted, commands ignored until end of transaction block
[2026-01-26T14:54:46.738+0000] {logging_mixin.py:151} INFO -      ⚠️ Erreur ligne 425: current transaction is aborted, commands ignored until end of transaction block
[2026-01-26T14:54:46.739+0000] {logging_mixin.py:151} INFO -      ⚠️ Erreur ligne 426: current transaction is aborted, commands ignored until end of transaction block
[2026-01-26T14:54:46.740+0000] {logging_mixin.py:151} INFO -      ⚠️ Erreur ligne 427: current transaction is aborted, commands ignored until end of transaction block
[2026-01-26T14:54:46.742+0000] {logging_mixin.py:151} INFO -      ⚠️ Erreur ligne 428: current transaction is aborted, commands ignored until end of transaction block
[2026-01-26T14:54:46.743+0000] {logging_mixin.py:151} INFO -      ⚠️ Erreur ligne 429: current transaction is aborted, commands ignored until end of transaction block
[2026-01-26T14:54:46.744+0000] {logging_mixin.py:151} INFO -      ⚠️ Erreur ligne 430: current transaction is aborted, commands ignored until end of transaction block
[2026-01-26T14:54:46.745+0000] {logging_mixin.py:151} INFO -      ⚠️ Erreur ligne 431: current transaction is aborted, commands ignored until end of transaction block
[2026-01-26T14:54:46.747+0000] {logging_mixin.py:151} INFO -      ⚠️ Erreur ligne 432: current transaction is aborted, commands ignored until end of transaction block
[2026-01-26T14:54:46.748+0000] {logging_mixin.py:151} INFO -      ⚠️ Erreur ligne 433: current transaction is aborted, commands ignored until end of transaction block
[2026-01-26T14:54:46.749+0000] {logging_mixin.py:151} INFO -      ⚠️ Erreur ligne 434: current transaction is aborted, commands ignored until end of transaction block
[2026-01-26T14:54:46.750+0000] {logging_mixin.py:151} INFO -      ⚠️ Erreur ligne 435: current transaction is aborted, commands ignored until end of transaction block
[2026-01-26T14:54:46.752+0000] {logging_mixin.py:151} INFO -      ⚠️ Erreur ligne 436: current transaction is aborted, commands ignored until end of transaction block
[2026-01-26T14:54:46.753+0000] {logging_mixin.py:151} INFO -      ⚠️ Erreur ligne 437: current transaction is aborted, commands ignored until end of transaction block
[2026-01-26T14:54:46.754+0000] {logging_mixin.py:151} INFO -      ⚠️ Erreur ligne 438: current transaction is aborted, commands ignored until end of transaction block
[2026-01-26T14:54:46.756+0000] {logging_mixin.py:151} INFO -      ⚠️ Erreur ligne 439: current transaction is aborted, commands ignored until end of transaction block
[2026-01-26T14:54:46.757+0000] {logging_mixin.py:151} INFO -      ⚠️ Erreur ligne 440: current transaction is aborted, commands ignored until end of transaction block
[2026-01-26T14:54:46.762+0000] {logging_mixin.py:151} INFO -      ⚠️ Erreur ligne 441: current transaction is aborted, commands ignored until end of transaction block
[2026-01-26T14:54:46.764+0000] {logging_mixin.py:151} INFO -      ⚠️ Erreur ligne 442: current transaction is aborted, commands ignored until end of transaction block
[2026-01-26T14:54:46.768+0000] {logging_mixin.py:151} INFO -      ⚠️ Erreur ligne 443: current transaction is aborted, commands ignored until end of transaction block
[2026-01-26T14:54:46.772+0000] {logging_mixin.py:151} INFO -      ⚠️ Erreur ligne 444: current transaction is aborted, commands ignored until end of transaction block
[2026-01-26T14:54:46.775+0000] {logging_mixin.py:151} INFO -      ⚠️ Erreur ligne 445: current transaction is aborted, commands ignored until end of transaction block
[2026-01-26T14:54:46.777+0000] {logging_mixin.py:151} INFO -      ⚠️ Erreur ligne 446: current transaction is aborted, commands ignored until end of transaction block
[2026-01-26T14:54:46.779+0000] {logging_mixin.py:151} INFO -      ⚠️ Erreur ligne 447: current transaction is aborted, commands ignored until end of transaction block
[2026-01-26T14:54:46.781+0000] {logging_mixin.py:151} INFO -      ⚠️ Erreur ligne 448: current transaction is aborted, commands ignored until end of transaction block
[2026-01-26T14:54:46.783+0000] {logging_mixin.py:151} INFO -      ⚠️ Erreur ligne 449: current transaction is aborted, commands ignored until end of transaction block
[2026-01-26T14:54:46.785+0000] {logging_mixin.py:151} INFO -      ⚠️ Erreur ligne 450: current transaction is aborted, commands ignored until end of transaction block
[2026-01-26T14:54:46.786+0000] {logging_mixin.py:151} INFO -      ⚠️ Erreur ligne 451: current transaction is aborted, commands ignored until end of transaction block
[2026-01-26T14:54:46.788+0000] {logging_mixin.py:151} INFO -      ⚠️ Erreur ligne 452: current transaction is aborted, commands ignored until end of transaction block
[2026-01-26T14:54:46.789+0000] {logging_mixin.py:151} INFO -      ⚠️ Erreur ligne 453: current transaction is aborted, commands ignored until end of transaction block
[2026-01-26T14:54:46.791+0000] {logging_mixin.py:151} INFO -      ⚠️ Erreur ligne 454: current transaction is aborted, commands ignored until end of transaction block
[2026-01-26T14:54:46.792+0000] {logging_mixin.py:151} INFO -      ⚠️ Erreur ligne 455: current transaction is aborted, commands ignored until end of transaction block
[2026-01-26T14:54:46.794+0000] {logging_mixin.py:151} INFO -      ⚠️ Erreur ligne 456: current transaction is aborted, commands ignored until end of transaction block
[2026-01-26T14:54:46.795+0000] {logging_mixin.py:151} INFO -      ⚠️ Erreur ligne 457: current transaction is aborted, commands ignored until end of transaction block
[2026-01-26T14:54:46.796+0000] {logging_mixin.py:151} INFO -      ⚠️ Erreur ligne 458: current transaction is aborted, commands ignored until end of transaction block
[2026-01-26T14:54:46.798+0000] {logging_mixin.py:151} INFO -      ⚠️ Erreur ligne 459: current transaction is aborted, commands ignored until end of transaction block
[2026-01-26T14:54:46.799+0000] {logging_mixin.py:151} INFO -      ⚠️ Erreur ligne 460: current transaction is aborted, commands ignored until end of transaction block
[2026-01-26T14:54:46.800+0000] {logging_mixin.py:151} INFO -      ⚠️ Erreur ligne 461: current transaction is aborted, commands ignored until end of transaction block
[2026-01-26T14:54:46.801+0000] {logging_mixin.py:151} INFO -      ⚠️ Erreur ligne 462: current transaction is aborted, commands ignored until end of transaction block
[2026-01-26T14:54:46.803+0000] {logging_mixin.py:151} INFO -      ⚠️ Erreur ligne 463: current transaction is aborted, commands ignored until end of transaction block
[2026-01-26T14:54:46.804+0000] {logging_mixin.py:151} INFO -      ⚠️ Erreur ligne 464: current transaction is aborted, commands ignored until end of transaction block
[2026-01-26T14:54:46.805+0000] {logging_mixin.py:151} INFO -      ⚠️ Erreur ligne 465: current transaction is aborted, commands ignored until end of transaction block
[2026-01-26T14:54:46.807+0000] {logging_mixin.py:151} INFO -      ⚠️ Erreur ligne 466: current transaction is aborted, commands ignored until end of transaction block
[2026-01-26T14:54:46.808+0000] {logging_mixin.py:151} INFO -      ⚠️ Erreur ligne 467: current transaction is aborted, commands ignored until end of transaction block
[2026-01-26T14:54:46.810+0000] {logging_mixin.py:151} INFO -      ⚠️ Erreur ligne 468: current transaction is aborted, commands ignored until end of transaction block
[2026-01-26T14:54:46.811+0000] {logging_mixin.py:151} INFO -      ⚠️ Erreur ligne 469: current transaction is aborted, commands ignored until end of transaction block
[2026-01-26T14:54:46.813+0000] {logging_mixin.py:151} INFO -      ⚠️ Erreur ligne 470: current transaction is aborted, commands ignored until end of transaction block
[2026-01-26T14:54:46.814+0000] {logging_mixin.py:151} INFO -      ⚠️ Erreur ligne 471: current transaction is aborted, commands ignored until end of transaction block
[2026-01-26T14:54:46.816+0000] {logging_mixin.py:151} INFO -      ⚠️ Erreur ligne 472: current transaction is aborted, commands ignored until end of transaction block
[2026-01-26T14:54:46.817+0000] {logging_mixin.py:151} INFO -      ⚠️ Erreur ligne 473: current transaction is aborted, commands ignored until end of transaction block
[2026-01-26T14:54:46.818+0000] {logging_mixin.py:151} INFO -      ⚠️ Erreur ligne 474: current transaction is aborted, commands ignored until end of transaction block
[2026-01-26T14:54:46.820+0000] {logging_mixin.py:151} INFO -      ⚠️ Erreur ligne 475: current transaction is aborted, commands ignored until end of transaction block
[2026-01-26T14:54:46.821+0000] {logging_mixin.py:151} INFO -      ⚠️ Erreur ligne 476: current transaction is aborted, commands ignored until end of transaction block
[2026-01-26T14:54:46.822+0000] {logging_mixin.py:151} INFO -      ⚠️ Erreur ligne 477: current transaction is aborted, commands ignored until end of transaction block
[2026-01-26T14:54:46.824+0000] {logging_mixin.py:151} INFO -      ⚠️ Erreur ligne 478: current transaction is aborted, commands ignored until end of transaction block
[2026-01-26T14:54:46.825+0000] {logging_mixin.py:151} INFO -      ⚠️ Erreur ligne 479: current transaction is aborted, commands ignored until end of transaction block
[2026-01-26T14:54:46.826+0000] {logging_mixin.py:151} INFO -      ⚠️ Erreur ligne 480: current transaction is aborted, commands ignored until end of transaction block
[2026-01-26T14:54:46.827+0000] {logging_mixin.py:151} INFO -      ⚠️ Erreur ligne 481: current transaction is aborted, commands ignored until end of transaction block
[2026-01-26T14:54:46.829+0000] {logging_mixin.py:151} INFO -      ⚠️ Erreur ligne 482: current transaction is aborted, commands ignored until end of transaction block
[2026-01-26T14:54:46.830+0000] {logging_mixin.py:151} INFO -      ⚠️ Erreur ligne 483: current transaction is aborted, commands ignored until end of transaction block
[2026-01-26T14:54:46.832+0000] {logging_mixin.py:151} INFO -      ⚠️ Erreur ligne 484: current transaction is aborted, commands ignored until end of transaction block
[2026-01-26T14:54:46.833+0000] {logging_mixin.py:151} INFO -      ⚠️ Erreur ligne 485: current transaction is aborted, commands ignored until end of transaction block
[2026-01-26T14:54:46.835+0000] {logging_mixin.py:151} INFO -      ⚠️ Erreur ligne 486: current transaction is aborted, commands ignored until end of transaction block
[2026-01-26T14:54:46.836+0000] {logging_mixin.py:151} INFO -      ⚠️ Erreur ligne 487: current transaction is aborted, commands ignored until end of transaction block
[2026-01-26T14:54:46.837+0000] {logging_mixin.py:151} INFO -      ⚠️ Erreur ligne 488: current transaction is aborted, commands ignored until end of transaction block
[2026-01-26T14:54:46.839+0000] {logging_mixin.py:151} INFO -      ⚠️ Erreur ligne 489: current transaction is aborted, commands ignored until end of transaction block
[2026-01-26T14:54:46.840+0000] {logging_mixin.py:151} INFO -      ⚠️ Erreur ligne 490: current transaction is aborted, commands ignored until end of transaction block
[2026-01-26T14:54:46.841+0000] {logging_mixin.py:151} INFO -      ⚠️ Erreur ligne 491: current transaction is aborted, commands ignored until end of transaction block
[2026-01-26T14:54:46.842+0000] {logging_mixin.py:151} INFO -      ⚠️ Erreur ligne 492: current transaction is aborted, commands ignored until end of transaction block
[2026-01-26T14:54:46.843+0000] {logging_mixin.py:151} INFO -      ⚠️ Erreur ligne 493: current transaction is aborted, commands ignored until end of transaction block
[2026-01-26T14:54:46.844+0000] {logging_mixin.py:151} INFO -      ⚠️ Erreur ligne 494: current transaction is aborted, commands ignored until end of transaction block
[2026-01-26T14:54:46.846+0000] {logging_mixin.py:151} INFO -      ⚠️ Erreur ligne 495: current transaction is aborted, commands ignored until end of transaction block
[2026-01-26T14:54:46.847+0000] {logging_mixin.py:151} INFO -      ⚠️ Erreur ligne 496: current transaction is aborted, commands ignored until end of transaction block
[2026-01-26T14:54:46.848+0000] {logging_mixin.py:151} INFO -      ⚠️ Erreur ligne 497: current transaction is aborted, commands ignored until end of transaction block
[2026-01-26T14:54:46.850+0000] {logging_mixin.py:151} INFO -      ⚠️ Erreur ligne 498: current transaction is aborted, commands ignored until end of transaction block
[2026-01-26T14:54:46.851+0000] {logging_mixin.py:151} INFO -      ⚠️ Erreur ligne 499: current transaction is aborted, commands ignored until end of transaction block
[2026-01-26T14:54:46.852+0000] {logging_mixin.py:151} INFO -      ⚠️ Erreur ligne 500: current transaction is aborted, commands ignored until end of transaction block
[2026-01-26T14:54:46.853+0000] {logging_mixin.py:151} INFO -      ⚠️ Erreur ligne 501: current transaction is aborted, commands ignored until end of transaction block
[2026-01-26T14:54:46.855+0000] {logging_mixin.py:151} INFO -      ⚠️ Erreur ligne 502: current transaction is aborted, commands ignored until end of transaction block
[2026-01-26T14:54:46.856+0000] {logging_mixin.py:151} INFO -      ⚠️ Erreur ligne 503: current transaction is aborted, commands ignored until end of transaction block
[2026-01-26T14:54:46.857+0000] {logging_mixin.py:151} INFO -      ⚠️ Erreur ligne 504: current transaction is aborted, commands ignored until end of transaction block
[2026-01-26T14:54:46.858+0000] {logging_mixin.py:151} INFO -      ⚠️ Erreur ligne 505: current transaction is aborted, commands ignored until end of transaction block
[2026-01-26T14:54:46.860+0000] {logging_mixin.py:151} INFO -      ⚠️ Erreur ligne 506: current transaction is aborted, commands ignored until end of transaction block
[2026-01-26T14:54:46.861+0000] {logging_mixin.py:151} INFO -      ⚠️ Erreur ligne 507: current transaction is aborted, commands ignored until end of transaction block
[2026-01-26T14:54:46.862+0000] {logging_mixin.py:151} INFO -      ⚠️ Erreur ligne 508: current transaction is aborted, commands ignored until end of transaction block
[2026-01-26T14:54:46.863+0000] {logging_mixin.py:151} INFO -      ⚠️ Erreur ligne 509: current transaction is aborted, commands ignored until end of transaction block
[2026-01-26T14:54:46.865+0000] {logging_mixin.py:151} INFO -      ⚠️ Erreur ligne 510: current transaction is aborted, commands ignored until end of transaction block
[2026-01-26T14:54:46.867+0000] {logging_mixin.py:151} INFO -      ⚠️ Erreur ligne 511: current transaction is aborted, commands ignored until end of transaction block
[2026-01-26T14:54:46.868+0000] {logging_mixin.py:151} INFO -      ⚠️ Erreur ligne 512: current transaction is aborted, commands ignored until end of transaction block
[2026-01-26T14:54:46.869+0000] {logging_mixin.py:151} INFO -      ⚠️ Erreur ligne 513: current transaction is aborted, commands ignored until end of transaction block
[2026-01-26T14:54:46.871+0000] {logging_mixin.py:151} INFO -      ⚠️ Erreur ligne 514: current transaction is aborted, commands ignored until end of transaction block
[2026-01-26T14:54:46.872+0000] {logging_mixin.py:151} INFO -      ⚠️ Erreur ligne 515: current transaction is aborted, commands ignored until end of transaction block
[2026-01-26T14:54:46.873+0000] {logging_mixin.py:151} INFO -      ⚠️ Erreur ligne 516: current transaction is aborted, commands ignored until end of transaction block
[2026-01-26T14:54:46.875+0000] {logging_mixin.py:151} INFO -      ⚠️ Erreur ligne 517: current transaction is aborted, commands ignored until end of transaction block
[2026-01-26T14:54:46.876+0000] {logging_mixin.py:151} INFO -      ⚠️ Erreur ligne 518: current transaction is aborted, commands ignored until end of transaction block
[2026-01-26T14:54:46.878+0000] {logging_mixin.py:151} INFO -      ⚠️ Erreur ligne 519: current transaction is aborted, commands ignored until end of transaction block
[2026-01-26T14:54:46.879+0000] {logging_mixin.py:151} INFO -      ⚠️ Erreur ligne 520: current transaction is aborted, commands ignored until end of transaction block
[2026-01-26T14:54:46.881+0000] {logging_mixin.py:151} INFO -      ⚠️ Erreur ligne 521: current transaction is aborted, commands ignored until end of transaction block
[2026-01-26T14:54:46.882+0000] {logging_mixin.py:151} INFO -      ⚠️ Erreur ligne 522: current transaction is aborted, commands ignored until end of transaction block
[2026-01-26T14:54:46.883+0000] {logging_mixin.py:151} INFO -      ⚠️ Erreur ligne 523: current transaction is aborted, commands ignored until end of transaction block
[2026-01-26T14:54:46.885+0000] {logging_mixin.py:151} INFO -      ⚠️ Erreur ligne 524: current transaction is aborted, commands ignored until end of transaction block
[2026-01-26T14:54:46.886+0000] {logging_mixin.py:151} INFO -      ⚠️ Erreur ligne 525: current transaction is aborted, commands ignored until end of transaction block
[2026-01-26T14:54:46.887+0000] {logging_mixin.py:151} INFO -      ⚠️ Erreur ligne 526: current transaction is aborted, commands ignored until end of transaction block
[2026-01-26T14:54:46.889+0000] {logging_mixin.py:151} INFO -      ⚠️ Erreur ligne 527: current transaction is aborted, commands ignored until end of transaction block
[2026-01-26T14:54:46.890+0000] {logging_mixin.py:151} INFO -      ⚠️ Erreur ligne 528: current transaction is aborted, commands ignored until end of transaction block
[2026-01-26T14:54:46.891+0000] {logging_mixin.py:151} INFO -      ⚠️ Erreur ligne 529: current transaction is aborted, commands ignored until end of transaction block
[2026-01-26T14:54:46.892+0000] {logging_mixin.py:151} INFO -      ⚠️ Erreur ligne 530: current transaction is aborted, commands ignored until end of transaction block
[2026-01-26T14:54:46.894+0000] {logging_mixin.py:151} INFO -      ⚠️ Erreur ligne 531: current transaction is aborted, commands ignored until end of transaction block
[2026-01-26T14:54:46.895+0000] {logging_mixin.py:151} INFO -      ⚠️ Erreur ligne 532: current transaction is aborted, commands ignored until end of transaction block
[2026-01-26T14:54:46.896+0000] {logging_mixin.py:151} INFO -      ⚠️ Erreur ligne 533: current transaction is aborted, commands ignored until end of transaction block
[2026-01-26T14:54:46.898+0000] {logging_mixin.py:151} INFO -      ⚠️ Erreur ligne 534: current transaction is aborted, commands ignored until end of transaction block
[2026-01-26T14:54:46.899+0000] {logging_mixin.py:151} INFO -      ⚠️ Erreur ligne 535: current transaction is aborted, commands ignored until end of transaction block
[2026-01-26T14:54:46.900+0000] {logging_mixin.py:151} INFO -      ⚠️ Erreur ligne 536: current transaction is aborted, commands ignored until end of transaction block
[2026-01-26T14:54:46.901+0000] {logging_mixin.py:151} INFO -      ⚠️ Erreur ligne 537: current transaction is aborted, commands ignored until end of transaction block
[2026-01-26T14:54:46.902+0000] {logging_mixin.py:151} INFO -      ⚠️ Erreur ligne 538: current transaction is aborted, commands ignored until end of transaction block
[2026-01-26T14:54:46.904+0000] {logging_mixin.py:151} INFO -      ⚠️ Erreur ligne 539: current transaction is aborted, commands ignored until end of transaction block
[2026-01-26T14:54:46.905+0000] {logging_mixin.py:151} INFO -      ⚠️ Erreur ligne 540: current transaction is aborted, commands ignored until end of transaction block
[2026-01-26T14:54:46.906+0000] {logging_mixin.py:151} INFO -      ⚠️ Erreur ligne 541: current transaction is aborted, commands ignored until end of transaction block
[2026-01-26T14:54:46.907+0000] {logging_mixin.py:151} INFO -      ⚠️ Erreur ligne 542: current transaction is aborted, commands ignored until end of transaction block
[2026-01-26T14:54:46.908+0000] {logging_mixin.py:151} INFO -      ⚠️ Erreur ligne 543: current transaction is aborted, commands ignored until end of transaction block
[2026-01-26T14:54:46.909+0000] {logging_mixin.py:151} INFO -      ⚠️ Erreur ligne 544: current transaction is aborted, commands ignored until end of transaction block
[2026-01-26T14:54:46.910+0000] {logging_mixin.py:151} INFO -      ⚠️ Erreur ligne 545: current transaction is aborted, commands ignored until end of transaction block
[2026-01-26T14:54:46.912+0000] {logging_mixin.py:151} INFO -      ⚠️ Erreur ligne 546: current transaction is aborted, commands ignored until end of transaction block
[2026-01-26T14:54:46.913+0000] {logging_mixin.py:151} INFO -      ⚠️ Erreur ligne 547: current transaction is aborted, commands ignored until end of transaction block
[2026-01-26T14:54:46.915+0000] {logging_mixin.py:151} INFO -      ⚠️ Erreur ligne 548: current transaction is aborted, commands ignored until end of transaction block
[2026-01-26T14:54:46.920+0000] {logging_mixin.py:151} INFO -      ⚠️ Erreur ligne 549: current transaction is aborted, commands ignored until end of transaction block
[2026-01-26T14:54:46.922+0000] {logging_mixin.py:151} INFO -      ⚠️ Erreur ligne 550: current transaction is aborted, commands ignored until end of transaction block
[2026-01-26T14:54:46.925+0000] {logging_mixin.py:151} INFO -      ⚠️ Erreur ligne 551: current transaction is aborted, commands ignored until end of transaction block
[2026-01-26T14:54:46.928+0000] {logging_mixin.py:151} INFO -      ⚠️ Erreur ligne 552: current transaction is aborted, commands ignored until end of transaction block
[2026-01-26T14:54:46.929+0000] {logging_mixin.py:151} INFO -      ⚠️ Erreur ligne 553: current transaction is aborted, commands ignored until end of transaction block
[2026-01-26T14:54:46.931+0000] {logging_mixin.py:151} INFO -      ⚠️ Erreur ligne 554: current transaction is aborted, commands ignored until end of transaction block
[2026-01-26T14:54:46.933+0000] {logging_mixin.py:151} INFO -      ⚠️ Erreur ligne 555: current transaction is aborted, commands ignored until end of transaction block
[2026-01-26T14:54:46.936+0000] {logging_mixin.py:151} INFO -      ⚠️ Erreur ligne 556: current transaction is aborted, commands ignored until end of transaction block
[2026-01-26T14:54:46.941+0000] {logging_mixin.py:151} INFO -      ⚠️ Erreur ligne 557: current transaction is aborted, commands ignored until end of transaction block
[2026-01-26T14:54:46.942+0000] {logging_mixin.py:151} INFO -      ⚠️ Erreur ligne 558: current transaction is aborted, commands ignored until end of transaction block
[2026-01-26T14:54:46.944+0000] {logging_mixin.py:151} INFO -      ⚠️ Erreur ligne 559: current transaction is aborted, commands ignored until end of transaction block
[2026-01-26T14:54:46.947+0000] {logging_mixin.py:151} INFO -      ⚠️ Erreur ligne 560: current transaction is aborted, commands ignored until end of transaction block
[2026-01-26T14:54:46.949+0000] {logging_mixin.py:151} INFO -      ⚠️ Erreur ligne 561: current transaction is aborted, commands ignored until end of transaction block
[2026-01-26T14:54:46.951+0000] {logging_mixin.py:151} INFO -      ⚠️ Erreur ligne 562: current transaction is aborted, commands ignored until end of transaction block
[2026-01-26T14:54:46.953+0000] {logging_mixin.py:151} INFO -      ⚠️ Erreur ligne 563: current transaction is aborted, commands ignored until end of transaction block
[2026-01-26T14:54:46.954+0000] {logging_mixin.py:151} INFO -      ⚠️ Erreur ligne 564: current transaction is aborted, commands ignored until end of transaction block
[2026-01-26T14:54:46.956+0000] {logging_mixin.py:151} INFO -      ⚠️ Erreur ligne 565: current transaction is aborted, commands ignored until end of transaction block
[2026-01-26T14:54:46.958+0000] {logging_mixin.py:151} INFO -      ⚠️ Erreur ligne 566: current transaction is aborted, commands ignored until end of transaction block
[2026-01-26T14:54:46.960+0000] {logging_mixin.py:151} INFO -      ⚠️ Erreur ligne 567: current transaction is aborted, commands ignored until end of transaction block
[2026-01-26T14:54:46.962+0000] {logging_mixin.py:151} INFO -      ⚠️ Erreur ligne 568: current transaction is aborted, commands ignored until end of transaction block
[2026-01-26T14:54:46.964+0000] {logging_mixin.py:151} INFO -      ⚠️ Erreur ligne 569: current transaction is aborted, commands ignored until end of transaction block
[2026-01-26T14:54:46.966+0000] {logging_mixin.py:151} INFO -      ⚠️ Erreur ligne 570: current transaction is aborted, commands ignored until end of transaction block
[2026-01-26T14:54:46.967+0000] {logging_mixin.py:151} INFO -      ⚠️ Erreur ligne 571: current transaction is aborted, commands ignored until end of transaction block
[2026-01-26T14:54:46.970+0000] {logging_mixin.py:151} INFO -      ⚠️ Erreur ligne 572: current transaction is aborted, commands ignored until end of transaction block
[2026-01-26T14:54:46.973+0000] {logging_mixin.py:151} INFO -      ⚠️ Erreur ligne 573: current transaction is aborted, commands ignored until end of transaction block
[2026-01-26T14:54:46.975+0000] {logging_mixin.py:151} INFO -      ⚠️ Erreur ligne 574: current transaction is aborted, commands ignored until end of transaction block
[2026-01-26T14:54:46.978+0000] {logging_mixin.py:151} INFO -      ⚠️ Erreur ligne 575: current transaction is aborted, commands ignored until end of transaction block
[2026-01-26T14:54:46.980+0000] {logging_mixin.py:151} INFO -      ⚠️ Erreur ligne 576: current transaction is aborted, commands ignored until end of transaction block
[2026-01-26T14:54:46.981+0000] {logging_mixin.py:151} INFO -      ⚠️ Erreur ligne 577: current transaction is aborted, commands ignored until end of transaction block
[2026-01-26T14:54:46.983+0000] {logging_mixin.py:151} INFO -      ⚠️ Erreur ligne 578: current transaction is aborted, commands ignored until end of transaction block
[2026-01-26T14:54:46.984+0000] {logging_mixin.py:151} INFO -      ⚠️ Erreur ligne 579: current transaction is aborted, commands ignored until end of transaction block
[2026-01-26T14:54:46.986+0000] {logging_mixin.py:151} INFO -      ⚠️ Erreur ligne 580: current transaction is aborted, commands ignored until end of transaction block
[2026-01-26T14:54:46.987+0000] {logging_mixin.py:151} INFO -      ⚠️ Erreur ligne 581: current transaction is aborted, commands ignored until end of transaction block
[2026-01-26T14:54:46.989+0000] {logging_mixin.py:151} INFO -      ⚠️ Erreur ligne 582: current transaction is aborted, commands ignored until end of transaction block
[2026-01-26T14:54:46.990+0000] {logging_mixin.py:151} INFO -      ⚠️ Erreur ligne 583: current transaction is aborted, commands ignored until end of transaction block
[2026-01-26T14:54:46.991+0000] {logging_mixin.py:151} INFO -      ⚠️ Erreur ligne 584: current transaction is aborted, commands ignored until end of transaction block
[2026-01-26T14:54:46.992+0000] {logging_mixin.py:151} INFO -      ⚠️ Erreur ligne 585: current transaction is aborted, commands ignored until end of transaction block
[2026-01-26T14:54:46.993+0000] {logging_mixin.py:151} INFO -      ⚠️ Erreur ligne 586: current transaction is aborted, commands ignored until end of transaction block
[2026-01-26T14:54:46.995+0000] {logging_mixin.py:151} INFO -      ⚠️ Erreur ligne 587: current transaction is aborted, commands ignored until end of transaction block
[2026-01-26T14:54:46.997+0000] {logging_mixin.py:151} INFO -      ⚠️ Erreur ligne 588: current transaction is aborted, commands ignored until end of transaction block
[2026-01-26T14:54:46.998+0000] {logging_mixin.py:151} INFO -      ⚠️ Erreur ligne 589: current transaction is aborted, commands ignored until end of transaction block
[2026-01-26T14:54:47.000+0000] {logging_mixin.py:151} INFO -      ⚠️ Erreur ligne 590: current transaction is aborted, commands ignored until end of transaction block
[2026-01-26T14:54:47.001+0000] {logging_mixin.py:151} INFO -      ⚠️ Erreur ligne 591: current transaction is aborted, commands ignored until end of transaction block
[2026-01-26T14:54:47.003+0000] {logging_mixin.py:151} INFO -      ⚠️ Erreur ligne 592: current transaction is aborted, commands ignored until end of transaction block
[2026-01-26T14:54:47.004+0000] {logging_mixin.py:151} INFO -      ⚠️ Erreur ligne 593: current transaction is aborted, commands ignored until end of transaction block
[2026-01-26T14:54:47.005+0000] {logging_mixin.py:151} INFO -      ⚠️ Erreur ligne 594: current transaction is aborted, commands ignored until end of transaction block
[2026-01-26T14:54:47.006+0000] {logging_mixin.py:151} INFO -      ⚠️ Erreur ligne 595: current transaction is aborted, commands ignored until end of transaction block
[2026-01-26T14:54:47.007+0000] {logging_mixin.py:151} INFO -      ⚠️ Erreur ligne 596: current transaction is aborted, commands ignored until end of transaction block
[2026-01-26T14:54:47.009+0000] {logging_mixin.py:151} INFO -      ⚠️ Erreur ligne 597: current transaction is aborted, commands ignored until end of transaction block
[2026-01-26T14:54:47.010+0000] {logging_mixin.py:151} INFO -      ⚠️ Erreur ligne 598: current transaction is aborted, commands ignored until end of transaction block
[2026-01-26T14:54:47.011+0000] {logging_mixin.py:151} INFO -      ⚠️ Erreur ligne 599: current transaction is aborted, commands ignored until end of transaction block
[2026-01-26T14:54:47.012+0000] {logging_mixin.py:151} INFO -      ⚠️ Erreur ligne 600: current transaction is aborted, commands ignored until end of transaction block
[2026-01-26T14:54:47.013+0000] {logging_mixin.py:151} INFO -      ⚠️ Erreur ligne 601: current transaction is aborted, commands ignored until end of transaction block
[2026-01-26T14:54:47.013+0000] {logging_mixin.py:151} INFO -      ⚠️ Erreur ligne 602: current transaction is aborted, commands ignored until end of transaction block
[2026-01-26T14:54:47.014+0000] {logging_mixin.py:151} INFO -      ⚠️ Erreur ligne 603: current transaction is aborted, commands ignored until end of transaction block
[2026-01-26T14:54:47.015+0000] {logging_mixin.py:151} INFO -      ⚠️ Erreur ligne 604: current transaction is aborted, commands ignored until end of transaction block
[2026-01-26T14:54:47.016+0000] {logging_mixin.py:151} INFO -      ⚠️ Erreur ligne 605: current transaction is aborted, commands ignored until end of transaction block
[2026-01-26T14:54:47.018+0000] {logging_mixin.py:151} INFO -      ⚠️ Erreur ligne 606: current transaction is aborted, commands ignored until end of transaction block
[2026-01-26T14:54:47.019+0000] {logging_mixin.py:151} INFO -      ⚠️ Erreur ligne 607: current transaction is aborted, commands ignored until end of transaction block
[2026-01-26T14:54:47.021+0000] {logging_mixin.py:151} INFO -      ⚠️ Erreur ligne 608: current transaction is aborted, commands ignored until end of transaction block
[2026-01-26T14:54:47.023+0000] {logging_mixin.py:151} INFO -      ⚠️ Erreur ligne 609: current transaction is aborted, commands ignored until end of transaction block
[2026-01-26T14:54:47.024+0000] {logging_mixin.py:151} INFO -      ⚠️ Erreur ligne 610: current transaction is aborted, commands ignored until end of transaction block
[2026-01-26T14:54:47.026+0000] {logging_mixin.py:151} INFO -      ⚠️ Erreur ligne 611: current transaction is aborted, commands ignored until end of transaction block
[2026-01-26T14:54:47.028+0000] {logging_mixin.py:151} INFO -      ⚠️ Erreur ligne 612: current transaction is aborted, commands ignored until end of transaction block
[2026-01-26T14:54:47.029+0000] {logging_mixin.py:151} INFO -      ⚠️ Erreur ligne 613: current transaction is aborted, commands ignored until end of transaction block
[2026-01-26T14:54:47.031+0000] {logging_mixin.py:151} INFO -      ⚠️ Erreur ligne 614: current transaction is aborted, commands ignored until end of transaction block
[2026-01-26T14:54:47.033+0000] {logging_mixin.py:151} INFO -      ⚠️ Erreur ligne 615: current transaction is aborted, commands ignored until end of transaction block
[2026-01-26T14:54:47.035+0000] {logging_mixin.py:151} INFO -      ⚠️ Erreur ligne 616: current transaction is aborted, commands ignored until end of transaction block
[2026-01-26T14:54:47.037+0000] {logging_mixin.py:151} INFO -      ⚠️ Erreur ligne 617: current transaction is aborted, commands ignored until end of transaction block
[2026-01-26T14:54:47.038+0000] {logging_mixin.py:151} INFO -      ⚠️ Erreur ligne 618: current transaction is aborted, commands ignored until end of transaction block
[2026-01-26T14:54:47.039+0000] {logging_mixin.py:151} INFO -      ⚠️ Erreur ligne 619: current transaction is aborted, commands ignored until end of transaction block
[2026-01-26T14:54:47.040+0000] {logging_mixin.py:151} INFO -      ⚠️ Erreur ligne 620: current transaction is aborted, commands ignored until end of transaction block
[2026-01-26T14:54:47.041+0000] {logging_mixin.py:151} INFO -      ⚠️ Erreur ligne 621: current transaction is aborted, commands ignored until end of transaction block
[2026-01-26T14:54:47.042+0000] {logging_mixin.py:151} INFO -      ⚠️ Erreur ligne 622: current transaction is aborted, commands ignored until end of transaction block
[2026-01-26T14:54:47.043+0000] {logging_mixin.py:151} INFO -      ⚠️ Erreur ligne 623: current transaction is aborted, commands ignored until end of transaction block
[2026-01-26T14:54:47.044+0000] {logging_mixin.py:151} INFO -      ⚠️ Erreur ligne 624: current transaction is aborted, commands ignored until end of transaction block
[2026-01-26T14:54:47.045+0000] {logging_mixin.py:151} INFO -      ⚠️ Erreur ligne 625: current transaction is aborted, commands ignored until end of transaction block
[2026-01-26T14:54:47.048+0000] {logging_mixin.py:151} INFO -      ⚠️ Erreur ligne 626: current transaction is aborted, commands ignored until end of transaction block
[2026-01-26T14:54:47.050+0000] {logging_mixin.py:151} INFO -      ⚠️ Erreur ligne 627: current transaction is aborted, commands ignored until end of transaction block
[2026-01-26T14:54:47.053+0000] {logging_mixin.py:151} INFO -      ⚠️ Erreur ligne 628: current transaction is aborted, commands ignored until end of transaction block
[2026-01-26T14:54:47.054+0000] {logging_mixin.py:151} INFO -      ⚠️ Erreur ligne 629: current transaction is aborted, commands ignored until end of transaction block
[2026-01-26T14:54:47.056+0000] {logging_mixin.py:151} INFO -      ⚠️ Erreur ligne 630: current transaction is aborted, commands ignored until end of transaction block
[2026-01-26T14:54:47.058+0000] {logging_mixin.py:151} INFO -      ⚠️ Erreur ligne 631: current transaction is aborted, commands ignored until end of transaction block
[2026-01-26T14:54:47.059+0000] {logging_mixin.py:151} INFO -      ⚠️ Erreur ligne 632: current transaction is aborted, commands ignored until end of transaction block
[2026-01-26T14:54:47.060+0000] {logging_mixin.py:151} INFO -      ⚠️ Erreur ligne 633: current transaction is aborted, commands ignored until end of transaction block
[2026-01-26T14:54:47.061+0000] {logging_mixin.py:151} INFO -      ⚠️ Erreur ligne 634: current transaction is aborted, commands ignored until end of transaction block
[2026-01-26T14:54:47.062+0000] {logging_mixin.py:151} INFO -      ⚠️ Erreur ligne 635: current transaction is aborted, commands ignored until end of transaction block
[2026-01-26T14:54:47.063+0000] {logging_mixin.py:151} INFO -      ⚠️ Erreur ligne 636: current transaction is aborted, commands ignored until end of transaction block
[2026-01-26T14:54:47.064+0000] {logging_mixin.py:151} INFO -      ⚠️ Erreur ligne 637: current transaction is aborted, commands ignored until end of transaction block
[2026-01-26T14:54:47.065+0000] {logging_mixin.py:151} INFO -      ⚠️ Erreur ligne 638: current transaction is aborted, commands ignored until end of transaction block
[2026-01-26T14:54:47.068+0000] {logging_mixin.py:151} INFO -      ⚠️ Erreur ligne 639: current transaction is aborted, commands ignored until end of transaction block
[2026-01-26T14:54:47.069+0000] {logging_mixin.py:151} INFO -      ⚠️ Erreur ligne 640: current transaction is aborted, commands ignored until end of transaction block
[2026-01-26T14:54:47.070+0000] {logging_mixin.py:151} INFO -      ⚠️ Erreur ligne 641: current transaction is aborted, commands ignored until end of transaction block
[2026-01-26T14:54:47.072+0000] {logging_mixin.py:151} INFO -      ⚠️ Erreur ligne 642: current transaction is aborted, commands ignored until end of transaction block
[2026-01-26T14:54:47.073+0000] {logging_mixin.py:151} INFO -      ⚠️ Erreur ligne 643: current transaction is aborted, commands ignored until end of transaction block
[2026-01-26T14:54:47.075+0000] {logging_mixin.py:151} INFO -      ⚠️ Erreur ligne 644: current transaction is aborted, commands ignored until end of transaction block
[2026-01-26T14:54:47.078+0000] {logging_mixin.py:151} INFO -      ⚠️ Erreur ligne 645: current transaction is aborted, commands ignored until end of transaction block
[2026-01-26T14:54:47.079+0000] {logging_mixin.py:151} INFO -      ⚠️ Erreur ligne 646: current transaction is aborted, commands ignored until end of transaction block
[2026-01-26T14:54:47.081+0000] {logging_mixin.py:151} INFO -      ⚠️ Erreur ligne 647: current transaction is aborted, commands ignored until end of transaction block
[2026-01-26T14:54:47.082+0000] {logging_mixin.py:151} INFO -      ⚠️ Erreur ligne 648: current transaction is aborted, commands ignored until end of transaction block
[2026-01-26T14:54:47.083+0000] {logging_mixin.py:151} INFO -      ⚠️ Erreur ligne 649: current transaction is aborted, commands ignored until end of transaction block
[2026-01-26T14:54:47.086+0000] {logging_mixin.py:151} INFO -      ⚠️ Erreur ligne 650: current transaction is aborted, commands ignored until end of transaction block
[2026-01-26T14:54:47.088+0000] {logging_mixin.py:151} INFO -      ⚠️ Erreur ligne 651: current transaction is aborted, commands ignored until end of transaction block
[2026-01-26T14:54:47.089+0000] {logging_mixin.py:151} INFO -      ⚠️ Erreur ligne 652: current transaction is aborted, commands ignored until end of transaction block
[2026-01-26T14:54:47.091+0000] {logging_mixin.py:151} INFO -      ⚠️ Erreur ligne 653: current transaction is aborted, commands ignored until end of transaction block
[2026-01-26T14:54:47.092+0000] {logging_mixin.py:151} INFO -      ⚠️ Erreur ligne 654: current transaction is aborted, commands ignored until end of transaction block
[2026-01-26T14:54:47.093+0000] {logging_mixin.py:151} INFO -      ⚠️ Erreur ligne 655: current transaction is aborted, commands ignored until end of transaction block
[2026-01-26T14:54:47.095+0000] {logging_mixin.py:151} INFO -      ⚠️ Erreur ligne 656: current transaction is aborted, commands ignored until end of transaction block
[2026-01-26T14:54:47.096+0000] {logging_mixin.py:151} INFO -      ⚠️ Erreur ligne 657: current transaction is aborted, commands ignored until end of transaction block
[2026-01-26T14:54:47.097+0000] {logging_mixin.py:151} INFO -      ⚠️ Erreur ligne 658: current transaction is aborted, commands ignored until end of transaction block
[2026-01-26T14:54:47.098+0000] {logging_mixin.py:151} INFO -      ⚠️ Erreur ligne 659: current transaction is aborted, commands ignored until end of transaction block
[2026-01-26T14:54:47.099+0000] {logging_mixin.py:151} INFO -      ⚠️ Erreur ligne 660: current transaction is aborted, commands ignored until end of transaction block
[2026-01-26T14:54:47.101+0000] {logging_mixin.py:151} INFO -      ⚠️ Erreur ligne 661: current transaction is aborted, commands ignored until end of transaction block
[2026-01-26T14:54:47.102+0000] {logging_mixin.py:151} INFO -      ⚠️ Erreur ligne 662: current transaction is aborted, commands ignored until end of transaction block
[2026-01-26T14:54:47.103+0000] {logging_mixin.py:151} INFO -      ⚠️ Erreur ligne 663: current transaction is aborted, commands ignored until end of transaction block
[2026-01-26T14:54:47.105+0000] {logging_mixin.py:151} INFO -      ⚠️ Erreur ligne 664: current transaction is aborted, commands ignored until end of transaction block
[2026-01-26T14:54:47.106+0000] {logging_mixin.py:151} INFO -      ⚠️ Erreur ligne 665: current transaction is aborted, commands ignored until end of transaction block
[2026-01-26T14:54:47.107+0000] {logging_mixin.py:151} INFO -      ⚠️ Erreur ligne 666: current transaction is aborted, commands ignored until end of transaction block
[2026-01-26T14:54:47.108+0000] {logging_mixin.py:151} INFO -      ⚠️ Erreur ligne 667: current transaction is aborted, commands ignored until end of transaction block
[2026-01-26T14:54:47.109+0000] {logging_mixin.py:151} INFO -      ⚠️ Erreur ligne 668: current transaction is aborted, commands ignored until end of transaction block
[2026-01-26T14:54:47.110+0000] {logging_mixin.py:151} INFO -      ⚠️ Erreur ligne 669: current transaction is aborted, commands ignored until end of transaction block
[2026-01-26T14:54:47.112+0000] {logging_mixin.py:151} INFO -      ⚠️ Erreur ligne 670: current transaction is aborted, commands ignored until end of transaction block
[2026-01-26T14:54:47.113+0000] {logging_mixin.py:151} INFO -      ⚠️ Erreur ligne 671: current transaction is aborted, commands ignored until end of transaction block
[2026-01-26T14:54:47.115+0000] {logging_mixin.py:151} INFO -      ⚠️ Erreur ligne 672: current transaction is aborted, commands ignored until end of transaction block
[2026-01-26T14:54:47.117+0000] {logging_mixin.py:151} INFO -      ⚠️ Erreur ligne 673: current transaction is aborted, commands ignored until end of transaction block
[2026-01-26T14:54:47.119+0000] {logging_mixin.py:151} INFO -      ⚠️ Erreur ligne 674: current transaction is aborted, commands ignored until end of transaction block
[2026-01-26T14:54:47.122+0000] {logging_mixin.py:151} INFO -      ⚠️ Erreur ligne 675: current transaction is aborted, commands ignored until end of transaction block
[2026-01-26T14:54:47.123+0000] {logging_mixin.py:151} INFO -      ⚠️ Erreur ligne 676: current transaction is aborted, commands ignored until end of transaction block
[2026-01-26T14:54:47.124+0000] {logging_mixin.py:151} INFO -      ⚠️ Erreur ligne 677: current transaction is aborted, commands ignored until end of transaction block
[2026-01-26T14:54:47.125+0000] {logging_mixin.py:151} INFO -      ⚠️ Erreur ligne 678: current transaction is aborted, commands ignored until end of transaction block
[2026-01-26T14:54:47.126+0000] {logging_mixin.py:151} INFO -      ⚠️ Erreur ligne 679: current transaction is aborted, commands ignored until end of transaction block
[2026-01-26T14:54:47.128+0000] {logging_mixin.py:151} INFO -      ⚠️ Erreur ligne 680: current transaction is aborted, commands ignored until end of transaction block
[2026-01-26T14:54:47.129+0000] {logging_mixin.py:151} INFO -      ⚠️ Erreur ligne 681: current transaction is aborted, commands ignored until end of transaction block
[2026-01-26T14:54:47.130+0000] {logging_mixin.py:151} INFO -      ⚠️ Erreur ligne 682: current transaction is aborted, commands ignored until end of transaction block
[2026-01-26T14:54:47.131+0000] {logging_mixin.py:151} INFO -      ⚠️ Erreur ligne 683: current transaction is aborted, commands ignored until end of transaction block
[2026-01-26T14:54:47.132+0000] {logging_mixin.py:151} INFO -      ⚠️ Erreur ligne 684: current transaction is aborted, commands ignored until end of transaction block
[2026-01-26T14:54:47.133+0000] {logging_mixin.py:151} INFO -      ⚠️ Erreur ligne 685: current transaction is aborted, commands ignored until end of transaction block
[2026-01-26T14:54:47.134+0000] {logging_mixin.py:151} INFO -      ⚠️ Erreur ligne 686: current transaction is aborted, commands ignored until end of transaction block
[2026-01-26T14:54:47.136+0000] {logging_mixin.py:151} INFO -      ⚠️ Erreur ligne 687: current transaction is aborted, commands ignored until end of transaction block
[2026-01-26T14:54:47.138+0000] {logging_mixin.py:151} INFO -      ⚠️ Erreur ligne 688: current transaction is aborted, commands ignored until end of transaction block
[2026-01-26T14:54:47.140+0000] {logging_mixin.py:151} INFO -      ⚠️ Erreur ligne 689: current transaction is aborted, commands ignored until end of transaction block
[2026-01-26T14:54:47.141+0000] {logging_mixin.py:151} INFO -      ⚠️ Erreur ligne 690: current transaction is aborted, commands ignored until end of transaction block
[2026-01-26T14:54:47.143+0000] {logging_mixin.py:151} INFO -      ⚠️ Erreur ligne 691: current transaction is aborted, commands ignored until end of transaction block
[2026-01-26T14:54:47.144+0000] {logging_mixin.py:151} INFO -      ⚠️ Erreur ligne 692: current transaction is aborted, commands ignored until end of transaction block
[2026-01-26T14:54:47.145+0000] {logging_mixin.py:151} INFO -      ⚠️ Erreur ligne 693: current transaction is aborted, commands ignored until end of transaction block
[2026-01-26T14:54:47.146+0000] {logging_mixin.py:151} INFO -      ⚠️ Erreur ligne 694: current transaction is aborted, commands ignored until end of transaction block
[2026-01-26T14:54:47.147+0000] {logging_mixin.py:151} INFO -      ⚠️ Erreur ligne 695: current transaction is aborted, commands ignored until end of transaction block
[2026-01-26T14:54:47.148+0000] {logging_mixin.py:151} INFO -      ⚠️ Erreur ligne 696: current transaction is aborted, commands ignored until end of transaction block
[2026-01-26T14:54:47.150+0000] {logging_mixin.py:151} INFO -      ⚠️ Erreur ligne 697: current transaction is aborted, commands ignored until end of transaction block
[2026-01-26T14:54:47.151+0000] {logging_mixin.py:151} INFO -      ⚠️ Erreur ligne 698: current transaction is aborted, commands ignored until end of transaction block
[2026-01-26T14:54:47.152+0000] {logging_mixin.py:151} INFO -      ⚠️ Erreur ligne 699: current transaction is aborted, commands ignored until end of transaction block
[2026-01-26T14:54:47.153+0000] {logging_mixin.py:151} INFO -      ⚠️ Erreur ligne 700: current transaction is aborted, commands ignored until end of transaction block
[2026-01-26T14:54:47.155+0000] {logging_mixin.py:151} INFO -      ⚠️ Erreur ligne 701: current transaction is aborted, commands ignored until end of transaction block
[2026-01-26T14:54:47.156+0000] {logging_mixin.py:151} INFO -      ⚠️ Erreur ligne 702: current transaction is aborted, commands ignored until end of transaction block
[2026-01-26T14:54:47.158+0000] {logging_mixin.py:151} INFO -      ⚠️ Erreur ligne 703: current transaction is aborted, commands ignored until end of transaction block
[2026-01-26T14:54:47.160+0000] {logging_mixin.py:151} INFO -      ⚠️ Erreur ligne 704: current transaction is aborted, commands ignored until end of transaction block
[2026-01-26T14:54:47.161+0000] {logging_mixin.py:151} INFO -      ⚠️ Erreur ligne 705: current transaction is aborted, commands ignored until end of transaction block
[2026-01-26T14:54:47.162+0000] {logging_mixin.py:151} INFO -      ⚠️ Erreur ligne 706: current transaction is aborted, commands ignored until end of transaction block
[2026-01-26T14:54:47.164+0000] {logging_mixin.py:151} INFO -      ⚠️ Erreur ligne 707: current transaction is aborted, commands ignored until end of transaction block
[2026-01-26T14:54:47.165+0000] {logging_mixin.py:151} INFO -      ⚠️ Erreur ligne 708: current transaction is aborted, commands ignored until end of transaction block
[2026-01-26T14:54:47.166+0000] {logging_mixin.py:151} INFO -      ⚠️ Erreur ligne 709: current transaction is aborted, commands ignored until end of transaction block
[2026-01-26T14:54:47.167+0000] {logging_mixin.py:151} INFO -      ⚠️ Erreur ligne 710: current transaction is aborted, commands ignored until end of transaction block
[2026-01-26T14:54:47.169+0000] {logging_mixin.py:151} INFO -      ⚠️ Erreur ligne 711: current transaction is aborted, commands ignored until end of transaction block
[2026-01-26T14:54:47.170+0000] {logging_mixin.py:151} INFO -      ⚠️ Erreur ligne 712: current transaction is aborted, commands ignored until end of transaction block
[2026-01-26T14:54:47.171+0000] {logging_mixin.py:151} INFO -      ⚠️ Erreur ligne 713: current transaction is aborted, commands ignored until end of transaction block
[2026-01-26T14:54:47.172+0000] {logging_mixin.py:151} INFO -      ⚠️ Erreur ligne 714: current transaction is aborted, commands ignored until end of transaction block
[2026-01-26T14:54:47.173+0000] {logging_mixin.py:151} INFO -      ⚠️ Erreur ligne 715: current transaction is aborted, commands ignored until end of transaction block
[2026-01-26T14:54:47.175+0000] {logging_mixin.py:151} INFO -      ⚠️ Erreur ligne 716: current transaction is aborted, commands ignored until end of transaction block
[2026-01-26T14:54:47.176+0000] {logging_mixin.py:151} INFO -      ⚠️ Erreur ligne 717: current transaction is aborted, commands ignored until end of transaction block
[2026-01-26T14:54:47.177+0000] {logging_mixin.py:151} INFO -      ⚠️ Erreur ligne 718: current transaction is aborted, commands ignored until end of transaction block
[2026-01-26T14:54:47.179+0000] {logging_mixin.py:151} INFO -      ⚠️ Erreur ligne 719: current transaction is aborted, commands ignored until end of transaction block
[2026-01-26T14:54:47.183+0000] {logging_mixin.py:151} INFO -      ⚠️ Erreur ligne 720: current transaction is aborted, commands ignored until end of transaction block
[2026-01-26T14:54:47.184+0000] {logging_mixin.py:151} INFO -      ⚠️ Erreur ligne 721: current transaction is aborted, commands ignored until end of transaction block
[2026-01-26T14:54:47.185+0000] {logging_mixin.py:151} INFO -      ⚠️ Erreur ligne 722: current transaction is aborted, commands ignored until end of transaction block
[2026-01-26T14:54:47.187+0000] {logging_mixin.py:151} INFO -      ⚠️ Erreur ligne 723: current transaction is aborted, commands ignored until end of transaction block
[2026-01-26T14:54:47.188+0000] {logging_mixin.py:151} INFO -      ⚠️ Erreur ligne 724: current transaction is aborted, commands ignored until end of transaction block
[2026-01-26T14:54:47.190+0000] {logging_mixin.py:151} INFO -      ⚠️ Erreur ligne 725: current transaction is aborted, commands ignored until end of transaction block
[2026-01-26T14:54:47.191+0000] {logging_mixin.py:151} INFO -      ⚠️ Erreur ligne 726: current transaction is aborted, commands ignored until end of transaction block
[2026-01-26T14:54:47.192+0000] {logging_mixin.py:151} INFO -      ⚠️ Erreur ligne 727: current transaction is aborted, commands ignored until end of transaction block
[2026-01-26T14:54:47.193+0000] {logging_mixin.py:151} INFO -      ⚠️ Erreur ligne 728: current transaction is aborted, commands ignored until end of transaction block
[2026-01-26T14:54:47.194+0000] {logging_mixin.py:151} INFO -      ⚠️ Erreur ligne 729: current transaction is aborted, commands ignored until end of transaction block
[2026-01-26T14:54:47.196+0000] {logging_mixin.py:151} INFO -      ⚠️ Erreur ligne 730: current transaction is aborted, commands ignored until end of transaction block
[2026-01-26T14:54:47.197+0000] {logging_mixin.py:151} INFO -      ⚠️ Erreur ligne 731: current transaction is aborted, commands ignored until end of transaction block
[2026-01-26T14:54:47.198+0000] {logging_mixin.py:151} INFO -      ⚠️ Erreur ligne 732: current transaction is aborted, commands ignored until end of transaction block
[2026-01-26T14:54:47.200+0000] {logging_mixin.py:151} INFO -      ⚠️ Erreur ligne 733: current transaction is aborted, commands ignored until end of transaction block
[2026-01-26T14:54:47.202+0000] {logging_mixin.py:151} INFO -      ⚠️ Erreur ligne 734: current transaction is aborted, commands ignored until end of transaction block
[2026-01-26T14:54:47.203+0000] {logging_mixin.py:151} INFO -      ⚠️ Erreur ligne 735: current transaction is aborted, commands ignored until end of transaction block
[2026-01-26T14:54:47.204+0000] {logging_mixin.py:151} INFO -      ⚠️ Erreur ligne 736: current transaction is aborted, commands ignored until end of transaction block
[2026-01-26T14:54:47.205+0000] {logging_mixin.py:151} INFO -      ⚠️ Erreur ligne 737: current transaction is aborted, commands ignored until end of transaction block
[2026-01-26T14:54:47.207+0000] {logging_mixin.py:151} INFO -      ⚠️ Erreur ligne 738: current transaction is aborted, commands ignored until end of transaction block
[2026-01-26T14:54:47.208+0000] {logging_mixin.py:151} INFO -      ⚠️ Erreur ligne 739: current transaction is aborted, commands ignored until end of transaction block
[2026-01-26T14:54:47.209+0000] {logging_mixin.py:151} INFO -      ⚠️ Erreur ligne 740: current transaction is aborted, commands ignored until end of transaction block
[2026-01-26T14:54:47.210+0000] {logging_mixin.py:151} INFO -      ⚠️ Erreur ligne 741: current transaction is aborted, commands ignored until end of transaction block
[2026-01-26T14:54:47.211+0000] {logging_mixin.py:151} INFO -      ⚠️ Erreur ligne 742: current transaction is aborted, commands ignored until end of transaction block
[2026-01-26T14:54:47.212+0000] {logging_mixin.py:151} INFO -      ⚠️ Erreur ligne 743: current transaction is aborted, commands ignored until end of transaction block
[2026-01-26T14:54:47.213+0000] {logging_mixin.py:151} INFO -      ⚠️ Erreur ligne 744: current transaction is aborted, commands ignored until end of transaction block
[2026-01-26T14:54:47.215+0000] {logging_mixin.py:151} INFO -      ⚠️ Erreur ligne 745: current transaction is aborted, commands ignored until end of transaction block
[2026-01-26T14:54:47.217+0000] {logging_mixin.py:151} INFO -      ⚠️ Erreur ligne 746: current transaction is aborted, commands ignored until end of transaction block
[2026-01-26T14:54:47.220+0000] {logging_mixin.py:151} INFO -      ⚠️ Erreur ligne 747: current transaction is aborted, commands ignored until end of transaction block
[2026-01-26T14:54:47.222+0000] {logging_mixin.py:151} INFO -      ⚠️ Erreur ligne 748: current transaction is aborted, commands ignored until end of transaction block
[2026-01-26T14:54:47.223+0000] {logging_mixin.py:151} INFO -      ⚠️ Erreur ligne 749: current transaction is aborted, commands ignored until end of transaction block
[2026-01-26T14:54:47.224+0000] {logging_mixin.py:151} INFO -      ⚠️ Erreur ligne 750: current transaction is aborted, commands ignored until end of transaction block
[2026-01-26T14:54:47.225+0000] {logging_mixin.py:151} INFO -      ⚠️ Erreur ligne 751: current transaction is aborted, commands ignored until end of transaction block
[2026-01-26T14:54:47.226+0000] {logging_mixin.py:151} INFO -      ⚠️ Erreur ligne 752: current transaction is aborted, commands ignored until end of transaction block
[2026-01-26T14:54:47.228+0000] {logging_mixin.py:151} INFO -      ⚠️ Erreur ligne 753: current transaction is aborted, commands ignored until end of transaction block
[2026-01-26T14:54:47.229+0000] {logging_mixin.py:151} INFO -      ⚠️ Erreur ligne 754: current transaction is aborted, commands ignored until end of transaction block
[2026-01-26T14:54:47.230+0000] {logging_mixin.py:151} INFO -      ⚠️ Erreur ligne 755: current transaction is aborted, commands ignored until end of transaction block
[2026-01-26T14:54:47.231+0000] {logging_mixin.py:151} INFO -      ⚠️ Erreur ligne 756: current transaction is aborted, commands ignored until end of transaction block
[2026-01-26T14:54:47.232+0000] {logging_mixin.py:151} INFO -      ⚠️ Erreur ligne 757: current transaction is aborted, commands ignored until end of transaction block
[2026-01-26T14:54:47.235+0000] {logging_mixin.py:151} INFO -      ⚠️ Erreur ligne 758: current transaction is aborted, commands ignored until end of transaction block
[2026-01-26T14:54:47.238+0000] {logging_mixin.py:151} INFO -      ⚠️ Erreur ligne 759: current transaction is aborted, commands ignored until end of transaction block
[2026-01-26T14:54:47.239+0000] {logging_mixin.py:151} INFO -      ⚠️ Erreur ligne 760: current transaction is aborted, commands ignored until end of transaction block
[2026-01-26T14:54:47.241+0000] {logging_mixin.py:151} INFO -      ⚠️ Erreur ligne 761: current transaction is aborted, commands ignored until end of transaction block
[2026-01-26T14:54:47.242+0000] {logging_mixin.py:151} INFO -      ⚠️ Erreur ligne 762: current transaction is aborted, commands ignored until end of transaction block
[2026-01-26T14:54:47.243+0000] {logging_mixin.py:151} INFO -      ⚠️ Erreur ligne 763: current transaction is aborted, commands ignored until end of transaction block
[2026-01-26T14:54:47.244+0000] {logging_mixin.py:151} INFO -      ⚠️ Erreur ligne 764: current transaction is aborted, commands ignored until end of transaction block
[2026-01-26T14:54:47.245+0000] {logging_mixin.py:151} INFO -      ⚠️ Erreur ligne 765: current transaction is aborted, commands ignored until end of transaction block
[2026-01-26T14:54:47.247+0000] {logging_mixin.py:151} INFO -      ⚠️ Erreur ligne 766: current transaction is aborted, commands ignored until end of transaction block
[2026-01-26T14:54:47.248+0000] {logging_mixin.py:151} INFO -      ⚠️ Erreur ligne 767: current transaction is aborted, commands ignored until end of transaction block
[2026-01-26T14:54:47.249+0000] {logging_mixin.py:151} INFO -      ⚠️ Erreur ligne 768: current transaction is aborted, commands ignored until end of transaction block
[2026-01-26T14:54:47.251+0000] {logging_mixin.py:151} INFO -      ⚠️ Erreur ligne 769: current transaction is aborted, commands ignored until end of transaction block
[2026-01-26T14:54:47.252+0000] {logging_mixin.py:151} INFO -      ⚠️ Erreur ligne 770: current transaction is aborted, commands ignored until end of transaction block
[2026-01-26T14:54:47.253+0000] {logging_mixin.py:151} INFO -      ⚠️ Erreur ligne 771: current transaction is aborted, commands ignored until end of transaction block
[2026-01-26T14:54:47.254+0000] {logging_mixin.py:151} INFO -      ⚠️ Erreur ligne 772: current transaction is aborted, commands ignored until end of transaction block
[2026-01-26T14:54:47.256+0000] {logging_mixin.py:151} INFO -      ⚠️ Erreur ligne 773: current transaction is aborted, commands ignored until end of transaction block
[2026-01-26T14:54:47.257+0000] {logging_mixin.py:151} INFO -      ⚠️ Erreur ligne 774: current transaction is aborted, commands ignored until end of transaction block
[2026-01-26T14:54:47.258+0000] {logging_mixin.py:151} INFO -      ⚠️ Erreur ligne 775: current transaction is aborted, commands ignored until end of transaction block
[2026-01-26T14:54:47.260+0000] {logging_mixin.py:151} INFO -      ⚠️ Erreur ligne 776: current transaction is aborted, commands ignored until end of transaction block
[2026-01-26T14:54:47.261+0000] {logging_mixin.py:151} INFO -      ⚠️ Erreur ligne 777: current transaction is aborted, commands ignored until end of transaction block
[2026-01-26T14:54:47.262+0000] {logging_mixin.py:151} INFO -      ⚠️ Erreur ligne 778: current transaction is aborted, commands ignored until end of transaction block
[2026-01-26T14:54:47.263+0000] {logging_mixin.py:151} INFO -      ⚠️ Erreur ligne 779: current transaction is aborted, commands ignored until end of transaction block
[2026-01-26T14:54:47.265+0000] {logging_mixin.py:151} INFO -      ⚠️ Erreur ligne 780: current transaction is aborted, commands ignored until end of transaction block
[2026-01-26T14:54:47.266+0000] {logging_mixin.py:151} INFO -      ⚠️ Erreur ligne 781: current transaction is aborted, commands ignored until end of transaction block
[2026-01-26T14:54:47.267+0000] {logging_mixin.py:151} INFO -      ⚠️ Erreur ligne 782: current transaction is aborted, commands ignored until end of transaction block
[2026-01-26T14:54:47.268+0000] {logging_mixin.py:151} INFO -      ⚠️ Erreur ligne 783: current transaction is aborted, commands ignored until end of transaction block
[2026-01-26T14:54:47.270+0000] {logging_mixin.py:151} INFO -      ⚠️ Erreur ligne 784: current transaction is aborted, commands ignored until end of transaction block
[2026-01-26T14:54:47.271+0000] {logging_mixin.py:151} INFO -      ⚠️ Erreur ligne 785: current transaction is aborted, commands ignored until end of transaction block
[2026-01-26T14:54:47.272+0000] {logging_mixin.py:151} INFO -      ⚠️ Erreur ligne 786: current transaction is aborted, commands ignored until end of transaction block
[2026-01-26T14:54:47.273+0000] {logging_mixin.py:151} INFO -      ⚠️ Erreur ligne 787: current transaction is aborted, commands ignored until end of transaction block
[2026-01-26T14:54:47.274+0000] {logging_mixin.py:151} INFO -      ⚠️ Erreur ligne 788: current transaction is aborted, commands ignored until end of transaction block
[2026-01-26T14:54:47.275+0000] {logging_mixin.py:151} INFO -      ⚠️ Erreur ligne 789: current transaction is aborted, commands ignored until end of transaction block
[2026-01-26T14:54:47.276+0000] {logging_mixin.py:151} INFO -      ⚠️ Erreur ligne 790: current transaction is aborted, commands ignored until end of transaction block
[2026-01-26T14:54:47.277+0000] {logging_mixin.py:151} INFO -      ⚠️ Erreur ligne 791: current transaction is aborted, commands ignored until end of transaction block
[2026-01-26T14:54:47.278+0000] {logging_mixin.py:151} INFO -      ⚠️ Erreur ligne 792: current transaction is aborted, commands ignored until end of transaction block
[2026-01-26T14:54:47.280+0000] {logging_mixin.py:151} INFO -      ⚠️ Erreur ligne 793: current transaction is aborted, commands ignored until end of transaction block
[2026-01-26T14:54:47.282+0000] {logging_mixin.py:151} INFO -      ⚠️ Erreur ligne 794: current transaction is aborted, commands ignored until end of transaction block
[2026-01-26T14:54:47.286+0000] {logging_mixin.py:151} INFO -      ⚠️ Erreur ligne 795: current transaction is aborted, commands ignored until end of transaction block
[2026-01-26T14:54:47.288+0000] {logging_mixin.py:151} INFO -      ⚠️ Erreur ligne 796: current transaction is aborted, commands ignored until end of transaction block
[2026-01-26T14:54:47.289+0000] {logging_mixin.py:151} INFO -      ⚠️ Erreur ligne 797: current transaction is aborted, commands ignored until end of transaction block
[2026-01-26T14:54:47.290+0000] {logging_mixin.py:151} INFO -      ⚠️ Erreur ligne 798: current transaction is aborted, commands ignored until end of transaction block
[2026-01-26T14:54:47.291+0000] {logging_mixin.py:151} INFO -      ⚠️ Erreur ligne 799: current transaction is aborted, commands ignored until end of transaction block
[2026-01-26T14:54:47.292+0000] {logging_mixin.py:151} INFO -      ⚠️ Erreur ligne 800: current transaction is aborted, commands ignored until end of transaction block
[2026-01-26T14:54:47.293+0000] {logging_mixin.py:151} INFO -      ⚠️ Erreur ligne 801: current transaction is aborted, commands ignored until end of transaction block
[2026-01-26T14:54:47.294+0000] {logging_mixin.py:151} INFO -      ⚠️ Erreur ligne 802: current transaction is aborted, commands ignored until end of transaction block
[2026-01-26T14:54:47.295+0000] {logging_mixin.py:151} INFO -      ⚠️ Erreur ligne 803: current transaction is aborted, commands ignored until end of transaction block
[2026-01-26T14:54:47.296+0000] {logging_mixin.py:151} INFO -      ⚠️ Erreur ligne 804: current transaction is aborted, commands ignored until end of transaction block
[2026-01-26T14:54:47.297+0000] {logging_mixin.py:151} INFO -      ⚠️ Erreur ligne 805: current transaction is aborted, commands ignored until end of transaction block
[2026-01-26T14:54:47.298+0000] {logging_mixin.py:151} INFO -      ⚠️ Erreur ligne 806: current transaction is aborted, commands ignored until end of transaction block
[2026-01-26T14:54:47.300+0000] {logging_mixin.py:151} INFO -      ⚠️ Erreur ligne 807: current transaction is aborted, commands ignored until end of transaction block
[2026-01-26T14:54:47.301+0000] {logging_mixin.py:151} INFO -      ⚠️ Erreur ligne 808: current transaction is aborted, commands ignored until end of transaction block
[2026-01-26T14:54:47.303+0000] {logging_mixin.py:151} INFO -      ⚠️ Erreur ligne 809: current transaction is aborted, commands ignored until end of transaction block
[2026-01-26T14:54:47.305+0000] {logging_mixin.py:151} INFO -      ⚠️ Erreur ligne 810: current transaction is aborted, commands ignored until end of transaction block
[2026-01-26T14:54:47.306+0000] {logging_mixin.py:151} INFO -      ⚠️ Erreur ligne 811: current transaction is aborted, commands ignored until end of transaction block
[2026-01-26T14:54:47.308+0000] {logging_mixin.py:151} INFO -      ⚠️ Erreur ligne 812: current transaction is aborted, commands ignored until end of transaction block
[2026-01-26T14:54:47.309+0000] {logging_mixin.py:151} INFO -      ⚠️ Erreur ligne 813: current transaction is aborted, commands ignored until end of transaction block
[2026-01-26T14:54:47.310+0000] {logging_mixin.py:151} INFO -      ⚠️ Erreur ligne 814: current transaction is aborted, commands ignored until end of transaction block
[2026-01-26T14:54:47.311+0000] {logging_mixin.py:151} INFO -      ⚠️ Erreur ligne 815: current transaction is aborted, commands ignored until end of transaction block
[2026-01-26T14:54:47.312+0000] {logging_mixin.py:151} INFO -      ⚠️ Erreur ligne 816: current transaction is aborted, commands ignored until end of transaction block
[2026-01-26T14:54:47.313+0000] {logging_mixin.py:151} INFO -      ⚠️ Erreur ligne 817: current transaction is aborted, commands ignored until end of transaction block
[2026-01-26T14:54:47.314+0000] {logging_mixin.py:151} INFO -      ⚠️ Erreur ligne 818: current transaction is aborted, commands ignored until end of transaction block
[2026-01-26T14:54:47.316+0000] {logging_mixin.py:151} INFO -      ⚠️ Erreur ligne 819: current transaction is aborted, commands ignored until end of transaction block
[2026-01-26T14:54:47.317+0000] {logging_mixin.py:151} INFO -      ⚠️ Erreur ligne 820: current transaction is aborted, commands ignored until end of transaction block
[2026-01-26T14:54:47.320+0000] {logging_mixin.py:151} INFO -      ⚠️ Erreur ligne 821: current transaction is aborted, commands ignored until end of transaction block
[2026-01-26T14:54:47.322+0000] {logging_mixin.py:151} INFO -      ⚠️ Erreur ligne 822: current transaction is aborted, commands ignored until end of transaction block
[2026-01-26T14:54:47.324+0000] {logging_mixin.py:151} INFO -      ⚠️ Erreur ligne 823: current transaction is aborted, commands ignored until end of transaction block
[2026-01-26T14:54:47.325+0000] {logging_mixin.py:151} INFO -      ⚠️ Erreur ligne 824: current transaction is aborted, commands ignored until end of transaction block
[2026-01-26T14:54:47.328+0000] {logging_mixin.py:151} INFO -      ⚠️ Erreur ligne 825: current transaction is aborted, commands ignored until end of transaction block
[2026-01-26T14:54:47.331+0000] {logging_mixin.py:151} INFO -      ⚠️ Erreur ligne 826: current transaction is aborted, commands ignored until end of transaction block
[2026-01-26T14:54:47.332+0000] {logging_mixin.py:151} INFO -      ⚠️ Erreur ligne 827: current transaction is aborted, commands ignored until end of transaction block
[2026-01-26T14:54:47.332+0000] {logging_mixin.py:151} INFO -      ⚠️ Erreur ligne 828: current transaction is aborted, commands ignored until end of transaction block
[2026-01-26T14:54:47.334+0000] {logging_mixin.py:151} INFO -      ⚠️ Erreur ligne 829: current transaction is aborted, commands ignored until end of transaction block
[2026-01-26T14:54:47.336+0000] {logging_mixin.py:151} INFO -      ⚠️ Erreur ligne 830: current transaction is aborted, commands ignored until end of transaction block
[2026-01-26T14:54:47.338+0000] {logging_mixin.py:151} INFO -      ⚠️ Erreur ligne 831: current transaction is aborted, commands ignored until end of transaction block
[2026-01-26T14:54:47.340+0000] {logging_mixin.py:151} INFO -      ⚠️ Erreur ligne 832: current transaction is aborted, commands ignored until end of transaction block
[2026-01-26T14:54:47.341+0000] {logging_mixin.py:151} INFO -      ⚠️ Erreur ligne 833: current transaction is aborted, commands ignored until end of transaction block
[2026-01-26T14:54:47.343+0000] {logging_mixin.py:151} INFO -      ⚠️ Erreur ligne 834: current transaction is aborted, commands ignored until end of transaction block
[2026-01-26T14:54:47.344+0000] {logging_mixin.py:151} INFO -      ⚠️ Erreur ligne 835: current transaction is aborted, commands ignored until end of transaction block
[2026-01-26T14:54:47.345+0000] {logging_mixin.py:151} INFO -      ⚠️ Erreur ligne 836: current transaction is aborted, commands ignored until end of transaction block
[2026-01-26T14:54:47.346+0000] {logging_mixin.py:151} INFO -      ⚠️ Erreur ligne 837: current transaction is aborted, commands ignored until end of transaction block
[2026-01-26T14:54:47.347+0000] {logging_mixin.py:151} INFO -      ⚠️ Erreur ligne 838: current transaction is aborted, commands ignored until end of transaction block
[2026-01-26T14:54:47.348+0000] {logging_mixin.py:151} INFO -      ⚠️ Erreur ligne 839: current transaction is aborted, commands ignored until end of transaction block
[2026-01-26T14:54:47.349+0000] {logging_mixin.py:151} INFO -      ⚠️ Erreur ligne 840: current transaction is aborted, commands ignored until end of transaction block
[2026-01-26T14:54:47.351+0000] {logging_mixin.py:151} INFO -      ⚠️ Erreur ligne 841: current transaction is aborted, commands ignored until end of transaction block
[2026-01-26T14:54:47.352+0000] {logging_mixin.py:151} INFO -      ⚠️ Erreur ligne 842: current transaction is aborted, commands ignored until end of transaction block
[2026-01-26T14:54:47.353+0000] {logging_mixin.py:151} INFO -      ⚠️ Erreur ligne 843: current transaction is aborted, commands ignored until end of transaction block
[2026-01-26T14:54:47.354+0000] {logging_mixin.py:151} INFO -      ⚠️ Erreur ligne 844: current transaction is aborted, commands ignored until end of transaction block
[2026-01-26T14:54:47.355+0000] {logging_mixin.py:151} INFO -      ⚠️ Erreur ligne 845: current transaction is aborted, commands ignored until end of transaction block
[2026-01-26T14:54:47.356+0000] {logging_mixin.py:151} INFO -      ⚠️ Erreur ligne 846: current transaction is aborted, commands ignored until end of transaction block
[2026-01-26T14:54:47.357+0000] {logging_mixin.py:151} INFO -      ⚠️ Erreur ligne 847: current transaction is aborted, commands ignored until end of transaction block
[2026-01-26T14:54:47.359+0000] {logging_mixin.py:151} INFO -      ⚠️ Erreur ligne 848: current transaction is aborted, commands ignored until end of transaction block
[2026-01-26T14:54:47.361+0000] {logging_mixin.py:151} INFO -      ⚠️ Erreur ligne 849: current transaction is aborted, commands ignored until end of transaction block
[2026-01-26T14:54:47.362+0000] {logging_mixin.py:151} INFO -      ⚠️ Erreur ligne 850: current transaction is aborted, commands ignored until end of transaction block
[2026-01-26T14:54:47.364+0000] {logging_mixin.py:151} INFO -      ⚠️ Erreur ligne 851: current transaction is aborted, commands ignored until end of transaction block
[2026-01-26T14:54:47.365+0000] {logging_mixin.py:151} INFO -      ⚠️ Erreur ligne 852: current transaction is aborted, commands ignored until end of transaction block
[2026-01-26T14:54:47.367+0000] {logging_mixin.py:151} INFO -      ⚠️ Erreur ligne 853: current transaction is aborted, commands ignored until end of transaction block
[2026-01-26T14:54:47.369+0000] {logging_mixin.py:151} INFO -      ⚠️ Erreur ligne 854: current transaction is aborted, commands ignored until end of transaction block
[2026-01-26T14:54:47.371+0000] {logging_mixin.py:151} INFO -      ⚠️ Erreur ligne 855: current transaction is aborted, commands ignored until end of transaction block
[2026-01-26T14:54:47.372+0000] {logging_mixin.py:151} INFO -      ⚠️ Erreur ligne 856: current transaction is aborted, commands ignored until end of transaction block
[2026-01-26T14:54:47.373+0000] {logging_mixin.py:151} INFO -      ⚠️ Erreur ligne 857: current transaction is aborted, commands ignored until end of transaction block
[2026-01-26T14:54:47.374+0000] {logging_mixin.py:151} INFO -      ⚠️ Erreur ligne 858: current transaction is aborted, commands ignored until end of transaction block
[2026-01-26T14:54:47.376+0000] {logging_mixin.py:151} INFO -      ⚠️ Erreur ligne 859: current transaction is aborted, commands ignored until end of transaction block
[2026-01-26T14:54:47.377+0000] {logging_mixin.py:151} INFO -      ⚠️ Erreur ligne 860: current transaction is aborted, commands ignored until end of transaction block
[2026-01-26T14:54:47.378+0000] {logging_mixin.py:151} INFO -      ⚠️ Erreur ligne 861: current transaction is aborted, commands ignored until end of transaction block
[2026-01-26T14:54:47.379+0000] {logging_mixin.py:151} INFO -      ⚠️ Erreur ligne 862: current transaction is aborted, commands ignored until end of transaction block
[2026-01-26T14:54:47.381+0000] {logging_mixin.py:151} INFO -      ⚠️ Erreur ligne 863: current transaction is aborted, commands ignored until end of transaction block
[2026-01-26T14:54:47.382+0000] {logging_mixin.py:151} INFO -      ⚠️ Erreur ligne 864: current transaction is aborted, commands ignored until end of transaction block
[2026-01-26T14:54:47.384+0000] {logging_mixin.py:151} INFO -      ⚠️ Erreur ligne 865: current transaction is aborted, commands ignored until end of transaction block
[2026-01-26T14:54:47.386+0000] {logging_mixin.py:151} INFO -      ⚠️ Erreur ligne 866: current transaction is aborted, commands ignored until end of transaction block
[2026-01-26T14:54:47.388+0000] {logging_mixin.py:151} INFO -      ⚠️ Erreur ligne 867: current transaction is aborted, commands ignored until end of transaction block
[2026-01-26T14:54:47.389+0000] {logging_mixin.py:151} INFO -      ⚠️ Erreur ligne 868: current transaction is aborted, commands ignored until end of transaction block
[2026-01-26T14:54:47.391+0000] {logging_mixin.py:151} INFO -      ⚠️ Erreur ligne 869: current transaction is aborted, commands ignored until end of transaction block
[2026-01-26T14:54:47.392+0000] {logging_mixin.py:151} INFO -      ⚠️ Erreur ligne 870: current transaction is aborted, commands ignored until end of transaction block
[2026-01-26T14:54:47.393+0000] {logging_mixin.py:151} INFO -      ⚠️ Erreur ligne 871: current transaction is aborted, commands ignored until end of transaction block
[2026-01-26T14:54:47.394+0000] {logging_mixin.py:151} INFO -      ⚠️ Erreur ligne 872: current transaction is aborted, commands ignored until end of transaction block
[2026-01-26T14:54:47.395+0000] {logging_mixin.py:151} INFO -      ⚠️ Erreur ligne 873: current transaction is aborted, commands ignored until end of transaction block
[2026-01-26T14:54:47.396+0000] {logging_mixin.py:151} INFO -      ⚠️ Erreur ligne 874: current transaction is aborted, commands ignored until end of transaction block
[2026-01-26T14:54:47.397+0000] {logging_mixin.py:151} INFO -      ⚠️ Erreur ligne 875: current transaction is aborted, commands ignored until end of transaction block
[2026-01-26T14:54:47.398+0000] {logging_mixin.py:151} INFO -      ⚠️ Erreur ligne 876: current transaction is aborted, commands ignored until end of transaction block
[2026-01-26T14:54:47.399+0000] {logging_mixin.py:151} INFO -      ⚠️ Erreur ligne 877: current transaction is aborted, commands ignored until end of transaction block
[2026-01-26T14:54:47.400+0000] {logging_mixin.py:151} INFO -      ⚠️ Erreur ligne 878: current transaction is aborted, commands ignored until end of transaction block
[2026-01-26T14:54:47.401+0000] {logging_mixin.py:151} INFO -      ⚠️ Erreur ligne 879: current transaction is aborted, commands ignored until end of transaction block
[2026-01-26T14:54:47.403+0000] {logging_mixin.py:151} INFO -      ⚠️ Erreur ligne 880: current transaction is aborted, commands ignored until end of transaction block
[2026-01-26T14:54:47.405+0000] {logging_mixin.py:151} INFO -      ⚠️ Erreur ligne 881: current transaction is aborted, commands ignored until end of transaction block
[2026-01-26T14:54:47.407+0000] {logging_mixin.py:151} INFO -      ⚠️ Erreur ligne 882: current transaction is aborted, commands ignored until end of transaction block
[2026-01-26T14:54:47.409+0000] {logging_mixin.py:151} INFO -      ⚠️ Erreur ligne 883: current transaction is aborted, commands ignored until end of transaction block
[2026-01-26T14:54:47.410+0000] {logging_mixin.py:151} INFO -      ⚠️ Erreur ligne 884: current transaction is aborted, commands ignored until end of transaction block
[2026-01-26T14:54:47.411+0000] {logging_mixin.py:151} INFO -      ⚠️ Erreur ligne 885: current transaction is aborted, commands ignored until end of transaction block
[2026-01-26T14:54:47.412+0000] {logging_mixin.py:151} INFO -      ⚠️ Erreur ligne 886: current transaction is aborted, commands ignored until end of transaction block
[2026-01-26T14:54:47.413+0000] {logging_mixin.py:151} INFO -      ⚠️ Erreur ligne 887: current transaction is aborted, commands ignored until end of transaction block
[2026-01-26T14:54:47.415+0000] {logging_mixin.py:151} INFO -      ⚠️ Erreur ligne 888: current transaction is aborted, commands ignored until end of transaction block
[2026-01-26T14:54:47.416+0000] {logging_mixin.py:151} INFO -      ⚠️ Erreur ligne 889: current transaction is aborted, commands ignored until end of transaction block
[2026-01-26T14:54:47.417+0000] {logging_mixin.py:151} INFO -      ⚠️ Erreur ligne 890: current transaction is aborted, commands ignored until end of transaction block
[2026-01-26T14:54:47.419+0000] {logging_mixin.py:151} INFO -      ⚠️ Erreur ligne 891: current transaction is aborted, commands ignored until end of transaction block
[2026-01-26T14:54:47.420+0000] {logging_mixin.py:151} INFO -      ⚠️ Erreur ligne 892: current transaction is aborted, commands ignored until end of transaction block
[2026-01-26T14:54:47.422+0000] {logging_mixin.py:151} INFO -      ⚠️ Erreur ligne 893: current transaction is aborted, commands ignored until end of transaction block
[2026-01-26T14:54:47.423+0000] {logging_mixin.py:151} INFO -      ⚠️ Erreur ligne 894: current transaction is aborted, commands ignored until end of transaction block
[2026-01-26T14:54:47.424+0000] {logging_mixin.py:151} INFO -      ⚠️ Erreur ligne 895: current transaction is aborted, commands ignored until end of transaction block
[2026-01-26T14:54:47.426+0000] {logging_mixin.py:151} INFO -      ⚠️ Erreur ligne 896: current transaction is aborted, commands ignored until end of transaction block
[2026-01-26T14:54:47.427+0000] {logging_mixin.py:151} INFO -      ⚠️ Erreur ligne 897: current transaction is aborted, commands ignored until end of transaction block
[2026-01-26T14:54:47.429+0000] {logging_mixin.py:151} INFO -      ⚠️ Erreur ligne 898: current transaction is aborted, commands ignored until end of transaction block
[2026-01-26T14:54:47.430+0000] {logging_mixin.py:151} INFO -      ⚠️ Erreur ligne 899: current transaction is aborted, commands ignored until end of transaction block
[2026-01-26T14:54:47.431+0000] {logging_mixin.py:151} INFO -      ⚠️ Erreur ligne 900: current transaction is aborted, commands ignored until end of transaction block
[2026-01-26T14:54:47.432+0000] {logging_mixin.py:151} INFO -      ⚠️ Erreur ligne 901: current transaction is aborted, commands ignored until end of transaction block
[2026-01-26T14:54:47.433+0000] {logging_mixin.py:151} INFO -      ⚠️ Erreur ligne 902: current transaction is aborted, commands ignored until end of transaction block
[2026-01-26T14:54:47.435+0000] {logging_mixin.py:151} INFO -      ⚠️ Erreur ligne 903: current transaction is aborted, commands ignored until end of transaction block
[2026-01-26T14:54:47.436+0000] {logging_mixin.py:151} INFO -      ⚠️ Erreur ligne 904: current transaction is aborted, commands ignored until end of transaction block
[2026-01-26T14:54:47.440+0000] {logging_mixin.py:151} INFO -      ⚠️ Erreur ligne 905: current transaction is aborted, commands ignored until end of transaction block
[2026-01-26T14:54:47.441+0000] {logging_mixin.py:151} INFO -      ⚠️ Erreur ligne 906: current transaction is aborted, commands ignored until end of transaction block
[2026-01-26T14:54:47.443+0000] {logging_mixin.py:151} INFO -      ⚠️ Erreur ligne 907: current transaction is aborted, commands ignored until end of transaction block
[2026-01-26T14:54:47.445+0000] {logging_mixin.py:151} INFO -      ⚠️ Erreur ligne 908: current transaction is aborted, commands ignored until end of transaction block
[2026-01-26T14:54:47.446+0000] {logging_mixin.py:151} INFO -      ⚠️ Erreur ligne 909: current transaction is aborted, commands ignored until end of transaction block
[2026-01-26T14:54:47.447+0000] {logging_mixin.py:151} INFO -      ⚠️ Erreur ligne 910: current transaction is aborted, commands ignored until end of transaction block
[2026-01-26T14:54:47.449+0000] {logging_mixin.py:151} INFO -      ⚠️ Erreur ligne 911: current transaction is aborted, commands ignored until end of transaction block
[2026-01-26T14:54:47.454+0000] {logging_mixin.py:151} INFO -      ⚠️ Erreur ligne 912: current transaction is aborted, commands ignored until end of transaction block
[2026-01-26T14:54:47.457+0000] {logging_mixin.py:151} INFO -      ⚠️ Erreur ligne 913: current transaction is aborted, commands ignored until end of transaction block
[2026-01-26T14:54:47.460+0000] {logging_mixin.py:151} INFO -      ⚠️ Erreur ligne 914: current transaction is aborted, commands ignored until end of transaction block
[2026-01-26T14:54:47.462+0000] {logging_mixin.py:151} INFO -      ⚠️ Erreur ligne 915: current transaction is aborted, commands ignored until end of transaction block
[2026-01-26T14:54:47.465+0000] {logging_mixin.py:151} INFO -      ⚠️ Erreur ligne 916: current transaction is aborted, commands ignored until end of transaction block
[2026-01-26T14:54:47.468+0000] {logging_mixin.py:151} INFO -      ⚠️ Erreur ligne 917: current transaction is aborted, commands ignored until end of transaction block
[2026-01-26T14:54:47.471+0000] {logging_mixin.py:151} INFO -      ⚠️ Erreur ligne 918: current transaction is aborted, commands ignored until end of transaction block
[2026-01-26T14:54:47.474+0000] {logging_mixin.py:151} INFO -      ⚠️ Erreur ligne 919: current transaction is aborted, commands ignored until end of transaction block
[2026-01-26T14:54:47.477+0000] {logging_mixin.py:151} INFO -      ⚠️ Erreur ligne 920: current transaction is aborted, commands ignored until end of transaction block
[2026-01-26T14:54:47.479+0000] {logging_mixin.py:151} INFO -      ⚠️ Erreur ligne 921: current transaction is aborted, commands ignored until end of transaction block
[2026-01-26T14:54:47.480+0000] {logging_mixin.py:151} INFO -      ⚠️ Erreur ligne 922: current transaction is aborted, commands ignored until end of transaction block
[2026-01-26T14:54:47.482+0000] {logging_mixin.py:151} INFO -      ⚠️ Erreur ligne 923: current transaction is aborted, commands ignored until end of transaction block
[2026-01-26T14:54:47.485+0000] {logging_mixin.py:151} INFO -      ⚠️ Erreur ligne 924: current transaction is aborted, commands ignored until end of transaction block
[2026-01-26T14:54:47.489+0000] {logging_mixin.py:151} INFO -      ⚠️ Erreur ligne 925: current transaction is aborted, commands ignored until end of transaction block
[2026-01-26T14:54:47.493+0000] {logging_mixin.py:151} INFO -      ⚠️ Erreur ligne 926: current transaction is aborted, commands ignored until end of transaction block
[2026-01-26T14:54:47.498+0000] {logging_mixin.py:151} INFO -      ⚠️ Erreur ligne 927: current transaction is aborted, commands ignored until end of transaction block
[2026-01-26T14:54:47.505+0000] {logging_mixin.py:151} INFO -      ⚠️ Erreur ligne 928: current transaction is aborted, commands ignored until end of transaction block
[2026-01-26T14:54:47.507+0000] {logging_mixin.py:151} INFO -      ⚠️ Erreur ligne 929: current transaction is aborted, commands ignored until end of transaction block
[2026-01-26T14:54:47.510+0000] {logging_mixin.py:151} INFO -      ⚠️ Erreur ligne 930: current transaction is aborted, commands ignored until end of transaction block
[2026-01-26T14:54:47.515+0000] {logging_mixin.py:151} INFO -      ⚠️ Erreur ligne 931: current transaction is aborted, commands ignored until end of transaction block
[2026-01-26T14:54:47.519+0000] {logging_mixin.py:151} INFO -      ⚠️ Erreur ligne 932: current transaction is aborted, commands ignored until end of transaction block
[2026-01-26T14:54:47.523+0000] {logging_mixin.py:151} INFO -      ⚠️ Erreur ligne 933: current transaction is aborted, commands ignored until end of transaction block
[2026-01-26T14:54:47.526+0000] {logging_mixin.py:151} INFO -      ⚠️ Erreur ligne 934: current transaction is aborted, commands ignored until end of transaction block
[2026-01-26T14:54:47.528+0000] {logging_mixin.py:151} INFO -      ⚠️ Erreur ligne 935: current transaction is aborted, commands ignored until end of transaction block
[2026-01-26T14:54:47.531+0000] {logging_mixin.py:151} INFO -      ⚠️ Erreur ligne 936: current transaction is aborted, commands ignored until end of transaction block
[2026-01-26T14:54:47.536+0000] {logging_mixin.py:151} INFO -      ⚠️ Erreur ligne 937: current transaction is aborted, commands ignored until end of transaction block
[2026-01-26T14:54:47.542+0000] {logging_mixin.py:151} INFO -      ⚠️ Erreur ligne 938: current transaction is aborted, commands ignored until end of transaction block
[2026-01-26T14:54:47.545+0000] {logging_mixin.py:151} INFO -      ⚠️ Erreur ligne 939: current transaction is aborted, commands ignored until end of transaction block
[2026-01-26T14:54:47.547+0000] {logging_mixin.py:151} INFO -      ⚠️ Erreur ligne 940: current transaction is aborted, commands ignored until end of transaction block
[2026-01-26T14:54:47.550+0000] {logging_mixin.py:151} INFO -      ⚠️ Erreur ligne 941: current transaction is aborted, commands ignored until end of transaction block
[2026-01-26T14:54:47.552+0000] {logging_mixin.py:151} INFO -      ⚠️ Erreur ligne 942: current transaction is aborted, commands ignored until end of transaction block
[2026-01-26T14:54:47.553+0000] {logging_mixin.py:151} INFO -      ⚠️ Erreur ligne 943: current transaction is aborted, commands ignored until end of transaction block
[2026-01-26T14:54:47.555+0000] {logging_mixin.py:151} INFO -      ⚠️ Erreur ligne 944: current transaction is aborted, commands ignored until end of transaction block
[2026-01-26T14:54:47.556+0000] {logging_mixin.py:151} INFO -      ⚠️ Erreur ligne 945: current transaction is aborted, commands ignored until end of transaction block
[2026-01-26T14:54:47.557+0000] {logging_mixin.py:151} INFO -      ⚠️ Erreur ligne 946: current transaction is aborted, commands ignored until end of transaction block
[2026-01-26T14:54:47.559+0000] {logging_mixin.py:151} INFO -      ⚠️ Erreur ligne 947: current transaction is aborted, commands ignored until end of transaction block
[2026-01-26T14:54:47.560+0000] {logging_mixin.py:151} INFO -      ⚠️ Erreur ligne 948: current transaction is aborted, commands ignored until end of transaction block
[2026-01-26T14:54:47.562+0000] {logging_mixin.py:151} INFO -      ⚠️ Erreur ligne 949: current transaction is aborted, commands ignored until end of transaction block
[2026-01-26T14:54:47.564+0000] {logging_mixin.py:151} INFO -      ⚠️ Erreur ligne 950: current transaction is aborted, commands ignored until end of transaction block
[2026-01-26T14:54:47.567+0000] {logging_mixin.py:151} INFO -      ⚠️ Erreur ligne 951: current transaction is aborted, commands ignored until end of transaction block
[2026-01-26T14:54:47.570+0000] {logging_mixin.py:151} INFO -      ⚠️ Erreur ligne 952: current transaction is aborted, commands ignored until end of transaction block
[2026-01-26T14:54:47.572+0000] {logging_mixin.py:151} INFO -      ⚠️ Erreur ligne 953: current transaction is aborted, commands ignored until end of transaction block
[2026-01-26T14:54:47.574+0000] {logging_mixin.py:151} INFO -      ⚠️ Erreur ligne 954: current transaction is aborted, commands ignored until end of transaction block
[2026-01-26T14:54:47.575+0000] {logging_mixin.py:151} INFO -      ⚠️ Erreur ligne 955: current transaction is aborted, commands ignored until end of transaction block
[2026-01-26T14:54:47.576+0000] {logging_mixin.py:151} INFO -      ⚠️ Erreur ligne 956: current transaction is aborted, commands ignored until end of transaction block
[2026-01-26T14:54:47.577+0000] {logging_mixin.py:151} INFO -      ⚠️ Erreur ligne 957: current transaction is aborted, commands ignored until end of transaction block
[2026-01-26T14:54:47.578+0000] {logging_mixin.py:151} INFO -      ⚠️ Erreur ligne 958: current transaction is aborted, commands ignored until end of transaction block
[2026-01-26T14:54:47.579+0000] {logging_mixin.py:151} INFO -      ⚠️ Erreur ligne 959: current transaction is aborted, commands ignored until end of transaction block
[2026-01-26T14:54:47.580+0000] {logging_mixin.py:151} INFO -      ⚠️ Erreur ligne 960: current transaction is aborted, commands ignored until end of transaction block
[2026-01-26T14:54:47.582+0000] {logging_mixin.py:151} INFO -      ⚠️ Erreur ligne 961: current transaction is aborted, commands ignored until end of transaction block
[2026-01-26T14:54:47.583+0000] {logging_mixin.py:151} INFO -      ⚠️ Erreur ligne 962: current transaction is aborted, commands ignored until end of transaction block
[2026-01-26T14:54:47.587+0000] {logging_mixin.py:151} INFO -      ⚠️ Erreur ligne 963: current transaction is aborted, commands ignored until end of transaction block
[2026-01-26T14:54:47.590+0000] {logging_mixin.py:151} INFO -      ⚠️ Erreur ligne 964: current transaction is aborted, commands ignored until end of transaction block
[2026-01-26T14:54:47.592+0000] {logging_mixin.py:151} INFO -      ⚠️ Erreur ligne 965: current transaction is aborted, commands ignored until end of transaction block
[2026-01-26T14:54:47.594+0000] {logging_mixin.py:151} INFO -      ⚠️ Erreur ligne 966: current transaction is aborted, commands ignored until end of transaction block
[2026-01-26T14:54:47.595+0000] {logging_mixin.py:151} INFO -      ⚠️ Erreur ligne 967: current transaction is aborted, commands ignored until end of transaction block
[2026-01-26T14:54:47.596+0000] {logging_mixin.py:151} INFO -      ⚠️ Erreur ligne 968: current transaction is aborted, commands ignored until end of transaction block
[2026-01-26T14:54:47.597+0000] {logging_mixin.py:151} INFO -      ⚠️ Erreur ligne 969: current transaction is aborted, commands ignored until end of transaction block
[2026-01-26T14:54:47.598+0000] {logging_mixin.py:151} INFO -      ⚠️ Erreur ligne 970: current transaction is aborted, commands ignored until end of transaction block
[2026-01-26T14:54:47.599+0000] {logging_mixin.py:151} INFO -      ⚠️ Erreur ligne 971: current transaction is aborted, commands ignored until end of transaction block
[2026-01-26T14:54:47.602+0000] {logging_mixin.py:151} INFO -      ⚠️ Erreur ligne 972: current transaction is aborted, commands ignored until end of transaction block
[2026-01-26T14:54:47.604+0000] {logging_mixin.py:151} INFO -      ⚠️ Erreur ligne 973: current transaction is aborted, commands ignored until end of transaction block
[2026-01-26T14:54:47.606+0000] {logging_mixin.py:151} INFO -      ⚠️ Erreur ligne 974: current transaction is aborted, commands ignored until end of transaction block
[2026-01-26T14:54:47.609+0000] {logging_mixin.py:151} INFO -      ⚠️ Erreur ligne 975: current transaction is aborted, commands ignored until end of transaction block
[2026-01-26T14:54:47.610+0000] {logging_mixin.py:151} INFO -      ⚠️ Erreur ligne 976: current transaction is aborted, commands ignored until end of transaction block
[2026-01-26T14:54:47.611+0000] {logging_mixin.py:151} INFO -      ⚠️ Erreur ligne 977: current transaction is aborted, commands ignored until end of transaction block
[2026-01-26T14:54:47.612+0000] {logging_mixin.py:151} INFO -      ⚠️ Erreur ligne 978: current transaction is aborted, commands ignored until end of transaction block
[2026-01-26T14:54:47.613+0000] {logging_mixin.py:151} INFO -      ⚠️ Erreur ligne 979: current transaction is aborted, commands ignored until end of transaction block
[2026-01-26T14:54:47.614+0000] {logging_mixin.py:151} INFO -      ⚠️ Erreur ligne 980: current transaction is aborted, commands ignored until end of transaction block
[2026-01-26T14:54:47.615+0000] {logging_mixin.py:151} INFO -      ⚠️ Erreur ligne 981: current transaction is aborted, commands ignored until end of transaction block
[2026-01-26T14:54:47.616+0000] {logging_mixin.py:151} INFO -      ⚠️ Erreur ligne 982: current transaction is aborted, commands ignored until end of transaction block
[2026-01-26T14:54:47.617+0000] {logging_mixin.py:151} INFO -      ⚠️ Erreur ligne 983: current transaction is aborted, commands ignored until end of transaction block
[2026-01-26T14:54:47.618+0000] {logging_mixin.py:151} INFO -      ⚠️ Erreur ligne 984: current transaction is aborted, commands ignored until end of transaction block
[2026-01-26T14:54:47.619+0000] {logging_mixin.py:151} INFO -      ⚠️ Erreur ligne 985: current transaction is aborted, commands ignored until end of transaction block
[2026-01-26T14:54:47.621+0000] {logging_mixin.py:151} INFO -      ⚠️ Erreur ligne 986: current transaction is aborted, commands ignored until end of transaction block
[2026-01-26T14:54:47.622+0000] {logging_mixin.py:151} INFO -      ⚠️ Erreur ligne 987: current transaction is aborted, commands ignored until end of transaction block
[2026-01-26T14:54:47.623+0000] {logging_mixin.py:151} INFO -      ⚠️ Erreur ligne 988: current transaction is aborted, commands ignored until end of transaction block
[2026-01-26T14:54:47.624+0000] {logging_mixin.py:151} INFO -      ⚠️ Erreur ligne 989: current transaction is aborted, commands ignored until end of transaction block
[2026-01-26T14:54:47.625+0000] {logging_mixin.py:151} INFO -      ⚠️ Erreur ligne 990: current transaction is aborted, commands ignored until end of transaction block
[2026-01-26T14:54:47.626+0000] {logging_mixin.py:151} INFO -      ⚠️ Erreur ligne 991: current transaction is aborted, commands ignored until end of transaction block
[2026-01-26T14:54:47.627+0000] {logging_mixin.py:151} INFO -      ⚠️ Erreur ligne 992: current transaction is aborted, commands ignored until end of transaction block
[2026-01-26T14:54:47.628+0000] {logging_mixin.py:151} INFO -      ⚠️ Erreur ligne 993: current transaction is aborted, commands ignored until end of transaction block
[2026-01-26T14:54:47.629+0000] {logging_mixin.py:151} INFO -      ⚠️ Erreur ligne 994: current transaction is aborted, commands ignored until end of transaction block
[2026-01-26T14:54:47.631+0000] {logging_mixin.py:151} INFO -      ⚠️ Erreur ligne 995: current transaction is aborted, commands ignored until end of transaction block
[2026-01-26T14:54:47.632+0000] {logging_mixin.py:151} INFO -      ⚠️ Erreur ligne 996: current transaction is aborted, commands ignored until end of transaction block
[2026-01-26T14:54:47.633+0000] {logging_mixin.py:151} INFO -      ⚠️ Erreur ligne 997: current transaction is aborted, commands ignored until end of transaction block
[2026-01-26T14:54:47.635+0000] {logging_mixin.py:151} INFO -      ⚠️ Erreur ligne 998: current transaction is aborted, commands ignored until end of transaction block
[2026-01-26T14:54:47.636+0000] {logging_mixin.py:151} INFO -      ⚠️ Erreur ligne 999: current transaction is aborted, commands ignored until end of transaction block
[2026-01-26T14:54:47.637+0000] {logging_mixin.py:151} INFO -      ⚠️ Erreur ligne 1000: current transaction is aborted, commands ignored until end of transaction block
[2026-01-26T14:54:47.638+0000] {logging_mixin.py:151} INFO -      ⚠️ Erreur ligne 1001: current transaction is aborted, commands ignored until end of transaction block
[2026-01-26T14:54:47.639+0000] {logging_mixin.py:151} INFO -      ⚠️ Erreur ligne 1002: current transaction is aborted, commands ignored until end of transaction block
[2026-01-26T14:54:47.640+0000] {logging_mixin.py:151} INFO -      ⚠️ Erreur ligne 1003: current transaction is aborted, commands ignored until end of transaction block
[2026-01-26T14:54:47.641+0000] {logging_mixin.py:151} INFO -      ⚠️ Erreur ligne 1004: current transaction is aborted, commands ignored until end of transaction block
[2026-01-26T14:54:47.642+0000] {logging_mixin.py:151} INFO -      ⚠️ Erreur ligne 1005: current transaction is aborted, commands ignored until end of transaction block
[2026-01-26T14:54:47.643+0000] {logging_mixin.py:151} INFO -      ⚠️ Erreur ligne 1006: current transaction is aborted, commands ignored until end of transaction block
[2026-01-26T14:54:47.644+0000] {logging_mixin.py:151} INFO -      ⚠️ Erreur ligne 1007: current transaction is aborted, commands ignored until end of transaction block
[2026-01-26T14:54:47.645+0000] {logging_mixin.py:151} INFO -      ⚠️ Erreur ligne 1008: current transaction is aborted, commands ignored until end of transaction block
[2026-01-26T14:54:47.647+0000] {logging_mixin.py:151} INFO -      ⚠️ Erreur ligne 1009: current transaction is aborted, commands ignored until end of transaction block
[2026-01-26T14:54:47.648+0000] {logging_mixin.py:151} INFO -      ⚠️ Erreur ligne 1010: current transaction is aborted, commands ignored until end of transaction block
[2026-01-26T14:54:47.650+0000] {logging_mixin.py:151} INFO -      ⚠️ Erreur ligne 1011: current transaction is aborted, commands ignored until end of transaction block
[2026-01-26T14:54:47.653+0000] {logging_mixin.py:151} INFO -      ⚠️ Erreur ligne 1012: current transaction is aborted, commands ignored until end of transaction block
[2026-01-26T14:54:47.655+0000] {logging_mixin.py:151} INFO -      ⚠️ Erreur ligne 1013: current transaction is aborted, commands ignored until end of transaction block
[2026-01-26T14:54:47.656+0000] {logging_mixin.py:151} INFO -      ⚠️ Erreur ligne 1014: current transaction is aborted, commands ignored until end of transaction block
[2026-01-26T14:54:47.658+0000] {logging_mixin.py:151} INFO -      ⚠️ Erreur ligne 1015: current transaction is aborted, commands ignored until end of transaction block
[2026-01-26T14:54:47.659+0000] {logging_mixin.py:151} INFO -      ⚠️ Erreur ligne 1016: current transaction is aborted, commands ignored until end of transaction block
[2026-01-26T14:54:47.660+0000] {logging_mixin.py:151} INFO -      ⚠️ Erreur ligne 1017: current transaction is aborted, commands ignored until end of transaction block
[2026-01-26T14:54:47.661+0000] {logging_mixin.py:151} INFO -      ✅ 0 lignes insérées, 0 doublons ignorés
[2026-01-26T14:54:47.661+0000] {logging_mixin.py:151} INFO -   ✅ Fichier traité avec succès !
[2026-01-26T14:54:47.663+0000] {logging_mixin.py:151} INFO - 
--------------------------------------------------------------------------------
[2026-01-26T14:54:47.666+0000] {logging_mixin.py:151} INFO - 📄 Traitement de : MSFT_2026-01-26 06:13:31.074172+00:00.csv
[2026-01-26T14:54:47.666+0000] {logging_mixin.py:151} INFO - --------------------------------------------------------------------------------
[2026-01-26T14:54:47.667+0000] {logging_mixin.py:151} INFO -   1️⃣ Lecture du CSV...
[2026-01-26T14:54:47.677+0000] {logging_mixin.py:151} INFO -      ✅ Lu 1018 lignes
[2026-01-26T14:54:47.677+0000] {logging_mixin.py:151} INFO -      Colonnes: ['Date', 'Open', 'High', 'Low', 'Close', 'Volume', 'Dividends', 'Stock Splits', 'symbol', 'extracted_at']
[2026-01-26T14:54:47.677+0000] {logging_mixin.py:151} INFO -   2️⃣ Nettoyage des colonnes...
[2026-01-26T14:54:47.679+0000] {logging_mixin.py:151} INFO -      ✅ Colonnes nettoyées: ['date', 'open', 'high', 'low', 'close', 'volume', 'dividends', 'stock_splits', 'symbol', 'extracted_at']
[2026-01-26T14:54:47.679+0000] {logging_mixin.py:151} INFO -   3️⃣ Conversion des dates...
[2026-01-26T14:54:47.689+0000] {logging_mixin.py:151} INFO -      ✅ Dates converties
[2026-01-26T14:54:47.690+0000] {logging_mixin.py:151} INFO -   4️⃣ Nettoyage des données...
[2026-01-26T14:54:47.697+0000] {logging_mixin.py:151} INFO -      ✅ 1018 → 1018 lignes (après nettoyage)
[2026-01-26T14:54:47.697+0000] {logging_mixin.py:151} INFO -   5️⃣ Connexion à la base de données...
[2026-01-26T14:54:47.703+0000] {logging_mixin.py:151} INFO -      ✅ Connecté
[2026-01-26T14:54:47.704+0000] {logging_mixin.py:151} INFO -   6️⃣ Insertion des données...
[2026-01-26T14:54:47.706+0000] {logging_mixin.py:151} INFO -      ⚠️ Erreur ligne 0: column "id" does not exist
LINE 5:                         RETURNING id
                                          ^
[2026-01-26T14:54:47.707+0000] {logging_mixin.py:151} INFO -      ⚠️ Erreur ligne 1: current transaction is aborted, commands ignored until end of transaction block
[2026-01-26T14:54:47.708+0000] {logging_mixin.py:151} INFO -      ⚠️ Erreur ligne 2: current transaction is aborted, commands ignored until end of transaction block
[2026-01-26T14:54:47.709+0000] {logging_mixin.py:151} INFO -      ⚠️ Erreur ligne 3: current transaction is aborted, commands ignored until end of transaction block
[2026-01-26T14:54:47.710+0000] {logging_mixin.py:151} INFO -      ⚠️ Erreur ligne 4: current transaction is aborted, commands ignored until end of transaction block
[2026-01-26T14:54:47.711+0000] {logging_mixin.py:151} INFO -      ⚠️ Erreur ligne 5: current transaction is aborted, commands ignored until end of transaction block
[2026-01-26T14:54:47.712+0000] {logging_mixin.py:151} INFO -      ⚠️ Erreur ligne 6: current transaction is aborted, commands ignored until end of transaction block
[2026-01-26T14:54:47.713+0000] {logging_mixin.py:151} INFO -      ⚠️ Erreur ligne 7: current transaction is aborted, commands ignored until end of transaction block
[2026-01-26T14:54:47.714+0000] {logging_mixin.py:151} INFO -      ⚠️ Erreur ligne 8: current transaction is aborted, commands ignored until end of transaction block
[2026-01-26T14:54:47.715+0000] {logging_mixin.py:151} INFO -      ⚠️ Erreur ligne 9: current transaction is aborted, commands ignored until end of transaction block
[2026-01-26T14:54:47.716+0000] {logging_mixin.py:151} INFO -      ⚠️ Erreur ligne 10: current transaction is aborted, commands ignored until end of transaction block
[2026-01-26T14:54:47.718+0000] {logging_mixin.py:151} INFO -      ⚠️ Erreur ligne 11: current transaction is aborted, commands ignored until end of transaction block
[2026-01-26T14:54:47.719+0000] {logging_mixin.py:151} INFO -      ⚠️ Erreur ligne 12: current transaction is aborted, commands ignored until end of transaction block
[2026-01-26T14:54:47.722+0000] {logging_mixin.py:151} INFO -      ⚠️ Erreur ligne 13: current transaction is aborted, commands ignored until end of transaction block
[2026-01-26T14:54:47.724+0000] {logging_mixin.py:151} INFO -      ⚠️ Erreur ligne 14: current transaction is aborted, commands ignored until end of transaction block
[2026-01-26T14:54:47.725+0000] {logging_mixin.py:151} INFO -      ⚠️ Erreur ligne 15: current transaction is aborted, commands ignored until end of transaction block
[2026-01-26T14:54:47.726+0000] {logging_mixin.py:151} INFO -      ⚠️ Erreur ligne 16: current transaction is aborted, commands ignored until end of transaction block
[2026-01-26T14:54:47.727+0000] {logging_mixin.py:151} INFO -      ⚠️ Erreur ligne 17: current transaction is aborted, commands ignored until end of transaction block
[2026-01-26T14:54:47.728+0000] {logging_mixin.py:151} INFO -      ⚠️ Erreur ligne 18: current transaction is aborted, commands ignored until end of transaction block
[2026-01-26T14:54:47.729+0000] {logging_mixin.py:151} INFO -      ⚠️ Erreur ligne 19: current transaction is aborted, commands ignored until end of transaction block
[2026-01-26T14:54:47.730+0000] {logging_mixin.py:151} INFO -      ⚠️ Erreur ligne 20: current transaction is aborted, commands ignored until end of transaction block
[2026-01-26T14:54:47.731+0000] {logging_mixin.py:151} INFO -      ⚠️ Erreur ligne 21: current transaction is aborted, commands ignored until end of transaction block
[2026-01-26T14:54:47.733+0000] {logging_mixin.py:151} INFO -      ⚠️ Erreur ligne 22: current transaction is aborted, commands ignored until end of transaction block
[2026-01-26T14:54:47.734+0000] {logging_mixin.py:151} INFO -      ⚠️ Erreur ligne 23: current transaction is aborted, commands ignored until end of transaction block
[2026-01-26T14:54:47.737+0000] {logging_mixin.py:151} INFO -      ⚠️ Erreur ligne 24: current transaction is aborted, commands ignored until end of transaction block
[2026-01-26T14:54:47.738+0000] {logging_mixin.py:151} INFO -      ⚠️ Erreur ligne 25: current transaction is aborted, commands ignored until end of transaction block
[2026-01-26T14:54:47.741+0000] {logging_mixin.py:151} INFO -      ⚠️ Erreur ligne 26: current transaction is aborted, commands ignored until end of transaction block
[2026-01-26T14:54:47.743+0000] {logging_mixin.py:151} INFO -      ⚠️ Erreur ligne 27: current transaction is aborted, commands ignored until end of transaction block
[2026-01-26T14:54:47.744+0000] {logging_mixin.py:151} INFO -      ⚠️ Erreur ligne 28: current transaction is aborted, commands ignored until end of transaction block
[2026-01-26T14:54:47.745+0000] {logging_mixin.py:151} INFO -      ⚠️ Erreur ligne 29: current transaction is aborted, commands ignored until end of transaction block
[2026-01-26T14:54:47.746+0000] {logging_mixin.py:151} INFO -      ⚠️ Erreur ligne 30: current transaction is aborted, commands ignored until end of transaction block
[2026-01-26T14:54:47.747+0000] {logging_mixin.py:151} INFO -      ⚠️ Erreur ligne 31: current transaction is aborted, commands ignored until end of transaction block
[2026-01-26T14:54:47.749+0000] {logging_mixin.py:151} INFO -      ⚠️ Erreur ligne 32: current transaction is aborted, commands ignored until end of transaction block
[2026-01-26T14:54:47.751+0000] {logging_mixin.py:151} INFO -      ⚠️ Erreur ligne 33: current transaction is aborted, commands ignored until end of transaction block
[2026-01-26T14:54:47.753+0000] {logging_mixin.py:151} INFO -      ⚠️ Erreur ligne 34: current transaction is aborted, commands ignored until end of transaction block
[2026-01-26T14:54:47.754+0000] {logging_mixin.py:151} INFO -      ⚠️ Erreur ligne 35: current transaction is aborted, commands ignored until end of transaction block
[2026-01-26T14:54:47.755+0000] {logging_mixin.py:151} INFO -      ⚠️ Erreur ligne 36: current transaction is aborted, commands ignored until end of transaction block
[2026-01-26T14:54:47.756+0000] {logging_mixin.py:151} INFO -      ⚠️ Erreur ligne 37: current transaction is aborted, commands ignored until end of transaction block
[2026-01-26T14:54:47.758+0000] {logging_mixin.py:151} INFO -      ⚠️ Erreur ligne 38: current transaction is aborted, commands ignored until end of transaction block
[2026-01-26T14:54:47.759+0000] {logging_mixin.py:151} INFO -      ⚠️ Erreur ligne 39: current transaction is aborted, commands ignored until end of transaction block
[2026-01-26T14:54:47.761+0000] {logging_mixin.py:151} INFO -      ⚠️ Erreur ligne 40: current transaction is aborted, commands ignored until end of transaction block
[2026-01-26T14:54:47.763+0000] {logging_mixin.py:151} INFO -      ⚠️ Erreur ligne 41: current transaction is aborted, commands ignored until end of transaction block
[2026-01-26T14:54:47.764+0000] {logging_mixin.py:151} INFO -      ⚠️ Erreur ligne 42: current transaction is aborted, commands ignored until end of transaction block
[2026-01-26T14:54:47.766+0000] {logging_mixin.py:151} INFO -      ⚠️ Erreur ligne 43: current transaction is aborted, commands ignored until end of transaction block
[2026-01-26T14:54:47.768+0000] {logging_mixin.py:151} INFO -      ⚠️ Erreur ligne 44: current transaction is aborted, commands ignored until end of transaction block
[2026-01-26T14:54:47.769+0000] {logging_mixin.py:151} INFO -      ⚠️ Erreur ligne 45: current transaction is aborted, commands ignored until end of transaction block
[2026-01-26T14:54:47.770+0000] {logging_mixin.py:151} INFO -      ⚠️ Erreur ligne 46: current transaction is aborted, commands ignored until end of transaction block
[2026-01-26T14:54:47.771+0000] {logging_mixin.py:151} INFO -      ⚠️ Erreur ligne 47: current transaction is aborted, commands ignored until end of transaction block
[2026-01-26T14:54:47.773+0000] {logging_mixin.py:151} INFO -      ⚠️ Erreur ligne 48: current transaction is aborted, commands ignored until end of transaction block
[2026-01-26T14:54:47.775+0000] {logging_mixin.py:151} INFO -      ⚠️ Erreur ligne 49: current transaction is aborted, commands ignored until end of transaction block
[2026-01-26T14:54:47.777+0000] {logging_mixin.py:151} INFO -      ⚠️ Erreur ligne 50: current transaction is aborted, commands ignored until end of transaction block
[2026-01-26T14:54:47.778+0000] {logging_mixin.py:151} INFO -      ⚠️ Erreur ligne 51: current transaction is aborted, commands ignored until end of transaction block
[2026-01-26T14:54:47.779+0000] {logging_mixin.py:151} INFO -      ⚠️ Erreur ligne 52: current transaction is aborted, commands ignored until end of transaction block
[2026-01-26T14:54:47.781+0000] {logging_mixin.py:151} INFO -      ⚠️ Erreur ligne 53: current transaction is aborted, commands ignored until end of transaction block
[2026-01-26T14:54:47.781+0000] {logging_mixin.py:151} INFO -      ⚠️ Erreur ligne 54: current transaction is aborted, commands ignored until end of transaction block
[2026-01-26T14:54:47.782+0000] {logging_mixin.py:151} INFO -      ⚠️ Erreur ligne 55: current transaction is aborted, commands ignored until end of transaction block
[2026-01-26T14:54:47.784+0000] {logging_mixin.py:151} INFO -      ⚠️ Erreur ligne 56: current transaction is aborted, commands ignored until end of transaction block
[2026-01-26T14:54:47.785+0000] {logging_mixin.py:151} INFO -      ⚠️ Erreur ligne 57: current transaction is aborted, commands ignored until end of transaction block
[2026-01-26T14:54:47.786+0000] {logging_mixin.py:151} INFO -      ⚠️ Erreur ligne 58: current transaction is aborted, commands ignored until end of transaction block
[2026-01-26T14:54:47.788+0000] {logging_mixin.py:151} INFO -      ⚠️ Erreur ligne 59: current transaction is aborted, commands ignored until end of transaction block
[2026-01-26T14:54:47.789+0000] {logging_mixin.py:151} INFO -      ⚠️ Erreur ligne 60: current transaction is aborted, commands ignored until end of transaction block
[2026-01-26T14:54:47.791+0000] {logging_mixin.py:151} INFO -      ⚠️ Erreur ligne 61: current transaction is aborted, commands ignored until end of transaction block
[2026-01-26T14:54:47.792+0000] {logging_mixin.py:151} INFO -      ⚠️ Erreur ligne 62: current transaction is aborted, commands ignored until end of transaction block
[2026-01-26T14:54:47.793+0000] {logging_mixin.py:151} INFO -      ⚠️ Erreur ligne 63: current transaction is aborted, commands ignored until end of transaction block
[2026-01-26T14:54:47.795+0000] {logging_mixin.py:151} INFO -      ⚠️ Erreur ligne 64: current transaction is aborted, commands ignored until end of transaction block
[2026-01-26T14:54:47.796+0000] {logging_mixin.py:151} INFO -      ⚠️ Erreur ligne 65: current transaction is aborted, commands ignored until end of transaction block
[2026-01-26T14:54:47.797+0000] {logging_mixin.py:151} INFO -      ⚠️ Erreur ligne 66: current transaction is aborted, commands ignored until end of transaction block
[2026-01-26T14:54:47.799+0000] {logging_mixin.py:151} INFO -      ⚠️ Erreur ligne 67: current transaction is aborted, commands ignored until end of transaction block
[2026-01-26T14:54:47.801+0000] {logging_mixin.py:151} INFO -      ⚠️ Erreur ligne 68: current transaction is aborted, commands ignored until end of transaction block
[2026-01-26T14:54:47.804+0000] {logging_mixin.py:151} INFO -      ⚠️ Erreur ligne 69: current transaction is aborted, commands ignored until end of transaction block
[2026-01-26T14:54:47.805+0000] {logging_mixin.py:151} INFO -      ⚠️ Erreur ligne 70: current transaction is aborted, commands ignored until end of transaction block
[2026-01-26T14:54:47.806+0000] {logging_mixin.py:151} INFO -      ⚠️ Erreur ligne 71: current transaction is aborted, commands ignored until end of transaction block
[2026-01-26T14:54:47.807+0000] {logging_mixin.py:151} INFO -      ⚠️ Erreur ligne 72: current transaction is aborted, commands ignored until end of transaction block
[2026-01-26T14:54:47.810+0000] {logging_mixin.py:151} INFO -      ⚠️ Erreur ligne 73: current transaction is aborted, commands ignored until end of transaction block
[2026-01-26T14:54:47.811+0000] {logging_mixin.py:151} INFO -      ⚠️ Erreur ligne 74: current transaction is aborted, commands ignored until end of transaction block
[2026-01-26T14:54:47.813+0000] {logging_mixin.py:151} INFO -      ⚠️ Erreur ligne 75: current transaction is aborted, commands ignored until end of transaction block
[2026-01-26T14:54:47.814+0000] {logging_mixin.py:151} INFO -      ⚠️ Erreur ligne 76: current transaction is aborted, commands ignored until end of transaction block
[2026-01-26T14:54:47.815+0000] {logging_mixin.py:151} INFO -      ⚠️ Erreur ligne 77: current transaction is aborted, commands ignored until end of transaction block
[2026-01-26T14:54:47.816+0000] {logging_mixin.py:151} INFO -      ⚠️ Erreur ligne 78: current transaction is aborted, commands ignored until end of transaction block
[2026-01-26T14:54:47.818+0000] {logging_mixin.py:151} INFO -      ⚠️ Erreur ligne 79: current transaction is aborted, commands ignored until end of transaction block
[2026-01-26T14:54:47.819+0000] {logging_mixin.py:151} INFO -      ⚠️ Erreur ligne 80: current transaction is aborted, commands ignored until end of transaction block
[2026-01-26T14:54:47.821+0000] {logging_mixin.py:151} INFO -      ⚠️ Erreur ligne 81: current transaction is aborted, commands ignored until end of transaction block
[2026-01-26T14:54:47.822+0000] {logging_mixin.py:151} INFO -      ⚠️ Erreur ligne 82: current transaction is aborted, commands ignored until end of transaction block
[2026-01-26T14:54:47.823+0000] {logging_mixin.py:151} INFO -      ⚠️ Erreur ligne 83: current transaction is aborted, commands ignored until end of transaction block
[2026-01-26T14:54:47.823+0000] {logging_mixin.py:151} INFO -      ⚠️ Erreur ligne 84: current transaction is aborted, commands ignored until end of transaction block
[2026-01-26T14:54:47.824+0000] {logging_mixin.py:151} INFO -      ⚠️ Erreur ligne 85: current transaction is aborted, commands ignored until end of transaction block
[2026-01-26T14:54:47.826+0000] {logging_mixin.py:151} INFO -      ⚠️ Erreur ligne 86: current transaction is aborted, commands ignored until end of transaction block
[2026-01-26T14:54:47.827+0000] {logging_mixin.py:151} INFO -      ⚠️ Erreur ligne 87: current transaction is aborted, commands ignored until end of transaction block
[2026-01-26T14:54:47.827+0000] {logging_mixin.py:151} INFO -      ⚠️ Erreur ligne 88: current transaction is aborted, commands ignored until end of transaction block
[2026-01-26T14:54:47.828+0000] {logging_mixin.py:151} INFO -      ⚠️ Erreur ligne 89: current transaction is aborted, commands ignored until end of transaction block
[2026-01-26T14:54:47.829+0000] {logging_mixin.py:151} INFO -      ⚠️ Erreur ligne 90: current transaction is aborted, commands ignored until end of transaction block
[2026-01-26T14:54:47.831+0000] {logging_mixin.py:151} INFO -      ⚠️ Erreur ligne 91: current transaction is aborted, commands ignored until end of transaction block
[2026-01-26T14:54:47.832+0000] {logging_mixin.py:151} INFO -      ⚠️ Erreur ligne 92: current transaction is aborted, commands ignored until end of transaction block
[2026-01-26T14:54:47.833+0000] {logging_mixin.py:151} INFO -      ⚠️ Erreur ligne 93: current transaction is aborted, commands ignored until end of transaction block
[2026-01-26T14:54:47.835+0000] {logging_mixin.py:151} INFO -      ⚠️ Erreur ligne 94: current transaction is aborted, commands ignored until end of transaction block
[2026-01-26T14:54:47.838+0000] {logging_mixin.py:151} INFO -      ⚠️ Erreur ligne 95: current transaction is aborted, commands ignored until end of transaction block
[2026-01-26T14:54:47.839+0000] {logging_mixin.py:151} INFO -      ⚠️ Erreur ligne 96: current transaction is aborted, commands ignored until end of transaction block
[2026-01-26T14:54:47.841+0000] {logging_mixin.py:151} INFO -      ⚠️ Erreur ligne 97: current transaction is aborted, commands ignored until end of transaction block
[2026-01-26T14:54:47.842+0000] {logging_mixin.py:151} INFO -      ⚠️ Erreur ligne 98: current transaction is aborted, commands ignored until end of transaction block
[2026-01-26T14:54:47.843+0000] {logging_mixin.py:151} INFO -      ⚠️ Erreur ligne 99: current transaction is aborted, commands ignored until end of transaction block
[2026-01-26T14:54:47.844+0000] {logging_mixin.py:151} INFO -      ⚠️ Erreur ligne 100: current transaction is aborted, commands ignored until end of transaction block
[2026-01-26T14:54:47.845+0000] {logging_mixin.py:151} INFO -      ⚠️ Erreur ligne 101: current transaction is aborted, commands ignored until end of transaction block
[2026-01-26T14:54:47.846+0000] {logging_mixin.py:151} INFO -      ⚠️ Erreur ligne 102: current transaction is aborted, commands ignored until end of transaction block
[2026-01-26T14:54:47.847+0000] {logging_mixin.py:151} INFO -      ⚠️ Erreur ligne 103: current transaction is aborted, commands ignored until end of transaction block
[2026-01-26T14:54:47.847+0000] {logging_mixin.py:151} INFO -      ⚠️ Erreur ligne 104: current transaction is aborted, commands ignored until end of transaction block
[2026-01-26T14:54:47.849+0000] {logging_mixin.py:151} INFO -      ⚠️ Erreur ligne 105: current transaction is aborted, commands ignored until end of transaction block
[2026-01-26T14:54:47.850+0000] {logging_mixin.py:151} INFO -      ⚠️ Erreur ligne 106: current transaction is aborted, commands ignored until end of transaction block
[2026-01-26T14:54:47.851+0000] {logging_mixin.py:151} INFO -      ⚠️ Erreur ligne 107: current transaction is aborted, commands ignored until end of transaction block
[2026-01-26T14:54:47.853+0000] {logging_mixin.py:151} INFO -      ⚠️ Erreur ligne 108: current transaction is aborted, commands ignored until end of transaction block
[2026-01-26T14:54:47.854+0000] {logging_mixin.py:151} INFO -      ⚠️ Erreur ligne 109: current transaction is aborted, commands ignored until end of transaction block
[2026-01-26T14:54:47.855+0000] {logging_mixin.py:151} INFO -      ⚠️ Erreur ligne 110: current transaction is aborted, commands ignored until end of transaction block
[2026-01-26T14:54:47.857+0000] {logging_mixin.py:151} INFO -      ⚠️ Erreur ligne 111: current transaction is aborted, commands ignored until end of transaction block
[2026-01-26T14:54:47.858+0000] {logging_mixin.py:151} INFO -      ⚠️ Erreur ligne 112: current transaction is aborted, commands ignored until end of transaction block
[2026-01-26T14:54:47.859+0000] {logging_mixin.py:151} INFO -      ⚠️ Erreur ligne 113: current transaction is aborted, commands ignored until end of transaction block
[2026-01-26T14:54:47.861+0000] {logging_mixin.py:151} INFO -      ⚠️ Erreur ligne 114: current transaction is aborted, commands ignored until end of transaction block
[2026-01-26T14:54:47.862+0000] {logging_mixin.py:151} INFO -      ⚠️ Erreur ligne 115: current transaction is aborted, commands ignored until end of transaction block
[2026-01-26T14:54:47.863+0000] {logging_mixin.py:151} INFO -      ⚠️ Erreur ligne 116: current transaction is aborted, commands ignored until end of transaction block
[2026-01-26T14:54:47.864+0000] {logging_mixin.py:151} INFO -      ⚠️ Erreur ligne 117: current transaction is aborted, commands ignored until end of transaction block
[2026-01-26T14:54:47.865+0000] {logging_mixin.py:151} INFO -      ⚠️ Erreur ligne 118: current transaction is aborted, commands ignored until end of transaction block
[2026-01-26T14:54:47.866+0000] {logging_mixin.py:151} INFO -      ⚠️ Erreur ligne 119: current transaction is aborted, commands ignored until end of transaction block
[2026-01-26T14:54:47.867+0000] {logging_mixin.py:151} INFO -      ⚠️ Erreur ligne 120: current transaction is aborted, commands ignored until end of transaction block
[2026-01-26T14:54:47.869+0000] {logging_mixin.py:151} INFO -      ⚠️ Erreur ligne 121: current transaction is aborted, commands ignored until end of transaction block
[2026-01-26T14:54:47.870+0000] {logging_mixin.py:151} INFO -      ⚠️ Erreur ligne 122: current transaction is aborted, commands ignored until end of transaction block
[2026-01-26T14:54:47.871+0000] {logging_mixin.py:151} INFO -      ⚠️ Erreur ligne 123: current transaction is aborted, commands ignored until end of transaction block
[2026-01-26T14:54:47.872+0000] {logging_mixin.py:151} INFO -      ⚠️ Erreur ligne 124: current transaction is aborted, commands ignored until end of transaction block
[2026-01-26T14:54:47.873+0000] {logging_mixin.py:151} INFO -      ⚠️ Erreur ligne 125: current transaction is aborted, commands ignored until end of transaction block
[2026-01-26T14:54:47.874+0000] {logging_mixin.py:151} INFO -      ⚠️ Erreur ligne 126: current transaction is aborted, commands ignored until end of transaction block
[2026-01-26T14:54:47.875+0000] {logging_mixin.py:151} INFO -      ⚠️ Erreur ligne 127: current transaction is aborted, commands ignored until end of transaction block
[2026-01-26T14:54:47.876+0000] {logging_mixin.py:151} INFO -      ⚠️ Erreur ligne 128: current transaction is aborted, commands ignored until end of transaction block
[2026-01-26T14:54:47.878+0000] {logging_mixin.py:151} INFO -      ⚠️ Erreur ligne 129: current transaction is aborted, commands ignored until end of transaction block
[2026-01-26T14:54:47.879+0000] {logging_mixin.py:151} INFO -      ⚠️ Erreur ligne 130: current transaction is aborted, commands ignored until end of transaction block
[2026-01-26T14:54:47.881+0000] {logging_mixin.py:151} INFO -      ⚠️ Erreur ligne 131: current transaction is aborted, commands ignored until end of transaction block
[2026-01-26T14:54:47.882+0000] {logging_mixin.py:151} INFO -      ⚠️ Erreur ligne 132: current transaction is aborted, commands ignored until end of transaction block
[2026-01-26T14:54:47.883+0000] {logging_mixin.py:151} INFO -      ⚠️ Erreur ligne 133: current transaction is aborted, commands ignored until end of transaction block
[2026-01-26T14:54:47.885+0000] {logging_mixin.py:151} INFO -      ⚠️ Erreur ligne 134: current transaction is aborted, commands ignored until end of transaction block
[2026-01-26T14:54:47.886+0000] {logging_mixin.py:151} INFO -      ⚠️ Erreur ligne 135: current transaction is aborted, commands ignored until end of transaction block
[2026-01-26T14:54:47.887+0000] {logging_mixin.py:151} INFO -      ⚠️ Erreur ligne 136: current transaction is aborted, commands ignored until end of transaction block
[2026-01-26T14:54:47.888+0000] {logging_mixin.py:151} INFO -      ⚠️ Erreur ligne 137: current transaction is aborted, commands ignored until end of transaction block
[2026-01-26T14:54:47.889+0000] {logging_mixin.py:151} INFO -      ⚠️ Erreur ligne 138: current transaction is aborted, commands ignored until end of transaction block
[2026-01-26T14:54:47.890+0000] {logging_mixin.py:151} INFO -      ⚠️ Erreur ligne 139: current transaction is aborted, commands ignored until end of transaction block
[2026-01-26T14:54:47.892+0000] {logging_mixin.py:151} INFO -      ⚠️ Erreur ligne 140: current transaction is aborted, commands ignored until end of transaction block
[2026-01-26T14:54:47.893+0000] {logging_mixin.py:151} INFO -      ⚠️ Erreur ligne 141: current transaction is aborted, commands ignored until end of transaction block
[2026-01-26T14:54:47.894+0000] {logging_mixin.py:151} INFO -      ⚠️ Erreur ligne 142: current transaction is aborted, commands ignored until end of transaction block
[2026-01-26T14:54:47.895+0000] {logging_mixin.py:151} INFO -      ⚠️ Erreur ligne 143: current transaction is aborted, commands ignored until end of transaction block
[2026-01-26T14:54:47.896+0000] {logging_mixin.py:151} INFO -      ⚠️ Erreur ligne 144: current transaction is aborted, commands ignored until end of transaction block
[2026-01-26T14:54:47.897+0000] {logging_mixin.py:151} INFO -      ⚠️ Erreur ligne 145: current transaction is aborted, commands ignored until end of transaction block
[2026-01-26T14:54:47.898+0000] {logging_mixin.py:151} INFO -      ⚠️ Erreur ligne 146: current transaction is aborted, commands ignored until end of transaction block
[2026-01-26T14:54:47.900+0000] {logging_mixin.py:151} INFO -      ⚠️ Erreur ligne 147: current transaction is aborted, commands ignored until end of transaction block
[2026-01-26T14:54:47.901+0000] {logging_mixin.py:151} INFO -      ⚠️ Erreur ligne 148: current transaction is aborted, commands ignored until end of transaction block
[2026-01-26T14:54:47.903+0000] {logging_mixin.py:151} INFO -      ⚠️ Erreur ligne 149: current transaction is aborted, commands ignored until end of transaction block
[2026-01-26T14:54:47.904+0000] {logging_mixin.py:151} INFO -      ⚠️ Erreur ligne 150: current transaction is aborted, commands ignored until end of transaction block
[2026-01-26T14:54:47.905+0000] {logging_mixin.py:151} INFO -      ⚠️ Erreur ligne 151: current transaction is aborted, commands ignored until end of transaction block
[2026-01-26T14:54:47.906+0000] {logging_mixin.py:151} INFO -      ⚠️ Erreur ligne 152: current transaction is aborted, commands ignored until end of transaction block
[2026-01-26T14:54:47.907+0000] {logging_mixin.py:151} INFO -      ⚠️ Erreur ligne 153: current transaction is aborted, commands ignored until end of transaction block
[2026-01-26T14:54:47.909+0000] {logging_mixin.py:151} INFO -      ⚠️ Erreur ligne 154: current transaction is aborted, commands ignored until end of transaction block
[2026-01-26T14:54:47.910+0000] {logging_mixin.py:151} INFO -      ⚠️ Erreur ligne 155: current transaction is aborted, commands ignored until end of transaction block
[2026-01-26T14:54:47.911+0000] {logging_mixin.py:151} INFO -      ⚠️ Erreur ligne 156: current transaction is aborted, commands ignored until end of transaction block
[2026-01-26T14:54:47.912+0000] {logging_mixin.py:151} INFO -      ⚠️ Erreur ligne 157: current transaction is aborted, commands ignored until end of transaction block
[2026-01-26T14:54:47.914+0000] {logging_mixin.py:151} INFO -      ⚠️ Erreur ligne 158: current transaction is aborted, commands ignored until end of transaction block
[2026-01-26T14:54:47.915+0000] {logging_mixin.py:151} INFO -      ⚠️ Erreur ligne 159: current transaction is aborted, commands ignored until end of transaction block
[2026-01-26T14:54:47.916+0000] {logging_mixin.py:151} INFO -      ⚠️ Erreur ligne 160: current transaction is aborted, commands ignored until end of transaction block
[2026-01-26T14:54:47.919+0000] {logging_mixin.py:151} INFO -      ⚠️ Erreur ligne 161: current transaction is aborted, commands ignored until end of transaction block
[2026-01-26T14:54:47.920+0000] {logging_mixin.py:151} INFO -      ⚠️ Erreur ligne 162: current transaction is aborted, commands ignored until end of transaction block
[2026-01-26T14:54:47.921+0000] {logging_mixin.py:151} INFO -      ⚠️ Erreur ligne 163: current transaction is aborted, commands ignored until end of transaction block
[2026-01-26T14:54:47.923+0000] {logging_mixin.py:151} INFO -      ⚠️ Erreur ligne 164: current transaction is aborted, commands ignored until end of transaction block
[2026-01-26T14:54:47.924+0000] {logging_mixin.py:151} INFO -      ⚠️ Erreur ligne 165: current transaction is aborted, commands ignored until end of transaction block
[2026-01-26T14:54:47.926+0000] {logging_mixin.py:151} INFO -      ⚠️ Erreur ligne 166: current transaction is aborted, commands ignored until end of transaction block
[2026-01-26T14:54:47.927+0000] {logging_mixin.py:151} INFO -      ⚠️ Erreur ligne 167: current transaction is aborted, commands ignored until end of transaction block
[2026-01-26T14:54:47.928+0000] {logging_mixin.py:151} INFO -      ⚠️ Erreur ligne 168: current transaction is aborted, commands ignored until end of transaction block
[2026-01-26T14:54:47.930+0000] {logging_mixin.py:151} INFO -      ⚠️ Erreur ligne 169: current transaction is aborted, commands ignored until end of transaction block
[2026-01-26T14:54:47.932+0000] {logging_mixin.py:151} INFO -      ⚠️ Erreur ligne 170: current transaction is aborted, commands ignored until end of transaction block
[2026-01-26T14:54:47.934+0000] {logging_mixin.py:151} INFO -      ⚠️ Erreur ligne 171: current transaction is aborted, commands ignored until end of transaction block
[2026-01-26T14:54:47.935+0000] {logging_mixin.py:151} INFO -      ⚠️ Erreur ligne 172: current transaction is aborted, commands ignored until end of transaction block
[2026-01-26T14:54:47.936+0000] {logging_mixin.py:151} INFO -      ⚠️ Erreur ligne 173: current transaction is aborted, commands ignored until end of transaction block
[2026-01-26T14:54:47.937+0000] {logging_mixin.py:151} INFO -      ⚠️ Erreur ligne 174: current transaction is aborted, commands ignored until end of transaction block
[2026-01-26T14:54:47.938+0000] {logging_mixin.py:151} INFO -      ⚠️ Erreur ligne 175: current transaction is aborted, commands ignored until end of transaction block
[2026-01-26T14:54:47.940+0000] {logging_mixin.py:151} INFO -      ⚠️ Erreur ligne 176: current transaction is aborted, commands ignored until end of transaction block
[2026-01-26T14:54:47.941+0000] {logging_mixin.py:151} INFO -      ⚠️ Erreur ligne 177: current transaction is aborted, commands ignored until end of transaction block
[2026-01-26T14:54:47.942+0000] {logging_mixin.py:151} INFO -      ⚠️ Erreur ligne 178: current transaction is aborted, commands ignored until end of transaction block
[2026-01-26T14:54:47.943+0000] {logging_mixin.py:151} INFO -      ⚠️ Erreur ligne 179: current transaction is aborted, commands ignored until end of transaction block
[2026-01-26T14:54:47.944+0000] {logging_mixin.py:151} INFO -      ⚠️ Erreur ligne 180: current transaction is aborted, commands ignored until end of transaction block
[2026-01-26T14:54:47.945+0000] {logging_mixin.py:151} INFO -      ⚠️ Erreur ligne 181: current transaction is aborted, commands ignored until end of transaction block
[2026-01-26T14:54:47.947+0000] {logging_mixin.py:151} INFO -      ⚠️ Erreur ligne 182: current transaction is aborted, commands ignored until end of transaction block
[2026-01-26T14:54:47.948+0000] {logging_mixin.py:151} INFO -      ⚠️ Erreur ligne 183: current transaction is aborted, commands ignored until end of transaction block
[2026-01-26T14:54:47.949+0000] {logging_mixin.py:151} INFO -      ⚠️ Erreur ligne 184: current transaction is aborted, commands ignored until end of transaction block
[2026-01-26T14:54:47.951+0000] {logging_mixin.py:151} INFO -      ⚠️ Erreur ligne 185: current transaction is aborted, commands ignored until end of transaction block
[2026-01-26T14:54:47.952+0000] {logging_mixin.py:151} INFO -      ⚠️ Erreur ligne 186: current transaction is aborted, commands ignored until end of transaction block
[2026-01-26T14:54:47.953+0000] {logging_mixin.py:151} INFO -      ⚠️ Erreur ligne 187: current transaction is aborted, commands ignored until end of transaction block
[2026-01-26T14:54:47.955+0000] {logging_mixin.py:151} INFO -      ⚠️ Erreur ligne 188: current transaction is aborted, commands ignored until end of transaction block
[2026-01-26T14:54:47.956+0000] {logging_mixin.py:151} INFO -      ⚠️ Erreur ligne 189: current transaction is aborted, commands ignored until end of transaction block
[2026-01-26T14:54:47.958+0000] {logging_mixin.py:151} INFO -      ⚠️ Erreur ligne 190: current transaction is aborted, commands ignored until end of transaction block
[2026-01-26T14:54:47.959+0000] {logging_mixin.py:151} INFO -      ⚠️ Erreur ligne 191: current transaction is aborted, commands ignored until end of transaction block
[2026-01-26T14:54:47.960+0000] {logging_mixin.py:151} INFO -      ⚠️ Erreur ligne 192: current transaction is aborted, commands ignored until end of transaction block
[2026-01-26T14:54:47.961+0000] {logging_mixin.py:151} INFO -      ⚠️ Erreur ligne 193: current transaction is aborted, commands ignored until end of transaction block
[2026-01-26T14:54:47.963+0000] {logging_mixin.py:151} INFO -      ⚠️ Erreur ligne 194: current transaction is aborted, commands ignored until end of transaction block
[2026-01-26T14:54:47.964+0000] {logging_mixin.py:151} INFO -      ⚠️ Erreur ligne 195: current transaction is aborted, commands ignored until end of transaction block
[2026-01-26T14:54:47.965+0000] {logging_mixin.py:151} INFO -      ⚠️ Erreur ligne 196: current transaction is aborted, commands ignored until end of transaction block
[2026-01-26T14:54:47.966+0000] {logging_mixin.py:151} INFO -      ⚠️ Erreur ligne 197: current transaction is aborted, commands ignored until end of transaction block
[2026-01-26T14:54:47.967+0000] {logging_mixin.py:151} INFO -      ⚠️ Erreur ligne 198: current transaction is aborted, commands ignored until end of transaction block
[2026-01-26T14:54:47.969+0000] {logging_mixin.py:151} INFO -      ⚠️ Erreur ligne 199: current transaction is aborted, commands ignored until end of transaction block
[2026-01-26T14:54:47.971+0000] {logging_mixin.py:151} INFO -      ⚠️ Erreur ligne 200: current transaction is aborted, commands ignored until end of transaction block
[2026-01-26T14:54:47.972+0000] {logging_mixin.py:151} INFO -      ⚠️ Erreur ligne 201: current transaction is aborted, commands ignored until end of transaction block
[2026-01-26T14:54:47.974+0000] {logging_mixin.py:151} INFO -      ⚠️ Erreur ligne 202: current transaction is aborted, commands ignored until end of transaction block
[2026-01-26T14:54:47.975+0000] {logging_mixin.py:151} INFO -      ⚠️ Erreur ligne 203: current transaction is aborted, commands ignored until end of transaction block
[2026-01-26T14:54:47.977+0000] {logging_mixin.py:151} INFO -      ⚠️ Erreur ligne 204: current transaction is aborted, commands ignored until end of transaction block
[2026-01-26T14:54:47.978+0000] {logging_mixin.py:151} INFO -      ⚠️ Erreur ligne 205: current transaction is aborted, commands ignored until end of transaction block
[2026-01-26T14:54:47.980+0000] {logging_mixin.py:151} INFO -      ⚠️ Erreur ligne 206: current transaction is aborted, commands ignored until end of transaction block
[2026-01-26T14:54:47.981+0000] {logging_mixin.py:151} INFO -      ⚠️ Erreur ligne 207: current transaction is aborted, commands ignored until end of transaction block
[2026-01-26T14:54:47.982+0000] {logging_mixin.py:151} INFO -      ⚠️ Erreur ligne 208: current transaction is aborted, commands ignored until end of transaction block
[2026-01-26T14:54:47.983+0000] {logging_mixin.py:151} INFO -      ⚠️ Erreur ligne 209: current transaction is aborted, commands ignored until end of transaction block
[2026-01-26T14:54:47.984+0000] {logging_mixin.py:151} INFO -      ⚠️ Erreur ligne 210: current transaction is aborted, commands ignored until end of transaction block
[2026-01-26T14:54:47.986+0000] {logging_mixin.py:151} INFO -      ⚠️ Erreur ligne 211: current transaction is aborted, commands ignored until end of transaction block
[2026-01-26T14:54:47.987+0000] {logging_mixin.py:151} INFO -      ⚠️ Erreur ligne 212: current transaction is aborted, commands ignored until end of transaction block
[2026-01-26T14:54:47.988+0000] {logging_mixin.py:151} INFO -      ⚠️ Erreur ligne 213: current transaction is aborted, commands ignored until end of transaction block
[2026-01-26T14:54:47.990+0000] {logging_mixin.py:151} INFO -      ⚠️ Erreur ligne 214: current transaction is aborted, commands ignored until end of transaction block
[2026-01-26T14:54:47.992+0000] {logging_mixin.py:151} INFO -      ⚠️ Erreur ligne 215: current transaction is aborted, commands ignored until end of transaction block
[2026-01-26T14:54:47.994+0000] {logging_mixin.py:151} INFO -      ⚠️ Erreur ligne 216: current transaction is aborted, commands ignored until end of transaction block
[2026-01-26T14:54:47.995+0000] {logging_mixin.py:151} INFO -      ⚠️ Erreur ligne 217: current transaction is aborted, commands ignored until end of transaction block
[2026-01-26T14:54:47.996+0000] {logging_mixin.py:151} INFO -      ⚠️ Erreur ligne 218: current transaction is aborted, commands ignored until end of transaction block
[2026-01-26T14:54:47.998+0000] {logging_mixin.py:151} INFO -      ⚠️ Erreur ligne 219: current transaction is aborted, commands ignored until end of transaction block
[2026-01-26T14:54:47.999+0000] {logging_mixin.py:151} INFO -      ⚠️ Erreur ligne 220: current transaction is aborted, commands ignored until end of transaction block
[2026-01-26T14:54:48.000+0000] {logging_mixin.py:151} INFO -      ⚠️ Erreur ligne 221: current transaction is aborted, commands ignored until end of transaction block
[2026-01-26T14:54:48.002+0000] {logging_mixin.py:151} INFO -      ⚠️ Erreur ligne 222: current transaction is aborted, commands ignored until end of transaction block
[2026-01-26T14:54:48.003+0000] {logging_mixin.py:151} INFO -      ⚠️ Erreur ligne 223: current transaction is aborted, commands ignored until end of transaction block
[2026-01-26T14:54:48.004+0000] {logging_mixin.py:151} INFO -      ⚠️ Erreur ligne 224: current transaction is aborted, commands ignored until end of transaction block
[2026-01-26T14:54:48.006+0000] {logging_mixin.py:151} INFO -      ⚠️ Erreur ligne 225: current transaction is aborted, commands ignored until end of transaction block
[2026-01-26T14:54:48.007+0000] {logging_mixin.py:151} INFO -      ⚠️ Erreur ligne 226: current transaction is aborted, commands ignored until end of transaction block
[2026-01-26T14:54:48.008+0000] {logging_mixin.py:151} INFO -      ⚠️ Erreur ligne 227: current transaction is aborted, commands ignored until end of transaction block
[2026-01-26T14:54:48.010+0000] {logging_mixin.py:151} INFO -      ⚠️ Erreur ligne 228: current transaction is aborted, commands ignored until end of transaction block
[2026-01-26T14:54:48.011+0000] {logging_mixin.py:151} INFO -      ⚠️ Erreur ligne 229: current transaction is aborted, commands ignored until end of transaction block
[2026-01-26T14:54:48.013+0000] {logging_mixin.py:151} INFO -      ⚠️ Erreur ligne 230: current transaction is aborted, commands ignored until end of transaction block
[2026-01-26T14:54:48.015+0000] {logging_mixin.py:151} INFO -      ⚠️ Erreur ligne 231: current transaction is aborted, commands ignored until end of transaction block
[2026-01-26T14:54:48.017+0000] {logging_mixin.py:151} INFO -      ⚠️ Erreur ligne 232: current transaction is aborted, commands ignored until end of transaction block
[2026-01-26T14:54:48.018+0000] {logging_mixin.py:151} INFO -      ⚠️ Erreur ligne 233: current transaction is aborted, commands ignored until end of transaction block
[2026-01-26T14:54:48.020+0000] {logging_mixin.py:151} INFO -      ⚠️ Erreur ligne 234: current transaction is aborted, commands ignored until end of transaction block
[2026-01-26T14:54:48.021+0000] {logging_mixin.py:151} INFO -      ⚠️ Erreur ligne 235: current transaction is aborted, commands ignored until end of transaction block
[2026-01-26T14:54:48.023+0000] {logging_mixin.py:151} INFO -      ⚠️ Erreur ligne 236: current transaction is aborted, commands ignored until end of transaction block
[2026-01-26T14:54:48.024+0000] {logging_mixin.py:151} INFO -      ⚠️ Erreur ligne 237: current transaction is aborted, commands ignored until end of transaction block
[2026-01-26T14:54:48.026+0000] {logging_mixin.py:151} INFO -      ⚠️ Erreur ligne 238: current transaction is aborted, commands ignored until end of transaction block
[2026-01-26T14:54:48.027+0000] {logging_mixin.py:151} INFO -      ⚠️ Erreur ligne 239: current transaction is aborted, commands ignored until end of transaction block
[2026-01-26T14:54:48.029+0000] {logging_mixin.py:151} INFO -      ⚠️ Erreur ligne 240: current transaction is aborted, commands ignored until end of transaction block
[2026-01-26T14:54:48.030+0000] {logging_mixin.py:151} INFO -      ⚠️ Erreur ligne 241: current transaction is aborted, commands ignored until end of transaction block
[2026-01-26T14:54:48.032+0000] {logging_mixin.py:151} INFO -      ⚠️ Erreur ligne 242: current transaction is aborted, commands ignored until end of transaction block
[2026-01-26T14:54:48.034+0000] {logging_mixin.py:151} INFO -      ⚠️ Erreur ligne 243: current transaction is aborted, commands ignored until end of transaction block
[2026-01-26T14:54:48.036+0000] {logging_mixin.py:151} INFO -      ⚠️ Erreur ligne 244: current transaction is aborted, commands ignored until end of transaction block
[2026-01-26T14:54:48.037+0000] {logging_mixin.py:151} INFO -      ⚠️ Erreur ligne 245: current transaction is aborted, commands ignored until end of transaction block
[2026-01-26T14:54:48.039+0000] {logging_mixin.py:151} INFO -      ⚠️ Erreur ligne 246: current transaction is aborted, commands ignored until end of transaction block
[2026-01-26T14:54:48.041+0000] {logging_mixin.py:151} INFO -      ⚠️ Erreur ligne 247: current transaction is aborted, commands ignored until end of transaction block
[2026-01-26T14:54:48.043+0000] {logging_mixin.py:151} INFO -      ⚠️ Erreur ligne 248: current transaction is aborted, commands ignored until end of transaction block
[2026-01-26T14:54:48.044+0000] {logging_mixin.py:151} INFO -      ⚠️ Erreur ligne 249: current transaction is aborted, commands ignored until end of transaction block
[2026-01-26T14:54:48.046+0000] {logging_mixin.py:151} INFO -      ⚠️ Erreur ligne 250: current transaction is aborted, commands ignored until end of transaction block
[2026-01-26T14:54:48.047+0000] {logging_mixin.py:151} INFO -      ⚠️ Erreur ligne 251: current transaction is aborted, commands ignored until end of transaction block
[2026-01-26T14:54:48.048+0000] {logging_mixin.py:151} INFO -      ⚠️ Erreur ligne 252: current transaction is aborted, commands ignored until end of transaction block
[2026-01-26T14:54:48.049+0000] {logging_mixin.py:151} INFO -      ⚠️ Erreur ligne 253: current transaction is aborted, commands ignored until end of transaction block
[2026-01-26T14:54:48.051+0000] {logging_mixin.py:151} INFO -      ⚠️ Erreur ligne 254: current transaction is aborted, commands ignored until end of transaction block
[2026-01-26T14:54:48.052+0000] {logging_mixin.py:151} INFO -      ⚠️ Erreur ligne 255: current transaction is aborted, commands ignored until end of transaction block
[2026-01-26T14:54:48.053+0000] {logging_mixin.py:151} INFO -      ⚠️ Erreur ligne 256: current transaction is aborted, commands ignored until end of transaction block
[2026-01-26T14:54:48.055+0000] {logging_mixin.py:151} INFO -      ⚠️ Erreur ligne 257: current transaction is aborted, commands ignored until end of transaction block
[2026-01-26T14:54:48.057+0000] {logging_mixin.py:151} INFO -      ⚠️ Erreur ligne 258: current transaction is aborted, commands ignored until end of transaction block
[2026-01-26T14:54:48.059+0000] {logging_mixin.py:151} INFO -      ⚠️ Erreur ligne 259: current transaction is aborted, commands ignored until end of transaction block
[2026-01-26T14:54:48.061+0000] {logging_mixin.py:151} INFO -      ⚠️ Erreur ligne 260: current transaction is aborted, commands ignored until end of transaction block
[2026-01-26T14:54:48.062+0000] {logging_mixin.py:151} INFO -      ⚠️ Erreur ligne 261: current transaction is aborted, commands ignored until end of transaction block
[2026-01-26T14:54:48.064+0000] {logging_mixin.py:151} INFO -      ⚠️ Erreur ligne 262: current transaction is aborted, commands ignored until end of transaction block
[2026-01-26T14:54:48.066+0000] {logging_mixin.py:151} INFO -      ⚠️ Erreur ligne 263: current transaction is aborted, commands ignored until end of transaction block
[2026-01-26T14:54:48.067+0000] {logging_mixin.py:151} INFO -      ⚠️ Erreur ligne 264: current transaction is aborted, commands ignored until end of transaction block
[2026-01-26T14:54:48.069+0000] {logging_mixin.py:151} INFO -      ⚠️ Erreur ligne 265: current transaction is aborted, commands ignored until end of transaction block
[2026-01-26T14:54:48.070+0000] {logging_mixin.py:151} INFO -      ⚠️ Erreur ligne 266: current transaction is aborted, commands ignored until end of transaction block
[2026-01-26T14:54:48.072+0000] {logging_mixin.py:151} INFO -      ⚠️ Erreur ligne 267: current transaction is aborted, commands ignored until end of transaction block
[2026-01-26T14:54:48.074+0000] {logging_mixin.py:151} INFO -      ⚠️ Erreur ligne 268: current transaction is aborted, commands ignored until end of transaction block
[2026-01-26T14:54:48.076+0000] {logging_mixin.py:151} INFO -      ⚠️ Erreur ligne 269: current transaction is aborted, commands ignored until end of transaction block
[2026-01-26T14:54:48.078+0000] {logging_mixin.py:151} INFO -      ⚠️ Erreur ligne 270: current transaction is aborted, commands ignored until end of transaction block
[2026-01-26T14:54:48.079+0000] {logging_mixin.py:151} INFO -      ⚠️ Erreur ligne 271: current transaction is aborted, commands ignored until end of transaction block
[2026-01-26T14:54:48.081+0000] {logging_mixin.py:151} INFO -      ⚠️ Erreur ligne 272: current transaction is aborted, commands ignored until end of transaction block
[2026-01-26T14:54:48.083+0000] {logging_mixin.py:151} INFO -      ⚠️ Erreur ligne 273: current transaction is aborted, commands ignored until end of transaction block
[2026-01-26T14:54:48.085+0000] {logging_mixin.py:151} INFO -      ⚠️ Erreur ligne 274: current transaction is aborted, commands ignored until end of transaction block
[2026-01-26T14:54:48.086+0000] {logging_mixin.py:151} INFO -      ⚠️ Erreur ligne 275: current transaction is aborted, commands ignored until end of transaction block
[2026-01-26T14:54:48.088+0000] {logging_mixin.py:151} INFO -      ⚠️ Erreur ligne 276: current transaction is aborted, commands ignored until end of transaction block
[2026-01-26T14:54:48.089+0000] {logging_mixin.py:151} INFO -      ⚠️ Erreur ligne 277: current transaction is aborted, commands ignored until end of transaction block
[2026-01-26T14:54:48.091+0000] {logging_mixin.py:151} INFO -      ⚠️ Erreur ligne 278: current transaction is aborted, commands ignored until end of transaction block
[2026-01-26T14:54:48.092+0000] {logging_mixin.py:151} INFO -      ⚠️ Erreur ligne 279: current transaction is aborted, commands ignored until end of transaction block
[2026-01-26T14:54:48.094+0000] {logging_mixin.py:151} INFO -      ⚠️ Erreur ligne 280: current transaction is aborted, commands ignored until end of transaction block
[2026-01-26T14:54:48.095+0000] {logging_mixin.py:151} INFO -      ⚠️ Erreur ligne 281: current transaction is aborted, commands ignored until end of transaction block
[2026-01-26T14:54:48.097+0000] {logging_mixin.py:151} INFO -      ⚠️ Erreur ligne 282: current transaction is aborted, commands ignored until end of transaction block
[2026-01-26T14:54:48.098+0000] {logging_mixin.py:151} INFO -      ⚠️ Erreur ligne 283: current transaction is aborted, commands ignored until end of transaction block
[2026-01-26T14:54:48.100+0000] {logging_mixin.py:151} INFO -      ⚠️ Erreur ligne 284: current transaction is aborted, commands ignored until end of transaction block
[2026-01-26T14:54:48.102+0000] {logging_mixin.py:151} INFO -      ⚠️ Erreur ligne 285: current transaction is aborted, commands ignored until end of transaction block
[2026-01-26T14:54:48.104+0000] {logging_mixin.py:151} INFO -      ⚠️ Erreur ligne 286: current transaction is aborted, commands ignored until end of transaction block
[2026-01-26T14:54:48.105+0000] {logging_mixin.py:151} INFO -      ⚠️ Erreur ligne 287: current transaction is aborted, commands ignored until end of transaction block
[2026-01-26T14:54:48.107+0000] {logging_mixin.py:151} INFO -      ⚠️ Erreur ligne 288: current transaction is aborted, commands ignored until end of transaction block
[2026-01-26T14:54:48.108+0000] {logging_mixin.py:151} INFO -      ⚠️ Erreur ligne 289: current transaction is aborted, commands ignored until end of transaction block
[2026-01-26T14:54:48.110+0000] {logging_mixin.py:151} INFO -      ⚠️ Erreur ligne 290: current transaction is aborted, commands ignored until end of transaction block
[2026-01-26T14:54:48.111+0000] {logging_mixin.py:151} INFO -      ⚠️ Erreur ligne 291: current transaction is aborted, commands ignored until end of transaction block
[2026-01-26T14:54:48.113+0000] {logging_mixin.py:151} INFO -      ⚠️ Erreur ligne 292: current transaction is aborted, commands ignored until end of transaction block
[2026-01-26T14:54:48.114+0000] {logging_mixin.py:151} INFO -      ⚠️ Erreur ligne 293: current transaction is aborted, commands ignored until end of transaction block
[2026-01-26T14:54:48.115+0000] {logging_mixin.py:151} INFO -      ⚠️ Erreur ligne 294: current transaction is aborted, commands ignored until end of transaction block
[2026-01-26T14:54:48.117+0000] {logging_mixin.py:151} INFO -      ⚠️ Erreur ligne 295: current transaction is aborted, commands ignored until end of transaction block
[2026-01-26T14:54:48.119+0000] {logging_mixin.py:151} INFO -      ⚠️ Erreur ligne 296: current transaction is aborted, commands ignored until end of transaction block
[2026-01-26T14:54:48.120+0000] {logging_mixin.py:151} INFO -      ⚠️ Erreur ligne 297: current transaction is aborted, commands ignored until end of transaction block
[2026-01-26T14:54:48.122+0000] {logging_mixin.py:151} INFO -      ⚠️ Erreur ligne 298: current transaction is aborted, commands ignored until end of transaction block
[2026-01-26T14:54:48.124+0000] {logging_mixin.py:151} INFO -      ⚠️ Erreur ligne 299: current transaction is aborted, commands ignored until end of transaction block
[2026-01-26T14:54:48.125+0000] {logging_mixin.py:151} INFO -      ⚠️ Erreur ligne 300: current transaction is aborted, commands ignored until end of transaction block
[2026-01-26T14:54:48.127+0000] {logging_mixin.py:151} INFO -      ⚠️ Erreur ligne 301: current transaction is aborted, commands ignored until end of transaction block
[2026-01-26T14:54:48.128+0000] {logging_mixin.py:151} INFO -      ⚠️ Erreur ligne 302: current transaction is aborted, commands ignored until end of transaction block
[2026-01-26T14:54:48.129+0000] {logging_mixin.py:151} INFO -      ⚠️ Erreur ligne 303: current transaction is aborted, commands ignored until end of transaction block
[2026-01-26T14:54:48.131+0000] {logging_mixin.py:151} INFO -      ⚠️ Erreur ligne 304: current transaction is aborted, commands ignored until end of transaction block
[2026-01-26T14:54:48.132+0000] {logging_mixin.py:151} INFO -      ⚠️ Erreur ligne 305: current transaction is aborted, commands ignored until end of transaction block
[2026-01-26T14:54:48.133+0000] {logging_mixin.py:151} INFO -      ⚠️ Erreur ligne 306: current transaction is aborted, commands ignored until end of transaction block
[2026-01-26T14:54:48.135+0000] {logging_mixin.py:151} INFO -      ⚠️ Erreur ligne 307: current transaction is aborted, commands ignored until end of transaction block
[2026-01-26T14:54:48.137+0000] {logging_mixin.py:151} INFO -      ⚠️ Erreur ligne 308: current transaction is aborted, commands ignored until end of transaction block
[2026-01-26T14:54:48.138+0000] {logging_mixin.py:151} INFO -      ⚠️ Erreur ligne 309: current transaction is aborted, commands ignored until end of transaction block
[2026-01-26T14:54:48.139+0000] {logging_mixin.py:151} INFO -      ⚠️ Erreur ligne 310: current transaction is aborted, commands ignored until end of transaction block
[2026-01-26T14:54:48.141+0000] {logging_mixin.py:151} INFO -      ⚠️ Erreur ligne 311: current transaction is aborted, commands ignored until end of transaction block
[2026-01-26T14:54:48.142+0000] {logging_mixin.py:151} INFO -      ⚠️ Erreur ligne 312: current transaction is aborted, commands ignored until end of transaction block
[2026-01-26T14:54:48.144+0000] {logging_mixin.py:151} INFO -      ⚠️ Erreur ligne 313: current transaction is aborted, commands ignored until end of transaction block
[2026-01-26T14:54:48.145+0000] {logging_mixin.py:151} INFO -      ⚠️ Erreur ligne 314: current transaction is aborted, commands ignored until end of transaction block
[2026-01-26T14:54:48.147+0000] {logging_mixin.py:151} INFO -      ⚠️ Erreur ligne 315: current transaction is aborted, commands ignored until end of transaction block
[2026-01-26T14:54:48.148+0000] {logging_mixin.py:151} INFO -      ⚠️ Erreur ligne 316: current transaction is aborted, commands ignored until end of transaction block
[2026-01-26T14:54:48.149+0000] {logging_mixin.py:151} INFO -      ⚠️ Erreur ligne 317: current transaction is aborted, commands ignored until end of transaction block
[2026-01-26T14:54:48.150+0000] {logging_mixin.py:151} INFO -      ⚠️ Erreur ligne 318: current transaction is aborted, commands ignored until end of transaction block
[2026-01-26T14:54:48.152+0000] {logging_mixin.py:151} INFO -      ⚠️ Erreur ligne 319: current transaction is aborted, commands ignored until end of transaction block
[2026-01-26T14:54:48.153+0000] {logging_mixin.py:151} INFO -      ⚠️ Erreur ligne 320: current transaction is aborted, commands ignored until end of transaction block
[2026-01-26T14:54:48.155+0000] {logging_mixin.py:151} INFO -      ⚠️ Erreur ligne 321: current transaction is aborted, commands ignored until end of transaction block
[2026-01-26T14:54:48.156+0000] {logging_mixin.py:151} INFO -      ⚠️ Erreur ligne 322: current transaction is aborted, commands ignored until end of transaction block
[2026-01-26T14:54:48.158+0000] {logging_mixin.py:151} INFO -      ⚠️ Erreur ligne 323: current transaction is aborted, commands ignored until end of transaction block
[2026-01-26T14:54:48.160+0000] {logging_mixin.py:151} INFO -      ⚠️ Erreur ligne 324: current transaction is aborted, commands ignored until end of transaction block
[2026-01-26T14:54:48.161+0000] {logging_mixin.py:151} INFO -      ⚠️ Erreur ligne 325: current transaction is aborted, commands ignored until end of transaction block
[2026-01-26T14:54:48.163+0000] {logging_mixin.py:151} INFO -      ⚠️ Erreur ligne 326: current transaction is aborted, commands ignored until end of transaction block
[2026-01-26T14:54:48.165+0000] {logging_mixin.py:151} INFO -      ⚠️ Erreur ligne 327: current transaction is aborted, commands ignored until end of transaction block
[2026-01-26T14:54:48.166+0000] {logging_mixin.py:151} INFO -      ⚠️ Erreur ligne 328: current transaction is aborted, commands ignored until end of transaction block
[2026-01-26T14:54:48.168+0000] {logging_mixin.py:151} INFO -      ⚠️ Erreur ligne 329: current transaction is aborted, commands ignored until end of transaction block
[2026-01-26T14:54:48.170+0000] {logging_mixin.py:151} INFO -      ⚠️ Erreur ligne 330: current transaction is aborted, commands ignored until end of transaction block
[2026-01-26T14:54:48.171+0000] {logging_mixin.py:151} INFO -      ⚠️ Erreur ligne 331: current transaction is aborted, commands ignored until end of transaction block
[2026-01-26T14:54:48.173+0000] {logging_mixin.py:151} INFO -      ⚠️ Erreur ligne 332: current transaction is aborted, commands ignored until end of transaction block
[2026-01-26T14:54:48.174+0000] {logging_mixin.py:151} INFO -      ⚠️ Erreur ligne 333: current transaction is aborted, commands ignored until end of transaction block
[2026-01-26T14:54:48.176+0000] {logging_mixin.py:151} INFO -      ⚠️ Erreur ligne 334: current transaction is aborted, commands ignored until end of transaction block
[2026-01-26T14:54:48.177+0000] {logging_mixin.py:151} INFO -      ⚠️ Erreur ligne 335: current transaction is aborted, commands ignored until end of transaction block
[2026-01-26T14:54:48.179+0000] {logging_mixin.py:151} INFO -      ⚠️ Erreur ligne 336: current transaction is aborted, commands ignored until end of transaction block
[2026-01-26T14:54:48.181+0000] {logging_mixin.py:151} INFO -      ⚠️ Erreur ligne 337: current transaction is aborted, commands ignored until end of transaction block
[2026-01-26T14:54:48.182+0000] {logging_mixin.py:151} INFO -      ⚠️ Erreur ligne 338: current transaction is aborted, commands ignored until end of transaction block
[2026-01-26T14:54:48.184+0000] {logging_mixin.py:151} INFO -      ⚠️ Erreur ligne 339: current transaction is aborted, commands ignored until end of transaction block
[2026-01-26T14:54:48.186+0000] {logging_mixin.py:151} INFO -      ⚠️ Erreur ligne 340: current transaction is aborted, commands ignored until end of transaction block
[2026-01-26T14:54:48.187+0000] {logging_mixin.py:151} INFO -      ⚠️ Erreur ligne 341: current transaction is aborted, commands ignored until end of transaction block
[2026-01-26T14:54:48.189+0000] {logging_mixin.py:151} INFO -      ⚠️ Erreur ligne 342: current transaction is aborted, commands ignored until end of transaction block
[2026-01-26T14:54:48.190+0000] {logging_mixin.py:151} INFO -      ⚠️ Erreur ligne 343: current transaction is aborted, commands ignored until end of transaction block
[2026-01-26T14:54:48.192+0000] {logging_mixin.py:151} INFO -      ⚠️ Erreur ligne 344: current transaction is aborted, commands ignored until end of transaction block
[2026-01-26T14:54:48.193+0000] {logging_mixin.py:151} INFO -      ⚠️ Erreur ligne 345: current transaction is aborted, commands ignored until end of transaction block
[2026-01-26T14:54:48.194+0000] {logging_mixin.py:151} INFO -      ⚠️ Erreur ligne 346: current transaction is aborted, commands ignored until end of transaction block
[2026-01-26T14:54:48.196+0000] {logging_mixin.py:151} INFO -      ⚠️ Erreur ligne 347: current transaction is aborted, commands ignored until end of transaction block
[2026-01-26T14:54:48.197+0000] {logging_mixin.py:151} INFO -      ⚠️ Erreur ligne 348: current transaction is aborted, commands ignored until end of transaction block
[2026-01-26T14:54:48.199+0000] {logging_mixin.py:151} INFO -      ⚠️ Erreur ligne 349: current transaction is aborted, commands ignored until end of transaction block
[2026-01-26T14:54:48.200+0000] {logging_mixin.py:151} INFO -      ⚠️ Erreur ligne 350: current transaction is aborted, commands ignored until end of transaction block
[2026-01-26T14:54:48.202+0000] {logging_mixin.py:151} INFO -      ⚠️ Erreur ligne 351: current transaction is aborted, commands ignored until end of transaction block
[2026-01-26T14:54:48.203+0000] {logging_mixin.py:151} INFO -      ⚠️ Erreur ligne 352: current transaction is aborted, commands ignored until end of transaction block
[2026-01-26T14:54:48.205+0000] {logging_mixin.py:151} INFO -      ⚠️ Erreur ligne 353: current transaction is aborted, commands ignored until end of transaction block
[2026-01-26T14:54:48.207+0000] {logging_mixin.py:151} INFO -      ⚠️ Erreur ligne 354: current transaction is aborted, commands ignored until end of transaction block
[2026-01-26T14:54:48.209+0000] {logging_mixin.py:151} INFO -      ⚠️ Erreur ligne 355: current transaction is aborted, commands ignored until end of transaction block
[2026-01-26T14:54:48.211+0000] {logging_mixin.py:151} INFO -      ⚠️ Erreur ligne 356: current transaction is aborted, commands ignored until end of transaction block
[2026-01-26T14:54:48.212+0000] {logging_mixin.py:151} INFO -      ⚠️ Erreur ligne 357: current transaction is aborted, commands ignored until end of transaction block
[2026-01-26T14:54:48.213+0000] {logging_mixin.py:151} INFO -      ⚠️ Erreur ligne 358: current transaction is aborted, commands ignored until end of transaction block
[2026-01-26T14:54:48.215+0000] {logging_mixin.py:151} INFO -      ⚠️ Erreur ligne 359: current transaction is aborted, commands ignored until end of transaction block
[2026-01-26T14:54:48.216+0000] {logging_mixin.py:151} INFO -      ⚠️ Erreur ligne 360: current transaction is aborted, commands ignored until end of transaction block
[2026-01-26T14:54:48.217+0000] {logging_mixin.py:151} INFO -      ⚠️ Erreur ligne 361: current transaction is aborted, commands ignored until end of transaction block
[2026-01-26T14:54:48.219+0000] {logging_mixin.py:151} INFO -      ⚠️ Erreur ligne 362: current transaction is aborted, commands ignored until end of transaction block
[2026-01-26T14:54:48.220+0000] {logging_mixin.py:151} INFO -      ⚠️ Erreur ligne 363: current transaction is aborted, commands ignored until end of transaction block
[2026-01-26T14:54:48.222+0000] {logging_mixin.py:151} INFO -      ⚠️ Erreur ligne 364: current transaction is aborted, commands ignored until end of transaction block
[2026-01-26T14:54:48.223+0000] {logging_mixin.py:151} INFO -      ⚠️ Erreur ligne 365: current transaction is aborted, commands ignored until end of transaction block
[2026-01-26T14:54:48.226+0000] {logging_mixin.py:151} INFO -      ⚠️ Erreur ligne 366: current transaction is aborted, commands ignored until end of transaction block
[2026-01-26T14:54:48.229+0000] {logging_mixin.py:151} INFO -      ⚠️ Erreur ligne 367: current transaction is aborted, commands ignored until end of transaction block
[2026-01-26T14:54:48.231+0000] {logging_mixin.py:151} INFO -      ⚠️ Erreur ligne 368: current transaction is aborted, commands ignored until end of transaction block
[2026-01-26T14:54:48.234+0000] {logging_mixin.py:151} INFO -      ⚠️ Erreur ligne 369: current transaction is aborted, commands ignored until end of transaction block
[2026-01-26T14:54:48.236+0000] {logging_mixin.py:151} INFO -      ⚠️ Erreur ligne 370: current transaction is aborted, commands ignored until end of transaction block
[2026-01-26T14:54:48.237+0000] {logging_mixin.py:151} INFO -      ⚠️ Erreur ligne 371: current transaction is aborted, commands ignored until end of transaction block
[2026-01-26T14:54:48.238+0000] {logging_mixin.py:151} INFO -      ⚠️ Erreur ligne 372: current transaction is aborted, commands ignored until end of transaction block
[2026-01-26T14:54:48.240+0000] {logging_mixin.py:151} INFO -      ⚠️ Erreur ligne 373: current transaction is aborted, commands ignored until end of transaction block
[2026-01-26T14:54:48.241+0000] {logging_mixin.py:151} INFO -      ⚠️ Erreur ligne 374: current transaction is aborted, commands ignored until end of transaction block
[2026-01-26T14:54:48.243+0000] {logging_mixin.py:151} INFO -      ⚠️ Erreur ligne 375: current transaction is aborted, commands ignored until end of transaction block
[2026-01-26T14:54:48.244+0000] {logging_mixin.py:151} INFO -      ⚠️ Erreur ligne 376: current transaction is aborted, commands ignored until end of transaction block
[2026-01-26T14:54:48.245+0000] {logging_mixin.py:151} INFO -      ⚠️ Erreur ligne 377: current transaction is aborted, commands ignored until end of transaction block
[2026-01-26T14:54:48.247+0000] {logging_mixin.py:151} INFO -      ⚠️ Erreur ligne 378: current transaction is aborted, commands ignored until end of transaction block
[2026-01-26T14:54:48.249+0000] {logging_mixin.py:151} INFO -      ⚠️ Erreur ligne 379: current transaction is aborted, commands ignored until end of transaction block
[2026-01-26T14:54:48.251+0000] {logging_mixin.py:151} INFO -      ⚠️ Erreur ligne 380: current transaction is aborted, commands ignored until end of transaction block
[2026-01-26T14:54:48.252+0000] {logging_mixin.py:151} INFO -      ⚠️ Erreur ligne 381: current transaction is aborted, commands ignored until end of transaction block
[2026-01-26T14:54:48.254+0000] {logging_mixin.py:151} INFO -      ⚠️ Erreur ligne 382: current transaction is aborted, commands ignored until end of transaction block
[2026-01-26T14:54:48.255+0000] {logging_mixin.py:151} INFO -      ⚠️ Erreur ligne 383: current transaction is aborted, commands ignored until end of transaction block
[2026-01-26T14:54:48.257+0000] {logging_mixin.py:151} INFO -      ⚠️ Erreur ligne 384: current transaction is aborted, commands ignored until end of transaction block
[2026-01-26T14:54:48.258+0000] {logging_mixin.py:151} INFO -      ⚠️ Erreur ligne 385: current transaction is aborted, commands ignored until end of transaction block
[2026-01-26T14:54:48.260+0000] {logging_mixin.py:151} INFO -      ⚠️ Erreur ligne 386: current transaction is aborted, commands ignored until end of transaction block
[2026-01-26T14:54:48.261+0000] {logging_mixin.py:151} INFO -      ⚠️ Erreur ligne 387: current transaction is aborted, commands ignored until end of transaction block
[2026-01-26T14:54:48.262+0000] {logging_mixin.py:151} INFO -      ⚠️ Erreur ligne 388: current transaction is aborted, commands ignored until end of transaction block
[2026-01-26T14:54:48.264+0000] {logging_mixin.py:151} INFO -      ⚠️ Erreur ligne 389: current transaction is aborted, commands ignored until end of transaction block
[2026-01-26T14:54:48.265+0000] {logging_mixin.py:151} INFO -      ⚠️ Erreur ligne 390: current transaction is aborted, commands ignored until end of transaction block
[2026-01-26T14:54:48.267+0000] {logging_mixin.py:151} INFO -      ⚠️ Erreur ligne 391: current transaction is aborted, commands ignored until end of transaction block
[2026-01-26T14:54:48.269+0000] {logging_mixin.py:151} INFO -      ⚠️ Erreur ligne 392: current transaction is aborted, commands ignored until end of transaction block
[2026-01-26T14:54:48.270+0000] {logging_mixin.py:151} INFO -      ⚠️ Erreur ligne 393: current transaction is aborted, commands ignored until end of transaction block
[2026-01-26T14:54:48.272+0000] {logging_mixin.py:151} INFO -      ⚠️ Erreur ligne 394: current transaction is aborted, commands ignored until end of transaction block
[2026-01-26T14:54:48.273+0000] {logging_mixin.py:151} INFO -      ⚠️ Erreur ligne 395: current transaction is aborted, commands ignored until end of transaction block
[2026-01-26T14:54:48.275+0000] {logging_mixin.py:151} INFO -      ⚠️ Erreur ligne 396: current transaction is aborted, commands ignored until end of transaction block
[2026-01-26T14:54:48.276+0000] {logging_mixin.py:151} INFO -      ⚠️ Erreur ligne 397: current transaction is aborted, commands ignored until end of transaction block
[2026-01-26T14:54:48.277+0000] {logging_mixin.py:151} INFO -      ⚠️ Erreur ligne 398: current transaction is aborted, commands ignored until end of transaction block
[2026-01-26T14:54:48.279+0000] {logging_mixin.py:151} INFO -      ⚠️ Erreur ligne 399: current transaction is aborted, commands ignored until end of transaction block
[2026-01-26T14:54:48.280+0000] {logging_mixin.py:151} INFO -      ⚠️ Erreur ligne 400: current transaction is aborted, commands ignored until end of transaction block
[2026-01-26T14:54:48.281+0000] {logging_mixin.py:151} INFO -      ⚠️ Erreur ligne 401: current transaction is aborted, commands ignored until end of transaction block
[2026-01-26T14:54:48.284+0000] {logging_mixin.py:151} INFO -      ⚠️ Erreur ligne 402: current transaction is aborted, commands ignored until end of transaction block
[2026-01-26T14:54:48.286+0000] {logging_mixin.py:151} INFO -      ⚠️ Erreur ligne 403: current transaction is aborted, commands ignored until end of transaction block
[2026-01-26T14:54:48.288+0000] {logging_mixin.py:151} INFO -      ⚠️ Erreur ligne 404: current transaction is aborted, commands ignored until end of transaction block
[2026-01-26T14:54:48.289+0000] {logging_mixin.py:151} INFO -      ⚠️ Erreur ligne 405: current transaction is aborted, commands ignored until end of transaction block
[2026-01-26T14:54:48.291+0000] {logging_mixin.py:151} INFO -      ⚠️ Erreur ligne 406: current transaction is aborted, commands ignored until end of transaction block
[2026-01-26T14:54:48.292+0000] {logging_mixin.py:151} INFO -      ⚠️ Erreur ligne 407: current transaction is aborted, commands ignored until end of transaction block
[2026-01-26T14:54:48.294+0000] {logging_mixin.py:151} INFO -      ⚠️ Erreur ligne 408: current transaction is aborted, commands ignored until end of transaction block
[2026-01-26T14:54:48.296+0000] {logging_mixin.py:151} INFO -      ⚠️ Erreur ligne 409: current transaction is aborted, commands ignored until end of transaction block
[2026-01-26T14:54:48.297+0000] {logging_mixin.py:151} INFO -      ⚠️ Erreur ligne 410: current transaction is aborted, commands ignored until end of transaction block
[2026-01-26T14:54:48.298+0000] {logging_mixin.py:151} INFO -      ⚠️ Erreur ligne 411: current transaction is aborted, commands ignored until end of transaction block
[2026-01-26T14:54:48.300+0000] {logging_mixin.py:151} INFO -      ⚠️ Erreur ligne 412: current transaction is aborted, commands ignored until end of transaction block
[2026-01-26T14:54:48.301+0000] {logging_mixin.py:151} INFO -      ⚠️ Erreur ligne 413: current transaction is aborted, commands ignored until end of transaction block
[2026-01-26T14:54:48.302+0000] {logging_mixin.py:151} INFO -      ⚠️ Erreur ligne 414: current transaction is aborted, commands ignored until end of transaction block
[2026-01-26T14:54:48.304+0000] {logging_mixin.py:151} INFO -      ⚠️ Erreur ligne 415: current transaction is aborted, commands ignored until end of transaction block
[2026-01-26T14:54:48.305+0000] {logging_mixin.py:151} INFO -      ⚠️ Erreur ligne 416: current transaction is aborted, commands ignored until end of transaction block
[2026-01-26T14:54:48.309+0000] {logging_mixin.py:151} INFO -      ⚠️ Erreur ligne 417: current transaction is aborted, commands ignored until end of transaction block
[2026-01-26T14:54:48.310+0000] {logging_mixin.py:151} INFO -      ⚠️ Erreur ligne 418: current transaction is aborted, commands ignored until end of transaction block
[2026-01-26T14:54:48.312+0000] {logging_mixin.py:151} INFO -      ⚠️ Erreur ligne 419: current transaction is aborted, commands ignored until end of transaction block
[2026-01-26T14:54:48.313+0000] {logging_mixin.py:151} INFO -      ⚠️ Erreur ligne 420: current transaction is aborted, commands ignored until end of transaction block
[2026-01-26T14:54:48.314+0000] {logging_mixin.py:151} INFO -      ⚠️ Erreur ligne 421: current transaction is aborted, commands ignored until end of transaction block
[2026-01-26T14:54:48.315+0000] {logging_mixin.py:151} INFO -      ⚠️ Erreur ligne 422: current transaction is aborted, commands ignored until end of transaction block
[2026-01-26T14:54:48.316+0000] {logging_mixin.py:151} INFO -      ⚠️ Erreur ligne 423: current transaction is aborted, commands ignored until end of transaction block
[2026-01-26T14:54:48.317+0000] {logging_mixin.py:151} INFO -      ⚠️ Erreur ligne 424: current transaction is aborted, commands ignored until end of transaction block
[2026-01-26T14:54:48.322+0000] {logging_mixin.py:151} INFO -      ⚠️ Erreur ligne 425: current transaction is aborted, commands ignored until end of transaction block
[2026-01-26T14:54:48.324+0000] {logging_mixin.py:151} INFO -      ⚠️ Erreur ligne 426: current transaction is aborted, commands ignored until end of transaction block
[2026-01-26T14:54:48.326+0000] {logging_mixin.py:151} INFO -      ⚠️ Erreur ligne 427: current transaction is aborted, commands ignored until end of transaction block
[2026-01-26T14:54:48.327+0000] {logging_mixin.py:151} INFO -      ⚠️ Erreur ligne 428: current transaction is aborted, commands ignored until end of transaction block
[2026-01-26T14:54:48.328+0000] {logging_mixin.py:151} INFO -      ⚠️ Erreur ligne 429: current transaction is aborted, commands ignored until end of transaction block
[2026-01-26T14:54:48.329+0000] {logging_mixin.py:151} INFO -      ⚠️ Erreur ligne 430: current transaction is aborted, commands ignored until end of transaction block
[2026-01-26T14:54:48.330+0000] {logging_mixin.py:151} INFO -      ⚠️ Erreur ligne 431: current transaction is aborted, commands ignored until end of transaction block
[2026-01-26T14:54:48.331+0000] {logging_mixin.py:151} INFO -      ⚠️ Erreur ligne 432: current transaction is aborted, commands ignored until end of transaction block
[2026-01-26T14:54:48.333+0000] {logging_mixin.py:151} INFO -      ⚠️ Erreur ligne 433: current transaction is aborted, commands ignored until end of transaction block
[2026-01-26T14:54:48.334+0000] {logging_mixin.py:151} INFO -      ⚠️ Erreur ligne 434: current transaction is aborted, commands ignored until end of transaction block
[2026-01-26T14:54:48.337+0000] {logging_mixin.py:151} INFO -      ⚠️ Erreur ligne 435: current transaction is aborted, commands ignored until end of transaction block
[2026-01-26T14:54:48.338+0000] {logging_mixin.py:151} INFO -      ⚠️ Erreur ligne 436: current transaction is aborted, commands ignored until end of transaction block
[2026-01-26T14:54:48.340+0000] {logging_mixin.py:151} INFO -      ⚠️ Erreur ligne 437: current transaction is aborted, commands ignored until end of transaction block
[2026-01-26T14:54:48.342+0000] {logging_mixin.py:151} INFO -      ⚠️ Erreur ligne 438: current transaction is aborted, commands ignored until end of transaction block
[2026-01-26T14:54:48.344+0000] {logging_mixin.py:151} INFO -      ⚠️ Erreur ligne 439: current transaction is aborted, commands ignored until end of transaction block
[2026-01-26T14:54:48.345+0000] {logging_mixin.py:151} INFO -      ⚠️ Erreur ligne 440: current transaction is aborted, commands ignored until end of transaction block
[2026-01-26T14:54:48.347+0000] {logging_mixin.py:151} INFO -      ⚠️ Erreur ligne 441: current transaction is aborted, commands ignored until end of transaction block
[2026-01-26T14:54:48.348+0000] {logging_mixin.py:151} INFO -      ⚠️ Erreur ligne 442: current transaction is aborted, commands ignored until end of transaction block
[2026-01-26T14:54:48.350+0000] {logging_mixin.py:151} INFO -      ⚠️ Erreur ligne 443: current transaction is aborted, commands ignored until end of transaction block
[2026-01-26T14:54:48.352+0000] {logging_mixin.py:151} INFO -      ⚠️ Erreur ligne 444: current transaction is aborted, commands ignored until end of transaction block
[2026-01-26T14:54:48.355+0000] {logging_mixin.py:151} INFO -      ⚠️ Erreur ligne 445: current transaction is aborted, commands ignored until end of transaction block
[2026-01-26T14:54:48.356+0000] {logging_mixin.py:151} INFO -      ⚠️ Erreur ligne 446: current transaction is aborted, commands ignored until end of transaction block
[2026-01-26T14:54:48.358+0000] {logging_mixin.py:151} INFO -      ⚠️ Erreur ligne 447: current transaction is aborted, commands ignored until end of transaction block
[2026-01-26T14:54:48.359+0000] {logging_mixin.py:151} INFO -      ⚠️ Erreur ligne 448: current transaction is aborted, commands ignored until end of transaction block
[2026-01-26T14:54:48.360+0000] {logging_mixin.py:151} INFO -      ⚠️ Erreur ligne 449: current transaction is aborted, commands ignored until end of transaction block
[2026-01-26T14:54:48.362+0000] {logging_mixin.py:151} INFO -      ⚠️ Erreur ligne 450: current transaction is aborted, commands ignored until end of transaction block
[2026-01-26T14:54:48.363+0000] {logging_mixin.py:151} INFO -      ⚠️ Erreur ligne 451: current transaction is aborted, commands ignored until end of transaction block
[2026-01-26T14:54:48.364+0000] {logging_mixin.py:151} INFO -      ⚠️ Erreur ligne 452: current transaction is aborted, commands ignored until end of transaction block
[2026-01-26T14:54:48.366+0000] {logging_mixin.py:151} INFO -      ⚠️ Erreur ligne 453: current transaction is aborted, commands ignored until end of transaction block
[2026-01-26T14:54:48.367+0000] {logging_mixin.py:151} INFO -      ⚠️ Erreur ligne 454: current transaction is aborted, commands ignored until end of transaction block
[2026-01-26T14:54:48.370+0000] {logging_mixin.py:151} INFO -      ⚠️ Erreur ligne 455: current transaction is aborted, commands ignored until end of transaction block
[2026-01-26T14:54:48.371+0000] {logging_mixin.py:151} INFO -      ⚠️ Erreur ligne 456: current transaction is aborted, commands ignored until end of transaction block
[2026-01-26T14:54:48.373+0000] {logging_mixin.py:151} INFO -      ⚠️ Erreur ligne 457: current transaction is aborted, commands ignored until end of transaction block
[2026-01-26T14:54:48.374+0000] {logging_mixin.py:151} INFO -      ⚠️ Erreur ligne 458: current transaction is aborted, commands ignored until end of transaction block
[2026-01-26T14:54:48.375+0000] {logging_mixin.py:151} INFO -      ⚠️ Erreur ligne 459: current transaction is aborted, commands ignored until end of transaction block
[2026-01-26T14:54:48.377+0000] {logging_mixin.py:151} INFO -      ⚠️ Erreur ligne 460: current transaction is aborted, commands ignored until end of transaction block
[2026-01-26T14:54:48.378+0000] {logging_mixin.py:151} INFO -      ⚠️ Erreur ligne 461: current transaction is aborted, commands ignored until end of transaction block
[2026-01-26T14:54:48.379+0000] {logging_mixin.py:151} INFO -      ⚠️ Erreur ligne 462: current transaction is aborted, commands ignored until end of transaction block
[2026-01-26T14:54:48.380+0000] {logging_mixin.py:151} INFO -      ⚠️ Erreur ligne 463: current transaction is aborted, commands ignored until end of transaction block
[2026-01-26T14:54:48.381+0000] {logging_mixin.py:151} INFO -      ⚠️ Erreur ligne 464: current transaction is aborted, commands ignored until end of transaction block
[2026-01-26T14:54:48.382+0000] {logging_mixin.py:151} INFO -      ⚠️ Erreur ligne 465: current transaction is aborted, commands ignored until end of transaction block
[2026-01-26T14:54:48.384+0000] {logging_mixin.py:151} INFO -      ⚠️ Erreur ligne 466: current transaction is aborted, commands ignored until end of transaction block
[2026-01-26T14:54:48.387+0000] {logging_mixin.py:151} INFO -      ⚠️ Erreur ligne 467: current transaction is aborted, commands ignored until end of transaction block
[2026-01-26T14:54:48.388+0000] {logging_mixin.py:151} INFO -      ⚠️ Erreur ligne 468: current transaction is aborted, commands ignored until end of transaction block
[2026-01-26T14:54:48.390+0000] {logging_mixin.py:151} INFO -      ⚠️ Erreur ligne 469: current transaction is aborted, commands ignored until end of transaction block
[2026-01-26T14:54:48.391+0000] {logging_mixin.py:151} INFO -      ⚠️ Erreur ligne 470: current transaction is aborted, commands ignored until end of transaction block
[2026-01-26T14:54:48.393+0000] {logging_mixin.py:151} INFO -      ⚠️ Erreur ligne 471: current transaction is aborted, commands ignored until end of transaction block
[2026-01-26T14:54:48.394+0000] {logging_mixin.py:151} INFO -      ⚠️ Erreur ligne 472: current transaction is aborted, commands ignored until end of transaction block
[2026-01-26T14:54:48.395+0000] {logging_mixin.py:151} INFO -      ⚠️ Erreur ligne 473: current transaction is aborted, commands ignored until end of transaction block
[2026-01-26T14:54:48.397+0000] {logging_mixin.py:151} INFO -      ⚠️ Erreur ligne 474: current transaction is aborted, commands ignored until end of transaction block
[2026-01-26T14:54:48.398+0000] {logging_mixin.py:151} INFO -      ⚠️ Erreur ligne 475: current transaction is aborted, commands ignored until end of transaction block
[2026-01-26T14:54:48.399+0000] {logging_mixin.py:151} INFO -      ⚠️ Erreur ligne 476: current transaction is aborted, commands ignored until end of transaction block
[2026-01-26T14:54:48.400+0000] {logging_mixin.py:151} INFO -      ⚠️ Erreur ligne 477: current transaction is aborted, commands ignored until end of transaction block
[2026-01-26T14:54:48.401+0000] {logging_mixin.py:151} INFO -      ⚠️ Erreur ligne 478: current transaction is aborted, commands ignored until end of transaction block
[2026-01-26T14:54:48.403+0000] {logging_mixin.py:151} INFO -      ⚠️ Erreur ligne 479: current transaction is aborted, commands ignored until end of transaction block
[2026-01-26T14:54:48.404+0000] {logging_mixin.py:151} INFO -      ⚠️ Erreur ligne 480: current transaction is aborted, commands ignored until end of transaction block
[2026-01-26T14:54:48.405+0000] {logging_mixin.py:151} INFO -      ⚠️ Erreur ligne 481: current transaction is aborted, commands ignored until end of transaction block
[2026-01-26T14:54:48.406+0000] {logging_mixin.py:151} INFO -      ⚠️ Erreur ligne 482: current transaction is aborted, commands ignored until end of transaction block
[2026-01-26T14:54:48.407+0000] {logging_mixin.py:151} INFO -      ⚠️ Erreur ligne 483: current transaction is aborted, commands ignored until end of transaction block
[2026-01-26T14:54:48.408+0000] {logging_mixin.py:151} INFO -      ⚠️ Erreur ligne 484: current transaction is aborted, commands ignored until end of transaction block
[2026-01-26T14:54:48.410+0000] {logging_mixin.py:151} INFO -      ⚠️ Erreur ligne 485: current transaction is aborted, commands ignored until end of transaction block
[2026-01-26T14:54:48.411+0000] {logging_mixin.py:151} INFO -      ⚠️ Erreur ligne 486: current transaction is aborted, commands ignored until end of transaction block
[2026-01-26T14:54:48.412+0000] {logging_mixin.py:151} INFO -      ⚠️ Erreur ligne 487: current transaction is aborted, commands ignored until end of transaction block
[2026-01-26T14:54:48.414+0000] {logging_mixin.py:151} INFO -      ⚠️ Erreur ligne 488: current transaction is aborted, commands ignored until end of transaction block
[2026-01-26T14:54:48.416+0000] {logging_mixin.py:151} INFO -      ⚠️ Erreur ligne 489: current transaction is aborted, commands ignored until end of transaction block
[2026-01-26T14:54:48.417+0000] {logging_mixin.py:151} INFO -      ⚠️ Erreur ligne 490: current transaction is aborted, commands ignored until end of transaction block
[2026-01-26T14:54:48.418+0000] {logging_mixin.py:151} INFO -      ⚠️ Erreur ligne 491: current transaction is aborted, commands ignored until end of transaction block
[2026-01-26T14:54:48.420+0000] {logging_mixin.py:151} INFO -      ⚠️ Erreur ligne 492: current transaction is aborted, commands ignored until end of transaction block
[2026-01-26T14:54:48.421+0000] {logging_mixin.py:151} INFO -      ⚠️ Erreur ligne 493: current transaction is aborted, commands ignored until end of transaction block
[2026-01-26T14:54:48.423+0000] {logging_mixin.py:151} INFO -      ⚠️ Erreur ligne 494: current transaction is aborted, commands ignored until end of transaction block
[2026-01-26T14:54:48.424+0000] {logging_mixin.py:151} INFO -      ⚠️ Erreur ligne 495: current transaction is aborted, commands ignored until end of transaction block
[2026-01-26T14:54:48.426+0000] {logging_mixin.py:151} INFO -      ⚠️ Erreur ligne 496: current transaction is aborted, commands ignored until end of transaction block
[2026-01-26T14:54:48.427+0000] {logging_mixin.py:151} INFO -      ⚠️ Erreur ligne 497: current transaction is aborted, commands ignored until end of transaction block
[2026-01-26T14:54:48.429+0000] {logging_mixin.py:151} INFO -      ⚠️ Erreur ligne 498: current transaction is aborted, commands ignored until end of transaction block
[2026-01-26T14:54:48.430+0000] {logging_mixin.py:151} INFO -      ⚠️ Erreur ligne 499: current transaction is aborted, commands ignored until end of transaction block
[2026-01-26T14:54:48.431+0000] {logging_mixin.py:151} INFO -      ⚠️ Erreur ligne 500: current transaction is aborted, commands ignored until end of transaction block
[2026-01-26T14:54:48.433+0000] {logging_mixin.py:151} INFO -      ⚠️ Erreur ligne 501: current transaction is aborted, commands ignored until end of transaction block
[2026-01-26T14:54:48.434+0000] {logging_mixin.py:151} INFO -      ⚠️ Erreur ligne 502: current transaction is aborted, commands ignored until end of transaction block
[2026-01-26T14:54:48.435+0000] {logging_mixin.py:151} INFO -      ⚠️ Erreur ligne 503: current transaction is aborted, commands ignored until end of transaction block
[2026-01-26T14:54:48.437+0000] {logging_mixin.py:151} INFO -      ⚠️ Erreur ligne 504: current transaction is aborted, commands ignored until end of transaction block
[2026-01-26T14:54:48.438+0000] {logging_mixin.py:151} INFO -      ⚠️ Erreur ligne 505: current transaction is aborted, commands ignored until end of transaction block
[2026-01-26T14:54:48.439+0000] {logging_mixin.py:151} INFO -      ⚠️ Erreur ligne 506: current transaction is aborted, commands ignored until end of transaction block
[2026-01-26T14:54:48.441+0000] {logging_mixin.py:151} INFO -      ⚠️ Erreur ligne 507: current transaction is aborted, commands ignored until end of transaction block
[2026-01-26T14:54:48.442+0000] {logging_mixin.py:151} INFO -      ⚠️ Erreur ligne 508: current transaction is aborted, commands ignored until end of transaction block
[2026-01-26T14:54:48.443+0000] {logging_mixin.py:151} INFO -      ⚠️ Erreur ligne 509: current transaction is aborted, commands ignored until end of transaction block
[2026-01-26T14:54:48.444+0000] {logging_mixin.py:151} INFO -      ⚠️ Erreur ligne 510: current transaction is aborted, commands ignored until end of transaction block
[2026-01-26T14:54:48.446+0000] {logging_mixin.py:151} INFO -      ⚠️ Erreur ligne 511: current transaction is aborted, commands ignored until end of transaction block
[2026-01-26T14:54:48.447+0000] {logging_mixin.py:151} INFO -      ⚠️ Erreur ligne 512: current transaction is aborted, commands ignored until end of transaction block
[2026-01-26T14:54:48.449+0000] {logging_mixin.py:151} INFO -      ⚠️ Erreur ligne 513: current transaction is aborted, commands ignored until end of transaction block
[2026-01-26T14:54:48.450+0000] {logging_mixin.py:151} INFO -      ⚠️ Erreur ligne 514: current transaction is aborted, commands ignored until end of transaction block
[2026-01-26T14:54:48.452+0000] {logging_mixin.py:151} INFO -      ⚠️ Erreur ligne 515: current transaction is aborted, commands ignored until end of transaction block
[2026-01-26T14:54:48.453+0000] {logging_mixin.py:151} INFO -      ⚠️ Erreur ligne 516: current transaction is aborted, commands ignored until end of transaction block
[2026-01-26T14:54:48.455+0000] {logging_mixin.py:151} INFO -      ⚠️ Erreur ligne 517: current transaction is aborted, commands ignored until end of transaction block
[2026-01-26T14:54:48.456+0000] {logging_mixin.py:151} INFO -      ⚠️ Erreur ligne 518: current transaction is aborted, commands ignored until end of transaction block
[2026-01-26T14:54:48.458+0000] {logging_mixin.py:151} INFO -      ⚠️ Erreur ligne 519: current transaction is aborted, commands ignored until end of transaction block
[2026-01-26T14:54:48.459+0000] {logging_mixin.py:151} INFO -      ⚠️ Erreur ligne 520: current transaction is aborted, commands ignored until end of transaction block
[2026-01-26T14:54:48.460+0000] {logging_mixin.py:151} INFO -      ⚠️ Erreur ligne 521: current transaction is aborted, commands ignored until end of transaction block
[2026-01-26T14:54:48.462+0000] {logging_mixin.py:151} INFO -      ⚠️ Erreur ligne 522: current transaction is aborted, commands ignored until end of transaction block
[2026-01-26T14:54:48.464+0000] {logging_mixin.py:151} INFO -      ⚠️ Erreur ligne 523: current transaction is aborted, commands ignored until end of transaction block
[2026-01-26T14:54:48.465+0000] {logging_mixin.py:151} INFO -      ⚠️ Erreur ligne 524: current transaction is aborted, commands ignored until end of transaction block
[2026-01-26T14:54:48.467+0000] {logging_mixin.py:151} INFO -      ⚠️ Erreur ligne 525: current transaction is aborted, commands ignored until end of transaction block
[2026-01-26T14:54:48.468+0000] {logging_mixin.py:151} INFO -      ⚠️ Erreur ligne 526: current transaction is aborted, commands ignored until end of transaction block
[2026-01-26T14:54:48.470+0000] {logging_mixin.py:151} INFO -      ⚠️ Erreur ligne 527: current transaction is aborted, commands ignored until end of transaction block
[2026-01-26T14:54:48.471+0000] {logging_mixin.py:151} INFO -      ⚠️ Erreur ligne 528: current transaction is aborted, commands ignored until end of transaction block
[2026-01-26T14:54:48.472+0000] {logging_mixin.py:151} INFO -      ⚠️ Erreur ligne 529: current transaction is aborted, commands ignored until end of transaction block
[2026-01-26T14:54:48.473+0000] {logging_mixin.py:151} INFO -      ⚠️ Erreur ligne 530: current transaction is aborted, commands ignored until end of transaction block
[2026-01-26T14:54:48.475+0000] {logging_mixin.py:151} INFO -      ⚠️ Erreur ligne 531: current transaction is aborted, commands ignored until end of transaction block
[2026-01-26T14:54:48.476+0000] {logging_mixin.py:151} INFO -      ⚠️ Erreur ligne 532: current transaction is aborted, commands ignored until end of transaction block
[2026-01-26T14:54:48.477+0000] {logging_mixin.py:151} INFO -      ⚠️ Erreur ligne 533: current transaction is aborted, commands ignored until end of transaction block
[2026-01-26T14:54:48.478+0000] {logging_mixin.py:151} INFO -      ⚠️ Erreur ligne 534: current transaction is aborted, commands ignored until end of transaction block
[2026-01-26T14:54:48.480+0000] {logging_mixin.py:151} INFO -      ⚠️ Erreur ligne 535: current transaction is aborted, commands ignored until end of transaction block
[2026-01-26T14:54:48.482+0000] {logging_mixin.py:151} INFO -      ⚠️ Erreur ligne 536: current transaction is aborted, commands ignored until end of transaction block
[2026-01-26T14:54:48.483+0000] {logging_mixin.py:151} INFO -      ⚠️ Erreur ligne 537: current transaction is aborted, commands ignored until end of transaction block
[2026-01-26T14:54:48.484+0000] {logging_mixin.py:151} INFO -      ⚠️ Erreur ligne 538: current transaction is aborted, commands ignored until end of transaction block
[2026-01-26T14:54:48.486+0000] {logging_mixin.py:151} INFO -      ⚠️ Erreur ligne 539: current transaction is aborted, commands ignored until end of transaction block
[2026-01-26T14:54:48.487+0000] {logging_mixin.py:151} INFO -      ⚠️ Erreur ligne 540: current transaction is aborted, commands ignored until end of transaction block
[2026-01-26T14:54:48.489+0000] {logging_mixin.py:151} INFO -      ⚠️ Erreur ligne 541: current transaction is aborted, commands ignored until end of transaction block
[2026-01-26T14:54:48.491+0000] {logging_mixin.py:151} INFO -      ⚠️ Erreur ligne 542: current transaction is aborted, commands ignored until end of transaction block
[2026-01-26T14:54:48.492+0000] {logging_mixin.py:151} INFO -      ⚠️ Erreur ligne 543: current transaction is aborted, commands ignored until end of transaction block
[2026-01-26T14:54:48.494+0000] {logging_mixin.py:151} INFO -      ⚠️ Erreur ligne 544: current transaction is aborted, commands ignored until end of transaction block
[2026-01-26T14:54:48.495+0000] {logging_mixin.py:151} INFO -      ⚠️ Erreur ligne 545: current transaction is aborted, commands ignored until end of transaction block
[2026-01-26T14:54:48.496+0000] {logging_mixin.py:151} INFO -      ⚠️ Erreur ligne 546: current transaction is aborted, commands ignored until end of transaction block
[2026-01-26T14:54:48.498+0000] {logging_mixin.py:151} INFO -      ⚠️ Erreur ligne 547: current transaction is aborted, commands ignored until end of transaction block
[2026-01-26T14:54:48.499+0000] {logging_mixin.py:151} INFO -      ⚠️ Erreur ligne 548: current transaction is aborted, commands ignored until end of transaction block
[2026-01-26T14:54:48.501+0000] {logging_mixin.py:151} INFO -      ⚠️ Erreur ligne 549: current transaction is aborted, commands ignored until end of transaction block
[2026-01-26T14:54:48.502+0000] {logging_mixin.py:151} INFO -      ⚠️ Erreur ligne 550: current transaction is aborted, commands ignored until end of transaction block
[2026-01-26T14:54:48.503+0000] {logging_mixin.py:151} INFO -      ⚠️ Erreur ligne 551: current transaction is aborted, commands ignored until end of transaction block
[2026-01-26T14:54:48.504+0000] {logging_mixin.py:151} INFO -      ⚠️ Erreur ligne 552: current transaction is aborted, commands ignored until end of transaction block
[2026-01-26T14:54:48.505+0000] {logging_mixin.py:151} INFO -      ⚠️ Erreur ligne 553: current transaction is aborted, commands ignored until end of transaction block
[2026-01-26T14:54:48.507+0000] {logging_mixin.py:151} INFO -      ⚠️ Erreur ligne 554: current transaction is aborted, commands ignored until end of transaction block
[2026-01-26T14:54:48.508+0000] {logging_mixin.py:151} INFO -      ⚠️ Erreur ligne 555: current transaction is aborted, commands ignored until end of transaction block
[2026-01-26T14:54:48.509+0000] {logging_mixin.py:151} INFO -      ⚠️ Erreur ligne 556: current transaction is aborted, commands ignored until end of transaction block
[2026-01-26T14:54:48.510+0000] {logging_mixin.py:151} INFO -      ⚠️ Erreur ligne 557: current transaction is aborted, commands ignored until end of transaction block
[2026-01-26T14:54:48.512+0000] {logging_mixin.py:151} INFO -      ⚠️ Erreur ligne 558: current transaction is aborted, commands ignored until end of transaction block
[2026-01-26T14:54:48.513+0000] {logging_mixin.py:151} INFO -      ⚠️ Erreur ligne 559: current transaction is aborted, commands ignored until end of transaction block
[2026-01-26T14:54:48.515+0000] {logging_mixin.py:151} INFO -      ⚠️ Erreur ligne 560: current transaction is aborted, commands ignored until end of transaction block
[2026-01-26T14:54:48.516+0000] {logging_mixin.py:151} INFO -      ⚠️ Erreur ligne 561: current transaction is aborted, commands ignored until end of transaction block
[2026-01-26T14:54:48.518+0000] {logging_mixin.py:151} INFO -      ⚠️ Erreur ligne 562: current transaction is aborted, commands ignored until end of transaction block
[2026-01-26T14:54:48.520+0000] {logging_mixin.py:151} INFO -      ⚠️ Erreur ligne 563: current transaction is aborted, commands ignored until end of transaction block
[2026-01-26T14:54:48.522+0000] {logging_mixin.py:151} INFO -      ⚠️ Erreur ligne 564: current transaction is aborted, commands ignored until end of transaction block
[2026-01-26T14:54:48.523+0000] {logging_mixin.py:151} INFO -      ⚠️ Erreur ligne 565: current transaction is aborted, commands ignored until end of transaction block
[2026-01-26T14:54:48.524+0000] {logging_mixin.py:151} INFO -      ⚠️ Erreur ligne 566: current transaction is aborted, commands ignored until end of transaction block
[2026-01-26T14:54:48.525+0000] {logging_mixin.py:151} INFO -      ⚠️ Erreur ligne 567: current transaction is aborted, commands ignored until end of transaction block
[2026-01-26T14:54:48.526+0000] {logging_mixin.py:151} INFO -      ⚠️ Erreur ligne 568: current transaction is aborted, commands ignored until end of transaction block
[2026-01-26T14:54:48.528+0000] {logging_mixin.py:151} INFO -      ⚠️ Erreur ligne 569: current transaction is aborted, commands ignored until end of transaction block
[2026-01-26T14:54:48.529+0000] {logging_mixin.py:151} INFO -      ⚠️ Erreur ligne 570: current transaction is aborted, commands ignored until end of transaction block
[2026-01-26T14:54:48.531+0000] {logging_mixin.py:151} INFO -      ⚠️ Erreur ligne 571: current transaction is aborted, commands ignored until end of transaction block
[2026-01-26T14:54:48.533+0000] {logging_mixin.py:151} INFO -      ⚠️ Erreur ligne 572: current transaction is aborted, commands ignored until end of transaction block
[2026-01-26T14:54:48.534+0000] {logging_mixin.py:151} INFO -      ⚠️ Erreur ligne 573: current transaction is aborted, commands ignored until end of transaction block
[2026-01-26T14:54:48.536+0000] {logging_mixin.py:151} INFO -      ⚠️ Erreur ligne 574: current transaction is aborted, commands ignored until end of transaction block
[2026-01-26T14:54:48.537+0000] {logging_mixin.py:151} INFO -      ⚠️ Erreur ligne 575: current transaction is aborted, commands ignored until end of transaction block
[2026-01-26T14:54:48.538+0000] {logging_mixin.py:151} INFO -      ⚠️ Erreur ligne 576: current transaction is aborted, commands ignored until end of transaction block
[2026-01-26T14:54:48.540+0000] {logging_mixin.py:151} INFO -      ⚠️ Erreur ligne 577: current transaction is aborted, commands ignored until end of transaction block
[2026-01-26T14:54:48.541+0000] {logging_mixin.py:151} INFO -      ⚠️ Erreur ligne 578: current transaction is aborted, commands ignored until end of transaction block
[2026-01-26T14:54:48.542+0000] {logging_mixin.py:151} INFO -      ⚠️ Erreur ligne 579: current transaction is aborted, commands ignored until end of transaction block
[2026-01-26T14:54:48.543+0000] {logging_mixin.py:151} INFO -      ⚠️ Erreur ligne 580: current transaction is aborted, commands ignored until end of transaction block
[2026-01-26T14:54:48.544+0000] {logging_mixin.py:151} INFO -      ⚠️ Erreur ligne 581: current transaction is aborted, commands ignored until end of transaction block
[2026-01-26T14:54:48.545+0000] {logging_mixin.py:151} INFO -      ⚠️ Erreur ligne 582: current transaction is aborted, commands ignored until end of transaction block
[2026-01-26T14:54:48.546+0000] {logging_mixin.py:151} INFO -      ⚠️ Erreur ligne 583: current transaction is aborted, commands ignored until end of transaction block
[2026-01-26T14:54:48.548+0000] {logging_mixin.py:151} INFO -      ⚠️ Erreur ligne 584: current transaction is aborted, commands ignored until end of transaction block
[2026-01-26T14:54:48.549+0000] {logging_mixin.py:151} INFO -      ⚠️ Erreur ligne 585: current transaction is aborted, commands ignored until end of transaction block
[2026-01-26T14:54:48.550+0000] {logging_mixin.py:151} INFO -      ⚠️ Erreur ligne 586: current transaction is aborted, commands ignored until end of transaction block
[2026-01-26T14:54:48.551+0000] {logging_mixin.py:151} INFO -      ⚠️ Erreur ligne 587: current transaction is aborted, commands ignored until end of transaction block
[2026-01-26T14:54:48.553+0000] {logging_mixin.py:151} INFO -      ⚠️ Erreur ligne 588: current transaction is aborted, commands ignored until end of transaction block
[2026-01-26T14:54:48.554+0000] {logging_mixin.py:151} INFO -      ⚠️ Erreur ligne 589: current transaction is aborted, commands ignored until end of transaction block
[2026-01-26T14:54:48.556+0000] {logging_mixin.py:151} INFO -      ⚠️ Erreur ligne 590: current transaction is aborted, commands ignored until end of transaction block
[2026-01-26T14:54:48.557+0000] {logging_mixin.py:151} INFO -      ⚠️ Erreur ligne 591: current transaction is aborted, commands ignored until end of transaction block
[2026-01-26T14:54:48.559+0000] {logging_mixin.py:151} INFO -      ⚠️ Erreur ligne 592: current transaction is aborted, commands ignored until end of transaction block
[2026-01-26T14:54:48.560+0000] {logging_mixin.py:151} INFO -      ⚠️ Erreur ligne 593: current transaction is aborted, commands ignored until end of transaction block
[2026-01-26T14:54:48.562+0000] {logging_mixin.py:151} INFO -      ⚠️ Erreur ligne 594: current transaction is aborted, commands ignored until end of transaction block
[2026-01-26T14:54:48.563+0000] {logging_mixin.py:151} INFO -      ⚠️ Erreur ligne 595: current transaction is aborted, commands ignored until end of transaction block
[2026-01-26T14:54:48.564+0000] {logging_mixin.py:151} INFO -      ⚠️ Erreur ligne 596: current transaction is aborted, commands ignored until end of transaction block
[2026-01-26T14:54:48.565+0000] {logging_mixin.py:151} INFO -      ⚠️ Erreur ligne 597: current transaction is aborted, commands ignored until end of transaction block
[2026-01-26T14:54:48.566+0000] {logging_mixin.py:151} INFO -      ⚠️ Erreur ligne 598: current transaction is aborted, commands ignored until end of transaction block
[2026-01-26T14:54:48.567+0000] {logging_mixin.py:151} INFO -      ⚠️ Erreur ligne 599: current transaction is aborted, commands ignored until end of transaction block
[2026-01-26T14:54:48.569+0000] {logging_mixin.py:151} INFO -      ⚠️ Erreur ligne 600: current transaction is aborted, commands ignored until end of transaction block
[2026-01-26T14:54:48.571+0000] {logging_mixin.py:151} INFO -      ⚠️ Erreur ligne 601: current transaction is aborted, commands ignored until end of transaction block
[2026-01-26T14:54:48.572+0000] {logging_mixin.py:151} INFO -      ⚠️ Erreur ligne 602: current transaction is aborted, commands ignored until end of transaction block
[2026-01-26T14:54:48.574+0000] {logging_mixin.py:151} INFO -      ⚠️ Erreur ligne 603: current transaction is aborted, commands ignored until end of transaction block
[2026-01-26T14:54:48.575+0000] {logging_mixin.py:151} INFO -      ⚠️ Erreur ligne 604: current transaction is aborted, commands ignored until end of transaction block
[2026-01-26T14:54:48.577+0000] {logging_mixin.py:151} INFO -      ⚠️ Erreur ligne 605: current transaction is aborted, commands ignored until end of transaction block
[2026-01-26T14:54:48.579+0000] {logging_mixin.py:151} INFO -      ⚠️ Erreur ligne 606: current transaction is aborted, commands ignored until end of transaction block
[2026-01-26T14:54:48.580+0000] {logging_mixin.py:151} INFO -      ⚠️ Erreur ligne 607: current transaction is aborted, commands ignored until end of transaction block
[2026-01-26T14:54:48.582+0000] {logging_mixin.py:151} INFO -      ⚠️ Erreur ligne 608: current transaction is aborted, commands ignored until end of transaction block
[2026-01-26T14:54:48.583+0000] {logging_mixin.py:151} INFO -      ⚠️ Erreur ligne 609: current transaction is aborted, commands ignored until end of transaction block
[2026-01-26T14:54:48.584+0000] {logging_mixin.py:151} INFO -      ⚠️ Erreur ligne 610: current transaction is aborted, commands ignored until end of transaction block
[2026-01-26T14:54:48.586+0000] {logging_mixin.py:151} INFO -      ⚠️ Erreur ligne 611: current transaction is aborted, commands ignored until end of transaction block
[2026-01-26T14:54:48.587+0000] {logging_mixin.py:151} INFO -      ⚠️ Erreur ligne 612: current transaction is aborted, commands ignored until end of transaction block
[2026-01-26T14:54:48.588+0000] {logging_mixin.py:151} INFO -      ⚠️ Erreur ligne 613: current transaction is aborted, commands ignored until end of transaction block
[2026-01-26T14:54:48.590+0000] {logging_mixin.py:151} INFO -      ⚠️ Erreur ligne 614: current transaction is aborted, commands ignored until end of transaction block
[2026-01-26T14:54:48.591+0000] {logging_mixin.py:151} INFO -      ⚠️ Erreur ligne 615: current transaction is aborted, commands ignored until end of transaction block
[2026-01-26T14:54:48.592+0000] {logging_mixin.py:151} INFO -      ⚠️ Erreur ligne 616: current transaction is aborted, commands ignored until end of transaction block
[2026-01-26T14:54:48.593+0000] {logging_mixin.py:151} INFO -      ⚠️ Erreur ligne 617: current transaction is aborted, commands ignored until end of transaction block
[2026-01-26T14:54:48.594+0000] {logging_mixin.py:151} INFO -      ⚠️ Erreur ligne 618: current transaction is aborted, commands ignored until end of transaction block
[2026-01-26T14:54:48.596+0000] {logging_mixin.py:151} INFO -      ⚠️ Erreur ligne 619: current transaction is aborted, commands ignored until end of transaction block
[2026-01-26T14:54:48.597+0000] {logging_mixin.py:151} INFO -      ⚠️ Erreur ligne 620: current transaction is aborted, commands ignored until end of transaction block
[2026-01-26T14:54:48.598+0000] {logging_mixin.py:151} INFO -      ⚠️ Erreur ligne 621: current transaction is aborted, commands ignored until end of transaction block
[2026-01-26T14:54:48.599+0000] {logging_mixin.py:151} INFO -      ⚠️ Erreur ligne 622: current transaction is aborted, commands ignored until end of transaction block
[2026-01-26T14:54:48.600+0000] {logging_mixin.py:151} INFO -      ⚠️ Erreur ligne 623: current transaction is aborted, commands ignored until end of transaction block
[2026-01-26T14:54:48.602+0000] {logging_mixin.py:151} INFO -      ⚠️ Erreur ligne 624: current transaction is aborted, commands ignored until end of transaction block
[2026-01-26T14:54:48.603+0000] {logging_mixin.py:151} INFO -      ⚠️ Erreur ligne 625: current transaction is aborted, commands ignored until end of transaction block
[2026-01-26T14:54:48.605+0000] {logging_mixin.py:151} INFO -      ⚠️ Erreur ligne 626: current transaction is aborted, commands ignored until end of transaction block
[2026-01-26T14:54:48.606+0000] {logging_mixin.py:151} INFO -      ⚠️ Erreur ligne 627: current transaction is aborted, commands ignored until end of transaction block
[2026-01-26T14:54:48.607+0000] {logging_mixin.py:151} INFO -      ⚠️ Erreur ligne 628: current transaction is aborted, commands ignored until end of transaction block
[2026-01-26T14:54:48.609+0000] {logging_mixin.py:151} INFO -      ⚠️ Erreur ligne 629: current transaction is aborted, commands ignored until end of transaction block
[2026-01-26T14:54:48.610+0000] {logging_mixin.py:151} INFO -      ⚠️ Erreur ligne 630: current transaction is aborted, commands ignored until end of transaction block
[2026-01-26T14:54:48.612+0000] {logging_mixin.py:151} INFO -      ⚠️ Erreur ligne 631: current transaction is aborted, commands ignored until end of transaction block
[2026-01-26T14:54:48.613+0000] {logging_mixin.py:151} INFO -      ⚠️ Erreur ligne 632: current transaction is aborted, commands ignored until end of transaction block
[2026-01-26T14:54:48.614+0000] {logging_mixin.py:151} INFO -      ⚠️ Erreur ligne 633: current transaction is aborted, commands ignored until end of transaction block
[2026-01-26T14:54:48.616+0000] {logging_mixin.py:151} INFO -      ⚠️ Erreur ligne 634: current transaction is aborted, commands ignored until end of transaction block
[2026-01-26T14:54:48.618+0000] {logging_mixin.py:151} INFO -      ⚠️ Erreur ligne 635: current transaction is aborted, commands ignored until end of transaction block
[2026-01-26T14:54:48.619+0000] {logging_mixin.py:151} INFO -      ⚠️ Erreur ligne 636: current transaction is aborted, commands ignored until end of transaction block
[2026-01-26T14:54:48.621+0000] {logging_mixin.py:151} INFO -      ⚠️ Erreur ligne 637: current transaction is aborted, commands ignored until end of transaction block
[2026-01-26T14:54:48.622+0000] {logging_mixin.py:151} INFO -      ⚠️ Erreur ligne 638: current transaction is aborted, commands ignored until end of transaction block
[2026-01-26T14:54:48.623+0000] {logging_mixin.py:151} INFO -      ⚠️ Erreur ligne 639: current transaction is aborted, commands ignored until end of transaction block
[2026-01-26T14:54:48.625+0000] {logging_mixin.py:151} INFO -      ⚠️ Erreur ligne 640: current transaction is aborted, commands ignored until end of transaction block
[2026-01-26T14:54:48.626+0000] {logging_mixin.py:151} INFO -      ⚠️ Erreur ligne 641: current transaction is aborted, commands ignored until end of transaction block
[2026-01-26T14:54:48.631+0000] {logging_mixin.py:151} INFO -      ⚠️ Erreur ligne 642: current transaction is aborted, commands ignored until end of transaction block
[2026-01-26T14:54:48.634+0000] {logging_mixin.py:151} INFO -      ⚠️ Erreur ligne 643: current transaction is aborted, commands ignored until end of transaction block
[2026-01-26T14:54:48.636+0000] {logging_mixin.py:151} INFO -      ⚠️ Erreur ligne 644: current transaction is aborted, commands ignored until end of transaction block
[2026-01-26T14:54:48.639+0000] {logging_mixin.py:151} INFO -      ⚠️ Erreur ligne 645: current transaction is aborted, commands ignored until end of transaction block
[2026-01-26T14:54:48.641+0000] {logging_mixin.py:151} INFO -      ⚠️ Erreur ligne 646: current transaction is aborted, commands ignored until end of transaction block
[2026-01-26T14:54:48.645+0000] {logging_mixin.py:151} INFO -      ⚠️ Erreur ligne 647: current transaction is aborted, commands ignored until end of transaction block
[2026-01-26T14:54:48.647+0000] {logging_mixin.py:151} INFO -      ⚠️ Erreur ligne 648: current transaction is aborted, commands ignored until end of transaction block
[2026-01-26T14:54:48.648+0000] {logging_mixin.py:151} INFO -      ⚠️ Erreur ligne 649: current transaction is aborted, commands ignored until end of transaction block
[2026-01-26T14:54:48.649+0000] {logging_mixin.py:151} INFO -      ⚠️ Erreur ligne 650: current transaction is aborted, commands ignored until end of transaction block
[2026-01-26T14:54:48.651+0000] {logging_mixin.py:151} INFO -      ⚠️ Erreur ligne 651: current transaction is aborted, commands ignored until end of transaction block
[2026-01-26T14:54:48.652+0000] {logging_mixin.py:151} INFO -      ⚠️ Erreur ligne 652: current transaction is aborted, commands ignored until end of transaction block
[2026-01-26T14:54:48.654+0000] {logging_mixin.py:151} INFO -      ⚠️ Erreur ligne 653: current transaction is aborted, commands ignored until end of transaction block
[2026-01-26T14:54:48.655+0000] {logging_mixin.py:151} INFO -      ⚠️ Erreur ligne 654: current transaction is aborted, commands ignored until end of transaction block
[2026-01-26T14:54:48.657+0000] {logging_mixin.py:151} INFO -      ⚠️ Erreur ligne 655: current transaction is aborted, commands ignored until end of transaction block
[2026-01-26T14:54:48.659+0000] {logging_mixin.py:151} INFO -      ⚠️ Erreur ligne 656: current transaction is aborted, commands ignored until end of transaction block
[2026-01-26T14:54:48.660+0000] {logging_mixin.py:151} INFO -      ⚠️ Erreur ligne 657: current transaction is aborted, commands ignored until end of transaction block
[2026-01-26T14:54:48.662+0000] {logging_mixin.py:151} INFO -      ⚠️ Erreur ligne 658: current transaction is aborted, commands ignored until end of transaction block
[2026-01-26T14:54:48.663+0000] {logging_mixin.py:151} INFO -      ⚠️ Erreur ligne 659: current transaction is aborted, commands ignored until end of transaction block
[2026-01-26T14:54:48.664+0000] {logging_mixin.py:151} INFO -      ⚠️ Erreur ligne 660: current transaction is aborted, commands ignored until end of transaction block
[2026-01-26T14:54:48.666+0000] {logging_mixin.py:151} INFO -      ⚠️ Erreur ligne 661: current transaction is aborted, commands ignored until end of transaction block
[2026-01-26T14:54:48.667+0000] {logging_mixin.py:151} INFO -      ⚠️ Erreur ligne 662: current transaction is aborted, commands ignored until end of transaction block
[2026-01-26T14:54:48.669+0000] {logging_mixin.py:151} INFO -      ⚠️ Erreur ligne 663: current transaction is aborted, commands ignored until end of transaction block
[2026-01-26T14:54:48.670+0000] {logging_mixin.py:151} INFO -      ⚠️ Erreur ligne 664: current transaction is aborted, commands ignored until end of transaction block
[2026-01-26T14:54:48.672+0000] {logging_mixin.py:151} INFO -      ⚠️ Erreur ligne 665: current transaction is aborted, commands ignored until end of transaction block
[2026-01-26T14:54:48.673+0000] {logging_mixin.py:151} INFO -      ⚠️ Erreur ligne 666: current transaction is aborted, commands ignored until end of transaction block
[2026-01-26T14:54:48.675+0000] {logging_mixin.py:151} INFO -      ⚠️ Erreur ligne 667: current transaction is aborted, commands ignored until end of transaction block
[2026-01-26T14:54:48.676+0000] {logging_mixin.py:151} INFO -      ⚠️ Erreur ligne 668: current transaction is aborted, commands ignored until end of transaction block
[2026-01-26T14:54:48.677+0000] {logging_mixin.py:151} INFO -      ⚠️ Erreur ligne 669: current transaction is aborted, commands ignored until end of transaction block
[2026-01-26T14:54:48.679+0000] {logging_mixin.py:151} INFO -      ⚠️ Erreur ligne 670: current transaction is aborted, commands ignored until end of transaction block
[2026-01-26T14:54:48.681+0000] {logging_mixin.py:151} INFO -      ⚠️ Erreur ligne 671: current transaction is aborted, commands ignored until end of transaction block
[2026-01-26T14:54:48.682+0000] {logging_mixin.py:151} INFO -      ⚠️ Erreur ligne 672: current transaction is aborted, commands ignored until end of transaction block
[2026-01-26T14:54:48.684+0000] {logging_mixin.py:151} INFO -      ⚠️ Erreur ligne 673: current transaction is aborted, commands ignored until end of transaction block
[2026-01-26T14:54:48.686+0000] {logging_mixin.py:151} INFO -      ⚠️ Erreur ligne 674: current transaction is aborted, commands ignored until end of transaction block
[2026-01-26T14:54:48.688+0000] {logging_mixin.py:151} INFO -      ⚠️ Erreur ligne 675: current transaction is aborted, commands ignored until end of transaction block
[2026-01-26T14:54:48.690+0000] {logging_mixin.py:151} INFO -      ⚠️ Erreur ligne 676: current transaction is aborted, commands ignored until end of transaction block
[2026-01-26T14:54:48.691+0000] {logging_mixin.py:151} INFO -      ⚠️ Erreur ligne 677: current transaction is aborted, commands ignored until end of transaction block
[2026-01-26T14:54:48.694+0000] {logging_mixin.py:151} INFO -      ⚠️ Erreur ligne 678: current transaction is aborted, commands ignored until end of transaction block
[2026-01-26T14:54:48.697+0000] {logging_mixin.py:151} INFO -      ⚠️ Erreur ligne 679: current transaction is aborted, commands ignored until end of transaction block
[2026-01-26T14:54:48.699+0000] {logging_mixin.py:151} INFO -      ⚠️ Erreur ligne 680: current transaction is aborted, commands ignored until end of transaction block
[2026-01-26T14:54:48.702+0000] {logging_mixin.py:151} INFO -      ⚠️ Erreur ligne 681: current transaction is aborted, commands ignored until end of transaction block
[2026-01-26T14:54:48.705+0000] {logging_mixin.py:151} INFO -      ⚠️ Erreur ligne 682: current transaction is aborted, commands ignored until end of transaction block
[2026-01-26T14:54:48.708+0000] {logging_mixin.py:151} INFO -      ⚠️ Erreur ligne 683: current transaction is aborted, commands ignored until end of transaction block
[2026-01-26T14:54:48.710+0000] {logging_mixin.py:151} INFO -      ⚠️ Erreur ligne 684: current transaction is aborted, commands ignored until end of transaction block
[2026-01-26T14:54:48.716+0000] {logging_mixin.py:151} INFO -      ⚠️ Erreur ligne 685: current transaction is aborted, commands ignored until end of transaction block
[2026-01-26T14:54:48.719+0000] {logging_mixin.py:151} INFO -      ⚠️ Erreur ligne 686: current transaction is aborted, commands ignored until end of transaction block
[2026-01-26T14:54:48.720+0000] {logging_mixin.py:151} INFO -      ⚠️ Erreur ligne 687: current transaction is aborted, commands ignored until end of transaction block
[2026-01-26T14:54:48.722+0000] {logging_mixin.py:151} INFO -      ⚠️ Erreur ligne 688: current transaction is aborted, commands ignored until end of transaction block
[2026-01-26T14:54:48.724+0000] {logging_mixin.py:151} INFO -      ⚠️ Erreur ligne 689: current transaction is aborted, commands ignored until end of transaction block
[2026-01-26T14:54:48.725+0000] {logging_mixin.py:151} INFO -      ⚠️ Erreur ligne 690: current transaction is aborted, commands ignored until end of transaction block
[2026-01-26T14:54:48.727+0000] {logging_mixin.py:151} INFO -      ⚠️ Erreur ligne 691: current transaction is aborted, commands ignored until end of transaction block
[2026-01-26T14:54:48.732+0000] {logging_mixin.py:151} INFO -      ⚠️ Erreur ligne 692: current transaction is aborted, commands ignored until end of transaction block
[2026-01-26T14:54:48.734+0000] {logging_mixin.py:151} INFO -      ⚠️ Erreur ligne 693: current transaction is aborted, commands ignored until end of transaction block
[2026-01-26T14:54:48.736+0000] {logging_mixin.py:151} INFO -      ⚠️ Erreur ligne 694: current transaction is aborted, commands ignored until end of transaction block
[2026-01-26T14:54:48.740+0000] {logging_mixin.py:151} INFO -      ⚠️ Erreur ligne 695: current transaction is aborted, commands ignored until end of transaction block
[2026-01-26T14:54:48.743+0000] {logging_mixin.py:151} INFO -      ⚠️ Erreur ligne 696: current transaction is aborted, commands ignored until end of transaction block
[2026-01-26T14:54:48.745+0000] {logging_mixin.py:151} INFO -      ⚠️ Erreur ligne 697: current transaction is aborted, commands ignored until end of transaction block
[2026-01-26T14:54:48.746+0000] {logging_mixin.py:151} INFO -      ⚠️ Erreur ligne 698: current transaction is aborted, commands ignored until end of transaction block
[2026-01-26T14:54:48.748+0000] {logging_mixin.py:151} INFO -      ⚠️ Erreur ligne 699: current transaction is aborted, commands ignored until end of transaction block
[2026-01-26T14:54:48.749+0000] {logging_mixin.py:151} INFO -      ⚠️ Erreur ligne 700: current transaction is aborted, commands ignored until end of transaction block
[2026-01-26T14:54:48.751+0000] {logging_mixin.py:151} INFO -      ⚠️ Erreur ligne 701: current transaction is aborted, commands ignored until end of transaction block
[2026-01-26T14:54:48.755+0000] {logging_mixin.py:151} INFO -      ⚠️ Erreur ligne 702: current transaction is aborted, commands ignored until end of transaction block
[2026-01-26T14:54:48.757+0000] {logging_mixin.py:151} INFO -      ⚠️ Erreur ligne 703: current transaction is aborted, commands ignored until end of transaction block
[2026-01-26T14:54:48.758+0000] {logging_mixin.py:151} INFO -      ⚠️ Erreur ligne 704: current transaction is aborted, commands ignored until end of transaction block
[2026-01-26T14:54:48.761+0000] {logging_mixin.py:151} INFO -      ⚠️ Erreur ligne 705: current transaction is aborted, commands ignored until end of transaction block
[2026-01-26T14:54:48.763+0000] {logging_mixin.py:151} INFO -      ⚠️ Erreur ligne 706: current transaction is aborted, commands ignored until end of transaction block
[2026-01-26T14:54:48.765+0000] {logging_mixin.py:151} INFO -      ⚠️ Erreur ligne 707: current transaction is aborted, commands ignored until end of transaction block
[2026-01-26T14:54:48.767+0000] {logging_mixin.py:151} INFO -      ⚠️ Erreur ligne 708: current transaction is aborted, commands ignored until end of transaction block
[2026-01-26T14:54:48.769+0000] {logging_mixin.py:151} INFO -      ⚠️ Erreur ligne 709: current transaction is aborted, commands ignored until end of transaction block
[2026-01-26T14:54:48.771+0000] {logging_mixin.py:151} INFO -      ⚠️ Erreur ligne 710: current transaction is aborted, commands ignored until end of transaction block
[2026-01-26T14:54:48.772+0000] {logging_mixin.py:151} INFO -      ⚠️ Erreur ligne 711: current transaction is aborted, commands ignored until end of transaction block
[2026-01-26T14:54:48.774+0000] {logging_mixin.py:151} INFO -      ⚠️ Erreur ligne 712: current transaction is aborted, commands ignored until end of transaction block
[2026-01-26T14:54:48.775+0000] {logging_mixin.py:151} INFO -      ⚠️ Erreur ligne 713: current transaction is aborted, commands ignored until end of transaction block
[2026-01-26T14:54:48.777+0000] {logging_mixin.py:151} INFO -      ⚠️ Erreur ligne 714: current transaction is aborted, commands ignored until end of transaction block
[2026-01-26T14:54:48.779+0000] {logging_mixin.py:151} INFO -      ⚠️ Erreur ligne 715: current transaction is aborted, commands ignored until end of transaction block
[2026-01-26T14:54:48.780+0000] {logging_mixin.py:151} INFO -      ⚠️ Erreur ligne 716: current transaction is aborted, commands ignored until end of transaction block
[2026-01-26T14:54:48.783+0000] {logging_mixin.py:151} INFO -      ⚠️ Erreur ligne 717: current transaction is aborted, commands ignored until end of transaction block
[2026-01-26T14:54:48.785+0000] {logging_mixin.py:151} INFO -      ⚠️ Erreur ligne 718: current transaction is aborted, commands ignored until end of transaction block
[2026-01-26T14:54:48.786+0000] {logging_mixin.py:151} INFO -      ⚠️ Erreur ligne 719: current transaction is aborted, commands ignored until end of transaction block
[2026-01-26T14:54:48.788+0000] {logging_mixin.py:151} INFO -      ⚠️ Erreur ligne 720: current transaction is aborted, commands ignored until end of transaction block
[2026-01-26T14:54:48.790+0000] {logging_mixin.py:151} INFO -      ⚠️ Erreur ligne 721: current transaction is aborted, commands ignored until end of transaction block
[2026-01-26T14:54:48.792+0000] {logging_mixin.py:151} INFO -      ⚠️ Erreur ligne 722: current transaction is aborted, commands ignored until end of transaction block
[2026-01-26T14:54:48.794+0000] {logging_mixin.py:151} INFO -      ⚠️ Erreur ligne 723: current transaction is aborted, commands ignored until end of transaction block
[2026-01-26T14:54:48.796+0000] {logging_mixin.py:151} INFO -      ⚠️ Erreur ligne 724: current transaction is aborted, commands ignored until end of transaction block
[2026-01-26T14:54:48.798+0000] {logging_mixin.py:151} INFO -      ⚠️ Erreur ligne 725: current transaction is aborted, commands ignored until end of transaction block
[2026-01-26T14:54:48.799+0000] {logging_mixin.py:151} INFO -      ⚠️ Erreur ligne 726: current transaction is aborted, commands ignored until end of transaction block
[2026-01-26T14:54:48.801+0000] {logging_mixin.py:151} INFO -      ⚠️ Erreur ligne 727: current transaction is aborted, commands ignored until end of transaction block
[2026-01-26T14:54:48.803+0000] {logging_mixin.py:151} INFO -      ⚠️ Erreur ligne 728: current transaction is aborted, commands ignored until end of transaction block
[2026-01-26T14:54:48.804+0000] {logging_mixin.py:151} INFO -      ⚠️ Erreur ligne 729: current transaction is aborted, commands ignored until end of transaction block
[2026-01-26T14:54:48.806+0000] {logging_mixin.py:151} INFO -      ⚠️ Erreur ligne 730: current transaction is aborted, commands ignored until end of transaction block
[2026-01-26T14:54:48.807+0000] {logging_mixin.py:151} INFO -      ⚠️ Erreur ligne 731: current transaction is aborted, commands ignored until end of transaction block
[2026-01-26T14:54:48.812+0000] {logging_mixin.py:151} INFO -      ⚠️ Erreur ligne 732: current transaction is aborted, commands ignored until end of transaction block
[2026-01-26T14:54:48.816+0000] {logging_mixin.py:151} INFO -      ⚠️ Erreur ligne 733: current transaction is aborted, commands ignored until end of transaction block
[2026-01-26T14:54:48.819+0000] {logging_mixin.py:151} INFO -      ⚠️ Erreur ligne 734: current transaction is aborted, commands ignored until end of transaction block
[2026-01-26T14:54:48.820+0000] {logging_mixin.py:151} INFO -      ⚠️ Erreur ligne 735: current transaction is aborted, commands ignored until end of transaction block
[2026-01-26T14:54:48.822+0000] {logging_mixin.py:151} INFO -      ⚠️ Erreur ligne 736: current transaction is aborted, commands ignored until end of transaction block
[2026-01-26T14:54:48.824+0000] {logging_mixin.py:151} INFO -      ⚠️ Erreur ligne 737: current transaction is aborted, commands ignored until end of transaction block
[2026-01-26T14:54:48.825+0000] {logging_mixin.py:151} INFO -      ⚠️ Erreur ligne 738: current transaction is aborted, commands ignored until end of transaction block
[2026-01-26T14:54:48.827+0000] {logging_mixin.py:151} INFO -      ⚠️ Erreur ligne 739: current transaction is aborted, commands ignored until end of transaction block
[2026-01-26T14:54:48.828+0000] {logging_mixin.py:151} INFO -      ⚠️ Erreur ligne 740: current transaction is aborted, commands ignored until end of transaction block
[2026-01-26T14:54:48.830+0000] {logging_mixin.py:151} INFO -      ⚠️ Erreur ligne 741: current transaction is aborted, commands ignored until end of transaction block
[2026-01-26T14:54:48.833+0000] {logging_mixin.py:151} INFO -      ⚠️ Erreur ligne 742: current transaction is aborted, commands ignored until end of transaction block
[2026-01-26T14:54:48.835+0000] {logging_mixin.py:151} INFO -      ⚠️ Erreur ligne 743: current transaction is aborted, commands ignored until end of transaction block
[2026-01-26T14:54:48.836+0000] {logging_mixin.py:151} INFO -      ⚠️ Erreur ligne 744: current transaction is aborted, commands ignored until end of transaction block
[2026-01-26T14:54:48.837+0000] {logging_mixin.py:151} INFO -      ⚠️ Erreur ligne 745: current transaction is aborted, commands ignored until end of transaction block
[2026-01-26T14:54:48.839+0000] {logging_mixin.py:151} INFO -      ⚠️ Erreur ligne 746: current transaction is aborted, commands ignored until end of transaction block
[2026-01-26T14:54:48.840+0000] {logging_mixin.py:151} INFO -      ⚠️ Erreur ligne 747: current transaction is aborted, commands ignored until end of transaction block
[2026-01-26T14:54:48.841+0000] {logging_mixin.py:151} INFO -      ⚠️ Erreur ligne 748: current transaction is aborted, commands ignored until end of transaction block
[2026-01-26T14:54:48.843+0000] {logging_mixin.py:151} INFO -      ⚠️ Erreur ligne 749: current transaction is aborted, commands ignored until end of transaction block
[2026-01-26T14:54:48.845+0000] {logging_mixin.py:151} INFO -      ⚠️ Erreur ligne 750: current transaction is aborted, commands ignored until end of transaction block
[2026-01-26T14:54:48.849+0000] {logging_mixin.py:151} INFO -      ⚠️ Erreur ligne 751: current transaction is aborted, commands ignored until end of transaction block
[2026-01-26T14:54:48.852+0000] {logging_mixin.py:151} INFO -      ⚠️ Erreur ligne 752: current transaction is aborted, commands ignored until end of transaction block
[2026-01-26T14:54:48.853+0000] {logging_mixin.py:151} INFO -      ⚠️ Erreur ligne 753: current transaction is aborted, commands ignored until end of transaction block
[2026-01-26T14:54:48.855+0000] {logging_mixin.py:151} INFO -      ⚠️ Erreur ligne 754: current transaction is aborted, commands ignored until end of transaction block
[2026-01-26T14:54:48.856+0000] {logging_mixin.py:151} INFO -      ⚠️ Erreur ligne 755: current transaction is aborted, commands ignored until end of transaction block
[2026-01-26T14:54:48.858+0000] {logging_mixin.py:151} INFO -      ⚠️ Erreur ligne 756: current transaction is aborted, commands ignored until end of transaction block
[2026-01-26T14:54:48.859+0000] {logging_mixin.py:151} INFO -      ⚠️ Erreur ligne 757: current transaction is aborted, commands ignored until end of transaction block
[2026-01-26T14:54:48.860+0000] {logging_mixin.py:151} INFO -      ⚠️ Erreur ligne 758: current transaction is aborted, commands ignored until end of transaction block
[2026-01-26T14:54:48.862+0000] {logging_mixin.py:151} INFO -      ⚠️ Erreur ligne 759: current transaction is aborted, commands ignored until end of transaction block
[2026-01-26T14:54:48.865+0000] {logging_mixin.py:151} INFO -      ⚠️ Erreur ligne 760: current transaction is aborted, commands ignored until end of transaction block
[2026-01-26T14:54:48.869+0000] {logging_mixin.py:151} INFO -      ⚠️ Erreur ligne 761: current transaction is aborted, commands ignored until end of transaction block
[2026-01-26T14:54:48.871+0000] {logging_mixin.py:151} INFO -      ⚠️ Erreur ligne 762: current transaction is aborted, commands ignored until end of transaction block
[2026-01-26T14:54:48.873+0000] {logging_mixin.py:151} INFO -      ⚠️ Erreur ligne 763: current transaction is aborted, commands ignored until end of transaction block
[2026-01-26T14:54:48.874+0000] {logging_mixin.py:151} INFO -      ⚠️ Erreur ligne 764: current transaction is aborted, commands ignored until end of transaction block
[2026-01-26T14:54:48.876+0000] {logging_mixin.py:151} INFO -      ⚠️ Erreur ligne 765: current transaction is aborted, commands ignored until end of transaction block
[2026-01-26T14:54:48.877+0000] {logging_mixin.py:151} INFO -      ⚠️ Erreur ligne 766: current transaction is aborted, commands ignored until end of transaction block
[2026-01-26T14:54:48.879+0000] {logging_mixin.py:151} INFO -      ⚠️ Erreur ligne 767: current transaction is aborted, commands ignored until end of transaction block
[2026-01-26T14:54:48.880+0000] {logging_mixin.py:151} INFO -      ⚠️ Erreur ligne 768: current transaction is aborted, commands ignored until end of transaction block
[2026-01-26T14:54:48.882+0000] {logging_mixin.py:151} INFO -      ⚠️ Erreur ligne 769: current transaction is aborted, commands ignored until end of transaction block
[2026-01-26T14:54:48.884+0000] {logging_mixin.py:151} INFO -      ⚠️ Erreur ligne 770: current transaction is aborted, commands ignored until end of transaction block
[2026-01-26T14:54:48.888+0000] {logging_mixin.py:151} INFO -      ⚠️ Erreur ligne 771: current transaction is aborted, commands ignored until end of transaction block
[2026-01-26T14:54:48.892+0000] {logging_mixin.py:151} INFO -      ⚠️ Erreur ligne 772: current transaction is aborted, commands ignored until end of transaction block
[2026-01-26T14:54:48.895+0000] {logging_mixin.py:151} INFO -      ⚠️ Erreur ligne 773: current transaction is aborted, commands ignored until end of transaction block
[2026-01-26T14:54:48.898+0000] {logging_mixin.py:151} INFO -      ⚠️ Erreur ligne 774: current transaction is aborted, commands ignored until end of transaction block
[2026-01-26T14:54:48.900+0000] {logging_mixin.py:151} INFO -      ⚠️ Erreur ligne 775: current transaction is aborted, commands ignored until end of transaction block
[2026-01-26T14:54:48.903+0000] {logging_mixin.py:151} INFO -      ⚠️ Erreur ligne 776: current transaction is aborted, commands ignored until end of transaction block
[2026-01-26T14:54:48.906+0000] {logging_mixin.py:151} INFO -      ⚠️ Erreur ligne 777: current transaction is aborted, commands ignored until end of transaction block
[2026-01-26T14:54:48.910+0000] {logging_mixin.py:151} INFO -      ⚠️ Erreur ligne 778: current transaction is aborted, commands ignored until end of transaction block
[2026-01-26T14:54:48.913+0000] {logging_mixin.py:151} INFO -      ⚠️ Erreur ligne 779: current transaction is aborted, commands ignored until end of transaction block
[2026-01-26T14:54:48.917+0000] {logging_mixin.py:151} INFO -      ⚠️ Erreur ligne 780: current transaction is aborted, commands ignored until end of transaction block
[2026-01-26T14:54:48.919+0000] {logging_mixin.py:151} INFO -      ⚠️ Erreur ligne 781: current transaction is aborted, commands ignored until end of transaction block
[2026-01-26T14:54:48.922+0000] {logging_mixin.py:151} INFO -      ⚠️ Erreur ligne 782: current transaction is aborted, commands ignored until end of transaction block
[2026-01-26T14:54:48.924+0000] {logging_mixin.py:151} INFO -      ⚠️ Erreur ligne 783: current transaction is aborted, commands ignored until end of transaction block
[2026-01-26T14:54:48.926+0000] {logging_mixin.py:151} INFO -      ⚠️ Erreur ligne 784: current transaction is aborted, commands ignored until end of transaction block
[2026-01-26T14:54:48.932+0000] {logging_mixin.py:151} INFO -      ⚠️ Erreur ligne 785: current transaction is aborted, commands ignored until end of transaction block
[2026-01-26T14:54:48.936+0000] {logging_mixin.py:151} INFO -      ⚠️ Erreur ligne 786: current transaction is aborted, commands ignored until end of transaction block
[2026-01-26T14:54:48.939+0000] {logging_mixin.py:151} INFO -      ⚠️ Erreur ligne 787: current transaction is aborted, commands ignored until end of transaction block
[2026-01-26T14:54:48.941+0000] {logging_mixin.py:151} INFO -      ⚠️ Erreur ligne 788: current transaction is aborted, commands ignored until end of transaction block
[2026-01-26T14:54:48.943+0000] {logging_mixin.py:151} INFO -      ⚠️ Erreur ligne 789: current transaction is aborted, commands ignored until end of transaction block
[2026-01-26T14:54:48.945+0000] {logging_mixin.py:151} INFO -      ⚠️ Erreur ligne 790: current transaction is aborted, commands ignored until end of transaction block
[2026-01-26T14:54:48.947+0000] {logging_mixin.py:151} INFO -      ⚠️ Erreur ligne 791: current transaction is aborted, commands ignored until end of transaction block
[2026-01-26T14:54:48.950+0000] {logging_mixin.py:151} INFO -      ⚠️ Erreur ligne 792: current transaction is aborted, commands ignored until end of transaction block
[2026-01-26T14:54:48.953+0000] {logging_mixin.py:151} INFO -      ⚠️ Erreur ligne 793: current transaction is aborted, commands ignored until end of transaction block
[2026-01-26T14:54:48.955+0000] {logging_mixin.py:151} INFO -      ⚠️ Erreur ligne 794: current transaction is aborted, commands ignored until end of transaction block
[2026-01-26T14:54:48.957+0000] {logging_mixin.py:151} INFO -      ⚠️ Erreur ligne 795: current transaction is aborted, commands ignored until end of transaction block
[2026-01-26T14:54:48.958+0000] {logging_mixin.py:151} INFO -      ⚠️ Erreur ligne 796: current transaction is aborted, commands ignored until end of transaction block
[2026-01-26T14:54:48.960+0000] {logging_mixin.py:151} INFO -      ⚠️ Erreur ligne 797: current transaction is aborted, commands ignored until end of transaction block
[2026-01-26T14:54:48.962+0000] {logging_mixin.py:151} INFO -      ⚠️ Erreur ligne 798: current transaction is aborted, commands ignored until end of transaction block
[2026-01-26T14:54:48.963+0000] {logging_mixin.py:151} INFO -      ⚠️ Erreur ligne 799: current transaction is aborted, commands ignored until end of transaction block
[2026-01-26T14:54:48.965+0000] {logging_mixin.py:151} INFO -      ⚠️ Erreur ligne 800: current transaction is aborted, commands ignored until end of transaction block
[2026-01-26T14:54:48.967+0000] {logging_mixin.py:151} INFO -      ⚠️ Erreur ligne 801: current transaction is aborted, commands ignored until end of transaction block
[2026-01-26T14:54:48.969+0000] {logging_mixin.py:151} INFO -      ⚠️ Erreur ligne 802: current transaction is aborted, commands ignored until end of transaction block
[2026-01-26T14:54:48.971+0000] {logging_mixin.py:151} INFO -      ⚠️ Erreur ligne 803: current transaction is aborted, commands ignored until end of transaction block
[2026-01-26T14:54:48.973+0000] {logging_mixin.py:151} INFO -      ⚠️ Erreur ligne 804: current transaction is aborted, commands ignored until end of transaction block
[2026-01-26T14:54:48.975+0000] {logging_mixin.py:151} INFO -      ⚠️ Erreur ligne 805: current transaction is aborted, commands ignored until end of transaction block
[2026-01-26T14:54:48.976+0000] {logging_mixin.py:151} INFO -      ⚠️ Erreur ligne 806: current transaction is aborted, commands ignored until end of transaction block
[2026-01-26T14:54:48.978+0000] {logging_mixin.py:151} INFO -      ⚠️ Erreur ligne 807: current transaction is aborted, commands ignored until end of transaction block
[2026-01-26T14:54:48.980+0000] {logging_mixin.py:151} INFO -      ⚠️ Erreur ligne 808: current transaction is aborted, commands ignored until end of transaction block
[2026-01-26T14:54:48.981+0000] {logging_mixin.py:151} INFO -      ⚠️ Erreur ligne 809: current transaction is aborted, commands ignored until end of transaction block
[2026-01-26T14:54:48.984+0000] {logging_mixin.py:151} INFO -      ⚠️ Erreur ligne 810: current transaction is aborted, commands ignored until end of transaction block
[2026-01-26T14:54:48.985+0000] {logging_mixin.py:151} INFO -      ⚠️ Erreur ligne 811: current transaction is aborted, commands ignored until end of transaction block
[2026-01-26T14:54:48.987+0000] {logging_mixin.py:151} INFO -      ⚠️ Erreur ligne 812: current transaction is aborted, commands ignored until end of transaction block
[2026-01-26T14:54:48.989+0000] {logging_mixin.py:151} INFO -      ⚠️ Erreur ligne 813: current transaction is aborted, commands ignored until end of transaction block
[2026-01-26T14:54:48.990+0000] {logging_mixin.py:151} INFO -      ⚠️ Erreur ligne 814: current transaction is aborted, commands ignored until end of transaction block
[2026-01-26T14:54:48.992+0000] {logging_mixin.py:151} INFO -      ⚠️ Erreur ligne 815: current transaction is aborted, commands ignored until end of transaction block
[2026-01-26T14:54:48.993+0000] {logging_mixin.py:151} INFO -      ⚠️ Erreur ligne 816: current transaction is aborted, commands ignored until end of transaction block
[2026-01-26T14:54:48.995+0000] {logging_mixin.py:151} INFO -      ⚠️ Erreur ligne 817: current transaction is aborted, commands ignored until end of transaction block
[2026-01-26T14:54:48.996+0000] {logging_mixin.py:151} INFO -      ⚠️ Erreur ligne 818: current transaction is aborted, commands ignored until end of transaction block
[2026-01-26T14:54:48.998+0000] {logging_mixin.py:151} INFO -      ⚠️ Erreur ligne 819: current transaction is aborted, commands ignored until end of transaction block
[2026-01-26T14:54:49.000+0000] {logging_mixin.py:151} INFO -      ⚠️ Erreur ligne 820: current transaction is aborted, commands ignored until end of transaction block
[2026-01-26T14:54:49.001+0000] {logging_mixin.py:151} INFO -      ⚠️ Erreur ligne 821: current transaction is aborted, commands ignored until end of transaction block
[2026-01-26T14:54:49.003+0000] {logging_mixin.py:151} INFO -      ⚠️ Erreur ligne 822: current transaction is aborted, commands ignored until end of transaction block
[2026-01-26T14:54:49.005+0000] {logging_mixin.py:151} INFO -      ⚠️ Erreur ligne 823: current transaction is aborted, commands ignored until end of transaction block
[2026-01-26T14:54:49.006+0000] {logging_mixin.py:151} INFO -      ⚠️ Erreur ligne 824: current transaction is aborted, commands ignored until end of transaction block
[2026-01-26T14:54:49.007+0000] {logging_mixin.py:151} INFO -      ⚠️ Erreur ligne 825: current transaction is aborted, commands ignored until end of transaction block
[2026-01-26T14:54:49.008+0000] {logging_mixin.py:151} INFO -      ⚠️ Erreur ligne 826: current transaction is aborted, commands ignored until end of transaction block
[2026-01-26T14:54:49.010+0000] {logging_mixin.py:151} INFO -      ⚠️ Erreur ligne 827: current transaction is aborted, commands ignored until end of transaction block
[2026-01-26T14:54:49.011+0000] {logging_mixin.py:151} INFO -      ⚠️ Erreur ligne 828: current transaction is aborted, commands ignored until end of transaction block
[2026-01-26T14:54:49.012+0000] {logging_mixin.py:151} INFO -      ⚠️ Erreur ligne 829: current transaction is aborted, commands ignored until end of transaction block
[2026-01-26T14:54:49.013+0000] {logging_mixin.py:151} INFO -      ⚠️ Erreur ligne 830: current transaction is aborted, commands ignored until end of transaction block
[2026-01-26T14:54:49.014+0000] {logging_mixin.py:151} INFO -      ⚠️ Erreur ligne 831: current transaction is aborted, commands ignored until end of transaction block
[2026-01-26T14:54:49.016+0000] {logging_mixin.py:151} INFO -      ⚠️ Erreur ligne 832: current transaction is aborted, commands ignored until end of transaction block
[2026-01-26T14:54:49.017+0000] {logging_mixin.py:151} INFO -      ⚠️ Erreur ligne 833: current transaction is aborted, commands ignored until end of transaction block
[2026-01-26T14:54:49.018+0000] {logging_mixin.py:151} INFO -      ⚠️ Erreur ligne 834: current transaction is aborted, commands ignored until end of transaction block
[2026-01-26T14:54:49.020+0000] {logging_mixin.py:151} INFO -      ⚠️ Erreur ligne 835: current transaction is aborted, commands ignored until end of transaction block
[2026-01-26T14:54:49.021+0000] {logging_mixin.py:151} INFO -      ⚠️ Erreur ligne 836: current transaction is aborted, commands ignored until end of transaction block
[2026-01-26T14:54:49.023+0000] {logging_mixin.py:151} INFO -      ⚠️ Erreur ligne 837: current transaction is aborted, commands ignored until end of transaction block
[2026-01-26T14:54:49.024+0000] {logging_mixin.py:151} INFO -      ⚠️ Erreur ligne 838: current transaction is aborted, commands ignored until end of transaction block
[2026-01-26T14:54:49.025+0000] {logging_mixin.py:151} INFO -      ⚠️ Erreur ligne 839: current transaction is aborted, commands ignored until end of transaction block
[2026-01-26T14:54:49.027+0000] {logging_mixin.py:151} INFO -      ⚠️ Erreur ligne 840: current transaction is aborted, commands ignored until end of transaction block
[2026-01-26T14:54:49.028+0000] {logging_mixin.py:151} INFO -      ⚠️ Erreur ligne 841: current transaction is aborted, commands ignored until end of transaction block
[2026-01-26T14:54:49.029+0000] {logging_mixin.py:151} INFO -      ⚠️ Erreur ligne 842: current transaction is aborted, commands ignored until end of transaction block
[2026-01-26T14:54:49.031+0000] {logging_mixin.py:151} INFO -      ⚠️ Erreur ligne 843: current transaction is aborted, commands ignored until end of transaction block
[2026-01-26T14:54:49.032+0000] {logging_mixin.py:151} INFO -      ⚠️ Erreur ligne 844: current transaction is aborted, commands ignored until end of transaction block
[2026-01-26T14:54:49.034+0000] {logging_mixin.py:151} INFO -      ⚠️ Erreur ligne 845: current transaction is aborted, commands ignored until end of transaction block
[2026-01-26T14:54:49.035+0000] {logging_mixin.py:151} INFO -      ⚠️ Erreur ligne 846: current transaction is aborted, commands ignored until end of transaction block
[2026-01-26T14:54:49.036+0000] {logging_mixin.py:151} INFO -      ⚠️ Erreur ligne 847: current transaction is aborted, commands ignored until end of transaction block
[2026-01-26T14:54:49.037+0000] {logging_mixin.py:151} INFO -      ⚠️ Erreur ligne 848: current transaction is aborted, commands ignored until end of transaction block
[2026-01-26T14:54:49.038+0000] {logging_mixin.py:151} INFO -      ⚠️ Erreur ligne 849: current transaction is aborted, commands ignored until end of transaction block
[2026-01-26T14:54:49.039+0000] {logging_mixin.py:151} INFO -      ⚠️ Erreur ligne 850: current transaction is aborted, commands ignored until end of transaction block
[2026-01-26T14:54:49.040+0000] {logging_mixin.py:151} INFO -      ⚠️ Erreur ligne 851: current transaction is aborted, commands ignored until end of transaction block
[2026-01-26T14:54:49.042+0000] {logging_mixin.py:151} INFO -      ⚠️ Erreur ligne 852: current transaction is aborted, commands ignored until end of transaction block
[2026-01-26T14:54:49.043+0000] {logging_mixin.py:151} INFO -      ⚠️ Erreur ligne 853: current transaction is aborted, commands ignored until end of transaction block
[2026-01-26T14:54:49.046+0000] {logging_mixin.py:151} INFO -      ⚠️ Erreur ligne 854: current transaction is aborted, commands ignored until end of transaction block
[2026-01-26T14:54:49.047+0000] {logging_mixin.py:151} INFO -      ⚠️ Erreur ligne 855: current transaction is aborted, commands ignored until end of transaction block
[2026-01-26T14:54:49.048+0000] {logging_mixin.py:151} INFO -      ⚠️ Erreur ligne 856: current transaction is aborted, commands ignored until end of transaction block
[2026-01-26T14:54:49.050+0000] {logging_mixin.py:151} INFO -      ⚠️ Erreur ligne 857: current transaction is aborted, commands ignored until end of transaction block
[2026-01-26T14:54:49.051+0000] {logging_mixin.py:151} INFO -      ⚠️ Erreur ligne 858: current transaction is aborted, commands ignored until end of transaction block
[2026-01-26T14:54:49.052+0000] {logging_mixin.py:151} INFO -      ⚠️ Erreur ligne 859: current transaction is aborted, commands ignored until end of transaction block
[2026-01-26T14:54:49.053+0000] {logging_mixin.py:151} INFO -      ⚠️ Erreur ligne 860: current transaction is aborted, commands ignored until end of transaction block
[2026-01-26T14:54:49.055+0000] {logging_mixin.py:151} INFO -      ⚠️ Erreur ligne 861: current transaction is aborted, commands ignored until end of transaction block
[2026-01-26T14:54:49.056+0000] {logging_mixin.py:151} INFO -      ⚠️ Erreur ligne 862: current transaction is aborted, commands ignored until end of transaction block
[2026-01-26T14:54:49.058+0000] {logging_mixin.py:151} INFO -      ⚠️ Erreur ligne 863: current transaction is aborted, commands ignored until end of transaction block
[2026-01-26T14:54:49.059+0000] {logging_mixin.py:151} INFO -      ⚠️ Erreur ligne 864: current transaction is aborted, commands ignored until end of transaction block
[2026-01-26T14:54:49.061+0000] {logging_mixin.py:151} INFO -      ⚠️ Erreur ligne 865: current transaction is aborted, commands ignored until end of transaction block
[2026-01-26T14:54:49.062+0000] {logging_mixin.py:151} INFO -      ⚠️ Erreur ligne 866: current transaction is aborted, commands ignored until end of transaction block
[2026-01-26T14:54:49.063+0000] {logging_mixin.py:151} INFO -      ⚠️ Erreur ligne 867: current transaction is aborted, commands ignored until end of transaction block
[2026-01-26T14:54:49.064+0000] {logging_mixin.py:151} INFO -      ⚠️ Erreur ligne 868: current transaction is aborted, commands ignored until end of transaction block
[2026-01-26T14:54:49.065+0000] {logging_mixin.py:151} INFO -      ⚠️ Erreur ligne 869: current transaction is aborted, commands ignored until end of transaction block
[2026-01-26T14:54:49.066+0000] {logging_mixin.py:151} INFO -      ⚠️ Erreur ligne 870: current transaction is aborted, commands ignored until end of transaction block
[2026-01-26T14:54:49.067+0000] {logging_mixin.py:151} INFO -      ⚠️ Erreur ligne 871: current transaction is aborted, commands ignored until end of transaction block
[2026-01-26T14:54:49.069+0000] {logging_mixin.py:151} INFO -      ⚠️ Erreur ligne 872: current transaction is aborted, commands ignored until end of transaction block
[2026-01-26T14:54:49.070+0000] {logging_mixin.py:151} INFO -      ⚠️ Erreur ligne 873: current transaction is aborted, commands ignored until end of transaction block
[2026-01-26T14:54:49.071+0000] {logging_mixin.py:151} INFO -      ⚠️ Erreur ligne 874: current transaction is aborted, commands ignored until end of transaction block
[2026-01-26T14:54:49.072+0000] {logging_mixin.py:151} INFO -      ⚠️ Erreur ligne 875: current transaction is aborted, commands ignored until end of transaction block
[2026-01-26T14:54:49.073+0000] {logging_mixin.py:151} INFO -      ⚠️ Erreur ligne 876: current transaction is aborted, commands ignored until end of transaction block
[2026-01-26T14:54:49.075+0000] {logging_mixin.py:151} INFO -      ⚠️ Erreur ligne 877: current transaction is aborted, commands ignored until end of transaction block
[2026-01-26T14:54:49.076+0000] {logging_mixin.py:151} INFO -      ⚠️ Erreur ligne 878: current transaction is aborted, commands ignored until end of transaction block
[2026-01-26T14:54:49.077+0000] {logging_mixin.py:151} INFO -      ⚠️ Erreur ligne 879: current transaction is aborted, commands ignored until end of transaction block
[2026-01-26T14:54:49.078+0000] {logging_mixin.py:151} INFO -      ⚠️ Erreur ligne 880: current transaction is aborted, commands ignored until end of transaction block
[2026-01-26T14:54:49.080+0000] {logging_mixin.py:151} INFO -      ⚠️ Erreur ligne 881: current transaction is aborted, commands ignored until end of transaction block
[2026-01-26T14:54:49.081+0000] {logging_mixin.py:151} INFO -      ⚠️ Erreur ligne 882: current transaction is aborted, commands ignored until end of transaction block
[2026-01-26T14:54:49.082+0000] {logging_mixin.py:151} INFO -      ⚠️ Erreur ligne 883: current transaction is aborted, commands ignored until end of transaction block
[2026-01-26T14:54:49.083+0000] {logging_mixin.py:151} INFO -      ⚠️ Erreur ligne 884: current transaction is aborted, commands ignored until end of transaction block
[2026-01-26T14:54:49.085+0000] {logging_mixin.py:151} INFO -      ⚠️ Erreur ligne 885: current transaction is aborted, commands ignored until end of transaction block
[2026-01-26T14:54:49.086+0000] {logging_mixin.py:151} INFO -      ⚠️ Erreur ligne 886: current transaction is aborted, commands ignored until end of transaction block
[2026-01-26T14:54:49.087+0000] {logging_mixin.py:151} INFO -      ⚠️ Erreur ligne 887: current transaction is aborted, commands ignored until end of transaction block
[2026-01-26T14:54:49.088+0000] {logging_mixin.py:151} INFO -      ⚠️ Erreur ligne 888: current transaction is aborted, commands ignored until end of transaction block
[2026-01-26T14:54:49.090+0000] {logging_mixin.py:151} INFO -      ⚠️ Erreur ligne 889: current transaction is aborted, commands ignored until end of transaction block
[2026-01-26T14:54:49.091+0000] {logging_mixin.py:151} INFO -      ⚠️ Erreur ligne 890: current transaction is aborted, commands ignored until end of transaction block
[2026-01-26T14:54:49.092+0000] {logging_mixin.py:151} INFO -      ⚠️ Erreur ligne 891: current transaction is aborted, commands ignored until end of transaction block
[2026-01-26T14:54:49.093+0000] {logging_mixin.py:151} INFO -      ⚠️ Erreur ligne 892: current transaction is aborted, commands ignored until end of transaction block
[2026-01-26T14:54:49.095+0000] {logging_mixin.py:151} INFO -      ⚠️ Erreur ligne 893: current transaction is aborted, commands ignored until end of transaction block
[2026-01-26T14:54:49.096+0000] {logging_mixin.py:151} INFO -      ⚠️ Erreur ligne 894: current transaction is aborted, commands ignored until end of transaction block
[2026-01-26T14:54:49.097+0000] {logging_mixin.py:151} INFO -      ⚠️ Erreur ligne 895: current transaction is aborted, commands ignored until end of transaction block
[2026-01-26T14:54:49.098+0000] {logging_mixin.py:151} INFO -      ⚠️ Erreur ligne 896: current transaction is aborted, commands ignored until end of transaction block
[2026-01-26T14:54:49.099+0000] {logging_mixin.py:151} INFO -      ⚠️ Erreur ligne 897: current transaction is aborted, commands ignored until end of transaction block
[2026-01-26T14:54:49.100+0000] {logging_mixin.py:151} INFO -      ⚠️ Erreur ligne 898: current transaction is aborted, commands ignored until end of transaction block
[2026-01-26T14:54:49.101+0000] {logging_mixin.py:151} INFO -      ⚠️ Erreur ligne 899: current transaction is aborted, commands ignored until end of transaction block
[2026-01-26T14:54:49.102+0000] {logging_mixin.py:151} INFO -      ⚠️ Erreur ligne 900: current transaction is aborted, commands ignored until end of transaction block
[2026-01-26T14:54:49.104+0000] {logging_mixin.py:151} INFO -      ⚠️ Erreur ligne 901: current transaction is aborted, commands ignored until end of transaction block
[2026-01-26T14:54:49.105+0000] {logging_mixin.py:151} INFO -      ⚠️ Erreur ligne 902: current transaction is aborted, commands ignored until end of transaction block
[2026-01-26T14:54:49.106+0000] {logging_mixin.py:151} INFO -      ⚠️ Erreur ligne 903: current transaction is aborted, commands ignored until end of transaction block
[2026-01-26T14:54:49.108+0000] {logging_mixin.py:151} INFO -      ⚠️ Erreur ligne 904: current transaction is aborted, commands ignored until end of transaction block
[2026-01-26T14:54:49.110+0000] {logging_mixin.py:151} INFO -      ⚠️ Erreur ligne 905: current transaction is aborted, commands ignored until end of transaction block
[2026-01-26T14:54:49.111+0000] {logging_mixin.py:151} INFO -      ⚠️ Erreur ligne 906: current transaction is aborted, commands ignored until end of transaction block
[2026-01-26T14:54:49.112+0000] {logging_mixin.py:151} INFO -      ⚠️ Erreur ligne 907: current transaction is aborted, commands ignored until end of transaction block
[2026-01-26T14:54:49.113+0000] {logging_mixin.py:151} INFO -      ⚠️ Erreur ligne 908: current transaction is aborted, commands ignored until end of transaction block
[2026-01-26T14:54:49.114+0000] {logging_mixin.py:151} INFO -      ⚠️ Erreur ligne 909: current transaction is aborted, commands ignored until end of transaction block
[2026-01-26T14:54:49.116+0000] {logging_mixin.py:151} INFO -      ⚠️ Erreur ligne 910: current transaction is aborted, commands ignored until end of transaction block
[2026-01-26T14:54:49.117+0000] {logging_mixin.py:151} INFO -      ⚠️ Erreur ligne 911: current transaction is aborted, commands ignored until end of transaction block
[2026-01-26T14:54:49.118+0000] {logging_mixin.py:151} INFO -      ⚠️ Erreur ligne 912: current transaction is aborted, commands ignored until end of transaction block
[2026-01-26T14:54:49.119+0000] {logging_mixin.py:151} INFO -      ⚠️ Erreur ligne 913: current transaction is aborted, commands ignored until end of transaction block
[2026-01-26T14:54:49.120+0000] {logging_mixin.py:151} INFO -      ⚠️ Erreur ligne 914: current transaction is aborted, commands ignored until end of transaction block
[2026-01-26T14:54:49.122+0000] {logging_mixin.py:151} INFO -      ⚠️ Erreur ligne 915: current transaction is aborted, commands ignored until end of transaction block
[2026-01-26T14:54:49.123+0000] {logging_mixin.py:151} INFO -      ⚠️ Erreur ligne 916: current transaction is aborted, commands ignored until end of transaction block
[2026-01-26T14:54:49.124+0000] {logging_mixin.py:151} INFO -      ⚠️ Erreur ligne 917: current transaction is aborted, commands ignored until end of transaction block
[2026-01-26T14:54:49.126+0000] {logging_mixin.py:151} INFO -      ⚠️ Erreur ligne 918: current transaction is aborted, commands ignored until end of transaction block
[2026-01-26T14:54:49.127+0000] {logging_mixin.py:151} INFO -      ⚠️ Erreur ligne 919: current transaction is aborted, commands ignored until end of transaction block
[2026-01-26T14:54:49.128+0000] {logging_mixin.py:151} INFO -      ⚠️ Erreur ligne 920: current transaction is aborted, commands ignored until end of transaction block
[2026-01-26T14:54:49.129+0000] {logging_mixin.py:151} INFO -      ⚠️ Erreur ligne 921: current transaction is aborted, commands ignored until end of transaction block
[2026-01-26T14:54:49.130+0000] {logging_mixin.py:151} INFO -      ⚠️ Erreur ligne 922: current transaction is aborted, commands ignored until end of transaction block
[2026-01-26T14:54:49.132+0000] {logging_mixin.py:151} INFO -      ⚠️ Erreur ligne 923: current transaction is aborted, commands ignored until end of transaction block
[2026-01-26T14:54:49.133+0000] {logging_mixin.py:151} INFO -      ⚠️ Erreur ligne 924: current transaction is aborted, commands ignored until end of transaction block
[2026-01-26T14:54:49.134+0000] {logging_mixin.py:151} INFO -      ⚠️ Erreur ligne 925: current transaction is aborted, commands ignored until end of transaction block
[2026-01-26T14:54:49.135+0000] {logging_mixin.py:151} INFO -      ⚠️ Erreur ligne 926: current transaction is aborted, commands ignored until end of transaction block
[2026-01-26T14:54:49.137+0000] {logging_mixin.py:151} INFO -      ⚠️ Erreur ligne 927: current transaction is aborted, commands ignored until end of transaction block
[2026-01-26T14:54:49.138+0000] {logging_mixin.py:151} INFO -      ⚠️ Erreur ligne 928: current transaction is aborted, commands ignored until end of transaction block
[2026-01-26T14:54:49.139+0000] {logging_mixin.py:151} INFO -      ⚠️ Erreur ligne 929: current transaction is aborted, commands ignored until end of transaction block
[2026-01-26T14:54:49.141+0000] {logging_mixin.py:151} INFO -      ⚠️ Erreur ligne 930: current transaction is aborted, commands ignored until end of transaction block
[2026-01-26T14:54:49.142+0000] {logging_mixin.py:151} INFO -      ⚠️ Erreur ligne 931: current transaction is aborted, commands ignored until end of transaction block
[2026-01-26T14:54:49.143+0000] {logging_mixin.py:151} INFO -      ⚠️ Erreur ligne 932: current transaction is aborted, commands ignored until end of transaction block
[2026-01-26T14:54:49.144+0000] {logging_mixin.py:151} INFO -      ⚠️ Erreur ligne 933: current transaction is aborted, commands ignored until end of transaction block
[2026-01-26T14:54:49.146+0000] {logging_mixin.py:151} INFO -      ⚠️ Erreur ligne 934: current transaction is aborted, commands ignored until end of transaction block
[2026-01-26T14:54:49.147+0000] {logging_mixin.py:151} INFO -      ⚠️ Erreur ligne 935: current transaction is aborted, commands ignored until end of transaction block
[2026-01-26T14:54:49.148+0000] {logging_mixin.py:151} INFO -      ⚠️ Erreur ligne 936: current transaction is aborted, commands ignored until end of transaction block
[2026-01-26T14:54:49.149+0000] {logging_mixin.py:151} INFO -      ⚠️ Erreur ligne 937: current transaction is aborted, commands ignored until end of transaction block
[2026-01-26T14:54:49.150+0000] {logging_mixin.py:151} INFO -      ⚠️ Erreur ligne 938: current transaction is aborted, commands ignored until end of transaction block
[2026-01-26T14:54:49.151+0000] {logging_mixin.py:151} INFO -      ⚠️ Erreur ligne 939: current transaction is aborted, commands ignored until end of transaction block
[2026-01-26T14:54:49.152+0000] {logging_mixin.py:151} INFO -      ⚠️ Erreur ligne 940: current transaction is aborted, commands ignored until end of transaction block
[2026-01-26T14:54:49.156+0000] {logging_mixin.py:151} INFO -      ⚠️ Erreur ligne 941: current transaction is aborted, commands ignored until end of transaction block
[2026-01-26T14:54:49.157+0000] {logging_mixin.py:151} INFO -      ⚠️ Erreur ligne 942: current transaction is aborted, commands ignored until end of transaction block
[2026-01-26T14:54:49.158+0000] {logging_mixin.py:151} INFO -      ⚠️ Erreur ligne 943: current transaction is aborted, commands ignored until end of transaction block
[2026-01-26T14:54:49.159+0000] {logging_mixin.py:151} INFO -      ⚠️ Erreur ligne 944: current transaction is aborted, commands ignored until end of transaction block
[2026-01-26T14:54:49.160+0000] {logging_mixin.py:151} INFO -      ⚠️ Erreur ligne 945: current transaction is aborted, commands ignored until end of transaction block
[2026-01-26T14:54:49.162+0000] {logging_mixin.py:151} INFO -      ⚠️ Erreur ligne 946: current transaction is aborted, commands ignored until end of transaction block
[2026-01-26T14:54:49.163+0000] {logging_mixin.py:151} INFO -      ⚠️ Erreur ligne 947: current transaction is aborted, commands ignored until end of transaction block
[2026-01-26T14:54:49.164+0000] {logging_mixin.py:151} INFO -      ⚠️ Erreur ligne 948: current transaction is aborted, commands ignored until end of transaction block
[2026-01-26T14:54:49.165+0000] {logging_mixin.py:151} INFO -      ⚠️ Erreur ligne 949: current transaction is aborted, commands ignored until end of transaction block
[2026-01-26T14:54:49.166+0000] {logging_mixin.py:151} INFO -      ⚠️ Erreur ligne 950: current transaction is aborted, commands ignored until end of transaction block
[2026-01-26T14:54:49.168+0000] {logging_mixin.py:151} INFO -      ⚠️ Erreur ligne 951: current transaction is aborted, commands ignored until end of transaction block
[2026-01-26T14:54:49.170+0000] {logging_mixin.py:151} INFO -      ⚠️ Erreur ligne 952: current transaction is aborted, commands ignored until end of transaction block
[2026-01-26T14:54:49.171+0000] {logging_mixin.py:151} INFO -      ⚠️ Erreur ligne 953: current transaction is aborted, commands ignored until end of transaction block
[2026-01-26T14:54:49.172+0000] {logging_mixin.py:151} INFO -      ⚠️ Erreur ligne 954: current transaction is aborted, commands ignored until end of transaction block
[2026-01-26T14:54:49.173+0000] {logging_mixin.py:151} INFO -      ⚠️ Erreur ligne 955: current transaction is aborted, commands ignored until end of transaction block
[2026-01-26T14:54:49.175+0000] {logging_mixin.py:151} INFO -      ⚠️ Erreur ligne 956: current transaction is aborted, commands ignored until end of transaction block
[2026-01-26T14:54:49.176+0000] {logging_mixin.py:151} INFO -      ⚠️ Erreur ligne 957: current transaction is aborted, commands ignored until end of transaction block
[2026-01-26T14:54:49.177+0000] {logging_mixin.py:151} INFO -      ⚠️ Erreur ligne 958: current transaction is aborted, commands ignored until end of transaction block
[2026-01-26T14:54:49.178+0000] {logging_mixin.py:151} INFO -      ⚠️ Erreur ligne 959: current transaction is aborted, commands ignored until end of transaction block
[2026-01-26T14:54:49.180+0000] {logging_mixin.py:151} INFO -      ⚠️ Erreur ligne 960: current transaction is aborted, commands ignored until end of transaction block
[2026-01-26T14:54:49.181+0000] {logging_mixin.py:151} INFO -      ⚠️ Erreur ligne 961: current transaction is aborted, commands ignored until end of transaction block
[2026-01-26T14:54:49.182+0000] {logging_mixin.py:151} INFO -      ⚠️ Erreur ligne 962: current transaction is aborted, commands ignored until end of transaction block
[2026-01-26T14:54:49.183+0000] {logging_mixin.py:151} INFO -      ⚠️ Erreur ligne 963: current transaction is aborted, commands ignored until end of transaction block
[2026-01-26T14:54:49.185+0000] {logging_mixin.py:151} INFO -      ⚠️ Erreur ligne 964: current transaction is aborted, commands ignored until end of transaction block
[2026-01-26T14:54:49.186+0000] {logging_mixin.py:151} INFO -      ⚠️ Erreur ligne 965: current transaction is aborted, commands ignored until end of transaction block
[2026-01-26T14:54:49.187+0000] {logging_mixin.py:151} INFO -      ⚠️ Erreur ligne 966: current transaction is aborted, commands ignored until end of transaction block
[2026-01-26T14:54:49.188+0000] {logging_mixin.py:151} INFO -      ⚠️ Erreur ligne 967: current transaction is aborted, commands ignored until end of transaction block
[2026-01-26T14:54:49.190+0000] {logging_mixin.py:151} INFO -      ⚠️ Erreur ligne 968: current transaction is aborted, commands ignored until end of transaction block
[2026-01-26T14:54:49.191+0000] {logging_mixin.py:151} INFO -      ⚠️ Erreur ligne 969: current transaction is aborted, commands ignored until end of transaction block
[2026-01-26T14:54:49.193+0000] {logging_mixin.py:151} INFO -      ⚠️ Erreur ligne 970: current transaction is aborted, commands ignored until end of transaction block
[2026-01-26T14:54:49.194+0000] {logging_mixin.py:151} INFO -      ⚠️ Erreur ligne 971: current transaction is aborted, commands ignored until end of transaction block
[2026-01-26T14:54:49.195+0000] {logging_mixin.py:151} INFO -      ⚠️ Erreur ligne 972: current transaction is aborted, commands ignored until end of transaction block
[2026-01-26T14:54:49.196+0000] {logging_mixin.py:151} INFO -      ⚠️ Erreur ligne 973: current transaction is aborted, commands ignored until end of transaction block
[2026-01-26T14:54:49.198+0000] {logging_mixin.py:151} INFO -      ⚠️ Erreur ligne 974: current transaction is aborted, commands ignored until end of transaction block
[2026-01-26T14:54:49.199+0000] {logging_mixin.py:151} INFO -      ⚠️ Erreur ligne 975: current transaction is aborted, commands ignored until end of transaction block
[2026-01-26T14:54:49.200+0000] {logging_mixin.py:151} INFO -      ⚠️ Erreur ligne 976: current transaction is aborted, commands ignored until end of transaction block
[2026-01-26T14:54:49.201+0000] {logging_mixin.py:151} INFO -      ⚠️ Erreur ligne 977: current transaction is aborted, commands ignored until end of transaction block
[2026-01-26T14:54:49.203+0000] {logging_mixin.py:151} INFO -      ⚠️ Erreur ligne 978: current transaction is aborted, commands ignored until end of transaction block
[2026-01-26T14:54:49.205+0000] {logging_mixin.py:151} INFO -      ⚠️ Erreur ligne 979: current transaction is aborted, commands ignored until end of transaction block
[2026-01-26T14:54:49.206+0000] {logging_mixin.py:151} INFO -      ⚠️ Erreur ligne 980: current transaction is aborted, commands ignored until end of transaction block
[2026-01-26T14:54:49.208+0000] {logging_mixin.py:151} INFO -      ⚠️ Erreur ligne 981: current transaction is aborted, commands ignored until end of transaction block
[2026-01-26T14:54:49.209+0000] {logging_mixin.py:151} INFO -      ⚠️ Erreur ligne 982: current transaction is aborted, commands ignored until end of transaction block
[2026-01-26T14:54:49.210+0000] {logging_mixin.py:151} INFO -      ⚠️ Erreur ligne 983: current transaction is aborted, commands ignored until end of transaction block
[2026-01-26T14:54:49.211+0000] {logging_mixin.py:151} INFO -      ⚠️ Erreur ligne 984: current transaction is aborted, commands ignored until end of transaction block
[2026-01-26T14:54:49.212+0000] {logging_mixin.py:151} INFO -      ⚠️ Erreur ligne 985: current transaction is aborted, commands ignored until end of transaction block
[2026-01-26T14:54:49.213+0000] {logging_mixin.py:151} INFO -      ⚠️ Erreur ligne 986: current transaction is aborted, commands ignored until end of transaction block
[2026-01-26T14:54:49.214+0000] {logging_mixin.py:151} INFO -      ⚠️ Erreur ligne 987: current transaction is aborted, commands ignored until end of transaction block
[2026-01-26T14:54:49.216+0000] {logging_mixin.py:151} INFO -      ⚠️ Erreur ligne 988: current transaction is aborted, commands ignored until end of transaction block
[2026-01-26T14:54:49.217+0000] {logging_mixin.py:151} INFO -      ⚠️ Erreur ligne 989: current transaction is aborted, commands ignored until end of transaction block
[2026-01-26T14:54:49.218+0000] {logging_mixin.py:151} INFO -      ⚠️ Erreur ligne 990: current transaction is aborted, commands ignored until end of transaction block
[2026-01-26T14:54:49.220+0000] {logging_mixin.py:151} INFO -      ⚠️ Erreur ligne 991: current transaction is aborted, commands ignored until end of transaction block
[2026-01-26T14:54:49.222+0000] {logging_mixin.py:151} INFO -      ⚠️ Erreur ligne 992: current transaction is aborted, commands ignored until end of transaction block
[2026-01-26T14:54:49.224+0000] {logging_mixin.py:151} INFO -      ⚠️ Erreur ligne 993: current transaction is aborted, commands ignored until end of transaction block
[2026-01-26T14:54:49.225+0000] {logging_mixin.py:151} INFO -      ⚠️ Erreur ligne 994: current transaction is aborted, commands ignored until end of transaction block
[2026-01-26T14:54:49.227+0000] {logging_mixin.py:151} INFO -      ⚠️ Erreur ligne 995: current transaction is aborted, commands ignored until end of transaction block
[2026-01-26T14:54:49.228+0000] {logging_mixin.py:151} INFO -      ⚠️ Erreur ligne 996: current transaction is aborted, commands ignored until end of transaction block
[2026-01-26T14:54:49.229+0000] {logging_mixin.py:151} INFO -      ⚠️ Erreur ligne 997: current transaction is aborted, commands ignored until end of transaction block
[2026-01-26T14:54:49.231+0000] {logging_mixin.py:151} INFO -      ⚠️ Erreur ligne 998: current transaction is aborted, commands ignored until end of transaction block
[2026-01-26T14:54:49.232+0000] {logging_mixin.py:151} INFO -      ⚠️ Erreur ligne 999: current transaction is aborted, commands ignored until end of transaction block
[2026-01-26T14:54:49.234+0000] {logging_mixin.py:151} INFO -      ⚠️ Erreur ligne 1000: current transaction is aborted, commands ignored until end of transaction block
[2026-01-26T14:54:49.235+0000] {logging_mixin.py:151} INFO -      ⚠️ Erreur ligne 1001: current transaction is aborted, commands ignored until end of transaction block
[2026-01-26T14:54:49.237+0000] {logging_mixin.py:151} INFO -      ⚠️ Erreur ligne 1002: current transaction is aborted, commands ignored until end of transaction block
[2026-01-26T14:54:49.238+0000] {logging_mixin.py:151} INFO -      ⚠️ Erreur ligne 1003: current transaction is aborted, commands ignored until end of transaction block
[2026-01-26T14:54:49.240+0000] {logging_mixin.py:151} INFO -      ⚠️ Erreur ligne 1004: current transaction is aborted, commands ignored until end of transaction block
[2026-01-26T14:54:49.242+0000] {logging_mixin.py:151} INFO -      ⚠️ Erreur ligne 1005: current transaction is aborted, commands ignored until end of transaction block
[2026-01-26T14:54:49.244+0000] {logging_mixin.py:151} INFO -      ⚠️ Erreur ligne 1006: current transaction is aborted, commands ignored until end of transaction block
[2026-01-26T14:54:49.245+0000] {logging_mixin.py:151} INFO -      ⚠️ Erreur ligne 1007: current transaction is aborted, commands ignored until end of transaction block
[2026-01-26T14:54:49.247+0000] {logging_mixin.py:151} INFO -      ⚠️ Erreur ligne 1008: current transaction is aborted, commands ignored until end of transaction block
[2026-01-26T14:54:49.249+0000] {logging_mixin.py:151} INFO -      ⚠️ Erreur ligne 1009: current transaction is aborted, commands ignored until end of transaction block
[2026-01-26T14:54:49.251+0000] {logging_mixin.py:151} INFO -      ⚠️ Erreur ligne 1010: current transaction is aborted, commands ignored until end of transaction block
[2026-01-26T14:54:49.253+0000] {logging_mixin.py:151} INFO -      ⚠️ Erreur ligne 1011: current transaction is aborted, commands ignored until end of transaction block
[2026-01-26T14:54:49.254+0000] {logging_mixin.py:151} INFO -      ⚠️ Erreur ligne 1012: current transaction is aborted, commands ignored until end of transaction block
[2026-01-26T14:54:49.256+0000] {logging_mixin.py:151} INFO -      ⚠️ Erreur ligne 1013: current transaction is aborted, commands ignored until end of transaction block
[2026-01-26T14:54:49.257+0000] {logging_mixin.py:151} INFO -      ⚠️ Erreur ligne 1014: current transaction is aborted, commands ignored until end of transaction block
[2026-01-26T14:54:49.259+0000] {logging_mixin.py:151} INFO -      ⚠️ Erreur ligne 1015: current transaction is aborted, commands ignored until end of transaction block
[2026-01-26T14:54:49.260+0000] {logging_mixin.py:151} INFO -      ⚠️ Erreur ligne 1016: current transaction is aborted, commands ignored until end of transaction block
[2026-01-26T14:54:49.262+0000] {logging_mixin.py:151} INFO -      ⚠️ Erreur ligne 1017: current transaction is aborted, commands ignored until end of transaction block
[2026-01-26T14:54:49.265+0000] {logging_mixin.py:151} INFO -      ✅ 0 lignes insérées, 0 doublons ignorés
[2026-01-26T14:54:49.266+0000] {logging_mixin.py:151} INFO -   ✅ Fichier traité avec succès !
[2026-01-26T14:54:49.266+0000] {logging_mixin.py:151} INFO - 
================================================================================
[2026-01-26T14:54:49.267+0000] {logging_mixin.py:151} INFO - RÉSUMÉ FINAL
[2026-01-26T14:54:49.268+0000] {logging_mixin.py:151} INFO - ================================================================================
[2026-01-26T14:54:49.268+0000] {logging_mixin.py:151} INFO - ✅ Succès  : 3 fichiers
[2026-01-26T14:54:49.268+0000] {logging_mixin.py:151} INFO - ❌ Échecs  : 0 fichiers
[2026-01-26T14:54:49.269+0000] {logging_mixin.py:151} INFO - ================================================================================
[2026-01-26T14:54:49.269+0000] {python.py:194} INFO - Done. Returned value was: Done: 3 succeeded, 0 failed
[2026-01-26T14:54:49.334+0000] {taskinstance.py:1398} INFO - Marking task as SUCCESS. dag_id=stock_etl_simple, task_id=run_etl_simple, execution_date=20260126T145437, start_date=20260126T145441, end_date=20260126T145449
[2026-01-26T14:54:49.459+0000] {local_task_job_runner.py:228} INFO - Task exited with return code 0
[2026-01-26T14:54:49.516+0000] {taskinstance.py:2776} INFO - 0 downstream tasks scheduled from follow-on schedule check
