Date,Open,High,Low,Close,Volume,Dividends,Stock Splits,symbol,extracted_at
2022-01-03 00:00:00-05:00,143.96722101651818,144.75725699875156,142.6352894390565,143.90420532226562,28646000,0.0,0.0,GOOGL,2026-01-27 14:01:11.371457+00:00
2022-01-04 00:00:00-05:00,144.30563743587064,145.38647525232193,142.63874318285679,143.31661987304688,28400000,0.0,0.0,GOOGL,2026-01-27 14:01:11.371457+00:00
2022-01-05 00:00:00-05:00,143.3369947744093,143.41589690893608,136.65548327199204,136.7418212890625,54618000,0.0,0.0,GOOGL,2026-01-27 14:01:11.371457+00:00
2022-01-06 00:00:00-05:00,135.97114712472833,138.89058651246134,135.5344442800259,136.7145233154297,37348000,0.0,0.0,GOOGL,2026-01-27 14:01:11.371457+00:00
2022-01-07 00:00:00-05:00,137.109533589017,137.41027034450386,134.74837599268508,135.989501953125,29760000,0.0,0.0,GOOGL,2026-01-27 14:01:11.371457+00:00
2022-01-10 00:00:00-05:00,134.06504915322984,137.7784923866588,132.1659006036538,137.62960815429688,44408000,0.0,0.0,GOOGL,2026-01-27 14:01:11.371457+00:00
2022-01-11 00:00:00-05:00,136.97207234315368,139.16450641786577,135.6674310302053,138.68809509277344,28730000,0.0,0.0,GOOGL,2026-01-27 14:01:11.371457+00:00
2022-01-12 00:00:00-05:00,140.09148951411504,141.53856351346735,139.63941518856805,140.36988830566406,26108000,0.0,0.0,GOOGL,2026-01-27 14:01:11.371457+00:00
2022-01-13 00:00:00-05:00,140.47857244926956,141.77876136551572,137.37105536435357,137.5477294921875,31436000,0.0,0.0,GOOGL,2026-01-27 14:01:11.371457+00:00
2022-01-14 00:00:00-05:00,136.05102908212427,139.68656954146815,135.97114257121223,138.4345245361328,29662000,0.0,0.0,GOOGL,2026-01-27 14:01:11.371457+00:00
2022-01-18 00:00:00-05:00,135.15382402606036,136.10314842718847,134.42285105215512,134.9781494140625,34872000,0.0,0.0,GOOGL,2026-01-27 14:01:11.371457+00:00
2022-01-19 00:00:00-05:00,135.4996873505958,136.92492316466289,134.00300044131276,134.10324096679688,28648000,0.0,0.0,GOOGL,2026-01-27 14:01:11.371457+00:00
2022-01-20 00:00:00-05:00,135.2282544434575,136.59394277770195,131.96738542394968,132.3078155517578,29908000,0.0,0.0,GOOGL,2026-01-27 14:01:11.371457+00:00
2022-01-21 00:00:00-05:00,131.59918447816986,133.85413470989914,129.11098076605415,129.37399291992188,55652000,0.0,0.0,GOOGL,2026-01-27 14:01:11.371457+00:00
2022-01-24 00:00:00-05:00,125.03326152435547,130.21908421614395,123.56634850498187,129.8230743408203,76622000,0.0,0.0,GOOGL,2026-01-27 14:01:11.371457+00:00
2022-01-25 00:00:00-05:00,127.77456517516126,128.4286198444803,125.55185757799042,125.98309326171875,46960000,0.0,0.0,GOOGL,2026-01-27 14:01:11.371457+00:00
2022-01-26 00:00:00-05:00,130.13574398925348,132.0026351291837,126.18856248123481,128.26388549804688,49130000,0.0,0.0,GOOGL,2026-01-27 14:01:11.371457+00:00
2022-01-27 00:00:00-05:00,130.3193534803954,131.65773660980562,127.9656316406239,128.03759765625,31950000,0.0,0.0,GOOGL,2026-01-27 14:01:11.371457+00:00
2022-01-28 00:00:00-05:00,128.68665325143462,132.35643452111876,127.52146135184636,132.35096740722656,34362000,0.0,0.0,GOOGL,2026-01-27 14:01:11.371457+00:00
2022-01-31 00:00:00-05:00,133.15591425848223,134.45708760059057,131.21805677014638,134.28884887695312,39986000,0.0,0.0,GOOGL,2026-01-27 14:01:11.371457+00:00
2022-02-01 00:00:00-05:00,136.56267283391475,136.75968585207823,133.36086675449982,136.61180114746094,68644000,0.0,0.0,GOOGL,2026-01-27 14:01:11.371457+00:00
2022-02-02 00:00:00-05:00,150.11578031488366,150.41005044814193,144.43123734697568,146.89015197753906,123200000,0.0,0.0,GOOGL,2026-01-27 14:01:11.371457+00:00
2022-02-03 00:00:00-05:00,144.6128476273502,148.5525777136567,141.5956363601921,142.01695251464844,71518000,0.0,0.0,GOOGL,2026-01-27 14:01:11.371457+00:00
2022-02-04 00:00:00-05:00,142.36879793327233,143.78856670322708,139.46126220909318,142.2184295654297,57998000,0.0,0.0,GOOGL,2026-01-27 14:01:11.371457+00:00
2022-02-07 00:00:00-05:00,143.16825272340563,143.16825272340563,137.85836692860573,138.15711975097656,54974000,0.0,0.0,GOOGL,2026-01-27 14:01:11.371457+00:00
2022-02-08 00:00:00-05:00,137.98393352600814,138.95012868811895,135.98652845498887,138.3536376953125,54284000,0.0,0.0,GOOGL,2026-01-27 14:01:11.371457+00:00
2022-02-09 00:00:00-05:00,139.90640076704875,141.45569926676154,139.13571933998102,140.53018188476562,40144000,0.0,0.0,GOOGL,2026-01-27 14:01:11.371457+00:00
2022-02-10 00:00:00-05:00,138.65586088469732,140.42349572216153,136.92245230630547,137.58047485351562,39330000,0.0,0.0,GOOGL,2026-01-27 14:01:11.371457+00:00
2022-02-11 00:00:00-05:00,137.56065622822797,138.1129712080033,132.39963847863444,133.27552795410156,39958000,0.0,0.0,GOOGL,2026-01-27 14:01:11.371457+00:00
2022-02-14 00:00:00-05:00,132.25720762086638,135.27788715232825,132.25720762086638,134.5096893310547,34302000,0.0,0.0,GOOGL,2026-01-27 14:01:11.371457+00:00
2022-02-15 00:00:00-05:00,136.5388523034239,137.07282740423187,134.80297510881232,135.58407592773438,26680000,0.0,0.0,GOOGL,2026-01-27 14:01:11.371457+00:00
2022-02-16 00:00:00-05:00,135.62178690030257,137.05049099274288,133.9122003011313,136.70510864257812,25022000,0.0,0.0,GOOGL,2026-01-27 14:01:11.371457+00:00
2022-02-17 00:00:00-05:00,135.22129248130244,136.08526315724788,131.48502706977027,131.54507446289062,38950000,0.0,0.0,GOOGL,2026-01-27 14:01:11.371457+00:00
2022-02-18 00:00:00-05:00,132.46611275498591,133.06460279138676,129.2201459554218,129.4250946044922,45620000,0.0,0.0,GOOGL,2026-01-27 14:01:11.371457+00:00
2022-02-22 00:00:00-05:00,128.86433355708314,131.18926578040976,127.2619388627428,128.84002685546875,44990000,0.0,0.0,GOOGL,2026-01-27 14:01:11.371457+00:00
2022-02-23 00:00:00-05:00,130.66126157793636,131.0607395809099,126.57116292849084,126.63121032714844,32786000,0.0,0.0,GOOGL,2026-01-27 14:01:11.371457+00:00
2022-02-24 00:00:00-05:00,124.01646653856334,132.0026265987599,124.01646653856334,131.69593811035156,54456000,0.0,0.0,GOOGL,2026-01-27 14:01:11.371457+00:00
2022-02-25 00:00:00-05:00,132.55047613745694,134.25707905584127,130.76347180550337,133.451171875,36406000,0.0,0.0,GOOGL,2026-01-27 14:01:11.371457+00:00
2022-02-28 00:00:00-05:00,132.05225159221422,134.73348521833475,131.5981781769132,134.04420471191406,38864000,0.0,0.0,GOOGL,2026-01-27 14:01:11.371457+00:00
2022-03-01 00:00:00-05:00,133.86704226332247,135.23371506860198,132.21950209052739,133.05616760253906,26496000,0.0,0.0,GOOGL,2026-01-27 14:01:11.371457+00:00
2022-03-02 00:00:00-05:00,133.61841172309505,134.24814455333347,132.07358086324874,133.5623321533203,23520000,0.0,0.0,GOOGL,2026-01-27 14:01:11.371457+00:00
2022-03-03 00:00:00-05:00,134.99004795968622,135.41633147676816,132.02793179963612,132.8953857421875,24604000,0.0,0.0,GOOGL,2026-01-27 14:01:11.371457+00:00
2022-03-04 00:00:00-05:00,131.93065191964706,132.8477186355428,129.36006340855093,130.91729736328125,30430000,0.0,0.0,GOOGL,2026-01-27 14:01:11.371457+00:00
2022-03-07 00:00:00-05:00,130.50196658252938,130.7471083714347,125.34790098196343,125.43077850341797,45112000,0.0,0.0,GOOGL,2026-01-27 14:01:11.371457+00:00
2022-03-08 00:00:00-05:00,125.30324479087164,130.26574953506457,124.73206001019544,126.15133666992188,40428000,0.0,0.0,GOOGL,2026-01-27 14:01:11.371457+00:00
2022-03-09 00:00:00-05:00,130.26573904313827,132.73260407205578,128.92635657630487,132.41946411132812,37026000,0.0,0.0,GOOGL,2026-01-27 14:01:11.371457+00:00
2022-03-10 00:00:00-05:00,130.28162863784974,132.27258215796604,129.93077920872005,131.4364013671875,27102000,0.0,0.0,GOOGL,2026-01-27 14:01:11.371457+00:00
2022-03-11 00:00:00-05:00,132.48744012522693,132.79214466049783,128.6593698076574,128.89657592773438,31526000,0.0,0.0,GOOGL,2026-01-27 14:01:11.371457+00:00
2022-03-14 00:00:00-04:00,129.27325019146025,129.43105445194786,124.33555942411138,125.00648498535156,38812000,0.0,0.0,GOOGL,2026-01-27 14:01:11.371457+00:00
2022-03-15 00:00:00-04:00,126.02378891344858,128.8807121292498,124.77770327867377,128.2291259765625,30920000,0.0,0.0,GOOGL,2026-01-27 14:01:11.371457+00:00
2022-03-16 00:00:00-04:00,129.75260945254524,132.33310245925338,127.7690919896178,132.281005859375,35576000,0.0,0.0,GOOGL,2026-01-27 14:01:11.371457+00:00
2022-03-17 00:00:00-04:00,132.15051431173177,133.07503224064973,131.19373888959393,132.83534240722656,28264000,0.0,0.0,GOOGL,2026-01-27 14:01:11.371457+00:00
2022-03-18 00:00:00-04:00,132.42395646417637,135.22231694319765,131.26669987114136,135.10470581054688,44566000,0.0,0.0,GOOGL,2026-01-27 14:01:11.371457+00:00
2022-03-21 00:00:00-04:00,135.1423878626477,136.0222449574991,133.0869194437915,135.0808563232422,26832000,0.0,0.0,GOOGL,2026-01-27 14:01:11.371457+00:00
2022-03-22 00:00:00-04:00,135.0808874577696,139.99228063677285,135.0808874577696,138.8191375732422,35496000,0.0,0.0,GOOGL,2026-01-27 14:01:11.371457+00:00
2022-03-23 00:00:00-04:00,137.66237103767637,138.5417285094916,136.80138367889504,137.2385711669922,25154000,0.0,0.0,GOOGL,2026-01-27 14:01:11.371457+00:00
2022-03-24 00:00:00-04:00,138.1561240851599,140.5569900941861,136.7175005538764,140.51034545898438,26396000,0.0,0.0,GOOGL,2026-01-27 14:01:11.371457+00:00
2022-03-25 00:00:00-04:00,140.8517544009212,140.9698652761117,138.68959391227574,140.61058044433594,24126000,0.0,0.0,GOOGL,2026-01-27 14:01:11.371457+00:00
2022-03-28 00:00:00-04:00,139.84388368780657,140.9376247499745,138.76304562317353,140.3947296142578,35050000,0.0,0.0,GOOGL,2026-01-27 14:01:11.371457+00:00
2022-03-29 00:00:00-04:00,141.5778077356635,142.71521012259907,140.97336584085934,141.43685913085938,34318000,0.0,0.0,GOOGL,2026-01-27 14:01:11.371457+00:00
2022-03-30 00:00:00-04:00,141.39167328610918,141.65021781088518,140.53812197630958,140.87408447265625,19884000,0.0,0.0,GOOGL,2026-01-27 14:01:11.371457+00:00
2022-03-31 00:00:00-04:00,140.9877125953769,141.04230801546345,137.98193561849044,138.0246124267578,37524000,0.0,0.0,GOOGL,2026-01-27 14:01:11.371457+00:00
2022-04-01 00:00:00-04:00,138.4538680484704,139.41757946432682,137.27030594315084,139.0994873046875,25942000,0.0,0.0,GOOGL,2026-01-27 14:01:11.371457+00:00
2022-04-04 00:00:00-04:00,139.30594154194358,142.63429364392294,139.25829737990136,141.8993377685547,25942000,0.0,0.0,GOOGL,2026-01-27 14:01:11.371457+00:00
2022-04-05 00:00:00-04:00,141.79761431614833,141.91819372538492,139.32976482705615,139.5366973876953,21418000,0.0,0.0,GOOGL,2026-01-27 14:01:11.371457+00:00
2022-04-06 00:00:00-04:00,137.7095002017028,138.31542612185672,134.50074308822178,135.52401733398438,32468000,0.0,0.0,GOOGL,2026-01-27 14:01:11.371457+00:00
2022-04-07 00:00:00-04:00,134.99004046750798,136.13589316323527,133.2209064212302,134.8694610595703,26234000,0.0,0.0,GOOGL,2026-01-27 14:01:11.371457+00:00
2022-04-08 00:00:00-04:00,134.56675141890017,134.65260481245758,131.96838763466556,132.28797912597656,25142000,0.0,0.0,GOOGL,2026-01-27 14:01:11.371457+00:00
2022-04-11 00:00:00-04:00,130.83492412342486,131.10190403847145,127.70358547038015,127.857421875,36884000,0.0,0.0,GOOGL,2026-01-27 14:01:11.371457+00:00
2022-04-12 00:00:00-04:00,130.6131276162825,130.6131276162825,125.83820106848967,126.75675964355469,32710000,0.0,0.0,GOOGL,2026-01-27 14:01:11.371457+00:00
2022-04-13 00:00:00-04:00,127.04009769835375,129.35659411635754,126.7830373352599,128.91989135742188,27928000,0.0,0.0,GOOGL,2026-01-27 14:01:11.371457+00:00
2022-04-14 00:00:00-04:00,129.5010341712906,129.5010341712906,125.65160981411958,125.77964782714844,31598000,0.0,0.0,GOOGL,2026-01-27 14:01:11.371457+00:00
2022-04-18 00:00:00-04:00,126.04762980933042,127.25103124090627,125.23576318572876,126.71905517578125,20808000,0.0,0.0,GOOGL,2026-01-27 14:01:11.371457+00:00
2022-04-19 00:00:00-04:00,126.73393183820416,129.35561786649717,126.04711985372514,129.0340576171875,26490000,0.0,0.0,GOOGL,2026-01-27 14:01:11.371457+00:00
2022-04-20 00:00:00-04:00,129.91042868655606,130.41363040865102,126.54386726306718,127.0798110961914,31696000,0.0,0.0,GOOGL,2026-01-27 14:01:11.371457+00:00
2022-04-21 00:00:00-04:00,128.2807486036101,129.12288118231135,123.59266724701,123.87850952148438,36446000,0.0,0.0,GOOGL,2026-01-27 14:01:11.371457+00:00
2022-04-22 00:00:00-04:00,124.06261542731319,124.46160122256957,118.03317534641822,118.73834228515625,56884000,0.0,0.0,GOOGL,2026-01-27 14:01:11.371457+00:00
2022-04-25 00:00:00-04:00,118.20785607828329,122.35303480833002,117.62228414008575,122.15106201171875,46128000,0.0,0.0,GOOGL,2026-01-27 14:01:11.371457+00:00
2022-04-26 00:00:00-04:00,121.37740906871237,121.59129290122091,117.62228107667312,117.76023864746094,73054000,0.0,0.0,GOOGL,2026-01-27 14:01:11.371457+00:00
2022-04-27 00:00:00-04:00,113.61109157996927,116.36279970985137,111.89109321295378,113.43740844726562,91820000,0.0,0.0,GOOGL,2026-01-27 14:01:11.371457+00:00
2022-04-28 00:00:00-04:00,115.54199599993349,118.75223733155552,113.2592408453906,117.6336898803711,48884000,0.0,0.0,GOOGL,2026-01-27 14:01:11.371457+00:00
2022-04-29 00:00:00-04:00,115.85909917190497,117.03571013783196,112.96099821693325,113.2537841796875,42676000,0.0,0.0,GOOGL,2026-01-27 14:01:11.371457+00:00
2022-05-02 00:00:00-04:00,112.55457077295934,115.87002012682098,111.75560719290151,115.708740234375,35534000,0.0,0.0,GOOGL,2026-01-27 14:01:11.371457+00:00
2022-05-03 00:00:00-04:00,115.55737359680728,117.55379426838414,115.16434711289088,116.4541015625,24968000,0.0,0.0,GOOGL,2026-01-27 14:01:11.371457+00:00
2022-05-04 00:00:00-04:00,116.15387107248489,121.93320188651805,114.25273117249577,121.34415435791016,49916000,0.0,0.0,GOOGL,2026-01-27 14:01:11.371457+00:00
2022-05-05 00:00:00-04:00,119.30258703193357,120.13132441982566,114.14306924777586,115.63182067871094,45840000,0.0,0.0,GOOGL,2026-01-27 14:01:11.371457+00:00
2022-05-06 00:00:00-04:00,114.32073509250367,116.68983605123141,113.1605026751049,114.8785171508789,39710000,0.0,0.0,GOOGL,2026-01-27 14:01:11.371457+00:00
2022-05-09 00:00:00-04:00,112.40073109237771,114.21403375682236,111.16060468534064,111.66727447509766,40802000,0.0,0.0,GOOGL,2026-01-27 14:01:11.371457+00:00
2022-05-10 00:00:00-04:00,114.64130790321892,115.37824019184765,112.05385557858307,113.53714752197266,39900000,0.0,0.0,GOOGL,2026-01-27 14:01:11.371457+00:00
2022-05-11 00:00:00-04:00,112.3873499991494,115.49189168322661,112.3873499991494,112.75060272216797,37534000,0.0,0.0,GOOGL,2026-01-27 14:01:11.371457+00:00
2022-05-12 00:00:00-04:00,110.54227032758833,113.437887434489,109.00091505173944,111.99777221679688,53836000,0.0,0.0,GOOGL,2026-01-27 14:01:11.371457+00:00
2022-05-13 00:00:00-04:00,113.67410719481575,116.99104817996168,112.75307250236035,115.18022918701172,35038000,0.0,0.0,GOOGL,2026-01-27 14:01:11.371457+00:00
2022-05-16 00:00:00-04:00,114.09343122897408,115.29882395655737,113.03543099853194,113.58676147460938,25990000,0.0,0.0,GOOGL,2026-01-27 14:01:11.371457+00:00
2022-05-17 00:00:00-04:00,115.96430800340062,116.02336344596293,114.00858771379083,115.59956359863281,23054000,0.0,0.0,GOOGL,2026-01-27 14:01:11.371457+00:00
2022-05-18 00:00:00-04:00,114.13759944080856,114.53460130112576,110.71892645653855,111.06034851074219,35126000,0.0,0.0,GOOGL,2026-01-27 14:01:11.371457+00:00
2022-05-19 00:00:00-04:00,110.59586629730997,112.16252780264969,109.1750980007813,109.55622100830078,34144000,0.0,0.0,GOOGL,2026-01-27 14:01:11.371457+00:00
2022-05-20 00:00:00-04:00,111.11148091743463,111.34224316526112,105.00313796087478,108.09130096435547,48962000,0.0,0.0,GOOGL,2026-01-27 14:01:11.371457+00:00
2022-05-23 00:00:00-04:00,108.76570897316051,111.30650920633543,107.92555266498199,110.6519546508789,37184000,0.0,0.0,GOOGL,2026-01-27 14:01:11.371457+00:00
2022-05-24 00:00:00-04:00,104.9788178581926,105.66017033298499,101.12046571648337,105.17533111572266,76780000,0.0,0.0,GOOGL,2026-01-27 14:01:11.371457+00:00
2022-05-25 00:00:00-04:00,104.19820785575082,105.70135403815657,103.07767643363695,105.01156616210938,40258000,0.0,0.0,GOOGL,2026-01-27 14:01:11.371457+00:00
2022-05-26 00:00:00-04:00,104.88451675621047,107.83472166540481,104.4359029084361,106.9841537475586,37948000,0.0,0.0,GOOGL,2026-01-27 14:01:11.371457+00:00
2022-05-27 00:00:00-04:00,108.66198784959495,111.47572725445181,108.32006598746688,111.47423553466797,37914000,0.0,0.0,GOOGL,2026-01-27 14:01:11.371457+00:00
2022-05-31 00:00:00-04:00,111.90100218674581,114.86709364566386,111.2380123045194,112.90888977050781,50012000,0.0,0.0,GOOGL,2026-01-27 14:01:11.371457+00:00
2022-06-01 00:00:00-04:00,113.99370154703936,116.22335308466774,112.40073416812857,113.03791809082031,36606000,0.0,0.0,GOOGL,2026-01-27 14:01:11.371457+00:00
2022-06-02 00:00:00-04:00,113.14510810652334,117.01536355537438,112.09951102289412,116.74044036865234,37992000,0.0,0.0,GOOGL,2026-01-27 14:01:11.371457+00:00
2022-06-03 00:00:00-04:00,115.19214245668354,115.44920287025536,112.66722129124575,113.68205261230469,26136000,0.0,0.0,GOOGL,2026-01-27 14:01:11.371457+00:00
2022-06-06 00:00:00-04:00,115.82931537143588,118.45200072153771,115.2928718045409,115.94445037841797,33542000,0.0,0.0,GOOGL,2026-01-27 14:01:11.371457+00:00
2022-06-07 00:00:00-04:00,114.61450564492854,116.8084316076851,114.18922165172008,116.27098846435547,31590000,0.0,0.0,GOOGL,2026-01-27 14:01:11.371457+00:00
2022-06-08 00:00:00-04:00,115.88588804690858,117.68132781808734,115.72560012536873,116.31514739990234,26108000,0.0,0.0,GOOGL,2026-01-27 14:01:11.371457+00:00
2022-06-09 00:00:00-04:00,115.45515051267915,117.41187026218664,113.91528690568272,113.9743423461914,25798000,0.0,0.0,GOOGL,2026-01-27 14:01:11.371457+00:00
2022-06-10 00:00:00-04:00,111.60176406792269,112.42950946002966,109.53835232190883,110.32788848876953,41452000,0.0,0.0,GOOGL,2026-01-27 14:01:11.371457+00:00
2022-06-13 00:00:00-04:00,105.98569282343811,107.97565433501417,105.32320273539445,105.59465026855469,47252000,0.0,0.0,GOOGL,2026-01-27 14:01:11.371457+00:00
2022-06-14 00:00:00-04:00,105.73608714050434,107.11516302340985,105.0065983723719,105.91522979736328,33706000,0.0,0.0,GOOGL,2026-01-27 14:01:11.371457+00:00
2022-06-15 00:00:00-04:00,107.73101553417992,110.58793144263325,106.8620849971601,108.94137573242188,39698000,0.0,0.0,GOOGL,2026-01-27 14:01:11.371457+00:00
2022-06-16 00:00:00-04:00,106.41694479005933,107.83373777282833,104.34956513406651,105.23834991455078,51684000,0.0,0.0,GOOGL,2026-01-27 14:01:11.371457+00:00
2022-06-17 00:00:00-04:00,105.23835019470714,107.88435809204175,104.25825247727627,106.34002685546875,51376000,0.0,0.0,GOOGL,2026-01-27 14:01:11.371457+00:00
2022-06-21 00:00:00-04:00,108.11262398002309,111.6459323463121,107.78559662841934,110.70751953125,47416000,0.0,0.0,GOOGL,2026-01-27 14:01:11.371457+00:00
2022-06-22 00:00:00-04:00,109.72744054758711,112.49651168592568,109.55474179877777,110.65145874023438,30774000,0.0,0.0,GOOGL,2026-01-27 14:01:11.371457+00:00
2022-06-23 00:00:00-04:00,111.38987212109173,111.8970416953208,109.67185771563075,111.4002914428711,28362000,0.0,0.0,GOOGL,2026-01-27 14:01:11.371457+00:00
2022-06-24 00:00:00-04:00,112.14764357004229,117.19351785635138,112.10545894941258,117.09029388427734,41164000,0.0,0.0,GOOGL,2026-01-27 14:01:11.371457+00:00
2022-06-27 00:00:00-04:00,117.38606391266642,117.69026114363895,114.31575650129828,114.96485900878906,36420000,0.0,0.0,GOOGL,2026-01-27 14:01:11.371457+00:00
2022-06-28 00:00:00-04:00,114.93408839680073,116.42979107455284,111.0092451116475,111.16754913330078,35792000,0.0,0.0,GOOGL,2026-01-27 14:01:11.371457+00:00
2022-06-29 00:00:00-04:00,110.71546893086192,112.31190436109492,110.04106016755956,110.86384582519531,24716000,0.0,0.0,GOOGL,2026-01-27 14:01:11.371457+00:00
2022-06-30 00:00:00-04:00,109.17510771252034,110.05644906667376,105.94947953010497,108.14588165283203,43170000,0.0,0.0,GOOGL,2026-01-27 14:01:11.371457+00:00
2022-07-01 00:00:00-04:00,107.12360200109673,108.43072706417608,105.93012023346462,107.92207336425781,35476000,0.0,0.0,GOOGL,2026-01-27 14:01:11.371457+00:00
2022-07-05 00:00:00-04:00,106.29735689624175,112.52678642393329,104.93861973628887,112.41364288330078,39342000,0.0,0.0,GOOGL,2026-01-27 14:01:11.371457+00:00
2022-07-06 00:00:00-04:00,112.45234903571333,114.72269353445351,110.6400382310177,113.71282196044922,37432000,0.0,0.0,GOOGL,2026-01-27 14:01:11.371457+00:00
2022-07-07 00:00:00-04:00,114.21700853285823,118.2956881859461,113.97235893217574,117.8922348022461,40936000,0.0,0.0,GOOGL,2026-01-27 14:01:11.371457+00:00
2022-07-08 00:00:00-04:00,116.37073191522165,118.78746921249528,116.02484225798968,118.45845794677734,38238000,0.0,0.0,GOOGL,2026-01-27 14:01:11.371457+00:00
2022-07-11 00:00:00-04:00,117.11312990957636,117.11312990957636,114.4656302547842,114.80903625488281,31196000,0.0,0.0,GOOGL,2026-01-27 14:01:11.371457+00:00
2022-07-12 00:00:00-04:00,115.34349049696124,116.09680135877986,112.83743173792418,113.16545104980469,29960000,0.0,0.0,GOOGL,2026-01-27 14:01:11.371457+00:00
2022-07-13 00:00:00-04:00,110.86333799664993,113.33963043551984,110.36758731712142,110.51844787597656,43722000,0.0,0.0,GOOGL,2026-01-27 14:01:11.371457+00:00
2022-07-14 00:00:00-04:00,109.38402798124689,110.25990976214192,107.56030598074837,109.53984832763672,37004000,0.0,0.0,GOOGL,2026-01-27 14:01:11.371457+00:00
2022-07-15 00:00:00-04:00,111.16059723234189,112.29204761865665,110.06834802557198,110.93926239013672,46770000,0.0,0.0,GOOGL,2026-01-27 14:01:11.371457+00:00
2022-07-18 00:00:00-04:00,111.79530855999529,112.82751047657966,107.55733275345759,108.2123794555664,43164600,0.0,20.0,GOOGL,2026-01-27 14:01:11.371457+00:00
2022-07-19 00:00:00-04:00,110.01873331526212,113.16495963876075,108.73840612847393,112.95653533935547,36530900,0.0,0.0,GOOGL,2026-01-27 14:01:11.371457+00:00
2022-07-20 00:00:00-04:00,112.32132368111083,114.53460399317886,111.63650321745263,113.04585266113281,35600400,0.0,0.0,GOOGL,2026-01-27 14:01:11.371457+00:00
2022-07-21 00:00:00-04:00,113.42301156798746,113.69099107486413,110.27678525693223,113.48255920410156,32676200,0.0,0.0,GOOGL,2026-01-27 14:01:11.371457+00:00
2022-07-22 00:00:00-04:00,110.16761001759993,111.49755771109314,105.70135555742696,107.09085845947266,48901200,0.0,0.0,GOOGL,2026-01-27 14:01:11.371457+00:00
2022-07-25 00:00:00-04:00,107.59703351304728,109.04608401682407,105.50285586600882,106.70378112792969,34690900,0.0,0.0,GOOGL,2026-01-27 14:01:11.371457+00:00
2022-07-26 00:00:00-04:00,105.80059031214428,106.3960893145557,103.28956434431937,104.23243713378906,47991000,0.0,0.0,GOOGL,2026-01-27 14:01:11.371457+00:00
2022-07-27 00:00:00-04:00,108.44065165526703,113.05578240581903,107.20002551652622,112.21215057373047,59858500,0.0,0.0,GOOGL,2026-01-27 14:01:11.371457+00:00
2022-07-28 00:00:00-04:00,111.52733903733414,113.48255962814197,110.62415950126018,113.36346435546875,32816600,0.0,0.0,GOOGL,2026-01-27 14:01:11.371457+00:00
2022-07-29 00:00:00-04:00,112.23200722978598,115.83478288766385,112.21215297072065,115.44770812988281,37223400,0.0,0.0,GOOGL,2026-01-27 14:01:11.371457+00:00
2022-08-01 00:00:00-04:00,114.4353600580981,115.84470955891426,113.48255250344202,113.9986572265625,26034300,0.0,0.0,GOOGL,2026-01-27 14:01:11.371457+00:00
2022-08-02 00:00:00-04:00,113.14510872831781,115.4774844552109,112.86720967281481,114.26663208007812,20236000,0.0,0.0,GOOGL,2026-01-27 14:01:11.371457+00:00
2022-08-03 00:00:00-04:00,114.84228148786751,117.73046282343833,114.61401051481387,117.19451141357422,28499000,0.0,0.0,GOOGL,2026-01-27 14:01:11.371457+00:00
2022-08-04 00:00:00-04:00,116.59901329341588,117.88925996691131,116.01343380363976,117.3036880493164,21602900,0.0,0.0,GOOGL,2026-01-27 14:01:11.371457+00:00
2022-08-05 00:00:00-04:00,115.35838182662235,117.22428077464862,115.1301032900635,116.58908081054688,19159500,0.0,0.0,GOOGL,2026-01-27 14:01:11.371457+00:00
2022-08-08 00:00:00-04:00,117.50218677995531,119.24899057090587,116.00350822632574,116.42036437988281,19138300,0.0,0.0,GOOGL,2026-01-27 14:01:11.371457+00:00
2022-08-09 00:00:00-04:00,116.26155630883628,116.44020677601095,114.84227970077666,115.75537872314453,19086500,0.0,0.0,GOOGL,2026-01-27 14:01:11.371457+00:00
2022-08-10 00:00:00-04:00,117.88926147915558,120.01321290367328,117.5220409743198,118.80236053466797,30930400,0.0,0.0,GOOGL,2026-01-27 14:01:11.371457+00:00
2022-08-11 00:00:00-04:00,120.37051923849022,120.57894353839131,117.67091532555504,117.94881439208984,24293700,0.0,0.0,GOOGL,2026-01-27 14:01:11.371457+00:00
2022-08-12 00:00:00-04:00,119.35816754426888,120.76751708984375,118.56416374756623,120.76751708984375,19096300,0.0,0.0,GOOGL,2026-01-27 14:01:11.371457+00:00
2022-08-15 00:00:00-04:00,120.22163222861532,121.3828640455292,119.70553508834992,121.16451263427734,19494800,0.0,0.0,GOOGL,2026-01-27 14:01:11.371457+00:00
2022-08-16 00:00:00-04:00,120.60871067326374,121.511890161635,119.73531257366949,120.78736114501953,19041200,0.0,0.0,GOOGL,2026-01-27 14:01:11.371457+00:00
2022-08-17 00:00:00-04:00,119.21920571560993,120.38042990143228,118.48474962917167,118.65348052978516,22847000,0.0,0.0,GOOGL,2026-01-27 14:01:11.371457+00:00
2022-08-18 00:00:00-04:00,118.53438839458119,119.91396410503756,117.82971363092356,119.26883697509766,17987700,0.0,0.0,GOOGL,2026-01-27 14:01:11.371457+00:00
2022-08-19 00:00:00-04:00,118.16715698490374,118.25648600514175,115.8844094146696,116.3310317993164,21809500,0.0,0.0,GOOGL,2026-01-27 14:01:11.371457+00:00
2022-08-22 00:00:00-04:00,114.33610843081347,114.76288414973949,112.99623363908157,113.38330841064453,21456600,0.0,0.0,GOOGL,2026-01-27 14:01:11.371457+00:00
2022-08-23 00:00:00-04:00,112.62900929255083,114.14753450962371,112.57938121699137,113.00615692138672,15870400,0.0,0.0,GOOGL,2026-01-27 14:01:11.371457+00:00
2022-08-24 00:00:00-04:00,112.6488552620206,113.91925523756754,112.02358240373205,112.83743286132812,17734600,0.0,0.0,GOOGL,2026-01-27 14:01:11.371457+00:00
2022-08-25 00:00:00-04:00,113.38330709839337,115.84471280114529,113.2542847000928,115.77523803710938,16956800,0.0,0.0,GOOGL,2026-01-27 14:01:11.371457+00:00
2022-08-26 00:00:00-04:00,113.85971726032743,114.25671917939691,109.36368888940646,109.51255798339844,37245700,0.0,0.0,GOOGL,2026-01-27 14:01:11.371457+00:00
2022-08-29 00:00:00-04:00,109.16517438083538,110.1179743580815,107.98410343176194,108.59944915771484,21191200,0.0,0.0,GOOGL,2026-01-27 14:01:11.371457+00:00
2022-08-30 00:00:00-04:00,109.34382641653404,109.67135354308121,106.99160404194176,108.12305450439453,27513300,0.0,0.0,GOOGL,2026-01-27 14:01:11.371457+00:00
2022-08-31 00:00:00-04:00,109.82023252604237,110.01872968878591,107.31912587125797,107.40845489501953,28627000,0.0,0.0,GOOGL,2026-01-27 14:01:11.371457+00:00
2022-09-01 00:00:00-04:00,107.46801025771005,109.62173567430116,106.5549111279362,108.91706085205078,28360900,0.0,0.0,GOOGL,2026-01-27 14:01:11.371457+00:00
2022-09-02 00:00:00-04:00,109.76066416835299,109.9095408086635,106.45564212879846,107.04121398925781,24160700,0.0,0.0,GOOGL,2026-01-27 14:01:11.371457+00:00
2022-09-06 00:00:00-04:00,106.49536416260328,107.2198856782636,104.98675834787316,106.009033203125,25068300,0.0,0.0,GOOGL,2026-01-27 14:01:11.371457+00:00
2022-09-07 00:00:00-04:00,106.25714254097879,109.15525088592688,106.09834633659005,108.62921905517578,23167000,0.0,0.0,GOOGL,2026-01-27 14:01:11.371457+00:00
2022-09-08 00:00:00-04:00,107.22980641541218,108.77810551573627,106.35640828203118,107.56725311279297,24238300,0.0,0.0,GOOGL,2026-01-27 14:01:11.371457+00:00
2022-09-09 00:00:00-04:00,108.25208282241607,110.15768290846263,108.20245474397649,109.82023620605469,23197700,0.0,0.0,GOOGL,2026-01-27 14:01:11.371457+00:00
2022-09-12 00:00:00-04:00,110.15767840347152,110.78295884863972,109.10562981877511,110.02865600585938,22966800,0.0,0.0,GOOGL,2026-01-27 14:01:11.371457+00:00
2022-09-13 00:00:00-04:00,106.99161129456695,107.48786179672693,103.30942590501988,103.53770446777344,38172900,0.0,0.0,GOOGL,2026-01-27 14:01:11.371457+00:00
2022-09-14 00:00:00-04:00,103.78581739454697,104.49049211527398,102.88264552539968,104.21259307861328,26395100,0.0,0.0,GOOGL,2026-01-27 14:01:11.371457+00:00
2022-09-15 00:00:00-04:00,103.24986363822816,104.48056258899445,101.58246188434002,102.13826751708984,34188300,0.0,0.0,GOOGL,2026-01-27 14:01:11.371457+00:00
2022-09-16 00:00:00-04:00,101.30457707616641,102.35662571627779,100.18305366873035,102.02910614013672,42797200,0.0,0.0,GOOGL,2026-01-27 14:01:11.371457+00:00
2022-09-19 00:00:00-04:00,100.98696487184549,102.55511808472187,100.78846772406554,102.29706573486328,23036800,0.0,0.0,GOOGL,2026-01-27 14:01:11.371457+00:00
2022-09-20 00:00:00-04:00,101.31449934165514,101.60232552737466,99.76619270219214,100.38154602050781,26517100,0.0,0.0,GOOGL,2026-01-27 14:01:11.371457+00:00
2022-09-21 00:00:00-04:00,100.90756858013354,102.10849380682069,98.52556481376558,98.53549194335938,31487300,0.0,0.0,GOOGL,2026-01-27 14:01:11.371457+00:00
2022-09-22 00:00:00-04:00,98.07894474855821,100.48079525894666,98.0491709312513,99.38904571533203,34298600,0.0,0.0,GOOGL,2026-01-27 14:01:11.371457+00:00
2022-09-23 00:00:00-04:00,98.88287517920556,98.9126565708246,96.73907688573331,97.99954986572266,31625400,0.0,0.0,GOOGL,2026-01-27 14:01:11.371457+00:00
2022-09-26 00:00:00-04:00,97.36434023985667,99.13099069316641,97.06659450257123,97.4338150024414,27072700,0.0,0.0,GOOGL,2026-01-27 14:01:11.371457+00:00
2022-09-27 00:00:00-04:00,98.6843639996458,99.25008920522836,96.14356413908983,96.76883697509766,30072800,0.0,0.0,GOOGL,2026-01-27 14:01:11.371457+00:00
2022-09-28 00:00:00-04:00,96.91771702518929,99.94484030889338,96.38176561600726,99.29972076416016,32466300,0.0,0.0,GOOGL,2026-01-27 14:01:11.371457+00:00
2022-09-29 00:00:00-04:00,97.90029020087542,97.90029020087542,95.24038743081641,96.68943786621094,31047200,0.0,0.0,GOOGL,2026-01-27 14:01:11.371457+00:00
2022-09-30 00:00:00-04:00,96.32221919924832,98.15834442273268,94.84338734754718,94.9327163696289,32941500,0.0,0.0,GOOGL,2026-01-27 14:01:11.371457+00:00
2022-10-03 00:00:00-04:00,96.03440738245139,98.54543392321172,95.79620166939144,97.90030670166016,27982000,0.0,0.0,GOOGL,2026-01-27 14:01:11.371457+00:00
2022-10-04 00:00:00-04:00,99.6868018290202,101.07629715686122,99.62724662055442,100.87779998779297,28850800,0.0,0.0,GOOGL,2026-01-27 14:01:11.371457+00:00
2022-10-05 00:00:00-04:00,99.08138004792244,101.16563070502023,98.05910519438574,100.66938018798828,22176900,0.0,0.0,GOOGL,2026-01-27 14:01:11.371457+00:00
2022-10-06 00:00:00-04:00,99.92498297012419,102.15810981757437,99.83565395869242,100.65943145751953,22324000,0.0,0.0,GOOGL,2026-01-27 14:01:11.371457+00:00
2022-10-07 00:00:00-04:00,99.10121911523618,99.77612006938209,97.56284717405835,97.93999481201172,27502800,0.0,0.0,GOOGL,2026-01-27 14:01:11.371457+00:00
2022-10-10 00:00:00-04:00,98.25758717787716,98.35683575149946,96.28251254572439,97.12613677978516,18225100,0.0,0.0,GOOGL,2026-01-27 14:01:11.371457+00:00
2022-10-11 00:00:00-04:00,96.69936577168872,98.50571715876575,95.5877620057255,96.45124053955078,26507100,0.0,0.0,GOOGL,2026-01-27 14:01:11.371457+00:00
2022-10-12 00:00:00-04:00,96.57033961999998,98.00946288154012,96.0145339725508,96.82838439941406,21876400,0.0,0.0,GOOGL,2026-01-27 14:01:11.371457+00:00
2022-10-13 00:00:00-04:00,94.43647134205176,99.03174823037912,93.67224133423892,98.31714630126953,34574500,0.0,0.0,GOOGL,2026-01-27 14:01:11.371457+00:00
2022-10-14 00:00:00-04:00,99.24017037079604,99.93492559661024,95.64732168746481,95.83589172363281,25410700,0.0,0.0,GOOGL,2026-01-27 14:01:11.371457+00:00
2022-10-17 00:00:00-04:00,98.11864498975567,100.17312166314639,98.08887117266298,99.22032165527344,28419200,0.0,0.0,GOOGL,2026-01-27 14:01:11.371457+00:00
2022-10-18 00:00:00-04:00,102.35662329095497,102.69407756152302,99.22032413323551,100.01432037353516,24060700,0.0,0.0,GOOGL,2026-01-27 14:01:11.371457+00:00
2022-10-19 00:00:00-04:00,99.2600211090797,100.26244160630186,98.17819114716923,98.88286590576172,23811100,0.0,0.0,GOOGL,2026-01-27 14:01:11.371457+00:00
2022-10-20 00:00:00-04:00,99.25009547236613,101.55269738443776,98.64466928421018,99.22032165527344,25323200,0.0,0.0,GOOGL,2026-01-27 14:01:11.371457+00:00
2022-10-21 00:00:00-04:00,97.11621821439542,100.55027065536837,96.98719581452741,100.37162017822266,32458700,0.0,0.0,GOOGL,2026-01-27 14:01:11.371457+00:00
2022-10-24 00:00:00-04:00,101.03660346521866,101.97947637362036,99.23025197248559,101.7511978149414,27176400,0.0,0.0,GOOGL,2026-01-27 14:01:11.371457+00:00
2022-10-25 00:00:00-04:00,102.12834936574457,104.03394937421807,101.94969889168885,103.69650268554688,40611400,0.0,0.0,GOOGL,2026-01-27 14:01:11.371457+00:00
2022-10-26 00:00:00-04:00,95.70686820538242,97.57276729062485,93.97991864924414,94.2181167602539,88114100,0.0,0.0,GOOGL,2026-01-27 14:01:11.371457+00:00
2022-10-27 00:00:00-04:00,93.81118229367367,94.71436175268728,91.11158619026445,91.52843475341797,60710900,0.0,0.0,GOOGL,2026-01-27 14:01:11.371457+00:00
2022-10-28 00:00:00-04:00,91.57806614303196,95.82597688593535,91.43911660546121,95.56792449951172,43697300,0.0,0.0,GOOGL,2026-01-27 14:01:11.371457+00:00
2022-10-31 00:00:00-04:00,94.70443378065085,95.30985993363518,93.27523763795979,93.80126190185547,31675000,0.0,0.0,GOOGL,2026-01-27 14:01:11.371457+00:00
2022-11-01 00:00:00-04:00,94.73422363455774,95.30987606963726,89.6923239787276,89.79157257080078,47161400,0.0,0.0,GOOGL,2026-01-27 14:01:11.371457+00:00
2022-11-02 00:00:00-04:00,90.25803211992569,90.4962302100432,86.22847341279218,86.31780242919922,57038300,0.0,0.0,GOOGL,2026-01-27 14:01:11.371457+00:00
2022-11-03 00:00:00-04:00,85.67268674461754,85.87118391743043,82.71503040774212,82.80435943603516,61288000,0.0,0.0,GOOGL,2026-01-27 14:01:11.371457+00:00
2022-11-04 00:00:00-04:00,84.75958132144375,85.99028036002329,83.08225231902676,85.93073272705078,51124900,0.0,0.0,GOOGL,2026-01-27 14:01:11.371457+00:00
2022-11-07 00:00:00-05:00,86.62548312568902,88.23333741705386,86.19870740729978,87.82640838623047,34078900,0.0,0.0,GOOGL,2026-01-27 14:01:11.371457+00:00
2022-11-08 00:00:00-05:00,88.23332977294922,89.64267920564933,86.9331484706756,88.23332977294922,30429000,0.0,0.0,GOOGL,2026-01-27 14:01:11.371457+00:00
2022-11-09 00:00:00-05:00,87.78671511436389,88.7692966088653,86.62549069960635,86.66519165039062,31769100,0.0,0.0,GOOGL,2026-01-27 14:01:11.371457+00:00
2022-11-10 00:00:00-05:00,91.55821325740865,93.68216469901468,90.92301325088243,93.23554229736328,51620100,0.0,0.0,GOOGL,2026-01-27 14:01:11.371457+00:00
2022-11-11 00:00:00-05:00,93.97991651822383,96.20311650565995,93.21568655329872,95.68701934814453,33090500,0.0,0.0,GOOGL,2026-01-27 14:01:11.371457+00:00
2022-11-14 00:00:00-05:00,94.37690418520387,96.06416020914902,93.8012594349028,94.98233032226562,30179500,0.0,0.0,GOOGL,2026-01-27 14:01:11.371457+00:00
2022-11-15 00:00:00-05:00,97.52315462408457,99.3890538592967,95.98477497826687,97.7018051147461,41640800,0.0,0.0,GOOGL,2026-01-27 14:01:11.371457+00:00
2022-11-16 00:00:00-05:00,97.16583842815655,98.89278785268415,96.90778607712295,98.10871124267578,29105200,0.0,0.0,GOOGL,2026-01-27 14:01:11.371457+00:00
2022-11-17 00:00:00-05:00,96.24283012214516,98.53550517438434,96.06417962637443,97.62240600585938,26052600,0.0,0.0,GOOGL,2026-01-27 14:01:11.371457+00:00
2022-11-18 00:00:00-05:00,98.02930355540772,98.15833350938217,95.64730762338591,96.69935607910156,28342300,0.0,0.0,GOOGL,2026-01-27 14:01:11.371457+00:00
2022-11-21 00:00:00-05:00,96.56042391310625,97.66210063703203,94.64489666604612,94.88309478759766,21647400,0.0,0.0,GOOGL,2026-01-27 14:01:11.371457+00:00
2022-11-22 00:00:00-05:00,95.23045520724949,96.49093554938902,93.34470961675402,96.32221221923828,23438500,0.0,0.0,GOOGL,2026-01-27 14:01:11.371457+00:00
2022-11-23 00:00:00-05:00,96.36192005141498,98.0194025037263,96.36192005141498,97.72164916992188,18868100,0.0,0.0,GOOGL,2026-01-27 14:01:11.371457+00:00
2022-11-25 00:00:00-05:00,97.50329845171186,97.90030037564303,96.66960122642008,96.7291488647461,9701400,0.0,0.0,GOOGL,2026-01-27 14:01:11.371457+00:00
2022-11-28 00:00:00-05:00,96.31229336649913,96.84824478966246,94.8930167011355,95.32971954345703,26237500,0.0,0.0,GOOGL,2026-01-27 14:01:11.371457+00:00
2022-11-29 00:00:00-05:00,95.01212485400968,95.39919964146274,93.40427049461734,94.4761734008789,20061700,0.0,0.0,GOOGL,2026-01-27 14:01:11.371457+00:00
2022-11-30 00:00:00-05:00,94.10893714279987,100.28229409060886,93.71193525947234,100.232666015625,43647500,0.0,0.0,GOOGL,2026-01-27 14:01:11.371457+00:00
2022-12-01 00:00:00-05:00,100.26243983174288,101.48321929784336,99.49821745338677,100.232666015625,28687100,0.0,0.0,GOOGL,2026-01-27 14:01:11.371457+00:00
2022-12-02 00:00:00-05:00,98.30721485364356,100.01431000072103,98.15833820772113,99.6867904663086,21480700,0.0,0.0,GOOGL,2026-01-27 14:01:11.371457+00:00
2022-12-05 00:00:00-05:00,98.654591640414,100.6197391952586,98.25758976329782,98.73399353027344,24405100,0.0,0.0,GOOGL,2026-01-27 14:01:11.371457+00:00
2022-12-06 00:00:00-05:00,98.55534850991971,99.03174473103793,95.69694089448478,96.25274658203125,24910700,0.0,0.0,GOOGL,2026-01-27 14:01:11.371457+00:00
2022-12-07 00:00:00-05:00,95.68702021037814,96.1534892961787,94.00969118202147,94.22804260253906,31045400,0.0,0.0,GOOGL,2026-01-27 14:01:11.371457+00:00
2022-12-08 00:00:00-05:00,94.66473795397769,94.8632426874311,92.74921081619499,93.00726318359375,32213300,0.0,0.0,GOOGL,2026-01-27 14:01:11.371457+00:00
2022-12-09 00:00:00-05:00,93.06680339726276,93.55313427631214,92.05445584000017,92.13385772705078,28225400,0.0,0.0,GOOGL,2026-01-27 14:01:11.371457+00:00
2022-12-12 00:00:00-05:00,92.0147609619929,92.85838524401936,90.92301144571273,92.61026000976562,29420000,0.0,0.0,GOOGL,2026-01-27 14:01:11.371457+00:00
2022-12-13 00:00:00-05:00,97.02688099090368,98.7836040871428,94.31735045663831,94.91284942626953,40593700,0.0,0.0,GOOGL,2026-01-27 14:01:11.371457+00:00
2022-12-14 00:00:00-05:00,94.48609332844649,96.14357577360637,92.89809322343211,94.35707092285156,28733600,0.0,0.0,GOOGL,2026-01-27 14:01:11.371457+00:00
2022-12-15 00:00:00-05:00,92.43160059134897,92.93777814044215,89.33500281379186,90.17862701416016,40107000,0.0,0.0,GOOGL,2026-01-27 14:01:11.371457+00:00
2022-12-16 00:00:00-05:00,90.07939565689843,90.64512094144958,88.8486889269912,89.58314514160156,58011800,0.0,0.0,GOOGL,2026-01-27 14:01:11.371457+00:00
2022-12-19 00:00:00-05:00,89.58313045138497,89.88087616842834,87.54850064344215,87.77677917480469,29493000,0.0,0.0,GOOGL,2026-01-27 14:01:11.371457+00:00
2022-12-20 00:00:00-05:00,87.44925276224407,88.51122839633814,86.78427899285954,88.35242462158203,23453800,0.0,0.0,GOOGL,2026-01-27 14:01:11.371457+00:00
2022-12-21 00:00:00-05:00,88.41199077267231,89.54344130530257,87.65768789352492,88.90824127197266,24745600,0.0,0.0,GOOGL,2026-01-27 14:01:11.371457+00:00
2022-12-22 00:00:00-05:00,87.49888481734911,87.87603244128935,85.67267918543912,87.10188293457031,27658300,0.0,0.0,GOOGL,2026-01-27 14:01:11.371457+00:00
2022-12-23 00:00:00-05:00,86.45676246957663,88.87846732577863,86.41706152102789,88.56086730957031,23003000,0.0,0.0,GOOGL,2026-01-27 14:01:11.371457+00:00
2022-12-27 00:00:00-05:00,88.13407175470984,88.27302125728698,86.35749446069633,86.7346420288086,20097300,0.0,0.0,GOOGL,2026-01-27 14:01:11.371457+00:00
2022-12-28 00:00:00-05:00,86.32772351479028,87.37977194699282,85.29552176696617,85.37491607666016,19523200,0.0,0.0,GOOGL,2026-01-27 14:01:11.371457+00:00
2022-12-29 00:00:00-05:00,85.97044152530074,88.18371457098455,85.96051439483823,87.78671264648438,23333500,0.0,0.0,GOOGL,2026-01-27 14:01:11.371457+00:00
2022-12-30 00:00:00-05:00,86.32773322681854,87.63783413641092,85.9208042155681,87.568359375,23986300,0.0,0.0,GOOGL,2026-01-27 14:01:11.371457+00:00
2023-01-03 00:00:00-05:00,88.91814443775428,90.36720229209452,87.8561688679161,88.45167541503906,28131200,0.0,0.0,GOOGL,2026-01-27 14:01:11.371457+00:00
2023-01-04 00:00:00-05:00,89.67245303705022,89.97020633006692,86.6155485078444,87.41947937011719,34854800,0.0,0.0,GOOGL,2026-01-27 14:01:11.371457+00:00
2023-01-05 00:00:00-05:00,86.81405397793031,86.9133025524005,85.25582788498791,85.55357360839844,27194400,0.0,0.0,GOOGL,2026-01-27 14:01:11.371457+00:00
2023-01-06 00:00:00-05:00,86.13915710492884,87.03240946135887,84.2236299964327,86.68502807617188,41381500,0.0,0.0,GOOGL,2026-01-27 14:01:11.371457+00:00
2023-01-09 00:00:00-05:00,87.69737089501099,89.37469966248176,87.20112049726745,87.35991668701172,29003900,0.0,0.0,GOOGL,2026-01-27 14:01:11.371457+00:00
2023-01-10 00:00:00-05:00,85.3352304507804,88.00505271446971,85.18635380180301,87.75692749023438,30467800,0.0,0.0,GOOGL,2026-01-27 14:01:11.371457+00:00
2023-01-11 00:00:00-05:00,88.51123815802363,90.91308872474838,88.34251480787275,90.83368682861328,26862000,0.0,0.0,GOOGL,2026-01-27 14:01:11.371457+00:00
2023-01-12 00:00:00-05:00,90.79398323111313,91.18105796596775,89.07695338835796,90.44660186767578,30258100,0.0,0.0,GOOGL,2026-01-27 14:01:11.371457+00:00
2023-01-13 00:00:00-05:00,90.16871112383096,91.49866635399357,89.4541092177354,91.42919158935547,26329200,0.0,0.0,GOOGL,2026-01-27 14:01:11.371457+00:00
2023-01-17 00:00:00-05:00,91.36963007309137,91.5582076664508,89.37470872387392,90.60540771484375,32602400,0.0,0.0,GOOGL,2026-01-27 14:01:11.371457+00:00
2023-01-18 00:00:00-05:00,91.4490389437429,92.10409321983435,89.96028748591486,90.43669128417969,29116700,0.0,0.0,GOOGL,2026-01-27 14:01:11.371457+00:00
2023-01-19 00:00:00-05:00,90.03968954197848,92.90801675008117,89.95036051681471,92.35221862792969,37000400,0.0,0.0,GOOGL,2026-01-27 14:01:11.371457+00:00
2023-01-20 00:00:00-05:00,94.38683418356587,97.56284161050858,94.3074322941516,97.2849349975586,63191100,0.0,0.0,GOOGL,2026-01-27 14:01:11.371457+00:00
2023-01-23 00:00:00-05:00,97.21545855943167,99.28978934453644,96.76883619050167,99.04166412353516,40005100,0.0,0.0,GOOGL,2026-01-27 14:01:11.371457+00:00
2023-01-24 00:00:00-05:00,97.36434045143623,98.86301898722769,96.47108809327639,96.96733856201172,33078500,0.0,0.0,GOOGL,2026-01-27 14:01:11.371457+00:00
2023-01-25 00:00:00-05:00,94.85331712238681,95.43889663050726,93.05689279504284,94.50594329833984,42330000,0.0,0.0,GOOGL,2026-01-27 14:01:11.371457+00:00
2023-01-26 00:00:00-05:00,95.77634102925325,96.83831673570589,94.66473724676266,96.78868865966797,30114000,0.0,0.0,GOOGL,2026-01-27 14:01:11.371457+00:00
2023-01-27 00:00:00-05:00,96.58026736816271,99.5676974204637,96.58026736816271,98.62482452392578,33879800,0.0,0.0,GOOGL,2026-01-27 14:01:11.371457+00:00
2023-01-30 00:00:00-05:00,96.74899462729292,97.55291796280574,95.67709179848833,96.21304321289062,27226200,0.0,0.0,GOOGL,2026-01-27 14:01:11.371457+00:00
2023-01-31 00:00:00-05:00,96.1435649864473,98.13848634508432,96.09393691253494,98.09878540039062,29870700,0.0,0.0,GOOGL,2026-01-27 14:01:11.371457+00:00
2023-02-01 00:00:00-05:00,97.96976938145957,100.43117510729803,96.84824601659454,99.67687225341797,35531100,0.0,0.0,GOOGL,2026-01-27 14:01:11.371457+00:00
2023-02-02 00:00:00-05:00,105.00659838352416,107.04122068782463,104.81802078918444,106.93204498291016,69883800,0.0,0.0,GOOGL,2026-01-27 14:01:11.371457+00:00
2023-02-03 00:00:00-05:00,102.15812220922525,107.001524077653,101.81074839414418,103.99424743652344,65309300,0.0,0.0,GOOGL,2026-01-27 14:01:11.371457+00:00
2023-02-06 00:00:00-05:00,101.6320988290303,103.57739978303069,101.11599409443309,102.12834930419922,31999600,0.0,0.0,GOOGL,2026-01-27 14:01:11.371457+00:00
2023-02-07 00:00:00-05:00,102.44594943032921,107.36875324134532,102.34670084961068,106.83280181884766,49010200,0.0,0.0,GOOGL,2026-01-27 14:01:11.371457+00:00
2023-02-08 00:00:00-05:00,101.28472743744483,102.36654986458451,97.3047964110275,98.62482452392578,94743500,0.0,0.0,GOOGL,2026-01-27 14:01:11.371457+00:00
2023-02-09 00:00:00-05:00,99.25010144018972,99.27987525907268,92.92786725246418,94.29752349853516,119455000,0.0,0.0,GOOGL,2026-01-27 14:01:11.371457+00:00
2023-02-10 00:00:00-05:00,94.73419968729561,96.02445377463832,93.54320173911795,93.86080169677734,54980700,0.0,0.0,GOOGL,2026-01-27 14:01:11.371457+00:00
2023-02-13 00:00:00-05:00,94.02953508899373,94.48608460376701,93.13628274609768,93.9005126953125,50076100,0.0,0.0,GOOGL,2026-01-27 14:01:11.371457+00:00
2023-02-14 00:00:00-05:00,93.7218607357337,94.13870929839328,91.56813558981159,93.96998596191406,54726100,0.0,0.0,GOOGL,2026-01-27 14:01:11.371457+00:00
2023-02-15 00:00:00-05:00,93.78141137501834,96.39169368435806,93.44396469123609,96.21304321289062,50169000,0.0,0.0,GOOGL,2026-01-27 14:01:11.371457+00:00
2023-02-16 00:00:00-05:00,94.65481268808418,96.94748732289182,94.02953228064146,94.79376220703125,42462600,0.0,0.0,GOOGL,2026-01-27 14:01:11.371457+00:00
2023-02-17 00:00:00-05:00,94.1387141620816,94.84338893217922,92.51101320001753,93.64246368408203,34284100,0.0,0.0,GOOGL,2026-01-27 14:01:11.371457+00:00
2023-02-21 00:00:00-05:00,92.30258690415565,92.40183548316473,91.03218691960443,91.1016616821289,33629300,0.0,0.0,GOOGL,2026-01-27 14:01:11.371457+00:00
2023-02-22 00:00:00-05:00,91.012320386859,91.41924934975466,89.93049814884304,90.96269989013672,30884000,0.0,0.0,GOOGL,2026-01-27 14:01:11.371457+00:00
2023-02-23 00:00:00-05:00,91.23068695357419,91.25054121331061,89.08688880510833,90.20841217041016,41206400,0.0,0.0,GOOGL,2026-01-27 14:01:11.371457+00:00
2023-02-24 00:00:00-05:00,88.76928933704684,89.21591174546491,87.91573789556128,88.46160888671875,36585100,0.0,0.0,GOOGL,2026-01-27 14:01:11.371457+00:00
2023-02-27 00:00:00-05:00,89.19606018066406,89.48388635539742,88.67002833376313,89.19606018066406,27502300,0.0,0.0,GOOGL,2026-01-27 14:01:11.371457+00:00
2023-02-28 00:00:00-05:00,88.66012201714169,90.54587555642594,88.65019488627358,89.3846435546875,30142000,0.0,0.0,GOOGL,2026-01-27 14:01:11.371457+00:00
2023-03-01 00:00:00-05:00,89.30524066283623,90.34736213861636,88.99756021287892,89.68238830566406,31111200,0.0,0.0,GOOGL,2026-01-27 14:01:11.371457+00:00
2023-03-02 00:00:00-05:00,88.98763304410512,91.58798051837316,88.91815071281441,91.3100814819336,32204400,0.0,0.0,GOOGL,2026-01-27 14:01:11.371457+00:00
2023-03-03 00:00:00-05:00,91.78648392755778,93.02711001692573,91.75670254078115,92.94770812988281,35160100,0.0,0.0,GOOGL,2026-01-27 14:01:11.371457+00:00
2023-03-06 00:00:00-05:00,93.31493408001563,95.25031543626798,93.29508739318105,94.41661071777344,32639300,0.0,0.0,GOOGL,2026-01-27 14:01:11.371457+00:00
2023-03-07 00:00:00-05:00,94.26773157835282,94.95255199770722,92.82860084050301,93.1561279296875,27835500,0.0,0.0,GOOGL,2026-01-27 14:01:11.371457+00:00
2023-03-08 00:00:00-05:00,93.41419049538177,95.24038857658361,93.29508765749337,93.543212890625,34103300,0.0,0.0,GOOGL,2026-01-27 14:01:11.371457+00:00
2023-03-09 00:00:00-05:00,93.34471548738784,94.81361262324073,91.21083697363413,91.627685546875,28813500,0.0,0.0,GOOGL,2026-01-27 14:01:11.371457+00:00
2023-03-10 00:00:00-05:00,91.4788156121773,92.0941689599083,89.72209216895389,89.95036315917969,35941000,0.0,0.0,GOOGL,2026-01-27 14:01:11.371457+00:00
2023-03-13 00:00:00-04:00,89.41440265175312,91.87580822116699,88.74942886454899,90.4267578125,37335600,0.0,0.0,GOOGL,2026-01-27 14:01:11.371457+00:00
2023-03-14 00:00:00-04:00,91.86588978493322,93.65239460696121,91.7467945115858,93.26531982421875,36050200,0.0,0.0,GOOGL,2026-01-27 14:01:11.371457+00:00
2023-03-15 00:00:00-04:00,92.52094722629985,96.20312513886442,91.94529481158769,95.38927459716797,50622100,0.0,0.0,GOOGL,2026-01-27 14:01:11.371457+00:00
2023-03-16 00:00:00-04:00,95.47858895236912,100.43117417550806,94.78384131193948,99.56769561767578,65492000,0.0,0.0,GOOGL,2026-01-27 14:01:11.371457+00:00
2023-03-17 00:00:00-04:00,99.50814641831961,102.06879309004395,99.34934263318691,100.85794830322266,61028500,0.0,0.0,GOOGL,2026-01-27 14:01:11.371457+00:00
2023-03-20 00:00:00-04:00,99.36920316966915,100.98697707895346,99.12107791886092,100.46095275878906,32960400,0.0,0.0,GOOGL,2026-01-27 14:01:11.371457+00:00
2023-03-21 00:00:00-04:00,100.49071743651176,104.31184443694538,100.46094362067213,104.13319396972656,42110300,0.0,0.0,GOOGL,2026-01-27 14:01:11.371457+00:00
2023-03-22 00:00:00-04:00,103.4880705402918,105.79067243730059,102.55512479803791,102.5948257446289,43427400,0.0,0.0,GOOGL,2026-01-27 14:01:11.371457+00:00
2023-03-23 00:00:00-04:00,104.27213883225404,105.50284536129094,103.67663982552884,104.80809020996094,40797800,0.0,0.0,GOOGL,2026-01-27 14:01:11.371457+00:00
2023-03-24 00:00:00-04:00,104.20267726028,104.69892775737729,103.06129960251988,104.64930725097656,30393300,0.0,0.0,GOOGL,2026-01-27 14:01:11.371457+00:00
2023-03-27 00:00:00-04:00,103.83544837056961,103.97439789278444,101.16561848824847,101.69164276123047,31120900,0.0,0.0,GOOGL,2026-01-27 14:01:11.371457+00:00
2023-03-28 00:00:00-04:00,101.67180708945132,101.68172664769772,98.99204978746245,100.27237701416016,32057900,0.0,0.0,GOOGL,2026-01-27 14:01:11.371457+00:00
2023-03-29 00:00:00-04:00,101.51300211215501,101.72142641563612,99.89522819150731,100.62967681884766,28779600,0.0,0.0,GOOGL,2026-01-27 14:01:11.371457+00:00
2023-03-30 00:00:00-04:00,100.15327711150191,100.40140235547389,99.03174616255232,100.1334228515625,33086200,0.0,0.0,GOOGL,2026-01-27 14:01:11.371457+00:00
2023-03-31 00:00:00-04:00,100.5403405183242,103.11091412057462,100.28228817356023,102.95211791992188,36863400,0.0,0.0,GOOGL,2026-01-27 14:01:11.371457+00:00
2023-04-03 00:00:00-04:00,101.62217211579193,103.74612355244493,101.16562258542722,103.57740020751953,25035400,0.0,0.0,GOOGL,2026-01-27 14:01:11.371457+00:00
2023-04-04 00:00:00-04:00,103.5476328510075,104.7882591214197,103.25980664761006,103.93470764160156,24420100,0.0,0.0,GOOGL,2026-01-27 14:01:11.371457+00:00
2023-04-05 00:00:00-04:00,104.98675068203352,105.30435068738927,102.88265348611964,103.68657684326172,28290500,0.0,0.0,GOOGL,2026-01-27 14:01:11.371457+00:00
2023-04-06 00:00:00-04:00,104.47065726298723,108.35133223109835,103.54763103113567,107.6069564819336,48711500,0.0,0.0,GOOGL,2026-01-27 14:01:11.371457+00:00
2023-04-10 00:00:00-04:00,106.17775133008297,106.78316992246287,104.33169902046775,105.64179992675781,27067400,0.0,0.0,GOOGL,2026-01-27 14:01:11.371457+00:00
2023-04-11 00:00:00-04:00,105.75098036627539,105.92963084204611,103.89500084422305,104.55997467041016,26311800,0.0,0.0,GOOGL,2026-01-27 14:01:11.371457+00:00
2023-04-12 00:00:00-04:00,105.78074743753035,105.94947077272556,103.5575399759029,103.85529327392578,24370300,0.0,0.0,GOOGL,2026-01-27 14:01:11.371457+00:00
2023-04-13 00:00:00-04:00,105.04629398559699,106.68392202189075,105.04629398559699,106.62437438964844,24843600,0.0,0.0,GOOGL,2026-01-27 14:01:11.371457+00:00
2023-04-14 00:00:00-04:00,106.0884185328419,108.12304836716059,106.0387904599343,108.05357360839844,26578000,0.0,0.0,GOOGL,2026-01-27 14:01:11.371457+00:00
2023-04-17 00:00:00-04:00,103.87515724199652,105.3639087269098,103.73620013699751,105.17533111572266,37571200,0.0,0.0,GOOGL,2026-01-27 14:01:11.371457+00:00
2023-04-18 00:00:00-04:00,105.69142923743296,105.74105731624348,103.28957863776436,103.71635437011719,26596400,0.0,0.0,GOOGL,2026-01-27 14:01:11.371457+00:00
2023-04-19 00:00:00-04:00,102.8032512436726,104.19275410196762,102.29707363391327,103.39875030517578,20905700,0.0,0.0,GOOGL,2026-01-27 14:01:11.371457+00:00
2023-04-20 00:00:00-04:00,103.13077864388401,105.45322726139375,103.09107769672384,104.50042724609375,27820800,0.0,0.0,GOOGL,2026-01-27 14:01:11.371457+00:00
2023-04-21 00:00:00-04:00,104.67907735856379,105.20510165529122,103.99424927374733,104.6195297241211,25800100,0.0,0.0,GOOGL,2026-01-27 14:01:11.371457+00:00
2023-04-24 00:00:00-04:00,104.69892730879049,105.83037783155005,103.91485061807437,105.17533111572266,23542800,0.0,0.0,GOOGL,2026-01-27 14:01:11.371457+00:00
2023-04-25 00:00:00-04:00,105.03637557743666,105.88992698575956,103.06129326840653,103.07122039794922,46664100,0.0,0.0,GOOGL,2026-01-27 14:01:11.371457+00:00
2023-04-26 00:00:00-04:00,104.13319140174777,105.552467975158,101.86036345847234,102.93226623535156,53347600,0.0,0.0,GOOGL,2026-01-27 14:01:11.371457+00:00
2023-04-27 00:00:00-04:00,103.6667276651916,107.55733738673939,102.76355568188747,106.7831802368164,50089200,0.0,0.0,GOOGL,2026-01-27 14:01:11.371457+00:00
2023-04-28 00:00:00-04:00,106.23730369371071,106.54497656828984,104.3019222779164,106.53504943847656,36139800,0.0,0.0,GOOGL,2026-01-27 14:01:11.371457+00:00
2023-05-01 00:00:00-04:00,106.03879433997653,107.18017190898796,106.01894765339576,106.3960952758789,26681700,0.0,0.0,GOOGL,2026-01-27 14:01:11.371457+00:00
2023-05-02 00:00:00-04:00,106.33654076337154,106.39608839144185,102.93226253537539,104.53018951416016,30997200,0.0,0.0,GOOGL,2026-01-27 14:01:11.371457+00:00
2023-05-03 00:00:00-04:00,104.73862499300647,106.68392596400858,104.17289974925679,104.6195297241211,21795400,0.0,0.0,GOOGL,2026-01-27 14:01:11.371457+00:00
2023-05-04 00:00:00-04:00,104.69892635616654,104.80810206984134,103.1903281969406,103.9049301147461,23419500,0.0,0.0,GOOGL,2026-01-27 14:01:11.371457+00:00
2023-05-05 00:00:00-04:00,104.03395220841355,105.08600082196858,103.32927742271336,104.77832794189453,26639300,0.0,0.0,GOOGL,2026-01-27 14:01:11.371457+00:00
2023-05-08 00:00:00-04:00,104.39124127488218,107.15039246780319,104.37139458934332,106.9618148803711,26511400,0.0,0.0,GOOGL,2026-01-27 14:01:11.371457+00:00
2023-05-09 00:00:00-04:00,107.57716947230122,109.32397313635732,106.3861714485516,106.54496765136719,36360100,0.0,0.0,GOOGL,2026-01-27 14:01:11.371457+00:00
2023-05-10 00:00:00-04:00,107.16031997482098,112.09305050241566,107.1206190314225,110.91197204589844,63153400,0.0,0.0,GOOGL,2026-01-27 14:01:11.371457+00:00
2023-05-11 00:00:00-04:00,114.53461459902141,117.0357137366996,113.55204074909585,115.69583892822266,78900000,0.0,0.0,GOOGL,2026-01-27 14:01:11.371457+00:00
2023-05-12 00:00:00-04:00,115.80501418168475,117.14488898483823,115.23928892825631,116.62879180908203,41102300,0.0,0.0,GOOGL,2026-01-27 14:01:11.371457+00:00
2023-05-15 00:00:00-04:00,115.2392819935686,117.59151189110723,115.14003341637807,115.63628387451172,36266800,0.0,0.0,GOOGL,2026-01-27 14:01:11.371457+00:00
2023-05-16 00:00:00-04:00,115.61642039221653,119.84447607842361,115.55687276508897,118.61377716064453,45035600,0.0,0.0,GOOGL,2026-01-27 14:01:11.371457+00:00
2023-05-17 00:00:00-04:00,118.71303548354885,120.75758495283628,117.99843361058363,119.93380737304688,33323600,0.0,0.0,GOOGL,2026-01-27 14:01:11.371457+00:00
2023-05-18 00:00:00-04:00,120.04298319548356,122.38528597148938,119.92388793132871,121.90888977050781,35234200,0.0,0.0,GOOGL,2026-01-27 14:01:11.371457+00:00
2023-05-19 00:00:00-04:00,122.62350082715598,125.02535141510835,121.23399792123767,121.83942413330078,41353400,0.0,0.0,GOOGL,2026-01-27 14:01:11.371457+00:00
2023-05-22 00:00:00-04:00,122.01807359628725,125.48189991592048,121.81956885585257,124.11225128173828,35253000,0.0,0.0,GOOGL,2026-01-27 14:01:11.371457+00:00
2023-05-23 00:00:00-04:00,123.22892250659226,123.6953915959423,121.29354109633519,121.64091491699219,34046300,0.0,0.0,GOOGL,2026-01-27 14:01:11.371457+00:00
2023-05-24 00:00:00-04:00,120.21171384013235,120.99579047353133,118.96116056401159,119.99336242675781,34182600,0.0,0.0,GOOGL,2026-01-27 14:01:11.371457+00:00
2023-05-25 00:00:00-04:00,123.58621039965489,124.38021415921419,121.04541048455478,122.55401611328125,42317000,0.0,0.0,GOOGL,2026-01-27 14:01:11.371457+00:00
2023-05-26 00:00:00-04:00,122.24634093896407,124.32067187463625,121.53173903906134,123.67554473876953,35635900,0.0,0.0,GOOGL,2026-01-27 14:01:11.371457+00:00
2023-05-30 00:00:00-04:00,124.69781220896813,124.71766646734785,121.08510954631166,122.74258422851562,35076700,0.0,0.0,GOOGL,2026-01-27 14:01:11.371457+00:00
2023-05-31 00:00:00-04:00,121.82949030094537,123.12966410835033,121.58136506611656,121.94859313964844,37325800,0.0,0.0,GOOGL,2026-01-27 14:01:11.371457+00:00
2023-06-01 00:00:00-04:00,121.8989611091008,123.48696104605021,121.70046395655,122.7922134399414,30772700,0.0,0.0,GOOGL,2026-01-27 14:01:11.371457+00:00
2023-06-02 00:00:00-04:00,123.06019879901274,125.20400462726855,122.83192780585587,123.73509979248047,26980100,0.0,0.0,GOOGL,2026-01-27 14:01:11.371457+00:00
2023-06-05 00:00:00-04:00,123.0800387874398,126.47439004972225,122.91130787950246,125.0650405883789,32305500,0.0,0.0,GOOGL,2026-01-27 14:01:11.371457+00:00
2023-06-06 00:00:00-04:00,125.06503148178402,127.32792458635241,124.41990442901746,126.35527801513672,26638300,0.0,0.0,GOOGL,2026-01-27 14:01:11.371457+00:00
2023-06-07 00:00:00-04:00,126.01784008371891,128.072309065116,121.20421224846599,121.58135986328125,52539000,0.0,0.0,GOOGL,2026-01-27 14:01:11.371457+00:00
2023-06-08 00:00:00-04:00,121.31339671268852,122.30589768119812,120.33081530189335,121.22406768798828,29389200,0.0,0.0,GOOGL,2026-01-27 14:01:11.371457+00:00
2023-06-09 00:00:00-04:00,121.3332316954614,122.83191013354642,120.99578503336821,121.31338500976562,23778300,0.0,0.0,GOOGL,2026-01-27 14:01:11.371457+00:00
2023-06-12 00:00:00-04:00,121.86919005532346,123.11974334684123,120.74766673085075,122.71281433105469,28306400,0.0,0.0,GOOGL,2026-01-27 14:01:11.371457+00:00
2023-06-13 00:00:00-04:00,124.04276764194177,124.22141810946202,122.25626296673931,122.9013900756836,22278300,0.0,0.0,GOOGL,2026-01-27 14:01:11.371457+00:00
2023-06-14 00:00:00-04:00,122.17685901958812,123.11973941592123,120.53923102358297,122.74258422851562,30592300,0.0,0.0,GOOGL,2026-01-27 14:01:11.371457+00:00
2023-06-15 00:00:00-04:00,122.21656558106999,124.51916746718288,121.48211700306517,124.15193939208984,35246300,0.0,0.0,GOOGL,2026-01-27 14:01:11.371457+00:00
2023-06-16 00:00:00-04:00,124.98564142278578,125.1642918916508,122.35551246478781,122.6036376953125,45535600,0.0,0.0,GOOGL,2026-01-27 14:01:11.371457+00:00
2023-06-20 00:00:00-04:00,122.00814128096077,123.63584222244113,121.22406462697502,122.17686462402344,26097500,0.0,0.0,GOOGL,2026-01-27 14:01:11.371457+00:00
2023-06-21 00:00:00-04:00,121.48212139117618,121.74017376602716,119.19936610971777,119.64599609375,30306300,0.0,0.0,GOOGL,2026-01-27 14:01:11.371457+00:00
2023-06-22 00:00:00-04:00,119.10010688586456,122.31580765157227,117.9388826610508,122.22648620605469,26952200,0.0,0.0,GOOGL,2026-01-27 14:01:11.371457+00:00
2023-06-23 00:00:00-04:00,120.46976164956806,121.86919161284854,120.15216165092147,121.42256164550781,34913600,0.0,0.0,GOOGL,2026-01-27 14:01:11.371457+00:00
2023-06-26 00:00:00-04:00,119.85442629753989,121.0851254524191,117.38309328510559,117.45256805419922,33969900,0.0,0.0,GOOGL,2026-01-27 14:01:11.371457+00:00
2023-06-27 00:00:00-04:00,116.20201599292278,118.18701794330883,115.22936170547375,117.44264221191406,39535900,0.0,0.0,GOOGL,2026-01-27 14:01:11.371457+00:00
2023-06-28 00:00:00-04:00,116.2119384201713,119.48719474805245,115.97374030045428,119.27877044677734,27091400,0.0,0.0,GOOGL,2026-01-27 14:01:11.371457+00:00
2023-06-29 00:00:00-04:00,118.34581293262964,119.15966342094775,117.41286717472148,118.20686340332031,24090900,0.0,0.0,GOOGL,2026-01-27 14:01:11.371457+00:00
2023-06-30 00:00:00-04:00,119.26883719212228,120.17201669011786,118.79244097715116,118.80236053466797,29532200,0.0,0.0,GOOGL,2026-01-27 14:01:11.371457+00:00
2023-07-03 00:00:00-04:00,118.34582305288369,119.28870359346264,117.9289744293092,119.0008773803711,14467900,0.0,0.0,GOOGL,2026-01-27 14:01:11.371457+00:00
2023-07-05 00:00:00-04:00,118.3458033859375,121.69053409377197,118.33588382905948,120.83698272705078,27584800,0.0,0.0,GOOGL,2026-01-27 14:01:11.371457+00:00
2023-07-06 00:00:00-04:00,118.90161667979092,119.39786715412697,117.5121138372137,119.20928955078125,24745200,0.0,0.0,GOOGL,2026-01-27 14:01:11.371457+00:00
2023-07-07 00:00:00-04:00,119.1993606252883,120.14224105563065,118.50461300055707,118.58401489257812,21709500,0.0,0.0,GOOGL,2026-01-27 14:01:11.371457+00:00
2023-07-10 00:00:00-04:00,117.41286932662906,117.42278888448908,115.2690635685402,115.57673645019531,35315200,0.0,0.0,GOOGL,2026-01-27 14:01:11.371457+00:00
2023-07-11 00:00:00-04:00,115.41793425521223,116.82728376089246,114.48498095632307,116.26155853271484,23078800,0.0,0.0,GOOGL,2026-01-27 14:01:11.371457+00:00
2023-07-12 00:00:00-04:00,117.90911694459177,119.42764220013913,117.52204217640053,118.03813934326172,30404400,0.0,0.0,GOOGL,2026-01-27 14:01:11.371457+00:00
2023-07-13 00:00:00-04:00,120.02313496341503,123.89389001441005,119.54673119638662,123.60606384277344,44297900,0.0,0.0,GOOGL,2026-01-27 14:01:11.371457+00:00
2023-07-14 00:00:00-04:00,123.86411595510596,125.82926350630274,122.56393462065938,124.47946166992188,33283100,0.0,0.0,GOOGL,2026-01-27 14:01:11.371457+00:00
2023-07-17 00:00:00-04:00,124.99557527494002,126.14687246896142,123.26861812563564,123.71524810791016,25716200,0.0,0.0,GOOGL,2026-01-27 14:01:11.371457+00:00
2023-07-18 00:00:00-04:00,123.66561395286634,123.74501584432612,122.03791303884648,122.83191680908203,26193600,0.0,0.0,GOOGL,2026-01-27 14:01:11.371457+00:00
2023-07-19 00:00:00-04:00,123.66562600905326,124.24127841998545,120.88662768666599,121.11489868164062,37224000,0.0,0.0,GOOGL,2026-01-27 14:01:11.371457+00:00
2023-07-20 00:00:00-04:00,120.50945982007009,123.1594354576292,117.33345990676118,118.30610656738281,37906800,0.0,0.0,GOOGL,2026-01-27 14:01:11.371457+00:00
2023-07-21 00:00:00-04:00,119.71547891444875,120.08269945533341,117.83965254297082,119.1199722290039,72937900,0.0,0.0,GOOGL,2026-01-27 14:01:11.371457+00:00
2023-07-24 00:00:00-04:00,120.74766705234958,122.07761466691946,120.0727661155314,120.61863708496094,29686100,0.0,0.0,GOOGL,2026-01-27 14:01:11.371457+00:00
2023-07-25 00:00:00-04:00,120.44992423254439,122.22650196463995,120.11246994865928,121.29354858398438,52509600,0.0,0.0,GOOGL,2026-01-27 14:01:11.371457+00:00
2023-07-26 00:00:00-04:00,129.09460190925336,129.99776623656712,127.35772529958219,128.30059814453125,61682100,0.0,0.0,GOOGL,2026-01-27 14:01:11.371457+00:00
2023-07-27 00:00:00-04:00,130.68260803004364,132.2408419072244,127.82420023434912,128.42962646484375,44952100,0.0,0.0,GOOGL,2026-01-27 14:01:11.371457+00:00
2023-07-28 00:00:00-04:00,129.799265024623,132.73707431896543,129.59084831881933,131.5857696533203,36591200,0.0,0.0,GOOGL,2026-01-27 14:01:11.371457+00:00
2023-07-31 00:00:00-04:00,131.7346357432163,132.52863946512642,130.7917629491062,131.72471618652344,28055500,0.0,0.0,GOOGL,2026-01-27 14:01:11.371457+00:00
2023-08-01 00:00:00-04:00,129.79926191480814,131.6353945728261,129.7000057705623,130.56349182128906,23166800,0.0,0.0,GOOGL,2026-01-27 14:01:11.371457+00:00
2023-08-02 00:00:00-04:00,128.47924259709205,129.11444258769157,126.60341644169951,127.41727447509766,26273300,0.0,0.0,GOOGL,2026-01-27 14:01:11.371457+00:00
2023-08-03 00:00:00-04:00,127.01034391124875,128.41969339996243,126.46446537651686,127.48674011230469,20089500,0.0,0.0,GOOGL,2026-01-27 14:01:11.371457+00:00
2023-08-04 00:00:00-04:00,128.31052393686713,130.52379685517826,126.9508024568463,127.14929962158203,26147200,0.0,0.0,GOOGL,2026-01-27 14:01:11.371457+00:00
2023-08-07 00:00:00-04:00,128.1914178864696,130.62304202480823,128.05246836840342,130.54364013671875,22746300,0.0,0.0,GOOGL,2026-01-27 14:01:11.371457+00:00
2023-08-08 00:00:00-04:00,129.64046232824563,130.52378752085772,128.56855954209357,130.41461181640625,23535200,0.0,0.0,GOOGL,2026-01-27 14:01:11.371457+00:00
2023-08-09 00:00:00-04:00,130.67266960839547,131.04980964495556,128.0326136306667,128.6876678466797,24912900,0.0,0.0,GOOGL,2026-01-27 14:01:11.371457+00:00
2023-08-10 00:00:00-04:00,130.33523442746744,131.0597558939105,128.47924731856517,128.7174530029297,20857800,0.0,0.0,GOOGL,2026-01-27 14:01:11.371457+00:00
2023-08-11 00:00:00-04:00,127.6951647046181,128.95562989704715,127.20883382963942,128.58840942382812,19591100,0.0,0.0,GOOGL,2026-01-27 14:01:11.371457+00:00
2023-08-14 00:00:00-04:00,128.4197145429739,130.38486244718834,127.99294634651456,130.3451690673828,24695600,0.0,0.0,GOOGL,2026-01-27 14:01:11.371457+00:00
2023-08-15 00:00:00-04:00,130.1168711231594,130.43446352895285,128.31051225646652,128.8067626953125,19770700,0.0,0.0,GOOGL,2026-01-27 14:01:11.371457+00:00
2023-08-16 00:00:00-04:00,127.7348861694336,129.303039695641,126.91111602658746,127.7348861694336,25216100,0.0,0.0,GOOGL,2026-01-27 14:01:11.371457+00:00
2023-08-17 00:00:00-04:00,128.82661397214423,131.0001932670892,128.32042884384344,128.94570922851562,33446300,0.0,0.0,GOOGL,2026-01-27 14:01:11.371457+00:00
2023-08-18 00:00:00-04:00,127.546294758541,128.28075093151222,125.43227040921398,126.5041732788086,30504800,0.0,0.0,GOOGL,2026-01-27 14:01:11.371457+00:00
2023-08-21 00:00:00-04:00,126.2262851495553,127.76465724968314,125.61093176619487,127.40735626220703,25248700,0.0,0.0,GOOGL,2026-01-27 14:01:11.371457+00:00
2023-08-22 00:00:00-04:00,127.54628200242816,129.3030127917116,127.35771955742976,128.1120147705078,22054900,0.0,0.0,GOOGL,2026-01-27 14:01:11.371457+00:00
2023-08-23 00:00:00-04:00,129.20375527825698,132.40954397470435,128.89608243334328,131.37733459472656,27819700,0.0,0.0,GOOGL,2026-01-27 14:01:11.371457+00:00
2023-08-24 00:00:00-04:00,132.94548953796456,133.24324283014445,128.59834599183964,128.8067626953125,28500700,0.0,0.0,GOOGL,2026-01-27 14:01:11.371457+00:00
2023-08-25 00:00:00-04:00,128.56857452291544,129.77942696997056,126.29575386732984,128.90603637695312,26762900,0.0,0.0,GOOGL,2026-01-27 14:01:11.371457+00:00
2023-08-28 00:00:00-04:00,130.32532601125598,131.5460982080756,129.1641014614472,130.02757263183594,20543300,0.0,0.0,GOOGL,2026-01-27 14:01:11.371457+00:00
2023-08-29 00:00:00-04:00,131.24832315951218,135.54585383099212,131.24832315951218,133.56085205078125,43075600,0.0,0.0,GOOGL,2026-01-27 14:01:11.371457+00:00
2023-08-30 00:00:00-04:00,133.76926593538553,135.2580172391428,133.06459879911617,134.86102294921875,28315800,0.0,0.0,GOOGL,2026-01-27 14:01:11.371457+00:00
2023-08-31 00:00:00-04:00,134.99003046339,136.96511253819318,134.77167907243245,135.14883422851562,30053800,0.0,0.0,GOOGL,2026-01-27 14:01:11.371457+00:00
2023-09-01 00:00:00-04:00,136.4291742463203,136.4291742463203,133.838746407961,134.64266967773438,21543700,0.0,0.0,GOOGL,2026-01-27 14:01:11.371457+00:00
2023-09-05 00:00:00-04:00,134.42433443329878,135.3969811480602,133.57078298930236,134.75186157226562,19403100,0.0,0.0,GOOGL,2026-01-27 14:01:11.371457+00:00
2023-09-06 00:00:00-04:00,134.99997436969198,135.50614436814033,132.66759123648941,133.45167541503906,18684500,0.0,0.0,GOOGL,2026-01-27 14:01:11.371457+00:00
2023-09-07 00:00:00-04:00,132.58820688588548,134.56328935661423,131.95300684241127,134.2456817626953,18844300,0.0,0.0,GOOGL,2026-01-27 14:01:11.371457+00:00
2023-09-08 00:00:00-04:00,133.8983069363544,135.6351836006342,133.8387593023914,135.35728454589844,23558300,0.0,0.0,GOOGL,2026-01-27 14:01:11.371457+00:00
2023-09-11 00:00:00-04:00,135.51607902909177,136.4490323863561,134.77170328374638,135.8932342529297,20763400,0.0,0.0,GOOGL,2026-01-27 14:01:11.371457+00:00
2023-09-12 00:00:00-04:00,135.23818764984745,135.84361389625101,134.1762194011905,134.32508850097656,18405500,0.0,0.0,GOOGL,2026-01-27 14:01:11.371457+00:00
2023-09-13 00:00:00-04:00,134.07695258141447,135.87337691641153,133.1439992452725,135.684814453125,20749500,0.0,0.0,GOOGL,2026-01-27 14:01:11.371457+00:00
2023-09-14 00:00:00-04:00,136.56814159733074,137.65988359424148,135.21833965192076,137.06439208984375,24751000,0.0,0.0,GOOGL,2026-01-27 14:01:11.371457+00:00
2023-09-15 00:00:00-04:00,136.94528129329058,137.48124030456012,135.45652981988454,136.36962890625,38919600,0.0,0.0,GOOGL,2026-01-27 14:01:11.371457+00:00
2023-09-18 00:00:00-04:00,135.58554599898608,138.11642627515133,135.58554599898608,137.17355346679688,21861300,0.0,0.0,GOOGL,2026-01-27 14:01:11.371457+00:00
2023-09-19 00:00:00-04:00,136.38946085639827,137.37204212009118,135.5954571715883,137.0048065185547,20353700,0.0,0.0,GOOGL,2026-01-27 14:01:11.371457+00:00
2023-09-20 00:00:00-04:00,137.0445418305698,137.0445418305698,132.61798064460575,132.73709106445312,29927500,0.0,0.0,GOOGL,2026-01-27 14:01:11.371457+00:00
2023-09-21 00:00:00-04:00,130.45432343039326,131.23839249416972,129.09460201532931,129.46182250976562,31503900,0.0,0.0,GOOGL,2026-01-27 14:01:11.371457+00:00
2023-09-22 00:00:00-04:00,129.77942444921084,131.03990495129133,128.62813480654572,129.27325439453125,26397300,0.0,0.0,GOOGL,2026-01-27 14:01:11.371457+00:00
2023-09-25 00:00:00-04:00,128.85638541915864,130.18633290541212,127.99291453760557,130.1267852783203,20094600,0.0,0.0,GOOGL,2026-01-27 14:01:11.371457+00:00
2023-09-26 00:00:00-04:00,128.79684059113427,129.38241246274418,126.26596037420376,127.60584259033203,25718700,0.0,0.0,GOOGL,2026-01-27 14:01:11.371457+00:00
2023-09-27 00:00:00-04:00,127.60585276042912,129.91836661698156,127.60585276042912,129.56106567382812,22746500,0.0,0.0,GOOGL,2026-01-27 14:01:11.371457+00:00
2023-09-28 00:00:00-04:00,128.86633128049803,132.3003915392616,128.81670319967085,131.31781005859375,22513100,0.0,0.0,GOOGL,2026-01-27 14:01:11.371457+00:00
2023-09-29 00:00:00-04:00,132.28052789506322,133.04475788137387,129.38242688382053,129.87867736816406,30859800,0.0,0.0,GOOGL,2026-01-27 14:01:11.371457+00:00
2023-10-02 00:00:00-04:00,130.22603966262653,133.41195882393936,130.1863311488605,133.16383361816406,22288000,0.0,0.0,GOOGL,2026-01-27 14:01:11.371457+00:00
2023-10-03 00:00:00-04:00,132.93557573096578,133.2531681504959,130.85131773991853,131.4368896484375,22989400,0.0,0.0,GOOGL,2026-01-27 14:01:11.371457+00:00
2023-10-04 00:00:00-04:00,131.79419070491505,134.55335719954957,131.53614591729064,134.225830078125,26752300,0.0,0.0,GOOGL,2026-01-27 14:01:11.371457+00:00
2023-10-05 00:00:00-04:00,134.05712890625,134.47397754489367,132.44926684935047,134.05712890625,19832600,0.0,0.0,GOOGL,2026-01-27 14:01:11.371457+00:00
2023-10-06 00:00:00-04:00,133.00504324406194,137.123931161278,133.00504324406194,136.54827880859375,27597600,0.0,0.0,GOOGL,2026-01-27 14:01:11.371457+00:00
2023-10-09 00:00:00-04:00,135.9130761696135,137.8980779769235,134.59304815042893,137.38197326660156,19278100,0.0,0.0,GOOGL,2026-01-27 14:01:11.371457+00:00
2023-10-10 00:00:00-04:00,137.46139159362946,138.6722440524293,136.3001672148192,137.02468872070312,27786600,0.0,0.0,GOOGL,2026-01-27 14:01:11.371457+00:00
2023-10-11 00:00:00-04:00,137.54078929024345,140.05181558848287,137.54078929024345,139.4960174560547,25884300,0.0,0.0,GOOGL,2026-01-27 14:01:11.371457+00:00
2023-10-12 00:00:00-04:00,139.9922911862215,140.16101456554242,137.22320447808846,137.92788696289062,24765500,0.0,0.0,GOOGL,2026-01-27 14:01:11.371457+00:00
2023-10-13 00:00:00-04:00,138.33478161475625,138.9501273324613,135.59546941209604,136.32992553710938,23420500,0.0,0.0,GOOGL,2026-01-27 14:01:11.371457+00:00
2023-10-16 00:00:00-04:00,137.13383587326624,138.58289372755178,136.95519299575244,138.05686950683594,28501900,0.0,0.0,GOOGL,2026-01-27 14:01:11.371457+00:00
2023-10-17 00:00:00-04:00,137.5904036136543,138.85086884355698,136.1512652036196,138.67222595214844,23515800,0.0,0.0,GOOGL,2026-01-27 14:01:11.371457+00:00
2023-10-18 00:00:00-04:00,138.40424694073948,139.66472731928488,136.34977796075492,136.92543029785156,23375000,0.0,0.0,GOOGL,2026-01-27 14:01:11.371457+00:00
2023-10-19 00:00:00-04:00,137.46140157765356,138.61270648183236,136.349805198096,136.71702575683594,26066000,0.0,0.0,GOOGL,2026-01-27 14:01:11.371457+00:00
2023-10-20 00:00:00-04:00,136.30015222216522,136.83609605175457,134.06702516754572,134.5831298828125,26335700,0.0,0.0,GOOGL,2026-01-27 14:01:11.371457+00:00
2023-10-23 00:00:00-04:00,134.02730625143084,136.62766874033358,132.94548397466383,135.4763641357422,26317900,0.0,0.0,GOOGL,2026-01-27 14:01:11.371457+00:00
2023-10-24 00:00:00-04:00,136.79641151026584,138.31493679389348,136.38948247495046,137.76905822753906,44814300,0.0,0.0,GOOGL,2026-01-27 14:01:11.371457+00:00
2023-10-25 00:00:00-04:00,127.19891771324542,127.3477867890197,124.13208602522081,124.66803741455078,84366200,0.0,0.0,GOOGL,2026-01-27 14:01:11.371457+00:00
2023-10-26 00:00:00-04:00,122.34558034438075,123.39763642797095,120.36057858115953,121.36300659179688,57061100,0.0,0.0,GOOGL,2026-01-27 14:01:11.371457+00:00
2023-10-27 00:00:00-04:00,121.95852001538093,122.38529574778306,119.30854416571684,121.25384521484375,44566500,0.0,0.0,GOOGL,2026-01-27 14:01:11.371457+00:00
2023-10-30 00:00:00-04:00,122.2860385724438,124.45961803038976,121.82948905369454,123.52666473388672,28940100,0.0,0.0,GOOGL,2026-01-27 14:01:11.371457+00:00
2023-10-31 00:00:00-04:00,124.12216757392719,124.42984802046038,121.76994514607122,123.14952087402344,26292300,0.0,0.0,GOOGL,2026-01-27 14:01:11.371457+00:00
2023-11-01 00:00:00-04:00,123.13959750160885,125.54144807960145,122.79222366961514,125.50174713134766,30082400,0.0,0.0,GOOGL,2026-01-27 14:01:11.371457+00:00
2023-11-02 00:00:00-04:00,127.45696167163366,128.01275974342613,125.97813747508253,126.533935546875,27124600,0.0,0.0,GOOGL,2026-01-27 14:01:11.371457+00:00
2023-11-03 00:00:00-04:00,127.05997884535377,128.55864986310226,126.90117505497481,128.1318817138672,26393100,0.0,0.0,GOOGL,2026-01-27 14:01:11.371457+00:00
2023-11-06 00:00:00-05:00,128.08225623128538,129.36257584929294,127.70510100758493,129.27325439453125,19052700,0.0,0.0,GOOGL,2026-01-27 14:01:11.371457+00:00
2023-11-07 00:00:00-05:00,129.72980920218515,130.9208073441977,128.90603157499936,129.98785400390625,29757300,0.0,0.0,GOOGL,2026-01-27 14:01:11.371457+00:00
2023-11-08 00:00:00-05:00,129.98783224244534,131.21853869829624,129.79925466552717,130.85130310058594,26425800,0.0,0.0,GOOGL,2026-01-27 14:01:11.371457+00:00
2023-11-09 00:00:00-05:00,130.97043911965648,131.55601107722748,129.09461282832507,129.26333618164062,23747800,0.0,0.0,GOOGL,2026-01-27 14:01:11.371457+00:00
2023-11-10 00:00:00-05:00,129.1243553985168,131.8041044312904,128.43952744855426,131.59567260742188,26913300,0.0,0.0,GOOGL,2026-01-27 14:01:11.371457+00:00
2023-11-13 00:00:00-05:00,130.79178389238834,131.59570729972106,130.26575956056902,131.09945678710938,18324800,0.0,0.0,GOOGL,2026-01-27 14:01:11.371457+00:00
2023-11-14 00:00:00-05:00,133.1836984817578,134.68236939202447,132.3202275430886,132.6179656982422,32395200,0.0,0.0,GOOGL,2026-01-27 14:01:11.371457+00:00
2023-11-15 00:00:00-05:00,133.85858358428234,134.01738735349468,132.5683446064248,133.61045837402344,23861500,0.0,0.0,GOOGL,2026-01-27 14:01:11.371457+00:00
2023-11-16 00:00:00-05:00,134.17619538121033,136.19097094090904,133.31272446829985,135.90313720703125,28013200,0.0,0.0,GOOGL,2026-01-27 14:01:11.371457+00:00
2023-11-17 00:00:00-05:00,134.98013143466227,135.03967906955006,132.64774810580346,134.29530334472656,37240600,0.0,0.0,GOOGL,2026-01-27 14:01:11.371457+00:00
2023-11-20 00:00:00-05:00,132.68745618308765,135.63518525511367,132.61797384637484,135.22825622558594,27815500,0.0,0.0,GOOGL,2026-01-27 14:01:11.371457+00:00
2023-11-21 00:00:00-05:00,135.26793213333067,136.1512572706716,134.94042018483108,135.94284057617188,22635300,0.0,0.0,GOOGL,2026-01-27 14:01:11.371457+00:00
2023-11-22 00:00:00-05:00,136.43910658423133,138.37448040468396,136.43910658423133,137.4514617919922,17813900,0.0,0.0,GOOGL,2026-01-27 14:01:11.371457+00:00
2023-11-24 00:00:00-05:00,136.994895052353,137.0941511979509,134.9701999236649,135.66494750976562,12514300,0.0,0.0,GOOGL,2026-01-27 14:01:11.371457+00:00
2023-11-27 00:00:00-05:00,135.00988403041387,137.38196036155256,134.98011021765,135.3870391845703,23436500,0.0,0.0,GOOGL,2026-01-27 14:01:11.371457+00:00
2023-11-28 00:00:00-05:00,135.0595159672369,136.22074013136128,134.40446177895313,136.17111206054688,18730000,0.0,0.0,GOOGL,2026-01-27 14:01:11.371457+00:00
2023-11-29 00:00:00-05:00,136.53836114342,137.25294788509495,133.8288226820438,133.9777069091797,23967200,0.0,0.0,GOOGL,2026-01-27 14:01:11.371457+00:00
2023-11-30 00:00:00-05:00,134.03725467489437,134.53350514378005,130.29552189907486,131.53614807128906,38988300,0.0,0.0,GOOGL,2026-01-27 14:01:11.371457+00:00
2023-12-01 00:00:00-05:00,130.87118530273438,131.1193105581131,129.6901066640334,130.87118530273438,31442300,0.0,0.0,GOOGL,2026-01-27 14:01:11.371457+00:00
2023-12-04 00:00:00-05:00,128.90602431139112,129.05489339161807,126.94086915840347,128.30059814453125,36669900,0.0,0.0,GOOGL,2026-01-27 14:01:11.371457+00:00
2023-12-05 00:00:00-05:00,127.98298023608452,131.14906033747008,127.28823267724465,130.0076904296875,27384800,0.0,0.0,GOOGL,2026-01-27 14:01:11.371457+00:00
2023-12-06 00:00:00-05:00,130.45431707264976,130.85131136380824,128.90601813502556,129.0449676513672,23576200,0.0,0.0,GOOGL,2026-01-27 14:01:11.371457+00:00
2023-12-07 00:00:00-05:00,134.02731116371308,137.52091847546023,133.68986450169766,135.90313720703125,56767100,0.0,0.0,GOOGL,2026-01-27 14:01:11.371457+00:00
2023-12-08 00:00:00-05:00,133.19362268827305,135.37712172033739,133.02489934634232,133.9777069091797,32260100,0.0,0.0,GOOGL,2026-01-27 14:01:11.371457+00:00
2023-12-11 00:00:00-05:00,131.38728665345792,132.34007912846104,130.3749313974492,132.2904510498047,31138000,0.0,0.0,GOOGL,2026-01-27 14:01:11.371457+00:00
2023-12-12 00:00:00-05:00,130.82154752185775,132.00262607297714,130.2756689716308,131.52622985839844,29032800,0.0,0.0,GOOGL,2026-01-27 14:01:11.371457+00:00
2023-12-13 00:00:00-05:00,132.37980544950435,132.49890073880297,130.5833808288782,131.5758819580078,30104800,0.0,0.0,GOOGL,2026-01-27 14:01:11.371457+00:00
2023-12-14 00:00:00-05:00,132.3797959879111,132.7172427130491,128.71746466008253,130.95059204101562,38722400,0.0,0.0,GOOGL,2026-01-27 14:01:11.371457+00:00
2023-12-15 00:00:00-05:00,130.63297472797083,132.5088009828191,130.19627187171184,131.6056365966797,50847100,0.0,0.0,GOOGL,2026-01-27 14:01:11.371457+00:00
2023-12-18 00:00:00-05:00,131.6353903862347,136.12148324947407,131.43687810405666,134.7816162109375,32258000,0.0,0.0,GOOGL,2026-01-27 14:01:11.371457+00:00
2023-12-19 00:00:00-05:00,135.81380645779507,136.43908681084687,135.05951129831894,135.62522888183594,25476800,0.0,0.0,GOOGL,2026-01-27 14:01:11.371457+00:00
2023-12-20 00:00:00-05:00,137.9278622500159,140.63738568200563,137.03461742674637,137.30258178710938,49107200,0.0,0.0,GOOGL,2026-01-27 14:01:11.371457+00:00
2023-12-21 00:00:00-05:00,138.44394015604402,139.6349380709306,138.1362521909772,139.36695861816406,27488300,0.0,0.0,GOOGL,2026-01-27 14:01:11.371457+00:00
2023-12-22 00:00:00-05:00,139.71438359467422,140.92523614395293,139.65483595198262,140.42898559570312,26532200,0.0,0.0,GOOGL,2026-01-27 14:01:11.371457+00:00
2023-12-26 00:00:00-05:00,140.52819216023732,141.61001445550394,140.1311978767292,140.45872497558594,16780300,0.0,0.0,GOOGL,2026-01-27 14:01:11.371457+00:00
2023-12-27 00:00:00-05:00,140.52820465495105,141.0145355681964,138.84095608348233,139.31735229492188,19628600,0.0,0.0,GOOGL,2026-01-27 14:01:11.371457+00:00
2023-12-28 00:00:00-05:00,139.72426900145066,140.08156991463156,138.70199433347554,139.1783905029297,16045700,0.0,0.0,GOOGL,2026-01-27 14:01:11.371457+00:00
2023-12-29 00:00:00-05:00,138.58292367477063,139.30744518629933,137.7392917414662,138.64247131347656,18733000,0.0,0.0,GOOGL,2026-01-27 14:01:11.371457+00:00
2024-01-02 00:00:00-05:00,137.51102059365306,138.40426546198694,135.45653619437576,137.1338653564453,23711200,0.0,0.0,GOOGL,2026-01-27 14:01:11.371457+00:00
2024-01-03 00:00:00-05:00,136.2207449621666,138.58290188858055,136.05202163090297,137.8782196044922,24212100,0.0,0.0,GOOGL,2026-01-27 14:01:11.371457+00:00
2024-01-04 00:00:00-05:00,137.38199394368868,138.1164501749052,135.327524638977,135.36721801757812,27137700,0.0,0.0,GOOGL,2026-01-27 14:01:11.371457+00:00
2024-01-05 00:00:00-05:00,135.72449810296587,136.13142710669655,134.1364906048939,134.71214294433594,22513900,0.0,0.0,GOOGL,2026-01-27 14:01:11.371457+00:00
2024-01-08 00:00:00-05:00,135.26794767616852,137.96755146900708,135.23817385924744,137.798828125,21404000,0.0,0.0,GOOGL,2026-01-27 14:01:11.371457+00:00
2024-01-09 00:00:00-05:00,137.46136608764098,140.4289490457629,137.11398473653435,139.8929901123047,24759600,0.0,0.0,GOOGL,2026-01-27 14:01:11.371457+00:00
2024-01-10 00:00:00-05:00,139.94264312514758,141.92764515529154,139.85332166843838,141.21304321289062,21320200,0.0,0.0,GOOGL,2026-01-27 14:01:11.371457+00:00
2024-01-11 00:00:00-05:00,142.41395623786542,144.13097851399309,139.58532268175995,141.0145263671875,24008700,0.0,0.0,GOOGL,2026-01-27 14:01:11.371457+00:00
2024-01-12 00:00:00-05:00,141.6001002299109,142.12612449032548,140.75648355960536,141.5802459716797,18785500,0.0,0.0,GOOGL,2026-01-27 14:01:11.371457+00:00
2024-01-16 00:00:00-05:00,140.93513210487004,143.26751534885753,140.38925356432378,141.4214630126953,22670500,0.0,0.0,GOOGL,2026-01-27 14:01:11.371457+00:00
2024-01-17 00:00:00-05:00,140.28999288602355,140.77630858129382,137.85835383223127,140.40908813476562,20968600,0.0,0.0,GOOGL,2026-01-27 14:01:11.371457+00:00
2024-01-18 00:00:00-05:00,140.98475322574876,143.12855876412843,140.92520559596517,142.40402221679688,25746400,0.0,0.0,GOOGL,2026-01-27 14:01:11.371457+00:00
2024-01-19 00:00:00-05:00,143.65460180395502,145.35177005215584,143.29730083417112,145.2823028564453,34271900,0.0,0.0,GOOGL,2026-01-27 14:01:11.371457+00:00
2024-01-22 00:00:00-05:00,145.99689454630132,147.2772140972634,144.7463336676715,144.8952178955078,32200400,0.0,0.0,GOOGL,2026-01-27 14:01:11.371457+00:00
2024-01-23 00:00:00-05:00,144.795946985928,146.07626640639913,144.40887226398453,145.93731689453125,21636100,0.0,0.0,GOOGL,2026-01-27 14:01:11.371457+00:00
2024-01-24 00:00:00-05:00,147.42606561840296,148.72625441809143,146.98937797744674,147.58486938476562,25233500,0.0,0.0,GOOGL,2026-01-27 14:01:11.371457+00:00
2024-01-25 00:00:00-05:00,148.94463515959285,151.9022839551748,148.41859568681784,150.7311248779297,29149100,0.0,0.0,GOOGL,2026-01-27 14:01:11.371457+00:00
2024-01-26 00:00:00-05:00,149.96688376806185,151.39607226389228,149.8775471822791,151.0487060546875,26115500,0.0,0.0,GOOGL,2026-01-27 14:01:11.371457+00:00
2024-01-29 00:00:00-05:00,150.919687123006,152.62678991300623,150.29440669865645,152.3588104248047,27784300,0.0,0.0,GOOGL,2026-01-27 14:01:11.371457+00:00
2024-01-30 00:00:00-05:00,151.6541357617942,152.46797859903648,150.05620875745953,150.32418823242188,36331800,0.0,0.0,GOOGL,2026-01-27 14:01:11.371457+00:00
2024-01-31 00:00:00-05:00,142.54296958721974,142.92012476265015,138.8210913381924,139.04937744140625,71910000,0.0,0.0,GOOGL,2026-01-27 14:01:11.371457+00:00
2024-02-01 00:00:00-05:00,141.05424824171908,141.98720167736062,139.7342199917544,140.10145568847656,40466500,0.0,0.0,GOOGL,2026-01-27 14:01:11.371457+00:00
2024-02-02 00:00:00-05:00,138.21567319652831,141.55047690627347,135.47637609880854,141.31228637695312,62499600,0.0,0.0,GOOGL,2026-01-27 14:01:11.371457+00:00
2024-02-05 00:00:00-05:00,141.74898755775797,144.37910891749272,141.70927904042497,142.60252380371094,38505400,0.0,0.0,GOOGL,2026-01-27 14:01:11.371457+00:00
2024-02-06 00:00:00-05:00,143.56525733160348,144.2699396743933,142.11621441563744,143.01939392089844,29128200,0.0,0.0,GOOGL,2026-01-27 14:01:11.371457+00:00
2024-02-07 00:00:00-05:00,143.67442837133774,144.5279797721388,142.8506507867212,144.44857788085938,25208900,0.0,0.0,GOOGL,2026-01-27 14:01:11.371457+00:00
2024-02-08 00:00:00-05:00,144.73640926724323,145.2326597213676,144.01188784464298,144.81581115722656,22563800,0.0,0.0,GOOGL,2026-01-27 14:01:11.371457+00:00
2024-02-09 00:00:00-05:00,145.58003513170593,148.31934750358255,145.08378464629212,147.8826446533203,26829500,0.0,0.0,GOOGL,2026-01-27 14:01:11.371457+00:00
2024-02-12 00:00:00-05:00,147.3070008467846,148.2200999757686,146.2648717378868,146.42367553710938,21564100,0.0,0.0,GOOGL,2026-01-27 14:01:11.371457+00:00
2024-02-13 00:00:00-05:00,143.83323854119595,145.57011523611322,142.61246659033287,144.0515899658203,27837700,0.0,0.0,GOOGL,2026-01-27 14:01:11.371457+00:00
2024-02-14 00:00:00-05:00,144.98454584573585,145.42124870265448,143.00946343171321,144.84559631347656,22704200,0.0,0.0,GOOGL,2026-01-27 14:01:11.371457+00:00
2024-02-15 00:00:00-05:00,142.06659185995144,142.44374708435768,139.40669646187024,141.69937133789062,37590700,0.0,0.0,GOOGL,2026-01-27 14:01:11.371457+00:00
2024-02-16 00:00:00-05:00,141.9177107623263,142.1162079157189,139.08907710730534,139.4662322998047,31468900,0.0,0.0,GOOGL,2026-01-27 14:01:11.371457+00:00
2024-02-20 00:00:00-05:00,138.6126789723254,141.01452932682773,138.44395563708255,140.0617218017578,25144700,0.0,0.0,GOOGL,2026-01-27 14:01:11.371457+00:00
2024-02-21 00:00:00-05:00,140.38924578700608,141.61995232438937,139.62501587257833,141.4810028076172,23223300,0.0,0.0,GOOGL,2026-01-27 14:01:11.371457+00:00
2024-02-22 00:00:00-05:00,143.84315762538745,143.9126399622496,141.72914086755702,143.00946044921875,27191900,0.0,0.0,GOOGL,2026-01-27 14:01:11.371457+00:00
2024-02-23 00:00:00-05:00,142.5926136233704,143.59503415869767,142.35440793679425,142.8804473876953,19493800,0.0,0.0,GOOGL,2026-01-27 14:01:11.371457+00:00
2024-02-26 00:00:00-05:00,141.07408198356765,141.37183529228255,136.35970255272923,136.53836059570312,53641800,0.0,0.0,GOOGL,2026-01-27 14:01:11.371457+00:00
2024-02-27 00:00:00-05:00,136.98496493981133,138.20573668591595,136.0619313188344,137.83851623535156,33099200,0.0,0.0,GOOGL,2026-01-27 14:01:11.371457+00:00
2024-02-28 00:00:00-05:00,136.8658750875032,136.9750507978896,134.3945574118629,135.35728454589844,37328600,0.0,0.0,GOOGL,2026-01-27 14:01:11.371457+00:00
2024-02-29 00:00:00-05:00,136.25053286698093,137.81868622745773,135.377127161307,137.42169189453125,42133000,0.0,0.0,GOOGL,2026-01-27 14:01:11.371457+00:00
2024-03-01 00:00:00-05:00,137.39189175788897,137.8285945752075,135.89322085696574,136.111572265625,31151100,0.0,0.0,GOOGL,2026-01-27 14:01:11.371457+00:00
2024-03-04 00:00:00-05:00,134.6426653234506,134.6426653234506,130.92078723607764,132.34999084472656,55999400,0.0,0.0,GOOGL,2026-01-27 14:01:11.371457+00:00
2024-03-05 00:00:00-05:00,130.89101037706075,132.2408120711122,129.6900777452957,131.67507934570312,40194800,0.0,0.0,GOOGL,2026-01-27 14:01:11.371457+00:00
2024-03-06 00:00:00-05:00,132.12171457090452,132.57827164707297,129.86874843851078,130.41461181640625,35318600,0.0,0.0,GOOGL,2026-01-27 14:01:11.371457+00:00
2024-03-07 00:00:00-05:00,131.79418082018677,133.92806672802465,130.6230370899261,133.3722686767578,37738200,0.0,0.0,GOOGL,2026-01-27 14:01:11.371457+00:00
2024-03-08 00:00:00-05:00,133.20354849306366,137.0544415724304,132.99511664674006,134.39454650878906,39370400,0.0,0.0,GOOGL,2026-01-27 14:01:11.371457+00:00
2024-03-11 00:00:00-04:00,135.10915896262767,138.05688799115902,135.10915896262767,136.63760375976562,32437800,0.0,0.0,GOOGL,2026-01-27 14:01:11.371457+00:00
2024-03-12 00:00:00-04:00,136.0024024134986,138.33478567710262,136.0024024134986,137.4613800048828,27563400,0.0,0.0,GOOGL,2026-01-27 14:01:11.371457+00:00
2024-03-13 00:00:00-04:00,137.95763014261004,140.03195346478358,137.94771058521772,138.74169921875,23347200,0.0,0.0,GOOGL,2026-01-27 14:01:11.371457+00:00
2024-03-14 00:00:00-04:00,140.13120561748423,142.51320173883516,139.40668419509728,142.02688598632812,42753400,0.0,0.0,GOOGL,2026-01-27 14:01:11.371457+00:00
2024-03-15 00:00:00-04:00,141.43138537879798,142.10627875552206,138.97990682068314,140.12127685546875,49475400,0.0,0.0,GOOGL,2026-01-27 14:01:11.371457+00:00
2024-03-18 00:00:00-04:00,147.4955587325886,151.00900524024846,146.06635501951953,146.57252502441406,69273700,0.0,0.0,GOOGL,2026-01-27 14:01:11.371457+00:00
2024-03-19 00:00:00-04:00,147.04892948770356,147.67419472468532,144.98452590354466,145.92739868164062,24070400,0.0,0.0,GOOGL,2026-01-27 14:01:11.371457+00:00
2024-03-20 00:00:00-04:00,146.89013190121898,147.7436832734465,145.6395862302464,147.6245880126953,21311500,0.0,0.0,GOOGL,2026-01-27 14:01:11.371457+00:00
2024-03-21 00:00:00-04:00,148.34910531390932,149.24235003352564,145.79837082481882,146.49313354492188,24755600,0.0,0.0,GOOGL,2026-01-27 14:01:11.371457+00:00
2024-03-22 00:00:00-04:00,148.0017381108715,150.4432971327226,147.86278858243205,149.63937377929688,29211800,0.0,0.0,GOOGL,2026-01-27 14:01:11.371457+00:00
2024-03-25 00:00:00-04:00,148.81559588391366,149.25229872799846,146.71149870171885,148.9446258544922,19229300,0.0,0.0,GOOGL,2026-01-27 14:01:11.371457+00:00
2024-03-26 00:00:00-04:00,149.0934777474766,151.11817280232611,148.85527209334566,149.54010009765625,22149100,0.0,0.0,GOOGL,2026-01-27 14:01:11.371457+00:00
2024-03-27 00:00:00-04:00,150.0462745317352,150.50283159628924,147.78337375554537,149.7386016845703,22879200,0.0,0.0,GOOGL,2026-01-27 14:01:11.371457+00:00
2024-03-28 00:00:00-04:00,149.71878524234197,150.294422508123,149.04387667224117,149.7981719970703,24485400,0.0,0.0,GOOGL,2026-01-27 14:01:11.371457+00:00
2024-04-01 00:00:00-04:00,149.55999670583677,154.57213040779914,149.48059479864222,154.32400512695312,31730800,0.0,0.0,GOOGL,2026-01-27 14:01:11.371457+00:00
2024-04-02 00:00:00-04:00,152.34889138814307,153.53988946458512,151.0090090869194,153.40093994140625,24586000,0.0,0.0,GOOGL,2026-01-27 14:01:11.371457+00:00
2024-04-03 00:00:00-04:00,152.44813128619023,153.91702825239753,151.5846452787233,153.7582244873047,24705000,0.0,0.0,GOOGL,2026-01-27 14:01:11.371457+00:00
2024-04-04 00:00:00-04:00,152.34888233651972,153.60936267184238,149.32175167815961,149.40115356445312,34724700,0.0,0.0,GOOGL,2026-01-27 14:01:11.371457+00:00
2024-04-05 00:00:00-04:00,148.90492090258869,152.26949862092886,148.47815275024013,151.3563995361328,23459200,0.0,0.0,GOOGL,2026-01-27 14:01:11.371457+00:00
2024-04-08 00:00:00-04:00,151.63429745472348,154.10563032964885,151.46557410662442,153.68878173828125,20702000,0.0,0.0,GOOGL,2026-01-27 14:01:11.371457+00:00
2024-04-09 00:00:00-04:00,154.9194891977169,157.3709680650796,154.02624428775735,155.42567443847656,31079500,0.0,0.0,GOOGL,2026-01-27 14:01:11.371457+00:00
2024-04-10 00:00:00-04:00,155.03858328938844,155.43557761990488,153.52004287147383,154.96910095214844,22838600,0.0,0.0,GOOGL,2026-01-27 14:01:11.371457+00:00
2024-04-11 00:00:00-04:00,155.73333190851926,158.48254871038773,155.28670949781988,158.21458435058594,27166400,0.0,0.0,GOOGL,2026-01-27 14:01:11.371457+00:00
2024-04-12 00:00:00-04:00,156.7754510311415,159.0184976446993,155.9615930124083,156.5471649169922,25353700,0.0,0.0,GOOGL,2026-01-27 14:01:11.371457+00:00
2024-04-15 00:00:00-04:00,157.66871946165114,158.0458747117583,153.43073568254982,153.69871520996094,27136500,0.0,0.0,GOOGL,2026-01-27 14:01:11.371457+00:00
2024-04-16 00:00:00-04:00,153.03370976544159,154.4827525377274,152.27939942073715,153.24212646484375,20779500,0.0,0.0,GOOGL,2026-01-27 14:01:11.371457+00:00
2024-04-17 00:00:00-04:00,154.45300728212143,155.90206546670152,153.42081286214687,154.30413818359375,21763100,0.0,0.0,GOOGL,2026-01-27 14:01:11.371457+00:00
2024-04-18 00:00:00-04:00,154.17509879172633,155.76310641946125,153.4604968736819,154.84007263183594,19883000,0.0,0.0,GOOGL,2026-01-27 14:01:11.371457+00:00
2024-04-19 00:00:00-04:00,155.02865652078847,155.18746031886693,151.15790859489965,152.93447875976562,32615600,0.0,0.0,GOOGL,2026-01-27 14:01:11.371457+00:00
2024-04-22 00:00:00-04:00,153.15281939939192,156.45784938513543,152.90469416152254,155.10804748535156,26446200,0.0,0.0,GOOGL,2026-01-27 14:01:11.371457+00:00
2024-04-23 00:00:00-04:00,155.78295727916927,157.7778787559541,155.10804875158632,157.0731964111328,21151600,0.0,0.0,GOOGL,2026-01-27 14:01:11.371457+00:00
2024-04-24 00:00:00-04:00,156.30897512463662,158.37337885267914,155.991367561386,157.93667602539062,22779100,0.0,0.0,GOOGL,2026-01-27 14:01:11.371457+00:00
2024-04-25 00:00:00-04:00,150.19516181159548,155.3164700492321,149.73860473773226,154.83013916015625,57109700,0.0,0.0,GOOGL,2026-01-27 14:01:11.371457+00:00
2024-04-26 00:00:00-04:00,173.06240370866433,173.39986557629047,168.37779752849133,170.66055297851562,64665300,0.0,0.0,GOOGL,2026-01-27 14:01:11.371457+00:00
2024-04-29 00:00:00-04:00,167.79221906197557,168.27855001097527,163.9710992433676,164.90403747558594,45610000,0.0,0.0,GOOGL,2026-01-27 14:01:11.371457+00:00
2024-04-30 00:00:00-04:00,164.3680750249459,166.83940772348186,161.38065276118826,161.55929565429688,33562900,0.0,0.0,GOOGL,2026-01-27 14:01:11.371457+00:00
2024-05-01 00:00:00-04:00,163.06789787937092,165.86674249047698,161.86696514908917,162.63119506835938,33493200,0.0,0.0,GOOGL,2026-01-27 14:01:11.371457+00:00
2024-05-02 00:00:00-04:00,163.5542352451639,165.47968963320443,162.66099039133817,165.37051391601562,24294500,0.0,0.0,GOOGL,2026-01-27 14:01:11.371457+00:00
2024-05-03 00:00:00-04:00,166.303447513815,166.70045695836217,161.82727393012354,165.98585510253906,34662400,0.0,0.0,GOOGL,2026-01-27 14:01:11.371457+00:00
2024-05-06 00:00:00-04:00,166.2042164988209,166.8791098785654,164.78493225886228,166.83941650390625,21871300,0.0,0.0,GOOGL,2026-01-27 14:01:11.371457+00:00
2024-05-07 00:00:00-04:00,167.23641214858006,170.47195983372737,167.12723643695188,169.96578979492188,28039700,0.0,0.0,GOOGL,2026-01-27 14:01:11.371457+00:00
2024-05-08 00:00:00-04:00,167.7326775183217,168.87404766854095,167.4746326971877,168.10983276367188,19569100,0.0,0.0,GOOGL,2026-01-27 14:01:11.371457+00:00
2024-05-09 00:00:00-04:00,168.11972255441077,169.4099767203528,166.9187898325422,168.68545532226562,15346700,0.0,0.0,GOOGL,2026-01-27 14:01:11.371457+00:00
2024-05-10 00:00:00-04:00,166.76992345897793,168.57628234941276,164.94372545466877,167.38526916503906,29799900,0.0,0.0,GOOGL,2026-01-27 14:01:11.371457+00:00
2024-05-13 00:00:00-04:00,163.02821781386623,168.01057734951837,162.7701729915824,167.8716278076172,31327600,0.0,0.0,GOOGL,2026-01-27 14:01:11.371457+00:00
2024-05-14 00:00:00-04:00,168.49688914969917,169.96578630331507,167.5341620244905,169.06260681152344,25127100,0.0,0.0,GOOGL,2026-01-27 14:01:11.371457+00:00
2024-05-15 00:00:00-04:00,169.35044756160798,171.3552886431622,169.23133714549078,171.21633911132812,26948400,0.0,0.0,GOOGL,2026-01-27 14:01:11.371457+00:00
2024-05-16 00:00:00-04:00,171.9904693856651,173.80674779811807,171.39497794928866,172.87379455566406,27867900,0.0,0.0,GOOGL,2026-01-27 14:01:11.371457+00:00
2024-05-17 00:00:00-04:00,172.87382403190227,174.94816271706677,172.38750821426203,174.73973083496094,24479300,0.0,0.0,GOOGL,2026-01-27 14:01:11.371457+00:00
2024-05-20 00:00:00-04:00,174.86874028439564,177.42939448654315,174.7595645769426,175.59326171875,22554400,0.0,0.0,GOOGL,2026-01-27 14:01:11.371457+00:00
2024-05-21 00:00:00-04:00,175.57339321082898,176.81401926558146,174.49157092573145,176.5162811279297,16989400,0.0,0.0,GOOGL,2026-01-27 14:01:11.371457+00:00
2024-05-22 00:00:00-04:00,175.31537207270605,175.82154211929756,173.89610294407106,175.0573272705078,17880000,0.0,0.0,GOOGL,2026-01-27 14:01:11.371457+00:00
2024-05-23 00:00:00-04:00,175.7421114470354,176.91325503858747,171.65299814321062,172.24850463867188,21024900,0.0,0.0,GOOGL,2026-01-27 14:01:11.371457+00:00
2024-05-24 00:00:00-04:00,173.6677996738125,174.45188384954722,172.34777168660725,173.677734375,16579400,0.0,0.0,GOOGL,2026-01-27 14:01:11.371457+00:00
2024-05-28 00:00:00-04:00,173.14178984862892,175.94064983167806,173.06238795431943,175.07716369628906,20572200,0.0,0.0,GOOGL,2026-01-27 14:01:11.371457+00:00
2024-05-29 00:00:00-04:00,174.1144102474504,175.51384002756012,173.4097431514988,174.5808868408203,23388700,0.0,0.0,GOOGL,2026-01-27 14:01:11.371457+00:00
2024-05-30 00:00:00-04:00,173.88616018139018,173.90601444044296,170.50172837010513,170.8193359375,22931500,0.0,0.0,GOOGL,2026-01-27 14:01:11.371457+00:00
2024-05-31 00:00:00-04:00,170.57120566797727,171.76220372181547,168.16935530183432,171.20640563964844,37638900,0.0,0.0,GOOGL,2026-01-27 14:01:11.371457+00:00
2024-06-03 00:00:00-04:00,171.24608803367084,173.22117015451414,169.87644717452713,171.87136840820312,27459100,0.0,0.0,GOOGL,2026-01-27 14:01:11.371457+00:00
2024-06-04 00:00:00-04:00,171.98055484617473,172.5462876288162,170.60097920010114,172.48672485351562,26879600,0.0,0.0,GOOGL,2026-01-27 14:01:11.371457+00:00
2024-06-05 00:00:00-04:00,173.88615737761106,175.32528067630372,172.62567697442577,174.09458923339844,22068500,0.0,0.0,GOOGL,2026-01-27 14:01:11.371457+00:00
2024-06-06 00:00:00-04:00,174.5809159744427,175.8215421969568,174.43204688548622,175.40469360351562,23251000,0.0,0.0,GOOGL,2026-01-27 14:01:11.371457+00:00
2024-06-07 00:00:00-04:00,175.7222764169276,176.53611922911327,172.99289911211454,173.15170288085938,19661400,0.0,0.0,GOOGL,2026-01-27 14:01:11.371457+00:00
2024-06-10 00:00:00-04:00,173.85720320728015,175.9339073021769,171.66125199471998,173.89694213867188,23726700,0.2,0.0,GOOGL,2026-01-27 14:01:11.371457+00:00
2024-06-11 00:00:00-04:00,175.09925413873597,175.71530612964037,172.66483900249895,175.4967041015625,21540600,0.0,0.0,GOOGL,2026-01-27 14:01:11.371457+00:00
2024-06-12 00:00:00-04:00,177.11633707085997,179.2626031953618,174.9899479924397,176.6592559814453,27864700,0.0,0.0,GOOGL,2026-01-27 14:01:11.371457+00:00
2024-06-13 00:00:00-04:00,174.9899603208632,175.6159584417151,173.76778723125477,174.04600524902344,20913300,0.0,0.0,GOOGL,2026-01-27 14:01:11.371457+00:00
2024-06-14 00:00:00-04:00,173.1119567987189,175.93389067490244,173.04239472317744,175.6656036376953,18063600,0.0,0.0,GOOGL,2026-01-27 14:01:11.371457+00:00
2024-06-17 00:00:00-04:00,174.34408443003642,177.22563442085436,173.69820932054725,176.11276245117188,19618500,0.0,0.0,GOOGL,2026-01-27 14:01:11.371457+00:00
2024-06-18 00:00:00-04:00,176.01339021741077,176.26180021913805,172.9927312675741,173.97642517089844,21869900,0.0,0.0,GOOGL,2026-01-27 14:01:11.371457+00:00
2024-06-20 00:00:00-04:00,174.25466351538762,176.16245073210138,173.8770905786415,175.1787567138672,20160100,0.0,0.0,GOOGL,2026-01-27 14:01:11.371457+00:00
2024-06-21 00:00:00-04:00,175.87428594679412,179.69980614084275,175.48676694016078,178.48756408691406,57759000,0.0,0.0,GOOGL,2026-01-27 14:01:11.371457+00:00
2024-06-24 00:00:00-04:00,179.014178404994,179.73953132877418,177.53364940990167,178.0801544189453,18298000,0.0,0.0,GOOGL,2026-01-27 14:01:11.371457+00:00
2024-06-25 00:00:00-04:00,178.47761719658297,183.1179143136271,178.27889222308787,182.8595733642578,23130200,0.0,0.0,GOOGL,2026-01-27 14:01:11.371457+00:00
2024-06-26 00:00:00-04:00,181.4684906850168,183.33652370507795,181.31943557759413,182.71054077148438,19839000,0.0,0.0,GOOGL,2026-01-27 14:01:11.371457+00:00
2024-06-27 00:00:00-04:00,183.00860111358634,184.86671815444103,182.8496302424256,184.2307891845703,18848900,0.0,0.0,GOOGL,2026-01-27 14:01:11.371457+00:00
2024-06-28 00:00:00-04:00,183.14774365065432,183.95258967563325,180.80275249600572,180.9915313720703,29156600,0.0,0.0,GOOGL,2026-01-27 14:01:11.371457+00:00
2024-07-01 00:00:00-04:00,181.8659413243254,182.710541450962,180.14694824354996,181.82620239257812,16006100,0.0,0.0,GOOGL,2026-01-27 14:01:11.371457+00:00
2024-07-02 00:00:00-04:00,180.8921754401855,184.38979268671295,180.40528635394423,184.0618896484375,17372500,0.0,0.0,GOOGL,2026-01-27 14:01:11.371457+00:00
2024-07-03 00:00:00-04:00,183.67436680423387,184.90647074592763,182.8297667085458,184.63819885253906,10242100,0.0,0.0,GOOGL,2026-01-27 14:01:11.371457+00:00
2024-07-05 00:00:00-04:00,184.67794276589416,189.64614308224583,184.618326787977,189.38780212402344,20967500,0.0,0.0,GOOGL,2026-01-27 14:01:11.371457+00:00
2024-07-08 00:00:00-04:00,188.69222069497164,188.9605077271216,186.58570884988617,187.8277587890625,21035900,0.0,0.0,GOOGL,2026-01-27 14:01:11.371457+00:00
2024-07-09 00:00:00-04:00,189.09961914354798,190.14294413821008,187.51973523943423,187.778076171875,15121400,0.0,0.0,GOOGL,2026-01-27 14:01:11.371457+00:00
2024-07-10 00:00:00-04:00,187.94700799576873,190.53047817126304,187.82777604241306,189.96409606933594,15952500,0.0,0.0,GOOGL,2026-01-27 14:01:11.371457+00:00
2024-07-11 00:00:00-04:00,188.64254822802587,189.6461191068277,183.9028814801356,184.3897705078125,25625800,0.0,0.0,GOOGL,2026-01-27 14:01:11.371457+00:00
2024-07-12 00:00:00-04:00,183.90290579597803,185.91999392317484,183.31666179406736,183.89297485351562,22898400,0.0,0.0,GOOGL,2026-01-27 14:01:11.371457+00:00
2024-07-15 00:00:00-04:00,183.74391265022248,187.04280482965035,183.74391265022248,185.3436737060547,16474000,0.0,0.0,GOOGL,2026-01-27 14:01:11.371457+00:00
2024-07-16 00:00:00-04:00,186.16839882768255,187.47999579867826,182.203769602895,182.75027465820312,18290700,0.0,0.0,GOOGL,2026-01-27 14:01:11.371457+00:00
2024-07-17 00:00:00-04:00,181.80632373022326,182.3826367867754,178.7558414559852,179.8687286376953,20734100,0.0,0.0,GOOGL,2026-01-27 14:01:11.371457+00:00
2024-07-18 00:00:00-04:00,180.77293018820677,181.33931230427376,175.3476639106666,176.55990600585938,25315700,0.0,0.0,GOOGL,2026-01-27 14:01:11.371457+00:00
2024-07-19 00:00:00-04:00,177.74233237445245,179.14335328560048,176.0034623321631,176.53009033203125,18881900,0.0,0.0,GOOGL,2026-01-27 14:01:11.371457+00:00
2024-07-22 00:00:00-04:00,179.44143915290098,181.53802010319112,179.08372815601643,180.5145721435547,24100300,0.0,0.0,GOOGL,2026-01-27 14:01:11.371457+00:00
2024-07-23 00:00:00-04:00,180.89216041821464,182.44223635279693,180.38539432762542,180.63380432128906,36352700,0.0,0.0,GOOGL,2026-01-27 14:01:11.371457+00:00
2024-07-24 00:00:00-04:00,172.4959213091671,175.06944543810874,170.72724320681195,171.53208923339844,49585200,0.0,0.0,GOOGL,2026-01-27 14:01:11.371457+00:00
2024-07-25 00:00:00-04:00,171.42278967121095,172.31705967237997,166.12668626172413,166.2161102294922,44852000,0.0,0.0,GOOGL,2026-01-27 14:01:11.371457+00:00
2024-07-26 00:00:00-04:00,166.08693667884336,167.020960798883,163.01659240813447,165.93789672851562,41336900,0.0,0.0,GOOGL,2026-01-27 14:01:11.371457+00:00
2024-07-29 00:00:00-04:00,167.75622208691163,169.34603679148984,166.9215682298775,168.45176696777344,20293800,0.0,0.0,GOOGL,2026-01-27 14:01:11.371457+00:00
2024-07-30 00:00:00-04:00,169.15728508367997,170.14097901520392,167.36872998762226,169.2069549560547,18959700,0.0,0.0,GOOGL,2026-01-27 14:01:11.371457+00:00
2024-07-31 00:00:00-04:00,172.13820531777287,173.14177629603867,168.92873708461033,170.44900512695312,25729100,0.0,0.0,GOOGL,2026-01-27 14:01:11.371457+00:00
2024-08-01 00:00:00-04:00,169.1672144988525,172.94304963161613,167.80593251440823,169.67396545410156,24531400,0.0,0.0,GOOGL,2026-01-27 14:01:11.371457+00:00
2024-08-02 00:00:00-04:00,165.38143462058628,167.43826141950746,163.62268767531864,165.60003662109375,29130100,0.0,0.0,GOOGL,2026-01-27 14:01:11.371457+00:00
2024-08-05 00:00:00-04:00,154.51103232007947,163.38423094995542,153.94465019728176,158.2371826171875,53630700,0.0,0.0,GOOGL,2026-01-27 14:01:11.371457+00:00
2024-08-06 00:00:00-04:00,158.31665821940092,159.5487772402718,155.41523132677855,157.28326416015625,49004600,0.0,0.0,GOOGL,2026-01-27 14:01:11.371457+00:00
2024-08-07 00:00:00-04:00,160.22442859224762,161.9434213172831,157.4621109742632,157.9291229248047,25138600,0.0,0.0,GOOGL,2026-01-27 14:01:11.371457+00:00
2024-08-08 00:00:00-04:00,159.48915933518853,162.64894258558448,159.19107944889603,160.99949645996094,25578800,0.0,0.0,GOOGL,2026-01-27 14:01:11.371457+00:00
2024-08-09 00:00:00-04:00,158.99231783996856,162.7482755175184,158.04836295010404,162.62904357910156,28602300,0.0,0.0,GOOGL,2026-01-27 14:01:11.371457+00:00
2024-08-12 00:00:00-04:00,163.3047697847516,163.85125975481353,160.8107232273411,161.2578582763672,15895300,0.0,0.0,GOOGL,2026-01-27 14:01:11.371457+00:00
2024-08-13 00:00:00-04:00,162.37072151296138,163.6823184730739,161.93351747234263,163.11595153808594,18551700,0.0,0.0,GOOGL,2026-01-27 14:01:11.371457+00:00
2024-08-14 00:00:00-04:00,161.36712454072207,162.1819165911199,156.70696583237768,159.35003662109375,40591100,0.0,0.0,GOOGL,2026-01-27 14:01:11.371457+00:00
2024-08-15 00:00:00-04:00,159.4792243502646,160.61197337469392,158.59488533261137,160.27413940429688,31524300,0.0,0.0,GOOGL,2026-01-27 14:01:11.371457+00:00
2024-08-16 00:00:00-04:00,160.44305489951088,164.0102189248703,160.1052209322512,161.923583984375,24208600,0.0,0.0,GOOGL,2026-01-27 14:01:11.371457+00:00
2024-08-19 00:00:00-04:00,164.2288414197531,165.62987765847575,163.21532422985317,165.61000061035156,22416200,0.0,0.0,GOOGL,2026-01-27 14:01:11.371457+00:00
2024-08-20 00:00:00-04:00,165.83851174622947,167.5674508233367,165.75903388769558,166.11672973632812,18341500,0.0,0.0,GOOGL,2026-01-27 14:01:11.371457+00:00
2024-08-21 00:00:00-04:00,164.09965161309964,165.78885186270244,163.62270862444709,164.7952117919922,22902000,0.0,0.0,GOOGL,2026-01-27 14:01:11.371457+00:00
2024-08-22 00:00:00-04:00,166.19622575508728,166.52412878399306,162.2713506737651,162.75823974609375,22493300,0.0,0.0,GOOGL,2026-01-27 14:01:11.371457+00:00
2024-08-23 00:00:00-04:00,163.67239563965794,165.12310166986182,162.78805657250106,164.56666564941406,13955700,0.0,0.0,GOOGL,2026-01-27 14:01:11.371457+00:00
2024-08-26 00:00:00-04:00,165.32184299950146,166.48440008520606,163.41405584641612,165.10324096679688,14190400,0.0,0.0,GOOGL,2026-01-27 14:01:11.371457+00:00
2024-08-27 00:00:00-04:00,164.78525544371954,165.3814455137806,163.4140425413684,163.63262939453125,11821900,0.0,0.0,GOOGL,2026-01-27 14:01:11.371457+00:00
2024-08-28 00:00:00-04:00,163.99035967655564,164.54681088282098,160.50268829353018,161.81430053710938,16407400,0.0,0.0,GOOGL,2026-01-27 14:01:11.371457+00:00
2024-08-29 00:00:00-04:00,163.26497594791422,164.91442188543905,159.23080022153445,160.75106811523438,19699800,0.0,0.0,GOOGL,2026-01-27 14:01:11.371457+00:00
2024-08-30 00:00:00-04:00,161.58573574397926,162.6191298588304,160.66165779990888,162.34091186523438,22123800,0.0,0.0,GOOGL,2026-01-27 14:01:11.371457+00:00
2024-09-03 00:00:00-04:00,160.6914786071736,160.82065667227133,155.4847990112644,156.3592071533203,38945300,0.0,0.0,GOOGL,2026-01-27 14:01:11.371457+00:00
2024-09-04 00:00:00-04:00,155.66364237973846,157.98875628626521,154.9680974284368,155.45497131347656,19353800,0.0,0.0,GOOGL,2026-01-27 14:01:11.371457+00:00
2024-09-05 00:00:00-04:00,155.30593568698094,158.4358956354768,154.98796360800392,156.23995971679688,18688700,0.0,0.0,GOOGL,2026-01-27 14:01:11.371457+00:00
2024-09-06 00:00:00-04:00,156.29958787438167,156.82621590471155,149.59251732330907,149.9601593017578,37912100,0.0,0.0,GOOGL,2026-01-27 14:01:11.371457+00:00
2024-09-09 00:00:00-04:00,151.74112707707891,152.62663960312594,146.47780288600765,147.96029663085938,39260500,0.2,0.0,GOOGL,2026-01-27 14:01:11.371457+00:00
2024-09-10 00:00:00-04:00,149.6915067964419,150.50738007285446,147.59214370497173,147.91053771972656,31118800,0.0,0.0,GOOGL,2026-01-27 14:01:11.371457+00:00
2024-09-11 00:00:00-04:00,149.16419505975477,150.73623150719806,146.77630043535657,150.39794921875,29607700,0.0,0.0,GOOGL,2026-01-27 14:01:11.371457+00:00
2024-09-12 00:00:00-04:00,153.02461331532527,154.0394751896829,151.88040198370663,153.91012573242188,29621500,0.0,0.0,GOOGL,2026-01-27 14:01:11.371457+00:00
2024-09-13 00:00:00-04:00,154.6463885405626,157.58152818841413,154.42751164329223,156.66616821289062,29591200,0.0,0.0,GOOGL,2026-01-27 14:01:11.371457+00:00
2024-09-16 00:00:00-04:00,156.51693413001883,157.45219763829544,155.81052202950406,157.26315307617188,18379800,0.0,0.0,GOOGL,2026-01-27 14:01:11.371457+00:00
2024-09-17 00:00:00-04:00,158.2183245621199,159.74061004154726,157.5815516503455,158.51681518554688,20715600,0.0,0.0,GOOGL,2026-01-27 14:01:11.371457+00:00
2024-09-18 00:00:00-04:00,159.05406919954734,159.6908420434117,157.80042693308812,159.0043182373047,23677300,0.0,0.0,GOOGL,2026-01-27 14:01:11.371457+00:00
2024-09-19 00:00:00-04:00,162.88467834172684,162.9642616693234,160.52661614683478,161.3225860595703,26587700,0.0,0.0,GOOGL,2026-01-27 14:01:11.371457+00:00
2024-09-20 00:00:00-04:00,162.67573141732413,162.90456764484875,161.2429886014312,162.76527404785156,40896400,0.0,0.0,GOOGL,2026-01-27 14:01:11.371457+00:00
2024-09-23 00:00:00-04:00,163.52143865567453,164.65569075995793,160.85494193042624,161.03404235839844,24150900,0.0,0.0,GOOGL,2026-01-27 14:01:11.371457+00:00
2024-09-24 00:00:00-04:00,162.20809181188605,162.39713636620655,159.87989243963506,161.47181701660156,23332100,0.0,0.0,GOOGL,2026-01-27 14:01:11.371457+00:00
2024-09-25 00:00:00-04:00,160.6559541225392,161.9891949013652,160.48681299524299,160.6758575439453,18869200,0.0,0.0,GOOGL,2026-01-27 14:01:11.371457+00:00
2024-09-26 00:00:00-04:00,162.81500754909376,163.2527917160846,161.46186338833198,161.9095916748047,20319300,0.0,0.0,GOOGL,2026-01-27 14:01:11.371457+00:00
2024-09-27 00:00:00-04:00,161.98919151686223,164.86462098454524,161.81010627353578,163.12344360351562,21101300,0.0,0.0,GOOGL,2026-01-27 14:01:11.371457+00:00
2024-09-30 00:00:00-04:00,162.4966264954632,165.31234563823617,162.43691623380593,165.0138702392578,20413900,0.0,0.0,GOOGL,2026-01-27 14:01:11.371457+00:00
2024-10-01 00:00:00-04:00,166.8445849442019,168.30717508055415,163.75026355678568,166.1481170654297,28338100,0.0,0.0,GOOGL,2026-01-27 14:01:11.371457+00:00
2024-10-02 00:00:00-04:00,165.58099330587024,166.67545373891107,163.8995109959539,165.02381896972656,17760200,0.0,0.0,GOOGL,2026-01-27 14:01:11.371457+00:00
2024-10-03 00:00:00-04:00,163.58113216752693,165.79988539247842,163.0935970324702,165.02381896972656,15073100,0.0,0.0,GOOGL,2026-01-27 14:01:11.371457+00:00
2024-10-04 00:00:00-04:00,167.21273199051447,167.3818731227034,164.6457371019136,166.2177734375,19047400,0.0,0.0,GOOGL,2026-01-27 14:01:11.371457+00:00
2024-10-07 00:00:00-04:00,166.8744651557115,167.63062826044842,161.92951947546015,162.15835571289062,22463100,0.0,0.0,GOOGL,2026-01-27 14:01:11.371457+00:00
2024-10-08 00:00:00-04:00,163.11351583433103,163.89952645082283,162.0489028416346,163.55130004882812,23072700,0.0,0.0,GOOGL,2026-01-27 14:01:11.371457+00:00
2024-10-09 00:00:00-04:00,162.62597153558053,164.00896330918712,158.9346838265827,161.0439910888672,31181800,0.0,0.0,GOOGL,2026-01-27 14:01:11.371457+00:00
2024-10-10 00:00:00-04:00,160.0589870760538,162.24790816824293,159.591355313801,161.2628936767578,14144100,0.0,0.0,GOOGL,2026-01-27 14:01:11.371457+00:00
2024-10-11 00:00:00-04:00,161.31261821924474,163.07368374330417,160.42710580677368,162.41702270507812,15344300,0.0,0.0,GOOGL,2026-01-27 14:01:11.371457+00:00
2024-10-14 00:00:00-04:00,162.8150044575592,165.39194326757854,162.5762089577725,164.12835693359375,19016100,0.0,0.0,GOOGL,2026-01-27 14:01:11.371457+00:00
2024-10-15 00:00:00-04:00,164.95417746587214,166.83464858810927,163.80003704311807,164.6258544921875,20247200,0.0,0.0,GOOGL,2026-01-27 14:01:11.371457+00:00
2024-10-16 00:00:00-04:00,163.70053329945262,164.96413494193072,162.91452270440968,164.32736206054688,16406000,0.0,0.0,GOOGL,2026-01-27 14:01:11.371457+00:00
2024-10-17 00:00:00-04:00,164.89448390766555,165.53125680199904,161.9394556622168,162.1085968017578,21453400,0.0,0.0,GOOGL,2026-01-27 14:01:11.371457+00:00
2024-10-18 00:00:00-04:00,162.3672941471386,163.87963544942022,162.2578480953578,162.59613037109375,19757700,0.0,0.0,GOOGL,2026-01-27 14:01:11.371457+00:00
2024-10-21 00:00:00-04:00,162.12849497134508,163.67068378195492,161.8001568233936,163.24285888671875,20946500,0.0,0.0,GOOGL,2026-01-27 14:01:11.371457+00:00
2024-10-22 00:00:00-04:00,162.15832023535148,164.9342627494447,162.15832023535148,164.30743408203125,16568100,0.0,0.0,GOOGL,2026-01-27 14:01:11.371457+00:00
2024-10-23 00:00:00-04:00,163.9293642522353,164.98403306169303,161.11362975074982,161.9593505859375,18280500,0.0,0.0,GOOGL,2026-01-27 14:01:11.371457+00:00
2024-10-24 00:00:00-04:00,162.00908898296657,162.50656821640374,160.1982572859619,161.89964294433594,22412500,0.0,0.0,GOOGL,2026-01-27 14:01:11.371457+00:00
2024-10-25 00:00:00-04:00,162.84487350933975,164.7551922144046,162.59613385740113,164.4368133544922,19828900,0.0,0.0,GOOGL,2026-01-27 14:01:11.371457+00:00
2024-10-28 00:00:00-04:00,167.89925067008892,167.89925067008892,163.12344672576728,165.87948608398438,32138600,0.0,0.0,GOOGL,2026-01-27 14:01:11.371457+00:00
2024-10-29 00:00:00-04:00,166.88438836507615,169.52103755308448,166.24761551933543,168.82455444335938,42169000,0.0,0.0,GOOGL,2026-01-27 14:01:11.371457+00:00
2024-10-30 00:00:00-04:00,179.7691030508194,181.1023590425056,173.18248232545162,173.58047485351562,68890800,0.0,0.0,GOOGL,2026-01-27 14:01:11.371457+00:00
2024-10-31 00:00:00-04:00,172.25718077657928,175.92858030114797,170.13791418034728,170.2473602294922,44769000,0.0,0.0,GOOGL,2026-01-27 14:01:11.371457+00:00
2024-11-01 00:00:00-04:00,169.2126171068855,171.45127396637912,168.02861393876626,170.42645263671875,31796500,0.0,0.0,GOOGL,2026-01-27 14:01:11.371457+00:00
2024-11-04 00:00:00-05:00,169.07330370933886,169.86927360734452,167.16298506324307,168.3867950439453,21492700,0.0,0.0,GOOGL,2026-01-27 14:01:11.371457+00:00
2024-11-05 00:00:00-05:00,168.57581219568198,169.67027262380228,167.98879032144563,168.88426208496094,18242100,0.0,0.0,GOOGL,2026-01-27 14:01:11.371457+00:00
2024-11-06 00:00:00-05:00,172.92380321236175,176.04797252771442,172.62531260376363,175.62013244628906,33695500,0.0,0.0,GOOGL,2026-01-27 14:01:11.371457+00:00
2024-11-07 00:00:00-05:00,176.51560241710214,180.16709852379773,176.2967103185547,179.83876037597656,25352900,0.0,0.0,GOOGL,2026-01-27 14:01:11.371457+00:00
2024-11-08 00:00:00-05:00,179.7392438048685,179.98798342551285,177.18220839921253,177.4508514404297,22006200,0.0,0.0,GOOGL,2026-01-27 14:01:11.371457+00:00
2024-11-11 00:00:00-05:00,177.67969975449668,179.6397693133584,177.5702537066768,179.44078063964844,17450400,0.0,0.0,GOOGL,2026-01-27 14:01:11.371457+00:00
2024-11-12 00:00:00-05:00,178.9134326696115,181.5699698633081,178.48559264894888,180.704345703125,25134900,0.0,0.0,GOOGL,2026-01-27 14:01:11.371457+00:00
2024-11-13 00:00:00-05:00,179.55023156460638,180.04771085332573,177.6398977358846,177.9781951904297,23184000,0.0,0.0,GOOGL,2026-01-27 14:01:11.371457+00:00
2024-11-14 00:00:00-05:00,177.38120927026733,177.9184953896884,173.44118190987194,174.69482421875,31007500,0.0,0.0,GOOGL,2026-01-27 14:01:11.371457+00:00
2024-11-15 00:00:00-05:00,172.85416136828243,173.26209805690692,170.35682063157654,171.62042236328125,32504600,0.0,0.0,GOOGL,2026-01-27 14:01:11.371457+00:00
2024-11-18 00:00:00-05:00,172.5457023973927,174.55552283170013,172.02831972302542,174.41622924804688,20135300,0.0,0.0,GOOGL,2026-01-27 14:01:11.371457+00:00
2024-11-19 00:00:00-05:00,172.8442186336241,177.96824963034788,172.68502160529414,177.22203063964844,23434900,0.0,0.0,GOOGL,2026-01-27 14:01:11.371457+00:00
2024-11-20 00:00:00-05:00,176.44593283355675,176.78421507240827,172.90388308120177,175.09278869628906,18997100,0.0,0.0,GOOGL,2026-01-27 14:01:11.371457+00:00
2024-11-21 00:00:00-05:00,173.02329149320352,173.2521428982115,162.87471698401734,166.784912109375,59734400,0.0,0.0,GOOGL,2026-01-27 14:01:11.371457+00:00
2024-11-22 00:00:00-05:00,165.0138834352713,165.62080876483188,163.07370209558795,163.9293670654297,38604600,0.0,0.0,GOOGL,2026-01-27 14:01:11.371457+00:00
2024-11-25 00:00:00-05:00,165.2526765242949,167.77987996639146,164.77510062902732,166.8048095703125,33135300,0.0,0.0,GOOGL,2026-01-27 14:01:11.371457+00:00
2024-11-26 00:00:00-05:00,166.78490128483136,168.96386286905866,166.73515032254275,168.2673797607422,20486700,0.0,0.0,GOOGL,2026-01-27 14:01:11.371457+00:00
2024-11-27 00:00:00-05:00,168.14797960120848,168.62555541069312,167.17292456213445,168.37681579589844,19266500,0.0,0.0,GOOGL,2026-01-27 14:01:11.371457+00:00
2024-11-29 00:00:00-05:00,167.6505077939042,168.57581191461244,166.31726704322566,168.09823608398438,14257200,0.0,0.0,GOOGL,2026-01-27 14:01:11.371457+00:00
2024-12-02 00:00:00-05:00,167.91915410888186,171.21246438956555,167.72016544073577,170.6254425048828,23789100,0.0,0.0,GOOGL,2026-01-27 14:01:11.371457+00:00
2024-12-03 00:00:00-05:00,170.62544918240982,171.80943711786688,169.98867631030456,170.4761962890625,22248700,0.0,0.0,GOOGL,2026-01-27 14:01:11.371457+00:00
2024-12-04 00:00:00-05:00,170.28715321004535,174.02820715023717,170.1976105823781,173.4909210205078,31615100,0.0,0.0,GOOGL,2026-01-27 14:01:11.371457+00:00
2024-12-05 00:00:00-05:00,174.4759264469432,175.17239437366248,171.46120334982362,171.76963806152344,21356200,0.0,0.0,GOOGL,2026-01-27 14:01:11.371457+00:00
2024-12-06 00:00:00-05:00,171.1627116663367,174.1973381653999,170.99357054105934,173.82920837402344,21462400,0.0,0.0,GOOGL,2026-01-27 14:01:11.371457+00:00
2024-12-09 00:00:00-05:00,173.28136421093646,175.5723794273802,172.97256079724536,174.68585205078125,25389600,0.2,0.0,GOOGL,2026-01-27 14:01:11.371457+00:00
2024-12-10 00:00:00-05:00,182.13667521959667,185.63297660419835,180.34369430470025,184.44761657714844,54813000,0.0,0.0,GOOGL,2026-01-27 14:01:11.371457+00:00
2024-12-11 00:00:00-05:00,184.5870622814724,194.8468827437387,184.12886535477608,194.6376953125,67894100,0.0,0.0,GOOGL,2026-01-27 14:01:11.371457+00:00
2024-12-12 00:00:00-05:00,194.2392695844635,194.4185600761266,190.96211115966233,191.2111358642578,34817500,0.0,0.0,GOOGL,2026-01-27 14:01:11.371457+00:00
2024-12-13 00:00:00-05:00,190.2648278463795,191.97811901209872,188.90017734316862,189.07948303222656,25143500,0.0,0.0,GOOGL,2026-01-27 14:01:11.371457+00:00
2024-12-16 00:00:00-05:00,192.11758378595036,198.22367470987274,191.86855906897816,195.89280700683594,44934900,0.0,0.0,GOOGL,2026-01-27 14:01:11.371457+00:00
2024-12-17 00:00:00-05:00,196.48048589662955,200.6342160179093,194.21933739249496,194.65762329101562,43504000,0.0,0.0,GOOGL,2026-01-27 14:01:11.371457+00:00
2024-12-18 00:00:00-05:00,194.4584096820746,196.23146433679096,187.0075948858922,187.66500854492188,34166100,0.0,0.0,GOOGL,2026-01-27 14:01:11.371457+00:00
2024-12-19 00:00:00-05:00,190.88242054359256,192.27695280314458,187.64509939888953,187.7745819091797,32265200,0.0,0.0,GOOGL,2026-01-27 14:01:11.371457+00:00
2024-12-20 00:00:00-05:00,185.0552429190991,192.13750634222802,184.49742999563804,190.6632843017578,63462900,0.0,0.0,GOOGL,2026-01-27 14:01:11.371457+00:00
2024-12-23 00:00:00-05:00,191.86854398568468,194.3388799273183,189.40817875947414,193.87071228027344,25675000,0.0,0.0,GOOGL,2026-01-27 14:01:11.371457+00:00
2024-12-24 00:00:00-05:00,194.0799055884088,195.34495544433594,193.02404318868335,195.34495544433594,10403300,0.0,0.0,GOOGL,2026-01-27 14:01:11.371457+00:00
2024-12-26 00:00:00-05:00,194.38868793025316,195.98245219810025,193.62170274567876,194.83694458007812,12046600,0.0,0.0,GOOGL,2026-01-27 14:01:11.371457+00:00
2024-12-27 00:00:00-05:00,194.18945436832726,194.558021252894,189.906226569023,192.00799560546875,18891400,0.0,0.0,GOOGL,2026-01-27 14:01:11.371457+00:00
2024-12-30 00:00:00-05:00,189.05957268360805,191.79884463576994,188.3822175336386,190.49395751953125,14264700,0.0,0.0,GOOGL,2026-01-27 14:01:11.371457+00:00
2024-12-31 00:00:00-05:00,190.33456284838633,191.21113466683676,187.77458160553064,188.56150817871094,17466900,0.0,0.0,GOOGL,2026-01-27 14:01:11.371457+00:00
2025-01-02 00:00:00-05:00,189.90625140953068,191.25099101984424,186.76854591781662,188.69100952148438,20370800,0.0,0.0,GOOGL,2026-01-27 14:01:11.371457+00:00
2025-01-03 00:00:00-05:00,190.62343412562188,192.45626758091493,189.23885731709424,191.0417938232422,18596200,0.0,0.0,GOOGL,2026-01-27 14:01:11.371457+00:00
2025-01-06 00:00:00-05:00,193.2232494371018,197.44671400594865,193.09376692292446,196.1019744873047,29563600,0.0,0.0,GOOGL,2026-01-27 14:01:11.371457+00:00
2025-01-07 00:00:00-05:00,196.34104650196386,200.21587045148732,193.84084384019965,194.7273712158203,26487200,0.0,0.0,GOOGL,2026-01-27 14:01:11.371457+00:00
2025-01-08 00:00:00-05:00,191.818753365396,195.52422692104554,191.62949216136246,193.193359375,24864800,0.0,0.0,GOOGL,2026-01-27 14:01:11.371457+00:00
2025-01-10 00:00:00-05:00,193.54199496025797,195.7533354559894,189.5675553775491,191.29080200195312,26665200,0.0,0.0,GOOGL,2026-01-27 14:01:11.371457+00:00
2025-01-13 00:00:00-05:00,189.32851141262705,190.43416651970912,186.62907690279673,190.26483154296875,21823700,0.0,0.0,GOOGL,2026-01-27 14:01:11.371457+00:00
2025-01-14 00:00:00-05:00,190.4939429327445,191.23104632862814,187.57536549994643,188.92010498046875,17174900,0.0,0.0,GOOGL,2026-01-27 14:01:11.371457+00:00
2025-01-15 00:00:00-05:00,192.336729949174,195.5939775570945,191.11153257710336,194.78713989257812,21776000,0.0,0.0,GOOGL,2026-01-27 14:01:11.371457+00:00
2025-01-16 00:00:00-05:00,193.3826375623353,194.71740642480486,192.05782421701394,192.15744018554688,17815400,0.0,0.0,GOOGL,2026-01-27 14:01:11.371457+00:00
2025-01-17 00:00:00-05:00,195.7632826747639,196.46054874763502,192.9941294144611,195.2353515625,27735100,0.0,0.0,GOOGL,2026-01-27 14:01:11.371457+00:00
2025-01-21 00:00:00-05:00,198.29339931939404,201.50082353528188,197.0980685764286,197.27737426757812,29971300,0.0,0.0,GOOGL,2026-01-27 14:01:11.371457+00:00
2025-01-22 00:00:00-05:00,198.28344103159932,199.6978996202174,196.7594109579838,197.59613037109375,26200600,0.0,0.0,GOOGL,2026-01-27 14:01:11.371457+00:00
2025-01-23 00:00:00-05:00,197.3670210617764,199.5185981768782,194.43848807720923,197.2076416015625,26951400,0.0,0.0,GOOGL,2026-01-27 14:01:11.371457+00:00
2025-01-24 00:00:00-05:00,197.32718592161126,200.11625050908367,197.22756995808922,199.428955078125,23877500,0.0,0.0,GOOGL,2026-01-27 14:01:11.371457+00:00
2025-01-27 00:00:00-05:00,191.65938720339696,196.11195036774717,189.98593319836488,191.0617218017578,41728900,0.0,0.0,GOOGL,2026-01-27 14:01:11.371457+00:00
2025-01-28 00:00:00-05:00,191.99804618358004,194.71739168696277,189.93611434526252,194.53810119628906,24157900,0.0,0.0,GOOGL,2026-01-27 14:01:11.371457+00:00
2025-01-29 00:00:00-05:00,194.79709857472477,196.02229596670227,192.6754030526252,194.64768981933594,18218300,0.0,0.0,GOOGL,2026-01-27 14:01:11.371457+00:00
2025-01-30 00:00:00-05:00,197.22758104242592,200.61431120284323,196.89886658344366,200.0863800048828,24354700,0.0,0.0,GOOGL,2026-01-27 14:01:11.371457+00:00
2025-01-31 00:00:00-05:00,201.2119817615517,204.6784017460065,201.01276501748202,203.22410583496094,32001100,0.0,0.0,GOOGL,2026-01-27 14:01:11.371457+00:00
2025-02-03 00:00:00-05:00,199.90707487204236,202.9551348332388,199.31938021531738,200.44496154785156,27838300,0.0,0.0,GOOGL,2026-01-27 14:01:11.371457+00:00
2025-02-04 00:00:00-05:00,202.59654903669593,206.24227455727316,202.01880986682883,205.57489013671875,43856400,0.0,0.0,GOOGL,2026-01-27 14:01:11.371457+00:00
2025-02-05 00:00:00-05:00,190.32460742693195,191.998046136523,187.29645852491726,190.58358764648438,70373900,0.0,0.0,GOOGL,2026-01-27 14:01:11.371457+00:00
2025-02-06 00:00:00-05:00,188.7607254709797,191.35058847007514,187.98376961110344,190.8525390625,29297400,0.0,0.0,GOOGL,2026-01-27 14:01:11.371457+00:00
2025-02-07 00:00:00-05:00,190.3046897826863,190.43417229867478,182.52516013677956,184.61695861816406,49315000,0.0,0.0,GOOGL,2026-01-27 14:01:11.371457+00:00
2025-02-10 00:00:00-05:00,186.61914089319663,187.46581586539978,185.1349480135509,185.74256896972656,23105600,0.0,0.0,GOOGL,2026-01-27 14:01:11.371457+00:00
2025-02-11 00:00:00-05:00,184.3081534858771,186.21070577705743,183.5610794112602,184.59703063964844,21239500,0.0,0.0,GOOGL,2026-01-27 14:01:11.371457+00:00
2025-02-12 00:00:00-05:00,182.5052293386179,184.38785552440282,181.12065256917043,182.89370727539062,22072600,0.0,0.0,GOOGL,2026-01-27 14:01:11.371457+00:00
2025-02-13 00:00:00-05:00,183.6009416706382,185.5532868448968,182.42553716023775,185.41383361816406,21402500,0.0,0.0,GOOGL,2026-01-27 14:01:11.371457+00:00
2025-02-14 00:00:00-05:00,184.33806551853942,185.67283443666003,183.6009620380095,184.5074005126953,20448400,0.0,0.0,GOOGL,2026-01-27 14:01:11.371457+00:00
2025-02-18 00:00:00-05:00,184.87594800082087,185.23454418579348,181.03100592832718,183.05308532714844,29916700,0.0,0.0,GOOGL,2026-01-27 14:01:11.371457+00:00
2025-02-19 00:00:00-05:00,183.35191045129994,184.73648715297452,182.87377209155156,184.54722595214844,19549400,0.0,0.0,GOOGL,2026-01-27 14:01:11.371457+00:00
2025-02-20 00:00:00-05:00,184.07905024850896,184.5870551343315,182.00716304475998,183.83998107910156,20441500,0.0,0.0,GOOGL,2026-01-27 14:01:11.371457+00:00
2025-02-21 00:00:00-05:00,184.42769462228776,184.61695583425816,178.38138255149903,178.95912170410156,35199200,0.0,0.0,GOOGL,2026-01-27 14:01:11.371457+00:00
2025-02-24 00:00:00-05:00,181.28003655625,182.40561792977684,178.19212401815724,178.55072021484375,29854200,0.0,0.0,GOOGL,2026-01-27 14:01:11.371457+00:00
2025-02-25 00:00:00-05:00,177.3454308360551,178.04271218366185,174.0085088406691,174.73565673828125,41913400,0.0,0.0,GOOGL,2026-01-27 14:01:11.371457+00:00
2025-02-26 00:00:00-05:00,174.38701976901885,175.39307405965482,170.9106295738481,172.05613708496094,35431300,0.0,0.0,GOOGL,2026-01-27 14:01:11.371457+00:00
2025-02-27 00:00:00-05:00,173.31123936714644,173.87900779159736,167.28483845921406,167.8426513671875,39991000,0.0,0.0,GOOGL,2026-01-27 14:01:11.371457+00:00
2025-02-28 00:00:00-05:00,168.02192807583762,169.94440654660372,166.11939103491417,169.61569213867188,48130600,0.0,0.0,GOOGL,2026-01-27 14:01:11.371457+00:00
2025-03-03 00:00:00-05:00,171.25924816477874,172.69363277465732,165.28265575645824,166.3584442138672,40770500,0.0,0.0,GOOGL,2026-01-27 14:01:11.371457+00:00
2025-03-04 00:00:00-05:00,165.59146927723793,172.61395362786732,165.15318337522604,170.25320434570312,45388000,0.0,0.0,GOOGL,2026-01-27 14:01:11.371457+00:00
2025-03-05 00:00:00-05:00,169.8547695105912,173.10204608630403,168.40045859307807,172.3450164794922,30954900,0.0,0.0,GOOGL,2026-01-27 14:01:11.371457+00:00
2025-03-06 00:00:00-05:00,169.8647356201999,174.12803748089462,169.83485387065045,171.67764282226562,28302000,0.0,0.0,GOOGL,2026-01-27 14:01:11.371457+00:00
2025-03-07 00:00:00-05:00,170.5918843353401,174.28741777289434,169.60575619699736,173.18174743652344,27385800,0.0,0.0,GOOGL,2026-01-27 14:01:11.371457+00:00
2025-03-10 00:00:00-04:00,167.7966101322015,167.99607150995365,163.23920372577845,165.41319274902344,43604000,0.2,0.0,GOOGL,2026-01-27 14:01:11.371457+00:00
2025-03-11 00:00:00-04:00,164.4558560210946,166.29078517095678,160.9255963482493,163.58824157714844,39587400,0.0,0.0,GOOGL,2026-01-27 14:01:11.371457+00:00
2025-03-12 00:00:00-04:00,166.12124110886077,167.17831943801426,163.07963775446962,166.6497802734375,28372400,0.0,0.0,GOOGL,2026-01-27 14:01:11.371457+00:00
2025-03-13 00:00:00-04:00,165.58271795856493,165.67248166266438,161.6635485106855,162.31175231933594,31756200,0.0,0.0,GOOGL,2026-01-27 14:01:11.371457+00:00
2025-03-14 00:00:00-04:00,162.82035345635094,166.03148669065808,162.00260445854184,165.03424072265625,31995900,0.0,0.0,GOOGL,2026-01-27 14:01:11.371457+00:00
2025-03-17 00:00:00-04:00,164.57550719551887,165.8420138841619,163.21925201833648,163.83753967285156,31184300,0.0,0.0,GOOGL,2026-01-27 14:01:11.371457+00:00
2025-03-18 00:00:00-04:00,163.2292289881846,163.797666550582,156.28840488131223,160.22752380371094,42074800,0.0,0.0,GOOGL,2026-01-27 14:01:11.371457+00:00
2025-03-19 00:00:00-04:00,161.31450558479577,165.41318720526314,160.5566041117451,163.4386444091797,34275600,0.0,0.0,GOOGL,2026-01-27 14:01:11.371457+00:00
2025-03-20 00:00:00-04:00,161.1250457167365,164.43589456907407,160.51672503978745,162.35165405273438,28138500,0.0,0.0,GOOGL,2026-01-27 14:01:11.371457+00:00
2025-03-21 00:00:00-04:00,160.7660482116765,163.7877026347692,160.44692216012342,163.53839111328125,36625800,0.0,0.0,GOOGL,2026-01-27 14:01:11.371457+00:00
2025-03-24 00:00:00-04:00,166.60991043967152,167.85646804378672,164.68521758619846,167.2182159423828,30879100,0.0,0.0,GOOGL,2026-01-27 14:01:11.371457+00:00
2025-03-25 00:00:00-04:00,168.51462053018605,170.16008551836464,167.85644975168057,170.09027099609375,24174400,0.0,0.0,GOOGL,2026-01-27 14:01:11.371457+00:00
2025-03-26 00:00:00-04:00,168.53459028680902,169.14291101426645,164.3860428738787,164.60543823242188,28901600,0.0,0.0,GOOGL,2026-01-27 14:01:11.371457+00:00
2025-03-27 00:00:00-04:00,164.1766304631432,164.96444818748884,161.55386834836875,161.793212890625,24508300,0.0,0.0,GOOGL,2026-01-27 14:01:11.371457+00:00
2025-03-28 00:00:00-04:00,160.04802279255455,161.37436185470784,153.20691433431318,153.9049835205078,48669300,0.0,0.0,GOOGL,2026-01-27 14:01:11.371457+00:00
2025-03-31 00:00:00-04:00,152.68834136730996,155.11164193370462,150.24509161947617,154.21412658691406,54603500,0.0,0.0,GOOGL,2026-01-27 14:01:11.371457+00:00
2025-04-01 00:00:00-04:00,153.19693997672525,157.66461343058796,153.19693997672525,156.637451171875,30672900,0.0,0.0,GOOGL,2026-01-27 14:01:11.371457+00:00
2025-04-02 00:00:00-04:00,154.72270392156926,157.9737354754909,154.2739462849113,156.6074981689453,25041700,0.0,0.0,GOOGL,2026-01-27 14:01:11.371457+00:00
2025-04-03 00:00:00-04:00,150.69384170810525,152.35924068042604,149.97582338010557,150.30491638183594,46883400,0.0,0.0,GOOGL,2026-01-27 14:01:11.371457+00:00
2025-04-04 00:00:00-04:00,147.60238713771614,150.65397293111235,144.9796402891217,145.19903564453125,62259500,0.0,0.0,GOOGL,2026-01-27 14:01:11.371457+00:00
2025-04-07 00:00:00-04:00,141.1601793715283,152.42906261628312,140.14298415460087,146.34585571289062,76794100,0.0,0.0,GOOGL,2026-01-27 14:01:11.371457+00:00
2025-04-08 00:00:00-04:00,150.80354683062922,151.82074204837693,142.63609935843277,144.30149841308594,52200200,0.0,0.0,GOOGL,2026-01-27 14:01:11.371457+00:00
2025-04-09 00:00:00-04:00,144.0222787835972,159.11061702523395,143.51368875470308,158.27293395996094,70406200,0.0,0.0,GOOGL,2026-01-27 14:01:11.371457+00:00
2025-04-10 00:00:00-04:00,156.10888048544342,157.28563866565491,149.51708388683267,152.39913940429688,48022000,0.0,0.0,GOOGL,2026-01-27 14:01:11.371457+00:00
2025-04-11 00:00:00-04:00,152.47891611104427,157.2357840662013,152.39914981719627,156.70724487304688,33636200,0.0,0.0,GOOGL,2026-01-27 14:01:11.371457+00:00
2025-04-14 00:00:00-04:00,159.5593589601424,161.27462328630523,157.12607630131762,158.63192749023438,30333000,0.0,0.0,GOOGL,2026-01-27 14:01:11.371457+00:00
2025-04-15 00:00:00-04:00,158.6917731015249,159.2103301054895,154.78257030571797,155.87953186035156,27551500,0.0,0.0,GOOGL,2026-01-27 14:01:11.371457+00:00
2025-04-16 00:00:00-04:00,152.67836778458886,155.46067741277207,151.09273508921532,152.90773010253906,28187400,0.0,0.0,GOOGL,2026-01-27 14:01:11.371457+00:00
2025-04-17 00:00:00-04:00,153.86506752718316,154.2539928304109,148.0910202997611,150.7436981201172,33046600,0.0,0.0,GOOGL,2026-01-27 14:01:11.371457+00:00
2025-04-21 00:00:00-04:00,148.46999532680982,148.53979463690146,145.6976525525358,147.26332092285156,26049100,0.0,0.0,GOOGL,2026-01-27 14:01:11.371457+00:00
2025-04-22 00:00:00-04:00,148.47995987784566,151.77087479980403,148.13091768280205,151.0528564453125,26971800,0.0,0.0,GOOGL,2026-01-27 14:01:11.371457+00:00
2025-04-23 00:00:00-04:00,155.1814586711159,157.09616926384234,153.38641273519517,154.92218017578125,31128800,0.0,0.0,GOOGL,2026-01-27 14:01:11.371457+00:00
2025-04-24 00:00:00-04:00,155.719954312099,159.15048293168,155.36094514919478,158.84133911132812,45894000,0.0,0.0,GOOGL,2026-01-27 14:01:11.371457+00:00
2025-04-25 00:00:00-04:00,164.61541287682232,165.6425750916004,160.59649729347288,161.51397705078125,56034000,0.0,0.0,GOOGL,2026-01-27 14:01:11.371457+00:00
2025-04-28 00:00:00-04:00,161.98265861948803,162.70067694860023,158.16321987401656,160.1676788330078,29745800,0.0,0.0,GOOGL,2026-01-27 14:01:11.371457+00:00
2025-04-29 00:00:00-04:00,159.87849612757626,160.29733764803302,157.086204107764,159.71893310546875,26809000,0.0,0.0,GOOGL,2026-01-27 14:01:11.371457+00:00
2025-04-30 00:00:00-04:00,157.5449218586139,158.83137774482094,154.9720253029664,158.3626708984375,34981100,0.0,0.0,GOOGL,2026-01-27 14:01:11.371457+00:00
2025-05-01 00:00:00-04:00,160.00812396444732,161.5039930234171,158.47237175928248,160.8557891845703,30203200,0.0,0.0,GOOGL,2026-01-27 14:01:11.371457+00:00
2025-05-02 00:00:00-04:00,162.95997467027814,164.51567601619934,161.42420728854916,163.57826232910156,25715000,0.0,0.0,GOOGL,2026-01-27 14:01:11.371457+00:00
2025-05-05 00:00:00-04:00,162.55110755610633,164.93452502755278,162.2718798770323,163.75778198242188,21341800,0.0,0.0,GOOGL,2026-01-27 14:01:11.371457+00:00
2025-05-06 00:00:00-04:00,161.72337824217448,164.3461400306944,160.74608144554134,162.78045654296875,21277200,0.0,0.0,GOOGL,2026-01-27 14:01:11.371457+00:00
2025-05-07 00:00:00-04:00,163.62814193511582,164.545606521222,147.43285979099062,150.96311950683594,127490100,0.0,0.0,GOOGL,2026-01-27 14:01:11.371457+00:00
2025-05-08 00:00:00-04:00,154.57313616382487,155.5005676767597,152.4789133936082,153.85511779785156,57498700,0.0,0.0,GOOGL,2026-01-27 14:01:11.371457+00:00
2025-05-09 00:00:00-04:00,153.74540257435322,154.62298385853498,151.78082688293327,152.32931518554688,32435300,0.0,0.0,GOOGL,2026-01-27 14:01:11.371457+00:00
2025-05-12 00:00:00-04:00,157.0562906900787,158.66185748829406,155.81970007226886,158.02362060546875,44138800,0.0,0.0,GOOGL,2026-01-27 14:01:11.371457+00:00
2025-05-13 00:00:00-04:00,158.35270013902556,160.12781218093087,155.72995326636035,159.09066772460938,42382100,0.0,0.0,GOOGL,2026-01-27 14:01:11.371457+00:00
2025-05-14 00:00:00-04:00,159.51949150800576,166.5400972975048,159.170449289238,164.91458129882812,48755900,0.0,0.0,GOOGL,2026-01-27 14:01:11.371457+00:00
2025-05-15 00:00:00-04:00,165.3832808496498,165.75227223459135,161.92283584781248,163.5084686279297,33146700,0.0,0.0,GOOGL,2026-01-27 14:01:11.371457+00:00
2025-05-16 00:00:00-04:00,167.26806720706887,168.88361607338598,165.16387753981013,165.73231506347656,42846900,0.0,0.0,GOOGL,2026-01-27 14:01:11.371457+00:00
2025-05-19 00:00:00-04:00,164.05692133905376,166.18106002472402,163.7677267167175,166.08132934570312,30426100,0.0,0.0,GOOGL,2026-01-27 14:01:11.371457+00:00
2025-05-20 00:00:00-04:00,165.9716462897934,168.03595283640126,162.45136908866291,163.5283966064453,46607700,0.0,0.0,GOOGL,2026-01-27 14:01:11.371457+00:00
2025-05-21 00:00:00-04:00,163.2392111991083,172.66318349220677,163.1095643409873,168.09579467773438,73416000,0.0,0.0,GOOGL,2026-01-27 14:01:11.371457+00:00
2025-05-22 00:00:00-04:00,171.3767414156938,176.28319020253375,170.23988151650855,170.39942932128906,74864400,0.0,0.0,GOOGL,2026-01-27 14:01:11.371457+00:00
2025-05-23 00:00:00-04:00,168.5944139952117,169.49194456610303,167.42763794814334,168.00604248046875,35211400,0.0,0.0,GOOGL,2026-01-27 14:01:11.371457+00:00
2025-05-27 00:00:00-04:00,169.69138381086714,172.69308880696215,169.53182079809207,172.423828125,37995700,0.0,0.0,GOOGL,2026-01-27 14:01:11.371457+00:00
2025-05-28 00:00:00-04:00,172.6831300854681,174.7873198647011,171.4365725199691,171.8853302001953,34784000,0.0,0.0,GOOGL,2026-01-27 14:01:11.371457+00:00
2025-05-29 00:00:00-04:00,173.5208248376079,173.9396663818934,170.16011028339477,171.38671875,29317300,0.0,0.0,GOOGL,2026-01-27 14:01:11.371457+00:00
2025-05-30 00:00:00-04:00,170.87811871209726,171.73575093359455,166.97888295989642,171.2670440673828,52639900,0.0,0.0,GOOGL,2026-01-27 14:01:11.371457+00:00
2025-06-02 00:00:00-04:00,167.37777366516244,169.40218193277036,166.92901598525125,168.5644989013672,38612300,0.0,0.0,GOOGL,2026-01-27 14:01:11.371457+00:00
2025-06-03 00:00:00-04:00,167.0287408798973,168.01600469808255,164.82482048675826,165.7223358154297,45084900,0.0,0.0,GOOGL,2026-01-27 14:01:11.371457+00:00
2025-06-04 00:00:00-04:00,166.28081407126308,167.75673398423967,165.90185569784677,167.5872039794922,26900800,0.0,0.0,GOOGL,2026-01-27 14:01:11.371457+00:00
2025-06-05 00:00:00-04:00,169.87088888051295,170.45926039928958,167.1284622369502,167.74676513671875,36379100,0.0,0.0,GOOGL,2026-01-27 14:01:11.371457+00:00
2025-06-06 00:00:00-04:00,170.35956350392388,174.01945508865876,170.35956350392388,173.2017059326172,35731800,0.0,0.0,GOOGL,2026-01-27 14:01:11.371457+00:00
2025-06-09 00:00:00-04:00,174.27002138780236,176.1970440586742,174.1002861656323,175.817626953125,28935900,0.21,0.0,GOOGL,2026-01-27 14:01:11.371457+00:00
2025-06-10 00:00:00-04:00,175.92747903926403,180.8298886948226,174.63948090794972,178.3237762451172,61766100,0.0,0.0,GOOGL,2026-01-27 14:01:11.371457+00:00
2025-06-11 00:00:00-04:00,179.49195401036374,180.09101684926247,176.47662077845203,177.07569885253906,31646800,0.0,0.0,GOOGL,2026-01-27 14:01:11.371457+00:00
2025-06-12 00:00:00-04:00,175.90749122267417,176.44666452455314,174.47971034788216,175.42823791503906,20941900,0.0,0.0,GOOGL,2026-01-27 14:01:11.371457+00:00
2025-06-13 00:00:00-04:00,172.17329464872896,176.85604320367563,172.1233689351953,174.39984130859375,27663100,0.0,0.0,GOOGL,2026-01-27 14:01:11.371457+00:00
2025-06-16 00:00:00-04:00,174.45974398959817,176.66633252587772,174.37986589593493,176.49659729003906,27389200,0.0,0.0,GOOGL,2026-01-27 14:01:11.371457+00:00
2025-06-17 00:00:00-04:00,175.4282431183839,177.08567926563504,174.30998028900405,175.6778564453125,24973000,0.0,0.0,GOOGL,2026-01-27 14:01:11.371457+00:00
2025-06-18 00:00:00-04:00,175.73776761612697,176.28692000243774,172.93211615674434,173.05194091796875,28707500,0.0,0.0,GOOGL,2026-01-27 14:01:11.371457+00:00
2025-06-20 00:00:00-04:00,173.68095462694552,174.07035081830173,165.20409556084024,166.38226318359375,75659900,0.0,0.0,GOOGL,2026-01-27 14:01:11.371457+00:00
2025-06-23 00:00:00-04:00,166.0128253516346,167.08116240174218,161.7494257286143,164.9344940185547,57671000,0.0,0.0,GOOGL,2026-01-27 14:01:11.371457+00:00
2025-06-24 00:00:00-04:00,166.66183161080377,167.95982401484335,165.87306016657053,166.51206970214844,40524300,0.0,0.0,GOOGL,2026-01-27 14:01:11.371457+00:00
2025-06-25 00:00:00-04:00,167.3707300173257,172.0934098171055,167.29085192583665,170.41600036621094,35479000,0.0,0.0,GOOGL,2026-01-27 14:01:11.371457+00:00
2025-06-26 00:00:00-04:00,172.16330733603075,173.4213683331891,169.6771681943881,173.27159118652344,31796700,0.0,0.0,GOOGL,2026-01-27 14:01:11.371457+00:00
2025-06-27 00:00:00-04:00,173.27158802075178,178.40363764116194,171.46438989107267,178.25387573242188,108140200,0.0,0.0,GOOGL,2026-01-27 14:01:11.371457+00:00
2025-06-30 00:00:00-04:00,180.5003780733202,180.94967899066734,174.30997094439113,175.95741271972656,63378900,0.0,0.0,GOOGL,2026-01-27 14:01:11.371457+00:00
2025-07-01 00:00:00-04:00,175.46818749328466,175.81763700531283,173.26159900853952,175.56802368164062,35904500,0.0,0.0,GOOGL,2026-01-27 14:01:11.371457+00:00
2025-07-02 00:00:00-04:00,175.26848197683447,178.58335417760583,174.79922295185074,178.3636932373047,29128900,0.0,0.0,GOOGL,2026-01-27 14:01:11.371457+00:00
2025-07-03 00:00:00-04:00,178.22391365801445,179.39210218822254,176.7761594232363,179.2523193359375,21689700,0.0,0.0,GOOGL,2026-01-27 14:01:11.371457+00:00
2025-07-07 00:00:00-04:00,178.78304908898676,179.0226833705182,175.40827199123135,176.5165557861328,34175600,0.0,0.0,GOOGL,2026-01-27 14:01:11.371457+00:00
2025-07-08 00:00:00-04:00,177.5749242496101,177.67476043779465,172.54271112131266,174.09031677246094,40442500,0.0,0.0,GOOGL,2026-01-27 14:01:11.371457+00:00
2025-07-09 00:00:00-04:00,174.97894087050608,179.1624626362242,172.50278095171484,176.34681701660156,43025600,0.0,0.0,GOOGL,2026-01-27 14:01:11.371457+00:00
2025-07-10 00:00:00-04:00,175.35836349959487,178.15402063985096,174.11029683512743,177.34527587890625,29252400,0.0,0.0,GOOGL,2026-01-27 14:01:11.371457+00:00
2025-07-11 00:00:00-04:00,176.51656530489134,181.14938835134018,176.20704719654847,179.91131591796875,34282900,0.0,0.0,GOOGL,2026-01-27 14:01:11.371457+00:00
2025-07-14 00:00:00-04:00,180.7300224544814,183.3859118317051,179.40207776586954,181.2791748046875,32536600,0.0,0.0,GOOGL,2026-01-27 14:01:11.371457+00:00
2025-07-15 00:00:00-04:00,182.5272506181519,183.93507346834292,181.31913062189142,181.718505859375,33448300,0.0,0.0,GOOGL,2026-01-27 14:01:11.371457+00:00
2025-07-16 00:00:00-04:00,182.95659839065306,184.04490889196538,181.74846312672318,182.68701171875,33104200,0.0,0.0,GOOGL,2026-01-27 14:01:11.371457+00:00
2025-07-17 00:00:00-04:00,181.85827589550698,183.77530432362263,180.20083982993623,183.29605102539062,31992600,0.0,0.0,GOOGL,2026-01-27 14:01:11.371457+00:00
2025-07-18 00:00:00-04:00,185.11324367348885,186.1316703490662,183.42587032160213,184.77377319335938,34014500,0.0,0.0,GOOGL,2026-01-27 14:01:11.371457+00:00
2025-07-21 00:00:00-04:00,185.9619330750015,189.99567783258155,185.86208164773134,189.8059844970703,45803100,0.0,0.0,GOOGL,2026-01-27 14:01:11.371457+00:00
2025-07-22 00:00:00-04:00,191.20380830960463,191.35357021159422,187.17006365240448,191.04405212402344,44660200,0.0,0.0,GOOGL,2026-01-27 14:01:11.371457+00:00
2025-07-23 00:00:00-04:00,191.20381577219638,192.23222149983224,188.88739669642578,189.93577575683594,58681900,0.0,0.0,GOOGL,2026-01-27 14:01:11.371457+00:00
2025-07-24 00:00:00-04:00,196.7252403051011,197.64381545602902,190.70456849752816,191.8727569580078,74881700,0.0,0.0,GOOGL,2026-01-27 14:01:11.371457+00:00
2025-07-25 00:00:00-04:00,191.68305419336826,194.02942546808288,190.96416662133603,192.88119506835938,39785900,0.0,0.0,GOOGL,2026-01-27 14:01:11.371457+00:00
2025-07-28 00:00:00-04:00,193.35047209995227,193.7498625541434,190.54482081320737,192.28213500976562,38139500,0.0,0.0,GOOGL,2026-01-27 14:01:11.371457+00:00
2025-07-29 00:00:00-04:00,192.13236281084488,195.61697034161693,191.78291329403916,195.44723510742188,41389200,0.0,0.0,GOOGL,2026-01-27 14:01:11.371457+00:00
2025-07-30 00:00:00-04:00,195.2974741739121,197.2943808004953,194.3888780023715,196.2260284423828,32445400,0.0,0.0,GOOGL,2026-01-27 14:01:11.371457+00:00
2025-07-31 00:00:00-04:00,195.40729975764043,195.68686545955075,190.79443520574372,191.60317993164062,51329200,0.0,0.0,GOOGL,2026-01-27 14:01:11.371457+00:00
2025-08-01 00:00:00-04:00,188.73762721302066,190.53484621084553,187.52950724447476,188.8374786376953,34832200,0.0,0.0,GOOGL,2026-01-27 14:01:11.371457+00:00
2025-08-04 00:00:00-04:00,189.9956738002762,194.96798225717674,189.82593856567027,194.7383270263672,31547400,0.0,0.0,GOOGL,2026-01-27 14:01:11.371457+00:00
2025-08-05 00:00:00-04:00,194.40884314692985,197.55396485726567,193.5901041516216,194.368896484375,31602300,0.0,0.0,GOOGL,2026-01-27 14:01:11.371457+00:00
2025-08-06 00:00:00-04:00,194.1991754853375,196.3258859841649,193.3704573812648,195.78671264648438,21562900,0.0,0.0,GOOGL,2026-01-27 14:01:11.371457+00:00
2025-08-07 00:00:00-04:00,196.75520727948205,197.23446060352177,194.0294340028213,196.21604919433594,26321800,0.0,0.0,GOOGL,2026-01-27 14:01:11.371457+00:00
2025-08-08 00:00:00-04:00,196.9149587094283,202.29662132319493,196.86503299798275,201.10845947265625,39161800,0.0,0.0,GOOGL,2026-01-27 14:01:11.371457+00:00
2025-08-11 00:00:00-04:00,200.62921267003748,201.16837075965444,198.76210983585918,200.68911743164062,25832400,0.0,0.0,GOOGL,2026-01-27 14:01:11.371457+00:00
2025-08-12 00:00:00-04:00,201.0585431482033,204.18370696130674,200.27975076589462,203.02549743652344,30397900,0.0,0.0,GOOGL,2026-01-27 14:01:11.371457+00:00
2025-08-13 00:00:00-04:00,203.81427054832747,204.21364576160173,197.2044995517677,201.6476287841797,28342900,0.0,0.0,GOOGL,2026-01-27 14:01:11.371457+00:00
2025-08-14 00:00:00-04:00,201.18833871082708,204.12379383237695,200.91875205563483,202.62611389160156,25230400,0.0,0.0,GOOGL,2026-01-27 14:01:11.371457+00:00
2025-08-15 00:00:00-04:00,203.534714766441,206.12070520105007,200.96868242883633,203.58462524414062,34931400,0.0,0.0,GOOGL,2026-01-27 14:01:11.371457+00:00
2025-08-18 00:00:00-04:00,203.88415594549542,204.9525082638803,202.17680937496152,203.18524169921875,18526600,0.0,0.0,GOOGL,2026-01-27 14:01:11.371457+00:00
2025-08-19 00:00:00-04:00,202.7159730378366,203.1253425488118,199.65072931767816,201.25823974609375,24240200,0.0,0.0,GOOGL,2026-01-27 14:01:11.371457+00:00
2025-08-20 00:00:00-04:00,200.41952632200108,200.9686786831588,196.29592455953664,199.01171875,28955500,0.0,0.0,GOOGL,2026-01-27 14:01:11.371457+00:00
2025-08-21 00:00:00-04:00,199.44105529785156,202.1668286588479,199.12154291514705,199.44105529785156,19774600,0.0,0.0,GOOGL,2026-01-27 14:01:11.371457+00:00
2025-08-22 00:00:00-04:00,202.41643648326647,208.21744781149425,200.98865555430208,205.771240234375,42827000,0.0,0.0,GOOGL,2026-01-27 14:01:11.371457+00:00
2025-08-25 00:00:00-04:00,206.11069972619865,210.19438514977915,204.9624845680577,208.1675262451172,29928900,0.0,0.0,GOOGL,2026-01-27 14:01:11.371457+00:00
2025-08-26 00:00:00-04:00,207.18903343187435,207.52851912382437,205.3818354433132,206.81961059570312,28464100,0.0,0.0,GOOGL,2026-01-27 14:01:11.371457+00:00
2025-08-27 00:00:00-04:00,205.38184246485358,208.58688428789492,205.3319167524022,207.15908813476562,23022900,0.0,0.0,GOOGL,2026-01-27 14:01:11.371457+00:00
2025-08-28 00:00:00-04:00,206.92944327697995,211.8917573213033,206.57997853322107,211.31265258789062,32339300,0.0,0.0,GOOGL,2026-01-27 14:01:11.371457+00:00
2025-08-29 00:00:00-04:00,210.1844065843309,214.31800279201352,209.87488848734807,212.58070373535156,39728400,0.0,0.0,GOOGL,2026-01-27 14:01:11.371457+00:00
2025-09-02 00:00:00-04:00,208.11761422314743,211.3525932568575,205.88107328271496,211.0231170654297,47523000,0.0,0.0,GOOGL,2026-01-27 14:01:11.371457+00:00
2025-09-03 00:00:00-04:00,225.86013881710127,230.95224175670688,224.4423216543269,230.30325317382812,103336100,0.0,0.0,GOOGL,2026-01-27 14:01:11.371457+00:00
2025-09-04 00:00:00-04:00,229.2947939629136,232.01058815431742,225.76027598883607,231.94070434570312,51684200,0.0,0.0,GOOGL,2026-01-27 14:01:11.371457+00:00
2025-09-05 00:00:00-04:00,231.84086323662245,235.39535470067108,231.5413241866342,234.63653564453125,46588900,0.0,0.0,GOOGL,2026-01-27 14:01:11.371457+00:00
2025-09-08 00:00:00-04:00,235.31608185012894,237.97434675109136,233.5172554040335,233.8870086669922,32474700,0.21,0.0,GOOGL,2026-01-27 14:01:11.371457+00:00
2025-09-09 00:00:00-04:00,234.0169206603603,240.3128053844981,233.07753270088136,239.47335815429688,38061000,0.0,0.0,GOOGL,2026-01-27 14:01:11.371457+00:00
2025-09-10 00:00:00-04:00,238.74382884116824,241.50203443312756,237.6945274082077,239.01365661621094,35141100,0.0,0.0,GOOGL,2026-01-27 14:01:11.371457+00:00
2025-09-11 00:00:00-04:00,239.7232054178332,242.09165136894262,236.09557331646107,240.21287536621094,30599300,0.0,0.0,GOOGL,2026-01-27 14:01:11.371457+00:00
2025-09-12 00:00:00-04:00,240.21286654309478,241.92175543476245,237.84442067897936,240.64259338378906,26771600,0.0,0.0,GOOGL,2026-01-27 14:01:11.371457+00:00
2025-09-15 00:00:00-04:00,244.5000723057695,252.24500622225327,244.5000723057695,251.44552612304688,58383800,0.0,0.0,GOOGL,2026-01-27 14:01:11.371457+00:00
2025-09-16 00:00:00-04:00,251.91521585326547,252.87457975705254,249.30692141357196,250.99581909179688,34109700,0.0,0.0,GOOGL,2026-01-27 14:01:11.371457+00:00
2025-09-17 00:00:00-04:00,251.0557800198683,251.43553649547647,246.11900683222018,249.36688232421875,34108000,0.0,0.0,GOOGL,2026-01-27 14:01:11.371457+00:00
2025-09-18 00:00:00-04:00,251.51547232528497,253.82397511354577,249.6367116291099,251.86524963378906,31239500,0.0,0.0,GOOGL,2026-01-27 14:01:11.371457+00:00
2025-09-19 00:00:00-04:00,253.08445699569828,255.83265939150547,251.64539584681071,254.55349731445312,55571400,0.0,0.0,GOOGL,2026-01-27 14:01:11.371457+00:00
2025-09-22 00:00:00-04:00,254.2636811395151,255.6128047936517,250.13639113793755,252.36492919921875,32290500,0.0,0.0,GOOGL,2026-01-27 14:01:11.371457+00:00
2025-09-23 00:00:00-04:00,252.8745862102155,254.1937306726042,250.31626206974443,251.49549865722656,26628000,0.0,0.0,GOOGL,2026-01-27 14:01:11.371457+00:00
2025-09-24 00:00:00-04:00,251.49550432970327,252.18505574615793,246.2789151995329,246.97845458984375,28201000,0.0,0.0,GOOGL,2026-01-27 14:01:11.371457+00:00
2025-09-25 00:00:00-04:00,244.24022750230412,246.32887284028934,240.58263166512353,245.6293182373047,31020400,0.0,0.0,GOOGL,2026-01-27 14:01:11.371457+00:00
2025-09-26 00:00:00-04:00,246.90849752367055,249.25695217808112,245.80921049475367,246.3788299560547,18503200,0.0,0.0,GOOGL,2026-01-27 14:01:11.371457+00:00
2025-09-29 00:00:00-04:00,247.6879914773483,250.98582213384148,242.61131034259105,243.89047241210938,32505800,0.0,0.0,GOOGL,2026-01-27 14:01:11.371457+00:00
2025-09-30 00:00:00-04:00,242.65128209661555,243.13096406959585,239.09361157011617,242.94110107421875,34724300,0.0,0.0,GOOGL,2026-01-27 14:01:11.371457+00:00
2025-10-01 00:00:00-04:00,240.59263270567308,246.13900797357311,238.45403213601972,244.7399139404297,31658200,0.0,0.0,GOOGL,2026-01-27 14:01:11.371457+00:00
2025-10-02 00:00:00-04:00,244.98974812584623,246.64866670301694,242.14162021805868,245.52940368652344,25483300,0.0,0.0,GOOGL,2026-01-27 14:01:11.371457+00:00
2025-10-03 00:00:00-04:00,244.33018254314118,246.138996907564,241.5020306823554,245.1896209716797,30249600,0.0,0.0,GOOGL,2026-01-27 14:01:11.371457+00:00
2025-10-06 00:00:00-04:00,244.61999567020933,251.1557292673991,244.42012945214807,250.26629638671875,28894700,0.0,0.0,GOOGL,2026-01-27 14:01:11.371457+00:00
2025-10-07 00:00:00-04:00,248.10771903747053,250.27629875611288,245.35951661425605,245.59934997558594,23181300,0.0,0.0,GOOGL,2026-01-27 14:01:11.371457+00:00
2025-10-08 00:00:00-04:00,244.79988761332393,245.84918907751907,243.66063338889384,244.46009826660156,21307100,0.0,0.0,GOOGL,2026-01-27 14:01:11.371457+00:00
2025-10-09 00:00:00-04:00,244.3101967172578,244.60000044134677,238.99366696134817,241.3721160888672,27892100,0.0,0.0,GOOGL,2026-01-27 14:01:11.371457+00:00
2025-10-10 00:00:00-04:00,241.27216783484693,243.93043262992407,235.6858257251368,236.4153594970703,33180300,0.0,0.0,GOOGL,2026-01-27 14:01:11.371457+00:00
2025-10-13 00:00:00-04:00,240.05299046060216,244.34017953936018,239.55331729181,243.9904022216797,24995000,0.0,0.0,GOOGL,2026-01-27 14:01:11.371457+00:00
2025-10-14 00:00:00-04:00,241.07230809804528,246.95845730298234,240.35277752895155,245.28955078125,22111600,0.0,0.0,GOOGL,2026-01-27 14:01:11.371457+00:00
2025-10-15 00:00:00-04:00,247.0883778879278,251.94520161834686,245.82920701293574,250.86590576171875,27007700,0.0,0.0,GOOGL,2026-01-27 14:01:11.371457+00:00
2025-10-16 00:00:00-04:00,251.60541868813706,256.79201310331337,249.93651222042618,251.29562377929688,27997200,0.0,0.0,GOOGL,2026-01-27 14:01:11.371457+00:00
2025-10-17 00:00:00-04:00,250.59608169913423,254.05382673080507,247.64801305801078,253.13442993164062,29671600,0.0,0.0,GOOGL,2026-01-27 14:01:11.371457+00:00
2025-10-20 00:00:00-04:00,254.52352413042843,257.1617826336821,254.06381810029453,256.3822937011719,22350200,0.0,0.0,GOOGL,2026-01-27 14:01:11.371457+00:00
2025-10-21 00:00:00-04:00,254.5734808325197,254.71338870395212,243.99039197294186,250.29627990722656,47312100,0.0,0.0,GOOGL,2026-01-27 14:01:11.371457+00:00
2025-10-22 00:00:00-04:00,254.20372304336274,256.19241249616164,249.12704181794433,251.52548217773438,35029400,0.0,0.0,GOOGL,2026-01-27 14:01:11.371457+00:00
2025-10-23 00:00:00-04:00,252.81462530948346,254.8732762688867,251.68537434804077,252.91456604003906,19901400,0.0,0.0,GOOGL,2026-01-27 14:01:11.371457+00:00
2025-10-24 00:00:00-04:00,256.412278354529,261.5089509442133,255.1531226659378,259.7501220703125,28655100,0.0,0.0,GOOGL,2026-01-27 14:01:11.371457+00:00
2025-10-27 00:00:00-04:00,264.6468909460984,269.9634205104271,264.10723541197956,269.0939636230469,35235200,0.0,0.0,GOOGL,2026-01-27 14:01:11.371457+00:00
2025-10-28 00:00:00-04:00,269.5137161039883,270.5530448339537,266.3257988486908,267.295166015625,29738600,0.0,0.0,GOOGL,2026-01-27 14:01:11.371457+00:00
2025-10-29 00:00:00-04:00,267.57498405043395,275.1600191542769,267.49504976173847,274.3905334472656,43580300,0.0,0.0,GOOGL,2026-01-27 14:01:11.371457+00:00
2025-10-30 00:00:00-04:00,291.3993974290424,291.3993974290424,279.87693527724974,281.2960205078125,74876000,0.0,0.0,GOOGL,2026-01-27 14:01:11.371457+00:00
2025-10-31 00:00:00-04:00,283.02486366213384,285.81304844327684,276.8489107040144,281.0061950683594,39267900,0.0,0.0,GOOGL,2026-01-27 14:01:11.371457+00:00
2025-11-03 00:00:00-05:00,281.9955439895644,285.3433603410046,279.61709481156873,283.5345458984375,29786000,0.0,0.0,GOOGL,2026-01-27 14:01:11.371457+00:00
2025-11-04 00:00:00-05:00,276.56908942406625,281.0861237356038,276.07941949471564,277.35858154296875,30078400,0.0,0.0,GOOGL,2026-01-27 14:01:11.371457+00:00
2025-11-05 00:00:00-05:00,278.6876991693174,286.23278206992967,277.15870054271744,284.1241455078125,31010300,0.0,0.0,GOOGL,2026-01-27 14:01:11.371457+00:00
2025-11-06 00:00:00-05:00,285.14348075532007,288.1615262521665,280.9562476047489,284.5638732910156,37173600,0.0,0.0,GOOGL,2026-01-27 14:01:11.371457+00:00
2025-11-07 00:00:00-05:00,283.0248465894465,283.59448127875606,275.0101005397699,278.647705078125,34479600,0.0,0.0,GOOGL,2026-01-27 14:01:11.371457+00:00
2025-11-10 00:00:00-05:00,284.23409016650885,290.6098939896417,282.6750818691635,289.9103698730469,29557300,0.0,0.0,GOOGL,2026-01-27 14:01:11.371457+00:00
2025-11-11 00:00:00-05:00,287.56189748708465,291.72918497214437,287.1321858980205,291.11956787109375,19842100,0.0,0.0,GOOGL,2026-01-27 14:01:11.371457+00:00
2025-11-12 00:00:00-05:00,291.4893355792204,291.8191369528623,283.504568014819,286.5225830078125,24829900,0.0,0.0,GOOGL,2026-01-27 14:01:11.371457+00:00
2025-11-13 00:00:00-05:00,282.15543354563385,282.65510670070455,277.0587612643864,278.3879089355469,29494000,0.0,0.0,GOOGL,2026-01-27 14:01:11.371457+00:00
2025-11-14 00:00:00-05:00,271.23257767900105,278.3778974858086,270.52305035910666,276.22930908203125,31647200,0.0,0.0,GOOGL,2026-01-27 14:01:11.371457+00:00
2025-11-17 00:00:00-05:00,285.59319216713175,293.7578650793077,283.38464532335746,284.83367919921875,52670200,0.0,0.0,GOOGL,2026-01-27 14:01:11.371457+00:00
2025-11-18 00:00:00-05:00,287.7318125744744,288.61121173854644,278.0181648979437,284.09417724609375,49158700,0.0,0.0,GOOGL,2026-01-27 14:01:11.371457+00:00
2025-11-19 00:00:00-05:00,286.9722907427786,303.6114007455407,286.44263841708545,292.61859130859375,68198900,0.0,0.0,GOOGL,2026-01-27 14:01:11.371457+00:00
2025-11-20 00:00:00-05:00,304.3409354639468,306.2197114167213,288.48131431646567,289.26080322265625,62025200,0.0,0.0,GOOGL,2026-01-27 14:01:11.371457+00:00
2025-11-21 00:00:00-05:00,296.2262391249899,303.7213362601199,293.6579118539212,299.464111328125,74137700,0.0,0.0,GOOGL,2026-01-27 14:01:11.371457+00:00
2025-11-24 00:00:00-05:00,310.9266228942269,319.27117069793417,309.39762425695875,318.3717346191406,85165100,0.0,0.0,GOOGL,2026-01-27 14:01:11.371457+00:00
2025-11-25 00:00:00-05:00,325.9967549915166,328.6150374741804,317.4423529194355,323.22857666015625,88632100,0.0,0.0,GOOGL,2026-01-27 14:01:11.371457+00:00
2025-11-26 00:00:00-05:00,320.4703785574214,324.287888914303,316.58293713459693,319.7408752441406,51373400,0.0,0.0,GOOGL,2026-01-27 14:01:11.371457+00:00
2025-11-28 00:00:00-05:00,323.15862038246837,326.6363566172421,316.5829348985448,319.970703125,26018600,0.0,0.0,GOOGL,2026-01-27 14:01:11.371457+00:00
2025-12-01 00:00:00-05:00,317.49233426982363,319.6409227326276,313.684827275924,314.6841735839844,41183000,0.0,0.0,GOOGL,2026-01-27 14:01:11.371457+00:00
2025-12-02 00:00:00-05:00,316.5329308632399,318.17187340075924,313.7047943107319,315.6035461425781,35854700,0.0,0.0,GOOGL,2026-01-27 14:01:11.371457+00:00
2025-12-03 00:00:00-05:00,315.68353592029735,321.369788644051,313.89469739870816,319.42108154296875,41838300,0.0,0.0,GOOGL,2026-01-27 14:01:11.371457+00:00
2025-12-04 00:00:00-05:00,322.0193865832628,322.14927599125497,314.4943097586067,317.4123840332031,31240900,0.0,0.0,GOOGL,2026-01-27 14:01:11.371457+00:00
2025-12-05 00:00:00-05:00,319.28113189003057,322.9487461411032,318.961364259978,321.0599670410156,28851700,0.0,0.0,GOOGL,2026-01-27 14:01:11.371457+00:00
2025-12-08 00:00:00-05:00,320.04998779296875,320.44000244140625,311.2200012207031,313.7200012207031,33909400,0.21,0.0,GOOGL,2026-01-27 14:01:11.371457+00:00
2025-12-09 00:00:00-05:00,312.3699951171875,317.989990234375,311.8999938964844,317.0799865722656,30194000,0.0,0.0,GOOGL,2026-01-27 14:01:11.371457+00:00
2025-12-10 00:00:00-05:00,315.8299865722656,321.30999755859375,314.67999267578125,320.2099914550781,33428900,0.0,0.0,GOOGL,2026-01-27 14:01:11.371457+00:00
2025-12-11 00:00:00-05:00,320.0799865722656,321.1199951171875,308.6000061035156,312.42999267578125,42353700,0.0,0.0,GOOGL,2026-01-27 14:01:11.371457+00:00
2025-12-12 00:00:00-05:00,313.70001220703125,314.8699951171875,305.55999755859375,309.2900085449219,35940200,0.0,0.0,GOOGL,2026-01-27 14:01:11.371457+00:00
2025-12-15 00:00:00-05:00,311.32000732421875,311.4200134277344,304.8800048828125,308.2200012207031,29151900,0.0,0.0,GOOGL,2026-01-27 14:01:11.371457+00:00
2025-12-16 00:00:00-05:00,304.95001220703125,310.7699890136719,302.5899963378906,306.57000732421875,30585000,0.0,0.0,GOOGL,2026-01-27 14:01:11.371457+00:00
2025-12-17 00:00:00-05:00,308.010009765625,308.0899963378906,296.1199951171875,296.7200012207031,43930400,0.0,0.0,GOOGL,2026-01-27 14:01:11.371457+00:00
2025-12-18 00:00:00-05:00,301.7200012207031,303.9599914550781,299.2300109863281,302.4599914550781,33518000,0.0,0.0,GOOGL,2026-01-27 14:01:11.371457+00:00
2025-12-19 00:00:00-05:00,301.7300109863281,307.25,300.9700012207031,307.1600036621094,59943200,0.0,0.0,GOOGL,2026-01-27 14:01:11.371457+00:00
2025-12-22 00:00:00-05:00,309.8800048828125,310.1300048828125,305.29998779296875,309.7799987792969,26429900,0.0,0.0,GOOGL,2026-01-27 14:01:11.371457+00:00
2025-12-23 00:00:00-05:00,309.6300048828125,314.94000244140625,309.32000732421875,314.3500061035156,25478700,0.0,0.0,GOOGL,2026-01-27 14:01:11.371457+00:00
2025-12-24 00:00:00-05:00,314.7699890136719,315.0799865722656,311.9200134277344,314.0899963378906,10097400,0.0,0.0,GOOGL,2026-01-27 14:01:11.371457+00:00
2025-12-26 00:00:00-05:00,314.4800109863281,315.0899963378906,312.2799987792969,313.510009765625,10899000,0.0,0.0,GOOGL,2026-01-27 14:01:11.371457+00:00
2025-12-29 00:00:00-05:00,311.3699951171875,314.0199890136719,310.6199951171875,313.55999755859375,19621800,0.0,0.0,GOOGL,2026-01-27 14:01:11.371457+00:00
2025-12-30 00:00:00-05:00,312.5,316.95001220703125,312.4599914550781,313.8500061035156,17380900,0.0,0.0,GOOGL,2026-01-27 14:01:11.371457+00:00
2025-12-31 00:00:00-05:00,312.8500061035156,314.5799865722656,311.44000244140625,313.0,16377700,0.0,0.0,GOOGL,2026-01-27 14:01:11.371457+00:00
2026-01-02 00:00:00-05:00,316.8999938964844,322.5,310.3299865722656,315.1499938964844,32009400,0.0,0.0,GOOGL,2026-01-27 14:01:11.371457+00:00
2026-01-05 00:00:00-05:00,317.6600036621094,319.0199890136719,314.6300048828125,316.5400085449219,30195600,0.0,0.0,GOOGL,2026-01-27 14:01:11.371457+00:00
2026-01-06 00:00:00-05:00,316.3999938964844,320.94000244140625,311.7799987792969,314.3399963378906,31212100,0.0,0.0,GOOGL,2026-01-27 14:01:11.371457+00:00
2026-01-07 00:00:00-05:00,314.3599853515625,326.1499938964844,314.19000244140625,321.9800109863281,35104400,0.0,0.0,GOOGL,2026-01-27 14:01:11.371457+00:00
2026-01-08 00:00:00-05:00,328.9700012207031,330.32000732421875,321.5,325.44000244140625,31896100,0.0,0.0,GOOGL,2026-01-27 14:01:11.371457+00:00
2026-01-09 00:00:00-05:00,327.0899963378906,330.8299865722656,325.79998779296875,328.57000732421875,26214200,0.0,0.0,GOOGL,2026-01-27 14:01:11.371457+00:00
2026-01-12 00:00:00-05:00,325.79998779296875,334.0400085449219,325.0,331.8599853515625,33923900,0.0,0.0,GOOGL,2026-01-27 14:01:11.371457+00:00
2026-01-13 00:00:00-05:00,334.95001220703125,340.489990234375,333.6199951171875,335.9700012207031,33517600,0.0,0.0,GOOGL,2026-01-27 14:01:11.371457+00:00
2026-01-14 00:00:00-05:00,335.05999755859375,336.5199890136719,330.4800109863281,335.8399963378906,28525600,0.0,0.0,GOOGL,2026-01-27 14:01:11.371457+00:00
2026-01-15 00:00:00-05:00,337.6499938964844,337.69000244140625,330.739990234375,332.7799987792969,28442400,0.0,0.0,GOOGL,2026-01-27 14:01:11.371457+00:00
2026-01-16 00:00:00-05:00,334.4100036621094,334.6499938964844,327.70001220703125,330.0,40341600,0.0,0.0,GOOGL,2026-01-27 14:01:11.371457+00:00
2026-01-20 00:00:00-05:00,320.8699951171875,327.7300109863281,320.42999267578125,322.0,35361000,0.0,0.0,GOOGL,2026-01-27 14:01:11.371457+00:00
2026-01-21 00:00:00-05:00,320.9200134277344,332.4800109863281,319.3500061035156,328.3800048828125,35386600,0.0,0.0,GOOGL,2026-01-27 14:01:11.371457+00:00
2026-01-22 00:00:00-05:00,334.45001220703125,335.1499938964844,328.75,330.5400085449219,26253600,0.0,0.0,GOOGL,2026-01-27 14:01:11.371457+00:00
2026-01-23 00:00:00-05:00,332.489990234375,333.69000244140625,327.45001220703125,327.92999267578125,27280000,0.0,0.0,GOOGL,2026-01-27 14:01:11.371457+00:00
2026-01-26 00:00:00-05:00,327.80999755859375,335.8399963378906,327.0,333.260009765625,26011100,0.0,0.0,GOOGL,2026-01-27 14:01:11.371457+00:00
