Date,Open,High,Low,Close,Volume,Dividends,Stock Splits,symbol,extracted_at
2022-01-03 00:00:00-05:00,324.4789626840154,327.04305171040653,319.0895183249568,323.8984069824219,28865100,0.0,0.0,MSFT,2026-01-27 14:01:10.751124+00:00
2022-01-04 00:00:00-05:00,323.9757928660076,324.333823368685,315.54815346488107,318.344482421875,32674300,0.0,0.0,MSFT,2026-01-27 14:01:10.751124+00:00
2022-01-05 00:00:00-05:00,315.2965689226274,315.4997826044344,305.73687408915134,306.1239013671875,40054300,0.0,0.0,MSFT,2026-01-27 14:01:10.751124+00:00
2022-01-06 00:00:00-05:00,302.9986098361541,308.3687131905766,301.39241851651343,303.7049560546875,39646100,0.0,0.0,MSFT,2026-01-27 14:01:10.751124+00:00
2022-01-07 00:00:00-05:00,303.96622221255154,306.2400483826627,300.0378372243138,303.85980224609375,32720000,0.0,0.0,MSFT,2026-01-27 14:01:10.751124+00:00
2022-01-10 00:00:00-05:00,299.4572301875026,304.51769951844926,294.81284395605223,304.082275390625,44289500,0.0,0.0,MSFT,2026-01-27 14:01:10.751124+00:00
2022-01-11 00:00:00-05:00,303.2211788519228,306.34645318386146,299.84432347965804,304.7693176269531,29386800,0.0,0.0,MSFT,2026-01-27 14:01:10.751124+00:00
2022-01-12 00:00:00-05:00,309.30721526386515,312.92596558737677,306.80114975733375,307.95257568359375,34372200,0.0,0.0,MSFT,2026-01-27 14:01:10.751124+00:00
2022-01-13 00:00:00-05:00,310.0812872347779,310.477999759612,294.14519599434743,294.91925048828125,45366000,0.0,0.0,MSFT,2026-01-27 14:01:10.751124+00:00
2022-01-14 00:00:00-05:00,294.38718582980954,300.7442144807807,293.903394234362,300.1443176269531,39846400,0.0,0.0,MSFT,2026-01-27 14:01:10.751124+00:00
2022-01-18 00:00:00-05:00,294.21293945049706,299.7571705686531,291.95845475795755,292.8389587402344,42333200,0.0,0.0,MSFT,2026-01-27 14:01:10.751124+00:00
2022-01-19 00:00:00-05:00,296.36098446324274,303.73396167938847,292.8873652813076,293.4969177246094,45933900,0.0,0.0,MSFT,2026-01-27 14:01:10.751124+00:00
2022-01-20 00:00:00-05:00,299.0508745044083,301.54722556520954,291.37794866784134,291.8230285644531,35380700,0.0,0.0,MSFT,2026-01-27 14:01:10.751124+00:00
2022-01-21 00:00:00-05:00,292.8777000608215,294.25165138229846,286.0271958983454,286.43359375,57984400,0.0,0.0,MSFT,2026-01-27 14:01:10.751124+00:00
2022-01-24 00:00:00-05:00,282.727768608137,287.47857522376313,267.101279303545,286.7625732421875,85731500,0.0,0.0,MSFT,2026-01-27 14:01:10.751124+00:00
2022-01-25 00:00:00-05:00,282.06977569492784,285.4272897689935,275.92564748178614,279.13800048828125,72848600,0.0,0.0,MSFT,2026-01-27 14:01:10.751124+00:00
2022-01-26 00:00:00-05:00,298.00588813814414,298.4993649327911,283.53085426864396,287.091552734375,90428900,0.0,0.0,MSFT,2026-01-27 14:01:10.751124+00:00
2022-01-27 00:00:00-05:00,292.84867784956623,297.33824766891416,288.27199957427445,290.1200866699219,53481300,0.0,0.0,MSFT,2026-01-27 14:01:10.751124+00:00
2022-01-28 00:00:00-05:00,290.49743069503995,298.4799897848547,284.9048025987013,298.2671203613281,49743700,0.0,0.0,MSFT,2026-01-27 14:01:10.751124+00:00
2022-01-31 00:00:00-05:00,298.93479441062544,302.25359717758414,296.4384136116129,300.89898681640625,46444500,0.0,0.0,MSFT,2026-01-27 14:01:10.751124+00:00
2022-02-01 00:00:00-05:00,300.34739077879186,300.5602601832143,295.23855460093705,298.7508850097656,40950400,0.0,0.0,MSFT,2026-01-27 14:01:10.751124+00:00
2022-02-02 00:00:00-05:00,299.59275378047863,304.90477544054625,298.86706647048936,303.298583984375,36636000,0.0,0.0,MSFT,2026-01-27 14:01:10.751124+00:00
2022-02-03 00:00:00-05:00,299.4573120730052,301.14092690312145,290.2362454519294,291.48443603515625,43730000,0.0,0.0,MSFT,2026-01-27 14:01:10.751124+00:00
2022-02-04 00:00:00-05:00,290.478047823017,298.78958120984197,290.24583738111943,296.0223083496094,35096500,0.0,0.0,MSFT,2026-01-27 14:01:10.751124+00:00
2022-02-07 00:00:00-05:00,296.24484477716817,297.860691549558,290.17808160206255,291.1940612792969,28533300,0.0,0.0,MSFT,2026-01-27 14:01:10.751124+00:00
2022-02-08 00:00:00-05:00,291.48434523681885,295.65462512508105,290.2264992927546,294.6870422363281,32421200,0.0,0.0,MSFT,2026-01-27 14:01:10.751124+00:00
2022-02-09 00:00:00-05:00,299.8249328306882,301.81815140418445,297.4253459420539,301.1214904785156,31284700,0.0,0.0,MSFT,2026-01-27 14:01:10.751124+00:00
2022-02-10 00:00:00-05:00,294.18391946316234,299.0992277076315,290.95219605157683,292.5777282714844,45386200,0.0,0.0,MSFT,2026-01-27 14:01:10.751124+00:00
2022-02-11 00:00:00-05:00,293.3615038676102,294.4258511158453,284.68228282928357,285.4757080078125,39175600,0.0,0.0,MSFT,2026-01-27 14:01:10.751124+00:00
2022-02-14 00:00:00-05:00,284.24681310649265,287.13990600791016,281.9052790638438,285.43695068359375,36359500,0.0,0.0,MSFT,2026-01-27 14:01:10.751124+00:00
2022-02-15 00:00:00-05:00,290.2845344237078,291.04890359942823,287.3914416813156,290.7296142578125,27058300,0.0,0.0,MSFT,2026-01-27 14:01:10.751124+00:00
2022-02-16 00:00:00-05:00,289.29465510017036,291.7186141094078,284.74730563169356,290.3902893066406,29982100,0.62,0.0,MSFT,2026-01-27 14:01:10.751124+00:00
2022-02-17 00:00:00-05:00,287.34578532918516,287.772404486028,281.17924775374655,281.8870544433594,32461600,0.0,0.0,MSFT,2026-01-27 14:01:10.751124+00:00
2022-02-18 00:00:00-05:00,284.13644314148104,284.9218034378094,277.6014595831245,279.17218017578125,34264000,0.0,0.0,MSFT,2026-01-27 14:01:10.751124+00:00
2022-02-22 00:00:00-05:00,276.331359038796,282.6724448259665,275.8465671808332,278.9686279296875,41736100,0.0,0.0,MSFT,2026-01-27 14:01:10.751124+00:00
2022-02-23 00:00:00-05:00,281.35375501257334,282.8275409854315,271.5803655847503,271.74517822265625,37811200,0.0,0.0,MSFT,2026-01-27 14:01:10.751124+00:00
2022-02-24 00:00:00-05:00,264.2212450912512,286.1823084436964,263.2613371745761,285.629638671875,56989700,0.0,0.0,MSFT,2026-01-27 14:01:10.751124+00:00
2022-02-25 00:00:00-05:00,286.16295712554097,288.5772111518248,282.7790897770282,288.2669372558594,32546700,0.0,0.0,MSFT,2026-01-27 14:01:10.751124+00:00
2022-02-28 00:00:00-05:00,285.3580988142638,290.04120338234367,284.08794687966224,289.70184326171875,34627500,0.0,0.0,MSFT,2026-01-27 14:01:10.751124+00:00
2022-03-01 00:00:00-05:00,287.3846692197042,290.8460909305995,283.2639375417869,285.9787902832031,31217800,0.0,0.0,MSFT,2026-01-27 14:01:10.751124+00:00
2022-03-02 00:00:00-05:00,286.3762504716057,292.3004227417383,284.76676743872775,291.0593566894531,31873000,0.0,0.0,MSFT,2026-01-27 14:01:10.751124+00:00
2022-03-03 00:00:00-05:00,293.67715703394936,293.90984760260005,285.1060129570107,286.9191589355469,27314500,0.0,0.0,MSFT,2026-01-27 14:01:10.751124+00:00
2022-03-04 00:00:00-05:00,285.33879636039853,286.6671212997695,278.43536512644255,281.04351806640625,32356500,0.0,0.0,MSFT,2026-01-27 14:01:10.751124+00:00
2022-03-07 00:00:00-05:00,279.75396452482715,280.8786850901457,270.0581281920922,270.42657470703125,43157200,0.0,0.0,MSFT,2026-01-27 14:01:10.751124+00:00
2022-03-08 00:00:00-05:00,269.35029539224405,275.3229335452845,261.7875556211475,267.4596252441406,48159500,0.0,0.0,MSFT,2026-01-27 14:01:10.751124+00:00
2022-03-09 00:00:00-05:00,274.8187931136679,280.79143196991623,272.2396970446507,279.7248840332031,35204500,0.0,0.0,MSFT,2026-01-27 14:01:10.751124+00:00
2022-03-10 00:00:00-05:00,274.4115141100971,277.8826396429179,272.04572798060116,276.9033508300781,30628000,0.0,0.0,MSFT,2026-01-27 14:01:10.751124+00:00
2022-03-11 00:00:00-05:00,279.2012682861542,280.70414052887327,270.9307218618932,271.55126953125,27209300,0.0,0.0,MSFT,2026-01-27 14:01:10.751124+00:00
2022-03-14 00:00:00-04:00,271.81307809759875,276.7191690212427,267.43057063229696,268.0317077636719,30660700,0.0,0.0,MSFT,2026-01-27 14:01:10.751124+00:00
2022-03-15 00:00:00-04:00,271.822797240653,279.06558869061246,270.2520763750094,278.41595458984375,34245100,0.0,0.0,MSFT,2026-01-27 14:01:10.751124+00:00
2022-03-16 00:00:00-04:00,280.3162702005297,285.6102173906511,274.58605778034723,285.4356994628906,37826300,0.0,0.0,MSFT,2026-01-27 14:01:10.751124+00:00
2022-03-17 00:00:00-04:00,284.3691285875564,286.6185396265509,280.5683485745352,286.24041748046875,30816600,0.0,0.0,MSFT,2026-01-27 14:01:10.751124+00:00
2022-03-18 00:00:00-04:00,286.3859015665902,291.8446619377946,283.8262162636274,291.2919921875,43390600,0.0,0.0,MSFT,2026-01-27 14:01:10.751124+00:00
2022-03-21 00:00:00-04:00,289.79889199333064,291.0108716421582,285.9302328335173,290.0606689453125,28351200,0.0,0.0,MSFT,2026-01-27 14:01:10.751124+00:00
2022-03-22 00:00:00-04:00,290.68114890416,295.7229954158394,289.68247898846056,294.81158447265625,27599700,0.0,0.0,MSFT,2026-01-27 14:01:10.751124+00:00
2022-03-23 00:00:00-04:00,291.3695483106634,294.0068166256151,288.66440204897714,290.38055419921875,25715400,0.0,0.0,MSFT,2026-01-27 14:01:10.751124+00:00
2022-03-24 00:00:00-04:00,290.04124604725905,294.9473365902291,289.2461804109756,294.8503723144531,24484500,0.0,0.0,MSFT,2026-01-27 14:01:10.751124+00:00
2022-03-25 00:00:00-04:00,295.9460794588149,296.20785643754294,290.1867492119975,294.4432067871094,22566500,0.0,0.0,MSFT,2026-01-27 14:01:10.751124+00:00
2022-03-28 00:00:00-04:00,295.0733614546366,301.346568476762,295.0733614546366,301.2496337890625,29578200,0.0,0.0,MSFT,2026-01-27 14:01:10.751124+00:00
2022-03-29 00:00:00-04:00,304.36203066251414,306.21393912796776,299.64983837259945,305.81640625,30393400,0.0,0.0,MSFT,2026-01-27 14:01:10.751124+00:00
2022-03-30 00:00:00-04:00,304.21660289540057,306.339993647316,302.10288786010216,304.31353759765625,28163600,0.0,0.0,MSFT,2026-01-27 14:01:10.751124+00:00
2022-03-31 00:00:00-04:00,304.35224961733445,305.55455325788046,298.5250730010145,298.9322814941406,33422100,0.0,0.0,MSFT,2026-01-27 14:01:10.751124+00:00
2022-04-01 00:00:00-04:00,299.96007850505373,300.69697152169914,296.246586275612,300.0085754394531,27110500,0.0,0.0,MSFT,2026-01-27 14:01:10.751124+00:00
2022-04-04 00:00:00-04:00,300.6581674070127,305.52546630436024,300.28972091399,305.3897399902344,24289600,0.0,0.0,MSFT,2026-01-27 14:01:10.751124+00:00
2022-04-05 00:00:00-04:00,303.7414225568673,305.29276212664746,300.44484446442266,301.42413330078125,23156700,0.0,0.0,MSFT,2026-01-27 14:01:10.751124+00:00
2022-04-06 00:00:00-04:00,295.90722237881243,297.66216633435283,287.68514276731554,290.3902893066406,40110400,0.0,0.0,MSFT,2026-01-27 14:01:10.751124+00:00
2022-04-07 00:00:00-04:00,287.63663922691137,294.4140182952895,287.3360707147367,292.203369140625,31411200,0.0,0.0,MSFT,2026-01-27 14:01:10.751124+00:00
2022-04-08 00:00:00-04:00,291.3017431608268,291.96105300699253,287.2682712247313,287.9372863769531,24361900,0.0,0.0,MSFT,2026-01-27 14:01:10.751124+00:00
2022-04-11 00:00:00-04:00,282.9148149628091,283.7098510494845,276.3313338468451,276.58343505859375,34569300,0.0,0.0,MSFT,2026-01-27 14:01:10.751124+00:00
2022-04-12 00:00:00-04:00,280.44231514730166,281.8966903613932,271.95845973176773,273.480712890625,30966700,0.0,0.0,MSFT,2026-01-27 14:01:10.751124+00:00
2022-04-13 00:00:00-04:00,274.130364433045,279.80240446057144,272.74383748539003,278.8716125488281,21907200,0.0,0.0,MSFT,2026-01-27 14:01:10.751124+00:00
2022-04-14 00:00:00-04:00,279.3273432160326,279.54065279729,270.82410546962507,271.3185729980469,28221600,0.0,0.0,MSFT,2026-01-27 14:01:10.751124+00:00
2022-04-18 00:00:00-04:00,270.42653361861943,273.8685431580262,269.8738639301832,271.987548828125,20778000,0.0,0.0,MSFT,2026-01-27 14:01:10.751124+00:00
2022-04-19 00:00:00-04:00,270.88224409138223,277.46572436879006,269.94174690889537,276.6221618652344,22297700,0.0,0.0,MSFT,2026-01-27 14:01:10.751124+00:00
2022-04-20 00:00:00-04:00,280.59747515624474,280.8883679766164,276.690054609588,277.6499328613281,22906700,0.0,0.0,MSFT,2026-01-27 14:01:10.751124+00:00
2022-04-21 00:00:00-04:00,279.8024222293234,284.37885800425323,271.5415806106492,272.2687683105469,29454600,0.0,0.0,MSFT,2026-01-27 14:01:10.751124+00:00
2022-04-22 00:00:00-04:00,273.112284984401,274.5860709052862,265.06475342226594,265.6949768066406,29405800,0.0,0.0,MSFT,2026-01-27 14:01:10.751124+00:00
2022-04-25 00:00:00-04:00,264.97754897503074,272.5596713449549,262.5341790094944,272.1815490722656,35678900,0.0,0.0,MSFT,2026-01-27 14:01:10.751124+00:00
2022-04-26 00:00:00-04:00,269.0594525267125,269.89328023075717,261.7875754313959,262.0008850097656,46518400,0.0,0.0,MSFT,2026-01-27 14:01:10.751124+00:00
2022-04-27 00:00:00-04:00,273.5195094539181,282.1197103075881,270.66893161567555,274.6054382324219,63477700,0.0,0.0,MSFT,2026-01-27 14:01:10.751124+00:00
2022-04-28 00:00:00-04:00,276.51557221439435,282.1294700096168,272.89901443389357,280.8205261230469,33646600,0.0,0.0,MSFT,2026-01-27 14:01:10.751124+00:00
2022-04-29 00:00:00-04:00,279.8315688272619,281.0629592015001,268.08992310674057,269.0788879394531,37073900,0.0,0.0,MSFT,2026-01-27 14:01:10.751124+00:00
2022-05-02 00:00:00-04:00,269.26307913115687,276.27317988457435,267.81840889699976,275.8174743652344,35151100,0.0,0.0,MSFT,2026-01-27 14:01:10.751124+00:00
2022-05-03 00:00:00-04:00,275.3229441287677,275.4877863561019,271.62883306903626,273.2092590332031,25978600,0.0,0.0,MSFT,2026-01-27 14:01:10.751124+00:00
2022-05-04 00:00:00-04:00,273.99464411060274,282.03250097169206,268.3128980413791,281.1598815917969,33599300,0.0,0.0,MSFT,2026-01-27 14:01:10.751124+00:00
2022-05-05 00:00:00-04:00,276.8549558835807,277.6403163642119,265.99560590571105,268.9140625,43260400,0.0,0.0,MSFT,2026-01-27 14:01:10.751124+00:00
2022-05-06 00:00:00-04:00,266.4512719319163,270.7562255668046,263.0189376361337,266.37371826171875,37780300,0.0,0.0,MSFT,2026-01-27 14:01:10.751124+00:00
2022-05-09 00:00:00-04:00,261.8456760203789,264.07570588016165,255.3106937377557,256.5323486328125,47726000,0.0,0.0,MSFT,2026-01-27 14:01:10.751124+00:00
2022-05-10 00:00:00-04:00,263.4262167504731,265.42355694885816,257.0075769295124,261.3028259277344,39336400,0.0,0.0,MSFT,2026-01-27 14:01:10.751124+00:00
2022-05-11 00:00:00-04:00,257.59901537556465,263.1062442259027,251.41306603345745,252.6250457763672,48975900,0.0,0.0,MSFT,2026-01-27 14:01:10.751124+00:00
2022-05-12 00:00:00-04:00,249.85199770937754,251.97538813892353,242.41529334839248,247.5831756591797,51033800,0.0,0.0,MSFT,2026-01-27 14:01:10.751124+00:00
2022-05-13 00:00:00-04:00,249.52232362114918,255.0392561912561,247.5831565902319,253.17764282226562,34925100,0.0,0.0,MSFT,2026-01-27 14:01:10.751124+00:00
2022-05-16 00:00:00-04:00,252.0529146897847,257.73468930316983,248.00006282048204,253.54608154296875,32550900,0.0,0.0,MSFT,2026-01-27 14:01:10.751124+00:00
2022-05-17 00:00:00-04:00,258.0158590570985,260.168335678037,254.47688508920922,258.70428466796875,28828800,0.0,0.0,MSFT,2026-01-27 14:01:10.751124+00:00
2022-05-18 00:00:00-04:00,255.59442633817832,256.17753742497484,245.6524875951275,246.92559814453125,31356000,0.62,0.0,MSFT,2026-01-27 14:01:10.751124+00:00
2022-05-19 00:00:00-04:00,246.75066424287598,250.41452736184803,244.7875541882532,246.01206970214844,32692300,0.0,0.0,MSFT,2026-01-27 14:01:10.751124+00:00
2022-05-20 00:00:00-04:00,249.99656125235754,251.25997331712128,239.50068225877783,245.44834899902344,39199300,0.0,0.0,MSFT,2026-01-27 14:01:10.751124+00:00
2022-05-23 00:00:00-04:00,248.2958846153238,254.1366489134325,246.29387790737587,253.31057739257812,33175400,0.0,0.0,MSFT,2026-01-27 14:01:10.751124+00:00
2022-05-24 00:00:00-04:00,250.62836356197613,253.97147296907548,246.36196267456333,252.30963134765625,29043900,0.0,0.0,MSFT,2026-01-27 14:01:10.751124+00:00
2022-05-25 00:00:00-04:00,250.87127199454082,257.12990628779517,249.88970222522656,255.12791442871094,28547900,0.0,0.0,MSFT,2026-01-27 14:01:10.751124+00:00
2022-05-26 00:00:00-04:00,254.88498957150392,259.588701272369,254.06864585399154,258.41278076171875,25002100,0.0,0.0,MSFT,2026-01-27 14:01:10.751124+00:00
2022-05-27 00:00:00-04:00,260.92010410159867,265.643241139635,260.0259965721128,265.5460510253906,26910800,0.0,0.0,MSFT,2026-01-27 14:01:10.751124+00:00
2022-05-31 00:00:00-04:00,264.85604928536924,267.03296546550257,261.35741281139883,264.2146301269531,37827700,0.0,0.0,MSFT,2026-01-27 14:01:10.751124+00:00
2022-06-01 00:00:00-04:00,267.4509260743222,269.87080312577604,262.43621787387394,264.74920654296875,25292200,0.0,0.0,MSFT,2026-01-27 14:01:10.751124+00:00
2022-06-02 00:00:00-04:00,257.00356501404997,266.9163331602478,254.2338100694297,266.8482971191406,44008200,0.0,0.0,MSFT,2026-01-27 14:01:10.751124+00:00
2022-06-03 00:00:00-04:00,262.69855996137693,265.75015751179075,260.8520664352407,262.4167175292969,28059000,0.0,0.0,MSFT,2026-01-27 14:01:10.751124+00:00
2022-06-06 00:00:00-04:00,264.39935102940996,266.45965147122394,259.69563897248617,261.18255615234375,22400300,0.0,0.0,MSFT,2026-01-27 14:01:10.751124+00:00
2022-06-07 00:00:00-04:00,259.13195514945534,265.439199996227,258.45165391231484,264.8269348144531,22860700,0.0,0.0,MSFT,2026-01-27 14:01:10.751124+00:00
2022-06-08 00:00:00-04:00,264.0591896604282,265.3128741834113,262.0183154658259,262.7958068847656,17372300,0.0,0.0,MSFT,2026-01-27 14:01:10.751124+00:00
2022-06-09 00:00:00-04:00,260.23984343092275,265.03101725984766,257.17854713483496,257.33404541015625,26439700,0.0,0.0,MSFT,2026-01-27 14:01:10.751124+00:00
2022-06-10 00:00:00-04:00,253.24253313611206,253.24253313611206,245.41921820228913,245.86627197265625,31422800,0.0,0.0,MSFT,2026-01-27 14:01:10.751124+00:00
2022-06-13 00:00:00-04:00,238.20815546124874,242.00806063802048,234.72895987314584,235.4384002685547,46135800,0.0,0.0,MSFT,2026-01-27 14:01:10.751124+00:00
2022-06-14 00:00:00-04:00,236.99334100220605,238.82040832428856,234.7095068496029,237.60560607910156,28651500,0.0,0.0,MSFT,2026-01-27 14:01:10.751124+00:00
2022-06-15 00:00:00-04:00,241.31806207572347,248.11124235881286,239.4812814606915,244.67091369628906,33111700,0.0,0.0,MSFT,2026-01-27 14:01:10.751124+00:00
2022-06-16 00:00:00-04:00,239.05368334595116,240.45313815375846,236.17703942246422,238.07212829589844,33169200,0.0,0.0,MSFT,2026-01-27 14:01:10.751124+00:00
2022-06-17 00:00:00-04:00,237.80972023794652,243.4464064672868,237.1585879163122,240.67665100097656,43084800,0.0,0.0,MSFT,2026-01-27 14:01:10.751124+00:00
2022-06-21 00:00:00-04:00,243.2131485780948,247.57672404798697,242.48426715302713,246.5951690673828,29928300,0.0,0.0,MSFT,2026-01-27 14:01:10.751124+00:00
2022-06-22 00:00:00-04:00,244.7972301666433,249.9285685083653,243.32002647994867,246.0023193359375,25939900,0.0,0.0,MSFT,2026-01-27 14:01:10.751124+00:00
2022-06-23 00:00:00-04:00,248.37364534024357,252.06663275402386,246.4882696524393,251.57098388671875,25861400,0.0,0.0,MSFT,2026-01-27 14:01:10.751124+00:00
2022-06-24 00:00:00-04:00,254.43791604246806,260.43419339301283,254.35045383369882,260.1620788574219,33923200,0.0,0.0,MSFT,2026-01-27 14:01:10.751124+00:00
2022-06-27 00:00:00-04:00,260.65770592471864,260.74516813613343,255.86653250823528,257.43121337890625,24615100,0.0,0.0,MSFT,2026-01-27 14:01:10.751124+00:00
2022-06-28 00:00:00-04:00,256.546824812342,259.39431434341117,249.1025126077075,249.2580108642578,27295500,0.0,0.0,MSFT,2026-01-27 14:01:10.751124+00:00
2022-06-29 00:00:00-04:00,250.33674869588077,254.5934209161679,248.55827625903655,252.93157958984375,20069800,0.0,0.0,MSFT,2026-01-27 14:01:10.751124+00:00
2022-06-30 00:00:00-04:00,249.81192039392005,252.2220987114216,245.77878289484812,249.59811401367188,31730900,0.0,0.0,MSFT,2026-01-27 14:01:10.751124+00:00
2022-07-01 00:00:00-04:00,249.17055781580504,252.4553585095582,247.4406655990664,252.2707061767578,22837700,0.0,0.0,MSFT,2026-01-27 14:01:10.751124+00:00
2022-07-05 00:00:00-04:00,248.94699962740748,255.57496783684243,247.56698604768548,255.44862365722656,22941000,0.0,0.0,MSFT,2026-01-27 14:01:10.751124+00:00
2022-07-06 00:00:00-04:00,256.3232970437693,260.4438971435167,255.0113045680069,258.7140197753906,23824400,0.0,0.0,MSFT,2026-01-27 14:01:10.751124+00:00
2022-07-07 00:00:00-04:00,257.65470611483187,261.4837653703721,257.5575159983353,260.84234619140625,20859900,0.0,0.0,MSFT,2026-01-27 14:01:10.751124+00:00
2022-07-08 00:00:00-04:00,257.3340784115117,260.55087339545304,255.87631525897277,260.1232604980469,19658800,0.0,0.0,MSFT,2026-01-27 14:01:10.751124+00:00
2022-07-11 00:00:00-04:00,258.16977390244966,259.02499945053415,254.79748159613314,257.0618896484375,19455200,0.0,0.0,MSFT,2026-01-27 14:01:10.751124+00:00
2022-07-12 00:00:00-04:00,258.39329412629985,258.45160225974297,244.9429927815693,246.527099609375,35868500,0.0,0.0,MSFT,2026-01-27 14:01:10.751124+00:00
2022-07-13 00:00:00-04:00,243.14512305849968,246.41051237825036,241.12369016254638,245.6038818359375,29497400,0.0,0.0,MSFT,2026-01-27 14:01:10.751124+00:00
2022-07-14 00:00:00-04:00,243.5144383254252,247.95574821262494,239.01480546624109,246.92559814453125,25102800,0.0,0.0,MSFT,2026-01-27 14:01:10.751124+00:00
2022-07-15 00:00:00-04:00,248.51939960298733,253.0384582835576,247.59615280932707,249.49124145507812,29774100,0.0,0.0,MSFT,2026-01-27 14:01:10.751124+00:00
2022-07-18 00:00:00-04:00,252.4359355465149,253.4952396670065,246.16755820714366,247.09080505371094,20975000,0.0,0.0,MSFT,2026-01-27 14:01:10.751124+00:00
2022-07-19 00:00:00-04:00,250.32700351696752,252.40675925247564,246.53682634197378,252.22210693359375,25012600,0.0,0.0,MSFT,2026-01-27 14:01:10.751124+00:00
2022-07-20 00:00:00-04:00,252.58168831471335,257.4117434464244,251.61957438364064,254.88494873046875,22788300,0.0,0.0,MSFT,2026-01-27 14:01:10.751124+00:00
2022-07-21 00:00:00-04:00,252.474749395198,257.4311477190251,249.79245696290846,257.3825378417969,22404700,0.0,0.0,MSFT,2026-01-27 14:01:10.751124+00:00
2022-07-22 00:00:00-04:00,257.7713253194178,257.8587875277804,251.77507765501488,253.0287322998047,21881300,0.0,0.0,MSFT,2026-01-27 14:01:10.751124+00:00
2022-07-25 00:00:00-04:00,253.65076507358918,254.1366860794773,249.57874467158572,251.54185485839844,21056000,0.0,0.0,MSFT,2026-01-27 14:01:10.751124+00:00
2022-07-26 00:00:00-04:00,252.54279829754145,252.56225411501038,242.5425674350256,244.80694580078125,39348000,0.0,0.0,MSFT,2026-01-27 14:01:10.751124+00:00
2022-07-27 00:00:00-04:00,253.80618244101655,262.4458397490854,251.56123048216568,261.1727294921875,45994000,0.0,0.0,MSFT,2026-01-27 14:01:10.751124+00:00
2022-07-28 00:00:00-04:00,262.15436025094607,270.01655789466145,260.32729267977885,268.6268310546875,33459300,0.0,0.0,MSFT,2026-01-27 14:01:10.751124+00:00
2022-07-29 00:00:00-04:00,269.88046135026275,274.059368942466,268.840583577074,272.8348388671875,32152800,0.0,0.0,MSFT,2026-01-27 14:01:10.751124+00:00
2022-08-01 00:00:00-04:00,269.9971103708195,273.3596748735574,268.0728528273835,270.1817626953125,21539600,0.0,0.0,MSFT,2026-01-27 14:01:10.751124+00:00
2022-08-02 00:00:00-04:00,268.2283090561538,270.0651041041312,264.7102468493613,267.08154296875,22754200,0.0,0.0,MSFT,2026-01-27 14:01:10.751124+00:00
2022-08-03 00:00:00-04:00,268.96696554077175,275.5171702565812,268.8211655336045,274.51617431640625,23518900,0.0,0.0,MSFT,2026-01-27 14:01:10.751124+00:00
2022-08-04 00:00:00-04:00,273.86505032359116,275.8087342283953,272.28097285411656,275.6629638671875,18098700,0.0,0.0,MSFT,2026-01-27 14:01:10.751124+00:00
2022-08-05 00:00:00-04:00,271.28962159231065,275.66290951585654,270.83285477841,274.9437561035156,16774600,0.0,0.0,MSFT,2026-01-27 14:01:10.751124+00:00
2022-08-08 00:00:00-04:00,276.05164766060443,277.8690167147474,271.4548549906023,272.42669677734375,18739200,0.0,0.0,MSFT,2026-01-27 14:01:10.751124+00:00
2022-08-09 00:00:00-04:00,271.7658183747208,275.10892642826786,269.7929513160365,274.35089111328125,23405200,0.0,0.0,MSFT,2026-01-27 14:01:10.751124+00:00
2022-08-10 00:00:00-04:00,280.05570822424676,281.6495136024719,278.8603319468809,281.017822265625,24687800,0.0,0.0,MSFT,2026-01-27 14:01:10.751124+00:00
2022-08-11 00:00:00-04:00,282.6602203734145,283.0100692187593,278.44243011883435,278.93804931640625,20065900,0.0,0.0,MSFT,2026-01-27 14:01:10.751124+00:00
2022-08-12 00:00:00-04:00,280.35695809957093,283.69036865234375,278.8603132900209,283.69036865234375,22619700,0.0,0.0,MSFT,2026-01-27 14:01:10.751124+00:00
2022-08-15 00:00:00-04:00,282.8060006707274,285.89645087966176,281.9410471199956,285.2064514160156,18085700,0.0,0.0,MSFT,2026-01-27 14:01:10.751124+00:00
2022-08-16 00:00:00-04:00,283.7680766752534,285.7603701530743,282.2423075949929,284.4678039550781,18102900,0.0,0.0,MSFT,2026-01-27 14:01:10.751124+00:00
2022-08-17 00:00:00-04:00,282.1790792422317,285.6948899288405,281.91613572786963,283.7178649902344,18253400,0.62,0.0,MSFT,2026-01-27 14:01:10.751124+00:00
2022-08-18 00:00:00-04:00,282.61745934130954,284.29257692278867,281.5364094701018,282.5979919433594,17186200,0.0,0.0,MSFT,2026-01-27 14:01:10.751124+00:00
2022-08-19 00:00:00-04:00,281.3610071796506,281.701879702616,278.10816968065785,278.6827697753906,20570000,0.0,0.0,MSFT,2026-01-27 14:01:10.751124+00:00
2022-08-22 00:00:00-04:00,274.71900818026165,275.0890966994029,269.9858458890411,270.50201416015625,25061100,0.0,0.0,MSFT,2026-01-27 14:01:10.751124+00:00
2022-08-23 00:00:00-04:00,269.2261962890625,271.5830288322253,268.21332715946977,269.2261962890625,17527400,0.0,0.0,MSFT,2026-01-27 14:01:10.751124+00:00
2022-08-24 00:00:00-04:00,268.22308164579806,269.99559523146576,267.93089241978953,268.5931701660156,18137000,0.0,0.0,MSFT,2026-01-27 14:01:10.751124+00:00
2022-08-25 00:00:00-04:00,270.0930402651124,271.73894196905934,267.3563697985728,271.5733947753906,16583400,0.0,0.0,MSFT,2026-01-27 14:01:10.751124+00:00
2022-08-26 00:00:00-04:00,271.79735148063304,273.0244810979979,260.9870314615862,261.0941467285156,27549300,0.0,0.0,MSFT,2026-01-27 14:01:10.751124+00:00
2022-08-29 00:00:00-04:00,258.91256247792984,260.4221028280278,256.9647531378231,258.3087463378906,20338500,0.0,0.0,MSFT,2026-01-27 14:01:10.751124+00:00
2022-08-30 00:00:00-04:00,259.711155479428,260.08121426548763,253.8579792613374,256.1076965332031,22767100,0.0,0.0,MSFT,2026-01-27 14:01:10.751124+00:00
2022-08-31 00:00:00-04:00,258.464585387242,260.13967295694687,254.51050491907353,254.64686584472656,24791800,0.0,0.0,MSFT,2026-01-27 14:01:10.751124+00:00
2022-09-01 00:00:00-04:00,252.11469390871204,254.08200033825852,248.74499211600758,253.60476684570312,23263400,0.0,0.0,MSFT,2026-01-27 14:01:10.751124+00:00
2022-09-02 00:00:00-04:00,254.8708733039259,257.831522209211,247.8295315839085,249.37803649902344,22855400,0.0,0.0,MSFT,2026-01-27 14:01:10.751124+00:00
2022-09-06 00:00:00-04:00,249.5143726473492,251.10181219377696,245.36552950333498,246.64134216308594,21328200,0.0,0.0,MSFT,2026-01-27 14:01:10.751124+00:00
2022-09-07 00:00:00-04:00,248.05352047263693,252.07573671931658,246.61214569878825,251.3550567626953,24126700,0.0,0.0,MSFT,2026-01-27 14:01:10.751124+00:00
2022-09-08 00:00:00-04:00,250.79021068457934,253.63399578598168,248.14117383130036,251.77383422851562,20319900,0.0,0.0,MSFT,2026-01-27 14:01:10.751124+00:00
2022-09-09 00:00:00-04:00,253.7021534014361,258.30873295170056,253.4976417532625,257.5588073730469,22084700,0.0,0.0,MSFT,2026-01-27 14:01:10.751124+00:00
2022-09-12 00:00:00-04:00,258.8443581611644,260.4707918875841,258.2405420767768,259.691650390625,18747700,0.0,0.0,MSFT,2026-01-27 14:01:10.751124+00:00
2022-09-13 00:00:00-04:00,252.08549941911832,253.60478843632785,245.0246900517637,245.4142608642578,33353300,0.0,0.0,MSFT,2026-01-27 14:01:10.751124+00:00
2022-09-14 00:00:00-04:00,246.91405740824067,247.59578772613622,243.3398289424253,245.63824462890625,23913000,0.0,0.0,MSFT,2026-01-27 14:01:10.751124+00:00
2022-09-15 00:00:00-04:00,243.25218674358922,244.83964133633745,237.65223458820603,238.97674560546875,31530900,0.0,0.0,MSFT,2026-01-27 14:01:10.751124+00:00
2022-09-16 00:00:00-04:00,237.88595437992277,238.89882358010237,235.74336703268992,238.3534393310547,39791800,0.0,0.0,MSFT,2026-01-27 14:01:10.751124+00:00
2022-09-19 00:00:00-04:00,236.14268298899873,238.74300685593585,234.5649620689847,238.13919067382812,26826900,0.0,0.0,MSFT,2026-01-27 14:01:10.751124+00:00
2022-09-20 00:00:00-04:00,235.7531105348159,237.15552077631924,233.38651445985508,236.12318420410156,26660300,0.0,0.0,MSFT,2026-01-27 14:01:10.751124+00:00
2022-09-21 00:00:00-04:00,237.89568781443512,241.19722391131666,232.66580985308437,232.71450805664062,28625600,0.0,0.0,MSFT,2026-01-27 14:01:10.751124+00:00
2022-09-22 00:00:00-04:00,231.66271451815115,237.49640922958957,231.37055498618827,234.69155883789062,31061200,0.0,0.0,MSFT,2026-01-27 14:01:10.751124+00:00
2022-09-23 00:00:00-04:00,233.28914678516338,234.83766669484226,229.06240356442768,231.71142578125,34176000,0.0,0.0,MSFT,2026-01-27 14:01:10.751124+00:00
2022-09-26 00:00:00-04:00,230.8641214166978,235.14929632525457,230.71802678944272,231.25367736816406,27694200,0.0,0.0,MSFT,2026-01-27 14:01:10.751124+00:00
2022-09-27 00:00:00-04:00,233.71763077904288,235.49014435263194,228.38063752576426,230.2407989501953,27018700,0.0,0.0,MSFT,2026-01-27 14:01:10.751124+00:00
2022-09-28 00:00:00-04:00,230.6303919063113,236.0063505305547,228.6046681513702,234.77923583984375,29029700,0.0,0.0,MSFT,2026-01-27 14:01:10.751124+00:00
2022-09-29 00:00:00-04:00,232.65609511384054,233.68843172668625,228.29300618270508,231.3023681640625,27484200,0.0,0.0,MSFT,2026-01-27 14:01:10.751124+00:00
2022-09-30 00:00:00-04:00,232.07171756761375,234.26300288902516,226.65681043995602,226.82237243652344,35694800,0.0,0.0,MSFT,2026-01-27 14:01:10.751124+00:00
2022-10-03 00:00:00-04:00,229.26689591019425,235.30510173349654,228.5364674268769,234.4578094482422,28880400,0.0,0.0,MSFT,2026-01-27 14:01:10.751124+00:00
2022-10-04 00:00:00-04:00,238.69429935915923,243.82678128918718,238.58716924773375,242.38540649414062,34888400,0.0,0.0,MSFT,2026-01-27 14:01:10.751124+00:00
2022-10-05 00:00:00-04:00,239.5708111265556,244.0410299207372,237.7301319253864,242.69703674316406,20347100,0.0,0.0,MSFT,2026-01-27 14:01:10.751124+00:00
2022-10-06 00:00:00-04:00,241.46018055206,243.8072944010288,239.65846580764227,240.3499298095703,20239900,0.0,0.0,MSFT,2026-01-27 14:01:10.751124+00:00
2022-10-07 00:00:00-04:00,234.61363538940842,235.02268843917923,227.08535624814024,228.12744140625,37769600,0.0,0.0,MSFT,2026-01-27 14:01:10.751124+00:00
2022-10-10 00:00:00-04:00,226.96849528328906,228.43908604327487,220.81341039260693,223.2676544189453,29743600,0.0,0.0,MSFT,2026-01-27 14:01:10.751124+00:00
2022-10-11 00:00:00-04:00,221.68018361933272,223.08260876857707,218.26178346350437,219.52786254882812,30474000,0.0,0.0,MSFT,2026-01-27 14:01:10.751124+00:00
2022-10-12 00:00:00-04:00,219.51810569426297,221.91391771043942,218.11569545862955,219.85897827148438,21903900,0.0,0.0,MSFT,2026-01-27 14:01:10.751124+00:00
2022-10-13 00:00:00-04:00,214.11295342121704,229.93890473575348,213.41174085104754,228.12744140625,42551800,0.0,0.0,MSFT,2026-01-27 14:01:10.751124+00:00
2022-10-14 00:00:00-04:00,229.39350803929838,231.04915792889818,222.38139712434594,222.5956573486328,30198600,0.0,0.0,MSFT,2026-01-27 14:01:10.751124+00:00
2022-10-17 00:00:00-04:00,229.66618968507316,232.7242495317194,229.00392683019308,231.33155822753906,28142300,0.0,0.0,MSFT,2026-01-27 14:01:10.751124+00:00
2022-10-18 00:00:00-04:00,236.89258935569006,237.56457112933387,229.22794910689007,232.27627563476562,26329600,0.0,0.0,MSFT,2026-01-27 14:01:10.751124+00:00
2022-10-19 00:00:00-04:00,230.85437475930172,233.3573170929322,228.17613670425018,230.30899047851562,19985700,0.0,0.0,MSFT,2026-01-27 14:01:10.751124+00:00
2022-10-20 00:00:00-04:00,229.61753614885927,235.0129621385581,228.74101292283225,229.98760986328125,21811000,0.0,0.0,MSFT,2026-01-27 14:01:10.751124+00:00
2022-10-21 00:00:00-04:00,228.61439693552748,236.65884448891248,228.3806544553497,235.8018035888672,26299700,0.0,0.0,MSFT,2026-01-27 14:01:10.751124+00:00
2022-10-24 00:00:00-04:00,237.3989952337496,241.37252804090215,235.00319808540834,240.7979278564453,24911200,0.0,0.0,MSFT,2026-01-27 14:01:10.751124+00:00
2022-10-25 00:00:00-04:00,240.80765754624483,244.48901592120419,239.4149810348262,244.1189422607422,34775500,0.0,0.0,MSFT,2026-01-27 14:01:10.751124+00:00
2022-10-26 00:00:00-04:00,225.1375662552775,232.08151209348918,224.05653135483254,225.28366088867188,82543200,0.0,0.0,MSFT,2026-01-27 14:01:10.751124+00:00
2022-10-27 00:00:00-04:00,225.01096136720344,227.59181803699002,219.88822740268336,220.83291625976562,40424600,0.0,0.0,MSFT,2026-01-27 14:01:10.751124+00:00
2022-10-28 00:00:00-04:00,220.33618303310567,230.4258353283735,220.15113878058648,229.71487426757812,40647700,0.0,0.0,MSFT,2026-01-27 14:01:10.751124+00:00
2022-10-31 00:00:00-04:00,227.65996437056043,228.78969742408265,225.1180724304389,226.072509765625,28357300,0.0,0.0,MSFT,2026-01-27 14:01:10.751124+00:00
2022-11-01 00:00:00-04:00,228.47806626370723,229.58831711329057,221.3977743852499,222.21585083007812,30592300,0.0,0.0,MSFT,2026-01-27 14:01:10.751124+00:00
2022-11-02 00:00:00-04:00,223.47219453248943,225.26417573849062,214.29799854352845,214.3564453125,38407000,0.0,0.0,MSFT,2026-01-27 14:01:10.751124+00:00
2022-11-03 00:00:00-04:00,214.34668818412212,214.6583448304135,208.3961296970331,208.65908813476562,36633900,0.0,0.0,MSFT,2026-01-27 14:01:10.751124+00:00
2022-11-04 00:00:00-04:00,211.8729869376078,215.80755569299043,207.86048915628433,215.61277770996094,36789100,0.0,0.0,MSFT,2026-01-27 14:01:10.751124+00:00
2022-11-07 00:00:00-05:00,216.1971255856238,222.44959243568516,215.5056466591579,221.92367553710938,33498000,0.0,0.0,MSFT,2026-01-27 14:01:10.751124+00:00
2022-11-08 00:00:00-05:00,222.7319752355517,225.60499078425556,219.94660753280243,222.8975372314453,28192500,0.0,0.0,MSFT,2026-01-27 14:01:10.751124+00:00
2022-11-09 00:00:00-05:00,221.4367201317789,222.66384963798401,218.47605620531436,218.65135192871094,27852900,0.0,0.0,MSFT,2026-01-27 14:01:10.751124+00:00
2022-11-10 00:00:00-05:00,229.2863751045428,236.98023110784243,228.86760321897782,236.6393585205078,46268000,0.0,0.0,MSFT,2026-01-27 14:01:10.751124+00:00
2022-11-11 00:00:00-05:00,236.64913798358995,241.51866209227285,235.61678638963826,240.66162109375,34620200,0.0,0.0,MSFT,2026-01-27 14:01:10.751124+00:00
2022-11-14 00:00:00-05:00,235.67523987181346,237.5451353995129,232.96778557914993,235.24671936035156,31123300,0.0,0.0,MSFT,2026-01-27 14:01:10.751124+00:00
2022-11-15 00:00:00-05:00,239.2494265791224,240.55445528008838,233.76633849082606,235.6557159423828,31390100,0.0,0.0,MSFT,2026-01-27 14:01:10.751124+00:00
2022-11-16 00:00:00-05:00,237.12067984603283,238.10710518850516,234.80602574594815,236.08543395996094,24093300,0.68,0.0,MSFT,2026-01-27 14:01:10.751124+00:00
2022-11-17 00:00:00-05:00,232.22766434937833,237.5699370972691,232.0811729185345,236.03659057617188,23123500,0.0,0.0,MSFT,2026-01-27 14:01:10.751124+00:00
2022-11-18 00:00:00-05:00,237.82384620659892,238.04848625699648,233.4484618735236,235.5873260498047,27613500,0.0,0.0,MSFT,2026-01-27 14:01:10.751124+00:00
2022-11-21 00:00:00-05:00,235.79246222127256,238.95681170567795,235.55807589816013,236.3979949951172,26394700,0.0,0.0,MSFT,2026-01-27 14:01:10.751124+00:00
2022-11-22 00:00:00-05:00,237.90200273092586,239.5818407425711,235.08926284135723,239.30838012695312,19665700,0.0,0.0,MSFT,2026-01-27 14:01:10.751124+00:00
2022-11-23 00:00:00-05:00,239.38651834176036,242.48249493563225,238.56613647954853,241.79884338378906,19508500,0.0,0.0,MSFT,2026-01-27 14:01:10.751124+00:00
2022-11-25 00:00:00-05:00,241.53516337435977,242.89270545912507,240.9687049278587,241.71096801757812,9200800,0.0,0.0,MSFT,2026-01-27 14:01:10.751124+00:00
2022-11-28 00:00:00-05:00,240.33387852118813,240.89056091224674,235.17717104486601,236.11474609375,24778200,0.0,0.0,MSFT,2026-01-27 14:01:10.751124+00:00
2022-11-29 00:00:00-05:00,235.76314670175077,237.12068869969116,232.64764779898533,234.7181396484375,17956300,0.0,0.0,MSFT,2026-01-27 14:01:10.751124+00:00
2022-11-30 00:00:00-05:00,234.95252448977655,249.36786250056446,234.25909694374434,249.1822967529297,47594200,0.0,0.0,MSFT,2026-01-27 14:01:10.751124+00:00
2022-12-01 00:00:00-05:00,247.9419535295198,250.13941445901602,245.06084106912186,248.74281311035156,26041500,0.0,0.0,MSFT,2026-01-27 14:01:10.751124+00:00
2022-12-02 00:00:00-05:00,243.98653586131007,250.08081797025935,243.85956668321174,249.0651092529297,21528500,0.0,0.0,MSFT,2026-01-27 14:01:10.751124+00:00
2022-12-05 00:00:00-05:00,246.12538359731664,247.8931313402829,242.2676218605377,244.35765075683594,23435300,0.0,0.0,MSFT,2026-01-27 14:01:10.751124+00:00
2022-12-06 00:00:00-05:00,244.9631836631235,245.97889237423144,238.08756427144374,239.39627075195312,22463700,0.0,0.0,MSFT,2026-01-27 14:01:10.751124+00:00
2022-12-07 00:00:00-05:00,239.11308365788204,240.41202919852526,236.55426689950292,238.663818359375,20481500,0.0,0.0,MSFT,2026-01-27 14:01:10.751124+00:00
2022-12-08 00:00:00-05:00,239.12281178477338,242.93175300820135,237.38437721752427,241.62303161621094,22611800,0.0,0.0,MSFT,2026-01-27 14:01:10.751124+00:00
2022-12-09 00:00:00-05:00,238.98609654359035,242.51180134599122,238.4587124437862,239.6892852783203,20609700,0.0,0.0,MSFT,2026-01-27 14:01:10.751124+00:00
2022-12-12 00:00:00-05:00,241.67188039318714,246.64302204339194,241.39841976544412,246.6137237548828,30665100,0.0,0.0,MSFT,2026-01-27 14:01:10.751124+00:00
2022-12-13 00:00:00-05:00,255.57936772226543,257.75730647644866,247.16065519497627,250.92076110839844,42196900,0.0,0.0,MSFT,2026-01-27 14:01:10.751124+00:00
2022-12-14 00:00:00-05:00,251.1258502529427,256.458347318601,248.37169195338248,251.2137451171875,35410900,0.0,0.0,MSFT,2026-01-27 14:01:10.751124+00:00
2022-12-15 00:00:00-05:00,247.7954592877002,248.26424677465207,241.56443204275277,243.1954345703125,35560400,0.0,0.0,MSFT,2026-01-27 14:01:10.751124+00:00
2022-12-16 00:00:00-05:00,242.74616973438398,244.00604068729888,237.82384925686793,238.97630310058594,86102000,0.0,0.0,MSFT,2026-01-27 14:01:10.751124+00:00
2022-12-19 00:00:00-05:00,239.14232316975992,239.48415634998406,233.1359365642747,234.83529663085938,29696400,0.0,0.0,MSFT,2026-01-27 14:01:10.751124+00:00
2022-12-20 00:00:00-05:00,233.80985639122517,237.2379052640561,232.8527441683276,236.15382385253906,25150800,0.0,0.0,MSFT,2026-01-27 14:01:10.751124+00:00
2022-12-21 00:00:00-05:00,236.04637204350925,239.88459664487903,234.5032643589745,238.72238159179688,23690600,0.0,0.0,MSFT,2026-01-27 14:01:10.751124+00:00
2022-12-22 00:00:00-05:00,235.62640311504308,236.33936782887625,228.40896543431774,232.6280975341797,28651700,0.0,0.0,MSFT,2026-01-27 14:01:10.751124+00:00
2022-12-23 00:00:00-05:00,230.5966857124809,233.2922326364392,228.47735834613724,233.15550231933594,21207000,0.0,0.0,MSFT,2026-01-27 14:01:10.751124+00:00
2022-12-27 00:00:00-05:00,233.1261944200352,233.35081959548367,230.32321558372178,231.4268341064453,16688600,0.0,0.0,MSFT,2026-01-27 14:01:10.751124+00:00
2022-12-28 00:00:00-05:00,231.35845128578754,234.122370583587,228.70196400671827,229.05355834960938,17457100,0.0,0.0,MSFT,2026-01-27 14:01:10.751124+00:00
2022-12-29 00:00:00-05:00,230.14740695846007,236.27100238515564,230.14740695846007,235.3822479248047,19770700,0.0,0.0,MSFT,2026-01-27 14:01:10.751124+00:00
2022-12-30 00:00:00-05:00,232.64762583994687,234.35676203802836,231.13381651257768,234.22003173828125,21938500,0.0,0.0,MSFT,2026-01-27 14:01:10.751124+00:00
2023-01-03 00:00:00-05:00,237.40391403529475,240.011565882423,231.85653825258547,233.9856414794922,25740000,0.0,0.0,MSFT,2026-01-27 14:01:10.751124+00:00
2023-01-04 00:00:00-05:00,226.85610390975128,227.43232343462765,220.6836879280111,223.7503662109375,50623400,0.0,0.0,MSFT,2026-01-27 14:01:10.751124+00:00
2023-01-05 00:00:00-05:00,221.89474199984065,222.23657525283872,216.58176684830784,217.11892700195312,39585600,0.0,0.0,MSFT,2026-01-27 14:01:10.751124+00:00
2023-01-06 00:00:00-05:00,217.79279312709332,220.4883398206325,214.22802915573828,219.67771911621094,43613600,0.0,0.0,MSFT,2026-01-27 14:01:10.751124+00:00
2023-01-09 00:00:00-05:00,221.16222088392175,225.840379162237,221.12316147080284,221.8165740966797,27369800,0.0,0.0,MSFT,2026-01-27 14:01:10.751124+00:00
2023-01-10 00:00:00-05:00,222.4416360207006,225.90874396659487,222.02168398090183,223.50619506835938,27033900,0.0,0.0,MSFT,2026-01-27 14:01:10.751124+00:00
2023-01-11 00:00:00-05:00,225.8891882309857,230.44037710617866,225.71339852715076,230.26458740234375,28669300,0.0,0.0,MSFT,2026-01-27 14:01:10.751124+00:00
2023-01-12 00:00:00-05:00,229.76648760410552,234.2981393389428,228.10618692887127,232.9405975341797,27269500,0.0,0.0,MSFT,2026-01-27 14:01:10.751124+00:00
2023-01-13 00:00:00-05:00,231.46589026262427,233.78054439645499,229.4344578762405,233.64381408691406,21333300,0.0,0.0,MSFT,2026-01-27 14:01:10.751124+00:00
2023-01-17 00:00:00-05:00,232.41322563168038,235.28457684093857,231.5537695139473,234.73765563964844,29831300,0.0,0.0,MSFT,2026-01-27 14:01:10.751124+00:00
2023-01-18 00:00:00-05:00,235.92915894025876,236.72024242309445,230.02042818598304,230.30364990234375,30028700,0.0,0.0,MSFT,2026-01-27 14:01:10.751124+00:00
2023-01-19 00:00:00-05:00,228.32105876899536,230.02043381620862,225.29344015559448,226.51425170898438,28623000,0.0,0.0,MSFT,2026-01-27 14:01:10.751124+00:00
2023-01-20 00:00:00-05:00,229.37587644436226,235.11857962918376,229.03404319669926,234.6107177734375,35389800,0.0,0.0,MSFT,2026-01-27 14:01:10.751124+00:00
2023-01-23 00:00:00-05:00,235.47015159128358,239.44510648286737,234.0539981879018,236.91558837890625,31934000,0.0,0.0,MSFT,2026-01-27 14:01:10.751124+00:00
2023-01-24 00:00:00-05:00,236.83746410442902,238.2536026618758,234.82556885560982,236.38819885253906,40234400,0.0,0.0,MSFT,2026-01-27 14:01:10.751124+00:00
2023-01-25 00:00:00-05:00,229.00474220423706,237.6187968797975,225.50833563928637,234.99160766601562,66526600,0.0,0.0,MSFT,2026-01-27 14:01:10.751124+00:00
2023-01-26 00:00:00-05:00,237.96062965186184,242.51181961038344,236.34916403985792,242.2090606689453,33454500,0.0,0.0,MSFT,2026-01-27 14:01:10.751124+00:00
2023-01-27 00:00:00-05:00,243.17591612262385,243.99629796325885,241.06635004457462,242.36529541015625,26498900,0.0,0.0,MSFT,2026-01-27 14:01:10.751124+00:00
2023-01-30 00:00:00-05:00,238.8005289422948,239.86508806743547,236.54447131176642,237.04257202148438,25867400,0.0,0.0,MSFT,2026-01-27 14:01:10.751124+00:00
2023-01-31 00:00:00-05:00,237.76529133415198,242.16021359505123,237.2769666384965,242.0234832763672,26541100,0.0,0.0,MSFT,2026-01-27 14:01:10.751124+00:00
2023-02-01 00:00:00-05:00,242.20904474607445,249.22138009802924,239.73812302211383,246.84812927246094,31259900,0.0,0.0,MSFT,2026-01-27 14:01:10.751124+00:00
2023-02-02 00:00:00-05:00,252.77632563075434,258.50925104302513,251.2429794001739,258.4213562011719,39940400,0.0,0.0,MSFT,2026-01-27 14:01:10.751124+00:00
2023-02-03 00:00:00-05:00,253.4795673448407,258.0307566536459,251.09654067147537,252.31735229492188,29077300,0.0,0.0,MSFT,2026-01-27 14:01:10.751124+00:00
2023-02-06 00:00:00-05:00,251.42859910463446,252.26850319934903,248.83070838044688,250.77423095703125,22518000,0.0,0.0,MSFT,2026-01-27 14:01:10.751124+00:00
2023-02-07 00:00:00-05:00,254.44650236769075,262.4940850050237,254.00699815459296,261.3123474121094,50841400,0.0,0.0,MSFT,2026-01-27 14:01:10.751124+00:00
2023-02-08 00:00:00-05:00,266.8206631444049,270.2975330819385,259.9938626718781,260.5017395019531,54686000,0.0,0.0,MSFT,2026-01-27 14:01:10.751124+00:00
2023-02-09 00:00:00-05:00,267.4066092650487,267.5824288189988,256.6634652436556,257.4643249511719,42375100,0.0,0.0,MSFT,2026-01-27 14:01:10.751124+00:00
2023-02-10 00:00:00-05:00,255.42310477455004,257.9233247404557,254.57342460398476,256.9564514160156,25818500,0.0,0.0,MSFT,2026-01-27 14:01:10.751124+00:00
2023-02-13 00:00:00-05:00,261.39046487819326,268.1879364908774,260.9118863953709,264.9845275878906,44630900,0.0,0.0,MSFT,2026-01-27 14:01:10.751124+00:00
2023-02-14 00:00:00-05:00,266.3029608494868,268.54924217498206,262.9921056261591,265.81463623046875,37047900,0.0,0.0,MSFT,2026-01-27 14:01:10.751124+00:00
2023-02-15 00:00:00-05:00,262.71093736345534,265.07056133423544,260.6156584468026,263.6900329589844,28922400,0.68,0.0,MSFT,2026-01-27 14:01:10.751124+00:00
2023-02-16 00:00:00-05:00,258.5007952473413,261.16393632712175,256.42511747097006,256.6698913574219,29603600,0.0,0.0,MSFT,2026-01-27 14:01:10.751124+00:00
2023-02-17 00:00:00-05:00,253.96760380179387,254.65295274483813,250.64845561375148,252.66539001464844,30000100,0.0,0.0,MSFT,2026-01-27 14:01:10.751124+00:00
2023-02-21 00:00:00-05:00,249.16023738002588,250.14913347081608,246.33065176998883,247.38807678222656,28397400,0.0,0.0,MSFT,2026-01-27 14:01:10.751124+00:00
2023-02-22 00:00:00-05:00,248.77838767780975,249.0231615682259,245.10677932156742,246.2523193359375,22491100,0.0,0.0,MSFT,2026-01-27 14:01:10.751124+00:00
2023-02-23 00:00:00-05:00,250.21766227886485,251.47090341728688,245.24385497458428,249.44418334960938,29219100,0.0,0.0,MSFT,2026-01-27 14:01:10.751124+00:00
2023-02-24 00:00:00-05:00,244.73472895258075,245.75298174565887,242.9136106416539,244.01019287109375,24990900,0.0,0.0,MSFT,2026-01-27 14:01:10.751124+00:00
2023-02-27 00:00:00-05:00,247.18248010394746,247.53495511519347,244.17664946084787,244.93055725097656,21190000,0.0,0.0,MSFT,2026-01-27 14:01:10.751124+00:00
2023-02-28 00:00:00-05:00,243.86333443445264,246.23274385931393,243.53043059507243,244.2060089111328,22491000,0.0,0.0,MSFT,2026-01-27 14:01:10.751124+00:00
2023-03-01 00:00:00-05:00,245.51798599082042,245.6844304356118,240.6518800855354,241.12185668945312,27565300,0.0,0.0,MSFT,2026-01-27 14:01:10.751124+00:00
2023-03-02 00:00:00-05:00,241.3960138819759,246.14461839541934,240.47566166300976,245.86068725585938,24808200,0.0,0.0,MSFT,2026-01-27 14:01:10.751124+00:00
2023-03-03 00:00:00-05:00,246.91810564854498,250.27639616638209,246.1348262316736,249.9532928466797,30760100,0.0,0.0,MSFT,2026-01-27 14:01:10.751124+00:00
2023-03-06 00:00:00-05:00,251.06945498374236,254.6823198135749,250.62886499128248,251.50025939941406,24109800,0.0,0.0,MSFT,2026-01-27 14:01:10.751124+00:00
2023-03-07 00:00:00-05:00,250.94217713898314,252.30313429367388,248.09302044698885,248.83712768554688,21473200,0.0,0.0,MSFT,2026-01-27 14:01:10.751124+00:00
2023-03-08 00:00:00-05:00,248.7294190422308,249.21896680166975,245.56694469940246,248.3965301513672,17340200,0.0,0.0,MSFT,2026-01-27 14:01:10.751124+00:00
2023-03-09 00:00:00-05:00,250.47226024324826,254.13406846962502,246.320889244456,247.04542541503906,26653400,0.0,0.0,MSFT,2026-01-27 14:01:10.751124+00:00
2023-03-10 00:00:00-05:00,245.8313095923703,247.50555459686285,242.4240613016346,243.3933563232422,28333900,0.0,0.0,MSFT,2026-01-27 14:01:10.751124+00:00
2023-03-13 00:00:00-04:00,242.2282164863087,252.51851957276,240.59312882269185,248.61192321777344,33339700,0.0,0.0,MSFT,2026-01-27 14:01:10.751124+00:00
2023-03-14 00:00:00-04:00,251.38280884404745,255.61250923504636,250.51141431069084,255.33836364746094,33620300,0.0,0.0,MSFT,2026-01-27 14:01:10.751124+00:00
2023-03-15 00:00:00-04:00,254.5452601893461,260.9093809729157,253.79133752741032,259.89111328125,46028000,0.0,0.0,MSFT,2026-01-27 14:01:10.751124+00:00
2023-03-16 00:00:00-04:00,259.66589855598056,270.77863800186395,257.77625148946686,270.4261779785156,54768800,0.0,0.0,MSFT,2026-01-27 14:01:10.751124+00:00
2023-03-17 00:00:00-04:00,272.4430981505929,277.40708916718296,270.5436506662001,273.588623046875,69527400,0.0,0.0,MSFT,2026-01-27 14:01:10.751124+00:00
2023-03-20 00:00:00-04:00,271.18988829736253,271.6794360581046,264.20893244844024,266.5391845703125,43466600,0.0,0.0,MSFT,2026-01-27 14:01:10.751124+00:00
2023-03-21 00:00:00-04:00,269.1338043529948,269.2512910447104,263.8858363792266,268.0567932128906,34558700,0.0,0.0,MSFT,2026-01-27 14:01:10.751124+00:00
2023-03-22 00:00:00-04:00,267.68471260704814,275.16501681749725,266.49021486222443,266.5979309082031,34873300,0.0,0.0,MSFT,2026-01-27 14:01:10.751124+00:00
2023-03-23 00:00:00-04:00,272.12982794030694,275.184601369669,269.44711561214615,271.8556823730469,36610900,0.0,0.0,MSFT,2026-01-27 14:01:10.751124+00:00
2023-03-24 00:00:00-04:00,271.44442920855886,274.76357732451373,269.5254103782394,274.704833984375,28172000,0.0,0.0,MSFT,2026-01-27 14:01:10.751124+00:00
2023-03-27 00:00:00-04:00,274.63631661296625,275.57624002545316,269.7604097538673,270.6024475097656,26840200,0.0,0.0,MSFT,2026-01-27 14:01:10.751124+00:00
2023-03-28 00:00:00-04:00,270.02476204854537,270.3674514567512,266.3629244825979,269.4764709472656,21878600,0.0,0.0,MSFT,2026-01-27 14:01:10.751124+00:00
2023-03-29 00:00:00-04:00,273.12847169713626,275.26292259083164,272.58998112520123,274.6460876464844,25087000,0.0,0.0,MSFT,2026-01-27 14:01:10.751124+00:00
2023-03-30 00:00:00-04:00,278.2883815165173,278.513554404513,275.5958683420122,278.11212158203125,25053400,0.0,0.0,MSFT,2026-01-27 14:01:10.751124+00:00
2023-03-31 00:00:00-04:00,277.79878010007826,283.22294771783334,277.0840296203647,282.2732238769531,32766000,0.0,0.0,MSFT,2026-01-27 14:01:10.751124+00:00
2023-04-03 00:00:00-04:00,280.5304371238125,282.243854280698,278.01418435050056,281.2256164550781,24883300,0.0,0.0,MSFT,2026-01-27 14:01:10.751124+00:00
2023-04-04 00:00:00-04:00,281.2256389673713,284.3783279836004,279.6982522270493,281.1766662597656,25824300,0.0,0.0,MSFT,2026-01-27 14:01:10.751124+00:00
2023-04-05 00:00:00-04:00,279.87447046132644,281.14728273137956,277.00572765537777,278.3960266113281,22064800,0.0,0.0,MSFT,2026-01-27 14:01:10.751124+00:00
2023-04-06 00:00:00-04:00,277.2896463361067,285.9742192087345,276.1343207416053,285.5042724609375,29770300,0.0,0.0,MSFT,2026-01-27 14:01:10.751124+00:00
2023-04-10 00:00:00-04:00,283.16419420739436,283.5460557851989,278.75826456602096,283.3404541015625,23103000,0.0,0.0,MSFT,2026-01-27 14:01:10.751124+00:00
2023-04-11 00:00:00-04:00,279.77654407914395,280.00174680479614,275.75247584510697,276.9175720214844,27276600,0.0,0.0,MSFT,2026-01-27 14:01:10.751124+00:00
2023-04-12 00:00:00-04:00,278.83662385276324,281.01021712063323,276.0657667752644,277.56378173828125,27403400,0.0,0.0,MSFT,2026-01-27 14:01:10.751124+00:00
2023-04-13 00:00:00-04:00,277.66171935623237,283.8398102405288,277.2505159342496,283.78106689453125,24222700,0.0,0.0,MSFT,2026-01-27 14:01:10.751124+00:00
2023-04-14 00:00:00-04:00,281.0004245840228,282.4494967636299,277.7596206838942,280.1584167480469,20987900,0.0,0.0,MSFT,2026-01-27 14:01:10.751124+00:00
2023-04-17 00:00:00-04:00,283.8692002700218,285.50430318502544,280.1780203528942,282.7628173828125,23836200,0.0,0.0,MSFT,2026-01-27 14:01:10.751124+00:00
2023-04-18 00:00:00-04:00,285.47488392928074,285.6609144658387,281.0102108111372,282.3417663574219,20161800,0.0,0.0,MSFT,2026-01-27 14:01:10.751124+00:00
2023-04-19 00:00:00-04:00,280.01153882810775,283.0075689496162,278.5918681473136,282.4201354980469,17150300,0.0,0.0,MSFT,2026-01-27 14:01:10.751124+00:00
2023-04-20 00:00:00-04:00,279.28699001904164,282.98796979588815,279.1205306378155,280.1289978027344,23244400,0.0,0.0,MSFT,2026-01-27 14:01:10.751124+00:00
2023-04-21 00:00:00-04:00,279.0520552301976,280.285695406569,277.1428067987354,279.786376953125,21676400,0.0,0.0,MSFT,2026-01-27 14:01:10.751124+00:00
2023-04-24 00:00:00-04:00,276.19301740569233,278.9932457830926,272.8934706931475,275.87969970703125,26611000,0.0,0.0,MSFT,2026-01-27 14:01:10.751124+00:00
2023-04-25 00:00:00-04:00,273.6669722958412,275.71327815222014,269.61350288682667,269.6624755859375,45772200,0.0,0.0,MSFT,2026-01-27 14:01:10.751124+00:00
2023-04-26 00:00:00-04:00,290.49764832472823,293.30764764371935,286.61063797416637,289.1954345703125,64599200,0.0,0.0,MSFT,2026-01-27 14:01:10.751124+00:00
2023-04-27 00:00:00-04:00,289.78287058448984,298.81993200325854,289.0779206919361,298.4576416015625,46462600,0.0,0.0,MSFT,2026-01-27 14:01:10.751124+00:00
2023-04-28 00:00:00-04:00,297.65488365834915,302.47201761342075,296.96950473874074,300.8369445800781,36469600,0.0,0.0,MSFT,2026-01-27 14:01:10.751124+00:00
2023-05-01 00:00:00-04:00,300.5529525833872,302.14888305967634,298.7709915681672,299.17242431640625,21294100,0.0,0.0,MSFT,2026-01-27 14:01:10.751124+00:00
2023-05-02 00:00:00-04:00,301.32648498759136,302.71678406961206,297.55696078190715,299.0256042480469,26404400,0.0,0.0,MSFT,2026-01-27 14:01:10.751124+00:00
2023-05-03 00:00:00-04:00,300.21027546467184,302.1586660652437,297.733164896042,298.03668212890625,22360800,0.0,0.0,MSFT,2026-01-27 14:01:10.751124+00:00
2023-05-04 00:00:00-04:00,299.83824048560797,301.32648498759136,297.0576124419387,299.0256042480469,22519900,0.0,0.0,MSFT,2026-01-27 14:01:10.751124+00:00
2023-05-05 00:00:00-04:00,299.32904226537187,305.44838842096743,297.90934200542574,304.1559753417969,28197100,0.0,0.0,MSFT,2026-01-27 14:01:10.751124+00:00
2023-05-08 00:00:00-04:00,303.6469176772524,303.7154615391141,299.6913631590147,302.1978454589844,21318600,0.0,0.0,MSFT,2026-01-27 14:01:10.751124+00:00
2023-05-09 00:00:00-04:00,301.5614626011553,303.558826109355,299.9067885491099,300.5823669433594,21340800,0.0,0.0,MSFT,2026-01-27 14:01:10.751124+00:00
2023-05-10 00:00:00-04:00,302.1684462755373,306.4568893157109,301.23832348494085,305.78131103515625,30078000,0.0,0.0,MSFT,2026-01-27 14:01:10.751124+00:00
2023-05-11 00:00:00-04:00,303.61754869817486,304.6162154441753,299.8578252148701,303.6273193359375,31680200,0.0,0.0,MSFT,2026-01-27 14:01:10.751124+00:00
2023-05-12 00:00:00-04:00,304.0581273381705,304.1560428743244,300.1907176369154,302.51116943359375,19774700,0.0,0.0,MSFT,2026-01-27 14:01:10.751124+00:00
2023-05-15 00:00:00-04:00,302.6384456998606,303.42171020151784,301.16000183238515,302.99090576171875,16336500,0.0,0.0,MSFT,2026-01-27 14:01:10.751124+00:00
2023-05-16 00:00:00-04:00,303.35312967414006,307.1520247952151,303.35312967414006,305.22320556640625,26730300,0.0,0.0,MSFT,2026-01-27 14:01:10.751124+00:00
2023-05-17 00:00:00-04:00,306.4301577933981,308.5299869808576,304.90922423008425,308.1080627441406,24315000,0.68,0.0,MSFT,2026-01-27 14:01:10.751124+00:00
2023-05-18 00:00:00-04:00,308.6281218082049,313.0535052333268,307.83332313670064,312.5432434082031,27276000,0.0,0.0,MSFT,2026-01-27 14:01:10.751124+00:00
2023-05-19 00:00:00-04:00,310.79668509180397,312.76897905978745,310.4336325582829,312.3666687011719,27546700,0.0,0.0,MSFT,2026-01-27 14:01:10.751124+00:00
2023-05-22 00:00:00-04:00,312.62177529023154,316.53689709363704,312.04284968121516,315.1533508300781,24115700,0.0,0.0,MSFT,2026-01-27 14:01:10.751124+00:00
2023-05-23 00:00:00-04:00,314.0249365560636,316.664463629214,309.33462996251853,309.3444519042969,30797200,0.0,0.0,MSFT,2026-01-27 14:01:10.751124+00:00
2023-05-24 00:00:00-04:00,308.8243994042462,310.5611762447715,306.7441540494219,307.9609069824219,23384900,0.0,0.0,MSFT,2026-01-27 14:01:10.751124+00:00
2023-05-25 00:00:00-04:00,317.17473844488717,320.76606606309167,313.9955431528481,319.8044738769531,43301700,0.0,0.0,MSFT,2026-01-27 14:01:10.751124+00:00
2023-05-26 00:00:00-04:00,317.9400583040085,327.14405620676587,317.8027008438637,326.6436462402344,36630600,0.0,0.0,MSFT,2026-01-27 14:01:10.751124+00:00
2023-05-30 00:00:00-04:00,328.9397971294878,329.44020719092356,324.3181534180476,324.9952087402344,29503100,0.0,0.0,MSFT,2026-01-27 14:01:10.751124+00:00
2023-05-31 00:00:00-04:00,326.0549334794957,329.63643905148126,321.1879811403836,322.2281188964844,45950600,0.0,0.0,MSFT,2026-01-27 14:01:10.751124+00:00
2023-06-01 00:00:00-04:00,319.81423378408647,327.2716331746607,318.62694664026094,326.3394470214844,26773900,0.0,0.0,MSFT,2026-01-27 14:01:10.751124+00:00
2023-06-02 00:00:00-04:00,327.9781519067527,331.167169090588,326.3100386326135,329.1065673828125,25873800,0.0,0.0,MSFT,2026-01-27 14:01:10.751124+00:00
2023-06-05 00:00:00-04:00,328.9298920270993,332.20721626429463,328.38040233133853,329.6363830566406,21307100,0.0,0.0,MSFT,2026-01-27 14:01:10.751124+00:00
2023-06-06 00:00:00-04:00,329.03782599435294,329.07708381551254,325.9371468564524,327.4187927246094,20396200,0.0,0.0,MSFT,2026-01-27 14:01:10.751124+00:00
2023-06-07 00:00:00-04:00,325.42688293374783,328.2135893193703,316.4485803635837,317.31207275390625,40717100,0.0,0.0,MSFT,2026-01-27 14:01:10.751124+00:00
2023-06-08 00:00:00-04:00,317.8615607379673,320.51090965341575,317.28263514872793,319.15679931640625,23277700,0.0,0.0,MSFT,2026-01-27 14:01:10.751124+00:00
2023-06-09 00:00:00-04:00,318.8918688562613,323.79804871469764,318.32276516845866,320.6581115722656,22529000,0.0,0.0,MSFT,2026-01-27 14:01:10.751124+00:00
2023-06-12 00:00:00-04:00,322.4144778795906,325.8684474019989,319.05866788081994,325.6231384277344,24260300,0.0,0.0,MSFT,2026-01-27 14:01:10.751124+00:00
2023-06-13 00:00:00-04:00,328.19394924698327,330.6568607625825,324.1905202364905,328.017333984375,22951300,0.0,0.0,MSFT,2026-01-27 14:01:10.751124+00:00
2023-06-14 00:00:00-04:00,328.06639373925447,332.678214257829,326.5651040717086,331.0101013183594,26003800,0.0,0.0,MSFT,2026-01-27 14:01:10.751124+00:00
2023-06-15 00:00:00-04:00,331.1474868081879,343.2755475907916,330.87274196684893,341.5682067871094,38899100,0.0,0.0,MSFT,2026-01-27 14:01:10.751124+00:00
2023-06-16 00:00:00-04:00,344.7277944942439,344.87497388637837,335.5336191446204,335.9064636230469,46552000,0.0,0.0,MSFT,2026-01-27 14:01:10.751124+00:00
2023-06-20 00:00:00-04:00,332.9431539372829,335.66116662544215,329.55787807274623,331.706787109375,26375400,0.0,0.0,MSFT,2026-01-27 14:01:10.751124+00:00
2023-06-21 00:00:00-04:00,330.0582957138187,331.3927920316485,325.838993566958,327.301025390625,25117800,0.0,0.0,MSFT,2026-01-27 14:01:10.751124+00:00
2023-06-22 00:00:00-04:00,327.85052734982696,333.7379426283081,327.0851645614221,333.33563232421875,23556800,0.0,0.0,MSFT,2026-01-27 14:01:10.751124+00:00
2023-06-23 00:00:00-04:00,328.0859928290581,331.61844775311465,327.1930945886858,328.7336120605469,23146900,0.0,0.0,MSFT,2026-01-27 14:01:10.751124+00:00
2023-06-26 00:00:00-04:00,327.4580354070177,329.8031735626045,322.326161031866,322.4341125488281,21520600,0.0,0.0,MSFT,2026-01-27 14:01:10.751124+00:00
2023-06-27 00:00:00-04:00,325.6328827704176,329.8423925373536,323.1209216371493,328.29205322265625,24354100,0.0,0.0,MSFT,2026-01-27 14:01:10.751124+00:00
2023-06-28 00:00:00-04:00,328.3804225415333,331.6381330418555,327.54636600540425,329.548095703125,20259500,0.0,0.0,MSFT,2026-01-27 14:01:10.751124+00:00
2023-06-29 00:00:00-04:00,328.4294449258427,329.8031691350396,326.37866558051627,328.7630615234375,16997000,0.0,0.0,MSFT,2026-01-27 14:01:10.751124+00:00
2023-06-30 00:00:00-04:00,331.4124591410468,336.2990252033071,330.87279131879563,334.1501159667969,26832800,0.0,0.0,MSFT,2026-01-27 14:01:10.751124+00:00
2023-07-03 00:00:00-04:00,332.8253525301653,334.50325725838104,330.2545196865414,331.6478576660156,12508700,0.0,0.0,MSFT,2026-01-27 14:01:10.751124+00:00
2023-07-05 00:00:00-04:00,328.8023217775131,335.23922664394627,328.4490912403642,331.8049011230469,18172400,0.0,0.0,MSFT,2026-01-27 14:01:10.751124+00:00
2023-07-06 00:00:00-04:00,330.97088598213605,336.55412113608645,329.2046731859424,334.86639404296875,28161200,0.0,0.0,MSFT,2026-01-27 14:01:10.751124+00:00
2023-07-07 00:00:00-04:00,332.952965838011,335.3766196583141,330.6764914106529,330.8923645019531,21214800,0.0,0.0,MSFT,2026-01-27 14:01:10.751124+00:00
2023-07-10 00:00:00-04:00,328.3215584005841,328.93974184694355,321.4430847345039,325.603515625,32791400,0.0,0.0,MSFT,2026-01-27 14:01:10.751124+00:00
2023-07-11 00:00:00-04:00,324.8479297238825,326.6141422303351,320.8641146712657,326.2314758300781,26698200,0.0,0.0,MSFT,2026-01-27 14:01:10.751124+00:00
2023-07-12 00:00:00-04:00,330.2840246615467,335.239254199601,329.3714824206285,330.8727722167969,29995300,0.0,0.0,MSFT,2026-01-27 14:01:10.751124+00:00
2023-07-13 00:00:00-04:00,333.188508952043,337.2900684322161,332.65863310330485,336.2303466796875,20567200,0.0,0.0,MSFT,2026-01-27 14:01:10.751124+00:00
2023-07-14 00:00:00-04:00,341.06781240904763,344.8357549977922,337.8493595762692,338.76190185546875,28352700,0.0,0.0,MSFT,2026-01-27 14:01:10.751124+00:00
2023-07-17 00:00:00-04:00,339.1936875620581,340.47910445632846,335.77900510183724,339.2427673339844,20363900,0.0,0.0,MSFT,2026-01-27 14:01:10.751124+00:00
2023-07-18 00:00:00-04:00,339.34079062698265,359.89769425596677,335.74949366384544,352.7444763183594,64738600,0.0,0.0,MSFT,2026-01-27 14:01:10.751124+00:00
2023-07-19 00:00:00-04:00,354.9620619812482,355.6587310369043,345.82675878722245,348.4172058105469,39732900,0.0,0.0,MSFT,2026-01-27 14:01:10.751124+00:00
2023-07-20 00:00:00-04:00,346.9355591197213,351.25299077675766,338.8894133468808,340.36126708984375,33778400,0.0,0.0,MSFT,2026-01-27 14:01:10.751124+00:00
2023-07-21 00:00:00-04:00,342.5985119949176,343.72692730245325,333.45338612673345,337.3194580078125,69405400,0.0,0.0,MSFT,2026-01-27 14:01:10.751124+00:00
2023-07-24 00:00:00-04:00,339.36047337459183,340.4104030714341,335.8868895829084,338.63433837890625,26678100,0.0,0.0,MSFT,2026-01-27 14:01:10.751124+00:00
2023-07-25 00:00:00-04:00,340.59678737512286,345.2871238413171,338.595087649529,344.3941955566406,41637700,0.0,0.0,MSFT,2026-01-27 14:01:10.751124+00:00
2023-07-26 00:00:00-04:00,335.03321711179626,338.20262012350594,326.8595045876303,331.43206787109375,58383700,0.0,0.0,MSFT,2026-01-27 14:01:10.751124+00:00
2023-07-27 00:00:00-04:00,334.09118396383514,334.9252104578534,322.8756357431296,324.5143127441406,39635300,0.0,0.0,MSFT,2026-01-27 14:01:10.751124+00:00
2023-07-28 00:00:00-04:00,327.40902185998743,333.63005436530796,326.91840387112984,332.02081298828125,28484900,0.0,0.0,MSFT,2026-01-27 14:01:10.751124+00:00
2023-07-31 00:00:00-04:00,330.5979348880849,331.36329751236866,327.1047083559114,329.61669921875,25446000,0.0,0.0,MSFT,2026-01-27 14:01:10.751124+00:00
2023-08-01 00:00:00-04:00,328.90042395174487,332.18756980830966,327.43839221988986,330.0288391113281,18311900,0.0,0.0,MSFT,2026-01-27 14:01:10.751124+00:00
2023-08-02 00:00:00-04:00,327.3697167947092,327.3697167947092,320.23611310138045,321.354736328125,27761300,0.0,0.0,MSFT,2026-01-27 14:01:10.751124+00:00
2023-08-03 00:00:00-04:00,319.88286784513633,323.69006750515837,319.8338180335655,320.5304870605469,18253700,0.0,0.0,MSFT,2026-01-27 14:01:10.751124+00:00
2023-08-04 00:00:00-04:00,325.65258996189004,328.85142872245865,321.0996408070944,321.6295166015625,23741500,0.0,0.0,MSFT,2026-01-27 14:01:10.751124+00:00
2023-08-07 00:00:00-04:00,322.2084912988675,324.89706861323674,321.37443463022805,323.91583251953125,17741500,0.0,0.0,MSFT,2026-01-27 14:01:10.751124+00:00
2023-08-08 00:00:00-04:00,320.82490464522823,322.58132541763825,316.9392185852385,319.9319763183594,22327600,0.0,0.0,MSFT,2026-01-27 14:01:10.751124+00:00
2023-08-09 00:00:00-04:00,320.34411633722664,320.97209180236405,315.02580407101107,316.1836853027344,22373300,0.0,0.0,MSFT,2026-01-27 14:01:10.751124+00:00
2023-08-10 00:00:00-04:00,319.9025293676403,322.1005182288563,315.15335102644235,316.8705139160156,20113700,0.0,0.0,MSFT,2026-01-27 14:01:10.751124+00:00
2023-08-11 00:00:00-04:00,314.25064527888804,316.3602966518782,313.22032953048887,314.986572265625,24355500,0.0,0.0,MSFT,2026-01-27 14:01:10.751124+00:00
2023-08-14 00:00:00-04:00,315.35935662296316,317.9792391780022,314.07391030406774,317.9596252441406,18836100,0.0,0.0,MSFT,2026-01-27 14:01:10.751124+00:00
2023-08-15 00:00:00-04:00,316.9392105100473,318.98999004348366,314.87860903477014,315.8205871582031,16966300,0.0,0.0,MSFT,2026-01-27 14:01:10.751124+00:00
2023-08-16 00:00:00-04:00,315.44693875811095,319.0065586089997,314.46362532057526,315.0536193847656,20698900,0.68,0.0,MSFT,2026-01-27 14:01:10.751124+00:00
2023-08-17 00:00:00-04:00,315.1912458646841,316.4990393179839,310.9334825752944,311.5923156738281,21257200,0.0,0.0,MSFT,2026-01-27 14:01:10.751124+00:00
2023-08-18 00:00:00-04:00,309.2421912471136,313.06729440212877,306.3512477338566,311.1990051269531,24755000,0.0,0.0,MSFT,2026-01-27 14:01:10.751124+00:00
2023-08-21 00:00:00-04:00,312.62487161890374,317.3841056283608,311.74973815851166,316.50897216796875,24040000,0.0,0.0,MSFT,2026-01-27 14:01:10.751124+00:00
2023-08-22 00:00:00-04:00,320.0685355111108,320.63884412186707,316.0959406772382,317.0792541503906,16084600,0.0,0.0,MSFT,2026-01-27 14:01:10.751124+00:00
2023-08-23 00:00:00-04:00,318.4165278621223,323.70675834794656,318.0625194610532,321.54345703125,21166400,0.0,0.0,MSFT,2026-01-27 14:01:10.751124+00:00
2023-08-24 00:00:00-04:00,327.29584833098056,327.4236838653866,314.6209250862832,314.6307678222656,23281400,0.0,0.0,MSFT,2026-01-27 14:01:10.751124+00:00
2023-08-25 00:00:00-04:00,316.1057329442358,319.9308061397361,313.4802731864356,317.5905456542969,21684100,0.0,0.0,MSFT,2026-01-27 14:01:10.751124+00:00
2023-08-28 00:00:00-04:00,320.2258699937862,320.7076839940525,316.35161250011487,318.298583984375,14808500,0.0,0.0,MSFT,2026-01-27 14:01:10.751124+00:00
2023-08-29 00:00:00-04:00,316.5088669382857,323.49039686555403,316.5088669382857,322.9299011230469,19284600,0.0,0.0,MSFT,2026-01-27 14:01:10.751124+00:00
2023-08-30 00:00:00-04:00,323.1856265787588,324.30658824416685,321.0026696426028,323.3036193847656,15222100,0.0,0.0,MSFT,2026-01-27 14:01:10.751124+00:00
2023-08-31 00:00:00-04:00,323.7067756652974,325.3882331373902,321.32714408962795,322.2908020019531,26411000,0.0,0.0,MSFT,2026-01-27 14:01:10.751124+00:00
2023-09-01 00:00:00-04:00,325.7815249592522,326.45017079701614,321.3271169387943,323.1757507324219,14942000,0.0,0.0,MSFT,2026-01-27 14:01:10.751124+00:00
2023-09-05 00:00:00-04:00,323.5100674616456,329.26245612182606,323.17574454916013,327.984130859375,18553900,0.0,0.0,MSFT,2026-01-27 14:01:10.751124+00:00
2023-09-06 00:00:00-04:00,327.817065694941,328.87903109155945,324.67045043147994,327.3254089355469,17535800,0.0,0.0,MSFT,2026-01-27 14:01:10.751124+00:00
2023-09-07 00:00:00-04:00,325.76194572599815,327.5220553277195,323.53964755937557,324.40496826171875,18381000,0.0,0.0,MSFT,2026-01-27 14:01:10.751124+00:00
2023-09-08 00:00:00-04:00,324.58186598530614,330.55058459446576,323.9623738385832,328.6921081542969,19530100,0.0,0.0,MSFT,2026-01-27 14:01:10.751124+00:00
2023-09-11 00:00:00-04:00,331.61263290676015,332.77296563529865,329.8328378843995,332.30096435546875,16583300,0.0,0.0,MSFT,2026-01-27 14:01:10.751124+00:00
2023-09-12 00:00:00-04:00,330.2163241256409,331.1701393555617,325.9487474293145,326.23388671875,17565500,0.0,0.0,MSFT,2026-01-27 14:01:10.751124+00:00
2023-09-13 00:00:00-04:00,325.7815623439832,331.2291270189504,325.64391407139624,330.4523010253906,16544400,0.0,0.0,MSFT,2026-01-27 14:01:10.751124+00:00
2023-09-14 00:00:00-04:00,333.4907518578009,335.1722094614784,330.95381635064444,333.04827880859375,20267000,0.0,0.0,MSFT,2026-01-27 14:01:10.751124+00:00
2023-09-15 00:00:00-04:00,331.2979901364791,331.76996140047095,324.14928194769504,324.70977783203125,37679800,0.0,0.0,MSFT,2026-01-27 14:01:10.751124+00:00
2023-09-18 00:00:00-04:00,322.33013776149687,324.8867587399462,320.91416398907404,323.5691223144531,16834200,0.0,0.0,MSFT,2026-01-27 14:01:10.751124+00:00
2023-09-19 00:00:00-04:00,320.7273564750353,323.8936269378206,319.0950525710311,323.16595458984375,16505900,0.0,0.0,MSFT,2026-01-27 14:01:10.751124+00:00
2023-09-20 00:00:00-04:00,324.01159870782635,324.09025057389067,315.1617783626277,315.41741943359375,21436500,0.0,0.0,MSFT,2026-01-27 14:01:10.751124+00:00
2023-09-21 00:00:00-04:00,313.9326972937048,319.92107328312585,309.7437719184223,314.19818115234375,35560400,0.0,0.0,MSFT,2026-01-27 14:01:10.751124+00:00
2023-09-22 00:00:00-04:00,315.9583244600445,316.08616002586285,310.8745800842558,311.7202453613281,21447900,0.0,0.0,MSFT,2026-01-27 14:01:10.751124+00:00
2023-09-25 00:00:00-04:00,311.3072037379406,312.36919907613066,309.7437389423757,312.2413635253906,17836000,0.0,0.0,MSFT,2026-01-27 14:01:10.751124+00:00
2023-09-26 00:00:00-04:00,309.87152415800745,310.6090091309313,304.84677760481566,306.9314270019531,26297600,0.0,0.0,MSFT,2026-01-27 14:01:10.751124+00:00
2023-09-27 00:00:00-04:00,307.08877368705123,309.0554005566663,304.522340026209,307.57061767578125,19410100,0.0,0.0,MSFT,2026-01-27 14:01:10.751124+00:00
2023-09-28 00:00:00-04:00,305.8006285556267,310.2157261834966,304.2863475063599,308.40643310546875,19683600,0.0,0.0,MSFT,2026-01-27 14:01:10.751124+00:00
2023-09-29 00:00:00-04:00,312.4478586518566,314.1391590398575,309.72409111193235,310.4812316894531,24147300,0.0,0.0,MSFT,2026-01-27 14:01:10.751124+00:00
2023-10-02 00:00:00-04:00,311.0023577080208,316.51876142882526,309.9207069776333,316.43023681640625,20570000,0.0,0.0,MSFT,2026-01-27 14:01:10.751124+00:00
2023-10-03 00:00:00-04:00,315.47643841498,316.02712155021527,306.0169679036218,308.1606140136719,21033500,0.0,0.0,MSFT,2026-01-27 14:01:10.751124+00:00
2023-10-04 00:00:00-04:00,308.7899664995987,314.69969079792565,308.7604682921341,313.6376953125,20720100,0.0,0.0,MSFT,2026-01-27 14:01:10.751124+00:00
2023-10-05 00:00:00-04:00,313.76549150792954,314.6406549001424,309.6454056684001,314.0309753417969,16965600,0.0,0.0,MSFT,2026-01-27 14:01:10.751124+00:00
2023-10-06 00:00:00-04:00,311.2678258217484,323.6969208452724,311.0219974867104,321.79913330078125,25673600,0.0,0.0,MSFT,2026-01-27 14:01:10.751124+00:00
2023-10-09 00:00:00-04:00,319.3310305664322,324.7884080000268,317.78722130749577,324.3164367675781,19891200,0.0,0.0,MSFT,2026-01-27 14:01:10.751124+00:00
2023-10-10 00:00:00-04:00,325.4374015243932,325.57507980738603,322.202321974192,322.9103088378906,20557100,0.0,0.0,MSFT,2026-01-27 14:01:10.751124+00:00
2023-10-11 00:00:00-04:00,325.6832160795872,327.2663662252011,323.64778019000204,326.873046875,20063200,0.0,0.0,MSFT,2026-01-27 14:01:10.751124+00:00
2023-10-12 00:00:00-04:00,325.0539124253683,328.062848978579,323.23477666400214,325.6340637207031,19313100,0.0,0.0,MSFT,2026-01-27 14:01:10.751124+00:00
2023-10-13 00:00:00-04:00,326.83375443130774,328.25954103838023,320.91418780201565,322.2613525390625,21072400,0.0,0.0,MSFT,2026-01-27 14:01:10.751124+00:00
2023-10-16 00:00:00-04:00,325.52586089073617,330.53095207086227,325.0833879040406,327.08935546875,22158000,0.0,0.0,MSFT,2026-01-27 14:01:10.751124+00:00
2023-10-17 00:00:00-04:00,324.0903182681892,327.89573701014587,321.9467018721626,326.51910400390625,18338500,0.0,0.0,MSFT,2026-01-27 14:01:10.751124+00:00
2023-10-18 00:00:00-04:00,326.9419145995413,329.9901926245105,322.82182839963957,324.60162353515625,23153600,0.0,0.0,MSFT,2026-01-27 14:01:10.751124+00:00
2023-10-19 00:00:00-04:00,326.60754929555145,331.2586326156587,325.38825024680347,325.7914123535156,25052100,0.0,0.0,MSFT,2026-01-27 14:01:10.751124+00:00
2023-10-20 00:00:00-04:00,326.1847456816056,326.38142037907215,320.01938102368644,321.2190246582031,25027700,0.0,0.0,MSFT,2026-01-27 14:01:10.751124+00:00
2023-10-23 00:00:00-04:00,320.0390055685396,327.1778702783257,318.9770403265237,323.82476806640625,24374700,0.0,0.0,MSFT,2026-01-27 14:01:10.751124+00:00
2023-10-24 00:00:00-04:00,325.7716667644608,326.3026643202355,322.1334257551543,325.0145263671875,31153600,0.0,0.0,MSFT,2026-01-27 14:01:10.751124+00:00
2023-10-25 00:00:00-04:00,339.2627712727239,340.42310386646625,331.9862582686526,334.9853820800781,55053800,0.0,0.0,MSFT,2026-01-27 14:01:10.751124+00:00
2023-10-26 00:00:00-04:00,334.8575801473551,335.9293882372037,321.4845108470067,322.4186706542969,37828500,0.0,0.0,MSFT,2026-01-27 14:01:10.751124+00:00
2023-10-27 00:00:00-04:00,324.91629022673243,331.1013408795519,322.9201649137948,324.306640625,29856500,0.0,0.0,MSFT,2026-01-27 14:01:10.751124+00:00
2023-10-30 00:00:00-04:00,327.84651090030354,333.78573199598327,326.2928589871081,331.6814270019531,22828100,0.0,0.0,MSFT,2026-01-27 14:01:10.751124+00:00
2023-10-31 00:00:00-04:00,333.1957509335175,333.34324194155744,329.10516359659624,332.46807861328125,20265300,0.0,0.0,MSFT,2026-01-27 14:01:10.751124+00:00
2023-11-01 00:00:00-04:00,334.1200209790302,341.62270595329534,333.9823427186433,340.29522705078125,28158800,0.0,0.0,MSFT,2026-01-27 14:01:10.751124+00:00
2023-11-02 00:00:00-04:00,341.44572570080203,343.00919036132757,339.0169404715558,342.5077209472656,24348100,0.0,0.0,MSFT,2026-01-27 14:01:10.751124+00:00
2023-11-03 00:00:00-04:00,343.7958771188286,348.4764586181646,341.5342382393827,346.9129638671875,23637700,0.0,0.0,MSFT,2026-01-27 14:01:10.751124+00:00
2023-11-06 00:00:00-05:00,347.5521269803011,351.57387511294206,347.4537896404017,350.5807189941406,23828300,0.0,0.0,MSFT,2026-01-27 14:01:10.751124+00:00
2023-11-07 00:00:00-05:00,353.4028281132475,356.41176470087066,351.6623742073379,354.51397705078125,25833900,0.0,0.0,MSFT,2026-01-27 14:01:10.751124+00:00
2023-11-08 00:00:00-05:00,355.6448096480016,357.7982685541479,354.53366062237825,357.13946533203125,26767800,0.0,0.0,MSFT,2026-01-27 14:01:10.751124+00:00
2023-11-09 00:00:00-05:00,356.2544152579837,358.7028859089797,354.3467849553374,354.6712951660156,24847300,0.0,0.0,MSFT,2026-01-27 14:01:10.751124+00:00
2023-11-10 00:00:00-05:00,355.45796855398606,363.92431294177396,355.04499371068613,363.5014953613281,28042100,0.0,0.0,MSFT,2026-01-27 14:01:10.751124+00:00
2023-11-13 00:00:00-05:00,362.07568197420926,362.32151033821305,359.79438755425144,360.5613708496094,19986500,0.0,0.0,MSFT,2026-01-27 14:01:10.751124+00:00
2023-11-14 00:00:00-05:00,364.81910296344984,365.7434199318085,361.22017242867213,364.0914306640625,27683900,0.0,0.0,MSFT,2026-01-27 14:01:10.751124+00:00
2023-11-15 00:00:00-05:00,365.8255911591098,367.64841915601704,361.71683864791095,364.2392578125,26860100,0.75,0.0,MSFT,2026-01-27 14:01:10.751124+00:00
2023-11-16 00:00:00-05:00,365.51028582126,370.8211167467286,364.74174586188934,370.6437683105469,27182300,0.0,0.0,MSFT,2026-01-27 14:01:10.751124+00:00
2023-11-17 00:00:00-05:00,368.12133741912425,368.8701819959366,361.60845836518695,364.4165954589844,40157000,0.0,0.0,MSFT,2026-01-27 14:01:10.751124+00:00
2023-11-20 00:00:00-05:00,365.7664265581682,373.30403477299416,365.54965736450833,371.8950500488281,52465100,0.0,0.0,MSFT,2026-01-27 14:01:10.751124+00:00
2023-11-21 00:00:00-05:00,370.151104255748,370.6930122644204,365.66792954966576,367.58929443359375,28423100,0.0,0.0,MSFT,2026-01-27 14:01:10.751124+00:00
2023-11-22 00:00:00-05:00,372.4469236852182,374.21063579084364,369.4614376425751,372.29913330078125,23345300,0.0,0.0,MSFT,2026-01-27 14:01:10.751124+00:00
2023-11-24 00:00:00-05:00,371.786716969812,372.41732930761407,369.6289174288519,371.88525390625,10176600,0.0,0.0,MSFT,2026-01-27 14:01:10.751124+00:00
2023-11-27 00:00:00-05:00,371.2447795697606,375.04808851693826,370.6733134944069,373.0478820800781,22179200,0.0,0.0,MSFT,2026-01-27 14:01:10.751124+00:00
2023-11-28 00:00:00-05:00,372.7917190522952,377.3734005384554,372.60450791019576,377.07781982421875,20453100,0.0,0.0,MSFT,2026-01-27 14:01:10.751124+00:00
2023-11-29 00:00:00-05:00,378.122265050378,378.654310364066,371.89510374186113,373.2843933105469,28963400,0.0,0.0,MSFT,2026-01-27 14:01:10.751124+00:00
2023-11-30 00:00:00-05:00,372.9296627723548,374.5061634778247,369.9540398668522,373.343505859375,30554400,0.0,0.0,MSFT,2026-01-27 14:01:10.751124+00:00
2023-12-01 00:00:00-05:00,371.22509383375666,372.6045206628206,365.85514681042775,369.0081481933594,33040500,0.0,0.0,MSFT,2026-01-27 14:01:10.751124+00:00
2023-12-04 00:00:00-05:00,363.6776812580229,364.0914943395941,357.5687513584331,363.71710205078125,32063300,0.0,0.0,MSFT,2026-01-27 14:01:10.751124+00:00
2023-12-05 00:00:00-05:00,361.0665294174841,367.59910345060933,360.24870603092694,367.0473327636719,23065000,0.0,0.0,MSFT,2026-01-27 14:01:10.751124+00:00
2023-12-06 00:00:00-05:00,368.05240507377636,368.6829873224875,362.6233417878435,363.38201904296875,21182100,0.0,0.0,MSFT,2026-01-27 14:01:10.751124+00:00
2023-12-07 00:00:00-05:00,362.82041555159645,365.99311236097066,360.93847138160504,365.5004577636719,23118900,0.0,0.0,MSFT,2026-01-27 14:01:10.751124+00:00
2023-12-08 00:00:00-05:00,363.7761953676955,368.958901692999,362.8204441707764,368.7322998046875,20154400,0.0,0.0,MSFT,2026-01-27 14:01:10.751124+00:00
2023-12-11 00:00:00-05:00,363.0666966388489,366.14085612363203,360.7216562431051,365.8452453613281,27708800,0.0,0.0,MSFT,2026-01-27 14:01:10.751124+00:00
2023-12-12 00:00:00-05:00,365.4019256182351,368.91948670565927,365.0176405940666,368.88006591796875,24838300,0.0,0.0,MSFT,2026-01-27 14:01:10.751124+00:00
2023-12-13 00:00:00-05:00,370.4959322910932,372.09215835732533,365.3230593019992,368.87017822265625,30955500,0.0,0.0,MSFT,2026-01-27 14:01:10.751124+00:00
2023-12-14 00:00:00-05:00,367.8257861452431,368.2691873263225,358.78065463293524,360.55419921875,43277500,0.0,0.0,MSFT,2026-01-27 14:01:10.751124+00:00
2023-12-15 00:00:00-05:00,361.4606566919279,366.92911028032063,360.89902327689896,365.2836608886719,78502300,0.0,0.0,MSFT,2026-01-27 14:01:10.751124+00:00
2023-12-18 00:00:00-05:00,364.02250460099197,367.52034031624777,363.2637972546779,367.17547607421875,21802900,0.0,0.0,MSFT,2026-01-27 14:01:10.751124+00:00
2023-12-19 00:00:00-05:00,366.03250325578983,367.7765197753906,364.4067490977682,367.7765197753906,20603700,0.0,0.0,MSFT,2026-01-27 14:01:10.751124+00:00
2023-12-20 00:00:00-05:00,369.49095210036234,370.5058193793613,365.086618748556,365.17529296875,26316700,0.0,0.0,MSFT,2026-01-27 14:01:10.751124+00:00
2023-12-21 00:00:00-05:00,367.08678486250125,368.90961285521604,364.60381655946395,368.0523986816406,17708000,0.0,0.0,MSFT,2026-01-27 14:01:10.751124+00:00
2023-12-22 00:00:00-05:00,368.190345627308,369.66830947141494,367.23459447201543,369.0771179199219,17107500,0.0,0.0,MSFT,2026-01-27 14:01:10.751124+00:00
2023-12-26 00:00:00-05:00,369.4909463405908,371.4024485751995,368.01298255522846,369.15594482421875,12673100,0.0,0.0,MSFT,2026-01-27 14:01:10.751124+00:00
2023-12-27 00:00:00-05:00,368.20016268910763,369.55003135494337,367.33308586365905,368.5745849609375,14905400,0.0,0.0,MSFT,2026-01-27 14:01:10.751124+00:00
2023-12-28 00:00:00-05:00,369.8554894003956,370.92947276145065,368.66327375287557,369.7668151855469,14327000,0.0,0.0,MSFT,2026-01-27 14:01:10.751124+00:00
2023-12-29 00:00:00-05:00,370.47623473279145,371.61919693761735,367.9932665377033,370.5156555175781,18730800,0.0,0.0,MSFT,2026-01-27 14:01:10.751124+00:00
2024-01-02 00:00:00-05:00,368.36769584733304,370.3777351043963,361.3818569854959,365.421630859375,25258600,0.0,0.0,MSFT,2026-01-27 14:01:10.751124+00:00
2024-01-03 00:00:00-05:00,363.5889102795385,367.77647383552306,363.0962557435403,365.1555480957031,23083500,0.0,0.0,MSFT,2026-01-27 14:01:10.751124+00:00
2024-01-04 00:00:00-05:00,365.2245421546535,367.6188360826796,361.7759602590735,362.5346374511719,20901500,0.0,0.0,MSFT,2026-01-27 14:01:10.751124+00:00
2024-01-05 00:00:00-05:00,363.5495516205476,366.5941535649678,361.115836594074,362.34747314453125,21004600,0.0,0.0,MSFT,2026-01-27 14:01:10.751124+00:00
2024-01-08 00:00:00-05:00,363.8747152737249,369.68806424404374,363.5889972243799,369.185546875,23134000,0.0,0.0,MSFT,2026-01-27 14:01:10.751124+00:00
2024-01-09 00:00:00-05:00,366.54488061699703,370.4663919405634,365.73691986628984,370.26934814453125,20830000,0.0,0.0,MSFT,2026-01-27 14:01:10.751124+00:00
2024-01-10 00:00:00-05:00,370.84084672720024,378.52627710766996,370.79159329119034,377.1468200683594,25514200,0.0,0.0,MSFT,2026-01-27 14:01:10.751124+00:00
2024-01-11 00:00:00-05:00,380.3293303889791,384.9405699760392,374.79189779905875,378.9794616699219,27850800,0.0,0.0,MSFT,2026-01-27 14:01:10.751124+00:00
2024-01-12 00:00:00-05:00,379.82682931782017,382.969968033559,378.99917320808413,382.7630615234375,21661200,0.0,0.0,MSFT,2026-01-27 14:01:10.751124+00:00
2024-01-16 00:00:00-05:00,387.8768030229654,388.24136259684576,381.925527346388,384.5365905761719,27202300,0.0,0.0,MSFT,2026-01-27 14:01:10.751124+00:00
2024-01-17 00:00:00-05:00,382.280251053988,384.3789342645235,379.15680784896807,383.74835205078125,22234100,0.0,0.0,MSFT,2026-01-27 14:01:10.751124+00:00
2024-01-18 00:00:00-05:00,385.9653010602353,388.2019420036005,384.3888004079398,388.0837097167969,23392100,0.0,0.0,MSFT,2026-01-27 14:01:10.751124+00:00
2024-01-19 00:00:00-05:00,389.9459184488016,392.81317138671875,387.7191103782191,392.81317138671875,29331100,0.0,0.0,MSFT,2026-01-27 14:01:10.751124+00:00
2024-01-22 00:00:00-05:00,394.1433203682516,394.7345118196187,387.8077903128039,390.6849060058594,27016900,0.0,0.0,MSFT,2026-01-27 14:01:10.751124+00:00
2024-01-23 00:00:00-05:00,389.9361075398463,393.51278467024315,388.1428376176736,393.0398254394531,20525900,0.0,0.0,MSFT,2026-01-27 14:01:10.751124+00:00
2024-01-24 00:00:00-05:00,395.641052600286,399.670963497878,394.56706921313554,396.64605712890625,24867000,0.0,0.0,MSFT,2026-01-27 14:01:10.751124+00:00
2024-01-25 00:00:00-05:00,398.3802111244257,401.03069519921775,396.6164992894369,398.922119140625,21021200,0.0,0.0,MSFT,2026-01-27 14:01:10.751124+00:00
2024-01-26 00:00:00-05:00,398.4294490683389,400.20302354825617,396.517946945891,397.99591064453125,17803300,0.0,0.0,MSFT,2026-01-27 14:01:10.751124+00:00
2024-01-29 00:00:00-05:00,400.0946315969203,403.9570567007328,398.39003594013263,403.70086669921875,24510200,0.0,0.0,MSFT,2026-01-27 14:01:10.751124+00:00
2024-01-30 00:00:00-05:00,406.2035919940408,406.98196463436994,400.47894778438507,402.5874938964844,33477600,0.0,0.0,MSFT,2026-01-27 14:01:10.751124+00:00
2024-01-31 00:00:00-05:00,400.9814013717962,409.2186014629223,391.3746372046445,391.73919677734375,47871100,0.0,0.0,MSFT,2026-01-27 14:01:10.751124+00:00
2024-02-01 00:00:00-05:00,395.9267795782407,402.00615052622754,395.89722150523676,397.84814453125,30657700,0.0,0.0,MSFT,2026-01-27 14:01:10.751124+00:00
2024-02-02 00:00:00-05:00,397.87768854138443,406.587817886619,397.6313612519742,405.1788330078125,28256700,0.0,0.0,MSFT,2026-01-27 14:01:10.751124+00:00
2024-02-05 00:00:00-05:00,403.87823795810993,405.11973718115985,398.05505693610314,399.690673828125,25352300,0.0,0.0,MSFT,2026-01-27 14:01:10.751124+00:00
2024-02-06 00:00:00-05:00,399.9173355897547,401.9766283777374,396.9909658238313,399.5330505371094,18382600,0.0,0.0,MSFT,2026-01-27 14:01:10.751124+00:00
2024-02-07 00:00:00-05:00,401.4543453507497,408.21355139808253,401.41492456704214,407.96722412109375,22340500,0.0,0.0,MSFT,2026-01-27 14:01:10.751124+00:00
2024-02-08 00:00:00-05:00,407.96731206897476,409.4551387648856,406.4696527269531,408.02642822265625,21225300,0.0,0.0,MSFT,2026-01-27 14:01:10.751124+00:00
2024-02-09 00:00:00-05:00,409.1496384913206,414.6378178606117,408.9919854136341,414.37176513671875,22032800,0.0,0.0,MSFT,2026-01-27 14:01:10.751124+00:00
2024-02-12 00:00:00-05:00,414.3815803930293,414.55892880914683,408.65693709745693,409.1594543457031,21202900,0.0,0.0,MSFT,2026-01-27 14:01:10.751124+00:00
2024-02-13 00:00:00-05:00,398.9910986093642,404.04573947399683,397.4638814201037,400.350830078125,27824900,0.0,0.0,MSFT,2026-01-27 14:01:10.751124+00:00
2024-02-14 00:00:00-05:00,402.81865792132635,404.5658693954015,399.3636985334278,404.2203674316406,20401200,0.75,0.0,MSFT,2026-01-27 14:01:10.751124+00:00
2024-02-15 00:00:00-05:00,402.8877787891035,403.86502912534854,399.08731730113595,401.3280944824219,21825500,0.0,0.0,MSFT,2026-01-27 14:01:10.751124+00:00
2024-02-16 00:00:00-05:00,402.71009676405504,403.03586697919485,398.24827391084835,398.86029052734375,22296500,0.0,0.0,MSFT,2026-01-27 14:01:10.751124+00:00
2024-02-20 00:00:00-05:00,398.05078888046796,399.284702922107,392.8881118101571,397.6065979003906,24307900,0.0,0.0,MSFT,2026-01-27 14:01:10.751124+00:00
2024-02-21 00:00:00-05:00,395.0203117904289,397.1130251474651,392.10826265454955,397.0044250488281,18518900,0.0,0.0,MSFT,2026-01-27 14:01:10.751124+00:00
2024-02-22 00:00:00-05:00,404.911335992958,407.5173466101455,403.31218832163916,406.3525390625,27009900,0.0,0.0,MSFT,2026-01-27 14:01:10.751124+00:00
2024-02-23 00:00:00-05:00,410.3208439519873,410.5083711673126,403.70705278478863,405.0594177246094,16295900,0.0,0.0,MSFT,2026-01-27 14:01:10.751124+00:00
2024-02-26 00:00:00-05:00,406.1650087554213,406.8560126685655,402.1177646745505,402.29547119140625,16193500,0.0,0.0,MSFT,2026-01-27 14:01:10.751124+00:00
2024-02-27 00:00:00-05:00,402.73968356058333,403.0654537547415,398.65297570324026,402.23626708984375,14835800,0.0,0.0,MSFT,2026-01-27 14:01:10.751124+00:00
2024-02-28 00:00:00-05:00,402.9272470121027,404.0328292486966,400.10406595257604,402.4731750488281,13183100,0.0,0.0,MSFT,2026-01-27 14:01:10.751124+00:00
2024-02-29 00:00:00-05:00,403.38135996606263,408.8698077347499,400.69636155135646,408.3170166015625,31947300,0.0,0.0,MSFT,2026-01-27 14:01:10.751124+00:00
2024-03-01 00:00:00-05:00,405.9774393001269,410.5182488621106,405.5924737956083,410.15301513671875,17823400,0.0,0.0,MSFT,2026-01-27 14:01:10.751124+00:00
2024-03-04 00:00:00-05:00,408.11954029802524,411.97922704270553,407.0139581345592,409.58050537109375,17596000,0.0,0.0,MSFT,2026-01-27 14:01:10.751124+00:00
2024-03-05 00:00:00-05:00,408.63286696668945,408.91914348036823,395.48430086662944,397.4684143066406,26919200,0.0,0.0,MSFT,2026-01-27 14:01:10.751124+00:00
2024-03-06 00:00:00-05:00,397.7842686719228,399.9460884523173,393.2632209421736,396.91558837890625,22344100,0.0,0.0,MSFT,2026-01-27 14:01:10.751124+00:00
2024-03-07 00:00:00-05:00,400.8937526863445,404.5066568048068,397.0636784801651,403.8749084472656,18718500,0.0,0.0,MSFT,2026-01-27 14:01:10.751124+00:00
2024-03-08 00:00:00-05:00,402.7100915611558,405.13845633858756,399.1267999900611,400.99249267578125,18002200,0.0,0.0,MSFT,2026-01-27 14:01:10.751124+00:00
2024-03-11 00:00:00-04:00,398.56416223358286,400.4594375495643,396.0963338665231,399.3143615722656,16120800,0.0,0.0,MSFT,2026-01-27 14:01:10.751124+00:00
2024-03-12 00:00:00-04:00,402.3744232866482,410.22212853968995,401.55511762855593,409.93585205078125,22457000,0.0,0.0,MSFT,2026-01-27 14:01:10.751124+00:00
2024-03-13 00:00:00-04:00,412.7196031326607,412.79856038183436,406.15518600344376,409.7582092285156,17115900,0.0,0.0,MSFT,2026-01-27 14:01:10.751124+00:00
2024-03-14 00:00:00-04:00,414.83206096573,422.3145333258251,412.6110154706253,419.74798583984375,34157300,0.0,0.0,MSFT,2026-01-27 14:01:10.751124+00:00
2024-03-15 00:00:00-04:00,413.8942494694405,417.16165133292435,407.4778966665496,411.0611877441406,45079900,0.0,0.0,MSFT,2026-01-27 14:01:10.751124+00:00
2024-03-18 00:00:00-04:00,408.9190850547674,415.3157058481872,408.45513220227605,411.9495849609375,20106000,0.0,0.0,MSFT,2026-01-27 14:01:10.751124+00:00
2024-03-19 00:00:00-04:00,412.45302237396163,416.24363275003464,410.20236440839864,415.9869689941406,19837900,0.0,0.0,MSFT,2026-01-27 14:01:10.751124+00:00
2024-03-20 00:00:00-04:00,416.569367867818,420.4783989986328,415.2466156701396,419.7578125,17860100,0.0,0.0,MSFT,2026-01-27 14:01:10.751124+00:00
2024-03-21 00:00:00-04:00,424.29861540078343,425.27589583117316,421.6629918116586,423.84454345703125,21296200,0.0,0.0,MSFT,2026-01-27 14:01:10.751124+00:00
2024-03-22 00:00:00-04:00,424.17032397071773,424.3282384659813,420.58703259669744,423.22265625,17648500,0.0,0.0,MSFT,2026-01-27 14:01:10.751124+00:00
2024-03-25 00:00:00-04:00,419.76771231939466,421.90980053588714,416.18442081257615,417.4183349609375,18060500,0.0,0.0,MSFT,2026-01-27 14:01:10.751124+00:00
2024-03-26 00:00:00-04:00,420.1329081875438,420.5080228747841,415.9277496341745,416.223876953125,16725600,0.0,0.0,MSFT,2026-01-27 14:01:10.751124+00:00
2024-03-27 00:00:00-04:00,418.9779885582823,418.9878695106981,413.61787312123863,416.0067138671875,16705000,0.0,0.0,MSFT,2026-01-27 14:01:10.751124+00:00
2024-03-28 00:00:00-04:00,415.54274902029323,416.4410420434957,413.7264311944793,415.30584716796875,21871200,0.0,0.0,MSFT,2026-01-27 14:01:10.751124+00:00
2024-04-01 00:00:00-04:00,418.49430668541237,422.38360623153415,416.78655877307597,419.1063232421875,16316000,0.0,0.0,MSFT,2026-01-27 14:01:10.751124+00:00
2024-04-02 00:00:00-04:00,414.7036696925523,416.94447677333466,412.4628927366232,416.0165710449219,17912000,0.0,0.0,MSFT,2026-01-27 14:01:10.751124+00:00
2024-04-03 00:00:00-04:00,414.32863193386083,417.8132042224073,413.6968534411064,415.03936767578125,16502300,0.0,0.0,MSFT,2026-01-27 14:01:10.751124+00:00
2024-04-04 00:00:00-04:00,419.52089960464946,423.1535654935394,412.1964026116657,412.5024108886719,19370900,0.0,0.0,MSFT,2026-01-27 14:01:10.751124+00:00
2024-04-05 00:00:00-04:00,414.60502494858775,421.0213783675685,412.9367706496642,420.0440979003906,16554800,0.0,0.0,MSFT,2026-01-27 14:01:10.751124+00:00
2024-04-08 00:00:00-04:00,419.698621129678,421.7814536782747,417.85266032435015,419.1260681152344,14272400,0.0,0.0,MSFT,2026-01-27 14:01:10.751124+00:00
2024-04-09 00:00:00-04:00,420.9522866687586,422.23554534749115,416.19430642939574,420.7943420410156,12496900,0.0,0.0,MSFT,2026-01-27 14:01:10.751124+00:00
2024-04-10 00:00:00-04:00,416.7569337473859,418.5732515840266,414.29898664030566,417.81317138671875,16216600,0.0,0.0,MSFT,2026-01-27 14:01:10.751124+00:00
2024-04-11 00:00:00-04:00,420.34026309183247,423.8445672043753,416.9247670576537,422.423095703125,17966400,0.0,0.0,MSFT,2026-01-27 14:01:10.751124+00:00
2024-04-12 00:00:00-04:00,418.59299879164644,419.70846193552615,414.36807820345115,416.4706726074219,19253800,0.0,0.0,MSFT,2026-01-27 14:01:10.751124+00:00
2024-04-15 00:00:00-04:00,421.110230165818,421.3274002627743,408.1096973329742,408.3170166015625,20273500,0.0,0.0,MSFT,2026-01-27 14:01:10.751124+00:00
2024-04-16 00:00:00-04:00,409.23505273581486,413.0157525674185,408.40586601327965,409.2449035644531,16765600,0.0,0.0,MSFT,2026-01-27 14:01:10.751124+00:00
2024-04-17 00:00:00-04:00,411.88051429574114,413.4895430541291,405.04955278693666,406.5401306152344,15855500,0.0,0.0,MSFT,2026-01-27 14:01:10.751124+00:00
2024-04-18 00:00:00-04:00,405.34567475168,406.58946965845195,398.7516458051748,399.0675048828125,21029900,0.0,0.0,MSFT,2026-01-27 14:01:10.751124+00:00
2024-04-19 00:00:00-04:00,398.8306438099327,400.2619961941858,392.6511924508159,393.98382568359375,30565800,0.0,0.0,MSFT,2026-01-27 14:01:10.751124+00:00
2024-04-22 00:00:00-04:00,394.93146005470254,397.6658329165628,390.65719496673063,395.8001403808594,20286900,0.0,0.0,MSFT,2026-01-27 14:01:10.751124+00:00
2024-04-23 00:00:00-04:00,399.0379397213986,402.94700128728675,397.8731320388209,402.3251037597656,15734500,0.0,0.0,MSFT,2026-01-27 14:01:10.751124+00:00
2024-04-24 00:00:00-04:00,404.28949460726244,407.16205031795823,401.5452707861117,403.7959289550781,15065300,0.0,0.0,MSFT,2026-01-27 14:01:10.751124+00:00
2024-04-25 00:00:00-04:00,388.9593694617433,394.74397490944534,383.0365812882529,393.9049072265625,40586500,0.0,0.0,MSFT,2026-01-27 14:01:10.751124+00:00
2024-04-26 00:00:00-04:00,406.86594145886636,407.6852472237732,400.5384258954466,401.0912170410156,29694700,0.0,0.0,MSFT,2026-01-27 14:01:10.751124+00:00
2024-04-29 00:00:00-04:00,400.0349411285761,401.0911788014965,394.05292813266897,397.07354736328125,19582100,0.0,0.0,MSFT,2026-01-27 14:01:10.751124+00:00
2024-04-30 00:00:00-04:00,396.32331323474864,396.9847044226994,384.16187921211525,384.3197937011719,28781400,0.0,0.0,MSFT,2026-01-27 14:01:10.751124+00:00
2024-05-01 00:00:00-04:00,387.5576027140766,396.55038446355206,385.287212788776,389.8576354980469,23562500,0.0,0.0,MSFT,2026-01-27 14:01:10.751124+00:00
2024-05-02 00:00:00-04:00,392.5426299953367,394.7834071649824,389.5713551906569,392.7203063964844,17709400,0.0,0.0,MSFT,2026-01-27 14:01:10.751124+00:00
2024-05-03 00:00:00-04:00,397.1031487364524,401.9104729912864,396.68854036623503,401.4267883300781,17446700,0.0,0.0,MSFT,2026-01-27 14:01:10.751124+00:00
2024-05-06 00:00:00-04:00,403.49977559314374,408.603227237703,401.1405174679132,408.21826171875,16996600,0.0,0.0,MSFT,2026-01-27 14:01:10.751124+00:00
2024-05-07 00:00:00-04:00,409.3238724572391,409.3337534102894,403.82554383275414,404.07232666015625,20018200,0.0,0.0,MSFT,2026-01-27 14:01:10.751124+00:00
2024-05-08 00:00:00-04:00,402.91740058487204,406.92515129872777,401.47616718048914,405.25689697265625,11792300,0.0,0.0,MSFT,2026-01-27 14:01:10.751124+00:00
2024-05-09 00:00:00-04:00,405.2864669208131,407.4087929910644,403.8353828414113,407.0139465332031,14689700,0.0,0.0,MSFT,2026-01-27 14:01:10.751124+00:00
2024-05-10 00:00:00-04:00,407.62600771381045,410.0346105329173,406.50066355453686,409.40283203125,13402300,0.0,0.0,MSFT,2026-01-27 14:01:10.751124+00:00
2024-05-13 00:00:00-04:00,412.63073648454196,412.96635748889184,405.53326050690544,408.39593505859375,15440200,0.0,0.0,MSFT,2026-01-27 14:01:10.751124+00:00
2024-05-14 00:00:00-04:00,406.7177872432058,412.1173961263277,406.2538343729978,411.1993713378906,15109300,0.0,0.0,MSFT,2026-01-27 14:01:10.751124+00:00
2024-05-15 00:00:00-04:00,413.26623802905556,419.1107104287916,412.64321876209584,418.3887939453125,22239500,0.75,0.0,MSFT,2026-01-27 14:01:10.751124+00:00
2024-05-16 00:00:00-04:00,417.12294600008903,420.70283173045664,415.6890421322498,416.3219299316406,17530100,0.0,0.0,MSFT,2026-01-27 14:01:10.751124+00:00
2024-05-17 00:00:00-04:00,417.8547794230839,418.2305707168696,413.39477777187733,415.55059814453125,15352200,0.0,0.0,MSFT,2026-01-27 14:01:10.751124+00:00
2024-05-20 00:00:00-04:00,415.55059617800293,422.0378548149535,415.33303438679826,420.62371826171875,16272100,0.0,0.0,MSFT,2026-01-27 14:01:10.751124+00:00
2024-05-21 00:00:00-04:00,422.09719809997813,428.1691308622737,420.1391721073256,424.28271484375,21453300,0.0,0.0,MSFT,2026-01-27 14:01:10.751124+00:00
2024-05-22 00:00:00-04:00,425.32108253196407,427.61536520540614,422.393911984686,425.7463073730469,18073700,0.0,0.0,MSFT,2026-01-27 14:01:10.751124+00:00
2024-05-23 00:00:00-04:00,428.16915515912984,428.79217443912484,420.7028829331948,422.2653503417969,17211700,0.0,0.0,MSFT,2026-01-27 14:01:10.751124+00:00
2024-05-24 00:00:00-04:00,422.4532504584075,426.2803344425143,419.70407675613797,425.39031982421875,11855300,0.0,0.0,MSFT,2026-01-27 14:01:10.751124+00:00
2024-05-28 00:00:00-04:00,424.86614094038555,426.0429482844811,421.8697396793398,425.5484924316406,15718000,0.0,0.0,MSFT,2026-01-27 14:01:10.751124+00:00
2024-05-29 00:00:00-04:00,420.96986151310944,426.1616484009117,420.96986151310944,424.4112854003906,15517100,0.0,0.0,MSFT,2026-01-27 14:01:10.751124+00:00
2024-05-30 00:00:00-04:00,419.5952468817441,419.5952468817441,409.64679700979286,410.0720520019531,28394500,0.0,0.0,MSFT,2026-01-27 14:01:10.751124+00:00
2024-05-31 00:00:00-04:00,412.1290098934204,412.1290098934204,400.0247386123212,410.5269775390625,47995300,0.0,0.0,MSFT,2026-01-27 14:01:10.751124+00:00
2024-06-03 00:00:00-04:00,410.92250624898264,411.81252080542527,404.38581394057536,408.9347839355469,17484700,0.0,0.0,MSFT,2026-01-27 14:01:10.751124+00:00
2024-06-04 00:00:00-04:00,407.856889503619,411.8224355088356,405.13738203313136,411.45654296875,14348900,0.0,0.0,MSFT,2026-01-27 14:01:10.751124+00:00
2024-06-05 00:00:00-04:00,413.17723696234333,419.3777030871155,411.6839704862112,419.3085021972656,16988000,0.0,0.0,MSFT,2026-01-27 14:01:10.751124+00:00
2024-06-06 00:00:00-04:00,419.3084807052153,420.5940539083252,415.9164904670929,419.81280517578125,14861300,0.0,0.0,MSFT,2026-01-27 14:01:10.751124+00:00
2024-06-07 00:00:00-04:00,421.47421729884104,421.55331696325794,418.30968749669245,419.1502685546875,13621700,0.0,0.0,MSFT,2026-01-27 14:01:10.751124+00:00
2024-06-10 00:00:00-04:00,419.99086828849937,423.33336493941925,419.18985211669025,423.1257019042969,13982900,0.0,0.0,MSFT,2026-01-27 14:01:10.751124+00:00
2024-06-11 00:00:00-04:00,420.76217780161693,428.02078634829667,420.5347172370151,427.88232421875,14551100,0.0,0.0,MSFT,2026-01-27 14:01:10.751124+00:00
2024-06-12 00:00:00-04:00,430.4931196720458,438.4835142504696,428.4460648715454,436.1694641113281,22366200,0.0,0.0,MSFT,2026-01-27 14:01:10.751124+00:00
2024-06-13 00:00:00-04:00,435.96176849341106,438.47361288924054,434.498168180252,436.68365478515625,15960600,0.0,0.0,MSFT,2026-01-27 14:01:10.751124+00:00
2024-06-14 00:00:00-04:00,433.42024926631433,438.2263761607837,431.877549319742,437.6626892089844,13582000,0.0,0.0,MSFT,2026-01-27 14:01:10.751124+00:00
2024-06-17 00:00:00-04:00,437.68243737571277,445.9398563271766,435.83317727597375,443.3983459472656,20790000,0.0,0.0,MSFT,2026-01-27 14:01:10.751124+00:00
2024-06-18 00:00:00-04:00,444.7234969265718,445.14875191744164,439.95696520327493,441.390869140625,17112500,0.0,0.0,MSFT,2026-01-27 14:01:10.751124+00:00
2024-06-20 00:00:00-04:00,441.35131853440595,441.57877910996035,436.37709345219747,440.75799560546875,19877400,0.0,0.0,MSFT,2026-01-27 14:01:10.751124+00:00
2024-06-21 00:00:00-04:00,442.4193424510746,445.58384193574466,441.55899405937,444.792724609375,34187100,0.0,0.0,MSFT,2026-01-27 14:01:10.751124+00:00
2024-06-24 00:00:00-04:00,444.8125336268041,447.72983562691786,441.4601381818841,442.7061767578125,15913700,0.0,0.0,MSFT,2026-01-27 14:01:10.751124+00:00
2024-06-25 00:00:00-04:00,443.27969425576566,446.4145577985047,441.79632662300793,445.94976806640625,16413400,0.0,0.0,MSFT,2026-01-27 14:01:10.751124+00:00
2024-06-26 00:00:00-04:00,444.02139740080895,448.57039770845984,443.22038125858614,447.1463623046875,16507000,0.0,0.0,MSFT,2026-01-27 14:01:10.751124+00:00
2024-06-27 00:00:00-04:00,447.1661206636861,451.11189918090986,446.76066321308457,447.8287048339844,14806300,0.0,0.0,MSFT,2026-01-27 14:01:10.751124+00:00
2024-06-28 00:00:00-04:00,448.0462760060759,450.3306598473802,441.4601198033777,441.994140625,28362300,0.0,0.0,MSFT,2026-01-27 14:01:10.751124+00:00
2024-07-01 00:00:00-04:00,443.6851547691378,452.2985677661532,440.7184194830795,451.6656799316406,17662800,0.0,0.0,MSFT,2026-01-27 14:01:10.751124+00:00
2024-07-02 00:00:00-04:00,448.17483800659534,454.4939686896818,448.08580938726794,454.1874084472656,13979800,0.0,0.0,MSFT,2026-01-27 14:01:10.751124+00:00
2024-07-03 00:00:00-04:00,453.10947910710325,455.9080860928665,452.80291887761234,455.6608581542969,9932800,0.0,0.0,MSFT,2026-01-27 14:01:10.751124+00:00
2024-07-05 00:00:00-04:00,454.5137492733641,463.15685914326525,453.8808613987244,462.3756103515625,16000300,0.0,0.0,MSFT,2026-01-27 14:01:10.751124+00:00
2024-07-08 00:00:00-04:00,461.37678118625774,462.5140538822785,459.30995917726233,461.0702209472656,12962300,0.0,0.0,MSFT,2026-01-27 14:01:10.751124+00:00
2024-07-09 00:00:00-04:00,461.8217923289273,462.14811993117183,452.9215864810465,454.44451904296875,17207200,0.0,0.0,MSFT,2026-01-27 14:01:10.751124+00:00
2024-07-10 00:00:00-04:00,456.10588369109234,461.28777166224876,453.7720362415662,461.0801086425781,18196100,0.0,0.0,MSFT,2026-01-27 14:01:10.751124+00:00
2024-07-11 00:00:00-04:00,457.84636046829024,459.6263894983609,446.54307653601205,449.6581726074219,23111200,0.0,0.0,MSFT,2026-01-27 14:01:10.751124+00:00
2024-07-12 00:00:00-04:00,449.29231562590036,451.2998055103986,445.6531271953451,448.5209655761719,16324300,0.0,0.0,MSFT,2026-01-27 14:01:10.751124+00:00
2024-07-15 00:00:00-04:00,448.27373666625175,452.18984938358506,446.4244763059975,448.9264221191406,14429400,0.0,0.0,MSFT,2026-01-27 14:01:10.751124+00:00
2024-07-16 00:00:00-04:00,449.1835423040314,449.26264197328965,441.7073711225493,444.53564453125,17175700,0.0,0.0,MSFT,2026-01-27 14:01:10.751124+00:00
2024-07-17 00:00:00-04:00,437.6824311668857,439.9173812942367,434.3102386061198,438.60211181640625,21778000,0.0,0.0,MSFT,2026-01-27 14:01:10.751124+00:00
2024-07-18 00:00:00-04:00,439.4130413837652,439.7196016105417,429.5832562189407,435.487060546875,20794800,0.0,0.0,MSFT,2026-01-27 14:01:10.751124+00:00
2024-07-19 00:00:00-04:00,428.297728628943,436.2485883597653,427.20991955719455,432.26324462890625,20940400,0.0,0.0,MSFT,2026-01-27 14:01:10.751124+00:00
2024-07-22 00:00:00-04:00,436.8913524368939,439.670192179698,434.04328162510484,438.0285949707031,15808800,0.0,0.0,MSFT,2026-01-27 14:01:10.751124+00:00
2024-07-23 00:00:00-04:00,438.97794115369385,443.41817564914504,438.1868237868677,439.91741943359375,13107100,0.0,0.0,MSFT,2026-01-27 14:01:10.751124+00:00
2024-07-24 00:00:00-04:00,435.5661430845152,436.584720864618,422.8487237250299,424.1441955566406,26805800,0.0,0.0,MSFT,2026-01-27 14:01:10.751124+00:00
2024-07-25 00:00:00-04:00,424.0453888657749,425.03430071497604,412.8805958173141,413.7607116699219,29943800,0.0,0.0,MSFT,2026-01-27 14:01:10.751124+00:00
2024-07-26 00:00:00-04:00,413.5629210032518,424.1640565570156,412.64321010602674,420.55450439453125,23583800,0.0,0.0,MSFT,2026-01-27 14:01:10.751124+00:00
2024-07-29 00:00:00-04:00,426.7945193727036,427.3582063126635,419.9908318898155,421.9983215332031,15125800,0.0,0.0,MSFT,2026-01-27 14:01:10.751124+00:00
2024-07-30 00:00:00-04:00,422.97732451431415,424.2925638306224,412.7321833431071,418.2305603027344,32687600,0.0,0.0,MSFT,2026-01-27 14:01:10.751124+00:00
2024-07-31 00:00:00-04:00,415.83745828224886,417.1032643202683,407.63937009566513,413.7113037109375,42891400,0.0,0.0,MSFT,2026-01-27 14:01:10.751124+00:00
2024-08-01 00:00:00-04:00,416.12417291556886,422.7201972162586,408.50954056683383,412.4849548339844,30296400,0.0,0.0,MSFT,2026-01-27 14:01:10.751124+00:00
2024-08-02 00:00:00-04:00,407.91621848675555,410.3983967606497,399.8565933572946,403.9605712890625,29437900,0.0,0.0,MSFT,2026-01-27 14:01:10.751124+00:00
2024-08-05 00:00:00-04:00,384.85479031825656,396.5931676964823,381.3045706583986,390.7684631347656,40709200,0.0,0.0,MSFT,2026-01-27 14:01:10.751124+00:00
2024-08-06 00:00:00-04:00,395.5647367351895,401.17188015725634,394.08136897243253,395.1790466308594,24946500,0.0,0.0,MSFT,2026-01-27 14:01:10.751124+00:00
2024-08-07 00:00:00-04:00,404.1089265381238,405.532931744476,393.06276861454995,394.0121154785156,20650900,0.0,0.0,MSFT,2026-01-27 14:01:10.751124+00:00
2024-08-08 00:00:00-04:00,397.97765609010867,401.3597174512935,395.50537665916386,398.2248840332031,20203000,0.0,0.0,MSFT,2026-01-27 14:01:10.751124+00:00
2024-08-09 00:00:00-04:00,399.5499892110853,403.52540334343706,397.79962638294626,401.5179138183594,19276700,0.0,0.0,MSFT,2026-01-27 14:01:10.751124+00:00
2024-08-12 00:00:00-04:00,402.54642227818954,404.22758435718055,399.75768384658,402.2991943359375,16762900,0.0,0.0,MSFT,2026-01-27 14:01:10.751124+00:00
2024-08-13 00:00:00-04:00,405.0483692456352,410.34895203900766,405.0286018746959,409.41937255859375,19414300,0.0,0.0,MSFT,2026-01-27 14:01:10.751124+00:00
2024-08-14 00:00:00-04:00,410.2005761710246,413.08821172004394,407.87665773392825,412.23773193359375,18267000,0.0,0.0,MSFT,2026-01-27 14:01:10.751124+00:00
2024-08-15 00:00:00-04:00,415.8934346982465,417.19124174906176,413.7733647214418,417.11199951171875,20752100,0.75,0.0,MSFT,2026-01-27 14:01:10.751124+00:00
2024-08-16 00:00:00-04:00,416.6859584876603,417.4190624715108,413.41664970781534,414.5757751464844,22775600,0.0,0.0,MSFT,2026-01-27 14:01:10.751124+00:00
2024-08-19 00:00:00-04:00,415.06120860773046,417.8252537249248,412.58447325666395,417.6072998046875,15234000,0.0,0.0,MSFT,2026-01-27 14:01:10.751124+00:00
2024-08-20 00:00:00-04:00,417.7757654099591,421.8970267669262,417.7163261753405,420.8468933105469,16387600,0.0,0.0,MSFT,2026-01-27 14:01:10.751124+00:00
2024-08-21 00:00:00-04:00,420.1335847320776,422.4320025414326,417.79556092274566,420.19305419921875,16067300,0.0,0.0,MSFT,2026-01-27 14:01:10.751124+00:00
2024-08-22 00:00:00-04:00,420.4109661556474,422.8183759816575,410.7516979364214,411.6829528808594,19361900,0.0,0.0,MSFT,2026-01-27 14:01:10.751124+00:00
2024-08-23 00:00:00-04:00,413.0996723021897,415.3584538355035,408.255163223579,412.91143798828125,18493800,0.0,0.0,MSFT,2026-01-27 14:01:10.751124+00:00
2024-08-26 00:00:00-04:00,412.49538585243533,413.3969213043914,407.51219467239036,409.6421813964844,13152800,0.0,0.0,MSFT,2026-01-27 14:01:10.751124+00:00
2024-08-27 00:00:00-04:00,409.01800038370646,410.5040417108967,406.43230298651787,409.9888916015625,13492900,0.0,0.0,MSFT,2026-01-27 14:01:10.751124+00:00
2024-08-28 00:00:00-04:00,411.0192227861693,411.13810125518216,403.5196602855256,406.779052734375,14882700,0.0,0.0,MSFT,2026-01-27 14:01:10.751124+00:00
2024-08-29 00:00:00-04:00,411.078675041423,418.12249665584295,406.77906561893394,409.2756042480469,17045200,0.0,0.0,MSFT,2026-01-27 14:01:10.751124+00:00
2024-08-30 00:00:00-04:00,411.73247082574284,413.604866938813,408.2947611159586,413.2581481933594,24308300,0.0,0.0,MSFT,2026-01-27 14:01:10.751124+00:00
2024-09-03 00:00:00-04:00,414.02103372225025,415.97270258559973,403.24227554701594,405.6298522949219,20313600,0.0,0.0,MSFT,2026-01-27 14:01:10.751124+00:00
2024-09-04 00:00:00-04:00,402.13271297104455,407.41310010382534,400.60703533664076,405.0948791503906,15135800,0.0,0.0,MSFT,2026-01-27 14:01:10.751124+00:00
2024-09-05 00:00:00-04:00,403.82677622219455,409.2557914736051,402.3506514977997,404.5896301269531,14195500,0.0,0.0,MSFT,2026-01-27 14:01:10.751124+00:00
2024-09-06 00:00:00-04:00,405.2533785520499,406.8285787467922,397.070234552708,397.9618835449219,19609500,0.0,0.0,MSFT,2026-01-27 14:01:10.751124+00:00
2024-09-09 00:00:00-04:00,403.4503023301037,404.84718480089737,398.40767240518096,401.9444580078125,15295100,0.0,0.0,MSFT,2026-01-27 14:01:10.751124+00:00
2024-09-10 00:00:00-04:00,404.4013552499596,412.4556731165174,403.9060081858286,410.34552001953125,19594300,0.0,0.0,MSFT,2026-01-27 14:01:10.751124+00:00
2024-09-11 00:00:00-04:00,411.6334289532487,420.044412808737,405.7685061452882,419.103271484375,19266900,0.0,0.0,MSFT,2026-01-27 14:01:10.751124+00:00
2024-09-12 00:00:00-04:00,419.37076416429335,423.39298024346107,415.84389519077274,423.02642822265625,17395700,0.0,0.0,MSFT,2026-01-27 14:01:10.751124+00:00
2024-09-13 00:00:00-04:00,421.8672937914901,427.8114589338371,421.5007417784194,426.5830078125,15874600,0.0,0.0,MSFT,2026-01-27 14:01:10.751124+00:00
2024-09-16 00:00:00-04:00,426.59294574191983,429.4956726087264,424.2350886136153,427.3260498046875,13834700,0.0,0.0,MSFT,2026-01-27 14:01:10.751124+00:00
2024-09-17 00:00:00-04:00,436.13332953102315,437.73824933805764,428.24738173228826,431.1005859375,18874200,0.0,0.0,MSFT,2026-01-27 14:01:10.751124+00:00
2024-09-18 00:00:00-04:00,430.95197545729616,431.9723892702998,426.40469272360485,426.80096435546875,18898000,0.0,0.0,MSFT,2026-01-27 14:01:10.751124+00:00
2024-09-19 00:00:00-04:00,437.1240071994986,437.3914837460106,432.8342844371603,434.6076354980469,21706600,0.0,0.0,MSFT,2026-01-27 14:01:10.751124+00:00
2024-09-20 00:00:00-04:00,433.15131768035957,435.1525090726311,430.17923509170157,431.2194519042969,55167100,0.0,0.0,MSFT,2026-01-27 14:01:10.751124+00:00
2024-09-23 00:00:00-04:00,430.23868426031646,432.3983904018878,426.38489946949306,429.4758605957031,15128900,0.0,0.0,MSFT,2026-01-27 14:01:10.751124+00:00
2024-09-24 00:00:00-04:00,428.9705844602765,429.31733347364775,422.1348005929618,425.1762390136719,17015800,0.0,0.0,MSFT,2026-01-27 14:01:10.751124+00:00
2024-09-25 00:00:00-04:00,425.8300855631319,429.08947802981356,424.58183139807875,428.0888671875,13396400,0.0,0.0,MSFT,2026-01-27 14:01:10.751124+00:00
2024-09-26 00:00:00-04:00,431.04114866155544,431.24918598433425,425.13661951946307,427.29632568359375,14492000,0.0,0.0,MSFT,2026-01-27 14:01:10.751124+00:00
2024-09-27 00:00:00-04:00,427.5043560158928,427.8313020370733,423.49205654568107,424.03692626953125,14896100,0.0,0.0,MSFT,2026-01-27 14:01:10.751124+00:00
2024-09-30 00:00:00-04:00,424.225137648764,426.4145935098266,421.41156986331913,426.2956848144531,16807300,0.0,0.0,MSFT,2026-01-27 14:01:10.751124+00:00
2024-10-01 00:00:00-04:00,424.4629120903149,424.49263170487137,414.9126061650303,416.7751159667969,19092900,0.0,0.0,MSFT,2026-01-27 14:01:10.751124+00:00
2024-10-02 00:00:00-04:00,418.6475564553425,418.88534363054407,412.8321861342137,413.248291015625,16582300,0.0,0.0,MSFT,2026-01-27 14:01:10.751124+00:00
2024-10-03 00:00:00-04:00,413.74364093705873,415.64575695003026,410.43472579830313,412.6637878417969,13686400,0.0,0.0,MSFT,2026-01-27 14:01:10.751124+00:00
2024-10-04 00:00:00-04:00,414.34793855319174,415.8438964916741,411.1083793562167,412.188232421875,19169700,0.0,0.0,MSFT,2026-01-27 14:01:10.751124+00:00
2024-10-07 00:00:00-04:00,412.12881943831235,413.2284755742096,405.1939594958407,405.72894287109375,20919800,0.0,0.0,MSFT,2026-01-27 14:01:10.751124+00:00
2024-10-08 00:00:00-04:00,407.0762569270798,411.79197118142247,404.37168100298584,410.8507995605469,19229300,0.0,0.0,MSFT,2026-01-27 14:01:10.751124+00:00
2024-10-09 00:00:00-04:00,411.99007853410836,416.46803570058375,410.4445979894132,413.5751953125,14974300,0.0,0.0,MSFT,2026-01-27 14:01:10.751124+00:00
2024-10-10 00:00:00-04:00,411.3659669240718,413.46623380792397,409.3053060403614,411.97027587890625,13848400,0.0,0.0,MSFT,2026-01-27 14:01:10.751124+00:00
2024-10-11 00:00:00-04:00,412.2674830881502,413.2482606337857,409.4043624478393,412.44580078125,14144900,0.0,0.0,MSFT,2026-01-27 14:01:10.751124+00:00
2024-10-14 00:00:00-04:00,413.8822865985765,420.0939583051494,413.63461305961806,415.23956298828125,16653100,0.0,0.0,MSFT,2026-01-27 14:01:10.751124+00:00
2024-10-15 00:00:00-04:00,418.2512520382671,418.54847842558434,411.39566540112634,414.84326171875,18900200,0.0,0.0,MSFT,2026-01-27 14:01:10.751124+00:00
2024-10-16 00:00:00-04:00,411.3065088320687,412.48540707078536,406.660150790306,412.2476501464844,15508900,0.0,0.0,MSFT,2026-01-27 14:01:10.751124+00:00
2024-10-17 00:00:00-04:00,418.429601804324,418.5683135090887,411.722612729939,412.84210205078125,14820000,0.0,0.0,MSFT,2026-01-27 14:01:10.751124+00:00
2024-10-18 00:00:00-04:00,413.25817959093666,415.74480139281076,412.3863638860618,414.2686767578125,17145300,0.0,0.0,MSFT,2026-01-27 14:01:10.751124+00:00
2024-10-21 00:00:00-04:00,412.24771457521706,415.06128280898497,409.8997738800341,414.8829650878906,14206100,0.0,0.0,MSFT,2026-01-27 14:01:10.751124+00:00
2024-10-22 00:00:00-04:00,414.595626294547,426.57311612841215,414.1498320229674,423.5317077636719,25482200,0.0,0.0,MSFT,2026-01-27 14:01:10.751124+00:00
2024-10-23 00:00:00-04:00,426.8504984713963,427.06845240983137,418.59802889539156,420.6487731933594,19654400,0.0,0.0,MSFT,2026-01-27 14:01:10.751124+00:00
2024-10-24 00:00:00-04:00,421.3719191439679,422.0158945124843,418.4691926119839,420.77752685546875,13581600,0.0,0.0,MSFT,2026-01-27 14:01:10.751124+00:00
2024-10-25 00:00:00-04:00,422.78866124967664,428.4950392124222,422.6004269353124,424.16571044921875,16899100,0.0,0.0,MSFT,2026-01-27 14:01:10.751124+00:00
2024-10-28 00:00:00-04:00,427.64306615669506,427.9204593260478,422.33292947161533,422.6202392578125,14882400,0.0,0.0,MSFT,2026-01-27 14:01:10.751124+00:00
2024-10-29 00:00:00-04:00,424.017135059726,429.13903758740884,421.83759563654417,427.9303894042969,17644100,0.0,0.0,MSFT,2026-01-27 14:01:10.751124+00:00
2024-10-30 00:00:00-04:00,433.3692558016521,434.41938919264413,428.07895261488494,428.50494384765625,29749100,0.0,0.0,MSFT,2026-01-27 14:01:10.751124+00:00
2024-10-31 00:00:00-04:00,411.4947379049696,412.2873114234298,402.5190506643278,402.568603515625,53971000,0.0,0.0,MSFT,2026-01-27 14:01:10.751124+00:00
2024-11-01 00:00:00-04:00,405.20384836550784,411.63344411141696,403.7078904341815,406.5511779785156,24230400,0.0,0.0,MSFT,2026-01-27 14:01:10.751124+00:00
2024-11-04 00:00:00-05:00,405.9864314998881,406.6006872402375,401.7958147917939,404.6589050292969,19672300,0.0,0.0,MSFT,2026-01-27 14:01:10.751124+00:00
2024-11-05 00:00:00-05:00,404.5698009147436,411.0390330760231,404.28249112047496,407.63104248046875,17626000,0.0,0.0,MSFT,2026-01-27 14:01:10.751124+00:00
2024-11-06 00:00:00-05:00,408.5821307366994,416.53740425456203,406.69978749855915,416.2698974609375,26681800,0.0,0.0,MSFT,2026-01-27 14:01:10.751124+00:00
2024-11-07 00:00:00-05:00,417.3596638124742,422.8778379270892,415.9726979378319,421.4710388183594,19901800,0.0,0.0,MSFT,2026-01-27 14:01:10.751124+00:00
2024-11-08 00:00:00-05:00,421.3620693729889,422.5310812867246,417.8550033981939,418.6079406738281,16891400,0.0,0.0,MSFT,2026-01-27 14:01:10.751124+00:00
2024-11-11 00:00:00-05:00,418.58809689323664,420.8567950462537,412.1287816798458,414.1200866699219,24503300,0.0,0.0,MSFT,2026-01-27 14:01:10.751124+00:00
2024-11-12 00:00:00-05:00,414.3578665238478,420.4902662976637,413.317649663667,419.0933837890625,19401200,0.0,0.0,MSFT,2026-01-27 14:01:10.751124+00:00
2024-11-13 00:00:00-05:00,417.71635583643985,425.3347671278453,414.3182514369815,421.24322509765625,21502200,0.0,0.0,MSFT,2026-01-27 14:01:10.751124+00:00
2024-11-14 00:00:00-05:00,421.04505383486753,424.1855678921326,416.0915826132808,422.91748046875,30246900,0.0,0.0,MSFT,2026-01-27 14:01:10.751124+00:00
2024-11-15 00:00:00-05:00,415.91324532993855,418.86549468955633,409.79076244428035,411.1380920410156,28247600,0.0,0.0,MSFT,2026-01-27 14:01:10.751124+00:00
2024-11-18 00:00:00-05:00,411.00928939667125,414.5064386408341,408.26507740364855,411.8910217285156,24727000,0.0,0.0,MSFT,2026-01-27 14:01:10.751124+00:00
2024-11-19 00:00:00-05:00,409.2656885605185,414.0507587358417,407.7202079437107,413.90216064453125,18133500,0.0,0.0,MSFT,2026-01-27 14:01:10.751124+00:00
2024-11-20 00:00:00-05:00,412.9906980283946,413.40680290697327,406.7592228682752,411.62353515625,19191700,0.0,0.0,MSFT,2026-01-27 14:01:10.751124+00:00
2024-11-21 00:00:00-05:00,416.428073141663,416.70602153771694,407.2855248811401,409.84661865234375,20780200,0.83,0.0,MSFT,2026-01-27 14:01:10.751124+00:00
2024-11-22 00:00:00-05:00,408.3576333968402,414.3434759719605,408.0499058744426,413.9464111328125,24814600,0.0,0.0,MSFT,2026-01-27 14:01:10.751124+00:00
2024-11-25 00:00:00-05:00,415.3162958278843,417.99650611752486,411.812146489521,415.7232971191406,27691100,0.0,0.0,MSFT,2026-01-27 14:01:10.751124+00:00
2024-11-26 00:00:00-05:00,416.5174436728799,425.89825580258685,415.78287220202776,424.8559265136719,23458900,0.0,0.0,MSFT,2026-01-27 14:01:10.751124+00:00
2024-11-27 00:00:00-05:00,421.99701856707253,424.10151982082925,418.92964944636213,419.8925476074219,18332400,0.0,0.0,MSFT,2026-01-27 14:01:10.751124+00:00
2024-11-29 00:00:00-05:00,417.0137828520631,421.76871536801127,414.7405434642979,420.3591003417969,16271900,0.0,0.0,MSFT,2026-01-27 14:01:10.751124+00:00
2024-12-02 00:00:00-05:00,418.48296929752263,429.8292633670891,418.22486350993177,427.8240661621094,20207200,0.0,0.0,MSFT,2026-01-27 14:01:10.751124+00:00
2024-12-03 00:00:00-05:00,426.69236269283573,429.30310856781665,424.6077345204632,428.04241943359375,18302000,0.0,0.0,MSFT,2026-01-27 14:01:10.751124+00:00
2024-12-04 00:00:00-05:00,429.8590208353051,436.45041220115866,429.4619560010729,434.2168884277344,26009400,0.0,0.0,MSFT,2026-01-27 14:01:10.751124+00:00
2024-12-05 00:00:00-05:00,434.7131892508136,441.40382352297394,432.9760042447338,439.3787536621094,21697800,0.0,0.0,MSFT,2026-01-27 14:01:10.751124+00:00
2024-12-06 00:00:00-05:00,439.06108850071894,442.83327982289535,438.53497082637017,440.3218078613281,18821000,0.0,0.0,MSFT,2026-01-27 14:01:10.751124+00:00
2024-12-09 00:00:00-05:00,439.358906375019,445.04692697507164,437.27427833096584,442.75384521484375,19144400,0.0,0.0,MSFT,2026-01-27 14:01:10.751124+00:00
2024-12-10 00:00:00-05:00,441.1358533918597,446.32753597079886,438.3662754088612,440.0835876464844,18469500,0.0,0.0,MSFT,2026-01-27 14:01:10.751124+00:00
2024-12-11 00:00:00-05:00,440.79832040277716,447.05220524938716,440.79832040277716,445.7021484375,19200200,0.0,0.0,MSFT,2026-01-27 14:01:10.751124+00:00
2024-12-12 00:00:00-05:00,445.8212579806136,452.8196506561494,445.8212579806136,446.2679748535156,20834800,0.0,0.0,MSFT,2026-01-27 14:01:10.751124+00:00
2024-12-13 00:00:00-05:00,445.15616611270633,448.124261247401,442.3170935669994,443.9947204589844,20177800,0.0,0.0,MSFT,2026-01-27 14:01:10.751124+00:00
2024-12-16 00:00:00-05:00,443.99473862109255,448.86878750909034,442.01932060586137,448.2831115722656,23598800,0.0,0.0,MSFT,2026-01-27 14:01:10.751124+00:00
2024-12-17 00:00:00-05:00,447.70736185197006,451.9560191338881,446.2779042343056,451.132080078125,22733500,0.0,0.0,MSFT,2026-01-27 14:01:10.751124+00:00
2024-12-18 00:00:00-05:00,448.0151211482652,449.3353686126572,433.8198177452418,434.1871337890625,24444500,0.0,0.0,MSFT,2026-01-27 14:01:10.751124+00:00
2024-12-19 00:00:00-05:00,438.38609658906347,439.9346705847199,433.12491959024413,433.8297119140625,22963700,0.0,0.0,MSFT,2026-01-27 14:01:10.751124+00:00
2024-12-20 00:00:00-05:00,429.93842886665163,440.4905928728717,425.4912541783927,433.40289306640625,64263700,0.0,0.0,MSFT,2026-01-27 14:01:10.751124+00:00
2024-12-23 00:00:00-05:00,433.54185407205193,434.44519400818086,429.6604823749245,432.0627746582031,19152500,0.0,0.0,MSFT,2026-01-27 14:01:10.751124+00:00
2024-12-24 00:00:00-05:00,431.4671320524487,436.38089623186573,431.010509030067,436.11285400390625,7164500,0.0,0.0,MSFT,2026-01-27 14:01:10.751124+00:00
2024-12-26 00:00:00-05:00,435.86472311645826,437.7111185947039,433.4326819773249,434.9018249511719,8194200,0.0,0.0,MSFT,2026-01-27 14:01:10.751124+00:00
2024-12-27 00:00:00-05:00,431.4175228637617,432.0329778888151,423.2279358558446,427.3773193359375,18117700,0.0,0.0,MSFT,2026-01-27 14:01:10.751124+00:00
2024-12-30 00:00:00-05:00,422.9400284711836,424.4191077458383,418.810487849265,421.7190246582031,13158700,0.0,0.0,MSFT,2026-01-27 14:01:10.751124+00:00
2024-12-31 00:00:00-05:00,422.97977346202197,423.6051649635355,417.5796069111211,418.4134521484375,13246500,0.0,0.0,MSFT,2026-01-27 14:01:10.751124+00:00
2025-01-02 00:00:00-05:00,422.4139505741353,422.9500047735069,411.81216477472935,415.51483154296875,16896500,0.0,0.0,MSFT,2026-01-27 14:01:10.751124+00:00
2025-01-03 00:00:00-05:00,417.99651176266025,420.9249216883709,416.46781065088146,420.2499084472656,16662900,0.0,0.0,MSFT,2026-01-27 14:01:10.751124+00:00
2025-01-06 00:00:00-05:00,424.8658449852562,431.1395722098291,422.36430932720185,424.7169494628906,20573600,0.0,0.0,MSFT,2026-01-27 14:01:10.751124+00:00
2025-01-07 00:00:00-05:00,425.85852385294453,427.49643519355806,417.7185585987197,419.2770690917969,18139100,0.0,0.0,MSFT,2026-01-27 14:01:10.751124+00:00
2025-01-08 00:00:00-05:00,420.35912921204886,423.84343629743364,418.45320572340466,421.4510803222656,15054600,0.0,0.0,MSFT,2026-01-27 14:01:10.751124+00:00
2025-01-10 00:00:00-05:00,421.52050962504774,421.59991046888086,411.98086631184646,415.8821105957031,20201100,0.0,0.0,MSFT,2026-01-27 14:01:10.751124+00:00
2025-01-13 00:00:00-05:00,412.19927707865725,415.4354144937977,409.2708974707551,414.135009765625,17604800,0.0,0.0,MSFT,2026-01-27 14:01:10.751124+00:00
2025-01-14 00:00:00-05:00,414.7504731982745,416.6663329915462,407.7123952362894,412.62615966796875,16935900,0.0,0.0,MSFT,2026-01-27 14:01:10.751124+00:00
2025-01-15 00:00:00-05:00,416.06081709812753,425.01475491103537,415.20709891745935,423.188232421875,19637800,0.0,0.0,MSFT,2026-01-27 14:01:10.751124+00:00
2025-01-16 00:00:00-05:00,425.56071106349873,426.34490420898106,421.2822749228641,421.4708557128906,15300000,0.0,0.0,MSFT,2026-01-27 14:01:10.751124+00:00
2025-01-17 00:00:00-05:00,430.9112808415576,431.29843952552403,425.03464825408395,425.8883361816406,26197500,0.0,0.0,MSFT,2026-01-27 14:01:10.751124+00:00
2025-01-21 00:00:00-05:00,427.04974598441896,427.74460185190514,422.4834247796493,425.3621826171875,26085700,0.0,0.0,MSFT,2026-01-27 14:01:10.751124+00:00
2025-01-22 00:00:00-05:00,434.35587089419175,443.9947588601348,432.8072967513622,442.9326171875,27803800,0.0,0.0,MSFT,2026-01-27 14:01:10.751124+00:00
2025-01-23 00:00:00-05:00,438.76331124507635,443.4785278251988,438.266972657695,443.4388122558594,18389300,0.0,0.0,MSFT,2026-01-27 14:01:10.751124+00:00
2025-01-24 00:00:00-05:00,441.9001784993804,443.37925780820444,438.1677025965132,440.8082275390625,15549500,0.0,0.0,MSFT,2026-01-27 14:01:10.751124+00:00
2025-01-27 00:00:00-05:00,420.90507512895306,432.01313557520695,420.39880005578783,431.3778076171875,35647800,0.0,0.0,MSFT,2026-01-27 14:01:10.751124+00:00
2025-01-28 00:00:00-05:00,431.4175234893937,445.0966142937209,428.2211016468738,443.9252624511719,23491700,0.0,0.0,MSFT,2026-01-27 14:01:10.751124+00:00
2025-01-29 00:00:00-05:00,443.41900040059096,443.60761150041753,437.17505205552743,439.0909118652344,23581400,0.0,0.0,MSFT,2026-01-27 14:01:10.751124+00:00
2025-01-30 00:00:00-05:00,415.7034295288443,419.7634757332681,410.1345248522129,411.95111083984375,54586300,0.0,0.0,MSFT,2026-01-27 14:01:10.751124+00:00
2025-01-31 00:00:00-05:00,415.9119381542539,417.60940782263856,411.87173434946413,412.0206298828125,34161900,0.0,0.0,MSFT,2026-01-27 14:01:10.751124+00:00
2025-02-03 00:00:00-05:00,408.5859629677824,412.36806087424213,405.6674894234756,407.91094970703125,25679100,0.0,0.0,MSFT,2026-01-27 14:01:10.751124+00:00
2025-02-04 00:00:00-05:00,409.6679752687522,410.8889791877868,406.739565274027,409.3503112792969,20532100,0.0,0.0,MSFT,2026-01-27 14:01:10.751124+00:00
2025-02-05 00:00:00-05:00,409.33049175194867,410.7996347714461,407.3947588943965,410.26361083984375,16316700,0.0,0.0,MSFT,2026-01-27 14:01:10.751124+00:00
2025-02-06 00:00:00-05:00,410.96837509421607,415.13763159687187,410.96837509421607,412.7750549316406,16309800,0.0,0.0,MSFT,2026-01-27 14:01:10.751124+00:00
2025-02-07 00:00:00-05:00,413.4302096384315,415.58430218979566,405.1115698860282,406.7494812011719,22886800,0.0,0.0,MSFT,2026-01-27 14:01:10.751124+00:00
2025-02-10 00:00:00-05:00,410.6804954197058,412.41768060214906,407.91094771202364,409.201416015625,20817900,0.0,0.0,MSFT,2026-01-27 14:01:10.751124+00:00
2025-02-11 00:00:00-05:00,406.64031711794166,409.4694230026259,406.30278019920314,408.4271240234375,18140600,0.0,0.0,MSFT,2026-01-27 14:01:10.751124+00:00
2025-02-12 00:00:00-05:00,404.2280919312538,407.742177856358,401.40889219439293,406.0447082519531,19121700,0.0,0.0,MSFT,2026-01-27 14:01:10.751124+00:00
2025-02-13 00:00:00-05:00,404.01963601763975,407.99034497113007,403.38430804391083,407.5337219238281,23891700,0.0,0.0,MSFT,2026-01-27 14:01:10.751124+00:00
2025-02-14 00:00:00-05:00,404.80385028408716,405.91564391864586,402.9078331667541,405.43914794921875,22758500,0.0,0.0,MSFT,2026-01-27 14:01:10.751124+00:00
2025-02-18 00:00:00-05:00,405.012314606688,407.593281493885,403.5232987441634,406.64031982421875,21423100,0.0,0.0,MSFT,2026-01-27 14:01:10.751124+00:00
2025-02-19 00:00:00-05:00,404.89319663470326,412.44745587382107,404.66486996411237,411.73272705078125,24114200,0.0,0.0,MSFT,2026-01-27 14:01:10.751124+00:00
2025-02-20 00:00:00-05:00,413.0755545581438,417.07410775463984,410.3402184035009,413.91107177734375,23508700,0.83,0.0,MSFT,2026-01-27 14:01:10.751124+00:00
2025-02-21 00:00:00-05:00,415.11458446579724,415.8207899827264,405.71499358869687,406.03326416015625,27524800,0.0,0.0,MSFT,2026-01-27 14:01:10.751124+00:00
2025-02-24 00:00:00-05:00,406.3316944915949,407.1870941067446,397.1906962904959,401.8457336425781,26443700,0.0,0.0,MSFT,2026-01-27 14:01:10.751124+00:00
2025-02-25 00:00:00-05:00,398.9611771958944,399.7768119064437,394.5846458623518,395.7782287597656,29387400,0.0,0.0,MSFT,2026-01-27 14:01:10.751124+00:00
2025-02-26 00:00:00-05:00,395.8876811696496,401.4478696916858,392.1477210913464,397.5985107421875,19619000,0.0,0.0,MSFT,2026-01-27 14:01:10.751124+00:00
2025-02-27 00:00:00-05:00,399.13030635306495,403.5764722898777,390.0788543559985,390.4369201660156,21127400,0.0,0.0,MSFT,2026-01-27 14:01:10.751124+00:00
2025-02-28 00:00:00-05:00,390.5662102627109,395.50970978817173,384.50868780557136,394.87310791015625,32845700,0.0,0.0,MSFT,2026-01-27 14:01:10.751124+00:00
2025-03-03 00:00:00-05:00,396.693360360252,396.693360360252,384.1008642400347,386.4184265136719,23007700,0.0,0.0,MSFT,2026-01-27 14:01:10.751124+00:00
2025-03-04 00:00:00-05:00,381.3555708063787,390.48661254503907,378.9683745181786,386.53778076171875,29342900,0.0,0.0,MSFT,2026-01-27 14:01:10.751124+00:00
2025-03-05 00:00:00-05:00,387.2639110911412,399.52818059067016,386.73673843465946,398.8816223144531,23433100,0.0,0.0,MSFT,2026-01-27 14:01:10.751124+00:00
2025-03-06 00:00:00-05:00,392.17758313531544,400.00561314926756,390.586108729763,394.773681640625,23304600,0.0,0.0,MSFT,2026-01-27 14:01:10.751124+00:00
2025-03-07 00:00:00-05:00,390.2280267594304,392.6947831487431,383.4841811851977,391.2127380371094,22034100,0.0,0.0,MSFT,2026-01-27 14:01:10.751124+00:00
2025-03-10 00:00:00-04:00,383.7825787420743,384.3395902213564,375.20854809150063,378.13287353515625,32840100,0.0,0.0,MSFT,2026-01-27 14:01:10.751124+00:00
2025-03-11 00:00:00-04:00,376.9790454259089,383.9417190881288,374.900193646485,378.42132568359375,30380200,0.0,0.0,MSFT,2026-01-27 14:01:10.751124+00:00
2025-03-12 00:00:00-04:00,380.9080172396425,383.1659020465141,376.92934634163805,381.2262878417969,24253600,0.0,0.0,MSFT,2026-01-27 14:01:10.751124+00:00
2025-03-13 00:00:00-04:00,381.1168495701804,383.2653352756173,375.43730594967485,376.750244140625,20473000,0.0,0.0,MSFT,2026-01-27 14:01:10.751124+00:00
2025-03-14 00:00:00-04:00,377.7548866940246,388.1491759928466,377.48633735073093,386.4880676269531,19952800,0.0,0.0,MSFT,2026-01-27 14:01:10.751124+00:00
2025-03-17 00:00:00-04:00,384.6379840789578,390.61591588488574,383.5140048019888,386.6273193359375,22474300,0.0,0.0,MSFT,2026-01-27 14:01:10.751124+00:00
2025-03-18 00:00:00-04:00,385.0060028133576,385.30439095730634,379.06783591000334,381.47491455078125,19486900,0.0,0.0,MSFT,2026-01-27 14:01:10.751124+00:00
2025-03-19 00:00:00-04:00,383.47424708645485,387.60211207726394,381.95240668028214,385.7520446777344,19185500,0.0,0.0,MSFT,2026-01-27 14:01:10.751124+00:00
2025-03-20 00:00:00-04:00,383.68308121761453,389.7008385815923,381.2362073514129,384.7772216796875,18470500,0.0,0.0,MSFT,2026-01-27 14:01:10.751124+00:00
2025-03-21 00:00:00-04:00,381.1765391094654,389.65109658333733,380.7587653391681,389.1736755371094,39675900,0.0,0.0,MSFT,2026-01-27 14:01:10.751124+00:00
2025-03-24 00:00:00-04:00,393.29158399443577,393.29158399443577,387.73139545576913,390.98394775390625,21004500,0.0,0.0,MSFT,2026-01-27 14:01:10.751124+00:00
2025-03-25 00:00:00-04:00,391.8195087441688,394.2464699747621,390.54633531859656,393.0528869628906,15775000,0.0,0.0,MSFT,2026-01-27 14:01:10.751124+00:00
2025-03-26 00:00:00-04:00,392.89374127883343,393.2020858372719,386.49803525659746,387.89056396484375,16108400,0.0,0.0,MSFT,2026-01-27 14:01:10.751124+00:00
2025-03-27 00:00:00-04:00,388.04970169840396,390.1484359049866,385.33424804034394,388.4972839355469,13766800,0.0,0.0,MSFT,2026-01-27 14:01:10.751124+00:00
2025-03-28 00:00:00-04:00,386.01060482786494,387.05502406399853,374.920066699825,376.78009033203125,21632000,0.0,0.0,MSFT,2026-01-27 14:01:10.751124+00:00
2025-03-31 00:00:00-04:00,370.5534967757106,375.0593400396717,365.28173999012597,373.3883056640625,35184700,0.0,0.0,MSFT,2026-01-27 14:01:10.751124+00:00
2025-04-01 00:00:00-04:00,372.65223585591366,380.80852287787553,371.2398247656492,380.15203857421875,19689500,0.0,0.0,MSFT,2026-01-27 14:01:10.751124+00:00
2025-04-02 00:00:00-04:00,375.95454781806535,383.0266205201498,374.6117403662579,380.1023254394531,16092600,0.0,0.0,MSFT,2026-01-27 14:01:10.751124+00:00
2025-04-03 00:00:00-04:00,372.79148704012755,375.4671453752222,367.38049274092737,371.12042236328125,30198000,0.0,0.0,MSFT,2026-01-27 14:01:10.751124+00:00
2025-04-04 00:00:00-04:00,362.1883672134991,372.5925832225619,357.5631683165765,357.9212341308594,49209900,0.0,0.0,MSFT,2026-01-27 14:01:10.751124+00:00
2025-04-07 00:00:00-04:00,349.00902084094025,369.021730877009,342.9514979578054,355.9517822265625,50425000,0.0,0.0,MSFT,2026-01-27 14:01:10.751124+00:00
2025-04-08 00:00:00-04:00,366.2963320079612,371.65757505461033,348.38235725741856,352.66937255859375,35868900,0.0,0.0,MSFT,2026-01-27 14:01:10.751124+00:00
2025-04-09 00:00:00-04:00,351.6547953803853,391.1331552543464,351.21713920354574,388.4077453613281,50199700,0.0,0.0,MSFT,2026-01-27 14:01:10.751124+00:00
2025-04-10 00:00:00-04:00,380.02273387837465,381.85291877896515,365.838762955237,379.3165283203125,38024400,0.0,0.0,MSFT,2026-01-27 14:01:10.751124+00:00
2025-04-11 00:00:00-04:00,378.61034006862997,387.9701367142302,376.86967153767677,386.3786926269531,23839200,0.0,0.0,MSFT,2026-01-27 14:01:10.751124+00:00
2025-04-14 00:00:00-04:00,391.1232211496066,392.54558862795363,382.1612557582716,385.7420654296875,19251200,0.0,0.0,MSFT,2026-01-27 14:01:10.751124+00:00
2025-04-15 00:00:00-04:00,386.43836227942796,389.80034400082167,382.1115516637576,383.6731872558594,17199900,0.0,0.0,MSFT,2026-01-27 14:01:10.751124+00:00
2025-04-16 00:00:00-04:00,378.6401657518634,379.5751254610235,366.0377126687907,369.6284484863281,21967800,0.0,0.0,MSFT,2026-01-27 14:01:10.751124+00:00
2025-04-17 00:00:00-04:00,371.75704543823275,372.3240133010547,364.9336397230584,365.8188781738281,21120200,0.0,0.0,MSFT,2026-01-27 14:01:10.751124+00:00
2025-04-21 00:00:00-04:00,360.88533011613976,362.5364820854384,353.7734623702264,357.2050476074219,20807300,0.0,0.0,MSFT,2026-01-27 14:01:10.751124+00:00
2025-04-22 00:00:00-04:00,361.44235434917846,365.80892977570767,357.94110461161955,364.864013671875,19485000,0.0,0.0,MSFT,2026-01-27 14:01:10.751124+00:00
2025-04-23 00:00:00-04:00,374.05469360875344,378.36162129682754,371.0308956184831,372.39361572265625,20545500,0.0,0.0,MSFT,2026-01-27 14:01:10.751124+00:00
2025-04-24 00:00:00-04:00,373.69665118177875,386.3786638188774,373.1893609627435,385.2347717285156,22232300,0.0,0.0,MSFT,2026-01-27 14:01:10.751124+00:00
2025-04-25 00:00:00-04:00,384.93638434344297,390.068873110604,382.54918803088736,389.7605285644531,18973200,0.0,0.0,MSFT,2026-01-27 14:01:10.751124+00:00
2025-04-28 00:00:00-04:00,389.86991018310994,390.6457497092271,384.5783015368256,389.0741882324219,16579400,0.0,0.0,MSFT,2026-01-27 14:01:10.751124+00:00
2025-04-29 00:00:00-04:00,389.21346312193106,392.9932186361511,388.29838582664536,391.9388732910156,14974000,0.0,0.0,MSFT,2026-01-27 14:01:10.751124+00:00
2025-04-30 00:00:00-04:00,388.21877036685504,394.54487238441686,382.39003252749313,393.15234375,36461100,0.0,0.0,MSFT,2026-01-27 14:01:10.751124+00:00
2025-05-01 00:00:00-04:00,428.81116623183453,434.65981700987567,422.6342884776108,423.1316223144531,58938100,0.0,0.0,MSFT,2026-01-27 14:01:10.751124+00:00
2025-05-02 00:00:00-04:00,429.4378217113229,437.09677511877317,427.6971532418887,432.9589538574219,30757400,0.0,0.0,MSFT,2026-01-27 14:01:10.751124+00:00
2025-05-05 00:00:00-04:00,430.5617862640975,437.15643772408293,429.80582912695047,433.8442077636719,20136100,0.0,0.0,MSFT,2026-01-27 14:01:10.751124+00:00
2025-05-06 00:00:00-04:00,429.8953841273505,435.39589519237757,428.8708776295015,430.99945068359375,15104200,0.0,0.0,MSFT,2026-01-27 14:01:10.751124+00:00
2025-05-07 00:00:00-04:00,431.5266230555768,435.7837995157977,428.8111693588705,431.03924560546875,23295300,0.0,0.0,MSFT,2026-01-27 14:01:10.751124+00:00
2025-05-08 00:00:00-04:00,435.5948162408885,441.30422944958144,433.3369315017373,435.83355712890625,23491300,0.0,0.0,MSFT,2026-01-27 14:01:10.751124+00:00
2025-05-09 00:00:00-04:00,437.6537809958818,438.38982536855053,433.55575499424157,436.39056396484375,15324200,0.0,0.0,MSFT,2026-01-27 14:01:10.751124+00:00
2025-05-12 00:00:00-04:00,443.5620761346614,446.97377874951286,437.4349200185842,446.8643798828125,22821900,0.0,0.0,MSFT,2026-01-27 14:01:10.751124+00:00
2025-05-13 00:00:00-04:00,445.392292323668,448.2668964878236,442.9851831830833,446.74505615234375,23618800,0.0,0.0,MSFT,2026-01-27 14:01:10.751124+00:00
2025-05-14 00:00:00-04:00,445.75038756339603,451.4796527444761,445.75038756339603,450.5247802734375,19902800,0.0,0.0,MSFT,2026-01-27 14:01:10.751124+00:00
2025-05-15 00:00:00-04:00,449.1894577663049,454.5904670438241,448.8506535548848,451.54119873046875,21992300,0.83,0.0,MSFT,2026-01-27 14:01:10.751124+00:00
2025-05-16 00:00:00-04:00,450.4649981824022,452.7668963665248,447.1566619661563,452.6772155761719,23849800,0.0,0.0,MSFT,2026-01-27 14:01:10.751124+00:00
2025-05-19 00:00:00-04:00,449.29907263869796,457.9785240250479,449.2193361148497,457.26104736328125,21336500,0.0,0.0,MSFT,2026-01-27 14:01:10.751124+00:00
2025-05-20 00:00:00-04:00,453.9925667897047,456.73292449884485,452.72703072274504,456.56353759765625,15441800,0.0,0.0,MSFT,2026-01-27 14:01:10.751124+00:00
2025-05-21 00:00:00-04:00,452.97614166677727,456.17487788050977,450.2258093649285,450.983154296875,19216900,0.0,0.0,MSFT,2026-01-27 14:01:10.751124+00:00
2025-05-22 00:00:00-04:00,453.3548479183862,458.63625267798704,452.30851122486644,453.26513671875,18025600,0.0,0.0,MSFT,2026-01-27 14:01:10.751124+00:00
2025-05-23 00:00:00-04:00,448.40228199038245,452.0992653985463,447.3360263474386,448.6015625,16883500,0.0,0.0,MSFT,2026-01-27 14:01:10.751124+00:00
2025-05-27 00:00:00-04:00,454.87944662996904,459.3337746022176,454.52069309116933,459.0746765136719,20974300,0.0,0.0,MSFT,2026-01-27 14:01:10.751124+00:00
2025-05-28 00:00:00-04:00,459.60285995745147,460.89828970025724,455.3278931492698,455.7563781738281,17086300,0.0,0.0,MSFT,2026-01-27 14:01:10.751124+00:00
2025-05-29 00:00:00-04:00,459.93167902845283,460.10109634693043,453.71356774793736,457.0717468261719,13974800,0.0,0.0,MSFT,2026-01-27 14:01:10.751124+00:00
2025-05-30 00:00:00-04:00,458.1080789456966,460.06119805700706,453.942742633105,458.7458190917969,34770500,0.0,0.0,MSFT,2026-01-27 14:01:10.751124+00:00
2025-06-02 00:00:00-04:00,455.53716828611505,460.48971303831235,455.2880448481698,460.3502197265625,16626500,0.0,0.0,MSFT,2026-01-27 14:01:10.751124+00:00
2025-06-03 00:00:00-04:00,459.85196958801225,462.5126212670428,459.24409259023946,461.3467102050781,15743800,0.0,0.0,MSFT,2026-01-27 14:01:10.751124+00:00
2025-06-04 00:00:00-04:00,462.3730793208357,464.05715611586317,461.3965045417047,462.2435302734375,14162700,0.0,0.0,MSFT,2026-01-27 14:01:10.751124+00:00
2025-06-05 00:00:00-04:00,463.3296970825432,468.00325491639626,462.4029652503908,466.0401611328125,20131700,0.0,0.0,MSFT,2026-01-27 14:01:10.751124+00:00
2025-06-06 00:00:00-04:00,468.4417212017894,471.6803257365932,467.1363168836836,468.730712890625,15285600,0.0,0.0,MSFT,2026-01-27 14:01:10.751124+00:00
2025-06-09 00:00:00-04:00,468.05311353771793,471.77001565920176,466.9768832876908,471.0924072265625,16469900,0.0,0.0,MSFT,2026-01-27 14:01:10.751124+00:00
2025-06-10 00:00:00-04:00,469.53787169847936,471.14221196784314,465.3226923748716,469.2688293457031,15375900,0.0,0.0,MSFT,2026-01-27 14:01:10.751124+00:00
2025-06-11 00:00:00-04:00,468.37197033665615,473.80287330978865,468.01324719222674,470.9628601074219,16399200,0.0,0.0,MSFT,2026-01-27 14:01:10.751124+00:00
2025-06-12 00:00:00-04:00,473.3544415367432,478.73553201697933,471.8597009390277,477.1909484863281,18950600,0.0,0.0,MSFT,2026-01-27 14:01:10.751124+00:00
2025-06-13 00:00:00-04:00,474.7395752703882,477.4998519181197,471.1023792861798,473.2946472167969,16814500,0.0,0.0,MSFT,2026-01-27 14:01:10.751124+00:00
2025-06-16 00:00:00-04:00,473.5437784887318,479.00457509504827,473.3345233196989,477.46002197265625,15626100,0.0,0.0,MSFT,2026-01-27 14:01:10.751124+00:00
2025-06-17 00:00:00-04:00,473.7331030955977,477.06138843382047,472.4177241014044,476.3638610839844,15414100,0.0,0.0,MSFT,2026-01-27 14:01:10.751124+00:00
2025-06-18 00:00:00-04:00,476.3239856832242,479.313466764918,472.7963894918646,478.5561218261719,17526500,0.0,0.0,MSFT,2026-01-27 14:01:10.751124+00:00
2025-06-20 00:00:00-04:00,480.53918652379775,481.76485435953526,475.1979642712812,475.7261047363281,37576200,0.0,0.0,MSFT,2026-01-27 14:01:10.751124+00:00
2025-06-23 00:00:00-04:00,476.53323466530253,486.0397928967888,470.8532389300749,484.2959289550781,24864000,0.0,0.0,MSFT,2026-01-27 14:01:10.751124+00:00
2025-06-24 00:00:00-04:00,487.23560408546166,490.1254297173699,485.0931183138473,488.3915100097656,22305600,0.0,0.0,MSFT,2026-01-27 14:01:10.751124+00:00
2025-06-25 00:00:00-04:00,490.314771223071,492.82592441237585,487.6740689863978,490.5439453125,17495100,0.0,0.0,MSFT,2026-01-27 14:01:10.751124+00:00
2025-06-26 00:00:00-04:00,491.2514824256969,496.29373818928514,491.08206511354325,495.705810546875,21578900,0.0,0.0,MSFT,2026-01-27 14:01:10.751124+00:00
2025-06-27 00:00:00-04:00,495.80545117387857,497.54931522943417,491.30131038962224,494.20111083984375,34539200,0.0,0.0,MSFT,2026-01-27 14:01:10.751124+00:00
2025-06-30 00:00:00-04:00,495.2972567719388,499.0042146991214,493.5932305818623,495.66595458984375,28369000,0.0,0.0,MSFT,2026-01-27 14:01:10.751124+00:00
2025-07-01 00:00:00-04:00,494.7292533047111,496.30370004913976,489.2585123483102,490.3247375488281,19945400,0.0,0.0,MSFT,2026-01-27 14:01:10.751124+00:00
2025-07-02 00:00:00-04:00,488.2719538404123,491.76965656989233,486.98649882219644,489.36810302734375,16319600,0.0,0.0,MSFT,2026-01-27 14:01:10.751124+00:00
2025-07-03 00:00:00-04:00,492.07857999859937,498.3764278450543,491.7098821739863,497.0909423828125,13984800,0.0,0.0,MSFT,2026-01-27 14:01:10.751124+00:00
2025-07-07 00:00:00-04:00,495.6360493014733,497.0012408266234,493.4935938943106,495.974853515625,13981600,0.0,0.0,MSFT,2026-01-27 14:01:10.751124+00:00
2025-07-08 00:00:00-04:00,495.4965138505155,496.4531696907806,492.3774837277821,494.8786926269531,11846600,0.0,0.0,MSFT,2026-01-27 14:01:10.751124+00:00
2025-07-09 00:00:00-04:00,498.54580110123976,505.003091421344,497.98776704512187,501.74456787109375,18659500,0.0,0.0,MSFT,2026-01-27 14:01:10.751124+00:00
2025-07-10 00:00:00-04:00,501.2861517097084,502.67129257213526,496.0047471787155,499.7216796875,16492100,0.0,0.0,MSFT,2026-01-27 14:01:10.751124+00:00
2025-07-11 00:00:00-04:00,496.72223609239006,503.25923259786794,496.054571905536,501.55523681640625,16459500,0.0,0.0,MSFT,2026-01-27 14:01:10.751124+00:00
2025-07-14 00:00:00-04:00,499.7615155353931,502.2029372942231,499.273243347857,501.2562561035156,12058800,0.0,0.0,MSFT,2026-01-27 14:01:10.751124+00:00
2025-07-15 00:00:00-04:00,501.2562471634966,506.51773265302506,501.027073076573,504.04644775390625,14927200,0.0,0.0,MSFT,2026-01-27 14:01:10.751124+00:00
2025-07-16 00:00:00-04:00,503.40867779230757,504.94328659833275,500.13023542973804,503.8471374511719,15154400,0.0,0.0,MSFT,2026-01-27 14:01:10.751124+00:00
2025-07-17 00:00:00-04:00,503.9069415603956,511.5699807689203,503.84715436950415,509.9058532714844,17503100,0.0,0.0,MSFT,2026-01-27 14:01:10.751124+00:00
2025-07-18 00:00:00-04:00,512.6760872301095,512.8355602906365,505.6508184267905,508.2616271972656,21209700,0.0,0.0,MSFT,2026-01-27 14:01:10.751124+00:00
2025-07-21 00:00:00-04:00,504.9333159392007,510.29448733980524,503.77737959397786,508.2715759277344,14066800,0.0,0.0,MSFT,2026-01-27 14:01:10.751124+00:00
2025-07-22 00:00:00-04:00,509.1784090675831,509.40761357627605,503.4983825683594,503.4983825683594,13868600,0.0,0.0,MSFT,2026-01-27 14:01:10.751124+00:00
2025-07-23 00:00:00-04:00,504.97320231513,505.01307057965715,498.9444273574923,504.0962829589844,16396600,0.0,0.0,MSFT,2026-01-27 14:01:10.751124+00:00
2025-07-24 00:00:00-04:00,506.98609704492156,511.86891017220256,505.5212500656798,509.0887145996094,16107000,0.0,0.0,MSFT,2026-01-27 14:01:10.751124+00:00
2025-07-25 00:00:00-04:00,510.67314061143924,516.4727417364818,508.57055332296227,511.9088439941406,19125700,0.0,0.0,MSFT,2026-01-27 14:01:10.751124+00:00
2025-07-28 00:00:00-04:00,512.2775105607909,513.1942677567645,508.3313735189307,510.7030334472656,14308000,0.0,0.0,MSFT,2026-01-27 14:01:10.751124+00:00
2025-07-29 00:00:00-04:00,513.7224399565682,515.8050777848653,509.7663282358281,510.7727966308594,16469200,0.0,0.0,MSFT,2026-01-27 14:01:10.751124+00:00
2025-07-30 00:00:00-04:00,513.3636552782116,514.1409495778635,507.6537656967309,511.4404296875,26380400,0.0,0.0,MSFT,2026-01-27 14:01:10.751124+00:00
2025-07-31 00:00:00-04:00,553.2831833968122,553.5024436401114,530.0350289229713,531.62939453125,51617300,0.0,0.0,MSFT,2026-01-27 14:01:10.751124+00:00
2025-08-01 00:00:00-04:00,533.1241706958108,533.9213535531813,519.0337340919326,522.2723388671875,28977600,0.0,0.0,MSFT,2026-01-27 14:01:10.751124+00:00
2025-08-04 00:00:00-04:00,526.4177481275262,536.3627358241171,526.2782244119826,533.7619018554688,25349000,0.0,0.0,MSFT,2026-01-27 14:01:10.751124+00:00
2025-08-05 00:00:00-04:00,535.2964641743647,535.41603854948,525.3913146279989,525.8995361328125,19171600,0.0,0.0,MSFT,2026-01-27 14:01:10.751124+00:00
2025-08-06 00:00:00-04:00,529.0385508551038,529.8357336828143,522.1926437275052,523.0994262695312,21355700,0.0,0.0,MSFT,2026-01-27 14:01:10.751124+00:00
2025-08-07 00:00:00-04:00,524.9529190734887,526.2384349946553,515.7353514691818,519.0138549804688,16079100,0.0,0.0,MSFT,2026-01-27 14:01:10.751124+00:00
2025-08-08 00:00:00-04:00,520.7676288144971,522.8204035830947,517.5888112007746,520.2095947265625,15531000,0.0,0.0,MSFT,2026-01-27 14:01:10.751124+00:00
2025-08-11 00:00:00-04:00,520.4686618064882,525.7401525514866,517.8976909591346,519.9405517578125,20194400,0.0,0.0,MSFT,2026-01-27 14:01:10.751124+00:00
2025-08-12 00:00:00-04:00,521.9135974657331,529.1182277589118,520.8672912006765,527.3843383789062,18667000,0.0,0.0,MSFT,2026-01-27 14:01:10.751124+00:00
2025-08-13 00:00:00-04:00,530.2443026581628,530.8322607629538,517.5489813455309,518.7547607421875,19619200,0.0,0.0,MSFT,2026-01-27 14:01:10.751124+00:00
2025-08-14 00:00:00-04:00,520.7277467800332,524.1058750288076,518.3162490497452,520.6480102539062,20269100,0.0,0.0,MSFT,2026-01-27 14:01:10.751124+00:00
2025-08-15 00:00:00-04:00,520.9370505811125,524.255330935539,517.2599862571353,518.3461303710938,25213300,0.0,0.0,MSFT,2026-01-27 14:01:10.751124+00:00
2025-08-18 00:00:00-04:00,519.7611730136332,520.9868407954262,512.2177084457264,515.286865234375,23760600,0.0,0.0,MSFT,2026-01-27 14:01:10.751124+00:00
2025-08-19 00:00:00-04:00,513.1942782099028,513.3536904476517,506.7668813962475,507.98260498046875,21481000,0.0,0.0,MSFT,2026-01-27 14:01:10.751124+00:00
2025-08-20 00:00:00-04:00,508.0822507382742,509.2082935133009,502.6712971096552,503.9468078613281,27723000,0.0,0.0,MSFT,2026-01-27 14:01:10.751124+00:00
2025-08-21 00:00:00-04:00,502.74904380636957,506.68168580920974,501.7808546744913,503.2980041503906,18443300,0.83,0.0,MSFT,2026-01-27 14:01:10.751124+00:00
2025-08-22 00:00:00-04:00,503.3079962424447,509.77590173606455,501.471437254012,506.2824401855469,24324200,0.0,0.0,MSFT,2026-01-27 14:01:10.751124+00:00
2025-08-25 00:00:00-04:00,505.6835608535286,507.2406441544574,503.1782400793436,503.3179931640625,21638600,0.0,0.0,MSFT,2026-01-27 14:01:10.751124+00:00
2025-08-26 00:00:00-04:00,503.4177851675948,504.0366525259624,497.5787379824689,501.1021423339844,30835700,0.0,0.0,MSFT,2026-01-27 14:01:10.751124+00:00
2025-08-27 00:00:00-04:00,501.06219963605827,506.34232576675964,498.96611661319633,505.7933349609375,17277900,0.0,0.0,MSFT,2026-01-27 14:01:10.751124+00:00
2025-08-28 00:00:00-04:00,506.1426727693108,510.1352001425548,504.5556467937143,508.68792724609375,18015600,0.0,0.0,MSFT,2026-01-27 14:01:10.751124+00:00
2025-08-29 00:00:00-04:00,507.7097597194238,508.64800611235046,503.5475364264987,505.7434387207031,20961600,0.0,0.0,MSFT,2026-01-27 14:01:10.751124+00:00
2025-09-02 00:00:00-04:00,499.53505401941584,505.0547219959289,495.88188775050133,504.1763610839844,18128000,0.0,0.0,MSFT,2026-01-27 14:01:10.751124+00:00
2025-09-03 00:00:00-04:00,502.8488615493355,506.8413890153064,501.3816064871684,504.40594482421875,16345100,0.0,0.0,MSFT,2026-01-27 14:01:10.751124+00:00
2025-09-04 00:00:00-04:00,503.3578996917829,507.20071355848035,502.2100541109688,507.02105712890625,15509500,0.0,0.0,MSFT,2026-01-27 14:01:10.751124+00:00
2025-09-05 00:00:00-04:00,508.11900990545524,511.0135863020471,491.4501951138555,494.0752868652344,31994800,0.0,0.0,MSFT,2026-01-27 14:01:10.751124+00:00
2025-09-08 00:00:00-04:00,497.1794589519428,500.26371328397477,494.10522614671714,497.2693176269531,16771000,0.0,0.0,MSFT,2026-01-27 14:01:10.751124+00:00
2025-09-09 00:00:00-04:00,500.4932596555404,501.3117351050236,496.77024724997165,497.4789123535156,14410500,0.0,0.0,MSFT,2026-01-27 14:01:10.751124+00:00
2025-09-10 00:00:00-04:00,502.04038173392,502.2899147028095,495.7920664455459,499.43524169921875,21611800,0.0,0.0,MSFT,2026-01-27 14:01:10.751124+00:00
2025-09-11 00:00:00-04:00,501.31173995388707,502.2300346920423,496.9499084839274,500.0740661621094,18881600,0.0,0.0,MSFT,2026-01-27 14:01:10.751124+00:00
2025-09-12 00:00:00-04:00,505.70352006176233,511.59249216822343,502.9087629314118,508.94744873046875,23624900,0.0,0.0,MSFT,2026-01-27 14:01:10.751124+00:00
2025-09-15 00:00:00-04:00,507.8395136770829,514.5069966795595,506.05284913244947,514.397216796875,17143800,0.0,0.0,MSFT,2026-01-27 14:01:10.751124+00:00
2025-09-16 00:00:00-04:00,515.9144004162443,516.2637221986186,507.64986983793983,508.08905029296875,19711900,0.0,0.0,MSFT,2026-01-27 14:01:10.751124+00:00
2025-09-17 00:00:00-04:00,509.6660849144807,510.33484666258875,504.9848440594251,509.06719970703125,15816600,0.0,0.0,MSFT,2026-01-27 14:01:10.751124+00:00
2025-09-18 00:00:00-04:00,510.5344514878828,512.1115168727503,506.71161989545686,507.5001525878906,18913700,0.0,0.0,MSFT,2026-01-27 14:01:10.751124+00:00
2025-09-19 00:00:00-04:00,509.6061757592278,518.3298380532008,509.35664280609984,516.96240234375,52474100,0.0,0.0,MSFT,2026-01-27 14:01:10.751124+00:00
2025-09-22 00:00:00-04:00,514.6268375894382,516.772784556969,511.5824866494396,513.4889526367188,20009300,0.0,0.0,MSFT,2026-01-27 14:01:10.751124+00:00
2025-09-23 00:00:00-04:00,512.8401566617626,513.6287198501773,506.3622903955001,508.2787170410156,19799600,0.0,0.0,MSFT,2026-01-27 14:01:10.751124+00:00
2025-09-24 00:00:00-04:00,509.4265417419943,511.5225942719762,505.9730140478167,509.19696044921875,13533700,0.0,0.0,MSFT,2026-01-27 14:01:10.751124+00:00
2025-09-25 00:00:00-04:00,507.3504106819217,509.0572380888419,504.09652154158834,506.0827941894531,15786500,0.0,0.0,MSFT,2026-01-27 14:01:10.751124+00:00
2025-09-26 00:00:00-04:00,509.1071380786861,512.9798945996346,505.67356201643696,510.5045166015625,16213100,0.0,0.0,MSFT,2026-01-27 14:01:10.751124+00:00
2025-09-29 00:00:00-04:00,510.5444265624633,515.8844074376258,507.9293260645142,513.6386108398438,17617800,0.0,0.0,MSFT,2026-01-27 14:01:10.751124+00:00
2025-09-30 00:00:00-04:00,512.2811987663596,517.1919905812645,508.70790002171145,516.982421875,19728200,0.0,0.0,MSFT,2026-01-27 14:01:10.751124+00:00
2025-10-01 00:00:00-04:00,513.8382741479315,519.5376290534263,510.7340986553811,518.7391357421875,22632300,0.0,0.0,MSFT,2026-01-27 14:01:10.751124+00:00
2025-10-02 00:00:00-04:00,516.6730253227585,520.625588764222,509.7260051791023,514.7765502929688,21222900,0.0,0.0,MSFT,2026-01-27 14:01:10.751124+00:00
2025-10-03 00:00:00-04:00,516.1339509263171,519.5176324904353,514.0378984273964,516.3834838867188,15112300,0.0,0.0,MSFT,2026-01-27 14:01:10.751124+00:00
2025-10-06 00:00:00-04:00,517.6411650074094,530.0380069481532,517.2319577376861,527.5825805664062,21388600,0.0,0.0,MSFT,2026-01-27 14:01:10.751124+00:00
2025-10-07 00:00:00-04:00,527.3030443984364,528.8102332144322,520.4658657072805,523.0010986328125,14615200,0.0,0.0,MSFT,2026-01-27 14:01:10.751124+00:00
2025-10-08 00:00:00-04:00,522.3024933531,525.9656203925812,522.1128458539913,523.8695068359375,13363400,0.0,0.0,MSFT,2026-01-27 14:01:10.751124+00:00
2025-10-09 00:00:00-04:00,521.3642478231245,523.3505205733983,516.4334737589328,521.4241333007812,18343600,0.0,0.0,MSFT,2026-01-27 14:01:10.751124+00:00
2025-10-10 00:00:00-04:00,518.6692706129455,522.6019127014883,508.6779606337136,510.0054626464844,24133800,0.0,0.0,MSFT,2026-01-27 14:01:10.751124+00:00
2025-10-13 00:00:00-04:00,515.4452371680482,515.4452371680482,510.7240930552238,513.0896606445312,14284200,0.0,0.0,MSFT,2026-01-27 14:01:10.751124+00:00
2025-10-14 00:00:00-04:00,509.2768388871209,514.3174231454748,505.05473007895694,512.610595703125,14684300,0.0,0.0,MSFT,2026-01-27 14:01:10.751124+00:00
2025-10-15 00:00:00-04:00,513.9979961583023,516.2238106749688,509.04724028199115,512.4708251953125,14694700,0.0,0.0,MSFT,2026-01-27 14:01:10.751124+00:00
2025-10-16 00:00:00-04:00,511.62245544117155,515.884437136842,507.1807563967364,510.65423583984375,15559600,0.0,0.0,MSFT,2026-01-27 14:01:10.751124+00:00
2025-10-17 00:00:00-04:00,508.0890780500653,514.5170195527368,506.3622988729776,512.62060546875,19867800,0.0,0.0,MSFT,2026-01-27 14:01:10.751124+00:00
2025-10-20 00:00:00-04:00,513.6486038577511,517.730989827423,512.4708156147512,515.8245239257812,14665600,0.0,0.0,MSFT,2026-01-27 14:01:10.751124+00:00
2025-10-21 00:00:00-04:00,516.533257830336,517.7210372272165,512.0815676283437,516.6929321289062,15586200,0.0,0.0,MSFT,2026-01-27 14:01:10.751124+00:00
2025-10-22 00:00:00-04:00,520.1764726871388,524.2488070435115,516.7428964573043,519.5675659179688,18962700,0.0,0.0,MSFT,2026-01-27 14:01:10.751124+00:00
2025-10-23 00:00:00-04:00,521.4839993377199,522.9712060783663,517.6411550810741,519.5875244140625,14023500,0.0,0.0,MSFT,2026-01-27 14:01:10.751124+00:00
2025-10-24 00:00:00-04:00,521.8133604589415,524.3685757173844,519.7372899447384,522.6318359375,15532400,0.0,0.0,MSFT,2026-01-27 14:01:10.751124+00:00
2025-10-27 00:00:00-04:00,530.7866236569336,533.5813808592218,528.0217787333662,530.527099609375,18734700,0.0,0.0,MSFT,2026-01-27 14:01:10.751124+00:00
2025-10-28 00:00:00-04:00,548.9725518014023,552.6855732732587,539.7598137450263,541.057373046875,29986700,0.0,0.0,MSFT,2026-01-27 14:01:10.751124+00:00
2025-10-29 00:00:00-04:00,543.9220119141725,545.2495444281135,535.7273269044096,540.538330078125,36023000,0.0,0.0,MSFT,2026-01-27 14:01:10.751124+00:00
2025-10-30 00:00:00-04:00,529.4889853080866,533.9705877450752,521.1446173319796,524.77783203125,41023100,0.0,0.0,MSFT,2026-01-27 14:01:10.751124+00:00
2025-10-31 00:00:00-04:00,527.8919782690999,528.3311587204174,514.137692119172,516.8426513671875,34006400,0.0,0.0,MSFT,2026-01-27 14:01:10.751124+00:00
2025-11-03 00:00:00-05:00,518.8389228578652,523.9793263365088,513.628703759196,516.0641479492188,22374700,0.0,0.0,MSFT,2026-01-27 14:01:10.751124+00:00
2025-11-04 00:00:00-05:00,510.80399534425794,514.5868933466259,506.8913048594995,513.3692016601562,20958700,0.0,0.0,MSFT,2026-01-27 14:01:10.751124+00:00
2025-11-05 00:00:00-05:00,512.3410686781482,513.8682396575209,505.6336213981725,506.2125549316406,23024300,0.0,0.0,MSFT,2026-01-27 14:01:10.751124+00:00
2025-11-06 00:00:00-05:00,504.7153625290288,504.75529633258907,494.88375756631746,496.1713562011719,27406500,0.0,0.0,MSFT,2026-01-27 14:01:10.751124+00:00
2025-11-07 00:00:00-05:00,496.02163823572937,498.4470913363115,492.32853818272196,495.8918762207031,24019800,0.0,0.0,MSFT,2026-01-27 14:01:10.751124+00:00
2025-11-10 00:00:00-05:00,499.10586069795033,505.9031361854127,497.8681564860657,505.0547180175781,26101500,0.0,0.0,MSFT,2026-01-27 14:01:10.751124+00:00
2025-11-11 00:00:00-05:00,503.85694933091565,508.64800052182136,501.411544557113,507.7297058105469,17980000,0.0,0.0,MSFT,2026-01-27 14:01:10.751124+00:00
2025-11-12 00:00:00-05:00,508.4084461357136,510.7141588310794,498.18758530403636,510.1851501464844,26574900,0.0,0.0,MSFT,2026-01-27 14:01:10.751124+00:00
2025-11-13 00:00:00-05:00,509.3566671737073,512.54071024479,500.3535287599438,502.34979248046875,25273100,0.0,0.0,MSFT,2026-01-27 14:01:10.751124+00:00
2025-11-14 00:00:00-05:00,497.2992409027003,510.644258818196,496.51070821491913,509.2268981933594,28505700,0.0,0.0,MSFT,2026-01-27 14:01:10.751124+00:00
2025-11-17 00:00:00-05:00,507.5001596757347,511.16328656765256,503.9667643395777,506.54193115234375,19092800,0.0,0.0,MSFT,2026-01-27 14:01:10.751124+00:00
2025-11-18 00:00:00-05:00,494.44458869198826,502.0403882023454,485.87063942574486,492.8675537109375,33815100,0.0,0.0,MSFT,2026-01-27 14:01:10.751124+00:00
2025-11-19 00:00:00-05:00,489.18443539234676,494.264922953439,481.9279972054541,486.2099914550781,23245300,0.0,0.0,MSFT,2026-01-27 14:01:10.751124+00:00
2025-11-20 00:00:00-05:00,492.7099914550781,493.57000732421875,475.5,478.42999267578125,26802500,0.91,0.0,MSFT,2026-01-27 14:01:10.751124+00:00
2025-11-21 00:00:00-05:00,478.5,478.9200134277344,468.2699890136719,472.1199951171875,31769200,0.0,0.0,MSFT,2026-01-27 14:01:10.751124+00:00
2025-11-24 00:00:00-05:00,475.0,476.8999938964844,468.0199890136719,474.0,34421000,0.0,0.0,MSFT,2026-01-27 14:01:10.751124+00:00
2025-11-25 00:00:00-05:00,474.07000732421875,479.1499938964844,464.8900146484375,476.989990234375,28019800,0.0,0.0,MSFT,2026-01-27 14:01:10.751124+00:00
2025-11-26 00:00:00-05:00,486.30999755859375,488.30999755859375,481.20001220703125,485.5,25709100,0.0,0.0,MSFT,2026-01-27 14:01:10.751124+00:00
2025-11-28 00:00:00-05:00,487.6000061035156,492.6300048828125,486.6499938964844,492.010009765625,14386700,0.0,0.0,MSFT,2026-01-27 14:01:10.751124+00:00
2025-12-01 00:00:00-05:00,488.44000244140625,489.8599853515625,484.6499938964844,486.739990234375,23964000,0.0,0.0,MSFT,2026-01-27 14:01:10.751124+00:00
2025-12-02 00:00:00-05:00,486.7200012207031,493.5,486.32000732421875,490.0,19562700,0.0,0.0,MSFT,2026-01-27 14:01:10.751124+00:00
2025-12-03 00:00:00-05:00,476.32000732421875,484.239990234375,475.20001220703125,477.7300109863281,34615100,0.0,0.0,MSFT,2026-01-27 14:01:10.751124+00:00
2025-12-04 00:00:00-05:00,479.760009765625,481.32000732421875,476.489990234375,480.8399963378906,22318200,0.0,0.0,MSFT,2026-01-27 14:01:10.751124+00:00
2025-12-05 00:00:00-05:00,482.5199890136719,483.3999938964844,478.8800048828125,483.1600036621094,22608700,0.0,0.0,MSFT,2026-01-27 14:01:10.751124+00:00
2025-12-08 00:00:00-05:00,484.8900146484375,492.29998779296875,484.3800048828125,491.0199890136719,21965900,0.0,0.0,MSFT,2026-01-27 14:01:10.751124+00:00
2025-12-09 00:00:00-05:00,489.1000061035156,492.1199951171875,488.5,492.0199890136719,14696100,0.0,0.0,MSFT,2026-01-27 14:01:10.751124+00:00
2025-12-10 00:00:00-05:00,484.0299987792969,484.25,475.0799865722656,478.55999755859375,35756200,0.0,0.0,MSFT,2026-01-27 14:01:10.751124+00:00
2025-12-11 00:00:00-05:00,476.6300048828125,486.0299987792969,475.8599853515625,483.4700012207031,24669200,0.0,0.0,MSFT,2026-01-27 14:01:10.751124+00:00
2025-12-12 00:00:00-05:00,479.82000732421875,482.45001220703125,476.3399963378906,478.5299987792969,21248100,0.0,0.0,MSFT,2026-01-27 14:01:10.751124+00:00
2025-12-15 00:00:00-05:00,480.1000061035156,480.7200012207031,472.5199890136719,474.82000732421875,23727700,0.0,0.0,MSFT,2026-01-27 14:01:10.751124+00:00
2025-12-16 00:00:00-05:00,471.9100036621094,477.8900146484375,470.8800048828125,476.3900146484375,20705600,0.0,0.0,MSFT,2026-01-27 14:01:10.751124+00:00
2025-12-17 00:00:00-05:00,476.9100036621094,480.0,475.0,476.1199951171875,24527200,0.0,0.0,MSFT,2026-01-27 14:01:10.751124+00:00
2025-12-18 00:00:00-05:00,478.19000244140625,489.6000061035156,477.8900146484375,483.9800109863281,28573500,0.0,0.0,MSFT,2026-01-27 14:01:10.751124+00:00
2025-12-19 00:00:00-05:00,487.3599853515625,487.8500061035156,482.489990234375,485.9200134277344,70836100,0.0,0.0,MSFT,2026-01-27 14:01:10.751124+00:00
2025-12-22 00:00:00-05:00,486.1199951171875,488.7300109863281,482.69000244140625,484.9200134277344,16963000,0.0,0.0,MSFT,2026-01-27 14:01:10.751124+00:00
2025-12-23 00:00:00-05:00,484.9800109863281,487.8299865722656,484.739990234375,486.8500061035156,14683600,0.0,0.0,MSFT,2026-01-27 14:01:10.751124+00:00
2025-12-24 00:00:00-05:00,485.67999267578125,489.1600036621094,484.8299865722656,488.0199890136719,5855900,0.0,0.0,MSFT,2026-01-27 14:01:10.751124+00:00
2025-12-26 00:00:00-05:00,486.7099914550781,488.1199951171875,485.9599914550781,487.7099914550781,8842200,0.0,0.0,MSFT,2026-01-27 14:01:10.751124+00:00
2025-12-29 00:00:00-05:00,484.8599853515625,488.3500061035156,484.17999267578125,487.1000061035156,10893400,0.0,0.0,MSFT,2026-01-27 14:01:10.751124+00:00
2025-12-30 00:00:00-05:00,485.92999267578125,489.67999267578125,485.5,487.4800109863281,13944500,0.0,0.0,MSFT,2026-01-27 14:01:10.751124+00:00
2025-12-31 00:00:00-05:00,487.8399963378906,488.1400146484375,483.29998779296875,483.6199951171875,15601600,0.0,0.0,MSFT,2026-01-27 14:01:10.751124+00:00
2026-01-02 00:00:00-05:00,484.3900146484375,484.6600036621094,470.1600036621094,472.94000244140625,25571600,0.0,0.0,MSFT,2026-01-27 14:01:10.751124+00:00
2026-01-05 00:00:00-05:00,474.05999755859375,476.07000732421875,469.5,472.8500061035156,25250300,0.0,0.0,MSFT,2026-01-27 14:01:10.751124+00:00
2026-01-06 00:00:00-05:00,473.79998779296875,478.739990234375,469.75,478.510009765625,23037700,0.0,0.0,MSFT,2026-01-27 14:01:10.751124+00:00
2026-01-07 00:00:00-05:00,479.760009765625,489.70001220703125,477.95001220703125,483.4700012207031,25564200,0.0,0.0,MSFT,2026-01-27 14:01:10.751124+00:00
2026-01-08 00:00:00-05:00,481.239990234375,482.6600036621094,475.8599853515625,478.1099853515625,18162600,0.0,0.0,MSFT,2026-01-27 14:01:10.751124+00:00
2026-01-09 00:00:00-05:00,474.05999755859375,479.82000732421875,472.20001220703125,479.2799987792969,18491000,0.0,0.0,MSFT,2026-01-27 14:01:10.751124+00:00
2026-01-12 00:00:00-05:00,476.6700134277344,480.989990234375,475.67999267578125,477.17999267578125,23519900,0.0,0.0,MSFT,2026-01-27 14:01:10.751124+00:00
2026-01-13 00:00:00-05:00,474.67999267578125,475.7799987792969,465.95001220703125,470.6700134277344,28545800,0.0,0.0,MSFT,2026-01-27 14:01:10.751124+00:00
2026-01-14 00:00:00-05:00,466.4599914550781,468.20001220703125,457.1700134277344,459.3800048828125,28184300,0.0,0.0,MSFT,2026-01-27 14:01:10.751124+00:00
2026-01-15 00:00:00-05:00,464.1199951171875,464.25,455.8999938964844,456.6600036621094,23225800,0.0,0.0,MSFT,2026-01-27 14:01:10.751124+00:00
2026-01-16 00:00:00-05:00,457.8299865722656,463.19000244140625,456.4800109863281,459.8599853515625,34246700,0.0,0.0,MSFT,2026-01-27 14:01:10.751124+00:00
2026-01-20 00:00:00-05:00,451.2200012207031,456.79998779296875,449.2799987792969,454.5199890136719,26130000,0.0,0.0,MSFT,2026-01-27 14:01:10.751124+00:00
2026-01-21 00:00:00-05:00,452.6000061035156,452.69000244140625,438.67999267578125,444.1099853515625,37980500,0.0,0.0,MSFT,2026-01-27 14:01:10.751124+00:00
2026-01-22 00:00:00-05:00,447.6199951171875,452.8399963378906,444.70001220703125,451.1400146484375,25349400,0.0,0.0,MSFT,2026-01-27 14:01:10.751124+00:00
2026-01-23 00:00:00-05:00,451.8699951171875,471.1000061035156,450.5299987792969,465.95001220703125,38000200,0.0,0.0,MSFT,2026-01-27 14:01:10.751124+00:00
2026-01-26 00:00:00-05:00,465.30999755859375,474.25,462.0,470.2799987792969,29247100,0.0,0.0,MSFT,2026-01-27 14:01:10.751124+00:00
