[2026-01-26T13:05:51.448+0000] {processor.py:157} INFO - Started process (PID=162) to work on /opt/airflow/dags/stock_etl_simple.py
[2026-01-26T13:05:51.449+0000] {processor.py:829} INFO - Processing file /opt/airflow/dags/stock_etl_simple.py for tasks to queue
[2026-01-26T13:05:51.451+0000] {logging_mixin.py:151} INFO - [2026-01-26T13:05:51.450+0000] {dagbag.py:539} INFO - Filling up the DagBag from /opt/airflow/dags/stock_etl_simple.py
[2026-01-26T13:05:51.849+0000] {processor.py:839} INFO - DAG(s) dict_keys(['stock_etl_simple']) retrieved from /opt/airflow/dags/stock_etl_simple.py
[2026-01-26T13:05:52.343+0000] {logging_mixin.py:151} INFO - [2026-01-26T13:05:52.342+0000] {manager.py:499} INFO - Created Permission View: %s
[2026-01-26T13:05:52.365+0000] {logging_mixin.py:151} INFO - [2026-01-26T13:05:52.364+0000] {manager.py:499} INFO - Created Permission View: %s
[2026-01-26T13:05:52.378+0000] {logging_mixin.py:151} INFO - [2026-01-26T13:05:52.378+0000] {manager.py:499} INFO - Created Permission View: %s
[2026-01-26T13:05:52.379+0000] {logging_mixin.py:151} INFO - [2026-01-26T13:05:52.379+0000] {security.py:708} INFO - Not syncing DAG-level permissions for DAG 'DAG:stock_etl_simple' as access control is unset.
[2026-01-26T13:05:52.380+0000] {logging_mixin.py:151} INFO - [2026-01-26T13:05:52.379+0000] {dag.py:2915} INFO - Sync 1 DAGs
[2026-01-26T13:05:52.500+0000] {logging_mixin.py:151} INFO - [2026-01-26T13:05:52.500+0000] {dag.py:2937} INFO - Creating ORM DAG for stock_etl_simple
[2026-01-26T13:05:52.501+0000] {logging_mixin.py:151} INFO - [2026-01-26T13:05:52.501+0000] {dag.py:3696} INFO - Setting next_dagrun for stock_etl_simple to None, run_after=None
[2026-01-26T13:05:52.534+0000] {processor.py:179} INFO - Processing /opt/airflow/dags/stock_etl_simple.py took 1.091 seconds
[2026-01-26T13:06:23.349+0000] {processor.py:157} INFO - Started process (PID=186) to work on /opt/airflow/dags/stock_etl_simple.py
[2026-01-26T13:06:23.350+0000] {processor.py:829} INFO - Processing file /opt/airflow/dags/stock_etl_simple.py for tasks to queue
[2026-01-26T13:06:23.351+0000] {logging_mixin.py:151} INFO - [2026-01-26T13:06:23.351+0000] {dagbag.py:539} INFO - Filling up the DagBag from /opt/airflow/dags/stock_etl_simple.py
[2026-01-26T13:06:23.365+0000] {processor.py:839} INFO - DAG(s) dict_keys(['stock_etl_simple']) retrieved from /opt/airflow/dags/stock_etl_simple.py
[2026-01-26T13:06:23.390+0000] {logging_mixin.py:151} INFO - [2026-01-26T13:06:23.390+0000] {dag.py:2915} INFO - Sync 1 DAGs
[2026-01-26T13:06:23.402+0000] {logging_mixin.py:151} INFO - [2026-01-26T13:06:23.402+0000] {dag.py:3696} INFO - Setting next_dagrun for stock_etl_simple to None, run_after=None
[2026-01-26T13:06:23.433+0000] {processor.py:179} INFO - Processing /opt/airflow/dags/stock_etl_simple.py took 0.091 seconds
[2026-01-26T13:06:53.611+0000] {processor.py:157} INFO - Started process (PID=207) to work on /opt/airflow/dags/stock_etl_simple.py
[2026-01-26T13:06:53.613+0000] {processor.py:829} INFO - Processing file /opt/airflow/dags/stock_etl_simple.py for tasks to queue
[2026-01-26T13:06:53.615+0000] {logging_mixin.py:151} INFO - [2026-01-26T13:06:53.614+0000] {dagbag.py:539} INFO - Filling up the DagBag from /opt/airflow/dags/stock_etl_simple.py
[2026-01-26T13:06:53.633+0000] {processor.py:839} INFO - DAG(s) dict_keys(['stock_etl_simple']) retrieved from /opt/airflow/dags/stock_etl_simple.py
[2026-01-26T13:06:53.694+0000] {logging_mixin.py:151} INFO - [2026-01-26T13:06:53.694+0000] {dag.py:2915} INFO - Sync 1 DAGs
[2026-01-26T13:06:53.722+0000] {logging_mixin.py:151} INFO - [2026-01-26T13:06:53.722+0000] {dag.py:3696} INFO - Setting next_dagrun for stock_etl_simple to None, run_after=None
[2026-01-26T13:06:53.766+0000] {processor.py:179} INFO - Processing /opt/airflow/dags/stock_etl_simple.py took 0.159 seconds
[2026-01-26T13:07:23.926+0000] {processor.py:157} INFO - Started process (PID=225) to work on /opt/airflow/dags/stock_etl_simple.py
[2026-01-26T13:07:23.927+0000] {processor.py:829} INFO - Processing file /opt/airflow/dags/stock_etl_simple.py for tasks to queue
[2026-01-26T13:07:23.929+0000] {logging_mixin.py:151} INFO - [2026-01-26T13:07:23.928+0000] {dagbag.py:539} INFO - Filling up the DagBag from /opt/airflow/dags/stock_etl_simple.py
[2026-01-26T13:07:23.944+0000] {processor.py:839} INFO - DAG(s) dict_keys(['stock_etl_simple']) retrieved from /opt/airflow/dags/stock_etl_simple.py
[2026-01-26T13:07:23.985+0000] {logging_mixin.py:151} INFO - [2026-01-26T13:07:23.985+0000] {dag.py:2915} INFO - Sync 1 DAGs
[2026-01-26T13:07:24.009+0000] {logging_mixin.py:151} INFO - [2026-01-26T13:07:24.009+0000] {dag.py:3696} INFO - Setting next_dagrun for stock_etl_simple to None, run_after=None
[2026-01-26T13:07:24.040+0000] {processor.py:179} INFO - Processing /opt/airflow/dags/stock_etl_simple.py took 0.120 seconds
[2026-01-26T13:07:54.277+0000] {processor.py:157} INFO - Started process (PID=243) to work on /opt/airflow/dags/stock_etl_simple.py
[2026-01-26T13:07:54.278+0000] {processor.py:829} INFO - Processing file /opt/airflow/dags/stock_etl_simple.py for tasks to queue
[2026-01-26T13:07:54.279+0000] {logging_mixin.py:151} INFO - [2026-01-26T13:07:54.279+0000] {dagbag.py:539} INFO - Filling up the DagBag from /opt/airflow/dags/stock_etl_simple.py
[2026-01-26T13:07:54.293+0000] {processor.py:839} INFO - DAG(s) dict_keys(['stock_etl_simple']) retrieved from /opt/airflow/dags/stock_etl_simple.py
[2026-01-26T13:07:54.329+0000] {logging_mixin.py:151} INFO - [2026-01-26T13:07:54.329+0000] {dag.py:2915} INFO - Sync 1 DAGs
[2026-01-26T13:07:54.351+0000] {logging_mixin.py:151} INFO - [2026-01-26T13:07:54.351+0000] {dag.py:3696} INFO - Setting next_dagrun for stock_etl_simple to None, run_after=None
[2026-01-26T13:07:54.497+0000] {processor.py:179} INFO - Processing /opt/airflow/dags/stock_etl_simple.py took 0.224 seconds
[2026-01-26T13:08:24.624+0000] {processor.py:157} INFO - Started process (PID=264) to work on /opt/airflow/dags/stock_etl_simple.py
[2026-01-26T13:08:24.625+0000] {processor.py:829} INFO - Processing file /opt/airflow/dags/stock_etl_simple.py for tasks to queue
[2026-01-26T13:08:24.626+0000] {logging_mixin.py:151} INFO - [2026-01-26T13:08:24.626+0000] {dagbag.py:539} INFO - Filling up the DagBag from /opt/airflow/dags/stock_etl_simple.py
[2026-01-26T13:08:24.637+0000] {processor.py:839} INFO - DAG(s) dict_keys(['stock_etl_simple']) retrieved from /opt/airflow/dags/stock_etl_simple.py
[2026-01-26T13:08:24.663+0000] {logging_mixin.py:151} INFO - [2026-01-26T13:08:24.663+0000] {dag.py:2915} INFO - Sync 1 DAGs
[2026-01-26T13:08:24.799+0000] {logging_mixin.py:151} INFO - [2026-01-26T13:08:24.799+0000] {dag.py:3696} INFO - Setting next_dagrun for stock_etl_simple to None, run_after=None
[2026-01-26T13:08:24.820+0000] {processor.py:179} INFO - Processing /opt/airflow/dags/stock_etl_simple.py took 0.199 seconds
[2026-01-26T13:08:55.064+0000] {processor.py:157} INFO - Started process (PID=282) to work on /opt/airflow/dags/stock_etl_simple.py
[2026-01-26T13:08:55.065+0000] {processor.py:829} INFO - Processing file /opt/airflow/dags/stock_etl_simple.py for tasks to queue
[2026-01-26T13:08:55.066+0000] {logging_mixin.py:151} INFO - [2026-01-26T13:08:55.066+0000] {dagbag.py:539} INFO - Filling up the DagBag from /opt/airflow/dags/stock_etl_simple.py
[2026-01-26T13:08:55.078+0000] {processor.py:839} INFO - DAG(s) dict_keys(['stock_etl_simple']) retrieved from /opt/airflow/dags/stock_etl_simple.py
[2026-01-26T13:08:55.228+0000] {logging_mixin.py:151} INFO - [2026-01-26T13:08:55.228+0000] {dag.py:2915} INFO - Sync 1 DAGs
[2026-01-26T13:08:55.241+0000] {logging_mixin.py:151} INFO - [2026-01-26T13:08:55.241+0000] {dag.py:3696} INFO - Setting next_dagrun for stock_etl_simple to None, run_after=None
[2026-01-26T13:08:55.263+0000] {processor.py:179} INFO - Processing /opt/airflow/dags/stock_etl_simple.py took 0.203 seconds
[2026-01-26T13:09:25.476+0000] {processor.py:157} INFO - Started process (PID=292) to work on /opt/airflow/dags/stock_etl_simple.py
[2026-01-26T13:09:25.477+0000] {processor.py:829} INFO - Processing file /opt/airflow/dags/stock_etl_simple.py for tasks to queue
[2026-01-26T13:09:25.478+0000] {logging_mixin.py:151} INFO - [2026-01-26T13:09:25.478+0000] {dagbag.py:539} INFO - Filling up the DagBag from /opt/airflow/dags/stock_etl_simple.py
[2026-01-26T13:09:25.674+0000] {processor.py:839} INFO - DAG(s) dict_keys(['stock_etl_simple']) retrieved from /opt/airflow/dags/stock_etl_simple.py
[2026-01-26T13:09:25.724+0000] {logging_mixin.py:151} INFO - [2026-01-26T13:09:25.724+0000] {dag.py:2915} INFO - Sync 1 DAGs
[2026-01-26T13:09:25.750+0000] {logging_mixin.py:151} INFO - [2026-01-26T13:09:25.750+0000] {dag.py:3696} INFO - Setting next_dagrun for stock_etl_simple to None, run_after=None
[2026-01-26T13:09:25.785+0000] {processor.py:179} INFO - Processing /opt/airflow/dags/stock_etl_simple.py took 0.314 seconds
[2026-01-26T13:09:42.879+0000] {processor.py:157} INFO - Started process (PID=305) to work on /opt/airflow/dags/stock_etl_simple.py
[2026-01-26T13:09:42.882+0000] {processor.py:829} INFO - Processing file /opt/airflow/dags/stock_etl_simple.py for tasks to queue
[2026-01-26T13:09:42.883+0000] {logging_mixin.py:151} INFO - [2026-01-26T13:09:42.883+0000] {dagbag.py:539} INFO - Filling up the DagBag from /opt/airflow/dags/stock_etl_simple.py
[2026-01-26T13:09:42.892+0000] {logging_mixin.py:151} INFO - [2026-01-26T13:09:42.890+0000] {dagbag.py:347} ERROR - Failed to import: /opt/airflow/dags/stock_etl_simple.py
Traceback (most recent call last):
  File "/home/airflow/.local/lib/python3.8/site-packages/airflow/models/dagbag.py", line 343, in parse
    loader.exec_module(new_module)
  File "<frozen importlib._bootstrap_external>", line 839, in exec_module
  File "<frozen importlib._bootstrap_external>", line 976, in get_code
  File "<frozen importlib._bootstrap_external>", line 906, in source_to_code
  File "<frozen importlib._bootstrap>", line 219, in _call_with_frames_removed
  File "/opt/airflow/dags/stock_etl_simple.py", line 2
    *** Found local files:
    ^
SyntaxError: invalid syntax
[2026-01-26T13:09:42.892+0000] {processor.py:841} WARNING - No viable dags retrieved from /opt/airflow/dags/stock_etl_simple.py
[2026-01-26T13:09:42.950+0000] {processor.py:179} INFO - Processing /opt/airflow/dags/stock_etl_simple.py took 0.076 seconds
[2026-01-26T13:09:45.040+0000] {processor.py:157} INFO - Started process (PID=315) to work on /opt/airflow/dags/stock_etl_simple.py
[2026-01-26T13:09:45.042+0000] {processor.py:829} INFO - Processing file /opt/airflow/dags/stock_etl_simple.py for tasks to queue
[2026-01-26T13:09:45.043+0000] {logging_mixin.py:151} INFO - [2026-01-26T13:09:45.043+0000] {dagbag.py:539} INFO - Filling up the DagBag from /opt/airflow/dags/stock_etl_simple.py
[2026-01-26T13:09:45.113+0000] {processor.py:839} INFO - DAG(s) dict_keys(['stock_etl_simple']) retrieved from /opt/airflow/dags/stock_etl_simple.py
[2026-01-26T13:09:45.155+0000] {logging_mixin.py:151} INFO - [2026-01-26T13:09:45.154+0000] {dag.py:2915} INFO - Sync 1 DAGs
[2026-01-26T13:09:45.177+0000] {logging_mixin.py:151} INFO - [2026-01-26T13:09:45.177+0000] {dag.py:3696} INFO - Setting next_dagrun for stock_etl_simple to None, run_after=None
[2026-01-26T13:09:45.218+0000] {processor.py:179} INFO - Processing /opt/airflow/dags/stock_etl_simple.py took 0.182 seconds
[2026-01-26T13:09:48.123+0000] {processor.py:157} INFO - Started process (PID=320) to work on /opt/airflow/dags/stock_etl_simple.py
[2026-01-26T13:09:48.124+0000] {processor.py:829} INFO - Processing file /opt/airflow/dags/stock_etl_simple.py for tasks to queue
[2026-01-26T13:09:48.125+0000] {logging_mixin.py:151} INFO - [2026-01-26T13:09:48.125+0000] {dagbag.py:539} INFO - Filling up the DagBag from /opt/airflow/dags/stock_etl_simple.py
[2026-01-26T13:09:48.130+0000] {logging_mixin.py:151} INFO - [2026-01-26T13:09:48.129+0000] {dagbag.py:347} ERROR - Failed to import: /opt/airflow/dags/stock_etl_simple.py
Traceback (most recent call last):
  File "/home/airflow/.local/lib/python3.8/site-packages/airflow/models/dagbag.py", line 343, in parse
    loader.exec_module(new_module)
  File "<frozen importlib._bootstrap_external>", line 839, in exec_module
  File "<frozen importlib._bootstrap_external>", line 976, in get_code
  File "<frozen importlib._bootstrap_external>", line 906, in source_to_code
  File "<frozen importlib._bootstrap>", line 219, in _call_with_frames_removed
  File "/opt/airflow/dags/stock_etl_simple.py", line 156
    ```
    ^
SyntaxError: invalid syntax
[2026-01-26T13:09:48.131+0000] {processor.py:841} WARNING - No viable dags retrieved from /opt/airflow/dags/stock_etl_simple.py
[2026-01-26T13:09:48.155+0000] {processor.py:179} INFO - Processing /opt/airflow/dags/stock_etl_simple.py took 0.035 seconds
[2026-01-26T13:09:53.182+0000] {processor.py:157} INFO - Started process (PID=325) to work on /opt/airflow/dags/stock_etl_simple.py
[2026-01-26T13:09:53.183+0000] {processor.py:829} INFO - Processing file /opt/airflow/dags/stock_etl_simple.py for tasks to queue
[2026-01-26T13:09:53.185+0000] {logging_mixin.py:151} INFO - [2026-01-26T13:09:53.184+0000] {dagbag.py:539} INFO - Filling up the DagBag from /opt/airflow/dags/stock_etl_simple.py
[2026-01-26T13:09:53.199+0000] {processor.py:839} INFO - DAG(s) dict_keys(['stock_etl_simple']) retrieved from /opt/airflow/dags/stock_etl_simple.py
[2026-01-26T13:09:53.255+0000] {logging_mixin.py:151} INFO - [2026-01-26T13:09:53.255+0000] {dag.py:2915} INFO - Sync 1 DAGs
[2026-01-26T13:09:53.281+0000] {logging_mixin.py:151} INFO - [2026-01-26T13:09:53.281+0000] {dag.py:3696} INFO - Setting next_dagrun for stock_etl_simple to None, run_after=None
[2026-01-26T13:09:53.332+0000] {processor.py:179} INFO - Processing /opt/airflow/dags/stock_etl_simple.py took 0.156 seconds
[2026-01-26T13:10:09.797+0000] {processor.py:157} INFO - Started process (PID=339) to work on /opt/airflow/dags/stock_etl_simple.py
[2026-01-26T13:10:09.798+0000] {processor.py:829} INFO - Processing file /opt/airflow/dags/stock_etl_simple.py for tasks to queue
[2026-01-26T13:10:09.799+0000] {logging_mixin.py:151} INFO - [2026-01-26T13:10:09.799+0000] {dagbag.py:539} INFO - Filling up the DagBag from /opt/airflow/dags/stock_etl_simple.py
[2026-01-26T13:10:09.809+0000] {logging_mixin.py:151} INFO - [2026-01-26T13:10:09.803+0000] {dagbag.py:347} ERROR - Failed to import: /opt/airflow/dags/stock_etl_simple.py
Traceback (most recent call last):
  File "/home/airflow/.local/lib/python3.8/site-packages/airflow/models/dagbag.py", line 343, in parse
    loader.exec_module(new_module)
  File "<frozen importlib._bootstrap_external>", line 839, in exec_module
  File "<frozen importlib._bootstrap_external>", line 976, in get_code
  File "<frozen importlib._bootstrap_external>", line 906, in source_to_code
  File "<frozen importlib._bootstrap>", line 219, in _call_with_frames_removed
  File "/opt/airflow/dags/stock_etl_simple.py", line 156
    ```
    ^
SyntaxError: invalid syntax
[2026-01-26T13:10:09.811+0000] {processor.py:841} WARNING - No viable dags retrieved from /opt/airflow/dags/stock_etl_simple.py
[2026-01-26T13:10:09.844+0000] {processor.py:179} INFO - Processing /opt/airflow/dags/stock_etl_simple.py took 0.053 seconds
[2026-01-26T13:10:13.811+0000] {processor.py:157} INFO - Started process (PID=344) to work on /opt/airflow/dags/stock_etl_simple.py
[2026-01-26T13:10:13.812+0000] {processor.py:829} INFO - Processing file /opt/airflow/dags/stock_etl_simple.py for tasks to queue
[2026-01-26T13:10:13.813+0000] {logging_mixin.py:151} INFO - [2026-01-26T13:10:13.813+0000] {dagbag.py:539} INFO - Filling up the DagBag from /opt/airflow/dags/stock_etl_simple.py
[2026-01-26T13:10:13.828+0000] {processor.py:839} INFO - DAG(s) dict_keys(['stock_etl_simple']) retrieved from /opt/airflow/dags/stock_etl_simple.py
[2026-01-26T13:10:13.856+0000] {logging_mixin.py:151} INFO - [2026-01-26T13:10:13.856+0000] {dag.py:2915} INFO - Sync 1 DAGs
[2026-01-26T13:10:13.869+0000] {logging_mixin.py:151} INFO - [2026-01-26T13:10:13.869+0000] {dag.py:3696} INFO - Setting next_dagrun for stock_etl_simple to None, run_after=None
[2026-01-26T13:10:13.902+0000] {processor.py:179} INFO - Processing /opt/airflow/dags/stock_etl_simple.py took 0.095 seconds
[2026-01-26T13:10:44.132+0000] {processor.py:157} INFO - Started process (PID=365) to work on /opt/airflow/dags/stock_etl_simple.py
[2026-01-26T13:10:44.134+0000] {processor.py:829} INFO - Processing file /opt/airflow/dags/stock_etl_simple.py for tasks to queue
[2026-01-26T13:10:44.138+0000] {logging_mixin.py:151} INFO - [2026-01-26T13:10:44.136+0000] {dagbag.py:539} INFO - Filling up the DagBag from /opt/airflow/dags/stock_etl_simple.py
[2026-01-26T13:10:44.157+0000] {processor.py:839} INFO - DAG(s) dict_keys(['stock_etl_simple']) retrieved from /opt/airflow/dags/stock_etl_simple.py
[2026-01-26T13:10:44.224+0000] {logging_mixin.py:151} INFO - [2026-01-26T13:10:44.224+0000] {dag.py:2915} INFO - Sync 1 DAGs
[2026-01-26T13:10:44.241+0000] {logging_mixin.py:151} INFO - [2026-01-26T13:10:44.241+0000] {dag.py:3696} INFO - Setting next_dagrun for stock_etl_simple to None, run_after=None
[2026-01-26T13:10:44.279+0000] {processor.py:179} INFO - Processing /opt/airflow/dags/stock_etl_simple.py took 0.157 seconds
[2026-01-26T13:11:14.445+0000] {processor.py:157} INFO - Started process (PID=383) to work on /opt/airflow/dags/stock_etl_simple.py
[2026-01-26T13:11:14.446+0000] {processor.py:829} INFO - Processing file /opt/airflow/dags/stock_etl_simple.py for tasks to queue
[2026-01-26T13:11:14.447+0000] {logging_mixin.py:151} INFO - [2026-01-26T13:11:14.447+0000] {dagbag.py:539} INFO - Filling up the DagBag from /opt/airflow/dags/stock_etl_simple.py
[2026-01-26T13:11:14.463+0000] {processor.py:839} INFO - DAG(s) dict_keys(['stock_etl_simple']) retrieved from /opt/airflow/dags/stock_etl_simple.py
[2026-01-26T13:11:14.493+0000] {logging_mixin.py:151} INFO - [2026-01-26T13:11:14.493+0000] {dag.py:2915} INFO - Sync 1 DAGs
[2026-01-26T13:11:14.511+0000] {logging_mixin.py:151} INFO - [2026-01-26T13:11:14.510+0000] {dag.py:3696} INFO - Setting next_dagrun for stock_etl_simple to None, run_after=None
[2026-01-26T13:11:14.544+0000] {processor.py:179} INFO - Processing /opt/airflow/dags/stock_etl_simple.py took 0.103 seconds
[2026-01-26T13:11:44.736+0000] {processor.py:157} INFO - Started process (PID=401) to work on /opt/airflow/dags/stock_etl_simple.py
[2026-01-26T13:11:44.738+0000] {processor.py:829} INFO - Processing file /opt/airflow/dags/stock_etl_simple.py for tasks to queue
[2026-01-26T13:11:44.739+0000] {logging_mixin.py:151} INFO - [2026-01-26T13:11:44.739+0000] {dagbag.py:539} INFO - Filling up the DagBag from /opt/airflow/dags/stock_etl_simple.py
[2026-01-26T13:11:44.759+0000] {processor.py:839} INFO - DAG(s) dict_keys(['stock_etl_simple']) retrieved from /opt/airflow/dags/stock_etl_simple.py
[2026-01-26T13:11:44.795+0000] {logging_mixin.py:151} INFO - [2026-01-26T13:11:44.795+0000] {dag.py:2915} INFO - Sync 1 DAGs
[2026-01-26T13:11:44.810+0000] {logging_mixin.py:151} INFO - [2026-01-26T13:11:44.810+0000] {dag.py:3696} INFO - Setting next_dagrun for stock_etl_simple to None, run_after=None
[2026-01-26T13:11:44.844+0000] {processor.py:179} INFO - Processing /opt/airflow/dags/stock_etl_simple.py took 0.114 seconds
[2026-01-26T13:12:15.047+0000] {processor.py:157} INFO - Started process (PID=419) to work on /opt/airflow/dags/stock_etl_simple.py
[2026-01-26T13:12:15.049+0000] {processor.py:829} INFO - Processing file /opt/airflow/dags/stock_etl_simple.py for tasks to queue
[2026-01-26T13:12:15.051+0000] {logging_mixin.py:151} INFO - [2026-01-26T13:12:15.051+0000] {dagbag.py:539} INFO - Filling up the DagBag from /opt/airflow/dags/stock_etl_simple.py
[2026-01-26T13:12:15.067+0000] {processor.py:839} INFO - DAG(s) dict_keys(['stock_etl_simple']) retrieved from /opt/airflow/dags/stock_etl_simple.py
[2026-01-26T13:12:15.101+0000] {logging_mixin.py:151} INFO - [2026-01-26T13:12:15.101+0000] {dag.py:2915} INFO - Sync 1 DAGs
[2026-01-26T13:12:15.116+0000] {logging_mixin.py:151} INFO - [2026-01-26T13:12:15.116+0000] {dag.py:3696} INFO - Setting next_dagrun for stock_etl_simple to None, run_after=None
[2026-01-26T13:12:15.138+0000] {processor.py:179} INFO - Processing /opt/airflow/dags/stock_etl_simple.py took 0.098 seconds
[2026-01-26T13:12:45.332+0000] {processor.py:157} INFO - Started process (PID=437) to work on /opt/airflow/dags/stock_etl_simple.py
[2026-01-26T13:12:45.334+0000] {processor.py:829} INFO - Processing file /opt/airflow/dags/stock_etl_simple.py for tasks to queue
[2026-01-26T13:12:45.337+0000] {logging_mixin.py:151} INFO - [2026-01-26T13:12:45.336+0000] {dagbag.py:539} INFO - Filling up the DagBag from /opt/airflow/dags/stock_etl_simple.py
[2026-01-26T13:12:45.366+0000] {processor.py:839} INFO - DAG(s) dict_keys(['stock_etl_simple']) retrieved from /opt/airflow/dags/stock_etl_simple.py
[2026-01-26T13:12:45.405+0000] {logging_mixin.py:151} INFO - [2026-01-26T13:12:45.405+0000] {dag.py:2915} INFO - Sync 1 DAGs
[2026-01-26T13:12:45.434+0000] {logging_mixin.py:151} INFO - [2026-01-26T13:12:45.434+0000] {dag.py:3696} INFO - Setting next_dagrun for stock_etl_simple to None, run_after=None
[2026-01-26T13:12:45.470+0000] {processor.py:179} INFO - Processing /opt/airflow/dags/stock_etl_simple.py took 0.148 seconds
[2026-01-26T13:13:15.659+0000] {processor.py:157} INFO - Started process (PID=451) to work on /opt/airflow/dags/stock_etl_simple.py
[2026-01-26T13:13:15.661+0000] {processor.py:829} INFO - Processing file /opt/airflow/dags/stock_etl_simple.py for tasks to queue
[2026-01-26T13:13:15.662+0000] {logging_mixin.py:151} INFO - [2026-01-26T13:13:15.661+0000] {dagbag.py:539} INFO - Filling up the DagBag from /opt/airflow/dags/stock_etl_simple.py
[2026-01-26T13:13:15.680+0000] {processor.py:839} INFO - DAG(s) dict_keys(['stock_etl_simple']) retrieved from /opt/airflow/dags/stock_etl_simple.py
[2026-01-26T13:13:15.720+0000] {logging_mixin.py:151} INFO - [2026-01-26T13:13:15.720+0000] {dag.py:2915} INFO - Sync 1 DAGs
[2026-01-26T13:13:15.745+0000] {logging_mixin.py:151} INFO - [2026-01-26T13:13:15.745+0000] {dag.py:3696} INFO - Setting next_dagrun for stock_etl_simple to None, run_after=None
[2026-01-26T13:13:15.788+0000] {processor.py:179} INFO - Processing /opt/airflow/dags/stock_etl_simple.py took 0.135 seconds
[2026-01-26T13:13:46.131+0000] {processor.py:157} INFO - Started process (PID=475) to work on /opt/airflow/dags/stock_etl_simple.py
[2026-01-26T13:13:46.132+0000] {processor.py:829} INFO - Processing file /opt/airflow/dags/stock_etl_simple.py for tasks to queue
[2026-01-26T13:13:46.134+0000] {logging_mixin.py:151} INFO - [2026-01-26T13:13:46.133+0000] {dagbag.py:539} INFO - Filling up the DagBag from /opt/airflow/dags/stock_etl_simple.py
[2026-01-26T13:13:46.147+0000] {processor.py:839} INFO - DAG(s) dict_keys(['stock_etl_simple']) retrieved from /opt/airflow/dags/stock_etl_simple.py
[2026-01-26T13:13:46.184+0000] {logging_mixin.py:151} INFO - [2026-01-26T13:13:46.184+0000] {dag.py:2915} INFO - Sync 1 DAGs
[2026-01-26T13:13:46.199+0000] {logging_mixin.py:151} INFO - [2026-01-26T13:13:46.199+0000] {dag.py:3696} INFO - Setting next_dagrun for stock_etl_simple to None, run_after=None
[2026-01-26T13:13:46.250+0000] {processor.py:179} INFO - Processing /opt/airflow/dags/stock_etl_simple.py took 0.124 seconds
[2026-01-26T13:14:16.491+0000] {processor.py:157} INFO - Started process (PID=493) to work on /opt/airflow/dags/stock_etl_simple.py
[2026-01-26T13:14:16.492+0000] {processor.py:829} INFO - Processing file /opt/airflow/dags/stock_etl_simple.py for tasks to queue
[2026-01-26T13:14:16.493+0000] {logging_mixin.py:151} INFO - [2026-01-26T13:14:16.492+0000] {dagbag.py:539} INFO - Filling up the DagBag from /opt/airflow/dags/stock_etl_simple.py
[2026-01-26T13:14:16.504+0000] {processor.py:839} INFO - DAG(s) dict_keys(['stock_etl_simple']) retrieved from /opt/airflow/dags/stock_etl_simple.py
[2026-01-26T13:14:16.530+0000] {logging_mixin.py:151} INFO - [2026-01-26T13:14:16.530+0000] {dag.py:2915} INFO - Sync 1 DAGs
[2026-01-26T13:14:16.543+0000] {logging_mixin.py:151} INFO - [2026-01-26T13:14:16.542+0000] {dag.py:3696} INFO - Setting next_dagrun for stock_etl_simple to None, run_after=None
[2026-01-26T13:14:16.565+0000] {processor.py:179} INFO - Processing /opt/airflow/dags/stock_etl_simple.py took 0.078 seconds
[2026-01-26T13:14:46.814+0000] {processor.py:157} INFO - Started process (PID=511) to work on /opt/airflow/dags/stock_etl_simple.py
[2026-01-26T13:14:46.815+0000] {processor.py:829} INFO - Processing file /opt/airflow/dags/stock_etl_simple.py for tasks to queue
[2026-01-26T13:14:46.816+0000] {logging_mixin.py:151} INFO - [2026-01-26T13:14:46.816+0000] {dagbag.py:539} INFO - Filling up the DagBag from /opt/airflow/dags/stock_etl_simple.py
[2026-01-26T13:14:46.830+0000] {processor.py:839} INFO - DAG(s) dict_keys(['stock_etl_simple']) retrieved from /opt/airflow/dags/stock_etl_simple.py
[2026-01-26T13:14:46.864+0000] {logging_mixin.py:151} INFO - [2026-01-26T13:14:46.863+0000] {dag.py:2915} INFO - Sync 1 DAGs
[2026-01-26T13:14:46.877+0000] {logging_mixin.py:151} INFO - [2026-01-26T13:14:46.877+0000] {dag.py:3696} INFO - Setting next_dagrun for stock_etl_simple to None, run_after=None
[2026-01-26T13:14:46.899+0000] {processor.py:179} INFO - Processing /opt/airflow/dags/stock_etl_simple.py took 0.090 seconds
[2026-01-26T13:15:17.155+0000] {processor.py:157} INFO - Started process (PID=529) to work on /opt/airflow/dags/stock_etl_simple.py
[2026-01-26T13:15:17.156+0000] {processor.py:829} INFO - Processing file /opt/airflow/dags/stock_etl_simple.py for tasks to queue
[2026-01-26T13:15:17.157+0000] {logging_mixin.py:151} INFO - [2026-01-26T13:15:17.157+0000] {dagbag.py:539} INFO - Filling up the DagBag from /opt/airflow/dags/stock_etl_simple.py
[2026-01-26T13:15:17.167+0000] {processor.py:839} INFO - DAG(s) dict_keys(['stock_etl_simple']) retrieved from /opt/airflow/dags/stock_etl_simple.py
[2026-01-26T13:15:17.192+0000] {logging_mixin.py:151} INFO - [2026-01-26T13:15:17.192+0000] {dag.py:2915} INFO - Sync 1 DAGs
[2026-01-26T13:15:17.204+0000] {logging_mixin.py:151} INFO - [2026-01-26T13:15:17.204+0000] {dag.py:3696} INFO - Setting next_dagrun for stock_etl_simple to None, run_after=None
[2026-01-26T13:15:17.227+0000] {processor.py:179} INFO - Processing /opt/airflow/dags/stock_etl_simple.py took 0.076 seconds
[2026-01-26T13:15:47.514+0000] {processor.py:157} INFO - Started process (PID=547) to work on /opt/airflow/dags/stock_etl_simple.py
[2026-01-26T13:15:47.515+0000] {processor.py:829} INFO - Processing file /opt/airflow/dags/stock_etl_simple.py for tasks to queue
[2026-01-26T13:15:47.516+0000] {logging_mixin.py:151} INFO - [2026-01-26T13:15:47.516+0000] {dagbag.py:539} INFO - Filling up the DagBag from /opt/airflow/dags/stock_etl_simple.py
[2026-01-26T13:15:47.527+0000] {processor.py:839} INFO - DAG(s) dict_keys(['stock_etl_simple']) retrieved from /opt/airflow/dags/stock_etl_simple.py
[2026-01-26T13:15:47.559+0000] {logging_mixin.py:151} INFO - [2026-01-26T13:15:47.558+0000] {dag.py:2915} INFO - Sync 1 DAGs
[2026-01-26T13:15:47.574+0000] {logging_mixin.py:151} INFO - [2026-01-26T13:15:47.574+0000] {dag.py:3696} INFO - Setting next_dagrun for stock_etl_simple to None, run_after=None
[2026-01-26T13:15:47.596+0000] {processor.py:179} INFO - Processing /opt/airflow/dags/stock_etl_simple.py took 0.086 seconds
[2026-01-26T13:16:17.875+0000] {processor.py:157} INFO - Started process (PID=565) to work on /opt/airflow/dags/stock_etl_simple.py
[2026-01-26T13:16:17.876+0000] {processor.py:829} INFO - Processing file /opt/airflow/dags/stock_etl_simple.py for tasks to queue
[2026-01-26T13:16:17.878+0000] {logging_mixin.py:151} INFO - [2026-01-26T13:16:17.878+0000] {dagbag.py:539} INFO - Filling up the DagBag from /opt/airflow/dags/stock_etl_simple.py
[2026-01-26T13:16:17.896+0000] {processor.py:839} INFO - DAG(s) dict_keys(['stock_etl_simple']) retrieved from /opt/airflow/dags/stock_etl_simple.py
[2026-01-26T13:16:17.926+0000] {logging_mixin.py:151} INFO - [2026-01-26T13:16:17.926+0000] {dag.py:2915} INFO - Sync 1 DAGs
[2026-01-26T13:16:17.942+0000] {logging_mixin.py:151} INFO - [2026-01-26T13:16:17.942+0000] {dag.py:3696} INFO - Setting next_dagrun for stock_etl_simple to None, run_after=None
[2026-01-26T13:16:17.973+0000] {processor.py:179} INFO - Processing /opt/airflow/dags/stock_etl_simple.py took 0.105 seconds
[2026-01-26T13:16:48.115+0000] {processor.py:157} INFO - Started process (PID=583) to work on /opt/airflow/dags/stock_etl_simple.py
[2026-01-26T13:16:48.117+0000] {processor.py:829} INFO - Processing file /opt/airflow/dags/stock_etl_simple.py for tasks to queue
[2026-01-26T13:16:48.118+0000] {logging_mixin.py:151} INFO - [2026-01-26T13:16:48.118+0000] {dagbag.py:539} INFO - Filling up the DagBag from /opt/airflow/dags/stock_etl_simple.py
[2026-01-26T13:16:48.132+0000] {processor.py:839} INFO - DAG(s) dict_keys(['stock_etl_simple']) retrieved from /opt/airflow/dags/stock_etl_simple.py
[2026-01-26T13:16:48.157+0000] {logging_mixin.py:151} INFO - [2026-01-26T13:16:48.157+0000] {dag.py:2915} INFO - Sync 1 DAGs
[2026-01-26T13:16:48.171+0000] {logging_mixin.py:151} INFO - [2026-01-26T13:16:48.171+0000] {dag.py:3696} INFO - Setting next_dagrun for stock_etl_simple to None, run_after=None
[2026-01-26T13:16:48.203+0000] {processor.py:179} INFO - Processing /opt/airflow/dags/stock_etl_simple.py took 0.093 seconds
[2026-01-26T13:17:18.490+0000] {processor.py:157} INFO - Started process (PID=601) to work on /opt/airflow/dags/stock_etl_simple.py
[2026-01-26T13:17:18.491+0000] {processor.py:829} INFO - Processing file /opt/airflow/dags/stock_etl_simple.py for tasks to queue
[2026-01-26T13:17:18.493+0000] {logging_mixin.py:151} INFO - [2026-01-26T13:17:18.492+0000] {dagbag.py:539} INFO - Filling up the DagBag from /opt/airflow/dags/stock_etl_simple.py
[2026-01-26T13:17:18.504+0000] {processor.py:839} INFO - DAG(s) dict_keys(['stock_etl_simple']) retrieved from /opt/airflow/dags/stock_etl_simple.py
[2026-01-26T13:17:18.530+0000] {logging_mixin.py:151} INFO - [2026-01-26T13:17:18.530+0000] {dag.py:2915} INFO - Sync 1 DAGs
[2026-01-26T13:17:18.543+0000] {logging_mixin.py:151} INFO - [2026-01-26T13:17:18.542+0000] {dag.py:3696} INFO - Setting next_dagrun for stock_etl_simple to None, run_after=None
[2026-01-26T13:17:18.563+0000] {processor.py:179} INFO - Processing /opt/airflow/dags/stock_etl_simple.py took 0.079 seconds
[2026-01-26T13:17:48.866+0000] {processor.py:157} INFO - Started process (PID=620) to work on /opt/airflow/dags/stock_etl_simple.py
[2026-01-26T13:17:48.867+0000] {processor.py:829} INFO - Processing file /opt/airflow/dags/stock_etl_simple.py for tasks to queue
[2026-01-26T13:17:48.869+0000] {logging_mixin.py:151} INFO - [2026-01-26T13:17:48.868+0000] {dagbag.py:539} INFO - Filling up the DagBag from /opt/airflow/dags/stock_etl_simple.py
[2026-01-26T13:17:48.887+0000] {processor.py:839} INFO - DAG(s) dict_keys(['stock_etl_simple']) retrieved from /opt/airflow/dags/stock_etl_simple.py
[2026-01-26T13:17:48.932+0000] {logging_mixin.py:151} INFO - [2026-01-26T13:17:48.932+0000] {dag.py:2915} INFO - Sync 1 DAGs
[2026-01-26T13:17:48.949+0000] {logging_mixin.py:151} INFO - [2026-01-26T13:17:48.949+0000] {dag.py:3696} INFO - Setting next_dagrun for stock_etl_simple to None, run_after=None
[2026-01-26T13:17:48.975+0000] {processor.py:179} INFO - Processing /opt/airflow/dags/stock_etl_simple.py took 0.115 seconds
[2026-01-26T13:18:19.133+0000] {processor.py:157} INFO - Started process (PID=638) to work on /opt/airflow/dags/stock_etl_simple.py
[2026-01-26T13:18:19.134+0000] {processor.py:829} INFO - Processing file /opt/airflow/dags/stock_etl_simple.py for tasks to queue
[2026-01-26T13:18:19.135+0000] {logging_mixin.py:151} INFO - [2026-01-26T13:18:19.135+0000] {dagbag.py:539} INFO - Filling up the DagBag from /opt/airflow/dags/stock_etl_simple.py
[2026-01-26T13:18:19.146+0000] {processor.py:839} INFO - DAG(s) dict_keys(['stock_etl_simple']) retrieved from /opt/airflow/dags/stock_etl_simple.py
[2026-01-26T13:18:19.172+0000] {logging_mixin.py:151} INFO - [2026-01-26T13:18:19.172+0000] {dag.py:2915} INFO - Sync 1 DAGs
[2026-01-26T13:18:19.185+0000] {logging_mixin.py:151} INFO - [2026-01-26T13:18:19.184+0000] {dag.py:3696} INFO - Setting next_dagrun for stock_etl_simple to None, run_after=None
[2026-01-26T13:18:19.207+0000] {processor.py:179} INFO - Processing /opt/airflow/dags/stock_etl_simple.py took 0.077 seconds
[2026-01-26T13:18:49.536+0000] {processor.py:157} INFO - Started process (PID=657) to work on /opt/airflow/dags/stock_etl_simple.py
[2026-01-26T13:18:49.540+0000] {processor.py:829} INFO - Processing file /opt/airflow/dags/stock_etl_simple.py for tasks to queue
[2026-01-26T13:18:49.544+0000] {logging_mixin.py:151} INFO - [2026-01-26T13:18:49.543+0000] {dagbag.py:539} INFO - Filling up the DagBag from /opt/airflow/dags/stock_etl_simple.py
[2026-01-26T13:18:49.580+0000] {processor.py:839} INFO - DAG(s) dict_keys(['stock_etl_simple']) retrieved from /opt/airflow/dags/stock_etl_simple.py
[2026-01-26T13:18:49.613+0000] {logging_mixin.py:151} INFO - [2026-01-26T13:18:49.612+0000] {dag.py:2915} INFO - Sync 1 DAGs
[2026-01-26T13:18:49.626+0000] {logging_mixin.py:151} INFO - [2026-01-26T13:18:49.626+0000] {dag.py:3696} INFO - Setting next_dagrun for stock_etl_simple to None, run_after=None
[2026-01-26T13:18:49.648+0000] {processor.py:179} INFO - Processing /opt/airflow/dags/stock_etl_simple.py took 0.123 seconds
[2026-01-26T13:19:19.963+0000] {processor.py:157} INFO - Started process (PID=675) to work on /opt/airflow/dags/stock_etl_simple.py
[2026-01-26T13:19:19.964+0000] {processor.py:829} INFO - Processing file /opt/airflow/dags/stock_etl_simple.py for tasks to queue
[2026-01-26T13:19:19.966+0000] {logging_mixin.py:151} INFO - [2026-01-26T13:19:19.966+0000] {dagbag.py:539} INFO - Filling up the DagBag from /opt/airflow/dags/stock_etl_simple.py
[2026-01-26T13:19:19.977+0000] {processor.py:839} INFO - DAG(s) dict_keys(['stock_etl_simple']) retrieved from /opt/airflow/dags/stock_etl_simple.py
[2026-01-26T13:19:20.003+0000] {logging_mixin.py:151} INFO - [2026-01-26T13:19:20.002+0000] {dag.py:2915} INFO - Sync 1 DAGs
[2026-01-26T13:19:20.015+0000] {logging_mixin.py:151} INFO - [2026-01-26T13:19:20.015+0000] {dag.py:3696} INFO - Setting next_dagrun for stock_etl_simple to None, run_after=None
[2026-01-26T13:19:20.040+0000] {processor.py:179} INFO - Processing /opt/airflow/dags/stock_etl_simple.py took 0.084 seconds
[2026-01-26T13:19:50.218+0000] {processor.py:157} INFO - Started process (PID=693) to work on /opt/airflow/dags/stock_etl_simple.py
[2026-01-26T13:19:50.219+0000] {processor.py:829} INFO - Processing file /opt/airflow/dags/stock_etl_simple.py for tasks to queue
[2026-01-26T13:19:50.220+0000] {logging_mixin.py:151} INFO - [2026-01-26T13:19:50.220+0000] {dagbag.py:539} INFO - Filling up the DagBag from /opt/airflow/dags/stock_etl_simple.py
[2026-01-26T13:19:50.231+0000] {processor.py:839} INFO - DAG(s) dict_keys(['stock_etl_simple']) retrieved from /opt/airflow/dags/stock_etl_simple.py
[2026-01-26T13:19:50.258+0000] {logging_mixin.py:151} INFO - [2026-01-26T13:19:50.258+0000] {dag.py:2915} INFO - Sync 1 DAGs
[2026-01-26T13:19:50.272+0000] {logging_mixin.py:151} INFO - [2026-01-26T13:19:50.272+0000] {dag.py:3696} INFO - Setting next_dagrun for stock_etl_simple to None, run_after=None
[2026-01-26T13:19:50.298+0000] {processor.py:179} INFO - Processing /opt/airflow/dags/stock_etl_simple.py took 0.084 seconds
[2026-01-26T13:20:20.621+0000] {processor.py:157} INFO - Started process (PID=703) to work on /opt/airflow/dags/stock_etl_simple.py
[2026-01-26T13:20:20.622+0000] {processor.py:829} INFO - Processing file /opt/airflow/dags/stock_etl_simple.py for tasks to queue
[2026-01-26T13:20:20.623+0000] {logging_mixin.py:151} INFO - [2026-01-26T13:20:20.623+0000] {dagbag.py:539} INFO - Filling up the DagBag from /opt/airflow/dags/stock_etl_simple.py
[2026-01-26T13:20:20.636+0000] {processor.py:839} INFO - DAG(s) dict_keys(['stock_etl_simple']) retrieved from /opt/airflow/dags/stock_etl_simple.py
[2026-01-26T13:20:20.671+0000] {logging_mixin.py:151} INFO - [2026-01-26T13:20:20.671+0000] {dag.py:2915} INFO - Sync 1 DAGs
[2026-01-26T13:20:20.684+0000] {logging_mixin.py:151} INFO - [2026-01-26T13:20:20.684+0000] {dag.py:3696} INFO - Setting next_dagrun for stock_etl_simple to None, run_after=None
[2026-01-26T13:20:20.709+0000] {processor.py:179} INFO - Processing /opt/airflow/dags/stock_etl_simple.py took 0.094 seconds
[2026-01-26T13:20:51.026+0000] {processor.py:157} INFO - Started process (PID=721) to work on /opt/airflow/dags/stock_etl_simple.py
[2026-01-26T13:20:51.027+0000] {processor.py:829} INFO - Processing file /opt/airflow/dags/stock_etl_simple.py for tasks to queue
[2026-01-26T13:20:51.029+0000] {logging_mixin.py:151} INFO - [2026-01-26T13:20:51.028+0000] {dagbag.py:539} INFO - Filling up the DagBag from /opt/airflow/dags/stock_etl_simple.py
[2026-01-26T13:20:51.041+0000] {processor.py:839} INFO - DAG(s) dict_keys(['stock_etl_simple']) retrieved from /opt/airflow/dags/stock_etl_simple.py
[2026-01-26T13:20:51.066+0000] {logging_mixin.py:151} INFO - [2026-01-26T13:20:51.066+0000] {dag.py:2915} INFO - Sync 1 DAGs
[2026-01-26T13:20:51.079+0000] {logging_mixin.py:151} INFO - [2026-01-26T13:20:51.078+0000] {dag.py:3696} INFO - Setting next_dagrun for stock_etl_simple to None, run_after=None
[2026-01-26T13:20:51.101+0000] {processor.py:179} INFO - Processing /opt/airflow/dags/stock_etl_simple.py took 0.081 seconds
[2026-01-26T13:21:21.304+0000] {processor.py:157} INFO - Started process (PID=739) to work on /opt/airflow/dags/stock_etl_simple.py
[2026-01-26T13:21:21.305+0000] {processor.py:829} INFO - Processing file /opt/airflow/dags/stock_etl_simple.py for tasks to queue
[2026-01-26T13:21:21.307+0000] {logging_mixin.py:151} INFO - [2026-01-26T13:21:21.306+0000] {dagbag.py:539} INFO - Filling up the DagBag from /opt/airflow/dags/stock_etl_simple.py
[2026-01-26T13:21:21.319+0000] {processor.py:839} INFO - DAG(s) dict_keys(['stock_etl_simple']) retrieved from /opt/airflow/dags/stock_etl_simple.py
[2026-01-26T13:21:21.351+0000] {logging_mixin.py:151} INFO - [2026-01-26T13:21:21.351+0000] {dag.py:2915} INFO - Sync 1 DAGs
[2026-01-26T13:21:21.363+0000] {logging_mixin.py:151} INFO - [2026-01-26T13:21:21.363+0000] {dag.py:3696} INFO - Setting next_dagrun for stock_etl_simple to None, run_after=None
[2026-01-26T13:21:21.386+0000] {processor.py:179} INFO - Processing /opt/airflow/dags/stock_etl_simple.py took 0.085 seconds
[2026-01-26T13:21:51.681+0000] {processor.py:157} INFO - Started process (PID=757) to work on /opt/airflow/dags/stock_etl_simple.py
[2026-01-26T13:21:51.683+0000] {processor.py:829} INFO - Processing file /opt/airflow/dags/stock_etl_simple.py for tasks to queue
[2026-01-26T13:21:51.685+0000] {logging_mixin.py:151} INFO - [2026-01-26T13:21:51.684+0000] {dagbag.py:539} INFO - Filling up the DagBag from /opt/airflow/dags/stock_etl_simple.py
[2026-01-26T13:21:51.698+0000] {processor.py:839} INFO - DAG(s) dict_keys(['stock_etl_simple']) retrieved from /opt/airflow/dags/stock_etl_simple.py
[2026-01-26T13:21:51.723+0000] {logging_mixin.py:151} INFO - [2026-01-26T13:21:51.723+0000] {dag.py:2915} INFO - Sync 1 DAGs
[2026-01-26T13:21:51.736+0000] {logging_mixin.py:151} INFO - [2026-01-26T13:21:51.736+0000] {dag.py:3696} INFO - Setting next_dagrun for stock_etl_simple to None, run_after=None
[2026-01-26T13:21:51.757+0000] {processor.py:179} INFO - Processing /opt/airflow/dags/stock_etl_simple.py took 0.087 seconds
[2026-01-26T13:22:22.022+0000] {processor.py:157} INFO - Started process (PID=775) to work on /opt/airflow/dags/stock_etl_simple.py
[2026-01-26T13:22:22.024+0000] {processor.py:829} INFO - Processing file /opt/airflow/dags/stock_etl_simple.py for tasks to queue
[2026-01-26T13:22:22.026+0000] {logging_mixin.py:151} INFO - [2026-01-26T13:22:22.025+0000] {dagbag.py:539} INFO - Filling up the DagBag from /opt/airflow/dags/stock_etl_simple.py
[2026-01-26T13:22:22.043+0000] {processor.py:839} INFO - DAG(s) dict_keys(['stock_etl_simple']) retrieved from /opt/airflow/dags/stock_etl_simple.py
[2026-01-26T13:22:22.071+0000] {logging_mixin.py:151} INFO - [2026-01-26T13:22:22.071+0000] {dag.py:2915} INFO - Sync 1 DAGs
[2026-01-26T13:22:22.083+0000] {logging_mixin.py:151} INFO - [2026-01-26T13:22:22.082+0000] {dag.py:3696} INFO - Setting next_dagrun for stock_etl_simple to None, run_after=None
[2026-01-26T13:22:22.105+0000] {processor.py:179} INFO - Processing /opt/airflow/dags/stock_etl_simple.py took 0.090 seconds
[2026-01-26T13:22:52.348+0000] {processor.py:157} INFO - Started process (PID=793) to work on /opt/airflow/dags/stock_etl_simple.py
[2026-01-26T13:22:52.349+0000] {processor.py:829} INFO - Processing file /opt/airflow/dags/stock_etl_simple.py for tasks to queue
[2026-01-26T13:22:52.351+0000] {logging_mixin.py:151} INFO - [2026-01-26T13:22:52.350+0000] {dagbag.py:539} INFO - Filling up the DagBag from /opt/airflow/dags/stock_etl_simple.py
[2026-01-26T13:22:52.369+0000] {processor.py:839} INFO - DAG(s) dict_keys(['stock_etl_simple']) retrieved from /opt/airflow/dags/stock_etl_simple.py
[2026-01-26T13:22:52.408+0000] {logging_mixin.py:151} INFO - [2026-01-26T13:22:52.408+0000] {dag.py:2915} INFO - Sync 1 DAGs
[2026-01-26T13:22:52.423+0000] {logging_mixin.py:151} INFO - [2026-01-26T13:22:52.422+0000] {dag.py:3696} INFO - Setting next_dagrun for stock_etl_simple to None, run_after=None
[2026-01-26T13:22:52.447+0000] {processor.py:179} INFO - Processing /opt/airflow/dags/stock_etl_simple.py took 0.104 seconds
[2026-01-26T13:23:22.697+0000] {processor.py:157} INFO - Started process (PID=812) to work on /opt/airflow/dags/stock_etl_simple.py
[2026-01-26T13:23:22.698+0000] {processor.py:829} INFO - Processing file /opt/airflow/dags/stock_etl_simple.py for tasks to queue
[2026-01-26T13:23:22.699+0000] {logging_mixin.py:151} INFO - [2026-01-26T13:23:22.699+0000] {dagbag.py:539} INFO - Filling up the DagBag from /opt/airflow/dags/stock_etl_simple.py
[2026-01-26T13:23:22.710+0000] {processor.py:839} INFO - DAG(s) dict_keys(['stock_etl_simple']) retrieved from /opt/airflow/dags/stock_etl_simple.py
[2026-01-26T13:23:22.737+0000] {logging_mixin.py:151} INFO - [2026-01-26T13:23:22.737+0000] {dag.py:2915} INFO - Sync 1 DAGs
[2026-01-26T13:23:22.750+0000] {logging_mixin.py:151} INFO - [2026-01-26T13:23:22.750+0000] {dag.py:3696} INFO - Setting next_dagrun for stock_etl_simple to None, run_after=None
[2026-01-26T13:23:22.771+0000] {processor.py:179} INFO - Processing /opt/airflow/dags/stock_etl_simple.py took 0.079 seconds
[2026-01-26T13:23:53.036+0000] {processor.py:157} INFO - Started process (PID=830) to work on /opt/airflow/dags/stock_etl_simple.py
[2026-01-26T13:23:53.038+0000] {processor.py:829} INFO - Processing file /opt/airflow/dags/stock_etl_simple.py for tasks to queue
[2026-01-26T13:23:53.039+0000] {logging_mixin.py:151} INFO - [2026-01-26T13:23:53.038+0000] {dagbag.py:539} INFO - Filling up the DagBag from /opt/airflow/dags/stock_etl_simple.py
[2026-01-26T13:23:53.050+0000] {processor.py:839} INFO - DAG(s) dict_keys(['stock_etl_simple']) retrieved from /opt/airflow/dags/stock_etl_simple.py
[2026-01-26T13:23:53.076+0000] {logging_mixin.py:151} INFO - [2026-01-26T13:23:53.076+0000] {dag.py:2915} INFO - Sync 1 DAGs
[2026-01-26T13:23:53.088+0000] {logging_mixin.py:151} INFO - [2026-01-26T13:23:53.088+0000] {dag.py:3696} INFO - Setting next_dagrun for stock_etl_simple to None, run_after=None
[2026-01-26T13:23:53.110+0000] {processor.py:179} INFO - Processing /opt/airflow/dags/stock_etl_simple.py took 0.078 seconds
[2026-01-26T13:24:23.395+0000] {processor.py:157} INFO - Started process (PID=848) to work on /opt/airflow/dags/stock_etl_simple.py
[2026-01-26T13:24:23.397+0000] {processor.py:829} INFO - Processing file /opt/airflow/dags/stock_etl_simple.py for tasks to queue
[2026-01-26T13:24:23.399+0000] {logging_mixin.py:151} INFO - [2026-01-26T13:24:23.398+0000] {dagbag.py:539} INFO - Filling up the DagBag from /opt/airflow/dags/stock_etl_simple.py
[2026-01-26T13:24:23.414+0000] {processor.py:839} INFO - DAG(s) dict_keys(['stock_etl_simple']) retrieved from /opt/airflow/dags/stock_etl_simple.py
[2026-01-26T13:24:23.455+0000] {logging_mixin.py:151} INFO - [2026-01-26T13:24:23.454+0000] {dag.py:2915} INFO - Sync 1 DAGs
[2026-01-26T13:24:23.469+0000] {logging_mixin.py:151} INFO - [2026-01-26T13:24:23.469+0000] {dag.py:3696} INFO - Setting next_dagrun for stock_etl_simple to None, run_after=None
[2026-01-26T13:24:23.496+0000] {processor.py:179} INFO - Processing /opt/airflow/dags/stock_etl_simple.py took 0.105 seconds
[2026-01-26T13:24:53.690+0000] {processor.py:157} INFO - Started process (PID=866) to work on /opt/airflow/dags/stock_etl_simple.py
[2026-01-26T13:24:53.692+0000] {processor.py:829} INFO - Processing file /opt/airflow/dags/stock_etl_simple.py for tasks to queue
[2026-01-26T13:24:53.694+0000] {logging_mixin.py:151} INFO - [2026-01-26T13:24:53.693+0000] {dagbag.py:539} INFO - Filling up the DagBag from /opt/airflow/dags/stock_etl_simple.py
[2026-01-26T13:24:53.706+0000] {processor.py:839} INFO - DAG(s) dict_keys(['stock_etl_simple']) retrieved from /opt/airflow/dags/stock_etl_simple.py
[2026-01-26T13:24:53.732+0000] {logging_mixin.py:151} INFO - [2026-01-26T13:24:53.732+0000] {dag.py:2915} INFO - Sync 1 DAGs
[2026-01-26T13:24:53.745+0000] {logging_mixin.py:151} INFO - [2026-01-26T13:24:53.745+0000] {dag.py:3696} INFO - Setting next_dagrun for stock_etl_simple to None, run_after=None
[2026-01-26T13:24:53.766+0000] {processor.py:179} INFO - Processing /opt/airflow/dags/stock_etl_simple.py took 0.082 seconds
[2026-01-26T13:25:24.073+0000] {processor.py:157} INFO - Started process (PID=884) to work on /opt/airflow/dags/stock_etl_simple.py
[2026-01-26T13:25:24.075+0000] {processor.py:829} INFO - Processing file /opt/airflow/dags/stock_etl_simple.py for tasks to queue
[2026-01-26T13:25:24.077+0000] {logging_mixin.py:151} INFO - [2026-01-26T13:25:24.076+0000] {dagbag.py:539} INFO - Filling up the DagBag from /opt/airflow/dags/stock_etl_simple.py
[2026-01-26T13:25:24.091+0000] {processor.py:839} INFO - DAG(s) dict_keys(['stock_etl_simple']) retrieved from /opt/airflow/dags/stock_etl_simple.py
[2026-01-26T13:25:24.116+0000] {logging_mixin.py:151} INFO - [2026-01-26T13:25:24.116+0000] {dag.py:2915} INFO - Sync 1 DAGs
[2026-01-26T13:25:24.129+0000] {logging_mixin.py:151} INFO - [2026-01-26T13:25:24.129+0000] {dag.py:3696} INFO - Setting next_dagrun for stock_etl_simple to None, run_after=None
[2026-01-26T13:25:24.151+0000] {processor.py:179} INFO - Processing /opt/airflow/dags/stock_etl_simple.py took 0.085 seconds
[2026-01-26T13:25:54.481+0000] {processor.py:157} INFO - Started process (PID=902) to work on /opt/airflow/dags/stock_etl_simple.py
[2026-01-26T13:25:54.482+0000] {processor.py:829} INFO - Processing file /opt/airflow/dags/stock_etl_simple.py for tasks to queue
[2026-01-26T13:25:54.483+0000] {logging_mixin.py:151} INFO - [2026-01-26T13:25:54.483+0000] {dagbag.py:539} INFO - Filling up the DagBag from /opt/airflow/dags/stock_etl_simple.py
[2026-01-26T13:25:54.499+0000] {processor.py:839} INFO - DAG(s) dict_keys(['stock_etl_simple']) retrieved from /opt/airflow/dags/stock_etl_simple.py
[2026-01-26T13:25:54.536+0000] {logging_mixin.py:151} INFO - [2026-01-26T13:25:54.536+0000] {dag.py:2915} INFO - Sync 1 DAGs
[2026-01-26T13:25:54.557+0000] {logging_mixin.py:151} INFO - [2026-01-26T13:25:54.556+0000] {dag.py:3696} INFO - Setting next_dagrun for stock_etl_simple to None, run_after=None
[2026-01-26T13:25:54.586+0000] {processor.py:179} INFO - Processing /opt/airflow/dags/stock_etl_simple.py took 0.110 seconds
[2026-01-26T13:26:24.787+0000] {processor.py:157} INFO - Started process (PID=920) to work on /opt/airflow/dags/stock_etl_simple.py
[2026-01-26T13:26:24.788+0000] {processor.py:829} INFO - Processing file /opt/airflow/dags/stock_etl_simple.py for tasks to queue
[2026-01-26T13:26:24.789+0000] {logging_mixin.py:151} INFO - [2026-01-26T13:26:24.789+0000] {dagbag.py:539} INFO - Filling up the DagBag from /opt/airflow/dags/stock_etl_simple.py
[2026-01-26T13:26:24.800+0000] {processor.py:839} INFO - DAG(s) dict_keys(['stock_etl_simple']) retrieved from /opt/airflow/dags/stock_etl_simple.py
[2026-01-26T13:26:24.827+0000] {logging_mixin.py:151} INFO - [2026-01-26T13:26:24.827+0000] {dag.py:2915} INFO - Sync 1 DAGs
[2026-01-26T13:26:24.839+0000] {logging_mixin.py:151} INFO - [2026-01-26T13:26:24.839+0000] {dag.py:3696} INFO - Setting next_dagrun for stock_etl_simple to None, run_after=None
[2026-01-26T13:26:24.861+0000] {processor.py:179} INFO - Processing /opt/airflow/dags/stock_etl_simple.py took 0.080 seconds
[2026-01-26T13:26:55.157+0000] {processor.py:157} INFO - Started process (PID=938) to work on /opt/airflow/dags/stock_etl_simple.py
[2026-01-26T13:26:55.159+0000] {processor.py:829} INFO - Processing file /opt/airflow/dags/stock_etl_simple.py for tasks to queue
[2026-01-26T13:26:55.160+0000] {logging_mixin.py:151} INFO - [2026-01-26T13:26:55.159+0000] {dagbag.py:539} INFO - Filling up the DagBag from /opt/airflow/dags/stock_etl_simple.py
[2026-01-26T13:26:55.171+0000] {processor.py:839} INFO - DAG(s) dict_keys(['stock_etl_simple']) retrieved from /opt/airflow/dags/stock_etl_simple.py
[2026-01-26T13:26:55.196+0000] {logging_mixin.py:151} INFO - [2026-01-26T13:26:55.195+0000] {dag.py:2915} INFO - Sync 1 DAGs
[2026-01-26T13:26:55.209+0000] {logging_mixin.py:151} INFO - [2026-01-26T13:26:55.209+0000] {dag.py:3696} INFO - Setting next_dagrun for stock_etl_simple to None, run_after=None
[2026-01-26T13:26:55.232+0000] {processor.py:179} INFO - Processing /opt/airflow/dags/stock_etl_simple.py took 0.079 seconds
[2026-01-26T13:27:25.536+0000] {processor.py:157} INFO - Started process (PID=956) to work on /opt/airflow/dags/stock_etl_simple.py
[2026-01-26T13:27:25.537+0000] {processor.py:829} INFO - Processing file /opt/airflow/dags/stock_etl_simple.py for tasks to queue
[2026-01-26T13:27:25.539+0000] {logging_mixin.py:151} INFO - [2026-01-26T13:27:25.538+0000] {dagbag.py:539} INFO - Filling up the DagBag from /opt/airflow/dags/stock_etl_simple.py
[2026-01-26T13:27:25.552+0000] {processor.py:839} INFO - DAG(s) dict_keys(['stock_etl_simple']) retrieved from /opt/airflow/dags/stock_etl_simple.py
[2026-01-26T13:27:25.593+0000] {logging_mixin.py:151} INFO - [2026-01-26T13:27:25.593+0000] {dag.py:2915} INFO - Sync 1 DAGs
[2026-01-26T13:27:25.609+0000] {logging_mixin.py:151} INFO - [2026-01-26T13:27:25.608+0000] {dag.py:3696} INFO - Setting next_dagrun for stock_etl_simple to None, run_after=None
[2026-01-26T13:27:25.639+0000] {processor.py:179} INFO - Processing /opt/airflow/dags/stock_etl_simple.py took 0.109 seconds
[2026-01-26T13:27:55.790+0000] {processor.py:157} INFO - Started process (PID=974) to work on /opt/airflow/dags/stock_etl_simple.py
[2026-01-26T13:27:55.792+0000] {processor.py:829} INFO - Processing file /opt/airflow/dags/stock_etl_simple.py for tasks to queue
[2026-01-26T13:27:55.795+0000] {logging_mixin.py:151} INFO - [2026-01-26T13:27:55.794+0000] {dagbag.py:539} INFO - Filling up the DagBag from /opt/airflow/dags/stock_etl_simple.py
[2026-01-26T13:27:55.814+0000] {processor.py:839} INFO - DAG(s) dict_keys(['stock_etl_simple']) retrieved from /opt/airflow/dags/stock_etl_simple.py
[2026-01-26T13:27:55.841+0000] {logging_mixin.py:151} INFO - [2026-01-26T13:27:55.840+0000] {dag.py:2915} INFO - Sync 1 DAGs
[2026-01-26T13:27:55.853+0000] {logging_mixin.py:151} INFO - [2026-01-26T13:27:55.853+0000] {dag.py:3696} INFO - Setting next_dagrun for stock_etl_simple to None, run_after=None
[2026-01-26T13:27:55.875+0000] {processor.py:179} INFO - Processing /opt/airflow/dags/stock_etl_simple.py took 0.092 seconds
[2026-01-26T13:28:26.187+0000] {processor.py:157} INFO - Started process (PID=992) to work on /opt/airflow/dags/stock_etl_simple.py
[2026-01-26T13:28:26.188+0000] {processor.py:829} INFO - Processing file /opt/airflow/dags/stock_etl_simple.py for tasks to queue
[2026-01-26T13:28:26.189+0000] {logging_mixin.py:151} INFO - [2026-01-26T13:28:26.189+0000] {dagbag.py:539} INFO - Filling up the DagBag from /opt/airflow/dags/stock_etl_simple.py
[2026-01-26T13:28:26.200+0000] {processor.py:839} INFO - DAG(s) dict_keys(['stock_etl_simple']) retrieved from /opt/airflow/dags/stock_etl_simple.py
[2026-01-26T13:28:26.228+0000] {logging_mixin.py:151} INFO - [2026-01-26T13:28:26.228+0000] {dag.py:2915} INFO - Sync 1 DAGs
[2026-01-26T13:28:26.242+0000] {logging_mixin.py:151} INFO - [2026-01-26T13:28:26.242+0000] {dag.py:3696} INFO - Setting next_dagrun for stock_etl_simple to None, run_after=None
[2026-01-26T13:28:26.267+0000] {processor.py:179} INFO - Processing /opt/airflow/dags/stock_etl_simple.py took 0.084 seconds
[2026-01-26T13:28:56.599+0000] {processor.py:157} INFO - Started process (PID=1002) to work on /opt/airflow/dags/stock_etl_simple.py
[2026-01-26T13:28:56.600+0000] {processor.py:829} INFO - Processing file /opt/airflow/dags/stock_etl_simple.py for tasks to queue
[2026-01-26T13:28:56.601+0000] {logging_mixin.py:151} INFO - [2026-01-26T13:28:56.601+0000] {dagbag.py:539} INFO - Filling up the DagBag from /opt/airflow/dags/stock_etl_simple.py
[2026-01-26T13:28:56.615+0000] {processor.py:839} INFO - DAG(s) dict_keys(['stock_etl_simple']) retrieved from /opt/airflow/dags/stock_etl_simple.py
[2026-01-26T13:28:56.647+0000] {logging_mixin.py:151} INFO - [2026-01-26T13:28:56.647+0000] {dag.py:2915} INFO - Sync 1 DAGs
[2026-01-26T13:28:56.666+0000] {logging_mixin.py:151} INFO - [2026-01-26T13:28:56.666+0000] {dag.py:3696} INFO - Setting next_dagrun for stock_etl_simple to None, run_after=None
[2026-01-26T13:28:56.702+0000] {processor.py:179} INFO - Processing /opt/airflow/dags/stock_etl_simple.py took 0.109 seconds
[2026-01-26T13:29:26.840+0000] {processor.py:157} INFO - Started process (PID=1020) to work on /opt/airflow/dags/stock_etl_simple.py
[2026-01-26T13:29:26.841+0000] {processor.py:829} INFO - Processing file /opt/airflow/dags/stock_etl_simple.py for tasks to queue
[2026-01-26T13:29:26.842+0000] {logging_mixin.py:151} INFO - [2026-01-26T13:29:26.842+0000] {dagbag.py:539} INFO - Filling up the DagBag from /opt/airflow/dags/stock_etl_simple.py
[2026-01-26T13:29:26.852+0000] {processor.py:839} INFO - DAG(s) dict_keys(['stock_etl_simple']) retrieved from /opt/airflow/dags/stock_etl_simple.py
[2026-01-26T13:29:26.878+0000] {logging_mixin.py:151} INFO - [2026-01-26T13:29:26.878+0000] {dag.py:2915} INFO - Sync 1 DAGs
[2026-01-26T13:29:26.891+0000] {logging_mixin.py:151} INFO - [2026-01-26T13:29:26.890+0000] {dag.py:3696} INFO - Setting next_dagrun for stock_etl_simple to None, run_after=None
[2026-01-26T13:29:26.912+0000] {processor.py:179} INFO - Processing /opt/airflow/dags/stock_etl_simple.py took 0.075 seconds
[2026-01-26T13:29:57.179+0000] {processor.py:157} INFO - Started process (PID=1038) to work on /opt/airflow/dags/stock_etl_simple.py
[2026-01-26T13:29:57.180+0000] {processor.py:829} INFO - Processing file /opt/airflow/dags/stock_etl_simple.py for tasks to queue
[2026-01-26T13:29:57.181+0000] {logging_mixin.py:151} INFO - [2026-01-26T13:29:57.181+0000] {dagbag.py:539} INFO - Filling up the DagBag from /opt/airflow/dags/stock_etl_simple.py
[2026-01-26T13:29:57.191+0000] {processor.py:839} INFO - DAG(s) dict_keys(['stock_etl_simple']) retrieved from /opt/airflow/dags/stock_etl_simple.py
[2026-01-26T13:29:57.218+0000] {logging_mixin.py:151} INFO - [2026-01-26T13:29:57.218+0000] {dag.py:2915} INFO - Sync 1 DAGs
[2026-01-26T13:29:57.232+0000] {logging_mixin.py:151} INFO - [2026-01-26T13:29:57.231+0000] {dag.py:3696} INFO - Setting next_dagrun for stock_etl_simple to None, run_after=None
[2026-01-26T13:29:57.255+0000] {processor.py:179} INFO - Processing /opt/airflow/dags/stock_etl_simple.py took 0.079 seconds
[2026-01-26T13:30:27.519+0000] {processor.py:157} INFO - Started process (PID=1056) to work on /opt/airflow/dags/stock_etl_simple.py
[2026-01-26T13:30:27.520+0000] {processor.py:829} INFO - Processing file /opt/airflow/dags/stock_etl_simple.py for tasks to queue
[2026-01-26T13:30:27.521+0000] {logging_mixin.py:151} INFO - [2026-01-26T13:30:27.521+0000] {dagbag.py:539} INFO - Filling up the DagBag from /opt/airflow/dags/stock_etl_simple.py
[2026-01-26T13:30:27.533+0000] {processor.py:839} INFO - DAG(s) dict_keys(['stock_etl_simple']) retrieved from /opt/airflow/dags/stock_etl_simple.py
[2026-01-26T13:30:27.558+0000] {logging_mixin.py:151} INFO - [2026-01-26T13:30:27.557+0000] {dag.py:2915} INFO - Sync 1 DAGs
[2026-01-26T13:30:27.570+0000] {logging_mixin.py:151} INFO - [2026-01-26T13:30:27.570+0000] {dag.py:3696} INFO - Setting next_dagrun for stock_etl_simple to None, run_after=None
[2026-01-26T13:30:27.611+0000] {processor.py:179} INFO - Processing /opt/airflow/dags/stock_etl_simple.py took 0.096 seconds
[2026-01-26T13:30:57.883+0000] {processor.py:157} INFO - Started process (PID=1074) to work on /opt/airflow/dags/stock_etl_simple.py
[2026-01-26T13:30:57.884+0000] {processor.py:829} INFO - Processing file /opt/airflow/dags/stock_etl_simple.py for tasks to queue
[2026-01-26T13:30:57.885+0000] {logging_mixin.py:151} INFO - [2026-01-26T13:30:57.885+0000] {dagbag.py:539} INFO - Filling up the DagBag from /opt/airflow/dags/stock_etl_simple.py
[2026-01-26T13:30:57.896+0000] {processor.py:839} INFO - DAG(s) dict_keys(['stock_etl_simple']) retrieved from /opt/airflow/dags/stock_etl_simple.py
[2026-01-26T13:30:57.921+0000] {logging_mixin.py:151} INFO - [2026-01-26T13:30:57.921+0000] {dag.py:2915} INFO - Sync 1 DAGs
[2026-01-26T13:30:57.934+0000] {logging_mixin.py:151} INFO - [2026-01-26T13:30:57.933+0000] {dag.py:3696} INFO - Setting next_dagrun for stock_etl_simple to None, run_after=None
[2026-01-26T13:30:57.960+0000] {processor.py:179} INFO - Processing /opt/airflow/dags/stock_etl_simple.py took 0.081 seconds
[2026-01-26T13:31:28.074+0000] {processor.py:157} INFO - Started process (PID=1092) to work on /opt/airflow/dags/stock_etl_simple.py
[2026-01-26T13:31:28.076+0000] {processor.py:829} INFO - Processing file /opt/airflow/dags/stock_etl_simple.py for tasks to queue
[2026-01-26T13:31:28.077+0000] {logging_mixin.py:151} INFO - [2026-01-26T13:31:28.076+0000] {dagbag.py:539} INFO - Filling up the DagBag from /opt/airflow/dags/stock_etl_simple.py
[2026-01-26T13:31:28.088+0000] {processor.py:839} INFO - DAG(s) dict_keys(['stock_etl_simple']) retrieved from /opt/airflow/dags/stock_etl_simple.py
[2026-01-26T13:31:28.114+0000] {logging_mixin.py:151} INFO - [2026-01-26T13:31:28.114+0000] {dag.py:2915} INFO - Sync 1 DAGs
[2026-01-26T13:31:28.127+0000] {logging_mixin.py:151} INFO - [2026-01-26T13:31:28.127+0000] {dag.py:3696} INFO - Setting next_dagrun for stock_etl_simple to None, run_after=None
[2026-01-26T13:31:28.149+0000] {processor.py:179} INFO - Processing /opt/airflow/dags/stock_etl_simple.py took 0.080 seconds
[2026-01-26T13:31:58.415+0000] {processor.py:157} INFO - Started process (PID=1110) to work on /opt/airflow/dags/stock_etl_simple.py
[2026-01-26T13:31:58.416+0000] {processor.py:829} INFO - Processing file /opt/airflow/dags/stock_etl_simple.py for tasks to queue
[2026-01-26T13:31:58.418+0000] {logging_mixin.py:151} INFO - [2026-01-26T13:31:58.417+0000] {dagbag.py:539} INFO - Filling up the DagBag from /opt/airflow/dags/stock_etl_simple.py
[2026-01-26T13:31:58.432+0000] {processor.py:839} INFO - DAG(s) dict_keys(['stock_etl_simple']) retrieved from /opt/airflow/dags/stock_etl_simple.py
[2026-01-26T13:31:58.465+0000] {logging_mixin.py:151} INFO - [2026-01-26T13:31:58.464+0000] {dag.py:2915} INFO - Sync 1 DAGs
[2026-01-26T13:31:58.477+0000] {logging_mixin.py:151} INFO - [2026-01-26T13:31:58.477+0000] {dag.py:3696} INFO - Setting next_dagrun for stock_etl_simple to None, run_after=None
[2026-01-26T13:31:58.501+0000] {processor.py:179} INFO - Processing /opt/airflow/dags/stock_etl_simple.py took 0.090 seconds
[2026-01-26T13:32:28.782+0000] {processor.py:157} INFO - Started process (PID=1128) to work on /opt/airflow/dags/stock_etl_simple.py
[2026-01-26T13:32:28.784+0000] {processor.py:829} INFO - Processing file /opt/airflow/dags/stock_etl_simple.py for tasks to queue
[2026-01-26T13:32:28.787+0000] {logging_mixin.py:151} INFO - [2026-01-26T13:32:28.786+0000] {dagbag.py:539} INFO - Filling up the DagBag from /opt/airflow/dags/stock_etl_simple.py
[2026-01-26T13:32:28.807+0000] {processor.py:839} INFO - DAG(s) dict_keys(['stock_etl_simple']) retrieved from /opt/airflow/dags/stock_etl_simple.py
[2026-01-26T13:32:28.839+0000] {logging_mixin.py:151} INFO - [2026-01-26T13:32:28.839+0000] {dag.py:2915} INFO - Sync 1 DAGs
[2026-01-26T13:32:28.857+0000] {logging_mixin.py:151} INFO - [2026-01-26T13:32:28.857+0000] {dag.py:3696} INFO - Setting next_dagrun for stock_etl_simple to None, run_after=None
[2026-01-26T13:32:28.887+0000] {processor.py:179} INFO - Processing /opt/airflow/dags/stock_etl_simple.py took 0.112 seconds
[2026-01-26T13:32:59.033+0000] {processor.py:157} INFO - Started process (PID=1146) to work on /opt/airflow/dags/stock_etl_simple.py
[2026-01-26T13:32:59.034+0000] {processor.py:829} INFO - Processing file /opt/airflow/dags/stock_etl_simple.py for tasks to queue
[2026-01-26T13:32:59.035+0000] {logging_mixin.py:151} INFO - [2026-01-26T13:32:59.034+0000] {dagbag.py:539} INFO - Filling up the DagBag from /opt/airflow/dags/stock_etl_simple.py
[2026-01-26T13:32:59.045+0000] {processor.py:839} INFO - DAG(s) dict_keys(['stock_etl_simple']) retrieved from /opt/airflow/dags/stock_etl_simple.py
[2026-01-26T13:32:59.070+0000] {logging_mixin.py:151} INFO - [2026-01-26T13:32:59.070+0000] {dag.py:2915} INFO - Sync 1 DAGs
[2026-01-26T13:32:59.082+0000] {logging_mixin.py:151} INFO - [2026-01-26T13:32:59.082+0000] {dag.py:3696} INFO - Setting next_dagrun for stock_etl_simple to None, run_after=None
[2026-01-26T13:32:59.104+0000] {processor.py:179} INFO - Processing /opt/airflow/dags/stock_etl_simple.py took 0.075 seconds
[2026-01-26T13:33:29.252+0000] {processor.py:157} INFO - Started process (PID=1164) to work on /opt/airflow/dags/stock_etl_simple.py
[2026-01-26T13:33:29.254+0000] {processor.py:829} INFO - Processing file /opt/airflow/dags/stock_etl_simple.py for tasks to queue
[2026-01-26T13:33:29.255+0000] {logging_mixin.py:151} INFO - [2026-01-26T13:33:29.255+0000] {dagbag.py:539} INFO - Filling up the DagBag from /opt/airflow/dags/stock_etl_simple.py
[2026-01-26T13:33:29.272+0000] {processor.py:839} INFO - DAG(s) dict_keys(['stock_etl_simple']) retrieved from /opt/airflow/dags/stock_etl_simple.py
[2026-01-26T13:33:29.304+0000] {logging_mixin.py:151} INFO - [2026-01-26T13:33:29.304+0000] {dag.py:2915} INFO - Sync 1 DAGs
[2026-01-26T13:33:29.317+0000] {logging_mixin.py:151} INFO - [2026-01-26T13:33:29.316+0000] {dag.py:3696} INFO - Setting next_dagrun for stock_etl_simple to None, run_after=None
[2026-01-26T13:33:29.341+0000] {processor.py:179} INFO - Processing /opt/airflow/dags/stock_etl_simple.py took 0.095 seconds
[2026-01-26T13:33:59.667+0000] {processor.py:157} INFO - Started process (PID=1182) to work on /opt/airflow/dags/stock_etl_simple.py
[2026-01-26T13:33:59.668+0000] {processor.py:829} INFO - Processing file /opt/airflow/dags/stock_etl_simple.py for tasks to queue
[2026-01-26T13:33:59.669+0000] {logging_mixin.py:151} INFO - [2026-01-26T13:33:59.669+0000] {dagbag.py:539} INFO - Filling up the DagBag from /opt/airflow/dags/stock_etl_simple.py
[2026-01-26T13:33:59.682+0000] {processor.py:839} INFO - DAG(s) dict_keys(['stock_etl_simple']) retrieved from /opt/airflow/dags/stock_etl_simple.py
[2026-01-26T13:33:59.707+0000] {logging_mixin.py:151} INFO - [2026-01-26T13:33:59.707+0000] {dag.py:2915} INFO - Sync 1 DAGs
[2026-01-26T13:33:59.720+0000] {logging_mixin.py:151} INFO - [2026-01-26T13:33:59.720+0000] {dag.py:3696} INFO - Setting next_dagrun for stock_etl_simple to None, run_after=None
[2026-01-26T13:33:59.743+0000] {processor.py:179} INFO - Processing /opt/airflow/dags/stock_etl_simple.py took 0.082 seconds
[2026-01-26T13:34:30.013+0000] {processor.py:157} INFO - Started process (PID=1200) to work on /opt/airflow/dags/stock_etl_simple.py
[2026-01-26T13:34:30.014+0000] {processor.py:829} INFO - Processing file /opt/airflow/dags/stock_etl_simple.py for tasks to queue
[2026-01-26T13:34:30.015+0000] {logging_mixin.py:151} INFO - [2026-01-26T13:34:30.015+0000] {dagbag.py:539} INFO - Filling up the DagBag from /opt/airflow/dags/stock_etl_simple.py
[2026-01-26T13:34:30.031+0000] {processor.py:839} INFO - DAG(s) dict_keys(['stock_etl_simple']) retrieved from /opt/airflow/dags/stock_etl_simple.py
[2026-01-26T13:34:30.070+0000] {logging_mixin.py:151} INFO - [2026-01-26T13:34:30.069+0000] {dag.py:2915} INFO - Sync 1 DAGs
[2026-01-26T13:34:30.084+0000] {logging_mixin.py:151} INFO - [2026-01-26T13:34:30.084+0000] {dag.py:3696} INFO - Setting next_dagrun for stock_etl_simple to None, run_after=None
[2026-01-26T13:34:30.132+0000] {processor.py:179} INFO - Processing /opt/airflow/dags/stock_etl_simple.py took 0.124 seconds
[2026-01-26T13:35:00.371+0000] {processor.py:157} INFO - Started process (PID=1218) to work on /opt/airflow/dags/stock_etl_simple.py
[2026-01-26T13:35:00.373+0000] {processor.py:829} INFO - Processing file /opt/airflow/dags/stock_etl_simple.py for tasks to queue
[2026-01-26T13:35:00.375+0000] {logging_mixin.py:151} INFO - [2026-01-26T13:35:00.374+0000] {dagbag.py:539} INFO - Filling up the DagBag from /opt/airflow/dags/stock_etl_simple.py
[2026-01-26T13:35:00.389+0000] {processor.py:839} INFO - DAG(s) dict_keys(['stock_etl_simple']) retrieved from /opt/airflow/dags/stock_etl_simple.py
[2026-01-26T13:35:00.423+0000] {logging_mixin.py:151} INFO - [2026-01-26T13:35:00.422+0000] {dag.py:2915} INFO - Sync 1 DAGs
[2026-01-26T13:35:00.435+0000] {logging_mixin.py:151} INFO - [2026-01-26T13:35:00.435+0000] {dag.py:3696} INFO - Setting next_dagrun for stock_etl_simple to None, run_after=None
[2026-01-26T13:35:00.459+0000] {processor.py:179} INFO - Processing /opt/airflow/dags/stock_etl_simple.py took 0.096 seconds
[2026-01-26T13:35:30.764+0000] {processor.py:157} INFO - Started process (PID=1236) to work on /opt/airflow/dags/stock_etl_simple.py
[2026-01-26T13:35:30.765+0000] {processor.py:829} INFO - Processing file /opt/airflow/dags/stock_etl_simple.py for tasks to queue
[2026-01-26T13:35:30.766+0000] {logging_mixin.py:151} INFO - [2026-01-26T13:35:30.765+0000] {dagbag.py:539} INFO - Filling up the DagBag from /opt/airflow/dags/stock_etl_simple.py
[2026-01-26T13:35:30.775+0000] {processor.py:839} INFO - DAG(s) dict_keys(['stock_etl_simple']) retrieved from /opt/airflow/dags/stock_etl_simple.py
[2026-01-26T13:35:30.800+0000] {logging_mixin.py:151} INFO - [2026-01-26T13:35:30.800+0000] {dag.py:2915} INFO - Sync 1 DAGs
[2026-01-26T13:35:30.813+0000] {logging_mixin.py:151} INFO - [2026-01-26T13:35:30.813+0000] {dag.py:3696} INFO - Setting next_dagrun for stock_etl_simple to None, run_after=None
[2026-01-26T13:35:30.835+0000] {processor.py:179} INFO - Processing /opt/airflow/dags/stock_etl_simple.py took 0.075 seconds
[2026-01-26T13:36:01.138+0000] {processor.py:157} INFO - Started process (PID=1254) to work on /opt/airflow/dags/stock_etl_simple.py
[2026-01-26T13:36:01.139+0000] {processor.py:829} INFO - Processing file /opt/airflow/dags/stock_etl_simple.py for tasks to queue
[2026-01-26T13:36:01.141+0000] {logging_mixin.py:151} INFO - [2026-01-26T13:36:01.140+0000] {dagbag.py:539} INFO - Filling up the DagBag from /opt/airflow/dags/stock_etl_simple.py
[2026-01-26T13:36:01.157+0000] {processor.py:839} INFO - DAG(s) dict_keys(['stock_etl_simple']) retrieved from /opt/airflow/dags/stock_etl_simple.py
[2026-01-26T13:36:01.187+0000] {logging_mixin.py:151} INFO - [2026-01-26T13:36:01.187+0000] {dag.py:2915} INFO - Sync 1 DAGs
[2026-01-26T13:36:01.203+0000] {logging_mixin.py:151} INFO - [2026-01-26T13:36:01.202+0000] {dag.py:3696} INFO - Setting next_dagrun for stock_etl_simple to None, run_after=None
[2026-01-26T13:36:01.224+0000] {processor.py:179} INFO - Processing /opt/airflow/dags/stock_etl_simple.py took 0.090 seconds
[2026-01-26T13:36:31.446+0000] {processor.py:157} INFO - Started process (PID=1272) to work on /opt/airflow/dags/stock_etl_simple.py
[2026-01-26T13:36:31.447+0000] {processor.py:829} INFO - Processing file /opt/airflow/dags/stock_etl_simple.py for tasks to queue
[2026-01-26T13:36:31.448+0000] {logging_mixin.py:151} INFO - [2026-01-26T13:36:31.448+0000] {dagbag.py:539} INFO - Filling up the DagBag from /opt/airflow/dags/stock_etl_simple.py
[2026-01-26T13:36:31.458+0000] {processor.py:839} INFO - DAG(s) dict_keys(['stock_etl_simple']) retrieved from /opt/airflow/dags/stock_etl_simple.py
[2026-01-26T13:36:31.483+0000] {logging_mixin.py:151} INFO - [2026-01-26T13:36:31.483+0000] {dag.py:2915} INFO - Sync 1 DAGs
[2026-01-26T13:36:31.496+0000] {logging_mixin.py:151} INFO - [2026-01-26T13:36:31.496+0000] {dag.py:3696} INFO - Setting next_dagrun for stock_etl_simple to None, run_after=None
[2026-01-26T13:36:31.518+0000] {processor.py:179} INFO - Processing /opt/airflow/dags/stock_etl_simple.py took 0.075 seconds
[2026-01-26T13:37:01.804+0000] {processor.py:157} INFO - Started process (PID=1289) to work on /opt/airflow/dags/stock_etl_simple.py
[2026-01-26T13:37:01.805+0000] {processor.py:829} INFO - Processing file /opt/airflow/dags/stock_etl_simple.py for tasks to queue
[2026-01-26T13:37:01.806+0000] {logging_mixin.py:151} INFO - [2026-01-26T13:37:01.806+0000] {dagbag.py:539} INFO - Filling up the DagBag from /opt/airflow/dags/stock_etl_simple.py
[2026-01-26T13:37:01.818+0000] {processor.py:839} INFO - DAG(s) dict_keys(['stock_etl_simple']) retrieved from /opt/airflow/dags/stock_etl_simple.py
[2026-01-26T13:37:01.844+0000] {logging_mixin.py:151} INFO - [2026-01-26T13:37:01.844+0000] {dag.py:2915} INFO - Sync 1 DAGs
[2026-01-26T13:37:01.858+0000] {logging_mixin.py:151} INFO - [2026-01-26T13:37:01.858+0000] {dag.py:3696} INFO - Setting next_dagrun for stock_etl_simple to None, run_after=None
[2026-01-26T13:37:01.883+0000] {processor.py:179} INFO - Processing /opt/airflow/dags/stock_etl_simple.py took 0.083 seconds
[2026-01-26T13:37:32.150+0000] {processor.py:157} INFO - Started process (PID=1300) to work on /opt/airflow/dags/stock_etl_simple.py
[2026-01-26T13:37:32.151+0000] {processor.py:829} INFO - Processing file /opt/airflow/dags/stock_etl_simple.py for tasks to queue
[2026-01-26T13:37:32.153+0000] {logging_mixin.py:151} INFO - [2026-01-26T13:37:32.152+0000] {dagbag.py:539} INFO - Filling up the DagBag from /opt/airflow/dags/stock_etl_simple.py
[2026-01-26T13:37:32.165+0000] {processor.py:839} INFO - DAG(s) dict_keys(['stock_etl_simple']) retrieved from /opt/airflow/dags/stock_etl_simple.py
[2026-01-26T13:37:32.204+0000] {logging_mixin.py:151} INFO - [2026-01-26T13:37:32.204+0000] {dag.py:2915} INFO - Sync 1 DAGs
[2026-01-26T13:37:32.224+0000] {logging_mixin.py:151} INFO - [2026-01-26T13:37:32.223+0000] {dag.py:3696} INFO - Setting next_dagrun for stock_etl_simple to None, run_after=None
[2026-01-26T13:37:32.254+0000] {processor.py:179} INFO - Processing /opt/airflow/dags/stock_etl_simple.py took 0.111 seconds
[2026-01-26T13:38:02.435+0000] {processor.py:157} INFO - Started process (PID=1318) to work on /opt/airflow/dags/stock_etl_simple.py
[2026-01-26T13:38:02.437+0000] {processor.py:829} INFO - Processing file /opt/airflow/dags/stock_etl_simple.py for tasks to queue
[2026-01-26T13:38:02.439+0000] {logging_mixin.py:151} INFO - [2026-01-26T13:38:02.438+0000] {dagbag.py:539} INFO - Filling up the DagBag from /opt/airflow/dags/stock_etl_simple.py
[2026-01-26T13:38:02.451+0000] {processor.py:839} INFO - DAG(s) dict_keys(['stock_etl_simple']) retrieved from /opt/airflow/dags/stock_etl_simple.py
[2026-01-26T13:38:02.481+0000] {logging_mixin.py:151} INFO - [2026-01-26T13:38:02.481+0000] {dag.py:2915} INFO - Sync 1 DAGs
[2026-01-26T13:38:02.494+0000] {logging_mixin.py:151} INFO - [2026-01-26T13:38:02.494+0000] {dag.py:3696} INFO - Setting next_dagrun for stock_etl_simple to None, run_after=None
[2026-01-26T13:38:02.519+0000] {processor.py:179} INFO - Processing /opt/airflow/dags/stock_etl_simple.py took 0.090 seconds
[2026-01-26T13:38:32.827+0000] {processor.py:157} INFO - Started process (PID=1336) to work on /opt/airflow/dags/stock_etl_simple.py
[2026-01-26T13:38:32.829+0000] {processor.py:829} INFO - Processing file /opt/airflow/dags/stock_etl_simple.py for tasks to queue
[2026-01-26T13:38:32.830+0000] {logging_mixin.py:151} INFO - [2026-01-26T13:38:32.829+0000] {dagbag.py:539} INFO - Filling up the DagBag from /opt/airflow/dags/stock_etl_simple.py
[2026-01-26T13:38:32.842+0000] {processor.py:839} INFO - DAG(s) dict_keys(['stock_etl_simple']) retrieved from /opt/airflow/dags/stock_etl_simple.py
[2026-01-26T13:38:32.869+0000] {logging_mixin.py:151} INFO - [2026-01-26T13:38:32.869+0000] {dag.py:2915} INFO - Sync 1 DAGs
[2026-01-26T13:38:32.882+0000] {logging_mixin.py:151} INFO - [2026-01-26T13:38:32.882+0000] {dag.py:3696} INFO - Setting next_dagrun for stock_etl_simple to None, run_after=None
[2026-01-26T13:38:32.902+0000] {processor.py:179} INFO - Processing /opt/airflow/dags/stock_etl_simple.py took 0.080 seconds
[2026-01-26T13:39:03.209+0000] {processor.py:157} INFO - Started process (PID=1354) to work on /opt/airflow/dags/stock_etl_simple.py
[2026-01-26T13:39:03.211+0000] {processor.py:829} INFO - Processing file /opt/airflow/dags/stock_etl_simple.py for tasks to queue
[2026-01-26T13:39:03.214+0000] {logging_mixin.py:151} INFO - [2026-01-26T13:39:03.213+0000] {dagbag.py:539} INFO - Filling up the DagBag from /opt/airflow/dags/stock_etl_simple.py
[2026-01-26T13:39:03.229+0000] {processor.py:839} INFO - DAG(s) dict_keys(['stock_etl_simple']) retrieved from /opt/airflow/dags/stock_etl_simple.py
[2026-01-26T13:39:03.265+0000] {logging_mixin.py:151} INFO - [2026-01-26T13:39:03.265+0000] {dag.py:2915} INFO - Sync 1 DAGs
[2026-01-26T13:39:03.284+0000] {logging_mixin.py:151} INFO - [2026-01-26T13:39:03.284+0000] {dag.py:3696} INFO - Setting next_dagrun for stock_etl_simple to None, run_after=None
[2026-01-26T13:39:03.315+0000] {processor.py:179} INFO - Processing /opt/airflow/dags/stock_etl_simple.py took 0.112 seconds
[2026-01-26T13:39:33.460+0000] {processor.py:157} INFO - Started process (PID=1372) to work on /opt/airflow/dags/stock_etl_simple.py
[2026-01-26T13:39:33.461+0000] {processor.py:829} INFO - Processing file /opt/airflow/dags/stock_etl_simple.py for tasks to queue
[2026-01-26T13:39:33.462+0000] {logging_mixin.py:151} INFO - [2026-01-26T13:39:33.462+0000] {dagbag.py:539} INFO - Filling up the DagBag from /opt/airflow/dags/stock_etl_simple.py
[2026-01-26T13:39:33.475+0000] {processor.py:839} INFO - DAG(s) dict_keys(['stock_etl_simple']) retrieved from /opt/airflow/dags/stock_etl_simple.py
[2026-01-26T13:39:33.500+0000] {logging_mixin.py:151} INFO - [2026-01-26T13:39:33.500+0000] {dag.py:2915} INFO - Sync 1 DAGs
[2026-01-26T13:39:33.514+0000] {logging_mixin.py:151} INFO - [2026-01-26T13:39:33.514+0000] {dag.py:3696} INFO - Setting next_dagrun for stock_etl_simple to None, run_after=None
[2026-01-26T13:39:33.540+0000] {processor.py:179} INFO - Processing /opt/airflow/dags/stock_etl_simple.py took 0.084 seconds
[2026-01-26T13:40:03.846+0000] {processor.py:157} INFO - Started process (PID=1390) to work on /opt/airflow/dags/stock_etl_simple.py
[2026-01-26T13:40:03.847+0000] {processor.py:829} INFO - Processing file /opt/airflow/dags/stock_etl_simple.py for tasks to queue
[2026-01-26T13:40:03.848+0000] {logging_mixin.py:151} INFO - [2026-01-26T13:40:03.848+0000] {dagbag.py:539} INFO - Filling up the DagBag from /opt/airflow/dags/stock_etl_simple.py
[2026-01-26T13:40:03.859+0000] {processor.py:839} INFO - DAG(s) dict_keys(['stock_etl_simple']) retrieved from /opt/airflow/dags/stock_etl_simple.py
[2026-01-26T13:40:03.884+0000] {logging_mixin.py:151} INFO - [2026-01-26T13:40:03.884+0000] {dag.py:2915} INFO - Sync 1 DAGs
[2026-01-26T13:40:03.896+0000] {logging_mixin.py:151} INFO - [2026-01-26T13:40:03.896+0000] {dag.py:3696} INFO - Setting next_dagrun for stock_etl_simple to None, run_after=None
[2026-01-26T13:40:03.917+0000] {processor.py:179} INFO - Processing /opt/airflow/dags/stock_etl_simple.py took 0.075 seconds
[2026-01-26T13:40:34.224+0000] {processor.py:157} INFO - Started process (PID=1408) to work on /opt/airflow/dags/stock_etl_simple.py
[2026-01-26T13:40:34.225+0000] {processor.py:829} INFO - Processing file /opt/airflow/dags/stock_etl_simple.py for tasks to queue
[2026-01-26T13:40:34.227+0000] {logging_mixin.py:151} INFO - [2026-01-26T13:40:34.226+0000] {dagbag.py:539} INFO - Filling up the DagBag from /opt/airflow/dags/stock_etl_simple.py
[2026-01-26T13:40:34.239+0000] {processor.py:839} INFO - DAG(s) dict_keys(['stock_etl_simple']) retrieved from /opt/airflow/dags/stock_etl_simple.py
[2026-01-26T13:40:34.264+0000] {logging_mixin.py:151} INFO - [2026-01-26T13:40:34.264+0000] {dag.py:2915} INFO - Sync 1 DAGs
[2026-01-26T13:40:34.277+0000] {logging_mixin.py:151} INFO - [2026-01-26T13:40:34.277+0000] {dag.py:3696} INFO - Setting next_dagrun for stock_etl_simple to None, run_after=None
[2026-01-26T13:40:34.299+0000] {processor.py:179} INFO - Processing /opt/airflow/dags/stock_etl_simple.py took 0.082 seconds
[2026-01-26T13:41:04.488+0000] {processor.py:157} INFO - Started process (PID=1426) to work on /opt/airflow/dags/stock_etl_simple.py
[2026-01-26T13:41:04.489+0000] {processor.py:829} INFO - Processing file /opt/airflow/dags/stock_etl_simple.py for tasks to queue
[2026-01-26T13:41:04.490+0000] {logging_mixin.py:151} INFO - [2026-01-26T13:41:04.490+0000] {dagbag.py:539} INFO - Filling up the DagBag from /opt/airflow/dags/stock_etl_simple.py
[2026-01-26T13:41:04.500+0000] {processor.py:839} INFO - DAG(s) dict_keys(['stock_etl_simple']) retrieved from /opt/airflow/dags/stock_etl_simple.py
[2026-01-26T13:41:04.526+0000] {logging_mixin.py:151} INFO - [2026-01-26T13:41:04.526+0000] {dag.py:2915} INFO - Sync 1 DAGs
[2026-01-26T13:41:04.538+0000] {logging_mixin.py:151} INFO - [2026-01-26T13:41:04.538+0000] {dag.py:3696} INFO - Setting next_dagrun for stock_etl_simple to None, run_after=None
[2026-01-26T13:41:04.561+0000] {processor.py:179} INFO - Processing /opt/airflow/dags/stock_etl_simple.py took 0.076 seconds
[2026-01-26T13:41:34.859+0000] {processor.py:157} INFO - Started process (PID=1445) to work on /opt/airflow/dags/stock_etl_simple.py
[2026-01-26T13:41:34.860+0000] {processor.py:829} INFO - Processing file /opt/airflow/dags/stock_etl_simple.py for tasks to queue
[2026-01-26T13:41:34.861+0000] {logging_mixin.py:151} INFO - [2026-01-26T13:41:34.861+0000] {dagbag.py:539} INFO - Filling up the DagBag from /opt/airflow/dags/stock_etl_simple.py
[2026-01-26T13:41:34.873+0000] {processor.py:839} INFO - DAG(s) dict_keys(['stock_etl_simple']) retrieved from /opt/airflow/dags/stock_etl_simple.py
[2026-01-26T13:41:34.898+0000] {logging_mixin.py:151} INFO - [2026-01-26T13:41:34.898+0000] {dag.py:2915} INFO - Sync 1 DAGs
[2026-01-26T13:41:34.911+0000] {logging_mixin.py:151} INFO - [2026-01-26T13:41:34.911+0000] {dag.py:3696} INFO - Setting next_dagrun for stock_etl_simple to None, run_after=None
[2026-01-26T13:41:34.933+0000] {processor.py:179} INFO - Processing /opt/airflow/dags/stock_etl_simple.py took 0.079 seconds
[2026-01-26T13:42:05.233+0000] {processor.py:157} INFO - Started process (PID=1463) to work on /opt/airflow/dags/stock_etl_simple.py
[2026-01-26T13:42:05.233+0000] {processor.py:829} INFO - Processing file /opt/airflow/dags/stock_etl_simple.py for tasks to queue
[2026-01-26T13:42:05.235+0000] {logging_mixin.py:151} INFO - [2026-01-26T13:42:05.234+0000] {dagbag.py:539} INFO - Filling up the DagBag from /opt/airflow/dags/stock_etl_simple.py
[2026-01-26T13:42:05.245+0000] {processor.py:839} INFO - DAG(s) dict_keys(['stock_etl_simple']) retrieved from /opt/airflow/dags/stock_etl_simple.py
[2026-01-26T13:42:05.270+0000] {logging_mixin.py:151} INFO - [2026-01-26T13:42:05.270+0000] {dag.py:2915} INFO - Sync 1 DAGs
[2026-01-26T13:42:05.283+0000] {logging_mixin.py:151} INFO - [2026-01-26T13:42:05.283+0000] {dag.py:3696} INFO - Setting next_dagrun for stock_etl_simple to None, run_after=None
[2026-01-26T13:42:05.305+0000] {processor.py:179} INFO - Processing /opt/airflow/dags/stock_etl_simple.py took 0.076 seconds
[2026-01-26T13:42:35.540+0000] {processor.py:157} INFO - Started process (PID=1481) to work on /opt/airflow/dags/stock_etl_simple.py
[2026-01-26T13:42:35.541+0000] {processor.py:829} INFO - Processing file /opt/airflow/dags/stock_etl_simple.py for tasks to queue
[2026-01-26T13:42:35.542+0000] {logging_mixin.py:151} INFO - [2026-01-26T13:42:35.542+0000] {dagbag.py:539} INFO - Filling up the DagBag from /opt/airflow/dags/stock_etl_simple.py
[2026-01-26T13:42:35.556+0000] {processor.py:839} INFO - DAG(s) dict_keys(['stock_etl_simple']) retrieved from /opt/airflow/dags/stock_etl_simple.py
[2026-01-26T13:42:35.591+0000] {logging_mixin.py:151} INFO - [2026-01-26T13:42:35.590+0000] {dag.py:2915} INFO - Sync 1 DAGs
[2026-01-26T13:42:35.603+0000] {logging_mixin.py:151} INFO - [2026-01-26T13:42:35.603+0000] {dag.py:3696} INFO - Setting next_dagrun for stock_etl_simple to None, run_after=None
[2026-01-26T13:42:35.626+0000] {processor.py:179} INFO - Processing /opt/airflow/dags/stock_etl_simple.py took 0.090 seconds
[2026-01-26T13:43:05.897+0000] {processor.py:157} INFO - Started process (PID=1499) to work on /opt/airflow/dags/stock_etl_simple.py
[2026-01-26T13:43:05.898+0000] {processor.py:829} INFO - Processing file /opt/airflow/dags/stock_etl_simple.py for tasks to queue
[2026-01-26T13:43:05.900+0000] {logging_mixin.py:151} INFO - [2026-01-26T13:43:05.899+0000] {dagbag.py:539} INFO - Filling up the DagBag from /opt/airflow/dags/stock_etl_simple.py
[2026-01-26T13:43:05.911+0000] {processor.py:839} INFO - DAG(s) dict_keys(['stock_etl_simple']) retrieved from /opt/airflow/dags/stock_etl_simple.py
[2026-01-26T13:43:05.936+0000] {logging_mixin.py:151} INFO - [2026-01-26T13:43:05.935+0000] {dag.py:2915} INFO - Sync 1 DAGs
[2026-01-26T13:43:05.948+0000] {logging_mixin.py:151} INFO - [2026-01-26T13:43:05.948+0000] {dag.py:3696} INFO - Setting next_dagrun for stock_etl_simple to None, run_after=None
[2026-01-26T13:43:05.969+0000] {processor.py:179} INFO - Processing /opt/airflow/dags/stock_etl_simple.py took 0.077 seconds
[2026-01-26T13:43:36.288+0000] {processor.py:157} INFO - Started process (PID=1517) to work on /opt/airflow/dags/stock_etl_simple.py
[2026-01-26T13:43:36.290+0000] {processor.py:829} INFO - Processing file /opt/airflow/dags/stock_etl_simple.py for tasks to queue
[2026-01-26T13:43:36.292+0000] {logging_mixin.py:151} INFO - [2026-01-26T13:43:36.291+0000] {dagbag.py:539} INFO - Filling up the DagBag from /opt/airflow/dags/stock_etl_simple.py
[2026-01-26T13:43:36.309+0000] {processor.py:839} INFO - DAG(s) dict_keys(['stock_etl_simple']) retrieved from /opt/airflow/dags/stock_etl_simple.py
[2026-01-26T13:43:36.335+0000] {logging_mixin.py:151} INFO - [2026-01-26T13:43:36.335+0000] {dag.py:2915} INFO - Sync 1 DAGs
[2026-01-26T13:43:36.347+0000] {logging_mixin.py:151} INFO - [2026-01-26T13:43:36.347+0000] {dag.py:3696} INFO - Setting next_dagrun for stock_etl_simple to None, run_after=None
[2026-01-26T13:43:36.374+0000] {processor.py:179} INFO - Processing /opt/airflow/dags/stock_etl_simple.py took 0.096 seconds
[2026-01-26T13:44:06.622+0000] {processor.py:157} INFO - Started process (PID=1535) to work on /opt/airflow/dags/stock_etl_simple.py
[2026-01-26T13:44:06.623+0000] {processor.py:829} INFO - Processing file /opt/airflow/dags/stock_etl_simple.py for tasks to queue
[2026-01-26T13:44:06.624+0000] {logging_mixin.py:151} INFO - [2026-01-26T13:44:06.624+0000] {dagbag.py:539} INFO - Filling up the DagBag from /opt/airflow/dags/stock_etl_simple.py
[2026-01-26T13:44:06.635+0000] {processor.py:839} INFO - DAG(s) dict_keys(['stock_etl_simple']) retrieved from /opt/airflow/dags/stock_etl_simple.py
[2026-01-26T13:44:06.662+0000] {logging_mixin.py:151} INFO - [2026-01-26T13:44:06.661+0000] {dag.py:2915} INFO - Sync 1 DAGs
[2026-01-26T13:44:06.674+0000] {logging_mixin.py:151} INFO - [2026-01-26T13:44:06.674+0000] {dag.py:3696} INFO - Setting next_dagrun for stock_etl_simple to None, run_after=None
[2026-01-26T13:44:06.695+0000] {processor.py:179} INFO - Processing /opt/airflow/dags/stock_etl_simple.py took 0.077 seconds
[2026-01-26T13:44:36.965+0000] {processor.py:157} INFO - Started process (PID=1554) to work on /opt/airflow/dags/stock_etl_simple.py
[2026-01-26T13:44:36.966+0000] {processor.py:829} INFO - Processing file /opt/airflow/dags/stock_etl_simple.py for tasks to queue
[2026-01-26T13:44:36.968+0000] {logging_mixin.py:151} INFO - [2026-01-26T13:44:36.967+0000] {dagbag.py:539} INFO - Filling up the DagBag from /opt/airflow/dags/stock_etl_simple.py
[2026-01-26T13:44:36.980+0000] {processor.py:839} INFO - DAG(s) dict_keys(['stock_etl_simple']) retrieved from /opt/airflow/dags/stock_etl_simple.py
[2026-01-26T13:44:37.007+0000] {logging_mixin.py:151} INFO - [2026-01-26T13:44:37.007+0000] {dag.py:2915} INFO - Sync 1 DAGs
[2026-01-26T13:44:37.021+0000] {logging_mixin.py:151} INFO - [2026-01-26T13:44:37.021+0000] {dag.py:3696} INFO - Setting next_dagrun for stock_etl_simple to None, run_after=None
[2026-01-26T13:44:37.044+0000] {processor.py:179} INFO - Processing /opt/airflow/dags/stock_etl_simple.py took 0.084 seconds
[2026-01-26T13:45:07.332+0000] {processor.py:157} INFO - Started process (PID=1572) to work on /opt/airflow/dags/stock_etl_simple.py
[2026-01-26T13:45:07.333+0000] {processor.py:829} INFO - Processing file /opt/airflow/dags/stock_etl_simple.py for tasks to queue
[2026-01-26T13:45:07.334+0000] {logging_mixin.py:151} INFO - [2026-01-26T13:45:07.334+0000] {dagbag.py:539} INFO - Filling up the DagBag from /opt/airflow/dags/stock_etl_simple.py
[2026-01-26T13:45:07.345+0000] {processor.py:839} INFO - DAG(s) dict_keys(['stock_etl_simple']) retrieved from /opt/airflow/dags/stock_etl_simple.py
[2026-01-26T13:45:07.380+0000] {logging_mixin.py:151} INFO - [2026-01-26T13:45:07.379+0000] {dag.py:2915} INFO - Sync 1 DAGs
[2026-01-26T13:45:07.401+0000] {logging_mixin.py:151} INFO - [2026-01-26T13:45:07.400+0000] {dag.py:3696} INFO - Setting next_dagrun for stock_etl_simple to None, run_after=None
[2026-01-26T13:45:07.425+0000] {processor.py:179} INFO - Processing /opt/airflow/dags/stock_etl_simple.py took 0.096 seconds
[2026-01-26T13:45:37.682+0000] {processor.py:157} INFO - Started process (PID=1582) to work on /opt/airflow/dags/stock_etl_simple.py
[2026-01-26T13:45:37.684+0000] {processor.py:829} INFO - Processing file /opt/airflow/dags/stock_etl_simple.py for tasks to queue
[2026-01-26T13:45:37.685+0000] {logging_mixin.py:151} INFO - [2026-01-26T13:45:37.685+0000] {dagbag.py:539} INFO - Filling up the DagBag from /opt/airflow/dags/stock_etl_simple.py
[2026-01-26T13:45:37.704+0000] {processor.py:839} INFO - DAG(s) dict_keys(['stock_etl_simple']) retrieved from /opt/airflow/dags/stock_etl_simple.py
[2026-01-26T13:45:37.739+0000] {logging_mixin.py:151} INFO - [2026-01-26T13:45:37.739+0000] {dag.py:2915} INFO - Sync 1 DAGs
[2026-01-26T13:45:37.751+0000] {logging_mixin.py:151} INFO - [2026-01-26T13:45:37.751+0000] {dag.py:3696} INFO - Setting next_dagrun for stock_etl_simple to None, run_after=None
[2026-01-26T13:45:37.773+0000] {processor.py:179} INFO - Processing /opt/airflow/dags/stock_etl_simple.py took 0.096 seconds
[2026-01-26T13:46:08.021+0000] {processor.py:157} INFO - Started process (PID=1600) to work on /opt/airflow/dags/stock_etl_simple.py
[2026-01-26T13:46:08.022+0000] {processor.py:829} INFO - Processing file /opt/airflow/dags/stock_etl_simple.py for tasks to queue
[2026-01-26T13:46:08.023+0000] {logging_mixin.py:151} INFO - [2026-01-26T13:46:08.023+0000] {dagbag.py:539} INFO - Filling up the DagBag from /opt/airflow/dags/stock_etl_simple.py
[2026-01-26T13:46:08.034+0000] {processor.py:839} INFO - DAG(s) dict_keys(['stock_etl_simple']) retrieved from /opt/airflow/dags/stock_etl_simple.py
[2026-01-26T13:46:08.067+0000] {logging_mixin.py:151} INFO - [2026-01-26T13:46:08.066+0000] {dag.py:2915} INFO - Sync 1 DAGs
[2026-01-26T13:46:08.080+0000] {logging_mixin.py:151} INFO - [2026-01-26T13:46:08.080+0000] {dag.py:3696} INFO - Setting next_dagrun for stock_etl_simple to None, run_after=None
[2026-01-26T13:46:08.102+0000] {processor.py:179} INFO - Processing /opt/airflow/dags/stock_etl_simple.py took 0.087 seconds
[2026-01-26T13:46:38.369+0000] {processor.py:157} INFO - Started process (PID=1618) to work on /opt/airflow/dags/stock_etl_simple.py
[2026-01-26T13:46:38.370+0000] {processor.py:829} INFO - Processing file /opt/airflow/dags/stock_etl_simple.py for tasks to queue
[2026-01-26T13:46:38.371+0000] {logging_mixin.py:151} INFO - [2026-01-26T13:46:38.371+0000] {dagbag.py:539} INFO - Filling up the DagBag from /opt/airflow/dags/stock_etl_simple.py
[2026-01-26T13:46:38.381+0000] {processor.py:839} INFO - DAG(s) dict_keys(['stock_etl_simple']) retrieved from /opt/airflow/dags/stock_etl_simple.py
[2026-01-26T13:46:38.406+0000] {logging_mixin.py:151} INFO - [2026-01-26T13:46:38.406+0000] {dag.py:2915} INFO - Sync 1 DAGs
[2026-01-26T13:46:38.418+0000] {logging_mixin.py:151} INFO - [2026-01-26T13:46:38.418+0000] {dag.py:3696} INFO - Setting next_dagrun for stock_etl_simple to None, run_after=None
[2026-01-26T13:46:38.439+0000] {processor.py:179} INFO - Processing /opt/airflow/dags/stock_etl_simple.py took 0.075 seconds
[2026-01-26T13:47:08.725+0000] {processor.py:157} INFO - Started process (PID=1636) to work on /opt/airflow/dags/stock_etl_simple.py
[2026-01-26T13:47:08.727+0000] {processor.py:829} INFO - Processing file /opt/airflow/dags/stock_etl_simple.py for tasks to queue
[2026-01-26T13:47:08.729+0000] {logging_mixin.py:151} INFO - [2026-01-26T13:47:08.728+0000] {dagbag.py:539} INFO - Filling up the DagBag from /opt/airflow/dags/stock_etl_simple.py
[2026-01-26T13:47:08.743+0000] {processor.py:839} INFO - DAG(s) dict_keys(['stock_etl_simple']) retrieved from /opt/airflow/dags/stock_etl_simple.py
[2026-01-26T13:47:08.782+0000] {logging_mixin.py:151} INFO - [2026-01-26T13:47:08.782+0000] {dag.py:2915} INFO - Sync 1 DAGs
[2026-01-26T13:47:08.809+0000] {logging_mixin.py:151} INFO - [2026-01-26T13:47:08.808+0000] {dag.py:3696} INFO - Setting next_dagrun for stock_etl_simple to None, run_after=None
[2026-01-26T13:47:08.836+0000] {processor.py:179} INFO - Processing /opt/airflow/dags/stock_etl_simple.py took 0.118 seconds
[2026-01-26T13:47:39.033+0000] {processor.py:157} INFO - Started process (PID=1654) to work on /opt/airflow/dags/stock_etl_simple.py
[2026-01-26T13:47:39.035+0000] {processor.py:829} INFO - Processing file /opt/airflow/dags/stock_etl_simple.py for tasks to queue
[2026-01-26T13:47:39.037+0000] {logging_mixin.py:151} INFO - [2026-01-26T13:47:39.037+0000] {dagbag.py:539} INFO - Filling up the DagBag from /opt/airflow/dags/stock_etl_simple.py
[2026-01-26T13:47:39.053+0000] {processor.py:839} INFO - DAG(s) dict_keys(['stock_etl_simple']) retrieved from /opt/airflow/dags/stock_etl_simple.py
[2026-01-26T13:47:39.078+0000] {logging_mixin.py:151} INFO - [2026-01-26T13:47:39.078+0000] {dag.py:2915} INFO - Sync 1 DAGs
[2026-01-26T13:47:39.091+0000] {logging_mixin.py:151} INFO - [2026-01-26T13:47:39.091+0000] {dag.py:3696} INFO - Setting next_dagrun for stock_etl_simple to None, run_after=None
[2026-01-26T13:47:39.113+0000] {processor.py:179} INFO - Processing /opt/airflow/dags/stock_etl_simple.py took 0.090 seconds
[2026-01-26T13:48:09.424+0000] {processor.py:157} INFO - Started process (PID=1672) to work on /opt/airflow/dags/stock_etl_simple.py
[2026-01-26T13:48:09.425+0000] {processor.py:829} INFO - Processing file /opt/airflow/dags/stock_etl_simple.py for tasks to queue
[2026-01-26T13:48:09.426+0000] {logging_mixin.py:151} INFO - [2026-01-26T13:48:09.426+0000] {dagbag.py:539} INFO - Filling up the DagBag from /opt/airflow/dags/stock_etl_simple.py
[2026-01-26T13:48:09.439+0000] {processor.py:839} INFO - DAG(s) dict_keys(['stock_etl_simple']) retrieved from /opt/airflow/dags/stock_etl_simple.py
[2026-01-26T13:48:09.465+0000] {logging_mixin.py:151} INFO - [2026-01-26T13:48:09.465+0000] {dag.py:2915} INFO - Sync 1 DAGs
[2026-01-26T13:48:09.477+0000] {logging_mixin.py:151} INFO - [2026-01-26T13:48:09.477+0000] {dag.py:3696} INFO - Setting next_dagrun for stock_etl_simple to None, run_after=None
[2026-01-26T13:48:09.499+0000] {processor.py:179} INFO - Processing /opt/airflow/dags/stock_etl_simple.py took 0.080 seconds
[2026-01-26T13:48:39.798+0000] {processor.py:157} INFO - Started process (PID=1690) to work on /opt/airflow/dags/stock_etl_simple.py
[2026-01-26T13:48:39.799+0000] {processor.py:829} INFO - Processing file /opt/airflow/dags/stock_etl_simple.py for tasks to queue
[2026-01-26T13:48:39.801+0000] {logging_mixin.py:151} INFO - [2026-01-26T13:48:39.800+0000] {dagbag.py:539} INFO - Filling up the DagBag from /opt/airflow/dags/stock_etl_simple.py
[2026-01-26T13:48:39.814+0000] {processor.py:839} INFO - DAG(s) dict_keys(['stock_etl_simple']) retrieved from /opt/airflow/dags/stock_etl_simple.py
[2026-01-26T13:48:39.852+0000] {logging_mixin.py:151} INFO - [2026-01-26T13:48:39.852+0000] {dag.py:2915} INFO - Sync 1 DAGs
[2026-01-26T13:48:39.872+0000] {logging_mixin.py:151} INFO - [2026-01-26T13:48:39.871+0000] {dag.py:3696} INFO - Setting next_dagrun for stock_etl_simple to None, run_after=None
[2026-01-26T13:48:39.905+0000] {processor.py:179} INFO - Processing /opt/airflow/dags/stock_etl_simple.py took 0.111 seconds
[2026-01-26T13:49:10.047+0000] {processor.py:157} INFO - Started process (PID=1708) to work on /opt/airflow/dags/stock_etl_simple.py
[2026-01-26T13:49:10.048+0000] {processor.py:829} INFO - Processing file /opt/airflow/dags/stock_etl_simple.py for tasks to queue
[2026-01-26T13:49:10.049+0000] {logging_mixin.py:151} INFO - [2026-01-26T13:49:10.048+0000] {dagbag.py:539} INFO - Filling up the DagBag from /opt/airflow/dags/stock_etl_simple.py
[2026-01-26T13:49:10.060+0000] {processor.py:839} INFO - DAG(s) dict_keys(['stock_etl_simple']) retrieved from /opt/airflow/dags/stock_etl_simple.py
[2026-01-26T13:49:10.085+0000] {logging_mixin.py:151} INFO - [2026-01-26T13:49:10.085+0000] {dag.py:2915} INFO - Sync 1 DAGs
[2026-01-26T13:49:10.098+0000] {logging_mixin.py:151} INFO - [2026-01-26T13:49:10.098+0000] {dag.py:3696} INFO - Setting next_dagrun for stock_etl_simple to None, run_after=None
[2026-01-26T13:49:10.119+0000] {processor.py:179} INFO - Processing /opt/airflow/dags/stock_etl_simple.py took 0.075 seconds
[2026-01-26T13:49:40.406+0000] {processor.py:157} INFO - Started process (PID=1726) to work on /opt/airflow/dags/stock_etl_simple.py
[2026-01-26T13:49:40.408+0000] {processor.py:829} INFO - Processing file /opt/airflow/dags/stock_etl_simple.py for tasks to queue
[2026-01-26T13:49:40.409+0000] {logging_mixin.py:151} INFO - [2026-01-26T13:49:40.408+0000] {dagbag.py:539} INFO - Filling up the DagBag from /opt/airflow/dags/stock_etl_simple.py
[2026-01-26T13:49:40.419+0000] {processor.py:839} INFO - DAG(s) dict_keys(['stock_etl_simple']) retrieved from /opt/airflow/dags/stock_etl_simple.py
[2026-01-26T13:49:40.444+0000] {logging_mixin.py:151} INFO - [2026-01-26T13:49:40.444+0000] {dag.py:2915} INFO - Sync 1 DAGs
[2026-01-26T13:49:40.457+0000] {logging_mixin.py:151} INFO - [2026-01-26T13:49:40.456+0000] {dag.py:3696} INFO - Setting next_dagrun for stock_etl_simple to None, run_after=None
[2026-01-26T13:49:40.477+0000] {processor.py:179} INFO - Processing /opt/airflow/dags/stock_etl_simple.py took 0.076 seconds
[2026-01-26T13:50:10.785+0000] {processor.py:157} INFO - Started process (PID=1744) to work on /opt/airflow/dags/stock_etl_simple.py
[2026-01-26T13:50:10.787+0000] {processor.py:829} INFO - Processing file /opt/airflow/dags/stock_etl_simple.py for tasks to queue
[2026-01-26T13:50:10.789+0000] {logging_mixin.py:151} INFO - [2026-01-26T13:50:10.788+0000] {dagbag.py:539} INFO - Filling up the DagBag from /opt/airflow/dags/stock_etl_simple.py
[2026-01-26T13:50:10.806+0000] {processor.py:839} INFO - DAG(s) dict_keys(['stock_etl_simple']) retrieved from /opt/airflow/dags/stock_etl_simple.py
[2026-01-26T13:50:10.832+0000] {logging_mixin.py:151} INFO - [2026-01-26T13:50:10.832+0000] {dag.py:2915} INFO - Sync 1 DAGs
[2026-01-26T13:50:10.845+0000] {logging_mixin.py:151} INFO - [2026-01-26T13:50:10.844+0000] {dag.py:3696} INFO - Setting next_dagrun for stock_etl_simple to None, run_after=None
[2026-01-26T13:50:10.872+0000] {processor.py:179} INFO - Processing /opt/airflow/dags/stock_etl_simple.py took 0.093 seconds
[2026-01-26T13:50:41.059+0000] {processor.py:157} INFO - Started process (PID=1762) to work on /opt/airflow/dags/stock_etl_simple.py
[2026-01-26T13:50:41.060+0000] {processor.py:829} INFO - Processing file /opt/airflow/dags/stock_etl_simple.py for tasks to queue
[2026-01-26T13:50:41.061+0000] {logging_mixin.py:151} INFO - [2026-01-26T13:50:41.061+0000] {dagbag.py:539} INFO - Filling up the DagBag from /opt/airflow/dags/stock_etl_simple.py
[2026-01-26T13:50:41.072+0000] {processor.py:839} INFO - DAG(s) dict_keys(['stock_etl_simple']) retrieved from /opt/airflow/dags/stock_etl_simple.py
[2026-01-26T13:50:41.097+0000] {logging_mixin.py:151} INFO - [2026-01-26T13:50:41.097+0000] {dag.py:2915} INFO - Sync 1 DAGs
[2026-01-26T13:50:41.110+0000] {logging_mixin.py:151} INFO - [2026-01-26T13:50:41.110+0000] {dag.py:3696} INFO - Setting next_dagrun for stock_etl_simple to None, run_after=None
[2026-01-26T13:50:41.151+0000] {processor.py:179} INFO - Processing /opt/airflow/dags/stock_etl_simple.py took 0.095 seconds
[2026-01-26T13:51:11.467+0000] {processor.py:157} INFO - Started process (PID=1780) to work on /opt/airflow/dags/stock_etl_simple.py
[2026-01-26T13:51:11.468+0000] {processor.py:829} INFO - Processing file /opt/airflow/dags/stock_etl_simple.py for tasks to queue
[2026-01-26T13:51:11.469+0000] {logging_mixin.py:151} INFO - [2026-01-26T13:51:11.469+0000] {dagbag.py:539} INFO - Filling up the DagBag from /opt/airflow/dags/stock_etl_simple.py
[2026-01-26T13:51:11.482+0000] {processor.py:839} INFO - DAG(s) dict_keys(['stock_etl_simple']) retrieved from /opt/airflow/dags/stock_etl_simple.py
[2026-01-26T13:51:11.514+0000] {logging_mixin.py:151} INFO - [2026-01-26T13:51:11.514+0000] {dag.py:2915} INFO - Sync 1 DAGs
[2026-01-26T13:51:11.534+0000] {logging_mixin.py:151} INFO - [2026-01-26T13:51:11.534+0000] {dag.py:3696} INFO - Setting next_dagrun for stock_etl_simple to None, run_after=None
[2026-01-26T13:51:11.574+0000] {processor.py:179} INFO - Processing /opt/airflow/dags/stock_etl_simple.py took 0.112 seconds
[2026-01-26T13:51:41.872+0000] {processor.py:157} INFO - Started process (PID=1798) to work on /opt/airflow/dags/stock_etl_simple.py
[2026-01-26T13:51:41.873+0000] {processor.py:829} INFO - Processing file /opt/airflow/dags/stock_etl_simple.py for tasks to queue
[2026-01-26T13:51:41.875+0000] {logging_mixin.py:151} INFO - [2026-01-26T13:51:41.874+0000] {dagbag.py:539} INFO - Filling up the DagBag from /opt/airflow/dags/stock_etl_simple.py
[2026-01-26T13:51:41.887+0000] {processor.py:839} INFO - DAG(s) dict_keys(['stock_etl_simple']) retrieved from /opt/airflow/dags/stock_etl_simple.py
[2026-01-26T13:51:41.915+0000] {logging_mixin.py:151} INFO - [2026-01-26T13:51:41.915+0000] {dag.py:2915} INFO - Sync 1 DAGs
[2026-01-26T13:51:41.928+0000] {logging_mixin.py:151} INFO - [2026-01-26T13:51:41.928+0000] {dag.py:3696} INFO - Setting next_dagrun for stock_etl_simple to None, run_after=None
[2026-01-26T13:51:41.956+0000] {processor.py:179} INFO - Processing /opt/airflow/dags/stock_etl_simple.py took 0.092 seconds
[2026-01-26T13:52:12.140+0000] {processor.py:157} INFO - Started process (PID=1816) to work on /opt/airflow/dags/stock_etl_simple.py
[2026-01-26T13:52:12.141+0000] {processor.py:829} INFO - Processing file /opt/airflow/dags/stock_etl_simple.py for tasks to queue
[2026-01-26T13:52:12.142+0000] {logging_mixin.py:151} INFO - [2026-01-26T13:52:12.142+0000] {dagbag.py:539} INFO - Filling up the DagBag from /opt/airflow/dags/stock_etl_simple.py
[2026-01-26T13:52:12.152+0000] {processor.py:839} INFO - DAG(s) dict_keys(['stock_etl_simple']) retrieved from /opt/airflow/dags/stock_etl_simple.py
[2026-01-26T13:52:12.177+0000] {logging_mixin.py:151} INFO - [2026-01-26T13:52:12.177+0000] {dag.py:2915} INFO - Sync 1 DAGs
[2026-01-26T13:52:12.190+0000] {logging_mixin.py:151} INFO - [2026-01-26T13:52:12.190+0000] {dag.py:3696} INFO - Setting next_dagrun for stock_etl_simple to None, run_after=None
[2026-01-26T13:52:12.210+0000] {processor.py:179} INFO - Processing /opt/airflow/dags/stock_etl_simple.py took 0.074 seconds
[2026-01-26T13:52:42.545+0000] {processor.py:157} INFO - Started process (PID=1835) to work on /opt/airflow/dags/stock_etl_simple.py
[2026-01-26T13:52:42.546+0000] {processor.py:829} INFO - Processing file /opt/airflow/dags/stock_etl_simple.py for tasks to queue
[2026-01-26T13:52:42.547+0000] {logging_mixin.py:151} INFO - [2026-01-26T13:52:42.547+0000] {dagbag.py:539} INFO - Filling up the DagBag from /opt/airflow/dags/stock_etl_simple.py
[2026-01-26T13:52:42.559+0000] {processor.py:839} INFO - DAG(s) dict_keys(['stock_etl_simple']) retrieved from /opt/airflow/dags/stock_etl_simple.py
[2026-01-26T13:52:42.585+0000] {logging_mixin.py:151} INFO - [2026-01-26T13:52:42.585+0000] {dag.py:2915} INFO - Sync 1 DAGs
[2026-01-26T13:52:42.598+0000] {logging_mixin.py:151} INFO - [2026-01-26T13:52:42.598+0000] {dag.py:3696} INFO - Setting next_dagrun for stock_etl_simple to None, run_after=None
[2026-01-26T13:52:42.620+0000] {processor.py:179} INFO - Processing /opt/airflow/dags/stock_etl_simple.py took 0.081 seconds
[2026-01-26T13:53:12.947+0000] {processor.py:157} INFO - Started process (PID=1853) to work on /opt/airflow/dags/stock_etl_simple.py
[2026-01-26T13:53:12.949+0000] {processor.py:829} INFO - Processing file /opt/airflow/dags/stock_etl_simple.py for tasks to queue
[2026-01-26T13:53:12.950+0000] {logging_mixin.py:151} INFO - [2026-01-26T13:53:12.950+0000] {dagbag.py:539} INFO - Filling up the DagBag from /opt/airflow/dags/stock_etl_simple.py
[2026-01-26T13:53:12.966+0000] {processor.py:839} INFO - DAG(s) dict_keys(['stock_etl_simple']) retrieved from /opt/airflow/dags/stock_etl_simple.py
[2026-01-26T13:53:12.991+0000] {logging_mixin.py:151} INFO - [2026-01-26T13:53:12.991+0000] {dag.py:2915} INFO - Sync 1 DAGs
[2026-01-26T13:53:13.003+0000] {logging_mixin.py:151} INFO - [2026-01-26T13:53:13.003+0000] {dag.py:3696} INFO - Setting next_dagrun for stock_etl_simple to None, run_after=None
[2026-01-26T13:53:13.025+0000] {processor.py:179} INFO - Processing /opt/airflow/dags/stock_etl_simple.py took 0.085 seconds
[2026-01-26T13:53:43.232+0000] {processor.py:157} INFO - Started process (PID=1871) to work on /opt/airflow/dags/stock_etl_simple.py
[2026-01-26T13:53:43.233+0000] {processor.py:829} INFO - Processing file /opt/airflow/dags/stock_etl_simple.py for tasks to queue
[2026-01-26T13:53:43.234+0000] {logging_mixin.py:151} INFO - [2026-01-26T13:53:43.234+0000] {dagbag.py:539} INFO - Filling up the DagBag from /opt/airflow/dags/stock_etl_simple.py
[2026-01-26T13:53:43.251+0000] {processor.py:839} INFO - DAG(s) dict_keys(['stock_etl_simple']) retrieved from /opt/airflow/dags/stock_etl_simple.py
[2026-01-26T13:53:43.279+0000] {logging_mixin.py:151} INFO - [2026-01-26T13:53:43.279+0000] {dag.py:2915} INFO - Sync 1 DAGs
[2026-01-26T13:53:43.293+0000] {logging_mixin.py:151} INFO - [2026-01-26T13:53:43.293+0000] {dag.py:3696} INFO - Setting next_dagrun for stock_etl_simple to None, run_after=None
[2026-01-26T13:53:43.316+0000] {processor.py:179} INFO - Processing /opt/airflow/dags/stock_etl_simple.py took 0.088 seconds
[2026-01-26T13:54:13.630+0000] {processor.py:157} INFO - Started process (PID=1881) to work on /opt/airflow/dags/stock_etl_simple.py
[2026-01-26T13:54:13.632+0000] {processor.py:829} INFO - Processing file /opt/airflow/dags/stock_etl_simple.py for tasks to queue
[2026-01-26T13:54:13.634+0000] {logging_mixin.py:151} INFO - [2026-01-26T13:54:13.633+0000] {dagbag.py:539} INFO - Filling up the DagBag from /opt/airflow/dags/stock_etl_simple.py
[2026-01-26T13:54:13.650+0000] {processor.py:839} INFO - DAG(s) dict_keys(['stock_etl_simple']) retrieved from /opt/airflow/dags/stock_etl_simple.py
[2026-01-26T13:54:13.677+0000] {logging_mixin.py:151} INFO - [2026-01-26T13:54:13.677+0000] {dag.py:2915} INFO - Sync 1 DAGs
[2026-01-26T13:54:13.690+0000] {logging_mixin.py:151} INFO - [2026-01-26T13:54:13.689+0000] {dag.py:3696} INFO - Setting next_dagrun for stock_etl_simple to None, run_after=None
[2026-01-26T13:54:13.711+0000] {processor.py:179} INFO - Processing /opt/airflow/dags/stock_etl_simple.py took 0.092 seconds
[2026-01-26T13:54:44.004+0000] {processor.py:157} INFO - Started process (PID=1899) to work on /opt/airflow/dags/stock_etl_simple.py
[2026-01-26T13:54:44.005+0000] {processor.py:829} INFO - Processing file /opt/airflow/dags/stock_etl_simple.py for tasks to queue
[2026-01-26T13:54:44.006+0000] {logging_mixin.py:151} INFO - [2026-01-26T13:54:44.006+0000] {dagbag.py:539} INFO - Filling up the DagBag from /opt/airflow/dags/stock_etl_simple.py
[2026-01-26T13:54:44.018+0000] {processor.py:839} INFO - DAG(s) dict_keys(['stock_etl_simple']) retrieved from /opt/airflow/dags/stock_etl_simple.py
[2026-01-26T13:54:44.043+0000] {logging_mixin.py:151} INFO - [2026-01-26T13:54:44.043+0000] {dag.py:2915} INFO - Sync 1 DAGs
[2026-01-26T13:54:44.055+0000] {logging_mixin.py:151} INFO - [2026-01-26T13:54:44.055+0000] {dag.py:3696} INFO - Setting next_dagrun for stock_etl_simple to None, run_after=None
[2026-01-26T13:54:44.096+0000] {processor.py:179} INFO - Processing /opt/airflow/dags/stock_etl_simple.py took 0.097 seconds
[2026-01-26T13:55:14.301+0000] {processor.py:157} INFO - Started process (PID=1917) to work on /opt/airflow/dags/stock_etl_simple.py
[2026-01-26T13:55:14.302+0000] {processor.py:829} INFO - Processing file /opt/airflow/dags/stock_etl_simple.py for tasks to queue
[2026-01-26T13:55:14.303+0000] {logging_mixin.py:151} INFO - [2026-01-26T13:55:14.303+0000] {dagbag.py:539} INFO - Filling up the DagBag from /opt/airflow/dags/stock_etl_simple.py
[2026-01-26T13:55:14.317+0000] {processor.py:839} INFO - DAG(s) dict_keys(['stock_etl_simple']) retrieved from /opt/airflow/dags/stock_etl_simple.py
[2026-01-26T13:55:14.342+0000] {logging_mixin.py:151} INFO - [2026-01-26T13:55:14.342+0000] {dag.py:2915} INFO - Sync 1 DAGs
[2026-01-26T13:55:14.355+0000] {logging_mixin.py:151} INFO - [2026-01-26T13:55:14.355+0000] {dag.py:3696} INFO - Setting next_dagrun for stock_etl_simple to None, run_after=None
[2026-01-26T13:55:14.377+0000] {processor.py:179} INFO - Processing /opt/airflow/dags/stock_etl_simple.py took 0.080 seconds
[2026-01-26T13:55:44.639+0000] {processor.py:157} INFO - Started process (PID=1935) to work on /opt/airflow/dags/stock_etl_simple.py
[2026-01-26T13:55:44.640+0000] {processor.py:829} INFO - Processing file /opt/airflow/dags/stock_etl_simple.py for tasks to queue
[2026-01-26T13:55:44.641+0000] {logging_mixin.py:151} INFO - [2026-01-26T13:55:44.641+0000] {dagbag.py:539} INFO - Filling up the DagBag from /opt/airflow/dags/stock_etl_simple.py
[2026-01-26T13:55:44.653+0000] {processor.py:839} INFO - DAG(s) dict_keys(['stock_etl_simple']) retrieved from /opt/airflow/dags/stock_etl_simple.py
[2026-01-26T13:55:44.688+0000] {logging_mixin.py:151} INFO - [2026-01-26T13:55:44.688+0000] {dag.py:2915} INFO - Sync 1 DAGs
[2026-01-26T13:55:44.700+0000] {logging_mixin.py:151} INFO - [2026-01-26T13:55:44.700+0000] {dag.py:3696} INFO - Setting next_dagrun for stock_etl_simple to None, run_after=None
[2026-01-26T13:55:44.725+0000] {processor.py:179} INFO - Processing /opt/airflow/dags/stock_etl_simple.py took 0.091 seconds
[2026-01-26T13:56:15.011+0000] {processor.py:157} INFO - Started process (PID=1953) to work on /opt/airflow/dags/stock_etl_simple.py
[2026-01-26T13:56:15.012+0000] {processor.py:829} INFO - Processing file /opt/airflow/dags/stock_etl_simple.py for tasks to queue
[2026-01-26T13:56:15.014+0000] {logging_mixin.py:151} INFO - [2026-01-26T13:56:15.013+0000] {dagbag.py:539} INFO - Filling up the DagBag from /opt/airflow/dags/stock_etl_simple.py
[2026-01-26T13:56:15.025+0000] {processor.py:839} INFO - DAG(s) dict_keys(['stock_etl_simple']) retrieved from /opt/airflow/dags/stock_etl_simple.py
[2026-01-26T13:56:15.051+0000] {logging_mixin.py:151} INFO - [2026-01-26T13:56:15.051+0000] {dag.py:2915} INFO - Sync 1 DAGs
[2026-01-26T13:56:15.064+0000] {logging_mixin.py:151} INFO - [2026-01-26T13:56:15.063+0000] {dag.py:3696} INFO - Setting next_dagrun for stock_etl_simple to None, run_after=None
[2026-01-26T13:56:15.087+0000] {processor.py:179} INFO - Processing /opt/airflow/dags/stock_etl_simple.py took 0.080 seconds
[2026-01-26T13:56:45.360+0000] {processor.py:157} INFO - Started process (PID=1972) to work on /opt/airflow/dags/stock_etl_simple.py
[2026-01-26T13:56:45.362+0000] {processor.py:829} INFO - Processing file /opt/airflow/dags/stock_etl_simple.py for tasks to queue
[2026-01-26T13:56:45.364+0000] {logging_mixin.py:151} INFO - [2026-01-26T13:56:45.363+0000] {dagbag.py:539} INFO - Filling up the DagBag from /opt/airflow/dags/stock_etl_simple.py
[2026-01-26T13:56:45.379+0000] {processor.py:839} INFO - DAG(s) dict_keys(['stock_etl_simple']) retrieved from /opt/airflow/dags/stock_etl_simple.py
[2026-01-26T13:56:45.410+0000] {logging_mixin.py:151} INFO - [2026-01-26T13:56:45.410+0000] {dag.py:2915} INFO - Sync 1 DAGs
[2026-01-26T13:56:45.425+0000] {logging_mixin.py:151} INFO - [2026-01-26T13:56:45.425+0000] {dag.py:3696} INFO - Setting next_dagrun for stock_etl_simple to None, run_after=None
[2026-01-26T13:56:45.447+0000] {processor.py:179} INFO - Processing /opt/airflow/dags/stock_etl_simple.py took 0.092 seconds
[2026-01-26T13:57:15.695+0000] {processor.py:157} INFO - Started process (PID=1991) to work on /opt/airflow/dags/stock_etl_simple.py
[2026-01-26T13:57:15.696+0000] {processor.py:829} INFO - Processing file /opt/airflow/dags/stock_etl_simple.py for tasks to queue
[2026-01-26T13:57:15.698+0000] {logging_mixin.py:151} INFO - [2026-01-26T13:57:15.697+0000] {dagbag.py:539} INFO - Filling up the DagBag from /opt/airflow/dags/stock_etl_simple.py
[2026-01-26T13:57:15.709+0000] {processor.py:839} INFO - DAG(s) dict_keys(['stock_etl_simple']) retrieved from /opt/airflow/dags/stock_etl_simple.py
[2026-01-26T13:57:15.737+0000] {logging_mixin.py:151} INFO - [2026-01-26T13:57:15.737+0000] {dag.py:2915} INFO - Sync 1 DAGs
[2026-01-26T13:57:15.749+0000] {logging_mixin.py:151} INFO - [2026-01-26T13:57:15.749+0000] {dag.py:3696} INFO - Setting next_dagrun for stock_etl_simple to None, run_after=None
[2026-01-26T13:57:15.771+0000] {processor.py:179} INFO - Processing /opt/airflow/dags/stock_etl_simple.py took 0.080 seconds
[2026-01-26T13:57:46.072+0000] {processor.py:157} INFO - Started process (PID=2009) to work on /opt/airflow/dags/stock_etl_simple.py
[2026-01-26T13:57:46.073+0000] {processor.py:829} INFO - Processing file /opt/airflow/dags/stock_etl_simple.py for tasks to queue
[2026-01-26T13:57:46.075+0000] {logging_mixin.py:151} INFO - [2026-01-26T13:57:46.074+0000] {dagbag.py:539} INFO - Filling up the DagBag from /opt/airflow/dags/stock_etl_simple.py
[2026-01-26T13:57:46.087+0000] {processor.py:839} INFO - DAG(s) dict_keys(['stock_etl_simple']) retrieved from /opt/airflow/dags/stock_etl_simple.py
[2026-01-26T13:57:46.113+0000] {logging_mixin.py:151} INFO - [2026-01-26T13:57:46.112+0000] {dag.py:2915} INFO - Sync 1 DAGs
[2026-01-26T13:57:46.125+0000] {logging_mixin.py:151} INFO - [2026-01-26T13:57:46.125+0000] {dag.py:3696} INFO - Setting next_dagrun for stock_etl_simple to None, run_after=None
[2026-01-26T13:57:46.147+0000] {processor.py:179} INFO - Processing /opt/airflow/dags/stock_etl_simple.py took 0.081 seconds
[2026-01-26T13:58:16.425+0000] {processor.py:157} INFO - Started process (PID=2027) to work on /opt/airflow/dags/stock_etl_simple.py
[2026-01-26T13:58:16.427+0000] {processor.py:829} INFO - Processing file /opt/airflow/dags/stock_etl_simple.py for tasks to queue
[2026-01-26T13:58:16.429+0000] {logging_mixin.py:151} INFO - [2026-01-26T13:58:16.428+0000] {dagbag.py:539} INFO - Filling up the DagBag from /opt/airflow/dags/stock_etl_simple.py
[2026-01-26T13:58:16.444+0000] {processor.py:839} INFO - DAG(s) dict_keys(['stock_etl_simple']) retrieved from /opt/airflow/dags/stock_etl_simple.py
[2026-01-26T13:58:16.485+0000] {logging_mixin.py:151} INFO - [2026-01-26T13:58:16.485+0000] {dag.py:2915} INFO - Sync 1 DAGs
[2026-01-26T13:58:16.500+0000] {logging_mixin.py:151} INFO - [2026-01-26T13:58:16.500+0000] {dag.py:3696} INFO - Setting next_dagrun for stock_etl_simple to None, run_after=None
[2026-01-26T13:58:16.526+0000] {processor.py:179} INFO - Processing /opt/airflow/dags/stock_etl_simple.py took 0.106 seconds
[2026-01-26T13:58:46.761+0000] {processor.py:157} INFO - Started process (PID=2045) to work on /opt/airflow/dags/stock_etl_simple.py
[2026-01-26T13:58:46.762+0000] {processor.py:829} INFO - Processing file /opt/airflow/dags/stock_etl_simple.py for tasks to queue
[2026-01-26T13:58:46.763+0000] {logging_mixin.py:151} INFO - [2026-01-26T13:58:46.763+0000] {dagbag.py:539} INFO - Filling up the DagBag from /opt/airflow/dags/stock_etl_simple.py
[2026-01-26T13:58:46.775+0000] {processor.py:839} INFO - DAG(s) dict_keys(['stock_etl_simple']) retrieved from /opt/airflow/dags/stock_etl_simple.py
[2026-01-26T13:58:46.801+0000] {logging_mixin.py:151} INFO - [2026-01-26T13:58:46.801+0000] {dag.py:2915} INFO - Sync 1 DAGs
[2026-01-26T13:58:46.815+0000] {logging_mixin.py:151} INFO - [2026-01-26T13:58:46.815+0000] {dag.py:3696} INFO - Setting next_dagrun for stock_etl_simple to None, run_after=None
[2026-01-26T13:58:46.854+0000] {processor.py:179} INFO - Processing /opt/airflow/dags/stock_etl_simple.py took 0.098 seconds
[2026-01-26T13:59:17.156+0000] {processor.py:157} INFO - Started process (PID=2063) to work on /opt/airflow/dags/stock_etl_simple.py
[2026-01-26T13:59:17.157+0000] {processor.py:829} INFO - Processing file /opt/airflow/dags/stock_etl_simple.py for tasks to queue
[2026-01-26T13:59:17.158+0000] {logging_mixin.py:151} INFO - [2026-01-26T13:59:17.158+0000] {dagbag.py:539} INFO - Filling up the DagBag from /opt/airflow/dags/stock_etl_simple.py
[2026-01-26T13:59:17.170+0000] {processor.py:839} INFO - DAG(s) dict_keys(['stock_etl_simple']) retrieved from /opt/airflow/dags/stock_etl_simple.py
[2026-01-26T13:59:17.194+0000] {logging_mixin.py:151} INFO - [2026-01-26T13:59:17.194+0000] {dag.py:2915} INFO - Sync 1 DAGs
[2026-01-26T13:59:17.207+0000] {logging_mixin.py:151} INFO - [2026-01-26T13:59:17.207+0000] {dag.py:3696} INFO - Setting next_dagrun for stock_etl_simple to None, run_after=None
[2026-01-26T13:59:17.228+0000] {processor.py:179} INFO - Processing /opt/airflow/dags/stock_etl_simple.py took 0.077 seconds
[2026-01-26T13:59:47.523+0000] {processor.py:157} INFO - Started process (PID=2081) to work on /opt/airflow/dags/stock_etl_simple.py
[2026-01-26T13:59:47.524+0000] {processor.py:829} INFO - Processing file /opt/airflow/dags/stock_etl_simple.py for tasks to queue
[2026-01-26T13:59:47.526+0000] {logging_mixin.py:151} INFO - [2026-01-26T13:59:47.525+0000] {dagbag.py:539} INFO - Filling up the DagBag from /opt/airflow/dags/stock_etl_simple.py
[2026-01-26T13:59:47.540+0000] {processor.py:839} INFO - DAG(s) dict_keys(['stock_etl_simple']) retrieved from /opt/airflow/dags/stock_etl_simple.py
[2026-01-26T13:59:47.581+0000] {logging_mixin.py:151} INFO - [2026-01-26T13:59:47.581+0000] {dag.py:2915} INFO - Sync 1 DAGs
[2026-01-26T13:59:47.594+0000] {logging_mixin.py:151} INFO - [2026-01-26T13:59:47.594+0000] {dag.py:3696} INFO - Setting next_dagrun for stock_etl_simple to None, run_after=None
[2026-01-26T13:59:47.620+0000] {processor.py:179} INFO - Processing /opt/airflow/dags/stock_etl_simple.py took 0.101 seconds
[2026-01-26T14:00:17.855+0000] {processor.py:157} INFO - Started process (PID=2099) to work on /opt/airflow/dags/stock_etl_simple.py
[2026-01-26T14:00:17.856+0000] {processor.py:829} INFO - Processing file /opt/airflow/dags/stock_etl_simple.py for tasks to queue
[2026-01-26T14:00:17.857+0000] {logging_mixin.py:151} INFO - [2026-01-26T14:00:17.857+0000] {dagbag.py:539} INFO - Filling up the DagBag from /opt/airflow/dags/stock_etl_simple.py
[2026-01-26T14:00:17.868+0000] {processor.py:839} INFO - DAG(s) dict_keys(['stock_etl_simple']) retrieved from /opt/airflow/dags/stock_etl_simple.py
[2026-01-26T14:00:17.893+0000] {logging_mixin.py:151} INFO - [2026-01-26T14:00:17.892+0000] {dag.py:2915} INFO - Sync 1 DAGs
[2026-01-26T14:00:17.905+0000] {logging_mixin.py:151} INFO - [2026-01-26T14:00:17.905+0000] {dag.py:3696} INFO - Setting next_dagrun for stock_etl_simple to None, run_after=None
[2026-01-26T14:00:17.927+0000] {processor.py:179} INFO - Processing /opt/airflow/dags/stock_etl_simple.py took 0.077 seconds
[2026-01-26T14:00:48.241+0000] {processor.py:157} INFO - Started process (PID=2117) to work on /opt/airflow/dags/stock_etl_simple.py
[2026-01-26T14:00:48.242+0000] {processor.py:829} INFO - Processing file /opt/airflow/dags/stock_etl_simple.py for tasks to queue
[2026-01-26T14:00:48.243+0000] {logging_mixin.py:151} INFO - [2026-01-26T14:00:48.243+0000] {dagbag.py:539} INFO - Filling up the DagBag from /opt/airflow/dags/stock_etl_simple.py
[2026-01-26T14:00:48.254+0000] {processor.py:839} INFO - DAG(s) dict_keys(['stock_etl_simple']) retrieved from /opt/airflow/dags/stock_etl_simple.py
[2026-01-26T14:00:48.288+0000] {logging_mixin.py:151} INFO - [2026-01-26T14:00:48.288+0000] {dag.py:2915} INFO - Sync 1 DAGs
[2026-01-26T14:00:48.303+0000] {logging_mixin.py:151} INFO - [2026-01-26T14:00:48.302+0000] {dag.py:3696} INFO - Setting next_dagrun for stock_etl_simple to None, run_after=None
[2026-01-26T14:00:48.326+0000] {processor.py:179} INFO - Processing /opt/airflow/dags/stock_etl_simple.py took 0.093 seconds
[2026-01-26T14:01:18.605+0000] {processor.py:157} INFO - Started process (PID=2135) to work on /opt/airflow/dags/stock_etl_simple.py
[2026-01-26T14:01:18.606+0000] {processor.py:829} INFO - Processing file /opt/airflow/dags/stock_etl_simple.py for tasks to queue
[2026-01-26T14:01:18.608+0000] {logging_mixin.py:151} INFO - [2026-01-26T14:01:18.607+0000] {dagbag.py:539} INFO - Filling up the DagBag from /opt/airflow/dags/stock_etl_simple.py
[2026-01-26T14:01:18.624+0000] {processor.py:839} INFO - DAG(s) dict_keys(['stock_etl_simple']) retrieved from /opt/airflow/dags/stock_etl_simple.py
[2026-01-26T14:01:18.667+0000] {logging_mixin.py:151} INFO - [2026-01-26T14:01:18.667+0000] {dag.py:2915} INFO - Sync 1 DAGs
[2026-01-26T14:01:18.688+0000] {logging_mixin.py:151} INFO - [2026-01-26T14:01:18.688+0000] {dag.py:3696} INFO - Setting next_dagrun for stock_etl_simple to None, run_after=None
[2026-01-26T14:01:18.716+0000] {processor.py:179} INFO - Processing /opt/airflow/dags/stock_etl_simple.py took 0.117 seconds
[2026-01-26T14:01:48.925+0000] {processor.py:157} INFO - Started process (PID=2153) to work on /opt/airflow/dags/stock_etl_simple.py
[2026-01-26T14:01:48.927+0000] {processor.py:829} INFO - Processing file /opt/airflow/dags/stock_etl_simple.py for tasks to queue
[2026-01-26T14:01:48.928+0000] {logging_mixin.py:151} INFO - [2026-01-26T14:01:48.927+0000] {dagbag.py:539} INFO - Filling up the DagBag from /opt/airflow/dags/stock_etl_simple.py
[2026-01-26T14:01:48.942+0000] {processor.py:839} INFO - DAG(s) dict_keys(['stock_etl_simple']) retrieved from /opt/airflow/dags/stock_etl_simple.py
[2026-01-26T14:01:48.974+0000] {logging_mixin.py:151} INFO - [2026-01-26T14:01:48.973+0000] {dag.py:2915} INFO - Sync 1 DAGs
[2026-01-26T14:01:48.987+0000] {logging_mixin.py:151} INFO - [2026-01-26T14:01:48.987+0000] {dag.py:3696} INFO - Setting next_dagrun for stock_etl_simple to None, run_after=None
[2026-01-26T14:01:49.011+0000] {processor.py:179} INFO - Processing /opt/airflow/dags/stock_etl_simple.py took 0.090 seconds
[2026-01-26T14:02:19.307+0000] {processor.py:157} INFO - Started process (PID=2170) to work on /opt/airflow/dags/stock_etl_simple.py
[2026-01-26T14:02:19.308+0000] {processor.py:829} INFO - Processing file /opt/airflow/dags/stock_etl_simple.py for tasks to queue
[2026-01-26T14:02:19.309+0000] {logging_mixin.py:151} INFO - [2026-01-26T14:02:19.308+0000] {dagbag.py:539} INFO - Filling up the DagBag from /opt/airflow/dags/stock_etl_simple.py
[2026-01-26T14:02:19.323+0000] {processor.py:839} INFO - DAG(s) dict_keys(['stock_etl_simple']) retrieved from /opt/airflow/dags/stock_etl_simple.py
[2026-01-26T14:02:19.352+0000] {logging_mixin.py:151} INFO - [2026-01-26T14:02:19.352+0000] {dag.py:2915} INFO - Sync 1 DAGs
[2026-01-26T14:02:19.365+0000] {logging_mixin.py:151} INFO - [2026-01-26T14:02:19.364+0000] {dag.py:3696} INFO - Setting next_dagrun for stock_etl_simple to None, run_after=None
[2026-01-26T14:02:19.388+0000] {processor.py:179} INFO - Processing /opt/airflow/dags/stock_etl_simple.py took 0.085 seconds
[2026-01-26T14:02:49.691+0000] {processor.py:157} INFO - Started process (PID=2181) to work on /opt/airflow/dags/stock_etl_simple.py
[2026-01-26T14:02:49.693+0000] {processor.py:829} INFO - Processing file /opt/airflow/dags/stock_etl_simple.py for tasks to queue
[2026-01-26T14:02:49.694+0000] {logging_mixin.py:151} INFO - [2026-01-26T14:02:49.694+0000] {dagbag.py:539} INFO - Filling up the DagBag from /opt/airflow/dags/stock_etl_simple.py
[2026-01-26T14:02:49.712+0000] {processor.py:839} INFO - DAG(s) dict_keys(['stock_etl_simple']) retrieved from /opt/airflow/dags/stock_etl_simple.py
[2026-01-26T14:02:49.749+0000] {logging_mixin.py:151} INFO - [2026-01-26T14:02:49.749+0000] {dag.py:2915} INFO - Sync 1 DAGs
[2026-01-26T14:02:49.771+0000] {logging_mixin.py:151} INFO - [2026-01-26T14:02:49.771+0000] {dag.py:3696} INFO - Setting next_dagrun for stock_etl_simple to None, run_after=None
[2026-01-26T14:02:49.797+0000] {processor.py:179} INFO - Processing /opt/airflow/dags/stock_etl_simple.py took 0.111 seconds
[2026-01-26T14:03:20.031+0000] {processor.py:157} INFO - Started process (PID=2199) to work on /opt/airflow/dags/stock_etl_simple.py
[2026-01-26T14:03:20.032+0000] {processor.py:829} INFO - Processing file /opt/airflow/dags/stock_etl_simple.py for tasks to queue
[2026-01-26T14:03:20.034+0000] {logging_mixin.py:151} INFO - [2026-01-26T14:03:20.034+0000] {dagbag.py:539} INFO - Filling up the DagBag from /opt/airflow/dags/stock_etl_simple.py
[2026-01-26T14:03:20.046+0000] {processor.py:839} INFO - DAG(s) dict_keys(['stock_etl_simple']) retrieved from /opt/airflow/dags/stock_etl_simple.py
[2026-01-26T14:03:20.073+0000] {logging_mixin.py:151} INFO - [2026-01-26T14:03:20.073+0000] {dag.py:2915} INFO - Sync 1 DAGs
[2026-01-26T14:03:20.086+0000] {logging_mixin.py:151} INFO - [2026-01-26T14:03:20.085+0000] {dag.py:3696} INFO - Setting next_dagrun for stock_etl_simple to None, run_after=None
[2026-01-26T14:03:20.107+0000] {processor.py:179} INFO - Processing /opt/airflow/dags/stock_etl_simple.py took 0.084 seconds
[2026-01-26T14:03:50.388+0000] {processor.py:157} INFO - Started process (PID=2217) to work on /opt/airflow/dags/stock_etl_simple.py
[2026-01-26T14:03:50.389+0000] {processor.py:829} INFO - Processing file /opt/airflow/dags/stock_etl_simple.py for tasks to queue
[2026-01-26T14:03:50.391+0000] {logging_mixin.py:151} INFO - [2026-01-26T14:03:50.390+0000] {dagbag.py:539} INFO - Filling up the DagBag from /opt/airflow/dags/stock_etl_simple.py
[2026-01-26T14:03:50.402+0000] {processor.py:839} INFO - DAG(s) dict_keys(['stock_etl_simple']) retrieved from /opt/airflow/dags/stock_etl_simple.py
[2026-01-26T14:03:50.430+0000] {logging_mixin.py:151} INFO - [2026-01-26T14:03:50.429+0000] {dag.py:2915} INFO - Sync 1 DAGs
[2026-01-26T14:03:50.442+0000] {logging_mixin.py:151} INFO - [2026-01-26T14:03:50.442+0000] {dag.py:3696} INFO - Setting next_dagrun for stock_etl_simple to None, run_after=None
[2026-01-26T14:03:50.464+0000] {processor.py:179} INFO - Processing /opt/airflow/dags/stock_etl_simple.py took 0.081 seconds
[2026-01-26T14:04:20.768+0000] {processor.py:157} INFO - Started process (PID=2235) to work on /opt/airflow/dags/stock_etl_simple.py
[2026-01-26T14:04:20.768+0000] {processor.py:829} INFO - Processing file /opt/airflow/dags/stock_etl_simple.py for tasks to queue
[2026-01-26T14:04:20.770+0000] {logging_mixin.py:151} INFO - [2026-01-26T14:04:20.769+0000] {dagbag.py:539} INFO - Filling up the DagBag from /opt/airflow/dags/stock_etl_simple.py
[2026-01-26T14:04:20.783+0000] {processor.py:839} INFO - DAG(s) dict_keys(['stock_etl_simple']) retrieved from /opt/airflow/dags/stock_etl_simple.py
[2026-01-26T14:04:20.826+0000] {logging_mixin.py:151} INFO - [2026-01-26T14:04:20.826+0000] {dag.py:2915} INFO - Sync 1 DAGs
[2026-01-26T14:04:20.849+0000] {logging_mixin.py:151} INFO - [2026-01-26T14:04:20.849+0000] {dag.py:3696} INFO - Setting next_dagrun for stock_etl_simple to None, run_after=None
[2026-01-26T14:04:20.876+0000] {processor.py:179} INFO - Processing /opt/airflow/dags/stock_etl_simple.py took 0.113 seconds
[2026-01-26T14:04:51.058+0000] {processor.py:157} INFO - Started process (PID=2253) to work on /opt/airflow/dags/stock_etl_simple.py
[2026-01-26T14:04:51.059+0000] {processor.py:829} INFO - Processing file /opt/airflow/dags/stock_etl_simple.py for tasks to queue
[2026-01-26T14:04:51.061+0000] {logging_mixin.py:151} INFO - [2026-01-26T14:04:51.060+0000] {dagbag.py:539} INFO - Filling up the DagBag from /opt/airflow/dags/stock_etl_simple.py
[2026-01-26T14:04:51.071+0000] {processor.py:839} INFO - DAG(s) dict_keys(['stock_etl_simple']) retrieved from /opt/airflow/dags/stock_etl_simple.py
[2026-01-26T14:04:51.097+0000] {logging_mixin.py:151} INFO - [2026-01-26T14:04:51.097+0000] {dag.py:2915} INFO - Sync 1 DAGs
[2026-01-26T14:04:51.110+0000] {logging_mixin.py:151} INFO - [2026-01-26T14:04:51.109+0000] {dag.py:3696} INFO - Setting next_dagrun for stock_etl_simple to None, run_after=None
[2026-01-26T14:04:51.132+0000] {processor.py:179} INFO - Processing /opt/airflow/dags/stock_etl_simple.py took 0.081 seconds
[2026-01-26T14:05:21.460+0000] {processor.py:157} INFO - Started process (PID=2271) to work on /opt/airflow/dags/stock_etl_simple.py
[2026-01-26T14:05:21.462+0000] {processor.py:829} INFO - Processing file /opt/airflow/dags/stock_etl_simple.py for tasks to queue
[2026-01-26T14:05:21.464+0000] {logging_mixin.py:151} INFO - [2026-01-26T14:05:21.463+0000] {dagbag.py:539} INFO - Filling up the DagBag from /opt/airflow/dags/stock_etl_simple.py
[2026-01-26T14:05:21.488+0000] {processor.py:839} INFO - DAG(s) dict_keys(['stock_etl_simple']) retrieved from /opt/airflow/dags/stock_etl_simple.py
[2026-01-26T14:05:21.518+0000] {logging_mixin.py:151} INFO - [2026-01-26T14:05:21.518+0000] {dag.py:2915} INFO - Sync 1 DAGs
[2026-01-26T14:05:21.530+0000] {logging_mixin.py:151} INFO - [2026-01-26T14:05:21.530+0000] {dag.py:3696} INFO - Setting next_dagrun for stock_etl_simple to None, run_after=None
[2026-01-26T14:05:21.554+0000] {processor.py:179} INFO - Processing /opt/airflow/dags/stock_etl_simple.py took 0.103 seconds
[2026-01-26T14:05:51.831+0000] {processor.py:157} INFO - Started process (PID=2289) to work on /opt/airflow/dags/stock_etl_simple.py
[2026-01-26T14:05:51.832+0000] {processor.py:829} INFO - Processing file /opt/airflow/dags/stock_etl_simple.py for tasks to queue
[2026-01-26T14:05:51.834+0000] {logging_mixin.py:151} INFO - [2026-01-26T14:05:51.833+0000] {dagbag.py:539} INFO - Filling up the DagBag from /opt/airflow/dags/stock_etl_simple.py
[2026-01-26T14:05:51.848+0000] {processor.py:839} INFO - DAG(s) dict_keys(['stock_etl_simple']) retrieved from /opt/airflow/dags/stock_etl_simple.py
[2026-01-26T14:05:51.884+0000] {logging_mixin.py:151} INFO - [2026-01-26T14:05:51.884+0000] {dag.py:2915} INFO - Sync 1 DAGs
[2026-01-26T14:05:51.906+0000] {logging_mixin.py:151} INFO - [2026-01-26T14:05:51.906+0000] {dag.py:3696} INFO - Setting next_dagrun for stock_etl_simple to None, run_after=None
[2026-01-26T14:05:51.936+0000] {processor.py:179} INFO - Processing /opt/airflow/dags/stock_etl_simple.py took 0.109 seconds
[2026-01-26T14:06:22.090+0000] {processor.py:157} INFO - Started process (PID=2307) to work on /opt/airflow/dags/stock_etl_simple.py
[2026-01-26T14:06:22.091+0000] {processor.py:829} INFO - Processing file /opt/airflow/dags/stock_etl_simple.py for tasks to queue
[2026-01-26T14:06:22.092+0000] {logging_mixin.py:151} INFO - [2026-01-26T14:06:22.092+0000] {dagbag.py:539} INFO - Filling up the DagBag from /opt/airflow/dags/stock_etl_simple.py
[2026-01-26T14:06:22.103+0000] {processor.py:839} INFO - DAG(s) dict_keys(['stock_etl_simple']) retrieved from /opt/airflow/dags/stock_etl_simple.py
[2026-01-26T14:06:22.129+0000] {logging_mixin.py:151} INFO - [2026-01-26T14:06:22.129+0000] {dag.py:2915} INFO - Sync 1 DAGs
[2026-01-26T14:06:22.142+0000] {logging_mixin.py:151} INFO - [2026-01-26T14:06:22.141+0000] {dag.py:3696} INFO - Setting next_dagrun for stock_etl_simple to None, run_after=None
[2026-01-26T14:06:22.163+0000] {processor.py:179} INFO - Processing /opt/airflow/dags/stock_etl_simple.py took 0.077 seconds
[2026-01-26T14:06:52.465+0000] {processor.py:157} INFO - Started process (PID=2325) to work on /opt/airflow/dags/stock_etl_simple.py
[2026-01-26T14:06:52.466+0000] {processor.py:829} INFO - Processing file /opt/airflow/dags/stock_etl_simple.py for tasks to queue
[2026-01-26T14:06:52.468+0000] {logging_mixin.py:151} INFO - [2026-01-26T14:06:52.467+0000] {dagbag.py:539} INFO - Filling up the DagBag from /opt/airflow/dags/stock_etl_simple.py
[2026-01-26T14:06:52.480+0000] {processor.py:839} INFO - DAG(s) dict_keys(['stock_etl_simple']) retrieved from /opt/airflow/dags/stock_etl_simple.py
[2026-01-26T14:06:52.505+0000] {logging_mixin.py:151} INFO - [2026-01-26T14:06:52.505+0000] {dag.py:2915} INFO - Sync 1 DAGs
[2026-01-26T14:06:52.518+0000] {logging_mixin.py:151} INFO - [2026-01-26T14:06:52.518+0000] {dag.py:3696} INFO - Setting next_dagrun for stock_etl_simple to None, run_after=None
[2026-01-26T14:06:52.541+0000] {processor.py:179} INFO - Processing /opt/airflow/dags/stock_etl_simple.py took 0.083 seconds
[2026-01-26T14:07:22.847+0000] {processor.py:157} INFO - Started process (PID=2343) to work on /opt/airflow/dags/stock_etl_simple.py
[2026-01-26T14:07:22.848+0000] {processor.py:829} INFO - Processing file /opt/airflow/dags/stock_etl_simple.py for tasks to queue
[2026-01-26T14:07:22.849+0000] {logging_mixin.py:151} INFO - [2026-01-26T14:07:22.849+0000] {dagbag.py:539} INFO - Filling up the DagBag from /opt/airflow/dags/stock_etl_simple.py
[2026-01-26T14:07:22.861+0000] {processor.py:839} INFO - DAG(s) dict_keys(['stock_etl_simple']) retrieved from /opt/airflow/dags/stock_etl_simple.py
[2026-01-26T14:07:22.886+0000] {logging_mixin.py:151} INFO - [2026-01-26T14:07:22.886+0000] {dag.py:2915} INFO - Sync 1 DAGs
[2026-01-26T14:07:22.901+0000] {logging_mixin.py:151} INFO - [2026-01-26T14:07:22.901+0000] {dag.py:3696} INFO - Setting next_dagrun for stock_etl_simple to None, run_after=None
[2026-01-26T14:07:22.924+0000] {processor.py:179} INFO - Processing /opt/airflow/dags/stock_etl_simple.py took 0.084 seconds
[2026-01-26T14:07:53.088+0000] {processor.py:157} INFO - Started process (PID=2361) to work on /opt/airflow/dags/stock_etl_simple.py
[2026-01-26T14:07:53.089+0000] {processor.py:829} INFO - Processing file /opt/airflow/dags/stock_etl_simple.py for tasks to queue
[2026-01-26T14:07:53.091+0000] {logging_mixin.py:151} INFO - [2026-01-26T14:07:53.090+0000] {dagbag.py:539} INFO - Filling up the DagBag from /opt/airflow/dags/stock_etl_simple.py
[2026-01-26T14:07:53.103+0000] {processor.py:839} INFO - DAG(s) dict_keys(['stock_etl_simple']) retrieved from /opt/airflow/dags/stock_etl_simple.py
[2026-01-26T14:07:53.132+0000] {logging_mixin.py:151} INFO - [2026-01-26T14:07:53.132+0000] {dag.py:2915} INFO - Sync 1 DAGs
[2026-01-26T14:07:53.144+0000] {logging_mixin.py:151} INFO - [2026-01-26T14:07:53.144+0000] {dag.py:3696} INFO - Setting next_dagrun for stock_etl_simple to None, run_after=None
[2026-01-26T14:07:53.166+0000] {processor.py:179} INFO - Processing /opt/airflow/dags/stock_etl_simple.py took 0.083 seconds
[2026-01-26T14:08:23.494+0000] {processor.py:157} INFO - Started process (PID=2379) to work on /opt/airflow/dags/stock_etl_simple.py
[2026-01-26T14:08:23.496+0000] {processor.py:829} INFO - Processing file /opt/airflow/dags/stock_etl_simple.py for tasks to queue
[2026-01-26T14:08:23.497+0000] {logging_mixin.py:151} INFO - [2026-01-26T14:08:23.497+0000] {dagbag.py:539} INFO - Filling up the DagBag from /opt/airflow/dags/stock_etl_simple.py
[2026-01-26T14:08:23.508+0000] {processor.py:839} INFO - DAG(s) dict_keys(['stock_etl_simple']) retrieved from /opt/airflow/dags/stock_etl_simple.py
[2026-01-26T14:08:23.534+0000] {logging_mixin.py:151} INFO - [2026-01-26T14:08:23.534+0000] {dag.py:2915} INFO - Sync 1 DAGs
[2026-01-26T14:08:23.546+0000] {logging_mixin.py:151} INFO - [2026-01-26T14:08:23.546+0000] {dag.py:3696} INFO - Setting next_dagrun for stock_etl_simple to None, run_after=None
[2026-01-26T14:08:23.568+0000] {processor.py:179} INFO - Processing /opt/airflow/dags/stock_etl_simple.py took 0.079 seconds
[2026-01-26T14:08:53.885+0000] {processor.py:157} INFO - Started process (PID=2397) to work on /opt/airflow/dags/stock_etl_simple.py
[2026-01-26T14:08:53.886+0000] {processor.py:829} INFO - Processing file /opt/airflow/dags/stock_etl_simple.py for tasks to queue
[2026-01-26T14:08:53.887+0000] {logging_mixin.py:151} INFO - [2026-01-26T14:08:53.887+0000] {dagbag.py:539} INFO - Filling up the DagBag from /opt/airflow/dags/stock_etl_simple.py
[2026-01-26T14:08:53.902+0000] {processor.py:839} INFO - DAG(s) dict_keys(['stock_etl_simple']) retrieved from /opt/airflow/dags/stock_etl_simple.py
[2026-01-26T14:08:53.927+0000] {logging_mixin.py:151} INFO - [2026-01-26T14:08:53.927+0000] {dag.py:2915} INFO - Sync 1 DAGs
[2026-01-26T14:08:53.940+0000] {logging_mixin.py:151} INFO - [2026-01-26T14:08:53.940+0000] {dag.py:3696} INFO - Setting next_dagrun for stock_etl_simple to None, run_after=None
[2026-01-26T14:08:53.972+0000] {processor.py:179} INFO - Processing /opt/airflow/dags/stock_etl_simple.py took 0.093 seconds
[2026-01-26T14:09:24.178+0000] {processor.py:157} INFO - Started process (PID=2415) to work on /opt/airflow/dags/stock_etl_simple.py
[2026-01-26T14:09:24.179+0000] {processor.py:829} INFO - Processing file /opt/airflow/dags/stock_etl_simple.py for tasks to queue
[2026-01-26T14:09:24.180+0000] {logging_mixin.py:151} INFO - [2026-01-26T14:09:24.180+0000] {dagbag.py:539} INFO - Filling up the DagBag from /opt/airflow/dags/stock_etl_simple.py
[2026-01-26T14:09:24.190+0000] {processor.py:839} INFO - DAG(s) dict_keys(['stock_etl_simple']) retrieved from /opt/airflow/dags/stock_etl_simple.py
[2026-01-26T14:09:24.217+0000] {logging_mixin.py:151} INFO - [2026-01-26T14:09:24.216+0000] {dag.py:2915} INFO - Sync 1 DAGs
[2026-01-26T14:09:24.230+0000] {logging_mixin.py:151} INFO - [2026-01-26T14:09:24.230+0000] {dag.py:3696} INFO - Setting next_dagrun for stock_etl_simple to None, run_after=None
[2026-01-26T14:09:24.251+0000] {processor.py:179} INFO - Processing /opt/airflow/dags/stock_etl_simple.py took 0.078 seconds
[2026-01-26T14:09:54.531+0000] {processor.py:157} INFO - Started process (PID=2433) to work on /opt/airflow/dags/stock_etl_simple.py
[2026-01-26T14:09:54.532+0000] {processor.py:829} INFO - Processing file /opt/airflow/dags/stock_etl_simple.py for tasks to queue
[2026-01-26T14:09:54.534+0000] {logging_mixin.py:151} INFO - [2026-01-26T14:09:54.533+0000] {dagbag.py:539} INFO - Filling up the DagBag from /opt/airflow/dags/stock_etl_simple.py
[2026-01-26T14:09:54.547+0000] {processor.py:839} INFO - DAG(s) dict_keys(['stock_etl_simple']) retrieved from /opt/airflow/dags/stock_etl_simple.py
[2026-01-26T14:09:54.573+0000] {logging_mixin.py:151} INFO - [2026-01-26T14:09:54.573+0000] {dag.py:2915} INFO - Sync 1 DAGs
[2026-01-26T14:09:54.585+0000] {logging_mixin.py:151} INFO - [2026-01-26T14:09:54.585+0000] {dag.py:3696} INFO - Setting next_dagrun for stock_etl_simple to None, run_after=None
[2026-01-26T14:09:54.611+0000] {processor.py:179} INFO - Processing /opt/airflow/dags/stock_etl_simple.py took 0.085 seconds
[2026-01-26T14:10:24.915+0000] {processor.py:157} INFO - Started process (PID=2451) to work on /opt/airflow/dags/stock_etl_simple.py
[2026-01-26T14:10:24.916+0000] {processor.py:829} INFO - Processing file /opt/airflow/dags/stock_etl_simple.py for tasks to queue
[2026-01-26T14:10:24.917+0000] {logging_mixin.py:151} INFO - [2026-01-26T14:10:24.917+0000] {dagbag.py:539} INFO - Filling up the DagBag from /opt/airflow/dags/stock_etl_simple.py
[2026-01-26T14:10:24.933+0000] {processor.py:839} INFO - DAG(s) dict_keys(['stock_etl_simple']) retrieved from /opt/airflow/dags/stock_etl_simple.py
[2026-01-26T14:10:24.961+0000] {logging_mixin.py:151} INFO - [2026-01-26T14:10:24.961+0000] {dag.py:2915} INFO - Sync 1 DAGs
[2026-01-26T14:10:24.975+0000] {logging_mixin.py:151} INFO - [2026-01-26T14:10:24.975+0000] {dag.py:3696} INFO - Setting next_dagrun for stock_etl_simple to None, run_after=None
[2026-01-26T14:10:24.998+0000] {processor.py:179} INFO - Processing /opt/airflow/dags/stock_etl_simple.py took 0.088 seconds
[2026-01-26T14:10:55.225+0000] {processor.py:157} INFO - Started process (PID=2461) to work on /opt/airflow/dags/stock_etl_simple.py
[2026-01-26T14:10:55.225+0000] {processor.py:829} INFO - Processing file /opt/airflow/dags/stock_etl_simple.py for tasks to queue
[2026-01-26T14:10:55.226+0000] {logging_mixin.py:151} INFO - [2026-01-26T14:10:55.226+0000] {dagbag.py:539} INFO - Filling up the DagBag from /opt/airflow/dags/stock_etl_simple.py
[2026-01-26T14:10:55.238+0000] {processor.py:839} INFO - DAG(s) dict_keys(['stock_etl_simple']) retrieved from /opt/airflow/dags/stock_etl_simple.py
[2026-01-26T14:10:55.267+0000] {logging_mixin.py:151} INFO - [2026-01-26T14:10:55.267+0000] {dag.py:2915} INFO - Sync 1 DAGs
[2026-01-26T14:10:55.279+0000] {logging_mixin.py:151} INFO - [2026-01-26T14:10:55.279+0000] {dag.py:3696} INFO - Setting next_dagrun for stock_etl_simple to None, run_after=None
[2026-01-26T14:10:55.311+0000] {processor.py:179} INFO - Processing /opt/airflow/dags/stock_etl_simple.py took 0.090 seconds
[2026-01-26T14:11:25.579+0000] {processor.py:157} INFO - Started process (PID=2479) to work on /opt/airflow/dags/stock_etl_simple.py
[2026-01-26T14:11:25.580+0000] {processor.py:829} INFO - Processing file /opt/airflow/dags/stock_etl_simple.py for tasks to queue
[2026-01-26T14:11:25.581+0000] {logging_mixin.py:151} INFO - [2026-01-26T14:11:25.580+0000] {dagbag.py:539} INFO - Filling up the DagBag from /opt/airflow/dags/stock_etl_simple.py
[2026-01-26T14:11:25.592+0000] {processor.py:839} INFO - DAG(s) dict_keys(['stock_etl_simple']) retrieved from /opt/airflow/dags/stock_etl_simple.py
[2026-01-26T14:11:25.618+0000] {logging_mixin.py:151} INFO - [2026-01-26T14:11:25.618+0000] {dag.py:2915} INFO - Sync 1 DAGs
[2026-01-26T14:11:25.630+0000] {logging_mixin.py:151} INFO - [2026-01-26T14:11:25.630+0000] {dag.py:3696} INFO - Setting next_dagrun for stock_etl_simple to None, run_after=None
[2026-01-26T14:11:25.653+0000] {processor.py:179} INFO - Processing /opt/airflow/dags/stock_etl_simple.py took 0.079 seconds
[2026-01-26T14:11:55.936+0000] {processor.py:157} INFO - Started process (PID=2497) to work on /opt/airflow/dags/stock_etl_simple.py
[2026-01-26T14:11:55.937+0000] {processor.py:829} INFO - Processing file /opt/airflow/dags/stock_etl_simple.py for tasks to queue
[2026-01-26T14:11:55.939+0000] {logging_mixin.py:151} INFO - [2026-01-26T14:11:55.939+0000] {dagbag.py:539} INFO - Filling up the DagBag from /opt/airflow/dags/stock_etl_simple.py
[2026-01-26T14:11:55.961+0000] {processor.py:839} INFO - DAG(s) dict_keys(['stock_etl_simple']) retrieved from /opt/airflow/dags/stock_etl_simple.py
[2026-01-26T14:11:55.995+0000] {logging_mixin.py:151} INFO - [2026-01-26T14:11:55.995+0000] {dag.py:2915} INFO - Sync 1 DAGs
[2026-01-26T14:11:56.008+0000] {logging_mixin.py:151} INFO - [2026-01-26T14:11:56.008+0000] {dag.py:3696} INFO - Setting next_dagrun for stock_etl_simple to None, run_after=None
[2026-01-26T14:11:56.030+0000] {processor.py:179} INFO - Processing /opt/airflow/dags/stock_etl_simple.py took 0.101 seconds
[2026-01-26T14:12:26.288+0000] {processor.py:157} INFO - Started process (PID=2515) to work on /opt/airflow/dags/stock_etl_simple.py
[2026-01-26T14:12:26.290+0000] {processor.py:829} INFO - Processing file /opt/airflow/dags/stock_etl_simple.py for tasks to queue
[2026-01-26T14:12:26.292+0000] {logging_mixin.py:151} INFO - [2026-01-26T14:12:26.291+0000] {dagbag.py:539} INFO - Filling up the DagBag from /opt/airflow/dags/stock_etl_simple.py
[2026-01-26T14:12:26.308+0000] {processor.py:839} INFO - DAG(s) dict_keys(['stock_etl_simple']) retrieved from /opt/airflow/dags/stock_etl_simple.py
[2026-01-26T14:12:26.347+0000] {logging_mixin.py:151} INFO - [2026-01-26T14:12:26.347+0000] {dag.py:2915} INFO - Sync 1 DAGs
[2026-01-26T14:12:26.361+0000] {logging_mixin.py:151} INFO - [2026-01-26T14:12:26.361+0000] {dag.py:3696} INFO - Setting next_dagrun for stock_etl_simple to None, run_after=None
[2026-01-26T14:12:26.383+0000] {processor.py:179} INFO - Processing /opt/airflow/dags/stock_etl_simple.py took 0.101 seconds
[2026-01-26T14:12:56.652+0000] {processor.py:157} INFO - Started process (PID=2534) to work on /opt/airflow/dags/stock_etl_simple.py
[2026-01-26T14:12:56.653+0000] {processor.py:829} INFO - Processing file /opt/airflow/dags/stock_etl_simple.py for tasks to queue
[2026-01-26T14:12:56.654+0000] {logging_mixin.py:151} INFO - [2026-01-26T14:12:56.654+0000] {dagbag.py:539} INFO - Filling up the DagBag from /opt/airflow/dags/stock_etl_simple.py
[2026-01-26T14:12:56.668+0000] {processor.py:839} INFO - DAG(s) dict_keys(['stock_etl_simple']) retrieved from /opt/airflow/dags/stock_etl_simple.py
[2026-01-26T14:12:56.699+0000] {logging_mixin.py:151} INFO - [2026-01-26T14:12:56.699+0000] {dag.py:2915} INFO - Sync 1 DAGs
[2026-01-26T14:12:56.717+0000] {logging_mixin.py:151} INFO - [2026-01-26T14:12:56.717+0000] {dag.py:3696} INFO - Setting next_dagrun for stock_etl_simple to None, run_after=None
[2026-01-26T14:12:56.739+0000] {processor.py:179} INFO - Processing /opt/airflow/dags/stock_etl_simple.py took 0.093 seconds
[2026-01-26T14:13:27.039+0000] {processor.py:157} INFO - Started process (PID=2551) to work on /opt/airflow/dags/stock_etl_simple.py
[2026-01-26T14:13:27.040+0000] {processor.py:829} INFO - Processing file /opt/airflow/dags/stock_etl_simple.py for tasks to queue
[2026-01-26T14:13:27.042+0000] {logging_mixin.py:151} INFO - [2026-01-26T14:13:27.041+0000] {dagbag.py:539} INFO - Filling up the DagBag from /opt/airflow/dags/stock_etl_simple.py
[2026-01-26T14:13:27.054+0000] {processor.py:839} INFO - DAG(s) dict_keys(['stock_etl_simple']) retrieved from /opt/airflow/dags/stock_etl_simple.py
[2026-01-26T14:13:27.081+0000] {logging_mixin.py:151} INFO - [2026-01-26T14:13:27.080+0000] {dag.py:2915} INFO - Sync 1 DAGs
[2026-01-26T14:13:27.094+0000] {logging_mixin.py:151} INFO - [2026-01-26T14:13:27.093+0000] {dag.py:3696} INFO - Setting next_dagrun for stock_etl_simple to None, run_after=None
[2026-01-26T14:13:27.117+0000] {processor.py:179} INFO - Processing /opt/airflow/dags/stock_etl_simple.py took 0.082 seconds
[2026-01-26T14:13:57.379+0000] {processor.py:157} INFO - Started process (PID=2569) to work on /opt/airflow/dags/stock_etl_simple.py
[2026-01-26T14:13:57.381+0000] {processor.py:829} INFO - Processing file /opt/airflow/dags/stock_etl_simple.py for tasks to queue
[2026-01-26T14:13:57.382+0000] {logging_mixin.py:151} INFO - [2026-01-26T14:13:57.382+0000] {dagbag.py:539} INFO - Filling up the DagBag from /opt/airflow/dags/stock_etl_simple.py
[2026-01-26T14:13:57.400+0000] {processor.py:839} INFO - DAG(s) dict_keys(['stock_etl_simple']) retrieved from /opt/airflow/dags/stock_etl_simple.py
[2026-01-26T14:13:57.440+0000] {logging_mixin.py:151} INFO - [2026-01-26T14:13:57.440+0000] {dag.py:2915} INFO - Sync 1 DAGs
[2026-01-26T14:13:57.457+0000] {logging_mixin.py:151} INFO - [2026-01-26T14:13:57.457+0000] {dag.py:3696} INFO - Setting next_dagrun for stock_etl_simple to None, run_after=None
[2026-01-26T14:13:57.481+0000] {processor.py:179} INFO - Processing /opt/airflow/dags/stock_etl_simple.py took 0.106 seconds
[2026-01-26T14:14:27.520+0000] {processor.py:157} INFO - Started process (PID=2587) to work on /opt/airflow/dags/stock_etl_simple.py
[2026-01-26T14:14:27.521+0000] {processor.py:829} INFO - Processing file /opt/airflow/dags/stock_etl_simple.py for tasks to queue
[2026-01-26T14:14:27.523+0000] {logging_mixin.py:151} INFO - [2026-01-26T14:14:27.522+0000] {dagbag.py:539} INFO - Filling up the DagBag from /opt/airflow/dags/stock_etl_simple.py
[2026-01-26T14:14:27.537+0000] {processor.py:839} INFO - DAG(s) dict_keys(['stock_etl_simple']) retrieved from /opt/airflow/dags/stock_etl_simple.py
[2026-01-26T14:14:27.563+0000] {logging_mixin.py:151} INFO - [2026-01-26T14:14:27.563+0000] {dag.py:2915} INFO - Sync 1 DAGs
[2026-01-26T14:14:27.575+0000] {logging_mixin.py:151} INFO - [2026-01-26T14:14:27.575+0000] {dag.py:3696} INFO - Setting next_dagrun for stock_etl_simple to None, run_after=None
[2026-01-26T14:14:27.597+0000] {processor.py:179} INFO - Processing /opt/airflow/dags/stock_etl_simple.py took 0.082 seconds
[2026-01-26T14:14:57.905+0000] {processor.py:157} INFO - Started process (PID=2605) to work on /opt/airflow/dags/stock_etl_simple.py
[2026-01-26T14:14:57.906+0000] {processor.py:829} INFO - Processing file /opt/airflow/dags/stock_etl_simple.py for tasks to queue
[2026-01-26T14:14:57.908+0000] {logging_mixin.py:151} INFO - [2026-01-26T14:14:57.907+0000] {dagbag.py:539} INFO - Filling up the DagBag from /opt/airflow/dags/stock_etl_simple.py
[2026-01-26T14:14:57.920+0000] {processor.py:839} INFO - DAG(s) dict_keys(['stock_etl_simple']) retrieved from /opt/airflow/dags/stock_etl_simple.py
[2026-01-26T14:14:57.945+0000] {logging_mixin.py:151} INFO - [2026-01-26T14:14:57.945+0000] {dag.py:2915} INFO - Sync 1 DAGs
[2026-01-26T14:14:57.958+0000] {logging_mixin.py:151} INFO - [2026-01-26T14:14:57.958+0000] {dag.py:3696} INFO - Setting next_dagrun for stock_etl_simple to None, run_after=None
[2026-01-26T14:14:57.980+0000] {processor.py:179} INFO - Processing /opt/airflow/dags/stock_etl_simple.py took 0.080 seconds
[2026-01-26T14:15:28.290+0000] {processor.py:157} INFO - Started process (PID=2623) to work on /opt/airflow/dags/stock_etl_simple.py
[2026-01-26T14:15:28.291+0000] {processor.py:829} INFO - Processing file /opt/airflow/dags/stock_etl_simple.py for tasks to queue
[2026-01-26T14:15:28.293+0000] {logging_mixin.py:151} INFO - [2026-01-26T14:15:28.292+0000] {dagbag.py:539} INFO - Filling up the DagBag from /opt/airflow/dags/stock_etl_simple.py
[2026-01-26T14:15:28.305+0000] {processor.py:839} INFO - DAG(s) dict_keys(['stock_etl_simple']) retrieved from /opt/airflow/dags/stock_etl_simple.py
[2026-01-26T14:15:28.331+0000] {logging_mixin.py:151} INFO - [2026-01-26T14:15:28.330+0000] {dag.py:2915} INFO - Sync 1 DAGs
[2026-01-26T14:15:28.344+0000] {logging_mixin.py:151} INFO - [2026-01-26T14:15:28.343+0000] {dag.py:3696} INFO - Setting next_dagrun for stock_etl_simple to None, run_after=None
[2026-01-26T14:15:28.368+0000] {processor.py:179} INFO - Processing /opt/airflow/dags/stock_etl_simple.py took 0.084 seconds
[2026-01-26T14:15:58.573+0000] {processor.py:157} INFO - Started process (PID=2641) to work on /opt/airflow/dags/stock_etl_simple.py
[2026-01-26T14:15:58.574+0000] {processor.py:829} INFO - Processing file /opt/airflow/dags/stock_etl_simple.py for tasks to queue
[2026-01-26T14:15:58.575+0000] {logging_mixin.py:151} INFO - [2026-01-26T14:15:58.574+0000] {dagbag.py:539} INFO - Filling up the DagBag from /opt/airflow/dags/stock_etl_simple.py
[2026-01-26T14:15:58.586+0000] {processor.py:839} INFO - DAG(s) dict_keys(['stock_etl_simple']) retrieved from /opt/airflow/dags/stock_etl_simple.py
[2026-01-26T14:15:58.611+0000] {logging_mixin.py:151} INFO - [2026-01-26T14:15:58.611+0000] {dag.py:2915} INFO - Sync 1 DAGs
[2026-01-26T14:15:58.625+0000] {logging_mixin.py:151} INFO - [2026-01-26T14:15:58.625+0000] {dag.py:3696} INFO - Setting next_dagrun for stock_etl_simple to None, run_after=None
[2026-01-26T14:15:58.648+0000] {processor.py:179} INFO - Processing /opt/airflow/dags/stock_etl_simple.py took 0.079 seconds
[2026-01-26T14:16:28.954+0000] {processor.py:157} INFO - Started process (PID=2659) to work on /opt/airflow/dags/stock_etl_simple.py
[2026-01-26T14:16:28.955+0000] {processor.py:829} INFO - Processing file /opt/airflow/dags/stock_etl_simple.py for tasks to queue
[2026-01-26T14:16:28.957+0000] {logging_mixin.py:151} INFO - [2026-01-26T14:16:28.957+0000] {dagbag.py:539} INFO - Filling up the DagBag from /opt/airflow/dags/stock_etl_simple.py
[2026-01-26T14:16:28.969+0000] {processor.py:839} INFO - DAG(s) dict_keys(['stock_etl_simple']) retrieved from /opt/airflow/dags/stock_etl_simple.py
[2026-01-26T14:16:29.002+0000] {logging_mixin.py:151} INFO - [2026-01-26T14:16:29.002+0000] {dag.py:2915} INFO - Sync 1 DAGs
[2026-01-26T14:16:29.015+0000] {logging_mixin.py:151} INFO - [2026-01-26T14:16:29.015+0000] {dag.py:3696} INFO - Setting next_dagrun for stock_etl_simple to None, run_after=None
[2026-01-26T14:16:29.038+0000] {processor.py:179} INFO - Processing /opt/airflow/dags/stock_etl_simple.py took 0.090 seconds
[2026-01-26T14:16:59.323+0000] {processor.py:157} INFO - Started process (PID=2677) to work on /opt/airflow/dags/stock_etl_simple.py
[2026-01-26T14:16:59.324+0000] {processor.py:829} INFO - Processing file /opt/airflow/dags/stock_etl_simple.py for tasks to queue
[2026-01-26T14:16:59.326+0000] {logging_mixin.py:151} INFO - [2026-01-26T14:16:59.325+0000] {dagbag.py:539} INFO - Filling up the DagBag from /opt/airflow/dags/stock_etl_simple.py
[2026-01-26T14:16:59.340+0000] {processor.py:839} INFO - DAG(s) dict_keys(['stock_etl_simple']) retrieved from /opt/airflow/dags/stock_etl_simple.py
[2026-01-26T14:16:59.365+0000] {logging_mixin.py:151} INFO - [2026-01-26T14:16:59.365+0000] {dag.py:2915} INFO - Sync 1 DAGs
[2026-01-26T14:16:59.377+0000] {logging_mixin.py:151} INFO - [2026-01-26T14:16:59.377+0000] {dag.py:3696} INFO - Setting next_dagrun for stock_etl_simple to None, run_after=None
[2026-01-26T14:16:59.400+0000] {processor.py:179} INFO - Processing /opt/airflow/dags/stock_etl_simple.py took 0.082 seconds
[2026-01-26T14:17:29.599+0000] {processor.py:157} INFO - Started process (PID=2696) to work on /opt/airflow/dags/stock_etl_simple.py
[2026-01-26T14:17:29.600+0000] {processor.py:829} INFO - Processing file /opt/airflow/dags/stock_etl_simple.py for tasks to queue
[2026-01-26T14:17:29.601+0000] {logging_mixin.py:151} INFO - [2026-01-26T14:17:29.601+0000] {dagbag.py:539} INFO - Filling up the DagBag from /opt/airflow/dags/stock_etl_simple.py
[2026-01-26T14:17:29.611+0000] {processor.py:839} INFO - DAG(s) dict_keys(['stock_etl_simple']) retrieved from /opt/airflow/dags/stock_etl_simple.py
[2026-01-26T14:17:29.638+0000] {logging_mixin.py:151} INFO - [2026-01-26T14:17:29.637+0000] {dag.py:2915} INFO - Sync 1 DAGs
[2026-01-26T14:17:29.653+0000] {logging_mixin.py:151} INFO - [2026-01-26T14:17:29.653+0000] {dag.py:3696} INFO - Setting next_dagrun for stock_etl_simple to None, run_after=None
[2026-01-26T14:17:29.683+0000] {processor.py:179} INFO - Processing /opt/airflow/dags/stock_etl_simple.py took 0.086 seconds
[2026-01-26T14:17:59.871+0000] {processor.py:157} INFO - Started process (PID=2715) to work on /opt/airflow/dags/stock_etl_simple.py
[2026-01-26T14:17:59.872+0000] {processor.py:829} INFO - Processing file /opt/airflow/dags/stock_etl_simple.py for tasks to queue
[2026-01-26T14:17:59.874+0000] {logging_mixin.py:151} INFO - [2026-01-26T14:17:59.873+0000] {dagbag.py:539} INFO - Filling up the DagBag from /opt/airflow/dags/stock_etl_simple.py
[2026-01-26T14:17:59.885+0000] {processor.py:839} INFO - DAG(s) dict_keys(['stock_etl_simple']) retrieved from /opt/airflow/dags/stock_etl_simple.py
[2026-01-26T14:17:59.911+0000] {logging_mixin.py:151} INFO - [2026-01-26T14:17:59.910+0000] {dag.py:2915} INFO - Sync 1 DAGs
[2026-01-26T14:17:59.923+0000] {logging_mixin.py:151} INFO - [2026-01-26T14:17:59.923+0000] {dag.py:3696} INFO - Setting next_dagrun for stock_etl_simple to None, run_after=None
[2026-01-26T14:17:59.944+0000] {processor.py:179} INFO - Processing /opt/airflow/dags/stock_etl_simple.py took 0.076 seconds
[2026-01-26T14:18:30.142+0000] {processor.py:157} INFO - Started process (PID=2732) to work on /opt/airflow/dags/stock_etl_simple.py
[2026-01-26T14:18:30.143+0000] {processor.py:829} INFO - Processing file /opt/airflow/dags/stock_etl_simple.py for tasks to queue
[2026-01-26T14:18:30.145+0000] {logging_mixin.py:151} INFO - [2026-01-26T14:18:30.144+0000] {dagbag.py:539} INFO - Filling up the DagBag from /opt/airflow/dags/stock_etl_simple.py
[2026-01-26T14:18:30.162+0000] {processor.py:839} INFO - DAG(s) dict_keys(['stock_etl_simple']) retrieved from /opt/airflow/dags/stock_etl_simple.py
[2026-01-26T14:18:30.203+0000] {logging_mixin.py:151} INFO - [2026-01-26T14:18:30.203+0000] {dag.py:2915} INFO - Sync 1 DAGs
[2026-01-26T14:18:30.221+0000] {logging_mixin.py:151} INFO - [2026-01-26T14:18:30.220+0000] {dag.py:3696} INFO - Setting next_dagrun for stock_etl_simple to None, run_after=None
[2026-01-26T14:18:30.257+0000] {processor.py:179} INFO - Processing /opt/airflow/dags/stock_etl_simple.py took 0.119 seconds
[2026-01-26T14:19:00.457+0000] {processor.py:157} INFO - Started process (PID=2743) to work on /opt/airflow/dags/stock_etl_simple.py
[2026-01-26T14:19:00.459+0000] {processor.py:829} INFO - Processing file /opt/airflow/dags/stock_etl_simple.py for tasks to queue
[2026-01-26T14:19:00.460+0000] {logging_mixin.py:151} INFO - [2026-01-26T14:19:00.460+0000] {dagbag.py:539} INFO - Filling up the DagBag from /opt/airflow/dags/stock_etl_simple.py
[2026-01-26T14:19:00.473+0000] {processor.py:839} INFO - DAG(s) dict_keys(['stock_etl_simple']) retrieved from /opt/airflow/dags/stock_etl_simple.py
[2026-01-26T14:19:00.503+0000] {logging_mixin.py:151} INFO - [2026-01-26T14:19:00.503+0000] {dag.py:2915} INFO - Sync 1 DAGs
[2026-01-26T14:19:00.515+0000] {logging_mixin.py:151} INFO - [2026-01-26T14:19:00.515+0000] {dag.py:3696} INFO - Setting next_dagrun for stock_etl_simple to None, run_after=None
[2026-01-26T14:19:00.539+0000] {processor.py:179} INFO - Processing /opt/airflow/dags/stock_etl_simple.py took 0.086 seconds
[2026-01-26T14:19:30.725+0000] {processor.py:157} INFO - Started process (PID=2761) to work on /opt/airflow/dags/stock_etl_simple.py
[2026-01-26T14:19:30.726+0000] {processor.py:829} INFO - Processing file /opt/airflow/dags/stock_etl_simple.py for tasks to queue
[2026-01-26T14:19:30.727+0000] {logging_mixin.py:151} INFO - [2026-01-26T14:19:30.727+0000] {dagbag.py:539} INFO - Filling up the DagBag from /opt/airflow/dags/stock_etl_simple.py
[2026-01-26T14:19:30.742+0000] {processor.py:839} INFO - DAG(s) dict_keys(['stock_etl_simple']) retrieved from /opt/airflow/dags/stock_etl_simple.py
[2026-01-26T14:19:30.780+0000] {logging_mixin.py:151} INFO - [2026-01-26T14:19:30.780+0000] {dag.py:2915} INFO - Sync 1 DAGs
[2026-01-26T14:19:30.944+0000] {logging_mixin.py:151} INFO - [2026-01-26T14:19:30.943+0000] {dag.py:3696} INFO - Setting next_dagrun for stock_etl_simple to None, run_after=None
[2026-01-26T14:19:30.980+0000] {processor.py:179} INFO - Processing /opt/airflow/dags/stock_etl_simple.py took 0.259 seconds
[2026-01-26T14:20:01.192+0000] {processor.py:157} INFO - Started process (PID=2780) to work on /opt/airflow/dags/stock_etl_simple.py
[2026-01-26T14:20:01.193+0000] {processor.py:829} INFO - Processing file /opt/airflow/dags/stock_etl_simple.py for tasks to queue
[2026-01-26T14:20:01.194+0000] {logging_mixin.py:151} INFO - [2026-01-26T14:20:01.193+0000] {dagbag.py:539} INFO - Filling up the DagBag from /opt/airflow/dags/stock_etl_simple.py
[2026-01-26T14:20:01.204+0000] {processor.py:839} INFO - DAG(s) dict_keys(['stock_etl_simple']) retrieved from /opt/airflow/dags/stock_etl_simple.py
[2026-01-26T14:20:01.242+0000] {logging_mixin.py:151} INFO - [2026-01-26T14:20:01.241+0000] {dag.py:2915} INFO - Sync 1 DAGs
[2026-01-26T14:20:01.256+0000] {logging_mixin.py:151} INFO - [2026-01-26T14:20:01.256+0000] {dag.py:3696} INFO - Setting next_dagrun for stock_etl_simple to None, run_after=None
[2026-01-26T14:20:01.281+0000] {processor.py:179} INFO - Processing /opt/airflow/dags/stock_etl_simple.py took 0.093 seconds
[2026-01-26T14:20:31.469+0000] {processor.py:157} INFO - Started process (PID=2798) to work on /opt/airflow/dags/stock_etl_simple.py
[2026-01-26T14:20:31.470+0000] {processor.py:829} INFO - Processing file /opt/airflow/dags/stock_etl_simple.py for tasks to queue
[2026-01-26T14:20:31.471+0000] {logging_mixin.py:151} INFO - [2026-01-26T14:20:31.471+0000] {dagbag.py:539} INFO - Filling up the DagBag from /opt/airflow/dags/stock_etl_simple.py
[2026-01-26T14:20:31.482+0000] {processor.py:839} INFO - DAG(s) dict_keys(['stock_etl_simple']) retrieved from /opt/airflow/dags/stock_etl_simple.py
[2026-01-26T14:20:31.508+0000] {logging_mixin.py:151} INFO - [2026-01-26T14:20:31.508+0000] {dag.py:2915} INFO - Sync 1 DAGs
[2026-01-26T14:20:31.522+0000] {logging_mixin.py:151} INFO - [2026-01-26T14:20:31.522+0000] {dag.py:3696} INFO - Setting next_dagrun for stock_etl_simple to None, run_after=None
[2026-01-26T14:20:31.557+0000] {processor.py:179} INFO - Processing /opt/airflow/dags/stock_etl_simple.py took 0.090 seconds
[2026-01-26T14:21:01.775+0000] {processor.py:157} INFO - Started process (PID=2816) to work on /opt/airflow/dags/stock_etl_simple.py
[2026-01-26T14:21:01.777+0000] {processor.py:829} INFO - Processing file /opt/airflow/dags/stock_etl_simple.py for tasks to queue
[2026-01-26T14:21:01.779+0000] {logging_mixin.py:151} INFO - [2026-01-26T14:21:01.778+0000] {dagbag.py:539} INFO - Filling up the DagBag from /opt/airflow/dags/stock_etl_simple.py
[2026-01-26T14:21:01.802+0000] {processor.py:839} INFO - DAG(s) dict_keys(['stock_etl_simple']) retrieved from /opt/airflow/dags/stock_etl_simple.py
[2026-01-26T14:21:01.866+0000] {logging_mixin.py:151} INFO - [2026-01-26T14:21:01.865+0000] {dag.py:2915} INFO - Sync 1 DAGs
[2026-01-26T14:21:02.094+0000] {logging_mixin.py:151} INFO - [2026-01-26T14:21:02.093+0000] {dag.py:3696} INFO - Setting next_dagrun for stock_etl_simple to None, run_after=None
[2026-01-26T14:21:02.126+0000] {processor.py:179} INFO - Processing /opt/airflow/dags/stock_etl_simple.py took 0.358 seconds
[2026-01-26T14:21:32.358+0000] {processor.py:157} INFO - Started process (PID=2834) to work on /opt/airflow/dags/stock_etl_simple.py
[2026-01-26T14:21:32.359+0000] {processor.py:829} INFO - Processing file /opt/airflow/dags/stock_etl_simple.py for tasks to queue
[2026-01-26T14:21:32.359+0000] {logging_mixin.py:151} INFO - [2026-01-26T14:21:32.359+0000] {dagbag.py:539} INFO - Filling up the DagBag from /opt/airflow/dags/stock_etl_simple.py
[2026-01-26T14:21:32.514+0000] {processor.py:839} INFO - DAG(s) dict_keys(['stock_etl_simple']) retrieved from /opt/airflow/dags/stock_etl_simple.py
[2026-01-26T14:21:32.550+0000] {logging_mixin.py:151} INFO - [2026-01-26T14:21:32.550+0000] {dag.py:2915} INFO - Sync 1 DAGs
[2026-01-26T14:21:32.574+0000] {logging_mixin.py:151} INFO - [2026-01-26T14:21:32.574+0000] {dag.py:3696} INFO - Setting next_dagrun for stock_etl_simple to None, run_after=None
[2026-01-26T14:21:32.609+0000] {processor.py:179} INFO - Processing /opt/airflow/dags/stock_etl_simple.py took 0.255 seconds
[2026-01-26T14:22:02.981+0000] {processor.py:157} INFO - Started process (PID=2852) to work on /opt/airflow/dags/stock_etl_simple.py
[2026-01-26T14:22:02.982+0000] {processor.py:829} INFO - Processing file /opt/airflow/dags/stock_etl_simple.py for tasks to queue
[2026-01-26T14:22:02.983+0000] {logging_mixin.py:151} INFO - [2026-01-26T14:22:02.982+0000] {dagbag.py:539} INFO - Filling up the DagBag from /opt/airflow/dags/stock_etl_simple.py
[2026-01-26T14:22:02.998+0000] {processor.py:839} INFO - DAG(s) dict_keys(['stock_etl_simple']) retrieved from /opt/airflow/dags/stock_etl_simple.py
[2026-01-26T14:22:03.028+0000] {logging_mixin.py:151} INFO - [2026-01-26T14:22:03.028+0000] {dag.py:2915} INFO - Sync 1 DAGs
[2026-01-26T14:22:03.046+0000] {logging_mixin.py:151} INFO - [2026-01-26T14:22:03.045+0000] {dag.py:3696} INFO - Setting next_dagrun for stock_etl_simple to None, run_after=None
[2026-01-26T14:22:03.071+0000] {processor.py:179} INFO - Processing /opt/airflow/dags/stock_etl_simple.py took 0.093 seconds
[2026-01-26T14:22:33.286+0000] {processor.py:157} INFO - Started process (PID=2870) to work on /opt/airflow/dags/stock_etl_simple.py
[2026-01-26T14:22:33.287+0000] {processor.py:829} INFO - Processing file /opt/airflow/dags/stock_etl_simple.py for tasks to queue
[2026-01-26T14:22:33.288+0000] {logging_mixin.py:151} INFO - [2026-01-26T14:22:33.288+0000] {dagbag.py:539} INFO - Filling up the DagBag from /opt/airflow/dags/stock_etl_simple.py
[2026-01-26T14:22:33.301+0000] {processor.py:839} INFO - DAG(s) dict_keys(['stock_etl_simple']) retrieved from /opt/airflow/dags/stock_etl_simple.py
[2026-01-26T14:22:33.329+0000] {logging_mixin.py:151} INFO - [2026-01-26T14:22:33.329+0000] {dag.py:2915} INFO - Sync 1 DAGs
[2026-01-26T14:22:33.345+0000] {logging_mixin.py:151} INFO - [2026-01-26T14:22:33.344+0000] {dag.py:3696} INFO - Setting next_dagrun for stock_etl_simple to None, run_after=None
[2026-01-26T14:22:33.376+0000] {processor.py:179} INFO - Processing /opt/airflow/dags/stock_etl_simple.py took 0.094 seconds
[2026-01-26T14:23:03.552+0000] {processor.py:157} INFO - Started process (PID=2888) to work on /opt/airflow/dags/stock_etl_simple.py
[2026-01-26T14:23:03.553+0000] {processor.py:829} INFO - Processing file /opt/airflow/dags/stock_etl_simple.py for tasks to queue
[2026-01-26T14:23:03.554+0000] {logging_mixin.py:151} INFO - [2026-01-26T14:23:03.554+0000] {dagbag.py:539} INFO - Filling up the DagBag from /opt/airflow/dags/stock_etl_simple.py
[2026-01-26T14:23:03.570+0000] {processor.py:839} INFO - DAG(s) dict_keys(['stock_etl_simple']) retrieved from /opt/airflow/dags/stock_etl_simple.py
[2026-01-26T14:23:03.619+0000] {logging_mixin.py:151} INFO - [2026-01-26T14:23:03.619+0000] {dag.py:2915} INFO - Sync 1 DAGs
[2026-01-26T14:23:03.645+0000] {logging_mixin.py:151} INFO - [2026-01-26T14:23:03.644+0000] {dag.py:3696} INFO - Setting next_dagrun for stock_etl_simple to None, run_after=None
[2026-01-26T14:23:03.680+0000] {processor.py:179} INFO - Processing /opt/airflow/dags/stock_etl_simple.py took 0.133 seconds
[2026-01-26T14:23:33.866+0000] {processor.py:157} INFO - Started process (PID=2906) to work on /opt/airflow/dags/stock_etl_simple.py
[2026-01-26T14:23:33.869+0000] {processor.py:829} INFO - Processing file /opt/airflow/dags/stock_etl_simple.py for tasks to queue
[2026-01-26T14:23:33.872+0000] {logging_mixin.py:151} INFO - [2026-01-26T14:23:33.871+0000] {dagbag.py:539} INFO - Filling up the DagBag from /opt/airflow/dags/stock_etl_simple.py
[2026-01-26T14:23:33.894+0000] {processor.py:839} INFO - DAG(s) dict_keys(['stock_etl_simple']) retrieved from /opt/airflow/dags/stock_etl_simple.py
[2026-01-26T14:23:33.922+0000] {logging_mixin.py:151} INFO - [2026-01-26T14:23:33.921+0000] {dag.py:2915} INFO - Sync 1 DAGs
[2026-01-26T14:23:33.934+0000] {logging_mixin.py:151} INFO - [2026-01-26T14:23:33.933+0000] {dag.py:3696} INFO - Setting next_dagrun for stock_etl_simple to None, run_after=None
[2026-01-26T14:23:33.965+0000] {processor.py:179} INFO - Processing /opt/airflow/dags/stock_etl_simple.py took 0.111 seconds
[2026-01-26T14:24:04.202+0000] {processor.py:157} INFO - Started process (PID=2924) to work on /opt/airflow/dags/stock_etl_simple.py
[2026-01-26T14:24:04.206+0000] {processor.py:829} INFO - Processing file /opt/airflow/dags/stock_etl_simple.py for tasks to queue
[2026-01-26T14:24:04.213+0000] {logging_mixin.py:151} INFO - [2026-01-26T14:24:04.212+0000] {dagbag.py:539} INFO - Filling up the DagBag from /opt/airflow/dags/stock_etl_simple.py
[2026-01-26T14:24:04.241+0000] {processor.py:839} INFO - DAG(s) dict_keys(['stock_etl_simple']) retrieved from /opt/airflow/dags/stock_etl_simple.py
[2026-01-26T14:24:04.300+0000] {logging_mixin.py:151} INFO - [2026-01-26T14:24:04.299+0000] {dag.py:2915} INFO - Sync 1 DAGs
[2026-01-26T14:24:04.334+0000] {logging_mixin.py:151} INFO - [2026-01-26T14:24:04.334+0000] {dag.py:3696} INFO - Setting next_dagrun for stock_etl_simple to None, run_after=None
[2026-01-26T14:24:04.380+0000] {processor.py:179} INFO - Processing /opt/airflow/dags/stock_etl_simple.py took 0.185 seconds
[2026-01-26T14:24:34.629+0000] {processor.py:157} INFO - Started process (PID=2944) to work on /opt/airflow/dags/stock_etl_simple.py
[2026-01-26T14:24:34.630+0000] {processor.py:829} INFO - Processing file /opt/airflow/dags/stock_etl_simple.py for tasks to queue
[2026-01-26T14:24:34.632+0000] {logging_mixin.py:151} INFO - [2026-01-26T14:24:34.632+0000] {dagbag.py:539} INFO - Filling up the DagBag from /opt/airflow/dags/stock_etl_simple.py
[2026-01-26T14:24:34.649+0000] {processor.py:839} INFO - DAG(s) dict_keys(['stock_etl_simple']) retrieved from /opt/airflow/dags/stock_etl_simple.py
[2026-01-26T14:24:34.694+0000] {logging_mixin.py:151} INFO - [2026-01-26T14:24:34.694+0000] {dag.py:2915} INFO - Sync 1 DAGs
[2026-01-26T14:24:34.714+0000] {logging_mixin.py:151} INFO - [2026-01-26T14:24:34.714+0000] {dag.py:3696} INFO - Setting next_dagrun for stock_etl_simple to None, run_after=None
[2026-01-26T14:24:34.748+0000] {processor.py:179} INFO - Processing /opt/airflow/dags/stock_etl_simple.py took 0.124 seconds
[2026-01-26T14:25:04.937+0000] {processor.py:157} INFO - Started process (PID=2955) to work on /opt/airflow/dags/stock_etl_simple.py
[2026-01-26T14:25:04.938+0000] {processor.py:829} INFO - Processing file /opt/airflow/dags/stock_etl_simple.py for tasks to queue
[2026-01-26T14:25:04.939+0000] {logging_mixin.py:151} INFO - [2026-01-26T14:25:04.939+0000] {dagbag.py:539} INFO - Filling up the DagBag from /opt/airflow/dags/stock_etl_simple.py
[2026-01-26T14:25:04.952+0000] {processor.py:839} INFO - DAG(s) dict_keys(['stock_etl_simple']) retrieved from /opt/airflow/dags/stock_etl_simple.py
[2026-01-26T14:25:04.983+0000] {logging_mixin.py:151} INFO - [2026-01-26T14:25:04.983+0000] {dag.py:2915} INFO - Sync 1 DAGs
[2026-01-26T14:25:04.996+0000] {logging_mixin.py:151} INFO - [2026-01-26T14:25:04.995+0000] {dag.py:3696} INFO - Setting next_dagrun for stock_etl_simple to None, run_after=None
[2026-01-26T14:25:05.020+0000] {processor.py:179} INFO - Processing /opt/airflow/dags/stock_etl_simple.py took 0.087 seconds
[2026-01-26T14:25:35.236+0000] {processor.py:157} INFO - Started process (PID=2973) to work on /opt/airflow/dags/stock_etl_simple.py
[2026-01-26T14:25:35.237+0000] {processor.py:829} INFO - Processing file /opt/airflow/dags/stock_etl_simple.py for tasks to queue
[2026-01-26T14:25:35.239+0000] {logging_mixin.py:151} INFO - [2026-01-26T14:25:35.238+0000] {dagbag.py:539} INFO - Filling up the DagBag from /opt/airflow/dags/stock_etl_simple.py
[2026-01-26T14:25:35.255+0000] {processor.py:839} INFO - DAG(s) dict_keys(['stock_etl_simple']) retrieved from /opt/airflow/dags/stock_etl_simple.py
[2026-01-26T14:25:35.295+0000] {logging_mixin.py:151} INFO - [2026-01-26T14:25:35.294+0000] {dag.py:2915} INFO - Sync 1 DAGs
[2026-01-26T14:25:35.313+0000] {logging_mixin.py:151} INFO - [2026-01-26T14:25:35.313+0000] {dag.py:3696} INFO - Setting next_dagrun for stock_etl_simple to None, run_after=None
[2026-01-26T14:25:35.339+0000] {processor.py:179} INFO - Processing /opt/airflow/dags/stock_etl_simple.py took 0.107 seconds
[2026-01-26T14:26:05.615+0000] {processor.py:157} INFO - Started process (PID=2991) to work on /opt/airflow/dags/stock_etl_simple.py
[2026-01-26T14:26:05.618+0000] {processor.py:829} INFO - Processing file /opt/airflow/dags/stock_etl_simple.py for tasks to queue
[2026-01-26T14:26:05.621+0000] {logging_mixin.py:151} INFO - [2026-01-26T14:26:05.620+0000] {dagbag.py:539} INFO - Filling up the DagBag from /opt/airflow/dags/stock_etl_simple.py
[2026-01-26T14:26:05.658+0000] {processor.py:839} INFO - DAG(s) dict_keys(['stock_etl_simple']) retrieved from /opt/airflow/dags/stock_etl_simple.py
[2026-01-26T14:26:05.703+0000] {logging_mixin.py:151} INFO - [2026-01-26T14:26:05.702+0000] {dag.py:2915} INFO - Sync 1 DAGs
[2026-01-26T14:26:05.723+0000] {logging_mixin.py:151} INFO - [2026-01-26T14:26:05.722+0000] {dag.py:3696} INFO - Setting next_dagrun for stock_etl_simple to None, run_after=None
[2026-01-26T14:26:05.748+0000] {processor.py:179} INFO - Processing /opt/airflow/dags/stock_etl_simple.py took 0.145 seconds
[2026-01-26T14:26:06.652+0000] {processor.py:157} INFO - Started process (PID=2996) to work on /opt/airflow/dags/stock_etl_simple.py
[2026-01-26T14:26:06.655+0000] {processor.py:829} INFO - Processing file /opt/airflow/dags/stock_etl_simple.py for tasks to queue
[2026-01-26T14:26:06.658+0000] {logging_mixin.py:151} INFO - [2026-01-26T14:26:06.657+0000] {dagbag.py:539} INFO - Filling up the DagBag from /opt/airflow/dags/stock_etl_simple.py
[2026-01-26T14:26:06.730+0000] {processor.py:839} INFO - DAG(s) dict_keys(['stock_etl_simple']) retrieved from /opt/airflow/dags/stock_etl_simple.py
[2026-01-26T14:26:06.779+0000] {logging_mixin.py:151} INFO - [2026-01-26T14:26:06.779+0000] {dag.py:2915} INFO - Sync 1 DAGs
[2026-01-26T14:26:06.800+0000] {logging_mixin.py:151} INFO - [2026-01-26T14:26:06.800+0000] {dag.py:3696} INFO - Setting next_dagrun for stock_etl_simple to None, run_after=None
[2026-01-26T14:26:06.828+0000] {processor.py:179} INFO - Processing /opt/airflow/dags/stock_etl_simple.py took 0.184 seconds
[2026-01-26T14:26:11.867+0000] {processor.py:157} INFO - Started process (PID=3001) to work on /opt/airflow/dags/stock_etl_simple.py
[2026-01-26T14:26:11.869+0000] {processor.py:829} INFO - Processing file /opt/airflow/dags/stock_etl_simple.py for tasks to queue
[2026-01-26T14:26:11.872+0000] {logging_mixin.py:151} INFO - [2026-01-26T14:26:11.871+0000] {dagbag.py:539} INFO - Filling up the DagBag from /opt/airflow/dags/stock_etl_simple.py
[2026-01-26T14:26:11.893+0000] {processor.py:839} INFO - DAG(s) dict_keys(['stock_etl_simple']) retrieved from /opt/airflow/dags/stock_etl_simple.py
[2026-01-26T14:26:11.924+0000] {logging_mixin.py:151} INFO - [2026-01-26T14:26:11.923+0000] {dag.py:2915} INFO - Sync 1 DAGs
[2026-01-26T14:26:11.942+0000] {logging_mixin.py:151} INFO - [2026-01-26T14:26:11.941+0000] {dag.py:3696} INFO - Setting next_dagrun for stock_etl_simple to None, run_after=None
[2026-01-26T14:26:11.970+0000] {processor.py:179} INFO - Processing /opt/airflow/dags/stock_etl_simple.py took 0.113 seconds
[2026-01-26T14:26:14.997+0000] {processor.py:157} INFO - Started process (PID=3014) to work on /opt/airflow/dags/stock_etl_simple.py
[2026-01-26T14:26:14.998+0000] {processor.py:829} INFO - Processing file /opt/airflow/dags/stock_etl_simple.py for tasks to queue
[2026-01-26T14:26:14.999+0000] {logging_mixin.py:151} INFO - [2026-01-26T14:26:14.999+0000] {dagbag.py:539} INFO - Filling up the DagBag from /opt/airflow/dags/stock_etl_simple.py
[2026-01-26T14:26:15.012+0000] {processor.py:839} INFO - DAG(s) dict_keys(['stock_etl_simple']) retrieved from /opt/airflow/dags/stock_etl_simple.py
[2026-01-26T14:26:15.040+0000] {logging_mixin.py:151} INFO - [2026-01-26T14:26:15.040+0000] {dag.py:2915} INFO - Sync 1 DAGs
[2026-01-26T14:26:15.054+0000] {logging_mixin.py:151} INFO - [2026-01-26T14:26:15.054+0000] {dag.py:3696} INFO - Setting next_dagrun for stock_etl_simple to None, run_after=None
[2026-01-26T14:26:15.085+0000] {processor.py:179} INFO - Processing /opt/airflow/dags/stock_etl_simple.py took 0.091 seconds
[2026-01-26T14:26:18.142+0000] {processor.py:157} INFO - Started process (PID=3024) to work on /opt/airflow/dags/stock_etl_simple.py
[2026-01-26T14:26:18.143+0000] {processor.py:829} INFO - Processing file /opt/airflow/dags/stock_etl_simple.py for tasks to queue
[2026-01-26T14:26:18.145+0000] {logging_mixin.py:151} INFO - [2026-01-26T14:26:18.144+0000] {dagbag.py:539} INFO - Filling up the DagBag from /opt/airflow/dags/stock_etl_simple.py
[2026-01-26T14:26:18.161+0000] {processor.py:839} INFO - DAG(s) dict_keys(['stock_etl_simple']) retrieved from /opt/airflow/dags/stock_etl_simple.py
[2026-01-26T14:26:18.194+0000] {logging_mixin.py:151} INFO - [2026-01-26T14:26:18.194+0000] {dag.py:2915} INFO - Sync 1 DAGs
[2026-01-26T14:26:18.221+0000] {logging_mixin.py:151} INFO - [2026-01-26T14:26:18.221+0000] {dag.py:3696} INFO - Setting next_dagrun for stock_etl_simple to None, run_after=None
[2026-01-26T14:26:18.258+0000] {processor.py:179} INFO - Processing /opt/airflow/dags/stock_etl_simple.py took 0.120 seconds
[2026-01-26T14:26:27.635+0000] {processor.py:157} INFO - Started process (PID=3029) to work on /opt/airflow/dags/stock_etl_simple.py
[2026-01-26T14:26:27.636+0000] {processor.py:829} INFO - Processing file /opt/airflow/dags/stock_etl_simple.py for tasks to queue
[2026-01-26T14:26:27.638+0000] {logging_mixin.py:151} INFO - [2026-01-26T14:26:27.637+0000] {dagbag.py:539} INFO - Filling up the DagBag from /opt/airflow/dags/stock_etl_simple.py
[2026-01-26T14:26:27.656+0000] {processor.py:839} INFO - DAG(s) dict_keys(['stock_etl_simple']) retrieved from /opt/airflow/dags/stock_etl_simple.py
[2026-01-26T14:26:27.689+0000] {logging_mixin.py:151} INFO - [2026-01-26T14:26:27.688+0000] {dag.py:2915} INFO - Sync 1 DAGs
[2026-01-26T14:26:27.706+0000] {logging_mixin.py:151} INFO - [2026-01-26T14:26:27.705+0000] {dag.py:3696} INFO - Setting next_dagrun for stock_etl_simple to None, run_after=None
[2026-01-26T14:26:27.734+0000] {processor.py:179} INFO - Processing /opt/airflow/dags/stock_etl_simple.py took 0.102 seconds
[2026-01-26T14:26:33.797+0000] {processor.py:157} INFO - Started process (PID=3034) to work on /opt/airflow/dags/stock_etl_simple.py
[2026-01-26T14:26:33.798+0000] {processor.py:829} INFO - Processing file /opt/airflow/dags/stock_etl_simple.py for tasks to queue
[2026-01-26T14:26:33.799+0000] {logging_mixin.py:151} INFO - [2026-01-26T14:26:33.798+0000] {dagbag.py:539} INFO - Filling up the DagBag from /opt/airflow/dags/stock_etl_simple.py
[2026-01-26T14:26:33.844+0000] {processor.py:839} INFO - DAG(s) dict_keys(['stock_etl_simple']) retrieved from /opt/airflow/dags/stock_etl_simple.py
[2026-01-26T14:26:33.877+0000] {logging_mixin.py:151} INFO - [2026-01-26T14:26:33.876+0000] {dag.py:2915} INFO - Sync 1 DAGs
[2026-01-26T14:26:33.893+0000] {logging_mixin.py:151} INFO - [2026-01-26T14:26:33.893+0000] {dag.py:3696} INFO - Setting next_dagrun for stock_etl_simple to None, run_after=None
[2026-01-26T14:26:33.923+0000] {processor.py:179} INFO - Processing /opt/airflow/dags/stock_etl_simple.py took 0.130 seconds
[2026-01-26T14:26:37.830+0000] {processor.py:157} INFO - Started process (PID=3039) to work on /opt/airflow/dags/stock_etl_simple.py
[2026-01-26T14:26:37.831+0000] {processor.py:829} INFO - Processing file /opt/airflow/dags/stock_etl_simple.py for tasks to queue
[2026-01-26T14:26:37.832+0000] {logging_mixin.py:151} INFO - [2026-01-26T14:26:37.832+0000] {dagbag.py:539} INFO - Filling up the DagBag from /opt/airflow/dags/stock_etl_simple.py
[2026-01-26T14:26:37.849+0000] {processor.py:839} INFO - DAG(s) dict_keys(['stock_etl_simple']) retrieved from /opt/airflow/dags/stock_etl_simple.py
[2026-01-26T14:26:37.879+0000] {logging_mixin.py:151} INFO - [2026-01-26T14:26:37.878+0000] {dag.py:2915} INFO - Sync 1 DAGs
[2026-01-26T14:26:37.892+0000] {logging_mixin.py:151} INFO - [2026-01-26T14:26:37.892+0000] {dag.py:3696} INFO - Setting next_dagrun for stock_etl_simple to None, run_after=None
[2026-01-26T14:26:37.919+0000] {processor.py:179} INFO - Processing /opt/airflow/dags/stock_etl_simple.py took 0.092 seconds
[2026-01-26T14:26:41.064+0000] {processor.py:157} INFO - Started process (PID=3044) to work on /opt/airflow/dags/stock_etl_simple.py
[2026-01-26T14:26:41.065+0000] {processor.py:829} INFO - Processing file /opt/airflow/dags/stock_etl_simple.py for tasks to queue
[2026-01-26T14:26:41.066+0000] {logging_mixin.py:151} INFO - [2026-01-26T14:26:41.066+0000] {dagbag.py:539} INFO - Filling up the DagBag from /opt/airflow/dags/stock_etl_simple.py
[2026-01-26T14:26:41.127+0000] {processor.py:839} INFO - DAG(s) dict_keys(['stock_etl_simple']) retrieved from /opt/airflow/dags/stock_etl_simple.py
[2026-01-26T14:26:41.160+0000] {logging_mixin.py:151} INFO - [2026-01-26T14:26:41.159+0000] {dag.py:2915} INFO - Sync 1 DAGs
[2026-01-26T14:26:41.173+0000] {logging_mixin.py:151} INFO - [2026-01-26T14:26:41.173+0000] {dag.py:3696} INFO - Setting next_dagrun for stock_etl_simple to None, run_after=None
[2026-01-26T14:26:41.201+0000] {processor.py:179} INFO - Processing /opt/airflow/dags/stock_etl_simple.py took 0.143 seconds
[2026-01-26T14:26:43.075+0000] {processor.py:157} INFO - Started process (PID=3049) to work on /opt/airflow/dags/stock_etl_simple.py
[2026-01-26T14:26:43.076+0000] {processor.py:829} INFO - Processing file /opt/airflow/dags/stock_etl_simple.py for tasks to queue
[2026-01-26T14:26:43.077+0000] {logging_mixin.py:151} INFO - [2026-01-26T14:26:43.076+0000] {dagbag.py:539} INFO - Filling up the DagBag from /opt/airflow/dags/stock_etl_simple.py
[2026-01-26T14:26:43.089+0000] {processor.py:839} INFO - DAG(s) dict_keys(['stock_etl_simple']) retrieved from /opt/airflow/dags/stock_etl_simple.py
[2026-01-26T14:26:43.118+0000] {logging_mixin.py:151} INFO - [2026-01-26T14:26:43.118+0000] {dag.py:2915} INFO - Sync 1 DAGs
[2026-01-26T14:26:43.133+0000] {logging_mixin.py:151} INFO - [2026-01-26T14:26:43.133+0000] {dag.py:3696} INFO - Setting next_dagrun for stock_etl_simple to None, run_after=None
[2026-01-26T14:26:43.160+0000] {processor.py:179} INFO - Processing /opt/airflow/dags/stock_etl_simple.py took 0.089 seconds
[2026-01-26T14:26:46.110+0000] {processor.py:157} INFO - Started process (PID=3060) to work on /opt/airflow/dags/stock_etl_simple.py
[2026-01-26T14:26:46.112+0000] {processor.py:829} INFO - Processing file /opt/airflow/dags/stock_etl_simple.py for tasks to queue
[2026-01-26T14:26:46.114+0000] {logging_mixin.py:151} INFO - [2026-01-26T14:26:46.113+0000] {dagbag.py:539} INFO - Filling up the DagBag from /opt/airflow/dags/stock_etl_simple.py
[2026-01-26T14:26:46.137+0000] {processor.py:839} INFO - DAG(s) dict_keys(['stock_etl_simple']) retrieved from /opt/airflow/dags/stock_etl_simple.py
[2026-01-26T14:26:46.179+0000] {logging_mixin.py:151} INFO - [2026-01-26T14:26:46.179+0000] {dag.py:2915} INFO - Sync 1 DAGs
[2026-01-26T14:26:46.199+0000] {logging_mixin.py:151} INFO - [2026-01-26T14:26:46.199+0000] {dag.py:3696} INFO - Setting next_dagrun for stock_etl_simple to None, run_after=None
[2026-01-26T14:26:46.239+0000] {processor.py:179} INFO - Processing /opt/airflow/dags/stock_etl_simple.py took 0.133 seconds
[2026-01-26T14:26:50.406+0000] {processor.py:157} INFO - Started process (PID=3072) to work on /opt/airflow/dags/stock_etl_simple.py
[2026-01-26T14:26:50.407+0000] {processor.py:829} INFO - Processing file /opt/airflow/dags/stock_etl_simple.py for tasks to queue
[2026-01-26T14:26:50.408+0000] {logging_mixin.py:151} INFO - [2026-01-26T14:26:50.407+0000] {dagbag.py:539} INFO - Filling up the DagBag from /opt/airflow/dags/stock_etl_simple.py
[2026-01-26T14:26:50.463+0000] {processor.py:839} INFO - DAG(s) dict_keys(['stock_etl_simple']) retrieved from /opt/airflow/dags/stock_etl_simple.py
[2026-01-26T14:26:50.505+0000] {logging_mixin.py:151} INFO - [2026-01-26T14:26:50.504+0000] {dag.py:2915} INFO - Sync 1 DAGs
[2026-01-26T14:26:50.518+0000] {logging_mixin.py:151} INFO - [2026-01-26T14:26:50.518+0000] {dag.py:3696} INFO - Setting next_dagrun for stock_etl_simple to None, run_after=None
[2026-01-26T14:26:50.545+0000] {processor.py:179} INFO - Processing /opt/airflow/dags/stock_etl_simple.py took 0.146 seconds
[2026-01-26T14:26:56.501+0000] {processor.py:157} INFO - Started process (PID=3077) to work on /opt/airflow/dags/stock_etl_simple.py
[2026-01-26T14:26:56.502+0000] {processor.py:829} INFO - Processing file /opt/airflow/dags/stock_etl_simple.py for tasks to queue
[2026-01-26T14:26:56.503+0000] {logging_mixin.py:151} INFO - [2026-01-26T14:26:56.502+0000] {dagbag.py:539} INFO - Filling up the DagBag from /opt/airflow/dags/stock_etl_simple.py
[2026-01-26T14:26:56.516+0000] {processor.py:839} INFO - DAG(s) dict_keys(['stock_etl_simple']) retrieved from /opt/airflow/dags/stock_etl_simple.py
[2026-01-26T14:26:56.545+0000] {logging_mixin.py:151} INFO - [2026-01-26T14:26:56.545+0000] {dag.py:2915} INFO - Sync 1 DAGs
[2026-01-26T14:26:56.559+0000] {logging_mixin.py:151} INFO - [2026-01-26T14:26:56.559+0000] {dag.py:3696} INFO - Setting next_dagrun for stock_etl_simple to None, run_after=None
[2026-01-26T14:26:56.586+0000] {processor.py:179} INFO - Processing /opt/airflow/dags/stock_etl_simple.py took 0.089 seconds
[2026-01-26T14:26:58.615+0000] {processor.py:157} INFO - Started process (PID=3082) to work on /opt/airflow/dags/stock_etl_simple.py
[2026-01-26T14:26:58.616+0000] {processor.py:829} INFO - Processing file /opt/airflow/dags/stock_etl_simple.py for tasks to queue
[2026-01-26T14:26:58.617+0000] {logging_mixin.py:151} INFO - [2026-01-26T14:26:58.617+0000] {dagbag.py:539} INFO - Filling up the DagBag from /opt/airflow/dags/stock_etl_simple.py
[2026-01-26T14:26:58.633+0000] {processor.py:839} INFO - DAG(s) dict_keys(['stock_etl_simple']) retrieved from /opt/airflow/dags/stock_etl_simple.py
[2026-01-26T14:26:58.660+0000] {logging_mixin.py:151} INFO - [2026-01-26T14:26:58.659+0000] {dag.py:2915} INFO - Sync 1 DAGs
[2026-01-26T14:26:58.672+0000] {logging_mixin.py:151} INFO - [2026-01-26T14:26:58.672+0000] {dag.py:3696} INFO - Setting next_dagrun for stock_etl_simple to None, run_after=None
[2026-01-26T14:26:58.701+0000] {processor.py:179} INFO - Processing /opt/airflow/dags/stock_etl_simple.py took 0.089 seconds
[2026-01-26T14:27:00.635+0000] {processor.py:157} INFO - Started process (PID=3087) to work on /opt/airflow/dags/stock_etl_simple.py
[2026-01-26T14:27:00.635+0000] {processor.py:829} INFO - Processing file /opt/airflow/dags/stock_etl_simple.py for tasks to queue
[2026-01-26T14:27:00.636+0000] {logging_mixin.py:151} INFO - [2026-01-26T14:27:00.636+0000] {dagbag.py:539} INFO - Filling up the DagBag from /opt/airflow/dags/stock_etl_simple.py
[2026-01-26T14:27:00.657+0000] {processor.py:839} INFO - DAG(s) dict_keys(['stock_etl_simple']) retrieved from /opt/airflow/dags/stock_etl_simple.py
[2026-01-26T14:27:00.699+0000] {logging_mixin.py:151} INFO - [2026-01-26T14:27:00.698+0000] {dag.py:2915} INFO - Sync 1 DAGs
[2026-01-26T14:27:00.724+0000] {logging_mixin.py:151} INFO - [2026-01-26T14:27:00.724+0000] {dag.py:3696} INFO - Setting next_dagrun for stock_etl_simple to None, run_after=None
[2026-01-26T14:27:00.763+0000] {processor.py:179} INFO - Processing /opt/airflow/dags/stock_etl_simple.py took 0.132 seconds
[2026-01-26T14:27:03.759+0000] {processor.py:157} INFO - Started process (PID=3092) to work on /opt/airflow/dags/stock_etl_simple.py
[2026-01-26T14:27:03.760+0000] {processor.py:829} INFO - Processing file /opt/airflow/dags/stock_etl_simple.py for tasks to queue
[2026-01-26T14:27:03.761+0000] {logging_mixin.py:151} INFO - [2026-01-26T14:27:03.761+0000] {dagbag.py:539} INFO - Filling up the DagBag from /opt/airflow/dags/stock_etl_simple.py
[2026-01-26T14:27:03.780+0000] {processor.py:839} INFO - DAG(s) dict_keys(['stock_etl_simple']) retrieved from /opt/airflow/dags/stock_etl_simple.py
[2026-01-26T14:27:03.811+0000] {logging_mixin.py:151} INFO - [2026-01-26T14:27:03.811+0000] {dag.py:2915} INFO - Sync 1 DAGs
[2026-01-26T14:27:03.832+0000] {logging_mixin.py:151} INFO - [2026-01-26T14:27:03.832+0000] {dag.py:3696} INFO - Setting next_dagrun for stock_etl_simple to None, run_after=None
[2026-01-26T14:27:03.878+0000] {processor.py:179} INFO - Processing /opt/airflow/dags/stock_etl_simple.py took 0.124 seconds
[2026-01-26T14:27:05.837+0000] {processor.py:157} INFO - Started process (PID=3097) to work on /opt/airflow/dags/stock_etl_simple.py
[2026-01-26T14:27:05.838+0000] {processor.py:829} INFO - Processing file /opt/airflow/dags/stock_etl_simple.py for tasks to queue
[2026-01-26T14:27:05.839+0000] {logging_mixin.py:151} INFO - [2026-01-26T14:27:05.839+0000] {dagbag.py:539} INFO - Filling up the DagBag from /opt/airflow/dags/stock_etl_simple.py
[2026-01-26T14:27:05.896+0000] {processor.py:839} INFO - DAG(s) dict_keys(['stock_etl_simple']) retrieved from /opt/airflow/dags/stock_etl_simple.py
[2026-01-26T14:27:05.929+0000] {logging_mixin.py:151} INFO - [2026-01-26T14:27:05.929+0000] {dag.py:2915} INFO - Sync 1 DAGs
[2026-01-26T14:27:05.943+0000] {logging_mixin.py:151} INFO - [2026-01-26T14:27:05.943+0000] {dag.py:3696} INFO - Setting next_dagrun for stock_etl_simple to None, run_after=None
[2026-01-26T14:27:05.973+0000] {processor.py:179} INFO - Processing /opt/airflow/dags/stock_etl_simple.py took 0.140 seconds
[2026-01-26T14:28:00.807+0000] {processor.py:157} INFO - Started process (PID=163) to work on /opt/airflow/dags/stock_etl_simple.py
[2026-01-26T14:28:00.809+0000] {processor.py:829} INFO - Processing file /opt/airflow/dags/stock_etl_simple.py for tasks to queue
[2026-01-26T14:28:00.810+0000] {logging_mixin.py:151} INFO - [2026-01-26T14:28:00.810+0000] {dagbag.py:539} INFO - Filling up the DagBag from /opt/airflow/dags/stock_etl_simple.py
[2026-01-26T14:28:00.893+0000] {processor.py:839} INFO - DAG(s) dict_keys(['stock_etl_simple']) retrieved from /opt/airflow/dags/stock_etl_simple.py
[2026-01-26T14:28:00.985+0000] {logging_mixin.py:151} INFO - [2026-01-26T14:28:00.985+0000] {dag.py:2915} INFO - Sync 1 DAGs
[2026-01-26T14:28:01.008+0000] {logging_mixin.py:151} INFO - [2026-01-26T14:28:01.007+0000] {dag.py:3696} INFO - Setting next_dagrun for stock_etl_simple to None, run_after=None
[2026-01-26T14:28:01.042+0000] {processor.py:179} INFO - Processing /opt/airflow/dags/stock_etl_simple.py took 0.243 seconds
[2026-01-26T14:28:31.207+0000] {processor.py:157} INFO - Started process (PID=182) to work on /opt/airflow/dags/stock_etl_simple.py
[2026-01-26T14:28:31.209+0000] {processor.py:829} INFO - Processing file /opt/airflow/dags/stock_etl_simple.py for tasks to queue
[2026-01-26T14:28:31.210+0000] {logging_mixin.py:151} INFO - [2026-01-26T14:28:31.210+0000] {dagbag.py:539} INFO - Filling up the DagBag from /opt/airflow/dags/stock_etl_simple.py
[2026-01-26T14:28:31.224+0000] {processor.py:839} INFO - DAG(s) dict_keys(['stock_etl_simple']) retrieved from /opt/airflow/dags/stock_etl_simple.py
[2026-01-26T14:28:31.255+0000] {logging_mixin.py:151} INFO - [2026-01-26T14:28:31.255+0000] {dag.py:2915} INFO - Sync 1 DAGs
[2026-01-26T14:28:31.268+0000] {logging_mixin.py:151} INFO - [2026-01-26T14:28:31.268+0000] {dag.py:3696} INFO - Setting next_dagrun for stock_etl_simple to None, run_after=None
[2026-01-26T14:28:31.303+0000] {processor.py:179} INFO - Processing /opt/airflow/dags/stock_etl_simple.py took 0.101 seconds
[2026-01-26T14:29:01.468+0000] {processor.py:157} INFO - Started process (PID=203) to work on /opt/airflow/dags/stock_etl_simple.py
[2026-01-26T14:29:01.470+0000] {processor.py:829} INFO - Processing file /opt/airflow/dags/stock_etl_simple.py for tasks to queue
[2026-01-26T14:29:01.472+0000] {logging_mixin.py:151} INFO - [2026-01-26T14:29:01.471+0000] {dagbag.py:539} INFO - Filling up the DagBag from /opt/airflow/dags/stock_etl_simple.py
[2026-01-26T14:29:01.491+0000] {processor.py:839} INFO - DAG(s) dict_keys(['stock_etl_simple']) retrieved from /opt/airflow/dags/stock_etl_simple.py
[2026-01-26T14:29:01.538+0000] {logging_mixin.py:151} INFO - [2026-01-26T14:29:01.538+0000] {dag.py:2915} INFO - Sync 1 DAGs
[2026-01-26T14:29:01.565+0000] {logging_mixin.py:151} INFO - [2026-01-26T14:29:01.565+0000] {dag.py:3696} INFO - Setting next_dagrun for stock_etl_simple to None, run_after=None
[2026-01-26T14:29:01.600+0000] {processor.py:179} INFO - Processing /opt/airflow/dags/stock_etl_simple.py took 0.137 seconds
[2026-01-26T14:29:31.828+0000] {processor.py:157} INFO - Started process (PID=221) to work on /opt/airflow/dags/stock_etl_simple.py
[2026-01-26T14:29:31.830+0000] {processor.py:829} INFO - Processing file /opt/airflow/dags/stock_etl_simple.py for tasks to queue
[2026-01-26T14:29:31.832+0000] {logging_mixin.py:151} INFO - [2026-01-26T14:29:31.831+0000] {dagbag.py:539} INFO - Filling up the DagBag from /opt/airflow/dags/stock_etl_simple.py
[2026-01-26T14:29:31.863+0000] {processor.py:839} INFO - DAG(s) dict_keys(['stock_etl_simple']) retrieved from /opt/airflow/dags/stock_etl_simple.py
[2026-01-26T14:29:31.915+0000] {logging_mixin.py:151} INFO - [2026-01-26T14:29:31.915+0000] {dag.py:2915} INFO - Sync 1 DAGs
[2026-01-26T14:29:32.178+0000] {logging_mixin.py:151} INFO - [2026-01-26T14:29:32.177+0000] {dag.py:3696} INFO - Setting next_dagrun for stock_etl_simple to None, run_after=None
[2026-01-26T14:29:32.223+0000] {processor.py:179} INFO - Processing /opt/airflow/dags/stock_etl_simple.py took 0.403 seconds
[2026-01-26T14:30:02.408+0000] {processor.py:157} INFO - Started process (PID=239) to work on /opt/airflow/dags/stock_etl_simple.py
[2026-01-26T14:30:02.409+0000] {processor.py:829} INFO - Processing file /opt/airflow/dags/stock_etl_simple.py for tasks to queue
[2026-01-26T14:30:02.410+0000] {logging_mixin.py:151} INFO - [2026-01-26T14:30:02.410+0000] {dagbag.py:539} INFO - Filling up the DagBag from /opt/airflow/dags/stock_etl_simple.py
[2026-01-26T14:30:02.424+0000] {processor.py:839} INFO - DAG(s) dict_keys(['stock_etl_simple']) retrieved from /opt/airflow/dags/stock_etl_simple.py
[2026-01-26T14:30:02.674+0000] {logging_mixin.py:151} INFO - [2026-01-26T14:30:02.673+0000] {dag.py:2915} INFO - Sync 1 DAGs
[2026-01-26T14:30:02.697+0000] {logging_mixin.py:151} INFO - [2026-01-26T14:30:02.696+0000] {dag.py:3696} INFO - Setting next_dagrun for stock_etl_simple to None, run_after=None
[2026-01-26T14:30:02.737+0000] {processor.py:179} INFO - Processing /opt/airflow/dags/stock_etl_simple.py took 0.334 seconds
[2026-01-26T14:30:33.175+0000] {processor.py:157} INFO - Started process (PID=257) to work on /opt/airflow/dags/stock_etl_simple.py
[2026-01-26T14:30:33.179+0000] {processor.py:829} INFO - Processing file /opt/airflow/dags/stock_etl_simple.py for tasks to queue
[2026-01-26T14:30:33.182+0000] {logging_mixin.py:151} INFO - [2026-01-26T14:30:33.182+0000] {dagbag.py:539} INFO - Filling up the DagBag from /opt/airflow/dags/stock_etl_simple.py
[2026-01-26T14:30:33.210+0000] {processor.py:839} INFO - DAG(s) dict_keys(['stock_etl_simple']) retrieved from /opt/airflow/dags/stock_etl_simple.py
[2026-01-26T14:30:33.285+0000] {logging_mixin.py:151} INFO - [2026-01-26T14:30:33.285+0000] {dag.py:2915} INFO - Sync 1 DAGs
[2026-01-26T14:30:33.311+0000] {logging_mixin.py:151} INFO - [2026-01-26T14:30:33.310+0000] {dag.py:3696} INFO - Setting next_dagrun for stock_etl_simple to None, run_after=None
[2026-01-26T14:30:33.345+0000] {processor.py:179} INFO - Processing /opt/airflow/dags/stock_etl_simple.py took 0.180 seconds
[2026-01-26T14:31:03.536+0000] {processor.py:157} INFO - Started process (PID=275) to work on /opt/airflow/dags/stock_etl_simple.py
[2026-01-26T14:31:03.539+0000] {processor.py:829} INFO - Processing file /opt/airflow/dags/stock_etl_simple.py for tasks to queue
[2026-01-26T14:31:03.544+0000] {logging_mixin.py:151} INFO - [2026-01-26T14:31:03.542+0000] {dagbag.py:539} INFO - Filling up the DagBag from /opt/airflow/dags/stock_etl_simple.py
[2026-01-26T14:31:03.573+0000] {processor.py:839} INFO - DAG(s) dict_keys(['stock_etl_simple']) retrieved from /opt/airflow/dags/stock_etl_simple.py
[2026-01-26T14:31:03.620+0000] {logging_mixin.py:151} INFO - [2026-01-26T14:31:03.620+0000] {dag.py:2915} INFO - Sync 1 DAGs
[2026-01-26T14:31:03.662+0000] {logging_mixin.py:151} INFO - [2026-01-26T14:31:03.662+0000] {dag.py:3696} INFO - Setting next_dagrun for stock_etl_simple to None, run_after=None
[2026-01-26T14:31:03.722+0000] {processor.py:179} INFO - Processing /opt/airflow/dags/stock_etl_simple.py took 0.195 seconds
[2026-01-26T14:31:33.935+0000] {processor.py:157} INFO - Started process (PID=286) to work on /opt/airflow/dags/stock_etl_simple.py
[2026-01-26T14:31:33.939+0000] {processor.py:829} INFO - Processing file /opt/airflow/dags/stock_etl_simple.py for tasks to queue
[2026-01-26T14:31:33.943+0000] {logging_mixin.py:151} INFO - [2026-01-26T14:31:33.941+0000] {dagbag.py:539} INFO - Filling up the DagBag from /opt/airflow/dags/stock_etl_simple.py
[2026-01-26T14:31:33.962+0000] {processor.py:839} INFO - DAG(s) dict_keys(['stock_etl_simple']) retrieved from /opt/airflow/dags/stock_etl_simple.py
[2026-01-26T14:31:34.017+0000] {logging_mixin.py:151} INFO - [2026-01-26T14:31:34.017+0000] {dag.py:2915} INFO - Sync 1 DAGs
[2026-01-26T14:31:34.054+0000] {logging_mixin.py:151} INFO - [2026-01-26T14:31:34.053+0000] {dag.py:3696} INFO - Setting next_dagrun for stock_etl_simple to None, run_after=None
[2026-01-26T14:31:34.100+0000] {processor.py:179} INFO - Processing /opt/airflow/dags/stock_etl_simple.py took 0.169 seconds
[2026-01-26T14:32:04.323+0000] {processor.py:157} INFO - Started process (PID=304) to work on /opt/airflow/dags/stock_etl_simple.py
[2026-01-26T14:32:04.324+0000] {processor.py:829} INFO - Processing file /opt/airflow/dags/stock_etl_simple.py for tasks to queue
[2026-01-26T14:32:04.325+0000] {logging_mixin.py:151} INFO - [2026-01-26T14:32:04.325+0000] {dagbag.py:539} INFO - Filling up the DagBag from /opt/airflow/dags/stock_etl_simple.py
[2026-01-26T14:32:04.342+0000] {processor.py:839} INFO - DAG(s) dict_keys(['stock_etl_simple']) retrieved from /opt/airflow/dags/stock_etl_simple.py
[2026-01-26T14:32:04.378+0000] {logging_mixin.py:151} INFO - [2026-01-26T14:32:04.377+0000] {dag.py:2915} INFO - Sync 1 DAGs
[2026-01-26T14:32:04.393+0000] {logging_mixin.py:151} INFO - [2026-01-26T14:32:04.393+0000] {dag.py:3696} INFO - Setting next_dagrun for stock_etl_simple to None, run_after=None
[2026-01-26T14:32:04.420+0000] {processor.py:179} INFO - Processing /opt/airflow/dags/stock_etl_simple.py took 0.101 seconds
[2026-01-26T14:32:11.515+0000] {processor.py:157} INFO - Started process (PID=322) to work on /opt/airflow/dags/stock_etl_simple.py
[2026-01-26T14:32:11.518+0000] {processor.py:829} INFO - Processing file /opt/airflow/dags/stock_etl_simple.py for tasks to queue
[2026-01-26T14:32:11.520+0000] {logging_mixin.py:151} INFO - [2026-01-26T14:32:11.520+0000] {dagbag.py:539} INFO - Filling up the DagBag from /opt/airflow/dags/stock_etl_simple.py
[2026-01-26T14:32:12.010+0000] {processor.py:839} INFO - DAG(s) dict_keys(['stock_etl_simple']) retrieved from /opt/airflow/dags/stock_etl_simple.py
[2026-01-26T14:32:12.383+0000] {logging_mixin.py:151} INFO - [2026-01-26T14:32:12.382+0000] {security.py:708} INFO - Not syncing DAG-level permissions for DAG 'DAG:stock_etl_simple' as access control is unset.
[2026-01-26T14:32:12.383+0000] {logging_mixin.py:151} INFO - [2026-01-26T14:32:12.383+0000] {dag.py:2915} INFO - Sync 1 DAGs
[2026-01-26T14:32:12.415+0000] {logging_mixin.py:151} INFO - [2026-01-26T14:32:12.415+0000] {dag.py:3696} INFO - Setting next_dagrun for stock_etl_simple to 2026-01-25T14:32:12.414914+00:00, run_after=2026-01-26T14:32:12.414914+00:00
[2026-01-26T14:32:12.453+0000] {processor.py:179} INFO - Processing /opt/airflow/dags/stock_etl_simple.py took 0.943 seconds
[2026-01-26T14:32:42.786+0000] {processor.py:157} INFO - Started process (PID=336) to work on /opt/airflow/dags/stock_etl_simple.py
[2026-01-26T14:32:42.788+0000] {processor.py:829} INFO - Processing file /opt/airflow/dags/stock_etl_simple.py for tasks to queue
[2026-01-26T14:32:42.789+0000] {logging_mixin.py:151} INFO - [2026-01-26T14:32:42.789+0000] {dagbag.py:539} INFO - Filling up the DagBag from /opt/airflow/dags/stock_etl_simple.py
[2026-01-26T14:32:43.198+0000] {processor.py:839} INFO - DAG(s) dict_keys(['stock_etl_simple']) retrieved from /opt/airflow/dags/stock_etl_simple.py
[2026-01-26T14:32:43.234+0000] {logging_mixin.py:151} INFO - [2026-01-26T14:32:43.234+0000] {dag.py:2915} INFO - Sync 1 DAGs
[2026-01-26T14:32:43.272+0000] {logging_mixin.py:151} INFO - [2026-01-26T14:32:43.271+0000] {dag.py:3696} INFO - Setting next_dagrun for stock_etl_simple to 2026-01-26T14:32:12.414914+00:00, run_after=2026-01-27T14:32:12.414914+00:00
[2026-01-26T14:32:43.306+0000] {processor.py:179} INFO - Processing /opt/airflow/dags/stock_etl_simple.py took 0.526 seconds
[2026-01-26T14:33:14.084+0000] {processor.py:157} INFO - Started process (PID=355) to work on /opt/airflow/dags/stock_etl_simple.py
[2026-01-26T14:33:14.085+0000] {processor.py:829} INFO - Processing file /opt/airflow/dags/stock_etl_simple.py for tasks to queue
[2026-01-26T14:33:14.086+0000] {logging_mixin.py:151} INFO - [2026-01-26T14:33:14.086+0000] {dagbag.py:539} INFO - Filling up the DagBag from /opt/airflow/dags/stock_etl_simple.py
[2026-01-26T14:33:14.410+0000] {processor.py:839} INFO - DAG(s) dict_keys(['stock_etl_simple']) retrieved from /opt/airflow/dags/stock_etl_simple.py
[2026-01-26T14:33:14.435+0000] {logging_mixin.py:151} INFO - [2026-01-26T14:33:14.435+0000] {dag.py:2915} INFO - Sync 1 DAGs
[2026-01-26T14:33:14.456+0000] {logging_mixin.py:151} INFO - [2026-01-26T14:33:14.456+0000] {dag.py:3696} INFO - Setting next_dagrun for stock_etl_simple to 2026-01-26T14:32:12.414914+00:00, run_after=2026-01-27T14:32:12.414914+00:00
[2026-01-26T14:33:14.481+0000] {processor.py:179} INFO - Processing /opt/airflow/dags/stock_etl_simple.py took 0.401 seconds
[2026-01-26T14:33:36.318+0000] {processor.py:157} INFO - Started process (PID=374) to work on /opt/airflow/dags/stock_etl_simple.py
[2026-01-26T14:33:36.319+0000] {processor.py:829} INFO - Processing file /opt/airflow/dags/stock_etl_simple.py for tasks to queue
[2026-01-26T14:33:36.320+0000] {logging_mixin.py:151} INFO - [2026-01-26T14:33:36.320+0000] {dagbag.py:539} INFO - Filling up the DagBag from /opt/airflow/dags/stock_etl_simple.py
[2026-01-26T14:33:36.729+0000] {processor.py:839} INFO - DAG(s) dict_keys(['stock_etl_simple']) retrieved from /opt/airflow/dags/stock_etl_simple.py
[2026-01-26T14:33:36.754+0000] {logging_mixin.py:151} INFO - [2026-01-26T14:33:36.753+0000] {dag.py:2915} INFO - Sync 1 DAGs
[2026-01-26T14:33:36.780+0000] {logging_mixin.py:151} INFO - [2026-01-26T14:33:36.780+0000] {dag.py:3696} INFO - Setting next_dagrun for stock_etl_simple to 2026-01-26T14:32:12.414914+00:00, run_after=2026-01-27T14:32:12.414914+00:00
[2026-01-26T14:33:36.807+0000] {processor.py:179} INFO - Processing /opt/airflow/dags/stock_etl_simple.py took 0.493 seconds
[2026-01-26T14:33:49.527+0000] {processor.py:157} INFO - Started process (PID=388) to work on /opt/airflow/dags/stock_etl_simple.py
[2026-01-26T14:33:49.529+0000] {processor.py:829} INFO - Processing file /opt/airflow/dags/stock_etl_simple.py for tasks to queue
[2026-01-26T14:33:49.530+0000] {logging_mixin.py:151} INFO - [2026-01-26T14:33:49.529+0000] {dagbag.py:539} INFO - Filling up the DagBag from /opt/airflow/dags/stock_etl_simple.py
[2026-01-26T14:33:49.927+0000] {processor.py:839} INFO - DAG(s) dict_keys(['stock_etl_simple']) retrieved from /opt/airflow/dags/stock_etl_simple.py
[2026-01-26T14:33:49.967+0000] {logging_mixin.py:151} INFO - [2026-01-26T14:33:49.967+0000] {dag.py:2915} INFO - Sync 1 DAGs
[2026-01-26T14:33:50.006+0000] {logging_mixin.py:151} INFO - [2026-01-26T14:33:50.006+0000] {dag.py:3696} INFO - Setting next_dagrun for stock_etl_simple to 2026-01-26T14:32:12.414914+00:00, run_after=2026-01-27T14:32:12.414914+00:00
[2026-01-26T14:33:50.042+0000] {processor.py:179} INFO - Processing /opt/airflow/dags/stock_etl_simple.py took 0.519 seconds
[2026-01-26T14:33:52.962+0000] {processor.py:157} INFO - Started process (PID=394) to work on /opt/airflow/dags/stock_etl_simple.py
[2026-01-26T14:33:52.964+0000] {processor.py:829} INFO - Processing file /opt/airflow/dags/stock_etl_simple.py for tasks to queue
[2026-01-26T14:33:52.968+0000] {logging_mixin.py:151} INFO - [2026-01-26T14:33:52.967+0000] {dagbag.py:539} INFO - Filling up the DagBag from /opt/airflow/dags/stock_etl_simple.py
[2026-01-26T14:33:53.574+0000] {processor.py:839} INFO - DAG(s) dict_keys(['stock_etl_simple']) retrieved from /opt/airflow/dags/stock_etl_simple.py
[2026-01-26T14:33:53.612+0000] {logging_mixin.py:151} INFO - [2026-01-26T14:33:53.611+0000] {dag.py:2915} INFO - Sync 1 DAGs
[2026-01-26T14:33:53.640+0000] {logging_mixin.py:151} INFO - [2026-01-26T14:33:53.640+0000] {dag.py:3696} INFO - Setting next_dagrun for stock_etl_simple to 2026-01-26T14:32:12.414914+00:00, run_after=2026-01-27T14:32:12.414914+00:00
[2026-01-26T14:33:53.686+0000] {processor.py:179} INFO - Processing /opt/airflow/dags/stock_etl_simple.py took 0.735 seconds
[2026-01-26T14:33:55.731+0000] {processor.py:157} INFO - Started process (PID=400) to work on /opt/airflow/dags/stock_etl_simple.py
[2026-01-26T14:33:55.732+0000] {processor.py:829} INFO - Processing file /opt/airflow/dags/stock_etl_simple.py for tasks to queue
[2026-01-26T14:33:55.733+0000] {logging_mixin.py:151} INFO - [2026-01-26T14:33:55.733+0000] {dagbag.py:539} INFO - Filling up the DagBag from /opt/airflow/dags/stock_etl_simple.py
[2026-01-26T14:33:56.070+0000] {processor.py:839} INFO - DAG(s) dict_keys(['stock_etl_simple']) retrieved from /opt/airflow/dags/stock_etl_simple.py
[2026-01-26T14:33:56.095+0000] {logging_mixin.py:151} INFO - [2026-01-26T14:33:56.094+0000] {dag.py:2915} INFO - Sync 1 DAGs
[2026-01-26T14:33:56.118+0000] {logging_mixin.py:151} INFO - [2026-01-26T14:33:56.118+0000] {dag.py:3696} INFO - Setting next_dagrun for stock_etl_simple to 2026-01-26T14:32:12.414914+00:00, run_after=2026-01-27T14:32:12.414914+00:00
[2026-01-26T14:33:56.141+0000] {processor.py:179} INFO - Processing /opt/airflow/dags/stock_etl_simple.py took 0.414 seconds
[2026-01-26T14:34:26.378+0000] {processor.py:157} INFO - Started process (PID=419) to work on /opt/airflow/dags/stock_etl_simple.py
[2026-01-26T14:34:26.379+0000] {processor.py:829} INFO - Processing file /opt/airflow/dags/stock_etl_simple.py for tasks to queue
[2026-01-26T14:34:26.381+0000] {logging_mixin.py:151} INFO - [2026-01-26T14:34:26.381+0000] {dagbag.py:539} INFO - Filling up the DagBag from /opt/airflow/dags/stock_etl_simple.py
[2026-01-26T14:34:26.737+0000] {processor.py:839} INFO - DAG(s) dict_keys(['stock_etl_simple']) retrieved from /opt/airflow/dags/stock_etl_simple.py
[2026-01-26T14:34:26.760+0000] {logging_mixin.py:151} INFO - [2026-01-26T14:34:26.760+0000] {dag.py:2915} INFO - Sync 1 DAGs
[2026-01-26T14:34:26.783+0000] {logging_mixin.py:151} INFO - [2026-01-26T14:34:26.783+0000] {dag.py:3696} INFO - Setting next_dagrun for stock_etl_simple to 2026-01-26T14:32:12.414914+00:00, run_after=2026-01-27T14:32:12.414914+00:00
[2026-01-26T14:34:26.804+0000] {processor.py:179} INFO - Processing /opt/airflow/dags/stock_etl_simple.py took 0.433 seconds
[2026-01-26T14:35:05.462+0000] {processor.py:157} INFO - Started process (PID=163) to work on /opt/airflow/dags/stock_etl_simple.py
[2026-01-26T14:35:05.463+0000] {processor.py:829} INFO - Processing file /opt/airflow/dags/stock_etl_simple.py for tasks to queue
[2026-01-26T14:35:05.468+0000] {logging_mixin.py:151} INFO - [2026-01-26T14:35:05.467+0000] {dagbag.py:539} INFO - Filling up the DagBag from /opt/airflow/dags/stock_etl_simple.py
[2026-01-26T14:35:08.003+0000] {processor.py:839} INFO - DAG(s) dict_keys(['stock_etl_simple']) retrieved from /opt/airflow/dags/stock_etl_simple.py
[2026-01-26T14:35:08.065+0000] {logging_mixin.py:151} INFO - [2026-01-26T14:35:08.064+0000] {dag.py:2915} INFO - Sync 1 DAGs
[2026-01-26T14:35:08.102+0000] {logging_mixin.py:151} INFO - [2026-01-26T14:35:08.101+0000] {dag.py:3696} INFO - Setting next_dagrun for stock_etl_simple to 2026-01-26T14:32:12.414914+00:00, run_after=2026-01-27T14:32:12.414914+00:00
[2026-01-26T14:35:08.165+0000] {processor.py:179} INFO - Processing /opt/airflow/dags/stock_etl_simple.py took 2.721 seconds
[2026-01-26T14:35:39.048+0000] {processor.py:157} INFO - Started process (PID=187) to work on /opt/airflow/dags/stock_etl_simple.py
[2026-01-26T14:35:39.049+0000] {processor.py:829} INFO - Processing file /opt/airflow/dags/stock_etl_simple.py for tasks to queue
[2026-01-26T14:35:39.051+0000] {logging_mixin.py:151} INFO - [2026-01-26T14:35:39.050+0000] {dagbag.py:539} INFO - Filling up the DagBag from /opt/airflow/dags/stock_etl_simple.py
[2026-01-26T14:35:39.683+0000] {processor.py:839} INFO - DAG(s) dict_keys(['stock_etl_simple']) retrieved from /opt/airflow/dags/stock_etl_simple.py
[2026-01-26T14:35:39.750+0000] {logging_mixin.py:151} INFO - [2026-01-26T14:35:39.749+0000] {dag.py:2915} INFO - Sync 1 DAGs
[2026-01-26T14:35:39.830+0000] {logging_mixin.py:151} INFO - [2026-01-26T14:35:39.830+0000] {dag.py:3696} INFO - Setting next_dagrun for stock_etl_simple to 2026-01-26T14:32:12.414914+00:00, run_after=2026-01-27T14:32:12.414914+00:00
[2026-01-26T14:35:39.900+0000] {processor.py:179} INFO - Processing /opt/airflow/dags/stock_etl_simple.py took 0.856 seconds
[2026-01-26T14:36:10.302+0000] {processor.py:157} INFO - Started process (PID=209) to work on /opt/airflow/dags/stock_etl_simple.py
[2026-01-26T14:36:10.303+0000] {processor.py:829} INFO - Processing file /opt/airflow/dags/stock_etl_simple.py for tasks to queue
[2026-01-26T14:36:10.305+0000] {logging_mixin.py:151} INFO - [2026-01-26T14:36:10.304+0000] {dagbag.py:539} INFO - Filling up the DagBag from /opt/airflow/dags/stock_etl_simple.py
[2026-01-26T14:36:10.852+0000] {processor.py:839} INFO - DAG(s) dict_keys(['stock_etl_simple']) retrieved from /opt/airflow/dags/stock_etl_simple.py
[2026-01-26T14:36:10.886+0000] {logging_mixin.py:151} INFO - [2026-01-26T14:36:10.885+0000] {dag.py:2915} INFO - Sync 1 DAGs
[2026-01-26T14:36:10.938+0000] {logging_mixin.py:151} INFO - [2026-01-26T14:36:10.938+0000] {dag.py:3696} INFO - Setting next_dagrun for stock_etl_simple to 2026-01-26T14:32:12.414914+00:00, run_after=2026-01-27T14:32:12.414914+00:00
[2026-01-26T14:36:10.971+0000] {processor.py:179} INFO - Processing /opt/airflow/dags/stock_etl_simple.py took 0.673 seconds
[2026-01-26T14:36:41.561+0000] {processor.py:157} INFO - Started process (PID=228) to work on /opt/airflow/dags/stock_etl_simple.py
[2026-01-26T14:36:41.562+0000] {processor.py:829} INFO - Processing file /opt/airflow/dags/stock_etl_simple.py for tasks to queue
[2026-01-26T14:36:41.563+0000] {logging_mixin.py:151} INFO - [2026-01-26T14:36:41.563+0000] {dagbag.py:539} INFO - Filling up the DagBag from /opt/airflow/dags/stock_etl_simple.py
[2026-01-26T14:36:42.118+0000] {processor.py:839} INFO - DAG(s) dict_keys(['stock_etl_simple']) retrieved from /opt/airflow/dags/stock_etl_simple.py
[2026-01-26T14:36:42.146+0000] {logging_mixin.py:151} INFO - [2026-01-26T14:36:42.145+0000] {dag.py:2915} INFO - Sync 1 DAGs
[2026-01-26T14:36:42.173+0000] {logging_mixin.py:151} INFO - [2026-01-26T14:36:42.172+0000] {dag.py:3696} INFO - Setting next_dagrun for stock_etl_simple to 2026-01-26T14:32:12.414914+00:00, run_after=2026-01-27T14:32:12.414914+00:00
[2026-01-26T14:36:42.202+0000] {processor.py:179} INFO - Processing /opt/airflow/dags/stock_etl_simple.py took 0.644 seconds
[2026-01-26T14:37:12.305+0000] {processor.py:157} INFO - Started process (PID=247) to work on /opt/airflow/dags/stock_etl_simple.py
[2026-01-26T14:37:12.308+0000] {processor.py:829} INFO - Processing file /opt/airflow/dags/stock_etl_simple.py for tasks to queue
[2026-01-26T14:37:12.309+0000] {logging_mixin.py:151} INFO - [2026-01-26T14:37:12.308+0000] {dagbag.py:539} INFO - Filling up the DagBag from /opt/airflow/dags/stock_etl_simple.py
[2026-01-26T14:37:12.969+0000] {processor.py:839} INFO - DAG(s) dict_keys(['stock_etl_simple']) retrieved from /opt/airflow/dags/stock_etl_simple.py
[2026-01-26T14:37:13.002+0000] {logging_mixin.py:151} INFO - [2026-01-26T14:37:13.002+0000] {dag.py:2915} INFO - Sync 1 DAGs
[2026-01-26T14:37:13.034+0000] {logging_mixin.py:151} INFO - [2026-01-26T14:37:13.034+0000] {dag.py:3696} INFO - Setting next_dagrun for stock_etl_simple to 2026-01-26T14:32:12.414914+00:00, run_after=2026-01-27T14:32:12.414914+00:00
[2026-01-26T14:37:13.074+0000] {processor.py:179} INFO - Processing /opt/airflow/dags/stock_etl_simple.py took 0.775 seconds
[2026-01-26T14:37:43.418+0000] {processor.py:157} INFO - Started process (PID=266) to work on /opt/airflow/dags/stock_etl_simple.py
[2026-01-26T14:37:43.419+0000] {processor.py:829} INFO - Processing file /opt/airflow/dags/stock_etl_simple.py for tasks to queue
[2026-01-26T14:37:43.419+0000] {logging_mixin.py:151} INFO - [2026-01-26T14:37:43.419+0000] {dagbag.py:539} INFO - Filling up the DagBag from /opt/airflow/dags/stock_etl_simple.py
[2026-01-26T14:37:44.138+0000] {processor.py:839} INFO - DAG(s) dict_keys(['stock_etl_simple']) retrieved from /opt/airflow/dags/stock_etl_simple.py
[2026-01-26T14:37:44.167+0000] {logging_mixin.py:151} INFO - [2026-01-26T14:37:44.166+0000] {dag.py:2915} INFO - Sync 1 DAGs
[2026-01-26T14:37:44.194+0000] {logging_mixin.py:151} INFO - [2026-01-26T14:37:44.194+0000] {dag.py:3696} INFO - Setting next_dagrun for stock_etl_simple to 2026-01-26T14:32:12.414914+00:00, run_after=2026-01-27T14:32:12.414914+00:00
[2026-01-26T14:37:44.219+0000] {processor.py:179} INFO - Processing /opt/airflow/dags/stock_etl_simple.py took 0.805 seconds
[2026-01-26T14:38:14.580+0000] {processor.py:157} INFO - Started process (PID=286) to work on /opt/airflow/dags/stock_etl_simple.py
[2026-01-26T14:38:14.581+0000] {processor.py:829} INFO - Processing file /opt/airflow/dags/stock_etl_simple.py for tasks to queue
[2026-01-26T14:38:14.586+0000] {logging_mixin.py:151} INFO - [2026-01-26T14:38:14.584+0000] {dagbag.py:539} INFO - Filling up the DagBag from /opt/airflow/dags/stock_etl_simple.py
[2026-01-26T14:38:15.154+0000] {processor.py:839} INFO - DAG(s) dict_keys(['stock_etl_simple']) retrieved from /opt/airflow/dags/stock_etl_simple.py
[2026-01-26T14:38:15.191+0000] {logging_mixin.py:151} INFO - [2026-01-26T14:38:15.191+0000] {dag.py:2915} INFO - Sync 1 DAGs
[2026-01-26T14:38:15.236+0000] {logging_mixin.py:151} INFO - [2026-01-26T14:38:15.235+0000] {dag.py:3696} INFO - Setting next_dagrun for stock_etl_simple to 2026-01-26T14:32:12.414914+00:00, run_after=2026-01-27T14:32:12.414914+00:00
[2026-01-26T14:38:15.265+0000] {processor.py:179} INFO - Processing /opt/airflow/dags/stock_etl_simple.py took 0.688 seconds
[2026-01-26T14:38:45.868+0000] {processor.py:157} INFO - Started process (PID=305) to work on /opt/airflow/dags/stock_etl_simple.py
[2026-01-26T14:38:45.870+0000] {processor.py:829} INFO - Processing file /opt/airflow/dags/stock_etl_simple.py for tasks to queue
[2026-01-26T14:38:45.871+0000] {logging_mixin.py:151} INFO - [2026-01-26T14:38:45.871+0000] {dagbag.py:539} INFO - Filling up the DagBag from /opt/airflow/dags/stock_etl_simple.py
[2026-01-26T14:38:46.418+0000] {processor.py:839} INFO - DAG(s) dict_keys(['stock_etl_simple']) retrieved from /opt/airflow/dags/stock_etl_simple.py
[2026-01-26T14:38:46.452+0000] {logging_mixin.py:151} INFO - [2026-01-26T14:38:46.451+0000] {dag.py:2915} INFO - Sync 1 DAGs
[2026-01-26T14:38:46.488+0000] {logging_mixin.py:151} INFO - [2026-01-26T14:38:46.488+0000] {dag.py:3696} INFO - Setting next_dagrun for stock_etl_simple to 2026-01-26T14:32:12.414914+00:00, run_after=2026-01-27T14:32:12.414914+00:00
[2026-01-26T14:38:46.522+0000] {processor.py:179} INFO - Processing /opt/airflow/dags/stock_etl_simple.py took 0.659 seconds
[2026-01-26T14:39:17.167+0000] {processor.py:157} INFO - Started process (PID=324) to work on /opt/airflow/dags/stock_etl_simple.py
[2026-01-26T14:39:17.168+0000] {processor.py:829} INFO - Processing file /opt/airflow/dags/stock_etl_simple.py for tasks to queue
[2026-01-26T14:39:17.169+0000] {logging_mixin.py:151} INFO - [2026-01-26T14:39:17.169+0000] {dagbag.py:539} INFO - Filling up the DagBag from /opt/airflow/dags/stock_etl_simple.py
[2026-01-26T14:39:17.770+0000] {processor.py:839} INFO - DAG(s) dict_keys(['stock_etl_simple']) retrieved from /opt/airflow/dags/stock_etl_simple.py
[2026-01-26T14:39:17.812+0000] {logging_mixin.py:151} INFO - [2026-01-26T14:39:17.811+0000] {dag.py:2915} INFO - Sync 1 DAGs
[2026-01-26T14:39:17.877+0000] {logging_mixin.py:151} INFO - [2026-01-26T14:39:17.870+0000] {dag.py:3696} INFO - Setting next_dagrun for stock_etl_simple to 2026-01-26T14:32:12.414914+00:00, run_after=2026-01-27T14:32:12.414914+00:00
[2026-01-26T14:39:17.915+0000] {processor.py:179} INFO - Processing /opt/airflow/dags/stock_etl_simple.py took 0.753 seconds
[2026-01-26T14:39:40.477+0000] {processor.py:157} INFO - Started process (PID=343) to work on /opt/airflow/dags/stock_etl_simple.py
[2026-01-26T14:39:40.478+0000] {processor.py:829} INFO - Processing file /opt/airflow/dags/stock_etl_simple.py for tasks to queue
[2026-01-26T14:39:40.479+0000] {logging_mixin.py:151} INFO - [2026-01-26T14:39:40.479+0000] {dagbag.py:539} INFO - Filling up the DagBag from /opt/airflow/dags/stock_etl_simple.py
[2026-01-26T14:39:40.975+0000] {processor.py:839} INFO - DAG(s) dict_keys(['stock_etl_simple']) retrieved from /opt/airflow/dags/stock_etl_simple.py
[2026-01-26T14:39:41.006+0000] {logging_mixin.py:151} INFO - [2026-01-26T14:39:41.005+0000] {dag.py:2915} INFO - Sync 1 DAGs
[2026-01-26T14:39:41.041+0000] {logging_mixin.py:151} INFO - [2026-01-26T14:39:41.040+0000] {dag.py:3696} INFO - Setting next_dagrun for stock_etl_simple to 2026-01-26T14:32:12.414914+00:00, run_after=2026-01-27T14:32:12.414914+00:00
[2026-01-26T14:39:41.082+0000] {processor.py:179} INFO - Processing /opt/airflow/dags/stock_etl_simple.py took 0.609 seconds
[2026-01-26T14:39:43.162+0000] {processor.py:157} INFO - Started process (PID=349) to work on /opt/airflow/dags/stock_etl_simple.py
[2026-01-26T14:39:43.163+0000] {processor.py:829} INFO - Processing file /opt/airflow/dags/stock_etl_simple.py for tasks to queue
[2026-01-26T14:39:43.164+0000] {logging_mixin.py:151} INFO - [2026-01-26T14:39:43.164+0000] {dagbag.py:539} INFO - Filling up the DagBag from /opt/airflow/dags/stock_etl_simple.py
[2026-01-26T14:39:43.596+0000] {processor.py:839} INFO - DAG(s) dict_keys(['stock_etl_simple']) retrieved from /opt/airflow/dags/stock_etl_simple.py
[2026-01-26T14:39:43.626+0000] {logging_mixin.py:151} INFO - [2026-01-26T14:39:43.625+0000] {dag.py:2915} INFO - Sync 1 DAGs
[2026-01-26T14:39:43.649+0000] {logging_mixin.py:151} INFO - [2026-01-26T14:39:43.649+0000] {dag.py:3696} INFO - Setting next_dagrun for stock_etl_simple to 2026-01-26T14:32:12.414914+00:00, run_after=2026-01-27T14:32:12.414914+00:00
[2026-01-26T14:39:43.672+0000] {processor.py:179} INFO - Processing /opt/airflow/dags/stock_etl_simple.py took 0.515 seconds
[2026-01-26T14:40:13.880+0000] {processor.py:157} INFO - Started process (PID=368) to work on /opt/airflow/dags/stock_etl_simple.py
[2026-01-26T14:40:13.881+0000] {processor.py:829} INFO - Processing file /opt/airflow/dags/stock_etl_simple.py for tasks to queue
[2026-01-26T14:40:13.882+0000] {logging_mixin.py:151} INFO - [2026-01-26T14:40:13.882+0000] {dagbag.py:539} INFO - Filling up the DagBag from /opt/airflow/dags/stock_etl_simple.py
[2026-01-26T14:40:14.409+0000] {processor.py:839} INFO - DAG(s) dict_keys(['stock_etl_simple']) retrieved from /opt/airflow/dags/stock_etl_simple.py
[2026-01-26T14:40:14.438+0000] {logging_mixin.py:151} INFO - [2026-01-26T14:40:14.437+0000] {dag.py:2915} INFO - Sync 1 DAGs
[2026-01-26T14:40:14.465+0000] {logging_mixin.py:151} INFO - [2026-01-26T14:40:14.464+0000] {dag.py:3696} INFO - Setting next_dagrun for stock_etl_simple to 2026-01-26T14:32:12.414914+00:00, run_after=2026-01-27T14:32:12.414914+00:00
[2026-01-26T14:40:14.489+0000] {processor.py:179} INFO - Processing /opt/airflow/dags/stock_etl_simple.py took 0.614 seconds
[2026-01-26T14:40:42.480+0000] {processor.py:157} INFO - Started process (PID=162) to work on /opt/airflow/dags/stock_etl_simple.py
[2026-01-26T14:40:42.482+0000] {processor.py:829} INFO - Processing file /opt/airflow/dags/stock_etl_simple.py for tasks to queue
[2026-01-26T14:40:42.483+0000] {logging_mixin.py:151} INFO - [2026-01-26T14:40:42.483+0000] {dagbag.py:539} INFO - Filling up the DagBag from /opt/airflow/dags/stock_etl_simple.py
[2026-01-26T14:40:44.415+0000] {processor.py:839} INFO - DAG(s) dict_keys(['stock_etl_simple']) retrieved from /opt/airflow/dags/stock_etl_simple.py
[2026-01-26T14:40:44.451+0000] {logging_mixin.py:151} INFO - [2026-01-26T14:40:44.450+0000] {dag.py:2915} INFO - Sync 1 DAGs
[2026-01-26T14:40:44.486+0000] {logging_mixin.py:151} INFO - [2026-01-26T14:40:44.486+0000] {dag.py:3696} INFO - Setting next_dagrun for stock_etl_simple to 2026-01-26T14:32:12.414914+00:00, run_after=2026-01-27T14:32:12.414914+00:00
[2026-01-26T14:40:44.568+0000] {processor.py:179} INFO - Processing /opt/airflow/dags/stock_etl_simple.py took 2.094 seconds
[2026-01-26T14:41:14.773+0000] {processor.py:157} INFO - Started process (PID=187) to work on /opt/airflow/dags/stock_etl_simple.py
[2026-01-26T14:41:14.775+0000] {processor.py:829} INFO - Processing file /opt/airflow/dags/stock_etl_simple.py for tasks to queue
[2026-01-26T14:41:14.777+0000] {logging_mixin.py:151} INFO - [2026-01-26T14:41:14.776+0000] {dagbag.py:539} INFO - Filling up the DagBag from /opt/airflow/dags/stock_etl_simple.py
[2026-01-26T14:41:15.510+0000] {processor.py:839} INFO - DAG(s) dict_keys(['stock_etl_simple']) retrieved from /opt/airflow/dags/stock_etl_simple.py
[2026-01-26T14:41:15.555+0000] {logging_mixin.py:151} INFO - [2026-01-26T14:41:15.554+0000] {dag.py:2915} INFO - Sync 1 DAGs
[2026-01-26T14:41:15.596+0000] {logging_mixin.py:151} INFO - [2026-01-26T14:41:15.596+0000] {dag.py:3696} INFO - Setting next_dagrun for stock_etl_simple to 2026-01-26T14:32:12.414914+00:00, run_after=2026-01-27T14:32:12.414914+00:00
[2026-01-26T14:41:15.626+0000] {processor.py:179} INFO - Processing /opt/airflow/dags/stock_etl_simple.py took 0.862 seconds
[2026-01-26T14:41:46.155+0000] {processor.py:157} INFO - Started process (PID=209) to work on /opt/airflow/dags/stock_etl_simple.py
[2026-01-26T14:41:46.157+0000] {processor.py:829} INFO - Processing file /opt/airflow/dags/stock_etl_simple.py for tasks to queue
[2026-01-26T14:41:46.159+0000] {logging_mixin.py:151} INFO - [2026-01-26T14:41:46.158+0000] {dagbag.py:539} INFO - Filling up the DagBag from /opt/airflow/dags/stock_etl_simple.py
[2026-01-26T14:41:46.895+0000] {processor.py:839} INFO - DAG(s) dict_keys(['stock_etl_simple']) retrieved from /opt/airflow/dags/stock_etl_simple.py
[2026-01-26T14:41:46.928+0000] {logging_mixin.py:151} INFO - [2026-01-26T14:41:46.927+0000] {dag.py:2915} INFO - Sync 1 DAGs
[2026-01-26T14:41:46.962+0000] {logging_mixin.py:151} INFO - [2026-01-26T14:41:46.962+0000] {dag.py:3696} INFO - Setting next_dagrun for stock_etl_simple to 2026-01-26T14:32:12.414914+00:00, run_after=2026-01-27T14:32:12.414914+00:00
[2026-01-26T14:41:47.001+0000] {processor.py:179} INFO - Processing /opt/airflow/dags/stock_etl_simple.py took 0.859 seconds
[2026-01-26T14:42:13.477+0000] {processor.py:157} INFO - Started process (PID=223) to work on /opt/airflow/dags/stock_etl_simple.py
[2026-01-26T14:42:13.480+0000] {processor.py:829} INFO - Processing file /opt/airflow/dags/stock_etl_simple.py for tasks to queue
[2026-01-26T14:42:13.483+0000] {logging_mixin.py:151} INFO - [2026-01-26T14:42:13.482+0000] {dagbag.py:539} INFO - Filling up the DagBag from /opt/airflow/dags/stock_etl_simple.py
[2026-01-26T14:42:13.511+0000] {processor.py:839} INFO - DAG(s) dict_keys(['stock_etl_simple']) retrieved from /opt/airflow/dags/stock_etl_simple.py
[2026-01-26T14:42:14.090+0000] {logging_mixin.py:151} INFO - [2026-01-26T14:42:14.090+0000] {security.py:708} INFO - Not syncing DAG-level permissions for DAG 'DAG:stock_etl_simple' as access control is unset.
[2026-01-26T14:42:14.091+0000] {logging_mixin.py:151} INFO - [2026-01-26T14:42:14.090+0000] {dag.py:2915} INFO - Sync 1 DAGs
[2026-01-26T14:42:14.115+0000] {logging_mixin.py:151} INFO - [2026-01-26T14:42:14.115+0000] {dag.py:3696} INFO - Setting next_dagrun for stock_etl_simple to None, run_after=None
[2026-01-26T14:42:14.185+0000] {processor.py:179} INFO - Processing /opt/airflow/dags/stock_etl_simple.py took 0.716 seconds
[2026-01-26T14:42:15.895+0000] {processor.py:157} INFO - Started process (PID=233) to work on /opt/airflow/dags/stock_etl_simple.py
[2026-01-26T14:42:15.897+0000] {processor.py:829} INFO - Processing file /opt/airflow/dags/stock_etl_simple.py for tasks to queue
[2026-01-26T14:42:15.898+0000] {logging_mixin.py:151} INFO - [2026-01-26T14:42:15.898+0000] {dagbag.py:539} INFO - Filling up the DagBag from /opt/airflow/dags/stock_etl_simple.py
[2026-01-26T14:42:15.920+0000] {processor.py:839} INFO - DAG(s) dict_keys(['stock_etl_simple']) retrieved from /opt/airflow/dags/stock_etl_simple.py
[2026-01-26T14:42:15.935+0000] {logging_mixin.py:151} INFO - [2026-01-26T14:42:15.935+0000] {dag.py:2915} INFO - Sync 1 DAGs
[2026-01-26T14:42:15.950+0000] {logging_mixin.py:151} INFO - [2026-01-26T14:42:15.949+0000] {dag.py:3696} INFO - Setting next_dagrun for stock_etl_simple to None, run_after=None
[2026-01-26T14:42:16.090+0000] {processor.py:179} INFO - Processing /opt/airflow/dags/stock_etl_simple.py took 0.203 seconds
[2026-01-26T14:42:18.905+0000] {processor.py:157} INFO - Started process (PID=238) to work on /opt/airflow/dags/stock_etl_simple.py
[2026-01-26T14:42:18.906+0000] {processor.py:829} INFO - Processing file /opt/airflow/dags/stock_etl_simple.py for tasks to queue
[2026-01-26T14:42:18.907+0000] {logging_mixin.py:151} INFO - [2026-01-26T14:42:18.907+0000] {dagbag.py:539} INFO - Filling up the DagBag from /opt/airflow/dags/stock_etl_simple.py
[2026-01-26T14:42:18.919+0000] {processor.py:839} INFO - DAG(s) dict_keys(['stock_etl_simple']) retrieved from /opt/airflow/dags/stock_etl_simple.py
[2026-01-26T14:42:18.930+0000] {logging_mixin.py:151} INFO - [2026-01-26T14:42:18.930+0000] {dag.py:2915} INFO - Sync 1 DAGs
[2026-01-26T14:42:19.044+0000] {logging_mixin.py:151} INFO - [2026-01-26T14:42:19.044+0000] {dag.py:3696} INFO - Setting next_dagrun for stock_etl_simple to None, run_after=None
[2026-01-26T14:42:19.070+0000] {processor.py:179} INFO - Processing /opt/airflow/dags/stock_etl_simple.py took 0.168 seconds
[2026-01-26T14:42:21.052+0000] {processor.py:157} INFO - Started process (PID=243) to work on /opt/airflow/dags/stock_etl_simple.py
[2026-01-26T14:42:21.054+0000] {processor.py:829} INFO - Processing file /opt/airflow/dags/stock_etl_simple.py for tasks to queue
[2026-01-26T14:42:21.055+0000] {logging_mixin.py:151} INFO - [2026-01-26T14:42:21.055+0000] {dagbag.py:539} INFO - Filling up the DagBag from /opt/airflow/dags/stock_etl_simple.py
[2026-01-26T14:42:21.100+0000] {processor.py:839} INFO - DAG(s) dict_keys(['stock_etl_simple']) retrieved from /opt/airflow/dags/stock_etl_simple.py
[2026-01-26T14:42:21.120+0000] {logging_mixin.py:151} INFO - [2026-01-26T14:42:21.119+0000] {dag.py:2915} INFO - Sync 1 DAGs
[2026-01-26T14:42:21.312+0000] {logging_mixin.py:151} INFO - [2026-01-26T14:42:21.311+0000] {dag.py:3696} INFO - Setting next_dagrun for stock_etl_simple to None, run_after=None
[2026-01-26T14:42:21.355+0000] {processor.py:179} INFO - Processing /opt/airflow/dags/stock_etl_simple.py took 0.307 seconds
[2026-01-26T14:42:51.700+0000] {processor.py:157} INFO - Started process (PID=261) to work on /opt/airflow/dags/stock_etl_simple.py
[2026-01-26T14:42:51.701+0000] {processor.py:829} INFO - Processing file /opt/airflow/dags/stock_etl_simple.py for tasks to queue
[2026-01-26T14:42:51.702+0000] {logging_mixin.py:151} INFO - [2026-01-26T14:42:51.702+0000] {dagbag.py:539} INFO - Filling up the DagBag from /opt/airflow/dags/stock_etl_simple.py
[2026-01-26T14:42:51.714+0000] {processor.py:839} INFO - DAG(s) dict_keys(['stock_etl_simple']) retrieved from /opt/airflow/dags/stock_etl_simple.py
[2026-01-26T14:42:51.740+0000] {logging_mixin.py:151} INFO - [2026-01-26T14:42:51.739+0000] {dag.py:2915} INFO - Sync 1 DAGs
[2026-01-26T14:42:51.756+0000] {logging_mixin.py:151} INFO - [2026-01-26T14:42:51.755+0000] {dag.py:3696} INFO - Setting next_dagrun for stock_etl_simple to None, run_after=None
[2026-01-26T14:42:51.785+0000] {processor.py:179} INFO - Processing /opt/airflow/dags/stock_etl_simple.py took 0.088 seconds
[2026-01-26T14:43:21.962+0000] {processor.py:157} INFO - Started process (PID=279) to work on /opt/airflow/dags/stock_etl_simple.py
[2026-01-26T14:43:21.963+0000] {processor.py:829} INFO - Processing file /opt/airflow/dags/stock_etl_simple.py for tasks to queue
[2026-01-26T14:43:21.965+0000] {logging_mixin.py:151} INFO - [2026-01-26T14:43:21.964+0000] {dagbag.py:539} INFO - Filling up the DagBag from /opt/airflow/dags/stock_etl_simple.py
[2026-01-26T14:43:21.980+0000] {processor.py:839} INFO - DAG(s) dict_keys(['stock_etl_simple']) retrieved from /opt/airflow/dags/stock_etl_simple.py
[2026-01-26T14:43:22.019+0000] {logging_mixin.py:151} INFO - [2026-01-26T14:43:22.019+0000] {dag.py:2915} INFO - Sync 1 DAGs
[2026-01-26T14:43:22.039+0000] {logging_mixin.py:151} INFO - [2026-01-26T14:43:22.038+0000] {dag.py:3696} INFO - Setting next_dagrun for stock_etl_simple to None, run_after=None
[2026-01-26T14:43:22.069+0000] {processor.py:179} INFO - Processing /opt/airflow/dags/stock_etl_simple.py took 0.113 seconds
[2026-01-26T14:43:52.268+0000] {processor.py:157} INFO - Started process (PID=297) to work on /opt/airflow/dags/stock_etl_simple.py
[2026-01-26T14:43:52.271+0000] {processor.py:829} INFO - Processing file /opt/airflow/dags/stock_etl_simple.py for tasks to queue
[2026-01-26T14:43:52.273+0000] {logging_mixin.py:151} INFO - [2026-01-26T14:43:52.273+0000] {dagbag.py:539} INFO - Filling up the DagBag from /opt/airflow/dags/stock_etl_simple.py
[2026-01-26T14:43:52.298+0000] {processor.py:839} INFO - DAG(s) dict_keys(['stock_etl_simple']) retrieved from /opt/airflow/dags/stock_etl_simple.py
[2026-01-26T14:43:52.341+0000] {logging_mixin.py:151} INFO - [2026-01-26T14:43:52.341+0000] {dag.py:2915} INFO - Sync 1 DAGs
[2026-01-26T14:43:52.361+0000] {logging_mixin.py:151} INFO - [2026-01-26T14:43:52.361+0000] {dag.py:3696} INFO - Setting next_dagrun for stock_etl_simple to None, run_after=None
[2026-01-26T14:43:52.394+0000] {processor.py:179} INFO - Processing /opt/airflow/dags/stock_etl_simple.py took 0.134 seconds
[2026-01-26T14:44:19.616+0000] {processor.py:157} INFO - Started process (PID=307) to work on /opt/airflow/dags/stock_etl_simple.py
[2026-01-26T14:44:19.617+0000] {processor.py:829} INFO - Processing file /opt/airflow/dags/stock_etl_simple.py for tasks to queue
[2026-01-26T14:44:19.618+0000] {logging_mixin.py:151} INFO - [2026-01-26T14:44:19.618+0000] {dagbag.py:539} INFO - Filling up the DagBag from /opt/airflow/dags/stock_etl_simple.py
[2026-01-26T14:44:19.631+0000] {processor.py:839} INFO - DAG(s) dict_keys(['stock_etl_simple']) retrieved from /opt/airflow/dags/stock_etl_simple.py
[2026-01-26T14:44:19.660+0000] {logging_mixin.py:151} INFO - [2026-01-26T14:44:19.660+0000] {dag.py:2915} INFO - Sync 1 DAGs
[2026-01-26T14:44:19.673+0000] {logging_mixin.py:151} INFO - [2026-01-26T14:44:19.673+0000] {dag.py:3696} INFO - Setting next_dagrun for stock_etl_simple to None, run_after=None
[2026-01-26T14:44:19.699+0000] {processor.py:179} INFO - Processing /opt/airflow/dags/stock_etl_simple.py took 0.087 seconds
[2026-01-26T14:44:25.694+0000] {processor.py:157} INFO - Started process (PID=320) to work on /opt/airflow/dags/stock_etl_simple.py
[2026-01-26T14:44:25.695+0000] {processor.py:829} INFO - Processing file /opt/airflow/dags/stock_etl_simple.py for tasks to queue
[2026-01-26T14:44:25.696+0000] {logging_mixin.py:151} INFO - [2026-01-26T14:44:25.695+0000] {dagbag.py:539} INFO - Filling up the DagBag from /opt/airflow/dags/stock_etl_simple.py
[2026-01-26T14:44:25.711+0000] {processor.py:839} INFO - DAG(s) dict_keys(['stock_etl_simple']) retrieved from /opt/airflow/dags/stock_etl_simple.py
[2026-01-26T14:44:25.742+0000] {logging_mixin.py:151} INFO - [2026-01-26T14:44:25.742+0000] {dag.py:2915} INFO - Sync 1 DAGs
[2026-01-26T14:44:25.755+0000] {logging_mixin.py:151} INFO - [2026-01-26T14:44:25.755+0000] {dag.py:3696} INFO - Setting next_dagrun for stock_etl_simple to None, run_after=None
[2026-01-26T14:44:25.791+0000] {processor.py:179} INFO - Processing /opt/airflow/dags/stock_etl_simple.py took 0.101 seconds
[2026-01-26T14:44:46.131+0000] {processor.py:157} INFO - Started process (PID=325) to work on /opt/airflow/dags/stock_etl_simple.py
[2026-01-26T14:44:46.132+0000] {processor.py:829} INFO - Processing file /opt/airflow/dags/stock_etl_simple.py for tasks to queue
[2026-01-26T14:44:46.133+0000] {logging_mixin.py:151} INFO - [2026-01-26T14:44:46.132+0000] {dagbag.py:539} INFO - Filling up the DagBag from /opt/airflow/dags/stock_etl_simple.py
[2026-01-26T14:44:46.153+0000] {processor.py:839} INFO - DAG(s) dict_keys(['stock_etl_simple']) retrieved from /opt/airflow/dags/stock_etl_simple.py
[2026-01-26T14:44:46.184+0000] {logging_mixin.py:151} INFO - [2026-01-26T14:44:46.184+0000] {dag.py:2915} INFO - Sync 1 DAGs
[2026-01-26T14:44:46.200+0000] {logging_mixin.py:151} INFO - [2026-01-26T14:44:46.200+0000] {dag.py:3696} INFO - Setting next_dagrun for stock_etl_simple to None, run_after=None
[2026-01-26T14:44:46.227+0000] {processor.py:179} INFO - Processing /opt/airflow/dags/stock_etl_simple.py took 0.099 seconds
[2026-01-26T14:44:48.267+0000] {processor.py:157} INFO - Started process (PID=335) to work on /opt/airflow/dags/stock_etl_simple.py
[2026-01-26T14:44:48.268+0000] {processor.py:829} INFO - Processing file /opt/airflow/dags/stock_etl_simple.py for tasks to queue
[2026-01-26T14:44:48.269+0000] {logging_mixin.py:151} INFO - [2026-01-26T14:44:48.269+0000] {dagbag.py:539} INFO - Filling up the DagBag from /opt/airflow/dags/stock_etl_simple.py
[2026-01-26T14:44:48.285+0000] {processor.py:839} INFO - DAG(s) dict_keys(['stock_etl_simple']) retrieved from /opt/airflow/dags/stock_etl_simple.py
[2026-01-26T14:44:48.312+0000] {logging_mixin.py:151} INFO - [2026-01-26T14:44:48.312+0000] {dag.py:2915} INFO - Sync 1 DAGs
[2026-01-26T14:44:48.326+0000] {logging_mixin.py:151} INFO - [2026-01-26T14:44:48.326+0000] {dag.py:3696} INFO - Setting next_dagrun for stock_etl_simple to None, run_after=None
[2026-01-26T14:44:48.356+0000] {processor.py:179} INFO - Processing /opt/airflow/dags/stock_etl_simple.py took 0.093 seconds
[2026-01-26T14:44:52.391+0000] {processor.py:157} INFO - Started process (PID=340) to work on /opt/airflow/dags/stock_etl_simple.py
[2026-01-26T14:44:52.392+0000] {processor.py:829} INFO - Processing file /opt/airflow/dags/stock_etl_simple.py for tasks to queue
[2026-01-26T14:44:52.394+0000] {logging_mixin.py:151} INFO - [2026-01-26T14:44:52.393+0000] {dagbag.py:539} INFO - Filling up the DagBag from /opt/airflow/dags/stock_etl_simple.py
[2026-01-26T14:44:52.408+0000] {processor.py:839} INFO - DAG(s) dict_keys(['stock_etl_simple']) retrieved from /opt/airflow/dags/stock_etl_simple.py
[2026-01-26T14:44:52.439+0000] {logging_mixin.py:151} INFO - [2026-01-26T14:44:52.439+0000] {dag.py:2915} INFO - Sync 1 DAGs
[2026-01-26T14:44:52.456+0000] {logging_mixin.py:151} INFO - [2026-01-26T14:44:52.455+0000] {dag.py:3696} INFO - Setting next_dagrun for stock_etl_simple to None, run_after=None
[2026-01-26T14:44:52.484+0000] {processor.py:179} INFO - Processing /opt/airflow/dags/stock_etl_simple.py took 0.096 seconds
[2026-01-26T14:44:57.657+0000] {processor.py:157} INFO - Started process (PID=353) to work on /opt/airflow/dags/stock_etl_simple.py
[2026-01-26T14:44:57.658+0000] {processor.py:829} INFO - Processing file /opt/airflow/dags/stock_etl_simple.py for tasks to queue
[2026-01-26T14:44:57.660+0000] {logging_mixin.py:151} INFO - [2026-01-26T14:44:57.659+0000] {dagbag.py:539} INFO - Filling up the DagBag from /opt/airflow/dags/stock_etl_simple.py
[2026-01-26T14:44:57.676+0000] {processor.py:839} INFO - DAG(s) dict_keys(['stock_etl_simple']) retrieved from /opt/airflow/dags/stock_etl_simple.py
[2026-01-26T14:44:57.710+0000] {logging_mixin.py:151} INFO - [2026-01-26T14:44:57.709+0000] {dag.py:2915} INFO - Sync 1 DAGs
[2026-01-26T14:44:57.726+0000] {logging_mixin.py:151} INFO - [2026-01-26T14:44:57.725+0000] {dag.py:3696} INFO - Setting next_dagrun for stock_etl_simple to None, run_after=None
[2026-01-26T14:44:57.753+0000] {processor.py:179} INFO - Processing /opt/airflow/dags/stock_etl_simple.py took 0.100 seconds
[2026-01-26T14:45:03.694+0000] {processor.py:157} INFO - Started process (PID=358) to work on /opt/airflow/dags/stock_etl_simple.py
[2026-01-26T14:45:03.695+0000] {processor.py:829} INFO - Processing file /opt/airflow/dags/stock_etl_simple.py for tasks to queue
[2026-01-26T14:45:03.696+0000] {logging_mixin.py:151} INFO - [2026-01-26T14:45:03.696+0000] {dagbag.py:539} INFO - Filling up the DagBag from /opt/airflow/dags/stock_etl_simple.py
[2026-01-26T14:45:03.709+0000] {processor.py:839} INFO - DAG(s) dict_keys(['stock_etl_simple']) retrieved from /opt/airflow/dags/stock_etl_simple.py
[2026-01-26T14:45:03.743+0000] {logging_mixin.py:151} INFO - [2026-01-26T14:45:03.742+0000] {dag.py:2915} INFO - Sync 1 DAGs
[2026-01-26T14:45:03.758+0000] {logging_mixin.py:151} INFO - [2026-01-26T14:45:03.758+0000] {dag.py:3696} INFO - Setting next_dagrun for stock_etl_simple to None, run_after=None
[2026-01-26T14:45:03.799+0000] {processor.py:179} INFO - Processing /opt/airflow/dags/stock_etl_simple.py took 0.108 seconds
[2026-01-26T14:45:04.815+0000] {processor.py:157} INFO - Started process (PID=363) to work on /opt/airflow/dags/stock_etl_simple.py
[2026-01-26T14:45:04.816+0000] {processor.py:829} INFO - Processing file /opt/airflow/dags/stock_etl_simple.py for tasks to queue
[2026-01-26T14:45:04.817+0000] {logging_mixin.py:151} INFO - [2026-01-26T14:45:04.817+0000] {dagbag.py:539} INFO - Filling up the DagBag from /opt/airflow/dags/stock_etl_simple.py
[2026-01-26T14:45:04.821+0000] {logging_mixin.py:151} INFO - [2026-01-26T14:45:04.820+0000] {dagbag.py:347} ERROR - Failed to import: /opt/airflow/dags/stock_etl_simple.py
Traceback (most recent call last):
  File "/home/airflow/.local/lib/python3.8/site-packages/airflow/models/dagbag.py", line 343, in parse
    loader.exec_module(new_module)
  File "<frozen importlib._bootstrap_external>", line 839, in exec_module
  File "<frozen importlib._bootstrap_external>", line 976, in get_code
  File "<frozen importlib._bootstrap_external>", line 906, in source_to_code
  File "<frozen importlib._bootstrap>", line 219, in _call_with_frames_removed
  File "/opt/airflow/dags/stock_etl_simple.py", line 99
    ,
    ^
SyntaxError: invalid syntax
[2026-01-26T14:45:04.821+0000] {processor.py:841} WARNING - No viable dags retrieved from /opt/airflow/dags/stock_etl_simple.py
[2026-01-26T14:45:04.847+0000] {processor.py:179} INFO - Processing /opt/airflow/dags/stock_etl_simple.py took 0.035 seconds
[2026-01-26T14:45:12.879+0000] {processor.py:157} INFO - Started process (PID=368) to work on /opt/airflow/dags/stock_etl_simple.py
[2026-01-26T14:45:12.881+0000] {processor.py:829} INFO - Processing file /opt/airflow/dags/stock_etl_simple.py for tasks to queue
[2026-01-26T14:45:12.882+0000] {logging_mixin.py:151} INFO - [2026-01-26T14:45:12.882+0000] {dagbag.py:539} INFO - Filling up the DagBag from /opt/airflow/dags/stock_etl_simple.py
[2026-01-26T14:45:12.887+0000] {logging_mixin.py:151} INFO - [2026-01-26T14:45:12.885+0000] {dagbag.py:347} ERROR - Failed to import: /opt/airflow/dags/stock_etl_simple.py
Traceback (most recent call last):
  File "/home/airflow/.local/lib/python3.8/site-packages/airflow/models/dagbag.py", line 343, in parse
    loader.exec_module(new_module)
  File "<frozen importlib._bootstrap_external>", line 839, in exec_module
  File "<frozen importlib._bootstrap_external>", line 976, in get_code
  File "<frozen importlib._bootstrap_external>", line 906, in source_to_code
  File "<frozen importlib._bootstrap>", line 219, in _call_with_frames_removed
  File "/opt/airflow/dags/stock_etl_simple.py", line 99
    row.get('stock_splits'),,
                            ^
SyntaxError: invalid syntax
[2026-01-26T14:45:12.888+0000] {processor.py:841} WARNING - No viable dags retrieved from /opt/airflow/dags/stock_etl_simple.py
[2026-01-26T14:45:12.914+0000] {processor.py:179} INFO - Processing /opt/airflow/dags/stock_etl_simple.py took 0.038 seconds
[2026-01-26T14:45:16.971+0000] {processor.py:157} INFO - Started process (PID=373) to work on /opt/airflow/dags/stock_etl_simple.py
[2026-01-26T14:45:16.972+0000] {processor.py:829} INFO - Processing file /opt/airflow/dags/stock_etl_simple.py for tasks to queue
[2026-01-26T14:45:16.973+0000] {logging_mixin.py:151} INFO - [2026-01-26T14:45:16.973+0000] {dagbag.py:539} INFO - Filling up the DagBag from /opt/airflow/dags/stock_etl_simple.py
[2026-01-26T14:45:16.978+0000] {logging_mixin.py:151} INFO - [2026-01-26T14:45:16.977+0000] {dagbag.py:347} ERROR - Failed to import: /opt/airflow/dags/stock_etl_simple.py
Traceback (most recent call last):
  File "/home/airflow/.local/lib/python3.8/site-packages/airflow/models/dagbag.py", line 343, in parse
    loader.exec_module(new_module)
  File "<frozen importlib._bootstrap_external>", line 839, in exec_module
  File "<frozen importlib._bootstrap_external>", line 976, in get_code
  File "<frozen importlib._bootstrap_external>", line 906, in source_to_code
  File "<frozen importlib._bootstrap>", line 219, in _call_with_frames_removed
  File "/opt/airflow/dags/stock_etl_simple.py", line 99
    row.get('extracted'),,
                         ^
SyntaxError: invalid syntax
[2026-01-26T14:45:16.978+0000] {processor.py:841} WARNING - No viable dags retrieved from /opt/airflow/dags/stock_etl_simple.py
[2026-01-26T14:45:17.009+0000] {processor.py:179} INFO - Processing /opt/airflow/dags/stock_etl_simple.py took 0.044 seconds
[2026-01-26T14:45:19.063+0000] {processor.py:157} INFO - Started process (PID=383) to work on /opt/airflow/dags/stock_etl_simple.py
[2026-01-26T14:45:19.064+0000] {processor.py:829} INFO - Processing file /opt/airflow/dags/stock_etl_simple.py for tasks to queue
[2026-01-26T14:45:19.065+0000] {logging_mixin.py:151} INFO - [2026-01-26T14:45:19.065+0000] {dagbag.py:539} INFO - Filling up the DagBag from /opt/airflow/dags/stock_etl_simple.py
[2026-01-26T14:45:19.070+0000] {logging_mixin.py:151} INFO - [2026-01-26T14:45:19.069+0000] {dagbag.py:347} ERROR - Failed to import: /opt/airflow/dags/stock_etl_simple.py
Traceback (most recent call last):
  File "/home/airflow/.local/lib/python3.8/site-packages/airflow/models/dagbag.py", line 343, in parse
    loader.exec_module(new_module)
  File "<frozen importlib._bootstrap_external>", line 839, in exec_module
  File "<frozen importlib._bootstrap_external>", line 976, in get_code
  File "<frozen importlib._bootstrap_external>", line 906, in source_to_code
  File "<frozen importlib._bootstrap>", line 219, in _call_with_frames_removed
  File "/opt/airflow/dags/stock_etl_simple.py", line 99
    row.get('extracted_at'),,
                            ^
SyntaxError: invalid syntax
[2026-01-26T14:45:19.070+0000] {processor.py:841} WARNING - No viable dags retrieved from /opt/airflow/dags/stock_etl_simple.py
[2026-01-26T14:45:19.091+0000] {processor.py:179} INFO - Processing /opt/airflow/dags/stock_etl_simple.py took 0.033 seconds
[2026-01-26T14:45:27.123+0000] {processor.py:157} INFO - Started process (PID=396) to work on /opt/airflow/dags/stock_etl_simple.py
[2026-01-26T14:45:27.124+0000] {processor.py:829} INFO - Processing file /opt/airflow/dags/stock_etl_simple.py for tasks to queue
[2026-01-26T14:45:27.126+0000] {logging_mixin.py:151} INFO - [2026-01-26T14:45:27.126+0000] {dagbag.py:539} INFO - Filling up the DagBag from /opt/airflow/dags/stock_etl_simple.py
[2026-01-26T14:45:27.153+0000] {processor.py:839} INFO - DAG(s) dict_keys(['stock_etl_simple']) retrieved from /opt/airflow/dags/stock_etl_simple.py
[2026-01-26T14:45:27.185+0000] {logging_mixin.py:151} INFO - [2026-01-26T14:45:27.185+0000] {dag.py:2915} INFO - Sync 1 DAGs
[2026-01-26T14:45:27.209+0000] {logging_mixin.py:151} INFO - [2026-01-26T14:45:27.209+0000] {dag.py:3696} INFO - Setting next_dagrun for stock_etl_simple to None, run_after=None
[2026-01-26T14:45:27.243+0000] {processor.py:179} INFO - Processing /opt/airflow/dags/stock_etl_simple.py took 0.124 seconds
[2026-01-26T14:45:59.695+0000] {processor.py:157} INFO - Started process (PID=163) to work on /opt/airflow/dags/stock_etl_simple.py
[2026-01-26T14:45:59.697+0000] {processor.py:829} INFO - Processing file /opt/airflow/dags/stock_etl_simple.py for tasks to queue
[2026-01-26T14:45:59.698+0000] {logging_mixin.py:151} INFO - [2026-01-26T14:45:59.698+0000] {dagbag.py:539} INFO - Filling up the DagBag from /opt/airflow/dags/stock_etl_simple.py
[2026-01-26T14:45:59.905+0000] {processor.py:839} INFO - DAG(s) dict_keys(['stock_etl_simple']) retrieved from /opt/airflow/dags/stock_etl_simple.py
[2026-01-26T14:46:00.095+0000] {logging_mixin.py:151} INFO - [2026-01-26T14:46:00.095+0000] {dag.py:2915} INFO - Sync 1 DAGs
[2026-01-26T14:46:00.148+0000] {logging_mixin.py:151} INFO - [2026-01-26T14:46:00.148+0000] {dag.py:3696} INFO - Setting next_dagrun for stock_etl_simple to None, run_after=None
[2026-01-26T14:46:00.225+0000] {processor.py:179} INFO - Processing /opt/airflow/dags/stock_etl_simple.py took 0.549 seconds
[2026-01-26T14:46:25.402+0000] {processor.py:157} INFO - Started process (PID=183) to work on /opt/airflow/dags/stock_etl_simple.py
[2026-01-26T14:46:25.403+0000] {processor.py:829} INFO - Processing file /opt/airflow/dags/stock_etl_simple.py for tasks to queue
[2026-01-26T14:46:25.404+0000] {logging_mixin.py:151} INFO - [2026-01-26T14:46:25.403+0000] {dagbag.py:539} INFO - Filling up the DagBag from /opt/airflow/dags/stock_etl_simple.py
[2026-01-26T14:46:25.415+0000] {processor.py:839} INFO - DAG(s) dict_keys(['stock_etl_simple']) retrieved from /opt/airflow/dags/stock_etl_simple.py
[2026-01-26T14:46:25.441+0000] {logging_mixin.py:151} INFO - [2026-01-26T14:46:25.440+0000] {dag.py:2915} INFO - Sync 1 DAGs
[2026-01-26T14:46:25.453+0000] {logging_mixin.py:151} INFO - [2026-01-26T14:46:25.453+0000] {dag.py:3696} INFO - Setting next_dagrun for stock_etl_simple to None, run_after=None
[2026-01-26T14:46:25.476+0000] {processor.py:179} INFO - Processing /opt/airflow/dags/stock_etl_simple.py took 0.078 seconds
[2026-01-26T14:46:55.663+0000] {processor.py:157} INFO - Started process (PID=204) to work on /opt/airflow/dags/stock_etl_simple.py
[2026-01-26T14:46:55.664+0000] {processor.py:829} INFO - Processing file /opt/airflow/dags/stock_etl_simple.py for tasks to queue
[2026-01-26T14:46:55.665+0000] {logging_mixin.py:151} INFO - [2026-01-26T14:46:55.665+0000] {dagbag.py:539} INFO - Filling up the DagBag from /opt/airflow/dags/stock_etl_simple.py
[2026-01-26T14:46:55.677+0000] {processor.py:839} INFO - DAG(s) dict_keys(['stock_etl_simple']) retrieved from /opt/airflow/dags/stock_etl_simple.py
[2026-01-26T14:46:55.707+0000] {logging_mixin.py:151} INFO - [2026-01-26T14:46:55.707+0000] {dag.py:2915} INFO - Sync 1 DAGs
[2026-01-26T14:46:55.722+0000] {logging_mixin.py:151} INFO - [2026-01-26T14:46:55.721+0000] {dag.py:3696} INFO - Setting next_dagrun for stock_etl_simple to None, run_after=None
[2026-01-26T14:46:55.757+0000] {processor.py:179} INFO - Processing /opt/airflow/dags/stock_etl_simple.py took 0.097 seconds
[2026-01-26T14:47:25.980+0000] {processor.py:157} INFO - Started process (PID=222) to work on /opt/airflow/dags/stock_etl_simple.py
[2026-01-26T14:47:25.981+0000] {processor.py:829} INFO - Processing file /opt/airflow/dags/stock_etl_simple.py for tasks to queue
[2026-01-26T14:47:25.982+0000] {logging_mixin.py:151} INFO - [2026-01-26T14:47:25.981+0000] {dagbag.py:539} INFO - Filling up the DagBag from /opt/airflow/dags/stock_etl_simple.py
[2026-01-26T14:47:26.000+0000] {processor.py:839} INFO - DAG(s) dict_keys(['stock_etl_simple']) retrieved from /opt/airflow/dags/stock_etl_simple.py
[2026-01-26T14:47:26.048+0000] {logging_mixin.py:151} INFO - [2026-01-26T14:47:26.048+0000] {dag.py:2915} INFO - Sync 1 DAGs
[2026-01-26T14:47:26.220+0000] {logging_mixin.py:151} INFO - [2026-01-26T14:47:26.220+0000] {dag.py:3696} INFO - Setting next_dagrun for stock_etl_simple to None, run_after=None
[2026-01-26T14:47:26.257+0000] {processor.py:179} INFO - Processing /opt/airflow/dags/stock_etl_simple.py took 0.282 seconds
[2026-01-26T14:47:56.464+0000] {processor.py:157} INFO - Started process (PID=240) to work on /opt/airflow/dags/stock_etl_simple.py
[2026-01-26T14:47:56.466+0000] {processor.py:829} INFO - Processing file /opt/airflow/dags/stock_etl_simple.py for tasks to queue
[2026-01-26T14:47:56.468+0000] {logging_mixin.py:151} INFO - [2026-01-26T14:47:56.467+0000] {dagbag.py:539} INFO - Filling up the DagBag from /opt/airflow/dags/stock_etl_simple.py
[2026-01-26T14:47:56.483+0000] {processor.py:839} INFO - DAG(s) dict_keys(['stock_etl_simple']) retrieved from /opt/airflow/dags/stock_etl_simple.py
[2026-01-26T14:47:56.740+0000] {logging_mixin.py:151} INFO - [2026-01-26T14:47:56.740+0000] {dag.py:2915} INFO - Sync 1 DAGs
[2026-01-26T14:47:56.766+0000] {logging_mixin.py:151} INFO - [2026-01-26T14:47:56.765+0000] {dag.py:3696} INFO - Setting next_dagrun for stock_etl_simple to None, run_after=None
[2026-01-26T14:47:56.807+0000] {processor.py:179} INFO - Processing /opt/airflow/dags/stock_etl_simple.py took 0.349 seconds
[2026-01-26T14:48:14.975+0000] {processor.py:157} INFO - Started process (PID=250) to work on /opt/airflow/dags/stock_etl_simple.py
[2026-01-26T14:48:14.976+0000] {processor.py:829} INFO - Processing file /opt/airflow/dags/stock_etl_simple.py for tasks to queue
[2026-01-26T14:48:14.978+0000] {logging_mixin.py:151} INFO - [2026-01-26T14:48:14.977+0000] {dagbag.py:539} INFO - Filling up the DagBag from /opt/airflow/dags/stock_etl_simple.py
[2026-01-26T14:48:15.173+0000] {processor.py:839} INFO - DAG(s) dict_keys(['stock_etl_simple']) retrieved from /opt/airflow/dags/stock_etl_simple.py
[2026-01-26T14:48:15.208+0000] {logging_mixin.py:151} INFO - [2026-01-26T14:48:15.207+0000] {dag.py:2915} INFO - Sync 1 DAGs
[2026-01-26T14:48:15.226+0000] {logging_mixin.py:151} INFO - [2026-01-26T14:48:15.225+0000] {dag.py:3696} INFO - Setting next_dagrun for stock_etl_simple to None, run_after=None
[2026-01-26T14:48:15.267+0000] {processor.py:179} INFO - Processing /opt/airflow/dags/stock_etl_simple.py took 0.296 seconds
[2026-01-26T14:48:20.213+0000] {processor.py:157} INFO - Started process (PID=255) to work on /opt/airflow/dags/stock_etl_simple.py
[2026-01-26T14:48:20.215+0000] {processor.py:829} INFO - Processing file /opt/airflow/dags/stock_etl_simple.py for tasks to queue
[2026-01-26T14:48:20.216+0000] {logging_mixin.py:151} INFO - [2026-01-26T14:48:20.215+0000] {dagbag.py:539} INFO - Filling up the DagBag from /opt/airflow/dags/stock_etl_simple.py
[2026-01-26T14:48:20.234+0000] {processor.py:839} INFO - DAG(s) dict_keys(['stock_etl_simple']) retrieved from /opt/airflow/dags/stock_etl_simple.py
[2026-01-26T14:48:20.269+0000] {logging_mixin.py:151} INFO - [2026-01-26T14:48:20.269+0000] {dag.py:2915} INFO - Sync 1 DAGs
[2026-01-26T14:48:20.288+0000] {logging_mixin.py:151} INFO - [2026-01-26T14:48:20.288+0000] {dag.py:3696} INFO - Setting next_dagrun for stock_etl_simple to None, run_after=None
[2026-01-26T14:48:20.323+0000] {processor.py:179} INFO - Processing /opt/airflow/dags/stock_etl_simple.py took 0.115 seconds
[2026-01-26T14:48:22.353+0000] {processor.py:157} INFO - Started process (PID=260) to work on /opt/airflow/dags/stock_etl_simple.py
[2026-01-26T14:48:22.354+0000] {processor.py:829} INFO - Processing file /opt/airflow/dags/stock_etl_simple.py for tasks to queue
[2026-01-26T14:48:22.355+0000] {logging_mixin.py:151} INFO - [2026-01-26T14:48:22.355+0000] {dagbag.py:539} INFO - Filling up the DagBag from /opt/airflow/dags/stock_etl_simple.py
[2026-01-26T14:48:22.373+0000] {processor.py:839} INFO - DAG(s) dict_keys(['stock_etl_simple']) retrieved from /opt/airflow/dags/stock_etl_simple.py
[2026-01-26T14:48:22.410+0000] {logging_mixin.py:151} INFO - [2026-01-26T14:48:22.410+0000] {dag.py:2915} INFO - Sync 1 DAGs
[2026-01-26T14:48:22.430+0000] {logging_mixin.py:151} INFO - [2026-01-26T14:48:22.430+0000] {dag.py:3696} INFO - Setting next_dagrun for stock_etl_simple to None, run_after=None
[2026-01-26T14:48:22.489+0000] {processor.py:179} INFO - Processing /opt/airflow/dags/stock_etl_simple.py took 0.140 seconds
[2026-01-26T14:48:23.569+0000] {processor.py:157} INFO - Started process (PID=265) to work on /opt/airflow/dags/stock_etl_simple.py
[2026-01-26T14:48:23.570+0000] {processor.py:829} INFO - Processing file /opt/airflow/dags/stock_etl_simple.py for tasks to queue
[2026-01-26T14:48:23.571+0000] {logging_mixin.py:151} INFO - [2026-01-26T14:48:23.571+0000] {dagbag.py:539} INFO - Filling up the DagBag from /opt/airflow/dags/stock_etl_simple.py
[2026-01-26T14:48:23.587+0000] {processor.py:839} INFO - DAG(s) dict_keys(['stock_etl_simple']) retrieved from /opt/airflow/dags/stock_etl_simple.py
[2026-01-26T14:48:23.621+0000] {logging_mixin.py:151} INFO - [2026-01-26T14:48:23.621+0000] {dag.py:2915} INFO - Sync 1 DAGs
[2026-01-26T14:48:23.636+0000] {logging_mixin.py:151} INFO - [2026-01-26T14:48:23.636+0000] {dag.py:3696} INFO - Setting next_dagrun for stock_etl_simple to None, run_after=None
[2026-01-26T14:48:23.670+0000] {processor.py:179} INFO - Processing /opt/airflow/dags/stock_etl_simple.py took 0.104 seconds
[2026-01-26T14:48:34.775+0000] {processor.py:157} INFO - Started process (PID=283) to work on /opt/airflow/dags/stock_etl_simple.py
[2026-01-26T14:48:34.777+0000] {processor.py:829} INFO - Processing file /opt/airflow/dags/stock_etl_simple.py for tasks to queue
[2026-01-26T14:48:34.778+0000] {logging_mixin.py:151} INFO - [2026-01-26T14:48:34.778+0000] {dagbag.py:539} INFO - Filling up the DagBag from /opt/airflow/dags/stock_etl_simple.py
[2026-01-26T14:48:34.803+0000] {processor.py:839} INFO - DAG(s) dict_keys(['stock_etl_simple']) retrieved from /opt/airflow/dags/stock_etl_simple.py
[2026-01-26T14:48:34.855+0000] {logging_mixin.py:151} INFO - [2026-01-26T14:48:34.855+0000] {dag.py:2915} INFO - Sync 1 DAGs
[2026-01-26T14:48:34.885+0000] {logging_mixin.py:151} INFO - [2026-01-26T14:48:34.885+0000] {dag.py:3696} INFO - Setting next_dagrun for stock_etl_simple to None, run_after=None
[2026-01-26T14:48:34.939+0000] {processor.py:179} INFO - Processing /opt/airflow/dags/stock_etl_simple.py took 0.172 seconds
[2026-01-26T14:49:33.297+0000] {processor.py:157} INFO - Started process (PID=163) to work on /opt/airflow/dags/stock_etl_simple.py
[2026-01-26T14:49:33.300+0000] {processor.py:829} INFO - Processing file /opt/airflow/dags/stock_etl_simple.py for tasks to queue
[2026-01-26T14:49:33.302+0000] {logging_mixin.py:151} INFO - [2026-01-26T14:49:33.301+0000] {dagbag.py:539} INFO - Filling up the DagBag from /opt/airflow/dags/stock_etl_simple.py
[2026-01-26T14:49:33.410+0000] {processor.py:839} INFO - DAG(s) dict_keys(['stock_etl_simple']) retrieved from /opt/airflow/dags/stock_etl_simple.py
[2026-01-26T14:49:33.624+0000] {logging_mixin.py:151} INFO - [2026-01-26T14:49:33.623+0000] {dag.py:2915} INFO - Sync 1 DAGs
[2026-01-26T14:49:33.651+0000] {logging_mixin.py:151} INFO - [2026-01-26T14:49:33.651+0000] {dag.py:3696} INFO - Setting next_dagrun for stock_etl_simple to None, run_after=None
[2026-01-26T14:49:33.680+0000] {processor.py:179} INFO - Processing /opt/airflow/dags/stock_etl_simple.py took 0.389 seconds
[2026-01-26T14:50:03.840+0000] {processor.py:157} INFO - Started process (PID=181) to work on /opt/airflow/dags/stock_etl_simple.py
[2026-01-26T14:50:03.841+0000] {processor.py:829} INFO - Processing file /opt/airflow/dags/stock_etl_simple.py for tasks to queue
[2026-01-26T14:50:03.843+0000] {logging_mixin.py:151} INFO - [2026-01-26T14:50:03.842+0000] {dagbag.py:539} INFO - Filling up the DagBag from /opt/airflow/dags/stock_etl_simple.py
[2026-01-26T14:50:03.858+0000] {processor.py:839} INFO - DAG(s) dict_keys(['stock_etl_simple']) retrieved from /opt/airflow/dags/stock_etl_simple.py
[2026-01-26T14:50:03.895+0000] {logging_mixin.py:151} INFO - [2026-01-26T14:50:03.895+0000] {dag.py:2915} INFO - Sync 1 DAGs
[2026-01-26T14:50:03.917+0000] {logging_mixin.py:151} INFO - [2026-01-26T14:50:03.916+0000] {dag.py:3696} INFO - Setting next_dagrun for stock_etl_simple to None, run_after=None
[2026-01-26T14:50:03.943+0000] {processor.py:179} INFO - Processing /opt/airflow/dags/stock_etl_simple.py took 0.107 seconds
[2026-01-26T14:50:34.222+0000] {processor.py:157} INFO - Started process (PID=202) to work on /opt/airflow/dags/stock_etl_simple.py
[2026-01-26T14:50:34.224+0000] {processor.py:829} INFO - Processing file /opt/airflow/dags/stock_etl_simple.py for tasks to queue
[2026-01-26T14:50:34.225+0000] {logging_mixin.py:151} INFO - [2026-01-26T14:50:34.225+0000] {dagbag.py:539} INFO - Filling up the DagBag from /opt/airflow/dags/stock_etl_simple.py
[2026-01-26T14:50:34.242+0000] {processor.py:839} INFO - DAG(s) dict_keys(['stock_etl_simple']) retrieved from /opt/airflow/dags/stock_etl_simple.py
[2026-01-26T14:50:34.288+0000] {logging_mixin.py:151} INFO - [2026-01-26T14:50:34.288+0000] {dag.py:2915} INFO - Sync 1 DAGs
[2026-01-26T14:50:34.317+0000] {logging_mixin.py:151} INFO - [2026-01-26T14:50:34.317+0000] {dag.py:3696} INFO - Setting next_dagrun for stock_etl_simple to None, run_after=None
[2026-01-26T14:50:34.359+0000] {processor.py:179} INFO - Processing /opt/airflow/dags/stock_etl_simple.py took 0.145 seconds
[2026-01-26T14:51:04.527+0000] {processor.py:157} INFO - Started process (PID=220) to work on /opt/airflow/dags/stock_etl_simple.py
[2026-01-26T14:51:04.527+0000] {processor.py:829} INFO - Processing file /opt/airflow/dags/stock_etl_simple.py for tasks to queue
[2026-01-26T14:51:04.528+0000] {logging_mixin.py:151} INFO - [2026-01-26T14:51:04.528+0000] {dagbag.py:539} INFO - Filling up the DagBag from /opt/airflow/dags/stock_etl_simple.py
[2026-01-26T14:51:04.540+0000] {processor.py:839} INFO - DAG(s) dict_keys(['stock_etl_simple']) retrieved from /opt/airflow/dags/stock_etl_simple.py
[2026-01-26T14:51:04.569+0000] {logging_mixin.py:151} INFO - [2026-01-26T14:51:04.569+0000] {dag.py:2915} INFO - Sync 1 DAGs
[2026-01-26T14:51:04.712+0000] {logging_mixin.py:151} INFO - [2026-01-26T14:51:04.712+0000] {dag.py:3696} INFO - Setting next_dagrun for stock_etl_simple to None, run_after=None
[2026-01-26T14:51:04.749+0000] {processor.py:179} INFO - Processing /opt/airflow/dags/stock_etl_simple.py took 0.225 seconds
[2026-01-26T14:51:34.925+0000] {processor.py:157} INFO - Started process (PID=238) to work on /opt/airflow/dags/stock_etl_simple.py
[2026-01-26T14:51:34.926+0000] {processor.py:829} INFO - Processing file /opt/airflow/dags/stock_etl_simple.py for tasks to queue
[2026-01-26T14:51:34.927+0000] {logging_mixin.py:151} INFO - [2026-01-26T14:51:34.927+0000] {dagbag.py:539} INFO - Filling up the DagBag from /opt/airflow/dags/stock_etl_simple.py
[2026-01-26T14:51:34.939+0000] {processor.py:839} INFO - DAG(s) dict_keys(['stock_etl_simple']) retrieved from /opt/airflow/dags/stock_etl_simple.py
[2026-01-26T14:51:35.077+0000] {logging_mixin.py:151} INFO - [2026-01-26T14:51:35.077+0000] {dag.py:2915} INFO - Sync 1 DAGs
[2026-01-26T14:51:35.093+0000] {logging_mixin.py:151} INFO - [2026-01-26T14:51:35.093+0000] {dag.py:3696} INFO - Setting next_dagrun for stock_etl_simple to None, run_after=None
[2026-01-26T14:51:35.122+0000] {processor.py:179} INFO - Processing /opt/airflow/dags/stock_etl_simple.py took 0.202 seconds
[2026-01-26T14:51:41.417+0000] {processor.py:157} INFO - Started process (PID=248) to work on /opt/airflow/dags/stock_etl_simple.py
[2026-01-26T14:51:41.419+0000] {processor.py:829} INFO - Processing file /opt/airflow/dags/stock_etl_simple.py for tasks to queue
[2026-01-26T14:51:41.420+0000] {logging_mixin.py:151} INFO - [2026-01-26T14:51:41.420+0000] {dagbag.py:539} INFO - Filling up the DagBag from /opt/airflow/dags/stock_etl_simple.py
[2026-01-26T14:51:41.539+0000] {processor.py:839} INFO - DAG(s) dict_keys(['stock_etl_simple']) retrieved from /opt/airflow/dags/stock_etl_simple.py
[2026-01-26T14:51:41.563+0000] {logging_mixin.py:151} INFO - [2026-01-26T14:51:41.563+0000] {dag.py:2915} INFO - Sync 1 DAGs
[2026-01-26T14:51:41.573+0000] {logging_mixin.py:151} INFO - [2026-01-26T14:51:41.573+0000] {dag.py:3696} INFO - Setting next_dagrun for stock_etl_simple to None, run_after=None
[2026-01-26T14:51:41.598+0000] {processor.py:179} INFO - Processing /opt/airflow/dags/stock_etl_simple.py took 0.189 seconds
[2026-01-26T14:51:44.587+0000] {processor.py:157} INFO - Started process (PID=253) to work on /opt/airflow/dags/stock_etl_simple.py
[2026-01-26T14:51:44.589+0000] {processor.py:829} INFO - Processing file /opt/airflow/dags/stock_etl_simple.py for tasks to queue
[2026-01-26T14:51:44.590+0000] {logging_mixin.py:151} INFO - [2026-01-26T14:51:44.590+0000] {dagbag.py:539} INFO - Filling up the DagBag from /opt/airflow/dags/stock_etl_simple.py
[2026-01-26T14:51:44.618+0000] {processor.py:839} INFO - DAG(s) dict_keys(['stock_etl_simple']) retrieved from /opt/airflow/dags/stock_etl_simple.py
[2026-01-26T14:51:44.663+0000] {logging_mixin.py:151} INFO - [2026-01-26T14:51:44.663+0000] {dag.py:2915} INFO - Sync 1 DAGs
[2026-01-26T14:51:44.682+0000] {logging_mixin.py:151} INFO - [2026-01-26T14:51:44.682+0000] {dag.py:3696} INFO - Setting next_dagrun for stock_etl_simple to None, run_after=None
[2026-01-26T14:51:44.730+0000] {processor.py:179} INFO - Processing /opt/airflow/dags/stock_etl_simple.py took 0.148 seconds
[2026-01-26T14:51:46.665+0000] {processor.py:157} INFO - Started process (PID=258) to work on /opt/airflow/dags/stock_etl_simple.py
[2026-01-26T14:51:46.666+0000] {processor.py:829} INFO - Processing file /opt/airflow/dags/stock_etl_simple.py for tasks to queue
[2026-01-26T14:51:46.667+0000] {logging_mixin.py:151} INFO - [2026-01-26T14:51:46.667+0000] {dagbag.py:539} INFO - Filling up the DagBag from /opt/airflow/dags/stock_etl_simple.py
[2026-01-26T14:51:46.684+0000] {processor.py:839} INFO - DAG(s) dict_keys(['stock_etl_simple']) retrieved from /opt/airflow/dags/stock_etl_simple.py
[2026-01-26T14:51:46.713+0000] {logging_mixin.py:151} INFO - [2026-01-26T14:51:46.712+0000] {dag.py:2915} INFO - Sync 1 DAGs
[2026-01-26T14:51:46.734+0000] {logging_mixin.py:151} INFO - [2026-01-26T14:51:46.734+0000] {dag.py:3696} INFO - Setting next_dagrun for stock_etl_simple to None, run_after=None
[2026-01-26T14:51:46.765+0000] {processor.py:179} INFO - Processing /opt/airflow/dags/stock_etl_simple.py took 0.105 seconds
[2026-01-26T14:51:49.788+0000] {processor.py:157} INFO - Started process (PID=263) to work on /opt/airflow/dags/stock_etl_simple.py
[2026-01-26T14:51:49.790+0000] {processor.py:829} INFO - Processing file /opt/airflow/dags/stock_etl_simple.py for tasks to queue
[2026-01-26T14:51:49.793+0000] {logging_mixin.py:151} INFO - [2026-01-26T14:51:49.791+0000] {dagbag.py:539} INFO - Filling up the DagBag from /opt/airflow/dags/stock_etl_simple.py
[2026-01-26T14:51:49.808+0000] {processor.py:839} INFO - DAG(s) dict_keys(['stock_etl_simple']) retrieved from /opt/airflow/dags/stock_etl_simple.py
[2026-01-26T14:51:49.840+0000] {logging_mixin.py:151} INFO - [2026-01-26T14:51:49.839+0000] {dag.py:2915} INFO - Sync 1 DAGs
[2026-01-26T14:51:49.854+0000] {logging_mixin.py:151} INFO - [2026-01-26T14:51:49.854+0000] {dag.py:3696} INFO - Setting next_dagrun for stock_etl_simple to None, run_after=None
[2026-01-26T14:51:49.886+0000] {processor.py:179} INFO - Processing /opt/airflow/dags/stock_etl_simple.py took 0.102 seconds
[2026-01-26T14:51:54.875+0000] {processor.py:157} INFO - Started process (PID=268) to work on /opt/airflow/dags/stock_etl_simple.py
[2026-01-26T14:51:54.879+0000] {processor.py:829} INFO - Processing file /opt/airflow/dags/stock_etl_simple.py for tasks to queue
[2026-01-26T14:51:54.882+0000] {logging_mixin.py:151} INFO - [2026-01-26T14:51:54.881+0000] {dagbag.py:539} INFO - Filling up the DagBag from /opt/airflow/dags/stock_etl_simple.py
[2026-01-26T14:51:54.939+0000] {processor.py:839} INFO - DAG(s) dict_keys(['stock_etl_simple']) retrieved from /opt/airflow/dags/stock_etl_simple.py
[2026-01-26T14:51:54.999+0000] {logging_mixin.py:151} INFO - [2026-01-26T14:51:54.999+0000] {dag.py:2915} INFO - Sync 1 DAGs
[2026-01-26T14:51:55.013+0000] {logging_mixin.py:151} INFO - [2026-01-26T14:51:55.013+0000] {dag.py:3696} INFO - Setting next_dagrun for stock_etl_simple to None, run_after=None
[2026-01-26T14:51:55.038+0000] {processor.py:179} INFO - Processing /opt/airflow/dags/stock_etl_simple.py took 0.173 seconds
[2026-01-26T14:51:58.997+0000] {processor.py:157} INFO - Started process (PID=279) to work on /opt/airflow/dags/stock_etl_simple.py
[2026-01-26T14:51:58.999+0000] {processor.py:829} INFO - Processing file /opt/airflow/dags/stock_etl_simple.py for tasks to queue
[2026-01-26T14:51:59.002+0000] {logging_mixin.py:151} INFO - [2026-01-26T14:51:59.001+0000] {dagbag.py:539} INFO - Filling up the DagBag from /opt/airflow/dags/stock_etl_simple.py
[2026-01-26T14:51:59.033+0000] {processor.py:839} INFO - DAG(s) dict_keys(['stock_etl_simple']) retrieved from /opt/airflow/dags/stock_etl_simple.py
[2026-01-26T14:51:59.073+0000] {logging_mixin.py:151} INFO - [2026-01-26T14:51:59.073+0000] {dag.py:2915} INFO - Sync 1 DAGs
[2026-01-26T14:51:59.093+0000] {logging_mixin.py:151} INFO - [2026-01-26T14:51:59.093+0000] {dag.py:3696} INFO - Setting next_dagrun for stock_etl_simple to None, run_after=None
[2026-01-26T14:51:59.124+0000] {processor.py:179} INFO - Processing /opt/airflow/dags/stock_etl_simple.py took 0.134 seconds
[2026-01-26T14:52:02.103+0000] {processor.py:157} INFO - Started process (PID=285) to work on /opt/airflow/dags/stock_etl_simple.py
[2026-01-26T14:52:02.104+0000] {processor.py:829} INFO - Processing file /opt/airflow/dags/stock_etl_simple.py for tasks to queue
[2026-01-26T14:52:02.105+0000] {logging_mixin.py:151} INFO - [2026-01-26T14:52:02.105+0000] {dagbag.py:539} INFO - Filling up the DagBag from /opt/airflow/dags/stock_etl_simple.py
[2026-01-26T14:52:02.119+0000] {processor.py:839} INFO - DAG(s) dict_keys(['stock_etl_simple']) retrieved from /opt/airflow/dags/stock_etl_simple.py
[2026-01-26T14:52:02.153+0000] {logging_mixin.py:151} INFO - [2026-01-26T14:52:02.153+0000] {dag.py:2915} INFO - Sync 1 DAGs
[2026-01-26T14:52:02.170+0000] {logging_mixin.py:151} INFO - [2026-01-26T14:52:02.170+0000] {dag.py:3696} INFO - Setting next_dagrun for stock_etl_simple to None, run_after=None
[2026-01-26T14:52:02.198+0000] {processor.py:179} INFO - Processing /opt/airflow/dags/stock_etl_simple.py took 0.099 seconds
[2026-01-26T14:52:04.170+0000] {processor.py:157} INFO - Started process (PID=290) to work on /opt/airflow/dags/stock_etl_simple.py
[2026-01-26T14:52:04.171+0000] {processor.py:829} INFO - Processing file /opt/airflow/dags/stock_etl_simple.py for tasks to queue
[2026-01-26T14:52:04.172+0000] {logging_mixin.py:151} INFO - [2026-01-26T14:52:04.172+0000] {dagbag.py:539} INFO - Filling up the DagBag from /opt/airflow/dags/stock_etl_simple.py
[2026-01-26T14:52:04.186+0000] {processor.py:839} INFO - DAG(s) dict_keys(['stock_etl_simple']) retrieved from /opt/airflow/dags/stock_etl_simple.py
[2026-01-26T14:52:04.212+0000] {logging_mixin.py:151} INFO - [2026-01-26T14:52:04.212+0000] {dag.py:2915} INFO - Sync 1 DAGs
[2026-01-26T14:52:04.225+0000] {logging_mixin.py:151} INFO - [2026-01-26T14:52:04.224+0000] {dag.py:3696} INFO - Setting next_dagrun for stock_etl_simple to None, run_after=None
[2026-01-26T14:52:04.249+0000] {processor.py:179} INFO - Processing /opt/airflow/dags/stock_etl_simple.py took 0.082 seconds
[2026-01-26T14:53:21.399+0000] {processor.py:157} INFO - Started process (PID=162) to work on /opt/airflow/dags/stock_etl_simple.py
[2026-01-26T14:53:21.403+0000] {processor.py:829} INFO - Processing file /opt/airflow/dags/stock_etl_simple.py for tasks to queue
[2026-01-26T14:53:21.406+0000] {logging_mixin.py:151} INFO - [2026-01-26T14:53:21.405+0000] {dagbag.py:539} INFO - Filling up the DagBag from /opt/airflow/dags/stock_etl_simple.py
[2026-01-26T14:53:21.508+0000] {processor.py:839} INFO - DAG(s) dict_keys(['stock_etl_simple']) retrieved from /opt/airflow/dags/stock_etl_simple.py
[2026-01-26T14:53:21.583+0000] {logging_mixin.py:151} INFO - [2026-01-26T14:53:21.582+0000] {dag.py:2915} INFO - Sync 1 DAGs
[2026-01-26T14:53:21.597+0000] {logging_mixin.py:151} INFO - [2026-01-26T14:53:21.597+0000] {dag.py:3696} INFO - Setting next_dagrun for stock_etl_simple to None, run_after=None
[2026-01-26T14:53:21.620+0000] {processor.py:179} INFO - Processing /opt/airflow/dags/stock_etl_simple.py took 0.227 seconds
[2026-01-26T14:53:51.824+0000] {processor.py:157} INFO - Started process (PID=181) to work on /opt/airflow/dags/stock_etl_simple.py
[2026-01-26T14:53:51.826+0000] {processor.py:829} INFO - Processing file /opt/airflow/dags/stock_etl_simple.py for tasks to queue
[2026-01-26T14:53:51.827+0000] {logging_mixin.py:151} INFO - [2026-01-26T14:53:51.827+0000] {dagbag.py:539} INFO - Filling up the DagBag from /opt/airflow/dags/stock_etl_simple.py
[2026-01-26T14:53:51.844+0000] {processor.py:839} INFO - DAG(s) dict_keys(['stock_etl_simple']) retrieved from /opt/airflow/dags/stock_etl_simple.py
[2026-01-26T14:53:51.904+0000] {logging_mixin.py:151} INFO - [2026-01-26T14:53:51.904+0000] {dag.py:2915} INFO - Sync 1 DAGs
[2026-01-26T14:53:51.931+0000] {logging_mixin.py:151} INFO - [2026-01-26T14:53:51.930+0000] {dag.py:3696} INFO - Setting next_dagrun for stock_etl_simple to None, run_after=None
[2026-01-26T14:53:51.964+0000] {processor.py:179} INFO - Processing /opt/airflow/dags/stock_etl_simple.py took 0.149 seconds
[2026-01-26T14:54:22.166+0000] {processor.py:157} INFO - Started process (PID=199) to work on /opt/airflow/dags/stock_etl_simple.py
[2026-01-26T14:54:22.167+0000] {processor.py:829} INFO - Processing file /opt/airflow/dags/stock_etl_simple.py for tasks to queue
[2026-01-26T14:54:22.169+0000] {logging_mixin.py:151} INFO - [2026-01-26T14:54:22.169+0000] {dagbag.py:539} INFO - Filling up the DagBag from /opt/airflow/dags/stock_etl_simple.py
[2026-01-26T14:54:22.185+0000] {processor.py:839} INFO - DAG(s) dict_keys(['stock_etl_simple']) retrieved from /opt/airflow/dags/stock_etl_simple.py
[2026-01-26T14:54:22.221+0000] {logging_mixin.py:151} INFO - [2026-01-26T14:54:22.221+0000] {dag.py:2915} INFO - Sync 1 DAGs
[2026-01-26T14:54:22.237+0000] {logging_mixin.py:151} INFO - [2026-01-26T14:54:22.237+0000] {dag.py:3696} INFO - Setting next_dagrun for stock_etl_simple to None, run_after=None
[2026-01-26T14:54:22.265+0000] {processor.py:179} INFO - Processing /opt/airflow/dags/stock_etl_simple.py took 0.105 seconds
[2026-01-26T14:54:52.606+0000] {processor.py:157} INFO - Started process (PID=220) to work on /opt/airflow/dags/stock_etl_simple.py
[2026-01-26T14:54:52.608+0000] {processor.py:829} INFO - Processing file /opt/airflow/dags/stock_etl_simple.py for tasks to queue
[2026-01-26T14:54:52.611+0000] {logging_mixin.py:151} INFO - [2026-01-26T14:54:52.610+0000] {dagbag.py:539} INFO - Filling up the DagBag from /opt/airflow/dags/stock_etl_simple.py
[2026-01-26T14:54:52.654+0000] {processor.py:839} INFO - DAG(s) dict_keys(['stock_etl_simple']) retrieved from /opt/airflow/dags/stock_etl_simple.py
[2026-01-26T14:54:52.715+0000] {logging_mixin.py:151} INFO - [2026-01-26T14:54:52.715+0000] {dag.py:2915} INFO - Sync 1 DAGs
[2026-01-26T14:54:52.952+0000] {logging_mixin.py:151} INFO - [2026-01-26T14:54:52.952+0000] {dag.py:3696} INFO - Setting next_dagrun for stock_etl_simple to None, run_after=None
[2026-01-26T14:54:52.992+0000] {processor.py:179} INFO - Processing /opt/airflow/dags/stock_etl_simple.py took 0.391 seconds
[2026-01-26T14:55:23.161+0000] {processor.py:157} INFO - Started process (PID=238) to work on /opt/airflow/dags/stock_etl_simple.py
[2026-01-26T14:55:23.162+0000] {processor.py:829} INFO - Processing file /opt/airflow/dags/stock_etl_simple.py for tasks to queue
[2026-01-26T14:55:23.164+0000] {logging_mixin.py:151} INFO - [2026-01-26T14:55:23.163+0000] {dagbag.py:539} INFO - Filling up the DagBag from /opt/airflow/dags/stock_etl_simple.py
[2026-01-26T14:55:23.181+0000] {processor.py:839} INFO - DAG(s) dict_keys(['stock_etl_simple']) retrieved from /opt/airflow/dags/stock_etl_simple.py
[2026-01-26T14:55:23.402+0000] {logging_mixin.py:151} INFO - [2026-01-26T14:55:23.402+0000] {dag.py:2915} INFO - Sync 1 DAGs
[2026-01-26T14:55:23.422+0000] {logging_mixin.py:151} INFO - [2026-01-26T14:55:23.422+0000] {dag.py:3696} INFO - Setting next_dagrun for stock_etl_simple to None, run_after=None
[2026-01-26T14:55:23.458+0000] {processor.py:179} INFO - Processing /opt/airflow/dags/stock_etl_simple.py took 0.302 seconds
[2026-01-26T14:55:40.603+0000] {processor.py:157} INFO - Started process (PID=248) to work on /opt/airflow/dags/stock_etl_simple.py
[2026-01-26T14:55:40.604+0000] {processor.py:829} INFO - Processing file /opt/airflow/dags/stock_etl_simple.py for tasks to queue
[2026-01-26T14:55:40.605+0000] {logging_mixin.py:151} INFO - [2026-01-26T14:55:40.604+0000] {dagbag.py:539} INFO - Filling up the DagBag from /opt/airflow/dags/stock_etl_simple.py
[2026-01-26T14:55:40.735+0000] {processor.py:839} INFO - DAG(s) dict_keys(['stock_etl_simple']) retrieved from /opt/airflow/dags/stock_etl_simple.py
[2026-01-26T14:55:40.758+0000] {logging_mixin.py:151} INFO - [2026-01-26T14:55:40.758+0000] {dag.py:2915} INFO - Sync 1 DAGs
[2026-01-26T14:55:40.769+0000] {logging_mixin.py:151} INFO - [2026-01-26T14:55:40.768+0000] {dag.py:3696} INFO - Setting next_dagrun for stock_etl_simple to None, run_after=None
[2026-01-26T14:55:40.793+0000] {processor.py:179} INFO - Processing /opt/airflow/dags/stock_etl_simple.py took 0.193 seconds
[2026-01-26T14:56:11.226+0000] {processor.py:157} INFO - Started process (PID=266) to work on /opt/airflow/dags/stock_etl_simple.py
[2026-01-26T14:56:11.227+0000] {processor.py:829} INFO - Processing file /opt/airflow/dags/stock_etl_simple.py for tasks to queue
[2026-01-26T14:56:11.228+0000] {logging_mixin.py:151} INFO - [2026-01-26T14:56:11.228+0000] {dagbag.py:539} INFO - Filling up the DagBag from /opt/airflow/dags/stock_etl_simple.py
[2026-01-26T14:56:11.240+0000] {processor.py:839} INFO - DAG(s) dict_keys(['stock_etl_simple']) retrieved from /opt/airflow/dags/stock_etl_simple.py
[2026-01-26T14:56:11.270+0000] {logging_mixin.py:151} INFO - [2026-01-26T14:56:11.270+0000] {dag.py:2915} INFO - Sync 1 DAGs
[2026-01-26T14:56:11.285+0000] {logging_mixin.py:151} INFO - [2026-01-26T14:56:11.284+0000] {dag.py:3696} INFO - Setting next_dagrun for stock_etl_simple to None, run_after=None
[2026-01-26T14:56:11.312+0000] {processor.py:179} INFO - Processing /opt/airflow/dags/stock_etl_simple.py took 0.090 seconds
[2026-01-26T14:56:13.381+0000] {processor.py:157} INFO - Started process (PID=271) to work on /opt/airflow/dags/stock_etl_simple.py
[2026-01-26T14:56:13.384+0000] {processor.py:829} INFO - Processing file /opt/airflow/dags/stock_etl_simple.py for tasks to queue
[2026-01-26T14:56:13.388+0000] {logging_mixin.py:151} INFO - [2026-01-26T14:56:13.387+0000] {dagbag.py:539} INFO - Filling up the DagBag from /opt/airflow/dags/stock_etl_simple.py
[2026-01-26T14:56:13.458+0000] {processor.py:839} INFO - DAG(s) dict_keys(['stock_etl_simple']) retrieved from /opt/airflow/dags/stock_etl_simple.py
[2026-01-26T14:56:13.517+0000] {logging_mixin.py:151} INFO - [2026-01-26T14:56:13.517+0000] {dag.py:2915} INFO - Sync 1 DAGs
[2026-01-26T14:56:13.531+0000] {logging_mixin.py:151} INFO - [2026-01-26T14:56:13.531+0000] {dag.py:3696} INFO - Setting next_dagrun for stock_etl_simple to None, run_after=None
[2026-01-26T14:56:13.556+0000] {processor.py:179} INFO - Processing /opt/airflow/dags/stock_etl_simple.py took 0.186 seconds
[2026-01-26T14:56:15.393+0000] {processor.py:157} INFO - Started process (PID=276) to work on /opt/airflow/dags/stock_etl_simple.py
[2026-01-26T14:56:15.394+0000] {processor.py:829} INFO - Processing file /opt/airflow/dags/stock_etl_simple.py for tasks to queue
[2026-01-26T14:56:15.395+0000] {logging_mixin.py:151} INFO - [2026-01-26T14:56:15.394+0000] {dagbag.py:539} INFO - Filling up the DagBag from /opt/airflow/dags/stock_etl_simple.py
[2026-01-26T14:56:15.407+0000] {processor.py:839} INFO - DAG(s) dict_keys(['stock_etl_simple']) retrieved from /opt/airflow/dags/stock_etl_simple.py
[2026-01-26T14:56:15.433+0000] {logging_mixin.py:151} INFO - [2026-01-26T14:56:15.432+0000] {dag.py:2915} INFO - Sync 1 DAGs
[2026-01-26T14:56:15.446+0000] {logging_mixin.py:151} INFO - [2026-01-26T14:56:15.446+0000] {dag.py:3696} INFO - Setting next_dagrun for stock_etl_simple to None, run_after=None
[2026-01-26T14:56:15.470+0000] {processor.py:179} INFO - Processing /opt/airflow/dags/stock_etl_simple.py took 0.081 seconds
[2026-01-26T14:56:18.568+0000] {processor.py:157} INFO - Started process (PID=281) to work on /opt/airflow/dags/stock_etl_simple.py
[2026-01-26T14:56:18.569+0000] {processor.py:829} INFO - Processing file /opt/airflow/dags/stock_etl_simple.py for tasks to queue
[2026-01-26T14:56:18.570+0000] {logging_mixin.py:151} INFO - [2026-01-26T14:56:18.570+0000] {dagbag.py:539} INFO - Filling up the DagBag from /opt/airflow/dags/stock_etl_simple.py
[2026-01-26T14:56:18.587+0000] {processor.py:839} INFO - DAG(s) dict_keys(['stock_etl_simple']) retrieved from /opt/airflow/dags/stock_etl_simple.py
[2026-01-26T14:56:18.626+0000] {logging_mixin.py:151} INFO - [2026-01-26T14:56:18.626+0000] {dag.py:2915} INFO - Sync 1 DAGs
[2026-01-26T14:56:18.650+0000] {logging_mixin.py:151} INFO - [2026-01-26T14:56:18.649+0000] {dag.py:3696} INFO - Setting next_dagrun for stock_etl_simple to None, run_after=None
[2026-01-26T14:56:18.680+0000] {processor.py:179} INFO - Processing /opt/airflow/dags/stock_etl_simple.py took 0.116 seconds
[2026-01-26T14:56:47.681+0000] {processor.py:157} INFO - Started process (PID=163) to work on /opt/airflow/dags/stock_etl_simple.py
[2026-01-26T14:56:47.682+0000] {processor.py:829} INFO - Processing file /opt/airflow/dags/stock_etl_simple.py for tasks to queue
[2026-01-26T14:56:47.684+0000] {logging_mixin.py:151} INFO - [2026-01-26T14:56:47.683+0000] {dagbag.py:539} INFO - Filling up the DagBag from /opt/airflow/dags/stock_etl_simple.py
[2026-01-26T14:56:47.824+0000] {processor.py:839} INFO - DAG(s) dict_keys(['stock_etl_simple']) retrieved from /opt/airflow/dags/stock_etl_simple.py
[2026-01-26T14:56:47.902+0000] {logging_mixin.py:151} INFO - [2026-01-26T14:56:47.902+0000] {dag.py:2915} INFO - Sync 1 DAGs
[2026-01-26T14:56:47.916+0000] {logging_mixin.py:151} INFO - [2026-01-26T14:56:47.916+0000] {dag.py:3696} INFO - Setting next_dagrun for stock_etl_simple to None, run_after=None
[2026-01-26T14:56:47.945+0000] {processor.py:179} INFO - Processing /opt/airflow/dags/stock_etl_simple.py took 0.275 seconds
[2026-01-26T14:57:18.137+0000] {processor.py:157} INFO - Started process (PID=182) to work on /opt/airflow/dags/stock_etl_simple.py
[2026-01-26T14:57:18.138+0000] {processor.py:829} INFO - Processing file /opt/airflow/dags/stock_etl_simple.py for tasks to queue
[2026-01-26T14:57:18.140+0000] {logging_mixin.py:151} INFO - [2026-01-26T14:57:18.139+0000] {dagbag.py:539} INFO - Filling up the DagBag from /opt/airflow/dags/stock_etl_simple.py
[2026-01-26T14:57:18.163+0000] {processor.py:839} INFO - DAG(s) dict_keys(['stock_etl_simple']) retrieved from /opt/airflow/dags/stock_etl_simple.py
[2026-01-26T14:57:18.209+0000] {logging_mixin.py:151} INFO - [2026-01-26T14:57:18.208+0000] {dag.py:2915} INFO - Sync 1 DAGs
[2026-01-26T14:57:18.227+0000] {logging_mixin.py:151} INFO - [2026-01-26T14:57:18.227+0000] {dag.py:3696} INFO - Setting next_dagrun for stock_etl_simple to None, run_after=None
[2026-01-26T14:57:18.274+0000] {processor.py:179} INFO - Processing /opt/airflow/dags/stock_etl_simple.py took 0.143 seconds
[2026-01-26T14:57:48.476+0000] {processor.py:157} INFO - Started process (PID=203) to work on /opt/airflow/dags/stock_etl_simple.py
[2026-01-26T14:57:48.479+0000] {processor.py:829} INFO - Processing file /opt/airflow/dags/stock_etl_simple.py for tasks to queue
[2026-01-26T14:57:48.481+0000] {logging_mixin.py:151} INFO - [2026-01-26T14:57:48.481+0000] {dagbag.py:539} INFO - Filling up the DagBag from /opt/airflow/dags/stock_etl_simple.py
[2026-01-26T14:57:48.506+0000] {processor.py:839} INFO - DAG(s) dict_keys(['stock_etl_simple']) retrieved from /opt/airflow/dags/stock_etl_simple.py
[2026-01-26T14:57:48.920+0000] {logging_mixin.py:151} INFO - [2026-01-26T14:57:48.920+0000] {dag.py:2915} INFO - Sync 1 DAGs
[2026-01-26T14:57:48.956+0000] {logging_mixin.py:151} INFO - [2026-01-26T14:57:48.954+0000] {dag.py:3696} INFO - Setting next_dagrun for stock_etl_simple to None, run_after=None
[2026-01-26T14:57:49.002+0000] {processor.py:179} INFO - Processing /opt/airflow/dags/stock_etl_simple.py took 0.533 seconds
[2026-01-26T14:58:19.183+0000] {processor.py:157} INFO - Started process (PID=221) to work on /opt/airflow/dags/stock_etl_simple.py
[2026-01-26T14:58:19.184+0000] {processor.py:829} INFO - Processing file /opt/airflow/dags/stock_etl_simple.py for tasks to queue
[2026-01-26T14:58:19.186+0000] {logging_mixin.py:151} INFO - [2026-01-26T14:58:19.185+0000] {dagbag.py:539} INFO - Filling up the DagBag from /opt/airflow/dags/stock_etl_simple.py
[2026-01-26T14:58:19.197+0000] {processor.py:839} INFO - DAG(s) dict_keys(['stock_etl_simple']) retrieved from /opt/airflow/dags/stock_etl_simple.py
[2026-01-26T14:58:19.230+0000] {logging_mixin.py:151} INFO - [2026-01-26T14:58:19.230+0000] {dag.py:2915} INFO - Sync 1 DAGs
[2026-01-26T14:58:19.367+0000] {logging_mixin.py:151} INFO - [2026-01-26T14:58:19.366+0000] {dag.py:3696} INFO - Setting next_dagrun for stock_etl_simple to None, run_after=None
[2026-01-26T14:58:19.397+0000] {processor.py:179} INFO - Processing /opt/airflow/dags/stock_etl_simple.py took 0.218 seconds
[2026-01-26T14:58:49.652+0000] {processor.py:157} INFO - Started process (PID=239) to work on /opt/airflow/dags/stock_etl_simple.py
[2026-01-26T14:58:49.653+0000] {processor.py:829} INFO - Processing file /opt/airflow/dags/stock_etl_simple.py for tasks to queue
[2026-01-26T14:58:49.654+0000] {logging_mixin.py:151} INFO - [2026-01-26T14:58:49.654+0000] {dagbag.py:539} INFO - Filling up the DagBag from /opt/airflow/dags/stock_etl_simple.py
[2026-01-26T14:58:49.666+0000] {processor.py:839} INFO - DAG(s) dict_keys(['stock_etl_simple']) retrieved from /opt/airflow/dags/stock_etl_simple.py
[2026-01-26T14:58:49.892+0000] {logging_mixin.py:151} INFO - [2026-01-26T14:58:49.892+0000] {dag.py:2915} INFO - Sync 1 DAGs
[2026-01-26T14:58:49.922+0000] {logging_mixin.py:151} INFO - [2026-01-26T14:58:49.922+0000] {dag.py:3696} INFO - Setting next_dagrun for stock_etl_simple to None, run_after=None
[2026-01-26T14:58:49.975+0000] {processor.py:179} INFO - Processing /opt/airflow/dags/stock_etl_simple.py took 0.333 seconds
[2026-01-26T14:59:20.351+0000] {processor.py:157} INFO - Started process (PID=257) to work on /opt/airflow/dags/stock_etl_simple.py
[2026-01-26T14:59:20.352+0000] {processor.py:829} INFO - Processing file /opt/airflow/dags/stock_etl_simple.py for tasks to queue
[2026-01-26T14:59:20.353+0000] {logging_mixin.py:151} INFO - [2026-01-26T14:59:20.353+0000] {dagbag.py:539} INFO - Filling up the DagBag from /opt/airflow/dags/stock_etl_simple.py
[2026-01-26T14:59:20.370+0000] {processor.py:839} INFO - DAG(s) dict_keys(['stock_etl_simple']) retrieved from /opt/airflow/dags/stock_etl_simple.py
[2026-01-26T14:59:20.415+0000] {logging_mixin.py:151} INFO - [2026-01-26T14:59:20.415+0000] {dag.py:2915} INFO - Sync 1 DAGs
[2026-01-26T14:59:20.441+0000] {logging_mixin.py:151} INFO - [2026-01-26T14:59:20.440+0000] {dag.py:3696} INFO - Setting next_dagrun for stock_etl_simple to None, run_after=None
[2026-01-26T14:59:20.483+0000] {processor.py:179} INFO - Processing /opt/airflow/dags/stock_etl_simple.py took 0.137 seconds
[2026-01-26T14:59:30.608+0000] {processor.py:157} INFO - Started process (PID=267) to work on /opt/airflow/dags/stock_etl_simple.py
[2026-01-26T14:59:30.610+0000] {processor.py:829} INFO - Processing file /opt/airflow/dags/stock_etl_simple.py for tasks to queue
[2026-01-26T14:59:30.611+0000] {logging_mixin.py:151} INFO - [2026-01-26T14:59:30.610+0000] {dagbag.py:539} INFO - Filling up the DagBag from /opt/airflow/dags/stock_etl_simple.py
[2026-01-26T14:59:30.636+0000] {processor.py:839} INFO - DAG(s) dict_keys(['stock_etl_simple']) retrieved from /opt/airflow/dags/stock_etl_simple.py
[2026-01-26T14:59:30.682+0000] {logging_mixin.py:151} INFO - [2026-01-26T14:59:30.682+0000] {dag.py:2915} INFO - Sync 1 DAGs
[2026-01-26T14:59:30.713+0000] {logging_mixin.py:151} INFO - [2026-01-26T14:59:30.712+0000] {dag.py:3696} INFO - Setting next_dagrun for stock_etl_simple to None, run_after=None
[2026-01-26T14:59:30.767+0000] {processor.py:179} INFO - Processing /opt/airflow/dags/stock_etl_simple.py took 0.167 seconds
[2026-01-26T15:00:00.960+0000] {processor.py:157} INFO - Started process (PID=285) to work on /opt/airflow/dags/stock_etl_simple.py
[2026-01-26T15:00:00.961+0000] {processor.py:829} INFO - Processing file /opt/airflow/dags/stock_etl_simple.py for tasks to queue
[2026-01-26T15:00:00.962+0000] {logging_mixin.py:151} INFO - [2026-01-26T15:00:00.962+0000] {dagbag.py:539} INFO - Filling up the DagBag from /opt/airflow/dags/stock_etl_simple.py
[2026-01-26T15:00:00.974+0000] {processor.py:839} INFO - DAG(s) dict_keys(['stock_etl_simple']) retrieved from /opt/airflow/dags/stock_etl_simple.py
[2026-01-26T15:00:01.006+0000] {logging_mixin.py:151} INFO - [2026-01-26T15:00:01.006+0000] {dag.py:2915} INFO - Sync 1 DAGs
[2026-01-26T15:00:01.029+0000] {logging_mixin.py:151} INFO - [2026-01-26T15:00:01.029+0000] {dag.py:3696} INFO - Setting next_dagrun for stock_etl_simple to None, run_after=None
[2026-01-26T15:00:01.065+0000] {processor.py:179} INFO - Processing /opt/airflow/dags/stock_etl_simple.py took 0.110 seconds
[2026-01-26T15:00:25.236+0000] {processor.py:157} INFO - Started process (PID=302) to work on /opt/airflow/dags/stock_etl_simple.py
[2026-01-26T15:00:25.237+0000] {processor.py:829} INFO - Processing file /opt/airflow/dags/stock_etl_simple.py for tasks to queue
[2026-01-26T15:00:25.238+0000] {logging_mixin.py:151} INFO - [2026-01-26T15:00:25.238+0000] {dagbag.py:539} INFO - Filling up the DagBag from /opt/airflow/dags/stock_etl_simple.py
[2026-01-26T15:00:25.244+0000] {logging_mixin.py:151} INFO - [2026-01-26T15:00:25.242+0000] {dagbag.py:347} ERROR - Failed to import: /opt/airflow/dags/stock_etl_simple.py
Traceback (most recent call last):
  File "/home/airflow/.local/lib/python3.8/site-packages/airflow/models/dagbag.py", line 343, in parse
    loader.exec_module(new_module)
  File "<frozen importlib._bootstrap_external>", line 839, in exec_module
  File "<frozen importlib._bootstrap_external>", line 976, in get_code
  File "<frozen importlib._bootstrap_external>", line 906, in source_to_code
  File "<frozen importlib._bootstrap>", line 219, in _call_with_frames_removed
  File "/opt/airflow/dags/stock_etl_simple.py", line 102
    inserted += 1
    ^
IndentationError: expected an indented block
[2026-01-26T15:00:25.245+0000] {processor.py:841} WARNING - No viable dags retrieved from /opt/airflow/dags/stock_etl_simple.py
[2026-01-26T15:00:25.271+0000] {processor.py:179} INFO - Processing /opt/airflow/dags/stock_etl_simple.py took 0.039 seconds
[2026-01-26T15:00:29.260+0000] {processor.py:157} INFO - Started process (PID=307) to work on /opt/airflow/dags/stock_etl_simple.py
[2026-01-26T15:00:29.261+0000] {processor.py:829} INFO - Processing file /opt/airflow/dags/stock_etl_simple.py for tasks to queue
[2026-01-26T15:00:29.262+0000] {logging_mixin.py:151} INFO - [2026-01-26T15:00:29.262+0000] {dagbag.py:539} INFO - Filling up the DagBag from /opt/airflow/dags/stock_etl_simple.py
[2026-01-26T15:00:29.278+0000] {processor.py:839} INFO - DAG(s) dict_keys(['stock_etl_simple']) retrieved from /opt/airflow/dags/stock_etl_simple.py
[2026-01-26T15:00:29.308+0000] {logging_mixin.py:151} INFO - [2026-01-26T15:00:29.308+0000] {dag.py:2915} INFO - Sync 1 DAGs
[2026-01-26T15:00:29.324+0000] {logging_mixin.py:151} INFO - [2026-01-26T15:00:29.324+0000] {dag.py:3696} INFO - Setting next_dagrun for stock_etl_simple to None, run_after=None
[2026-01-26T15:00:29.363+0000] {processor.py:179} INFO - Processing /opt/airflow/dags/stock_etl_simple.py took 0.107 seconds
[2026-01-26T15:01:10.029+0000] {processor.py:157} INFO - Started process (PID=164) to work on /opt/airflow/dags/stock_etl_simple.py
[2026-01-26T15:01:10.033+0000] {processor.py:829} INFO - Processing file /opt/airflow/dags/stock_etl_simple.py for tasks to queue
[2026-01-26T15:01:10.039+0000] {logging_mixin.py:151} INFO - [2026-01-26T15:01:10.038+0000] {dagbag.py:539} INFO - Filling up the DagBag from /opt/airflow/dags/stock_etl_simple.py
[2026-01-26T15:01:10.080+0000] {processor.py:839} INFO - DAG(s) dict_keys(['stock_etl_simple']) retrieved from /opt/airflow/dags/stock_etl_simple.py
[2026-01-26T15:01:10.174+0000] {logging_mixin.py:151} INFO - [2026-01-26T15:01:10.174+0000] {dag.py:2915} INFO - Sync 1 DAGs
[2026-01-26T15:01:10.216+0000] {logging_mixin.py:151} INFO - [2026-01-26T15:01:10.216+0000] {dag.py:3696} INFO - Setting next_dagrun for stock_etl_simple to None, run_after=None
[2026-01-26T15:01:10.269+0000] {processor.py:179} INFO - Processing /opt/airflow/dags/stock_etl_simple.py took 0.263 seconds
[2026-01-26T15:01:40.484+0000] {processor.py:157} INFO - Started process (PID=181) to work on /opt/airflow/dags/stock_etl_simple.py
[2026-01-26T15:01:40.485+0000] {processor.py:829} INFO - Processing file /opt/airflow/dags/stock_etl_simple.py for tasks to queue
[2026-01-26T15:01:40.486+0000] {logging_mixin.py:151} INFO - [2026-01-26T15:01:40.486+0000] {dagbag.py:539} INFO - Filling up the DagBag from /opt/airflow/dags/stock_etl_simple.py
[2026-01-26T15:01:40.506+0000] {processor.py:839} INFO - DAG(s) dict_keys(['stock_etl_simple']) retrieved from /opt/airflow/dags/stock_etl_simple.py
[2026-01-26T15:01:40.585+0000] {logging_mixin.py:151} INFO - [2026-01-26T15:01:40.585+0000] {dag.py:2915} INFO - Sync 1 DAGs
[2026-01-26T15:01:40.607+0000] {logging_mixin.py:151} INFO - [2026-01-26T15:01:40.607+0000] {dag.py:3696} INFO - Setting next_dagrun for stock_etl_simple to None, run_after=None
[2026-01-26T15:01:40.660+0000] {processor.py:179} INFO - Processing /opt/airflow/dags/stock_etl_simple.py took 0.185 seconds
[2026-01-26T15:02:10.853+0000] {processor.py:157} INFO - Started process (PID=202) to work on /opt/airflow/dags/stock_etl_simple.py
[2026-01-26T15:02:10.855+0000] {processor.py:829} INFO - Processing file /opt/airflow/dags/stock_etl_simple.py for tasks to queue
[2026-01-26T15:02:10.857+0000] {logging_mixin.py:151} INFO - [2026-01-26T15:02:10.857+0000] {dagbag.py:539} INFO - Filling up the DagBag from /opt/airflow/dags/stock_etl_simple.py
[2026-01-26T15:02:10.879+0000] {processor.py:839} INFO - DAG(s) dict_keys(['stock_etl_simple']) retrieved from /opt/airflow/dags/stock_etl_simple.py
[2026-01-26T15:02:10.926+0000] {logging_mixin.py:151} INFO - [2026-01-26T15:02:10.925+0000] {dag.py:2915} INFO - Sync 1 DAGs
[2026-01-26T15:02:10.951+0000] {logging_mixin.py:151} INFO - [2026-01-26T15:02:10.951+0000] {dag.py:3696} INFO - Setting next_dagrun for stock_etl_simple to None, run_after=None
[2026-01-26T15:02:10.986+0000] {processor.py:179} INFO - Processing /opt/airflow/dags/stock_etl_simple.py took 0.137 seconds
[2026-01-26T15:02:41.165+0000] {processor.py:157} INFO - Started process (PID=224) to work on /opt/airflow/dags/stock_etl_simple.py
[2026-01-26T15:02:41.166+0000] {processor.py:829} INFO - Processing file /opt/airflow/dags/stock_etl_simple.py for tasks to queue
[2026-01-26T15:02:41.167+0000] {logging_mixin.py:151} INFO - [2026-01-26T15:02:41.166+0000] {dagbag.py:539} INFO - Filling up the DagBag from /opt/airflow/dags/stock_etl_simple.py
[2026-01-26T15:02:41.180+0000] {processor.py:839} INFO - DAG(s) dict_keys(['stock_etl_simple']) retrieved from /opt/airflow/dags/stock_etl_simple.py
[2026-01-26T15:02:41.212+0000] {logging_mixin.py:151} INFO - [2026-01-26T15:02:41.212+0000] {dag.py:2915} INFO - Sync 1 DAGs
[2026-01-26T15:02:41.360+0000] {logging_mixin.py:151} INFO - [2026-01-26T15:02:41.360+0000] {dag.py:3696} INFO - Setting next_dagrun for stock_etl_simple to None, run_after=None
[2026-01-26T15:02:41.387+0000] {processor.py:179} INFO - Processing /opt/airflow/dags/stock_etl_simple.py took 0.226 seconds
[2026-01-26T15:03:11.619+0000] {processor.py:157} INFO - Started process (PID=242) to work on /opt/airflow/dags/stock_etl_simple.py
[2026-01-26T15:03:11.620+0000] {processor.py:829} INFO - Processing file /opt/airflow/dags/stock_etl_simple.py for tasks to queue
[2026-01-26T15:03:11.621+0000] {logging_mixin.py:151} INFO - [2026-01-26T15:03:11.621+0000] {dagbag.py:539} INFO - Filling up the DagBag from /opt/airflow/dags/stock_etl_simple.py
[2026-01-26T15:03:11.632+0000] {processor.py:839} INFO - DAG(s) dict_keys(['stock_etl_simple']) retrieved from /opt/airflow/dags/stock_etl_simple.py
[2026-01-26T15:03:11.759+0000] {logging_mixin.py:151} INFO - [2026-01-26T15:03:11.758+0000] {dag.py:2915} INFO - Sync 1 DAGs
[2026-01-26T15:03:11.773+0000] {logging_mixin.py:151} INFO - [2026-01-26T15:03:11.773+0000] {dag.py:3696} INFO - Setting next_dagrun for stock_etl_simple to None, run_after=None
[2026-01-26T15:03:11.799+0000] {processor.py:179} INFO - Processing /opt/airflow/dags/stock_etl_simple.py took 0.185 seconds
[2026-01-26T15:03:39.279+0000] {processor.py:157} INFO - Started process (PID=260) to work on /opt/airflow/dags/stock_etl_simple.py
[2026-01-26T15:03:39.281+0000] {processor.py:829} INFO - Processing file /opt/airflow/dags/stock_etl_simple.py for tasks to queue
[2026-01-26T15:03:39.283+0000] {logging_mixin.py:151} INFO - [2026-01-26T15:03:39.283+0000] {dagbag.py:539} INFO - Filling up the DagBag from /opt/airflow/dags/stock_etl_simple.py
[2026-01-26T15:03:39.306+0000] {processor.py:839} INFO - DAG(s) dict_keys(['stock_etl_pipeline']) retrieved from /opt/airflow/dags/stock_etl_simple.py
[2026-01-26T15:03:39.665+0000] {logging_mixin.py:151} INFO - [2026-01-26T15:03:39.664+0000] {security.py:708} INFO - Not syncing DAG-level permissions for DAG 'DAG:stock_etl_pipeline' as access control is unset.
[2026-01-26T15:03:39.665+0000] {logging_mixin.py:151} INFO - [2026-01-26T15:03:39.665+0000] {dag.py:2915} INFO - Sync 1 DAGs
[2026-01-26T15:03:39.678+0000] {logging_mixin.py:151} INFO - [2026-01-26T15:03:39.678+0000] {dag.py:3696} INFO - Setting next_dagrun for stock_etl_pipeline to None, run_after=None
[2026-01-26T15:03:39.724+0000] {processor.py:179} INFO - Processing /opt/airflow/dags/stock_etl_simple.py took 0.449 seconds
