[2026-01-26T14:28:38.936+0000] {logging_mixin.py:151} INFO - Changing /opt/***/logs/dag_id=stock_etl_simple/run_id=manual__2026-01-26T14:28:35.859277+00:00/task_id=run_etl_simple permission to 509
[2026-01-26T14:28:38.981+0000] {logging_mixin.py:151} INFO - Changing /opt/***/logs/dag_id=stock_etl_simple/run_id=manual__2026-01-26T14:28:35.859277+00:00/task_id=run_etl_simple permission to 509
[2026-01-26T14:28:39.015+0000] {taskinstance.py:1157} INFO - Dependencies all met for dep_context=non-requeueable deps ti=<TaskInstance: stock_etl_simple.run_etl_simple manual__2026-01-26T14:28:35.859277+00:00 [queued]>
[2026-01-26T14:28:39.024+0000] {taskinstance.py:1157} INFO - Dependencies all met for dep_context=requeueable deps ti=<TaskInstance: stock_etl_simple.run_etl_simple manual__2026-01-26T14:28:35.859277+00:00 [queued]>
[2026-01-26T14:28:39.025+0000] {taskinstance.py:1359} INFO - Starting attempt 1 of 1
[2026-01-26T14:28:39.041+0000] {taskinstance.py:1380} INFO - Executing <Task(PythonOperator): run_etl_simple> on 2026-01-26 14:28:35.859277+00:00
[2026-01-26T14:28:39.047+0000] {standard_task_runner.py:57} INFO - Started process 193 to run task
[2026-01-26T14:28:39.051+0000] {standard_task_runner.py:84} INFO - Running: ['***', 'tasks', 'run', 'stock_etl_simple', 'run_etl_simple', 'manual__2026-01-26T14:28:35.859277+00:00', '--job-id', '14', '--raw', '--subdir', 'DAGS_FOLDER/stock_etl_simple.py', '--cfg-path', '/tmp/tmp4hr146dk']
[2026-01-26T14:28:39.054+0000] {standard_task_runner.py:85} INFO - Job 14: Subtask run_etl_simple
[2026-01-26T14:28:39.077+0000] {logging_mixin.py:151} WARNING - /home/***/.local/lib/python3.8/site-packages/***/settings.py:195 DeprecationWarning: The sql_alchemy_conn option in [core] has been moved to the sql_alchemy_conn option in [database] - the old setting has been used, but please update your config.
[2026-01-26T14:28:39.115+0000] {logging_mixin.py:151} INFO - Changing /opt/***/logs/dag_id=stock_etl_simple/run_id=manual__2026-01-26T14:28:35.859277+00:00/task_id=run_etl_simple permission to 509
[2026-01-26T14:28:39.116+0000] {task_command.py:415} INFO - Running <TaskInstance: stock_etl_simple.run_etl_simple manual__2026-01-26T14:28:35.859277+00:00 [running]> on host 49edcfcf4b7f
[2026-01-26T14:28:39.227+0000] {taskinstance.py:1660} INFO - Exporting env vars: AIRFLOW_CTX_DAG_OWNER='***' AIRFLOW_CTX_DAG_ID='stock_etl_simple' AIRFLOW_CTX_TASK_ID='run_etl_simple' AIRFLOW_CTX_EXECUTION_DATE='2026-01-26T14:28:35.859277+00:00' AIRFLOW_CTX_TRY_NUMBER='1' AIRFLOW_CTX_DAG_RUN_ID='manual__2026-01-26T14:28:35.859277+00:00'
[2026-01-26T14:28:40.757+0000] {logging_mixin.py:151} INFO - ================================================================================
[2026-01-26T14:28:40.757+0000] {logging_mixin.py:151} INFO - DÉBUT DU PIPELINE SIMPLE
[2026-01-26T14:28:40.757+0000] {logging_mixin.py:151} INFO - ================================================================================
[2026-01-26T14:28:40.758+0000] {logging_mixin.py:151} INFO - Dossier data : /opt/***/data/raw
[2026-01-26T14:28:40.758+0000] {logging_mixin.py:151} INFO - Existe : True
[2026-01-26T14:28:40.759+0000] {logging_mixin.py:151} INFO - ✅ Trouvé 3 fichiers CSV
[2026-01-26T14:28:40.759+0000] {logging_mixin.py:151} INFO -   - AAPL_2026-01-26 06:13:30.297050+00:00.csv
[2026-01-26T14:28:40.759+0000] {logging_mixin.py:151} INFO -   - GOOGL_2026-01-26 06:13:31.897613+00:00.csv
[2026-01-26T14:28:40.759+0000] {logging_mixin.py:151} INFO -   - MSFT_2026-01-26 06:13:31.074172+00:00.csv
[2026-01-26T14:28:40.759+0000] {logging_mixin.py:151} INFO - 
--------------------------------------------------------------------------------
[2026-01-26T14:28:40.760+0000] {logging_mixin.py:151} INFO - 📄 Traitement de : AAPL_2026-01-26 06:13:30.297050+00:00.csv
[2026-01-26T14:28:40.760+0000] {logging_mixin.py:151} INFO - --------------------------------------------------------------------------------
[2026-01-26T14:28:40.760+0000] {logging_mixin.py:151} INFO -   1️⃣ Lecture du CSV...
[2026-01-26T14:28:40.765+0000] {logging_mixin.py:151} INFO -      ✅ Lu 1018 lignes
[2026-01-26T14:28:40.766+0000] {logging_mixin.py:151} INFO -      Colonnes: ['Date', 'Open', 'High', 'Low', 'Close', 'Volume', 'Dividends', 'Stock Splits', 'symbol', 'extracted_at']
[2026-01-26T14:28:40.766+0000] {logging_mixin.py:151} INFO -   2️⃣ Nettoyage des colonnes...
[2026-01-26T14:28:40.767+0000] {logging_mixin.py:151} INFO -      ✅ Colonnes nettoyées: ['date', 'open', 'high', 'low', 'close', 'volume', 'dividends', 'stock_splits', 'symbol', 'extracted_at']
[2026-01-26T14:28:40.767+0000] {logging_mixin.py:151} INFO -   3️⃣ Conversion des dates...
[2026-01-26T14:28:40.776+0000] {logging_mixin.py:151} INFO -      ✅ Dates converties
[2026-01-26T14:28:40.776+0000] {logging_mixin.py:151} INFO -   4️⃣ Nettoyage des données...
[2026-01-26T14:28:40.783+0000] {logging_mixin.py:151} INFO -      ✅ 1018 → 1018 lignes (après nettoyage)
[2026-01-26T14:28:40.783+0000] {logging_mixin.py:151} INFO -   5️⃣ Connexion à la base de données...
[2026-01-26T14:28:40.787+0000] {logging_mixin.py:151} INFO -      ✅ Connecté
[2026-01-26T14:28:40.788+0000] {logging_mixin.py:151} INFO -   6️⃣ Insertion des données...
[2026-01-26T14:28:40.789+0000] {logging_mixin.py:151} INFO -      ⚠️ Erreur ligne 0: not all arguments converted during string formatting
[2026-01-26T14:28:40.789+0000] {logging_mixin.py:151} INFO -      ⚠️ Erreur ligne 1: not all arguments converted during string formatting
[2026-01-26T14:28:40.790+0000] {logging_mixin.py:151} INFO -      ⚠️ Erreur ligne 2: not all arguments converted during string formatting
[2026-01-26T14:28:40.790+0000] {logging_mixin.py:151} INFO -      ⚠️ Erreur ligne 3: not all arguments converted during string formatting
[2026-01-26T14:28:40.791+0000] {logging_mixin.py:151} INFO -      ⚠️ Erreur ligne 4: not all arguments converted during string formatting
[2026-01-26T14:28:40.792+0000] {logging_mixin.py:151} INFO -      ⚠️ Erreur ligne 5: not all arguments converted during string formatting
[2026-01-26T14:28:40.792+0000] {logging_mixin.py:151} INFO -      ⚠️ Erreur ligne 6: not all arguments converted during string formatting
[2026-01-26T14:28:40.793+0000] {logging_mixin.py:151} INFO -      ⚠️ Erreur ligne 7: not all arguments converted during string formatting
[2026-01-26T14:28:40.793+0000] {logging_mixin.py:151} INFO -      ⚠️ Erreur ligne 8: not all arguments converted during string formatting
[2026-01-26T14:28:40.794+0000] {logging_mixin.py:151} INFO -      ⚠️ Erreur ligne 9: not all arguments converted during string formatting
[2026-01-26T14:28:40.794+0000] {logging_mixin.py:151} INFO -      ⚠️ Erreur ligne 10: not all arguments converted during string formatting
[2026-01-26T14:28:40.795+0000] {logging_mixin.py:151} INFO -      ⚠️ Erreur ligne 11: not all arguments converted during string formatting
[2026-01-26T14:28:40.795+0000] {logging_mixin.py:151} INFO -      ⚠️ Erreur ligne 12: not all arguments converted during string formatting
[2026-01-26T14:28:40.796+0000] {logging_mixin.py:151} INFO -      ⚠️ Erreur ligne 13: not all arguments converted during string formatting
[2026-01-26T14:28:40.796+0000] {logging_mixin.py:151} INFO -      ⚠️ Erreur ligne 14: not all arguments converted during string formatting
[2026-01-26T14:28:40.797+0000] {logging_mixin.py:151} INFO -      ⚠️ Erreur ligne 15: not all arguments converted during string formatting
[2026-01-26T14:28:40.797+0000] {logging_mixin.py:151} INFO -      ⚠️ Erreur ligne 16: not all arguments converted during string formatting
[2026-01-26T14:28:40.798+0000] {logging_mixin.py:151} INFO -      ⚠️ Erreur ligne 17: not all arguments converted during string formatting
[2026-01-26T14:28:40.798+0000] {logging_mixin.py:151} INFO -      ⚠️ Erreur ligne 18: not all arguments converted during string formatting
[2026-01-26T14:28:40.798+0000] {logging_mixin.py:151} INFO -      ⚠️ Erreur ligne 19: not all arguments converted during string formatting
[2026-01-26T14:28:40.799+0000] {logging_mixin.py:151} INFO -      ⚠️ Erreur ligne 20: not all arguments converted during string formatting
[2026-01-26T14:28:40.799+0000] {logging_mixin.py:151} INFO -      ⚠️ Erreur ligne 21: not all arguments converted during string formatting
[2026-01-26T14:28:40.800+0000] {logging_mixin.py:151} INFO -      ⚠️ Erreur ligne 22: not all arguments converted during string formatting
[2026-01-26T14:28:40.800+0000] {logging_mixin.py:151} INFO -      ⚠️ Erreur ligne 23: not all arguments converted during string formatting
[2026-01-26T14:28:40.801+0000] {logging_mixin.py:151} INFO -      ⚠️ Erreur ligne 24: not all arguments converted during string formatting
[2026-01-26T14:28:40.801+0000] {logging_mixin.py:151} INFO -      ⚠️ Erreur ligne 25: not all arguments converted during string formatting
[2026-01-26T14:28:40.802+0000] {logging_mixin.py:151} INFO -      ⚠️ Erreur ligne 26: not all arguments converted during string formatting
[2026-01-26T14:28:40.803+0000] {logging_mixin.py:151} INFO -      ⚠️ Erreur ligne 27: not all arguments converted during string formatting
[2026-01-26T14:28:40.803+0000] {logging_mixin.py:151} INFO -      ⚠️ Erreur ligne 28: not all arguments converted during string formatting
[2026-01-26T14:28:40.804+0000] {logging_mixin.py:151} INFO -      ⚠️ Erreur ligne 29: not all arguments converted during string formatting
[2026-01-26T14:28:40.804+0000] {logging_mixin.py:151} INFO -      ⚠️ Erreur ligne 30: not all arguments converted during string formatting
[2026-01-26T14:28:40.805+0000] {logging_mixin.py:151} INFO -      ⚠️ Erreur ligne 31: not all arguments converted during string formatting
[2026-01-26T14:28:40.805+0000] {logging_mixin.py:151} INFO -      ⚠️ Erreur ligne 32: not all arguments converted during string formatting
[2026-01-26T14:28:40.806+0000] {logging_mixin.py:151} INFO -      ⚠️ Erreur ligne 33: not all arguments converted during string formatting
[2026-01-26T14:28:40.806+0000] {logging_mixin.py:151} INFO -      ⚠️ Erreur ligne 34: not all arguments converted during string formatting
[2026-01-26T14:28:40.807+0000] {logging_mixin.py:151} INFO -      ⚠️ Erreur ligne 35: not all arguments converted during string formatting
[2026-01-26T14:28:40.807+0000] {logging_mixin.py:151} INFO -      ⚠️ Erreur ligne 36: not all arguments converted during string formatting
[2026-01-26T14:28:40.808+0000] {logging_mixin.py:151} INFO -      ⚠️ Erreur ligne 37: not all arguments converted during string formatting
[2026-01-26T14:28:40.808+0000] {logging_mixin.py:151} INFO -      ⚠️ Erreur ligne 38: not all arguments converted during string formatting
[2026-01-26T14:28:40.809+0000] {logging_mixin.py:151} INFO -      ⚠️ Erreur ligne 39: not all arguments converted during string formatting
[2026-01-26T14:28:40.809+0000] {logging_mixin.py:151} INFO -      ⚠️ Erreur ligne 40: not all arguments converted during string formatting
[2026-01-26T14:28:40.809+0000] {logging_mixin.py:151} INFO -      ⚠️ Erreur ligne 41: not all arguments converted during string formatting
[2026-01-26T14:28:40.810+0000] {logging_mixin.py:151} INFO -      ⚠️ Erreur ligne 42: not all arguments converted during string formatting
[2026-01-26T14:28:40.810+0000] {logging_mixin.py:151} INFO -      ⚠️ Erreur ligne 43: not all arguments converted during string formatting
[2026-01-26T14:28:40.811+0000] {logging_mixin.py:151} INFO -      ⚠️ Erreur ligne 44: not all arguments converted during string formatting
[2026-01-26T14:28:40.811+0000] {logging_mixin.py:151} INFO -      ⚠️ Erreur ligne 45: not all arguments converted during string formatting
[2026-01-26T14:28:40.812+0000] {logging_mixin.py:151} INFO -      ⚠️ Erreur ligne 46: not all arguments converted during string formatting
[2026-01-26T14:28:40.812+0000] {logging_mixin.py:151} INFO -      ⚠️ Erreur ligne 47: not all arguments converted during string formatting
[2026-01-26T14:28:40.813+0000] {logging_mixin.py:151} INFO -      ⚠️ Erreur ligne 48: not all arguments converted during string formatting
[2026-01-26T14:28:40.813+0000] {logging_mixin.py:151} INFO -      ⚠️ Erreur ligne 49: not all arguments converted during string formatting
[2026-01-26T14:28:40.813+0000] {logging_mixin.py:151} INFO -      ⚠️ Erreur ligne 50: not all arguments converted during string formatting
[2026-01-26T14:28:40.814+0000] {logging_mixin.py:151} INFO -      ⚠️ Erreur ligne 51: not all arguments converted during string formatting
[2026-01-26T14:28:40.814+0000] {logging_mixin.py:151} INFO -      ⚠️ Erreur ligne 52: not all arguments converted during string formatting
[2026-01-26T14:28:40.815+0000] {logging_mixin.py:151} INFO -      ⚠️ Erreur ligne 53: not all arguments converted during string formatting
[2026-01-26T14:28:40.815+0000] {logging_mixin.py:151} INFO -      ⚠️ Erreur ligne 54: not all arguments converted during string formatting
[2026-01-26T14:28:40.815+0000] {logging_mixin.py:151} INFO -      ⚠️ Erreur ligne 55: not all arguments converted during string formatting
[2026-01-26T14:28:40.816+0000] {logging_mixin.py:151} INFO -      ⚠️ Erreur ligne 56: not all arguments converted during string formatting
[2026-01-26T14:28:40.816+0000] {logging_mixin.py:151} INFO -      ⚠️ Erreur ligne 57: not all arguments converted during string formatting
[2026-01-26T14:28:40.817+0000] {logging_mixin.py:151} INFO -      ⚠️ Erreur ligne 58: not all arguments converted during string formatting
[2026-01-26T14:28:40.817+0000] {logging_mixin.py:151} INFO -      ⚠️ Erreur ligne 59: not all arguments converted during string formatting
[2026-01-26T14:28:40.818+0000] {logging_mixin.py:151} INFO -      ⚠️ Erreur ligne 60: not all arguments converted during string formatting
[2026-01-26T14:28:40.818+0000] {logging_mixin.py:151} INFO -      ⚠️ Erreur ligne 61: not all arguments converted during string formatting
[2026-01-26T14:28:40.818+0000] {logging_mixin.py:151} INFO -      ⚠️ Erreur ligne 62: not all arguments converted during string formatting
[2026-01-26T14:28:40.819+0000] {logging_mixin.py:151} INFO -      ⚠️ Erreur ligne 63: not all arguments converted during string formatting
[2026-01-26T14:28:40.819+0000] {logging_mixin.py:151} INFO -      ⚠️ Erreur ligne 64: not all arguments converted during string formatting
[2026-01-26T14:28:40.820+0000] {logging_mixin.py:151} INFO -      ⚠️ Erreur ligne 65: not all arguments converted during string formatting
[2026-01-26T14:28:40.820+0000] {logging_mixin.py:151} INFO -      ⚠️ Erreur ligne 66: not all arguments converted during string formatting
[2026-01-26T14:28:40.820+0000] {logging_mixin.py:151} INFO -      ⚠️ Erreur ligne 67: not all arguments converted during string formatting
[2026-01-26T14:28:40.821+0000] {logging_mixin.py:151} INFO -      ⚠️ Erreur ligne 68: not all arguments converted during string formatting
[2026-01-26T14:28:40.821+0000] {logging_mixin.py:151} INFO -      ⚠️ Erreur ligne 69: not all arguments converted during string formatting
[2026-01-26T14:28:40.822+0000] {logging_mixin.py:151} INFO -      ⚠️ Erreur ligne 70: not all arguments converted during string formatting
[2026-01-26T14:28:40.822+0000] {logging_mixin.py:151} INFO -      ⚠️ Erreur ligne 71: not all arguments converted during string formatting
[2026-01-26T14:28:40.823+0000] {logging_mixin.py:151} INFO -      ⚠️ Erreur ligne 72: not all arguments converted during string formatting
[2026-01-26T14:28:40.823+0000] {logging_mixin.py:151} INFO -      ⚠️ Erreur ligne 73: not all arguments converted during string formatting
[2026-01-26T14:28:40.824+0000] {logging_mixin.py:151} INFO -      ⚠️ Erreur ligne 74: not all arguments converted during string formatting
[2026-01-26T14:28:40.824+0000] {logging_mixin.py:151} INFO -      ⚠️ Erreur ligne 75: not all arguments converted during string formatting
[2026-01-26T14:28:40.825+0000] {logging_mixin.py:151} INFO -      ⚠️ Erreur ligne 76: not all arguments converted during string formatting
[2026-01-26T14:28:40.825+0000] {logging_mixin.py:151} INFO -      ⚠️ Erreur ligne 77: not all arguments converted during string formatting
[2026-01-26T14:28:40.826+0000] {logging_mixin.py:151} INFO -      ⚠️ Erreur ligne 78: not all arguments converted during string formatting
[2026-01-26T14:28:40.826+0000] {logging_mixin.py:151} INFO -      ⚠️ Erreur ligne 79: not all arguments converted during string formatting
[2026-01-26T14:28:40.827+0000] {logging_mixin.py:151} INFO -      ⚠️ Erreur ligne 80: not all arguments converted during string formatting
[2026-01-26T14:28:40.827+0000] {logging_mixin.py:151} INFO -      ⚠️ Erreur ligne 81: not all arguments converted during string formatting
[2026-01-26T14:28:40.827+0000] {logging_mixin.py:151} INFO -      ⚠️ Erreur ligne 82: not all arguments converted during string formatting
[2026-01-26T14:28:40.828+0000] {logging_mixin.py:151} INFO -      ⚠️ Erreur ligne 83: not all arguments converted during string formatting
[2026-01-26T14:28:40.828+0000] {logging_mixin.py:151} INFO -      ⚠️ Erreur ligne 84: not all arguments converted during string formatting
[2026-01-26T14:28:40.829+0000] {logging_mixin.py:151} INFO -      ⚠️ Erreur ligne 85: not all arguments converted during string formatting
[2026-01-26T14:28:40.829+0000] {logging_mixin.py:151} INFO -      ⚠️ Erreur ligne 86: not all arguments converted during string formatting
[2026-01-26T14:28:40.830+0000] {logging_mixin.py:151} INFO -      ⚠️ Erreur ligne 87: not all arguments converted during string formatting
[2026-01-26T14:28:40.830+0000] {logging_mixin.py:151} INFO -      ⚠️ Erreur ligne 88: not all arguments converted during string formatting
[2026-01-26T14:28:40.830+0000] {logging_mixin.py:151} INFO -      ⚠️ Erreur ligne 89: not all arguments converted during string formatting
[2026-01-26T14:28:40.831+0000] {logging_mixin.py:151} INFO -      ⚠️ Erreur ligne 90: not all arguments converted during string formatting
[2026-01-26T14:28:40.832+0000] {logging_mixin.py:151} INFO -      ⚠️ Erreur ligne 91: not all arguments converted during string formatting
[2026-01-26T14:28:40.833+0000] {logging_mixin.py:151} INFO -      ⚠️ Erreur ligne 92: not all arguments converted during string formatting
[2026-01-26T14:28:40.834+0000] {logging_mixin.py:151} INFO -      ⚠️ Erreur ligne 93: not all arguments converted during string formatting
[2026-01-26T14:28:40.834+0000] {logging_mixin.py:151} INFO -      ⚠️ Erreur ligne 94: not all arguments converted during string formatting
[2026-01-26T14:28:40.835+0000] {logging_mixin.py:151} INFO -      ⚠️ Erreur ligne 95: not all arguments converted during string formatting
[2026-01-26T14:28:40.835+0000] {logging_mixin.py:151} INFO -      ⚠️ Erreur ligne 96: not all arguments converted during string formatting
[2026-01-26T14:28:40.836+0000] {logging_mixin.py:151} INFO -      ⚠️ Erreur ligne 97: not all arguments converted during string formatting
[2026-01-26T14:28:40.836+0000] {logging_mixin.py:151} INFO -      ⚠️ Erreur ligne 98: not all arguments converted during string formatting
[2026-01-26T14:28:40.836+0000] {logging_mixin.py:151} INFO -      ⚠️ Erreur ligne 99: not all arguments converted during string formatting
[2026-01-26T14:28:40.837+0000] {logging_mixin.py:151} INFO -      ⚠️ Erreur ligne 100: not all arguments converted during string formatting
[2026-01-26T14:28:40.837+0000] {logging_mixin.py:151} INFO -      ⚠️ Erreur ligne 101: not all arguments converted during string formatting
[2026-01-26T14:28:40.837+0000] {logging_mixin.py:151} INFO -      ⚠️ Erreur ligne 102: not all arguments converted during string formatting
[2026-01-26T14:28:40.838+0000] {logging_mixin.py:151} INFO -      ⚠️ Erreur ligne 103: not all arguments converted during string formatting
[2026-01-26T14:28:40.838+0000] {logging_mixin.py:151} INFO -      ⚠️ Erreur ligne 104: not all arguments converted during string formatting
[2026-01-26T14:28:40.839+0000] {logging_mixin.py:151} INFO -      ⚠️ Erreur ligne 105: not all arguments converted during string formatting
[2026-01-26T14:28:40.839+0000] {logging_mixin.py:151} INFO -      ⚠️ Erreur ligne 106: not all arguments converted during string formatting
[2026-01-26T14:28:40.839+0000] {logging_mixin.py:151} INFO -      ⚠️ Erreur ligne 107: not all arguments converted during string formatting
[2026-01-26T14:28:40.840+0000] {logging_mixin.py:151} INFO -      ⚠️ Erreur ligne 108: not all arguments converted during string formatting
[2026-01-26T14:28:40.840+0000] {logging_mixin.py:151} INFO -      ⚠️ Erreur ligne 109: not all arguments converted during string formatting
[2026-01-26T14:28:40.841+0000] {logging_mixin.py:151} INFO -      ⚠️ Erreur ligne 110: not all arguments converted during string formatting
[2026-01-26T14:28:40.841+0000] {logging_mixin.py:151} INFO -      ⚠️ Erreur ligne 111: not all arguments converted during string formatting
[2026-01-26T14:28:40.841+0000] {logging_mixin.py:151} INFO -      ⚠️ Erreur ligne 112: not all arguments converted during string formatting
[2026-01-26T14:28:40.842+0000] {logging_mixin.py:151} INFO -      ⚠️ Erreur ligne 113: not all arguments converted during string formatting
[2026-01-26T14:28:40.842+0000] {logging_mixin.py:151} INFO -      ⚠️ Erreur ligne 114: not all arguments converted during string formatting
[2026-01-26T14:28:40.843+0000] {logging_mixin.py:151} INFO -      ⚠️ Erreur ligne 115: not all arguments converted during string formatting
[2026-01-26T14:28:40.844+0000] {logging_mixin.py:151} INFO -      ⚠️ Erreur ligne 116: not all arguments converted during string formatting
[2026-01-26T14:28:40.844+0000] {logging_mixin.py:151} INFO -      ⚠️ Erreur ligne 117: not all arguments converted during string formatting
[2026-01-26T14:28:40.846+0000] {logging_mixin.py:151} INFO -      ⚠️ Erreur ligne 118: not all arguments converted during string formatting
[2026-01-26T14:28:40.846+0000] {logging_mixin.py:151} INFO -      ⚠️ Erreur ligne 119: not all arguments converted during string formatting
[2026-01-26T14:28:40.847+0000] {logging_mixin.py:151} INFO -      ⚠️ Erreur ligne 120: not all arguments converted during string formatting
[2026-01-26T14:28:40.848+0000] {logging_mixin.py:151} INFO -      ⚠️ Erreur ligne 121: not all arguments converted during string formatting
[2026-01-26T14:28:40.849+0000] {logging_mixin.py:151} INFO -      ⚠️ Erreur ligne 122: not all arguments converted during string formatting
[2026-01-26T14:28:40.851+0000] {logging_mixin.py:151} INFO -      ⚠️ Erreur ligne 123: not all arguments converted during string formatting
[2026-01-26T14:28:40.852+0000] {logging_mixin.py:151} INFO -      ⚠️ Erreur ligne 124: not all arguments converted during string formatting
[2026-01-26T14:28:40.852+0000] {logging_mixin.py:151} INFO -      ⚠️ Erreur ligne 125: not all arguments converted during string formatting
[2026-01-26T14:28:40.853+0000] {logging_mixin.py:151} INFO -      ⚠️ Erreur ligne 126: not all arguments converted during string formatting
[2026-01-26T14:28:40.853+0000] {logging_mixin.py:151} INFO -      ⚠️ Erreur ligne 127: not all arguments converted during string formatting
[2026-01-26T14:28:40.854+0000] {logging_mixin.py:151} INFO -      ⚠️ Erreur ligne 128: not all arguments converted during string formatting
[2026-01-26T14:28:40.855+0000] {logging_mixin.py:151} INFO -      ⚠️ Erreur ligne 129: not all arguments converted during string formatting
[2026-01-26T14:28:40.855+0000] {logging_mixin.py:151} INFO -      ⚠️ Erreur ligne 130: not all arguments converted during string formatting
[2026-01-26T14:28:40.856+0000] {logging_mixin.py:151} INFO -      ⚠️ Erreur ligne 131: not all arguments converted during string formatting
[2026-01-26T14:28:40.856+0000] {logging_mixin.py:151} INFO -      ⚠️ Erreur ligne 132: not all arguments converted during string formatting
[2026-01-26T14:28:40.857+0000] {logging_mixin.py:151} INFO -      ⚠️ Erreur ligne 133: not all arguments converted during string formatting
[2026-01-26T14:28:40.857+0000] {logging_mixin.py:151} INFO -      ⚠️ Erreur ligne 134: not all arguments converted during string formatting
[2026-01-26T14:28:40.858+0000] {logging_mixin.py:151} INFO -      ⚠️ Erreur ligne 135: not all arguments converted during string formatting
[2026-01-26T14:28:40.859+0000] {logging_mixin.py:151} INFO -      ⚠️ Erreur ligne 136: not all arguments converted during string formatting
[2026-01-26T14:28:40.860+0000] {logging_mixin.py:151} INFO -      ⚠️ Erreur ligne 137: not all arguments converted during string formatting
[2026-01-26T14:28:40.860+0000] {logging_mixin.py:151} INFO -      ⚠️ Erreur ligne 138: not all arguments converted during string formatting
[2026-01-26T14:28:40.861+0000] {logging_mixin.py:151} INFO -      ⚠️ Erreur ligne 139: not all arguments converted during string formatting
[2026-01-26T14:28:40.862+0000] {logging_mixin.py:151} INFO -      ⚠️ Erreur ligne 140: not all arguments converted during string formatting
[2026-01-26T14:28:40.862+0000] {logging_mixin.py:151} INFO -      ⚠️ Erreur ligne 141: not all arguments converted during string formatting
[2026-01-26T14:28:40.863+0000] {logging_mixin.py:151} INFO -      ⚠️ Erreur ligne 142: not all arguments converted during string formatting
[2026-01-26T14:28:40.864+0000] {logging_mixin.py:151} INFO -      ⚠️ Erreur ligne 143: not all arguments converted during string formatting
[2026-01-26T14:28:40.864+0000] {logging_mixin.py:151} INFO -      ⚠️ Erreur ligne 144: not all arguments converted during string formatting
[2026-01-26T14:28:40.865+0000] {logging_mixin.py:151} INFO -      ⚠️ Erreur ligne 145: not all arguments converted during string formatting
[2026-01-26T14:28:40.865+0000] {logging_mixin.py:151} INFO -      ⚠️ Erreur ligne 146: not all arguments converted during string formatting
[2026-01-26T14:28:40.866+0000] {logging_mixin.py:151} INFO -      ⚠️ Erreur ligne 147: not all arguments converted during string formatting
[2026-01-26T14:28:40.866+0000] {logging_mixin.py:151} INFO -      ⚠️ Erreur ligne 148: not all arguments converted during string formatting
[2026-01-26T14:28:40.867+0000] {logging_mixin.py:151} INFO -      ⚠️ Erreur ligne 149: not all arguments converted during string formatting
[2026-01-26T14:28:40.867+0000] {logging_mixin.py:151} INFO -      ⚠️ Erreur ligne 150: not all arguments converted during string formatting
[2026-01-26T14:28:40.868+0000] {logging_mixin.py:151} INFO -      ⚠️ Erreur ligne 151: not all arguments converted during string formatting
[2026-01-26T14:28:40.868+0000] {logging_mixin.py:151} INFO -      ⚠️ Erreur ligne 152: not all arguments converted during string formatting
[2026-01-26T14:28:40.869+0000] {logging_mixin.py:151} INFO -      ⚠️ Erreur ligne 153: not all arguments converted during string formatting
[2026-01-26T14:28:40.869+0000] {logging_mixin.py:151} INFO -      ⚠️ Erreur ligne 154: not all arguments converted during string formatting
[2026-01-26T14:28:40.870+0000] {logging_mixin.py:151} INFO -      ⚠️ Erreur ligne 155: not all arguments converted during string formatting
[2026-01-26T14:28:40.871+0000] {logging_mixin.py:151} INFO -      ⚠️ Erreur ligne 156: not all arguments converted during string formatting
[2026-01-26T14:28:40.872+0000] {logging_mixin.py:151} INFO -      ⚠️ Erreur ligne 157: not all arguments converted during string formatting
[2026-01-26T14:28:40.873+0000] {logging_mixin.py:151} INFO -      ⚠️ Erreur ligne 158: not all arguments converted during string formatting
[2026-01-26T14:28:40.874+0000] {logging_mixin.py:151} INFO -      ⚠️ Erreur ligne 159: not all arguments converted during string formatting
[2026-01-26T14:28:40.875+0000] {logging_mixin.py:151} INFO -      ⚠️ Erreur ligne 160: not all arguments converted during string formatting
[2026-01-26T14:28:40.876+0000] {logging_mixin.py:151} INFO -      ⚠️ Erreur ligne 161: not all arguments converted during string formatting
[2026-01-26T14:28:40.876+0000] {logging_mixin.py:151} INFO -      ⚠️ Erreur ligne 162: not all arguments converted during string formatting
[2026-01-26T14:28:40.877+0000] {logging_mixin.py:151} INFO -      ⚠️ Erreur ligne 163: not all arguments converted during string formatting
[2026-01-26T14:28:40.878+0000] {logging_mixin.py:151} INFO -      ⚠️ Erreur ligne 164: not all arguments converted during string formatting
[2026-01-26T14:28:40.878+0000] {logging_mixin.py:151} INFO -      ⚠️ Erreur ligne 165: not all arguments converted during string formatting
[2026-01-26T14:28:40.878+0000] {logging_mixin.py:151} INFO -      ⚠️ Erreur ligne 166: not all arguments converted during string formatting
[2026-01-26T14:28:40.879+0000] {logging_mixin.py:151} INFO -      ⚠️ Erreur ligne 167: not all arguments converted during string formatting
[2026-01-26T14:28:40.879+0000] {logging_mixin.py:151} INFO -      ⚠️ Erreur ligne 168: not all arguments converted during string formatting
[2026-01-26T14:28:40.880+0000] {logging_mixin.py:151} INFO -      ⚠️ Erreur ligne 169: not all arguments converted during string formatting
[2026-01-26T14:28:40.880+0000] {logging_mixin.py:151} INFO -      ⚠️ Erreur ligne 170: not all arguments converted during string formatting
[2026-01-26T14:28:40.881+0000] {logging_mixin.py:151} INFO -      ⚠️ Erreur ligne 171: not all arguments converted during string formatting
[2026-01-26T14:28:40.881+0000] {logging_mixin.py:151} INFO -      ⚠️ Erreur ligne 172: not all arguments converted during string formatting
[2026-01-26T14:28:40.882+0000] {logging_mixin.py:151} INFO -      ⚠️ Erreur ligne 173: not all arguments converted during string formatting
[2026-01-26T14:28:40.882+0000] {logging_mixin.py:151} INFO -      ⚠️ Erreur ligne 174: not all arguments converted during string formatting
[2026-01-26T14:28:40.882+0000] {logging_mixin.py:151} INFO -      ⚠️ Erreur ligne 175: not all arguments converted during string formatting
[2026-01-26T14:28:40.883+0000] {logging_mixin.py:151} INFO -      ⚠️ Erreur ligne 176: not all arguments converted during string formatting
[2026-01-26T14:28:40.883+0000] {logging_mixin.py:151} INFO -      ⚠️ Erreur ligne 177: not all arguments converted during string formatting
[2026-01-26T14:28:40.884+0000] {logging_mixin.py:151} INFO -      ⚠️ Erreur ligne 178: not all arguments converted during string formatting
[2026-01-26T14:28:40.884+0000] {logging_mixin.py:151} INFO -      ⚠️ Erreur ligne 179: not all arguments converted during string formatting
[2026-01-26T14:28:40.885+0000] {logging_mixin.py:151} INFO -      ⚠️ Erreur ligne 180: not all arguments converted during string formatting
[2026-01-26T14:28:40.885+0000] {logging_mixin.py:151} INFO -      ⚠️ Erreur ligne 181: not all arguments converted during string formatting
[2026-01-26T14:28:40.885+0000] {logging_mixin.py:151} INFO -      ⚠️ Erreur ligne 182: not all arguments converted during string formatting
[2026-01-26T14:28:40.886+0000] {logging_mixin.py:151} INFO -      ⚠️ Erreur ligne 183: not all arguments converted during string formatting
[2026-01-26T14:28:40.886+0000] {logging_mixin.py:151} INFO -      ⚠️ Erreur ligne 184: not all arguments converted during string formatting
[2026-01-26T14:28:40.887+0000] {logging_mixin.py:151} INFO -      ⚠️ Erreur ligne 185: not all arguments converted during string formatting
[2026-01-26T14:28:40.887+0000] {logging_mixin.py:151} INFO -      ⚠️ Erreur ligne 186: not all arguments converted during string formatting
[2026-01-26T14:28:40.888+0000] {logging_mixin.py:151} INFO -      ⚠️ Erreur ligne 187: not all arguments converted during string formatting
[2026-01-26T14:28:40.888+0000] {logging_mixin.py:151} INFO -      ⚠️ Erreur ligne 188: not all arguments converted during string formatting
[2026-01-26T14:28:40.888+0000] {logging_mixin.py:151} INFO -      ⚠️ Erreur ligne 189: not all arguments converted during string formatting
[2026-01-26T14:28:40.889+0000] {logging_mixin.py:151} INFO -      ⚠️ Erreur ligne 190: not all arguments converted during string formatting
[2026-01-26T14:28:40.889+0000] {logging_mixin.py:151} INFO -      ⚠️ Erreur ligne 191: not all arguments converted during string formatting
[2026-01-26T14:28:40.890+0000] {logging_mixin.py:151} INFO -      ⚠️ Erreur ligne 192: not all arguments converted during string formatting
[2026-01-26T14:28:40.890+0000] {logging_mixin.py:151} INFO -      ⚠️ Erreur ligne 193: not all arguments converted during string formatting
[2026-01-26T14:28:40.890+0000] {logging_mixin.py:151} INFO -      ⚠️ Erreur ligne 194: not all arguments converted during string formatting
[2026-01-26T14:28:40.891+0000] {logging_mixin.py:151} INFO -      ⚠️ Erreur ligne 195: not all arguments converted during string formatting
[2026-01-26T14:28:40.891+0000] {logging_mixin.py:151} INFO -      ⚠️ Erreur ligne 196: not all arguments converted during string formatting
[2026-01-26T14:28:40.892+0000] {logging_mixin.py:151} INFO -      ⚠️ Erreur ligne 197: not all arguments converted during string formatting
[2026-01-26T14:28:40.892+0000] {logging_mixin.py:151} INFO -      ⚠️ Erreur ligne 198: not all arguments converted during string formatting
[2026-01-26T14:28:40.892+0000] {logging_mixin.py:151} INFO -      ⚠️ Erreur ligne 199: not all arguments converted during string formatting
[2026-01-26T14:28:40.893+0000] {logging_mixin.py:151} INFO -      ⚠️ Erreur ligne 200: not all arguments converted during string formatting
[2026-01-26T14:28:40.893+0000] {logging_mixin.py:151} INFO -      ⚠️ Erreur ligne 201: not all arguments converted during string formatting
[2026-01-26T14:28:40.894+0000] {logging_mixin.py:151} INFO -      ⚠️ Erreur ligne 202: not all arguments converted during string formatting
[2026-01-26T14:28:40.894+0000] {logging_mixin.py:151} INFO -      ⚠️ Erreur ligne 203: not all arguments converted during string formatting
[2026-01-26T14:28:40.895+0000] {logging_mixin.py:151} INFO -      ⚠️ Erreur ligne 204: not all arguments converted during string formatting
[2026-01-26T14:28:40.895+0000] {logging_mixin.py:151} INFO -      ⚠️ Erreur ligne 205: not all arguments converted during string formatting
[2026-01-26T14:28:40.895+0000] {logging_mixin.py:151} INFO -      ⚠️ Erreur ligne 206: not all arguments converted during string formatting
[2026-01-26T14:28:40.896+0000] {logging_mixin.py:151} INFO -      ⚠️ Erreur ligne 207: not all arguments converted during string formatting
[2026-01-26T14:28:40.896+0000] {logging_mixin.py:151} INFO -      ⚠️ Erreur ligne 208: not all arguments converted during string formatting
[2026-01-26T14:28:40.897+0000] {logging_mixin.py:151} INFO -      ⚠️ Erreur ligne 209: not all arguments converted during string formatting
[2026-01-26T14:28:40.897+0000] {logging_mixin.py:151} INFO -      ⚠️ Erreur ligne 210: not all arguments converted during string formatting
[2026-01-26T14:28:40.897+0000] {logging_mixin.py:151} INFO -      ⚠️ Erreur ligne 211: not all arguments converted during string formatting
[2026-01-26T14:28:40.898+0000] {logging_mixin.py:151} INFO -      ⚠️ Erreur ligne 212: not all arguments converted during string formatting
[2026-01-26T14:28:40.898+0000] {logging_mixin.py:151} INFO -      ⚠️ Erreur ligne 213: not all arguments converted during string formatting
[2026-01-26T14:28:40.899+0000] {logging_mixin.py:151} INFO -      ⚠️ Erreur ligne 214: not all arguments converted during string formatting
[2026-01-26T14:28:40.899+0000] {logging_mixin.py:151} INFO -      ⚠️ Erreur ligne 215: not all arguments converted during string formatting
[2026-01-26T14:28:40.899+0000] {logging_mixin.py:151} INFO -      ⚠️ Erreur ligne 216: not all arguments converted during string formatting
[2026-01-26T14:28:40.900+0000] {logging_mixin.py:151} INFO -      ⚠️ Erreur ligne 217: not all arguments converted during string formatting
[2026-01-26T14:28:40.900+0000] {logging_mixin.py:151} INFO -      ⚠️ Erreur ligne 218: not all arguments converted during string formatting
[2026-01-26T14:28:40.901+0000] {logging_mixin.py:151} INFO -      ⚠️ Erreur ligne 219: not all arguments converted during string formatting
[2026-01-26T14:28:40.901+0000] {logging_mixin.py:151} INFO -      ⚠️ Erreur ligne 220: not all arguments converted during string formatting
[2026-01-26T14:28:40.902+0000] {logging_mixin.py:151} INFO -      ⚠️ Erreur ligne 221: not all arguments converted during string formatting
[2026-01-26T14:28:40.902+0000] {logging_mixin.py:151} INFO -      ⚠️ Erreur ligne 222: not all arguments converted during string formatting
[2026-01-26T14:28:40.902+0000] {logging_mixin.py:151} INFO -      ⚠️ Erreur ligne 223: not all arguments converted during string formatting
[2026-01-26T14:28:40.903+0000] {logging_mixin.py:151} INFO -      ⚠️ Erreur ligne 224: not all arguments converted during string formatting
[2026-01-26T14:28:40.903+0000] {logging_mixin.py:151} INFO -      ⚠️ Erreur ligne 225: not all arguments converted during string formatting
[2026-01-26T14:28:40.903+0000] {logging_mixin.py:151} INFO -      ⚠️ Erreur ligne 226: not all arguments converted during string formatting
[2026-01-26T14:28:40.904+0000] {logging_mixin.py:151} INFO -      ⚠️ Erreur ligne 227: not all arguments converted during string formatting
[2026-01-26T14:28:40.904+0000] {logging_mixin.py:151} INFO -      ⚠️ Erreur ligne 228: not all arguments converted during string formatting
[2026-01-26T14:28:40.905+0000] {logging_mixin.py:151} INFO -      ⚠️ Erreur ligne 229: not all arguments converted during string formatting
[2026-01-26T14:28:40.905+0000] {logging_mixin.py:151} INFO -      ⚠️ Erreur ligne 230: not all arguments converted during string formatting
[2026-01-26T14:28:40.906+0000] {logging_mixin.py:151} INFO -      ⚠️ Erreur ligne 231: not all arguments converted during string formatting
[2026-01-26T14:28:40.906+0000] {logging_mixin.py:151} INFO -      ⚠️ Erreur ligne 232: not all arguments converted during string formatting
[2026-01-26T14:28:40.906+0000] {logging_mixin.py:151} INFO -      ⚠️ Erreur ligne 233: not all arguments converted during string formatting
[2026-01-26T14:28:40.907+0000] {logging_mixin.py:151} INFO -      ⚠️ Erreur ligne 234: not all arguments converted during string formatting
[2026-01-26T14:28:40.907+0000] {logging_mixin.py:151} INFO -      ⚠️ Erreur ligne 235: not all arguments converted during string formatting
[2026-01-26T14:28:40.908+0000] {logging_mixin.py:151} INFO -      ⚠️ Erreur ligne 236: not all arguments converted during string formatting
[2026-01-26T14:28:40.908+0000] {logging_mixin.py:151} INFO -      ⚠️ Erreur ligne 237: not all arguments converted during string formatting
[2026-01-26T14:28:40.908+0000] {logging_mixin.py:151} INFO -      ⚠️ Erreur ligne 238: not all arguments converted during string formatting
[2026-01-26T14:28:40.909+0000] {logging_mixin.py:151} INFO -      ⚠️ Erreur ligne 239: not all arguments converted during string formatting
[2026-01-26T14:28:40.909+0000] {logging_mixin.py:151} INFO -      ⚠️ Erreur ligne 240: not all arguments converted during string formatting
[2026-01-26T14:28:40.909+0000] {logging_mixin.py:151} INFO -      ⚠️ Erreur ligne 241: not all arguments converted during string formatting
[2026-01-26T14:28:40.910+0000] {logging_mixin.py:151} INFO -      ⚠️ Erreur ligne 242: not all arguments converted during string formatting
[2026-01-26T14:28:40.910+0000] {logging_mixin.py:151} INFO -      ⚠️ Erreur ligne 243: not all arguments converted during string formatting
[2026-01-26T14:28:40.910+0000] {logging_mixin.py:151} INFO -      ⚠️ Erreur ligne 244: not all arguments converted during string formatting
[2026-01-26T14:28:40.911+0000] {logging_mixin.py:151} INFO -      ⚠️ Erreur ligne 245: not all arguments converted during string formatting
[2026-01-26T14:28:40.911+0000] {logging_mixin.py:151} INFO -      ⚠️ Erreur ligne 246: not all arguments converted during string formatting
[2026-01-26T14:28:40.912+0000] {logging_mixin.py:151} INFO -      ⚠️ Erreur ligne 247: not all arguments converted during string formatting
[2026-01-26T14:28:40.912+0000] {logging_mixin.py:151} INFO -      ⚠️ Erreur ligne 248: not all arguments converted during string formatting
[2026-01-26T14:28:40.912+0000] {logging_mixin.py:151} INFO -      ⚠️ Erreur ligne 249: not all arguments converted during string formatting
[2026-01-26T14:28:40.913+0000] {logging_mixin.py:151} INFO -      ⚠️ Erreur ligne 250: not all arguments converted during string formatting
[2026-01-26T14:28:40.913+0000] {logging_mixin.py:151} INFO -      ⚠️ Erreur ligne 251: not all arguments converted during string formatting
[2026-01-26T14:28:40.914+0000] {logging_mixin.py:151} INFO -      ⚠️ Erreur ligne 252: not all arguments converted during string formatting
[2026-01-26T14:28:40.914+0000] {logging_mixin.py:151} INFO -      ⚠️ Erreur ligne 253: not all arguments converted during string formatting
[2026-01-26T14:28:40.915+0000] {logging_mixin.py:151} INFO -      ⚠️ Erreur ligne 254: not all arguments converted during string formatting
[2026-01-26T14:28:40.915+0000] {logging_mixin.py:151} INFO -      ⚠️ Erreur ligne 255: not all arguments converted during string formatting
[2026-01-26T14:28:40.916+0000] {logging_mixin.py:151} INFO -      ⚠️ Erreur ligne 256: not all arguments converted during string formatting
[2026-01-26T14:28:40.916+0000] {logging_mixin.py:151} INFO -      ⚠️ Erreur ligne 257: not all arguments converted during string formatting
[2026-01-26T14:28:40.916+0000] {logging_mixin.py:151} INFO -      ⚠️ Erreur ligne 258: not all arguments converted during string formatting
[2026-01-26T14:28:40.917+0000] {logging_mixin.py:151} INFO -      ⚠️ Erreur ligne 259: not all arguments converted during string formatting
[2026-01-26T14:28:40.917+0000] {logging_mixin.py:151} INFO -      ⚠️ Erreur ligne 260: not all arguments converted during string formatting
[2026-01-26T14:28:40.918+0000] {logging_mixin.py:151} INFO -      ⚠️ Erreur ligne 261: not all arguments converted during string formatting
[2026-01-26T14:28:40.918+0000] {logging_mixin.py:151} INFO -      ⚠️ Erreur ligne 262: not all arguments converted during string formatting
[2026-01-26T14:28:40.919+0000] {logging_mixin.py:151} INFO -      ⚠️ Erreur ligne 263: not all arguments converted during string formatting
[2026-01-26T14:28:40.920+0000] {logging_mixin.py:151} INFO -      ⚠️ Erreur ligne 264: not all arguments converted during string formatting
[2026-01-26T14:28:40.921+0000] {logging_mixin.py:151} INFO -      ⚠️ Erreur ligne 265: not all arguments converted during string formatting
[2026-01-26T14:28:40.922+0000] {logging_mixin.py:151} INFO -      ⚠️ Erreur ligne 266: not all arguments converted during string formatting
[2026-01-26T14:28:40.922+0000] {logging_mixin.py:151} INFO -      ⚠️ Erreur ligne 267: not all arguments converted during string formatting
[2026-01-26T14:28:40.923+0000] {logging_mixin.py:151} INFO -      ⚠️ Erreur ligne 268: not all arguments converted during string formatting
[2026-01-26T14:28:40.923+0000] {logging_mixin.py:151} INFO -      ⚠️ Erreur ligne 269: not all arguments converted during string formatting
[2026-01-26T14:28:40.924+0000] {logging_mixin.py:151} INFO -      ⚠️ Erreur ligne 270: not all arguments converted during string formatting
[2026-01-26T14:28:40.924+0000] {logging_mixin.py:151} INFO -      ⚠️ Erreur ligne 271: not all arguments converted during string formatting
[2026-01-26T14:28:40.925+0000] {logging_mixin.py:151} INFO -      ⚠️ Erreur ligne 272: not all arguments converted during string formatting
[2026-01-26T14:28:40.925+0000] {logging_mixin.py:151} INFO -      ⚠️ Erreur ligne 273: not all arguments converted during string formatting
[2026-01-26T14:28:40.926+0000] {logging_mixin.py:151} INFO -      ⚠️ Erreur ligne 274: not all arguments converted during string formatting
[2026-01-26T14:28:40.926+0000] {logging_mixin.py:151} INFO -      ⚠️ Erreur ligne 275: not all arguments converted during string formatting
[2026-01-26T14:28:40.927+0000] {logging_mixin.py:151} INFO -      ⚠️ Erreur ligne 276: not all arguments converted during string formatting
[2026-01-26T14:28:40.927+0000] {logging_mixin.py:151} INFO -      ⚠️ Erreur ligne 277: not all arguments converted during string formatting
[2026-01-26T14:28:40.927+0000] {logging_mixin.py:151} INFO -      ⚠️ Erreur ligne 278: not all arguments converted during string formatting
[2026-01-26T14:28:40.928+0000] {logging_mixin.py:151} INFO -      ⚠️ Erreur ligne 279: not all arguments converted during string formatting
[2026-01-26T14:28:40.928+0000] {logging_mixin.py:151} INFO -      ⚠️ Erreur ligne 280: not all arguments converted during string formatting
[2026-01-26T14:28:40.929+0000] {logging_mixin.py:151} INFO -      ⚠️ Erreur ligne 281: not all arguments converted during string formatting
[2026-01-26T14:28:40.929+0000] {logging_mixin.py:151} INFO -      ⚠️ Erreur ligne 282: not all arguments converted during string formatting
[2026-01-26T14:28:40.930+0000] {logging_mixin.py:151} INFO -      ⚠️ Erreur ligne 283: not all arguments converted during string formatting
[2026-01-26T14:28:40.930+0000] {logging_mixin.py:151} INFO -      ⚠️ Erreur ligne 284: not all arguments converted during string formatting
[2026-01-26T14:28:40.931+0000] {logging_mixin.py:151} INFO -      ⚠️ Erreur ligne 285: not all arguments converted during string formatting
[2026-01-26T14:28:40.932+0000] {logging_mixin.py:151} INFO -      ⚠️ Erreur ligne 286: not all arguments converted during string formatting
[2026-01-26T14:28:40.933+0000] {logging_mixin.py:151} INFO -      ⚠️ Erreur ligne 287: not all arguments converted during string formatting
[2026-01-26T14:28:40.933+0000] {logging_mixin.py:151} INFO -      ⚠️ Erreur ligne 288: not all arguments converted during string formatting
[2026-01-26T14:28:40.934+0000] {logging_mixin.py:151} INFO -      ⚠️ Erreur ligne 289: not all arguments converted during string formatting
[2026-01-26T14:28:40.934+0000] {logging_mixin.py:151} INFO -      ⚠️ Erreur ligne 290: not all arguments converted during string formatting
[2026-01-26T14:28:40.934+0000] {logging_mixin.py:151} INFO -      ⚠️ Erreur ligne 291: not all arguments converted during string formatting
[2026-01-26T14:28:40.935+0000] {logging_mixin.py:151} INFO -      ⚠️ Erreur ligne 292: not all arguments converted during string formatting
[2026-01-26T14:28:40.935+0000] {logging_mixin.py:151} INFO -      ⚠️ Erreur ligne 293: not all arguments converted during string formatting
[2026-01-26T14:28:40.936+0000] {logging_mixin.py:151} INFO -      ⚠️ Erreur ligne 294: not all arguments converted during string formatting
[2026-01-26T14:28:40.936+0000] {logging_mixin.py:151} INFO -      ⚠️ Erreur ligne 295: not all arguments converted during string formatting
[2026-01-26T14:28:40.937+0000] {logging_mixin.py:151} INFO -      ⚠️ Erreur ligne 296: not all arguments converted during string formatting
[2026-01-26T14:28:40.938+0000] {logging_mixin.py:151} INFO -      ⚠️ Erreur ligne 297: not all arguments converted during string formatting
[2026-01-26T14:28:40.938+0000] {logging_mixin.py:151} INFO -      ⚠️ Erreur ligne 298: not all arguments converted during string formatting
[2026-01-26T14:28:40.939+0000] {logging_mixin.py:151} INFO -      ⚠️ Erreur ligne 299: not all arguments converted during string formatting
[2026-01-26T14:28:40.939+0000] {logging_mixin.py:151} INFO -      ⚠️ Erreur ligne 300: not all arguments converted during string formatting
[2026-01-26T14:28:40.940+0000] {logging_mixin.py:151} INFO -      ⚠️ Erreur ligne 301: not all arguments converted during string formatting
[2026-01-26T14:28:40.940+0000] {logging_mixin.py:151} INFO -      ⚠️ Erreur ligne 302: not all arguments converted during string formatting
[2026-01-26T14:28:40.941+0000] {logging_mixin.py:151} INFO -      ⚠️ Erreur ligne 303: not all arguments converted during string formatting
[2026-01-26T14:28:40.941+0000] {logging_mixin.py:151} INFO -      ⚠️ Erreur ligne 304: not all arguments converted during string formatting
[2026-01-26T14:28:40.942+0000] {logging_mixin.py:151} INFO -      ⚠️ Erreur ligne 305: not all arguments converted during string formatting
[2026-01-26T14:28:40.942+0000] {logging_mixin.py:151} INFO -      ⚠️ Erreur ligne 306: not all arguments converted during string formatting
[2026-01-26T14:28:40.943+0000] {logging_mixin.py:151} INFO -      ⚠️ Erreur ligne 307: not all arguments converted during string formatting
[2026-01-26T14:28:40.943+0000] {logging_mixin.py:151} INFO -      ⚠️ Erreur ligne 308: not all arguments converted during string formatting
[2026-01-26T14:28:40.944+0000] {logging_mixin.py:151} INFO -      ⚠️ Erreur ligne 309: not all arguments converted during string formatting
[2026-01-26T14:28:40.945+0000] {logging_mixin.py:151} INFO -      ⚠️ Erreur ligne 310: not all arguments converted during string formatting
[2026-01-26T14:28:40.946+0000] {logging_mixin.py:151} INFO -      ⚠️ Erreur ligne 311: not all arguments converted during string formatting
[2026-01-26T14:28:40.947+0000] {logging_mixin.py:151} INFO -      ⚠️ Erreur ligne 312: not all arguments converted during string formatting
[2026-01-26T14:28:40.948+0000] {logging_mixin.py:151} INFO -      ⚠️ Erreur ligne 313: not all arguments converted during string formatting
[2026-01-26T14:28:40.948+0000] {logging_mixin.py:151} INFO -      ⚠️ Erreur ligne 314: not all arguments converted during string formatting
[2026-01-26T14:28:40.949+0000] {logging_mixin.py:151} INFO -      ⚠️ Erreur ligne 315: not all arguments converted during string formatting
[2026-01-26T14:28:40.949+0000] {logging_mixin.py:151} INFO -      ⚠️ Erreur ligne 316: not all arguments converted during string formatting
[2026-01-26T14:28:40.950+0000] {logging_mixin.py:151} INFO -      ⚠️ Erreur ligne 317: not all arguments converted during string formatting
[2026-01-26T14:28:40.950+0000] {logging_mixin.py:151} INFO -      ⚠️ Erreur ligne 318: not all arguments converted during string formatting
[2026-01-26T14:28:40.951+0000] {logging_mixin.py:151} INFO -      ⚠️ Erreur ligne 319: not all arguments converted during string formatting
[2026-01-26T14:28:40.951+0000] {logging_mixin.py:151} INFO -      ⚠️ Erreur ligne 320: not all arguments converted during string formatting
[2026-01-26T14:28:40.952+0000] {logging_mixin.py:151} INFO -      ⚠️ Erreur ligne 321: not all arguments converted during string formatting
[2026-01-26T14:28:40.952+0000] {logging_mixin.py:151} INFO -      ⚠️ Erreur ligne 322: not all arguments converted during string formatting
[2026-01-26T14:28:40.953+0000] {logging_mixin.py:151} INFO -      ⚠️ Erreur ligne 323: not all arguments converted during string formatting
[2026-01-26T14:28:40.953+0000] {logging_mixin.py:151} INFO -      ⚠️ Erreur ligne 324: not all arguments converted during string formatting
[2026-01-26T14:28:40.954+0000] {logging_mixin.py:151} INFO -      ⚠️ Erreur ligne 325: not all arguments converted during string formatting
[2026-01-26T14:28:40.954+0000] {logging_mixin.py:151} INFO -      ⚠️ Erreur ligne 326: not all arguments converted during string formatting
[2026-01-26T14:28:40.955+0000] {logging_mixin.py:151} INFO -      ⚠️ Erreur ligne 327: not all arguments converted during string formatting
[2026-01-26T14:28:40.956+0000] {logging_mixin.py:151} INFO -      ⚠️ Erreur ligne 328: not all arguments converted during string formatting
[2026-01-26T14:28:40.956+0000] {logging_mixin.py:151} INFO -      ⚠️ Erreur ligne 329: not all arguments converted during string formatting
[2026-01-26T14:28:40.957+0000] {logging_mixin.py:151} INFO -      ⚠️ Erreur ligne 330: not all arguments converted during string formatting
[2026-01-26T14:28:40.957+0000] {logging_mixin.py:151} INFO -      ⚠️ Erreur ligne 331: not all arguments converted during string formatting
[2026-01-26T14:28:40.957+0000] {logging_mixin.py:151} INFO -      ⚠️ Erreur ligne 332: not all arguments converted during string formatting
[2026-01-26T14:28:40.958+0000] {logging_mixin.py:151} INFO -      ⚠️ Erreur ligne 333: not all arguments converted during string formatting
[2026-01-26T14:28:40.958+0000] {logging_mixin.py:151} INFO -      ⚠️ Erreur ligne 334: not all arguments converted during string formatting
[2026-01-26T14:28:40.959+0000] {logging_mixin.py:151} INFO -      ⚠️ Erreur ligne 335: not all arguments converted during string formatting
[2026-01-26T14:28:40.959+0000] {logging_mixin.py:151} INFO -      ⚠️ Erreur ligne 336: not all arguments converted during string formatting
[2026-01-26T14:28:40.960+0000] {logging_mixin.py:151} INFO -      ⚠️ Erreur ligne 337: not all arguments converted during string formatting
[2026-01-26T14:28:40.960+0000] {logging_mixin.py:151} INFO -      ⚠️ Erreur ligne 338: not all arguments converted during string formatting
[2026-01-26T14:28:40.960+0000] {logging_mixin.py:151} INFO -      ⚠️ Erreur ligne 339: not all arguments converted during string formatting
[2026-01-26T14:28:40.961+0000] {logging_mixin.py:151} INFO -      ⚠️ Erreur ligne 340: not all arguments converted during string formatting
[2026-01-26T14:28:40.961+0000] {logging_mixin.py:151} INFO -      ⚠️ Erreur ligne 341: not all arguments converted during string formatting
[2026-01-26T14:28:40.962+0000] {logging_mixin.py:151} INFO -      ⚠️ Erreur ligne 342: not all arguments converted during string formatting
[2026-01-26T14:28:40.962+0000] {logging_mixin.py:151} INFO -      ⚠️ Erreur ligne 343: not all arguments converted during string formatting
[2026-01-26T14:28:40.962+0000] {logging_mixin.py:151} INFO -      ⚠️ Erreur ligne 344: not all arguments converted during string formatting
[2026-01-26T14:28:40.963+0000] {logging_mixin.py:151} INFO -      ⚠️ Erreur ligne 345: not all arguments converted during string formatting
[2026-01-26T14:28:40.963+0000] {logging_mixin.py:151} INFO -      ⚠️ Erreur ligne 346: not all arguments converted during string formatting
[2026-01-26T14:28:40.964+0000] {logging_mixin.py:151} INFO -      ⚠️ Erreur ligne 347: not all arguments converted during string formatting
[2026-01-26T14:28:40.964+0000] {logging_mixin.py:151} INFO -      ⚠️ Erreur ligne 348: not all arguments converted during string formatting
[2026-01-26T14:28:40.964+0000] {logging_mixin.py:151} INFO -      ⚠️ Erreur ligne 349: not all arguments converted during string formatting
[2026-01-26T14:28:40.965+0000] {logging_mixin.py:151} INFO -      ⚠️ Erreur ligne 350: not all arguments converted during string formatting
[2026-01-26T14:28:40.965+0000] {logging_mixin.py:151} INFO -      ⚠️ Erreur ligne 351: not all arguments converted during string formatting
[2026-01-26T14:28:40.966+0000] {logging_mixin.py:151} INFO -      ⚠️ Erreur ligne 352: not all arguments converted during string formatting
[2026-01-26T14:28:40.966+0000] {logging_mixin.py:151} INFO -      ⚠️ Erreur ligne 353: not all arguments converted during string formatting
[2026-01-26T14:28:40.966+0000] {logging_mixin.py:151} INFO -      ⚠️ Erreur ligne 354: not all arguments converted during string formatting
[2026-01-26T14:28:40.967+0000] {logging_mixin.py:151} INFO -      ⚠️ Erreur ligne 355: not all arguments converted during string formatting
[2026-01-26T14:28:40.967+0000] {logging_mixin.py:151} INFO -      ⚠️ Erreur ligne 356: not all arguments converted during string formatting
[2026-01-26T14:28:40.968+0000] {logging_mixin.py:151} INFO -      ⚠️ Erreur ligne 357: not all arguments converted during string formatting
[2026-01-26T14:28:40.968+0000] {logging_mixin.py:151} INFO -      ⚠️ Erreur ligne 358: not all arguments converted during string formatting
[2026-01-26T14:28:40.968+0000] {logging_mixin.py:151} INFO -      ⚠️ Erreur ligne 359: not all arguments converted during string formatting
[2026-01-26T14:28:40.969+0000] {logging_mixin.py:151} INFO -      ⚠️ Erreur ligne 360: not all arguments converted during string formatting
[2026-01-26T14:28:40.969+0000] {logging_mixin.py:151} INFO -      ⚠️ Erreur ligne 361: not all arguments converted during string formatting
[2026-01-26T14:28:40.970+0000] {logging_mixin.py:151} INFO -      ⚠️ Erreur ligne 362: not all arguments converted during string formatting
[2026-01-26T14:28:40.970+0000] {logging_mixin.py:151} INFO -      ⚠️ Erreur ligne 363: not all arguments converted during string formatting
[2026-01-26T14:28:40.971+0000] {logging_mixin.py:151} INFO -      ⚠️ Erreur ligne 364: not all arguments converted during string formatting
[2026-01-26T14:28:40.971+0000] {logging_mixin.py:151} INFO -      ⚠️ Erreur ligne 365: not all arguments converted during string formatting
[2026-01-26T14:28:40.971+0000] {logging_mixin.py:151} INFO -      ⚠️ Erreur ligne 366: not all arguments converted during string formatting
[2026-01-26T14:28:40.972+0000] {logging_mixin.py:151} INFO -      ⚠️ Erreur ligne 367: not all arguments converted during string formatting
[2026-01-26T14:28:40.972+0000] {logging_mixin.py:151} INFO -      ⚠️ Erreur ligne 368: not all arguments converted during string formatting
[2026-01-26T14:28:40.973+0000] {logging_mixin.py:151} INFO -      ⚠️ Erreur ligne 369: not all arguments converted during string formatting
[2026-01-26T14:28:40.973+0000] {logging_mixin.py:151} INFO -      ⚠️ Erreur ligne 370: not all arguments converted during string formatting
[2026-01-26T14:28:40.973+0000] {logging_mixin.py:151} INFO -      ⚠️ Erreur ligne 371: not all arguments converted during string formatting
[2026-01-26T14:28:40.974+0000] {logging_mixin.py:151} INFO -      ⚠️ Erreur ligne 372: not all arguments converted during string formatting
[2026-01-26T14:28:40.974+0000] {logging_mixin.py:151} INFO -      ⚠️ Erreur ligne 373: not all arguments converted during string formatting
[2026-01-26T14:28:40.975+0000] {logging_mixin.py:151} INFO -      ⚠️ Erreur ligne 374: not all arguments converted during string formatting
[2026-01-26T14:28:40.975+0000] {logging_mixin.py:151} INFO -      ⚠️ Erreur ligne 375: not all arguments converted during string formatting
[2026-01-26T14:28:40.975+0000] {logging_mixin.py:151} INFO -      ⚠️ Erreur ligne 376: not all arguments converted during string formatting
[2026-01-26T14:28:40.976+0000] {logging_mixin.py:151} INFO -      ⚠️ Erreur ligne 377: not all arguments converted during string formatting
[2026-01-26T14:28:40.976+0000] {logging_mixin.py:151} INFO -      ⚠️ Erreur ligne 378: not all arguments converted during string formatting
[2026-01-26T14:28:40.976+0000] {logging_mixin.py:151} INFO -      ⚠️ Erreur ligne 379: not all arguments converted during string formatting
[2026-01-26T14:28:40.977+0000] {logging_mixin.py:151} INFO -      ⚠️ Erreur ligne 380: not all arguments converted during string formatting
[2026-01-26T14:28:40.977+0000] {logging_mixin.py:151} INFO -      ⚠️ Erreur ligne 381: not all arguments converted during string formatting
[2026-01-26T14:28:40.978+0000] {logging_mixin.py:151} INFO -      ⚠️ Erreur ligne 382: not all arguments converted during string formatting
[2026-01-26T14:28:40.978+0000] {logging_mixin.py:151} INFO -      ⚠️ Erreur ligne 383: not all arguments converted during string formatting
[2026-01-26T14:28:40.978+0000] {logging_mixin.py:151} INFO -      ⚠️ Erreur ligne 384: not all arguments converted during string formatting
[2026-01-26T14:28:40.979+0000] {logging_mixin.py:151} INFO -      ⚠️ Erreur ligne 385: not all arguments converted during string formatting
[2026-01-26T14:28:40.979+0000] {logging_mixin.py:151} INFO -      ⚠️ Erreur ligne 386: not all arguments converted during string formatting
[2026-01-26T14:28:40.980+0000] {logging_mixin.py:151} INFO -      ⚠️ Erreur ligne 387: not all arguments converted during string formatting
[2026-01-26T14:28:40.980+0000] {logging_mixin.py:151} INFO -      ⚠️ Erreur ligne 388: not all arguments converted during string formatting
[2026-01-26T14:28:40.980+0000] {logging_mixin.py:151} INFO -      ⚠️ Erreur ligne 389: not all arguments converted during string formatting
[2026-01-26T14:28:40.981+0000] {logging_mixin.py:151} INFO -      ⚠️ Erreur ligne 390: not all arguments converted during string formatting
[2026-01-26T14:28:40.981+0000] {logging_mixin.py:151} INFO -      ⚠️ Erreur ligne 391: not all arguments converted during string formatting
[2026-01-26T14:28:40.982+0000] {logging_mixin.py:151} INFO -      ⚠️ Erreur ligne 392: not all arguments converted during string formatting
[2026-01-26T14:28:40.982+0000] {logging_mixin.py:151} INFO -      ⚠️ Erreur ligne 393: not all arguments converted during string formatting
[2026-01-26T14:28:40.982+0000] {logging_mixin.py:151} INFO -      ⚠️ Erreur ligne 394: not all arguments converted during string formatting
[2026-01-26T14:28:40.983+0000] {logging_mixin.py:151} INFO -      ⚠️ Erreur ligne 395: not all arguments converted during string formatting
[2026-01-26T14:28:40.983+0000] {logging_mixin.py:151} INFO -      ⚠️ Erreur ligne 396: not all arguments converted during string formatting
[2026-01-26T14:28:40.983+0000] {logging_mixin.py:151} INFO -      ⚠️ Erreur ligne 397: not all arguments converted during string formatting
[2026-01-26T14:28:40.984+0000] {logging_mixin.py:151} INFO -      ⚠️ Erreur ligne 398: not all arguments converted during string formatting
[2026-01-26T14:28:40.984+0000] {logging_mixin.py:151} INFO -      ⚠️ Erreur ligne 399: not all arguments converted during string formatting
[2026-01-26T14:28:40.985+0000] {logging_mixin.py:151} INFO -      ⚠️ Erreur ligne 400: not all arguments converted during string formatting
[2026-01-26T14:28:40.985+0000] {logging_mixin.py:151} INFO -      ⚠️ Erreur ligne 401: not all arguments converted during string formatting
[2026-01-26T14:28:40.985+0000] {logging_mixin.py:151} INFO -      ⚠️ Erreur ligne 402: not all arguments converted during string formatting
[2026-01-26T14:28:40.986+0000] {logging_mixin.py:151} INFO -      ⚠️ Erreur ligne 403: not all arguments converted during string formatting
[2026-01-26T14:28:40.986+0000] {logging_mixin.py:151} INFO -      ⚠️ Erreur ligne 404: not all arguments converted during string formatting
[2026-01-26T14:28:40.987+0000] {logging_mixin.py:151} INFO -      ⚠️ Erreur ligne 405: not all arguments converted during string formatting
[2026-01-26T14:28:40.988+0000] {logging_mixin.py:151} INFO -      ⚠️ Erreur ligne 406: not all arguments converted during string formatting
[2026-01-26T14:28:40.988+0000] {logging_mixin.py:151} INFO -      ⚠️ Erreur ligne 407: not all arguments converted during string formatting
[2026-01-26T14:28:40.989+0000] {logging_mixin.py:151} INFO -      ⚠️ Erreur ligne 408: not all arguments converted during string formatting
[2026-01-26T14:28:40.989+0000] {logging_mixin.py:151} INFO -      ⚠️ Erreur ligne 409: not all arguments converted during string formatting
[2026-01-26T14:28:40.989+0000] {logging_mixin.py:151} INFO -      ⚠️ Erreur ligne 410: not all arguments converted during string formatting
[2026-01-26T14:28:40.990+0000] {logging_mixin.py:151} INFO -      ⚠️ Erreur ligne 411: not all arguments converted during string formatting
[2026-01-26T14:28:40.990+0000] {logging_mixin.py:151} INFO -      ⚠️ Erreur ligne 412: not all arguments converted during string formatting
[2026-01-26T14:28:40.991+0000] {logging_mixin.py:151} INFO -      ⚠️ Erreur ligne 413: not all arguments converted during string formatting
[2026-01-26T14:28:40.991+0000] {logging_mixin.py:151} INFO -      ⚠️ Erreur ligne 414: not all arguments converted during string formatting
[2026-01-26T14:28:40.991+0000] {logging_mixin.py:151} INFO -      ⚠️ Erreur ligne 415: not all arguments converted during string formatting
[2026-01-26T14:28:40.992+0000] {logging_mixin.py:151} INFO -      ⚠️ Erreur ligne 416: not all arguments converted during string formatting
[2026-01-26T14:28:40.992+0000] {logging_mixin.py:151} INFO -      ⚠️ Erreur ligne 417: not all arguments converted during string formatting
[2026-01-26T14:28:40.993+0000] {logging_mixin.py:151} INFO -      ⚠️ Erreur ligne 418: not all arguments converted during string formatting
[2026-01-26T14:28:40.994+0000] {logging_mixin.py:151} INFO -      ⚠️ Erreur ligne 419: not all arguments converted during string formatting
[2026-01-26T14:28:40.995+0000] {logging_mixin.py:151} INFO -      ⚠️ Erreur ligne 420: not all arguments converted during string formatting
[2026-01-26T14:28:40.996+0000] {logging_mixin.py:151} INFO -      ⚠️ Erreur ligne 421: not all arguments converted during string formatting
[2026-01-26T14:28:40.996+0000] {logging_mixin.py:151} INFO -      ⚠️ Erreur ligne 422: not all arguments converted during string formatting
[2026-01-26T14:28:40.996+0000] {logging_mixin.py:151} INFO -      ⚠️ Erreur ligne 423: not all arguments converted during string formatting
[2026-01-26T14:28:40.997+0000] {logging_mixin.py:151} INFO -      ⚠️ Erreur ligne 424: not all arguments converted during string formatting
[2026-01-26T14:28:40.997+0000] {logging_mixin.py:151} INFO -      ⚠️ Erreur ligne 425: not all arguments converted during string formatting
[2026-01-26T14:28:40.998+0000] {logging_mixin.py:151} INFO -      ⚠️ Erreur ligne 426: not all arguments converted during string formatting
[2026-01-26T14:28:40.998+0000] {logging_mixin.py:151} INFO -      ⚠️ Erreur ligne 427: not all arguments converted during string formatting
[2026-01-26T14:28:40.999+0000] {logging_mixin.py:151} INFO -      ⚠️ Erreur ligne 428: not all arguments converted during string formatting
[2026-01-26T14:28:40.999+0000] {logging_mixin.py:151} INFO -      ⚠️ Erreur ligne 429: not all arguments converted during string formatting
[2026-01-26T14:28:40.999+0000] {logging_mixin.py:151} INFO -      ⚠️ Erreur ligne 430: not all arguments converted during string formatting
[2026-01-26T14:28:41.000+0000] {logging_mixin.py:151} INFO -      ⚠️ Erreur ligne 431: not all arguments converted during string formatting
[2026-01-26T14:28:41.000+0000] {logging_mixin.py:151} INFO -      ⚠️ Erreur ligne 432: not all arguments converted during string formatting
[2026-01-26T14:28:41.000+0000] {logging_mixin.py:151} INFO -      ⚠️ Erreur ligne 433: not all arguments converted during string formatting
[2026-01-26T14:28:41.001+0000] {logging_mixin.py:151} INFO -      ⚠️ Erreur ligne 434: not all arguments converted during string formatting
[2026-01-26T14:28:41.001+0000] {logging_mixin.py:151} INFO -      ⚠️ Erreur ligne 435: not all arguments converted during string formatting
[2026-01-26T14:28:41.002+0000] {logging_mixin.py:151} INFO -      ⚠️ Erreur ligne 436: not all arguments converted during string formatting
[2026-01-26T14:28:41.002+0000] {logging_mixin.py:151} INFO -      ⚠️ Erreur ligne 437: not all arguments converted during string formatting
[2026-01-26T14:28:41.002+0000] {logging_mixin.py:151} INFO -      ⚠️ Erreur ligne 438: not all arguments converted during string formatting
[2026-01-26T14:28:41.003+0000] {logging_mixin.py:151} INFO -      ⚠️ Erreur ligne 439: not all arguments converted during string formatting
[2026-01-26T14:28:41.003+0000] {logging_mixin.py:151} INFO -      ⚠️ Erreur ligne 440: not all arguments converted during string formatting
[2026-01-26T14:28:41.004+0000] {logging_mixin.py:151} INFO -      ⚠️ Erreur ligne 441: not all arguments converted during string formatting
[2026-01-26T14:28:41.004+0000] {logging_mixin.py:151} INFO -      ⚠️ Erreur ligne 442: not all arguments converted during string formatting
[2026-01-26T14:28:41.005+0000] {logging_mixin.py:151} INFO -      ⚠️ Erreur ligne 443: not all arguments converted during string formatting
[2026-01-26T14:28:41.005+0000] {logging_mixin.py:151} INFO -      ⚠️ Erreur ligne 444: not all arguments converted during string formatting
[2026-01-26T14:28:41.006+0000] {logging_mixin.py:151} INFO -      ⚠️ Erreur ligne 445: not all arguments converted during string formatting
[2026-01-26T14:28:41.006+0000] {logging_mixin.py:151} INFO -      ⚠️ Erreur ligne 446: not all arguments converted during string formatting
[2026-01-26T14:28:41.006+0000] {logging_mixin.py:151} INFO -      ⚠️ Erreur ligne 447: not all arguments converted during string formatting
[2026-01-26T14:28:41.007+0000] {logging_mixin.py:151} INFO -      ⚠️ Erreur ligne 448: not all arguments converted during string formatting
[2026-01-26T14:28:41.008+0000] {logging_mixin.py:151} INFO -      ⚠️ Erreur ligne 449: not all arguments converted during string formatting
[2026-01-26T14:28:41.009+0000] {logging_mixin.py:151} INFO -      ⚠️ Erreur ligne 450: not all arguments converted during string formatting
[2026-01-26T14:28:41.009+0000] {logging_mixin.py:151} INFO -      ⚠️ Erreur ligne 451: not all arguments converted during string formatting
[2026-01-26T14:28:41.010+0000] {logging_mixin.py:151} INFO -      ⚠️ Erreur ligne 452: not all arguments converted during string formatting
[2026-01-26T14:28:41.010+0000] {logging_mixin.py:151} INFO -      ⚠️ Erreur ligne 453: not all arguments converted during string formatting
[2026-01-26T14:28:41.010+0000] {logging_mixin.py:151} INFO -      ⚠️ Erreur ligne 454: not all arguments converted during string formatting
[2026-01-26T14:28:41.011+0000] {logging_mixin.py:151} INFO -      ⚠️ Erreur ligne 455: not all arguments converted during string formatting
[2026-01-26T14:28:41.011+0000] {logging_mixin.py:151} INFO -      ⚠️ Erreur ligne 456: not all arguments converted during string formatting
[2026-01-26T14:28:41.012+0000] {logging_mixin.py:151} INFO -      ⚠️ Erreur ligne 457: not all arguments converted during string formatting
[2026-01-26T14:28:41.012+0000] {logging_mixin.py:151} INFO -      ⚠️ Erreur ligne 458: not all arguments converted during string formatting
[2026-01-26T14:28:41.013+0000] {logging_mixin.py:151} INFO -      ⚠️ Erreur ligne 459: not all arguments converted during string formatting
[2026-01-26T14:28:41.013+0000] {logging_mixin.py:151} INFO -      ⚠️ Erreur ligne 460: not all arguments converted during string formatting
[2026-01-26T14:28:41.013+0000] {logging_mixin.py:151} INFO -      ⚠️ Erreur ligne 461: not all arguments converted during string formatting
[2026-01-26T14:28:41.014+0000] {logging_mixin.py:151} INFO -      ⚠️ Erreur ligne 462: not all arguments converted during string formatting
[2026-01-26T14:28:41.014+0000] {logging_mixin.py:151} INFO -      ⚠️ Erreur ligne 463: not all arguments converted during string formatting
[2026-01-26T14:28:41.014+0000] {logging_mixin.py:151} INFO -      ⚠️ Erreur ligne 464: not all arguments converted during string formatting
[2026-01-26T14:28:41.015+0000] {logging_mixin.py:151} INFO -      ⚠️ Erreur ligne 465: not all arguments converted during string formatting
[2026-01-26T14:28:41.015+0000] {logging_mixin.py:151} INFO -      ⚠️ Erreur ligne 466: not all arguments converted during string formatting
[2026-01-26T14:28:41.015+0000] {logging_mixin.py:151} INFO -      ⚠️ Erreur ligne 467: not all arguments converted during string formatting
[2026-01-26T14:28:41.016+0000] {logging_mixin.py:151} INFO -      ⚠️ Erreur ligne 468: not all arguments converted during string formatting
[2026-01-26T14:28:41.016+0000] {logging_mixin.py:151} INFO -      ⚠️ Erreur ligne 469: not all arguments converted during string formatting
[2026-01-26T14:28:41.017+0000] {logging_mixin.py:151} INFO -      ⚠️ Erreur ligne 470: not all arguments converted during string formatting
[2026-01-26T14:28:41.018+0000] {logging_mixin.py:151} INFO -      ⚠️ Erreur ligne 471: not all arguments converted during string formatting
[2026-01-26T14:28:41.018+0000] {logging_mixin.py:151} INFO -      ⚠️ Erreur ligne 472: not all arguments converted during string formatting
[2026-01-26T14:28:41.018+0000] {logging_mixin.py:151} INFO -      ⚠️ Erreur ligne 473: not all arguments converted during string formatting
[2026-01-26T14:28:41.019+0000] {logging_mixin.py:151} INFO -      ⚠️ Erreur ligne 474: not all arguments converted during string formatting
[2026-01-26T14:28:41.019+0000] {logging_mixin.py:151} INFO -      ⚠️ Erreur ligne 475: not all arguments converted during string formatting
[2026-01-26T14:28:41.020+0000] {logging_mixin.py:151} INFO -      ⚠️ Erreur ligne 476: not all arguments converted during string formatting
[2026-01-26T14:28:41.020+0000] {logging_mixin.py:151} INFO -      ⚠️ Erreur ligne 477: not all arguments converted during string formatting
[2026-01-26T14:28:41.021+0000] {logging_mixin.py:151} INFO -      ⚠️ Erreur ligne 478: not all arguments converted during string formatting
[2026-01-26T14:28:41.021+0000] {logging_mixin.py:151} INFO -      ⚠️ Erreur ligne 479: not all arguments converted during string formatting
[2026-01-26T14:28:41.022+0000] {logging_mixin.py:151} INFO -      ⚠️ Erreur ligne 480: not all arguments converted during string formatting
[2026-01-26T14:28:41.023+0000] {logging_mixin.py:151} INFO -      ⚠️ Erreur ligne 481: not all arguments converted during string formatting
[2026-01-26T14:28:41.023+0000] {logging_mixin.py:151} INFO -      ⚠️ Erreur ligne 482: not all arguments converted during string formatting
[2026-01-26T14:28:41.024+0000] {logging_mixin.py:151} INFO -      ⚠️ Erreur ligne 483: not all arguments converted during string formatting
[2026-01-26T14:28:41.024+0000] {logging_mixin.py:151} INFO -      ⚠️ Erreur ligne 484: not all arguments converted during string formatting
[2026-01-26T14:28:41.025+0000] {logging_mixin.py:151} INFO -      ⚠️ Erreur ligne 485: not all arguments converted during string formatting
[2026-01-26T14:28:41.025+0000] {logging_mixin.py:151} INFO -      ⚠️ Erreur ligne 486: not all arguments converted during string formatting
[2026-01-26T14:28:41.026+0000] {logging_mixin.py:151} INFO -      ⚠️ Erreur ligne 487: not all arguments converted during string formatting
[2026-01-26T14:28:41.026+0000] {logging_mixin.py:151} INFO -      ⚠️ Erreur ligne 488: not all arguments converted during string formatting
[2026-01-26T14:28:41.026+0000] {logging_mixin.py:151} INFO -      ⚠️ Erreur ligne 489: not all arguments converted during string formatting
[2026-01-26T14:28:41.027+0000] {logging_mixin.py:151} INFO -      ⚠️ Erreur ligne 490: not all arguments converted during string formatting
[2026-01-26T14:28:41.027+0000] {logging_mixin.py:151} INFO -      ⚠️ Erreur ligne 491: not all arguments converted during string formatting
[2026-01-26T14:28:41.028+0000] {logging_mixin.py:151} INFO -      ⚠️ Erreur ligne 492: not all arguments converted during string formatting
[2026-01-26T14:28:41.028+0000] {logging_mixin.py:151} INFO -      ⚠️ Erreur ligne 493: not all arguments converted during string formatting
[2026-01-26T14:28:41.028+0000] {logging_mixin.py:151} INFO -      ⚠️ Erreur ligne 494: not all arguments converted during string formatting
[2026-01-26T14:28:41.029+0000] {logging_mixin.py:151} INFO -      ⚠️ Erreur ligne 495: not all arguments converted during string formatting
[2026-01-26T14:28:41.029+0000] {logging_mixin.py:151} INFO -      ⚠️ Erreur ligne 496: not all arguments converted during string formatting
[2026-01-26T14:28:41.030+0000] {logging_mixin.py:151} INFO -      ⚠️ Erreur ligne 497: not all arguments converted during string formatting
[2026-01-26T14:28:41.031+0000] {logging_mixin.py:151} INFO -      ⚠️ Erreur ligne 498: not all arguments converted during string formatting
[2026-01-26T14:28:41.031+0000] {logging_mixin.py:151} INFO -      ⚠️ Erreur ligne 499: not all arguments converted during string formatting
[2026-01-26T14:28:41.032+0000] {logging_mixin.py:151} INFO -      ⚠️ Erreur ligne 500: not all arguments converted during string formatting
[2026-01-26T14:28:41.032+0000] {logging_mixin.py:151} INFO -      ⚠️ Erreur ligne 501: not all arguments converted during string formatting
[2026-01-26T14:28:41.033+0000] {logging_mixin.py:151} INFO -      ⚠️ Erreur ligne 502: not all arguments converted during string formatting
[2026-01-26T14:28:41.033+0000] {logging_mixin.py:151} INFO -      ⚠️ Erreur ligne 503: not all arguments converted during string formatting
[2026-01-26T14:28:41.033+0000] {logging_mixin.py:151} INFO -      ⚠️ Erreur ligne 504: not all arguments converted during string formatting
[2026-01-26T14:28:41.034+0000] {logging_mixin.py:151} INFO -      ⚠️ Erreur ligne 505: not all arguments converted during string formatting
[2026-01-26T14:28:41.034+0000] {logging_mixin.py:151} INFO -      ⚠️ Erreur ligne 506: not all arguments converted during string formatting
[2026-01-26T14:28:41.035+0000] {logging_mixin.py:151} INFO -      ⚠️ Erreur ligne 507: not all arguments converted during string formatting
[2026-01-26T14:28:41.036+0000] {logging_mixin.py:151} INFO -      ⚠️ Erreur ligne 508: not all arguments converted during string formatting
[2026-01-26T14:28:41.036+0000] {logging_mixin.py:151} INFO -      ⚠️ Erreur ligne 509: not all arguments converted during string formatting
[2026-01-26T14:28:41.037+0000] {logging_mixin.py:151} INFO -      ⚠️ Erreur ligne 510: not all arguments converted during string formatting
[2026-01-26T14:28:41.037+0000] {logging_mixin.py:151} INFO -      ⚠️ Erreur ligne 511: not all arguments converted during string formatting
[2026-01-26T14:28:41.038+0000] {logging_mixin.py:151} INFO -      ⚠️ Erreur ligne 512: not all arguments converted during string formatting
[2026-01-26T14:28:41.038+0000] {logging_mixin.py:151} INFO -      ⚠️ Erreur ligne 513: not all arguments converted during string formatting
[2026-01-26T14:28:41.038+0000] {logging_mixin.py:151} INFO -      ⚠️ Erreur ligne 514: not all arguments converted during string formatting
[2026-01-26T14:28:41.039+0000] {logging_mixin.py:151} INFO -      ⚠️ Erreur ligne 515: not all arguments converted during string formatting
[2026-01-26T14:28:41.039+0000] {logging_mixin.py:151} INFO -      ⚠️ Erreur ligne 516: not all arguments converted during string formatting
[2026-01-26T14:28:41.040+0000] {logging_mixin.py:151} INFO -      ⚠️ Erreur ligne 517: not all arguments converted during string formatting
[2026-01-26T14:28:41.040+0000] {logging_mixin.py:151} INFO -      ⚠️ Erreur ligne 518: not all arguments converted during string formatting
[2026-01-26T14:28:41.040+0000] {logging_mixin.py:151} INFO -      ⚠️ Erreur ligne 519: not all arguments converted during string formatting
[2026-01-26T14:28:41.041+0000] {logging_mixin.py:151} INFO -      ⚠️ Erreur ligne 520: not all arguments converted during string formatting
[2026-01-26T14:28:41.041+0000] {logging_mixin.py:151} INFO -      ⚠️ Erreur ligne 521: not all arguments converted during string formatting
[2026-01-26T14:28:41.041+0000] {logging_mixin.py:151} INFO -      ⚠️ Erreur ligne 522: not all arguments converted during string formatting
[2026-01-26T14:28:41.042+0000] {logging_mixin.py:151} INFO -      ⚠️ Erreur ligne 523: not all arguments converted during string formatting
[2026-01-26T14:28:41.042+0000] {logging_mixin.py:151} INFO -      ⚠️ Erreur ligne 524: not all arguments converted during string formatting
[2026-01-26T14:28:41.043+0000] {logging_mixin.py:151} INFO -      ⚠️ Erreur ligne 525: not all arguments converted during string formatting
[2026-01-26T14:28:41.043+0000] {logging_mixin.py:151} INFO -      ⚠️ Erreur ligne 526: not all arguments converted during string formatting
[2026-01-26T14:28:41.043+0000] {logging_mixin.py:151} INFO -      ⚠️ Erreur ligne 527: not all arguments converted during string formatting
[2026-01-26T14:28:41.044+0000] {logging_mixin.py:151} INFO -      ⚠️ Erreur ligne 528: not all arguments converted during string formatting
[2026-01-26T14:28:41.045+0000] {logging_mixin.py:151} INFO -      ⚠️ Erreur ligne 529: not all arguments converted during string formatting
[2026-01-26T14:28:41.045+0000] {logging_mixin.py:151} INFO -      ⚠️ Erreur ligne 530: not all arguments converted during string formatting
[2026-01-26T14:28:41.045+0000] {logging_mixin.py:151} INFO -      ⚠️ Erreur ligne 531: not all arguments converted during string formatting
[2026-01-26T14:28:41.046+0000] {logging_mixin.py:151} INFO -      ⚠️ Erreur ligne 532: not all arguments converted during string formatting
[2026-01-26T14:28:41.046+0000] {logging_mixin.py:151} INFO -      ⚠️ Erreur ligne 533: not all arguments converted during string formatting
[2026-01-26T14:28:41.047+0000] {logging_mixin.py:151} INFO -      ⚠️ Erreur ligne 534: not all arguments converted during string formatting
[2026-01-26T14:28:41.048+0000] {logging_mixin.py:151} INFO -      ⚠️ Erreur ligne 535: not all arguments converted during string formatting
[2026-01-26T14:28:41.049+0000] {logging_mixin.py:151} INFO -      ⚠️ Erreur ligne 536: not all arguments converted during string formatting
[2026-01-26T14:28:41.050+0000] {logging_mixin.py:151} INFO -      ⚠️ Erreur ligne 537: not all arguments converted during string formatting
[2026-01-26T14:28:41.050+0000] {logging_mixin.py:151} INFO -      ⚠️ Erreur ligne 538: not all arguments converted during string formatting
[2026-01-26T14:28:41.051+0000] {logging_mixin.py:151} INFO -      ⚠️ Erreur ligne 539: not all arguments converted during string formatting
[2026-01-26T14:28:41.052+0000] {logging_mixin.py:151} INFO -      ⚠️ Erreur ligne 540: not all arguments converted during string formatting
[2026-01-26T14:28:41.052+0000] {logging_mixin.py:151} INFO -      ⚠️ Erreur ligne 541: not all arguments converted during string formatting
[2026-01-26T14:28:41.053+0000] {logging_mixin.py:151} INFO -      ⚠️ Erreur ligne 542: not all arguments converted during string formatting
[2026-01-26T14:28:41.053+0000] {logging_mixin.py:151} INFO -      ⚠️ Erreur ligne 543: not all arguments converted during string formatting
[2026-01-26T14:28:41.054+0000] {logging_mixin.py:151} INFO -      ⚠️ Erreur ligne 544: not all arguments converted during string formatting
[2026-01-26T14:28:41.054+0000] {logging_mixin.py:151} INFO -      ⚠️ Erreur ligne 545: not all arguments converted during string formatting
[2026-01-26T14:28:41.055+0000] {logging_mixin.py:151} INFO -      ⚠️ Erreur ligne 546: not all arguments converted during string formatting
[2026-01-26T14:28:41.055+0000] {logging_mixin.py:151} INFO -      ⚠️ Erreur ligne 547: not all arguments converted during string formatting
[2026-01-26T14:28:41.056+0000] {logging_mixin.py:151} INFO -      ⚠️ Erreur ligne 548: not all arguments converted during string formatting
[2026-01-26T14:28:41.056+0000] {logging_mixin.py:151} INFO -      ⚠️ Erreur ligne 549: not all arguments converted during string formatting
[2026-01-26T14:28:41.057+0000] {logging_mixin.py:151} INFO -      ⚠️ Erreur ligne 550: not all arguments converted during string formatting
[2026-01-26T14:28:41.058+0000] {logging_mixin.py:151} INFO -      ⚠️ Erreur ligne 551: not all arguments converted during string formatting
[2026-01-26T14:28:41.058+0000] {logging_mixin.py:151} INFO -      ⚠️ Erreur ligne 552: not all arguments converted during string formatting
[2026-01-26T14:28:41.059+0000] {logging_mixin.py:151} INFO -      ⚠️ Erreur ligne 553: not all arguments converted during string formatting
[2026-01-26T14:28:41.059+0000] {logging_mixin.py:151} INFO -      ⚠️ Erreur ligne 554: not all arguments converted during string formatting
[2026-01-26T14:28:41.060+0000] {logging_mixin.py:151} INFO -      ⚠️ Erreur ligne 555: not all arguments converted during string formatting
[2026-01-26T14:28:41.060+0000] {logging_mixin.py:151} INFO -      ⚠️ Erreur ligne 556: not all arguments converted during string formatting
[2026-01-26T14:28:41.060+0000] {logging_mixin.py:151} INFO -      ⚠️ Erreur ligne 557: not all arguments converted during string formatting
[2026-01-26T14:28:41.061+0000] {logging_mixin.py:151} INFO -      ⚠️ Erreur ligne 558: not all arguments converted during string formatting
[2026-01-26T14:28:41.061+0000] {logging_mixin.py:151} INFO -      ⚠️ Erreur ligne 559: not all arguments converted during string formatting
[2026-01-26T14:28:41.062+0000] {logging_mixin.py:151} INFO -      ⚠️ Erreur ligne 560: not all arguments converted during string formatting
[2026-01-26T14:28:41.062+0000] {logging_mixin.py:151} INFO -      ⚠️ Erreur ligne 561: not all arguments converted during string formatting
[2026-01-26T14:28:41.063+0000] {logging_mixin.py:151} INFO -      ⚠️ Erreur ligne 562: not all arguments converted during string formatting
[2026-01-26T14:28:41.064+0000] {logging_mixin.py:151} INFO -      ⚠️ Erreur ligne 563: not all arguments converted during string formatting
[2026-01-26T14:28:41.064+0000] {logging_mixin.py:151} INFO -      ⚠️ Erreur ligne 564: not all arguments converted during string formatting
[2026-01-26T14:28:41.065+0000] {logging_mixin.py:151} INFO -      ⚠️ Erreur ligne 565: not all arguments converted during string formatting
[2026-01-26T14:28:41.065+0000] {logging_mixin.py:151} INFO -      ⚠️ Erreur ligne 566: not all arguments converted during string formatting
[2026-01-26T14:28:41.066+0000] {logging_mixin.py:151} INFO -      ⚠️ Erreur ligne 567: not all arguments converted during string formatting
[2026-01-26T14:28:41.066+0000] {logging_mixin.py:151} INFO -      ⚠️ Erreur ligne 568: not all arguments converted during string formatting
[2026-01-26T14:28:41.067+0000] {logging_mixin.py:151} INFO -      ⚠️ Erreur ligne 569: not all arguments converted during string formatting
[2026-01-26T14:28:41.067+0000] {logging_mixin.py:151} INFO -      ⚠️ Erreur ligne 570: not all arguments converted during string formatting
[2026-01-26T14:28:41.067+0000] {logging_mixin.py:151} INFO -      ⚠️ Erreur ligne 571: not all arguments converted during string formatting
[2026-01-26T14:28:41.068+0000] {logging_mixin.py:151} INFO -      ⚠️ Erreur ligne 572: not all arguments converted during string formatting
[2026-01-26T14:28:41.068+0000] {logging_mixin.py:151} INFO -      ⚠️ Erreur ligne 573: not all arguments converted during string formatting
[2026-01-26T14:28:41.069+0000] {logging_mixin.py:151} INFO -      ⚠️ Erreur ligne 574: not all arguments converted during string formatting
[2026-01-26T14:28:41.069+0000] {logging_mixin.py:151} INFO -      ⚠️ Erreur ligne 575: not all arguments converted during string formatting
[2026-01-26T14:28:41.070+0000] {logging_mixin.py:151} INFO -      ⚠️ Erreur ligne 576: not all arguments converted during string formatting
[2026-01-26T14:28:41.070+0000] {logging_mixin.py:151} INFO -      ⚠️ Erreur ligne 577: not all arguments converted during string formatting
[2026-01-26T14:28:41.070+0000] {logging_mixin.py:151} INFO -      ⚠️ Erreur ligne 578: not all arguments converted during string formatting
[2026-01-26T14:28:41.071+0000] {logging_mixin.py:151} INFO -      ⚠️ Erreur ligne 579: not all arguments converted during string formatting
[2026-01-26T14:28:41.071+0000] {logging_mixin.py:151} INFO -      ⚠️ Erreur ligne 580: not all arguments converted during string formatting
[2026-01-26T14:28:41.072+0000] {logging_mixin.py:151} INFO -      ⚠️ Erreur ligne 581: not all arguments converted during string formatting
[2026-01-26T14:28:41.073+0000] {logging_mixin.py:151} INFO -      ⚠️ Erreur ligne 582: not all arguments converted during string formatting
[2026-01-26T14:28:41.073+0000] {logging_mixin.py:151} INFO -      ⚠️ Erreur ligne 583: not all arguments converted during string formatting
[2026-01-26T14:28:41.074+0000] {logging_mixin.py:151} INFO -      ⚠️ Erreur ligne 584: not all arguments converted during string formatting
[2026-01-26T14:28:41.074+0000] {logging_mixin.py:151} INFO -      ⚠️ Erreur ligne 585: not all arguments converted during string formatting
[2026-01-26T14:28:41.074+0000] {logging_mixin.py:151} INFO -      ⚠️ Erreur ligne 586: not all arguments converted during string formatting
[2026-01-26T14:28:41.075+0000] {logging_mixin.py:151} INFO -      ⚠️ Erreur ligne 587: not all arguments converted during string formatting
[2026-01-26T14:28:41.075+0000] {logging_mixin.py:151} INFO -      ⚠️ Erreur ligne 588: not all arguments converted during string formatting
[2026-01-26T14:28:41.076+0000] {logging_mixin.py:151} INFO -      ⚠️ Erreur ligne 589: not all arguments converted during string formatting
[2026-01-26T14:28:41.077+0000] {logging_mixin.py:151} INFO -      ⚠️ Erreur ligne 590: not all arguments converted during string formatting
[2026-01-26T14:28:41.077+0000] {logging_mixin.py:151} INFO -      ⚠️ Erreur ligne 591: not all arguments converted during string formatting
[2026-01-26T14:28:41.078+0000] {logging_mixin.py:151} INFO -      ⚠️ Erreur ligne 592: not all arguments converted during string formatting
[2026-01-26T14:28:41.079+0000] {logging_mixin.py:151} INFO -      ⚠️ Erreur ligne 593: not all arguments converted during string formatting
[2026-01-26T14:28:41.079+0000] {logging_mixin.py:151} INFO -      ⚠️ Erreur ligne 594: not all arguments converted during string formatting
[2026-01-26T14:28:41.080+0000] {logging_mixin.py:151} INFO -      ⚠️ Erreur ligne 595: not all arguments converted during string formatting
[2026-01-26T14:28:41.080+0000] {logging_mixin.py:151} INFO -      ⚠️ Erreur ligne 596: not all arguments converted during string formatting
[2026-01-26T14:28:41.080+0000] {logging_mixin.py:151} INFO -      ⚠️ Erreur ligne 597: not all arguments converted during string formatting
[2026-01-26T14:28:41.081+0000] {logging_mixin.py:151} INFO -      ⚠️ Erreur ligne 598: not all arguments converted during string formatting
[2026-01-26T14:28:41.081+0000] {logging_mixin.py:151} INFO -      ⚠️ Erreur ligne 599: not all arguments converted during string formatting
[2026-01-26T14:28:41.082+0000] {logging_mixin.py:151} INFO -      ⚠️ Erreur ligne 600: not all arguments converted during string formatting
[2026-01-26T14:28:41.082+0000] {logging_mixin.py:151} INFO -      ⚠️ Erreur ligne 601: not all arguments converted during string formatting
[2026-01-26T14:28:41.082+0000] {logging_mixin.py:151} INFO -      ⚠️ Erreur ligne 602: not all arguments converted during string formatting
[2026-01-26T14:28:41.083+0000] {logging_mixin.py:151} INFO -      ⚠️ Erreur ligne 603: not all arguments converted during string formatting
[2026-01-26T14:28:41.083+0000] {logging_mixin.py:151} INFO -      ⚠️ Erreur ligne 604: not all arguments converted during string formatting
[2026-01-26T14:28:41.084+0000] {logging_mixin.py:151} INFO -      ⚠️ Erreur ligne 605: not all arguments converted during string formatting
[2026-01-26T14:28:41.084+0000] {logging_mixin.py:151} INFO -      ⚠️ Erreur ligne 606: not all arguments converted during string formatting
[2026-01-26T14:28:41.085+0000] {logging_mixin.py:151} INFO -      ⚠️ Erreur ligne 607: not all arguments converted during string formatting
[2026-01-26T14:28:41.085+0000] {logging_mixin.py:151} INFO -      ⚠️ Erreur ligne 608: not all arguments converted during string formatting
[2026-01-26T14:28:41.086+0000] {logging_mixin.py:151} INFO -      ⚠️ Erreur ligne 609: not all arguments converted during string formatting
[2026-01-26T14:28:41.087+0000] {logging_mixin.py:151} INFO -      ⚠️ Erreur ligne 610: not all arguments converted during string formatting
[2026-01-26T14:28:41.087+0000] {logging_mixin.py:151} INFO -      ⚠️ Erreur ligne 611: not all arguments converted during string formatting
[2026-01-26T14:28:41.088+0000] {logging_mixin.py:151} INFO -      ⚠️ Erreur ligne 612: not all arguments converted during string formatting
[2026-01-26T14:28:41.088+0000] {logging_mixin.py:151} INFO -      ⚠️ Erreur ligne 613: not all arguments converted during string formatting
[2026-01-26T14:28:41.089+0000] {logging_mixin.py:151} INFO -      ⚠️ Erreur ligne 614: not all arguments converted during string formatting
[2026-01-26T14:28:41.089+0000] {logging_mixin.py:151} INFO -      ⚠️ Erreur ligne 615: not all arguments converted during string formatting
[2026-01-26T14:28:41.090+0000] {logging_mixin.py:151} INFO -      ⚠️ Erreur ligne 616: not all arguments converted during string formatting
[2026-01-26T14:28:41.091+0000] {logging_mixin.py:151} INFO -      ⚠️ Erreur ligne 617: not all arguments converted during string formatting
[2026-01-26T14:28:41.091+0000] {logging_mixin.py:151} INFO -      ⚠️ Erreur ligne 618: not all arguments converted during string formatting
[2026-01-26T14:28:41.092+0000] {logging_mixin.py:151} INFO -      ⚠️ Erreur ligne 619: not all arguments converted during string formatting
[2026-01-26T14:28:41.093+0000] {logging_mixin.py:151} INFO -      ⚠️ Erreur ligne 620: not all arguments converted during string formatting
[2026-01-26T14:28:41.093+0000] {logging_mixin.py:151} INFO -      ⚠️ Erreur ligne 621: not all arguments converted during string formatting
[2026-01-26T14:28:41.094+0000] {logging_mixin.py:151} INFO -      ⚠️ Erreur ligne 622: not all arguments converted during string formatting
[2026-01-26T14:28:41.094+0000] {logging_mixin.py:151} INFO -      ⚠️ Erreur ligne 623: not all arguments converted during string formatting
[2026-01-26T14:28:41.095+0000] {logging_mixin.py:151} INFO -      ⚠️ Erreur ligne 624: not all arguments converted during string formatting
[2026-01-26T14:28:41.095+0000] {logging_mixin.py:151} INFO -      ⚠️ Erreur ligne 625: not all arguments converted during string formatting
[2026-01-26T14:28:41.096+0000] {logging_mixin.py:151} INFO -      ⚠️ Erreur ligne 626: not all arguments converted during string formatting
[2026-01-26T14:28:41.096+0000] {logging_mixin.py:151} INFO -      ⚠️ Erreur ligne 627: not all arguments converted during string formatting
[2026-01-26T14:28:41.097+0000] {logging_mixin.py:151} INFO -      ⚠️ Erreur ligne 628: not all arguments converted during string formatting
[2026-01-26T14:28:41.097+0000] {logging_mixin.py:151} INFO -      ⚠️ Erreur ligne 629: not all arguments converted during string formatting
[2026-01-26T14:28:41.097+0000] {logging_mixin.py:151} INFO -      ⚠️ Erreur ligne 630: not all arguments converted during string formatting
[2026-01-26T14:28:41.098+0000] {logging_mixin.py:151} INFO -      ⚠️ Erreur ligne 631: not all arguments converted during string formatting
[2026-01-26T14:28:41.098+0000] {logging_mixin.py:151} INFO -      ⚠️ Erreur ligne 632: not all arguments converted during string formatting
[2026-01-26T14:28:41.099+0000] {logging_mixin.py:151} INFO -      ⚠️ Erreur ligne 633: not all arguments converted during string formatting
[2026-01-26T14:28:41.099+0000] {logging_mixin.py:151} INFO -      ⚠️ Erreur ligne 634: not all arguments converted during string formatting
[2026-01-26T14:28:41.100+0000] {logging_mixin.py:151} INFO -      ⚠️ Erreur ligne 635: not all arguments converted during string formatting
[2026-01-26T14:28:41.101+0000] {logging_mixin.py:151} INFO -      ⚠️ Erreur ligne 636: not all arguments converted during string formatting
[2026-01-26T14:28:41.101+0000] {logging_mixin.py:151} INFO -      ⚠️ Erreur ligne 637: not all arguments converted during string formatting
[2026-01-26T14:28:41.102+0000] {logging_mixin.py:151} INFO -      ⚠️ Erreur ligne 638: not all arguments converted during string formatting
[2026-01-26T14:28:41.103+0000] {logging_mixin.py:151} INFO -      ⚠️ Erreur ligne 639: not all arguments converted during string formatting
[2026-01-26T14:28:41.104+0000] {logging_mixin.py:151} INFO -      ⚠️ Erreur ligne 640: not all arguments converted during string formatting
[2026-01-26T14:28:41.104+0000] {logging_mixin.py:151} INFO -      ⚠️ Erreur ligne 641: not all arguments converted during string formatting
[2026-01-26T14:28:41.105+0000] {logging_mixin.py:151} INFO -      ⚠️ Erreur ligne 642: not all arguments converted during string formatting
[2026-01-26T14:28:41.106+0000] {logging_mixin.py:151} INFO -      ⚠️ Erreur ligne 643: not all arguments converted during string formatting
[2026-01-26T14:28:41.107+0000] {logging_mixin.py:151} INFO -      ⚠️ Erreur ligne 644: not all arguments converted during string formatting
[2026-01-26T14:28:41.108+0000] {logging_mixin.py:151} INFO -      ⚠️ Erreur ligne 645: not all arguments converted during string formatting
[2026-01-26T14:28:41.108+0000] {logging_mixin.py:151} INFO -      ⚠️ Erreur ligne 646: not all arguments converted during string formatting
[2026-01-26T14:28:41.109+0000] {logging_mixin.py:151} INFO -      ⚠️ Erreur ligne 647: not all arguments converted during string formatting
[2026-01-26T14:28:41.110+0000] {logging_mixin.py:151} INFO -      ⚠️ Erreur ligne 648: not all arguments converted during string formatting
[2026-01-26T14:28:41.111+0000] {logging_mixin.py:151} INFO -      ⚠️ Erreur ligne 649: not all arguments converted during string formatting
[2026-01-26T14:28:41.111+0000] {logging_mixin.py:151} INFO -      ⚠️ Erreur ligne 650: not all arguments converted during string formatting
[2026-01-26T14:28:41.112+0000] {logging_mixin.py:151} INFO -      ⚠️ Erreur ligne 651: not all arguments converted during string formatting
[2026-01-26T14:28:41.113+0000] {logging_mixin.py:151} INFO -      ⚠️ Erreur ligne 652: not all arguments converted during string formatting
[2026-01-26T14:28:41.113+0000] {logging_mixin.py:151} INFO -      ⚠️ Erreur ligne 653: not all arguments converted during string formatting
[2026-01-26T14:28:41.114+0000] {logging_mixin.py:151} INFO -      ⚠️ Erreur ligne 654: not all arguments converted during string formatting
[2026-01-26T14:28:41.115+0000] {logging_mixin.py:151} INFO -      ⚠️ Erreur ligne 655: not all arguments converted during string formatting
[2026-01-26T14:28:41.115+0000] {logging_mixin.py:151} INFO -      ⚠️ Erreur ligne 656: not all arguments converted during string formatting
[2026-01-26T14:28:41.116+0000] {logging_mixin.py:151} INFO -      ⚠️ Erreur ligne 657: not all arguments converted during string formatting
[2026-01-26T14:28:41.116+0000] {logging_mixin.py:151} INFO -      ⚠️ Erreur ligne 658: not all arguments converted during string formatting
[2026-01-26T14:28:41.117+0000] {logging_mixin.py:151} INFO -      ⚠️ Erreur ligne 659: not all arguments converted during string formatting
[2026-01-26T14:28:41.117+0000] {logging_mixin.py:151} INFO -      ⚠️ Erreur ligne 660: not all arguments converted during string formatting
[2026-01-26T14:28:41.117+0000] {logging_mixin.py:151} INFO -      ⚠️ Erreur ligne 661: not all arguments converted during string formatting
[2026-01-26T14:28:41.118+0000] {logging_mixin.py:151} INFO -      ⚠️ Erreur ligne 662: not all arguments converted during string formatting
[2026-01-26T14:28:41.118+0000] {logging_mixin.py:151} INFO -      ⚠️ Erreur ligne 663: not all arguments converted during string formatting
[2026-01-26T14:28:41.119+0000] {logging_mixin.py:151} INFO -      ⚠️ Erreur ligne 664: not all arguments converted during string formatting
[2026-01-26T14:28:41.120+0000] {logging_mixin.py:151} INFO -      ⚠️ Erreur ligne 665: not all arguments converted during string formatting
[2026-01-26T14:28:41.120+0000] {logging_mixin.py:151} INFO -      ⚠️ Erreur ligne 666: not all arguments converted during string formatting
[2026-01-26T14:28:41.121+0000] {logging_mixin.py:151} INFO -      ⚠️ Erreur ligne 667: not all arguments converted during string formatting
[2026-01-26T14:28:41.121+0000] {logging_mixin.py:151} INFO -      ⚠️ Erreur ligne 668: not all arguments converted during string formatting
[2026-01-26T14:28:41.121+0000] {logging_mixin.py:151} INFO -      ⚠️ Erreur ligne 669: not all arguments converted during string formatting
[2026-01-26T14:28:41.122+0000] {logging_mixin.py:151} INFO -      ⚠️ Erreur ligne 670: not all arguments converted during string formatting
[2026-01-26T14:28:41.122+0000] {logging_mixin.py:151} INFO -      ⚠️ Erreur ligne 671: not all arguments converted during string formatting
[2026-01-26T14:28:41.123+0000] {logging_mixin.py:151} INFO -      ⚠️ Erreur ligne 672: not all arguments converted during string formatting
[2026-01-26T14:28:41.123+0000] {logging_mixin.py:151} INFO -      ⚠️ Erreur ligne 673: not all arguments converted during string formatting
[2026-01-26T14:28:41.124+0000] {logging_mixin.py:151} INFO -      ⚠️ Erreur ligne 674: not all arguments converted during string formatting
[2026-01-26T14:28:41.125+0000] {logging_mixin.py:151} INFO -      ⚠️ Erreur ligne 675: not all arguments converted during string formatting
[2026-01-26T14:28:41.126+0000] {logging_mixin.py:151} INFO -      ⚠️ Erreur ligne 676: not all arguments converted during string formatting
[2026-01-26T14:28:41.128+0000] {logging_mixin.py:151} INFO -      ⚠️ Erreur ligne 677: not all arguments converted during string formatting
[2026-01-26T14:28:41.129+0000] {logging_mixin.py:151} INFO -      ⚠️ Erreur ligne 678: not all arguments converted during string formatting
[2026-01-26T14:28:41.129+0000] {logging_mixin.py:151} INFO -      ⚠️ Erreur ligne 679: not all arguments converted during string formatting
[2026-01-26T14:28:41.130+0000] {logging_mixin.py:151} INFO -      ⚠️ Erreur ligne 680: not all arguments converted during string formatting
[2026-01-26T14:28:41.131+0000] {logging_mixin.py:151} INFO -      ⚠️ Erreur ligne 681: not all arguments converted during string formatting
[2026-01-26T14:28:41.132+0000] {logging_mixin.py:151} INFO -      ⚠️ Erreur ligne 682: not all arguments converted during string formatting
[2026-01-26T14:28:41.132+0000] {logging_mixin.py:151} INFO -      ⚠️ Erreur ligne 683: not all arguments converted during string formatting
[2026-01-26T14:28:41.133+0000] {logging_mixin.py:151} INFO -      ⚠️ Erreur ligne 684: not all arguments converted during string formatting
[2026-01-26T14:28:41.133+0000] {logging_mixin.py:151} INFO -      ⚠️ Erreur ligne 685: not all arguments converted during string formatting
[2026-01-26T14:28:41.134+0000] {logging_mixin.py:151} INFO -      ⚠️ Erreur ligne 686: not all arguments converted during string formatting
[2026-01-26T14:28:41.134+0000] {logging_mixin.py:151} INFO -      ⚠️ Erreur ligne 687: not all arguments converted during string formatting
[2026-01-26T14:28:41.135+0000] {logging_mixin.py:151} INFO -      ⚠️ Erreur ligne 688: not all arguments converted during string formatting
[2026-01-26T14:28:41.135+0000] {logging_mixin.py:151} INFO -      ⚠️ Erreur ligne 689: not all arguments converted during string formatting
[2026-01-26T14:28:41.136+0000] {logging_mixin.py:151} INFO -      ⚠️ Erreur ligne 690: not all arguments converted during string formatting
[2026-01-26T14:28:41.136+0000] {logging_mixin.py:151} INFO -      ⚠️ Erreur ligne 691: not all arguments converted during string formatting
[2026-01-26T14:28:41.137+0000] {logging_mixin.py:151} INFO -      ⚠️ Erreur ligne 692: not all arguments converted during string formatting
[2026-01-26T14:28:41.137+0000] {logging_mixin.py:151} INFO -      ⚠️ Erreur ligne 693: not all arguments converted during string formatting
[2026-01-26T14:28:41.138+0000] {logging_mixin.py:151} INFO -      ⚠️ Erreur ligne 694: not all arguments converted during string formatting
[2026-01-26T14:28:41.138+0000] {logging_mixin.py:151} INFO -      ⚠️ Erreur ligne 695: not all arguments converted during string formatting
[2026-01-26T14:28:41.139+0000] {logging_mixin.py:151} INFO -      ⚠️ Erreur ligne 696: not all arguments converted during string formatting
[2026-01-26T14:28:41.140+0000] {logging_mixin.py:151} INFO -      ⚠️ Erreur ligne 697: not all arguments converted during string formatting
[2026-01-26T14:28:41.140+0000] {logging_mixin.py:151} INFO -      ⚠️ Erreur ligne 698: not all arguments converted during string formatting
[2026-01-26T14:28:41.141+0000] {logging_mixin.py:151} INFO -      ⚠️ Erreur ligne 699: not all arguments converted during string formatting
[2026-01-26T14:28:41.141+0000] {logging_mixin.py:151} INFO -      ⚠️ Erreur ligne 700: not all arguments converted during string formatting
[2026-01-26T14:28:41.142+0000] {logging_mixin.py:151} INFO -      ⚠️ Erreur ligne 701: not all arguments converted during string formatting
[2026-01-26T14:28:41.142+0000] {logging_mixin.py:151} INFO -      ⚠️ Erreur ligne 702: not all arguments converted during string formatting
[2026-01-26T14:28:41.143+0000] {logging_mixin.py:151} INFO -      ⚠️ Erreur ligne 703: not all arguments converted during string formatting
[2026-01-26T14:28:41.143+0000] {logging_mixin.py:151} INFO -      ⚠️ Erreur ligne 704: not all arguments converted during string formatting
[2026-01-26T14:28:41.144+0000] {logging_mixin.py:151} INFO -      ⚠️ Erreur ligne 705: not all arguments converted during string formatting
[2026-01-26T14:28:41.144+0000] {logging_mixin.py:151} INFO -      ⚠️ Erreur ligne 706: not all arguments converted during string formatting
[2026-01-26T14:28:41.145+0000] {logging_mixin.py:151} INFO -      ⚠️ Erreur ligne 707: not all arguments converted during string formatting
[2026-01-26T14:28:41.145+0000] {logging_mixin.py:151} INFO -      ⚠️ Erreur ligne 708: not all arguments converted during string formatting
[2026-01-26T14:28:41.146+0000] {logging_mixin.py:151} INFO -      ⚠️ Erreur ligne 709: not all arguments converted during string formatting
[2026-01-26T14:28:41.147+0000] {logging_mixin.py:151} INFO -      ⚠️ Erreur ligne 710: not all arguments converted during string formatting
[2026-01-26T14:28:41.148+0000] {logging_mixin.py:151} INFO -      ⚠️ Erreur ligne 711: not all arguments converted during string formatting
[2026-01-26T14:28:41.149+0000] {logging_mixin.py:151} INFO -      ⚠️ Erreur ligne 712: not all arguments converted during string formatting
[2026-01-26T14:28:41.150+0000] {logging_mixin.py:151} INFO -      ⚠️ Erreur ligne 713: not all arguments converted during string formatting
[2026-01-26T14:28:41.151+0000] {logging_mixin.py:151} INFO -      ⚠️ Erreur ligne 714: not all arguments converted during string formatting
[2026-01-26T14:28:41.152+0000] {logging_mixin.py:151} INFO -      ⚠️ Erreur ligne 715: not all arguments converted during string formatting
[2026-01-26T14:28:41.153+0000] {logging_mixin.py:151} INFO -      ⚠️ Erreur ligne 716: not all arguments converted during string formatting
[2026-01-26T14:28:41.153+0000] {logging_mixin.py:151} INFO -      ⚠️ Erreur ligne 717: not all arguments converted during string formatting
[2026-01-26T14:28:41.154+0000] {logging_mixin.py:151} INFO -      ⚠️ Erreur ligne 718: not all arguments converted during string formatting
[2026-01-26T14:28:41.154+0000] {logging_mixin.py:151} INFO -      ⚠️ Erreur ligne 719: not all arguments converted during string formatting
[2026-01-26T14:28:41.155+0000] {logging_mixin.py:151} INFO -      ⚠️ Erreur ligne 720: not all arguments converted during string formatting
[2026-01-26T14:28:41.155+0000] {logging_mixin.py:151} INFO -      ⚠️ Erreur ligne 721: not all arguments converted during string formatting
[2026-01-26T14:28:41.156+0000] {logging_mixin.py:151} INFO -      ⚠️ Erreur ligne 722: not all arguments converted during string formatting
[2026-01-26T14:28:41.156+0000] {logging_mixin.py:151} INFO -      ⚠️ Erreur ligne 723: not all arguments converted during string formatting
[2026-01-26T14:28:41.157+0000] {logging_mixin.py:151} INFO -      ⚠️ Erreur ligne 724: not all arguments converted during string formatting
[2026-01-26T14:28:41.157+0000] {logging_mixin.py:151} INFO -      ⚠️ Erreur ligne 725: not all arguments converted during string formatting
[2026-01-26T14:28:41.158+0000] {logging_mixin.py:151} INFO -      ⚠️ Erreur ligne 726: not all arguments converted during string formatting
[2026-01-26T14:28:41.158+0000] {logging_mixin.py:151} INFO -      ⚠️ Erreur ligne 727: not all arguments converted during string formatting
[2026-01-26T14:28:41.159+0000] {logging_mixin.py:151} INFO -      ⚠️ Erreur ligne 728: not all arguments converted during string formatting
[2026-01-26T14:28:41.159+0000] {logging_mixin.py:151} INFO -      ⚠️ Erreur ligne 729: not all arguments converted during string formatting
[2026-01-26T14:28:41.160+0000] {logging_mixin.py:151} INFO -      ⚠️ Erreur ligne 730: not all arguments converted during string formatting
[2026-01-26T14:28:41.161+0000] {logging_mixin.py:151} INFO -      ⚠️ Erreur ligne 731: not all arguments converted during string formatting
[2026-01-26T14:28:41.161+0000] {logging_mixin.py:151} INFO -      ⚠️ Erreur ligne 732: not all arguments converted during string formatting
[2026-01-26T14:28:41.162+0000] {logging_mixin.py:151} INFO -      ⚠️ Erreur ligne 733: not all arguments converted during string formatting
[2026-01-26T14:28:41.162+0000] {logging_mixin.py:151} INFO -      ⚠️ Erreur ligne 734: not all arguments converted during string formatting
[2026-01-26T14:28:41.163+0000] {logging_mixin.py:151} INFO -      ⚠️ Erreur ligne 735: not all arguments converted during string formatting
[2026-01-26T14:28:41.163+0000] {logging_mixin.py:151} INFO -      ⚠️ Erreur ligne 736: not all arguments converted during string formatting
[2026-01-26T14:28:41.164+0000] {logging_mixin.py:151} INFO -      ⚠️ Erreur ligne 737: not all arguments converted during string formatting
[2026-01-26T14:28:41.164+0000] {logging_mixin.py:151} INFO -      ⚠️ Erreur ligne 738: not all arguments converted during string formatting
[2026-01-26T14:28:41.164+0000] {logging_mixin.py:151} INFO -      ⚠️ Erreur ligne 739: not all arguments converted during string formatting
[2026-01-26T14:28:41.165+0000] {logging_mixin.py:151} INFO -      ⚠️ Erreur ligne 740: not all arguments converted during string formatting
[2026-01-26T14:28:41.165+0000] {logging_mixin.py:151} INFO -      ⚠️ Erreur ligne 741: not all arguments converted during string formatting
[2026-01-26T14:28:41.166+0000] {logging_mixin.py:151} INFO -      ⚠️ Erreur ligne 742: not all arguments converted during string formatting
[2026-01-26T14:28:41.166+0000] {logging_mixin.py:151} INFO -      ⚠️ Erreur ligne 743: not all arguments converted during string formatting
[2026-01-26T14:28:41.167+0000] {logging_mixin.py:151} INFO -      ⚠️ Erreur ligne 744: not all arguments converted during string formatting
[2026-01-26T14:28:41.168+0000] {logging_mixin.py:151} INFO -      ⚠️ Erreur ligne 745: not all arguments converted during string formatting
[2026-01-26T14:28:41.168+0000] {logging_mixin.py:151} INFO -      ⚠️ Erreur ligne 746: not all arguments converted during string formatting
[2026-01-26T14:28:41.169+0000] {logging_mixin.py:151} INFO -      ⚠️ Erreur ligne 747: not all arguments converted during string formatting
[2026-01-26T14:28:41.169+0000] {logging_mixin.py:151} INFO -      ⚠️ Erreur ligne 748: not all arguments converted during string formatting
[2026-01-26T14:28:41.169+0000] {logging_mixin.py:151} INFO -      ⚠️ Erreur ligne 749: not all arguments converted during string formatting
[2026-01-26T14:28:41.170+0000] {logging_mixin.py:151} INFO -      ⚠️ Erreur ligne 750: not all arguments converted during string formatting
[2026-01-26T14:28:41.170+0000] {logging_mixin.py:151} INFO -      ⚠️ Erreur ligne 751: not all arguments converted during string formatting
[2026-01-26T14:28:41.170+0000] {logging_mixin.py:151} INFO -      ⚠️ Erreur ligne 752: not all arguments converted during string formatting
[2026-01-26T14:28:41.171+0000] {logging_mixin.py:151} INFO -      ⚠️ Erreur ligne 753: not all arguments converted during string formatting
[2026-01-26T14:28:41.171+0000] {logging_mixin.py:151} INFO -      ⚠️ Erreur ligne 754: not all arguments converted during string formatting
[2026-01-26T14:28:41.172+0000] {logging_mixin.py:151} INFO -      ⚠️ Erreur ligne 755: not all arguments converted during string formatting
[2026-01-26T14:28:41.172+0000] {logging_mixin.py:151} INFO -      ⚠️ Erreur ligne 756: not all arguments converted during string formatting
[2026-01-26T14:28:41.172+0000] {logging_mixin.py:151} INFO -      ⚠️ Erreur ligne 757: not all arguments converted during string formatting
[2026-01-26T14:28:41.173+0000] {logging_mixin.py:151} INFO -      ⚠️ Erreur ligne 758: not all arguments converted during string formatting
[2026-01-26T14:28:41.174+0000] {logging_mixin.py:151} INFO -      ⚠️ Erreur ligne 759: not all arguments converted during string formatting
[2026-01-26T14:28:41.174+0000] {logging_mixin.py:151} INFO -      ⚠️ Erreur ligne 760: not all arguments converted during string formatting
[2026-01-26T14:28:41.176+0000] {logging_mixin.py:151} INFO -      ⚠️ Erreur ligne 761: not all arguments converted during string formatting
[2026-01-26T14:28:41.177+0000] {logging_mixin.py:151} INFO -      ⚠️ Erreur ligne 762: not all arguments converted during string formatting
[2026-01-26T14:28:41.178+0000] {logging_mixin.py:151} INFO -      ⚠️ Erreur ligne 763: not all arguments converted during string formatting
[2026-01-26T14:28:41.178+0000] {logging_mixin.py:151} INFO -      ⚠️ Erreur ligne 764: not all arguments converted during string formatting
[2026-01-26T14:28:41.179+0000] {logging_mixin.py:151} INFO -      ⚠️ Erreur ligne 765: not all arguments converted during string formatting
[2026-01-26T14:28:41.180+0000] {logging_mixin.py:151} INFO -      ⚠️ Erreur ligne 766: not all arguments converted during string formatting
[2026-01-26T14:28:41.181+0000] {logging_mixin.py:151} INFO -      ⚠️ Erreur ligne 767: not all arguments converted during string formatting
[2026-01-26T14:28:41.182+0000] {logging_mixin.py:151} INFO -      ⚠️ Erreur ligne 768: not all arguments converted during string formatting
[2026-01-26T14:28:41.182+0000] {logging_mixin.py:151} INFO -      ⚠️ Erreur ligne 769: not all arguments converted during string formatting
[2026-01-26T14:28:41.183+0000] {logging_mixin.py:151} INFO -      ⚠️ Erreur ligne 770: not all arguments converted during string formatting
[2026-01-26T14:28:41.183+0000] {logging_mixin.py:151} INFO -      ⚠️ Erreur ligne 771: not all arguments converted during string formatting
[2026-01-26T14:28:41.184+0000] {logging_mixin.py:151} INFO -      ⚠️ Erreur ligne 772: not all arguments converted during string formatting
[2026-01-26T14:28:41.185+0000] {logging_mixin.py:151} INFO -      ⚠️ Erreur ligne 773: not all arguments converted during string formatting
[2026-01-26T14:28:41.185+0000] {logging_mixin.py:151} INFO -      ⚠️ Erreur ligne 774: not all arguments converted during string formatting
[2026-01-26T14:28:41.186+0000] {logging_mixin.py:151} INFO -      ⚠️ Erreur ligne 775: not all arguments converted during string formatting
[2026-01-26T14:28:41.186+0000] {logging_mixin.py:151} INFO -      ⚠️ Erreur ligne 776: not all arguments converted during string formatting
[2026-01-26T14:28:41.187+0000] {logging_mixin.py:151} INFO -      ⚠️ Erreur ligne 777: not all arguments converted during string formatting
[2026-01-26T14:28:41.187+0000] {logging_mixin.py:151} INFO -      ⚠️ Erreur ligne 778: not all arguments converted during string formatting
[2026-01-26T14:28:41.188+0000] {logging_mixin.py:151} INFO -      ⚠️ Erreur ligne 779: not all arguments converted during string formatting
[2026-01-26T14:28:41.189+0000] {logging_mixin.py:151} INFO -      ⚠️ Erreur ligne 780: not all arguments converted during string formatting
[2026-01-26T14:28:41.190+0000] {logging_mixin.py:151} INFO -      ⚠️ Erreur ligne 781: not all arguments converted during string formatting
[2026-01-26T14:28:41.191+0000] {logging_mixin.py:151} INFO -      ⚠️ Erreur ligne 782: not all arguments converted during string formatting
[2026-01-26T14:28:41.192+0000] {logging_mixin.py:151} INFO -      ⚠️ Erreur ligne 783: not all arguments converted during string formatting
[2026-01-26T14:28:41.193+0000] {logging_mixin.py:151} INFO -      ⚠️ Erreur ligne 784: not all arguments converted during string formatting
[2026-01-26T14:28:41.193+0000] {logging_mixin.py:151} INFO -      ⚠️ Erreur ligne 785: not all arguments converted during string formatting
[2026-01-26T14:28:41.194+0000] {logging_mixin.py:151} INFO -      ⚠️ Erreur ligne 786: not all arguments converted during string formatting
[2026-01-26T14:28:41.194+0000] {logging_mixin.py:151} INFO -      ⚠️ Erreur ligne 787: not all arguments converted during string formatting
[2026-01-26T14:28:41.195+0000] {logging_mixin.py:151} INFO -      ⚠️ Erreur ligne 788: not all arguments converted during string formatting
[2026-01-26T14:28:41.196+0000] {logging_mixin.py:151} INFO -      ⚠️ Erreur ligne 789: not all arguments converted during string formatting
[2026-01-26T14:28:41.197+0000] {logging_mixin.py:151} INFO -      ⚠️ Erreur ligne 790: not all arguments converted during string formatting
[2026-01-26T14:28:41.197+0000] {logging_mixin.py:151} INFO -      ⚠️ Erreur ligne 791: not all arguments converted during string formatting
[2026-01-26T14:28:41.197+0000] {logging_mixin.py:151} INFO -      ⚠️ Erreur ligne 792: not all arguments converted during string formatting
[2026-01-26T14:28:41.198+0000] {logging_mixin.py:151} INFO -      ⚠️ Erreur ligne 793: not all arguments converted during string formatting
[2026-01-26T14:28:41.199+0000] {logging_mixin.py:151} INFO -      ⚠️ Erreur ligne 794: not all arguments converted during string formatting
[2026-01-26T14:28:41.199+0000] {logging_mixin.py:151} INFO -      ⚠️ Erreur ligne 795: not all arguments converted during string formatting
[2026-01-26T14:28:41.200+0000] {logging_mixin.py:151} INFO -      ⚠️ Erreur ligne 796: not all arguments converted during string formatting
[2026-01-26T14:28:41.200+0000] {logging_mixin.py:151} INFO -      ⚠️ Erreur ligne 797: not all arguments converted during string formatting
[2026-01-26T14:28:41.200+0000] {logging_mixin.py:151} INFO -      ⚠️ Erreur ligne 798: not all arguments converted during string formatting
[2026-01-26T14:28:41.201+0000] {logging_mixin.py:151} INFO -      ⚠️ Erreur ligne 799: not all arguments converted during string formatting
[2026-01-26T14:28:41.201+0000] {logging_mixin.py:151} INFO -      ⚠️ Erreur ligne 800: not all arguments converted during string formatting
[2026-01-26T14:28:41.201+0000] {logging_mixin.py:151} INFO -      ⚠️ Erreur ligne 801: not all arguments converted during string formatting
[2026-01-26T14:28:41.202+0000] {logging_mixin.py:151} INFO -      ⚠️ Erreur ligne 802: not all arguments converted during string formatting
[2026-01-26T14:28:41.202+0000] {logging_mixin.py:151} INFO -      ⚠️ Erreur ligne 803: not all arguments converted during string formatting
[2026-01-26T14:28:41.203+0000] {logging_mixin.py:151} INFO -      ⚠️ Erreur ligne 804: not all arguments converted during string formatting
[2026-01-26T14:28:41.203+0000] {logging_mixin.py:151} INFO -      ⚠️ Erreur ligne 805: not all arguments converted during string formatting
[2026-01-26T14:28:41.204+0000] {logging_mixin.py:151} INFO -      ⚠️ Erreur ligne 806: not all arguments converted during string formatting
[2026-01-26T14:28:41.205+0000] {logging_mixin.py:151} INFO -      ⚠️ Erreur ligne 807: not all arguments converted during string formatting
[2026-01-26T14:28:41.205+0000] {logging_mixin.py:151} INFO -      ⚠️ Erreur ligne 808: not all arguments converted during string formatting
[2026-01-26T14:28:41.205+0000] {logging_mixin.py:151} INFO -      ⚠️ Erreur ligne 809: not all arguments converted during string formatting
[2026-01-26T14:28:41.206+0000] {logging_mixin.py:151} INFO -      ⚠️ Erreur ligne 810: not all arguments converted during string formatting
[2026-01-26T14:28:41.206+0000] {logging_mixin.py:151} INFO -      ⚠️ Erreur ligne 811: not all arguments converted during string formatting
[2026-01-26T14:28:41.207+0000] {logging_mixin.py:151} INFO -      ⚠️ Erreur ligne 812: not all arguments converted during string formatting
[2026-01-26T14:28:41.207+0000] {logging_mixin.py:151} INFO -      ⚠️ Erreur ligne 813: not all arguments converted during string formatting
[2026-01-26T14:28:41.208+0000] {logging_mixin.py:151} INFO -      ⚠️ Erreur ligne 814: not all arguments converted during string formatting
[2026-01-26T14:28:41.209+0000] {logging_mixin.py:151} INFO -      ⚠️ Erreur ligne 815: not all arguments converted during string formatting
[2026-01-26T14:28:41.209+0000] {logging_mixin.py:151} INFO -      ⚠️ Erreur ligne 816: not all arguments converted during string formatting
[2026-01-26T14:28:41.210+0000] {logging_mixin.py:151} INFO -      ⚠️ Erreur ligne 817: not all arguments converted during string formatting
[2026-01-26T14:28:41.211+0000] {logging_mixin.py:151} INFO -      ⚠️ Erreur ligne 818: not all arguments converted during string formatting
[2026-01-26T14:28:41.211+0000] {logging_mixin.py:151} INFO -      ⚠️ Erreur ligne 819: not all arguments converted during string formatting
[2026-01-26T14:28:41.212+0000] {logging_mixin.py:151} INFO -      ⚠️ Erreur ligne 820: not all arguments converted during string formatting
[2026-01-26T14:28:41.212+0000] {logging_mixin.py:151} INFO -      ⚠️ Erreur ligne 821: not all arguments converted during string formatting
[2026-01-26T14:28:41.212+0000] {logging_mixin.py:151} INFO -      ⚠️ Erreur ligne 822: not all arguments converted during string formatting
[2026-01-26T14:28:41.213+0000] {logging_mixin.py:151} INFO -      ⚠️ Erreur ligne 823: not all arguments converted during string formatting
[2026-01-26T14:28:41.213+0000] {logging_mixin.py:151} INFO -      ⚠️ Erreur ligne 824: not all arguments converted during string formatting
[2026-01-26T14:28:41.214+0000] {logging_mixin.py:151} INFO -      ⚠️ Erreur ligne 825: not all arguments converted during string formatting
[2026-01-26T14:28:41.214+0000] {logging_mixin.py:151} INFO -      ⚠️ Erreur ligne 826: not all arguments converted during string formatting
[2026-01-26T14:28:41.215+0000] {logging_mixin.py:151} INFO -      ⚠️ Erreur ligne 827: not all arguments converted during string formatting
[2026-01-26T14:28:41.215+0000] {logging_mixin.py:151} INFO -      ⚠️ Erreur ligne 828: not all arguments converted during string formatting
[2026-01-26T14:28:41.215+0000] {logging_mixin.py:151} INFO -      ⚠️ Erreur ligne 829: not all arguments converted during string formatting
[2026-01-26T14:28:41.216+0000] {logging_mixin.py:151} INFO -      ⚠️ Erreur ligne 830: not all arguments converted during string formatting
[2026-01-26T14:28:41.216+0000] {logging_mixin.py:151} INFO -      ⚠️ Erreur ligne 831: not all arguments converted during string formatting
[2026-01-26T14:28:41.216+0000] {logging_mixin.py:151} INFO -      ⚠️ Erreur ligne 832: not all arguments converted during string formatting
[2026-01-26T14:28:41.217+0000] {logging_mixin.py:151} INFO -      ⚠️ Erreur ligne 833: not all arguments converted during string formatting
[2026-01-26T14:28:41.218+0000] {logging_mixin.py:151} INFO -      ⚠️ Erreur ligne 834: not all arguments converted during string formatting
[2026-01-26T14:28:41.218+0000] {logging_mixin.py:151} INFO -      ⚠️ Erreur ligne 835: not all arguments converted during string formatting
[2026-01-26T14:28:41.219+0000] {logging_mixin.py:151} INFO -      ⚠️ Erreur ligne 836: not all arguments converted during string formatting
[2026-01-26T14:28:41.219+0000] {logging_mixin.py:151} INFO -      ⚠️ Erreur ligne 837: not all arguments converted during string formatting
[2026-01-26T14:28:41.220+0000] {logging_mixin.py:151} INFO -      ⚠️ Erreur ligne 838: not all arguments converted during string formatting
[2026-01-26T14:28:41.220+0000] {logging_mixin.py:151} INFO -      ⚠️ Erreur ligne 839: not all arguments converted during string formatting
[2026-01-26T14:28:41.220+0000] {logging_mixin.py:151} INFO -      ⚠️ Erreur ligne 840: not all arguments converted during string formatting
[2026-01-26T14:28:41.221+0000] {logging_mixin.py:151} INFO -      ⚠️ Erreur ligne 841: not all arguments converted during string formatting
[2026-01-26T14:28:41.221+0000] {logging_mixin.py:151} INFO -      ⚠️ Erreur ligne 842: not all arguments converted during string formatting
[2026-01-26T14:28:41.222+0000] {logging_mixin.py:151} INFO -      ⚠️ Erreur ligne 843: not all arguments converted during string formatting
[2026-01-26T14:28:41.223+0000] {logging_mixin.py:151} INFO -      ⚠️ Erreur ligne 844: not all arguments converted during string formatting
[2026-01-26T14:28:41.223+0000] {logging_mixin.py:151} INFO -      ⚠️ Erreur ligne 845: not all arguments converted during string formatting
[2026-01-26T14:28:41.224+0000] {logging_mixin.py:151} INFO -      ⚠️ Erreur ligne 846: not all arguments converted during string formatting
[2026-01-26T14:28:41.225+0000] {logging_mixin.py:151} INFO -      ⚠️ Erreur ligne 847: not all arguments converted during string formatting
[2026-01-26T14:28:41.225+0000] {logging_mixin.py:151} INFO -      ⚠️ Erreur ligne 848: not all arguments converted during string formatting
[2026-01-26T14:28:41.226+0000] {logging_mixin.py:151} INFO -      ⚠️ Erreur ligne 849: not all arguments converted during string formatting
[2026-01-26T14:28:41.226+0000] {logging_mixin.py:151} INFO -      ⚠️ Erreur ligne 850: not all arguments converted during string formatting
[2026-01-26T14:28:41.227+0000] {logging_mixin.py:151} INFO -      ⚠️ Erreur ligne 851: not all arguments converted during string formatting
[2026-01-26T14:28:41.227+0000] {logging_mixin.py:151} INFO -      ⚠️ Erreur ligne 852: not all arguments converted during string formatting
[2026-01-26T14:28:41.228+0000] {logging_mixin.py:151} INFO -      ⚠️ Erreur ligne 853: not all arguments converted during string formatting
[2026-01-26T14:28:41.229+0000] {logging_mixin.py:151} INFO -      ⚠️ Erreur ligne 854: not all arguments converted during string formatting
[2026-01-26T14:28:41.229+0000] {logging_mixin.py:151} INFO -      ⚠️ Erreur ligne 855: not all arguments converted during string formatting
[2026-01-26T14:28:41.230+0000] {logging_mixin.py:151} INFO -      ⚠️ Erreur ligne 856: not all arguments converted during string formatting
[2026-01-26T14:28:41.230+0000] {logging_mixin.py:151} INFO -      ⚠️ Erreur ligne 857: not all arguments converted during string formatting
[2026-01-26T14:28:41.231+0000] {logging_mixin.py:151} INFO -      ⚠️ Erreur ligne 858: not all arguments converted during string formatting
[2026-01-26T14:28:41.231+0000] {logging_mixin.py:151} INFO -      ⚠️ Erreur ligne 859: not all arguments converted during string formatting
[2026-01-26T14:28:41.232+0000] {logging_mixin.py:151} INFO -      ⚠️ Erreur ligne 860: not all arguments converted during string formatting
[2026-01-26T14:28:41.233+0000] {logging_mixin.py:151} INFO -      ⚠️ Erreur ligne 861: not all arguments converted during string formatting
[2026-01-26T14:28:41.234+0000] {logging_mixin.py:151} INFO -      ⚠️ Erreur ligne 862: not all arguments converted during string formatting
[2026-01-26T14:28:41.234+0000] {logging_mixin.py:151} INFO -      ⚠️ Erreur ligne 863: not all arguments converted during string formatting
[2026-01-26T14:28:41.235+0000] {logging_mixin.py:151} INFO -      ⚠️ Erreur ligne 864: not all arguments converted during string formatting
[2026-01-26T14:28:41.235+0000] {logging_mixin.py:151} INFO -      ⚠️ Erreur ligne 865: not all arguments converted during string formatting
[2026-01-26T14:28:41.236+0000] {logging_mixin.py:151} INFO -      ⚠️ Erreur ligne 866: not all arguments converted during string formatting
[2026-01-26T14:28:41.237+0000] {logging_mixin.py:151} INFO -      ⚠️ Erreur ligne 867: not all arguments converted during string formatting
[2026-01-26T14:28:41.237+0000] {logging_mixin.py:151} INFO -      ⚠️ Erreur ligne 868: not all arguments converted during string formatting
[2026-01-26T14:28:41.238+0000] {logging_mixin.py:151} INFO -      ⚠️ Erreur ligne 869: not all arguments converted during string formatting
[2026-01-26T14:28:41.239+0000] {logging_mixin.py:151} INFO -      ⚠️ Erreur ligne 870: not all arguments converted during string formatting
[2026-01-26T14:28:41.239+0000] {logging_mixin.py:151} INFO -      ⚠️ Erreur ligne 871: not all arguments converted during string formatting
[2026-01-26T14:28:41.240+0000] {logging_mixin.py:151} INFO -      ⚠️ Erreur ligne 872: not all arguments converted during string formatting
[2026-01-26T14:28:41.240+0000] {logging_mixin.py:151} INFO -      ⚠️ Erreur ligne 873: not all arguments converted during string formatting
[2026-01-26T14:28:41.241+0000] {logging_mixin.py:151} INFO -      ⚠️ Erreur ligne 874: not all arguments converted during string formatting
[2026-01-26T14:28:41.241+0000] {logging_mixin.py:151} INFO -      ⚠️ Erreur ligne 875: not all arguments converted during string formatting
[2026-01-26T14:28:41.242+0000] {logging_mixin.py:151} INFO -      ⚠️ Erreur ligne 876: not all arguments converted during string formatting
[2026-01-26T14:28:41.243+0000] {logging_mixin.py:151} INFO -      ⚠️ Erreur ligne 877: not all arguments converted during string formatting
[2026-01-26T14:28:41.243+0000] {logging_mixin.py:151} INFO -      ⚠️ Erreur ligne 878: not all arguments converted during string formatting
[2026-01-26T14:28:41.244+0000] {logging_mixin.py:151} INFO -      ⚠️ Erreur ligne 879: not all arguments converted during string formatting
[2026-01-26T14:28:41.244+0000] {logging_mixin.py:151} INFO -      ⚠️ Erreur ligne 880: not all arguments converted during string formatting
[2026-01-26T14:28:41.245+0000] {logging_mixin.py:151} INFO -      ⚠️ Erreur ligne 881: not all arguments converted during string formatting
[2026-01-26T14:28:41.246+0000] {logging_mixin.py:151} INFO -      ⚠️ Erreur ligne 882: not all arguments converted during string formatting
[2026-01-26T14:28:41.246+0000] {logging_mixin.py:151} INFO -      ⚠️ Erreur ligne 883: not all arguments converted during string formatting
[2026-01-26T14:28:41.247+0000] {logging_mixin.py:151} INFO -      ⚠️ Erreur ligne 884: not all arguments converted during string formatting
[2026-01-26T14:28:41.248+0000] {logging_mixin.py:151} INFO -      ⚠️ Erreur ligne 885: not all arguments converted during string formatting
[2026-01-26T14:28:41.248+0000] {logging_mixin.py:151} INFO -      ⚠️ Erreur ligne 886: not all arguments converted during string formatting
[2026-01-26T14:28:41.248+0000] {logging_mixin.py:151} INFO -      ⚠️ Erreur ligne 887: not all arguments converted during string formatting
[2026-01-26T14:28:41.249+0000] {logging_mixin.py:151} INFO -      ⚠️ Erreur ligne 888: not all arguments converted during string formatting
[2026-01-26T14:28:41.249+0000] {logging_mixin.py:151} INFO -      ⚠️ Erreur ligne 889: not all arguments converted during string formatting
[2026-01-26T14:28:41.250+0000] {logging_mixin.py:151} INFO -      ⚠️ Erreur ligne 890: not all arguments converted during string formatting
[2026-01-26T14:28:41.251+0000] {logging_mixin.py:151} INFO -      ⚠️ Erreur ligne 891: not all arguments converted during string formatting
[2026-01-26T14:28:41.252+0000] {logging_mixin.py:151} INFO -      ⚠️ Erreur ligne 892: not all arguments converted during string formatting
[2026-01-26T14:28:41.252+0000] {logging_mixin.py:151} INFO -      ⚠️ Erreur ligne 893: not all arguments converted during string formatting
[2026-01-26T14:28:41.252+0000] {logging_mixin.py:151} INFO -      ⚠️ Erreur ligne 894: not all arguments converted during string formatting
[2026-01-26T14:28:41.253+0000] {logging_mixin.py:151} INFO -      ⚠️ Erreur ligne 895: not all arguments converted during string formatting
[2026-01-26T14:28:41.253+0000] {logging_mixin.py:151} INFO -      ⚠️ Erreur ligne 896: not all arguments converted during string formatting
[2026-01-26T14:28:41.254+0000] {logging_mixin.py:151} INFO -      ⚠️ Erreur ligne 897: not all arguments converted during string formatting
[2026-01-26T14:28:41.254+0000] {logging_mixin.py:151} INFO -      ⚠️ Erreur ligne 898: not all arguments converted during string formatting
[2026-01-26T14:28:41.254+0000] {logging_mixin.py:151} INFO -      ⚠️ Erreur ligne 899: not all arguments converted during string formatting
[2026-01-26T14:28:41.255+0000] {logging_mixin.py:151} INFO -      ⚠️ Erreur ligne 900: not all arguments converted during string formatting
[2026-01-26T14:28:41.255+0000] {logging_mixin.py:151} INFO -      ⚠️ Erreur ligne 901: not all arguments converted during string formatting
[2026-01-26T14:28:41.256+0000] {logging_mixin.py:151} INFO -      ⚠️ Erreur ligne 902: not all arguments converted during string formatting
[2026-01-26T14:28:41.256+0000] {logging_mixin.py:151} INFO -      ⚠️ Erreur ligne 903: not all arguments converted during string formatting
[2026-01-26T14:28:41.257+0000] {logging_mixin.py:151} INFO -      ⚠️ Erreur ligne 904: not all arguments converted during string formatting
[2026-01-26T14:28:41.257+0000] {logging_mixin.py:151} INFO -      ⚠️ Erreur ligne 905: not all arguments converted during string formatting
[2026-01-26T14:28:41.257+0000] {logging_mixin.py:151} INFO -      ⚠️ Erreur ligne 906: not all arguments converted during string formatting
[2026-01-26T14:28:41.258+0000] {logging_mixin.py:151} INFO -      ⚠️ Erreur ligne 907: not all arguments converted during string formatting
[2026-01-26T14:28:41.258+0000] {logging_mixin.py:151} INFO -      ⚠️ Erreur ligne 908: not all arguments converted during string formatting
[2026-01-26T14:28:41.259+0000] {logging_mixin.py:151} INFO -      ⚠️ Erreur ligne 909: not all arguments converted during string formatting
[2026-01-26T14:28:41.260+0000] {logging_mixin.py:151} INFO -      ⚠️ Erreur ligne 910: not all arguments converted during string formatting
[2026-01-26T14:28:41.260+0000] {logging_mixin.py:151} INFO -      ⚠️ Erreur ligne 911: not all arguments converted during string formatting
[2026-01-26T14:28:41.261+0000] {logging_mixin.py:151} INFO -      ⚠️ Erreur ligne 912: not all arguments converted during string formatting
[2026-01-26T14:28:41.261+0000] {logging_mixin.py:151} INFO -      ⚠️ Erreur ligne 913: not all arguments converted during string formatting
[2026-01-26T14:28:41.261+0000] {logging_mixin.py:151} INFO -      ⚠️ Erreur ligne 914: not all arguments converted during string formatting
[2026-01-26T14:28:41.262+0000] {logging_mixin.py:151} INFO -      ⚠️ Erreur ligne 915: not all arguments converted during string formatting
[2026-01-26T14:28:41.262+0000] {logging_mixin.py:151} INFO -      ⚠️ Erreur ligne 916: not all arguments converted during string formatting
[2026-01-26T14:28:41.263+0000] {logging_mixin.py:151} INFO -      ⚠️ Erreur ligne 917: not all arguments converted during string formatting
[2026-01-26T14:28:41.263+0000] {logging_mixin.py:151} INFO -      ⚠️ Erreur ligne 918: not all arguments converted during string formatting
[2026-01-26T14:28:41.264+0000] {logging_mixin.py:151} INFO -      ⚠️ Erreur ligne 919: not all arguments converted during string formatting
[2026-01-26T14:28:41.265+0000] {logging_mixin.py:151} INFO -      ⚠️ Erreur ligne 920: not all arguments converted during string formatting
[2026-01-26T14:28:41.266+0000] {logging_mixin.py:151} INFO -      ⚠️ Erreur ligne 921: not all arguments converted during string formatting
[2026-01-26T14:28:41.266+0000] {logging_mixin.py:151} INFO -      ⚠️ Erreur ligne 922: not all arguments converted during string formatting
[2026-01-26T14:28:41.267+0000] {logging_mixin.py:151} INFO -      ⚠️ Erreur ligne 923: not all arguments converted during string formatting
[2026-01-26T14:28:41.267+0000] {logging_mixin.py:151} INFO -      ⚠️ Erreur ligne 924: not all arguments converted during string formatting
[2026-01-26T14:28:41.268+0000] {logging_mixin.py:151} INFO -      ⚠️ Erreur ligne 925: not all arguments converted during string formatting
[2026-01-26T14:28:41.269+0000] {logging_mixin.py:151} INFO -      ⚠️ Erreur ligne 926: not all arguments converted during string formatting
[2026-01-26T14:28:41.269+0000] {logging_mixin.py:151} INFO -      ⚠️ Erreur ligne 927: not all arguments converted during string formatting
[2026-01-26T14:28:41.270+0000] {logging_mixin.py:151} INFO -      ⚠️ Erreur ligne 928: not all arguments converted during string formatting
[2026-01-26T14:28:41.270+0000] {logging_mixin.py:151} INFO -      ⚠️ Erreur ligne 929: not all arguments converted during string formatting
[2026-01-26T14:28:41.271+0000] {logging_mixin.py:151} INFO -      ⚠️ Erreur ligne 930: not all arguments converted during string formatting
[2026-01-26T14:28:41.271+0000] {logging_mixin.py:151} INFO -      ⚠️ Erreur ligne 931: not all arguments converted during string formatting
[2026-01-26T14:28:41.271+0000] {logging_mixin.py:151} INFO -      ⚠️ Erreur ligne 932: not all arguments converted during string formatting
[2026-01-26T14:28:41.272+0000] {logging_mixin.py:151} INFO -      ⚠️ Erreur ligne 933: not all arguments converted during string formatting
[2026-01-26T14:28:41.272+0000] {logging_mixin.py:151} INFO -      ⚠️ Erreur ligne 934: not all arguments converted during string formatting
[2026-01-26T14:28:41.273+0000] {logging_mixin.py:151} INFO -      ⚠️ Erreur ligne 935: not all arguments converted during string formatting
[2026-01-26T14:28:41.273+0000] {logging_mixin.py:151} INFO -      ⚠️ Erreur ligne 936: not all arguments converted during string formatting
[2026-01-26T14:28:41.274+0000] {logging_mixin.py:151} INFO -      ⚠️ Erreur ligne 937: not all arguments converted during string formatting
[2026-01-26T14:28:41.275+0000] {logging_mixin.py:151} INFO -      ⚠️ Erreur ligne 938: not all arguments converted during string formatting
[2026-01-26T14:28:41.275+0000] {logging_mixin.py:151} INFO -      ⚠️ Erreur ligne 939: not all arguments converted during string formatting
[2026-01-26T14:28:41.276+0000] {logging_mixin.py:151} INFO -      ⚠️ Erreur ligne 940: not all arguments converted during string formatting
[2026-01-26T14:28:41.276+0000] {logging_mixin.py:151} INFO -      ⚠️ Erreur ligne 941: not all arguments converted during string formatting
[2026-01-26T14:28:41.276+0000] {logging_mixin.py:151} INFO -      ⚠️ Erreur ligne 942: not all arguments converted during string formatting
[2026-01-26T14:28:41.277+0000] {logging_mixin.py:151} INFO -      ⚠️ Erreur ligne 943: not all arguments converted during string formatting
[2026-01-26T14:28:41.278+0000] {logging_mixin.py:151} INFO -      ⚠️ Erreur ligne 944: not all arguments converted during string formatting
[2026-01-26T14:28:41.279+0000] {logging_mixin.py:151} INFO -      ⚠️ Erreur ligne 945: not all arguments converted during string formatting
[2026-01-26T14:28:41.279+0000] {logging_mixin.py:151} INFO -      ⚠️ Erreur ligne 946: not all arguments converted during string formatting
[2026-01-26T14:28:41.280+0000] {logging_mixin.py:151} INFO -      ⚠️ Erreur ligne 947: not all arguments converted during string formatting
[2026-01-26T14:28:41.280+0000] {logging_mixin.py:151} INFO -      ⚠️ Erreur ligne 948: not all arguments converted during string formatting
[2026-01-26T14:28:41.281+0000] {logging_mixin.py:151} INFO -      ⚠️ Erreur ligne 949: not all arguments converted during string formatting
[2026-01-26T14:28:41.281+0000] {logging_mixin.py:151} INFO -      ⚠️ Erreur ligne 950: not all arguments converted during string formatting
[2026-01-26T14:28:41.281+0000] {logging_mixin.py:151} INFO -      ⚠️ Erreur ligne 951: not all arguments converted during string formatting
[2026-01-26T14:28:41.282+0000] {logging_mixin.py:151} INFO -      ⚠️ Erreur ligne 952: not all arguments converted during string formatting
[2026-01-26T14:28:41.282+0000] {logging_mixin.py:151} INFO -      ⚠️ Erreur ligne 953: not all arguments converted during string formatting
[2026-01-26T14:28:41.283+0000] {logging_mixin.py:151} INFO -      ⚠️ Erreur ligne 954: not all arguments converted during string formatting
[2026-01-26T14:28:41.283+0000] {logging_mixin.py:151} INFO -      ⚠️ Erreur ligne 955: not all arguments converted during string formatting
[2026-01-26T14:28:41.283+0000] {logging_mixin.py:151} INFO -      ⚠️ Erreur ligne 956: not all arguments converted during string formatting
[2026-01-26T14:28:41.284+0000] {logging_mixin.py:151} INFO -      ⚠️ Erreur ligne 957: not all arguments converted during string formatting
[2026-01-26T14:28:41.284+0000] {logging_mixin.py:151} INFO -      ⚠️ Erreur ligne 958: not all arguments converted during string formatting
[2026-01-26T14:28:41.284+0000] {logging_mixin.py:151} INFO -      ⚠️ Erreur ligne 959: not all arguments converted during string formatting
[2026-01-26T14:28:41.285+0000] {logging_mixin.py:151} INFO -      ⚠️ Erreur ligne 960: not all arguments converted during string formatting
[2026-01-26T14:28:41.285+0000] {logging_mixin.py:151} INFO -      ⚠️ Erreur ligne 961: not all arguments converted during string formatting
[2026-01-26T14:28:41.286+0000] {logging_mixin.py:151} INFO -      ⚠️ Erreur ligne 962: not all arguments converted during string formatting
[2026-01-26T14:28:41.286+0000] {logging_mixin.py:151} INFO -      ⚠️ Erreur ligne 963: not all arguments converted during string formatting
[2026-01-26T14:28:41.287+0000] {logging_mixin.py:151} INFO -      ⚠️ Erreur ligne 964: not all arguments converted during string formatting
[2026-01-26T14:28:41.287+0000] {logging_mixin.py:151} INFO -      ⚠️ Erreur ligne 965: not all arguments converted during string formatting
[2026-01-26T14:28:41.288+0000] {logging_mixin.py:151} INFO -      ⚠️ Erreur ligne 966: not all arguments converted during string formatting
[2026-01-26T14:28:41.288+0000] {logging_mixin.py:151} INFO -      ⚠️ Erreur ligne 967: not all arguments converted during string formatting
[2026-01-26T14:28:41.289+0000] {logging_mixin.py:151} INFO -      ⚠️ Erreur ligne 968: not all arguments converted during string formatting
[2026-01-26T14:28:41.289+0000] {logging_mixin.py:151} INFO -      ⚠️ Erreur ligne 969: not all arguments converted during string formatting
[2026-01-26T14:28:41.289+0000] {logging_mixin.py:151} INFO -      ⚠️ Erreur ligne 970: not all arguments converted during string formatting
[2026-01-26T14:28:41.290+0000] {logging_mixin.py:151} INFO -      ⚠️ Erreur ligne 971: not all arguments converted during string formatting
[2026-01-26T14:28:41.290+0000] {logging_mixin.py:151} INFO -      ⚠️ Erreur ligne 972: not all arguments converted during string formatting
[2026-01-26T14:28:41.291+0000] {logging_mixin.py:151} INFO -      ⚠️ Erreur ligne 973: not all arguments converted during string formatting
[2026-01-26T14:28:41.291+0000] {logging_mixin.py:151} INFO -      ⚠️ Erreur ligne 974: not all arguments converted during string formatting
[2026-01-26T14:28:41.292+0000] {logging_mixin.py:151} INFO -      ⚠️ Erreur ligne 975: not all arguments converted during string formatting
[2026-01-26T14:28:41.292+0000] {logging_mixin.py:151} INFO -      ⚠️ Erreur ligne 976: not all arguments converted during string formatting
[2026-01-26T14:28:41.293+0000] {logging_mixin.py:151} INFO -      ⚠️ Erreur ligne 977: not all arguments converted during string formatting
[2026-01-26T14:28:41.294+0000] {logging_mixin.py:151} INFO -      ⚠️ Erreur ligne 978: not all arguments converted during string formatting
[2026-01-26T14:28:41.294+0000] {logging_mixin.py:151} INFO -      ⚠️ Erreur ligne 979: not all arguments converted during string formatting
[2026-01-26T14:28:41.294+0000] {logging_mixin.py:151} INFO -      ⚠️ Erreur ligne 980: not all arguments converted during string formatting
[2026-01-26T14:28:41.295+0000] {logging_mixin.py:151} INFO -      ⚠️ Erreur ligne 981: not all arguments converted during string formatting
[2026-01-26T14:28:41.295+0000] {logging_mixin.py:151} INFO -      ⚠️ Erreur ligne 982: not all arguments converted during string formatting
[2026-01-26T14:28:41.296+0000] {logging_mixin.py:151} INFO -      ⚠️ Erreur ligne 983: not all arguments converted during string formatting
[2026-01-26T14:28:41.296+0000] {logging_mixin.py:151} INFO -      ⚠️ Erreur ligne 984: not all arguments converted during string formatting
[2026-01-26T14:28:41.296+0000] {logging_mixin.py:151} INFO -      ⚠️ Erreur ligne 985: not all arguments converted during string formatting
[2026-01-26T14:28:41.297+0000] {logging_mixin.py:151} INFO -      ⚠️ Erreur ligne 986: not all arguments converted during string formatting
[2026-01-26T14:28:41.297+0000] {logging_mixin.py:151} INFO -      ⚠️ Erreur ligne 987: not all arguments converted during string formatting
[2026-01-26T14:28:41.297+0000] {logging_mixin.py:151} INFO -      ⚠️ Erreur ligne 988: not all arguments converted during string formatting
[2026-01-26T14:28:41.298+0000] {logging_mixin.py:151} INFO -      ⚠️ Erreur ligne 989: not all arguments converted during string formatting
[2026-01-26T14:28:41.298+0000] {logging_mixin.py:151} INFO -      ⚠️ Erreur ligne 990: not all arguments converted during string formatting
[2026-01-26T14:28:41.299+0000] {logging_mixin.py:151} INFO -      ⚠️ Erreur ligne 991: not all arguments converted during string formatting
[2026-01-26T14:28:41.299+0000] {logging_mixin.py:151} INFO -      ⚠️ Erreur ligne 992: not all arguments converted during string formatting
[2026-01-26T14:28:41.299+0000] {logging_mixin.py:151} INFO -      ⚠️ Erreur ligne 993: not all arguments converted during string formatting
[2026-01-26T14:28:41.300+0000] {logging_mixin.py:151} INFO -      ⚠️ Erreur ligne 994: not all arguments converted during string formatting
[2026-01-26T14:28:41.300+0000] {logging_mixin.py:151} INFO -      ⚠️ Erreur ligne 995: not all arguments converted during string formatting
[2026-01-26T14:28:41.300+0000] {logging_mixin.py:151} INFO -      ⚠️ Erreur ligne 996: not all arguments converted during string formatting
[2026-01-26T14:28:41.301+0000] {logging_mixin.py:151} INFO -      ⚠️ Erreur ligne 997: not all arguments converted during string formatting
[2026-01-26T14:28:41.302+0000] {logging_mixin.py:151} INFO -      ⚠️ Erreur ligne 998: not all arguments converted during string formatting
[2026-01-26T14:28:41.303+0000] {logging_mixin.py:151} INFO -      ⚠️ Erreur ligne 999: not all arguments converted during string formatting
[2026-01-26T14:28:41.303+0000] {logging_mixin.py:151} INFO -      ⚠️ Erreur ligne 1000: not all arguments converted during string formatting
[2026-01-26T14:28:41.304+0000] {logging_mixin.py:151} INFO -      ⚠️ Erreur ligne 1001: not all arguments converted during string formatting
[2026-01-26T14:28:41.305+0000] {logging_mixin.py:151} INFO -      ⚠️ Erreur ligne 1002: not all arguments converted during string formatting
[2026-01-26T14:28:41.306+0000] {logging_mixin.py:151} INFO -      ⚠️ Erreur ligne 1003: not all arguments converted during string formatting
[2026-01-26T14:28:41.307+0000] {logging_mixin.py:151} INFO -      ⚠️ Erreur ligne 1004: not all arguments converted during string formatting
[2026-01-26T14:28:41.308+0000] {logging_mixin.py:151} INFO -      ⚠️ Erreur ligne 1005: not all arguments converted during string formatting
[2026-01-26T14:28:41.309+0000] {logging_mixin.py:151} INFO -      ⚠️ Erreur ligne 1006: not all arguments converted during string formatting
[2026-01-26T14:28:41.309+0000] {logging_mixin.py:151} INFO -      ⚠️ Erreur ligne 1007: not all arguments converted during string formatting
[2026-01-26T14:28:41.310+0000] {logging_mixin.py:151} INFO -      ⚠️ Erreur ligne 1008: not all arguments converted during string formatting
[2026-01-26T14:28:41.311+0000] {logging_mixin.py:151} INFO -      ⚠️ Erreur ligne 1009: not all arguments converted during string formatting
[2026-01-26T14:28:41.311+0000] {logging_mixin.py:151} INFO -      ⚠️ Erreur ligne 1010: not all arguments converted during string formatting
[2026-01-26T14:28:41.312+0000] {logging_mixin.py:151} INFO -      ⚠️ Erreur ligne 1011: not all arguments converted during string formatting
[2026-01-26T14:28:41.313+0000] {logging_mixin.py:151} INFO -      ⚠️ Erreur ligne 1012: not all arguments converted during string formatting
[2026-01-26T14:28:41.313+0000] {logging_mixin.py:151} INFO -      ⚠️ Erreur ligne 1013: not all arguments converted during string formatting
[2026-01-26T14:28:41.314+0000] {logging_mixin.py:151} INFO -      ⚠️ Erreur ligne 1014: not all arguments converted during string formatting
[2026-01-26T14:28:41.315+0000] {logging_mixin.py:151} INFO -      ⚠️ Erreur ligne 1015: not all arguments converted during string formatting
[2026-01-26T14:28:41.316+0000] {logging_mixin.py:151} INFO -      ⚠️ Erreur ligne 1016: not all arguments converted during string formatting
[2026-01-26T14:28:41.316+0000] {logging_mixin.py:151} INFO -      ⚠️ Erreur ligne 1017: not all arguments converted during string formatting
[2026-01-26T14:28:41.317+0000] {logging_mixin.py:151} INFO -      ✅ 0 lignes insérées, 0 doublons ignorés
[2026-01-26T14:28:41.317+0000] {logging_mixin.py:151} INFO -   ✅ Fichier traité avec succès !
[2026-01-26T14:28:41.317+0000] {logging_mixin.py:151} INFO - 
--------------------------------------------------------------------------------
[2026-01-26T14:28:41.317+0000] {logging_mixin.py:151} INFO - 📄 Traitement de : GOOGL_2026-01-26 06:13:31.897613+00:00.csv
[2026-01-26T14:28:41.318+0000] {logging_mixin.py:151} INFO - --------------------------------------------------------------------------------
[2026-01-26T14:28:41.318+0000] {logging_mixin.py:151} INFO -   1️⃣ Lecture du CSV...
[2026-01-26T14:28:41.328+0000] {logging_mixin.py:151} INFO -      ✅ Lu 1018 lignes
[2026-01-26T14:28:41.328+0000] {logging_mixin.py:151} INFO -      Colonnes: ['Date', 'Open', 'High', 'Low', 'Close', 'Volume', 'Dividends', 'Stock Splits', 'symbol', 'extracted_at']
[2026-01-26T14:28:41.328+0000] {logging_mixin.py:151} INFO -   2️⃣ Nettoyage des colonnes...
[2026-01-26T14:28:41.330+0000] {logging_mixin.py:151} INFO -      ✅ Colonnes nettoyées: ['date', 'open', 'high', 'low', 'close', 'volume', 'dividends', 'stock_splits', 'symbol', 'extracted_at']
[2026-01-26T14:28:41.331+0000] {logging_mixin.py:151} INFO -   3️⃣ Conversion des dates...
[2026-01-26T14:28:41.339+0000] {logging_mixin.py:151} INFO -      ✅ Dates converties
[2026-01-26T14:28:41.340+0000] {logging_mixin.py:151} INFO -   4️⃣ Nettoyage des données...
[2026-01-26T14:28:41.347+0000] {logging_mixin.py:151} INFO -      ✅ 1018 → 1018 lignes (après nettoyage)
[2026-01-26T14:28:41.347+0000] {logging_mixin.py:151} INFO -   5️⃣ Connexion à la base de données...
[2026-01-26T14:28:41.352+0000] {logging_mixin.py:151} INFO -      ✅ Connecté
[2026-01-26T14:28:41.352+0000] {logging_mixin.py:151} INFO -   6️⃣ Insertion des données...
[2026-01-26T14:28:41.354+0000] {logging_mixin.py:151} INFO -      ⚠️ Erreur ligne 0: not all arguments converted during string formatting
[2026-01-26T14:28:41.354+0000] {logging_mixin.py:151} INFO -      ⚠️ Erreur ligne 1: not all arguments converted during string formatting
[2026-01-26T14:28:41.354+0000] {logging_mixin.py:151} INFO -      ⚠️ Erreur ligne 2: not all arguments converted during string formatting
[2026-01-26T14:28:41.355+0000] {logging_mixin.py:151} INFO -      ⚠️ Erreur ligne 3: not all arguments converted during string formatting
[2026-01-26T14:28:41.355+0000] {logging_mixin.py:151} INFO -      ⚠️ Erreur ligne 4: not all arguments converted during string formatting
[2026-01-26T14:28:41.355+0000] {logging_mixin.py:151} INFO -      ⚠️ Erreur ligne 5: not all arguments converted during string formatting
[2026-01-26T14:28:41.356+0000] {logging_mixin.py:151} INFO -      ⚠️ Erreur ligne 6: not all arguments converted during string formatting
[2026-01-26T14:28:41.356+0000] {logging_mixin.py:151} INFO -      ⚠️ Erreur ligne 7: not all arguments converted during string formatting
[2026-01-26T14:28:41.357+0000] {logging_mixin.py:151} INFO -      ⚠️ Erreur ligne 8: not all arguments converted during string formatting
[2026-01-26T14:28:41.357+0000] {logging_mixin.py:151} INFO -      ⚠️ Erreur ligne 9: not all arguments converted during string formatting
[2026-01-26T14:28:41.358+0000] {logging_mixin.py:151} INFO -      ⚠️ Erreur ligne 10: not all arguments converted during string formatting
[2026-01-26T14:28:41.358+0000] {logging_mixin.py:151} INFO -      ⚠️ Erreur ligne 11: not all arguments converted during string formatting
[2026-01-26T14:28:41.358+0000] {logging_mixin.py:151} INFO -      ⚠️ Erreur ligne 12: not all arguments converted during string formatting
[2026-01-26T14:28:41.359+0000] {logging_mixin.py:151} INFO -      ⚠️ Erreur ligne 13: not all arguments converted during string formatting
[2026-01-26T14:28:41.359+0000] {logging_mixin.py:151} INFO -      ⚠️ Erreur ligne 14: not all arguments converted during string formatting
[2026-01-26T14:28:41.360+0000] {logging_mixin.py:151} INFO -      ⚠️ Erreur ligne 15: not all arguments converted during string formatting
[2026-01-26T14:28:41.360+0000] {logging_mixin.py:151} INFO -      ⚠️ Erreur ligne 16: not all arguments converted during string formatting
[2026-01-26T14:28:41.361+0000] {logging_mixin.py:151} INFO -      ⚠️ Erreur ligne 17: not all arguments converted during string formatting
[2026-01-26T14:28:41.362+0000] {logging_mixin.py:151} INFO -      ⚠️ Erreur ligne 18: not all arguments converted during string formatting
[2026-01-26T14:28:41.363+0000] {logging_mixin.py:151} INFO -      ⚠️ Erreur ligne 19: not all arguments converted during string formatting
[2026-01-26T14:28:41.364+0000] {logging_mixin.py:151} INFO -      ⚠️ Erreur ligne 20: not all arguments converted during string formatting
[2026-01-26T14:28:41.365+0000] {logging_mixin.py:151} INFO -      ⚠️ Erreur ligne 21: not all arguments converted during string formatting
[2026-01-26T14:28:41.365+0000] {logging_mixin.py:151} INFO -      ⚠️ Erreur ligne 22: not all arguments converted during string formatting
[2026-01-26T14:28:41.366+0000] {logging_mixin.py:151} INFO -      ⚠️ Erreur ligne 23: not all arguments converted during string formatting
[2026-01-26T14:28:41.366+0000] {logging_mixin.py:151} INFO -      ⚠️ Erreur ligne 24: not all arguments converted during string formatting
[2026-01-26T14:28:41.367+0000] {logging_mixin.py:151} INFO -      ⚠️ Erreur ligne 25: not all arguments converted during string formatting
[2026-01-26T14:28:41.367+0000] {logging_mixin.py:151} INFO -      ⚠️ Erreur ligne 26: not all arguments converted during string formatting
[2026-01-26T14:28:41.367+0000] {logging_mixin.py:151} INFO -      ⚠️ Erreur ligne 27: not all arguments converted during string formatting
[2026-01-26T14:28:41.368+0000] {logging_mixin.py:151} INFO -      ⚠️ Erreur ligne 28: not all arguments converted during string formatting
[2026-01-26T14:28:41.368+0000] {logging_mixin.py:151} INFO -      ⚠️ Erreur ligne 29: not all arguments converted during string formatting
[2026-01-26T14:28:41.368+0000] {logging_mixin.py:151} INFO -      ⚠️ Erreur ligne 30: not all arguments converted during string formatting
[2026-01-26T14:28:41.369+0000] {logging_mixin.py:151} INFO -      ⚠️ Erreur ligne 31: not all arguments converted during string formatting
[2026-01-26T14:28:41.370+0000] {logging_mixin.py:151} INFO -      ⚠️ Erreur ligne 32: not all arguments converted during string formatting
[2026-01-26T14:28:41.370+0000] {logging_mixin.py:151} INFO -      ⚠️ Erreur ligne 33: not all arguments converted during string formatting
[2026-01-26T14:28:41.371+0000] {logging_mixin.py:151} INFO -      ⚠️ Erreur ligne 34: not all arguments converted during string formatting
[2026-01-26T14:28:41.372+0000] {logging_mixin.py:151} INFO -      ⚠️ Erreur ligne 35: not all arguments converted during string formatting
[2026-01-26T14:28:41.372+0000] {logging_mixin.py:151} INFO -      ⚠️ Erreur ligne 36: not all arguments converted during string formatting
[2026-01-26T14:28:41.372+0000] {logging_mixin.py:151} INFO -      ⚠️ Erreur ligne 37: not all arguments converted during string formatting
[2026-01-26T14:28:41.373+0000] {logging_mixin.py:151} INFO -      ⚠️ Erreur ligne 38: not all arguments converted during string formatting
[2026-01-26T14:28:41.373+0000] {logging_mixin.py:151} INFO -      ⚠️ Erreur ligne 39: not all arguments converted during string formatting
[2026-01-26T14:28:41.374+0000] {logging_mixin.py:151} INFO -      ⚠️ Erreur ligne 40: not all arguments converted during string formatting
[2026-01-26T14:28:41.374+0000] {logging_mixin.py:151} INFO -      ⚠️ Erreur ligne 41: not all arguments converted during string formatting
[2026-01-26T14:28:41.375+0000] {logging_mixin.py:151} INFO -      ⚠️ Erreur ligne 42: not all arguments converted during string formatting
[2026-01-26T14:28:41.376+0000] {logging_mixin.py:151} INFO -      ⚠️ Erreur ligne 43: not all arguments converted during string formatting
[2026-01-26T14:28:41.376+0000] {logging_mixin.py:151} INFO -      ⚠️ Erreur ligne 44: not all arguments converted during string formatting
[2026-01-26T14:28:41.377+0000] {logging_mixin.py:151} INFO -      ⚠️ Erreur ligne 45: not all arguments converted during string formatting
[2026-01-26T14:28:41.378+0000] {logging_mixin.py:151} INFO -      ⚠️ Erreur ligne 46: not all arguments converted during string formatting
[2026-01-26T14:28:41.378+0000] {logging_mixin.py:151} INFO -      ⚠️ Erreur ligne 47: not all arguments converted during string formatting
[2026-01-26T14:28:41.379+0000] {logging_mixin.py:151} INFO -      ⚠️ Erreur ligne 48: not all arguments converted during string formatting
[2026-01-26T14:28:41.379+0000] {logging_mixin.py:151} INFO -      ⚠️ Erreur ligne 49: not all arguments converted during string formatting
[2026-01-26T14:28:41.380+0000] {logging_mixin.py:151} INFO -      ⚠️ Erreur ligne 50: not all arguments converted during string formatting
[2026-01-26T14:28:41.380+0000] {logging_mixin.py:151} INFO -      ⚠️ Erreur ligne 51: not all arguments converted during string formatting
[2026-01-26T14:28:41.381+0000] {logging_mixin.py:151} INFO -      ⚠️ Erreur ligne 52: not all arguments converted during string formatting
[2026-01-26T14:28:41.381+0000] {logging_mixin.py:151} INFO -      ⚠️ Erreur ligne 53: not all arguments converted during string formatting
[2026-01-26T14:28:41.382+0000] {logging_mixin.py:151} INFO -      ⚠️ Erreur ligne 54: not all arguments converted during string formatting
[2026-01-26T14:28:41.382+0000] {logging_mixin.py:151} INFO -      ⚠️ Erreur ligne 55: not all arguments converted during string formatting
[2026-01-26T14:28:41.383+0000] {logging_mixin.py:151} INFO -      ⚠️ Erreur ligne 56: not all arguments converted during string formatting
[2026-01-26T14:28:41.384+0000] {logging_mixin.py:151} INFO -      ⚠️ Erreur ligne 57: not all arguments converted during string formatting
[2026-01-26T14:28:41.384+0000] {logging_mixin.py:151} INFO -      ⚠️ Erreur ligne 58: not all arguments converted during string formatting
[2026-01-26T14:28:41.385+0000] {logging_mixin.py:151} INFO -      ⚠️ Erreur ligne 59: not all arguments converted during string formatting
[2026-01-26T14:28:41.385+0000] {logging_mixin.py:151} INFO -      ⚠️ Erreur ligne 60: not all arguments converted during string formatting
[2026-01-26T14:28:41.386+0000] {logging_mixin.py:151} INFO -      ⚠️ Erreur ligne 61: not all arguments converted during string formatting
[2026-01-26T14:28:41.386+0000] {logging_mixin.py:151} INFO -      ⚠️ Erreur ligne 62: not all arguments converted during string formatting
[2026-01-26T14:28:41.387+0000] {logging_mixin.py:151} INFO -      ⚠️ Erreur ligne 63: not all arguments converted during string formatting
[2026-01-26T14:28:41.388+0000] {logging_mixin.py:151} INFO -      ⚠️ Erreur ligne 64: not all arguments converted during string formatting
[2026-01-26T14:28:41.389+0000] {logging_mixin.py:151} INFO -      ⚠️ Erreur ligne 65: not all arguments converted during string formatting
[2026-01-26T14:28:41.390+0000] {logging_mixin.py:151} INFO -      ⚠️ Erreur ligne 66: not all arguments converted during string formatting
[2026-01-26T14:28:41.391+0000] {logging_mixin.py:151} INFO -      ⚠️ Erreur ligne 67: not all arguments converted during string formatting
[2026-01-26T14:28:41.391+0000] {logging_mixin.py:151} INFO -      ⚠️ Erreur ligne 68: not all arguments converted during string formatting
[2026-01-26T14:28:41.392+0000] {logging_mixin.py:151} INFO -      ⚠️ Erreur ligne 69: not all arguments converted during string formatting
[2026-01-26T14:28:41.393+0000] {logging_mixin.py:151} INFO -      ⚠️ Erreur ligne 70: not all arguments converted during string formatting
[2026-01-26T14:28:41.393+0000] {logging_mixin.py:151} INFO -      ⚠️ Erreur ligne 71: not all arguments converted during string formatting
[2026-01-26T14:28:41.394+0000] {logging_mixin.py:151} INFO -      ⚠️ Erreur ligne 72: not all arguments converted during string formatting
[2026-01-26T14:28:41.394+0000] {logging_mixin.py:151} INFO -      ⚠️ Erreur ligne 73: not all arguments converted during string formatting
[2026-01-26T14:28:41.395+0000] {logging_mixin.py:151} INFO -      ⚠️ Erreur ligne 74: not all arguments converted during string formatting
[2026-01-26T14:28:41.395+0000] {logging_mixin.py:151} INFO -      ⚠️ Erreur ligne 75: not all arguments converted during string formatting
[2026-01-26T14:28:41.396+0000] {logging_mixin.py:151} INFO -      ⚠️ Erreur ligne 76: not all arguments converted during string formatting
[2026-01-26T14:28:41.396+0000] {logging_mixin.py:151} INFO -      ⚠️ Erreur ligne 77: not all arguments converted during string formatting
[2026-01-26T14:28:41.397+0000] {logging_mixin.py:151} INFO -      ⚠️ Erreur ligne 78: not all arguments converted during string formatting
[2026-01-26T14:28:41.397+0000] {logging_mixin.py:151} INFO -      ⚠️ Erreur ligne 79: not all arguments converted during string formatting
[2026-01-26T14:28:41.398+0000] {logging_mixin.py:151} INFO -      ⚠️ Erreur ligne 80: not all arguments converted during string formatting
[2026-01-26T14:28:41.399+0000] {logging_mixin.py:151} INFO -      ⚠️ Erreur ligne 81: not all arguments converted during string formatting
[2026-01-26T14:28:41.399+0000] {logging_mixin.py:151} INFO -      ⚠️ Erreur ligne 82: not all arguments converted during string formatting
[2026-01-26T14:28:41.400+0000] {logging_mixin.py:151} INFO -      ⚠️ Erreur ligne 83: not all arguments converted during string formatting
[2026-01-26T14:28:41.400+0000] {logging_mixin.py:151} INFO -      ⚠️ Erreur ligne 84: not all arguments converted during string formatting
[2026-01-26T14:28:41.401+0000] {logging_mixin.py:151} INFO -      ⚠️ Erreur ligne 85: not all arguments converted during string formatting
[2026-01-26T14:28:41.401+0000] {logging_mixin.py:151} INFO -      ⚠️ Erreur ligne 86: not all arguments converted during string formatting
[2026-01-26T14:28:41.401+0000] {logging_mixin.py:151} INFO -      ⚠️ Erreur ligne 87: not all arguments converted during string formatting
[2026-01-26T14:28:41.402+0000] {logging_mixin.py:151} INFO -      ⚠️ Erreur ligne 88: not all arguments converted during string formatting
[2026-01-26T14:28:41.402+0000] {logging_mixin.py:151} INFO -      ⚠️ Erreur ligne 89: not all arguments converted during string formatting
[2026-01-26T14:28:41.403+0000] {logging_mixin.py:151} INFO -      ⚠️ Erreur ligne 90: not all arguments converted during string formatting
[2026-01-26T14:28:41.403+0000] {logging_mixin.py:151} INFO -      ⚠️ Erreur ligne 91: not all arguments converted during string formatting
[2026-01-26T14:28:41.404+0000] {logging_mixin.py:151} INFO -      ⚠️ Erreur ligne 92: not all arguments converted during string formatting
[2026-01-26T14:28:41.405+0000] {logging_mixin.py:151} INFO -      ⚠️ Erreur ligne 93: not all arguments converted during string formatting
[2026-01-26T14:28:41.405+0000] {logging_mixin.py:151} INFO -      ⚠️ Erreur ligne 94: not all arguments converted during string formatting
[2026-01-26T14:28:41.405+0000] {logging_mixin.py:151} INFO -      ⚠️ Erreur ligne 95: not all arguments converted during string formatting
[2026-01-26T14:28:41.406+0000] {logging_mixin.py:151} INFO -      ⚠️ Erreur ligne 96: not all arguments converted during string formatting
[2026-01-26T14:28:41.406+0000] {logging_mixin.py:151} INFO -      ⚠️ Erreur ligne 97: not all arguments converted during string formatting
[2026-01-26T14:28:41.407+0000] {logging_mixin.py:151} INFO -      ⚠️ Erreur ligne 98: not all arguments converted during string formatting
[2026-01-26T14:28:41.407+0000] {logging_mixin.py:151} INFO -      ⚠️ Erreur ligne 99: not all arguments converted during string formatting
[2026-01-26T14:28:41.407+0000] {logging_mixin.py:151} INFO -      ⚠️ Erreur ligne 100: not all arguments converted during string formatting
[2026-01-26T14:28:41.408+0000] {logging_mixin.py:151} INFO -      ⚠️ Erreur ligne 101: not all arguments converted during string formatting
[2026-01-26T14:28:41.409+0000] {logging_mixin.py:151} INFO -      ⚠️ Erreur ligne 102: not all arguments converted during string formatting
[2026-01-26T14:28:41.409+0000] {logging_mixin.py:151} INFO -      ⚠️ Erreur ligne 103: not all arguments converted during string formatting
[2026-01-26T14:28:41.409+0000] {logging_mixin.py:151} INFO -      ⚠️ Erreur ligne 104: not all arguments converted during string formatting
[2026-01-26T14:28:41.410+0000] {logging_mixin.py:151} INFO -      ⚠️ Erreur ligne 105: not all arguments converted during string formatting
[2026-01-26T14:28:41.410+0000] {logging_mixin.py:151} INFO -      ⚠️ Erreur ligne 106: not all arguments converted during string formatting
[2026-01-26T14:28:41.411+0000] {logging_mixin.py:151} INFO -      ⚠️ Erreur ligne 107: not all arguments converted during string formatting
[2026-01-26T14:28:41.411+0000] {logging_mixin.py:151} INFO -      ⚠️ Erreur ligne 108: not all arguments converted during string formatting
[2026-01-26T14:28:41.412+0000] {logging_mixin.py:151} INFO -      ⚠️ Erreur ligne 109: not all arguments converted during string formatting
[2026-01-26T14:28:41.413+0000] {logging_mixin.py:151} INFO -      ⚠️ Erreur ligne 110: not all arguments converted during string formatting
[2026-01-26T14:28:41.413+0000] {logging_mixin.py:151} INFO -      ⚠️ Erreur ligne 111: not all arguments converted during string formatting
[2026-01-26T14:28:41.414+0000] {logging_mixin.py:151} INFO -      ⚠️ Erreur ligne 112: not all arguments converted during string formatting
[2026-01-26T14:28:41.414+0000] {logging_mixin.py:151} INFO -      ⚠️ Erreur ligne 113: not all arguments converted during string formatting
[2026-01-26T14:28:41.414+0000] {logging_mixin.py:151} INFO -      ⚠️ Erreur ligne 114: not all arguments converted during string formatting
[2026-01-26T14:28:41.415+0000] {logging_mixin.py:151} INFO -      ⚠️ Erreur ligne 115: not all arguments converted during string formatting
[2026-01-26T14:28:41.415+0000] {logging_mixin.py:151} INFO -      ⚠️ Erreur ligne 116: not all arguments converted during string formatting
[2026-01-26T14:28:41.415+0000] {logging_mixin.py:151} INFO -      ⚠️ Erreur ligne 117: not all arguments converted during string formatting
[2026-01-26T14:28:41.416+0000] {logging_mixin.py:151} INFO -      ⚠️ Erreur ligne 118: not all arguments converted during string formatting
[2026-01-26T14:28:41.416+0000] {logging_mixin.py:151} INFO -      ⚠️ Erreur ligne 119: not all arguments converted during string formatting
[2026-01-26T14:28:41.417+0000] {logging_mixin.py:151} INFO -      ⚠️ Erreur ligne 120: not all arguments converted during string formatting
[2026-01-26T14:28:41.418+0000] {logging_mixin.py:151} INFO -      ⚠️ Erreur ligne 121: not all arguments converted during string formatting
[2026-01-26T14:28:41.419+0000] {logging_mixin.py:151} INFO -      ⚠️ Erreur ligne 122: not all arguments converted during string formatting
[2026-01-26T14:28:41.419+0000] {logging_mixin.py:151} INFO -      ⚠️ Erreur ligne 123: not all arguments converted during string formatting
[2026-01-26T14:28:41.420+0000] {logging_mixin.py:151} INFO -      ⚠️ Erreur ligne 124: not all arguments converted during string formatting
[2026-01-26T14:28:41.420+0000] {logging_mixin.py:151} INFO -      ⚠️ Erreur ligne 125: not all arguments converted during string formatting
[2026-01-26T14:28:41.421+0000] {logging_mixin.py:151} INFO -      ⚠️ Erreur ligne 126: not all arguments converted during string formatting
[2026-01-26T14:28:41.421+0000] {logging_mixin.py:151} INFO -      ⚠️ Erreur ligne 127: not all arguments converted during string formatting
[2026-01-26T14:28:41.421+0000] {logging_mixin.py:151} INFO -      ⚠️ Erreur ligne 128: not all arguments converted during string formatting
[2026-01-26T14:28:41.422+0000] {logging_mixin.py:151} INFO -      ⚠️ Erreur ligne 129: not all arguments converted during string formatting
[2026-01-26T14:28:41.422+0000] {logging_mixin.py:151} INFO -      ⚠️ Erreur ligne 130: not all arguments converted during string formatting
[2026-01-26T14:28:41.423+0000] {logging_mixin.py:151} INFO -      ⚠️ Erreur ligne 131: not all arguments converted during string formatting
[2026-01-26T14:28:41.423+0000] {logging_mixin.py:151} INFO -      ⚠️ Erreur ligne 132: not all arguments converted during string formatting
[2026-01-26T14:28:41.424+0000] {logging_mixin.py:151} INFO -      ⚠️ Erreur ligne 133: not all arguments converted during string formatting
[2026-01-26T14:28:41.424+0000] {logging_mixin.py:151} INFO -      ⚠️ Erreur ligne 134: not all arguments converted during string formatting
[2026-01-26T14:28:41.425+0000] {logging_mixin.py:151} INFO -      ⚠️ Erreur ligne 135: not all arguments converted during string formatting
[2026-01-26T14:28:41.425+0000] {logging_mixin.py:151} INFO -      ⚠️ Erreur ligne 136: not all arguments converted during string formatting
[2026-01-26T14:28:41.426+0000] {logging_mixin.py:151} INFO -      ⚠️ Erreur ligne 137: not all arguments converted during string formatting
[2026-01-26T14:28:41.426+0000] {logging_mixin.py:151} INFO -      ⚠️ Erreur ligne 138: not all arguments converted during string formatting
[2026-01-26T14:28:41.427+0000] {logging_mixin.py:151} INFO -      ⚠️ Erreur ligne 139: not all arguments converted during string formatting
[2026-01-26T14:28:41.427+0000] {logging_mixin.py:151} INFO -      ⚠️ Erreur ligne 140: not all arguments converted during string formatting
[2026-01-26T14:28:41.428+0000] {logging_mixin.py:151} INFO -      ⚠️ Erreur ligne 141: not all arguments converted during string formatting
[2026-01-26T14:28:41.428+0000] {logging_mixin.py:151} INFO -      ⚠️ Erreur ligne 142: not all arguments converted during string formatting
[2026-01-26T14:28:41.429+0000] {logging_mixin.py:151} INFO -      ⚠️ Erreur ligne 143: not all arguments converted during string formatting
[2026-01-26T14:28:41.429+0000] {logging_mixin.py:151} INFO -      ⚠️ Erreur ligne 144: not all arguments converted during string formatting
[2026-01-26T14:28:41.429+0000] {logging_mixin.py:151} INFO -      ⚠️ Erreur ligne 145: not all arguments converted during string formatting
[2026-01-26T14:28:41.430+0000] {logging_mixin.py:151} INFO -      ⚠️ Erreur ligne 146: not all arguments converted during string formatting
[2026-01-26T14:28:41.430+0000] {logging_mixin.py:151} INFO -      ⚠️ Erreur ligne 147: not all arguments converted during string formatting
[2026-01-26T14:28:41.431+0000] {logging_mixin.py:151} INFO -      ⚠️ Erreur ligne 148: not all arguments converted during string formatting
[2026-01-26T14:28:41.432+0000] {logging_mixin.py:151} INFO -      ⚠️ Erreur ligne 149: not all arguments converted during string formatting
[2026-01-26T14:28:41.432+0000] {logging_mixin.py:151} INFO -      ⚠️ Erreur ligne 150: not all arguments converted during string formatting
[2026-01-26T14:28:41.433+0000] {logging_mixin.py:151} INFO -      ⚠️ Erreur ligne 151: not all arguments converted during string formatting
[2026-01-26T14:28:41.433+0000] {logging_mixin.py:151} INFO -      ⚠️ Erreur ligne 152: not all arguments converted during string formatting
[2026-01-26T14:28:41.434+0000] {logging_mixin.py:151} INFO -      ⚠️ Erreur ligne 153: not all arguments converted during string formatting
[2026-01-26T14:28:41.434+0000] {logging_mixin.py:151} INFO -      ⚠️ Erreur ligne 154: not all arguments converted during string formatting
[2026-01-26T14:28:41.434+0000] {logging_mixin.py:151} INFO -      ⚠️ Erreur ligne 155: not all arguments converted during string formatting
[2026-01-26T14:28:41.435+0000] {logging_mixin.py:151} INFO -      ⚠️ Erreur ligne 156: not all arguments converted during string formatting
[2026-01-26T14:28:41.435+0000] {logging_mixin.py:151} INFO -      ⚠️ Erreur ligne 157: not all arguments converted during string formatting
[2026-01-26T14:28:41.436+0000] {logging_mixin.py:151} INFO -      ⚠️ Erreur ligne 158: not all arguments converted during string formatting
[2026-01-26T14:28:41.436+0000] {logging_mixin.py:151} INFO -      ⚠️ Erreur ligne 159: not all arguments converted during string formatting
[2026-01-26T14:28:41.437+0000] {logging_mixin.py:151} INFO -      ⚠️ Erreur ligne 160: not all arguments converted during string formatting
[2026-01-26T14:28:41.437+0000] {logging_mixin.py:151} INFO -      ⚠️ Erreur ligne 161: not all arguments converted during string formatting
[2026-01-26T14:28:41.438+0000] {logging_mixin.py:151} INFO -      ⚠️ Erreur ligne 162: not all arguments converted during string formatting
[2026-01-26T14:28:41.438+0000] {logging_mixin.py:151} INFO -      ⚠️ Erreur ligne 163: not all arguments converted during string formatting
[2026-01-26T14:28:41.438+0000] {logging_mixin.py:151} INFO -      ⚠️ Erreur ligne 164: not all arguments converted during string formatting
[2026-01-26T14:28:41.439+0000] {logging_mixin.py:151} INFO -      ⚠️ Erreur ligne 165: not all arguments converted during string formatting
[2026-01-26T14:28:41.439+0000] {logging_mixin.py:151} INFO -      ⚠️ Erreur ligne 166: not all arguments converted during string formatting
[2026-01-26T14:28:41.440+0000] {logging_mixin.py:151} INFO -      ⚠️ Erreur ligne 167: not all arguments converted during string formatting
[2026-01-26T14:28:41.441+0000] {logging_mixin.py:151} INFO -      ⚠️ Erreur ligne 168: not all arguments converted during string formatting
[2026-01-26T14:28:41.442+0000] {logging_mixin.py:151} INFO -      ⚠️ Erreur ligne 169: not all arguments converted during string formatting
[2026-01-26T14:28:41.442+0000] {logging_mixin.py:151} INFO -      ⚠️ Erreur ligne 170: not all arguments converted during string formatting
[2026-01-26T14:28:41.442+0000] {logging_mixin.py:151} INFO -      ⚠️ Erreur ligne 171: not all arguments converted during string formatting
[2026-01-26T14:28:41.443+0000] {logging_mixin.py:151} INFO -      ⚠️ Erreur ligne 172: not all arguments converted during string formatting
[2026-01-26T14:28:41.443+0000] {logging_mixin.py:151} INFO -      ⚠️ Erreur ligne 173: not all arguments converted during string formatting
[2026-01-26T14:28:41.444+0000] {logging_mixin.py:151} INFO -      ⚠️ Erreur ligne 174: not all arguments converted during string formatting
[2026-01-26T14:28:41.444+0000] {logging_mixin.py:151} INFO -      ⚠️ Erreur ligne 175: not all arguments converted during string formatting
[2026-01-26T14:28:41.445+0000] {logging_mixin.py:151} INFO -      ⚠️ Erreur ligne 176: not all arguments converted during string formatting
[2026-01-26T14:28:41.445+0000] {logging_mixin.py:151} INFO -      ⚠️ Erreur ligne 177: not all arguments converted during string formatting
[2026-01-26T14:28:41.446+0000] {logging_mixin.py:151} INFO -      ⚠️ Erreur ligne 178: not all arguments converted during string formatting
[2026-01-26T14:28:41.447+0000] {logging_mixin.py:151} INFO -      ⚠️ Erreur ligne 179: not all arguments converted during string formatting
[2026-01-26T14:28:41.447+0000] {logging_mixin.py:151} INFO -      ⚠️ Erreur ligne 180: not all arguments converted during string formatting
[2026-01-26T14:28:41.447+0000] {logging_mixin.py:151} INFO -      ⚠️ Erreur ligne 181: not all arguments converted during string formatting
[2026-01-26T14:28:41.448+0000] {logging_mixin.py:151} INFO -      ⚠️ Erreur ligne 182: not all arguments converted during string formatting
[2026-01-26T14:28:41.448+0000] {logging_mixin.py:151} INFO -      ⚠️ Erreur ligne 183: not all arguments converted during string formatting
[2026-01-26T14:28:41.448+0000] {logging_mixin.py:151} INFO -      ⚠️ Erreur ligne 184: not all arguments converted during string formatting
[2026-01-26T14:28:41.449+0000] {logging_mixin.py:151} INFO -      ⚠️ Erreur ligne 185: not all arguments converted during string formatting
[2026-01-26T14:28:41.449+0000] {logging_mixin.py:151} INFO -      ⚠️ Erreur ligne 186: not all arguments converted during string formatting
[2026-01-26T14:28:41.450+0000] {logging_mixin.py:151} INFO -      ⚠️ Erreur ligne 187: not all arguments converted during string formatting
[2026-01-26T14:28:41.450+0000] {logging_mixin.py:151} INFO -      ⚠️ Erreur ligne 188: not all arguments converted during string formatting
[2026-01-26T14:28:41.450+0000] {logging_mixin.py:151} INFO -      ⚠️ Erreur ligne 189: not all arguments converted during string formatting
[2026-01-26T14:28:41.451+0000] {logging_mixin.py:151} INFO -      ⚠️ Erreur ligne 190: not all arguments converted during string formatting
[2026-01-26T14:28:41.451+0000] {logging_mixin.py:151} INFO -      ⚠️ Erreur ligne 191: not all arguments converted during string formatting
[2026-01-26T14:28:41.451+0000] {logging_mixin.py:151} INFO -      ⚠️ Erreur ligne 192: not all arguments converted during string formatting
[2026-01-26T14:28:41.452+0000] {logging_mixin.py:151} INFO -      ⚠️ Erreur ligne 193: not all arguments converted during string formatting
[2026-01-26T14:28:41.452+0000] {logging_mixin.py:151} INFO -      ⚠️ Erreur ligne 194: not all arguments converted during string formatting
[2026-01-26T14:28:41.452+0000] {logging_mixin.py:151} INFO -      ⚠️ Erreur ligne 195: not all arguments converted during string formatting
[2026-01-26T14:28:41.453+0000] {logging_mixin.py:151} INFO -      ⚠️ Erreur ligne 196: not all arguments converted during string formatting
[2026-01-26T14:28:41.453+0000] {logging_mixin.py:151} INFO -      ⚠️ Erreur ligne 197: not all arguments converted during string formatting
[2026-01-26T14:28:41.454+0000] {logging_mixin.py:151} INFO -      ⚠️ Erreur ligne 198: not all arguments converted during string formatting
[2026-01-26T14:28:41.455+0000] {logging_mixin.py:151} INFO -      ⚠️ Erreur ligne 199: not all arguments converted during string formatting
[2026-01-26T14:28:41.456+0000] {logging_mixin.py:151} INFO -      ⚠️ Erreur ligne 200: not all arguments converted during string formatting
[2026-01-26T14:28:41.456+0000] {logging_mixin.py:151} INFO -      ⚠️ Erreur ligne 201: not all arguments converted during string formatting
[2026-01-26T14:28:41.456+0000] {logging_mixin.py:151} INFO -      ⚠️ Erreur ligne 202: not all arguments converted during string formatting
[2026-01-26T14:28:41.457+0000] {logging_mixin.py:151} INFO -      ⚠️ Erreur ligne 203: not all arguments converted during string formatting
[2026-01-26T14:28:41.458+0000] {logging_mixin.py:151} INFO -      ⚠️ Erreur ligne 204: not all arguments converted during string formatting
[2026-01-26T14:28:41.458+0000] {logging_mixin.py:151} INFO -      ⚠️ Erreur ligne 205: not all arguments converted during string formatting
[2026-01-26T14:28:41.459+0000] {logging_mixin.py:151} INFO -      ⚠️ Erreur ligne 206: not all arguments converted during string formatting
[2026-01-26T14:28:41.460+0000] {logging_mixin.py:151} INFO -      ⚠️ Erreur ligne 207: not all arguments converted during string formatting
[2026-01-26T14:28:41.461+0000] {logging_mixin.py:151} INFO -      ⚠️ Erreur ligne 208: not all arguments converted during string formatting
[2026-01-26T14:28:41.461+0000] {logging_mixin.py:151} INFO -      ⚠️ Erreur ligne 209: not all arguments converted during string formatting
[2026-01-26T14:28:41.462+0000] {logging_mixin.py:151} INFO -      ⚠️ Erreur ligne 210: not all arguments converted during string formatting
[2026-01-26T14:28:41.462+0000] {logging_mixin.py:151} INFO -      ⚠️ Erreur ligne 211: not all arguments converted during string formatting
[2026-01-26T14:28:41.463+0000] {logging_mixin.py:151} INFO -      ⚠️ Erreur ligne 212: not all arguments converted during string formatting
[2026-01-26T14:28:41.463+0000] {logging_mixin.py:151} INFO -      ⚠️ Erreur ligne 213: not all arguments converted during string formatting
[2026-01-26T14:28:41.464+0000] {logging_mixin.py:151} INFO -      ⚠️ Erreur ligne 214: not all arguments converted during string formatting
[2026-01-26T14:28:41.464+0000] {logging_mixin.py:151} INFO -      ⚠️ Erreur ligne 215: not all arguments converted during string formatting
[2026-01-26T14:28:41.465+0000] {logging_mixin.py:151} INFO -      ⚠️ Erreur ligne 216: not all arguments converted during string formatting
[2026-01-26T14:28:41.465+0000] {logging_mixin.py:151} INFO -      ⚠️ Erreur ligne 217: not all arguments converted during string formatting
[2026-01-26T14:28:41.466+0000] {logging_mixin.py:151} INFO -      ⚠️ Erreur ligne 218: not all arguments converted during string formatting
[2026-01-26T14:28:41.466+0000] {logging_mixin.py:151} INFO -      ⚠️ Erreur ligne 219: not all arguments converted during string formatting
[2026-01-26T14:28:41.467+0000] {logging_mixin.py:151} INFO -      ⚠️ Erreur ligne 220: not all arguments converted during string formatting
[2026-01-26T14:28:41.468+0000] {logging_mixin.py:151} INFO -      ⚠️ Erreur ligne 221: not all arguments converted during string formatting
[2026-01-26T14:28:41.468+0000] {logging_mixin.py:151} INFO -      ⚠️ Erreur ligne 222: not all arguments converted during string formatting
[2026-01-26T14:28:41.469+0000] {logging_mixin.py:151} INFO -      ⚠️ Erreur ligne 223: not all arguments converted during string formatting
[2026-01-26T14:28:41.470+0000] {logging_mixin.py:151} INFO -      ⚠️ Erreur ligne 224: not all arguments converted during string formatting
[2026-01-26T14:28:41.470+0000] {logging_mixin.py:151} INFO -      ⚠️ Erreur ligne 225: not all arguments converted during string formatting
[2026-01-26T14:28:41.471+0000] {logging_mixin.py:151} INFO -      ⚠️ Erreur ligne 226: not all arguments converted during string formatting
[2026-01-26T14:28:41.472+0000] {logging_mixin.py:151} INFO -      ⚠️ Erreur ligne 227: not all arguments converted during string formatting
[2026-01-26T14:28:41.472+0000] {logging_mixin.py:151} INFO -      ⚠️ Erreur ligne 228: not all arguments converted during string formatting
[2026-01-26T14:28:41.473+0000] {logging_mixin.py:151} INFO -      ⚠️ Erreur ligne 229: not all arguments converted during string formatting
[2026-01-26T14:28:41.474+0000] {logging_mixin.py:151} INFO -      ⚠️ Erreur ligne 230: not all arguments converted during string formatting
[2026-01-26T14:28:41.474+0000] {logging_mixin.py:151} INFO -      ⚠️ Erreur ligne 231: not all arguments converted during string formatting
[2026-01-26T14:28:41.475+0000] {logging_mixin.py:151} INFO -      ⚠️ Erreur ligne 232: not all arguments converted during string formatting
[2026-01-26T14:28:41.475+0000] {logging_mixin.py:151} INFO -      ⚠️ Erreur ligne 233: not all arguments converted during string formatting
[2026-01-26T14:28:41.475+0000] {logging_mixin.py:151} INFO -      ⚠️ Erreur ligne 234: not all arguments converted during string formatting
[2026-01-26T14:28:41.476+0000] {logging_mixin.py:151} INFO -      ⚠️ Erreur ligne 235: not all arguments converted during string formatting
[2026-01-26T14:28:41.476+0000] {logging_mixin.py:151} INFO -      ⚠️ Erreur ligne 236: not all arguments converted during string formatting
[2026-01-26T14:28:41.477+0000] {logging_mixin.py:151} INFO -      ⚠️ Erreur ligne 237: not all arguments converted during string formatting
[2026-01-26T14:28:41.477+0000] {logging_mixin.py:151} INFO -      ⚠️ Erreur ligne 238: not all arguments converted during string formatting
[2026-01-26T14:28:41.478+0000] {logging_mixin.py:151} INFO -      ⚠️ Erreur ligne 239: not all arguments converted during string formatting
[2026-01-26T14:28:41.478+0000] {logging_mixin.py:151} INFO -      ⚠️ Erreur ligne 240: not all arguments converted during string formatting
[2026-01-26T14:28:41.479+0000] {logging_mixin.py:151} INFO -      ⚠️ Erreur ligne 241: not all arguments converted during string formatting
[2026-01-26T14:28:41.479+0000] {logging_mixin.py:151} INFO -      ⚠️ Erreur ligne 242: not all arguments converted during string formatting
[2026-01-26T14:28:41.480+0000] {logging_mixin.py:151} INFO -      ⚠️ Erreur ligne 243: not all arguments converted during string formatting
[2026-01-26T14:28:41.480+0000] {logging_mixin.py:151} INFO -      ⚠️ Erreur ligne 244: not all arguments converted during string formatting
[2026-01-26T14:28:41.480+0000] {logging_mixin.py:151} INFO -      ⚠️ Erreur ligne 245: not all arguments converted during string formatting
[2026-01-26T14:28:41.481+0000] {logging_mixin.py:151} INFO -      ⚠️ Erreur ligne 246: not all arguments converted during string formatting
[2026-01-26T14:28:41.482+0000] {logging_mixin.py:151} INFO -      ⚠️ Erreur ligne 247: not all arguments converted during string formatting
[2026-01-26T14:28:41.482+0000] {logging_mixin.py:151} INFO -      ⚠️ Erreur ligne 248: not all arguments converted during string formatting
[2026-01-26T14:28:41.482+0000] {logging_mixin.py:151} INFO -      ⚠️ Erreur ligne 249: not all arguments converted during string formatting
[2026-01-26T14:28:41.483+0000] {logging_mixin.py:151} INFO -      ⚠️ Erreur ligne 250: not all arguments converted during string formatting
[2026-01-26T14:28:41.483+0000] {logging_mixin.py:151} INFO -      ⚠️ Erreur ligne 251: not all arguments converted during string formatting
[2026-01-26T14:28:41.484+0000] {logging_mixin.py:151} INFO -      ⚠️ Erreur ligne 252: not all arguments converted during string formatting
[2026-01-26T14:28:41.484+0000] {logging_mixin.py:151} INFO -      ⚠️ Erreur ligne 253: not all arguments converted during string formatting
[2026-01-26T14:28:41.485+0000] {logging_mixin.py:151} INFO -      ⚠️ Erreur ligne 254: not all arguments converted during string formatting
[2026-01-26T14:28:41.485+0000] {logging_mixin.py:151} INFO -      ⚠️ Erreur ligne 255: not all arguments converted during string formatting
[2026-01-26T14:28:41.485+0000] {logging_mixin.py:151} INFO -      ⚠️ Erreur ligne 256: not all arguments converted during string formatting
[2026-01-26T14:28:41.486+0000] {logging_mixin.py:151} INFO -      ⚠️ Erreur ligne 257: not all arguments converted during string formatting
[2026-01-26T14:28:41.487+0000] {logging_mixin.py:151} INFO -      ⚠️ Erreur ligne 258: not all arguments converted during string formatting
[2026-01-26T14:28:41.487+0000] {logging_mixin.py:151} INFO -      ⚠️ Erreur ligne 259: not all arguments converted during string formatting
[2026-01-26T14:28:41.488+0000] {logging_mixin.py:151} INFO -      ⚠️ Erreur ligne 260: not all arguments converted during string formatting
[2026-01-26T14:28:41.488+0000] {logging_mixin.py:151} INFO -      ⚠️ Erreur ligne 261: not all arguments converted during string formatting
[2026-01-26T14:28:41.489+0000] {logging_mixin.py:151} INFO -      ⚠️ Erreur ligne 262: not all arguments converted during string formatting
[2026-01-26T14:28:41.489+0000] {logging_mixin.py:151} INFO -      ⚠️ Erreur ligne 263: not all arguments converted during string formatting
[2026-01-26T14:28:41.490+0000] {logging_mixin.py:151} INFO -      ⚠️ Erreur ligne 264: not all arguments converted during string formatting
[2026-01-26T14:28:41.490+0000] {logging_mixin.py:151} INFO -      ⚠️ Erreur ligne 265: not all arguments converted during string formatting
[2026-01-26T14:28:41.490+0000] {logging_mixin.py:151} INFO -      ⚠️ Erreur ligne 266: not all arguments converted during string formatting
[2026-01-26T14:28:41.491+0000] {logging_mixin.py:151} INFO -      ⚠️ Erreur ligne 267: not all arguments converted during string formatting
[2026-01-26T14:28:41.491+0000] {logging_mixin.py:151} INFO -      ⚠️ Erreur ligne 268: not all arguments converted during string formatting
[2026-01-26T14:28:41.492+0000] {logging_mixin.py:151} INFO -      ⚠️ Erreur ligne 269: not all arguments converted during string formatting
[2026-01-26T14:28:41.492+0000] {logging_mixin.py:151} INFO -      ⚠️ Erreur ligne 270: not all arguments converted during string formatting
[2026-01-26T14:28:41.493+0000] {logging_mixin.py:151} INFO -      ⚠️ Erreur ligne 271: not all arguments converted during string formatting
[2026-01-26T14:28:41.493+0000] {logging_mixin.py:151} INFO -      ⚠️ Erreur ligne 272: not all arguments converted during string formatting
[2026-01-26T14:28:41.494+0000] {logging_mixin.py:151} INFO -      ⚠️ Erreur ligne 273: not all arguments converted during string formatting
[2026-01-26T14:28:41.494+0000] {logging_mixin.py:151} INFO -      ⚠️ Erreur ligne 274: not all arguments converted during string formatting
[2026-01-26T14:28:41.494+0000] {logging_mixin.py:151} INFO -      ⚠️ Erreur ligne 275: not all arguments converted during string formatting
[2026-01-26T14:28:41.495+0000] {logging_mixin.py:151} INFO -      ⚠️ Erreur ligne 276: not all arguments converted during string formatting
[2026-01-26T14:28:41.495+0000] {logging_mixin.py:151} INFO -      ⚠️ Erreur ligne 277: not all arguments converted during string formatting
[2026-01-26T14:28:41.496+0000] {logging_mixin.py:151} INFO -      ⚠️ Erreur ligne 278: not all arguments converted during string formatting
[2026-01-26T14:28:41.496+0000] {logging_mixin.py:151} INFO -      ⚠️ Erreur ligne 279: not all arguments converted during string formatting
[2026-01-26T14:28:41.497+0000] {logging_mixin.py:151} INFO -      ⚠️ Erreur ligne 280: not all arguments converted during string formatting
[2026-01-26T14:28:41.497+0000] {logging_mixin.py:151} INFO -      ⚠️ Erreur ligne 281: not all arguments converted during string formatting
[2026-01-26T14:28:41.498+0000] {logging_mixin.py:151} INFO -      ⚠️ Erreur ligne 282: not all arguments converted during string formatting
[2026-01-26T14:28:41.498+0000] {logging_mixin.py:151} INFO -      ⚠️ Erreur ligne 283: not all arguments converted during string formatting
[2026-01-26T14:28:41.499+0000] {logging_mixin.py:151} INFO -      ⚠️ Erreur ligne 284: not all arguments converted during string formatting
[2026-01-26T14:28:41.499+0000] {logging_mixin.py:151} INFO -      ⚠️ Erreur ligne 285: not all arguments converted during string formatting
[2026-01-26T14:28:41.500+0000] {logging_mixin.py:151} INFO -      ⚠️ Erreur ligne 286: not all arguments converted during string formatting
[2026-01-26T14:28:41.500+0000] {logging_mixin.py:151} INFO -      ⚠️ Erreur ligne 287: not all arguments converted during string formatting
[2026-01-26T14:28:41.501+0000] {logging_mixin.py:151} INFO -      ⚠️ Erreur ligne 288: not all arguments converted during string formatting
[2026-01-26T14:28:41.502+0000] {logging_mixin.py:151} INFO -      ⚠️ Erreur ligne 289: not all arguments converted during string formatting
[2026-01-26T14:28:41.504+0000] {logging_mixin.py:151} INFO -      ⚠️ Erreur ligne 290: not all arguments converted during string formatting
[2026-01-26T14:28:41.506+0000] {logging_mixin.py:151} INFO -      ⚠️ Erreur ligne 291: not all arguments converted during string formatting
[2026-01-26T14:28:41.507+0000] {logging_mixin.py:151} INFO -      ⚠️ Erreur ligne 292: not all arguments converted during string formatting
[2026-01-26T14:28:41.508+0000] {logging_mixin.py:151} INFO -      ⚠️ Erreur ligne 293: not all arguments converted during string formatting
[2026-01-26T14:28:41.509+0000] {logging_mixin.py:151} INFO -      ⚠️ Erreur ligne 294: not all arguments converted during string formatting
[2026-01-26T14:28:41.510+0000] {logging_mixin.py:151} INFO -      ⚠️ Erreur ligne 295: not all arguments converted during string formatting
[2026-01-26T14:28:41.511+0000] {logging_mixin.py:151} INFO -      ⚠️ Erreur ligne 296: not all arguments converted during string formatting
[2026-01-26T14:28:41.512+0000] {logging_mixin.py:151} INFO -      ⚠️ Erreur ligne 297: not all arguments converted during string formatting
[2026-01-26T14:28:41.512+0000] {logging_mixin.py:151} INFO -      ⚠️ Erreur ligne 298: not all arguments converted during string formatting
[2026-01-26T14:28:41.513+0000] {logging_mixin.py:151} INFO -      ⚠️ Erreur ligne 299: not all arguments converted during string formatting
[2026-01-26T14:28:41.513+0000] {logging_mixin.py:151} INFO -      ⚠️ Erreur ligne 300: not all arguments converted during string formatting
[2026-01-26T14:28:41.514+0000] {logging_mixin.py:151} INFO -      ⚠️ Erreur ligne 301: not all arguments converted during string formatting
[2026-01-26T14:28:41.515+0000] {logging_mixin.py:151} INFO -      ⚠️ Erreur ligne 302: not all arguments converted during string formatting
[2026-01-26T14:28:41.515+0000] {logging_mixin.py:151} INFO -      ⚠️ Erreur ligne 303: not all arguments converted during string formatting
[2026-01-26T14:28:41.516+0000] {logging_mixin.py:151} INFO -      ⚠️ Erreur ligne 304: not all arguments converted during string formatting
[2026-01-26T14:28:41.516+0000] {logging_mixin.py:151} INFO -      ⚠️ Erreur ligne 305: not all arguments converted during string formatting
[2026-01-26T14:28:41.517+0000] {logging_mixin.py:151} INFO -      ⚠️ Erreur ligne 306: not all arguments converted during string formatting
[2026-01-26T14:28:41.517+0000] {logging_mixin.py:151} INFO -      ⚠️ Erreur ligne 307: not all arguments converted during string formatting
[2026-01-26T14:28:41.518+0000] {logging_mixin.py:151} INFO -      ⚠️ Erreur ligne 308: not all arguments converted during string formatting
[2026-01-26T14:28:41.518+0000] {logging_mixin.py:151} INFO -      ⚠️ Erreur ligne 309: not all arguments converted during string formatting
[2026-01-26T14:28:41.518+0000] {logging_mixin.py:151} INFO -      ⚠️ Erreur ligne 310: not all arguments converted during string formatting
[2026-01-26T14:28:41.519+0000] {logging_mixin.py:151} INFO -      ⚠️ Erreur ligne 311: not all arguments converted during string formatting
[2026-01-26T14:28:41.519+0000] {logging_mixin.py:151} INFO -      ⚠️ Erreur ligne 312: not all arguments converted during string formatting
[2026-01-26T14:28:41.519+0000] {logging_mixin.py:151} INFO -      ⚠️ Erreur ligne 313: not all arguments converted during string formatting
[2026-01-26T14:28:41.520+0000] {logging_mixin.py:151} INFO -      ⚠️ Erreur ligne 314: not all arguments converted during string formatting
[2026-01-26T14:28:41.520+0000] {logging_mixin.py:151} INFO -      ⚠️ Erreur ligne 315: not all arguments converted during string formatting
[2026-01-26T14:28:41.521+0000] {logging_mixin.py:151} INFO -      ⚠️ Erreur ligne 316: not all arguments converted during string formatting
[2026-01-26T14:28:41.521+0000] {logging_mixin.py:151} INFO -      ⚠️ Erreur ligne 317: not all arguments converted during string formatting
[2026-01-26T14:28:41.521+0000] {logging_mixin.py:151} INFO -      ⚠️ Erreur ligne 318: not all arguments converted during string formatting
[2026-01-26T14:28:41.522+0000] {logging_mixin.py:151} INFO -      ⚠️ Erreur ligne 319: not all arguments converted during string formatting
[2026-01-26T14:28:41.522+0000] {logging_mixin.py:151} INFO -      ⚠️ Erreur ligne 320: not all arguments converted during string formatting
[2026-01-26T14:28:41.522+0000] {logging_mixin.py:151} INFO -      ⚠️ Erreur ligne 321: not all arguments converted during string formatting
[2026-01-26T14:28:41.523+0000] {logging_mixin.py:151} INFO -      ⚠️ Erreur ligne 322: not all arguments converted during string formatting
[2026-01-26T14:28:41.523+0000] {logging_mixin.py:151} INFO -      ⚠️ Erreur ligne 323: not all arguments converted during string formatting
[2026-01-26T14:28:41.523+0000] {logging_mixin.py:151} INFO -      ⚠️ Erreur ligne 324: not all arguments converted during string formatting
[2026-01-26T14:28:41.525+0000] {logging_mixin.py:151} INFO -      ⚠️ Erreur ligne 325: not all arguments converted during string formatting
[2026-01-26T14:28:41.526+0000] {logging_mixin.py:151} INFO -      ⚠️ Erreur ligne 326: not all arguments converted during string formatting
[2026-01-26T14:28:41.526+0000] {logging_mixin.py:151} INFO -      ⚠️ Erreur ligne 327: not all arguments converted during string formatting
[2026-01-26T14:28:41.527+0000] {logging_mixin.py:151} INFO -      ⚠️ Erreur ligne 328: not all arguments converted during string formatting
[2026-01-26T14:28:41.528+0000] {logging_mixin.py:151} INFO -      ⚠️ Erreur ligne 329: not all arguments converted during string formatting
[2026-01-26T14:28:41.529+0000] {logging_mixin.py:151} INFO -      ⚠️ Erreur ligne 330: not all arguments converted during string formatting
[2026-01-26T14:28:41.530+0000] {logging_mixin.py:151} INFO -      ⚠️ Erreur ligne 331: not all arguments converted during string formatting
[2026-01-26T14:28:41.530+0000] {logging_mixin.py:151} INFO -      ⚠️ Erreur ligne 332: not all arguments converted during string formatting
[2026-01-26T14:28:41.531+0000] {logging_mixin.py:151} INFO -      ⚠️ Erreur ligne 333: not all arguments converted during string formatting
[2026-01-26T14:28:41.531+0000] {logging_mixin.py:151} INFO -      ⚠️ Erreur ligne 334: not all arguments converted during string formatting
[2026-01-26T14:28:41.532+0000] {logging_mixin.py:151} INFO -      ⚠️ Erreur ligne 335: not all arguments converted during string formatting
[2026-01-26T14:28:41.532+0000] {logging_mixin.py:151} INFO -      ⚠️ Erreur ligne 336: not all arguments converted during string formatting
[2026-01-26T14:28:41.532+0000] {logging_mixin.py:151} INFO -      ⚠️ Erreur ligne 337: not all arguments converted during string formatting
[2026-01-26T14:28:41.533+0000] {logging_mixin.py:151} INFO -      ⚠️ Erreur ligne 338: not all arguments converted during string formatting
[2026-01-26T14:28:41.533+0000] {logging_mixin.py:151} INFO -      ⚠️ Erreur ligne 339: not all arguments converted during string formatting
[2026-01-26T14:28:41.534+0000] {logging_mixin.py:151} INFO -      ⚠️ Erreur ligne 340: not all arguments converted during string formatting
[2026-01-26T14:28:41.534+0000] {logging_mixin.py:151} INFO -      ⚠️ Erreur ligne 341: not all arguments converted during string formatting
[2026-01-26T14:28:41.535+0000] {logging_mixin.py:151} INFO -      ⚠️ Erreur ligne 342: not all arguments converted during string formatting
[2026-01-26T14:28:41.535+0000] {logging_mixin.py:151} INFO -      ⚠️ Erreur ligne 343: not all arguments converted during string formatting
[2026-01-26T14:28:41.535+0000] {logging_mixin.py:151} INFO -      ⚠️ Erreur ligne 344: not all arguments converted during string formatting
[2026-01-26T14:28:41.536+0000] {logging_mixin.py:151} INFO -      ⚠️ Erreur ligne 345: not all arguments converted during string formatting
[2026-01-26T14:28:41.536+0000] {logging_mixin.py:151} INFO -      ⚠️ Erreur ligne 346: not all arguments converted during string formatting
[2026-01-26T14:28:41.536+0000] {logging_mixin.py:151} INFO -      ⚠️ Erreur ligne 347: not all arguments converted during string formatting
[2026-01-26T14:28:41.537+0000] {logging_mixin.py:151} INFO -      ⚠️ Erreur ligne 348: not all arguments converted during string formatting
[2026-01-26T14:28:41.537+0000] {logging_mixin.py:151} INFO -      ⚠️ Erreur ligne 349: not all arguments converted during string formatting
[2026-01-26T14:28:41.538+0000] {logging_mixin.py:151} INFO -      ⚠️ Erreur ligne 350: not all arguments converted during string formatting
[2026-01-26T14:28:41.539+0000] {logging_mixin.py:151} INFO -      ⚠️ Erreur ligne 351: not all arguments converted during string formatting
[2026-01-26T14:28:41.539+0000] {logging_mixin.py:151} INFO -      ⚠️ Erreur ligne 352: not all arguments converted during string formatting
[2026-01-26T14:28:41.540+0000] {logging_mixin.py:151} INFO -      ⚠️ Erreur ligne 353: not all arguments converted during string formatting
[2026-01-26T14:28:41.540+0000] {logging_mixin.py:151} INFO -      ⚠️ Erreur ligne 354: not all arguments converted during string formatting
[2026-01-26T14:28:41.540+0000] {logging_mixin.py:151} INFO -      ⚠️ Erreur ligne 355: not all arguments converted during string formatting
[2026-01-26T14:28:41.541+0000] {logging_mixin.py:151} INFO -      ⚠️ Erreur ligne 356: not all arguments converted during string formatting
[2026-01-26T14:28:41.541+0000] {logging_mixin.py:151} INFO -      ⚠️ Erreur ligne 357: not all arguments converted during string formatting
[2026-01-26T14:28:41.542+0000] {logging_mixin.py:151} INFO -      ⚠️ Erreur ligne 358: not all arguments converted during string formatting
[2026-01-26T14:28:41.543+0000] {logging_mixin.py:151} INFO -      ⚠️ Erreur ligne 359: not all arguments converted during string formatting
[2026-01-26T14:28:41.544+0000] {logging_mixin.py:151} INFO -      ⚠️ Erreur ligne 360: not all arguments converted during string formatting
[2026-01-26T14:28:41.544+0000] {logging_mixin.py:151} INFO -      ⚠️ Erreur ligne 361: not all arguments converted during string formatting
[2026-01-26T14:28:41.545+0000] {logging_mixin.py:151} INFO -      ⚠️ Erreur ligne 362: not all arguments converted during string formatting
[2026-01-26T14:28:41.545+0000] {logging_mixin.py:151} INFO -      ⚠️ Erreur ligne 363: not all arguments converted during string formatting
[2026-01-26T14:28:41.545+0000] {logging_mixin.py:151} INFO -      ⚠️ Erreur ligne 364: not all arguments converted during string formatting
[2026-01-26T14:28:41.546+0000] {logging_mixin.py:151} INFO -      ⚠️ Erreur ligne 365: not all arguments converted during string formatting
[2026-01-26T14:28:41.546+0000] {logging_mixin.py:151} INFO -      ⚠️ Erreur ligne 366: not all arguments converted during string formatting
[2026-01-26T14:28:41.546+0000] {logging_mixin.py:151} INFO -      ⚠️ Erreur ligne 367: not all arguments converted during string formatting
[2026-01-26T14:28:41.547+0000] {logging_mixin.py:151} INFO -      ⚠️ Erreur ligne 368: not all arguments converted during string formatting
[2026-01-26T14:28:41.547+0000] {logging_mixin.py:151} INFO -      ⚠️ Erreur ligne 369: not all arguments converted during string formatting
[2026-01-26T14:28:41.547+0000] {logging_mixin.py:151} INFO -      ⚠️ Erreur ligne 370: not all arguments converted during string formatting
[2026-01-26T14:28:41.548+0000] {logging_mixin.py:151} INFO -      ⚠️ Erreur ligne 371: not all arguments converted during string formatting
[2026-01-26T14:28:41.548+0000] {logging_mixin.py:151} INFO -      ⚠️ Erreur ligne 372: not all arguments converted during string formatting
[2026-01-26T14:28:41.548+0000] {logging_mixin.py:151} INFO -      ⚠️ Erreur ligne 373: not all arguments converted during string formatting
[2026-01-26T14:28:41.549+0000] {logging_mixin.py:151} INFO -      ⚠️ Erreur ligne 374: not all arguments converted during string formatting
[2026-01-26T14:28:41.549+0000] {logging_mixin.py:151} INFO -      ⚠️ Erreur ligne 375: not all arguments converted during string formatting
[2026-01-26T14:28:41.549+0000] {logging_mixin.py:151} INFO -      ⚠️ Erreur ligne 376: not all arguments converted during string formatting
[2026-01-26T14:28:41.550+0000] {logging_mixin.py:151} INFO -      ⚠️ Erreur ligne 377: not all arguments converted during string formatting
[2026-01-26T14:28:41.550+0000] {logging_mixin.py:151} INFO -      ⚠️ Erreur ligne 378: not all arguments converted during string formatting
[2026-01-26T14:28:41.550+0000] {logging_mixin.py:151} INFO -      ⚠️ Erreur ligne 379: not all arguments converted during string formatting
[2026-01-26T14:28:41.551+0000] {logging_mixin.py:151} INFO -      ⚠️ Erreur ligne 380: not all arguments converted during string formatting
[2026-01-26T14:28:41.551+0000] {logging_mixin.py:151} INFO -      ⚠️ Erreur ligne 381: not all arguments converted during string formatting
[2026-01-26T14:28:41.552+0000] {logging_mixin.py:151} INFO -      ⚠️ Erreur ligne 382: not all arguments converted during string formatting
[2026-01-26T14:28:41.552+0000] {logging_mixin.py:151} INFO -      ⚠️ Erreur ligne 383: not all arguments converted during string formatting
[2026-01-26T14:28:41.553+0000] {logging_mixin.py:151} INFO -      ⚠️ Erreur ligne 384: not all arguments converted during string formatting
[2026-01-26T14:28:41.553+0000] {logging_mixin.py:151} INFO -      ⚠️ Erreur ligne 385: not all arguments converted during string formatting
[2026-01-26T14:28:41.553+0000] {logging_mixin.py:151} INFO -      ⚠️ Erreur ligne 386: not all arguments converted during string formatting
[2026-01-26T14:28:41.554+0000] {logging_mixin.py:151} INFO -      ⚠️ Erreur ligne 387: not all arguments converted during string formatting
[2026-01-26T14:28:41.554+0000] {logging_mixin.py:151} INFO -      ⚠️ Erreur ligne 388: not all arguments converted during string formatting
[2026-01-26T14:28:41.555+0000] {logging_mixin.py:151} INFO -      ⚠️ Erreur ligne 389: not all arguments converted during string formatting
[2026-01-26T14:28:41.555+0000] {logging_mixin.py:151} INFO -      ⚠️ Erreur ligne 390: not all arguments converted during string formatting
[2026-01-26T14:28:41.556+0000] {logging_mixin.py:151} INFO -      ⚠️ Erreur ligne 391: not all arguments converted during string formatting
[2026-01-26T14:28:41.556+0000] {logging_mixin.py:151} INFO -      ⚠️ Erreur ligne 392: not all arguments converted during string formatting
[2026-01-26T14:28:41.557+0000] {logging_mixin.py:151} INFO -      ⚠️ Erreur ligne 393: not all arguments converted during string formatting
[2026-01-26T14:28:41.558+0000] {logging_mixin.py:151} INFO -      ⚠️ Erreur ligne 394: not all arguments converted during string formatting
[2026-01-26T14:28:41.558+0000] {logging_mixin.py:151} INFO -      ⚠️ Erreur ligne 395: not all arguments converted during string formatting
[2026-01-26T14:28:41.558+0000] {logging_mixin.py:151} INFO -      ⚠️ Erreur ligne 396: not all arguments converted during string formatting
[2026-01-26T14:28:41.559+0000] {logging_mixin.py:151} INFO -      ⚠️ Erreur ligne 397: not all arguments converted during string formatting
[2026-01-26T14:28:41.559+0000] {logging_mixin.py:151} INFO -      ⚠️ Erreur ligne 398: not all arguments converted during string formatting
[2026-01-26T14:28:41.560+0000] {logging_mixin.py:151} INFO -      ⚠️ Erreur ligne 399: not all arguments converted during string formatting
[2026-01-26T14:28:41.560+0000] {logging_mixin.py:151} INFO -      ⚠️ Erreur ligne 400: not all arguments converted during string formatting
[2026-01-26T14:28:41.560+0000] {logging_mixin.py:151} INFO -      ⚠️ Erreur ligne 401: not all arguments converted during string formatting
[2026-01-26T14:28:41.561+0000] {logging_mixin.py:151} INFO -      ⚠️ Erreur ligne 402: not all arguments converted during string formatting
[2026-01-26T14:28:41.561+0000] {logging_mixin.py:151} INFO -      ⚠️ Erreur ligne 403: not all arguments converted during string formatting
[2026-01-26T14:28:41.561+0000] {logging_mixin.py:151} INFO -      ⚠️ Erreur ligne 404: not all arguments converted during string formatting
[2026-01-26T14:28:41.562+0000] {logging_mixin.py:151} INFO -      ⚠️ Erreur ligne 405: not all arguments converted during string formatting
[2026-01-26T14:28:41.562+0000] {logging_mixin.py:151} INFO -      ⚠️ Erreur ligne 406: not all arguments converted during string formatting
[2026-01-26T14:28:41.562+0000] {logging_mixin.py:151} INFO -      ⚠️ Erreur ligne 407: not all arguments converted during string formatting
[2026-01-26T14:28:41.563+0000] {logging_mixin.py:151} INFO -      ⚠️ Erreur ligne 408: not all arguments converted during string formatting
[2026-01-26T14:28:41.563+0000] {logging_mixin.py:151} INFO -      ⚠️ Erreur ligne 409: not all arguments converted during string formatting
[2026-01-26T14:28:41.563+0000] {logging_mixin.py:151} INFO -      ⚠️ Erreur ligne 410: not all arguments converted during string formatting
[2026-01-26T14:28:41.564+0000] {logging_mixin.py:151} INFO -      ⚠️ Erreur ligne 411: not all arguments converted during string formatting
[2026-01-26T14:28:41.564+0000] {logging_mixin.py:151} INFO -      ⚠️ Erreur ligne 412: not all arguments converted during string formatting
[2026-01-26T14:28:41.564+0000] {logging_mixin.py:151} INFO -      ⚠️ Erreur ligne 413: not all arguments converted during string formatting
[2026-01-26T14:28:41.565+0000] {logging_mixin.py:151} INFO -      ⚠️ Erreur ligne 414: not all arguments converted during string formatting
[2026-01-26T14:28:41.565+0000] {logging_mixin.py:151} INFO -      ⚠️ Erreur ligne 415: not all arguments converted during string formatting
[2026-01-26T14:28:41.566+0000] {logging_mixin.py:151} INFO -      ⚠️ Erreur ligne 416: not all arguments converted during string formatting
[2026-01-26T14:28:41.566+0000] {logging_mixin.py:151} INFO -      ⚠️ Erreur ligne 417: not all arguments converted during string formatting
[2026-01-26T14:28:41.567+0000] {logging_mixin.py:151} INFO -      ⚠️ Erreur ligne 418: not all arguments converted during string formatting
[2026-01-26T14:28:41.567+0000] {logging_mixin.py:151} INFO -      ⚠️ Erreur ligne 419: not all arguments converted during string formatting
[2026-01-26T14:28:41.567+0000] {logging_mixin.py:151} INFO -      ⚠️ Erreur ligne 420: not all arguments converted during string formatting
[2026-01-26T14:28:41.568+0000] {logging_mixin.py:151} INFO -      ⚠️ Erreur ligne 421: not all arguments converted during string formatting
[2026-01-26T14:28:41.568+0000] {logging_mixin.py:151} INFO -      ⚠️ Erreur ligne 422: not all arguments converted during string formatting
[2026-01-26T14:28:41.569+0000] {logging_mixin.py:151} INFO -      ⚠️ Erreur ligne 423: not all arguments converted during string formatting
[2026-01-26T14:28:41.570+0000] {logging_mixin.py:151} INFO -      ⚠️ Erreur ligne 424: not all arguments converted during string formatting
[2026-01-26T14:28:41.570+0000] {logging_mixin.py:151} INFO -      ⚠️ Erreur ligne 425: not all arguments converted during string formatting
[2026-01-26T14:28:41.571+0000] {logging_mixin.py:151} INFO -      ⚠️ Erreur ligne 426: not all arguments converted during string formatting
[2026-01-26T14:28:41.572+0000] {logging_mixin.py:151} INFO -      ⚠️ Erreur ligne 427: not all arguments converted during string formatting
[2026-01-26T14:28:41.572+0000] {logging_mixin.py:151} INFO -      ⚠️ Erreur ligne 428: not all arguments converted during string formatting
[2026-01-26T14:28:41.572+0000] {logging_mixin.py:151} INFO -      ⚠️ Erreur ligne 429: not all arguments converted during string formatting
[2026-01-26T14:28:41.573+0000] {logging_mixin.py:151} INFO -      ⚠️ Erreur ligne 430: not all arguments converted during string formatting
[2026-01-26T14:28:41.573+0000] {logging_mixin.py:151} INFO -      ⚠️ Erreur ligne 431: not all arguments converted during string formatting
[2026-01-26T14:28:41.573+0000] {logging_mixin.py:151} INFO -      ⚠️ Erreur ligne 432: not all arguments converted during string formatting
[2026-01-26T14:28:41.574+0000] {logging_mixin.py:151} INFO -      ⚠️ Erreur ligne 433: not all arguments converted during string formatting
[2026-01-26T14:28:41.574+0000] {logging_mixin.py:151} INFO -      ⚠️ Erreur ligne 434: not all arguments converted during string formatting
[2026-01-26T14:28:41.574+0000] {logging_mixin.py:151} INFO -      ⚠️ Erreur ligne 435: not all arguments converted during string formatting
[2026-01-26T14:28:41.575+0000] {logging_mixin.py:151} INFO -      ⚠️ Erreur ligne 436: not all arguments converted during string formatting
[2026-01-26T14:28:41.575+0000] {logging_mixin.py:151} INFO -      ⚠️ Erreur ligne 437: not all arguments converted during string formatting
[2026-01-26T14:28:41.575+0000] {logging_mixin.py:151} INFO -      ⚠️ Erreur ligne 438: not all arguments converted during string formatting
[2026-01-26T14:28:41.576+0000] {logging_mixin.py:151} INFO -      ⚠️ Erreur ligne 439: not all arguments converted during string formatting
[2026-01-26T14:28:41.576+0000] {logging_mixin.py:151} INFO -      ⚠️ Erreur ligne 440: not all arguments converted during string formatting
[2026-01-26T14:28:41.577+0000] {logging_mixin.py:151} INFO -      ⚠️ Erreur ligne 441: not all arguments converted during string formatting
[2026-01-26T14:28:41.577+0000] {logging_mixin.py:151} INFO -      ⚠️ Erreur ligne 442: not all arguments converted during string formatting
[2026-01-26T14:28:41.577+0000] {logging_mixin.py:151} INFO -      ⚠️ Erreur ligne 443: not all arguments converted during string formatting
[2026-01-26T14:28:41.578+0000] {logging_mixin.py:151} INFO -      ⚠️ Erreur ligne 444: not all arguments converted during string formatting
[2026-01-26T14:28:41.578+0000] {logging_mixin.py:151} INFO -      ⚠️ Erreur ligne 445: not all arguments converted during string formatting
[2026-01-26T14:28:41.578+0000] {logging_mixin.py:151} INFO -      ⚠️ Erreur ligne 446: not all arguments converted during string formatting
[2026-01-26T14:28:41.579+0000] {logging_mixin.py:151} INFO -      ⚠️ Erreur ligne 447: not all arguments converted during string formatting
[2026-01-26T14:28:41.579+0000] {logging_mixin.py:151} INFO -      ⚠️ Erreur ligne 448: not all arguments converted during string formatting
[2026-01-26T14:28:41.580+0000] {logging_mixin.py:151} INFO -      ⚠️ Erreur ligne 449: not all arguments converted during string formatting
[2026-01-26T14:28:41.580+0000] {logging_mixin.py:151} INFO -      ⚠️ Erreur ligne 450: not all arguments converted during string formatting
[2026-01-26T14:28:41.580+0000] {logging_mixin.py:151} INFO -      ⚠️ Erreur ligne 451: not all arguments converted during string formatting
[2026-01-26T14:28:41.581+0000] {logging_mixin.py:151} INFO -      ⚠️ Erreur ligne 452: not all arguments converted during string formatting
[2026-01-26T14:28:41.581+0000] {logging_mixin.py:151} INFO -      ⚠️ Erreur ligne 453: not all arguments converted during string formatting
[2026-01-26T14:28:41.582+0000] {logging_mixin.py:151} INFO -      ⚠️ Erreur ligne 454: not all arguments converted during string formatting
[2026-01-26T14:28:41.582+0000] {logging_mixin.py:151} INFO -      ⚠️ Erreur ligne 455: not all arguments converted during string formatting
[2026-01-26T14:28:41.582+0000] {logging_mixin.py:151} INFO -      ⚠️ Erreur ligne 456: not all arguments converted during string formatting
[2026-01-26T14:28:41.583+0000] {logging_mixin.py:151} INFO -      ⚠️ Erreur ligne 457: not all arguments converted during string formatting
[2026-01-26T14:28:41.583+0000] {logging_mixin.py:151} INFO -      ⚠️ Erreur ligne 458: not all arguments converted during string formatting
[2026-01-26T14:28:41.584+0000] {logging_mixin.py:151} INFO -      ⚠️ Erreur ligne 459: not all arguments converted during string formatting
[2026-01-26T14:28:41.584+0000] {logging_mixin.py:151} INFO -      ⚠️ Erreur ligne 460: not all arguments converted during string formatting
[2026-01-26T14:28:41.584+0000] {logging_mixin.py:151} INFO -      ⚠️ Erreur ligne 461: not all arguments converted during string formatting
[2026-01-26T14:28:41.585+0000] {logging_mixin.py:151} INFO -      ⚠️ Erreur ligne 462: not all arguments converted during string formatting
[2026-01-26T14:28:41.585+0000] {logging_mixin.py:151} INFO -      ⚠️ Erreur ligne 463: not all arguments converted during string formatting
[2026-01-26T14:28:41.586+0000] {logging_mixin.py:151} INFO -      ⚠️ Erreur ligne 464: not all arguments converted during string formatting
[2026-01-26T14:28:41.586+0000] {logging_mixin.py:151} INFO -      ⚠️ Erreur ligne 465: not all arguments converted during string formatting
[2026-01-26T14:28:41.586+0000] {logging_mixin.py:151} INFO -      ⚠️ Erreur ligne 466: not all arguments converted during string formatting
[2026-01-26T14:28:41.587+0000] {logging_mixin.py:151} INFO -      ⚠️ Erreur ligne 467: not all arguments converted during string formatting
[2026-01-26T14:28:41.587+0000] {logging_mixin.py:151} INFO -      ⚠️ Erreur ligne 468: not all arguments converted during string formatting
[2026-01-26T14:28:41.588+0000] {logging_mixin.py:151} INFO -      ⚠️ Erreur ligne 469: not all arguments converted during string formatting
[2026-01-26T14:28:41.588+0000] {logging_mixin.py:151} INFO -      ⚠️ Erreur ligne 470: not all arguments converted during string formatting
[2026-01-26T14:28:41.588+0000] {logging_mixin.py:151} INFO -      ⚠️ Erreur ligne 471: not all arguments converted during string formatting
[2026-01-26T14:28:41.589+0000] {logging_mixin.py:151} INFO -      ⚠️ Erreur ligne 472: not all arguments converted during string formatting
[2026-01-26T14:28:41.589+0000] {logging_mixin.py:151} INFO -      ⚠️ Erreur ligne 473: not all arguments converted during string formatting
[2026-01-26T14:28:41.590+0000] {logging_mixin.py:151} INFO -      ⚠️ Erreur ligne 474: not all arguments converted during string formatting
[2026-01-26T14:28:41.590+0000] {logging_mixin.py:151} INFO -      ⚠️ Erreur ligne 475: not all arguments converted during string formatting
[2026-01-26T14:28:41.591+0000] {logging_mixin.py:151} INFO -      ⚠️ Erreur ligne 476: not all arguments converted during string formatting
[2026-01-26T14:28:41.591+0000] {logging_mixin.py:151} INFO -      ⚠️ Erreur ligne 477: not all arguments converted during string formatting
[2026-01-26T14:28:41.591+0000] {logging_mixin.py:151} INFO -      ⚠️ Erreur ligne 478: not all arguments converted during string formatting
[2026-01-26T14:28:41.592+0000] {logging_mixin.py:151} INFO -      ⚠️ Erreur ligne 479: not all arguments converted during string formatting
[2026-01-26T14:28:41.592+0000] {logging_mixin.py:151} INFO -      ⚠️ Erreur ligne 480: not all arguments converted during string formatting
[2026-01-26T14:28:41.593+0000] {logging_mixin.py:151} INFO -      ⚠️ Erreur ligne 481: not all arguments converted during string formatting
[2026-01-26T14:28:41.594+0000] {logging_mixin.py:151} INFO -      ⚠️ Erreur ligne 482: not all arguments converted during string formatting
[2026-01-26T14:28:41.595+0000] {logging_mixin.py:151} INFO -      ⚠️ Erreur ligne 483: not all arguments converted during string formatting
[2026-01-26T14:28:41.595+0000] {logging_mixin.py:151} INFO -      ⚠️ Erreur ligne 484: not all arguments converted during string formatting
[2026-01-26T14:28:41.596+0000] {logging_mixin.py:151} INFO -      ⚠️ Erreur ligne 485: not all arguments converted during string formatting
[2026-01-26T14:28:41.596+0000] {logging_mixin.py:151} INFO -      ⚠️ Erreur ligne 486: not all arguments converted during string formatting
[2026-01-26T14:28:41.597+0000] {logging_mixin.py:151} INFO -      ⚠️ Erreur ligne 487: not all arguments converted during string formatting
[2026-01-26T14:28:41.597+0000] {logging_mixin.py:151} INFO -      ⚠️ Erreur ligne 488: not all arguments converted during string formatting
[2026-01-26T14:28:41.597+0000] {logging_mixin.py:151} INFO -      ⚠️ Erreur ligne 489: not all arguments converted during string formatting
[2026-01-26T14:28:41.598+0000] {logging_mixin.py:151} INFO -      ⚠️ Erreur ligne 490: not all arguments converted during string formatting
[2026-01-26T14:28:41.598+0000] {logging_mixin.py:151} INFO -      ⚠️ Erreur ligne 491: not all arguments converted during string formatting
[2026-01-26T14:28:41.598+0000] {logging_mixin.py:151} INFO -      ⚠️ Erreur ligne 492: not all arguments converted during string formatting
[2026-01-26T14:28:41.599+0000] {logging_mixin.py:151} INFO -      ⚠️ Erreur ligne 493: not all arguments converted during string formatting
[2026-01-26T14:28:41.599+0000] {logging_mixin.py:151} INFO -      ⚠️ Erreur ligne 494: not all arguments converted during string formatting
[2026-01-26T14:28:41.599+0000] {logging_mixin.py:151} INFO -      ⚠️ Erreur ligne 495: not all arguments converted during string formatting
[2026-01-26T14:28:41.600+0000] {logging_mixin.py:151} INFO -      ⚠️ Erreur ligne 496: not all arguments converted during string formatting
[2026-01-26T14:28:41.600+0000] {logging_mixin.py:151} INFO -      ⚠️ Erreur ligne 497: not all arguments converted during string formatting
[2026-01-26T14:28:41.601+0000] {logging_mixin.py:151} INFO -      ⚠️ Erreur ligne 498: not all arguments converted during string formatting
[2026-01-26T14:28:41.601+0000] {logging_mixin.py:151} INFO -      ⚠️ Erreur ligne 499: not all arguments converted during string formatting
[2026-01-26T14:28:41.601+0000] {logging_mixin.py:151} INFO -      ⚠️ Erreur ligne 500: not all arguments converted during string formatting
[2026-01-26T14:28:41.602+0000] {logging_mixin.py:151} INFO -      ⚠️ Erreur ligne 501: not all arguments converted during string formatting
[2026-01-26T14:28:41.602+0000] {logging_mixin.py:151} INFO -      ⚠️ Erreur ligne 502: not all arguments converted during string formatting
[2026-01-26T14:28:41.602+0000] {logging_mixin.py:151} INFO -      ⚠️ Erreur ligne 503: not all arguments converted during string formatting
[2026-01-26T14:28:41.603+0000] {logging_mixin.py:151} INFO -      ⚠️ Erreur ligne 504: not all arguments converted during string formatting
[2026-01-26T14:28:41.603+0000] {logging_mixin.py:151} INFO -      ⚠️ Erreur ligne 505: not all arguments converted during string formatting
[2026-01-26T14:28:41.604+0000] {logging_mixin.py:151} INFO -      ⚠️ Erreur ligne 506: not all arguments converted during string formatting
[2026-01-26T14:28:41.604+0000] {logging_mixin.py:151} INFO -      ⚠️ Erreur ligne 507: not all arguments converted during string formatting
[2026-01-26T14:28:41.605+0000] {logging_mixin.py:151} INFO -      ⚠️ Erreur ligne 508: not all arguments converted during string formatting
[2026-01-26T14:28:41.606+0000] {logging_mixin.py:151} INFO -      ⚠️ Erreur ligne 509: not all arguments converted during string formatting
[2026-01-26T14:28:41.606+0000] {logging_mixin.py:151} INFO -      ⚠️ Erreur ligne 510: not all arguments converted during string formatting
[2026-01-26T14:28:41.607+0000] {logging_mixin.py:151} INFO -      ⚠️ Erreur ligne 511: not all arguments converted during string formatting
[2026-01-26T14:28:41.607+0000] {logging_mixin.py:151} INFO -      ⚠️ Erreur ligne 512: not all arguments converted during string formatting
[2026-01-26T14:28:41.607+0000] {logging_mixin.py:151} INFO -      ⚠️ Erreur ligne 513: not all arguments converted during string formatting
[2026-01-26T14:28:41.608+0000] {logging_mixin.py:151} INFO -      ⚠️ Erreur ligne 514: not all arguments converted during string formatting
[2026-01-26T14:28:41.608+0000] {logging_mixin.py:151} INFO -      ⚠️ Erreur ligne 515: not all arguments converted during string formatting
[2026-01-26T14:28:41.608+0000] {logging_mixin.py:151} INFO -      ⚠️ Erreur ligne 516: not all arguments converted during string formatting
[2026-01-26T14:28:41.609+0000] {logging_mixin.py:151} INFO -      ⚠️ Erreur ligne 517: not all arguments converted during string formatting
[2026-01-26T14:28:41.609+0000] {logging_mixin.py:151} INFO -      ⚠️ Erreur ligne 518: not all arguments converted during string formatting
[2026-01-26T14:28:41.609+0000] {logging_mixin.py:151} INFO -      ⚠️ Erreur ligne 519: not all arguments converted during string formatting
[2026-01-26T14:28:41.610+0000] {logging_mixin.py:151} INFO -      ⚠️ Erreur ligne 520: not all arguments converted during string formatting
[2026-01-26T14:28:41.610+0000] {logging_mixin.py:151} INFO -      ⚠️ Erreur ligne 521: not all arguments converted during string formatting
[2026-01-26T14:28:41.611+0000] {logging_mixin.py:151} INFO -      ⚠️ Erreur ligne 522: not all arguments converted during string formatting
[2026-01-26T14:28:41.611+0000] {logging_mixin.py:151} INFO -      ⚠️ Erreur ligne 523: not all arguments converted during string formatting
[2026-01-26T14:28:41.611+0000] {logging_mixin.py:151} INFO -      ⚠️ Erreur ligne 524: not all arguments converted during string formatting
[2026-01-26T14:28:41.612+0000] {logging_mixin.py:151} INFO -      ⚠️ Erreur ligne 525: not all arguments converted during string formatting
[2026-01-26T14:28:41.612+0000] {logging_mixin.py:151} INFO -      ⚠️ Erreur ligne 526: not all arguments converted during string formatting
[2026-01-26T14:28:41.612+0000] {logging_mixin.py:151} INFO -      ⚠️ Erreur ligne 527: not all arguments converted during string formatting
[2026-01-26T14:28:41.613+0000] {logging_mixin.py:151} INFO -      ⚠️ Erreur ligne 528: not all arguments converted during string formatting
[2026-01-26T14:28:41.613+0000] {logging_mixin.py:151} INFO -      ⚠️ Erreur ligne 529: not all arguments converted during string formatting
[2026-01-26T14:28:41.614+0000] {logging_mixin.py:151} INFO -      ⚠️ Erreur ligne 530: not all arguments converted during string formatting
[2026-01-26T14:28:41.614+0000] {logging_mixin.py:151} INFO -      ⚠️ Erreur ligne 531: not all arguments converted during string formatting
[2026-01-26T14:28:41.615+0000] {logging_mixin.py:151} INFO -      ⚠️ Erreur ligne 532: not all arguments converted during string formatting
[2026-01-26T14:28:41.615+0000] {logging_mixin.py:151} INFO -      ⚠️ Erreur ligne 533: not all arguments converted during string formatting
[2026-01-26T14:28:41.616+0000] {logging_mixin.py:151} INFO -      ⚠️ Erreur ligne 534: not all arguments converted during string formatting
[2026-01-26T14:28:41.616+0000] {logging_mixin.py:151} INFO -      ⚠️ Erreur ligne 535: not all arguments converted during string formatting
[2026-01-26T14:28:41.616+0000] {logging_mixin.py:151} INFO -      ⚠️ Erreur ligne 536: not all arguments converted during string formatting
[2026-01-26T14:28:41.617+0000] {logging_mixin.py:151} INFO -      ⚠️ Erreur ligne 537: not all arguments converted during string formatting
[2026-01-26T14:28:41.617+0000] {logging_mixin.py:151} INFO -      ⚠️ Erreur ligne 538: not all arguments converted during string formatting
[2026-01-26T14:28:41.618+0000] {logging_mixin.py:151} INFO -      ⚠️ Erreur ligne 539: not all arguments converted during string formatting
[2026-01-26T14:28:41.619+0000] {logging_mixin.py:151} INFO -      ⚠️ Erreur ligne 540: not all arguments converted during string formatting
[2026-01-26T14:28:41.619+0000] {logging_mixin.py:151} INFO -      ⚠️ Erreur ligne 541: not all arguments converted during string formatting
[2026-01-26T14:28:41.620+0000] {logging_mixin.py:151} INFO -      ⚠️ Erreur ligne 542: not all arguments converted during string formatting
[2026-01-26T14:28:41.620+0000] {logging_mixin.py:151} INFO -      ⚠️ Erreur ligne 543: not all arguments converted during string formatting
[2026-01-26T14:28:41.621+0000] {logging_mixin.py:151} INFO -      ⚠️ Erreur ligne 544: not all arguments converted during string formatting
[2026-01-26T14:28:41.621+0000] {logging_mixin.py:151} INFO -      ⚠️ Erreur ligne 545: not all arguments converted during string formatting
[2026-01-26T14:28:41.622+0000] {logging_mixin.py:151} INFO -      ⚠️ Erreur ligne 546: not all arguments converted during string formatting
[2026-01-26T14:28:41.622+0000] {logging_mixin.py:151} INFO -      ⚠️ Erreur ligne 547: not all arguments converted during string formatting
[2026-01-26T14:28:41.622+0000] {logging_mixin.py:151} INFO -      ⚠️ Erreur ligne 548: not all arguments converted during string formatting
[2026-01-26T14:28:41.623+0000] {logging_mixin.py:151} INFO -      ⚠️ Erreur ligne 549: not all arguments converted during string formatting
[2026-01-26T14:28:41.623+0000] {logging_mixin.py:151} INFO -      ⚠️ Erreur ligne 550: not all arguments converted during string formatting
[2026-01-26T14:28:41.623+0000] {logging_mixin.py:151} INFO -      ⚠️ Erreur ligne 551: not all arguments converted during string formatting
[2026-01-26T14:28:41.624+0000] {logging_mixin.py:151} INFO -      ⚠️ Erreur ligne 552: not all arguments converted during string formatting
[2026-01-26T14:28:41.624+0000] {logging_mixin.py:151} INFO -      ⚠️ Erreur ligne 553: not all arguments converted during string formatting
[2026-01-26T14:28:41.625+0000] {logging_mixin.py:151} INFO -      ⚠️ Erreur ligne 554: not all arguments converted during string formatting
[2026-01-26T14:28:41.625+0000] {logging_mixin.py:151} INFO -      ⚠️ Erreur ligne 555: not all arguments converted during string formatting
[2026-01-26T14:28:41.626+0000] {logging_mixin.py:151} INFO -      ⚠️ Erreur ligne 556: not all arguments converted during string formatting
[2026-01-26T14:28:41.626+0000] {logging_mixin.py:151} INFO -      ⚠️ Erreur ligne 557: not all arguments converted during string formatting
[2026-01-26T14:28:41.626+0000] {logging_mixin.py:151} INFO -      ⚠️ Erreur ligne 558: not all arguments converted during string formatting
[2026-01-26T14:28:41.627+0000] {logging_mixin.py:151} INFO -      ⚠️ Erreur ligne 559: not all arguments converted during string formatting
[2026-01-26T14:28:41.627+0000] {logging_mixin.py:151} INFO -      ⚠️ Erreur ligne 560: not all arguments converted during string formatting
[2026-01-26T14:28:41.628+0000] {logging_mixin.py:151} INFO -      ⚠️ Erreur ligne 561: not all arguments converted during string formatting
[2026-01-26T14:28:41.628+0000] {logging_mixin.py:151} INFO -      ⚠️ Erreur ligne 562: not all arguments converted during string formatting
[2026-01-26T14:28:41.629+0000] {logging_mixin.py:151} INFO -      ⚠️ Erreur ligne 563: not all arguments converted during string formatting
[2026-01-26T14:28:41.629+0000] {logging_mixin.py:151} INFO -      ⚠️ Erreur ligne 564: not all arguments converted during string formatting
[2026-01-26T14:28:41.629+0000] {logging_mixin.py:151} INFO -      ⚠️ Erreur ligne 565: not all arguments converted during string formatting
[2026-01-26T14:28:41.630+0000] {logging_mixin.py:151} INFO -      ⚠️ Erreur ligne 566: not all arguments converted during string formatting
[2026-01-26T14:28:41.630+0000] {logging_mixin.py:151} INFO -      ⚠️ Erreur ligne 567: not all arguments converted during string formatting
[2026-01-26T14:28:41.630+0000] {logging_mixin.py:151} INFO -      ⚠️ Erreur ligne 568: not all arguments converted during string formatting
[2026-01-26T14:28:41.631+0000] {logging_mixin.py:151} INFO -      ⚠️ Erreur ligne 569: not all arguments converted during string formatting
[2026-01-26T14:28:41.631+0000] {logging_mixin.py:151} INFO -      ⚠️ Erreur ligne 570: not all arguments converted during string formatting
[2026-01-26T14:28:41.632+0000] {logging_mixin.py:151} INFO -      ⚠️ Erreur ligne 571: not all arguments converted during string formatting
[2026-01-26T14:28:41.633+0000] {logging_mixin.py:151} INFO -      ⚠️ Erreur ligne 572: not all arguments converted during string formatting
[2026-01-26T14:28:41.633+0000] {logging_mixin.py:151} INFO -      ⚠️ Erreur ligne 573: not all arguments converted during string formatting
[2026-01-26T14:28:41.634+0000] {logging_mixin.py:151} INFO -      ⚠️ Erreur ligne 574: not all arguments converted during string formatting
[2026-01-26T14:28:41.634+0000] {logging_mixin.py:151} INFO -      ⚠️ Erreur ligne 575: not all arguments converted during string formatting
[2026-01-26T14:28:41.635+0000] {logging_mixin.py:151} INFO -      ⚠️ Erreur ligne 576: not all arguments converted during string formatting
[2026-01-26T14:28:41.635+0000] {logging_mixin.py:151} INFO -      ⚠️ Erreur ligne 577: not all arguments converted during string formatting
[2026-01-26T14:28:41.635+0000] {logging_mixin.py:151} INFO -      ⚠️ Erreur ligne 578: not all arguments converted during string formatting
[2026-01-26T14:28:41.636+0000] {logging_mixin.py:151} INFO -      ⚠️ Erreur ligne 579: not all arguments converted during string formatting
[2026-01-26T14:28:41.636+0000] {logging_mixin.py:151} INFO -      ⚠️ Erreur ligne 580: not all arguments converted during string formatting
[2026-01-26T14:28:41.637+0000] {logging_mixin.py:151} INFO -      ⚠️ Erreur ligne 581: not all arguments converted during string formatting
[2026-01-26T14:28:41.637+0000] {logging_mixin.py:151} INFO -      ⚠️ Erreur ligne 582: not all arguments converted during string formatting
[2026-01-26T14:28:41.637+0000] {logging_mixin.py:151} INFO -      ⚠️ Erreur ligne 583: not all arguments converted during string formatting
[2026-01-26T14:28:41.638+0000] {logging_mixin.py:151} INFO -      ⚠️ Erreur ligne 584: not all arguments converted during string formatting
[2026-01-26T14:28:41.638+0000] {logging_mixin.py:151} INFO -      ⚠️ Erreur ligne 585: not all arguments converted during string formatting
[2026-01-26T14:28:41.639+0000] {logging_mixin.py:151} INFO -      ⚠️ Erreur ligne 586: not all arguments converted during string formatting
[2026-01-26T14:28:41.639+0000] {logging_mixin.py:151} INFO -      ⚠️ Erreur ligne 587: not all arguments converted during string formatting
[2026-01-26T14:28:41.640+0000] {logging_mixin.py:151} INFO -      ⚠️ Erreur ligne 588: not all arguments converted during string formatting
[2026-01-26T14:28:41.640+0000] {logging_mixin.py:151} INFO -      ⚠️ Erreur ligne 589: not all arguments converted during string formatting
[2026-01-26T14:28:41.640+0000] {logging_mixin.py:151} INFO -      ⚠️ Erreur ligne 590: not all arguments converted during string formatting
[2026-01-26T14:28:41.641+0000] {logging_mixin.py:151} INFO -      ⚠️ Erreur ligne 591: not all arguments converted during string formatting
[2026-01-26T14:28:41.641+0000] {logging_mixin.py:151} INFO -      ⚠️ Erreur ligne 592: not all arguments converted during string formatting
[2026-01-26T14:28:41.642+0000] {logging_mixin.py:151} INFO -      ⚠️ Erreur ligne 593: not all arguments converted during string formatting
[2026-01-26T14:28:41.642+0000] {logging_mixin.py:151} INFO -      ⚠️ Erreur ligne 594: not all arguments converted during string formatting
[2026-01-26T14:28:41.642+0000] {logging_mixin.py:151} INFO -      ⚠️ Erreur ligne 595: not all arguments converted during string formatting
[2026-01-26T14:28:41.643+0000] {logging_mixin.py:151} INFO -      ⚠️ Erreur ligne 596: not all arguments converted during string formatting
[2026-01-26T14:28:41.643+0000] {logging_mixin.py:151} INFO -      ⚠️ Erreur ligne 597: not all arguments converted during string formatting
[2026-01-26T14:28:41.644+0000] {logging_mixin.py:151} INFO -      ⚠️ Erreur ligne 598: not all arguments converted during string formatting
[2026-01-26T14:28:41.644+0000] {logging_mixin.py:151} INFO -      ⚠️ Erreur ligne 599: not all arguments converted during string formatting
[2026-01-26T14:28:41.644+0000] {logging_mixin.py:151} INFO -      ⚠️ Erreur ligne 600: not all arguments converted during string formatting
[2026-01-26T14:28:41.645+0000] {logging_mixin.py:151} INFO -      ⚠️ Erreur ligne 601: not all arguments converted during string formatting
[2026-01-26T14:28:41.645+0000] {logging_mixin.py:151} INFO -      ⚠️ Erreur ligne 602: not all arguments converted during string formatting
[2026-01-26T14:28:41.646+0000] {logging_mixin.py:151} INFO -      ⚠️ Erreur ligne 603: not all arguments converted during string formatting
[2026-01-26T14:28:41.646+0000] {logging_mixin.py:151} INFO -      ⚠️ Erreur ligne 604: not all arguments converted during string formatting
[2026-01-26T14:28:41.646+0000] {logging_mixin.py:151} INFO -      ⚠️ Erreur ligne 605: not all arguments converted during string formatting
[2026-01-26T14:28:41.647+0000] {logging_mixin.py:151} INFO -      ⚠️ Erreur ligne 606: not all arguments converted during string formatting
[2026-01-26T14:28:41.647+0000] {logging_mixin.py:151} INFO -      ⚠️ Erreur ligne 607: not all arguments converted during string formatting
[2026-01-26T14:28:41.647+0000] {logging_mixin.py:151} INFO -      ⚠️ Erreur ligne 608: not all arguments converted during string formatting
[2026-01-26T14:28:41.648+0000] {logging_mixin.py:151} INFO -      ⚠️ Erreur ligne 609: not all arguments converted during string formatting
[2026-01-26T14:28:41.648+0000] {logging_mixin.py:151} INFO -      ⚠️ Erreur ligne 610: not all arguments converted during string formatting
[2026-01-26T14:28:41.649+0000] {logging_mixin.py:151} INFO -      ⚠️ Erreur ligne 611: not all arguments converted during string formatting
[2026-01-26T14:28:41.649+0000] {logging_mixin.py:151} INFO -      ⚠️ Erreur ligne 612: not all arguments converted during string formatting
[2026-01-26T14:28:41.649+0000] {logging_mixin.py:151} INFO -      ⚠️ Erreur ligne 613: not all arguments converted during string formatting
[2026-01-26T14:28:41.650+0000] {logging_mixin.py:151} INFO -      ⚠️ Erreur ligne 614: not all arguments converted during string formatting
[2026-01-26T14:28:41.650+0000] {logging_mixin.py:151} INFO -      ⚠️ Erreur ligne 615: not all arguments converted during string formatting
[2026-01-26T14:28:41.650+0000] {logging_mixin.py:151} INFO -      ⚠️ Erreur ligne 616: not all arguments converted during string formatting
[2026-01-26T14:28:41.651+0000] {logging_mixin.py:151} INFO -      ⚠️ Erreur ligne 617: not all arguments converted during string formatting
[2026-01-26T14:28:41.651+0000] {logging_mixin.py:151} INFO -      ⚠️ Erreur ligne 618: not all arguments converted during string formatting
[2026-01-26T14:28:41.652+0000] {logging_mixin.py:151} INFO -      ⚠️ Erreur ligne 619: not all arguments converted during string formatting
[2026-01-26T14:28:41.652+0000] {logging_mixin.py:151} INFO -      ⚠️ Erreur ligne 620: not all arguments converted during string formatting
[2026-01-26T14:28:41.652+0000] {logging_mixin.py:151} INFO -      ⚠️ Erreur ligne 621: not all arguments converted during string formatting
[2026-01-26T14:28:41.653+0000] {logging_mixin.py:151} INFO -      ⚠️ Erreur ligne 622: not all arguments converted during string formatting
[2026-01-26T14:28:41.653+0000] {logging_mixin.py:151} INFO -      ⚠️ Erreur ligne 623: not all arguments converted during string formatting
[2026-01-26T14:28:41.654+0000] {logging_mixin.py:151} INFO -      ⚠️ Erreur ligne 624: not all arguments converted during string formatting
[2026-01-26T14:28:41.654+0000] {logging_mixin.py:151} INFO -      ⚠️ Erreur ligne 625: not all arguments converted during string formatting
[2026-01-26T14:28:41.654+0000] {logging_mixin.py:151} INFO -      ⚠️ Erreur ligne 626: not all arguments converted during string formatting
[2026-01-26T14:28:41.655+0000] {logging_mixin.py:151} INFO -      ⚠️ Erreur ligne 627: not all arguments converted during string formatting
[2026-01-26T14:28:41.655+0000] {logging_mixin.py:151} INFO -      ⚠️ Erreur ligne 628: not all arguments converted during string formatting
[2026-01-26T14:28:41.656+0000] {logging_mixin.py:151} INFO -      ⚠️ Erreur ligne 629: not all arguments converted during string formatting
[2026-01-26T14:28:41.656+0000] {logging_mixin.py:151} INFO -      ⚠️ Erreur ligne 630: not all arguments converted during string formatting
[2026-01-26T14:28:41.656+0000] {logging_mixin.py:151} INFO -      ⚠️ Erreur ligne 631: not all arguments converted during string formatting
[2026-01-26T14:28:41.657+0000] {logging_mixin.py:151} INFO -      ⚠️ Erreur ligne 632: not all arguments converted during string formatting
[2026-01-26T14:28:41.658+0000] {logging_mixin.py:151} INFO -      ⚠️ Erreur ligne 633: not all arguments converted during string formatting
[2026-01-26T14:28:41.659+0000] {logging_mixin.py:151} INFO -      ⚠️ Erreur ligne 634: not all arguments converted during string formatting
[2026-01-26T14:28:41.660+0000] {logging_mixin.py:151} INFO -      ⚠️ Erreur ligne 635: not all arguments converted during string formatting
[2026-01-26T14:28:41.660+0000] {logging_mixin.py:151} INFO -      ⚠️ Erreur ligne 636: not all arguments converted during string formatting
[2026-01-26T14:28:41.660+0000] {logging_mixin.py:151} INFO -      ⚠️ Erreur ligne 637: not all arguments converted during string formatting
[2026-01-26T14:28:41.661+0000] {logging_mixin.py:151} INFO -      ⚠️ Erreur ligne 638: not all arguments converted during string formatting
[2026-01-26T14:28:41.661+0000] {logging_mixin.py:151} INFO -      ⚠️ Erreur ligne 639: not all arguments converted during string formatting
[2026-01-26T14:28:41.661+0000] {logging_mixin.py:151} INFO -      ⚠️ Erreur ligne 640: not all arguments converted during string formatting
[2026-01-26T14:28:41.662+0000] {logging_mixin.py:151} INFO -      ⚠️ Erreur ligne 641: not all arguments converted during string formatting
[2026-01-26T14:28:41.662+0000] {logging_mixin.py:151} INFO -      ⚠️ Erreur ligne 642: not all arguments converted during string formatting
[2026-01-26T14:28:41.662+0000] {logging_mixin.py:151} INFO -      ⚠️ Erreur ligne 643: not all arguments converted during string formatting
[2026-01-26T14:28:41.663+0000] {logging_mixin.py:151} INFO -      ⚠️ Erreur ligne 644: not all arguments converted during string formatting
[2026-01-26T14:28:41.663+0000] {logging_mixin.py:151} INFO -      ⚠️ Erreur ligne 645: not all arguments converted during string formatting
[2026-01-26T14:28:41.663+0000] {logging_mixin.py:151} INFO -      ⚠️ Erreur ligne 646: not all arguments converted during string formatting
[2026-01-26T14:28:41.664+0000] {logging_mixin.py:151} INFO -      ⚠️ Erreur ligne 647: not all arguments converted during string formatting
[2026-01-26T14:28:41.664+0000] {logging_mixin.py:151} INFO -      ⚠️ Erreur ligne 648: not all arguments converted during string formatting
[2026-01-26T14:28:41.664+0000] {logging_mixin.py:151} INFO -      ⚠️ Erreur ligne 649: not all arguments converted during string formatting
[2026-01-26T14:28:41.665+0000] {logging_mixin.py:151} INFO -      ⚠️ Erreur ligne 650: not all arguments converted during string formatting
[2026-01-26T14:28:41.665+0000] {logging_mixin.py:151} INFO -      ⚠️ Erreur ligne 651: not all arguments converted during string formatting
[2026-01-26T14:28:41.666+0000] {logging_mixin.py:151} INFO -      ⚠️ Erreur ligne 652: not all arguments converted during string formatting
[2026-01-26T14:28:41.666+0000] {logging_mixin.py:151} INFO -      ⚠️ Erreur ligne 653: not all arguments converted during string formatting
[2026-01-26T14:28:41.667+0000] {logging_mixin.py:151} INFO -      ⚠️ Erreur ligne 654: not all arguments converted during string formatting
[2026-01-26T14:28:41.668+0000] {logging_mixin.py:151} INFO -      ⚠️ Erreur ligne 655: not all arguments converted during string formatting
[2026-01-26T14:28:41.668+0000] {logging_mixin.py:151} INFO -      ⚠️ Erreur ligne 656: not all arguments converted during string formatting
[2026-01-26T14:28:41.668+0000] {logging_mixin.py:151} INFO -      ⚠️ Erreur ligne 657: not all arguments converted during string formatting
[2026-01-26T14:28:41.669+0000] {logging_mixin.py:151} INFO -      ⚠️ Erreur ligne 658: not all arguments converted during string formatting
[2026-01-26T14:28:41.669+0000] {logging_mixin.py:151} INFO -      ⚠️ Erreur ligne 659: not all arguments converted during string formatting
[2026-01-26T14:28:41.670+0000] {logging_mixin.py:151} INFO -      ⚠️ Erreur ligne 660: not all arguments converted during string formatting
[2026-01-26T14:28:41.670+0000] {logging_mixin.py:151} INFO -      ⚠️ Erreur ligne 661: not all arguments converted during string formatting
[2026-01-26T14:28:41.670+0000] {logging_mixin.py:151} INFO -      ⚠️ Erreur ligne 662: not all arguments converted during string formatting
[2026-01-26T14:28:41.671+0000] {logging_mixin.py:151} INFO -      ⚠️ Erreur ligne 663: not all arguments converted during string formatting
[2026-01-26T14:28:41.671+0000] {logging_mixin.py:151} INFO -      ⚠️ Erreur ligne 664: not all arguments converted during string formatting
[2026-01-26T14:28:41.672+0000] {logging_mixin.py:151} INFO -      ⚠️ Erreur ligne 665: not all arguments converted during string formatting
[2026-01-26T14:28:41.672+0000] {logging_mixin.py:151} INFO -      ⚠️ Erreur ligne 666: not all arguments converted during string formatting
[2026-01-26T14:28:41.672+0000] {logging_mixin.py:151} INFO -      ⚠️ Erreur ligne 667: not all arguments converted during string formatting
[2026-01-26T14:28:41.673+0000] {logging_mixin.py:151} INFO -      ⚠️ Erreur ligne 668: not all arguments converted during string formatting
[2026-01-26T14:28:41.674+0000] {logging_mixin.py:151} INFO -      ⚠️ Erreur ligne 669: not all arguments converted during string formatting
[2026-01-26T14:28:41.675+0000] {logging_mixin.py:151} INFO -      ⚠️ Erreur ligne 670: not all arguments converted during string formatting
[2026-01-26T14:28:41.676+0000] {logging_mixin.py:151} INFO -      ⚠️ Erreur ligne 671: not all arguments converted during string formatting
[2026-01-26T14:28:41.676+0000] {logging_mixin.py:151} INFO -      ⚠️ Erreur ligne 672: not all arguments converted during string formatting
[2026-01-26T14:28:41.677+0000] {logging_mixin.py:151} INFO -      ⚠️ Erreur ligne 673: not all arguments converted during string formatting
[2026-01-26T14:28:41.677+0000] {logging_mixin.py:151} INFO -      ⚠️ Erreur ligne 674: not all arguments converted during string formatting
[2026-01-26T14:28:41.677+0000] {logging_mixin.py:151} INFO -      ⚠️ Erreur ligne 675: not all arguments converted during string formatting
[2026-01-26T14:28:41.678+0000] {logging_mixin.py:151} INFO -      ⚠️ Erreur ligne 676: not all arguments converted during string formatting
[2026-01-26T14:28:41.678+0000] {logging_mixin.py:151} INFO -      ⚠️ Erreur ligne 677: not all arguments converted during string formatting
[2026-01-26T14:28:41.679+0000] {logging_mixin.py:151} INFO -      ⚠️ Erreur ligne 678: not all arguments converted during string formatting
[2026-01-26T14:28:41.680+0000] {logging_mixin.py:151} INFO -      ⚠️ Erreur ligne 679: not all arguments converted during string formatting
[2026-01-26T14:28:41.681+0000] {logging_mixin.py:151} INFO -      ⚠️ Erreur ligne 680: not all arguments converted during string formatting
[2026-01-26T14:28:41.682+0000] {logging_mixin.py:151} INFO -      ⚠️ Erreur ligne 681: not all arguments converted during string formatting
[2026-01-26T14:28:41.683+0000] {logging_mixin.py:151} INFO -      ⚠️ Erreur ligne 682: not all arguments converted during string formatting
[2026-01-26T14:28:41.684+0000] {logging_mixin.py:151} INFO -      ⚠️ Erreur ligne 683: not all arguments converted during string formatting
[2026-01-26T14:28:41.685+0000] {logging_mixin.py:151} INFO -      ⚠️ Erreur ligne 684: not all arguments converted during string formatting
[2026-01-26T14:28:41.686+0000] {logging_mixin.py:151} INFO -      ⚠️ Erreur ligne 685: not all arguments converted during string formatting
[2026-01-26T14:28:41.687+0000] {logging_mixin.py:151} INFO -      ⚠️ Erreur ligne 686: not all arguments converted during string formatting
[2026-01-26T14:28:41.688+0000] {logging_mixin.py:151} INFO -      ⚠️ Erreur ligne 687: not all arguments converted during string formatting
[2026-01-26T14:28:41.689+0000] {logging_mixin.py:151} INFO -      ⚠️ Erreur ligne 688: not all arguments converted during string formatting
[2026-01-26T14:28:41.690+0000] {logging_mixin.py:151} INFO -      ⚠️ Erreur ligne 689: not all arguments converted during string formatting
[2026-01-26T14:28:41.691+0000] {logging_mixin.py:151} INFO -      ⚠️ Erreur ligne 690: not all arguments converted during string formatting
[2026-01-26T14:28:41.691+0000] {logging_mixin.py:151} INFO -      ⚠️ Erreur ligne 691: not all arguments converted during string formatting
[2026-01-26T14:28:41.692+0000] {logging_mixin.py:151} INFO -      ⚠️ Erreur ligne 692: not all arguments converted during string formatting
[2026-01-26T14:28:41.692+0000] {logging_mixin.py:151} INFO -      ⚠️ Erreur ligne 693: not all arguments converted during string formatting
[2026-01-26T14:28:41.693+0000] {logging_mixin.py:151} INFO -      ⚠️ Erreur ligne 694: not all arguments converted during string formatting
[2026-01-26T14:28:41.693+0000] {logging_mixin.py:151} INFO -      ⚠️ Erreur ligne 695: not all arguments converted during string formatting
[2026-01-26T14:28:41.694+0000] {logging_mixin.py:151} INFO -      ⚠️ Erreur ligne 696: not all arguments converted during string formatting
[2026-01-26T14:28:41.694+0000] {logging_mixin.py:151} INFO -      ⚠️ Erreur ligne 697: not all arguments converted during string formatting
[2026-01-26T14:28:41.695+0000] {logging_mixin.py:151} INFO -      ⚠️ Erreur ligne 698: not all arguments converted during string formatting
[2026-01-26T14:28:41.695+0000] {logging_mixin.py:151} INFO -      ⚠️ Erreur ligne 699: not all arguments converted during string formatting
[2026-01-26T14:28:41.696+0000] {logging_mixin.py:151} INFO -      ⚠️ Erreur ligne 700: not all arguments converted during string formatting
[2026-01-26T14:28:41.697+0000] {logging_mixin.py:151} INFO -      ⚠️ Erreur ligne 701: not all arguments converted during string formatting
[2026-01-26T14:28:41.698+0000] {logging_mixin.py:151} INFO -      ⚠️ Erreur ligne 702: not all arguments converted during string formatting
[2026-01-26T14:28:41.699+0000] {logging_mixin.py:151} INFO -      ⚠️ Erreur ligne 703: not all arguments converted during string formatting
[2026-01-26T14:28:41.699+0000] {logging_mixin.py:151} INFO -      ⚠️ Erreur ligne 704: not all arguments converted during string formatting
[2026-01-26T14:28:41.700+0000] {logging_mixin.py:151} INFO -      ⚠️ Erreur ligne 705: not all arguments converted during string formatting
[2026-01-26T14:28:41.700+0000] {logging_mixin.py:151} INFO -      ⚠️ Erreur ligne 706: not all arguments converted during string formatting
[2026-01-26T14:28:41.701+0000] {logging_mixin.py:151} INFO -      ⚠️ Erreur ligne 707: not all arguments converted during string formatting
[2026-01-26T14:28:41.702+0000] {logging_mixin.py:151} INFO -      ⚠️ Erreur ligne 708: not all arguments converted during string formatting
[2026-01-26T14:28:41.703+0000] {logging_mixin.py:151} INFO -      ⚠️ Erreur ligne 709: not all arguments converted during string formatting
[2026-01-26T14:28:41.703+0000] {logging_mixin.py:151} INFO -      ⚠️ Erreur ligne 710: not all arguments converted during string formatting
[2026-01-26T14:28:41.704+0000] {logging_mixin.py:151} INFO -      ⚠️ Erreur ligne 711: not all arguments converted during string formatting
[2026-01-26T14:28:41.705+0000] {logging_mixin.py:151} INFO -      ⚠️ Erreur ligne 712: not all arguments converted during string formatting
[2026-01-26T14:28:41.705+0000] {logging_mixin.py:151} INFO -      ⚠️ Erreur ligne 713: not all arguments converted during string formatting
[2026-01-26T14:28:41.706+0000] {logging_mixin.py:151} INFO -      ⚠️ Erreur ligne 714: not all arguments converted during string formatting
[2026-01-26T14:28:41.706+0000] {logging_mixin.py:151} INFO -      ⚠️ Erreur ligne 715: not all arguments converted during string formatting
[2026-01-26T14:28:41.707+0000] {logging_mixin.py:151} INFO -      ⚠️ Erreur ligne 716: not all arguments converted during string formatting
[2026-01-26T14:28:41.707+0000] {logging_mixin.py:151} INFO -      ⚠️ Erreur ligne 717: not all arguments converted during string formatting
[2026-01-26T14:28:41.708+0000] {logging_mixin.py:151} INFO -      ⚠️ Erreur ligne 718: not all arguments converted during string formatting
[2026-01-26T14:28:41.708+0000] {logging_mixin.py:151} INFO -      ⚠️ Erreur ligne 719: not all arguments converted during string formatting
[2026-01-26T14:28:41.709+0000] {logging_mixin.py:151} INFO -      ⚠️ Erreur ligne 720: not all arguments converted during string formatting
[2026-01-26T14:28:41.709+0000] {logging_mixin.py:151} INFO -      ⚠️ Erreur ligne 721: not all arguments converted during string formatting
[2026-01-26T14:28:41.710+0000] {logging_mixin.py:151} INFO -      ⚠️ Erreur ligne 722: not all arguments converted during string formatting
[2026-01-26T14:28:41.710+0000] {logging_mixin.py:151} INFO -      ⚠️ Erreur ligne 723: not all arguments converted during string formatting
[2026-01-26T14:28:41.711+0000] {logging_mixin.py:151} INFO -      ⚠️ Erreur ligne 724: not all arguments converted during string formatting
[2026-01-26T14:28:41.712+0000] {logging_mixin.py:151} INFO -      ⚠️ Erreur ligne 725: not all arguments converted during string formatting
[2026-01-26T14:28:41.713+0000] {logging_mixin.py:151} INFO -      ⚠️ Erreur ligne 726: not all arguments converted during string formatting
[2026-01-26T14:28:41.714+0000] {logging_mixin.py:151} INFO -      ⚠️ Erreur ligne 727: not all arguments converted during string formatting
[2026-01-26T14:28:41.714+0000] {logging_mixin.py:151} INFO -      ⚠️ Erreur ligne 728: not all arguments converted during string formatting
[2026-01-26T14:28:41.716+0000] {logging_mixin.py:151} INFO -      ⚠️ Erreur ligne 729: not all arguments converted during string formatting
[2026-01-26T14:28:41.717+0000] {logging_mixin.py:151} INFO -      ⚠️ Erreur ligne 730: not all arguments converted during string formatting
[2026-01-26T14:28:41.718+0000] {logging_mixin.py:151} INFO -      ⚠️ Erreur ligne 731: not all arguments converted during string formatting
[2026-01-26T14:28:41.719+0000] {logging_mixin.py:151} INFO -      ⚠️ Erreur ligne 732: not all arguments converted during string formatting
[2026-01-26T14:28:41.719+0000] {logging_mixin.py:151} INFO -      ⚠️ Erreur ligne 733: not all arguments converted during string formatting
[2026-01-26T14:28:41.720+0000] {logging_mixin.py:151} INFO -      ⚠️ Erreur ligne 734: not all arguments converted during string formatting
[2026-01-26T14:28:41.721+0000] {logging_mixin.py:151} INFO -      ⚠️ Erreur ligne 735: not all arguments converted during string formatting
[2026-01-26T14:28:41.722+0000] {logging_mixin.py:151} INFO -      ⚠️ Erreur ligne 736: not all arguments converted during string formatting
[2026-01-26T14:28:41.722+0000] {logging_mixin.py:151} INFO -      ⚠️ Erreur ligne 737: not all arguments converted during string formatting
[2026-01-26T14:28:41.723+0000] {logging_mixin.py:151} INFO -      ⚠️ Erreur ligne 738: not all arguments converted during string formatting
[2026-01-26T14:28:41.724+0000] {logging_mixin.py:151} INFO -      ⚠️ Erreur ligne 739: not all arguments converted during string formatting
[2026-01-26T14:28:41.726+0000] {logging_mixin.py:151} INFO -      ⚠️ Erreur ligne 740: not all arguments converted during string formatting
[2026-01-26T14:28:41.727+0000] {logging_mixin.py:151} INFO -      ⚠️ Erreur ligne 741: not all arguments converted during string formatting
[2026-01-26T14:28:41.727+0000] {logging_mixin.py:151} INFO -      ⚠️ Erreur ligne 742: not all arguments converted during string formatting
[2026-01-26T14:28:41.728+0000] {logging_mixin.py:151} INFO -      ⚠️ Erreur ligne 743: not all arguments converted during string formatting
[2026-01-26T14:28:41.729+0000] {logging_mixin.py:151} INFO -      ⚠️ Erreur ligne 744: not all arguments converted during string formatting
[2026-01-26T14:28:41.730+0000] {logging_mixin.py:151} INFO -      ⚠️ Erreur ligne 745: not all arguments converted during string formatting
[2026-01-26T14:28:41.731+0000] {logging_mixin.py:151} INFO -      ⚠️ Erreur ligne 746: not all arguments converted during string formatting
[2026-01-26T14:28:41.732+0000] {logging_mixin.py:151} INFO -      ⚠️ Erreur ligne 747: not all arguments converted during string formatting
[2026-01-26T14:28:41.732+0000] {logging_mixin.py:151} INFO -      ⚠️ Erreur ligne 748: not all arguments converted during string formatting
[2026-01-26T14:28:41.733+0000] {logging_mixin.py:151} INFO -      ⚠️ Erreur ligne 749: not all arguments converted during string formatting
[2026-01-26T14:28:41.733+0000] {logging_mixin.py:151} INFO -      ⚠️ Erreur ligne 750: not all arguments converted during string formatting
[2026-01-26T14:28:41.734+0000] {logging_mixin.py:151} INFO -      ⚠️ Erreur ligne 751: not all arguments converted during string formatting
[2026-01-26T14:28:41.734+0000] {logging_mixin.py:151} INFO -      ⚠️ Erreur ligne 752: not all arguments converted during string formatting
[2026-01-26T14:28:41.735+0000] {logging_mixin.py:151} INFO -      ⚠️ Erreur ligne 753: not all arguments converted during string formatting
[2026-01-26T14:28:41.736+0000] {logging_mixin.py:151} INFO -      ⚠️ Erreur ligne 754: not all arguments converted during string formatting
[2026-01-26T14:28:41.736+0000] {logging_mixin.py:151} INFO -      ⚠️ Erreur ligne 755: not all arguments converted during string formatting
[2026-01-26T14:28:41.737+0000] {logging_mixin.py:151} INFO -      ⚠️ Erreur ligne 756: not all arguments converted during string formatting
[2026-01-26T14:28:41.737+0000] {logging_mixin.py:151} INFO -      ⚠️ Erreur ligne 757: not all arguments converted during string formatting
[2026-01-26T14:28:41.738+0000] {logging_mixin.py:151} INFO -      ⚠️ Erreur ligne 758: not all arguments converted during string formatting
[2026-01-26T14:28:41.738+0000] {logging_mixin.py:151} INFO -      ⚠️ Erreur ligne 759: not all arguments converted during string formatting
[2026-01-26T14:28:41.740+0000] {logging_mixin.py:151} INFO -      ⚠️ Erreur ligne 760: not all arguments converted during string formatting
[2026-01-26T14:28:41.740+0000] {logging_mixin.py:151} INFO -      ⚠️ Erreur ligne 761: not all arguments converted during string formatting
[2026-01-26T14:28:41.741+0000] {logging_mixin.py:151} INFO -      ⚠️ Erreur ligne 762: not all arguments converted during string formatting
[2026-01-26T14:28:41.742+0000] {logging_mixin.py:151} INFO -      ⚠️ Erreur ligne 763: not all arguments converted during string formatting
[2026-01-26T14:28:41.743+0000] {logging_mixin.py:151} INFO -      ⚠️ Erreur ligne 764: not all arguments converted during string formatting
[2026-01-26T14:28:41.744+0000] {logging_mixin.py:151} INFO -      ⚠️ Erreur ligne 765: not all arguments converted during string formatting
[2026-01-26T14:28:41.745+0000] {logging_mixin.py:151} INFO -      ⚠️ Erreur ligne 766: not all arguments converted during string formatting
[2026-01-26T14:28:41.746+0000] {logging_mixin.py:151} INFO -      ⚠️ Erreur ligne 767: not all arguments converted during string formatting
[2026-01-26T14:28:41.747+0000] {logging_mixin.py:151} INFO -      ⚠️ Erreur ligne 768: not all arguments converted during string formatting
[2026-01-26T14:28:41.748+0000] {logging_mixin.py:151} INFO -      ⚠️ Erreur ligne 769: not all arguments converted during string formatting
[2026-01-26T14:28:41.750+0000] {logging_mixin.py:151} INFO -      ⚠️ Erreur ligne 770: not all arguments converted during string formatting
[2026-01-26T14:28:41.750+0000] {logging_mixin.py:151} INFO -      ⚠️ Erreur ligne 771: not all arguments converted during string formatting
[2026-01-26T14:28:41.751+0000] {logging_mixin.py:151} INFO -      ⚠️ Erreur ligne 772: not all arguments converted during string formatting
[2026-01-26T14:28:41.752+0000] {logging_mixin.py:151} INFO -      ⚠️ Erreur ligne 773: not all arguments converted during string formatting
[2026-01-26T14:28:41.753+0000] {logging_mixin.py:151} INFO -      ⚠️ Erreur ligne 774: not all arguments converted during string formatting
[2026-01-26T14:28:41.754+0000] {logging_mixin.py:151} INFO -      ⚠️ Erreur ligne 775: not all arguments converted during string formatting
[2026-01-26T14:28:41.755+0000] {logging_mixin.py:151} INFO -      ⚠️ Erreur ligne 776: not all arguments converted during string formatting
[2026-01-26T14:28:41.755+0000] {logging_mixin.py:151} INFO -      ⚠️ Erreur ligne 777: not all arguments converted during string formatting
[2026-01-26T14:28:41.756+0000] {logging_mixin.py:151} INFO -      ⚠️ Erreur ligne 778: not all arguments converted during string formatting
[2026-01-26T14:28:41.756+0000] {logging_mixin.py:151} INFO -      ⚠️ Erreur ligne 779: not all arguments converted during string formatting
[2026-01-26T14:28:41.757+0000] {logging_mixin.py:151} INFO -      ⚠️ Erreur ligne 780: not all arguments converted during string formatting
[2026-01-26T14:28:41.757+0000] {logging_mixin.py:151} INFO -      ⚠️ Erreur ligne 781: not all arguments converted during string formatting
[2026-01-26T14:28:41.758+0000] {logging_mixin.py:151} INFO -      ⚠️ Erreur ligne 782: not all arguments converted during string formatting
[2026-01-26T14:28:41.759+0000] {logging_mixin.py:151} INFO -      ⚠️ Erreur ligne 783: not all arguments converted during string formatting
[2026-01-26T14:28:41.759+0000] {logging_mixin.py:151} INFO -      ⚠️ Erreur ligne 784: not all arguments converted during string formatting
[2026-01-26T14:28:41.760+0000] {logging_mixin.py:151} INFO -      ⚠️ Erreur ligne 785: not all arguments converted during string formatting
[2026-01-26T14:28:41.760+0000] {logging_mixin.py:151} INFO -      ⚠️ Erreur ligne 786: not all arguments converted during string formatting
[2026-01-26T14:28:41.761+0000] {logging_mixin.py:151} INFO -      ⚠️ Erreur ligne 787: not all arguments converted during string formatting
[2026-01-26T14:28:41.762+0000] {logging_mixin.py:151} INFO -      ⚠️ Erreur ligne 788: not all arguments converted during string formatting
[2026-01-26T14:28:41.762+0000] {logging_mixin.py:151} INFO -      ⚠️ Erreur ligne 789: not all arguments converted during string formatting
[2026-01-26T14:28:41.763+0000] {logging_mixin.py:151} INFO -      ⚠️ Erreur ligne 790: not all arguments converted during string formatting
[2026-01-26T14:28:41.764+0000] {logging_mixin.py:151} INFO -      ⚠️ Erreur ligne 791: not all arguments converted during string formatting
[2026-01-26T14:28:41.764+0000] {logging_mixin.py:151} INFO -      ⚠️ Erreur ligne 792: not all arguments converted during string formatting
[2026-01-26T14:28:41.765+0000] {logging_mixin.py:151} INFO -      ⚠️ Erreur ligne 793: not all arguments converted during string formatting
[2026-01-26T14:28:41.765+0000] {logging_mixin.py:151} INFO -      ⚠️ Erreur ligne 794: not all arguments converted during string formatting
[2026-01-26T14:28:41.766+0000] {logging_mixin.py:151} INFO -      ⚠️ Erreur ligne 795: not all arguments converted during string formatting
[2026-01-26T14:28:41.767+0000] {logging_mixin.py:151} INFO -      ⚠️ Erreur ligne 796: not all arguments converted during string formatting
[2026-01-26T14:28:41.767+0000] {logging_mixin.py:151} INFO -      ⚠️ Erreur ligne 797: not all arguments converted during string formatting
[2026-01-26T14:28:41.768+0000] {logging_mixin.py:151} INFO -      ⚠️ Erreur ligne 798: not all arguments converted during string formatting
[2026-01-26T14:28:41.768+0000] {logging_mixin.py:151} INFO -      ⚠️ Erreur ligne 799: not all arguments converted during string formatting
[2026-01-26T14:28:41.769+0000] {logging_mixin.py:151} INFO -      ⚠️ Erreur ligne 800: not all arguments converted during string formatting
[2026-01-26T14:28:41.769+0000] {logging_mixin.py:151} INFO -      ⚠️ Erreur ligne 801: not all arguments converted during string formatting
[2026-01-26T14:28:41.770+0000] {logging_mixin.py:151} INFO -      ⚠️ Erreur ligne 802: not all arguments converted during string formatting
[2026-01-26T14:28:41.770+0000] {logging_mixin.py:151} INFO -      ⚠️ Erreur ligne 803: not all arguments converted during string formatting
[2026-01-26T14:28:41.771+0000] {logging_mixin.py:151} INFO -      ⚠️ Erreur ligne 804: not all arguments converted during string formatting
[2026-01-26T14:28:41.771+0000] {logging_mixin.py:151} INFO -      ⚠️ Erreur ligne 805: not all arguments converted during string formatting
[2026-01-26T14:28:41.771+0000] {logging_mixin.py:151} INFO -      ⚠️ Erreur ligne 806: not all arguments converted during string formatting
[2026-01-26T14:28:41.772+0000] {logging_mixin.py:151} INFO -      ⚠️ Erreur ligne 807: not all arguments converted during string formatting
[2026-01-26T14:28:41.772+0000] {logging_mixin.py:151} INFO -      ⚠️ Erreur ligne 808: not all arguments converted during string formatting
[2026-01-26T14:28:41.773+0000] {logging_mixin.py:151} INFO -      ⚠️ Erreur ligne 809: not all arguments converted during string formatting
[2026-01-26T14:28:41.773+0000] {logging_mixin.py:151} INFO -      ⚠️ Erreur ligne 810: not all arguments converted during string formatting
[2026-01-26T14:28:41.774+0000] {logging_mixin.py:151} INFO -      ⚠️ Erreur ligne 811: not all arguments converted during string formatting
[2026-01-26T14:28:41.774+0000] {logging_mixin.py:151} INFO -      ⚠️ Erreur ligne 812: not all arguments converted during string formatting
[2026-01-26T14:28:41.775+0000] {logging_mixin.py:151} INFO -      ⚠️ Erreur ligne 813: not all arguments converted during string formatting
[2026-01-26T14:28:41.775+0000] {logging_mixin.py:151} INFO -      ⚠️ Erreur ligne 814: not all arguments converted during string formatting
[2026-01-26T14:28:41.775+0000] {logging_mixin.py:151} INFO -      ⚠️ Erreur ligne 815: not all arguments converted during string formatting
[2026-01-26T14:28:41.776+0000] {logging_mixin.py:151} INFO -      ⚠️ Erreur ligne 816: not all arguments converted during string formatting
[2026-01-26T14:28:41.777+0000] {logging_mixin.py:151} INFO -      ⚠️ Erreur ligne 817: not all arguments converted during string formatting
[2026-01-26T14:28:41.779+0000] {logging_mixin.py:151} INFO -      ⚠️ Erreur ligne 818: not all arguments converted during string formatting
[2026-01-26T14:28:41.781+0000] {logging_mixin.py:151} INFO -      ⚠️ Erreur ligne 819: not all arguments converted during string formatting
[2026-01-26T14:28:41.783+0000] {logging_mixin.py:151} INFO -      ⚠️ Erreur ligne 820: not all arguments converted during string formatting
[2026-01-26T14:28:41.784+0000] {logging_mixin.py:151} INFO -      ⚠️ Erreur ligne 821: not all arguments converted during string formatting
[2026-01-26T14:28:41.785+0000] {logging_mixin.py:151} INFO -      ⚠️ Erreur ligne 822: not all arguments converted during string formatting
[2026-01-26T14:28:41.785+0000] {logging_mixin.py:151} INFO -      ⚠️ Erreur ligne 823: not all arguments converted during string formatting
[2026-01-26T14:28:41.786+0000] {logging_mixin.py:151} INFO -      ⚠️ Erreur ligne 824: not all arguments converted during string formatting
[2026-01-26T14:28:41.787+0000] {logging_mixin.py:151} INFO -      ⚠️ Erreur ligne 825: not all arguments converted during string formatting
[2026-01-26T14:28:41.787+0000] {logging_mixin.py:151} INFO -      ⚠️ Erreur ligne 826: not all arguments converted during string formatting
[2026-01-26T14:28:41.788+0000] {logging_mixin.py:151} INFO -      ⚠️ Erreur ligne 827: not all arguments converted during string formatting
[2026-01-26T14:28:41.788+0000] {logging_mixin.py:151} INFO -      ⚠️ Erreur ligne 828: not all arguments converted during string formatting
[2026-01-26T14:28:41.789+0000] {logging_mixin.py:151} INFO -      ⚠️ Erreur ligne 829: not all arguments converted during string formatting
[2026-01-26T14:28:41.789+0000] {logging_mixin.py:151} INFO -      ⚠️ Erreur ligne 830: not all arguments converted during string formatting
[2026-01-26T14:28:41.790+0000] {logging_mixin.py:151} INFO -      ⚠️ Erreur ligne 831: not all arguments converted during string formatting
[2026-01-26T14:28:41.790+0000] {logging_mixin.py:151} INFO -      ⚠️ Erreur ligne 832: not all arguments converted during string formatting
[2026-01-26T14:28:41.791+0000] {logging_mixin.py:151} INFO -      ⚠️ Erreur ligne 833: not all arguments converted during string formatting
[2026-01-26T14:28:41.791+0000] {logging_mixin.py:151} INFO -      ⚠️ Erreur ligne 834: not all arguments converted during string formatting
[2026-01-26T14:28:41.792+0000] {logging_mixin.py:151} INFO -      ⚠️ Erreur ligne 835: not all arguments converted during string formatting
[2026-01-26T14:28:41.792+0000] {logging_mixin.py:151} INFO -      ⚠️ Erreur ligne 836: not all arguments converted during string formatting
[2026-01-26T14:28:41.793+0000] {logging_mixin.py:151} INFO -      ⚠️ Erreur ligne 837: not all arguments converted during string formatting
[2026-01-26T14:28:41.794+0000] {logging_mixin.py:151} INFO -      ⚠️ Erreur ligne 838: not all arguments converted during string formatting
[2026-01-26T14:28:41.794+0000] {logging_mixin.py:151} INFO -      ⚠️ Erreur ligne 839: not all arguments converted during string formatting
[2026-01-26T14:28:41.795+0000] {logging_mixin.py:151} INFO -      ⚠️ Erreur ligne 840: not all arguments converted during string formatting
[2026-01-26T14:28:41.795+0000] {logging_mixin.py:151} INFO -      ⚠️ Erreur ligne 841: not all arguments converted during string formatting
[2026-01-26T14:28:41.796+0000] {logging_mixin.py:151} INFO -      ⚠️ Erreur ligne 842: not all arguments converted during string formatting
[2026-01-26T14:28:41.796+0000] {logging_mixin.py:151} INFO -      ⚠️ Erreur ligne 843: not all arguments converted during string formatting
[2026-01-26T14:28:41.796+0000] {logging_mixin.py:151} INFO -      ⚠️ Erreur ligne 844: not all arguments converted during string formatting
[2026-01-26T14:28:41.797+0000] {logging_mixin.py:151} INFO -      ⚠️ Erreur ligne 845: not all arguments converted during string formatting
[2026-01-26T14:28:41.797+0000] {logging_mixin.py:151} INFO -      ⚠️ Erreur ligne 846: not all arguments converted during string formatting
[2026-01-26T14:28:41.797+0000] {logging_mixin.py:151} INFO -      ⚠️ Erreur ligne 847: not all arguments converted during string formatting
[2026-01-26T14:28:41.798+0000] {logging_mixin.py:151} INFO -      ⚠️ Erreur ligne 848: not all arguments converted during string formatting
[2026-01-26T14:28:41.799+0000] {logging_mixin.py:151} INFO -      ⚠️ Erreur ligne 849: not all arguments converted during string formatting
[2026-01-26T14:28:41.800+0000] {logging_mixin.py:151} INFO -      ⚠️ Erreur ligne 850: not all arguments converted during string formatting
[2026-01-26T14:28:41.802+0000] {logging_mixin.py:151} INFO -      ⚠️ Erreur ligne 851: not all arguments converted during string formatting
[2026-01-26T14:28:41.802+0000] {logging_mixin.py:151} INFO -      ⚠️ Erreur ligne 852: not all arguments converted during string formatting
[2026-01-26T14:28:41.803+0000] {logging_mixin.py:151} INFO -      ⚠️ Erreur ligne 853: not all arguments converted during string formatting
[2026-01-26T14:28:41.804+0000] {logging_mixin.py:151} INFO -      ⚠️ Erreur ligne 854: not all arguments converted during string formatting
[2026-01-26T14:28:41.805+0000] {logging_mixin.py:151} INFO -      ⚠️ Erreur ligne 855: not all arguments converted during string formatting
[2026-01-26T14:28:41.805+0000] {logging_mixin.py:151} INFO -      ⚠️ Erreur ligne 856: not all arguments converted during string formatting
[2026-01-26T14:28:41.806+0000] {logging_mixin.py:151} INFO -      ⚠️ Erreur ligne 857: not all arguments converted during string formatting
[2026-01-26T14:28:41.807+0000] {logging_mixin.py:151} INFO -      ⚠️ Erreur ligne 858: not all arguments converted during string formatting
[2026-01-26T14:28:41.807+0000] {logging_mixin.py:151} INFO -      ⚠️ Erreur ligne 859: not all arguments converted during string formatting
[2026-01-26T14:28:41.807+0000] {logging_mixin.py:151} INFO -      ⚠️ Erreur ligne 860: not all arguments converted during string formatting
[2026-01-26T14:28:41.808+0000] {logging_mixin.py:151} INFO -      ⚠️ Erreur ligne 861: not all arguments converted during string formatting
[2026-01-26T14:28:41.808+0000] {logging_mixin.py:151} INFO -      ⚠️ Erreur ligne 862: not all arguments converted during string formatting
[2026-01-26T14:28:41.809+0000] {logging_mixin.py:151} INFO -      ⚠️ Erreur ligne 863: not all arguments converted during string formatting
[2026-01-26T14:28:41.809+0000] {logging_mixin.py:151} INFO -      ⚠️ Erreur ligne 864: not all arguments converted during string formatting
[2026-01-26T14:28:41.810+0000] {logging_mixin.py:151} INFO -      ⚠️ Erreur ligne 865: not all arguments converted during string formatting
[2026-01-26T14:28:41.810+0000] {logging_mixin.py:151} INFO -      ⚠️ Erreur ligne 866: not all arguments converted during string formatting
[2026-01-26T14:28:41.811+0000] {logging_mixin.py:151} INFO -      ⚠️ Erreur ligne 867: not all arguments converted during string formatting
[2026-01-26T14:28:41.811+0000] {logging_mixin.py:151} INFO -      ⚠️ Erreur ligne 868: not all arguments converted during string formatting
[2026-01-26T14:28:41.812+0000] {logging_mixin.py:151} INFO -      ⚠️ Erreur ligne 869: not all arguments converted during string formatting
[2026-01-26T14:28:41.812+0000] {logging_mixin.py:151} INFO -      ⚠️ Erreur ligne 870: not all arguments converted during string formatting
[2026-01-26T14:28:41.813+0000] {logging_mixin.py:151} INFO -      ⚠️ Erreur ligne 871: not all arguments converted during string formatting
[2026-01-26T14:28:41.814+0000] {logging_mixin.py:151} INFO -      ⚠️ Erreur ligne 872: not all arguments converted during string formatting
[2026-01-26T14:28:41.815+0000] {logging_mixin.py:151} INFO -      ⚠️ Erreur ligne 873: not all arguments converted during string formatting
[2026-01-26T14:28:41.816+0000] {logging_mixin.py:151} INFO -      ⚠️ Erreur ligne 874: not all arguments converted during string formatting
[2026-01-26T14:28:41.816+0000] {logging_mixin.py:151} INFO -      ⚠️ Erreur ligne 875: not all arguments converted during string formatting
[2026-01-26T14:28:41.816+0000] {logging_mixin.py:151} INFO -      ⚠️ Erreur ligne 876: not all arguments converted during string formatting
[2026-01-26T14:28:41.817+0000] {logging_mixin.py:151} INFO -      ⚠️ Erreur ligne 877: not all arguments converted during string formatting
[2026-01-26T14:28:41.818+0000] {logging_mixin.py:151} INFO -      ⚠️ Erreur ligne 878: not all arguments converted during string formatting
[2026-01-26T14:28:41.818+0000] {logging_mixin.py:151} INFO -      ⚠️ Erreur ligne 879: not all arguments converted during string formatting
[2026-01-26T14:28:41.818+0000] {logging_mixin.py:151} INFO -      ⚠️ Erreur ligne 880: not all arguments converted during string formatting
[2026-01-26T14:28:41.819+0000] {logging_mixin.py:151} INFO -      ⚠️ Erreur ligne 881: not all arguments converted during string formatting
[2026-01-26T14:28:41.820+0000] {logging_mixin.py:151} INFO -      ⚠️ Erreur ligne 882: not all arguments converted during string formatting
[2026-01-26T14:28:41.820+0000] {logging_mixin.py:151} INFO -      ⚠️ Erreur ligne 883: not all arguments converted during string formatting
[2026-01-26T14:28:41.821+0000] {logging_mixin.py:151} INFO -      ⚠️ Erreur ligne 884: not all arguments converted during string formatting
[2026-01-26T14:28:41.822+0000] {logging_mixin.py:151} INFO -      ⚠️ Erreur ligne 885: not all arguments converted during string formatting
[2026-01-26T14:28:41.822+0000] {logging_mixin.py:151} INFO -      ⚠️ Erreur ligne 886: not all arguments converted during string formatting
[2026-01-26T14:28:41.823+0000] {logging_mixin.py:151} INFO -      ⚠️ Erreur ligne 887: not all arguments converted during string formatting
[2026-01-26T14:28:41.823+0000] {logging_mixin.py:151} INFO -      ⚠️ Erreur ligne 888: not all arguments converted during string formatting
[2026-01-26T14:28:41.824+0000] {logging_mixin.py:151} INFO -      ⚠️ Erreur ligne 889: not all arguments converted during string formatting
[2026-01-26T14:28:41.825+0000] {logging_mixin.py:151} INFO -      ⚠️ Erreur ligne 890: not all arguments converted during string formatting
[2026-01-26T14:28:41.826+0000] {logging_mixin.py:151} INFO -      ⚠️ Erreur ligne 891: not all arguments converted during string formatting
[2026-01-26T14:28:41.826+0000] {logging_mixin.py:151} INFO -      ⚠️ Erreur ligne 892: not all arguments converted during string formatting
[2026-01-26T14:28:41.827+0000] {logging_mixin.py:151} INFO -      ⚠️ Erreur ligne 893: not all arguments converted during string formatting
[2026-01-26T14:28:41.828+0000] {logging_mixin.py:151} INFO -      ⚠️ Erreur ligne 894: not all arguments converted during string formatting
[2026-01-26T14:28:41.828+0000] {logging_mixin.py:151} INFO -      ⚠️ Erreur ligne 895: not all arguments converted during string formatting
[2026-01-26T14:28:41.829+0000] {logging_mixin.py:151} INFO -      ⚠️ Erreur ligne 896: not all arguments converted during string formatting
[2026-01-26T14:28:41.830+0000] {logging_mixin.py:151} INFO -      ⚠️ Erreur ligne 897: not all arguments converted during string formatting
[2026-01-26T14:28:41.830+0000] {logging_mixin.py:151} INFO -      ⚠️ Erreur ligne 898: not all arguments converted during string formatting
[2026-01-26T14:28:41.831+0000] {logging_mixin.py:151} INFO -      ⚠️ Erreur ligne 899: not all arguments converted during string formatting
[2026-01-26T14:28:41.832+0000] {logging_mixin.py:151} INFO -      ⚠️ Erreur ligne 900: not all arguments converted during string formatting
[2026-01-26T14:28:41.832+0000] {logging_mixin.py:151} INFO -      ⚠️ Erreur ligne 901: not all arguments converted during string formatting
[2026-01-26T14:28:41.833+0000] {logging_mixin.py:151} INFO -      ⚠️ Erreur ligne 902: not all arguments converted during string formatting
[2026-01-26T14:28:41.833+0000] {logging_mixin.py:151} INFO -      ⚠️ Erreur ligne 903: not all arguments converted during string formatting
[2026-01-26T14:28:41.834+0000] {logging_mixin.py:151} INFO -      ⚠️ Erreur ligne 904: not all arguments converted during string formatting
[2026-01-26T14:28:41.834+0000] {logging_mixin.py:151} INFO -      ⚠️ Erreur ligne 905: not all arguments converted during string formatting
[2026-01-26T14:28:41.835+0000] {logging_mixin.py:151} INFO -      ⚠️ Erreur ligne 906: not all arguments converted during string formatting
[2026-01-26T14:28:41.835+0000] {logging_mixin.py:151} INFO -      ⚠️ Erreur ligne 907: not all arguments converted during string formatting
[2026-01-26T14:28:41.836+0000] {logging_mixin.py:151} INFO -      ⚠️ Erreur ligne 908: not all arguments converted during string formatting
[2026-01-26T14:28:41.836+0000] {logging_mixin.py:151} INFO -      ⚠️ Erreur ligne 909: not all arguments converted during string formatting
[2026-01-26T14:28:41.837+0000] {logging_mixin.py:151} INFO -      ⚠️ Erreur ligne 910: not all arguments converted during string formatting
[2026-01-26T14:28:41.837+0000] {logging_mixin.py:151} INFO -      ⚠️ Erreur ligne 911: not all arguments converted during string formatting
[2026-01-26T14:28:41.838+0000] {logging_mixin.py:151} INFO -      ⚠️ Erreur ligne 912: not all arguments converted during string formatting
[2026-01-26T14:28:41.838+0000] {logging_mixin.py:151} INFO -      ⚠️ Erreur ligne 913: not all arguments converted during string formatting
[2026-01-26T14:28:41.838+0000] {logging_mixin.py:151} INFO -      ⚠️ Erreur ligne 914: not all arguments converted during string formatting
[2026-01-26T14:28:41.839+0000] {logging_mixin.py:151} INFO -      ⚠️ Erreur ligne 915: not all arguments converted during string formatting
[2026-01-26T14:28:41.839+0000] {logging_mixin.py:151} INFO -      ⚠️ Erreur ligne 916: not all arguments converted during string formatting
[2026-01-26T14:28:41.841+0000] {logging_mixin.py:151} INFO -      ⚠️ Erreur ligne 917: not all arguments converted during string formatting
[2026-01-26T14:28:41.842+0000] {logging_mixin.py:151} INFO -      ⚠️ Erreur ligne 918: not all arguments converted during string formatting
[2026-01-26T14:28:41.843+0000] {logging_mixin.py:151} INFO -      ⚠️ Erreur ligne 919: not all arguments converted during string formatting
[2026-01-26T14:28:41.844+0000] {logging_mixin.py:151} INFO -      ⚠️ Erreur ligne 920: not all arguments converted during string formatting
[2026-01-26T14:28:41.845+0000] {logging_mixin.py:151} INFO -      ⚠️ Erreur ligne 921: not all arguments converted during string formatting
[2026-01-26T14:28:41.846+0000] {logging_mixin.py:151} INFO -      ⚠️ Erreur ligne 922: not all arguments converted during string formatting
[2026-01-26T14:28:41.847+0000] {logging_mixin.py:151} INFO -      ⚠️ Erreur ligne 923: not all arguments converted during string formatting
[2026-01-26T14:28:41.847+0000] {logging_mixin.py:151} INFO -      ⚠️ Erreur ligne 924: not all arguments converted during string formatting
[2026-01-26T14:28:41.848+0000] {logging_mixin.py:151} INFO -      ⚠️ Erreur ligne 925: not all arguments converted during string formatting
[2026-01-26T14:28:41.848+0000] {logging_mixin.py:151} INFO -      ⚠️ Erreur ligne 926: not all arguments converted during string formatting
[2026-01-26T14:28:41.849+0000] {logging_mixin.py:151} INFO -      ⚠️ Erreur ligne 927: not all arguments converted during string formatting
[2026-01-26T14:28:41.849+0000] {logging_mixin.py:151} INFO -      ⚠️ Erreur ligne 928: not all arguments converted during string formatting
[2026-01-26T14:28:41.850+0000] {logging_mixin.py:151} INFO -      ⚠️ Erreur ligne 929: not all arguments converted during string formatting
[2026-01-26T14:28:41.850+0000] {logging_mixin.py:151} INFO -      ⚠️ Erreur ligne 930: not all arguments converted during string formatting
[2026-01-26T14:28:41.851+0000] {logging_mixin.py:151} INFO -      ⚠️ Erreur ligne 931: not all arguments converted during string formatting
[2026-01-26T14:28:41.851+0000] {logging_mixin.py:151} INFO -      ⚠️ Erreur ligne 932: not all arguments converted during string formatting
[2026-01-26T14:28:41.851+0000] {logging_mixin.py:151} INFO -      ⚠️ Erreur ligne 933: not all arguments converted during string formatting
[2026-01-26T14:28:41.852+0000] {logging_mixin.py:151} INFO -      ⚠️ Erreur ligne 934: not all arguments converted during string formatting
[2026-01-26T14:28:41.852+0000] {logging_mixin.py:151} INFO -      ⚠️ Erreur ligne 935: not all arguments converted during string formatting
[2026-01-26T14:28:41.853+0000] {logging_mixin.py:151} INFO -      ⚠️ Erreur ligne 936: not all arguments converted during string formatting
[2026-01-26T14:28:41.853+0000] {logging_mixin.py:151} INFO -      ⚠️ Erreur ligne 937: not all arguments converted during string formatting
[2026-01-26T14:28:41.853+0000] {logging_mixin.py:151} INFO -      ⚠️ Erreur ligne 938: not all arguments converted during string formatting
[2026-01-26T14:28:41.854+0000] {logging_mixin.py:151} INFO -      ⚠️ Erreur ligne 939: not all arguments converted during string formatting
[2026-01-26T14:28:41.854+0000] {logging_mixin.py:151} INFO -      ⚠️ Erreur ligne 940: not all arguments converted during string formatting
[2026-01-26T14:28:41.855+0000] {logging_mixin.py:151} INFO -      ⚠️ Erreur ligne 941: not all arguments converted during string formatting
[2026-01-26T14:28:41.855+0000] {logging_mixin.py:151} INFO -      ⚠️ Erreur ligne 942: not all arguments converted during string formatting
[2026-01-26T14:28:41.855+0000] {logging_mixin.py:151} INFO -      ⚠️ Erreur ligne 943: not all arguments converted during string formatting
[2026-01-26T14:28:41.856+0000] {logging_mixin.py:151} INFO -      ⚠️ Erreur ligne 944: not all arguments converted during string formatting
[2026-01-26T14:28:41.856+0000] {logging_mixin.py:151} INFO -      ⚠️ Erreur ligne 945: not all arguments converted during string formatting
[2026-01-26T14:28:41.857+0000] {logging_mixin.py:151} INFO -      ⚠️ Erreur ligne 946: not all arguments converted during string formatting
[2026-01-26T14:28:41.857+0000] {logging_mixin.py:151} INFO -      ⚠️ Erreur ligne 947: not all arguments converted during string formatting
[2026-01-26T14:28:41.857+0000] {logging_mixin.py:151} INFO -      ⚠️ Erreur ligne 948: not all arguments converted during string formatting
[2026-01-26T14:28:41.858+0000] {logging_mixin.py:151} INFO -      ⚠️ Erreur ligne 949: not all arguments converted during string formatting
[2026-01-26T14:28:41.859+0000] {logging_mixin.py:151} INFO -      ⚠️ Erreur ligne 950: not all arguments converted during string formatting
[2026-01-26T14:28:41.860+0000] {logging_mixin.py:151} INFO -      ⚠️ Erreur ligne 951: not all arguments converted during string formatting
[2026-01-26T14:28:41.861+0000] {logging_mixin.py:151} INFO -      ⚠️ Erreur ligne 952: not all arguments converted during string formatting
[2026-01-26T14:28:41.862+0000] {logging_mixin.py:151} INFO -      ⚠️ Erreur ligne 953: not all arguments converted during string formatting
[2026-01-26T14:28:41.863+0000] {logging_mixin.py:151} INFO -      ⚠️ Erreur ligne 954: not all arguments converted during string formatting
[2026-01-26T14:28:41.864+0000] {logging_mixin.py:151} INFO -      ⚠️ Erreur ligne 955: not all arguments converted during string formatting
[2026-01-26T14:28:41.865+0000] {logging_mixin.py:151} INFO -      ⚠️ Erreur ligne 956: not all arguments converted during string formatting
[2026-01-26T14:28:41.866+0000] {logging_mixin.py:151} INFO -      ⚠️ Erreur ligne 957: not all arguments converted during string formatting
[2026-01-26T14:28:41.867+0000] {logging_mixin.py:151} INFO -      ⚠️ Erreur ligne 958: not all arguments converted during string formatting
[2026-01-26T14:28:41.867+0000] {logging_mixin.py:151} INFO -      ⚠️ Erreur ligne 959: not all arguments converted during string formatting
[2026-01-26T14:28:41.868+0000] {logging_mixin.py:151} INFO -      ⚠️ Erreur ligne 960: not all arguments converted during string formatting
[2026-01-26T14:28:41.869+0000] {logging_mixin.py:151} INFO -      ⚠️ Erreur ligne 961: not all arguments converted during string formatting
[2026-01-26T14:28:41.870+0000] {logging_mixin.py:151} INFO -      ⚠️ Erreur ligne 962: not all arguments converted during string formatting
[2026-01-26T14:28:41.870+0000] {logging_mixin.py:151} INFO -      ⚠️ Erreur ligne 963: not all arguments converted during string formatting
[2026-01-26T14:28:41.871+0000] {logging_mixin.py:151} INFO -      ⚠️ Erreur ligne 964: not all arguments converted during string formatting
[2026-01-26T14:28:41.871+0000] {logging_mixin.py:151} INFO -      ⚠️ Erreur ligne 965: not all arguments converted during string formatting
[2026-01-26T14:28:41.872+0000] {logging_mixin.py:151} INFO -      ⚠️ Erreur ligne 966: not all arguments converted during string formatting
[2026-01-26T14:28:41.872+0000] {logging_mixin.py:151} INFO -      ⚠️ Erreur ligne 967: not all arguments converted during string formatting
[2026-01-26T14:28:41.873+0000] {logging_mixin.py:151} INFO -      ⚠️ Erreur ligne 968: not all arguments converted during string formatting
[2026-01-26T14:28:41.873+0000] {logging_mixin.py:151} INFO -      ⚠️ Erreur ligne 969: not all arguments converted during string formatting
[2026-01-26T14:28:41.874+0000] {logging_mixin.py:151} INFO -      ⚠️ Erreur ligne 970: not all arguments converted during string formatting
[2026-01-26T14:28:41.874+0000] {logging_mixin.py:151} INFO -      ⚠️ Erreur ligne 971: not all arguments converted during string formatting
[2026-01-26T14:28:41.875+0000] {logging_mixin.py:151} INFO -      ⚠️ Erreur ligne 972: not all arguments converted during string formatting
[2026-01-26T14:28:41.875+0000] {logging_mixin.py:151} INFO -      ⚠️ Erreur ligne 973: not all arguments converted during string formatting
[2026-01-26T14:28:41.876+0000] {logging_mixin.py:151} INFO -      ⚠️ Erreur ligne 974: not all arguments converted during string formatting
[2026-01-26T14:28:41.876+0000] {logging_mixin.py:151} INFO -      ⚠️ Erreur ligne 975: not all arguments converted during string formatting
[2026-01-26T14:28:41.877+0000] {logging_mixin.py:151} INFO -      ⚠️ Erreur ligne 976: not all arguments converted during string formatting
[2026-01-26T14:28:41.877+0000] {logging_mixin.py:151} INFO -      ⚠️ Erreur ligne 977: not all arguments converted during string formatting
[2026-01-26T14:28:41.878+0000] {logging_mixin.py:151} INFO -      ⚠️ Erreur ligne 978: not all arguments converted during string formatting
[2026-01-26T14:28:41.879+0000] {logging_mixin.py:151} INFO -      ⚠️ Erreur ligne 979: not all arguments converted during string formatting
[2026-01-26T14:28:41.880+0000] {logging_mixin.py:151} INFO -      ⚠️ Erreur ligne 980: not all arguments converted during string formatting
[2026-01-26T14:28:41.881+0000] {logging_mixin.py:151} INFO -      ⚠️ Erreur ligne 981: not all arguments converted during string formatting
[2026-01-26T14:28:41.881+0000] {logging_mixin.py:151} INFO -      ⚠️ Erreur ligne 982: not all arguments converted during string formatting
[2026-01-26T14:28:41.882+0000] {logging_mixin.py:151} INFO -      ⚠️ Erreur ligne 983: not all arguments converted during string formatting
[2026-01-26T14:28:41.883+0000] {logging_mixin.py:151} INFO -      ⚠️ Erreur ligne 984: not all arguments converted during string formatting
[2026-01-26T14:28:41.884+0000] {logging_mixin.py:151} INFO -      ⚠️ Erreur ligne 985: not all arguments converted during string formatting
[2026-01-26T14:28:41.885+0000] {logging_mixin.py:151} INFO -      ⚠️ Erreur ligne 986: not all arguments converted during string formatting
[2026-01-26T14:28:41.885+0000] {logging_mixin.py:151} INFO -      ⚠️ Erreur ligne 987: not all arguments converted during string formatting
[2026-01-26T14:28:41.886+0000] {logging_mixin.py:151} INFO -      ⚠️ Erreur ligne 988: not all arguments converted during string formatting
[2026-01-26T14:28:41.887+0000] {logging_mixin.py:151} INFO -      ⚠️ Erreur ligne 989: not all arguments converted during string formatting
[2026-01-26T14:28:41.887+0000] {logging_mixin.py:151} INFO -      ⚠️ Erreur ligne 990: not all arguments converted during string formatting
[2026-01-26T14:28:41.888+0000] {logging_mixin.py:151} INFO -      ⚠️ Erreur ligne 991: not all arguments converted during string formatting
[2026-01-26T14:28:41.889+0000] {logging_mixin.py:151} INFO -      ⚠️ Erreur ligne 992: not all arguments converted during string formatting
[2026-01-26T14:28:41.890+0000] {logging_mixin.py:151} INFO -      ⚠️ Erreur ligne 993: not all arguments converted during string formatting
[2026-01-26T14:28:41.890+0000] {logging_mixin.py:151} INFO -      ⚠️ Erreur ligne 994: not all arguments converted during string formatting
[2026-01-26T14:28:41.891+0000] {logging_mixin.py:151} INFO -      ⚠️ Erreur ligne 995: not all arguments converted during string formatting
[2026-01-26T14:28:41.891+0000] {logging_mixin.py:151} INFO -      ⚠️ Erreur ligne 996: not all arguments converted during string formatting
[2026-01-26T14:28:41.892+0000] {logging_mixin.py:151} INFO -      ⚠️ Erreur ligne 997: not all arguments converted during string formatting
[2026-01-26T14:28:41.892+0000] {logging_mixin.py:151} INFO -      ⚠️ Erreur ligne 998: not all arguments converted during string formatting
[2026-01-26T14:28:41.893+0000] {logging_mixin.py:151} INFO -      ⚠️ Erreur ligne 999: not all arguments converted during string formatting
[2026-01-26T14:28:41.893+0000] {logging_mixin.py:151} INFO -      ⚠️ Erreur ligne 1000: not all arguments converted during string formatting
[2026-01-26T14:28:41.894+0000] {logging_mixin.py:151} INFO -      ⚠️ Erreur ligne 1001: not all arguments converted during string formatting
[2026-01-26T14:28:41.894+0000] {logging_mixin.py:151} INFO -      ⚠️ Erreur ligne 1002: not all arguments converted during string formatting
[2026-01-26T14:28:41.895+0000] {logging_mixin.py:151} INFO -      ⚠️ Erreur ligne 1003: not all arguments converted during string formatting
[2026-01-26T14:28:41.895+0000] {logging_mixin.py:151} INFO -      ⚠️ Erreur ligne 1004: not all arguments converted during string formatting
[2026-01-26T14:28:41.895+0000] {logging_mixin.py:151} INFO -      ⚠️ Erreur ligne 1005: not all arguments converted during string formatting
[2026-01-26T14:28:41.896+0000] {logging_mixin.py:151} INFO -      ⚠️ Erreur ligne 1006: not all arguments converted during string formatting
[2026-01-26T14:28:41.896+0000] {logging_mixin.py:151} INFO -      ⚠️ Erreur ligne 1007: not all arguments converted during string formatting
[2026-01-26T14:28:41.897+0000] {logging_mixin.py:151} INFO -      ⚠️ Erreur ligne 1008: not all arguments converted during string formatting
[2026-01-26T14:28:41.897+0000] {logging_mixin.py:151} INFO -      ⚠️ Erreur ligne 1009: not all arguments converted during string formatting
[2026-01-26T14:28:41.897+0000] {logging_mixin.py:151} INFO -      ⚠️ Erreur ligne 1010: not all arguments converted during string formatting
[2026-01-26T14:28:41.898+0000] {logging_mixin.py:151} INFO -      ⚠️ Erreur ligne 1011: not all arguments converted during string formatting
[2026-01-26T14:28:41.898+0000] {logging_mixin.py:151} INFO -      ⚠️ Erreur ligne 1012: not all arguments converted during string formatting
[2026-01-26T14:28:41.899+0000] {logging_mixin.py:151} INFO -      ⚠️ Erreur ligne 1013: not all arguments converted during string formatting
[2026-01-26T14:28:41.899+0000] {logging_mixin.py:151} INFO -      ⚠️ Erreur ligne 1014: not all arguments converted during string formatting
[2026-01-26T14:28:41.899+0000] {logging_mixin.py:151} INFO -      ⚠️ Erreur ligne 1015: not all arguments converted during string formatting
[2026-01-26T14:28:41.900+0000] {logging_mixin.py:151} INFO -      ⚠️ Erreur ligne 1016: not all arguments converted during string formatting
[2026-01-26T14:28:41.900+0000] {logging_mixin.py:151} INFO -      ⚠️ Erreur ligne 1017: not all arguments converted during string formatting
[2026-01-26T14:28:41.901+0000] {logging_mixin.py:151} INFO -      ✅ 0 lignes insérées, 0 doublons ignorés
[2026-01-26T14:28:41.902+0000] {logging_mixin.py:151} INFO -   ✅ Fichier traité avec succès !
[2026-01-26T14:28:41.904+0000] {logging_mixin.py:151} INFO - 
--------------------------------------------------------------------------------
[2026-01-26T14:28:41.904+0000] {logging_mixin.py:151} INFO - 📄 Traitement de : MSFT_2026-01-26 06:13:31.074172+00:00.csv
[2026-01-26T14:28:41.905+0000] {logging_mixin.py:151} INFO - --------------------------------------------------------------------------------
[2026-01-26T14:28:41.906+0000] {logging_mixin.py:151} INFO -   1️⃣ Lecture du CSV...
[2026-01-26T14:28:41.911+0000] {logging_mixin.py:151} INFO -      ✅ Lu 1018 lignes
[2026-01-26T14:28:41.911+0000] {logging_mixin.py:151} INFO -      Colonnes: ['Date', 'Open', 'High', 'Low', 'Close', 'Volume', 'Dividends', 'Stock Splits', 'symbol', 'extracted_at']
[2026-01-26T14:28:41.911+0000] {logging_mixin.py:151} INFO -   2️⃣ Nettoyage des colonnes...
[2026-01-26T14:28:41.912+0000] {logging_mixin.py:151} INFO -      ✅ Colonnes nettoyées: ['date', 'open', 'high', 'low', 'close', 'volume', 'dividends', 'stock_splits', 'symbol', 'extracted_at']
[2026-01-26T14:28:41.912+0000] {logging_mixin.py:151} INFO -   3️⃣ Conversion des dates...
[2026-01-26T14:28:41.919+0000] {logging_mixin.py:151} INFO -      ✅ Dates converties
[2026-01-26T14:28:41.919+0000] {logging_mixin.py:151} INFO -   4️⃣ Nettoyage des données...
[2026-01-26T14:28:41.926+0000] {logging_mixin.py:151} INFO -      ✅ 1018 → 1018 lignes (après nettoyage)
[2026-01-26T14:28:41.926+0000] {logging_mixin.py:151} INFO -   5️⃣ Connexion à la base de données...
[2026-01-26T14:28:41.931+0000] {logging_mixin.py:151} INFO -      ✅ Connecté
[2026-01-26T14:28:41.932+0000] {logging_mixin.py:151} INFO -   6️⃣ Insertion des données...
[2026-01-26T14:28:41.933+0000] {logging_mixin.py:151} INFO -      ⚠️ Erreur ligne 0: not all arguments converted during string formatting
[2026-01-26T14:28:41.933+0000] {logging_mixin.py:151} INFO -      ⚠️ Erreur ligne 1: not all arguments converted during string formatting
[2026-01-26T14:28:41.934+0000] {logging_mixin.py:151} INFO -      ⚠️ Erreur ligne 2: not all arguments converted during string formatting
[2026-01-26T14:28:41.934+0000] {logging_mixin.py:151} INFO -      ⚠️ Erreur ligne 3: not all arguments converted during string formatting
[2026-01-26T14:28:41.935+0000] {logging_mixin.py:151} INFO -      ⚠️ Erreur ligne 4: not all arguments converted during string formatting
[2026-01-26T14:28:41.935+0000] {logging_mixin.py:151} INFO -      ⚠️ Erreur ligne 5: not all arguments converted during string formatting
[2026-01-26T14:28:41.936+0000] {logging_mixin.py:151} INFO -      ⚠️ Erreur ligne 6: not all arguments converted during string formatting
[2026-01-26T14:28:41.936+0000] {logging_mixin.py:151} INFO -      ⚠️ Erreur ligne 7: not all arguments converted during string formatting
[2026-01-26T14:28:41.937+0000] {logging_mixin.py:151} INFO -      ⚠️ Erreur ligne 8: not all arguments converted during string formatting
[2026-01-26T14:28:41.937+0000] {logging_mixin.py:151} INFO -      ⚠️ Erreur ligne 9: not all arguments converted during string formatting
[2026-01-26T14:28:41.938+0000] {logging_mixin.py:151} INFO -      ⚠️ Erreur ligne 10: not all arguments converted during string formatting
[2026-01-26T14:28:41.938+0000] {logging_mixin.py:151} INFO -      ⚠️ Erreur ligne 11: not all arguments converted during string formatting
[2026-01-26T14:28:41.939+0000] {logging_mixin.py:151} INFO -      ⚠️ Erreur ligne 12: not all arguments converted during string formatting
[2026-01-26T14:28:41.939+0000] {logging_mixin.py:151} INFO -      ⚠️ Erreur ligne 13: not all arguments converted during string formatting
[2026-01-26T14:28:41.939+0000] {logging_mixin.py:151} INFO -      ⚠️ Erreur ligne 14: not all arguments converted during string formatting
[2026-01-26T14:28:41.940+0000] {logging_mixin.py:151} INFO -      ⚠️ Erreur ligne 15: not all arguments converted during string formatting
[2026-01-26T14:28:41.940+0000] {logging_mixin.py:151} INFO -      ⚠️ Erreur ligne 16: not all arguments converted during string formatting
[2026-01-26T14:28:41.941+0000] {logging_mixin.py:151} INFO -      ⚠️ Erreur ligne 17: not all arguments converted during string formatting
[2026-01-26T14:28:41.941+0000] {logging_mixin.py:151} INFO -      ⚠️ Erreur ligne 18: not all arguments converted during string formatting
[2026-01-26T14:28:41.941+0000] {logging_mixin.py:151} INFO -      ⚠️ Erreur ligne 19: not all arguments converted during string formatting
[2026-01-26T14:28:41.942+0000] {logging_mixin.py:151} INFO -      ⚠️ Erreur ligne 20: not all arguments converted during string formatting
[2026-01-26T14:28:41.942+0000] {logging_mixin.py:151} INFO -      ⚠️ Erreur ligne 21: not all arguments converted during string formatting
[2026-01-26T14:28:41.943+0000] {logging_mixin.py:151} INFO -      ⚠️ Erreur ligne 22: not all arguments converted during string formatting
[2026-01-26T14:28:41.944+0000] {logging_mixin.py:151} INFO -      ⚠️ Erreur ligne 23: not all arguments converted during string formatting
[2026-01-26T14:28:41.946+0000] {logging_mixin.py:151} INFO -      ⚠️ Erreur ligne 24: not all arguments converted during string formatting
[2026-01-26T14:28:41.947+0000] {logging_mixin.py:151} INFO -      ⚠️ Erreur ligne 25: not all arguments converted during string formatting
[2026-01-26T14:28:41.948+0000] {logging_mixin.py:151} INFO -      ⚠️ Erreur ligne 26: not all arguments converted during string formatting
[2026-01-26T14:28:41.949+0000] {logging_mixin.py:151} INFO -      ⚠️ Erreur ligne 27: not all arguments converted during string formatting
[2026-01-26T14:28:41.949+0000] {logging_mixin.py:151} INFO -      ⚠️ Erreur ligne 28: not all arguments converted during string formatting
[2026-01-26T14:28:41.950+0000] {logging_mixin.py:151} INFO -      ⚠️ Erreur ligne 29: not all arguments converted during string formatting
[2026-01-26T14:28:41.950+0000] {logging_mixin.py:151} INFO -      ⚠️ Erreur ligne 30: not all arguments converted during string formatting
[2026-01-26T14:28:41.951+0000] {logging_mixin.py:151} INFO -      ⚠️ Erreur ligne 31: not all arguments converted during string formatting
[2026-01-26T14:28:41.952+0000] {logging_mixin.py:151} INFO -      ⚠️ Erreur ligne 32: not all arguments converted during string formatting
[2026-01-26T14:28:41.952+0000] {logging_mixin.py:151} INFO -      ⚠️ Erreur ligne 33: not all arguments converted during string formatting
[2026-01-26T14:28:41.953+0000] {logging_mixin.py:151} INFO -      ⚠️ Erreur ligne 34: not all arguments converted during string formatting
[2026-01-26T14:28:41.953+0000] {logging_mixin.py:151} INFO -      ⚠️ Erreur ligne 35: not all arguments converted during string formatting
[2026-01-26T14:28:41.954+0000] {logging_mixin.py:151} INFO -      ⚠️ Erreur ligne 36: not all arguments converted during string formatting
[2026-01-26T14:28:41.954+0000] {logging_mixin.py:151} INFO -      ⚠️ Erreur ligne 37: not all arguments converted during string formatting
[2026-01-26T14:28:41.954+0000] {logging_mixin.py:151} INFO -      ⚠️ Erreur ligne 38: not all arguments converted during string formatting
[2026-01-26T14:28:41.955+0000] {logging_mixin.py:151} INFO -      ⚠️ Erreur ligne 39: not all arguments converted during string formatting
[2026-01-26T14:28:41.955+0000] {logging_mixin.py:151} INFO -      ⚠️ Erreur ligne 40: not all arguments converted during string formatting
[2026-01-26T14:28:41.956+0000] {logging_mixin.py:151} INFO -      ⚠️ Erreur ligne 41: not all arguments converted during string formatting
[2026-01-26T14:28:41.956+0000] {logging_mixin.py:151} INFO -      ⚠️ Erreur ligne 42: not all arguments converted during string formatting
[2026-01-26T14:28:41.956+0000] {logging_mixin.py:151} INFO -      ⚠️ Erreur ligne 43: not all arguments converted during string formatting
[2026-01-26T14:28:41.957+0000] {logging_mixin.py:151} INFO -      ⚠️ Erreur ligne 44: not all arguments converted during string formatting
[2026-01-26T14:28:41.957+0000] {logging_mixin.py:151} INFO -      ⚠️ Erreur ligne 45: not all arguments converted during string formatting
[2026-01-26T14:28:41.958+0000] {logging_mixin.py:151} INFO -      ⚠️ Erreur ligne 46: not all arguments converted during string formatting
[2026-01-26T14:28:41.958+0000] {logging_mixin.py:151} INFO -      ⚠️ Erreur ligne 47: not all arguments converted during string formatting
[2026-01-26T14:28:41.958+0000] {logging_mixin.py:151} INFO -      ⚠️ Erreur ligne 48: not all arguments converted during string formatting
[2026-01-26T14:28:41.959+0000] {logging_mixin.py:151} INFO -      ⚠️ Erreur ligne 49: not all arguments converted during string formatting
[2026-01-26T14:28:41.961+0000] {logging_mixin.py:151} INFO -      ⚠️ Erreur ligne 50: not all arguments converted during string formatting
[2026-01-26T14:28:41.962+0000] {logging_mixin.py:151} INFO -      ⚠️ Erreur ligne 51: not all arguments converted during string formatting
[2026-01-26T14:28:41.962+0000] {logging_mixin.py:151} INFO -      ⚠️ Erreur ligne 52: not all arguments converted during string formatting
[2026-01-26T14:28:41.963+0000] {logging_mixin.py:151} INFO -      ⚠️ Erreur ligne 53: not all arguments converted during string formatting
[2026-01-26T14:28:41.963+0000] {logging_mixin.py:151} INFO -      ⚠️ Erreur ligne 54: not all arguments converted during string formatting
[2026-01-26T14:28:41.964+0000] {logging_mixin.py:151} INFO -      ⚠️ Erreur ligne 55: not all arguments converted during string formatting
[2026-01-26T14:28:41.964+0000] {logging_mixin.py:151} INFO -      ⚠️ Erreur ligne 56: not all arguments converted during string formatting
[2026-01-26T14:28:41.964+0000] {logging_mixin.py:151} INFO -      ⚠️ Erreur ligne 57: not all arguments converted during string formatting
[2026-01-26T14:28:41.965+0000] {logging_mixin.py:151} INFO -      ⚠️ Erreur ligne 58: not all arguments converted during string formatting
[2026-01-26T14:28:41.966+0000] {logging_mixin.py:151} INFO -      ⚠️ Erreur ligne 59: not all arguments converted during string formatting
[2026-01-26T14:28:41.967+0000] {logging_mixin.py:151} INFO -      ⚠️ Erreur ligne 60: not all arguments converted during string formatting
[2026-01-26T14:28:41.968+0000] {logging_mixin.py:151} INFO -      ⚠️ Erreur ligne 61: not all arguments converted during string formatting
[2026-01-26T14:28:41.969+0000] {logging_mixin.py:151} INFO -      ⚠️ Erreur ligne 62: not all arguments converted during string formatting
[2026-01-26T14:28:41.969+0000] {logging_mixin.py:151} INFO -      ⚠️ Erreur ligne 63: not all arguments converted during string formatting
[2026-01-26T14:28:41.970+0000] {logging_mixin.py:151} INFO -      ⚠️ Erreur ligne 64: not all arguments converted during string formatting
[2026-01-26T14:28:41.971+0000] {logging_mixin.py:151} INFO -      ⚠️ Erreur ligne 65: not all arguments converted during string formatting
[2026-01-26T14:28:41.972+0000] {logging_mixin.py:151} INFO -      ⚠️ Erreur ligne 66: not all arguments converted during string formatting
[2026-01-26T14:28:41.973+0000] {logging_mixin.py:151} INFO -      ⚠️ Erreur ligne 67: not all arguments converted during string formatting
[2026-01-26T14:28:41.973+0000] {logging_mixin.py:151} INFO -      ⚠️ Erreur ligne 68: not all arguments converted during string formatting
[2026-01-26T14:28:41.974+0000] {logging_mixin.py:151} INFO -      ⚠️ Erreur ligne 69: not all arguments converted during string formatting
[2026-01-26T14:28:41.975+0000] {logging_mixin.py:151} INFO -      ⚠️ Erreur ligne 70: not all arguments converted during string formatting
[2026-01-26T14:28:41.975+0000] {logging_mixin.py:151} INFO -      ⚠️ Erreur ligne 71: not all arguments converted during string formatting
[2026-01-26T14:28:41.976+0000] {logging_mixin.py:151} INFO -      ⚠️ Erreur ligne 72: not all arguments converted during string formatting
[2026-01-26T14:28:41.976+0000] {logging_mixin.py:151} INFO -      ⚠️ Erreur ligne 73: not all arguments converted during string formatting
[2026-01-26T14:28:41.977+0000] {logging_mixin.py:151} INFO -      ⚠️ Erreur ligne 74: not all arguments converted during string formatting
[2026-01-26T14:28:41.978+0000] {logging_mixin.py:151} INFO -      ⚠️ Erreur ligne 75: not all arguments converted during string formatting
[2026-01-26T14:28:41.978+0000] {logging_mixin.py:151} INFO -      ⚠️ Erreur ligne 76: not all arguments converted during string formatting
[2026-01-26T14:28:41.979+0000] {logging_mixin.py:151} INFO -      ⚠️ Erreur ligne 77: not all arguments converted during string formatting
[2026-01-26T14:28:41.979+0000] {logging_mixin.py:151} INFO -      ⚠️ Erreur ligne 78: not all arguments converted during string formatting
[2026-01-26T14:28:41.980+0000] {logging_mixin.py:151} INFO -      ⚠️ Erreur ligne 79: not all arguments converted during string formatting
[2026-01-26T14:28:41.980+0000] {logging_mixin.py:151} INFO -      ⚠️ Erreur ligne 80: not all arguments converted during string formatting
[2026-01-26T14:28:41.981+0000] {logging_mixin.py:151} INFO -      ⚠️ Erreur ligne 81: not all arguments converted during string formatting
[2026-01-26T14:28:41.981+0000] {logging_mixin.py:151} INFO -      ⚠️ Erreur ligne 82: not all arguments converted during string formatting
[2026-01-26T14:28:41.981+0000] {logging_mixin.py:151} INFO -      ⚠️ Erreur ligne 83: not all arguments converted during string formatting
[2026-01-26T14:28:41.982+0000] {logging_mixin.py:151} INFO -      ⚠️ Erreur ligne 84: not all arguments converted during string formatting
[2026-01-26T14:28:41.982+0000] {logging_mixin.py:151} INFO -      ⚠️ Erreur ligne 85: not all arguments converted during string formatting
[2026-01-26T14:28:41.982+0000] {logging_mixin.py:151} INFO -      ⚠️ Erreur ligne 86: not all arguments converted during string formatting
[2026-01-26T14:28:41.983+0000] {logging_mixin.py:151} INFO -      ⚠️ Erreur ligne 87: not all arguments converted during string formatting
[2026-01-26T14:28:41.983+0000] {logging_mixin.py:151} INFO -      ⚠️ Erreur ligne 88: not all arguments converted during string formatting
[2026-01-26T14:28:41.984+0000] {logging_mixin.py:151} INFO -      ⚠️ Erreur ligne 89: not all arguments converted during string formatting
[2026-01-26T14:28:41.984+0000] {logging_mixin.py:151} INFO -      ⚠️ Erreur ligne 90: not all arguments converted during string formatting
[2026-01-26T14:28:41.984+0000] {logging_mixin.py:151} INFO -      ⚠️ Erreur ligne 91: not all arguments converted during string formatting
[2026-01-26T14:28:41.985+0000] {logging_mixin.py:151} INFO -      ⚠️ Erreur ligne 92: not all arguments converted during string formatting
[2026-01-26T14:28:41.986+0000] {logging_mixin.py:151} INFO -      ⚠️ Erreur ligne 93: not all arguments converted during string formatting
[2026-01-26T14:28:41.987+0000] {logging_mixin.py:151} INFO -      ⚠️ Erreur ligne 94: not all arguments converted during string formatting
[2026-01-26T14:28:41.988+0000] {logging_mixin.py:151} INFO -      ⚠️ Erreur ligne 95: not all arguments converted during string formatting
[2026-01-26T14:28:41.990+0000] {logging_mixin.py:151} INFO -      ⚠️ Erreur ligne 96: not all arguments converted during string formatting
[2026-01-26T14:28:41.991+0000] {logging_mixin.py:151} INFO -      ⚠️ Erreur ligne 97: not all arguments converted during string formatting
[2026-01-26T14:28:41.992+0000] {logging_mixin.py:151} INFO -      ⚠️ Erreur ligne 98: not all arguments converted during string formatting
[2026-01-26T14:28:41.993+0000] {logging_mixin.py:151} INFO -      ⚠️ Erreur ligne 99: not all arguments converted during string formatting
[2026-01-26T14:28:41.994+0000] {logging_mixin.py:151} INFO -      ⚠️ Erreur ligne 100: not all arguments converted during string formatting
[2026-01-26T14:28:41.995+0000] {logging_mixin.py:151} INFO -      ⚠️ Erreur ligne 101: not all arguments converted during string formatting
[2026-01-26T14:28:41.996+0000] {logging_mixin.py:151} INFO -      ⚠️ Erreur ligne 102: not all arguments converted during string formatting
[2026-01-26T14:28:41.996+0000] {logging_mixin.py:151} INFO -      ⚠️ Erreur ligne 103: not all arguments converted during string formatting
[2026-01-26T14:28:41.997+0000] {logging_mixin.py:151} INFO -      ⚠️ Erreur ligne 104: not all arguments converted during string formatting
[2026-01-26T14:28:41.997+0000] {logging_mixin.py:151} INFO -      ⚠️ Erreur ligne 105: not all arguments converted during string formatting
[2026-01-26T14:28:41.998+0000] {logging_mixin.py:151} INFO -      ⚠️ Erreur ligne 106: not all arguments converted during string formatting
[2026-01-26T14:28:41.998+0000] {logging_mixin.py:151} INFO -      ⚠️ Erreur ligne 107: not all arguments converted during string formatting
[2026-01-26T14:28:41.999+0000] {logging_mixin.py:151} INFO -      ⚠️ Erreur ligne 108: not all arguments converted during string formatting
[2026-01-26T14:28:41.999+0000] {logging_mixin.py:151} INFO -      ⚠️ Erreur ligne 109: not all arguments converted during string formatting
[2026-01-26T14:28:42.000+0000] {logging_mixin.py:151} INFO -      ⚠️ Erreur ligne 110: not all arguments converted during string formatting
[2026-01-26T14:28:42.000+0000] {logging_mixin.py:151} INFO -      ⚠️ Erreur ligne 111: not all arguments converted during string formatting
[2026-01-26T14:28:42.001+0000] {logging_mixin.py:151} INFO -      ⚠️ Erreur ligne 112: not all arguments converted during string formatting
[2026-01-26T14:28:42.001+0000] {logging_mixin.py:151} INFO -      ⚠️ Erreur ligne 113: not all arguments converted during string formatting
[2026-01-26T14:28:42.002+0000] {logging_mixin.py:151} INFO -      ⚠️ Erreur ligne 114: not all arguments converted during string formatting
[2026-01-26T14:28:42.002+0000] {logging_mixin.py:151} INFO -      ⚠️ Erreur ligne 115: not all arguments converted during string formatting
[2026-01-26T14:28:42.003+0000] {logging_mixin.py:151} INFO -      ⚠️ Erreur ligne 116: not all arguments converted during string formatting
[2026-01-26T14:28:42.003+0000] {logging_mixin.py:151} INFO -      ⚠️ Erreur ligne 117: not all arguments converted during string formatting
[2026-01-26T14:28:42.004+0000] {logging_mixin.py:151} INFO -      ⚠️ Erreur ligne 118: not all arguments converted during string formatting
[2026-01-26T14:28:42.005+0000] {logging_mixin.py:151} INFO -      ⚠️ Erreur ligne 119: not all arguments converted during string formatting
[2026-01-26T14:28:42.006+0000] {logging_mixin.py:151} INFO -      ⚠️ Erreur ligne 120: not all arguments converted during string formatting
[2026-01-26T14:28:42.008+0000] {logging_mixin.py:151} INFO -      ⚠️ Erreur ligne 121: not all arguments converted during string formatting
[2026-01-26T14:28:42.009+0000] {logging_mixin.py:151} INFO -      ⚠️ Erreur ligne 122: not all arguments converted during string formatting
[2026-01-26T14:28:42.010+0000] {logging_mixin.py:151} INFO -      ⚠️ Erreur ligne 123: not all arguments converted during string formatting
[2026-01-26T14:28:42.011+0000] {logging_mixin.py:151} INFO -      ⚠️ Erreur ligne 124: not all arguments converted during string formatting
[2026-01-26T14:28:42.011+0000] {logging_mixin.py:151} INFO -      ⚠️ Erreur ligne 125: not all arguments converted during string formatting
[2026-01-26T14:28:42.012+0000] {logging_mixin.py:151} INFO -      ⚠️ Erreur ligne 126: not all arguments converted during string formatting
[2026-01-26T14:28:42.013+0000] {logging_mixin.py:151} INFO -      ⚠️ Erreur ligne 127: not all arguments converted during string formatting
[2026-01-26T14:28:42.014+0000] {logging_mixin.py:151} INFO -      ⚠️ Erreur ligne 128: not all arguments converted during string formatting
[2026-01-26T14:28:42.014+0000] {logging_mixin.py:151} INFO -      ⚠️ Erreur ligne 129: not all arguments converted during string formatting
[2026-01-26T14:28:42.015+0000] {logging_mixin.py:151} INFO -      ⚠️ Erreur ligne 130: not all arguments converted during string formatting
[2026-01-26T14:28:42.015+0000] {logging_mixin.py:151} INFO -      ⚠️ Erreur ligne 131: not all arguments converted during string formatting
[2026-01-26T14:28:42.016+0000] {logging_mixin.py:151} INFO -      ⚠️ Erreur ligne 132: not all arguments converted during string formatting
[2026-01-26T14:28:42.016+0000] {logging_mixin.py:151} INFO -      ⚠️ Erreur ligne 133: not all arguments converted during string formatting
[2026-01-26T14:28:42.017+0000] {logging_mixin.py:151} INFO -      ⚠️ Erreur ligne 134: not all arguments converted during string formatting
[2026-01-26T14:28:42.017+0000] {logging_mixin.py:151} INFO -      ⚠️ Erreur ligne 135: not all arguments converted during string formatting
[2026-01-26T14:28:42.018+0000] {logging_mixin.py:151} INFO -      ⚠️ Erreur ligne 136: not all arguments converted during string formatting
[2026-01-26T14:28:42.018+0000] {logging_mixin.py:151} INFO -      ⚠️ Erreur ligne 137: not all arguments converted during string formatting
[2026-01-26T14:28:42.018+0000] {logging_mixin.py:151} INFO -      ⚠️ Erreur ligne 138: not all arguments converted during string formatting
[2026-01-26T14:28:42.019+0000] {logging_mixin.py:151} INFO -      ⚠️ Erreur ligne 139: not all arguments converted during string formatting
[2026-01-26T14:28:42.019+0000] {logging_mixin.py:151} INFO -      ⚠️ Erreur ligne 140: not all arguments converted during string formatting
[2026-01-26T14:28:42.019+0000] {logging_mixin.py:151} INFO -      ⚠️ Erreur ligne 141: not all arguments converted during string formatting
[2026-01-26T14:28:42.020+0000] {logging_mixin.py:151} INFO -      ⚠️ Erreur ligne 142: not all arguments converted during string formatting
[2026-01-26T14:28:42.020+0000] {logging_mixin.py:151} INFO -      ⚠️ Erreur ligne 143: not all arguments converted during string formatting
[2026-01-26T14:28:42.021+0000] {logging_mixin.py:151} INFO -      ⚠️ Erreur ligne 144: not all arguments converted during string formatting
[2026-01-26T14:28:42.021+0000] {logging_mixin.py:151} INFO -      ⚠️ Erreur ligne 145: not all arguments converted during string formatting
[2026-01-26T14:28:42.022+0000] {logging_mixin.py:151} INFO -      ⚠️ Erreur ligne 146: not all arguments converted during string formatting
[2026-01-26T14:28:42.022+0000] {logging_mixin.py:151} INFO -      ⚠️ Erreur ligne 147: not all arguments converted during string formatting
[2026-01-26T14:28:42.022+0000] {logging_mixin.py:151} INFO -      ⚠️ Erreur ligne 148: not all arguments converted during string formatting
[2026-01-26T14:28:42.023+0000] {logging_mixin.py:151} INFO -      ⚠️ Erreur ligne 149: not all arguments converted during string formatting
[2026-01-26T14:28:42.023+0000] {logging_mixin.py:151} INFO -      ⚠️ Erreur ligne 150: not all arguments converted during string formatting
[2026-01-26T14:28:42.024+0000] {logging_mixin.py:151} INFO -      ⚠️ Erreur ligne 151: not all arguments converted during string formatting
[2026-01-26T14:28:42.025+0000] {logging_mixin.py:151} INFO -      ⚠️ Erreur ligne 152: not all arguments converted during string formatting
[2026-01-26T14:28:42.027+0000] {logging_mixin.py:151} INFO -      ⚠️ Erreur ligne 153: not all arguments converted during string formatting
[2026-01-26T14:28:42.028+0000] {logging_mixin.py:151} INFO -      ⚠️ Erreur ligne 154: not all arguments converted during string formatting
[2026-01-26T14:28:42.030+0000] {logging_mixin.py:151} INFO -      ⚠️ Erreur ligne 155: not all arguments converted during string formatting
[2026-01-26T14:28:42.031+0000] {logging_mixin.py:151} INFO -      ⚠️ Erreur ligne 156: not all arguments converted during string formatting
[2026-01-26T14:28:42.032+0000] {logging_mixin.py:151} INFO -      ⚠️ Erreur ligne 157: not all arguments converted during string formatting
[2026-01-26T14:28:42.032+0000] {logging_mixin.py:151} INFO -      ⚠️ Erreur ligne 158: not all arguments converted during string formatting
[2026-01-26T14:28:42.033+0000] {logging_mixin.py:151} INFO -      ⚠️ Erreur ligne 159: not all arguments converted during string formatting
[2026-01-26T14:28:42.034+0000] {logging_mixin.py:151} INFO -      ⚠️ Erreur ligne 160: not all arguments converted during string formatting
[2026-01-26T14:28:42.035+0000] {logging_mixin.py:151} INFO -      ⚠️ Erreur ligne 161: not all arguments converted during string formatting
[2026-01-26T14:28:42.035+0000] {logging_mixin.py:151} INFO -      ⚠️ Erreur ligne 162: not all arguments converted during string formatting
[2026-01-26T14:28:42.036+0000] {logging_mixin.py:151} INFO -      ⚠️ Erreur ligne 163: not all arguments converted during string formatting
[2026-01-26T14:28:42.037+0000] {logging_mixin.py:151} INFO -      ⚠️ Erreur ligne 164: not all arguments converted during string formatting
[2026-01-26T14:28:42.037+0000] {logging_mixin.py:151} INFO -      ⚠️ Erreur ligne 165: not all arguments converted during string formatting
[2026-01-26T14:28:42.038+0000] {logging_mixin.py:151} INFO -      ⚠️ Erreur ligne 166: not all arguments converted during string formatting
[2026-01-26T14:28:42.038+0000] {logging_mixin.py:151} INFO -      ⚠️ Erreur ligne 167: not all arguments converted during string formatting
[2026-01-26T14:28:42.038+0000] {logging_mixin.py:151} INFO -      ⚠️ Erreur ligne 168: not all arguments converted during string formatting
[2026-01-26T14:28:42.039+0000] {logging_mixin.py:151} INFO -      ⚠️ Erreur ligne 169: not all arguments converted during string formatting
[2026-01-26T14:28:42.039+0000] {logging_mixin.py:151} INFO -      ⚠️ Erreur ligne 170: not all arguments converted during string formatting
[2026-01-26T14:28:42.040+0000] {logging_mixin.py:151} INFO -      ⚠️ Erreur ligne 171: not all arguments converted during string formatting
[2026-01-26T14:28:42.040+0000] {logging_mixin.py:151} INFO -      ⚠️ Erreur ligne 172: not all arguments converted during string formatting
[2026-01-26T14:28:42.040+0000] {logging_mixin.py:151} INFO -      ⚠️ Erreur ligne 173: not all arguments converted during string formatting
[2026-01-26T14:28:42.041+0000] {logging_mixin.py:151} INFO -      ⚠️ Erreur ligne 174: not all arguments converted during string formatting
[2026-01-26T14:28:42.041+0000] {logging_mixin.py:151} INFO -      ⚠️ Erreur ligne 175: not all arguments converted during string formatting
[2026-01-26T14:28:42.042+0000] {logging_mixin.py:151} INFO -      ⚠️ Erreur ligne 176: not all arguments converted during string formatting
[2026-01-26T14:28:42.042+0000] {logging_mixin.py:151} INFO -      ⚠️ Erreur ligne 177: not all arguments converted during string formatting
[2026-01-26T14:28:42.042+0000] {logging_mixin.py:151} INFO -      ⚠️ Erreur ligne 178: not all arguments converted during string formatting
[2026-01-26T14:28:42.043+0000] {logging_mixin.py:151} INFO -      ⚠️ Erreur ligne 179: not all arguments converted during string formatting
[2026-01-26T14:28:42.043+0000] {logging_mixin.py:151} INFO -      ⚠️ Erreur ligne 180: not all arguments converted during string formatting
[2026-01-26T14:28:42.044+0000] {logging_mixin.py:151} INFO -      ⚠️ Erreur ligne 181: not all arguments converted during string formatting
[2026-01-26T14:28:42.044+0000] {logging_mixin.py:151} INFO -      ⚠️ Erreur ligne 182: not all arguments converted during string formatting
[2026-01-26T14:28:42.045+0000] {logging_mixin.py:151} INFO -      ⚠️ Erreur ligne 183: not all arguments converted during string formatting
[2026-01-26T14:28:42.046+0000] {logging_mixin.py:151} INFO -      ⚠️ Erreur ligne 184: not all arguments converted during string formatting
[2026-01-26T14:28:42.047+0000] {logging_mixin.py:151} INFO -      ⚠️ Erreur ligne 185: not all arguments converted during string formatting
[2026-01-26T14:28:42.048+0000] {logging_mixin.py:151} INFO -      ⚠️ Erreur ligne 186: not all arguments converted during string formatting
[2026-01-26T14:28:42.049+0000] {logging_mixin.py:151} INFO -      ⚠️ Erreur ligne 187: not all arguments converted during string formatting
[2026-01-26T14:28:42.050+0000] {logging_mixin.py:151} INFO -      ⚠️ Erreur ligne 188: not all arguments converted during string formatting
[2026-01-26T14:28:42.051+0000] {logging_mixin.py:151} INFO -      ⚠️ Erreur ligne 189: not all arguments converted during string formatting
[2026-01-26T14:28:42.052+0000] {logging_mixin.py:151} INFO -      ⚠️ Erreur ligne 190: not all arguments converted during string formatting
[2026-01-26T14:28:42.053+0000] {logging_mixin.py:151} INFO -      ⚠️ Erreur ligne 191: not all arguments converted during string formatting
[2026-01-26T14:28:42.053+0000] {logging_mixin.py:151} INFO -      ⚠️ Erreur ligne 192: not all arguments converted during string formatting
[2026-01-26T14:28:42.054+0000] {logging_mixin.py:151} INFO -      ⚠️ Erreur ligne 193: not all arguments converted during string formatting
[2026-01-26T14:28:42.055+0000] {logging_mixin.py:151} INFO -      ⚠️ Erreur ligne 194: not all arguments converted during string formatting
[2026-01-26T14:28:42.055+0000] {logging_mixin.py:151} INFO -      ⚠️ Erreur ligne 195: not all arguments converted during string formatting
[2026-01-26T14:28:42.056+0000] {logging_mixin.py:151} INFO -      ⚠️ Erreur ligne 196: not all arguments converted during string formatting
[2026-01-26T14:28:42.056+0000] {logging_mixin.py:151} INFO -      ⚠️ Erreur ligne 197: not all arguments converted during string formatting
[2026-01-26T14:28:42.057+0000] {logging_mixin.py:151} INFO -      ⚠️ Erreur ligne 198: not all arguments converted during string formatting
[2026-01-26T14:28:42.057+0000] {logging_mixin.py:151} INFO -      ⚠️ Erreur ligne 199: not all arguments converted during string formatting
[2026-01-26T14:28:42.058+0000] {logging_mixin.py:151} INFO -      ⚠️ Erreur ligne 200: not all arguments converted during string formatting
[2026-01-26T14:28:42.058+0000] {logging_mixin.py:151} INFO -      ⚠️ Erreur ligne 201: not all arguments converted during string formatting
[2026-01-26T14:28:42.059+0000] {logging_mixin.py:151} INFO -      ⚠️ Erreur ligne 202: not all arguments converted during string formatting
[2026-01-26T14:28:42.059+0000] {logging_mixin.py:151} INFO -      ⚠️ Erreur ligne 203: not all arguments converted during string formatting
[2026-01-26T14:28:42.059+0000] {logging_mixin.py:151} INFO -      ⚠️ Erreur ligne 204: not all arguments converted during string formatting
[2026-01-26T14:28:42.060+0000] {logging_mixin.py:151} INFO -      ⚠️ Erreur ligne 205: not all arguments converted during string formatting
[2026-01-26T14:28:42.060+0000] {logging_mixin.py:151} INFO -      ⚠️ Erreur ligne 206: not all arguments converted during string formatting
[2026-01-26T14:28:42.061+0000] {logging_mixin.py:151} INFO -      ⚠️ Erreur ligne 207: not all arguments converted during string formatting
[2026-01-26T14:28:42.061+0000] {logging_mixin.py:151} INFO -      ⚠️ Erreur ligne 208: not all arguments converted during string formatting
[2026-01-26T14:28:42.061+0000] {logging_mixin.py:151} INFO -      ⚠️ Erreur ligne 209: not all arguments converted during string formatting
[2026-01-26T14:28:42.062+0000] {logging_mixin.py:151} INFO -      ⚠️ Erreur ligne 210: not all arguments converted during string formatting
[2026-01-26T14:28:42.062+0000] {logging_mixin.py:151} INFO -      ⚠️ Erreur ligne 211: not all arguments converted during string formatting
[2026-01-26T14:28:42.063+0000] {logging_mixin.py:151} INFO -      ⚠️ Erreur ligne 212: not all arguments converted during string formatting
[2026-01-26T14:28:42.063+0000] {logging_mixin.py:151} INFO -      ⚠️ Erreur ligne 213: not all arguments converted during string formatting
[2026-01-26T14:28:42.064+0000] {logging_mixin.py:151} INFO -      ⚠️ Erreur ligne 214: not all arguments converted during string formatting
[2026-01-26T14:28:42.064+0000] {logging_mixin.py:151} INFO -      ⚠️ Erreur ligne 215: not all arguments converted during string formatting
[2026-01-26T14:28:42.064+0000] {logging_mixin.py:151} INFO -      ⚠️ Erreur ligne 216: not all arguments converted during string formatting
[2026-01-26T14:28:42.065+0000] {logging_mixin.py:151} INFO -      ⚠️ Erreur ligne 217: not all arguments converted during string formatting
[2026-01-26T14:28:42.065+0000] {logging_mixin.py:151} INFO -      ⚠️ Erreur ligne 218: not all arguments converted during string formatting
[2026-01-26T14:28:42.066+0000] {logging_mixin.py:151} INFO -      ⚠️ Erreur ligne 219: not all arguments converted during string formatting
[2026-01-26T14:28:42.067+0000] {logging_mixin.py:151} INFO -      ⚠️ Erreur ligne 220: not all arguments converted during string formatting
[2026-01-26T14:28:42.068+0000] {logging_mixin.py:151} INFO -      ⚠️ Erreur ligne 221: not all arguments converted during string formatting
[2026-01-26T14:28:42.069+0000] {logging_mixin.py:151} INFO -      ⚠️ Erreur ligne 222: not all arguments converted during string formatting
[2026-01-26T14:28:42.070+0000] {logging_mixin.py:151} INFO -      ⚠️ Erreur ligne 223: not all arguments converted during string formatting
[2026-01-26T14:28:42.071+0000] {logging_mixin.py:151} INFO -      ⚠️ Erreur ligne 224: not all arguments converted during string formatting
[2026-01-26T14:28:42.071+0000] {logging_mixin.py:151} INFO -      ⚠️ Erreur ligne 225: not all arguments converted during string formatting
[2026-01-26T14:28:42.072+0000] {logging_mixin.py:151} INFO -      ⚠️ Erreur ligne 226: not all arguments converted during string formatting
[2026-01-26T14:28:42.072+0000] {logging_mixin.py:151} INFO -      ⚠️ Erreur ligne 227: not all arguments converted during string formatting
[2026-01-26T14:28:42.072+0000] {logging_mixin.py:151} INFO -      ⚠️ Erreur ligne 228: not all arguments converted during string formatting
[2026-01-26T14:28:42.073+0000] {logging_mixin.py:151} INFO -      ⚠️ Erreur ligne 229: not all arguments converted during string formatting
[2026-01-26T14:28:42.073+0000] {logging_mixin.py:151} INFO -      ⚠️ Erreur ligne 230: not all arguments converted during string formatting
[2026-01-26T14:28:42.074+0000] {logging_mixin.py:151} INFO -      ⚠️ Erreur ligne 231: not all arguments converted during string formatting
[2026-01-26T14:28:42.074+0000] {logging_mixin.py:151} INFO -      ⚠️ Erreur ligne 232: not all arguments converted during string formatting
[2026-01-26T14:28:42.074+0000] {logging_mixin.py:151} INFO -      ⚠️ Erreur ligne 233: not all arguments converted during string formatting
[2026-01-26T14:28:42.075+0000] {logging_mixin.py:151} INFO -      ⚠️ Erreur ligne 234: not all arguments converted during string formatting
[2026-01-26T14:28:42.075+0000] {logging_mixin.py:151} INFO -      ⚠️ Erreur ligne 235: not all arguments converted during string formatting
[2026-01-26T14:28:42.076+0000] {logging_mixin.py:151} INFO -      ⚠️ Erreur ligne 236: not all arguments converted during string formatting
[2026-01-26T14:28:42.076+0000] {logging_mixin.py:151} INFO -      ⚠️ Erreur ligne 237: not all arguments converted during string formatting
[2026-01-26T14:28:42.077+0000] {logging_mixin.py:151} INFO -      ⚠️ Erreur ligne 238: not all arguments converted during string formatting
[2026-01-26T14:28:42.077+0000] {logging_mixin.py:151} INFO -      ⚠️ Erreur ligne 239: not all arguments converted during string formatting
[2026-01-26T14:28:42.077+0000] {logging_mixin.py:151} INFO -      ⚠️ Erreur ligne 240: not all arguments converted during string formatting
[2026-01-26T14:28:42.078+0000] {logging_mixin.py:151} INFO -      ⚠️ Erreur ligne 241: not all arguments converted during string formatting
[2026-01-26T14:28:42.079+0000] {logging_mixin.py:151} INFO -      ⚠️ Erreur ligne 242: not all arguments converted during string formatting
[2026-01-26T14:28:42.079+0000] {logging_mixin.py:151} INFO -      ⚠️ Erreur ligne 243: not all arguments converted during string formatting
[2026-01-26T14:28:42.080+0000] {logging_mixin.py:151} INFO -      ⚠️ Erreur ligne 244: not all arguments converted during string formatting
[2026-01-26T14:28:42.081+0000] {logging_mixin.py:151} INFO -      ⚠️ Erreur ligne 245: not all arguments converted during string formatting
[2026-01-26T14:28:42.082+0000] {logging_mixin.py:151} INFO -      ⚠️ Erreur ligne 246: not all arguments converted during string formatting
[2026-01-26T14:28:42.082+0000] {logging_mixin.py:151} INFO -      ⚠️ Erreur ligne 247: not all arguments converted during string formatting
[2026-01-26T14:28:42.083+0000] {logging_mixin.py:151} INFO -      ⚠️ Erreur ligne 248: not all arguments converted during string formatting
[2026-01-26T14:28:42.084+0000] {logging_mixin.py:151} INFO -      ⚠️ Erreur ligne 249: not all arguments converted during string formatting
[2026-01-26T14:28:42.085+0000] {logging_mixin.py:151} INFO -      ⚠️ Erreur ligne 250: not all arguments converted during string formatting
[2026-01-26T14:28:42.086+0000] {logging_mixin.py:151} INFO -      ⚠️ Erreur ligne 251: not all arguments converted during string formatting
[2026-01-26T14:28:42.086+0000] {logging_mixin.py:151} INFO -      ⚠️ Erreur ligne 252: not all arguments converted during string formatting
[2026-01-26T14:28:42.087+0000] {logging_mixin.py:151} INFO -      ⚠️ Erreur ligne 253: not all arguments converted during string formatting
[2026-01-26T14:28:42.087+0000] {logging_mixin.py:151} INFO -      ⚠️ Erreur ligne 254: not all arguments converted during string formatting
[2026-01-26T14:28:42.088+0000] {logging_mixin.py:151} INFO -      ⚠️ Erreur ligne 255: not all arguments converted during string formatting
[2026-01-26T14:28:42.088+0000] {logging_mixin.py:151} INFO -      ⚠️ Erreur ligne 256: not all arguments converted during string formatting
[2026-01-26T14:28:42.089+0000] {logging_mixin.py:151} INFO -      ⚠️ Erreur ligne 257: not all arguments converted during string formatting
[2026-01-26T14:28:42.089+0000] {logging_mixin.py:151} INFO -      ⚠️ Erreur ligne 258: not all arguments converted during string formatting
[2026-01-26T14:28:42.090+0000] {logging_mixin.py:151} INFO -      ⚠️ Erreur ligne 259: not all arguments converted during string formatting
[2026-01-26T14:28:42.090+0000] {logging_mixin.py:151} INFO -      ⚠️ Erreur ligne 260: not all arguments converted during string formatting
[2026-01-26T14:28:42.091+0000] {logging_mixin.py:151} INFO -      ⚠️ Erreur ligne 261: not all arguments converted during string formatting
[2026-01-26T14:28:42.091+0000] {logging_mixin.py:151} INFO -      ⚠️ Erreur ligne 262: not all arguments converted during string formatting
[2026-01-26T14:28:42.092+0000] {logging_mixin.py:151} INFO -      ⚠️ Erreur ligne 263: not all arguments converted during string formatting
[2026-01-26T14:28:42.093+0000] {logging_mixin.py:151} INFO -      ⚠️ Erreur ligne 264: not all arguments converted during string formatting
[2026-01-26T14:28:42.094+0000] {logging_mixin.py:151} INFO -      ⚠️ Erreur ligne 265: not all arguments converted during string formatting
[2026-01-26T14:28:42.095+0000] {logging_mixin.py:151} INFO -      ⚠️ Erreur ligne 266: not all arguments converted during string formatting
[2026-01-26T14:28:42.095+0000] {logging_mixin.py:151} INFO -      ⚠️ Erreur ligne 267: not all arguments converted during string formatting
[2026-01-26T14:28:42.096+0000] {logging_mixin.py:151} INFO -      ⚠️ Erreur ligne 268: not all arguments converted during string formatting
[2026-01-26T14:28:42.096+0000] {logging_mixin.py:151} INFO -      ⚠️ Erreur ligne 269: not all arguments converted during string formatting
[2026-01-26T14:28:42.096+0000] {logging_mixin.py:151} INFO -      ⚠️ Erreur ligne 270: not all arguments converted during string formatting
[2026-01-26T14:28:42.097+0000] {logging_mixin.py:151} INFO -      ⚠️ Erreur ligne 271: not all arguments converted during string formatting
[2026-01-26T14:28:42.098+0000] {logging_mixin.py:151} INFO -      ⚠️ Erreur ligne 272: not all arguments converted during string formatting
[2026-01-26T14:28:42.099+0000] {logging_mixin.py:151} INFO -      ⚠️ Erreur ligne 273: not all arguments converted during string formatting
[2026-01-26T14:28:42.100+0000] {logging_mixin.py:151} INFO -      ⚠️ Erreur ligne 274: not all arguments converted during string formatting
[2026-01-26T14:28:42.101+0000] {logging_mixin.py:151} INFO -      ⚠️ Erreur ligne 275: not all arguments converted during string formatting
[2026-01-26T14:28:42.101+0000] {logging_mixin.py:151} INFO -      ⚠️ Erreur ligne 276: not all arguments converted during string formatting
[2026-01-26T14:28:42.102+0000] {logging_mixin.py:151} INFO -      ⚠️ Erreur ligne 277: not all arguments converted during string formatting
[2026-01-26T14:28:42.103+0000] {logging_mixin.py:151} INFO -      ⚠️ Erreur ligne 278: not all arguments converted during string formatting
[2026-01-26T14:28:42.104+0000] {logging_mixin.py:151} INFO -      ⚠️ Erreur ligne 279: not all arguments converted during string formatting
[2026-01-26T14:28:42.105+0000] {logging_mixin.py:151} INFO -      ⚠️ Erreur ligne 280: not all arguments converted during string formatting
[2026-01-26T14:28:42.105+0000] {logging_mixin.py:151} INFO -      ⚠️ Erreur ligne 281: not all arguments converted during string formatting
[2026-01-26T14:28:42.106+0000] {logging_mixin.py:151} INFO -      ⚠️ Erreur ligne 282: not all arguments converted during string formatting
[2026-01-26T14:28:42.107+0000] {logging_mixin.py:151} INFO -      ⚠️ Erreur ligne 283: not all arguments converted during string formatting
[2026-01-26T14:28:42.107+0000] {logging_mixin.py:151} INFO -      ⚠️ Erreur ligne 284: not all arguments converted during string formatting
[2026-01-26T14:28:42.108+0000] {logging_mixin.py:151} INFO -      ⚠️ Erreur ligne 285: not all arguments converted during string formatting
[2026-01-26T14:28:42.109+0000] {logging_mixin.py:151} INFO -      ⚠️ Erreur ligne 286: not all arguments converted during string formatting
[2026-01-26T14:28:42.109+0000] {logging_mixin.py:151} INFO -      ⚠️ Erreur ligne 287: not all arguments converted during string formatting
[2026-01-26T14:28:42.110+0000] {logging_mixin.py:151} INFO -      ⚠️ Erreur ligne 288: not all arguments converted during string formatting
[2026-01-26T14:28:42.110+0000] {logging_mixin.py:151} INFO -      ⚠️ Erreur ligne 289: not all arguments converted during string formatting
[2026-01-26T14:28:42.111+0000] {logging_mixin.py:151} INFO -      ⚠️ Erreur ligne 290: not all arguments converted during string formatting
[2026-01-26T14:28:42.111+0000] {logging_mixin.py:151} INFO -      ⚠️ Erreur ligne 291: not all arguments converted during string formatting
[2026-01-26T14:28:42.112+0000] {logging_mixin.py:151} INFO -      ⚠️ Erreur ligne 292: not all arguments converted during string formatting
[2026-01-26T14:28:42.112+0000] {logging_mixin.py:151} INFO -      ⚠️ Erreur ligne 293: not all arguments converted during string formatting
[2026-01-26T14:28:42.113+0000] {logging_mixin.py:151} INFO -      ⚠️ Erreur ligne 294: not all arguments converted during string formatting
[2026-01-26T14:28:42.113+0000] {logging_mixin.py:151} INFO -      ⚠️ Erreur ligne 295: not all arguments converted during string formatting
[2026-01-26T14:28:42.114+0000] {logging_mixin.py:151} INFO -      ⚠️ Erreur ligne 296: not all arguments converted during string formatting
[2026-01-26T14:28:42.114+0000] {logging_mixin.py:151} INFO -      ⚠️ Erreur ligne 297: not all arguments converted during string formatting
[2026-01-26T14:28:42.115+0000] {logging_mixin.py:151} INFO -      ⚠️ Erreur ligne 298: not all arguments converted during string formatting
[2026-01-26T14:28:42.115+0000] {logging_mixin.py:151} INFO -      ⚠️ Erreur ligne 299: not all arguments converted during string formatting
[2026-01-26T14:28:42.116+0000] {logging_mixin.py:151} INFO -      ⚠️ Erreur ligne 300: not all arguments converted during string formatting
[2026-01-26T14:28:42.117+0000] {logging_mixin.py:151} INFO -      ⚠️ Erreur ligne 301: not all arguments converted during string formatting
[2026-01-26T14:28:42.120+0000] {logging_mixin.py:151} INFO -      ⚠️ Erreur ligne 302: not all arguments converted during string formatting
[2026-01-26T14:28:42.121+0000] {logging_mixin.py:151} INFO -      ⚠️ Erreur ligne 303: not all arguments converted during string formatting
[2026-01-26T14:28:42.122+0000] {logging_mixin.py:151} INFO -      ⚠️ Erreur ligne 304: not all arguments converted during string formatting
[2026-01-26T14:28:42.123+0000] {logging_mixin.py:151} INFO -      ⚠️ Erreur ligne 305: not all arguments converted during string formatting
[2026-01-26T14:28:42.123+0000] {logging_mixin.py:151} INFO -      ⚠️ Erreur ligne 306: not all arguments converted during string formatting
[2026-01-26T14:28:42.124+0000] {logging_mixin.py:151} INFO -      ⚠️ Erreur ligne 307: not all arguments converted during string formatting
[2026-01-26T14:28:42.125+0000] {logging_mixin.py:151} INFO -      ⚠️ Erreur ligne 308: not all arguments converted during string formatting
[2026-01-26T14:28:42.125+0000] {logging_mixin.py:151} INFO -      ⚠️ Erreur ligne 309: not all arguments converted during string formatting
[2026-01-26T14:28:42.126+0000] {logging_mixin.py:151} INFO -      ⚠️ Erreur ligne 310: not all arguments converted during string formatting
[2026-01-26T14:28:42.126+0000] {logging_mixin.py:151} INFO -      ⚠️ Erreur ligne 311: not all arguments converted during string formatting
[2026-01-26T14:28:42.127+0000] {logging_mixin.py:151} INFO -      ⚠️ Erreur ligne 312: not all arguments converted during string formatting
[2026-01-26T14:28:42.127+0000] {logging_mixin.py:151} INFO -      ⚠️ Erreur ligne 313: not all arguments converted during string formatting
[2026-01-26T14:28:42.128+0000] {logging_mixin.py:151} INFO -      ⚠️ Erreur ligne 314: not all arguments converted during string formatting
[2026-01-26T14:28:42.128+0000] {logging_mixin.py:151} INFO -      ⚠️ Erreur ligne 315: not all arguments converted during string formatting
[2026-01-26T14:28:42.129+0000] {logging_mixin.py:151} INFO -      ⚠️ Erreur ligne 316: not all arguments converted during string formatting
[2026-01-26T14:28:42.129+0000] {logging_mixin.py:151} INFO -      ⚠️ Erreur ligne 317: not all arguments converted during string formatting
[2026-01-26T14:28:42.129+0000] {logging_mixin.py:151} INFO -      ⚠️ Erreur ligne 318: not all arguments converted during string formatting
[2026-01-26T14:28:42.130+0000] {logging_mixin.py:151} INFO -      ⚠️ Erreur ligne 319: not all arguments converted during string formatting
[2026-01-26T14:28:42.130+0000] {logging_mixin.py:151} INFO -      ⚠️ Erreur ligne 320: not all arguments converted during string formatting
[2026-01-26T14:28:42.131+0000] {logging_mixin.py:151} INFO -      ⚠️ Erreur ligne 321: not all arguments converted during string formatting
[2026-01-26T14:28:42.131+0000] {logging_mixin.py:151} INFO -      ⚠️ Erreur ligne 322: not all arguments converted during string formatting
[2026-01-26T14:28:42.131+0000] {logging_mixin.py:151} INFO -      ⚠️ Erreur ligne 323: not all arguments converted during string formatting
[2026-01-26T14:28:42.132+0000] {logging_mixin.py:151} INFO -      ⚠️ Erreur ligne 324: not all arguments converted during string formatting
[2026-01-26T14:28:42.132+0000] {logging_mixin.py:151} INFO -      ⚠️ Erreur ligne 325: not all arguments converted during string formatting
[2026-01-26T14:28:42.133+0000] {logging_mixin.py:151} INFO -      ⚠️ Erreur ligne 326: not all arguments converted during string formatting
[2026-01-26T14:28:42.134+0000] {logging_mixin.py:151} INFO -      ⚠️ Erreur ligne 327: not all arguments converted during string formatting
[2026-01-26T14:28:42.135+0000] {logging_mixin.py:151} INFO -      ⚠️ Erreur ligne 328: not all arguments converted during string formatting
[2026-01-26T14:28:42.135+0000] {logging_mixin.py:151} INFO -      ⚠️ Erreur ligne 329: not all arguments converted during string formatting
[2026-01-26T14:28:42.136+0000] {logging_mixin.py:151} INFO -      ⚠️ Erreur ligne 330: not all arguments converted during string formatting
[2026-01-26T14:28:42.136+0000] {logging_mixin.py:151} INFO -      ⚠️ Erreur ligne 331: not all arguments converted during string formatting
[2026-01-26T14:28:42.136+0000] {logging_mixin.py:151} INFO -      ⚠️ Erreur ligne 332: not all arguments converted during string formatting
[2026-01-26T14:28:42.137+0000] {logging_mixin.py:151} INFO -      ⚠️ Erreur ligne 333: not all arguments converted during string formatting
[2026-01-26T14:28:42.137+0000] {logging_mixin.py:151} INFO -      ⚠️ Erreur ligne 334: not all arguments converted during string formatting
[2026-01-26T14:28:42.138+0000] {logging_mixin.py:151} INFO -      ⚠️ Erreur ligne 335: not all arguments converted during string formatting
[2026-01-26T14:28:42.138+0000] {logging_mixin.py:151} INFO -      ⚠️ Erreur ligne 336: not all arguments converted during string formatting
[2026-01-26T14:28:42.139+0000] {logging_mixin.py:151} INFO -      ⚠️ Erreur ligne 337: not all arguments converted during string formatting
[2026-01-26T14:28:42.140+0000] {logging_mixin.py:151} INFO -      ⚠️ Erreur ligne 338: not all arguments converted during string formatting
[2026-01-26T14:28:42.141+0000] {logging_mixin.py:151} INFO -      ⚠️ Erreur ligne 339: not all arguments converted during string formatting
[2026-01-26T14:28:42.142+0000] {logging_mixin.py:151} INFO -      ⚠️ Erreur ligne 340: not all arguments converted during string formatting
[2026-01-26T14:28:42.142+0000] {logging_mixin.py:151} INFO -      ⚠️ Erreur ligne 341: not all arguments converted during string formatting
[2026-01-26T14:28:42.143+0000] {logging_mixin.py:151} INFO -      ⚠️ Erreur ligne 342: not all arguments converted during string formatting
[2026-01-26T14:28:42.143+0000] {logging_mixin.py:151} INFO -      ⚠️ Erreur ligne 343: not all arguments converted during string formatting
[2026-01-26T14:28:42.144+0000] {logging_mixin.py:151} INFO -      ⚠️ Erreur ligne 344: not all arguments converted during string formatting
[2026-01-26T14:28:42.144+0000] {logging_mixin.py:151} INFO -      ⚠️ Erreur ligne 345: not all arguments converted during string formatting
[2026-01-26T14:28:42.145+0000] {logging_mixin.py:151} INFO -      ⚠️ Erreur ligne 346: not all arguments converted during string formatting
[2026-01-26T14:28:42.146+0000] {logging_mixin.py:151} INFO -      ⚠️ Erreur ligne 347: not all arguments converted during string formatting
[2026-01-26T14:28:42.146+0000] {logging_mixin.py:151} INFO -      ⚠️ Erreur ligne 348: not all arguments converted during string formatting
[2026-01-26T14:28:42.147+0000] {logging_mixin.py:151} INFO -      ⚠️ Erreur ligne 349: not all arguments converted during string formatting
[2026-01-26T14:28:42.148+0000] {logging_mixin.py:151} INFO -      ⚠️ Erreur ligne 350: not all arguments converted during string formatting
[2026-01-26T14:28:42.148+0000] {logging_mixin.py:151} INFO -      ⚠️ Erreur ligne 351: not all arguments converted during string formatting
[2026-01-26T14:28:42.149+0000] {logging_mixin.py:151} INFO -      ⚠️ Erreur ligne 352: not all arguments converted during string formatting
[2026-01-26T14:28:42.149+0000] {logging_mixin.py:151} INFO -      ⚠️ Erreur ligne 353: not all arguments converted during string formatting
[2026-01-26T14:28:42.150+0000] {logging_mixin.py:151} INFO -      ⚠️ Erreur ligne 354: not all arguments converted during string formatting
[2026-01-26T14:28:42.150+0000] {logging_mixin.py:151} INFO -      ⚠️ Erreur ligne 355: not all arguments converted during string formatting
[2026-01-26T14:28:42.150+0000] {logging_mixin.py:151} INFO -      ⚠️ Erreur ligne 356: not all arguments converted during string formatting
[2026-01-26T14:28:42.151+0000] {logging_mixin.py:151} INFO -      ⚠️ Erreur ligne 357: not all arguments converted during string formatting
[2026-01-26T14:28:42.151+0000] {logging_mixin.py:151} INFO -      ⚠️ Erreur ligne 358: not all arguments converted during string formatting
[2026-01-26T14:28:42.152+0000] {logging_mixin.py:151} INFO -      ⚠️ Erreur ligne 359: not all arguments converted during string formatting
[2026-01-26T14:28:42.152+0000] {logging_mixin.py:151} INFO -      ⚠️ Erreur ligne 360: not all arguments converted during string formatting
[2026-01-26T14:28:42.153+0000] {logging_mixin.py:151} INFO -      ⚠️ Erreur ligne 361: not all arguments converted during string formatting
[2026-01-26T14:28:42.153+0000] {logging_mixin.py:151} INFO -      ⚠️ Erreur ligne 362: not all arguments converted during string formatting
[2026-01-26T14:28:42.153+0000] {logging_mixin.py:151} INFO -      ⚠️ Erreur ligne 363: not all arguments converted during string formatting
[2026-01-26T14:28:42.154+0000] {logging_mixin.py:151} INFO -      ⚠️ Erreur ligne 364: not all arguments converted during string formatting
[2026-01-26T14:28:42.154+0000] {logging_mixin.py:151} INFO -      ⚠️ Erreur ligne 365: not all arguments converted during string formatting
[2026-01-26T14:28:42.155+0000] {logging_mixin.py:151} INFO -      ⚠️ Erreur ligne 366: not all arguments converted during string formatting
[2026-01-26T14:28:42.155+0000] {logging_mixin.py:151} INFO -      ⚠️ Erreur ligne 367: not all arguments converted during string formatting
[2026-01-26T14:28:42.155+0000] {logging_mixin.py:151} INFO -      ⚠️ Erreur ligne 368: not all arguments converted during string formatting
[2026-01-26T14:28:42.156+0000] {logging_mixin.py:151} INFO -      ⚠️ Erreur ligne 369: not all arguments converted during string formatting
[2026-01-26T14:28:42.156+0000] {logging_mixin.py:151} INFO -      ⚠️ Erreur ligne 370: not all arguments converted during string formatting
[2026-01-26T14:28:42.157+0000] {logging_mixin.py:151} INFO -      ⚠️ Erreur ligne 371: not all arguments converted during string formatting
[2026-01-26T14:28:42.157+0000] {logging_mixin.py:151} INFO -      ⚠️ Erreur ligne 372: not all arguments converted during string formatting
[2026-01-26T14:28:42.158+0000] {logging_mixin.py:151} INFO -      ⚠️ Erreur ligne 373: not all arguments converted during string formatting
[2026-01-26T14:28:42.159+0000] {logging_mixin.py:151} INFO -      ⚠️ Erreur ligne 374: not all arguments converted during string formatting
[2026-01-26T14:28:42.160+0000] {logging_mixin.py:151} INFO -      ⚠️ Erreur ligne 375: not all arguments converted during string formatting
[2026-01-26T14:28:42.161+0000] {logging_mixin.py:151} INFO -      ⚠️ Erreur ligne 376: not all arguments converted during string formatting
[2026-01-26T14:28:42.161+0000] {logging_mixin.py:151} INFO -      ⚠️ Erreur ligne 377: not all arguments converted during string formatting
[2026-01-26T14:28:42.162+0000] {logging_mixin.py:151} INFO -      ⚠️ Erreur ligne 378: not all arguments converted during string formatting
[2026-01-26T14:28:42.163+0000] {logging_mixin.py:151} INFO -      ⚠️ Erreur ligne 379: not all arguments converted during string formatting
[2026-01-26T14:28:42.164+0000] {logging_mixin.py:151} INFO -      ⚠️ Erreur ligne 380: not all arguments converted during string formatting
[2026-01-26T14:28:42.165+0000] {logging_mixin.py:151} INFO -      ⚠️ Erreur ligne 381: not all arguments converted during string formatting
[2026-01-26T14:28:42.165+0000] {logging_mixin.py:151} INFO -      ⚠️ Erreur ligne 382: not all arguments converted during string formatting
[2026-01-26T14:28:42.166+0000] {logging_mixin.py:151} INFO -      ⚠️ Erreur ligne 383: not all arguments converted during string formatting
[2026-01-26T14:28:42.166+0000] {logging_mixin.py:151} INFO -      ⚠️ Erreur ligne 384: not all arguments converted during string formatting
[2026-01-26T14:28:42.167+0000] {logging_mixin.py:151} INFO -      ⚠️ Erreur ligne 385: not all arguments converted during string formatting
[2026-01-26T14:28:42.167+0000] {logging_mixin.py:151} INFO -      ⚠️ Erreur ligne 386: not all arguments converted during string formatting
[2026-01-26T14:28:42.168+0000] {logging_mixin.py:151} INFO -      ⚠️ Erreur ligne 387: not all arguments converted during string formatting
[2026-01-26T14:28:42.169+0000] {logging_mixin.py:151} INFO -      ⚠️ Erreur ligne 388: not all arguments converted during string formatting
[2026-01-26T14:28:42.169+0000] {logging_mixin.py:151} INFO -      ⚠️ Erreur ligne 389: not all arguments converted during string formatting
[2026-01-26T14:28:42.170+0000] {logging_mixin.py:151} INFO -      ⚠️ Erreur ligne 390: not all arguments converted during string formatting
[2026-01-26T14:28:42.170+0000] {logging_mixin.py:151} INFO -      ⚠️ Erreur ligne 391: not all arguments converted during string formatting
[2026-01-26T14:28:42.171+0000] {logging_mixin.py:151} INFO -      ⚠️ Erreur ligne 392: not all arguments converted during string formatting
[2026-01-26T14:28:42.171+0000] {logging_mixin.py:151} INFO -      ⚠️ Erreur ligne 393: not all arguments converted during string formatting
[2026-01-26T14:28:42.171+0000] {logging_mixin.py:151} INFO -      ⚠️ Erreur ligne 394: not all arguments converted during string formatting
[2026-01-26T14:28:42.172+0000] {logging_mixin.py:151} INFO -      ⚠️ Erreur ligne 395: not all arguments converted during string formatting
[2026-01-26T14:28:42.172+0000] {logging_mixin.py:151} INFO -      ⚠️ Erreur ligne 396: not all arguments converted during string formatting
[2026-01-26T14:28:42.173+0000] {logging_mixin.py:151} INFO -      ⚠️ Erreur ligne 397: not all arguments converted during string formatting
[2026-01-26T14:28:42.174+0000] {logging_mixin.py:151} INFO -      ⚠️ Erreur ligne 398: not all arguments converted during string formatting
[2026-01-26T14:28:42.174+0000] {logging_mixin.py:151} INFO -      ⚠️ Erreur ligne 399: not all arguments converted during string formatting
[2026-01-26T14:28:42.174+0000] {logging_mixin.py:151} INFO -      ⚠️ Erreur ligne 400: not all arguments converted during string formatting
[2026-01-26T14:28:42.175+0000] {logging_mixin.py:151} INFO -      ⚠️ Erreur ligne 401: not all arguments converted during string formatting
[2026-01-26T14:28:42.176+0000] {logging_mixin.py:151} INFO -      ⚠️ Erreur ligne 402: not all arguments converted during string formatting
[2026-01-26T14:28:42.177+0000] {logging_mixin.py:151} INFO -      ⚠️ Erreur ligne 403: not all arguments converted during string formatting
[2026-01-26T14:28:42.177+0000] {logging_mixin.py:151} INFO -      ⚠️ Erreur ligne 404: not all arguments converted during string formatting
[2026-01-26T14:28:42.177+0000] {logging_mixin.py:151} INFO -      ⚠️ Erreur ligne 405: not all arguments converted during string formatting
[2026-01-26T14:28:42.178+0000] {logging_mixin.py:151} INFO -      ⚠️ Erreur ligne 406: not all arguments converted during string formatting
[2026-01-26T14:28:42.178+0000] {logging_mixin.py:151} INFO -      ⚠️ Erreur ligne 407: not all arguments converted during string formatting
[2026-01-26T14:28:42.179+0000] {logging_mixin.py:151} INFO -      ⚠️ Erreur ligne 408: not all arguments converted during string formatting
[2026-01-26T14:28:42.179+0000] {logging_mixin.py:151} INFO -      ⚠️ Erreur ligne 409: not all arguments converted during string formatting
[2026-01-26T14:28:42.180+0000] {logging_mixin.py:151} INFO -      ⚠️ Erreur ligne 410: not all arguments converted during string formatting
[2026-01-26T14:28:42.180+0000] {logging_mixin.py:151} INFO -      ⚠️ Erreur ligne 411: not all arguments converted during string formatting
[2026-01-26T14:28:42.181+0000] {logging_mixin.py:151} INFO -      ⚠️ Erreur ligne 412: not all arguments converted during string formatting
[2026-01-26T14:28:42.182+0000] {logging_mixin.py:151} INFO -      ⚠️ Erreur ligne 413: not all arguments converted during string formatting
[2026-01-26T14:28:42.183+0000] {logging_mixin.py:151} INFO -      ⚠️ Erreur ligne 414: not all arguments converted during string formatting
[2026-01-26T14:28:42.183+0000] {logging_mixin.py:151} INFO -      ⚠️ Erreur ligne 415: not all arguments converted during string formatting
[2026-01-26T14:28:42.184+0000] {logging_mixin.py:151} INFO -      ⚠️ Erreur ligne 416: not all arguments converted during string formatting
[2026-01-26T14:28:42.184+0000] {logging_mixin.py:151} INFO -      ⚠️ Erreur ligne 417: not all arguments converted during string formatting
[2026-01-26T14:28:42.185+0000] {logging_mixin.py:151} INFO -      ⚠️ Erreur ligne 418: not all arguments converted during string formatting
[2026-01-26T14:28:42.186+0000] {logging_mixin.py:151} INFO -      ⚠️ Erreur ligne 419: not all arguments converted during string formatting
[2026-01-26T14:28:42.186+0000] {logging_mixin.py:151} INFO -      ⚠️ Erreur ligne 420: not all arguments converted during string formatting
[2026-01-26T14:28:42.187+0000] {logging_mixin.py:151} INFO -      ⚠️ Erreur ligne 421: not all arguments converted during string formatting
[2026-01-26T14:28:42.188+0000] {logging_mixin.py:151} INFO -      ⚠️ Erreur ligne 422: not all arguments converted during string formatting
[2026-01-26T14:28:42.188+0000] {logging_mixin.py:151} INFO -      ⚠️ Erreur ligne 423: not all arguments converted during string formatting
[2026-01-26T14:28:42.189+0000] {logging_mixin.py:151} INFO -      ⚠️ Erreur ligne 424: not all arguments converted during string formatting
[2026-01-26T14:28:42.189+0000] {logging_mixin.py:151} INFO -      ⚠️ Erreur ligne 425: not all arguments converted during string formatting
[2026-01-26T14:28:42.190+0000] {logging_mixin.py:151} INFO -      ⚠️ Erreur ligne 426: not all arguments converted during string formatting
[2026-01-26T14:28:42.190+0000] {logging_mixin.py:151} INFO -      ⚠️ Erreur ligne 427: not all arguments converted during string formatting
[2026-01-26T14:28:42.191+0000] {logging_mixin.py:151} INFO -      ⚠️ Erreur ligne 428: not all arguments converted during string formatting
[2026-01-26T14:28:42.191+0000] {logging_mixin.py:151} INFO -      ⚠️ Erreur ligne 429: not all arguments converted during string formatting
[2026-01-26T14:28:42.192+0000] {logging_mixin.py:151} INFO -      ⚠️ Erreur ligne 430: not all arguments converted during string formatting
[2026-01-26T14:28:42.192+0000] {logging_mixin.py:151} INFO -      ⚠️ Erreur ligne 431: not all arguments converted during string formatting
[2026-01-26T14:28:42.192+0000] {logging_mixin.py:151} INFO -      ⚠️ Erreur ligne 432: not all arguments converted during string formatting
[2026-01-26T14:28:42.193+0000] {logging_mixin.py:151} INFO -      ⚠️ Erreur ligne 433: not all arguments converted during string formatting
[2026-01-26T14:28:42.193+0000] {logging_mixin.py:151} INFO -      ⚠️ Erreur ligne 434: not all arguments converted during string formatting
[2026-01-26T14:28:42.194+0000] {logging_mixin.py:151} INFO -      ⚠️ Erreur ligne 435: not all arguments converted during string formatting
[2026-01-26T14:28:42.194+0000] {logging_mixin.py:151} INFO -      ⚠️ Erreur ligne 436: not all arguments converted during string formatting
[2026-01-26T14:28:42.195+0000] {logging_mixin.py:151} INFO -      ⚠️ Erreur ligne 437: not all arguments converted during string formatting
[2026-01-26T14:28:42.195+0000] {logging_mixin.py:151} INFO -      ⚠️ Erreur ligne 438: not all arguments converted during string formatting
[2026-01-26T14:28:42.195+0000] {logging_mixin.py:151} INFO -      ⚠️ Erreur ligne 439: not all arguments converted during string formatting
[2026-01-26T14:28:42.196+0000] {logging_mixin.py:151} INFO -      ⚠️ Erreur ligne 440: not all arguments converted during string formatting
[2026-01-26T14:28:42.196+0000] {logging_mixin.py:151} INFO -      ⚠️ Erreur ligne 441: not all arguments converted during string formatting
[2026-01-26T14:28:42.197+0000] {logging_mixin.py:151} INFO -      ⚠️ Erreur ligne 442: not all arguments converted during string formatting
[2026-01-26T14:28:42.197+0000] {logging_mixin.py:151} INFO -      ⚠️ Erreur ligne 443: not all arguments converted during string formatting
[2026-01-26T14:28:42.197+0000] {logging_mixin.py:151} INFO -      ⚠️ Erreur ligne 444: not all arguments converted during string formatting
[2026-01-26T14:28:42.198+0000] {logging_mixin.py:151} INFO -      ⚠️ Erreur ligne 445: not all arguments converted during string formatting
[2026-01-26T14:28:42.198+0000] {logging_mixin.py:151} INFO -      ⚠️ Erreur ligne 446: not all arguments converted during string formatting
[2026-01-26T14:28:42.199+0000] {logging_mixin.py:151} INFO -      ⚠️ Erreur ligne 447: not all arguments converted during string formatting
[2026-01-26T14:28:42.199+0000] {logging_mixin.py:151} INFO -      ⚠️ Erreur ligne 448: not all arguments converted during string formatting
[2026-01-26T14:28:42.200+0000] {logging_mixin.py:151} INFO -      ⚠️ Erreur ligne 449: not all arguments converted during string formatting
[2026-01-26T14:28:42.200+0000] {logging_mixin.py:151} INFO -      ⚠️ Erreur ligne 450: not all arguments converted during string formatting
[2026-01-26T14:28:42.200+0000] {logging_mixin.py:151} INFO -      ⚠️ Erreur ligne 451: not all arguments converted during string formatting
[2026-01-26T14:28:42.201+0000] {logging_mixin.py:151} INFO -      ⚠️ Erreur ligne 452: not all arguments converted during string formatting
[2026-01-26T14:28:42.201+0000] {logging_mixin.py:151} INFO -      ⚠️ Erreur ligne 453: not all arguments converted during string formatting
[2026-01-26T14:28:42.202+0000] {logging_mixin.py:151} INFO -      ⚠️ Erreur ligne 454: not all arguments converted during string formatting
[2026-01-26T14:28:42.203+0000] {logging_mixin.py:151} INFO -      ⚠️ Erreur ligne 455: not all arguments converted during string formatting
[2026-01-26T14:28:42.204+0000] {logging_mixin.py:151} INFO -      ⚠️ Erreur ligne 456: not all arguments converted during string formatting
[2026-01-26T14:28:42.204+0000] {logging_mixin.py:151} INFO -      ⚠️ Erreur ligne 457: not all arguments converted during string formatting
[2026-01-26T14:28:42.205+0000] {logging_mixin.py:151} INFO -      ⚠️ Erreur ligne 458: not all arguments converted during string formatting
[2026-01-26T14:28:42.205+0000] {logging_mixin.py:151} INFO -      ⚠️ Erreur ligne 459: not all arguments converted during string formatting
[2026-01-26T14:28:42.206+0000] {logging_mixin.py:151} INFO -      ⚠️ Erreur ligne 460: not all arguments converted during string formatting
[2026-01-26T14:28:42.207+0000] {logging_mixin.py:151} INFO -      ⚠️ Erreur ligne 461: not all arguments converted during string formatting
[2026-01-26T14:28:42.207+0000] {logging_mixin.py:151} INFO -      ⚠️ Erreur ligne 462: not all arguments converted during string formatting
[2026-01-26T14:28:42.208+0000] {logging_mixin.py:151} INFO -      ⚠️ Erreur ligne 463: not all arguments converted during string formatting
[2026-01-26T14:28:42.208+0000] {logging_mixin.py:151} INFO -      ⚠️ Erreur ligne 464: not all arguments converted during string formatting
[2026-01-26T14:28:42.209+0000] {logging_mixin.py:151} INFO -      ⚠️ Erreur ligne 465: not all arguments converted during string formatting
[2026-01-26T14:28:42.209+0000] {logging_mixin.py:151} INFO -      ⚠️ Erreur ligne 466: not all arguments converted during string formatting
[2026-01-26T14:28:42.210+0000] {logging_mixin.py:151} INFO -      ⚠️ Erreur ligne 467: not all arguments converted during string formatting
[2026-01-26T14:28:42.210+0000] {logging_mixin.py:151} INFO -      ⚠️ Erreur ligne 468: not all arguments converted during string formatting
[2026-01-26T14:28:42.211+0000] {logging_mixin.py:151} INFO -      ⚠️ Erreur ligne 469: not all arguments converted during string formatting
[2026-01-26T14:28:42.211+0000] {logging_mixin.py:151} INFO -      ⚠️ Erreur ligne 470: not all arguments converted during string formatting
[2026-01-26T14:28:42.212+0000] {logging_mixin.py:151} INFO -      ⚠️ Erreur ligne 471: not all arguments converted during string formatting
[2026-01-26T14:28:42.212+0000] {logging_mixin.py:151} INFO -      ⚠️ Erreur ligne 472: not all arguments converted during string formatting
[2026-01-26T14:28:42.213+0000] {logging_mixin.py:151} INFO -      ⚠️ Erreur ligne 473: not all arguments converted during string formatting
[2026-01-26T14:28:42.213+0000] {logging_mixin.py:151} INFO -      ⚠️ Erreur ligne 474: not all arguments converted during string formatting
[2026-01-26T14:28:42.214+0000] {logging_mixin.py:151} INFO -      ⚠️ Erreur ligne 475: not all arguments converted during string formatting
[2026-01-26T14:28:42.214+0000] {logging_mixin.py:151} INFO -      ⚠️ Erreur ligne 476: not all arguments converted during string formatting
[2026-01-26T14:28:42.215+0000] {logging_mixin.py:151} INFO -      ⚠️ Erreur ligne 477: not all arguments converted during string formatting
[2026-01-26T14:28:42.215+0000] {logging_mixin.py:151} INFO -      ⚠️ Erreur ligne 478: not all arguments converted during string formatting
[2026-01-26T14:28:42.216+0000] {logging_mixin.py:151} INFO -      ⚠️ Erreur ligne 479: not all arguments converted during string formatting
[2026-01-26T14:28:42.216+0000] {logging_mixin.py:151} INFO -      ⚠️ Erreur ligne 480: not all arguments converted during string formatting
[2026-01-26T14:28:42.216+0000] {logging_mixin.py:151} INFO -      ⚠️ Erreur ligne 481: not all arguments converted during string formatting
[2026-01-26T14:28:42.217+0000] {logging_mixin.py:151} INFO -      ⚠️ Erreur ligne 482: not all arguments converted during string formatting
[2026-01-26T14:28:42.217+0000] {logging_mixin.py:151} INFO -      ⚠️ Erreur ligne 483: not all arguments converted during string formatting
[2026-01-26T14:28:42.218+0000] {logging_mixin.py:151} INFO -      ⚠️ Erreur ligne 484: not all arguments converted during string formatting
[2026-01-26T14:28:42.218+0000] {logging_mixin.py:151} INFO -      ⚠️ Erreur ligne 485: not all arguments converted during string formatting
[2026-01-26T14:28:42.219+0000] {logging_mixin.py:151} INFO -      ⚠️ Erreur ligne 486: not all arguments converted during string formatting
[2026-01-26T14:28:42.219+0000] {logging_mixin.py:151} INFO -      ⚠️ Erreur ligne 487: not all arguments converted during string formatting
[2026-01-26T14:28:42.220+0000] {logging_mixin.py:151} INFO -      ⚠️ Erreur ligne 488: not all arguments converted during string formatting
[2026-01-26T14:28:42.220+0000] {logging_mixin.py:151} INFO -      ⚠️ Erreur ligne 489: not all arguments converted during string formatting
[2026-01-26T14:28:42.221+0000] {logging_mixin.py:151} INFO -      ⚠️ Erreur ligne 490: not all arguments converted during string formatting
[2026-01-26T14:28:42.221+0000] {logging_mixin.py:151} INFO -      ⚠️ Erreur ligne 491: not all arguments converted during string formatting
[2026-01-26T14:28:42.222+0000] {logging_mixin.py:151} INFO -      ⚠️ Erreur ligne 492: not all arguments converted during string formatting
[2026-01-26T14:28:42.223+0000] {logging_mixin.py:151} INFO -      ⚠️ Erreur ligne 493: not all arguments converted during string formatting
[2026-01-26T14:28:42.223+0000] {logging_mixin.py:151} INFO -      ⚠️ Erreur ligne 494: not all arguments converted during string formatting
[2026-01-26T14:28:42.224+0000] {logging_mixin.py:151} INFO -      ⚠️ Erreur ligne 495: not all arguments converted during string formatting
[2026-01-26T14:28:42.225+0000] {logging_mixin.py:151} INFO -      ⚠️ Erreur ligne 496: not all arguments converted during string formatting
[2026-01-26T14:28:42.226+0000] {logging_mixin.py:151} INFO -      ⚠️ Erreur ligne 497: not all arguments converted during string formatting
[2026-01-26T14:28:42.226+0000] {logging_mixin.py:151} INFO -      ⚠️ Erreur ligne 498: not all arguments converted during string formatting
[2026-01-26T14:28:42.227+0000] {logging_mixin.py:151} INFO -      ⚠️ Erreur ligne 499: not all arguments converted during string formatting
[2026-01-26T14:28:42.228+0000] {logging_mixin.py:151} INFO -      ⚠️ Erreur ligne 500: not all arguments converted during string formatting
[2026-01-26T14:28:42.228+0000] {logging_mixin.py:151} INFO -      ⚠️ Erreur ligne 501: not all arguments converted during string formatting
[2026-01-26T14:28:42.229+0000] {logging_mixin.py:151} INFO -      ⚠️ Erreur ligne 502: not all arguments converted during string formatting
[2026-01-26T14:28:42.229+0000] {logging_mixin.py:151} INFO -      ⚠️ Erreur ligne 503: not all arguments converted during string formatting
[2026-01-26T14:28:42.230+0000] {logging_mixin.py:151} INFO -      ⚠️ Erreur ligne 504: not all arguments converted during string formatting
[2026-01-26T14:28:42.230+0000] {logging_mixin.py:151} INFO -      ⚠️ Erreur ligne 505: not all arguments converted during string formatting
[2026-01-26T14:28:42.231+0000] {logging_mixin.py:151} INFO -      ⚠️ Erreur ligne 506: not all arguments converted during string formatting
[2026-01-26T14:28:42.231+0000] {logging_mixin.py:151} INFO -      ⚠️ Erreur ligne 507: not all arguments converted during string formatting
[2026-01-26T14:28:42.232+0000] {logging_mixin.py:151} INFO -      ⚠️ Erreur ligne 508: not all arguments converted during string formatting
[2026-01-26T14:28:42.232+0000] {logging_mixin.py:151} INFO -      ⚠️ Erreur ligne 509: not all arguments converted during string formatting
[2026-01-26T14:28:42.232+0000] {logging_mixin.py:151} INFO -      ⚠️ Erreur ligne 510: not all arguments converted during string formatting
[2026-01-26T14:28:42.233+0000] {logging_mixin.py:151} INFO -      ⚠️ Erreur ligne 511: not all arguments converted during string formatting
[2026-01-26T14:28:42.233+0000] {logging_mixin.py:151} INFO -      ⚠️ Erreur ligne 512: not all arguments converted during string formatting
[2026-01-26T14:28:42.234+0000] {logging_mixin.py:151} INFO -      ⚠️ Erreur ligne 513: not all arguments converted during string formatting
[2026-01-26T14:28:42.234+0000] {logging_mixin.py:151} INFO -      ⚠️ Erreur ligne 514: not all arguments converted during string formatting
[2026-01-26T14:28:42.234+0000] {logging_mixin.py:151} INFO -      ⚠️ Erreur ligne 515: not all arguments converted during string formatting
[2026-01-26T14:28:42.235+0000] {logging_mixin.py:151} INFO -      ⚠️ Erreur ligne 516: not all arguments converted during string formatting
[2026-01-26T14:28:42.235+0000] {logging_mixin.py:151} INFO -      ⚠️ Erreur ligne 517: not all arguments converted during string formatting
[2026-01-26T14:28:42.236+0000] {logging_mixin.py:151} INFO -      ⚠️ Erreur ligne 518: not all arguments converted during string formatting
[2026-01-26T14:28:42.236+0000] {logging_mixin.py:151} INFO -      ⚠️ Erreur ligne 519: not all arguments converted during string formatting
[2026-01-26T14:28:42.236+0000] {logging_mixin.py:151} INFO -      ⚠️ Erreur ligne 520: not all arguments converted during string formatting
[2026-01-26T14:28:42.237+0000] {logging_mixin.py:151} INFO -      ⚠️ Erreur ligne 521: not all arguments converted during string formatting
[2026-01-26T14:28:42.237+0000] {logging_mixin.py:151} INFO -      ⚠️ Erreur ligne 522: not all arguments converted during string formatting
[2026-01-26T14:28:42.237+0000] {logging_mixin.py:151} INFO -      ⚠️ Erreur ligne 523: not all arguments converted during string formatting
[2026-01-26T14:28:42.238+0000] {logging_mixin.py:151} INFO -      ⚠️ Erreur ligne 524: not all arguments converted during string formatting
[2026-01-26T14:28:42.239+0000] {logging_mixin.py:151} INFO -      ⚠️ Erreur ligne 525: not all arguments converted during string formatting
[2026-01-26T14:28:42.239+0000] {logging_mixin.py:151} INFO -      ⚠️ Erreur ligne 526: not all arguments converted during string formatting
[2026-01-26T14:28:42.240+0000] {logging_mixin.py:151} INFO -      ⚠️ Erreur ligne 527: not all arguments converted during string formatting
[2026-01-26T14:28:42.240+0000] {logging_mixin.py:151} INFO -      ⚠️ Erreur ligne 528: not all arguments converted during string formatting
[2026-01-26T14:28:42.240+0000] {logging_mixin.py:151} INFO -      ⚠️ Erreur ligne 529: not all arguments converted during string formatting
[2026-01-26T14:28:42.241+0000] {logging_mixin.py:151} INFO -      ⚠️ Erreur ligne 530: not all arguments converted during string formatting
[2026-01-26T14:28:42.241+0000] {logging_mixin.py:151} INFO -      ⚠️ Erreur ligne 531: not all arguments converted during string formatting
[2026-01-26T14:28:42.241+0000] {logging_mixin.py:151} INFO -      ⚠️ Erreur ligne 532: not all arguments converted during string formatting
[2026-01-26T14:28:42.242+0000] {logging_mixin.py:151} INFO -      ⚠️ Erreur ligne 533: not all arguments converted during string formatting
[2026-01-26T14:28:42.242+0000] {logging_mixin.py:151} INFO -      ⚠️ Erreur ligne 534: not all arguments converted during string formatting
[2026-01-26T14:28:42.243+0000] {logging_mixin.py:151} INFO -      ⚠️ Erreur ligne 535: not all arguments converted during string formatting
[2026-01-26T14:28:42.243+0000] {logging_mixin.py:151} INFO -      ⚠️ Erreur ligne 536: not all arguments converted during string formatting
[2026-01-26T14:28:42.244+0000] {logging_mixin.py:151} INFO -      ⚠️ Erreur ligne 537: not all arguments converted during string formatting
[2026-01-26T14:28:42.244+0000] {logging_mixin.py:151} INFO -      ⚠️ Erreur ligne 538: not all arguments converted during string formatting
[2026-01-26T14:28:42.244+0000] {logging_mixin.py:151} INFO -      ⚠️ Erreur ligne 539: not all arguments converted during string formatting
[2026-01-26T14:28:42.245+0000] {logging_mixin.py:151} INFO -      ⚠️ Erreur ligne 540: not all arguments converted during string formatting
[2026-01-26T14:28:42.245+0000] {logging_mixin.py:151} INFO -      ⚠️ Erreur ligne 541: not all arguments converted during string formatting
[2026-01-26T14:28:42.246+0000] {logging_mixin.py:151} INFO -      ⚠️ Erreur ligne 542: not all arguments converted during string formatting
[2026-01-26T14:28:42.246+0000] {logging_mixin.py:151} INFO -      ⚠️ Erreur ligne 543: not all arguments converted during string formatting
[2026-01-26T14:28:42.247+0000] {logging_mixin.py:151} INFO -      ⚠️ Erreur ligne 544: not all arguments converted during string formatting
[2026-01-26T14:28:42.247+0000] {logging_mixin.py:151} INFO -      ⚠️ Erreur ligne 545: not all arguments converted during string formatting
[2026-01-26T14:28:42.247+0000] {logging_mixin.py:151} INFO -      ⚠️ Erreur ligne 546: not all arguments converted during string formatting
[2026-01-26T14:28:42.248+0000] {logging_mixin.py:151} INFO -      ⚠️ Erreur ligne 547: not all arguments converted during string formatting
[2026-01-26T14:28:42.248+0000] {logging_mixin.py:151} INFO -      ⚠️ Erreur ligne 548: not all arguments converted during string formatting
[2026-01-26T14:28:42.249+0000] {logging_mixin.py:151} INFO -      ⚠️ Erreur ligne 549: not all arguments converted during string formatting
[2026-01-26T14:28:42.249+0000] {logging_mixin.py:151} INFO -      ⚠️ Erreur ligne 550: not all arguments converted during string formatting
[2026-01-26T14:28:42.249+0000] {logging_mixin.py:151} INFO -      ⚠️ Erreur ligne 551: not all arguments converted during string formatting
[2026-01-26T14:28:42.250+0000] {logging_mixin.py:151} INFO -      ⚠️ Erreur ligne 552: not all arguments converted during string formatting
[2026-01-26T14:28:42.250+0000] {logging_mixin.py:151} INFO -      ⚠️ Erreur ligne 553: not all arguments converted during string formatting
[2026-01-26T14:28:42.251+0000] {logging_mixin.py:151} INFO -      ⚠️ Erreur ligne 554: not all arguments converted during string formatting
[2026-01-26T14:28:42.251+0000] {logging_mixin.py:151} INFO -      ⚠️ Erreur ligne 555: not all arguments converted during string formatting
[2026-01-26T14:28:42.252+0000] {logging_mixin.py:151} INFO -      ⚠️ Erreur ligne 556: not all arguments converted during string formatting
[2026-01-26T14:28:42.252+0000] {logging_mixin.py:151} INFO -      ⚠️ Erreur ligne 557: not all arguments converted during string formatting
[2026-01-26T14:28:42.253+0000] {logging_mixin.py:151} INFO -      ⚠️ Erreur ligne 558: not all arguments converted during string formatting
[2026-01-26T14:28:42.253+0000] {logging_mixin.py:151} INFO -      ⚠️ Erreur ligne 559: not all arguments converted during string formatting
[2026-01-26T14:28:42.254+0000] {logging_mixin.py:151} INFO -      ⚠️ Erreur ligne 560: not all arguments converted during string formatting
[2026-01-26T14:28:42.254+0000] {logging_mixin.py:151} INFO -      ⚠️ Erreur ligne 561: not all arguments converted during string formatting
[2026-01-26T14:28:42.255+0000] {logging_mixin.py:151} INFO -      ⚠️ Erreur ligne 562: not all arguments converted during string formatting
[2026-01-26T14:28:42.255+0000] {logging_mixin.py:151} INFO -      ⚠️ Erreur ligne 563: not all arguments converted during string formatting
[2026-01-26T14:28:42.255+0000] {logging_mixin.py:151} INFO -      ⚠️ Erreur ligne 564: not all arguments converted during string formatting
[2026-01-26T14:28:42.256+0000] {logging_mixin.py:151} INFO -      ⚠️ Erreur ligne 565: not all arguments converted during string formatting
[2026-01-26T14:28:42.256+0000] {logging_mixin.py:151} INFO -      ⚠️ Erreur ligne 566: not all arguments converted during string formatting
[2026-01-26T14:28:42.257+0000] {logging_mixin.py:151} INFO -      ⚠️ Erreur ligne 567: not all arguments converted during string formatting
[2026-01-26T14:28:42.257+0000] {logging_mixin.py:151} INFO -      ⚠️ Erreur ligne 568: not all arguments converted during string formatting
[2026-01-26T14:28:42.258+0000] {logging_mixin.py:151} INFO -      ⚠️ Erreur ligne 569: not all arguments converted during string formatting
[2026-01-26T14:28:42.258+0000] {logging_mixin.py:151} INFO -      ⚠️ Erreur ligne 570: not all arguments converted during string formatting
[2026-01-26T14:28:42.259+0000] {logging_mixin.py:151} INFO -      ⚠️ Erreur ligne 571: not all arguments converted during string formatting
[2026-01-26T14:28:42.259+0000] {logging_mixin.py:151} INFO -      ⚠️ Erreur ligne 572: not all arguments converted during string formatting
[2026-01-26T14:28:42.259+0000] {logging_mixin.py:151} INFO -      ⚠️ Erreur ligne 573: not all arguments converted during string formatting
[2026-01-26T14:28:42.260+0000] {logging_mixin.py:151} INFO -      ⚠️ Erreur ligne 574: not all arguments converted during string formatting
[2026-01-26T14:28:42.260+0000] {logging_mixin.py:151} INFO -      ⚠️ Erreur ligne 575: not all arguments converted during string formatting
[2026-01-26T14:28:42.260+0000] {logging_mixin.py:151} INFO -      ⚠️ Erreur ligne 576: not all arguments converted during string formatting
[2026-01-26T14:28:42.261+0000] {logging_mixin.py:151} INFO -      ⚠️ Erreur ligne 577: not all arguments converted during string formatting
[2026-01-26T14:28:42.261+0000] {logging_mixin.py:151} INFO -      ⚠️ Erreur ligne 578: not all arguments converted during string formatting
[2026-01-26T14:28:42.262+0000] {logging_mixin.py:151} INFO -      ⚠️ Erreur ligne 579: not all arguments converted during string formatting
[2026-01-26T14:28:42.262+0000] {logging_mixin.py:151} INFO -      ⚠️ Erreur ligne 580: not all arguments converted during string formatting
[2026-01-26T14:28:42.262+0000] {logging_mixin.py:151} INFO -      ⚠️ Erreur ligne 581: not all arguments converted during string formatting
[2026-01-26T14:28:42.263+0000] {logging_mixin.py:151} INFO -      ⚠️ Erreur ligne 582: not all arguments converted during string formatting
[2026-01-26T14:28:42.263+0000] {logging_mixin.py:151} INFO -      ⚠️ Erreur ligne 583: not all arguments converted during string formatting
[2026-01-26T14:28:42.264+0000] {logging_mixin.py:151} INFO -      ⚠️ Erreur ligne 584: not all arguments converted during string formatting
[2026-01-26T14:28:42.264+0000] {logging_mixin.py:151} INFO -      ⚠️ Erreur ligne 585: not all arguments converted during string formatting
[2026-01-26T14:28:42.265+0000] {logging_mixin.py:151} INFO -      ⚠️ Erreur ligne 586: not all arguments converted during string formatting
[2026-01-26T14:28:42.265+0000] {logging_mixin.py:151} INFO -      ⚠️ Erreur ligne 587: not all arguments converted during string formatting
[2026-01-26T14:28:42.265+0000] {logging_mixin.py:151} INFO -      ⚠️ Erreur ligne 588: not all arguments converted during string formatting
[2026-01-26T14:28:42.266+0000] {logging_mixin.py:151} INFO -      ⚠️ Erreur ligne 589: not all arguments converted during string formatting
[2026-01-26T14:28:42.266+0000] {logging_mixin.py:151} INFO -      ⚠️ Erreur ligne 590: not all arguments converted during string formatting
[2026-01-26T14:28:42.267+0000] {logging_mixin.py:151} INFO -      ⚠️ Erreur ligne 591: not all arguments converted during string formatting
[2026-01-26T14:28:42.267+0000] {logging_mixin.py:151} INFO -      ⚠️ Erreur ligne 592: not all arguments converted during string formatting
[2026-01-26T14:28:42.268+0000] {logging_mixin.py:151} INFO -      ⚠️ Erreur ligne 593: not all arguments converted during string formatting
[2026-01-26T14:28:42.268+0000] {logging_mixin.py:151} INFO -      ⚠️ Erreur ligne 594: not all arguments converted during string formatting
[2026-01-26T14:28:42.268+0000] {logging_mixin.py:151} INFO -      ⚠️ Erreur ligne 595: not all arguments converted during string formatting
[2026-01-26T14:28:42.269+0000] {logging_mixin.py:151} INFO -      ⚠️ Erreur ligne 596: not all arguments converted during string formatting
[2026-01-26T14:28:42.269+0000] {logging_mixin.py:151} INFO -      ⚠️ Erreur ligne 597: not all arguments converted during string formatting
[2026-01-26T14:28:42.269+0000] {logging_mixin.py:151} INFO -      ⚠️ Erreur ligne 598: not all arguments converted during string formatting
[2026-01-26T14:28:42.270+0000] {logging_mixin.py:151} INFO -      ⚠️ Erreur ligne 599: not all arguments converted during string formatting
[2026-01-26T14:28:42.271+0000] {logging_mixin.py:151} INFO -      ⚠️ Erreur ligne 600: not all arguments converted during string formatting
[2026-01-26T14:28:42.271+0000] {logging_mixin.py:151} INFO -      ⚠️ Erreur ligne 601: not all arguments converted during string formatting
[2026-01-26T14:28:42.271+0000] {logging_mixin.py:151} INFO -      ⚠️ Erreur ligne 602: not all arguments converted during string formatting
[2026-01-26T14:28:42.272+0000] {logging_mixin.py:151} INFO -      ⚠️ Erreur ligne 603: not all arguments converted during string formatting
[2026-01-26T14:28:42.272+0000] {logging_mixin.py:151} INFO -      ⚠️ Erreur ligne 604: not all arguments converted during string formatting
[2026-01-26T14:28:42.273+0000] {logging_mixin.py:151} INFO -      ⚠️ Erreur ligne 605: not all arguments converted during string formatting
[2026-01-26T14:28:42.273+0000] {logging_mixin.py:151} INFO -      ⚠️ Erreur ligne 606: not all arguments converted during string formatting
[2026-01-26T14:28:42.273+0000] {logging_mixin.py:151} INFO -      ⚠️ Erreur ligne 607: not all arguments converted during string formatting
[2026-01-26T14:28:42.274+0000] {logging_mixin.py:151} INFO -      ⚠️ Erreur ligne 608: not all arguments converted during string formatting
[2026-01-26T14:28:42.274+0000] {logging_mixin.py:151} INFO -      ⚠️ Erreur ligne 609: not all arguments converted during string formatting
[2026-01-26T14:28:42.275+0000] {logging_mixin.py:151} INFO -      ⚠️ Erreur ligne 610: not all arguments converted during string formatting
[2026-01-26T14:28:42.275+0000] {logging_mixin.py:151} INFO -      ⚠️ Erreur ligne 611: not all arguments converted during string formatting
[2026-01-26T14:28:42.275+0000] {logging_mixin.py:151} INFO -      ⚠️ Erreur ligne 612: not all arguments converted during string formatting
[2026-01-26T14:28:42.276+0000] {logging_mixin.py:151} INFO -      ⚠️ Erreur ligne 613: not all arguments converted during string formatting
[2026-01-26T14:28:42.276+0000] {logging_mixin.py:151} INFO -      ⚠️ Erreur ligne 614: not all arguments converted during string formatting
[2026-01-26T14:28:42.276+0000] {logging_mixin.py:151} INFO -      ⚠️ Erreur ligne 615: not all arguments converted during string formatting
[2026-01-26T14:28:42.277+0000] {logging_mixin.py:151} INFO -      ⚠️ Erreur ligne 616: not all arguments converted during string formatting
[2026-01-26T14:28:42.277+0000] {logging_mixin.py:151} INFO -      ⚠️ Erreur ligne 617: not all arguments converted during string formatting
[2026-01-26T14:28:42.278+0000] {logging_mixin.py:151} INFO -      ⚠️ Erreur ligne 618: not all arguments converted during string formatting
[2026-01-26T14:28:42.278+0000] {logging_mixin.py:151} INFO -      ⚠️ Erreur ligne 619: not all arguments converted during string formatting
[2026-01-26T14:28:42.279+0000] {logging_mixin.py:151} INFO -      ⚠️ Erreur ligne 620: not all arguments converted during string formatting
[2026-01-26T14:28:42.279+0000] {logging_mixin.py:151} INFO -      ⚠️ Erreur ligne 621: not all arguments converted during string formatting
[2026-01-26T14:28:42.280+0000] {logging_mixin.py:151} INFO -      ⚠️ Erreur ligne 622: not all arguments converted during string formatting
[2026-01-26T14:28:42.280+0000] {logging_mixin.py:151} INFO -      ⚠️ Erreur ligne 623: not all arguments converted during string formatting
[2026-01-26T14:28:42.280+0000] {logging_mixin.py:151} INFO -      ⚠️ Erreur ligne 624: not all arguments converted during string formatting
[2026-01-26T14:28:42.281+0000] {logging_mixin.py:151} INFO -      ⚠️ Erreur ligne 625: not all arguments converted during string formatting
[2026-01-26T14:28:42.281+0000] {logging_mixin.py:151} INFO -      ⚠️ Erreur ligne 626: not all arguments converted during string formatting
[2026-01-26T14:28:42.282+0000] {logging_mixin.py:151} INFO -      ⚠️ Erreur ligne 627: not all arguments converted during string formatting
[2026-01-26T14:28:42.282+0000] {logging_mixin.py:151} INFO -      ⚠️ Erreur ligne 628: not all arguments converted during string formatting
[2026-01-26T14:28:42.282+0000] {logging_mixin.py:151} INFO -      ⚠️ Erreur ligne 629: not all arguments converted during string formatting
[2026-01-26T14:28:42.283+0000] {logging_mixin.py:151} INFO -      ⚠️ Erreur ligne 630: not all arguments converted during string formatting
[2026-01-26T14:28:42.283+0000] {logging_mixin.py:151} INFO -      ⚠️ Erreur ligne 631: not all arguments converted during string formatting
[2026-01-26T14:28:42.283+0000] {logging_mixin.py:151} INFO -      ⚠️ Erreur ligne 632: not all arguments converted during string formatting
[2026-01-26T14:28:42.284+0000] {logging_mixin.py:151} INFO -      ⚠️ Erreur ligne 633: not all arguments converted during string formatting
[2026-01-26T14:28:42.285+0000] {logging_mixin.py:151} INFO -      ⚠️ Erreur ligne 634: not all arguments converted during string formatting
[2026-01-26T14:28:42.285+0000] {logging_mixin.py:151} INFO -      ⚠️ Erreur ligne 635: not all arguments converted during string formatting
[2026-01-26T14:28:42.286+0000] {logging_mixin.py:151} INFO -      ⚠️ Erreur ligne 636: not all arguments converted during string formatting
[2026-01-26T14:28:42.286+0000] {logging_mixin.py:151} INFO -      ⚠️ Erreur ligne 637: not all arguments converted during string formatting
[2026-01-26T14:28:42.287+0000] {logging_mixin.py:151} INFO -      ⚠️ Erreur ligne 638: not all arguments converted during string formatting
[2026-01-26T14:28:42.287+0000] {logging_mixin.py:151} INFO -      ⚠️ Erreur ligne 639: not all arguments converted during string formatting
[2026-01-26T14:28:42.287+0000] {logging_mixin.py:151} INFO -      ⚠️ Erreur ligne 640: not all arguments converted during string formatting
[2026-01-26T14:28:42.288+0000] {logging_mixin.py:151} INFO -      ⚠️ Erreur ligne 641: not all arguments converted during string formatting
[2026-01-26T14:28:42.288+0000] {logging_mixin.py:151} INFO -      ⚠️ Erreur ligne 642: not all arguments converted during string formatting
[2026-01-26T14:28:42.289+0000] {logging_mixin.py:151} INFO -      ⚠️ Erreur ligne 643: not all arguments converted during string formatting
[2026-01-26T14:28:42.289+0000] {logging_mixin.py:151} INFO -      ⚠️ Erreur ligne 644: not all arguments converted during string formatting
[2026-01-26T14:28:42.290+0000] {logging_mixin.py:151} INFO -      ⚠️ Erreur ligne 645: not all arguments converted during string formatting
[2026-01-26T14:28:42.290+0000] {logging_mixin.py:151} INFO -      ⚠️ Erreur ligne 646: not all arguments converted during string formatting
[2026-01-26T14:28:42.291+0000] {logging_mixin.py:151} INFO -      ⚠️ Erreur ligne 647: not all arguments converted during string formatting
[2026-01-26T14:28:42.291+0000] {logging_mixin.py:151} INFO -      ⚠️ Erreur ligne 648: not all arguments converted during string formatting
[2026-01-26T14:28:42.292+0000] {logging_mixin.py:151} INFO -      ⚠️ Erreur ligne 649: not all arguments converted during string formatting
[2026-01-26T14:28:42.293+0000] {logging_mixin.py:151} INFO -      ⚠️ Erreur ligne 650: not all arguments converted during string formatting
[2026-01-26T14:28:42.293+0000] {logging_mixin.py:151} INFO -      ⚠️ Erreur ligne 651: not all arguments converted during string formatting
[2026-01-26T14:28:42.294+0000] {logging_mixin.py:151} INFO -      ⚠️ Erreur ligne 652: not all arguments converted during string formatting
[2026-01-26T14:28:42.294+0000] {logging_mixin.py:151} INFO -      ⚠️ Erreur ligne 653: not all arguments converted during string formatting
[2026-01-26T14:28:42.294+0000] {logging_mixin.py:151} INFO -      ⚠️ Erreur ligne 654: not all arguments converted during string formatting
[2026-01-26T14:28:42.295+0000] {logging_mixin.py:151} INFO -      ⚠️ Erreur ligne 655: not all arguments converted during string formatting
[2026-01-26T14:28:42.295+0000] {logging_mixin.py:151} INFO -      ⚠️ Erreur ligne 656: not all arguments converted during string formatting
[2026-01-26T14:28:42.296+0000] {logging_mixin.py:151} INFO -      ⚠️ Erreur ligne 657: not all arguments converted during string formatting
[2026-01-26T14:28:42.296+0000] {logging_mixin.py:151} INFO -      ⚠️ Erreur ligne 658: not all arguments converted during string formatting
[2026-01-26T14:28:42.296+0000] {logging_mixin.py:151} INFO -      ⚠️ Erreur ligne 659: not all arguments converted during string formatting
[2026-01-26T14:28:42.297+0000] {logging_mixin.py:151} INFO -      ⚠️ Erreur ligne 660: not all arguments converted during string formatting
[2026-01-26T14:28:42.297+0000] {logging_mixin.py:151} INFO -      ⚠️ Erreur ligne 661: not all arguments converted during string formatting
[2026-01-26T14:28:42.298+0000] {logging_mixin.py:151} INFO -      ⚠️ Erreur ligne 662: not all arguments converted during string formatting
[2026-01-26T14:28:42.298+0000] {logging_mixin.py:151} INFO -      ⚠️ Erreur ligne 663: not all arguments converted during string formatting
[2026-01-26T14:28:42.299+0000] {logging_mixin.py:151} INFO -      ⚠️ Erreur ligne 664: not all arguments converted during string formatting
[2026-01-26T14:28:42.299+0000] {logging_mixin.py:151} INFO -      ⚠️ Erreur ligne 665: not all arguments converted during string formatting
[2026-01-26T14:28:42.300+0000] {logging_mixin.py:151} INFO -      ⚠️ Erreur ligne 666: not all arguments converted during string formatting
[2026-01-26T14:28:42.300+0000] {logging_mixin.py:151} INFO -      ⚠️ Erreur ligne 667: not all arguments converted during string formatting
[2026-01-26T14:28:42.301+0000] {logging_mixin.py:151} INFO -      ⚠️ Erreur ligne 668: not all arguments converted during string formatting
[2026-01-26T14:28:42.301+0000] {logging_mixin.py:151} INFO -      ⚠️ Erreur ligne 669: not all arguments converted during string formatting
[2026-01-26T14:28:42.302+0000] {logging_mixin.py:151} INFO -      ⚠️ Erreur ligne 670: not all arguments converted during string formatting
[2026-01-26T14:28:42.302+0000] {logging_mixin.py:151} INFO -      ⚠️ Erreur ligne 671: not all arguments converted during string formatting
[2026-01-26T14:28:42.303+0000] {logging_mixin.py:151} INFO -      ⚠️ Erreur ligne 672: not all arguments converted during string formatting
[2026-01-26T14:28:42.303+0000] {logging_mixin.py:151} INFO -      ⚠️ Erreur ligne 673: not all arguments converted during string formatting
[2026-01-26T14:28:42.304+0000] {logging_mixin.py:151} INFO -      ⚠️ Erreur ligne 674: not all arguments converted during string formatting
[2026-01-26T14:28:42.304+0000] {logging_mixin.py:151} INFO -      ⚠️ Erreur ligne 675: not all arguments converted during string formatting
[2026-01-26T14:28:42.305+0000] {logging_mixin.py:151} INFO -      ⚠️ Erreur ligne 676: not all arguments converted during string formatting
[2026-01-26T14:28:42.305+0000] {logging_mixin.py:151} INFO -      ⚠️ Erreur ligne 677: not all arguments converted during string formatting
[2026-01-26T14:28:42.306+0000] {logging_mixin.py:151} INFO -      ⚠️ Erreur ligne 678: not all arguments converted during string formatting
[2026-01-26T14:28:42.307+0000] {logging_mixin.py:151} INFO -      ⚠️ Erreur ligne 679: not all arguments converted during string formatting
[2026-01-26T14:28:42.307+0000] {logging_mixin.py:151} INFO -      ⚠️ Erreur ligne 680: not all arguments converted during string formatting
[2026-01-26T14:28:42.307+0000] {logging_mixin.py:151} INFO -      ⚠️ Erreur ligne 681: not all arguments converted during string formatting
[2026-01-26T14:28:42.308+0000] {logging_mixin.py:151} INFO -      ⚠️ Erreur ligne 682: not all arguments converted during string formatting
[2026-01-26T14:28:42.308+0000] {logging_mixin.py:151} INFO -      ⚠️ Erreur ligne 683: not all arguments converted during string formatting
[2026-01-26T14:28:42.309+0000] {logging_mixin.py:151} INFO -      ⚠️ Erreur ligne 684: not all arguments converted during string formatting
[2026-01-26T14:28:42.309+0000] {logging_mixin.py:151} INFO -      ⚠️ Erreur ligne 685: not all arguments converted during string formatting
[2026-01-26T14:28:42.309+0000] {logging_mixin.py:151} INFO -      ⚠️ Erreur ligne 686: not all arguments converted during string formatting
[2026-01-26T14:28:42.310+0000] {logging_mixin.py:151} INFO -      ⚠️ Erreur ligne 687: not all arguments converted during string formatting
[2026-01-26T14:28:42.310+0000] {logging_mixin.py:151} INFO -      ⚠️ Erreur ligne 688: not all arguments converted during string formatting
[2026-01-26T14:28:42.311+0000] {logging_mixin.py:151} INFO -      ⚠️ Erreur ligne 689: not all arguments converted during string formatting
[2026-01-26T14:28:42.311+0000] {logging_mixin.py:151} INFO -      ⚠️ Erreur ligne 690: not all arguments converted during string formatting
[2026-01-26T14:28:42.311+0000] {logging_mixin.py:151} INFO -      ⚠️ Erreur ligne 691: not all arguments converted during string formatting
[2026-01-26T14:28:42.312+0000] {logging_mixin.py:151} INFO -      ⚠️ Erreur ligne 692: not all arguments converted during string formatting
[2026-01-26T14:28:42.313+0000] {logging_mixin.py:151} INFO -      ⚠️ Erreur ligne 693: not all arguments converted during string formatting
[2026-01-26T14:28:42.313+0000] {logging_mixin.py:151} INFO -      ⚠️ Erreur ligne 694: not all arguments converted during string formatting
[2026-01-26T14:28:42.314+0000] {logging_mixin.py:151} INFO -      ⚠️ Erreur ligne 695: not all arguments converted during string formatting
[2026-01-26T14:28:42.314+0000] {logging_mixin.py:151} INFO -      ⚠️ Erreur ligne 696: not all arguments converted during string formatting
[2026-01-26T14:28:42.314+0000] {logging_mixin.py:151} INFO -      ⚠️ Erreur ligne 697: not all arguments converted during string formatting
[2026-01-26T14:28:42.315+0000] {logging_mixin.py:151} INFO -      ⚠️ Erreur ligne 698: not all arguments converted during string formatting
[2026-01-26T14:28:42.315+0000] {logging_mixin.py:151} INFO -      ⚠️ Erreur ligne 699: not all arguments converted during string formatting
[2026-01-26T14:28:42.316+0000] {logging_mixin.py:151} INFO -      ⚠️ Erreur ligne 700: not all arguments converted during string formatting
[2026-01-26T14:28:42.316+0000] {logging_mixin.py:151} INFO -      ⚠️ Erreur ligne 701: not all arguments converted during string formatting
[2026-01-26T14:28:42.316+0000] {logging_mixin.py:151} INFO -      ⚠️ Erreur ligne 702: not all arguments converted during string formatting
[2026-01-26T14:28:42.317+0000] {logging_mixin.py:151} INFO -      ⚠️ Erreur ligne 703: not all arguments converted during string formatting
[2026-01-26T14:28:42.317+0000] {logging_mixin.py:151} INFO -      ⚠️ Erreur ligne 704: not all arguments converted during string formatting
[2026-01-26T14:28:42.317+0000] {logging_mixin.py:151} INFO -      ⚠️ Erreur ligne 705: not all arguments converted during string formatting
[2026-01-26T14:28:42.318+0000] {logging_mixin.py:151} INFO -      ⚠️ Erreur ligne 706: not all arguments converted during string formatting
[2026-01-26T14:28:42.318+0000] {logging_mixin.py:151} INFO -      ⚠️ Erreur ligne 707: not all arguments converted during string formatting
[2026-01-26T14:28:42.319+0000] {logging_mixin.py:151} INFO -      ⚠️ Erreur ligne 708: not all arguments converted during string formatting
[2026-01-26T14:28:42.319+0000] {logging_mixin.py:151} INFO -      ⚠️ Erreur ligne 709: not all arguments converted during string formatting
[2026-01-26T14:28:42.320+0000] {logging_mixin.py:151} INFO -      ⚠️ Erreur ligne 710: not all arguments converted during string formatting
[2026-01-26T14:28:42.320+0000] {logging_mixin.py:151} INFO -      ⚠️ Erreur ligne 711: not all arguments converted during string formatting
[2026-01-26T14:28:42.321+0000] {logging_mixin.py:151} INFO -      ⚠️ Erreur ligne 712: not all arguments converted during string formatting
[2026-01-26T14:28:42.321+0000] {logging_mixin.py:151} INFO -      ⚠️ Erreur ligne 713: not all arguments converted during string formatting
[2026-01-26T14:28:42.321+0000] {logging_mixin.py:151} INFO -      ⚠️ Erreur ligne 714: not all arguments converted during string formatting
[2026-01-26T14:28:42.322+0000] {logging_mixin.py:151} INFO -      ⚠️ Erreur ligne 715: not all arguments converted during string formatting
[2026-01-26T14:28:42.322+0000] {logging_mixin.py:151} INFO -      ⚠️ Erreur ligne 716: not all arguments converted during string formatting
[2026-01-26T14:28:42.322+0000] {logging_mixin.py:151} INFO -      ⚠️ Erreur ligne 717: not all arguments converted during string formatting
[2026-01-26T14:28:42.323+0000] {logging_mixin.py:151} INFO -      ⚠️ Erreur ligne 718: not all arguments converted during string formatting
[2026-01-26T14:28:42.323+0000] {logging_mixin.py:151} INFO -      ⚠️ Erreur ligne 719: not all arguments converted during string formatting
[2026-01-26T14:28:42.324+0000] {logging_mixin.py:151} INFO -      ⚠️ Erreur ligne 720: not all arguments converted during string formatting
[2026-01-26T14:28:42.324+0000] {logging_mixin.py:151} INFO -      ⚠️ Erreur ligne 721: not all arguments converted during string formatting
[2026-01-26T14:28:42.324+0000] {logging_mixin.py:151} INFO -      ⚠️ Erreur ligne 722: not all arguments converted during string formatting
[2026-01-26T14:28:42.325+0000] {logging_mixin.py:151} INFO -      ⚠️ Erreur ligne 723: not all arguments converted during string formatting
[2026-01-26T14:28:42.325+0000] {logging_mixin.py:151} INFO -      ⚠️ Erreur ligne 724: not all arguments converted during string formatting
[2026-01-26T14:28:42.326+0000] {logging_mixin.py:151} INFO -      ⚠️ Erreur ligne 725: not all arguments converted during string formatting
[2026-01-26T14:28:42.326+0000] {logging_mixin.py:151} INFO -      ⚠️ Erreur ligne 726: not all arguments converted during string formatting
[2026-01-26T14:28:42.327+0000] {logging_mixin.py:151} INFO -      ⚠️ Erreur ligne 727: not all arguments converted during string formatting
[2026-01-26T14:28:42.327+0000] {logging_mixin.py:151} INFO -      ⚠️ Erreur ligne 728: not all arguments converted during string formatting
[2026-01-26T14:28:42.328+0000] {logging_mixin.py:151} INFO -      ⚠️ Erreur ligne 729: not all arguments converted during string formatting
[2026-01-26T14:28:42.328+0000] {logging_mixin.py:151} INFO -      ⚠️ Erreur ligne 730: not all arguments converted during string formatting
[2026-01-26T14:28:42.328+0000] {logging_mixin.py:151} INFO -      ⚠️ Erreur ligne 731: not all arguments converted during string formatting
[2026-01-26T14:28:42.329+0000] {logging_mixin.py:151} INFO -      ⚠️ Erreur ligne 732: not all arguments converted during string formatting
[2026-01-26T14:28:42.329+0000] {logging_mixin.py:151} INFO -      ⚠️ Erreur ligne 733: not all arguments converted during string formatting
[2026-01-26T14:28:42.329+0000] {logging_mixin.py:151} INFO -      ⚠️ Erreur ligne 734: not all arguments converted during string formatting
[2026-01-26T14:28:42.330+0000] {logging_mixin.py:151} INFO -      ⚠️ Erreur ligne 735: not all arguments converted during string formatting
[2026-01-26T14:28:42.330+0000] {logging_mixin.py:151} INFO -      ⚠️ Erreur ligne 736: not all arguments converted during string formatting
[2026-01-26T14:28:42.331+0000] {logging_mixin.py:151} INFO -      ⚠️ Erreur ligne 737: not all arguments converted during string formatting
[2026-01-26T14:28:42.331+0000] {logging_mixin.py:151} INFO -      ⚠️ Erreur ligne 738: not all arguments converted during string formatting
[2026-01-26T14:28:42.331+0000] {logging_mixin.py:151} INFO -      ⚠️ Erreur ligne 739: not all arguments converted during string formatting
[2026-01-26T14:28:42.332+0000] {logging_mixin.py:151} INFO -      ⚠️ Erreur ligne 740: not all arguments converted during string formatting
[2026-01-26T14:28:42.332+0000] {logging_mixin.py:151} INFO -      ⚠️ Erreur ligne 741: not all arguments converted during string formatting
[2026-01-26T14:28:42.332+0000] {logging_mixin.py:151} INFO -      ⚠️ Erreur ligne 742: not all arguments converted during string formatting
[2026-01-26T14:28:42.333+0000] {logging_mixin.py:151} INFO -      ⚠️ Erreur ligne 743: not all arguments converted during string formatting
[2026-01-26T14:28:42.333+0000] {logging_mixin.py:151} INFO -      ⚠️ Erreur ligne 744: not all arguments converted during string formatting
[2026-01-26T14:28:42.334+0000] {logging_mixin.py:151} INFO -      ⚠️ Erreur ligne 745: not all arguments converted during string formatting
[2026-01-26T14:28:42.334+0000] {logging_mixin.py:151} INFO -      ⚠️ Erreur ligne 746: not all arguments converted during string formatting
[2026-01-26T14:28:42.335+0000] {logging_mixin.py:151} INFO -      ⚠️ Erreur ligne 747: not all arguments converted during string formatting
[2026-01-26T14:28:42.335+0000] {logging_mixin.py:151} INFO -      ⚠️ Erreur ligne 748: not all arguments converted during string formatting
[2026-01-26T14:28:42.335+0000] {logging_mixin.py:151} INFO -      ⚠️ Erreur ligne 749: not all arguments converted during string formatting
[2026-01-26T14:28:42.336+0000] {logging_mixin.py:151} INFO -      ⚠️ Erreur ligne 750: not all arguments converted during string formatting
[2026-01-26T14:28:42.336+0000] {logging_mixin.py:151} INFO -      ⚠️ Erreur ligne 751: not all arguments converted during string formatting
[2026-01-26T14:28:42.337+0000] {logging_mixin.py:151} INFO -      ⚠️ Erreur ligne 752: not all arguments converted during string formatting
[2026-01-26T14:28:42.337+0000] {logging_mixin.py:151} INFO -      ⚠️ Erreur ligne 753: not all arguments converted during string formatting
[2026-01-26T14:28:42.337+0000] {logging_mixin.py:151} INFO -      ⚠️ Erreur ligne 754: not all arguments converted during string formatting
[2026-01-26T14:28:42.338+0000] {logging_mixin.py:151} INFO -      ⚠️ Erreur ligne 755: not all arguments converted during string formatting
[2026-01-26T14:28:42.338+0000] {logging_mixin.py:151} INFO -      ⚠️ Erreur ligne 756: not all arguments converted during string formatting
[2026-01-26T14:28:42.339+0000] {logging_mixin.py:151} INFO -      ⚠️ Erreur ligne 757: not all arguments converted during string formatting
[2026-01-26T14:28:42.339+0000] {logging_mixin.py:151} INFO -      ⚠️ Erreur ligne 758: not all arguments converted during string formatting
[2026-01-26T14:28:42.340+0000] {logging_mixin.py:151} INFO -      ⚠️ Erreur ligne 759: not all arguments converted during string formatting
[2026-01-26T14:28:42.340+0000] {logging_mixin.py:151} INFO -      ⚠️ Erreur ligne 760: not all arguments converted during string formatting
[2026-01-26T14:28:42.341+0000] {logging_mixin.py:151} INFO -      ⚠️ Erreur ligne 761: not all arguments converted during string formatting
[2026-01-26T14:28:42.342+0000] {logging_mixin.py:151} INFO -      ⚠️ Erreur ligne 762: not all arguments converted during string formatting
[2026-01-26T14:28:42.342+0000] {logging_mixin.py:151} INFO -      ⚠️ Erreur ligne 763: not all arguments converted during string formatting
[2026-01-26T14:28:42.343+0000] {logging_mixin.py:151} INFO -      ⚠️ Erreur ligne 764: not all arguments converted during string formatting
[2026-01-26T14:28:42.344+0000] {logging_mixin.py:151} INFO -      ⚠️ Erreur ligne 765: not all arguments converted during string formatting
[2026-01-26T14:28:42.344+0000] {logging_mixin.py:151} INFO -      ⚠️ Erreur ligne 766: not all arguments converted during string formatting
[2026-01-26T14:28:42.345+0000] {logging_mixin.py:151} INFO -      ⚠️ Erreur ligne 767: not all arguments converted during string formatting
[2026-01-26T14:28:42.345+0000] {logging_mixin.py:151} INFO -      ⚠️ Erreur ligne 768: not all arguments converted during string formatting
[2026-01-26T14:28:42.346+0000] {logging_mixin.py:151} INFO -      ⚠️ Erreur ligne 769: not all arguments converted during string formatting
[2026-01-26T14:28:42.346+0000] {logging_mixin.py:151} INFO -      ⚠️ Erreur ligne 770: not all arguments converted during string formatting
[2026-01-26T14:28:42.346+0000] {logging_mixin.py:151} INFO -      ⚠️ Erreur ligne 771: not all arguments converted during string formatting
[2026-01-26T14:28:42.347+0000] {logging_mixin.py:151} INFO -      ⚠️ Erreur ligne 772: not all arguments converted during string formatting
[2026-01-26T14:28:42.347+0000] {logging_mixin.py:151} INFO -      ⚠️ Erreur ligne 773: not all arguments converted during string formatting
[2026-01-26T14:28:42.348+0000] {logging_mixin.py:151} INFO -      ⚠️ Erreur ligne 774: not all arguments converted during string formatting
[2026-01-26T14:28:42.349+0000] {logging_mixin.py:151} INFO -      ⚠️ Erreur ligne 775: not all arguments converted during string formatting
[2026-01-26T14:28:42.349+0000] {logging_mixin.py:151} INFO -      ⚠️ Erreur ligne 776: not all arguments converted during string formatting
[2026-01-26T14:28:42.350+0000] {logging_mixin.py:151} INFO -      ⚠️ Erreur ligne 777: not all arguments converted during string formatting
[2026-01-26T14:28:42.350+0000] {logging_mixin.py:151} INFO -      ⚠️ Erreur ligne 778: not all arguments converted during string formatting
[2026-01-26T14:28:42.350+0000] {logging_mixin.py:151} INFO -      ⚠️ Erreur ligne 779: not all arguments converted during string formatting
[2026-01-26T14:28:42.351+0000] {logging_mixin.py:151} INFO -      ⚠️ Erreur ligne 780: not all arguments converted during string formatting
[2026-01-26T14:28:42.351+0000] {logging_mixin.py:151} INFO -      ⚠️ Erreur ligne 781: not all arguments converted during string formatting
[2026-01-26T14:28:42.351+0000] {logging_mixin.py:151} INFO -      ⚠️ Erreur ligne 782: not all arguments converted during string formatting
[2026-01-26T14:28:42.352+0000] {logging_mixin.py:151} INFO -      ⚠️ Erreur ligne 783: not all arguments converted during string formatting
[2026-01-26T14:28:42.352+0000] {logging_mixin.py:151} INFO -      ⚠️ Erreur ligne 784: not all arguments converted during string formatting
[2026-01-26T14:28:42.353+0000] {logging_mixin.py:151} INFO -      ⚠️ Erreur ligne 785: not all arguments converted during string formatting
[2026-01-26T14:28:42.354+0000] {logging_mixin.py:151} INFO -      ⚠️ Erreur ligne 786: not all arguments converted during string formatting
[2026-01-26T14:28:42.355+0000] {logging_mixin.py:151} INFO -      ⚠️ Erreur ligne 787: not all arguments converted during string formatting
[2026-01-26T14:28:42.358+0000] {logging_mixin.py:151} INFO -      ⚠️ Erreur ligne 788: not all arguments converted during string formatting
[2026-01-26T14:28:42.359+0000] {logging_mixin.py:151} INFO -      ⚠️ Erreur ligne 789: not all arguments converted during string formatting
[2026-01-26T14:28:42.360+0000] {logging_mixin.py:151} INFO -      ⚠️ Erreur ligne 790: not all arguments converted during string formatting
[2026-01-26T14:28:42.361+0000] {logging_mixin.py:151} INFO -      ⚠️ Erreur ligne 791: not all arguments converted during string formatting
[2026-01-26T14:28:42.361+0000] {logging_mixin.py:151} INFO -      ⚠️ Erreur ligne 792: not all arguments converted during string formatting
[2026-01-26T14:28:42.362+0000] {logging_mixin.py:151} INFO -      ⚠️ Erreur ligne 793: not all arguments converted during string formatting
[2026-01-26T14:28:42.363+0000] {logging_mixin.py:151} INFO -      ⚠️ Erreur ligne 794: not all arguments converted during string formatting
[2026-01-26T14:28:42.364+0000] {logging_mixin.py:151} INFO -      ⚠️ Erreur ligne 795: not all arguments converted during string formatting
[2026-01-26T14:28:42.366+0000] {logging_mixin.py:151} INFO -      ⚠️ Erreur ligne 796: not all arguments converted during string formatting
[2026-01-26T14:28:42.366+0000] {logging_mixin.py:151} INFO -      ⚠️ Erreur ligne 797: not all arguments converted during string formatting
[2026-01-26T14:28:42.367+0000] {logging_mixin.py:151} INFO -      ⚠️ Erreur ligne 798: not all arguments converted during string formatting
[2026-01-26T14:28:42.368+0000] {logging_mixin.py:151} INFO -      ⚠️ Erreur ligne 799: not all arguments converted during string formatting
[2026-01-26T14:28:42.369+0000] {logging_mixin.py:151} INFO -      ⚠️ Erreur ligne 800: not all arguments converted during string formatting
[2026-01-26T14:28:42.369+0000] {logging_mixin.py:151} INFO -      ⚠️ Erreur ligne 801: not all arguments converted during string formatting
[2026-01-26T14:28:42.370+0000] {logging_mixin.py:151} INFO -      ⚠️ Erreur ligne 802: not all arguments converted during string formatting
[2026-01-26T14:28:42.370+0000] {logging_mixin.py:151} INFO -      ⚠️ Erreur ligne 803: not all arguments converted during string formatting
[2026-01-26T14:28:42.371+0000] {logging_mixin.py:151} INFO -      ⚠️ Erreur ligne 804: not all arguments converted during string formatting
[2026-01-26T14:28:42.372+0000] {logging_mixin.py:151} INFO -      ⚠️ Erreur ligne 805: not all arguments converted during string formatting
[2026-01-26T14:28:42.372+0000] {logging_mixin.py:151} INFO -      ⚠️ Erreur ligne 806: not all arguments converted during string formatting
[2026-01-26T14:28:42.373+0000] {logging_mixin.py:151} INFO -      ⚠️ Erreur ligne 807: not all arguments converted during string formatting
[2026-01-26T14:28:42.374+0000] {logging_mixin.py:151} INFO -      ⚠️ Erreur ligne 808: not all arguments converted during string formatting
[2026-01-26T14:28:42.376+0000] {logging_mixin.py:151} INFO -      ⚠️ Erreur ligne 809: not all arguments converted during string formatting
[2026-01-26T14:28:42.377+0000] {logging_mixin.py:151} INFO -      ⚠️ Erreur ligne 810: not all arguments converted during string formatting
[2026-01-26T14:28:42.378+0000] {logging_mixin.py:151} INFO -      ⚠️ Erreur ligne 811: not all arguments converted during string formatting
[2026-01-26T14:28:42.378+0000] {logging_mixin.py:151} INFO -      ⚠️ Erreur ligne 812: not all arguments converted during string formatting
[2026-01-26T14:28:42.379+0000] {logging_mixin.py:151} INFO -      ⚠️ Erreur ligne 813: not all arguments converted during string formatting
[2026-01-26T14:28:42.380+0000] {logging_mixin.py:151} INFO -      ⚠️ Erreur ligne 814: not all arguments converted during string formatting
[2026-01-26T14:28:42.380+0000] {logging_mixin.py:151} INFO -      ⚠️ Erreur ligne 815: not all arguments converted during string formatting
[2026-01-26T14:28:42.381+0000] {logging_mixin.py:151} INFO -      ⚠️ Erreur ligne 816: not all arguments converted during string formatting
[2026-01-26T14:28:42.381+0000] {logging_mixin.py:151} INFO -      ⚠️ Erreur ligne 817: not all arguments converted during string formatting
[2026-01-26T14:28:42.382+0000] {logging_mixin.py:151} INFO -      ⚠️ Erreur ligne 818: not all arguments converted during string formatting
[2026-01-26T14:28:42.382+0000] {logging_mixin.py:151} INFO -      ⚠️ Erreur ligne 819: not all arguments converted during string formatting
[2026-01-26T14:28:42.383+0000] {logging_mixin.py:151} INFO -      ⚠️ Erreur ligne 820: not all arguments converted during string formatting
[2026-01-26T14:28:42.383+0000] {logging_mixin.py:151} INFO -      ⚠️ Erreur ligne 821: not all arguments converted during string formatting
[2026-01-26T14:28:42.384+0000] {logging_mixin.py:151} INFO -      ⚠️ Erreur ligne 822: not all arguments converted during string formatting
[2026-01-26T14:28:42.384+0000] {logging_mixin.py:151} INFO -      ⚠️ Erreur ligne 823: not all arguments converted during string formatting
[2026-01-26T14:28:42.385+0000] {logging_mixin.py:151} INFO -      ⚠️ Erreur ligne 824: not all arguments converted during string formatting
[2026-01-26T14:28:42.385+0000] {logging_mixin.py:151} INFO -      ⚠️ Erreur ligne 825: not all arguments converted during string formatting
[2026-01-26T14:28:42.386+0000] {logging_mixin.py:151} INFO -      ⚠️ Erreur ligne 826: not all arguments converted during string formatting
[2026-01-26T14:28:42.386+0000] {logging_mixin.py:151} INFO -      ⚠️ Erreur ligne 827: not all arguments converted during string formatting
[2026-01-26T14:28:42.386+0000] {logging_mixin.py:151} INFO -      ⚠️ Erreur ligne 828: not all arguments converted during string formatting
[2026-01-26T14:28:42.387+0000] {logging_mixin.py:151} INFO -      ⚠️ Erreur ligne 829: not all arguments converted during string formatting
[2026-01-26T14:28:42.387+0000] {logging_mixin.py:151} INFO -      ⚠️ Erreur ligne 830: not all arguments converted during string formatting
[2026-01-26T14:28:42.388+0000] {logging_mixin.py:151} INFO -      ⚠️ Erreur ligne 831: not all arguments converted during string formatting
[2026-01-26T14:28:42.388+0000] {logging_mixin.py:151} INFO -      ⚠️ Erreur ligne 832: not all arguments converted during string formatting
[2026-01-26T14:28:42.389+0000] {logging_mixin.py:151} INFO -      ⚠️ Erreur ligne 833: not all arguments converted during string formatting
[2026-01-26T14:28:42.389+0000] {logging_mixin.py:151} INFO -      ⚠️ Erreur ligne 834: not all arguments converted during string formatting
[2026-01-26T14:28:42.390+0000] {logging_mixin.py:151} INFO -      ⚠️ Erreur ligne 835: not all arguments converted during string formatting
[2026-01-26T14:28:42.391+0000] {logging_mixin.py:151} INFO -      ⚠️ Erreur ligne 836: not all arguments converted during string formatting
[2026-01-26T14:28:42.391+0000] {logging_mixin.py:151} INFO -      ⚠️ Erreur ligne 837: not all arguments converted during string formatting
[2026-01-26T14:28:42.392+0000] {logging_mixin.py:151} INFO -      ⚠️ Erreur ligne 838: not all arguments converted during string formatting
[2026-01-26T14:28:42.392+0000] {logging_mixin.py:151} INFO -      ⚠️ Erreur ligne 839: not all arguments converted during string formatting
[2026-01-26T14:28:42.393+0000] {logging_mixin.py:151} INFO -      ⚠️ Erreur ligne 840: not all arguments converted during string formatting
[2026-01-26T14:28:42.394+0000] {logging_mixin.py:151} INFO -      ⚠️ Erreur ligne 841: not all arguments converted during string formatting
[2026-01-26T14:28:42.394+0000] {logging_mixin.py:151} INFO -      ⚠️ Erreur ligne 842: not all arguments converted during string formatting
[2026-01-26T14:28:42.395+0000] {logging_mixin.py:151} INFO -      ⚠️ Erreur ligne 843: not all arguments converted during string formatting
[2026-01-26T14:28:42.399+0000] {logging_mixin.py:151} INFO -      ⚠️ Erreur ligne 844: not all arguments converted during string formatting
[2026-01-26T14:28:42.400+0000] {logging_mixin.py:151} INFO -      ⚠️ Erreur ligne 845: not all arguments converted during string formatting
[2026-01-26T14:28:42.401+0000] {logging_mixin.py:151} INFO -      ⚠️ Erreur ligne 846: not all arguments converted during string formatting
[2026-01-26T14:28:42.403+0000] {logging_mixin.py:151} INFO -      ⚠️ Erreur ligne 847: not all arguments converted during string formatting
[2026-01-26T14:28:42.404+0000] {logging_mixin.py:151} INFO -      ⚠️ Erreur ligne 848: not all arguments converted during string formatting
[2026-01-26T14:28:42.405+0000] {logging_mixin.py:151} INFO -      ⚠️ Erreur ligne 849: not all arguments converted during string formatting
[2026-01-26T14:28:42.406+0000] {logging_mixin.py:151} INFO -      ⚠️ Erreur ligne 850: not all arguments converted during string formatting
[2026-01-26T14:28:42.406+0000] {logging_mixin.py:151} INFO -      ⚠️ Erreur ligne 851: not all arguments converted during string formatting
[2026-01-26T14:28:42.407+0000] {logging_mixin.py:151} INFO -      ⚠️ Erreur ligne 852: not all arguments converted during string formatting
[2026-01-26T14:28:42.408+0000] {logging_mixin.py:151} INFO -      ⚠️ Erreur ligne 853: not all arguments converted during string formatting
[2026-01-26T14:28:42.408+0000] {logging_mixin.py:151} INFO -      ⚠️ Erreur ligne 854: not all arguments converted during string formatting
[2026-01-26T14:28:42.409+0000] {logging_mixin.py:151} INFO -      ⚠️ Erreur ligne 855: not all arguments converted during string formatting
[2026-01-26T14:28:42.410+0000] {logging_mixin.py:151} INFO -      ⚠️ Erreur ligne 856: not all arguments converted during string formatting
[2026-01-26T14:28:42.410+0000] {logging_mixin.py:151} INFO -      ⚠️ Erreur ligne 857: not all arguments converted during string formatting
[2026-01-26T14:28:42.411+0000] {logging_mixin.py:151} INFO -      ⚠️ Erreur ligne 858: not all arguments converted during string formatting
[2026-01-26T14:28:42.412+0000] {logging_mixin.py:151} INFO -      ⚠️ Erreur ligne 859: not all arguments converted during string formatting
[2026-01-26T14:28:42.412+0000] {logging_mixin.py:151} INFO -      ⚠️ Erreur ligne 860: not all arguments converted during string formatting
[2026-01-26T14:28:42.413+0000] {logging_mixin.py:151} INFO -      ⚠️ Erreur ligne 861: not all arguments converted during string formatting
[2026-01-26T14:28:42.413+0000] {logging_mixin.py:151} INFO -      ⚠️ Erreur ligne 862: not all arguments converted during string formatting
[2026-01-26T14:28:42.414+0000] {logging_mixin.py:151} INFO -      ⚠️ Erreur ligne 863: not all arguments converted during string formatting
[2026-01-26T14:28:42.414+0000] {logging_mixin.py:151} INFO -      ⚠️ Erreur ligne 864: not all arguments converted during string formatting
[2026-01-26T14:28:42.415+0000] {logging_mixin.py:151} INFO -      ⚠️ Erreur ligne 865: not all arguments converted during string formatting
[2026-01-26T14:28:42.415+0000] {logging_mixin.py:151} INFO -      ⚠️ Erreur ligne 866: not all arguments converted during string formatting
[2026-01-26T14:28:42.416+0000] {logging_mixin.py:151} INFO -      ⚠️ Erreur ligne 867: not all arguments converted during string formatting
[2026-01-26T14:28:42.417+0000] {logging_mixin.py:151} INFO -      ⚠️ Erreur ligne 868: not all arguments converted during string formatting
[2026-01-26T14:28:42.418+0000] {logging_mixin.py:151} INFO -      ⚠️ Erreur ligne 869: not all arguments converted during string formatting
[2026-01-26T14:28:42.419+0000] {logging_mixin.py:151} INFO -      ⚠️ Erreur ligne 870: not all arguments converted during string formatting
[2026-01-26T14:28:42.419+0000] {logging_mixin.py:151} INFO -      ⚠️ Erreur ligne 871: not all arguments converted during string formatting
[2026-01-26T14:28:42.420+0000] {logging_mixin.py:151} INFO -      ⚠️ Erreur ligne 872: not all arguments converted during string formatting
[2026-01-26T14:28:42.420+0000] {logging_mixin.py:151} INFO -      ⚠️ Erreur ligne 873: not all arguments converted during string formatting
[2026-01-26T14:28:42.420+0000] {logging_mixin.py:151} INFO -      ⚠️ Erreur ligne 874: not all arguments converted during string formatting
[2026-01-26T14:28:42.421+0000] {logging_mixin.py:151} INFO -      ⚠️ Erreur ligne 875: not all arguments converted during string formatting
[2026-01-26T14:28:42.421+0000] {logging_mixin.py:151} INFO -      ⚠️ Erreur ligne 876: not all arguments converted during string formatting
[2026-01-26T14:28:42.422+0000] {logging_mixin.py:151} INFO -      ⚠️ Erreur ligne 877: not all arguments converted during string formatting
[2026-01-26T14:28:42.422+0000] {logging_mixin.py:151} INFO -      ⚠️ Erreur ligne 878: not all arguments converted during string formatting
[2026-01-26T14:28:42.423+0000] {logging_mixin.py:151} INFO -      ⚠️ Erreur ligne 879: not all arguments converted during string formatting
[2026-01-26T14:28:42.424+0000] {logging_mixin.py:151} INFO -      ⚠️ Erreur ligne 880: not all arguments converted during string formatting
[2026-01-26T14:28:42.424+0000] {logging_mixin.py:151} INFO -      ⚠️ Erreur ligne 881: not all arguments converted during string formatting
[2026-01-26T14:28:42.425+0000] {logging_mixin.py:151} INFO -      ⚠️ Erreur ligne 882: not all arguments converted during string formatting
[2026-01-26T14:28:42.426+0000] {logging_mixin.py:151} INFO -      ⚠️ Erreur ligne 883: not all arguments converted during string formatting
[2026-01-26T14:28:42.427+0000] {logging_mixin.py:151} INFO -      ⚠️ Erreur ligne 884: not all arguments converted during string formatting
[2026-01-26T14:28:42.428+0000] {logging_mixin.py:151} INFO -      ⚠️ Erreur ligne 885: not all arguments converted during string formatting
[2026-01-26T14:28:42.429+0000] {logging_mixin.py:151} INFO -      ⚠️ Erreur ligne 886: not all arguments converted during string formatting
[2026-01-26T14:28:42.430+0000] {logging_mixin.py:151} INFO -      ⚠️ Erreur ligne 887: not all arguments converted during string formatting
[2026-01-26T14:28:42.432+0000] {logging_mixin.py:151} INFO -      ⚠️ Erreur ligne 888: not all arguments converted during string formatting
[2026-01-26T14:28:42.434+0000] {logging_mixin.py:151} INFO -      ⚠️ Erreur ligne 889: not all arguments converted during string formatting
[2026-01-26T14:28:42.435+0000] {logging_mixin.py:151} INFO -      ⚠️ Erreur ligne 890: not all arguments converted during string formatting
[2026-01-26T14:28:42.437+0000] {logging_mixin.py:151} INFO -      ⚠️ Erreur ligne 891: not all arguments converted during string formatting
[2026-01-26T14:28:42.438+0000] {logging_mixin.py:151} INFO -      ⚠️ Erreur ligne 892: not all arguments converted during string formatting
[2026-01-26T14:28:42.440+0000] {logging_mixin.py:151} INFO -      ⚠️ Erreur ligne 893: not all arguments converted during string formatting
[2026-01-26T14:28:42.442+0000] {logging_mixin.py:151} INFO -      ⚠️ Erreur ligne 894: not all arguments converted during string formatting
[2026-01-26T14:28:42.443+0000] {logging_mixin.py:151} INFO -      ⚠️ Erreur ligne 895: not all arguments converted during string formatting
[2026-01-26T14:28:42.446+0000] {logging_mixin.py:151} INFO -      ⚠️ Erreur ligne 896: not all arguments converted during string formatting
[2026-01-26T14:28:42.447+0000] {logging_mixin.py:151} INFO -      ⚠️ Erreur ligne 897: not all arguments converted during string formatting
[2026-01-26T14:28:42.450+0000] {logging_mixin.py:151} INFO -      ⚠️ Erreur ligne 898: not all arguments converted during string formatting
[2026-01-26T14:28:42.451+0000] {logging_mixin.py:151} INFO -      ⚠️ Erreur ligne 899: not all arguments converted during string formatting
[2026-01-26T14:28:42.453+0000] {logging_mixin.py:151} INFO -      ⚠️ Erreur ligne 900: not all arguments converted during string formatting
[2026-01-26T14:28:42.454+0000] {logging_mixin.py:151} INFO -      ⚠️ Erreur ligne 901: not all arguments converted during string formatting
[2026-01-26T14:28:42.456+0000] {logging_mixin.py:151} INFO -      ⚠️ Erreur ligne 902: not all arguments converted during string formatting
[2026-01-26T14:28:42.460+0000] {logging_mixin.py:151} INFO -      ⚠️ Erreur ligne 903: not all arguments converted during string formatting
[2026-01-26T14:28:42.461+0000] {logging_mixin.py:151} INFO -      ⚠️ Erreur ligne 904: not all arguments converted during string formatting
[2026-01-26T14:28:42.464+0000] {logging_mixin.py:151} INFO -      ⚠️ Erreur ligne 905: not all arguments converted during string formatting
[2026-01-26T14:28:42.465+0000] {logging_mixin.py:151} INFO -      ⚠️ Erreur ligne 906: not all arguments converted during string formatting
[2026-01-26T14:28:42.467+0000] {logging_mixin.py:151} INFO -      ⚠️ Erreur ligne 907: not all arguments converted during string formatting
[2026-01-26T14:28:42.469+0000] {logging_mixin.py:151} INFO -      ⚠️ Erreur ligne 908: not all arguments converted during string formatting
[2026-01-26T14:28:42.472+0000] {logging_mixin.py:151} INFO -      ⚠️ Erreur ligne 909: not all arguments converted during string formatting
[2026-01-26T14:28:42.475+0000] {logging_mixin.py:151} INFO -      ⚠️ Erreur ligne 910: not all arguments converted during string formatting
[2026-01-26T14:28:42.478+0000] {logging_mixin.py:151} INFO -      ⚠️ Erreur ligne 911: not all arguments converted during string formatting
[2026-01-26T14:28:42.481+0000] {logging_mixin.py:151} INFO -      ⚠️ Erreur ligne 912: not all arguments converted during string formatting
[2026-01-26T14:28:42.484+0000] {logging_mixin.py:151} INFO -      ⚠️ Erreur ligne 913: not all arguments converted during string formatting
[2026-01-26T14:28:42.485+0000] {logging_mixin.py:151} INFO -      ⚠️ Erreur ligne 914: not all arguments converted during string formatting
[2026-01-26T14:28:42.485+0000] {logging_mixin.py:151} INFO -      ⚠️ Erreur ligne 915: not all arguments converted during string formatting
[2026-01-26T14:28:42.486+0000] {logging_mixin.py:151} INFO -      ⚠️ Erreur ligne 916: not all arguments converted during string formatting
[2026-01-26T14:28:42.487+0000] {logging_mixin.py:151} INFO -      ⚠️ Erreur ligne 917: not all arguments converted during string formatting
[2026-01-26T14:28:42.487+0000] {logging_mixin.py:151} INFO -      ⚠️ Erreur ligne 918: not all arguments converted during string formatting
[2026-01-26T14:28:42.488+0000] {logging_mixin.py:151} INFO -      ⚠️ Erreur ligne 919: not all arguments converted during string formatting
[2026-01-26T14:28:42.488+0000] {logging_mixin.py:151} INFO -      ⚠️ Erreur ligne 920: not all arguments converted during string formatting
[2026-01-26T14:28:42.489+0000] {logging_mixin.py:151} INFO -      ⚠️ Erreur ligne 921: not all arguments converted during string formatting
[2026-01-26T14:28:42.489+0000] {logging_mixin.py:151} INFO -      ⚠️ Erreur ligne 922: not all arguments converted during string formatting
[2026-01-26T14:28:42.490+0000] {logging_mixin.py:151} INFO -      ⚠️ Erreur ligne 923: not all arguments converted during string formatting
[2026-01-26T14:28:42.490+0000] {logging_mixin.py:151} INFO -      ⚠️ Erreur ligne 924: not all arguments converted during string formatting
[2026-01-26T14:28:42.491+0000] {logging_mixin.py:151} INFO -      ⚠️ Erreur ligne 925: not all arguments converted during string formatting
[2026-01-26T14:28:42.491+0000] {logging_mixin.py:151} INFO -      ⚠️ Erreur ligne 926: not all arguments converted during string formatting
[2026-01-26T14:28:42.492+0000] {logging_mixin.py:151} INFO -      ⚠️ Erreur ligne 927: not all arguments converted during string formatting
[2026-01-26T14:28:42.492+0000] {logging_mixin.py:151} INFO -      ⚠️ Erreur ligne 928: not all arguments converted during string formatting
[2026-01-26T14:28:42.492+0000] {logging_mixin.py:151} INFO -      ⚠️ Erreur ligne 929: not all arguments converted during string formatting
[2026-01-26T14:28:42.493+0000] {logging_mixin.py:151} INFO -      ⚠️ Erreur ligne 930: not all arguments converted during string formatting
[2026-01-26T14:28:42.493+0000] {logging_mixin.py:151} INFO -      ⚠️ Erreur ligne 931: not all arguments converted during string formatting
[2026-01-26T14:28:42.494+0000] {logging_mixin.py:151} INFO -      ⚠️ Erreur ligne 932: not all arguments converted during string formatting
[2026-01-26T14:28:42.494+0000] {logging_mixin.py:151} INFO -      ⚠️ Erreur ligne 933: not all arguments converted during string formatting
[2026-01-26T14:28:42.494+0000] {logging_mixin.py:151} INFO -      ⚠️ Erreur ligne 934: not all arguments converted during string formatting
[2026-01-26T14:28:42.495+0000] {logging_mixin.py:151} INFO -      ⚠️ Erreur ligne 935: not all arguments converted during string formatting
[2026-01-26T14:28:42.495+0000] {logging_mixin.py:151} INFO -      ⚠️ Erreur ligne 936: not all arguments converted during string formatting
[2026-01-26T14:28:42.497+0000] {logging_mixin.py:151} INFO -      ⚠️ Erreur ligne 937: not all arguments converted during string formatting
[2026-01-26T14:28:42.498+0000] {logging_mixin.py:151} INFO -      ⚠️ Erreur ligne 938: not all arguments converted during string formatting
[2026-01-26T14:28:42.499+0000] {logging_mixin.py:151} INFO -      ⚠️ Erreur ligne 939: not all arguments converted during string formatting
[2026-01-26T14:28:42.499+0000] {logging_mixin.py:151} INFO -      ⚠️ Erreur ligne 940: not all arguments converted during string formatting
[2026-01-26T14:28:42.500+0000] {logging_mixin.py:151} INFO -      ⚠️ Erreur ligne 941: not all arguments converted during string formatting
[2026-01-26T14:28:42.501+0000] {logging_mixin.py:151} INFO -      ⚠️ Erreur ligne 942: not all arguments converted during string formatting
[2026-01-26T14:28:42.502+0000] {logging_mixin.py:151} INFO -      ⚠️ Erreur ligne 943: not all arguments converted during string formatting
[2026-01-26T14:28:42.502+0000] {logging_mixin.py:151} INFO -      ⚠️ Erreur ligne 944: not all arguments converted during string formatting
[2026-01-26T14:28:42.503+0000] {logging_mixin.py:151} INFO -      ⚠️ Erreur ligne 945: not all arguments converted during string formatting
[2026-01-26T14:28:42.504+0000] {logging_mixin.py:151} INFO -      ⚠️ Erreur ligne 946: not all arguments converted during string formatting
[2026-01-26T14:28:42.505+0000] {logging_mixin.py:151} INFO -      ⚠️ Erreur ligne 947: not all arguments converted during string formatting
[2026-01-26T14:28:42.506+0000] {logging_mixin.py:151} INFO -      ⚠️ Erreur ligne 948: not all arguments converted during string formatting
[2026-01-26T14:28:42.506+0000] {logging_mixin.py:151} INFO -      ⚠️ Erreur ligne 949: not all arguments converted during string formatting
[2026-01-26T14:28:42.507+0000] {logging_mixin.py:151} INFO -      ⚠️ Erreur ligne 950: not all arguments converted during string formatting
[2026-01-26T14:28:42.508+0000] {logging_mixin.py:151} INFO -      ⚠️ Erreur ligne 951: not all arguments converted during string formatting
[2026-01-26T14:28:42.508+0000] {logging_mixin.py:151} INFO -      ⚠️ Erreur ligne 952: not all arguments converted during string formatting
[2026-01-26T14:28:42.509+0000] {logging_mixin.py:151} INFO -      ⚠️ Erreur ligne 953: not all arguments converted during string formatting
[2026-01-26T14:28:42.510+0000] {logging_mixin.py:151} INFO -      ⚠️ Erreur ligne 954: not all arguments converted during string formatting
[2026-01-26T14:28:42.510+0000] {logging_mixin.py:151} INFO -      ⚠️ Erreur ligne 955: not all arguments converted during string formatting
[2026-01-26T14:28:42.511+0000] {logging_mixin.py:151} INFO -      ⚠️ Erreur ligne 956: not all arguments converted during string formatting
[2026-01-26T14:28:42.512+0000] {logging_mixin.py:151} INFO -      ⚠️ Erreur ligne 957: not all arguments converted during string formatting
[2026-01-26T14:28:42.512+0000] {logging_mixin.py:151} INFO -      ⚠️ Erreur ligne 958: not all arguments converted during string formatting
[2026-01-26T14:28:42.513+0000] {logging_mixin.py:151} INFO -      ⚠️ Erreur ligne 959: not all arguments converted during string formatting
[2026-01-26T14:28:42.513+0000] {logging_mixin.py:151} INFO -      ⚠️ Erreur ligne 960: not all arguments converted during string formatting
[2026-01-26T14:28:42.514+0000] {logging_mixin.py:151} INFO -      ⚠️ Erreur ligne 961: not all arguments converted during string formatting
[2026-01-26T14:28:42.514+0000] {logging_mixin.py:151} INFO -      ⚠️ Erreur ligne 962: not all arguments converted during string formatting
[2026-01-26T14:28:42.515+0000] {logging_mixin.py:151} INFO -      ⚠️ Erreur ligne 963: not all arguments converted during string formatting
[2026-01-26T14:28:42.516+0000] {logging_mixin.py:151} INFO -      ⚠️ Erreur ligne 964: not all arguments converted during string formatting
[2026-01-26T14:28:42.517+0000] {logging_mixin.py:151} INFO -      ⚠️ Erreur ligne 965: not all arguments converted during string formatting
[2026-01-26T14:28:42.518+0000] {logging_mixin.py:151} INFO -      ⚠️ Erreur ligne 966: not all arguments converted during string formatting
[2026-01-26T14:28:42.518+0000] {logging_mixin.py:151} INFO -      ⚠️ Erreur ligne 967: not all arguments converted during string formatting
[2026-01-26T14:28:42.519+0000] {logging_mixin.py:151} INFO -      ⚠️ Erreur ligne 968: not all arguments converted during string formatting
[2026-01-26T14:28:42.522+0000] {logging_mixin.py:151} INFO -      ⚠️ Erreur ligne 969: not all arguments converted during string formatting
[2026-01-26T14:28:42.524+0000] {logging_mixin.py:151} INFO -      ⚠️ Erreur ligne 970: not all arguments converted during string formatting
[2026-01-26T14:28:42.525+0000] {logging_mixin.py:151} INFO -      ⚠️ Erreur ligne 971: not all arguments converted during string formatting
[2026-01-26T14:28:42.526+0000] {logging_mixin.py:151} INFO -      ⚠️ Erreur ligne 972: not all arguments converted during string formatting
[2026-01-26T14:28:42.528+0000] {logging_mixin.py:151} INFO -      ⚠️ Erreur ligne 973: not all arguments converted during string formatting
[2026-01-26T14:28:42.529+0000] {logging_mixin.py:151} INFO -      ⚠️ Erreur ligne 974: not all arguments converted during string formatting
[2026-01-26T14:28:42.530+0000] {logging_mixin.py:151} INFO -      ⚠️ Erreur ligne 975: not all arguments converted during string formatting
[2026-01-26T14:28:42.531+0000] {logging_mixin.py:151} INFO -      ⚠️ Erreur ligne 976: not all arguments converted during string formatting
[2026-01-26T14:28:42.532+0000] {logging_mixin.py:151} INFO -      ⚠️ Erreur ligne 977: not all arguments converted during string formatting
[2026-01-26T14:28:42.533+0000] {logging_mixin.py:151} INFO -      ⚠️ Erreur ligne 978: not all arguments converted during string formatting
[2026-01-26T14:28:42.533+0000] {logging_mixin.py:151} INFO -      ⚠️ Erreur ligne 979: not all arguments converted during string formatting
[2026-01-26T14:28:42.534+0000] {logging_mixin.py:151} INFO -      ⚠️ Erreur ligne 980: not all arguments converted during string formatting
[2026-01-26T14:28:42.535+0000] {logging_mixin.py:151} INFO -      ⚠️ Erreur ligne 981: not all arguments converted during string formatting
[2026-01-26T14:28:42.536+0000] {logging_mixin.py:151} INFO -      ⚠️ Erreur ligne 982: not all arguments converted during string formatting
[2026-01-26T14:28:42.536+0000] {logging_mixin.py:151} INFO -      ⚠️ Erreur ligne 983: not all arguments converted during string formatting
[2026-01-26T14:28:42.539+0000] {logging_mixin.py:151} INFO -      ⚠️ Erreur ligne 984: not all arguments converted during string formatting
[2026-01-26T14:28:42.540+0000] {logging_mixin.py:151} INFO -      ⚠️ Erreur ligne 985: not all arguments converted during string formatting
[2026-01-26T14:28:42.541+0000] {logging_mixin.py:151} INFO -      ⚠️ Erreur ligne 986: not all arguments converted during string formatting
[2026-01-26T14:28:42.543+0000] {logging_mixin.py:151} INFO -      ⚠️ Erreur ligne 987: not all arguments converted during string formatting
[2026-01-26T14:28:42.544+0000] {logging_mixin.py:151} INFO -      ⚠️ Erreur ligne 988: not all arguments converted during string formatting
[2026-01-26T14:28:42.545+0000] {logging_mixin.py:151} INFO -      ⚠️ Erreur ligne 989: not all arguments converted during string formatting
[2026-01-26T14:28:42.546+0000] {logging_mixin.py:151} INFO -      ⚠️ Erreur ligne 990: not all arguments converted during string formatting
[2026-01-26T14:28:42.546+0000] {logging_mixin.py:151} INFO -      ⚠️ Erreur ligne 991: not all arguments converted during string formatting
[2026-01-26T14:28:42.547+0000] {logging_mixin.py:151} INFO -      ⚠️ Erreur ligne 992: not all arguments converted during string formatting
[2026-01-26T14:28:42.548+0000] {logging_mixin.py:151} INFO -      ⚠️ Erreur ligne 993: not all arguments converted during string formatting
[2026-01-26T14:28:42.549+0000] {logging_mixin.py:151} INFO -      ⚠️ Erreur ligne 994: not all arguments converted during string formatting
[2026-01-26T14:28:42.549+0000] {logging_mixin.py:151} INFO -      ⚠️ Erreur ligne 995: not all arguments converted during string formatting
[2026-01-26T14:28:42.550+0000] {logging_mixin.py:151} INFO -      ⚠️ Erreur ligne 996: not all arguments converted during string formatting
[2026-01-26T14:28:42.551+0000] {logging_mixin.py:151} INFO -      ⚠️ Erreur ligne 997: not all arguments converted during string formatting
[2026-01-26T14:28:42.552+0000] {logging_mixin.py:151} INFO -      ⚠️ Erreur ligne 998: not all arguments converted during string formatting
[2026-01-26T14:28:42.552+0000] {logging_mixin.py:151} INFO -      ⚠️ Erreur ligne 999: not all arguments converted during string formatting
[2026-01-26T14:28:42.553+0000] {logging_mixin.py:151} INFO -      ⚠️ Erreur ligne 1000: not all arguments converted during string formatting
[2026-01-26T14:28:42.553+0000] {logging_mixin.py:151} INFO -      ⚠️ Erreur ligne 1001: not all arguments converted during string formatting
[2026-01-26T14:28:42.554+0000] {logging_mixin.py:151} INFO -      ⚠️ Erreur ligne 1002: not all arguments converted during string formatting
[2026-01-26T14:28:42.555+0000] {logging_mixin.py:151} INFO -      ⚠️ Erreur ligne 1003: not all arguments converted during string formatting
[2026-01-26T14:28:42.556+0000] {logging_mixin.py:151} INFO -      ⚠️ Erreur ligne 1004: not all arguments converted during string formatting
[2026-01-26T14:28:42.556+0000] {logging_mixin.py:151} INFO -      ⚠️ Erreur ligne 1005: not all arguments converted during string formatting
[2026-01-26T14:28:42.556+0000] {logging_mixin.py:151} INFO -      ⚠️ Erreur ligne 1006: not all arguments converted during string formatting
[2026-01-26T14:28:42.557+0000] {logging_mixin.py:151} INFO -      ⚠️ Erreur ligne 1007: not all arguments converted during string formatting
[2026-01-26T14:28:42.558+0000] {logging_mixin.py:151} INFO -      ⚠️ Erreur ligne 1008: not all arguments converted during string formatting
[2026-01-26T14:28:42.558+0000] {logging_mixin.py:151} INFO -      ⚠️ Erreur ligne 1009: not all arguments converted during string formatting
[2026-01-26T14:28:42.559+0000] {logging_mixin.py:151} INFO -      ⚠️ Erreur ligne 1010: not all arguments converted during string formatting
[2026-01-26T14:28:42.560+0000] {logging_mixin.py:151} INFO -      ⚠️ Erreur ligne 1011: not all arguments converted during string formatting
[2026-01-26T14:28:42.560+0000] {logging_mixin.py:151} INFO -      ⚠️ Erreur ligne 1012: not all arguments converted during string formatting
[2026-01-26T14:28:42.560+0000] {logging_mixin.py:151} INFO -      ⚠️ Erreur ligne 1013: not all arguments converted during string formatting
[2026-01-26T14:28:42.561+0000] {logging_mixin.py:151} INFO -      ⚠️ Erreur ligne 1014: not all arguments converted during string formatting
[2026-01-26T14:28:42.561+0000] {logging_mixin.py:151} INFO -      ⚠️ Erreur ligne 1015: not all arguments converted during string formatting
[2026-01-26T14:28:42.562+0000] {logging_mixin.py:151} INFO -      ⚠️ Erreur ligne 1016: not all arguments converted during string formatting
[2026-01-26T14:28:42.562+0000] {logging_mixin.py:151} INFO -      ⚠️ Erreur ligne 1017: not all arguments converted during string formatting
[2026-01-26T14:28:42.564+0000] {logging_mixin.py:151} INFO -      ✅ 0 lignes insérées, 0 doublons ignorés
[2026-01-26T14:28:42.565+0000] {logging_mixin.py:151} INFO -   ✅ Fichier traité avec succès !
[2026-01-26T14:28:42.565+0000] {logging_mixin.py:151} INFO - 
================================================================================
[2026-01-26T14:28:42.565+0000] {logging_mixin.py:151} INFO - RÉSUMÉ FINAL
[2026-01-26T14:28:42.565+0000] {logging_mixin.py:151} INFO - ================================================================================
[2026-01-26T14:28:42.566+0000] {logging_mixin.py:151} INFO - ✅ Succès  : 3 fichiers
[2026-01-26T14:28:42.566+0000] {logging_mixin.py:151} INFO - ❌ Échecs  : 0 fichiers
[2026-01-26T14:28:42.566+0000] {logging_mixin.py:151} INFO - ================================================================================
[2026-01-26T14:28:42.566+0000] {python.py:194} INFO - Done. Returned value was: Done: 3 succeeded, 0 failed
[2026-01-26T14:28:42.600+0000] {taskinstance.py:1398} INFO - Marking task as SUCCESS. dag_id=stock_etl_simple, task_id=run_etl_simple, execution_date=20260126T142835, start_date=20260126T142839, end_date=20260126T142842
[2026-01-26T14:28:42.672+0000] {local_task_job_runner.py:228} INFO - Task exited with return code 0
[2026-01-26T14:28:42.699+0000] {taskinstance.py:2776} INFO - 0 downstream tasks scheduled from follow-on schedule check
