Date,Open,High,Low,Close,Volume,Dividends,Stock Splits,symbol,extracted_at
2022-01-03 00:00:00-05:00,174.1761864672901,179.12242874444533,174.0586568508519,178.27029418945312,104487900,0.0,0.0,AAPL,2026-01-26 06:13:30.296651+00:00
2022-01-04 00:00:00-05:00,178.8776038701533,179.1812320747434,175.43971239750775,176.00779724121094,99310400,0.0,0.0,AAPL,2026-01-26 06:13:30.296651+00:00
2022-01-05 00:00:00-05:00,175.9196433238863,176.46813489136744,171.05175824457976,171.3260040283203,94537600,0.0,0.0,AAPL,2026-01-26 06:13:30.296651+00:00
2022-01-06 00:00:00-05:00,169.15164852646168,171.6982340873192,168.11343001089395,168.46603393554688,96904000,0.0,0.0,AAPL,2026-01-26 06:13:30.296651+00:00
2022-01-07 00:00:00-05:00,169.33771503993543,170.56203191509988,167.51593093187975,168.63250732421875,86709100,0.0,0.0,AAPL,2026-01-26 06:13:30.296651+00:00
2022-01-10 00:00:00-05:00,165.60599864366586,168.95572780142643,164.7146923768041,168.652099609375,106765600,0.0,0.0,AAPL,2026-01-26 06:13:30.296651+00:00
2022-01-11 00:00:00-05:00,168.77942565072325,171.58064816981238,167.31024547595837,171.4827117919922,76138300,0.0,0.0,AAPL,2026-01-26 06:13:30.296651+00:00
2022-01-12 00:00:00-05:00,172.50135116951776,173.53956952156884,171.22807353490404,171.92347717285156,74805200,0.0,0.0,AAPL,2026-01-26 06:13:30.296651+00:00
2022-01-13 00:00:00-05:00,172.16833406776786,172.9910714162829,168.26030924441002,168.652099609375,84505800,0.0,0.0,AAPL,2026-01-26 06:13:30.296651+00:00
2022-01-14 00:00:00-05:00,167.81954242119846,170.20941111487983,167.57467907053888,169.51400756835938,80440800,0.0,0.0,AAPL,2026-01-26 06:13:30.296651+00:00
2022-01-18 00:00:00-05:00,167.986029250503,168.99486494876345,165.92918629810023,166.31117248535156,90956700,0.0,0.0,AAPL,2026-01-26 06:13:30.296651+00:00
2022-01-19 00:00:00-05:00,166.50708841129685,167.56489994287205,162.53050974989438,162.81454467773438,94815000,0.0,0.0,AAPL,2026-01-26 06:13:30.296651+00:00
2022-01-20 00:00:00-05:00,163.54913404663756,166.19365539118294,160.80666137829382,161.1298828125,91420500,0.0,0.0,AAPL,2026-01-26 06:13:30.296651+00:00
2022-01-21 00:00:00-05:00,161.04173994454513,162.91249968467412,158.965303342259,159.0730438232422,122848900,0.0,0.0,AAPL,2026-01-26 06:13:30.296651+00:00
2022-01-24 00:00:00-05:00,156.73215398969816,158.96530678454897,151.52145417153005,158.2992706298828,162294600,0.0,0.0,AAPL,2026-01-26 06:13:30.296651+00:00
2022-01-25 00:00:00-05:00,155.7135197495045,159.41585293852967,153.79379917867107,156.49708557128906,115798400,0.0,0.0,AAPL,2026-01-26 06:13:30.296651+00:00
2022-01-26 00:00:00-05:00,160.14063545703362,161.01234841002858,154.57734716045317,156.40892028808594,108275300,0.0,0.0,AAPL,2026-01-26 06:13:30.296651+00:00
2022-01-27 00:00:00-05:00,159.112223875077,160.4736636918006,155.02790442490624,155.94859313964844,121954600,0.0,0.0,AAPL,2026-01-26 06:13:30.296651+00:00
2022-01-28 00:00:00-05:00,162.3052517203285,166.849915520985,159.45503834907882,166.830322265625,179935700,0.0,0.0,AAPL,2026-01-26 06:13:30.296651+00:00
2022-01-31 00:00:00-05:00,166.66380312140188,171.4043542462614,166.02714940989443,171.18887329101562,115541600,0.0,0.0,AAPL,2026-01-26 06:13:30.296651+00:00
2022-02-01 00:00:00-05:00,170.43467612383174,171.2476242171807,168.769608378118,171.02235412597656,86213900,0.0,0.0,AAPL,2026-01-26 06:13:30.296651+00:00
2022-02-02 00:00:00-05:00,171.15946552150538,172.26625254169926,169.7686436179964,172.22706604003906,84914300,0.0,0.0,AAPL,2026-01-26 06:13:30.296651+00:00
2022-02-03 00:00:00-05:00,170.89502658265624,172.618874147118,168.58351594007854,169.3474884033203,89418100,0.0,0.0,AAPL,2026-01-26 06:13:30.296651+00:00
2022-02-04 00:00:00-05:00,168.3668057872498,170.7401162961765,167.38610440694853,169.0631103515625,82465400,0.22,0.0,AAPL,2026-01-26 06:13:30.296651+00:00
2022-02-07 00:00:00-05:00,169.52403712153145,170.59299800892276,167.65089393875687,168.34719848632812,77251200,0.0,0.0,AAPL,2026-01-26 06:13:30.296651+00:00
2022-02-08 00:00:00-05:00,168.4158139278121,171.965962469506,168.12160057312957,171.45599365234375,74829200,0.0,0.0,AAPL,2026-01-26 06:13:30.296651+00:00
2022-02-09 00:00:00-05:00,172.65246413479986,173.2408759269309,171.5246486789991,172.87802124023438,71285000,0.0,0.0,AAPL,2026-01-26 06:13:30.296651+00:00
2022-02-10 00:00:00-05:00,170.77931477893978,172.09345086021537,168.23930213729957,168.7982940673828,90865900,0.0,0.0,AAPL,2026-01-26 06:13:30.296651+00:00
2022-02-11 00:00:00-05:00,169.0042733328554,169.7397993797007,164.79705596488338,165.38548278808594,98670700,0.0,0.0,AAPL,2026-01-26 06:13:30.296651+00:00
2022-02-14 00:00:00-05:00,164.13995074155633,166.30730692089233,163.3455851847236,165.62081909179688,86185500,0.0,0.0,AAPL,2026-01-26 06:13:30.296651+00:00
2022-02-15 00:00:00-05:00,167.67048439097334,169.61226856573026,166.96437833391397,169.45535278320312,62527400,0.0,0.0,AAPL,2026-01-26 06:13:30.296651+00:00
2022-02-16 00:00:00-05:00,168.53352854543166,169.99476394129306,166.7682631690513,169.2200164794922,61177400,0.0,0.0,AAPL,2026-01-26 06:13:30.296651+00:00
2022-02-17 00:00:00-05:00,167.72932063065696,168.5923424525554,165.21872801892943,165.62081909179688,69589300,0.0,0.0,AAPL,2026-01-26 06:13:30.296651+00:00
2022-02-18 00:00:00-05:00,166.54270637048876,167.24879755806595,162.98275576839345,164.0713348388672,82772700,0.0,0.0,AAPL,2026-01-26 06:13:30.296651+00:00
2022-02-22 00:00:00-05:00,161.79608567118115,163.47309136847835,159.0206993785114,161.14883422851562,91162800,0.0,0.0,AAPL,2026-01-26 06:13:30.296651+00:00
2022-02-23 00:00:00-05:00,162.3453036437316,162.94353209804362,156.66704910552062,156.9808807373047,90009200,0.0,0.0,AAPL,2026-01-26 06:13:30.296651+00:00
2022-02-24 00:00:00-05:00,149.63540593186767,159.70721245821238,149.06659738297807,159.59933471679688,141147500,0.0,0.0,AAPL,2026-01-26 06:13:30.296651+00:00
2022-02-25 00:00:00-05:00,160.6781069290293,161.9334034703252,157.76542269815738,161.6686248779297,91974200,0.0,0.0,AAPL,2026-01-26 06:13:30.296651+00:00
2022-02-28 00:00:00-05:00,159.91315308309024,162.22760877136363,159.2953064697166,161.9333953857422,95056600,0.0,0.0,AAPL,2026-01-26 06:13:30.296651+00:00
2022-03-01 00:00:00-05:00,161.52149747345592,163.3848388800103,158.84418717486,160.05044555664062,83474400,0.0,0.0,AAPL,2026-01-26 06:13:30.296651+00:00
2022-03-02 00:00:00-05:00,161.2175065361206,164.1301909633288,159.80529409089044,163.3456268310547,79724800,0.0,0.0,AAPL,2026-01-26 06:13:30.296651+00:00
2022-03-03 00:00:00-05:00,165.21874895199736,165.65025991761865,162.35510295615475,163.02197265625,76678400,0.0,0.0,AAPL,2026-01-26 06:13:30.296651+00:00
2022-03-04 00:00:00-05:00,161.31557487047283,162.35511593567728,158.97169917829748,160.0210418701172,83737200,0.0,0.0,AAPL,2026-01-26 06:13:30.296651+00:00
2022-03-07 00:00:00-05:00,160.2073682314536,161.83533601406552,155.97073134624392,156.22572326660156,96418800,0.0,0.0,AAPL,2026-01-26 06:13:30.296651+00:00
2022-03-08 00:00:00-05:00,155.75495309286646,159.73659709320324,152.79323163394997,154.40158081054688,131148300,0.0,0.0,AAPL,2026-01-26 06:13:30.296651+00:00
2022-03-09 00:00:00-05:00,158.36363528455044,160.25639649791017,156.33359145766846,159.80526733398438,91454900,0.0,0.0,AAPL,2026-01-26 06:13:30.296651+00:00
2022-03-10 00:00:00-05:00,157.10835602606574,157.29469168011647,152.96979505950804,155.46078491210938,105342000,0.0,0.0,AAPL,2026-01-26 06:13:30.296651+00:00
2022-03-11 00:00:00-05:00,155.86285431301891,156.2061057623046,151.51835462854714,151.74391174316406,96970100,0.0,0.0,AAPL,2026-01-26 06:13:30.296651+00:00
2022-03-14 00:00:00-04:00,148.527210200246,151.1456808985897,147.20327241217439,147.71322631835938,108732100,0.0,0.0,AAPL,2026-01-26 06:13:30.296651+00:00
2022-03-15 00:00:00-04:00,147.9878136848799,152.56770172333492,147.47785980558257,152.09695434570312,92964300,0.0,0.0,AAPL,2026-01-26 06:13:30.296651+00:00
2022-03-16 00:00:00-04:00,154.01917189606445,156.91223829679822,151.47915863007114,156.51014709472656,102300200,0.0,0.0,AAPL,2026-01-26 06:13:30.296651+00:00
2022-03-17 00:00:00-04:00,155.54901392146604,157.8928891304827,154.58793096024448,157.5202178955078,75615400,0.0,0.0,AAPL,2026-01-26 06:13:30.296651+00:00
2022-03-18 00:00:00-04:00,157.41236437319773,161.30574983268542,156.67683837905244,160.81539916992188,123511700,0.0,0.0,AAPL,2026-01-26 06:13:30.296651+00:00
2022-03-21 00:00:00-04:00,160.3544634117704,163.13966646337798,159.8641127641069,162.18838500976562,95811400,0.0,0.0,AAPL,2026-01-26 06:13:30.296651+00:00
2022-03-22 00:00:00-04:00,162.3158776286816,166.15042355950408,161.7274657879275,165.56201171875,81532000,0.0,0.0,AAPL,2026-01-26 06:13:30.296651+00:00
2022-03-23 00:00:00-04:00,164.74801286692667,169.30826781804822,164.41456305995604,166.9251708984375,98062700,0.0,0.0,AAPL,2026-01-26 06:13:30.296651+00:00
2022-03-24 00:00:00-04:00,167.75877268098228,170.77933467330854,166.92518550141648,170.710693359375,90131400,0.0,0.0,AAPL,2026-01-26 06:13:30.296651+00:00
2022-03-25 00:00:00-04:00,170.5243286011813,171.8973042886656,169.41613146208226,171.34811401367188,80546200,0.0,0.0,AAPL,2026-01-26 06:13:30.296651+00:00
2022-03-28 00:00:00-04:00,168.84733794398963,172.33863211398676,168.68062052174977,172.21115112304688,90371900,0.0,0.0,AAPL,2026-01-26 06:13:30.296651+00:00
2022-03-29 00:00:00-04:00,173.28013598798506,175.55535549692144,172.936884505865,175.50633239746094,100589400,0.0,0.0,AAPL,2026-01-26 06:13:30.296651+00:00
2022-03-30 00:00:00-04:00,175.1042250130881,176.14376602591867,173.289921571538,174.3392791748047,92633200,0.0,0.0,AAPL,2026-01-26 06:13:30.296651+00:00
2022-03-31 00:00:00-04:00,174.40791055107027,174.59424618696573,171.0342957824536,171.24024963378906,103049300,0.0,0.0,AAPL,2026-01-26 06:13:30.296651+00:00
2022-04-01 00:00:00-04:00,170.6714802176125,171.5050824752612,168.6218176816175,170.94607543945312,78751300,0.0,0.0,AAPL,2026-01-26 06:13:30.296651+00:00
2022-04-04 00:00:00-04:00,171.20105860098838,175.04540647336353,171.07356262443463,174.99636840820312,76468400,0.0,0.0,AAPL,2026-01-26 06:13:30.296651+00:00
2022-04-05 00:00:00-04:00,174.07449332905188,174.85905741860927,171.0539313110609,171.68157958984375,73401800,0.0,0.0,AAPL,2026-01-26 06:13:30.296651+00:00
2022-04-06 00:00:00-04:00,169.03368653783352,170.27918145157616,166.846726701127,168.513916015625,89058800,0.0,0.0,AAPL,2026-01-26 06:13:30.296651+00:00
2022-04-07 00:00:00-04:00,167.85684898260146,170.01438898962488,166.57213259059588,168.81793212890625,77594700,0.0,0.0,AAPL,2026-01-26 06:13:30.296651+00:00
2022-04-08 00:00:00-04:00,168.46488285345913,168.46488285345913,165.9346714824091,166.8074951171875,76575500,0.0,0.0,AAPL,2026-01-26 06:13:30.296651+00:00
2022-04-11 00:00:00-04:00,165.45410588858888,165.76792249086608,162.3060484551017,162.5512237548828,72246700,0.0,0.0,AAPL,2026-01-26 06:13:30.296651+00:00
2022-04-12 00:00:00-04:00,164.77744578641645,166.59173431379904,163.42407312851623,164.4243927001953,79265200,0.0,0.0,AAPL,2026-01-26 06:13:30.296651+00:00
2022-04-13 00:00:00-04:00,164.15956045959953,167.7391135745519,163.55153055162586,167.11146545410156,70618900,0.0,0.0,AAPL,2026-01-26 06:13:30.296651+00:00
2022-04-14 00:00:00-04:00,167.32726844290085,167.96473333287506,161.85495282329552,162.10012817382812,75329400,0.0,0.0,AAPL,2026-01-26 06:13:30.296651+00:00
2022-04-18 00:00:00-04:00,160.75656858845937,163.38485607115766,160.41333208367593,161.88438415527344,69023900,0.0,0.0,AAPL,2026-01-26 06:13:30.296651+00:00
2022-04-19 00:00:00-04:00,161.8353139115337,164.58128022532864,160.74673499644868,164.16937255859375,67723800,0.0,0.0,AAPL,2026-01-26 06:13:30.296651+00:00
2022-04-20 00:00:00-04:00,165.5031112472826,165.620805554302,162.89445770994575,164.0026397705078,67929800,0.0,0.0,AAPL,2026-01-26 06:13:30.296651+00:00
2022-04-21 00:00:00-04:00,165.650233704649,168.21966591149055,162.7081302747772,163.20828247070312,87227800,0.0,0.0,AAPL,2026-01-26 06:13:30.296651+00:00
2022-04-22 00:00:00-04:00,163.2475677102336,164.6303453628702,158.38328200071132,158.6676788330078,84882400,0.0,0.0,AAPL,2026-01-26 06:13:30.296651+00:00
2022-04-25 00:00:00-04:00,158.01060452122857,160.02104538080667,155.40195017437114,159.7366485595703,96046400,0.0,0.0,AAPL,2026-01-26 06:13:30.296651+00:00
2022-04-26 00:00:00-04:00,159.1187908139756,159.207050342252,153.69551365548884,153.7739715576172,95623200,0.0,0.0,AAPL,2026-01-26 06:13:30.296651+00:00
2022-04-27 00:00:00-04:00,152.90114966122312,156.70626068843154,152.38137914765707,153.5484161376953,88063200,0.0,0.0,AAPL,2026-01-26 06:13:30.296651+00:00
2022-04-28 00:00:00-04:00,156.17667104674604,161.34497072445453,155.8628394699356,160.48194885253906,130216800,0.0,0.0,AAPL,2026-01-26 06:13:30.296651+00:00
2022-04-29 00:00:00-04:00,158.7167001847882,162.9925585964128,154.21528465651994,154.60755920410156,131747600,0.0,0.0,AAPL,2026-01-26 06:13:30.296651+00:00
2022-05-02 00:00:00-04:00,153.68571389859628,155.17636916422146,150.31209888761785,154.91159057617188,123055300,0.0,0.0,AAPL,2026-01-26 06:13:30.296651+00:00
2022-05-03 00:00:00-04:00,155.09788730053197,157.6084949183751,153.3032172904116,156.4022216796875,88966500,0.0,0.0,AAPL,2026-01-26 06:13:30.296651+00:00
2022-05-04 00:00:00-04:00,156.58858056796436,163.26715427373458,156.18648942865437,162.8160400390625,108256500,0.0,0.0,AAPL,2026-01-26 06:13:30.296651+00:00
2022-05-05 00:00:00-04:00,160.68790391798768,160.91346101284063,151.95965391653039,153.74453735351562,130525300,0.0,0.0,AAPL,2026-01-26 06:13:30.296651+00:00
2022-05-06 00:00:00-04:00,153.223988771511,156.59274408051633,151.42666686979732,154.4713134765625,116124600,0.23,0.0,AAPL,2026-01-26 06:13:30.296651+00:00
2022-05-09 00:00:00-04:00,152.16327128379606,153.04720818256274,148.78471498335946,149.3445281982422,131577900,0.0,0.0,AAPL,2026-01-26 06:13:30.296651+00:00
2022-05-10 00:00:00-04:00,152.7427360024197,153.94095050381605,150.19897670016442,151.75076293945312,115366700,0.0,0.0,AAPL,2026-01-26 06:13:30.296651+00:00
2022-05-11 00:00:00-04:00,150.75883036017825,152.67400468671187,143.20615431110124,143.8838348388672,142689800,0.0,0.0,AAPL,2026-01-26 06:13:30.296651+00:00
2022-05-12 00:00:00-04:00,140.22044713133192,143.58918770892123,136.32134136947613,140.01419067382812,182602000,0.0,0.0,AAPL,2026-01-26 06:13:30.296651+00:00
2022-05-13 00:00:00-04:00,142.00793811597927,145.45526685384394,140.55437184575726,144.48294067382812,113990900,0.0,0.0,AAPL,2026-01-26 06:13:30.296651+00:00
2022-05-16 00:00:00-04:00,142.95076423829784,144.88558508436643,141.60521957217642,142.94093322753906,86643800,0.0,0.0,AAPL,2026-01-26 06:13:30.296651+00:00
2022-05-17 00:00:00-04:00,146.2016865687997,147.0954395557584,144.06060880808,146.5749053955078,78336300,0.0,0.0,AAPL,2026-01-26 06:13:30.296651+00:00
2022-05-18 00:00:00-04:00,144.22761523431257,144.72850245560213,137.40171366939953,138.3052978515625,109742900,0.0,0.0,AAPL,2026-01-26 06:13:30.296651+00:00
2022-05-19 00:00:00-04:00,137.3820660685117,139.13027811714653,134.1606406090294,134.89724731445312,136095600,0.0,0.0,AAPL,2026-01-26 06:13:30.296651+00:00
2022-05-20 00:00:00-04:00,136.60614779257094,138.1873972505803,130.2418708685785,135.1329345703125,137426100,0.0,0.0,AAPL,2026-01-26 06:13:30.296651+00:00
2022-05-23 00:00:00-04:00,135.32939289148615,140.7017129465154,135.19189355677787,140.5543975830078,117726300,0.0,0.0,AAPL,2026-01-26 06:13:30.296651+00:00
2022-05-24 00:00:00-04:00,138.29544611720485,139.43473470985077,134.87759532556828,137.85348510742188,104132700,0.0,0.0,AAPL,2026-01-26 06:13:30.296651+00:00
2022-05-25 00:00:00-04:00,135.95793161918118,139.25792986661668,135.8695424217508,138.0106201171875,92482700,0.0,0.0,AAPL,2026-01-26 06:13:30.296651+00:00
2022-05-26 00:00:00-04:00,134.93651437290322,141.76239957025606,134.69097882633443,141.21240234375,90601500,0.0,0.0,AAPL,2026-01-26 06:13:30.296651+00:00
2022-05-27 00:00:00-04:00,142.79365382955837,147.00703727273068,142.66597054796807,146.96775817871094,90978500,0.0,0.0,AAPL,2026-01-26 06:13:30.296651+00:00
2022-05-31 00:00:00-04:00,146.40795612568894,147.9695587462053,144.21776806233134,146.1820526123047,103718400,0.0,0.0,AAPL,2026-01-26 06:13:30.296651+00:00
2022-06-01 00:00:00-04:00,147.2231036462002,149.03025660842948,145.04274685421817,146.0543670654297,74286600,0.0,0.0,AAPL,2026-01-26 06:13:30.296651+00:00
2022-06-02 00:00:00-04:00,145.1900596961789,148.5686307144866,144.23738071765732,148.50970458984375,72348100,0.0,0.0,AAPL,2026-01-26 06:13:30.296651+00:00
2022-06-03 00:00:00-04:00,144.27667399411106,145.32757327458623,141.8802597672709,142.78382873535156,88570300,0.0,0.0,AAPL,2026-01-26 06:13:30.296651+00:00
2022-06-06 00:00:00-04:00,144.4043487713543,145.9168559663355,142.31238134609404,143.53024291992188,71598400,0.0,0.0,AAPL,2026-01-26 06:13:30.296651+00:00
2022-06-07 00:00:00-04:00,141.77222665254513,146.33918169758047,141.52669111278408,146.0543670654297,67808200,0.0,0.0,AAPL,2026-01-26 06:13:30.296651+00:00
2022-06-08 00:00:00-04:00,145.92671828674779,147.19367537745603,144.82672360419159,145.3177947998047,53950200,0.0,0.0,AAPL,2026-01-26 06:13:30.296651+00:00
2022-06-09 00:00:00-04:00,144.45348753415902,145.3079465173713,139.98473718785118,140.0927734375,69473000,0.0,0.0,AAPL,2026-01-26 06:13:30.296651+00:00
2022-06-10 00:00:00-04:00,137.77489399581836,138.24631801246798,134.61239520262438,134.68115234375,91437900,0.0,0.0,AAPL,2026-01-26 06:13:30.296651+00:00
2022-06-13 00:00:00-04:00,130.49724415866797,132.78563754326257,129.09278784637604,129.52493286132812,122207100,0.0,0.0,AAPL,2026-01-26 06:13:30.296651+00:00
2022-06-14 00:00:00-04:00,130.75260877313121,131.49903152365633,129.1320649915738,130.3892059326172,84784300,0.0,0.0,AAPL,2026-01-26 06:13:30.296651+00:00
2022-06-15 00:00:00-04:00,131.89187879778933,134.8874157174927,129.79992595411264,133.0115203857422,91533000,0.0,0.0,AAPL,2026-01-26 06:13:30.296651+00:00
2022-06-16 00:00:00-04:00,129.72133518143346,130.0257968459268,126.7356146942801,127.7374038696289,108123900,0.0,0.0,AAPL,2026-01-26 06:13:30.296651+00:00
2022-06-17 00:00:00-04:00,127.74724995941777,130.70349274398822,127.49188338256819,129.21063232421875,134520300,0.0,0.0,AAPL,2026-01-26 06:13:30.296651+00:00
2022-06-21 00:00:00-04:00,131.0373890350951,134.61238545733227,130.93918382298145,133.44363403320312,81000500,0.0,0.0,AAPL,2026-01-26 06:13:30.296651+00:00
2022-06-22 00:00:00-04:00,132.38292546422988,135.29988866486136,131.51865061736427,132.9329376220703,73409200,0.0,0.0,AAPL,2026-01-26 06:13:30.296651+00:00
2022-06-23 00:00:00-04:00,134.37672361512418,136.11510478571114,133.20797181999205,135.8008270263672,72433800,0.0,0.0,AAPL,2026-01-26 06:13:30.296651+00:00
2022-06-24 00:00:00-04:00,137.4017296684532,139.37584568343823,137.27406133422164,139.13031005859375,89116800,0.0,0.0,AAPL,2026-01-26 06:13:30.296651+00:00
2022-06-27 00:00:00-04:00,140.15173166397253,140.92763263081204,138.45262933621413,139.13031005859375,70207900,0.0,0.0,AAPL,2026-01-26 06:13:30.296651+00:00
2022-06-28 00:00:00-04:00,139.59187553155968,140.85883237422544,134.86777395244602,134.98562622070312,67083400,0.0,0.0,AAPL,2026-01-26 06:13:30.296651+00:00
2022-06-29 00:00:00-04:00,135.0052865296894,138.15795490582852,134.22938572393656,136.74366760253906,66242400,0.0,0.0,AAPL,2026-01-26 06:13:30.296651+00:00
2022-06-30 00:00:00-04:00,134.7990223471169,135.89901685954254,131.38117155043633,134.2784881591797,98964500,0.0,0.0,AAPL,2026-01-26 06:13:30.296651+00:00
2022-07-01 00:00:00-04:00,133.6105999003664,136.55702609474315,133.2373961064284,136.44898986816406,71051600,0.0,0.0,AAPL,2026-01-26 06:13:30.296651+00:00
2022-07-05 00:00:00-04:00,135.30974606974897,139.08116882706545,134.4847351652157,139.0320587158203,73353800,0.0,0.0,AAPL,2026-01-26 06:13:30.296651+00:00
2022-07-06 00:00:00-04:00,138.8258268991265,141.54635041323854,138.56064426897342,140.36778259277344,74064300,0.0,0.0,AAPL,2026-01-26 06:13:30.296651+00:00
2022-07-07 00:00:00-04:00,140.73115856961377,143.93295194501385,140.72134254203155,143.7365264892578,66253700,0.0,0.0,AAPL,2026-01-26 06:13:30.296651+00:00
2022-07-08 00:00:00-04:00,142.66597262808202,144.91508669074653,142.41062104747897,144.4141845703125,64547800,0.0,0.0,AAPL,2026-01-26 06:13:30.296651+00:00
2022-07-11 00:00:00-04:00,143.0686451840122,144.02132426836204,141.2123971200697,142.28292846679688,63141600,0.0,0.0,AAPL,2026-01-26 06:13:30.296651+00:00
2022-07-12 00:00:00-04:00,143.15702881773996,145.7989934962315,142.45971631070495,143.2552490234375,77588800,0.0,0.0,AAPL,2026-01-26 06:13:30.296651+00:00
2022-07-13 00:00:00-04:00,140.43653568039218,143.8347397140172,139.5820616716197,142.8918914794922,71185600,0.0,0.0,AAPL,2026-01-26 06:13:30.296651+00:00
2022-07-14 00:00:00-04:00,141.50706056941064,146.29008864591398,140.69188068401962,145.81866455078125,78140700,0.0,0.0,AAPL,2026-01-26 06:13:30.296651+00:00
2022-07-15 00:00:00-04:00,147.10529207782946,148.16600770138874,145.55350523889854,147.4883270263672,76259900,0.0,0.0,AAPL,2026-01-26 06:13:30.296651+00:00
2022-07-18 00:00:00-04:00,148.04814036588357,148.86332029894717,144.08027695642463,144.4436798095703,81420900,0.0,0.0,AAPL,2026-01-26 06:13:30.296651+00:00
2022-07-19 00:00:00-04:00,145.27848208027842,148.52937058051154,144.286523787425,148.30348205566406,82982400,0.0,0.0,AAPL,2026-01-26 06:13:30.296651+00:00
2022-07-20 00:00:00-04:00,148.4213562417651,150.97493250294357,147.6847494340756,150.30706787109375,64823400,0.0,0.0,AAPL,2026-01-26 06:13:30.296651+00:00
2022-07-21 00:00:00-04:00,151.74096357554814,152.79186287917176,149.22668204614965,152.57579040527344,65086600,0.0,0.0,AAPL,2026-01-26 06:13:30.296651+00:00
2022-07-22 00:00:00-04:00,152.61507520531072,153.48918116011728,150.67043785379852,151.33828735351562,66675400,0.0,0.0,AAPL,2026-01-26 06:13:30.296651+00:00
2022-07-25 00:00:00-04:00,151.2597268643066,152.27133221190695,149.56062491925485,150.21865844726562,53623900,0.0,0.0,AAPL,2026-01-26 06:13:30.296651+00:00
2022-07-26 00:00:00-04:00,149.54097900815464,150.3561589035467,148.10705966352916,148.8927764892578,55138700,0.0,0.0,AAPL,2026-01-26 06:13:30.296651+00:00
2022-07-27 00:00:00-04:00,149.8552563235132,154.5204317003286,149.4427584043403,153.9900665283203,78620700,0.0,0.0,AAPL,2026-01-26 06:13:30.296651+00:00
2022-07-28 00:00:00-04:00,154.17666680263463,154.82488420275592,151.65256933071927,154.54006958007812,81378700,0.0,0.0,AAPL,2026-01-26 06:13:30.296651+00:00
2022-07-29 00:00:00-04:00,158.36064587550854,160.70796561063992,156.65171270547043,159.6079559326172,101786900,0.0,0.0,AAPL,2026-01-26 06:13:30.296651+00:00
2022-08-01 00:00:00-04:00,158.1347223194791,160.66865118760447,158.01687004208316,158.62579345703125,67829400,0.0,0.0,AAPL,2026-01-26 06:13:30.296651+00:00
2022-08-02 00:00:00-04:00,157.24099208938756,159.50973846034333,156.7793839981374,157.152587890625,59907000,0.0,0.0,AAPL,2026-01-26 06:13:30.296651+00:00
2022-08-03 00:00:00-04:00,157.96775857743674,163.61507661089456,157.87936937014717,163.16329956054688,82507500,0.0,0.0,AAPL,2026-01-26 06:13:30.296651+00:00
2022-08-04 00:00:00-04:00,163.0454244700845,164.20436008201335,161.49363796486168,162.8489990234375,55474100,0.0,0.0,AAPL,2026-01-26 06:13:30.296651+00:00
2022-08-05 00:00:00-04:00,160.5181295866614,163.11458658503176,160.31158658363523,162.62283325195312,56697000,0.23,0.0,AAPL,2026-01-26 06:13:30.296651+00:00
2022-08-08 00:00:00-04:00,163.62598619996888,165.04223808745311,161.49177870542815,162.15072631835938,60276900,0.0,0.0,AAPL,2026-01-26 06:13:30.296651+00:00
2022-08-09 00:00:00-04:00,161.31474028979756,163.08505499075815,160.55743608300256,162.19989013671875,63135500,0.0,0.0,AAPL,2026-01-26 06:13:30.296651+00:00
2022-08-10 00:00:00-04:00,164.91437134851807,166.54699582568117,164.14723743893427,166.4486541748047,70170500,0.0,0.0,AAPL,2026-01-26 06:13:30.296651+00:00
2022-08-11 00:00:00-04:00,167.25511117853088,168.1697800173322,165.41595884571527,165.7110137939453,57149200,0.0,0.0,AAPL,2026-01-26 06:13:30.296651+00:00
2022-08-12 00:00:00-04:00,167.01906593388134,169.33029699566112,166.60598003496278,169.26145935058594,68039400,0.0,0.0,AAPL,2026-01-26 06:13:30.296651+00:00
2022-08-15 00:00:00-04:00,168.6910268994302,170.5301791193321,168.52383260735886,170.33348083496094,54091700,0.0,0.0,AAPL,2026-01-26 06:13:30.296651+00:00
2022-08-16 00:00:00-04:00,169.93025557179138,170.84492444042124,168.82873307006977,170.17613220214844,56377100,0.0,0.0,AAPL,2026-01-26 06:13:30.296651+00:00
2022-08-17 00:00:00-04:00,169.92042587693876,173.24466771389544,169.72372757411412,171.6710662841797,79542000,0.0,0.0,AAPL,2026-01-26 06:13:30.296651+00:00
2022-08-18 00:00:00-04:00,170.88425233332873,172.01527879196829,170.26463844345383,171.27764892578125,62290100,0.0,0.0,AAPL,2026-01-26 06:13:30.296651+00:00
2022-08-19 00:00:00-04:00,170.1761294599256,170.8744256820194,168.48449706975865,168.6910400390625,70346300,0.0,0.0,AAPL,2026-01-26 06:13:30.296651+00:00
2022-08-22 00:00:00-04:00,166.89121173091766,167.05840602639253,164.38326728455968,164.80618286132812,69026800,0.0,0.0,AAPL,2026-01-26 06:13:30.296651+00:00
2022-08-23 00:00:00-04:00,164.32425128292837,165.92737151886493,163.90133572678997,164.47177124023438,54147100,0.0,0.0,AAPL,2026-01-26 06:13:30.296651+00:00
2022-08-24 00:00:00-04:00,164.5603177384026,165.33728128422243,163.5079585610888,164.766845703125,53841500,0.0,0.0,AAPL,2026-01-26 06:13:30.296651+00:00
2022-08-25 00:00:00-04:00,165.9962181286182,167.33378750652878,165.57331755675585,167.22560119628906,51218200,0.0,0.0,AAPL,2026-01-26 06:13:30.296651+00:00
2022-08-26 00:00:00-04:00,167.75672364191396,168.22880259575382,160.86233294904275,160.9213409423828,78961000,0.0,0.0,AAPL,2026-01-26 06:13:30.296651+00:00
2022-08-29 00:00:00-04:00,158.49204445005722,160.2131805859094,157.18399419307175,158.71826171875,73314000,0.0,0.0,AAPL,2026-01-26 06:13:30.296651+00:00
2022-08-30 00:00:00-04:00,159.45587762112265,159.87877811715921,155.1186113343407,156.2889862060547,77906200,0.0,0.0,AAPL,2026-01-26 06:13:30.296651+00:00
2022-08-31 00:00:00-04:00,157.665923552681,157.93147450788678,154.54820976951913,154.62689208984375,87991100,0.0,0.0,AAPL,2026-01-26 06:13:30.296651+00:00
2022-09-01 00:00:00-04:00,154.05643966038986,155.8070798264191,152.11893087993334,155.35467529296875,74229900,0.0,0.0,AAPL,2026-01-26 06:13:30.296651+00:00
2022-09-02 00:00:00-04:00,157.11516076913463,157.71510032446895,152.41400097767612,153.24014282226562,76957800,0.0,0.0,AAPL,2026-01-26 06:13:30.296651+00:00
2022-09-06 00:00:00-04:00,153.88925181756636,154.4990209999667,151.15510515135455,151.9812469482422,73714800,0.0,0.0,AAPL,2026-01-26 06:13:30.296651+00:00
2022-09-07 00:00:00-04:00,152.26648324611122,154.08596126340717,151.07643378022465,153.38768005371094,87449600,0.0,0.0,AAPL,2026-01-26 06:13:30.296651+00:00
2022-09-08 00:00:00-04:00,152.08943851032333,153.78107082360773,150.1617592438652,151.91241455078125,84923800,0.0,0.0,AAPL,2026-01-26 06:13:30.296651+00:00
2022-09-09 00:00:00-04:00,152.90572755463288,155.21697339109355,152.19760180929663,154.77438354492188,68028800,0.0,0.0,AAPL,2026-01-26 06:13:30.296651+00:00
2022-09-12 00:00:00-04:00,156.9577752421011,161.55074810883656,156.6725650029193,160.73443603515625,104956000,0.0,0.0,AAPL,2026-01-26 06:13:30.296651+00:00
2022-09-13 00:00:00-04:00,157.26269006575274,157.89213365235918,150.84039354694787,151.30264282226562,122656600,0.0,0.0,AAPL,2026-01-26 06:13:30.296651+00:00
2022-09-14 00:00:00-04:00,152.23698543372632,154.5088983666351,151.07645480780434,152.7484130859375,87965400,0.0,0.0,AAPL,2026-01-26 06:13:30.296651+00:00
2022-09-15 00:00:00-04:00,152.0992970318854,152.67957735931762,148.88324109971128,149.85690307617188,90481100,0.0,0.0,AAPL,2026-01-26 06:13:30.296651+00:00
2022-09-16 00:00:00-04:00,148.71601438946803,148.85370468985187,145.92284471335466,148.21441650390625,162278800,0.0,0.0,AAPL,2026-01-26 06:13:30.296651+00:00
2022-09-19 00:00:00-04:00,146.84734147012324,152.0107501857091,146.64081352548533,151.93206787109375,81474200,0.0,0.0,AAPL,2026-01-26 06:13:30.296651+00:00
2022-09-20 00:00:00-04:00,150.86984679116625,155.47266366315733,150.55513260728992,154.31211853027344,107689800,0.0,0.0,AAPL,2026-01-26 06:13:30.296651+00:00
2022-09-21 00:00:00-04:00,154.74492033364538,156.12183853779936,151.06661536137307,151.18463134765625,101696800,0.0,0.0,AAPL,2026-01-26 06:13:30.296651+00:00
2022-09-22 00:00:00-04:00,149.866686053737,151.92221049911942,148.42093067650654,150.2207489013672,86652500,0.0,0.0,AAPL,2026-01-26 06:13:30.296651+00:00
2022-09-23 00:00:00-04:00,148.69634230303134,148.97172290795524,146.10971554201328,147.94886779785156,96029900,0.0,0.0,AAPL,2026-01-26 06:13:30.296651+00:00
2022-09-26 00:00:00-04:00,147.19160174855077,151.23381448556898,147.171927414505,148.28329467773438,93339400,0.0,0.0,AAPL,2026-01-26 06:13:30.296651+00:00
2022-09-27 00:00:00-04:00,150.22077457787657,152.16811306913462,147.47678328794686,149.25692749023438,84442700,0.0,0.0,AAPL,2026-01-26 06:13:30.296651+00:00
2022-09-28 00:00:00-04:00,145.20489532446575,148.1554147485666,142.45107419388137,147.3686065673828,146691400,0.0,0.0,AAPL,2026-01-26 06:13:30.296651+00:00
2022-09-29 00:00:00-04:00,143.69029304650877,144.30006222073425,138.3596750779143,140.12998962402344,128138200,0.0,0.0,AAPL,2026-01-26 06:13:30.296651+00:00
2022-09-30 00:00:00-04:00,138.9497950371784,140.739784043771,135.72389496609006,135.92059326171875,124925300,0.0,0.0,AAPL,2026-01-26 06:13:30.296651+00:00
2022-10-03 00:00:00-04:00,135.93042173003832,140.71026327900083,135.4189942166646,140.10047912597656,114311700,0.0,0.0,AAPL,2026-01-26 06:13:30.296651+00:00
2022-10-04 00:00:00-04:00,142.6379484443843,143.80832359652302,141.88064422703837,143.6903076171875,87830100,0.0,0.0,AAPL,2026-01-26 06:13:30.296651+00:00
2022-10-05 00:00:00-04:00,141.6937945288243,144.94919877755754,140.65126498965273,143.9853515625,79471000,0.0,0.0,AAPL,2026-01-26 06:13:30.296651+00:00
2022-10-06 00:00:00-04:00,143.40509411965112,145.1065563258667,142.82482883069895,143.03135681152344,68402200,0.0,0.0,AAPL,2026-01-26 06:13:30.296651+00:00
2022-10-07 00:00:00-04:00,140.18900681575843,140.73978304959337,137.1499753994762,137.7794189453125,85925600,0.0,0.0,AAPL,2026-01-26 06:13:30.296651+00:00
2022-10-10 00:00:00-04:00,138.10398864746094,139.54974448383035,136.28451052504542,138.10398864746094,74899000,0.0,0.0,AAPL,2026-01-26 06:13:30.296651+00:00
2022-10-11 00:00:00-04:00,137.5925684188842,139.01866500579177,135.9402845213117,136.687744140625,77033700,0.0,0.0,AAPL,2026-01-26 06:13:30.296651+00:00
2022-10-12 00:00:00-04:00,136.83523643828954,138.04494498633176,135.88123412590454,136.05825805664062,70433700,0.0,0.0,AAPL,2026-01-26 06:13:30.296651+00:00
2022-10-13 00:00:00-04:00,132.76355465182596,141.22170198168052,132.1537703856876,140.63160705566406,113224000,0.0,0.0,AAPL,2026-01-26 06:13:30.296651+00:00
2022-10-14 00:00:00-04:00,141.9298435333937,142.13638653487928,135.91078758368462,136.09765625,88598000,0.0,0.0,AAPL,2026-01-26 06:13:30.296651+00:00
2022-10-17 00:00:00-04:00,138.7432621845146,140.5430657827838,137.95645402263972,140.0611572265625,85250900,0.0,0.0,AAPL,2026-01-26 06:13:30.296651+00:00
2022-10-18 00:00:00-04:00,143.09033465697712,144.2803688565933,138.29081918893948,141.3790283203125,99136600,0.0,0.0,AAPL,2026-01-26 06:13:30.296651+00:00
2022-10-19 00:00:00-04:00,139.35300632169043,142.5592313713911,139.16613772854905,141.48721313476562,61758300,0.0,0.0,AAPL,2026-01-26 06:13:30.296651+00:00
2022-10-20 00:00:00-04:00,140.6611013003117,143.4837601022304,140.29719369702107,141.02499389648438,64522000,0.0,0.0,AAPL,2026-01-26 06:13:30.296651+00:00
2022-10-21 00:00:00-04:00,140.51355110159543,145.41142365797057,140.29717849836038,144.8409881591797,86548600,0.0,0.0,AAPL,2026-01-26 06:13:30.296651+00:00
2022-10-24 00:00:00-04:00,144.7622969983835,147.75214959476102,143.59192208164805,146.98501586914062,75981900,0.0,0.0,AAPL,2026-01-26 06:13:30.296651+00:00
2022-10-25 00:00:00-04:00,147.61445761698823,149.97488175167828,146.89650221681083,149.8273468017578,74732300,0.0,0.0,AAPL,2026-01-26 06:13:30.296651+00:00
2022-10-26 00:00:00-04:00,148.4701495749658,149.48316008121265,145.598297355203,146.88670349121094,88194300,0.0,0.0,AAPL,2026-01-26 06:13:30.296651+00:00
2022-10-27 00:00:00-04:00,145.62778239087538,146.59161434532078,141.75276523834512,142.41171264648438,109180200,0.0,0.0,AAPL,2026-01-26 06:13:30.296651+00:00
2022-10-28 00:00:00-04:00,145.75566287950778,154.90227649289278,145.3819406077306,153.1713104248047,164762400,0.0,0.0,AAPL,2026-01-26 06:13:30.296651+00:00
2022-10-31 00:00:00-04:00,150.63384336153183,151.6960320711127,149.41429002672785,150.8108673095703,97943200,0.0,0.0,AAPL,2026-01-26 06:13:30.296651+00:00
2022-11-01 00:00:00-04:00,152.52217870801033,152.8860712842191,146.6703184608035,148.1652374267578,80379300,0.0,0.0,AAPL,2026-01-26 06:13:30.296651+00:00
2022-11-02 00:00:00-04:00,146.49328294195223,149.66017491618842,142.60843546015093,142.637939453125,93604600,0.0,0.0,AAPL,2026-01-26 06:13:30.296651+00:00
2022-11-03 00:00:00-04:00,139.7169294177421,140.44472962212055,136.4615253404881,136.58938598632812,97918500,0.0,0.0,AAPL,2026-01-26 06:13:30.296651+00:00
2022-11-04 00:00:00-04:00,139.97824816387146,140.5496299805745,132.38284296255216,136.32339477539062,140814800,0.23,0.0,AAPL,2026-01-26 06:13:30.296651+00:00
2022-11-07 00:00:00-05:00,135.07226465763827,137.08193945756335,133.6536636073325,136.85536193847656,83374600,0.0,0.0,AAPL,2026-01-26 06:13:30.296651+00:00
2022-11-08 00:00:00-05:00,138.32322168629616,139.3280515614897,135.44662070693448,137.42674255371094,89908500,0.0,0.0,AAPL,2026-01-26 06:13:30.296651+00:00
2022-11-09 00:00:00-05:00,136.4416418330912,136.49090174990351,132.589747831419,132.86558532714844,74917800,0.0,0.0,AAPL,2026-01-26 06:13:30.296651+00:00
2022-11-10 00:00:00-05:00,139.14090816003963,144.68722534179688,137.42676248525757,144.68722534179688,118854000,0.0,0.0,AAPL,2026-01-26 06:13:30.296651+00:00
2022-11-11 00:00:00-05:00,143.6528333928847,147.7805490726991,142.2243712372686,147.47515869140625,93979700,0.0,0.0,AAPL,2026-01-26 06:13:30.296651+00:00
2022-11-14 00:00:00-05:00,146.75602639191197,148.04655491917902,145.23890527483894,146.07627868652344,73374100,0.0,0.0,AAPL,2026-01-26 06:13:30.296651+00:00
2022-11-15 00:00:00-05:00,149.9576976256643,151.3073317859871,146.35208917690562,147.81008911132812,89868300,0.0,0.0,AAPL,2026-01-26 06:13:30.296651+00:00
2022-11-16 00:00:00-05:00,146.9136479496193,147.64264051462695,145.10098244243153,146.5786895751953,64218300,0.0,0.0,AAPL,2026-01-26 06:13:30.296651+00:00
2022-11-17 00:00:00-05:00,144.2537602517047,149.22871050736455,143.97792279490108,148.48001098632812,80389400,0.0,0.0,AAPL,2026-01-26 06:13:30.296651+00:00
2022-11-18 00:00:00-05:00,150.0463641188946,150.4305673318375,147.74114484123723,149.04151916503906,74829600,0.0,0.0,AAPL,2026-01-26 06:13:30.296651+00:00
2022-11-21 00:00:00-05:00,147.928327968664,148.1351985339266,145.52458880647748,145.81027221679688,58724100,0.0,0.0,AAPL,2026-01-26 06:13:30.296651+00:00
2022-11-22 00:00:00-05:00,145.92847743972578,148.18443654711209,144.74629997055138,147.947998046875,51804100,0.0,0.0,AAPL,2026-01-26 06:13:30.296651+00:00
2022-11-23 00:00:00-05:00,147.22887996484198,149.5735133563615,147.1205141770319,148.82481384277344,58301400,0.0,0.0,AAPL,2026-01-26 06:13:30.296651+00:00
2022-11-25 00:00:00-05:00,146.10580754336945,146.66734339247978,144.9334909730617,145.90878295898438,35195900,0.0,0.0,AAPL,2026-01-26 06:13:30.296651+00:00
2022-11-28 00:00:00-05:00,142.9829242489195,144.46063120272478,141.24908683464577,142.07659912109375,69246000,0.0,0.0,AAPL,2026-01-26 06:13:30.296651+00:00
2022-11-29 00:00:00-05:00,142.14555568748492,142.65783165746328,138.2641245866872,139.07192993164062,83763800,0.0,0.0,AAPL,2026-01-26 06:13:30.296651+00:00
2022-11-30 00:00:00-05:00,139.29850181511986,146.50971891238402,138.4611435666205,145.82997131347656,111380900,0.0,0.0,AAPL,2026-01-26 06:13:30.296651+00:00
2022-12-01 00:00:00-05:00,146.00729966926298,146.9136247638141,144.43107296360157,146.10580444335938,71250400,0.0,0.0,AAPL,2026-01-26 06:13:30.296651+00:00
2022-12-02 00:00:00-05:00,143.79073931676461,145.80041408602733,143.48533393064037,145.6132354736328,65447400,0.0,0.0,AAPL,2026-01-26 06:13:30.296651+00:00
2022-12-05 00:00:00-05:00,145.5738317516645,148.67701012513257,143.60355595085647,144.45077514648438,68826400,0.0,0.0,AAPL,2026-01-26 06:13:30.296651+00:00
2022-12-06 00:00:00-05:00,144.8842493657544,145.11082689130228,139.81077976944414,140.78607177734375,64727200,0.0,0.0,AAPL,2026-01-26 06:13:30.296651+00:00
2022-12-07 00:00:00-05:00,140.07677467327488,141.23923029830829,137.91932004741116,138.84535217285156,69721100,0.0,0.0,AAPL,2026-01-26 06:13:30.296651+00:00
2022-12-08 00:00:00-05:00,140.24423909407787,141.38700272319693,139.00297068921475,140.52992248535156,62128300,0.0,0.0,AAPL,2026-01-26 06:13:30.296651+00:00
2022-12-09 00:00:00-05:00,140.22452830407295,143.40653461732074,138.80592729031733,140.04721069335938,76097000,0.0,0.0,AAPL,2026-01-26 06:13:30.296651+00:00
2022-12-12 00:00:00-05:00,140.5791698825673,142.352421040337,138.96354439037955,142.3425750732422,70462700,0.0,0.0,AAPL,2026-01-26 06:13:30.296651+00:00
2022-12-13 00:00:00-05:00,147.27813419846305,147.7411502710795,142.0963136174533,143.3080291748047,93886200,0.0,0.0,AAPL,2026-01-26 06:13:30.296651+00:00
2022-12-14 00:00:00-05:00,143.18982946326526,144.4803579746899,139.0620984014011,141.08163452148438,82291200,0.0,0.0,AAPL,2026-01-26 06:13:30.296651+00:00
2022-12-15 00:00:00-05:00,139.01283101163355,139.69257867211073,134.00832790749715,134.47134399414062,98931900,0.0,0.0,AAPL,2026-01-26 06:13:30.296651+00:00
2022-12-16 00:00:00-05:00,134.65848772833485,135.6042115944849,131.74247323835098,132.51087951660156,160156900,0.0,0.0,AAPL,2026-01-26 06:13:30.296651+00:00
2022-12-19 00:00:00-05:00,133.10199344508453,133.1906522558453,129.36832710470327,130.4027099609375,79592600,0.0,0.0,AAPL,2026-01-26 06:13:30.296651+00:00
2022-12-20 00:00:00-05:00,129.43726118544186,131.2696181831246,127.95955441414964,130.333740234375,77432800,0.0,0.0,AAPL,2026-01-26 06:13:30.296651+00:00
2022-12-21 00:00:00-05:00,131.003643429146,134.7767236692483,130.77706590433928,133.4369354248047,85928000,0.0,0.0,AAPL,2026-01-26 06:13:30.296651+00:00
2022-12-22 00:00:00-05:00,132.35327292045574,132.56014344596582,128.36346171921937,130.2647705078125,77852100,0.0,0.0,AAPL,2026-01-26 06:13:30.296651+00:00
2022-12-23 00:00:00-05:00,128.974266934376,130.4519739547497,127.71329147955147,129.90029907226562,63814900,0.0,0.0,AAPL,2026-01-26 06:13:30.296651+00:00
2022-12-27 00:00:00-05:00,129.42743066905106,129.45698360544398,126.80696007412172,128.0974884033203,69007800,0.0,0.0,AAPL,2026-01-26 06:13:30.296651+00:00
2022-12-28 00:00:00-05:00,127.7428420402377,129.08263031505834,123.99932216789122,124.16679382324219,85438400,0.0,0.0,AAPL,2026-01-26 06:13:30.296651+00:00
2022-12-29 00:00:00-05:00,126.08779735057679,128.54078860997595,125.83166690884427,127.68372344970703,75703700,0.0,0.0,AAPL,2026-01-26 06:13:30.296651+00:00
2022-12-30 00:00:00-05:00,126.50157113096991,128.01867700022572,125.53613260725537,127.99897003173828,77034200,0.0,0.0,AAPL,2026-01-26 06:13:30.296651+00:00
2023-01-03 00:00:00-05:00,128.3437644584535,128.9545451464431,122.32457128587431,123.21119689941406,112117500,0.0,0.0,AAPL,2026-01-26 06:13:30.296651+00:00
2023-01-04 00:00:00-05:00,125.00415469022626,126.74785308207225,123.22105739420844,124.4820327758789,89113600,0.0,0.0,AAPL,2026-01-26 06:13:30.296651+00:00
2023-01-05 00:00:00-05:00,125.24058317585433,125.87107085400619,122.90581107632524,123.16194152832031,80962700,0.0,0.0,AAPL,2026-01-26 06:13:30.296651+00:00
2023-01-06 00:00:00-05:00,124.1372097536294,128.35359059730803,123.0338527698974,127.69355010986328,87754700,0.0,0.0,AAPL,2026-01-26 06:13:30.296651+00:00
2023-01-09 00:00:00-05:00,128.530949601707,131.4272575812406,127.95956778658704,128.2156982421875,70790800,0.0,0.0,AAPL,2026-01-26 06:13:30.296651+00:00
2023-01-10 00:00:00-05:00,128.3240932303102,129.30923140505178,126.21589813764389,128.787109375,63896200,0.0,0.0,AAPL,2026-01-26 06:13:30.296651+00:00
2023-01-11 00:00:00-05:00,129.29935853420528,131.52576493439358,128.52110615216108,131.50607299804688,69458900,0.0,0.0,AAPL,2026-01-26 06:13:30.296651+00:00
2023-01-12 00:00:00-05:00,131.89027740511193,132.26461961526783,129.48653833184324,131.42726135253906,71379600,0.0,0.0,AAPL,2026-01-26 06:13:30.296651+00:00
2023-01-13 00:00:00-05:00,130.06777940104425,132.91482784880117,129.70328312196565,132.7572021484375,57809700,0.0,0.0,AAPL,2026-01-26 06:13:30.296651+00:00
2023-01-17 00:00:00-05:00,132.82615869144374,135.24958975985854,132.1365650960417,133.91966247558594,63646600,0.0,0.0,AAPL,2026-01-26 06:13:30.296651+00:00
2023-01-18 00:00:00-05:00,134.78658853017248,136.5499789381121,133.02318309021993,133.2005157470703,69672800,0.0,0.0,AAPL,2026-01-26 06:13:30.296651+00:00
2023-01-19 00:00:00-05:00,132.08729648616435,134.22504400705918,131.78190613060963,133.25961303710938,58280400,0.0,0.0,AAPL,2026-01-26 06:13:30.296651+00:00
2023-01-20 00:00:00-05:00,133.26946486486585,135.9687483442848,132.22522101014553,135.8209686279297,80223600,0.0,0.0,AAPL,2026-01-26 06:13:30.296651+00:00
2023-01-23 00:00:00-05:00,136.06723455139834,141.1899633789221,135.85050302260262,139.01280212402344,81760300,0.0,0.0,AAPL,2026-01-26 06:13:30.296651+00:00
2023-01-24 00:00:00-05:00,138.22472018745663,141.03236969957698,138.21487421828232,140.41172790527344,66435100,0.0,0.0,AAPL,2026-01-26 06:13:30.296651+00:00
2023-01-25 00:00:00-05:00,138.7960933961296,140.31319931491353,136.74700453490559,139.75167846679688,65799300,0.0,0.0,AAPL,2026-01-26 06:13:30.296651+00:00
2023-01-26 00:00:00-05:00,141.04218251884544,142.10613318815084,139.79105325512376,141.82044982910156,54105100,0.0,0.0,AAPL,2026-01-26 06:13:30.296651+00:00
2023-01-27 00:00:00-05:00,141.03233324940567,145.04183634112735,140.95352042033858,143.7611541748047,70555800,0.0,0.0,AAPL,2026-01-26 06:13:30.296651+00:00
2023-01-30 00:00:00-05:00,142.8056023172103,143.38683009380475,140.7269606636837,140.87472534179688,64015300,0.0,0.0,AAPL,2026-01-26 06:13:30.296651+00:00
2023-01-31 00:00:00-05:00,140.57918779657314,142.19481349464007,140.16543164570373,142.1455535888672,65874500,0.0,0.0,AAPL,2026-01-26 06:13:30.296651+00:00
2023-02-01 00:00:00-05:00,141.83032262446247,144.43108640849707,139.21971287170524,143.26861572265625,77663600,0.0,0.0,AAPL,2026-01-26 06:13:30.296651+00:00
2023-02-02 00:00:00-05:00,146.68702845858084,148.9331416858034,145.96788199485025,148.57850646972656,118339000,0.0,0.0,AAPL,2026-01-26 06:13:30.296651+00:00
2023-02-03 00:00:00-05:00,145.8299825944814,155.0410292646019,145.632957993241,152.20382690429688,154357300,0.0,0.0,AAPL,2026-01-26 06:13:30.296651+00:00
2023-02-06 00:00:00-05:00,150.30250288074524,150.82462478693864,148.53909754834626,149.4749755859375,69858300,0.0,0.0,AAPL,2026-01-26 06:13:30.296651+00:00
2023-02-07 00:00:00-05:00,148.4011799958932,152.9229595728958,148.4011799958932,152.35157775878906,83322600,0.0,0.0,AAPL,2026-01-26 06:13:30.296651+00:00
2023-02-08 00:00:00-05:00,151.59304759782992,152.28264122485135,148.92331687434466,149.66217041015625,64120100,0.0,0.0,AAPL,2026-01-26 06:13:30.296651+00:00
2023-02-09 00:00:00-05:00,151.49451696275133,152.0363458567265,148.18445275739066,148.6277618408203,56007100,0.0,0.0,AAPL,2026-01-26 06:13:30.296651+00:00
2023-02-10 00:00:00-05:00,147.46354505272012,149.31842209117474,147.226745512614,148.99282836914062,57450700,0.23,0.0,AAPL,2026-01-26 06:13:30.296651+00:00
2023-02-13 00:00:00-05:00,148.9336202674222,152.19940317198714,148.90402220916044,151.79489135742188,62199000,0.0,0.0,AAPL,2026-01-26 06:13:30.296651+00:00
2023-02-14 00:00:00-05:00,150.08798919443248,151.71595766811416,148.8448255867729,151.153564453125,61707600,0.0,0.0,AAPL,2026-01-26 06:13:30.296651+00:00
2023-02-15 00:00:00-05:00,151.0647500944972,153.42282376103753,150.83782666059355,153.25509643554688,65573800,0.0,0.0,AAPL,2026-01-26 06:13:30.296651+00:00
2023-02-16 00:00:00-05:00,151.45944356730615,154.24178188706213,151.3015922520093,151.6567840576172,68167900,0.0,0.0,AAPL,2026-01-26 06:13:30.296651+00:00
2023-02-17 00:00:00-05:00,150.31494264074843,150.9562540378776,148.83497936586727,150.51226806640625,59144100,0.0,0.0,AAPL,2026-01-26 06:13:30.296651+00:00
2023-02-21 00:00:00-05:00,148.19363813923312,149.27895045459564,146.42755543146694,146.49661254882812,58867200,0.0,0.0,AAPL,2026-01-26 06:13:30.296651+00:00
2023-02-22 00:00:00-05:00,146.88142431742384,147.9469997349945,145.19427453082793,146.9208984375,51011300,0.0,0.0,AAPL,2026-01-26 06:13:30.296651+00:00
2023-02-23 00:00:00-05:00,148.0851281966049,148.3317887532872,145.27320688340583,147.4043426513672,48394200,0.0,0.0,AAPL,2026-01-26 06:13:30.296651+00:00
2023-02-24 00:00:00-05:00,145.14491019093927,145.22384336023686,143.77347836618958,144.75025939941406,55469600,0.0,0.0,AAPL,2026-01-26 06:13:30.296651+00:00
2023-02-27 00:00:00-05:00,145.73692063205627,147.1774097603546,145.48038403430326,145.94410705566406,44998500,0.0,0.0,AAPL,2026-01-26 06:13:30.296651+00:00
2023-02-28 00:00:00-05:00,145.08571098317904,147.08859306462728,144.8686485359811,145.44090270996094,50547000,0.0,0.0,AAPL,2026-01-26 06:13:30.296651+00:00
2023-03-01 00:00:00-05:00,144.86865768902635,145.26330849706878,143.0729618860178,143.36895751953125,55479000,0.0,0.0,AAPL,2026-01-26 06:13:30.296651+00:00
2023-03-02 00:00:00-05:00,142.4514066454644,144.7502847940671,141.97780754659183,143.96096801757812,52238100,0.0,0.0,AAPL,2026-01-26 06:13:30.296651+00:00
2023-03-03 00:00:00-05:00,146.06247767198354,149.09147589261863,145.36197027021535,149.01254272460938,70732300,0.0,0.0,AAPL,2026-01-26 06:13:30.296651+00:00
2023-03-06 00:00:00-05:00,151.7356876269036,154.21216902598104,151.41010897005816,151.77516174316406,87558000,0.0,0.0,AAPL,2026-01-26 06:13:30.296651+00:00
2023-03-07 00:00:00-05:00,151.64687511738626,151.9724687898397,149.11121296034582,149.57493591308594,56182000,0.0,0.0,AAPL,2026-01-26 06:13:30.296651+00:00
2023-03-08 00:00:00-05:00,150.76879154793838,151.41997901042942,149.80188641133856,150.82798767089844,47204800,0.0,0.0,AAPL,2026-01-26 06:13:30.296651+00:00
2023-03-09 00:00:00-05:00,151.50874285646216,152.47564779944702,148.22322319539091,148.5784149169922,53833600,0.0,0.0,AAPL,2026-01-26 06:13:30.296651+00:00
2023-03-10 00:00:00-05:00,148.20352210122027,148.92376664622063,145.63824652167983,146.516357421875,68572400,0.0,0.0,AAPL,2026-01-26 06:13:30.296651+00:00
2023-03-13 00:00:00-04:00,145.83558063473313,151.09438534791173,145.72704939093524,148.46005249023438,84457100,0.0,0.0,AAPL,2026-01-26 06:13:30.296651+00:00
2023-03-14 00:00:00-04:00,149.25922844223368,151.35090505544113,148.0949978910982,150.55172729492188,73695900,0.0,0.0,AAPL,2026-01-26 06:13:30.296651+00:00
2023-03-15 00:00:00-04:00,149.17042182051847,151.20290214198522,147.91738213550175,150.94638061523438,77167900,0.0,0.0,AAPL,2026-01-26 06:13:30.296651+00:00
2023-03-16 00:00:00-04:00,150.1274764543104,154.37004080347904,149.6144183096525,153.7681884765625,76161100,0.0,0.0,AAPL,2026-01-26 06:13:30.296651+00:00
2023-03-17 00:00:00-04:00,153.99507952206918,154.64626683139153,152.21912097617263,152.92950439453125,98944600,0.0,0.0,AAPL,2026-01-26 06:13:30.296651+00:00
2023-03-20 00:00:00-04:00,152.99862213932042,155.71188834819753,152.09089801379864,155.2974853515625,73641400,0.0,0.0,AAPL,2026-01-26 06:13:30.296651+00:00
2023-03-21 00:00:00-04:00,155.21856391429898,157.2707665184009,154.44896911905354,157.15237426757812,73938300,0.0,0.0,AAPL,2026-01-26 06:13:30.296651+00:00
2023-03-22 00:00:00-04:00,157.17209056471103,159.97415053377057,155.7019884063488,155.7217254638672,75701800,0.0,0.0,AAPL,2026-01-26 06:13:30.296651+00:00
2023-03-23 00:00:00-04:00,156.7083516682842,159.39201912983532,155.57370432805416,156.8070068359375,67622100,0.0,0.0,AAPL,2026-01-26 06:13:30.296651+00:00
2023-03-24 00:00:00-04:00,156.73795839634036,158.1981844310787,155.74145533462084,158.10939025878906,59196500,0.0,0.0,AAPL,2026-01-26 06:13:30.296651+00:00
2023-03-27 00:00:00-04:00,157.8035399490982,158.62245469903792,155.76118357485748,156.16571044921875,52390300,0.0,0.0,AAPL,2026-01-26 06:13:30.296651+00:00
2023-03-28 00:00:00-04:00,155.85989171084594,156.3729499432233,153.8964680337441,155.54415893554688,45992200,0.0,0.0,AAPL,2026-01-26 06:13:30.296651+00:00
2023-03-29 00:00:00-04:00,157.24115895998125,158.89872564622954,157.2214369560123,158.62246704101562,51305700,0.0,0.0,AAPL,2026-01-26 06:13:30.296651+00:00
2023-03-30 00:00:00-04:00,159.37229315696538,160.2997391161816,159.11577163727372,160.1912078857422,49501700,0.0,0.0,AAPL,2026-01-26 06:13:30.296651+00:00
2023-03-31 00:00:00-04:00,160.2701196173958,162.79592058248787,159.7472005920429,162.69725036621094,68749800,0.0,0.0,AAPL,2026-01-26 06:13:30.296651+00:00
2023-04-03 00:00:00-04:00,162.07570339841976,164.06870961825848,162.02636828199599,163.9503173828125,56976200,0.0,0.0,AAPL,2026-01-26 06:13:30.296651+00:00
2023-04-04 00:00:00-04:00,164.37458557847017,164.61137005549932,162.90448337873613,163.41754150390625,46278300,0.0,0.0,AAPL,2026-01-26 06:13:30.296651+00:00
2023-04-05 00:00:00-04:00,162.53942989245922,162.84528654392068,159.63869962188485,161.572509765625,51511700,0.0,0.0,AAPL,2026-01-26 06:13:30.296651+00:00
2023-04-06 00:00:00-04:00,160.26025717712315,162.75647535534287,159.83600833200663,162.46047973632812,45390100,0.0,0.0,AAPL,2026-01-26 06:13:30.296651+00:00
2023-04-10 00:00:00-04:00,159.26376357061562,159.86561584472656,157.94166678976978,159.86561584472656,47716900,0.0,0.0,AAPL,2026-01-26 06:13:30.296651+00:00
2023-04-11 00:00:00-04:00,160.1813521100088,160.19121311129285,158.36591919116847,158.6520538330078,47644200,0.0,0.0,AAPL,2026-01-26 06:13:30.296651+00:00
2023-04-12 00:00:00-04:00,159.06644488688698,159.89522066020655,157.64567781550258,157.96141052246094,50133100,0.0,0.0,AAPL,2026-01-26 06:13:30.296651+00:00
2023-04-13 00:00:00-04:00,159.4709538117945,163.58524921058068,159.26375236431844,163.34844970703125,68445600,0.0,0.0,AAPL,2026-01-26 06:13:30.296651+00:00
2023-04-14 00:00:00-04:00,162.39141498863978,164.0983166124722,161.63171143290737,163.00314331054688,49386500,0.0,0.0,AAPL,2026-01-26 06:13:30.296651+00:00
2023-04-17 00:00:00-04:00,162.8847588763579,163.18075455042484,161.83892054229136,163.02288818359375,41516200,0.0,0.0,AAPL,2026-01-26 06:13:30.296651+00:00
2023-04-18 00:00:00-04:00,163.88125462301093,165.1737533320214,163.4372536454433,164.24630737304688,49923000,0.0,0.0,AAPL,2026-01-26 06:13:30.296651+00:00
2023-04-19 00:00:00-04:00,163.58522120174732,165.91369656227008,163.32868468641865,165.39077758789062,47720200,0.0,0.0,AAPL,2026-01-26 06:13:30.296651+00:00
2023-04-20 00:00:00-04:00,163.8713720291843,165.62759364761484,163.34845295487423,164.42388916015625,52456400,0.0,0.0,AAPL,2026-01-26 06:13:30.296651+00:00
2023-04-21 00:00:00-04:00,162.84527188495923,164.22656472043278,162.2927547507698,162.815673828125,58337300,0.0,0.0,AAPL,2026-01-26 06:13:30.296651+00:00
2023-04-24 00:00:00-04:00,162.79595779149312,163.387949114539,161.70078438233358,163.12155151367188,41949600,0.0,0.0,AAPL,2026-01-26 06:13:30.296651+00:00
2023-04-25 00:00:00-04:00,162.9834429707489,164.08847752254871,161.54293859718135,161.58241271972656,48714100,0.0,0.0,AAPL,2026-01-26 06:13:30.296651+00:00
2023-04-26 00:00:00-04:00,160.8818632857178,163.07221001839787,160.625341751742,161.572509765625,45498800,0.0,0.0,AAPL,2026-01-26 06:13:30.296651+00:00
2023-04-27 00:00:00-04:00,162.98341161052969,166.3083906842776,162.98341161052969,166.160400390625,64902300,0.0,0.0,AAPL,2026-01-26 06:13:30.296651+00:00
2023-04-28 00:00:00-04:00,166.23931504498196,167.58114875947356,165.63746282624027,167.4134063720703,55275900,0.0,0.0,AAPL,2026-01-26 06:13:30.296651+00:00
2023-05-01 00:00:00-04:00,167.0187740939811,168.17314354860417,166.387323749872,167.3246307373047,52472900,0.0,0.0,AAPL,2026-01-26 06:13:30.296651+00:00
2023-05-02 00:00:00-04:00,167.81794875664258,168.07448533412125,165.30200842691818,166.2886505126953,48425700,0.0,0.0,AAPL,2026-01-26 06:13:30.296651+00:00
2023-05-03 00:00:00-04:00,167.23583030731814,168.6368602354505,164.92709148440827,165.2132110595703,65136000,0.0,0.0,AAPL,2026-01-26 06:13:30.296651+00:00
2023-05-04 00:00:00-04:00,162.68742177323023,164.8086963510818,162.11516752574818,163.5753936767578,81235400,0.0,0.0,AAPL,2026-01-26 06:13:30.296651+00:00
2023-05-05 00:00:00-04:00,168.6960655683585,171.97172463520235,168.4790030974248,171.25148010253906,113453200,0.0,0.0,AAPL,2026-01-26 06:13:30.296651+00:00
2023-05-08 00:00:00-04:00,170.1760547498472,171.52776489899594,169.81100192703093,171.18243408203125,55962800,0.0,0.0,AAPL,2026-01-26 06:13:30.296651+00:00
2023-05-09 00:00:00-04:00,170.73842563937583,171.22187065365208,169.3077975448434,169.47552490234375,45326900,0.0,0.0,AAPL,2026-01-26 06:13:30.296651+00:00
2023-05-10 00:00:00-04:00,170.7088427451169,171.70534597701706,169.6037932108191,171.2416229248047,53724500,0.0,0.0,AAPL,2026-01-26 06:13:30.296651+00:00
2023-05-11 00:00:00-04:00,171.5277626550589,172.25786829114014,169.87019583226564,171.42909240722656,49514700,0.0,0.0,AAPL,2026-01-26 06:13:30.296651+00:00
2023-05-12 00:00:00-04:00,171.5377460938216,171.97247152405595,168.94917294661113,170.50035095214844,45533100,0.24,0.0,AAPL,2026-01-26 06:13:30.296651+00:00
2023-05-15 00:00:00-04:00,171.0832561601379,171.13265951386708,169.41352230428424,170.00633239746094,37266700,0.0,0.0,AAPL,2026-01-26 06:13:30.296651+00:00
2023-05-16 00:00:00-04:00,169.92729004665156,171.0634918034888,169.73956634795272,170.00633239746094,42110300,0.0,0.0,AAPL,2026-01-26 06:13:30.296651+00:00
2023-05-17 00:00:00-04:00,169.65065404284252,170.8560084675657,168.37611683004315,170.618896484375,57951600,0.0,0.0,AAPL,2026-01-26 06:13:30.296651+00:00
2023-05-18 00:00:00-04:00,170.92517510124802,173.13831574371522,170.51021405749552,172.95059204101562,65496700,0.0,0.0,AAPL,2026-01-26 06:13:30.296651+00:00
2023-05-19 00:00:00-04:00,174.27452457823847,174.27452457823847,172.84191768629904,173.0592803955078,55809500,0.0,0.0,AAPL,2026-01-26 06:13:30.296651+00:00
2023-05-22 00:00:00-04:00,171.89341610998645,172.61467191708667,171.36977372037438,172.11077880859375,43570900,0.0,0.0,AAPL,2026-01-26 06:13:30.296651+00:00
2023-05-23 00:00:00-04:00,171.05361929309908,171.300620989034,169.22580071286586,169.50244140625,50747300,0.0,0.0,AAPL,2026-01-26 06:13:30.296651+00:00
2023-05-24 00:00:00-04:00,169.03806296692736,170.35211368921475,168.47490698639612,169.77906799316406,45143500,0.0,0.0,AAPL,2026-01-26 06:13:30.296651+00:00
2023-05-25 00:00:00-04:00,170.34225271987503,171.81437317497037,169.63088663153601,170.91529846191406,56058300,0.0,0.0,AAPL,2026-01-26 06:13:30.296651+00:00
2023-05-26 00:00:00-04:00,171.24135456411133,173.6619683326656,171.03386649216068,173.32603454589844,54835000,0.0,0.0,AAPL,2026-01-26 06:13:30.296651+00:00
2023-05-30 00:00:00-04:00,174.83771102645838,176.8433638660441,174.4523889310648,175.1736297607422,55964400,0.0,0.0,AAPL,2026-01-26 06:13:30.296651+00:00
2023-05-31 00:00:00-04:00,175.20326416230037,177.19904230758075,174.64009299685546,175.1242218017578,99625300,0.0,0.0,AAPL,2026-01-26 06:13:30.296651+00:00
2023-06-01 00:00:00-04:00,175.56880955803746,177.95978426232014,174.8080400825605,177.93014526367188,68901800,0.0,0.0,AAPL,2026-01-26 06:13:30.296651+00:00
2023-06-02 00:00:00-04:00,178.8588732872537,179.5998784017098,177.11009699591673,178.7798309326172,61996900,0.0,0.0,AAPL,2026-01-26 06:13:30.296651+00:00
2023-06-05 00:00:00-04:00,180.43967788018574,182.7318457046313,175.90471543246178,177.42625427246094,121946500,0.0,0.0,AAPL,2026-01-26 06:13:30.296651+00:00
2023-06-06 00:00:00-04:00,177.81159450251565,177.95978950011875,175.30204865399,177.0607147216797,64848400,0.0,0.0,AAPL,2026-01-26 06:13:30.296651+00:00
2023-06-07 00:00:00-04:00,176.29992201473482,179.03670485789638,175.19335930953716,175.68736267089844,61944600,0.0,0.0,AAPL,2026-01-26 06:13:30.296651+00:00
2023-06-08 00:00:00-04:00,175.76641213704826,178.67115468077665,175.3317017878174,178.40440368652344,50214900,0.0,0.0,AAPL,2026-01-26 06:13:30.296651+00:00
2023-06-09 00:00:00-04:00,179.3232356709596,180.04447641965535,178.46367457216073,178.7897186279297,48900000,0.0,0.0,AAPL,2026-01-26 06:13:30.296651+00:00
2023-06-12 00:00:00-04:00,179.09598823299092,181.68456110008822,178.7995831921066,181.58575439453125,54274900,0.0,0.0,AAPL,2026-01-26 06:13:30.296651+00:00
2023-06-13 00:00:00-04:00,180.60761800920864,181.94141793661493,180.25193501340996,181.1114959716797,54929100,0.0,0.0,AAPL,2026-01-26 06:13:30.296651+00:00
2023-06-14 00:00:00-04:00,181.17080494588566,182.1785761189824,179.8370047903456,181.7438507080078,57462900,0.0,0.0,AAPL,2026-01-26 06:13:30.296651+00:00
2023-06-15 00:00:00-04:00,181.7537423543279,184.28303741690132,181.57589328622848,183.77914428710938,65433200,0.0,0.0,AAPL,2026-01-26 06:13:30.296651+00:00
2023-06-16 00:00:00-04:00,184.490530124381,184.74742157511324,182.06004151498252,182.70223999023438,101256200,0.0,0.0,AAPL,2026-01-26 06:13:30.296651+00:00
2023-06-20 00:00:00-04:00,182.1983578536973,183.86809194337903,182.1983578536973,182.79115295410156,49799100,0.0,0.0,AAPL,2026-01-26 06:13:30.296651+00:00
2023-06-21 00:00:00-04:00,182.68243679920374,183.18632987573855,180.40014368436258,181.75372314453125,49515700,0.0,0.0,AAPL,2026-01-26 06:13:30.296651+00:00
2023-06-22 00:00:00-04:00,181.53639657516283,184.80669706223912,181.46722885451086,184.75729370117188,51245300,0.0,0.0,AAPL,2026-01-26 06:13:30.296651+00:00
2023-06-23 00:00:00-04:00,183.32464848206732,185.31053654650353,182.7911164149862,184.4410858154297,53117000,0.0,0.0,AAPL,2026-01-26 06:13:30.296651+00:00
2023-06-26 00:00:00-04:00,184.58929217864656,185.79466154962324,183.00847544024853,183.04800415039062,48088700,0.0,0.0,AAPL,2026-01-26 06:13:30.296651+00:00
2023-06-27 00:00:00-04:00,183.66059237854205,186.13060949863421,183.4432296659109,185.8045654296875,50730800,0.0,0.0,AAPL,2026-01-26 06:13:30.296651+00:00
2023-06-28 00:00:00-04:00,185.67609428855022,187.62246871870772,185.35006534003824,186.9802703857422,51216800,0.0,0.0,AAPL,2026-01-26 06:13:30.296651+00:00
2023-06-29 00:00:00-04:00,186.81231462111722,187.79044671269003,186.67399428172388,187.31619262695312,46347300,0.0,0.0,AAPL,2026-01-26 06:13:30.296651+00:00
2023-06-30 00:00:00-04:00,189.33174450555188,192.14755478947328,188.9661717445866,191.6436767578125,85213200,0.0,0.0,AAPL,2026-01-26 06:13:30.296651+00:00
2023-07-03 00:00:00-04:00,191.45597092726317,191.5547776450248,189.46019281962833,190.1518096923828,31458200,0.0,0.0,AAPL,2026-01-26 06:13:30.296651+00:00
2023-07-05 00:00:00-04:00,189.27248168829453,190.66555990536892,188.33386310926684,189.0353546142578,46920300,0.0,0.0,AAPL,2026-01-26 06:13:30.296651+00:00
2023-07-06 00:00:00-04:00,187.56320791106293,189.7170705815605,186.9308841600135,189.50958251953125,45094300,0.0,0.0,AAPL,2026-01-26 06:13:30.296651+00:00
2023-07-07 00:00:00-04:00,189.11439856972888,190.3592817984136,187.9584323411384,188.3931427001953,46815000,0.0,0.0,AAPL,2026-01-26 06:13:30.296651+00:00
2023-07-10 00:00:00-04:00,186.9901598095207,187.71141562141005,184.79678352776446,186.34796142578125,59922200,0.0,0.0,AAPL,2026-01-26 06:13:30.296651+00:00
2023-07-11 00:00:00-04:00,186.8913900886379,187.02971045254367,184.36209481962464,185.8243408203125,46638100,0.0,0.0,AAPL,2026-01-26 06:13:30.296651+00:00
2023-07-12 00:00:00-04:00,187.4051170053163,189.4008949030878,186.2096372553674,187.49404907226562,60750200,0.0,0.0,AAPL,2026-01-26 06:13:30.296651+00:00
2023-07-13 00:00:00-04:00,188.2153081360164,188.897035286273,187.5039419858172,188.25482177734375,41342300,0.0,0.0,AAPL,2026-01-26 06:13:30.296651+00:00
2023-07-14 00:00:00-04:00,187.94851016296312,188.88711351202284,187.35571518892922,188.4029998779297,41616200,0.0,0.0,AAPL,2026-01-26 06:13:30.296651+00:00
2023-07-17 00:00:00-04:00,189.59849130268125,191.9894809296959,189.50957431242833,191.66343688964844,50520200,0.0,0.0,AAPL,2026-01-26 06:13:30.296651+00:00
2023-07-18 00:00:00-04:00,191.03110761046918,191.9993499863452,190.11225351055063,191.4065399169922,48288200,0.0,0.0,AAPL,2026-01-26 06:13:30.296651+00:00
2023-07-19 00:00:00-04:00,190.78413334726974,195.8525983579603,190.3395181934612,192.76014709472656,80507300,0.0,0.0,AAPL,2026-01-26 06:13:30.296651+00:00
2023-07-20 00:00:00-04:00,192.7502360363635,194.1136901954007,190.19130213491889,190.81375122070312,59581200,0.0,0.0,AAPL,2026-01-26 06:13:30.296651+00:00
2023-07-21 00:00:00-04:00,191.77212935032986,192.63169045749675,188.93653953192955,189.63803100585938,71951700,0.0,0.0,AAPL,2026-01-26 06:13:30.296651+00:00
2023-07-24 00:00:00-04:00,191.09041212625252,192.57242242955687,189.9443205401746,190.43832397460938,45377800,0.0,0.0,AAPL,2026-01-26 06:13:30.296651+00:00
2023-07-25 00:00:00-04:00,191.01136672601527,192.10805493602857,190.60628029804008,191.29788208007812,37283200,0.0,0.0,AAPL,2026-01-26 06:13:30.296651+00:00
2023-07-26 00:00:00-04:00,191.34729559890386,193.2936704090035,191.00150222741644,192.16734313964844,47471900,0.0,0.0,AAPL,2026-01-26 06:13:30.296651+00:00
2023-07-27 00:00:00-04:00,193.66911704133602,194.83495794865564,190.24073188727883,190.90269470214844,47460200,0.0,0.0,AAPL,2026-01-26 06:13:30.296651+00:00
2023-07-28 00:00:00-04:00,192.3352927070371,194.27179277672036,191.8116502798051,193.48138427734375,48291400,0.0,0.0,AAPL,2026-01-26 06:13:30.296651+00:00
2023-07-31 00:00:00-04:00,193.70862628447964,194.13347708185938,192.91821776612247,194.0939483642578,38824100,0.0,0.0,AAPL,2026-01-26 06:13:30.296651+00:00
2023-08-01 00:00:00-04:00,193.8864872822275,194.37060103419574,192.93799398672795,193.2640380859375,35175100,0.0,0.0,AAPL,2026-01-26 06:13:30.296651+00:00
2023-08-02 00:00:00-04:00,192.7008744670283,192.83919484099656,189.54914486905233,190.2703857421875,50389300,0.0,0.0,AAPL,2026-01-26 06:13:30.296651+00:00
2023-08-03 00:00:00-04:00,189.27247006657564,190.06286344658966,188.40301925761534,188.87725830078125,61235200,0.0,0.0,AAPL,2026-01-26 06:13:30.296651+00:00
2023-08-04 00:00:00-04:00,183.295020485719,185.13271368389906,179.73819007769725,179.80735778808594,115956800,0.0,0.0,AAPL,2026-01-26 06:13:30.296651+00:00
2023-08-07 00:00:00-04:00,179.94570917112617,180.93371611312844,175.22303719441848,176.70504760742188,97576100,0.0,0.0,AAPL,2026-01-26 06:13:30.296651+00:00
2023-08-08 00:00:00-04:00,177.5349496271552,178.10799539743132,175.45025461361834,177.6436309814453,67823000,0.0,0.0,AAPL,2026-01-26 06:13:30.296651+00:00
2023-08-09 00:00:00-04:00,178.70079919463467,178.76007719518685,174.88709204262926,176.05294799804688,60378500,0.0,0.0,AAPL,2026-01-26 06:13:30.296651+00:00
2023-08-10 00:00:00-04:00,177.3274869053262,178.58225997951547,175.47004405168224,175.83560180664062,54686900,0.0,0.0,AAPL,2026-01-26 06:13:30.296651+00:00
2023-08-11 00:00:00-04:00,175.42993638319382,176.71606748177,174.66813966002076,175.89491271972656,52036700,0.24,0.0,AAPL,2026-01-26 06:13:30.296651+00:00
2023-08-14 00:00:00-04:00,176.0730260741773,177.77469387045335,175.42005736478495,177.54714965820312,43675600,0.0,0.0,AAPL,2026-01-26 06:13:30.296651+00:00
2023-08-15 00:00:00-04:00,176.97334414092546,177.56693975444728,175.1628480821964,175.55857849121094,43622600,0.0,0.0,AAPL,2026-01-26 06:13:30.296651+00:00
2023-08-16 00:00:00-04:00,175.24198634047178,176.63694575843348,174.61869664349865,174.68795776367188,46964900,0.0,0.0,AAPL,2026-01-26 06:13:30.296651+00:00
2023-08-17 00:00:00-04:00,175.25187020963352,175.6179215615527,171.6308784010705,172.1453399658203,66062900,0.0,0.0,AAPL,2026-01-26 06:13:30.296651+00:00
2023-08-18 00:00:00-04:00,170.46346761685473,173.23362560342792,170.12709527960956,172.630126953125,61172200,0.0,0.0,AAPL,2026-01-26 06:13:30.296651+00:00
2023-08-21 00:00:00-04:00,173.2039318191006,174.2526308376999,171.88810651020768,173.96571350097656,46311900,0.0,0.0,AAPL,2026-01-26 06:13:30.296651+00:00
2023-08-22 00:00:00-04:00,175.17272569654475,175.78611232307705,174.3713618531986,175.34091186523438,42038900,0.0,0.0,AAPL,2026-01-26 06:13:30.296651+00:00
2023-08-23 00:00:00-04:00,176.6171452729967,179.61484705303545,176.42916808280543,179.18942260742188,52722800,0.0,0.0,AAPL,2026-01-26 06:13:30.296651+00:00
2023-08-24 00:00:00-04:00,178.74423570753817,179.16966018527063,174.13390304899033,174.49996948242188,54945800,0.0,0.0,AAPL,2026-01-26 06:13:30.296651+00:00
2023-08-25 00:00:00-04:00,175.4893068451812,177.2404295003986,173.9459373407173,176.70619201660156,51449600,0.0,0.0,AAPL,2026-01-26 06:13:30.296651+00:00
2023-08-28 00:00:00-04:00,178.17040801110178,178.6650784859593,176.64682959084442,178.26934814453125,43820700,0.0,0.0,AAPL,2026-01-26 06:13:30.296651+00:00
2023-08-29 00:00:00-04:00,177.78457014737916,182.9291401969668,177.58670497165372,182.15745544433594,53003900,0.0,0.0,AAPL,2026-01-26 06:13:30.296651+00:00
2023-08-30 00:00:00-04:00,182.9687204884091,185.84770631972717,182.77085531463172,185.6498260498047,60813900,0.0,0.0,AAPL,2026-01-26 06:13:30.296651+00:00
2023-08-31 00:00:00-04:00,185.83782890921285,187.10418431162185,185.4816655087761,185.8675079345703,60794500,0.0,0.0,AAPL,2026-01-26 06:13:30.296651+00:00
2023-09-01 00:00:00-04:00,187.47020025759275,187.8956095704914,186.27309120494724,187.44052124023438,45766500,0.0,0.0,AAPL,2026-01-26 06:13:30.296651+00:00
2023-09-05 00:00:00-04:00,186.27311615331163,187.95499277883354,185.61025951662367,187.677978515625,45280000,0.0,0.0,AAPL,2026-01-26 06:13:30.296651+00:00
2023-09-06 00:00:00-04:00,186.39186127990337,186.83707686156265,179.53573455303794,180.96038818359375,81755800,0.0,0.0,AAPL,2026-01-26 06:13:30.296651+00:00
2023-09-07 00:00:00-04:00,173.31276751432003,176.3104849506932,171.69024870609164,175.6674041748047,112488800,0.0,0.0,AAPL,2026-01-26 06:13:30.296651+00:00
2023-09-08 00:00:00-04:00,176.44896296342043,178.31881673909905,175.89491935539235,176.28076171875,65551300,0.0,0.0,AAPL,2026-01-26 06:13:30.296651+00:00
2023-09-11 00:00:00-04:00,178.15063513987275,178.37817933531872,175.44972343125323,177.4481964111328,58953100,0.0,0.0,AAPL,2026-01-26 06:13:30.296651+00:00
2023-09-12 00:00:00-04:00,177.57682236385347,178.2100000030001,172.95660168355545,174.4208221435547,90370200,0.0,0.0,AAPL,2026-01-26 06:13:30.296651+00:00
2023-09-13 00:00:00-04:00,174.6285913393108,175.41017925863045,172.1255595752841,172.35311889648438,84267900,0.0,0.0,AAPL,2026-01-26 06:13:30.296651+00:00
2023-09-14 00:00:00-04:00,172.14533201670497,174.22295413122683,171.72981061302968,173.86679077148438,60895800,0.0,0.0,AAPL,2026-01-26 06:13:30.296651+00:00
2023-09-15 00:00:00-04:00,174.5989096220804,174.61870067060727,171.96727382158934,173.1445770263672,109259500,0.0,0.0,AAPL,2026-01-26 06:13:30.296651+00:00
2023-09-18 00:00:00-04:00,174.59892009061713,177.46801845316108,174.29222675272314,176.0730438232422,67257600,0.0,0.0,AAPL,2026-01-26 06:13:30.296651+00:00
2023-09-19 00:00:00-04:00,175.6278039585389,177.71531389898738,175.2419616044344,177.16128540039062,51826900,0.0,0.0,AAPL,2026-01-26 06:13:30.296651+00:00
2023-09-20 00:00:00-04:00,177.3492658362857,177.78457830053213,173.5304088946865,173.6194610595703,58436200,0.0,0.0,AAPL,2026-01-26 06:13:30.296651+00:00
2023-09-21 00:00:00-04:00,172.6894667209782,174.42081339229338,172.00681904661934,172.07606506347656,63149100,0.0,0.0,AAPL,2026-01-26 06:13:30.296651+00:00
2023-09-22 00:00:00-04:00,172.80817906033587,175.19249433338604,172.19479251227028,172.92689514160156,56725400,0.0,0.0,AAPL,2026-01-26 06:13:30.296651+00:00
2023-09-25 00:00:00-04:00,172.34317461316155,175.0836530194257,172.2937045509844,174.20314025878906,46172700,0.0,0.0,AAPL,2026-01-26 06:13:30.296651+00:00
2023-09-26 00:00:00-04:00,172.95660640862047,173.3325457352886,169.83028512536117,170.12709045410156,64588900,0.0,0.0,AAPL,2026-01-26 06:13:30.296651+00:00
2023-09-27 00:00:00-04:00,170.7800319235512,171.19555331579562,167.24809254140138,168.61337280273438,66921800,0.0,0.0,AAPL,2026-01-26 06:13:30.296651+00:00
2023-09-28 00:00:00-04:00,167.53500431517824,170.19633406818943,165.83333655703308,168.87062072753906,56294400,0.0,0.0,AAPL,2026-01-26 06:13:30.296651+00:00
2023-09-29 00:00:00-04:00,170.18643455541363,171.22524557281096,168.52433390834895,169.38507080078125,51861100,0.0,0.0,AAPL,2026-01-26 06:13:30.296651+00:00
2023-10-02 00:00:00-04:00,169.39496352748424,172.4421355524603,169.10804618991,171.8979949951172,52164500,0.0,0.0,AAPL,2026-01-26 06:13:30.296651+00:00
2023-10-03 00:00:00-04:00,170.42390128992824,171.7793089326026,168.9992627128071,170.56240844726562,49594600,0.0,0.0,AAPL,2026-01-26 06:13:30.296651+00:00
2023-10-04 00:00:00-04:00,169.26634637027362,172.3531005247124,169.14763028223018,171.8089599609375,53020300,0.0,0.0,AAPL,2026-01-26 06:13:30.296651+00:00
2023-10-05 00:00:00-04:00,171.93755168454948,173.57986123329636,170.83938266052527,173.04562377929688,48527900,0.0,0.0,AAPL,2026-01-26 06:13:30.296651+00:00
2023-10-06 00:00:00-04:00,171.94748866333921,176.09283034712797,171.33408690716874,175.59815979003906,57266700,0.0,0.0,AAPL,2026-01-26 06:13:30.296651+00:00
2023-10-09 00:00:00-04:00,174.9253669894116,177.1414961017949,173.92613808717138,177.08213806152344,42390800,0.0,0.0,AAPL,2026-01-26 06:13:30.296651+00:00
2023-10-10 00:00:00-04:00,176.20163840129018,177.80436599291428,176.05322819338144,176.48854064941406,43698000,0.0,0.0,AAPL,2026-01-26 06:13:30.296651+00:00
2023-10-11 00:00:00-04:00,176.300562769531,177.9329844734106,175.70696722860302,177.88351440429688,47551100,0.0,0.0,AAPL,2026-01-26 06:13:30.296651+00:00
2023-10-12 00:00:00-04:00,178.1506510638416,180.39644439001881,177.13161588848607,178.78382873535156,56743100,0.0,0.0,AAPL,2026-01-26 06:13:30.296651+00:00
2023-10-13 00:00:00-04:00,179.48624788964275,179.9908063804386,176.24121051823693,176.9436492919922,51427100,0.0,0.0,AAPL,2026-01-26 06:13:30.296651+00:00
2023-10-16 00:00:00-04:00,174.86599970937266,177.1711657603602,174.6285524646888,176.81500244140625,52517000,0.0,0.0,AAPL,2026-01-26 06:13:30.296651+00:00
2023-10-17 00:00:00-04:00,174.7670787756051,176.51821654411026,172.93680701299223,175.26174926757812,57549400,0.0,0.0,AAPL,2026-01-26 06:13:30.296651+00:00
2023-10-18 00:00:00-04:00,173.70849028197048,175.68717223288098,173.2434988158149,173.96571350097656,54764400,0.0,0.0,AAPL,2026-01-26 06:13:30.296651+00:00
2023-10-19 00:00:00-04:00,174.16358722416024,175.9444040866048,173.32265641144056,173.58978271484375,59302900,0.0,0.0,AAPL,2026-01-26 06:13:30.296651+00:00
2023-10-20 00:00:00-04:00,173.44138408316581,173.55021220691836,170.79984518424126,171.03729248046875,64244000,0.0,0.0,AAPL,2026-01-26 06:13:30.296651+00:00
2023-10-23 00:00:00-04:00,169.08827156264798,172.15521956196545,168.11870652701532,171.15599060058594,55980100,0.0,0.0,AAPL,2026-01-26 06:13:30.296651+00:00
2023-10-24 00:00:00-04:00,171.2054814250168,171.81886808001443,169.62252961684246,171.59132385253906,43816600,0.0,0.0,AAPL,2026-01-26 06:13:30.296651+00:00
2023-10-25 00:00:00-04:00,170.04792986204652,171.21534495437086,168.83102960610762,169.2762451171875,57157000,0.0,0.0,AAPL,2026-01-26 06:13:30.296651+00:00
2023-10-26 00:00:00-04:00,168.55401686361284,169.55326090861308,163.90411730631092,165.11111450195312,70625300,0.0,0.0,AAPL,2026-01-26 06:13:30.296651+00:00
2023-10-27 00:00:00-04:00,165.13089150916355,167.1590433521086,165.05174242645685,166.4269256591797,58499100,0.0,0.0,AAPL,2026-01-26 06:13:30.296651+00:00
2023-10-30 00:00:00-04:00,167.218431744534,169.3455090048735,167.07002152646473,168.47488403320312,51131000,0.0,0.0,AAPL,2026-01-26 06:13:30.296651+00:00
2023-10-31 00:00:00-04:00,167.54492077929578,169.07838740239757,166.1103641120373,168.9497833251953,44846000,0.0,0.0,AAPL,2026-01-26 06:13:30.296651+00:00
2023-11-01 00:00:00-04:00,169.1773175299865,172.37288485640974,168.3066925856151,172.11566162109375,56934900,0.0,0.0,AAPL,2026-01-26 06:13:30.296651+00:00
2023-11-02 00:00:00-04:00,173.64913976332178,175.88504503012373,173.58978171760563,175.6772918701172,77334800,0.0,0.0,AAPL,2026-01-26 06:13:30.296651+00:00
2023-11-03 00:00:00-04:00,172.38278939451087,174.93529110628108,171.5022764668811,174.76708984375,79829200,0.0,0.0,AAPL,2026-01-26 06:13:30.296651+00:00
2023-11-06 00:00:00-05:00,174.49998235165765,177.51746053122469,174.3317961816863,177.31959533691406,63841300,0.0,0.0,AAPL,2026-01-26 06:13:30.296651+00:00
2023-11-07 00:00:00-05:00,177.27014385798356,180.4954057385132,177.06239066581773,179.88201904296875,70530000,0.0,0.0,AAPL,2026-01-26 06:13:30.296651+00:00
2023-11-08 00:00:00-05:00,180.40632954214095,181.4945955371222,179.65442075331012,180.94056701660156,49340300,0.0,0.0,AAPL,2026-01-26 06:13:30.296651+00:00
2023-11-09 00:00:00-05:00,181.00982351508927,182.15744752284814,179.87207238589124,180.46568298339844,53763500,0.0,0.0,AAPL,2026-01-26 06:13:30.296651+00:00
2023-11-10 00:00:00-05:00,182.24886906112522,184.82455079604722,181.81298306450438,184.6561279296875,66133400,0.24,0.0,AAPL,2026-01-26 06:13:30.296651+00:00
2023-11-13 00:00:00-05:00,184.0815522328342,184.28957909475855,182.4866141219331,183.0710906982422,43627500,0.0,0.0,AAPL,2026-01-26 06:13:30.296651+00:00
2023-11-14 00:00:00-05:00,185.94394820695575,186.35011603301572,184.55705211313364,185.68638610839844,60108400,0.0,0.0,AAPL,2026-01-26 06:13:30.296651+00:00
2023-11-15 00:00:00-05:00,186.09256123667055,187.72711849110286,186.02320887124122,186.2510528564453,53790500,0.0,0.0,AAPL,2026-01-26 06:13:30.296651+00:00
2023-11-16 00:00:00-05:00,187.79646053927942,189.1734556093977,186.88505441646575,187.93515014648438,54412900,0.0,0.0,AAPL,2026-01-26 06:13:30.296651+00:00
2023-11-17 00:00:00-05:00,188.47010270019993,188.5988913131576,186.80582731444395,187.91534423828125,50922700,0.0,0.0,AAPL,2026-01-26 06:13:30.296651+00:00
2023-11-20 00:00:00-05:00,188.11348674243894,190.11459289941732,188.10358573904105,189.6588897705078,46505100,0.0,0.0,AAPL,2026-01-26 06:13:30.296651+00:00
2023-11-21 00:00:00-05:00,189.61926104331656,189.72823253932046,187.9648865974642,188.85646057128906,38134500,0.0,0.0,AAPL,2026-01-26 06:13:30.296651+00:00
2023-11-22 00:00:00-05:00,189.69852651247717,191.12504193836494,189.04469749475615,189.52020263671875,39617700,0.0,0.0,AAPL,2026-01-26 06:13:30.296651+00:00
2023-11-24 00:00:00-05:00,189.0843077535022,189.1140258787283,187.47946852715137,188.19273376464844,24048300,0.0,0.0,AAPL,2026-01-26 06:13:30.296651+00:00
2023-11-27 00:00:00-05:00,188.14319291304204,188.886176253634,187.13273133734725,188.014404296875,40552600,0.0,0.0,AAPL,2026-01-26 06:13:30.296651+00:00
2023-11-28 00:00:00-05:00,188.0045033953615,189.29234420962146,187.62805366546104,188.6186981201172,38415400,0.0,0.0,AAPL,2026-01-26 06:13:30.296651+00:00
2023-11-29 00:00:00-05:00,189.11401237919708,190.29288164913223,187.2020759179661,187.59832763671875,43014200,0.0,0.0,AAPL,2026-01-26 06:13:30.296651+00:00
2023-11-30 00:00:00-05:00,188.06392585220516,188.53944603911236,186.42936866830843,188.1728973388672,48794400,0.0,0.0,AAPL,2026-01-26 06:13:30.296651+00:00
2023-12-01 00:00:00-05:00,188.54936135651158,189.76784980640184,187.4596464071562,189.4508514404297,45704800,0.0,0.0,AAPL,2026-01-26 06:13:30.296651+00:00
2023-12-04 00:00:00-05:00,188.20263336404662,188.2719857330804,185.69630404843608,187.65777587890625,43389500,0.0,0.0,AAPL,2026-01-26 06:13:30.296651+00:00
2023-12-05 00:00:00-05:00,188.4304529607772,192.58123974828874,188.40071972597306,191.61041259765625,66628400,0.0,0.0,AAPL,2026-01-26 06:13:30.296651+00:00
2023-12-06 00:00:00-05:00,192.63079897005184,192.93789631295678,190.3126947209947,190.52073669433594,41089700,0.0,0.0,AAPL,2026-01-26 06:13:30.296651+00:00
2023-12-07 00:00:00-05:00,191.81848755335412,193.17566559760107,191.7788533108163,192.45249938964844,47477700,0.0,0.0,AAPL,2026-01-26 06:13:30.296651+00:00
2023-12-08 00:00:00-05:00,192.38313041357762,194.15639227120218,191.8580901155405,193.87901306152344,53406400,0.0,0.0,AAPL,2026-01-26 06:13:30.296651+00:00
2023-12-11 00:00:00-05:00,191.30334341541183,191.6797931299085,189.62915193698308,191.3726806640625,60943700,0.0,0.0,AAPL,2026-01-26 06:13:30.296651+00:00
2023-12-12 00:00:00-05:00,191.27361158280868,192.89826770087802,189.92633467152928,192.88836669921875,52696900,0.0,0.0,AAPL,2026-01-26 06:13:30.296651+00:00
2023-12-13 00:00:00-05:00,193.26481149731427,196.1475903161728,193.02706651664724,196.10797119140625,70404200,0.0,0.0,AAPL,2026-01-26 06:13:30.296651+00:00
2023-12-14 00:00:00-05:00,196.16742216364264,197.75244424587422,194.32482284497263,196.25657653808594,66831600,0.0,0.0,AAPL,2026-01-26 06:13:30.296651+00:00
2023-12-15 00:00:00-05:00,195.6819844119138,196.54384019084355,195.15694409646994,195.72161865234375,128538400,0.0,0.0,AAPL,2026-01-26 06:13:30.296651+00:00
2023-12-18 00:00:00-05:00,194.2554683979516,194.7904248709577,192.57137584033416,194.05734252929688,55751900,0.0,0.0,AAPL,2026-01-26 06:13:30.296651+00:00
2023-12-19 00:00:00-05:00,194.32481746504553,195.1074199235508,194.0573392330858,195.09751892089844,40714100,0.0,0.0,AAPL,2026-01-26 06:13:30.296651+00:00
2023-12-20 00:00:00-05:00,195.05787394759355,195.8305753609382,193.0072479248047,193.0072479248047,52242800,0.0,0.0,AAPL,2026-01-26 06:13:30.296651+00:00
2023-12-21 00:00:00-05:00,194.26538628403978,195.23621363050395,191.6897046199928,192.85865783691406,46482500,0.0,0.0,AAPL,2026-01-26 06:13:30.296651+00:00
2023-12-22 00:00:00-05:00,193.35396213687642,193.58182122700063,191.164646529934,191.78875732421875,37149600,0.0,0.0,AAPL,2026-01-26 06:13:30.296651+00:00
2023-12-26 00:00:00-05:00,191.79868551282587,192.07606476826226,191.0259839989623,191.24392700195312,28919300,0.0,0.0,AAPL,2026-01-26 06:13:30.296651+00:00
2023-12-27 00:00:00-05:00,190.68914273833013,191.68968812345565,189.30223153241622,191.34295654296875,48087700,0.0,0.0,AAPL,2026-01-26 06:13:30.296651+00:00
2023-12-28 00:00:00-05:00,192.32370988068791,192.8388492190412,191.36278357008254,191.76895141601562,34049900,0.0,0.0,AAPL,2026-01-26 06:13:30.296651+00:00
2023-12-29 00:00:00-05:00,192.08593771837442,192.58125990446206,189.9362412446781,190.728759765625,42672100,0.0,0.0,AAPL,2026-01-26 06:13:30.296651+00:00
2024-01-02 00:00:00-05:00,185.39909638597572,186.67703614744315,182.16960103197144,183.90322875976562,82488700,0.0,0.0,AAPL,2026-01-26 06:13:30.296651+00:00
2024-01-03 00:00:00-05:00,182.49651173581816,184.1409850600839,181.7138941984477,182.52622985839844,58414500,0.0,0.0,AAPL,2026-01-26 06:13:30.296651+00:00
2024-01-04 00:00:00-05:00,180.4458595901839,181.37706768373354,179.18775216816366,180.20811462402344,71983600,0.0,0.0,AAPL,2026-01-26 06:13:30.296651+00:00
2024-01-05 00:00:00-05:00,180.28738953880892,181.05017488447822,178.48440937769652,179.48495483398438,62379700,0.0,0.0,AAPL,2026-01-26 06:13:30.296651+00:00
2024-01-08 00:00:00-05:00,180.38643729162627,183.86360885082058,179.80196071659407,183.823974609375,59144500,0.0,0.0,AAPL,2026-01-26 06:13:30.296651+00:00
2024-01-09 00:00:00-05:00,182.19932576748687,183.41781421075365,181.0204564512382,183.4079132080078,42841800,0.0,0.0,AAPL,2026-01-26 06:13:30.296651+00:00
2024-01-10 00:00:00-05:00,182.62529236075727,184.65610118978807,182.19930742900604,184.4480743408203,46792900,0.0,0.0,AAPL,2026-01-26 06:13:30.296651+00:00
2024-01-11 00:00:00-05:00,184.7947925921475,185.3000308909078,181.90211286972462,183.8536834716797,49128400,0.0,0.0,AAPL,2026-01-26 06:13:30.296651+00:00
2024-01-12 00:00:00-05:00,184.31930790747037,184.99295400827782,183.45745205458948,184.1806182861328,40477800,0.0,0.0,AAPL,2026-01-26 06:13:30.296651+00:00
2024-01-16 00:00:00-05:00,180.4557997638508,182.53614407524432,179.2372961857114,181.91204833984375,65603000,0.0,0.0,AAPL,2026-01-26 06:13:30.296651+00:00
2024-01-17 00:00:00-05:00,179.5741044525339,181.21856257523459,178.61317822966134,180.9709014892578,47317400,0.0,0.0,AAPL,2026-01-26 06:13:30.296651+00:00
2024-01-18 00:00:00-05:00,184.34901955890965,187.3704881134165,184.0914574471942,186.86526489257812,78005800,0.0,0.0,AAPL,2026-01-26 06:13:30.296651+00:00
2024-01-19 00:00:00-05:00,187.5587047602819,190.15418823308323,187.0534815615711,189.76783752441406,68903000,0.0,0.0,AAPL,2026-01-26 06:13:30.296651+00:00
2024-01-22 00:00:00-05:00,190.50092877344645,193.50258021639056,190.46129453087994,192.0760498046875,60133900,0.0,0.0,AAPL,2026-01-26 06:13:30.296651+00:00
2024-01-23 00:00:00-05:00,193.19546652112328,193.91863266844476,192.01659731903075,193.3539581298828,42355600,0.0,0.0,AAPL,2026-01-26 06:13:30.296651+00:00
2024-01-24 00:00:00-05:00,193.59173469903226,194.54276001272405,192.52183688964197,192.6803436279297,53631300,0.0,0.0,AAPL,2026-01-26 06:13:30.296651+00:00
2024-01-25 00:00:00-05:00,193.39360373027958,194.43378338829353,191.30334341188293,192.35342407226562,54822100,0.0,0.0,AAPL,2026-01-26 06:13:30.296651+00:00
2024-01-26 00:00:00-05:00,192.45249496932922,192.93790105900956,190.14429166563914,190.6197967529297,44594000,0.0,0.0,AAPL,2026-01-26 06:13:30.296651+00:00
2024-01-29 00:00:00-05:00,190.21364328629937,190.40186815816608,187.80638442872507,189.93626403808594,47145600,0.0,0.0,AAPL,2026-01-26 06:13:30.296651+00:00
2024-01-30 00:00:00-05:00,189.15363947733223,190.00559424490717,185.71610228505008,186.28076171875,55859400,0.0,0.0,AAPL,2026-01-26 06:13:30.296651+00:00
2024-01-31 00:00:00-05:00,185.2901205380725,185.34957189909602,182.62529981948686,182.67481994628906,55467800,0.0,0.0,AAPL,2026-01-26 06:13:30.296651+00:00
2024-02-01 00:00:00-05:00,182.26867176596141,185.20097077595153,182.1002640289582,185.11181640625,64885400,0.0,0.0,AAPL,2026-01-26 06:13:30.296651+00:00
2024-02-02 00:00:00-05:00,178.1773164815156,185.5774319441079,177.57302274507782,184.1112823486328,102551700,0.0,0.0,AAPL,2026-01-26 06:13:30.296651+00:00
2024-02-05 00:00:00-05:00,186.3897373769733,187.47945226083425,184.10135123689923,185.92413330078125,69668800,0.0,0.0,AAPL,2026-01-26 06:13:30.296651+00:00
2024-02-06 00:00:00-05:00,185.1118168962398,187.53889270164484,185.02266252630227,187.52899169921875,43490800,0.0,0.0,AAPL,2026-01-26 06:13:30.296651+00:00
2024-02-07 00:00:00-05:00,188.85644306077413,189.26261088240534,186.84543618864265,187.63795471191406,53439000,0.0,0.0,AAPL,2026-01-26 06:13:30.296651+00:00
2024-02-08 00:00:00-05:00,187.6181328392653,187.76672344534998,185.59722501634783,186.5581512451172,40962000,0.0,0.0,AAPL,2026-01-26 06:13:30.296651+00:00
2024-02-09 00:00:00-05:00,187.12355136214254,188.45272038917548,186.47881682618166,187.3219451904297,45155200,0.24,0.0,AAPL,2026-01-26 06:13:30.296651+00:00
2024-02-12 00:00:00-05:00,186.89539390047275,187.14337102036012,185.27857823550397,185.6356658935547,41781900,0.0,0.0,AAPL,2026-01-26 06:13:30.296651+00:00
2024-02-13 00:00:00-05:00,184.26685928046126,184.70330147289806,182.02513622573113,183.54275512695312,56529500,0.0,0.0,AAPL,2026-01-26 06:13:30.296651+00:00
2024-02-14 00:00:00-05:00,183.82050423664703,184.02879656144881,180.9638026996327,182.6599578857422,54630500,0.0,0.0,AAPL,2026-01-26 06:13:30.296651+00:00
2024-02-15 00:00:00-05:00,182.06480997798818,182.99720639873473,179.8826142837668,182.37229919433594,65434500,0.0,0.0,AAPL,2026-01-26 06:13:30.296651+00:00
2024-02-16 00:00:00-05:00,181.9358579237584,183.35429496994237,180.2000180232841,180.8348388671875,49752500,0.0,0.0,AAPL,2026-01-26 06:13:30.296651+00:00
2024-02-20 00:00:00-05:00,180.31904659124555,180.95386745060242,178.54353696650966,180.09091186523438,53665600,0.0,0.0,AAPL,2026-01-26 06:13:30.296651+00:00
2024-02-21 00:00:00-05:00,180.46782702325083,181.41013702999714,179.19818540957374,180.84475708007812,41371400,0.0,0.0,AAPL,2026-01-26 06:13:30.296651+00:00
2024-02-22 00:00:00-05:00,181.99537582737872,183.463411373256,180.98364000764028,182.878173828125,52292200,0.0,0.0,AAPL,2026-01-26 06:13:30.296651+00:00
2024-02-23 00:00:00-05:00,183.51299444569602,183.54275049121756,180.75548990166286,181.04315185546875,45119700,0.0,0.0,AAPL,2026-01-26 06:13:30.296651+00:00
2024-02-26 00:00:00-05:00,180.7654158601022,181.28119739799624,179.18826979539264,179.69415283203125,40867400,0.0,0.0,AAPL,2026-01-26 06:13:30.296651+00:00
2024-02-27 00:00:00-05:00,179.6346334198553,182.43180748858953,178.1070858709482,181.15225219726562,54318900,0.0,0.0,AAPL,2026-01-26 06:13:30.296651+00:00
2024-02-28 00:00:00-05:00,181.03323362922586,181.63829848228303,178.67250144683115,179.95205688476562,48953900,0.0,0.0,AAPL,2026-01-26 06:13:30.296651+00:00
2024-02-29 00:00:00-05:00,179.80327228471162,181.09275646398507,178.07734590919267,179.2874755859375,136682600,0.0,0.0,AAPL,2026-01-26 06:13:30.296651+00:00
2024-03-01 00:00:00-05:00,178.0971730296413,179.06923911535185,175.94473341504965,178.20628356933594,73563100,0.0,0.0,AAPL,2026-01-26 06:13:30.296651+00:00
2024-03-04 00:00:00-05:00,174.72465821330945,175.46858951163802,172.38375378915603,173.68316650390625,81510100,0.0,0.0,AAPL,2026-01-26 06:13:30.296651+00:00
2024-03-05 00:00:00-05:00,169.37830538929336,170.64794717373948,168.24753020204216,168.7434844970703,95132400,0.0,0.0,AAPL,2026-01-26 06:13:30.296651+00:00
2024-03-06 00:00:00-05:00,169.67586125903696,169.85441265484894,167.31511424596866,167.75155639648438,68587700,0.0,0.0,AAPL,2026-01-26 06:13:30.296651+00:00
2024-03-07 00:00:00-05:00,167.78131806385875,169.34853532264208,167.12666995146384,167.63253784179688,71765100,0.0,0.0,AAPL,2026-01-26 06:13:30.296651+00:00
2024-03-08 00:00:00-05:00,167.6325286145872,172.29449531822434,167.57301652903823,169.34852600097656,76267000,0.0,0.0,AAPL,2026-01-26 06:13:30.296651+00:00
2024-03-11 00:00:00-04:00,171.54066841678448,172.96901916174485,170.65787040570808,171.35220336914062,60139500,0.0,0.0,AAPL,2026-01-26 06:13:30.296651+00:00
2024-03-12 00:00:00-04:00,171.74896885963832,172.62185327512867,169.62628505087014,171.8283233642578,59825400,0.0,0.0,AAPL,2026-01-26 06:13:30.296651+00:00
2024-03-13 00:00:00-04:00,171.37204497358655,171.78864474969012,169.37829909505535,169.7453155517578,52488700,0.0,0.0,AAPL,2026-01-26 06:13:30.296651+00:00
2024-03-14 00:00:00-04:00,171.5108905650266,172.89955631533712,170.65784870831544,171.60015869140625,72913500,0.0,0.0,AAPL,2026-01-26 06:13:30.296651+00:00
2024-03-15 00:00:00-04:00,169.7849566919112,171.2232208251953,168.9120724685351,171.2232208251953,121752700,0.0,0.0,AAPL,2026-01-26 06:13:30.296651+00:00
2024-03-18 00:00:00-04:00,174.1493830977455,176.27206668827822,172.11596763998543,172.31434631347656,75604200,0.0,0.0,AAPL,2026-01-26 06:13:30.296651+00:00
2024-03-19 00:00:00-04:00,172.92931675607417,175.18095319129145,171.62991909909198,174.65524291992188,55215200,0.0,0.0,AAPL,2026-01-26 06:13:30.296651+00:00
2024-03-20 00:00:00-04:00,174.29816190798687,177.2242889404297,173.67325471299228,177.2242889404297,53423100,0.0,0.0,AAPL,2026-01-26 06:13:30.296651+00:00
2024-03-21 00:00:00-04:00,175.61741650508932,176.05385870042272,169.45765758517675,169.98336791992188,106181300,0.0,0.0,AAPL,2026-01-26 06:13:30.296651+00:00
2024-03-22 00:00:00-04:00,170.37020490965267,171.64977539848843,168.68396342338923,170.88600158691406,71160100,0.0,0.0,AAPL,2026-01-26 06:13:30.296651+00:00
2024-03-25 00:00:00-04:00,169.18985713490977,170.54876707334867,168.0789092110998,169.46759033203125,54288300,0.0,0.0,AAPL,2026-01-26 06:13:30.296651+00:00
2024-03-26 00:00:00-04:00,168.6244540719099,170.0329624014482,168.20785429573576,168.33680725097656,57388400,0.0,0.0,AAPL,2026-01-26 06:13:30.296651+00:00
2024-03-27 00:00:00-04:00,169.03114031499092,172.19533102381604,168.73356472173438,171.9076690673828,60273300,0.0,0.0,AAPL,2026-01-26 06:13:30.296651+00:00
2024-03-28 00:00:00-04:00,170.36027251639132,170.83638432396197,169.13030061690222,170.0924530029297,65672700,0.0,0.0,AAPL,2026-01-26 06:13:30.296651+00:00
2024-04-01 00:00:00-04:00,169.80482284392966,169.86433493378763,168.1086526063626,168.65420532226562,46240500,0.0,0.0,AAPL,2026-01-26 06:13:30.296651+00:00
2024-04-02 00:00:00-04:00,167.71187939021036,167.96977013364764,166.86875116942764,167.47381591796875,49329500,0.0,0.0,AAPL,2026-01-26 06:13:30.296651+00:00
2024-04-03 00:00:00-04:00,167.42424073989756,169.29894733031932,167.2159484161416,168.27728271484375,47691700,0.0,0.0,AAPL,2026-01-26 06:13:30.296651+00:00
2024-04-04 00:00:00-04:00,168.91210166538218,170.52891745806397,167.45401000976562,167.45401000976562,53704400,0.0,0.0,AAPL,2026-01-26 06:13:30.296651+00:00
2024-04-05 00:00:00-04:00,168.217753601793,169.01128340394683,167.58293278713433,168.2078399658203,42104800,0.0,0.0,AAPL,2026-01-26 06:13:30.296651+00:00
2024-04-08 00:00:00-04:00,167.66226850261077,167.8308911071928,166.87866755951543,167.0869598388672,37425500,0.0,0.0,AAPL,2026-01-26 06:13:30.296651+00:00
2024-04-09 00:00:00-04:00,167.33495148030394,168.70378997636425,166.98779260608748,168.29710388183594,42373800,0.0,0.0,AAPL,2026-01-26 06:13:30.296651+00:00
2024-04-10 00:00:00-04:00,167.43415997850798,167.72180678766216,165.75783217031642,166.4224090576172,49709300,0.0,0.0,AAPL,2026-01-26 06:13:30.296651+00:00
2024-04-11 00:00:00-04:00,166.97788797659143,174.04028741115994,166.79935169580833,173.62367248535156,91070300,0.0,0.0,AAPL,2026-01-26 06:13:30.296651+00:00
2024-04-12 00:00:00-04:00,172.8499658132502,176.91679662448954,172.80038249764078,175.12144470214844,101670900,0.0,0.0,AAPL,2026-01-26 06:13:30.296651+00:00
2024-04-15 00:00:00-04:00,173.94105717912421,175.200785081753,171.10419855705527,171.29266357421875,73531800,0.0,0.0,AAPL,2026-01-26 06:13:30.296651+00:00
2024-04-16 00:00:00-04:00,170.36027866522625,172.354009228837,166.9084414489389,168.00946044921875,73711200,0.0,0.0,AAPL,2026-01-26 06:13:30.296651+00:00
2024-04-17 00:00:00-04:00,168.2375982616629,169.26917642354965,166.640625,166.640625,50901200,0.0,0.0,AAPL,2026-01-26 06:13:30.296651+00:00
2024-04-18 00:00:00-04:00,166.67036449953886,167.2754292189987,165.20234432957687,165.68836975097656,43122900,0.0,0.0,AAPL,2026-01-26 06:13:30.296651+00:00
2024-04-19 00:00:00-04:00,164.86513304300607,165.05358296102196,162.75236290762146,163.6649169921875,68149400,0.0,0.0,AAPL,2026-01-26 06:13:30.296651+00:00
2024-04-22 00:00:00-04:00,164.18070504913473,165.9066162144586,163.43677364744048,164.49810791015625,48116400,0.0,0.0,AAPL,2026-01-26 06:13:30.296651+00:00
2024-04-23 00:00:00-04:00,164.0120990106031,165.69834066467516,163.5855704267702,165.54954528808594,49537800,0.0,0.0,AAPL,2026-01-26 06:13:30.296651+00:00
2024-04-24 00:00:00-04:00,165.19243035823263,167.93010742906517,164.86511388137603,167.65237426757812,48251800,0.0,0.0,AAPL,2026-01-26 06:13:30.296651+00:00
2024-04-25 00:00:00-04:00,168.15824741627387,169.2295104164757,166.78940883790665,168.5153350830078,50558300,0.0,0.0,AAPL,2026-01-26 06:13:30.296651+00:00
2024-04-26 00:00:00-04:00,168.50540819041237,169.95358601606148,167.81106018420974,167.9300994873047,44838400,0.0,0.0,AAPL,2026-01-26 06:13:30.296651+00:00
2024-04-29 00:00:00-04:00,171.9671774185786,174.60565774723543,171.69937301226366,172.09613037109375,68169400,0.0,0.0,AAPL,2026-01-26 06:13:30.296651+00:00
2024-04-30 00:00:00-04:00,171.92752335282844,173.57409529864353,168.62446582369017,168.95179748535156,65934800,0.0,0.0,AAPL,2026-01-26 06:13:30.296651+00:00
2024-05-01 00:00:00-04:00,168.20783263565716,171.31251085120192,167.74163446478235,167.9300994873047,50383100,0.0,0.0,AAPL,2026-01-26 06:13:30.296651+00:00
2024-05-02 00:00:00-04:00,171.11413192483198,172.0167723030629,169.50724497899176,171.6299285888672,94214900,0.0,0.0,AAPL,2026-01-26 06:13:30.296651+00:00
2024-05-03 00:00:00-04:00,185.13970898312533,185.48688300008854,181.1820038934194,181.89617919921875,163224100,0.0,0.0,AAPL,2026-01-26 06:13:30.296651+00:00
2024-05-06 00:00:00-04:00,180.87452115240256,182.70954279745968,178.9601298757301,180.2397003173828,78569700,0.0,0.0,AAPL,2026-01-26 06:13:30.296651+00:00
2024-05-07 00:00:00-04:00,181.965609726272,183.40387401178498,179.8528549315395,180.92410278320312,77305800,0.0,0.0,AAPL,2026-01-26 06:13:30.296651+00:00
2024-05-08 00:00:00-04:00,181.3704783401059,181.58869942461462,179.9817973354757,181.26136779785156,45057100,0.0,0.0,AAPL,2026-01-26 06:13:30.296651+00:00
2024-05-09 00:00:00-04:00,181.0828227285221,183.16583674066726,180.63646690744054,183.07656860351562,48983000,0.0,0.0,AAPL,2026-01-26 06:13:30.296651+00:00
2024-05-10 00:00:00-04:00,183.65265049654158,183.8413711732151,180.90134794922002,181.8151397705078,50759500,0.25,0.0,AAPL,2026-01-26 06:13:30.296651+00:00
2024-05-13 00:00:00-04:00,184.1890162605658,185.837821467034,183.37454074079744,185.02334594726562,72044800,0.0,0.0,AAPL,2026-01-26 06:13:30.296651+00:00
2024-05-14 00:00:00-04:00,186.24503525163803,187.029714327999,185.0332642686859,186.1655731201172,52393600,0.0,0.0,AAPL,2026-01-26 06:13:30.296651+00:00
2024-05-15 00:00:00-04:00,186.6423223274902,189.3638279979279,186.10595679645579,188.4401092529297,70400000,0.0,0.0,AAPL,2026-01-26 06:13:30.296651+00:00
2024-05-16 00:00:00-04:00,189.1850657006259,189.81082048816586,188.3805324914181,188.55931091308594,52845200,0.0,0.0,AAPL,2026-01-26 06:13:30.296651+00:00
2024-05-17 00:00:00-04:00,188.23155455119007,189.52278774440742,187.903778922122,188.58912658691406,41282900,0.0,0.0,AAPL,2026-01-26 06:13:30.296651+00:00
2024-05-20 00:00:00-04:00,188.0527801228825,190.6253043247416,187.73493157063496,189.75123596191406,44361300,0.0,0.0,AAPL,2026-01-26 06:13:30.296651+00:00
2024-05-21 00:00:00-04:00,189.80088903544183,191.42982486744873,189.63203768676544,191.05239868164062,42309400,0.0,0.0,AAPL,2026-01-26 06:13:30.296651+00:00
2024-05-22 00:00:00-04:00,190.97295090373845,191.51924363513825,188.98644290290525,189.6121826171875,34648500,0.0,0.0,AAPL,2026-01-26 06:13:30.296651+00:00
2024-05-23 00:00:00-04:00,189.6916095055364,189.71147882549133,185.3709645001415,185.61927795410156,51005900,0.0,0.0,AAPL,2026-01-26 06:13:30.296651+00:00
2024-05-24 00:00:00-04:00,187.5462164631898,189.29433794369746,186.77146444562422,188.69837951660156,36327000,0.0,0.0,AAPL,2026-01-26 06:13:30.296651+00:00
2024-05-28 00:00:00-04:00,190.21804799663707,191.69800175645932,187.82431762786635,188.70831298828125,52280100,0.0,0.0,AAPL,2026-01-26 06:13:30.296651+00:00
2024-05-29 00:00:00-04:00,188.33086600869876,190.95305560689752,188.2315345598267,189.0062713623047,53068000,0.0,0.0,AAPL,2026-01-26 06:13:30.296651+00:00
2024-05-30 00:00:00-04:00,189.47310363654154,190.88352231957748,189.34399093884022,189.99952697753906,49889100,0.0,0.0,AAPL,2026-01-26 06:13:30.296651+00:00
2024-05-31 00:00:00-04:00,190.1485307236603,191.2709124904654,188.62885345568,190.95306396484375,75158300,0.0,0.0,AAPL,2026-01-26 06:13:30.296651+00:00
2024-06-03 00:00:00-04:00,191.5986723140291,193.67458449503022,191.22124613590765,192.72105407714844,50080500,0.0,0.0,AAPL,2026-01-26 06:13:30.296651+00:00
2024-06-04 00:00:00-04:00,193.3269468870457,194.00236744942592,191.72780743235197,193.03890991210938,47471400,0.0,0.0,AAPL,2026-01-26 06:13:30.296651+00:00
2024-06-05 00:00:00-04:00,194.08178400937402,195.5716646905796,193.55536071448273,194.54861450195312,54156800,0.0,0.0,AAPL,2026-01-26 06:13:30.296651+00:00
2024-06-06 00:00:00-04:00,194.36987376952155,195.1744070683784,192.86012347629529,193.16802978515625,41181800,0.0,0.0,AAPL,2026-01-26 06:13:30.296651+00:00
2024-06-07 00:00:00-04:00,193.33685821193552,195.6114180436154,192.83030419832767,195.56175231933594,53103900,0.0,0.0,AAPL,2026-01-26 06:13:30.296651+00:00
2024-06-10 00:00:00-04:00,195.57168290202756,195.96899354752293,190.8537269722117,191.8171844482422,97010200,0.0,0.0,AAPL,2026-01-26 06:13:30.296651+00:00
2024-06-11 00:00:00-04:00,192.34360572370616,205.762475197422,192.32375155853347,205.75253295898438,172373300,0.0,0.0,AAPL,2026-01-26 06:13:30.296651+00:00
2024-06-12 00:00:00-04:00,205.97103997359795,218.7144883134223,205.50420946534445,211.63259887695312,198134300,0.0,0.0,AAPL,2026-01-26 06:13:30.296651+00:00
2024-06-13 00:00:00-04:00,213.29133517221976,215.28776993558532,210.17251871917932,212.79470825195312,97862700,0.0,0.0,AAPL,2026-01-26 06:13:30.296651+00:00
2024-06-14 00:00:00-04:00,212.40735976944958,213.71844708080008,209.87455920751867,211.05653381347656,70122700,0.0,0.0,AAPL,2026-01-26 06:13:30.296651+00:00
2024-06-17 00:00:00-04:00,211.93057220447776,217.47293058672338,211.28496325493592,215.20831298828125,93728300,0.0,0.0,AAPL,2026-01-26 06:13:30.296651+00:00
2024-06-18 00:00:00-04:00,216.1221165738588,217.15510913678148,211.56308472355843,212.84437561035156,79943300,0.0,0.0,AAPL,2026-01-26 06:13:30.296651+00:00
2024-06-20 00:00:00-04:00,212.48680152632818,212.79472296910444,207.4410850045998,208.26547241210938,86172500,0.0,0.0,AAPL,2026-01-26 06:13:30.296651+00:00
2024-06-21 00:00:00-04:00,208.9706859649803,210.4605668046439,205.71281440805072,206.0902557373047,241805100,0.0,0.0,AAPL,2026-01-26 06:13:30.296651+00:00
2024-06-24 00:00:00-04:00,206.3187207615107,211.26512140596267,205.1963388988781,206.7358856201172,80727000,0.0,0.0,AAPL,2026-01-26 06:13:30.296651+00:00
2024-06-25 00:00:00-04:00,207.73906917566717,209.95403652001525,207.20271868130445,207.6596221923828,55549700,0.0,0.0,AAPL,2026-01-26 06:13:30.296651+00:00
2024-06-26 00:00:00-04:00,210.07320698316605,213.41054080672134,209.2190079939271,211.8114013671875,66213200,0.0,0.0,AAPL,2026-01-26 06:13:30.296651+00:00
2024-06-27 00:00:00-04:00,213.24168634094727,214.28460598729217,210.91747580739147,212.65567016601562,49772700,0.0,0.0,AAPL,2026-01-26 06:13:30.296651+00:00
2024-06-28 00:00:00-04:00,214.31437813701,214.61235731022026,208.88127860134253,209.19911193847656,82542700,0.0,0.0,AAPL,2026-01-26 06:13:30.296651+00:00
2024-07-01 00:00:00-04:00,210.65922892540738,216.04266357466884,210.49037757076027,215.2877960205078,60402900,0.0,0.0,AAPL,2026-01-26 06:13:30.296651+00:00
2024-07-02 00:00:00-04:00,214.69182595520752,218.89330089441245,213.6489214774443,218.78404235839844,58046200,0.0,0.0,AAPL,2026-01-26 06:13:30.296651+00:00
2024-07-03 00:00:00-04:00,218.51584293427166,220.05538940429688,217.55238550522975,220.05538940429688,37369800,0.0,0.0,AAPL,2026-01-26 06:13:30.296651+00:00
2024-07-05 00:00:00-04:00,220.15471670620812,224.92233836715073,220.15471670620812,224.81307983398438,60412400,0.0,0.0,AAPL,2026-01-26 06:13:30.296651+00:00
2024-07-08 00:00:00-04:00,225.55804052038548,226.31292323770106,221.7439489111218,226.2831268310547,59085900,0.0,0.0,AAPL,2026-01-26 06:13:30.296651+00:00
2024-07-09 00:00:00-04:00,226.3923429370984,227.85242731023644,224.84286935479298,227.1372833251953,48076100,0.0,0.0,AAPL,2026-01-26 06:13:30.296651+00:00
2024-07-10 00:00:00-04:00,227.75312751683794,231.50762613234983,227.70346178953022,231.40829467773438,62627700,0.0,0.0,AAPL,2026-01-26 06:13:30.296651+00:00
2024-07-11 00:00:00-04:00,229.82902744909742,230.82228138425162,224.24694518340354,226.03480529785156,64710600,0.0,0.0,AAPL,2026-01-26 06:13:30.296651+00:00
2024-07-12 00:00:00-04:00,227.3756899381295,231.07059580434316,227.13730353661973,228.98475646972656,53046500,0.0,0.0,AAPL,2026-01-26 06:13:30.296651+00:00
2024-07-15 00:00:00-04:00,234.88468027763452,235.62962070976812,231.5175501306247,232.81871032714844,62631300,0.0,0.0,AAPL,2026-01-26 06:13:30.296651+00:00
2024-07-16 00:00:00-04:00,233.41466404542834,234.67610072880163,230.76267797901863,233.2358856201172,43234300,0.0,0.0,AAPL,2026-01-26 06:13:30.296651+00:00
2024-07-17 00:00:00-04:00,227.90211488577285,229.89856501704188,225.11107372236052,227.33596801757812,57345900,0.0,0.0,AAPL,2026-01-26 06:13:30.296651+00:00
2024-07-18 00:00:00-04:00,228.7265187407576,228.88544301040346,220.77056004528671,222.66766357421875,66034600,0.0,0.0,AAPL,2026-01-26 06:13:30.296651+00:00
2024-07-19 00:00:00-04:00,223.30333735062962,225.2699757257536,221.7737179376491,222.79676818847656,49151500,0.0,0.0,AAPL,2026-01-26 06:13:30.296651+00:00
2024-07-22 00:00:00-04:00,225.47857008869346,226.24337986146955,221.58501648633228,222.44915771484375,48201800,0.0,0.0,AAPL,2026-01-26 06:13:30.296651+00:00
2024-07-23 00:00:00-04:00,222.8563682936816,225.40903804109774,221.17776681088287,223.49205017089844,39960300,0.0,0.0,AAPL,2026-01-26 06:13:30.296651+00:00
2024-07-24 00:00:00-04:00,222.48887740092556,223.2834835656707,215.66522784122517,217.06570434570312,61777600,0.0,0.0,AAPL,2026-01-26 06:13:30.296651+00:00
2024-07-25 00:00:00-04:00,217.45306951901438,219.36013034825794,213.17214762576046,216.02279663085938,51391200,0.0,0.0,AAPL,2026-01-26 06:13:30.296651+00:00
2024-07-26 00:00:00-04:00,217.22462220056258,218.0093012590926,214.55276681781487,216.4896240234375,41601300,0.0,0.0,AAPL,2026-01-26 06:13:30.296651+00:00
2024-07-29 00:00:00-04:00,215.49636696784094,217.82057739339885,214.2945231128628,216.76773071289062,36311800,0.0,0.0,AAPL,2026-01-26 06:13:30.296651+00:00
2024-07-30 00:00:00-04:00,217.71131248471113,218.84362126060284,214.66201590891492,217.32394409179688,41643800,0.0,0.0,AAPL,2026-01-26 06:13:30.296651+00:00
2024-07-31 00:00:00-04:00,219.94615098169663,222.31010016667176,219.14161772956027,220.5818328857422,50036300,0.0,0.0,AAPL,2026-01-26 06:13:30.296651+00:00
2024-08-01 00:00:00-04:00,222.85636745689294,222.96562598955987,215.5559605569344,216.8869171142578,62501000,0.0,0.0,AAPL,2026-01-26 06:13:30.296651+00:00
2024-08-02 00:00:00-04:00,217.67159881719564,224.07809897050203,216.24132584869807,218.37681579589844,105568600,0.0,0.0,AAPL,2026-01-26 06:13:30.296651+00:00
2024-08-05 00:00:00-04:00,197.74691336614487,212.0597055615941,194.6777624827749,207.85824584960938,119548600,0.0,0.0,AAPL,2026-01-26 06:13:30.296651+00:00
2024-08-06 00:00:00-04:00,203.91501287026546,208.5733757245506,199.7135534430835,205.8319854736328,69660500,0.0,0.0,AAPL,2026-01-26 06:13:30.296651+00:00
2024-08-07 00:00:00-04:00,205.5042262843129,212.19876304064402,204.99767225034321,208.404541015625,63516400,0.0,0.0,AAPL,2026-01-26 06:13:30.296651+00:00
2024-08-08 00:00:00-04:00,211.67235443417223,212.75499762550604,207.42122864939222,211.87100219726562,47161100,0.0,0.0,AAPL,2026-01-26 06:13:30.296651+00:00
2024-08-09 00:00:00-04:00,210.66914912089348,215.317569896599,210.54002126961797,214.78121948242188,42201600,0.0,0.0,AAPL,2026-01-26 06:13:30.296651+00:00
2024-08-12 00:00:00-04:00,214.86078610016068,218.28152162650582,214.39341520959198,216.31260681152344,38028100,0.25,0.0,AAPL,2026-01-26 06:13:30.296651+00:00
2024-08-13 00:00:00-04:00,217.7843155173404,220.64820259017597,217.7843155173404,220.03167724609375,44155300,0.0,0.0,AAPL,2026-01-26 06:13:30.296651+00:00
2024-08-14 00:00:00-04:00,219.33561365974072,221.78183806687042,218.4704721927748,220.4791717529297,41960600,0.0,0.0,AAPL,2026-01-26 06:13:30.296651+00:00
2024-08-15 00:00:00-04:00,223.34303300242357,224.0888356302054,221.51331902381992,223.4623565673828,46414000,0.0,0.0,AAPL,2026-01-26 06:13:30.296651+00:00
2024-08-16 00:00:00-04:00,222.66684293368954,225.56056092969672,222.39834972442236,224.78492736816406,44340200,0.0,0.0,AAPL,2026-01-26 06:13:30.296651+00:00
2024-08-19 00:00:00-04:00,224.4567771868955,224.72527040192085,221.791767703572,224.62582397460938,40687800,0.0,0.0,AAPL,2026-01-26 06:13:30.296651+00:00
2024-08-20 00:00:00-04:00,224.50650638916653,225.89866536829538,224.18828995199718,225.2423553466797,30299000,0.0,0.0,AAPL,2026-01-26 06:13:30.296651+00:00
2024-08-21 00:00:00-04:00,225.25230383574092,226.70412456960102,223.7905293550798,225.13296508789062,34765500,0.0,0.0,AAPL,2026-01-26 06:13:30.296651+00:00
2024-08-22 00:00:00-04:00,226.51520323076682,227.06212827891838,222.64697359696132,223.27345275878906,43695300,0.0,0.0,AAPL,2026-01-26 06:13:30.296651+00:00
2024-08-23 00:00:00-04:00,224.39710671028325,226.9427773475752,223.07454817990703,225.57049560546875,38677300,0.0,0.0,AAPL,2026-01-26 06:13:30.296651+00:00
2024-08-26 00:00:00-04:00,225.49095216733542,226.00804628168004,222.6370187250734,225.90859985351562,30602200,0.0,0.0,AAPL,2026-01-26 06:13:30.296651+00:00
2024-08-27 00:00:00-04:00,224.73522230134634,227.56927874043384,223.63143365567382,226.7538604736328,35934600,0.0,0.0,AAPL,2026-01-26 06:13:30.296651+00:00
2024-08-28 00:00:00-04:00,226.6444476309267,228.57359288043327,224.41697829182954,225.2224578857422,38052200,0.0,0.0,AAPL,2026-01-26 06:13:30.296651+00:00
2024-08-29 00:00:00-04:00,228.81226038667728,231.61647047641185,227.59908685526068,228.5039825439453,51906300,0.0,0.0,AAPL,2026-01-26 06:13:30.296651+00:00
2024-08-30 00:00:00-04:00,228.90175696593346,229.11057321557684,226.2069166530855,227.71841430664062,52990800,0.0,0.0,AAPL,2026-01-26 06:13:30.296651+00:00
2024-09-03 00:00:00-04:00,227.27093626472063,227.71841483123856,219.9322331496077,221.52328491210938,50190600,0.0,0.0,AAPL,2026-01-26 06:13:30.296651+00:00
2024-09-04 00:00:00-04:00,220.41949337418052,220.53881694406624,216.2628786668988,219.61402893066406,43840200,0.0,0.0,AAPL,2026-01-26 06:13:30.296651+00:00
2024-09-05 00:00:00-04:00,220.38966486266608,224.2181094473344,220.28027986462445,221.13546752929688,36615400,0.0,0.0,AAPL,2026-01-26 06:13:30.296651+00:00
2024-09-06 00:00:00-04:00,222.69668624975694,223.97947540850993,218.5400864277892,219.58421325683594,48423000,0.0,0.0,AAPL,2026-01-26 06:13:30.296651+00:00
2024-09-09 00:00:00-04:00,219.58421337102425,220.03169196273555,215.49721390972365,219.6737060546875,67180000,0.0,0.0,AAPL,2026-01-26 06:13:30.296651+00:00
2024-09-10 00:00:00-04:00,217.69481595725216,220.24048653111632,215.5170698289156,218.87815856933594,51591000,0.0,0.0,AAPL,2026-01-26 06:13:30.296651+00:00
2024-09-11 00:00:00-04:00,220.22062862304543,221.84149617822106,216.6706004766808,221.41390991210938,44587100,0.0,0.0,AAPL,2026-01-26 06:13:30.296651+00:00
2024-09-12 00:00:00-04:00,221.25479170284098,222.29891847364556,218.5897974500539,221.52328491210938,37455600,0.0,0.0,AAPL,2026-01-26 06:13:30.296651+00:00
2024-09-13 00:00:00-04:00,222.32873358844014,222.78615069565666,220.66808158488044,221.25477600097656,36766600,0.0,0.0,AAPL,2026-01-26 06:13:30.296651+00:00
2024-09-16 00:00:00-04:00,215.32814508742544,216.00434741371936,212.72281255665072,215.10939025878906,59357400,0.0,0.0,AAPL,2026-01-26 06:13:30.296651+00:00
2024-09-17 00:00:00-04:00,214.54256344637628,215.6861214463737,213.2995590231644,215.5767364501953,45519300,0.0,0.0,AAPL,2026-01-26 06:13:30.296651+00:00
2024-09-18 00:00:00-04:00,216.33249894497217,221.46362499015893,216.322545198334,219.45492553710938,59894900,0.0,0.0,AAPL,2026-01-26 06:13:30.296651+00:00
2024-09-19 00:00:00-04:00,223.7308662842885,228.53383738270648,223.37288038958053,227.58914184570312,66781300,0.0,0.0,AAPL,2026-01-26 06:13:30.296651+00:00
2024-09-20 00:00:00-04:00,228.68298057338347,231.78551472560144,226.34612621296694,226.92288208007812,318679900,0.0,0.0,AAPL,2026-01-26 06:13:30.296651+00:00
2024-09-23 00:00:00-04:00,226.06771724362264,228.16590950652684,224.54628090601008,225.2025909423828,54146000,0.0,0.0,AAPL,2026-01-26 06:13:30.296651+00:00
2024-09-24 00:00:00-04:00,227.37035418692216,228.06644877557946,224.46669778796843,226.09751892089844,43556100,0.0,0.0,AAPL,2026-01-26 06:13:30.296651+00:00
2024-09-25 00:00:00-04:00,223.6711754067507,226.01796830972677,222.76627973963284,225.10311889648438,42308700,0.0,0.0,AAPL,2026-01-26 06:13:30.296651+00:00
2024-09-26 00:00:00-04:00,226.02793410267134,227.22121534991766,224.14851196557498,226.2467041015625,36636700,0.0,0.0,AAPL,2026-01-26 06:13:30.296651+00:00
2024-09-27 00:00:00-04:00,227.1814462394898,228.23551159576573,226.0279344568732,226.5151824951172,34026000,0.0,0.0,AAPL,2026-01-26 06:13:30.296651+00:00
2024-09-30 00:00:00-04:00,228.75260351180964,231.696044921875,228.36478670449856,231.696044921875,54541900,0.0,0.0,AAPL,2026-01-26 06:13:30.296651+00:00
2024-10-01 00:00:00-04:00,228.2355040411627,228.36476618305377,222.4878528116685,224.94403076171875,63285000,0.0,0.0,AAPL,2026-01-26 06:13:30.296651+00:00
2024-10-02 00:00:00-04:00,224.62581519597003,226.09752818761766,221.771881889721,225.51083374023438,32880600,0.0,0.0,AAPL,2026-01-26 06:13:30.296651+00:00
2024-10-03 00:00:00-04:00,223.88001079844628,225.5406628776434,222.0702042586661,224.40704345703125,34044200,0.0,0.0,AAPL,2026-01-26 06:13:30.296651+00:00
2024-10-04 00:00:00-04:00,226.6245660168141,226.72401244250622,222.87567550784985,225.53073120117188,37245100,0.0,0.0,AAPL,2026-01-26 06:13:30.296651+00:00
2024-10-07 00:00:00-04:00,223.24361256318196,224.42695529805295,220.09135491038006,220.4493408203125,39505400,0.0,0.0,AAPL,2026-01-26 06:13:30.296651+00:00
2024-10-08 00:00:00-04:00,223.0447257693685,224.71531649859696,222.00059897690352,224.50650024414062,31855700,0.0,0.0,AAPL,2026-01-26 06:13:30.296651+00:00
2024-10-09 00:00:00-04:00,223.96950943919006,228.46421777631028,223.57175408478048,228.25538635253906,33591100,0.0,0.0,AAPL,2026-01-26 06:13:30.296651+00:00
2024-10-10 00:00:00-04:00,226.50523572074002,228.21561101279016,225.89864895817115,227.7581787109375,28183500,0.0,0.0,AAPL,2026-01-26 06:13:30.296651+00:00
2024-10-11 00:00:00-04:00,228.0167412789572,228.12612627842185,226.0677036085129,226.2765350341797,31759200,0.0,0.0,AAPL,2026-01-26 06:13:30.296651+00:00
2024-10-14 00:00:00-04:00,227.42008369962844,230.43312517401645,227.32065245091678,230.0055389404297,39882100,0.0,0.0,AAPL,2026-01-26 06:13:30.296651+00:00
2024-10-15 00:00:00-04:00,232.3026279543652,236.1609188169062,231.06956201546166,232.54129028320312,64751400,0.0,0.0,AAPL,2026-01-26 06:13:30.296651+00:00
2024-10-16 00:00:00-04:00,230.30386376880503,230.8209426799016,228.55370384388218,230.48284912109375,34082200,0.0,0.0,AAPL,2026-01-26 06:13:30.296651+00:00
2024-10-17 00:00:00-04:00,232.12361966628396,232.5412825211578,229.22991678936268,230.8507843017578,32993800,0.0,0.0,AAPL,2026-01-26 06:13:30.296651+00:00
2024-10-18 00:00:00-04:00,234.8582339303053,234.8582339303053,232.70037994861724,233.68484497070312,46431500,0.0,0.0,AAPL,2026-01-26 06:13:30.296651+00:00
2024-10-21 00:00:00-04:00,233.13790198735873,235.52447953691794,233.13790198735873,235.1565399169922,36254500,0.0,0.0,AAPL,2026-01-26 06:13:30.296651+00:00
2024-10-22 00:00:00-04:00,232.58103244918055,234.8979944094582,231.29825861907142,234.54000854492188,38846600,0.0,0.0,AAPL,2026-01-26 06:13:30.296651+00:00
2024-10-23 00:00:00-04:00,232.76999409553275,233.82405947286142,226.4853561254601,229.46856689453125,52287000,0.0,0.0,AAPL,2026-01-26 06:13:30.296651+00:00
2024-10-24 00:00:00-04:00,228.69292294524882,229.52823345451665,227.131717270346,229.27963256835938,31109500,0.0,0.0,AAPL,2026-01-26 06:13:30.296651+00:00
2024-10-25 00:00:00-04:00,228.45427709115,231.91479719738325,228.28523030841902,230.11492919921875,38802300,0.0,0.0,AAPL,2026-01-26 06:13:30.296651+00:00
2024-10-28 00:00:00-04:00,232.01424158684446,233.41633904858514,231.24854661133642,232.09378051757812,36087100,0.0,0.0,AAPL,2026-01-26 06:13:30.296651+00:00
2024-10-29 00:00:00-04:00,231.7954872619061,233.01859945208068,231.01985366097637,232.36228942871094,35417200,0.0,0.0,AAPL,2026-01-26 06:13:30.296651+00:00
2024-10-30 00:00:00-04:00,231.30820323038637,232.1633908639167,228.26533088908346,228.812255859375,47070900,0.0,0.0,AAPL,2026-01-26 06:13:30.296651+00:00
2024-10-31 00:00:00-04:00,228.05650301771783,228.5437662121666,224.10871977089283,224.6457061767578,64370100,0.0,0.0,AAPL,2026-01-26 06:13:30.296651+00:00
2024-11-01 00:00:00-04:00,219.7333456007168,224.08883784550613,219.03726617591775,221.66249084472656,65276700,0.0,0.0,AAPL,2026-01-26 06:13:30.296651+00:00
2024-11-04 00:00:00-05:00,219.7532516264011,221.5431659237015,218.48041626355018,220.7675323486328,44944500,0.0,0.0,AAPL,2026-01-26 06:13:30.296651+00:00
2024-11-05 00:00:00-05:00,220.558703156551,222.69666464924057,219.90239319356397,222.199462890625,28111300,0.0,0.0,AAPL,2026-01-26 06:13:30.296651+00:00
2024-11-06 00:00:00-05:00,221.36417152277414,224.80481443000403,219.95212032394844,221.4735565185547,54561100,0.0,0.0,AAPL,2026-01-26 06:13:30.296651+00:00
2024-11-07 00:00:00-05:00,223.37288331058951,226.6046949785728,223.31322152292373,226.20692443847656,42137700,0.0,0.0,AAPL,2026-01-26 06:13:30.296651+00:00
2024-11-08 00:00:00-05:00,226.1471868576639,227.63048374280507,225.39061415381417,225.93814086914062,38328800,0.25,0.0,AAPL,2026-01-26 06:13:30.296651+00:00
2024-11-11 00:00:00-05:00,223.98696589218596,224.68381119249955,220.50272420052974,223.22042846679688,42005600,0.0,0.0,AAPL,2026-01-26 06:13:30.296651+00:00
2024-11-12 00:00:00-05:00,223.53899499841924,224.5743058460154,222.354350392842,223.22042846679688,40398300,0.0,0.0,AAPL,2026-01-26 06:13:30.296651+00:00
2024-11-13 00:00:00-05:00,223.00141185159572,225.62952490733255,221.75703985190805,224.10641479492188,48566200,0.0,0.0,AAPL,2026-01-26 06:13:30.296651+00:00
2024-11-14 00:00:00-05:00,224.0068849307252,227.83954176018094,223.9869707245471,227.19247436523438,44923900,0.0,0.0,AAPL,2026-01-26 06:13:30.296651+00:00
2024-11-15 00:00:00-05:00,225.38064426033654,225.89830725108274,223.26024476090137,223.98695373535156,47923700,0.0,0.0,AAPL,2026-01-26 06:13:30.296651+00:00
2024-11-18 00:00:00-05:00,224.23582987715278,228.70561947942855,224.1561882479486,226.9933624267578,44633700,0.0,0.0,AAPL,2026-01-26 06:13:30.296651+00:00
2024-11-19 00:00:00-05:00,225.95804731142948,229.123737666772,225.63949596937007,227.252197265625,36211800,0.0,0.0,AAPL,2026-01-26 06:13:30.296651+00:00
2024-11-20 00:00:00-05:00,227.0331781982001,228.89475383274825,224.8729502483013,227.9689483642578,35169600,0.0,0.0,AAPL,2026-01-26 06:13:30.296651+00:00
2024-11-21 00:00:00-05:00,227.8494991340082,229.1237348668511,224.69377351516385,227.49111938476562,42108300,0.0,0.0,AAPL,2026-01-26 06:13:30.296651+00:00
2024-11-22 00:00:00-05:00,227.03318893672346,229.6812162999479,227.03318893672346,228.8350372314453,38168300,0.0,0.0,AAPL,2026-01-26 06:13:30.296651+00:00
2024-11-25 00:00:00-05:00,230.41787789282506,232.19981188776785,228.70562083004268,231.82151794433594,90152800,0.0,0.0,AAPL,2026-01-26 06:13:30.296651+00:00
2024-11-26 00:00:00-05:00,232.2794717613211,234.50939199708804,232.2794717613211,234.00167846679688,45986200,0.0,0.0,AAPL,2026-01-26 06:13:30.296651+00:00
2024-11-27 00:00:00-05:00,233.41431778082386,234.6288260383393,232.75728573526553,233.8722381591797,33498400,0.0,0.0,AAPL,2026-01-26 06:13:30.296651+00:00
2024-11-29 00:00:00-05:00,233.75280101667178,236.73929396987336,232.91658663539664,236.26145935058594,28481400,0.0,0.0,AAPL,2026-01-26 06:13:30.296651+00:00
2024-12-02 00:00:00-05:00,236.20171450499868,239.70585504150458,236.0922091638524,238.51126098632812,48137100,0.0,0.0,AAPL,2026-01-26 06:13:30.296651+00:00
2024-12-03 00:00:00-05:00,238.73028547870095,241.66700046466846,237.82437898500294,241.5574951171875,38861000,0.0,0.0,AAPL,2026-01-26 06:13:30.296651+00:00
2024-12-04 00:00:00-05:00,241.7765092325954,243.01093178619982,240.16380790150487,241.91587829589844,44383900,0.0,0.0,AAPL,2026-01-26 06:13:30.296651+00:00
2024-12-05 00:00:00-05:00,242.8914746561807,243.43898620611924,241.03984843814553,241.94573974609375,40033900,0.0,0.0,AAPL,2026-01-26 06:13:30.296651+00:00
2024-12-06 00:00:00-05:00,241.81633519239523,243.5285923470879,240.99007032901886,241.74664306640625,36870600,0.0,0.0,AAPL,2026-01-26 06:13:30.296651+00:00
2024-12-09 00:00:00-05:00,240.74119161135067,246.12683738886614,240.6615499788263,245.6390380859375,44649200,0.0,0.0,AAPL,2026-01-26 06:13:30.296651+00:00
2024-12-10 00:00:00-05:00,245.7783914922151,247.09245556004478,244.23536723926503,246.65443420410156,36914800,0.0,0.0,AAPL,2026-01-26 06:13:30.296651+00:00
2024-12-11 00:00:00-05:00,246.84360125039836,249.67081089954078,245.15124311202538,245.38021850585938,45205800,0.0,0.0,AAPL,2026-01-26 06:13:30.296651+00:00
2024-12-12 00:00:00-05:00,245.77839247075497,247.62006903646127,244.57383373711528,246.8435821533203,32777500,0.0,0.0,AAPL,2026-01-26 06:13:30.296651+00:00
2024-12-13 00:00:00-05:00,246.70423080565516,248.16759835190283,245.13134272203925,247.01283264160156,33155300,0.0,0.0,AAPL,2026-01-26 06:13:30.296651+00:00
2024-12-16 00:00:00-05:00,246.87345818165343,250.2481944775453,246.53497744922532,249.9097137451172,51694800,0.0,0.0,AAPL,2026-01-26 06:13:30.296651+00:00
2024-12-17 00:00:00-05:00,248.95404406138837,252.68716009783537,248.655391740455,252.33872985839844,51356400,0.0,0.0,AAPL,2026-01-26 06:13:30.296651+00:00
2024-12-18 00:00:00-05:00,251.02467749046986,253.13512753347695,246.62457993830327,246.9331817626953,56774100,0.0,0.0,AAPL,2026-01-26 06:13:30.296651+00:00
2024-12-19 00:00:00-05:00,246.3856613682502,250.86540066585474,245.97750369773615,248.66534423828125,60882300,0.0,0.0,AAPL,2026-01-26 06:13:30.296651+00:00
2024-12-20 00:00:00-05:00,246.92320588947405,253.8518755287198,244.58379575845774,253.34417724609375,147495300,0.0,0.0,AAPL,2026-01-26 06:13:30.296651+00:00
2024-12-23 00:00:00-05:00,253.62293295259332,254.49896052911285,252.30886880268173,254.1206817626953,40858800,0.0,0.0,AAPL,2026-01-26 06:13:30.296651+00:00
2024-12-24 00:00:00-05:00,254.3396705835317,257.0474099027653,254.14055892454206,257.0374755859375,23234700,0.0,0.0,AAPL,2026-01-26 06:13:30.296651+00:00
2024-12-26 00:00:00-05:00,257.0275101814573,258.9289141129315,256.47003399402934,257.853759765625,27237100,0.0,0.0,AAPL,2026-01-26 06:13:30.296651+00:00
2024-12-27 00:00:00-05:00,256.6691137206059,257.5352220874343,251.9206014592013,254.439208984375,42355300,0.0,0.0,AAPL,2026-01-26 06:13:30.296651+00:00
2024-12-30 00:00:00-05:00,251.09434735441482,252.35863351915538,249.6210152068174,251.06448364257812,35557500,0.0,0.0,AAPL,2026-01-26 06:13:30.296651+00:00
2024-12-31 00:00:00-05:00,251.30342042234355,252.1396347735265,248.30696287880588,249.29251098632812,39480700,0.0,0.0,AAPL,2026-01-26 06:13:30.296651+00:00
2025-01-02 00:00:00-05:00,247.80922035937212,247.97846832553566,240.73124671787497,242.75210571289062,55740700,0.0,0.0,AAPL,2026-01-26 06:13:30.296651+00:00
2025-01-03 00:00:00-05:00,242.26431274414062,243.080612931882,240.80092995907523,242.26431274414062,40244100,0.0,0.0,AAPL,2026-01-26 06:13:30.296651+00:00
2025-01-06 00:00:00-05:00,243.2100158477468,246.21642284830082,242.10501290585998,243.89691162109375,45045600,0.0,0.0,AAPL,2026-01-26 06:13:30.296651+00:00
2025-01-07 00:00:00-05:00,241.88599852058522,244.44443460073458,240.263347789176,241.11947631835938,40856000,0.0,0.0,AAPL,2026-01-26 06:13:30.296651+00:00
2025-01-08 00:00:00-05:00,240.83078235887348,242.61273160476242,238.9692066706783,241.60726928710938,37628900,0.0,0.0,AAPL,2026-01-26 06:13:30.296651+00:00
2025-01-10 00:00:00-05:00,238.9293760168756,239.0787097724967,231.95094323601768,235.7836151123047,61710900,0.0,0.0,AAPL,2026-01-26 06:13:30.296651+00:00
2025-01-13 00:00:00-05:00,232.47855694506205,233.61342361918983,228.68571346021633,233.34463500976562,49630700,0.0,0.0,AAPL,2026-01-26 06:13:30.296651+00:00
2025-01-14 00:00:00-05:00,233.69307331230715,235.05690023183175,231.42333988575893,232.2296905517578,39435300,0.0,0.0,AAPL,2026-01-26 06:13:30.296651+00:00
2025-01-15 00:00:00-05:00,233.5835582088168,237.88411516800545,233.3744970274307,236.79901123046875,39832000,0.0,0.0,AAPL,2026-01-26 06:13:30.296651+00:00
2025-01-16 00:00:00-05:00,236.28136958651152,236.9383864807084,227.0033243432251,227.23228454589844,71759100,0.0,0.0,AAPL,2026-01-26 06:13:30.296651+00:00
2025-01-17 00:00:00-05:00,231.07489856287185,231.24413133243607,227.4512878984511,228.9445343017578,68488300,0.0,0.0,AAPL,2026-01-26 06:13:30.296651+00:00
2025-01-21 00:00:00-05:00,222.9914505136237,223.40955766052627,218.39225670760806,221.6375732421875,98070400,0.0,0.0,AAPL,2026-01-26 06:13:30.296651+00:00
2025-01-22 00:00:00-05:00,218.80041619812283,223.1109227348787,218.80041619812283,222.82223510742188,64126500,0.0,0.0,AAPL,2026-01-26 06:13:30.296651+00:00
2025-01-23 00:00:00-05:00,223.72815445577547,226.0078374632505,221.29913768199057,222.65301513671875,60234800,0.0,0.0,AAPL,2026-01-26 06:13:30.296651+00:00
2025-01-24 00:00:00-05:00,223.76794215782238,224.614121166801,220.4131202139208,221.77694702148438,54697900,0.0,0.0,AAPL,2026-01-26 06:13:30.296651+00:00
2025-01-27 00:00:00-05:00,223.01138591977585,231.10477141655377,222.9715575076631,228.82508850097656,94863400,0.0,0.0,AAPL,2026-01-26 06:13:30.296651+00:00
2025-01-28 00:00:00-05:00,229.81063008981926,239.1085741517517,229.77080167884077,237.187255859375,75707600,0.0,0.0,AAPL,2026-01-26 06:13:30.296651+00:00
2025-01-29 00:00:00-05:00,233.06589003597526,238.78005164957875,232.9563846938824,238.2823028564453,45486100,0.0,0.0,AAPL,2026-01-26 06:13:30.296651+00:00
2025-01-30 00:00:00-05:00,237.59541819689565,239.7058683175974,236.14200015946125,236.52027893066406,55658300,0.0,0.0,AAPL,2026-01-26 06:13:30.296651+00:00
2025-01-31 00:00:00-05:00,246.0770438113447,246.0770438113447,232.38895238779278,234.9374237060547,100959800,0.0,0.0,AAPL,2026-01-26 06:13:30.296651+00:00
2025-02-03 00:00:00-05:00,228.95449458875606,230.78620649590428,224.6838014511222,226.9833984375,73063300,0.0,0.0,AAPL,2026-01-26 06:13:30.296651+00:00
2025-02-04 00:00:00-05:00,226.2268315478868,232.08036234711574,225.62952690670866,231.75184631347656,45067300,0.0,0.0,AAPL,2026-01-26 06:13:30.296651+00:00
2025-02-05 00:00:00-05:00,227.50106167329415,231.62242106375825,227.24223776986636,231.42332458496094,39620300,0.0,0.0,AAPL,2026-01-26 06:13:30.296651+00:00
2025-02-06 00:00:00-05:00,230.24863411824003,232.74734282564026,229.39250557129796,232.16995239257812,29925300,0.0,0.0,AAPL,2026-01-26 06:13:30.296651+00:00
2025-02-07 00:00:00-05:00,231.5527419594936,232.94643248808816,226.23677336593994,226.60511779785156,39707200,0.0,0.0,AAPL,2026-01-26 06:13:30.296651+00:00
2025-02-10 00:00:00-05:00,228.7876615470872,229.80417456619486,226.42572786906877,226.8741912841797,33115600,0.25,0.0,AAPL,2026-01-26 06:13:30.296651+00:00
2025-02-11 00:00:00-05:00,227.42233485023965,234.42837673351212,227.3525813044295,231.8272705078125,53718400,0.0,0.0,AAPL,2026-01-26 06:13:30.296651+00:00
2025-02-12 00:00:00-05:00,230.41209906543347,236.15247950770552,229.89386689621963,236.06277465820312,45243300,0.0,0.0,AAPL,2026-01-26 06:13:30.296651+00:00
2025-02-13 00:00:00-05:00,236.10264318513748,241.514131106333,234.7672133917818,240.70689392089844,53614100,0.0,0.0,AAPL,2026-01-26 06:13:30.296651+00:00
2025-02-14 00:00:00-05:00,240.4278591482801,244.71320848741047,240.16875066053348,243.76644897460938,40896200,0.0,0.0,AAPL,2026-01-26 06:13:30.296651+00:00
2025-02-18 00:00:00-05:00,243.31796980618805,244.34445851454996,241.01584434943877,243.6368865966797,48822500,0.0,0.0,AAPL,2026-01-26 06:13:30.296651+00:00
2025-02-19 00:00:00-05:00,243.8262313730556,245.17162160901916,242.33134319523683,244.03550720214844,32204200,0.0,0.0,AAPL,2026-01-26 06:13:30.296651+00:00
2025-02-20 00:00:00-05:00,244.10528213544586,245.93900803040836,243.45748811790233,244.99224853515625,32316900,0.0,0.0,AAPL,2026-01-26 06:13:30.296651+00:00
2025-02-21 00:00:00-05:00,245.11182656230832,247.84249441981407,244.38431857946645,244.71319580078125,53197400,0.0,0.0,AAPL,2026-01-26 06:13:30.296651+00:00
2025-02-24 00:00:00-05:00,244.0953010258401,248.01191597096326,243.58704451830639,246.25791931152344,51326400,0.0,0.0,AAPL,2026-01-26 06:13:30.296651+00:00
2025-02-25 00:00:00-05:00,247.15485528022737,249.14803959700342,244.0753891604379,246.1981201171875,48013300,0.0,0.0,AAPL,2026-01-26 06:13:30.296651+00:00
2025-02-26 00:00:00-05:00,243.49736566903925,244.14514449402503,238.3150894487839,239.5408935546875,44433600,0.0,0.0,AAPL,2026-01-26 06:13:30.296651+00:00
2025-02-27 00:00:00-05:00,238.5941277716784,241.6337368385667,236.25213016109495,236.49131774902344,41153600,0.0,0.0,AAPL,2026-01-26 06:13:30.296651+00:00
2025-02-28 00:00:00-05:00,236.14250368420718,241.26498665715278,229.41550676334808,241.01583862304688,56833400,0.0,0.0,AAPL,2026-01-26 06:13:30.296651+00:00
2025-03-03 00:00:00-05:00,240.96600727263495,243.1983791446907,235.30537120652147,237.2188262939453,47184000,0.0,0.0,AAPL,2026-01-26 06:13:30.296651+00:00
2025-03-04 00:00:00-05:00,236.89992456399492,239.25188262538288,233.88023638606123,235.1259765625,53798100,0.0,0.0,AAPL,2026-01-26 06:13:30.296651+00:00
2025-03-05 00:00:00-05:00,234.61771347352882,235.7438674276595,228.44880585950324,234.93663024902344,47227600,0.0,0.0,AAPL,2026-01-26 06:13:30.296651+00:00
2025-03-06 00:00:00-05:00,233.64107919926062,237.0494227188423,232.36544239217005,234.52804565429688,45170400,0.0,0.0,AAPL,2026-01-26 06:13:30.296651+00:00
2025-03-07 00:00:00-05:00,234.30878315837532,240.54744460053885,233.95996981993864,238.2552947998047,46273600,0.0,0.0,AAPL,2026-01-26 06:13:30.296651+00:00
2025-03-10 00:00:00-04:00,234.73730306532093,235.35520052510583,223.45588808739058,226.70477294921875,72071200,0.0,0.0,AAPL,2026-01-26 06:13:30.296651+00:00
2025-03-11 00:00:00-04:00,223.04728218644934,225.0703629938446,216.7089556312574,220.08740234375,76137400,0.0,0.0,AAPL,2026-01-26 06:13:30.296651+00:00
2025-03-12 00:00:00-04:00,219.3897895710681,220.99430349899413,214.17761702040198,216.2405548095703,62547500,0.0,0.0,AAPL,2026-01-26 06:13:30.296651+00:00
2025-03-13 00:00:00-04:00,215.21406028960521,216.10102664759694,207.70972301630272,208.96542358398438,61368300,0.0,0.0,AAPL,2026-01-26 06:13:30.296651+00:00
2025-03-14 00:00:00-04:00,210.53007941159925,213.22087501834247,208.86577244295887,212.762451171875,60107600,0.0,0.0,AAPL,2026-01-26 06:13:30.296651+00:00
2025-03-17 00:00:00-04:00,212.58305520506434,214.48654973692538,209.25444129100026,213.2707061767578,48073400,0.0,0.0,AAPL,2026-01-26 06:13:30.296651+00:00
2025-03-18 00:00:00-04:00,213.43018643369246,214.4168029665515,210.76928711901598,211.96519470214844,42432400,0.0,0.0,AAPL,2026-01-26 06:13:30.296651+00:00
2025-03-19 00:00:00-04:00,213.48995680484757,218.0144781615262,213.0215573102422,214.50648498535156,54385400,0.0,0.0,AAPL,2026-01-26 06:13:30.296651+00:00
2025-03-20 00:00:00-04:00,213.2607660976187,216.74883872802718,211.49679368091097,213.37039184570312,48862900,0.0,0.0,AAPL,2026-01-26 06:13:30.296651+00:00
2025-03-21 00:00:00-04:00,210.83902892918795,218.09421843072647,210.55998434888178,217.5261688232422,94127800,0.0,0.0,AAPL,2026-01-26 06:13:30.296651+00:00
2025-03-24 00:00:00-04:00,220.24685206675267,220.72521201243578,217.8351010318318,219.97776794433594,44299500,0.0,0.0,AAPL,2026-01-26 06:13:30.296651+00:00
2025-03-25 00:00:00-04:00,220.0176475207108,223.3363011191594,219.32999652191663,222.98748779296875,34493600,0.0,0.0,AAPL,2026-01-26 06:13:30.296651+00:00
2025-03-26 00:00:00-04:00,222.7483031053444,224.25316696482244,219.71866969932233,220.77505493164062,34466100,0.0,0.0,AAPL,2026-01-26 06:13:30.296651+00:00
2025-03-27 00:00:00-04:00,220.63554992146092,224.22328797900445,219.8083765580053,223.08717346191406,37094800,0.0,0.0,AAPL,2026-01-26 06:13:30.296651+00:00
2025-03-28 00:00:00-04:00,220.91458161653458,223.04728822423488,216.93817343567548,217.1574249267578,39818600,0.0,0.0,AAPL,2026-01-26 06:13:30.296651+00:00
2025-03-31 00:00:00-04:00,216.27045427307317,224.8511131847691,215.49311362240712,221.37301635742188,65299300,0.0,0.0,AAPL,2026-01-26 06:13:30.296651+00:00
2025-04-01 00:00:00-04:00,219.06091135294477,222.91771798921508,218.15400887457568,222.4293975830078,36412700,0.0,0.0,AAPL,2026-01-26 06:13:30.296651+00:00
2025-04-02 00:00:00-04:00,220.56578026164416,224.4225869866718,220.2667995775576,223.12701416015625,35905900,0.0,0.0,AAPL,2026-01-26 06:13:30.296651+00:00
2025-04-03 00:00:00-04:00,204.8395255545537,206.78289223919597,200.56415230327434,202.49754333496094,103419000,0.0,0.0,AAPL,2026-01-26 06:13:30.296651+00:00
2025-04-04 00:00:00-04:00,193.2292544699453,199.19884701911502,186.70157274086588,187.738037109375,125910900,0.0,0.0,AAPL,2026-01-26 06:13:30.296651+00:00
2025-04-07 00:00:00-04:00,176.59612158290105,193.48835506739644,174.02491207450518,180.84161376953125,160466300,0.0,0.0,AAPL,2026-01-26 06:13:30.296651+00:00
2025-04-08 00:00:00-04:00,186.06374707733985,189.6913418115003,168.63336050772435,171.83241271972656,120859500,0.0,0.0,AAPL,2026-01-26 06:13:30.296651+00:00
2025-04-09 00:00:00-04:00,171.3640242168161,199.92636006312654,171.30423111843703,198.17236328125,184395900,0.0,0.0,AAPL,2026-01-26 06:13:30.296651+00:00
2025-04-10 00:00:00-04:00,188.42568213047016,194.11621470149436,182.37636057603893,189.7710723876953,121880000,0.0,0.0,AAPL,2026-01-26 06:13:30.296651+00:00
2025-04-11 00:00:00-04:00,185.46580802047046,198.85999394662434,185.42593581806156,197.4747314453125,87435900,0.0,0.0,AAPL,2026-01-26 06:13:30.296651+00:00
2025-04-14 00:00:00-04:00,210.7194495182335,212.2143377637297,200.47448329230923,201.82984924316406,101352900,0.0,0.0,AAPL,2026-01-26 06:13:30.296651+00:00
2025-04-15 00:00:00-04:00,201.1720815277121,202.81645240683693,199.11910423874315,201.4511260986328,51343900,0.0,0.0,AAPL,2026-01-26 06:13:30.296651+00:00
2025-04-16 00:00:00-04:00,197.68401406478426,200.01603598224625,191.71442177543545,193.6079559326172,59732400,0.0,0.0,AAPL,2026-01-26 06:13:30.296651+00:00
2025-04-17 00:00:00-04:00,196.5279673080365,198.15241736523095,193.75744237056688,196.3087158203125,52164700,0.0,0.0,AAPL,2026-01-26 06:13:30.296651+00:00
2025-04-21 00:00:00-04:00,192.61136524453693,193.13955785695288,189.1631497833642,192.50173950195312,46742500,0.0,0.0,AAPL,2026-01-26 06:13:30.296651+00:00
2025-04-22 00:00:00-04:00,195.45165216386687,200.9030125684292,195.3021694205859,199.059326171875,52976400,0.0,0.0,AAPL,2026-01-26 06:13:30.296651+00:00
2025-04-23 00:00:00-04:00,205.29797863560773,207.29116289420588,202.10888686320854,203.9027557373047,52929200,0.0,0.0,AAPL,2026-01-26 06:13:30.296651+00:00
2025-04-24 00:00:00-04:00,204.1917755069081,208.11835121294007,202.2484237558185,207.659912109375,47311000,0.0,0.0,AAPL,2026-01-26 06:13:30.296651+00:00
2025-04-25 00:00:00-04:00,205.66671618569228,209.0352025034097,205.49729734578435,208.56680297851562,38222300,0.0,0.0,AAPL,2026-01-26 06:13:30.296651+00:00
2025-04-28 00:00:00-04:00,209.2843516085664,210.77923983434187,206.7530142372406,209.4238739013672,38743100,0.0,0.0,AAPL,2026-01-26 06:13:30.296651+00:00
2025-04-29 00:00:00-04:00,207.978817902887,211.51672307140856,207.6599011161091,210.490234375,36827600,0.0,0.0,AAPL,2026-01-26 06:13:30.296651+00:00
2025-04-30 00:00:00-04:00,208.58674127234366,212.8521544830753,205.96569903614,211.7758331298828,52286500,0.0,0.0,AAPL,2026-01-26 06:13:30.296651+00:00
2025-05-01 00:00:00-04:00,208.3674918385056,213.82881264887993,208.18809734114114,212.59304809570312,57365700,0.0,0.0,AAPL,2026-01-26 06:13:30.296651+00:00
2025-05-02 00:00:00-04:00,205.38766067678682,206.2846026840361,201.47106105284274,204.6501922607422,101010600,0.0,0.0,AAPL,2026-01-26 06:13:30.296651+00:00
2025-05-05 00:00:00-04:00,202.40787903175757,203.4044712176219,197.5345438511527,198.21221923828125,69018500,0.0,0.0,AAPL,2026-01-26 06:13:30.296651+00:00
2025-05-06 00:00:00-04:00,197.5345306234426,199.96620262041338,196.34858356859348,197.83349609375,51216500,0.0,0.0,AAPL,2026-01-26 06:13:30.296651+00:00
2025-05-07 00:00:00-04:00,198.49125449640593,198.7603386318323,192.59143085844198,195.58120727539062,68536700,0.0,0.0,AAPL,2026-01-26 06:13:30.296651+00:00
2025-05-08 00:00:00-04:00,197.04619801698016,199.3682595147921,194.0165494128041,196.81698608398438,50478900,0.0,0.0,AAPL,2026-01-26 06:13:30.296651+00:00
2025-05-09 00:00:00-04:00,198.32183886048443,199.85658408831688,196.86680762308345,197.8534393310547,36453900,0.0,0.0,AAPL,2026-01-26 06:13:30.296651+00:00
2025-05-12 00:00:00-04:00,210.52676720097676,210.82613996616402,206.31563192374182,210.34713745117188,63775800,0.26,0.0,AAPL,2026-01-26 06:13:30.296651+00:00
2025-05-13 00:00:00-04:00,209.98788789546765,212.95164926547025,208.56089957562318,212.48263549804688,51909300,0.0,0.0,AAPL,2026-01-26 06:13:30.296651+00:00
2025-05-14 00:00:00-04:00,211.98367663769176,213.49051386836734,210.13757262915965,211.88389587402344,49325800,0.0,0.0,AAPL,2026-01-26 06:13:30.296651+00:00
2025-05-15 00:00:00-04:00,210.506803034962,212.51258988469863,209.0997617101353,211.00575256347656,45029500,0.0,0.0,AAPL,2026-01-26 06:13:30.296651+00:00
2025-05-16 00:00:00-04:00,211.9138418912236,212.12340739052024,209.3292870180407,210.81614685058594,54737900,0.0,0.0,AAPL,2026-01-26 06:13:30.296651+00:00
2025-05-19 00:00:00-04:00,207.47318710280226,209.0398806327114,203.83084657536088,208.3413543701172,46140500,0.0,0.0,AAPL,2026-01-26 06:13:30.296651+00:00
2025-05-20 00:00:00-04:00,207.23369558110693,208.03201787298204,204.5992426766309,206.42539978027344,42496600,0.0,0.0,AAPL,2026-01-26 06:13:30.296651+00:00
2025-05-21 00:00:00-04:00,204.73893602091724,206.60500227852873,200.28831500749223,201.6654052734375,59211800,0.0,0.0,AAPL,2026-01-26 06:13:30.296651+00:00
2025-05-22 00:00:00-04:00,200.2883071907537,202.32401437172413,199.28041949489233,200.9369354248047,46742400,0.0,0.0,AAPL,2026-01-26 06:13:30.296651+00:00
2025-05-23 00:00:00-04:00,193.26311186041877,197.28464391104225,193.05356158182016,194.85975646972656,78432900,0.0,0.0,AAPL,2026-01-26 06:13:30.296651+00:00
2025-05-27 00:00:00-04:00,197.88337691051132,200.31825293342968,197.01519441683536,199.78936767578125,56288500,0.0,0.0,AAPL,2026-01-26 06:13:30.296651+00:00
2025-05-28 00:00:00-04:00,200.16855762950956,202.30406088976383,199.48000488022652,199.99891662597656,45339700,0.0,0.0,AAPL,2026-01-26 06:13:30.296651+00:00
2025-05-29 00:00:00-04:00,203.15228556391767,203.38179807643976,198.09293019267844,199.5299072265625,51396800,0.0,0.0,AAPL,2026-01-26 06:13:30.296651+00:00
2025-05-30 00:00:00-04:00,198.95112277889336,201.53569281345096,196.36656797106642,200.4280242919922,70819900,0.0,0.0,AAPL,2026-01-26 06:13:30.296651+00:00
2025-06-02 00:00:00-04:00,199.85921507319503,201.70533435611304,199.69954757512772,201.27622985839844,35423300,0.0,0.0,AAPL,2026-01-26 06:13:30.296651+00:00
2025-06-03 00:00:00-04:00,200.92696184786135,203.34187550579085,200.53778186221837,202.84292602539062,46381600,0.0,0.0,AAPL,2026-01-26 06:13:30.296651+00:00
2025-06-04 00:00:00-04:00,202.48369763994597,205.80670326672896,201.67540185470463,202.39389038085938,43604000,0.0,0.0,AAPL,2026-01-26 06:13:30.296651+00:00
2025-06-05 00:00:00-04:00,203.07246156364138,204.3198354061699,199.7294935749724,200.20849609375,55126100,0.0,0.0,AAPL,2026-01-26 06:13:30.296651+00:00
2025-06-06 00:00:00-04:00,202.57349663849442,205.26782088834017,201.62549563553227,203.49156188964844,46607700,0.0,0.0,AAPL,2026-01-26 06:13:30.296651+00:00
2025-06-09 00:00:00-04:00,203.96058960802065,205.56720771427428,199.59977555964565,201.02676391601562,72862600,0.0,0.0,AAPL,2026-01-26 06:13:30.296651+00:00
2025-06-10 00:00:00-04:00,200.1785434107301,203.92066462184746,200.14860765917956,202.2441864013672,54672600,0.0,0.0,AAPL,2026-01-26 06:13:30.296651+00:00
2025-06-11 00:00:00-04:00,203.0724503091444,204.07034932786254,197.99314795828434,198.36236572265625,60989900,0.0,0.0,AAPL,2026-01-26 06:13:30.296651+00:00
2025-06-12 00:00:00-04:00,198.66173587371065,199.26046614106752,196.94534836583952,198.78147888183594,43904600,0.0,0.0,AAPL,2026-01-26 06:13:30.296651+00:00
2025-06-13 00:00:00-04:00,199.3103695725812,199.9490243445518,195.2888376882346,196.03726196289062,51447300,0.0,0.0,AAPL,2026-01-26 06:13:30.296651+00:00
2025-06-16 00:00:00-04:00,196.8854859861783,198.27256505925683,196.1470352061455,198.0031280517578,43020700,0.0,0.0,AAPL,2026-01-26 06:13:30.296651+00:00
2025-06-17 00:00:00-04:00,196.78567812068002,197.97318035709665,194.79986887227625,195.2289581298828,38856200,0.0,0.0,AAPL,2026-01-26 06:13:30.296651+00:00
2025-06-18 00:00:00-04:00,195.52832221137376,197.15490236836843,194.66015499959357,196.16697692871094,45394700,0.0,0.0,AAPL,2026-01-26 06:13:30.296651+00:00
2025-06-20 00:00:00-04:00,197.8235020126397,201.27622400422058,196.44639652864126,200.57769775390625,96813500,0.0,0.0,AAPL,2026-01-26 06:13:30.296651+00:00
2025-06-23 00:00:00-04:00,201.20639190632414,201.87498244787415,198.54200324907936,201.07666015625,55814300,0.0,0.0,AAPL,2026-01-26 06:13:30.296651+00:00
2025-06-24 00:00:00-04:00,202.16436301176623,203.0125832870988,199.77938491343542,199.87918090820312,54064000,0.0,0.0,AAPL,2026-01-26 06:13:30.296651+00:00
2025-06-25 00:00:00-04:00,201.0267661369261,203.2421033073339,200.19850807531137,201.13653564453125,39525700,0.0,0.0,AAPL,2026-01-26 06:13:30.296651+00:00
2025-06-26 00:00:00-04:00,201.00678701240994,202.2142514946699,199.04094000321476,200.57769775390625,50799100,0.0,0.0,AAPL,2026-01-26 06:13:30.296651+00:00
2025-06-27 00:00:00-04:00,201.4658274879402,202.7930349784745,199.57979899649257,200.65753173828125,73188600,0.0,0.0,AAPL,2026-01-26 06:13:30.296651+00:00
2025-06-30 00:00:00-04:00,201.58557286233471,206.95427439094752,198.84135059390303,204.7389373779297,91912800,0.0,0.0,AAPL,2026-01-26 06:13:30.296651+00:00
2025-07-01 00:00:00-04:00,206.23578409144605,209.74839282792448,205.70689884063935,207.3833770751953,78788900,0.0,0.0,AAPL,2026-01-26 06:13:30.296651+00:00
2025-07-02 00:00:00-04:00,208.47108532398713,212.8917706186518,207.7026988246806,211.99366760253906,67941800,0.0,0.0,AAPL,2026-01-26 06:13:30.296651+00:00
2025-07-03 00:00:00-04:00,211.70428104663077,214.19902871499423,211.36499901814886,213.10134887695312,34955800,0.0,0.0,AAPL,2026-01-26 06:13:30.296651+00:00
2025-07-07 00:00:00-04:00,212.23315593085263,215.77570049162512,208.36131809352125,209.50889587402344,50229000,0.0,0.0,AAPL,2026-01-26 06:13:30.296651+00:00
2025-07-08 00:00:00-04:00,209.658593847986,210.98578616820197,208.01205130024096,209.5687713623047,42848900,0.0,0.0,AAPL,2026-01-26 06:13:30.296651+00:00
2025-07-09 00:00:00-04:00,209.0897778625777,210.8859991217609,206.78463359109693,210.69639587402344,48749400,0.0,0.0,AAPL,2026-01-26 06:13:30.296651+00:00
2025-07-10 00:00:00-04:00,210.06771262581316,213.03147386855414,209.58872537016995,211.96372985839844,44443600,0.0,0.0,AAPL,2026-01-26 06:13:30.296651+00:00
2025-07-11 00:00:00-04:00,210.12759762046792,211.68431760849728,209.41908263784933,210.7163543701172,39765800,0.0,0.0,AAPL,2026-01-26 06:13:30.296651+00:00
2025-07-14 00:00:00-04:00,209.48893166698292,210.46688365912564,207.10395364435493,208.1816864013672,38840100,0.0,0.0,AAPL,2026-01-26 06:13:30.296651+00:00
2025-07-15 00:00:00-04:00,208.7804390594974,211.44482767792792,208.48106630115817,208.67066955566406,42296300,0.0,0.0,AAPL,2026-01-26 06:13:30.296651+00:00
2025-07-16 00:00:00-04:00,209.8581806046168,211.95375954691573,208.2016644692293,209.71847534179688,47490500,0.0,0.0,AAPL,2026-01-26 06:13:30.296651+00:00
2025-07-17 00:00:00-04:00,210.12759810142074,211.3550095983717,209.14964612579556,209.57875061035156,48068100,0.0,0.0,AAPL,2026-01-26 06:13:30.296651+00:00
2025-07-18 00:00:00-04:00,210.42696659875526,211.34503189230253,209.25942654413325,210.73631286621094,48974600,0.0,0.0,AAPL,2026-01-26 06:13:30.296651+00:00
2025-07-21 00:00:00-04:00,211.65437808070223,215.3266389893317,211.18536434566,212.0335693359375,51377400,0.0,0.0,AAPL,2026-01-26 06:13:30.296651+00:00
2025-07-22 00:00:00-04:00,212.69220709721728,214.49840197701596,211.78411528941558,213.94955444335938,46404100,0.0,0.0,AAPL,2026-01-26 06:13:30.296651+00:00
2025-07-23 00:00:00-04:00,214.54829351654996,214.69797228179937,211.9637386583707,213.7000732421875,46989300,0.0,0.0,AAPL,2026-01-26 06:13:30.296651+00:00
2025-07-24 00:00:00-04:00,213.45058781785585,215.2368355364858,213.08137006420023,213.31088256835938,46022600,0.0,0.0,AAPL,2026-01-26 06:13:30.296651+00:00
2025-07-25 00:00:00-04:00,214.24891808809048,214.7877920897316,212.95164630742312,213.43064880371094,40268800,0.0,0.0,AAPL,2026-01-26 06:13:30.296651+00:00
2025-07-28 00:00:00-04:00,213.5803337758995,214.39861831079742,212.61237047326716,213.6002960205078,37858000,0.0,0.0,AAPL,2026-01-26 06:13:30.296651+00:00
2025-07-29 00:00:00-04:00,213.73000061776605,214.3586818606333,210.37707459375494,210.8261260986328,51411700,0.0,0.0,AAPL,2026-01-26 06:13:30.296651+00:00
2025-07-30 00:00:00-04:00,211.454797150492,211.94377315400357,207.28358653790625,208.6107940673828,45512500,0.0,0.0,AAPL,2026-01-26 06:13:30.296651+00:00
2025-07-31 00:00:00-04:00,208.0519764228089,209.39913099136336,206.72476887181696,207.1339111328125,80698400,0.0,0.0,AAPL,2026-01-26 06:13:30.296651+00:00
2025-08-01 00:00:00-04:00,210.4269720875647,213.1312852679161,201.07666267114303,201.95481872558594,104434500,0.0,0.0,AAPL,2026-01-26 06:13:30.296651+00:00
2025-08-04 00:00:00-04:00,204.0803265791815,207.44325668811337,201.25627047720934,202.9227752685547,75109300,0.0,0.0,AAPL,2026-01-26 06:13:30.296651+00:00
2025-08-05 00:00:00-04:00,202.97265486934364,204.90858140720596,201.73526982787092,202.49366760253906,44155100,0.0,0.0,AAPL,2026-01-26 06:13:30.296651+00:00
2025-08-06 00:00:00-04:00,205.19798558200998,214.9275012748427,205.15806109322384,212.80197143554688,108483100,0.0,0.0,AAPL,2026-01-26 06:13:30.296651+00:00
2025-08-07 00:00:00-04:00,218.42014073215765,220.38600300495352,216.12496995802366,219.56771850585938,90224800,0.0,0.0,AAPL,2026-01-26 06:13:30.296651+00:00
2025-08-08 00:00:00-04:00,220.36604479784603,230.5146761138317,218.78936250198095,228.86814880371094,113854000,0.0,0.0,AAPL,2026-01-26 06:13:30.296651+00:00
2025-08-11 00:00:00-04:00,227.6992650180531,229.33767612130436,224.54232171734583,226.95997619628906,61806100,0.26,0.0,AAPL,2026-01-26 06:13:30.296651+00:00
2025-08-12 00:00:00-04:00,227.78917070894937,230.57647717809445,226.8500938879156,229.42758178710938,55626200,0.0,0.0,AAPL,2026-01-26 06:13:30.296651+00:00
2025-08-13 00:00:00-04:00,230.8462285986664,234.77241529044048,230.2068337695816,233.10403442382812,69878500,0.0,0.0,AAPL,2026-01-26 06:13:30.296651+00:00
2025-08-14 00:00:00-04:00,233.83332460758467,234.89229562265464,230.6264418350812,232.5545654296875,51916300,0.0,0.0,AAPL,2026-01-26 06:13:30.296651+00:00
2025-08-15 00:00:00-04:00,233.77337703316005,234.0531046408583,229.11788646444978,231.36570739746094,56038700,0.0,0.0,AAPL,2026-01-26 06:13:30.296651+00:00
2025-08-18 00:00:00-04:00,231.47561022214762,232.89423321308522,229.88715369469057,230.66639709472656,37476200,0.0,0.0,AAPL,2026-01-26 06:13:30.296651+00:00
2025-08-19 00:00:00-04:00,231.05601964615855,232.64447617946885,229.1278960385577,230.3367156982422,39402600,0.0,0.0,AAPL,2026-01-26 06:13:30.296651+00:00
2025-08-20 00:00:00-04:00,229.75726351111018,230.24679444121838,225.55134937034353,225.79110717773438,42263900,0.0,0.0,AAPL,2026-01-26 06:13:30.296651+00:00
2025-08-21 00:00:00-04:00,226.05087353353895,226.30063142153253,223.56327948127884,224.68218994140625,30621200,0.0,0.0,AAPL,2026-01-26 06:13:30.296651+00:00
2025-08-22 00:00:00-04:00,225.95095699429655,228.8681272027074,225.1916985271248,227.53941345214844,42477800,0.0,0.0,AAPL,2026-01-26 06:13:30.296651+00:00
2025-08-25 00:00:00-04:00,226.26065308481304,229.07792927219558,226.01089520624416,226.94000244140625,30983100,0.0,0.0,AAPL,2026-01-26 06:13:30.296651+00:00
2025-08-26 00:00:00-04:00,226.65028173376106,229.26775474756235,224.4724002828088,229.08792114257812,54575100,0.0,0.0,AAPL,2026-01-26 06:13:30.296651+00:00
2025-08-27 00:00:00-04:00,228.38860049855515,230.676376013076,228.03893336267103,230.26678466796875,31259500,0.0,0.0,AAPL,2026-01-26 06:13:30.296651+00:00
2025-08-28 00:00:00-04:00,230.59647266873003,233.18396075811214,229.11789497993007,232.33477783203125,38074700,0.0,0.0,AAPL,2026-01-26 06:13:30.296651+00:00
2025-08-29 00:00:00-04:00,232.28481317583598,233.15398096397084,231.145917853049,231.91517639160156,39418400,0.0,0.0,AAPL,2026-01-26 06:13:30.296651+00:00
2025-09-02 00:00:00-04:00,229.02798202980685,230.62643860177437,226.75019132336067,229.49752807617188,44075600,0.0,0.0,AAPL,2026-01-26 06:13:30.296651+00:00
2025-09-03 00:00:00-04:00,236.98028515930878,238.6186963224971,234.133039090421,238.2390594482422,66427800,0.0,0.0,AAPL,2026-01-26 06:13:30.296651+00:00
2025-09-04 00:00:00-04:00,238.21906152531412,239.66765417218173,236.51072617258424,239.5477752685547,47549400,0.0,0.0,AAPL,2026-01-26 06:13:30.296651+00:00
2025-09-05 00:00:00-04:00,239.76756781945676,241.08629675958926,238.25903569310344,239.45787048339844,54870400,0.0,0.0,AAPL,2026-01-26 06:13:30.296651+00:00
2025-09-08 00:00:00-04:00,239.06825064349684,239.91741830634814,236.11111057683257,237.64962768554688,48999500,0.0,0.0,AAPL,2026-01-26 06:13:30.296651+00:00
2025-09-09 00:00:00-04:00,236.77047435136637,238.5487492683241,233.13400016518182,234.123046875,66313900,0.0,0.0,AAPL,2026-01-26 06:13:30.296651+00:00
2025-09-10 00:00:00-04:00,231.96513778704139,232.19491077497392,225.73117543382176,226.5703582763672,83440800,0.0,0.0,AAPL,2026-01-26 06:13:30.296651+00:00
2025-09-11 00:00:00-04:00,226.66027725307507,230.22681187017153,226.43048902665416,229.80722045898438,50208600,0.0,0.0,AAPL,2026-01-26 06:13:30.296651+00:00
2025-09-12 00:00:00-04:00,228.9980136278554,234.28288383192944,228.79821036620638,233.84332275390625,55824200,0.0,0.0,AAPL,2026-01-26 06:13:30.296651+00:00
2025-09-15 00:00:00-04:00,236.77047667310174,237.95932665324483,234.80238330570734,236.47076416015625,42699500,0.0,0.0,AAPL,2026-01-26 06:13:30.296651+00:00
2025-09-16 00:00:00-04:00,236.9502954777413,240.98639147239973,236.09114297984144,237.9193572998047,63421100,0.0,0.0,AAPL,2026-01-26 06:13:30.296651+00:00
2025-09-17 00:00:00-04:00,238.73857528095925,239.86748583209587,237.4997706474641,238.75856018066406,46508000,0.0,0.0,AAPL,2026-01-26 06:13:30.296651+00:00
2025-09-18 00:00:00-04:00,239.737599946219,240.9664044724694,236.4208079152849,237.64962768554688,44249600,0.0,0.0,AAPL,2026-01-26 06:13:30.296651+00:00
2025-09-19 00:00:00-04:00,240.99636870073516,246.06146581163878,239.9773675285625,245.26223754882812,163741300,0.0,0.0,AAPL,2026-01-26 06:13:30.296651+00:00
2025-09-22 00:00:00-04:00,248.05953649140056,256.3914711896616,247.8797028858207,255.8319854736328,105517400,0.0,0.0,AAPL,2026-01-26 06:13:30.296651+00:00
2025-09-23 00:00:00-04:00,255.63220171436936,257.0907792625319,253.33442606621003,254.18359375,60275200,0.0,0.0,AAPL,2026-01-26 06:13:30.296651+00:00
2025-09-24 00:00:00-04:00,254.9728287261993,255.4923293909784,250.79686899703333,252.06564331054688,42303700,0.0,0.0,AAPL,2026-01-26 06:13:30.296651+00:00
2025-09-25 00:00:00-04:00,252.96477212582877,256.9209435623003,251.466224879955,256.6212158203125,55202100,0.0,0.0,AAPL,2026-01-26 06:13:30.296651+00:00
2025-09-26 00:00:00-04:00,253.8539172209246,257.3505275669758,253.5342198150173,255.2126007080078,46076300,0.0,0.0,AAPL,2026-01-26 06:13:30.296651+00:00
2025-09-29 00:00:00-04:00,254.31347273152574,254.75304905914027,252.76497075706976,254.18359375,40127700,0.0,0.0,AAPL,2026-01-26 06:13:30.296651+00:00
2025-09-30 00:00:00-04:00,254.61318058017173,255.67215158054225,252.8648753735947,254.38340759277344,37704300,0.0,0.0,AAPL,2026-01-26 06:13:30.296651+00:00
2025-10-01 00:00:00-04:00,254.7929996074261,258.53938316103813,254.6831055272507,255.20260620117188,48713900,0.0,0.0,AAPL,2026-01-26 06:13:30.296651+00:00
2025-10-02 00:00:00-04:00,256.33149581258533,257.9299523535748,253.9038565188199,256.8809814453125,42630200,0.0,0.0,AAPL,2026-01-26 06:13:30.296651+00:00
2025-10-03 00:00:00-04:00,254.42336451804394,258.9889308017334,253.70406057825727,257.7701110839844,49155600,0.0,0.0,AAPL,2026-01-26 06:13:30.296651+00:00
2025-10-06 00:00:00-04:00,257.7401350456914,258.819106172963,254.80299514816292,256.44140625,44664100,0.0,0.0,AAPL,2026-01-26 06:13:30.296651+00:00
2025-10-07 00:00:00-04:00,256.56129542181253,257.15072039039774,255.18262697514498,256.23162841796875,31955800,0.0,0.0,AAPL,2026-01-26 06:13:30.296651+00:00
2025-10-08 00:00:00-04:00,256.2715719294531,258.2696351050741,255.8619653198879,257.8100891113281,36496900,0.0,0.0,AAPL,2026-01-26 06:13:30.296651+00:00
2025-10-09 00:00:00-04:00,257.5603136690899,257.75013209688524,252.8948383011137,253.79396057128906,38322000,0.0,0.0,AAPL,2026-01-26 06:13:30.296651+00:00
2025-10-10 00:00:00-04:00,254.69310389004832,256.13171175032437,243.76369637579657,245.032470703125,61999100,0.0,0.0,AAPL,2026-01-26 06:13:30.296651+00:00
2025-10-13 00:00:00-04:00,249.13848619669534,249.44818352992385,245.32217845998096,247.42015075683594,38142900,0.0,0.0,AAPL,2026-01-26 06:13:30.296651+00:00
2025-10-14 00:00:00-04:00,246.36117950382103,248.60900042906025,244.46301046499008,247.53004455566406,35478000,0.0,0.0,AAPL,2026-01-26 06:13:30.296651+00:00
2025-10-15 00:00:00-04:00,249.24838988167792,251.5761352503302,247.2303418581919,249.09852600097656,33893600,0.0,0.0,AAPL,2026-01-26 06:13:30.296651+00:00
2025-10-16 00:00:00-04:00,248.00958596667436,248.79881419551728,244.8926123625184,247.21035766601562,39777000,0.0,0.0,AAPL,2026-01-26 06:13:30.296651+00:00
2025-10-17 00:00:00-04:00,247.77980070207627,253.13461023404025,247.03052706557392,252.045654296875,49147000,0.0,0.0,AAPL,2026-01-26 06:13:30.296651+00:00
2025-10-20 00:00:00-04:00,255.64218177653177,264.1239650925819,255.3824390623343,261.98602294921875,90483000,0.0,0.0,AAPL,2026-01-26 06:13:30.296651+00:00
2025-10-21 00:00:00-04:00,261.6263807259345,265.03308188579996,261.5764108568555,262.5155029296875,46695900,0.0,0.0,AAPL,2026-01-26 06:13:30.296651+00:00
2025-10-22 00:00:00-04:00,262.3956210979312,262.5954395959732,255.18261234613632,258.19970703125,45015300,0.0,0.0,AAPL,2026-01-26 06:13:30.296651+00:00
2025-10-23 00:00:00-04:00,259.68824995662277,260.36758405794774,257.76012648314656,259.3285827636719,32754900,0.0,0.0,AAPL,2026-01-26 06:13:30.296651+00:00
2025-10-24 00:00:00-04:00,260.93706434715574,263.87421967110856,258.9290010880386,262.56549072265625,38253700,0.0,0.0,AAPL,2026-01-26 06:13:30.296651+00:00
2025-10-27 00:00:00-04:00,264.6234656652487,268.8593494221352,264.3936774471076,268.5496520996094,44888200,0.0,0.0,AAPL,2026-01-26 06:13:30.296651+00:00
2025-10-28 00:00:00-04:00,268.7294713644567,269.6286240979669,267.8902885694659,268.7394714355469,41534800,0.0,0.0,AAPL,2026-01-26 06:13:30.296651+00:00
2025-10-29 00:00:00-04:00,269.01920560410514,271.1471476128123,266.85129379808274,269.4388122558594,51086700,0.0,0.0,AAPL,2026-01-26 06:13:30.296651+00:00
2025-10-30 00:00:00-04:00,271.72657092903916,273.87451306817263,268.2199910571769,271.13714599609375,69886500,0.0,0.0,AAPL,2026-01-26 06:13:30.296651+00:00
2025-10-31 00:00:00-04:00,276.721738255342,277.05143573891627,268.89933466249033,270.108154296875,86167100,0.0,0.0,AAPL,2026-01-26 06:13:30.296651+00:00
2025-11-03 00:00:00-05:00,270.15812755648943,270.5877038096653,265.9921525413924,268.7894287109375,50194600,0.0,0.0,AAPL,2026-01-26 06:13:30.296651+00:00
2025-11-04 00:00:00-05:00,268.0701070960229,271.22705027239556,267.36080327265466,269.7784729003906,49274800,0.0,0.0,AAPL,2026-01-26 06:13:30.296651+00:00
2025-11-05 00:00:00-05:00,268.3498399683747,271.43687417180433,266.67147434431234,269.8783874511719,43683100,0.0,0.0,AAPL,2026-01-26 06:13:30.296651+00:00
2025-11-06 00:00:00-05:00,267.6305743388968,273.1352174017799,267.6305743388968,269.50872802734375,51204000,0.0,0.0,AAPL,2026-01-26 06:13:30.296651+00:00
2025-11-07 00:00:00-05:00,269.5386899523433,272.02629915101613,266.51162568814635,268.2099914550781,48227400,0.0,0.0,AAPL,2026-01-26 06:13:30.296651+00:00
2025-11-10 00:00:00-05:00,268.9599914550781,273.7300109863281,267.4599914550781,269.42999267578125,41312400,0.26,0.0,AAPL,2026-01-26 06:13:30.296651+00:00
2025-11-11 00:00:00-05:00,269.80999755859375,275.9100036621094,269.79998779296875,275.25,46208300,0.0,0.0,AAPL,2026-01-26 06:13:30.296651+00:00
2025-11-12 00:00:00-05:00,275.0,275.7300109863281,271.70001220703125,273.4700012207031,48398000,0.0,0.0,AAPL,2026-01-26 06:13:30.296651+00:00
2025-11-13 00:00:00-05:00,274.1099853515625,276.70001220703125,272.0899963378906,272.95001220703125,49602800,0.0,0.0,AAPL,2026-01-26 06:13:30.296651+00:00
2025-11-14 00:00:00-05:00,271.04998779296875,275.9599914550781,269.6000061035156,272.4100036621094,47431300,0.0,0.0,AAPL,2026-01-26 06:13:30.296651+00:00
2025-11-17 00:00:00-05:00,268.82000732421875,270.489990234375,265.7300109863281,267.4599914550781,45018300,0.0,0.0,AAPL,2026-01-26 06:13:30.296651+00:00
2025-11-18 00:00:00-05:00,269.989990234375,270.7099914550781,265.32000732421875,267.44000244140625,45677300,0.0,0.0,AAPL,2026-01-26 06:13:30.296651+00:00
2025-11-19 00:00:00-05:00,265.5299987792969,272.2099914550781,265.5,268.55999755859375,40424500,0.0,0.0,AAPL,2026-01-26 06:13:30.296651+00:00
2025-11-20 00:00:00-05:00,270.8299865722656,275.42999267578125,265.9200134277344,266.25,45823600,0.0,0.0,AAPL,2026-01-26 06:13:30.296651+00:00
2025-11-21 00:00:00-05:00,265.95001220703125,273.3299865722656,265.6700134277344,271.489990234375,59030800,0.0,0.0,AAPL,2026-01-26 06:13:30.296651+00:00
2025-11-24 00:00:00-05:00,270.8999938964844,277.0,270.8999938964844,275.9200134277344,65585800,0.0,0.0,AAPL,2026-01-26 06:13:30.296651+00:00
2025-11-25 00:00:00-05:00,275.2699890136719,280.3800048828125,275.25,276.9700012207031,46914200,0.0,0.0,AAPL,2026-01-26 06:13:30.296651+00:00
2025-11-26 00:00:00-05:00,276.9599914550781,279.5299987792969,276.6300048828125,277.54998779296875,33431400,0.0,0.0,AAPL,2026-01-26 06:13:30.296651+00:00
2025-11-28 00:00:00-05:00,277.260009765625,279.0,275.989990234375,278.8500061035156,20135600,0.0,0.0,AAPL,2026-01-26 06:13:30.296651+00:00
2025-12-01 00:00:00-05:00,278.010009765625,283.4200134277344,276.1400146484375,283.1000061035156,46587700,0.0,0.0,AAPL,2026-01-26 06:13:30.296651+00:00
2025-12-02 00:00:00-05:00,283.0,287.3999938964844,282.6300048828125,286.19000244140625,53669500,0.0,0.0,AAPL,2026-01-26 06:13:30.296651+00:00
2025-12-03 00:00:00-05:00,286.20001220703125,288.6199951171875,283.29998779296875,284.1499938964844,43538700,0.0,0.0,AAPL,2026-01-26 06:13:30.296651+00:00
2025-12-04 00:00:00-05:00,284.1000061035156,284.7300109863281,278.5899963378906,280.70001220703125,43989100,0.0,0.0,AAPL,2026-01-26 06:13:30.296651+00:00
2025-12-05 00:00:00-05:00,280.5400085449219,281.1400146484375,278.04998779296875,278.7799987792969,47265800,0.0,0.0,AAPL,2026-01-26 06:13:30.296651+00:00
2025-12-08 00:00:00-05:00,278.1300048828125,279.6700134277344,276.1499938964844,277.8900146484375,38211800,0.0,0.0,AAPL,2026-01-26 06:13:30.296651+00:00
2025-12-09 00:00:00-05:00,278.1600036621094,280.0299987792969,276.9200134277344,277.17999267578125,32193300,0.0,0.0,AAPL,2026-01-26 06:13:30.296651+00:00
2025-12-10 00:00:00-05:00,277.75,279.75,276.44000244140625,278.7799987792969,33038300,0.0,0.0,AAPL,2026-01-26 06:13:30.296651+00:00
2025-12-11 00:00:00-05:00,279.1000061035156,279.5899963378906,273.80999755859375,278.0299987792969,33248000,0.0,0.0,AAPL,2026-01-26 06:13:30.296651+00:00
2025-12-12 00:00:00-05:00,277.8999938964844,279.2200012207031,276.82000732421875,278.2799987792969,39532900,0.0,0.0,AAPL,2026-01-26 06:13:30.296651+00:00
2025-12-15 00:00:00-05:00,280.1499938964844,280.1499938964844,272.8399963378906,274.1099853515625,50409100,0.0,0.0,AAPL,2026-01-26 06:13:30.296651+00:00
2025-12-16 00:00:00-05:00,272.82000732421875,275.5,271.7900085449219,274.6099853515625,37648600,0.0,0.0,AAPL,2026-01-26 06:13:30.296651+00:00
2025-12-17 00:00:00-05:00,275.010009765625,276.1600036621094,271.6400146484375,271.8399963378906,50138700,0.0,0.0,AAPL,2026-01-26 06:13:30.296651+00:00
2025-12-18 00:00:00-05:00,273.6099853515625,273.6300048828125,266.95001220703125,272.19000244140625,51630700,0.0,0.0,AAPL,2026-01-26 06:13:30.296651+00:00
2025-12-19 00:00:00-05:00,272.1499938964844,274.6000061035156,269.8999938964844,273.6700134277344,144632000,0.0,0.0,AAPL,2026-01-26 06:13:30.296651+00:00
2025-12-22 00:00:00-05:00,272.8599853515625,273.8800048828125,270.510009765625,270.9700012207031,36571800,0.0,0.0,AAPL,2026-01-26 06:13:30.296651+00:00
2025-12-23 00:00:00-05:00,270.8399963378906,272.5,269.55999755859375,272.3599853515625,29642000,0.0,0.0,AAPL,2026-01-26 06:13:30.296651+00:00
2025-12-24 00:00:00-05:00,272.3399963378906,275.42999267578125,272.20001220703125,273.80999755859375,17910600,0.0,0.0,AAPL,2026-01-26 06:13:30.296651+00:00
2025-12-26 00:00:00-05:00,274.1600036621094,275.3699951171875,272.8599853515625,273.3999938964844,21521800,0.0,0.0,AAPL,2026-01-26 06:13:30.296651+00:00
2025-12-29 00:00:00-05:00,272.69000244140625,274.3599853515625,272.3500061035156,273.760009765625,23715200,0.0,0.0,AAPL,2026-01-26 06:13:30.296651+00:00
2025-12-30 00:00:00-05:00,272.80999755859375,274.0799865722656,272.2799987792969,273.0799865722656,22139600,0.0,0.0,AAPL,2026-01-26 06:13:30.296651+00:00
2025-12-31 00:00:00-05:00,273.05999755859375,273.67999267578125,271.75,271.8599853515625,27293600,0.0,0.0,AAPL,2026-01-26 06:13:30.296651+00:00
2026-01-02 00:00:00-05:00,272.260009765625,277.8399963378906,269.0,271.010009765625,37838100,0.0,0.0,AAPL,2026-01-26 06:13:30.296651+00:00
2026-01-05 00:00:00-05:00,270.6400146484375,271.510009765625,266.1400146484375,267.260009765625,45647200,0.0,0.0,AAPL,2026-01-26 06:13:30.296651+00:00
2026-01-06 00:00:00-05:00,267.0,267.54998779296875,262.1199951171875,262.3599853515625,52352100,0.0,0.0,AAPL,2026-01-26 06:13:30.296651+00:00
2026-01-07 00:00:00-05:00,263.20001220703125,263.67999267578125,259.80999755859375,260.3299865722656,48309800,0.0,0.0,AAPL,2026-01-26 06:13:30.296651+00:00
2026-01-08 00:00:00-05:00,257.0199890136719,259.2900085449219,255.6999969482422,259.0400085449219,50419300,0.0,0.0,AAPL,2026-01-26 06:13:30.296651+00:00
2026-01-09 00:00:00-05:00,259.0799865722656,260.2099914550781,256.2200012207031,259.3699951171875,39997000,0.0,0.0,AAPL,2026-01-26 06:13:30.296651+00:00
2026-01-12 00:00:00-05:00,259.1600036621094,261.29998779296875,256.79998779296875,260.25,45263800,0.0,0.0,AAPL,2026-01-26 06:13:30.296651+00:00
2026-01-13 00:00:00-05:00,258.7200012207031,261.80999755859375,258.3900146484375,261.04998779296875,45730800,0.0,0.0,AAPL,2026-01-26 06:13:30.296651+00:00
2026-01-14 00:00:00-05:00,259.489990234375,261.82000732421875,256.7099914550781,259.9599914550781,40019400,0.0,0.0,AAPL,2026-01-26 06:13:30.296651+00:00
2026-01-15 00:00:00-05:00,260.6499938964844,261.0400085449219,257.04998779296875,258.2099914550781,39388600,0.0,0.0,AAPL,2026-01-26 06:13:30.296651+00:00
2026-01-16 00:00:00-05:00,257.8999938964844,258.8999938964844,254.92999267578125,255.52999877929688,72142800,0.0,0.0,AAPL,2026-01-26 06:13:30.296651+00:00
2026-01-20 00:00:00-05:00,252.72999572753906,254.7899932861328,243.4199981689453,246.6999969482422,80267500,0.0,0.0,AAPL,2026-01-26 06:13:30.296651+00:00
2026-01-21 00:00:00-05:00,248.6999969482422,251.55999755859375,245.17999267578125,247.64999389648438,54641700,0.0,0.0,AAPL,2026-01-26 06:13:30.296651+00:00
2026-01-22 00:00:00-05:00,249.1999969482422,251.0,248.14999389648438,248.35000610351562,39708300,0.0,0.0,AAPL,2026-01-26 06:13:30.296651+00:00
2026-01-23 00:00:00-05:00,247.32000732421875,249.41000366210938,244.67999267578125,248.0399932861328,41625700,0.0,0.0,AAPL,2026-01-26 06:13:30.296651+00:00
