Date,Open,High,Low,Close,Volume,Dividends,Stock Splits,symbol,extracted_at
2022-01-03 00:00:00-05:00,174.17621628400974,179.12245940789794,174.05868664745196,178.27032470703125,104487900,0.0,0.0,AAPL,2026-01-08 10:04:43.992783+00:00
2022-01-04 00:00:00-05:00,178.87757285498617,179.18120100693088,175.43968197842852,176.0077667236328,99310400,0.0,0.0,AAPL,2026-01-08 10:04:43.992783+00:00
2022-01-05 00:00:00-05:00,175.91962765597447,176.46811917460536,171.0517430102158,171.32598876953125,94537600,0.0,0.0,AAPL,2026-01-08 10:04:43.992783+00:00
2022-01-06 00:00:00-05:00,169.15161788468467,171.69820298422886,168.11339955718992,168.46600341796875,96904000,0.0,0.0,AAPL,2026-01-08 10:04:43.992783+00:00
2022-01-07 00:00:00-05:00,169.33766907213513,170.56198561495097,167.51588545861432,168.63246154785156,86709100,0.0,0.0,AAPL,2026-01-08 10:04:43.992783+00:00
2022-01-10 00:00:00-05:00,165.6059836604726,168.95571251516662,164.71467747425172,168.65208435058594,106765600,0.0,0.0,AAPL,2026-01-08 10:04:43.992783+00:00
2022-01-11 00:00:00-05:00,168.77944066896987,171.58066343731596,167.3102603634751,171.48272705078125,76138300,0.0,0.0,AAPL,2026-01-08 10:04:43.992783+00:00
2022-01-12 00:00:00-05:00,172.50133585944042,173.53955411934612,171.22805833783443,171.9234619140625,74805200,0.0,0.0,AAPL,2026-01-08 10:04:43.992783+00:00
2022-01-13 00:00:00-05:00,172.16831849084767,172.9910557649256,168.26029402106818,168.65208435058594,84505800,0.0,0.0,AAPL,2026-01-08 10:04:43.992783+00:00
2022-01-14 00:00:00-05:00,167.81952731493655,170.20939579349408,167.57466398631828,169.5139923095703,80440800,0.0,0.0,AAPL,2026-01-08 10:04:43.992783+00:00
2022-01-18 00:00:00-05:00,167.98604466295757,168.99488045377709,165.92920152184269,166.31118774414062,90956700,0.0,0.0,AAPL,2026-01-08 10:04:43.992783+00:00
2022-01-19 00:00:00-05:00,166.50705720159695,167.56486853489844,162.5304792855551,162.81451416015625,94815000,0.0,0.0,AAPL,2026-01-08 10:04:43.992783+00:00
2022-01-20 00:00:00-05:00,163.54911855874857,166.19363965286126,160.8066461501134,161.12986755371094,91420500,0.0,0.0,AAPL,2026-01-08 10:04:43.992783+00:00
2022-01-21 00:00:00-05:00,161.0417244969125,162.9124840575923,158.96528809380473,159.07302856445312,122848900,0.0,0.0,AAPL,2026-01-08 10:04:43.992783+00:00
2022-01-24 00:00:00-05:00,156.73213888196668,158.9652914615593,151.5214395660685,158.29925537109375,162294600,0.0,0.0,AAPL,2026-01-08 10:04:43.992783+00:00
2022-01-25 00:00:00-05:00,155.71350456711474,159.41583739515477,153.79378418345803,156.4970703125,115798400,0.0,0.0,AAPL,2026-01-08 10:04:43.992783+00:00
2022-01-26 00:00:00-05:00,160.14061983418955,161.01233270214277,154.57733208034693,156.40890502929688,108275300,0.0,0.0,AAPL,2026-01-08 10:04:43.992783+00:00
2022-01-27 00:00:00-05:00,159.11220830674253,160.47364799025604,155.02788925620197,155.94857788085938,121954600,0.0,0.0,AAPL,2026-01-08 10:04:43.992783+00:00
2022-01-28 00:00:00-05:00,162.30523687541563,166.8499002604039,159.4550237648548,166.83030700683594,179935700,0.0,0.0,AAPL,2026-01-08 10:04:43.992783+00:00
2022-01-31 00:00:00-05:00,166.66380312140188,171.4043542462614,166.02714940989443,171.18887329101562,115541600,0.0,0.0,AAPL,2026-01-08 10:04:43.992783+00:00
2022-02-01 00:00:00-05:00,170.43467612383174,171.2476242171807,168.769608378118,171.02235412597656,86213900,0.0,0.0,AAPL,2026-01-08 10:04:43.992783+00:00
2022-02-02 00:00:00-05:00,171.15945035730246,172.2662372794384,169.76862857701605,172.22705078125,84914300,0.0,0.0,AAPL,2026-01-08 10:04:43.992783+00:00
2022-02-03 00:00:00-05:00,170.89501118442868,172.61885859356588,168.58350075012603,169.34747314453125,89418100,0.0,0.0,AAPL,2026-01-08 10:04:43.992783+00:00
2022-02-04 00:00:00-05:00,168.3668057872498,170.7401162961765,167.38610440694853,169.0631103515625,82465400,0.22,0.0,AAPL,2026-01-08 10:04:43.992783+00:00
2022-02-07 00:00:00-05:00,169.52400639061884,170.59296708423147,167.65086354740316,168.34716796875,77251200,0.0,0.0,AAPL,2026-01-08 10:04:43.992783+00:00
2022-02-08 00:00:00-05:00,168.41582891603926,171.9659777736799,168.12161553517308,171.4560089111328,74829200,0.0,0.0,AAPL,2026-01-08 10:04:43.992783+00:00
2022-02-09 00:00:00-05:00,172.65250985144178,173.24092179937838,171.52469409700683,172.87806701660156,71285000,0.0,0.0,AAPL,2026-01-08 10:04:43.992783+00:00
2022-02-10 00:00:00-05:00,170.77933021680633,172.09346641687537,168.23931734555768,168.79830932617188,90865900,0.0,0.0,AAPL,2026-01-08 10:04:43.992783+00:00
2022-02-11 00:00:00-05:00,169.0042733328554,169.7397993797007,164.79705596488338,165.38548278808594,98670700,0.0,0.0,AAPL,2026-01-08 10:04:43.992783+00:00
2022-02-14 00:00:00-05:00,164.13999610862248,166.30735288699964,163.345630332233,165.62086486816406,86185500,0.0,0.0,AAPL,2026-01-08 10:04:43.992783+00:00
2022-02-15 00:00:00-05:00,167.670499489042,169.61228383864895,166.96439336840055,169.4553680419922,62527400,0.0,0.0,AAPL,2026-01-08 10:04:43.992783+00:00
2022-02-16 00:00:00-05:00,168.53352854543166,169.99476394129306,166.7682631690513,169.2200164794922,61177400,0.0,0.0,AAPL,2026-01-08 10:04:43.992783+00:00
2022-02-17 00:00:00-05:00,167.72936698979834,168.59238905022963,165.21877368416162,165.62086486816406,69589300,0.0,0.0,AAPL,2026-01-08 10:04:43.992783+00:00
2022-02-18 00:00:00-05:00,166.54272185911768,167.24881311236203,162.9827709259436,164.07135009765625,82772700,0.0,0.0,AAPL,2026-01-08 10:04:43.992783+00:00
2022-02-22 00:00:00-05:00,161.79611631133258,163.47312232621292,159.02072949307376,161.14886474609375,91162800,0.0,0.0,AAPL,2026-01-08 10:04:43.992783+00:00
2022-02-23 00:00:00-05:00,162.34528786351217,162.94351625967545,156.6670338772365,156.98086547851562,90009200,0.0,0.0,AAPL,2026-01-08 10:04:43.992783+00:00
2022-02-24 00:00:00-05:00,149.63540593186767,159.70721245821238,149.06659738297807,159.59933471679688,141147500,0.0,0.0,AAPL,2026-01-08 10:04:43.992783+00:00
2022-02-25 00:00:00-05:00,160.6781069290293,161.9334034703252,157.76542269815738,161.6686248779297,91974200,0.0,0.0,AAPL,2026-01-08 10:04:43.992783+00:00
2022-02-28 00:00:00-05:00,159.9131681515143,162.22762405787608,159.29532147992174,161.93341064453125,95056600,0.0,0.0,AAPL,2026-01-08 10:04:43.992783+00:00
2022-03-01 00:00:00-05:00,161.5215128724912,163.38485445669167,158.84420231864755,160.0504608154297,83474400,0.0,0.0,AAPL,2026-01-08 10:04:43.992783+00:00
2022-03-02 00:00:00-05:00,161.2175065361206,164.1301909633288,159.80529409089044,163.3456268310547,79724800,0.0,0.0,AAPL,2026-01-08 10:04:43.992783+00:00
2022-03-03 00:00:00-05:00,165.21874895199736,165.65025991761865,162.35510295615475,163.02197265625,76678400,0.0,0.0,AAPL,2026-01-08 10:04:43.992783+00:00
2022-03-04 00:00:00-05:00,161.31557487047283,162.35511593567728,158.97169917829748,160.0210418701172,83737200,0.0,0.0,AAPL,2026-01-08 10:04:43.992783+00:00
2022-03-07 00:00:00-05:00,160.2073682314536,161.83533601406552,155.97073134624392,156.22572326660156,96418800,0.0,0.0,AAPL,2026-01-08 10:04:43.992783+00:00
2022-03-08 00:00:00-05:00,155.75501466301262,159.73666023729874,152.79329203332358,154.40164184570312,131148300,0.0,0.0,AAPL,2026-01-08 10:04:43.992783+00:00
2022-03-09 00:00:00-05:00,158.36365040568722,160.2564117997747,156.33360638496927,159.80528259277344,91454900,0.0,0.0,AAPL,2026-01-08 10:04:43.992783+00:00
2022-03-10 00:00:00-05:00,157.10834060556428,157.29467624132576,152.96978004521466,155.4607696533203,105342000,0.0,0.0,AAPL,2026-01-08 10:04:43.992783+00:00
2022-03-11 00:00:00-05:00,155.86286998599314,156.20612146979485,151.51836986465503,151.74392700195312,96970100,0.0,0.0,AAPL,2026-01-08 10:04:43.992783+00:00
2022-03-14 00:00:00-04:00,148.527210200246,151.1456808985897,147.20327241217439,147.71322631835938,108732100,0.0,0.0,AAPL,2026-01-08 10:04:43.992783+00:00
2022-03-15 00:00:00-04:00,147.9877839917826,152.5676711113034,147.47783021480524,152.096923828125,92964300,0.0,0.0,AAPL,2026-01-08 10:04:43.992783+00:00
2022-03-16 00:00:00-04:00,154.01915688013034,156.9122229988077,151.4791438617729,156.5101318359375,102300200,0.0,0.0,AAPL,2026-01-08 10:04:43.992783+00:00
2022-03-17 00:00:00-04:00,155.549028989307,157.89290442537197,154.58794593498652,157.52023315429688,75615400,0.0,0.0,AAPL,2026-01-08 10:04:43.992783+00:00
2022-03-18 00:00:00-04:00,157.41237930909367,161.30576513800085,156.6768532451588,160.81541442871094,123511700,0.0,0.0,AAPL,2026-01-08 10:04:43.992783+00:00
2022-03-21 00:00:00-04:00,160.3544634117704,163.13966646337798,159.8641127641069,162.18838500976562,95811400,0.0,0.0,AAPL,2026-01-08 10:04:43.992783+00:00
2022-03-22 00:00:00-04:00,162.31586266906788,166.1504082464849,161.72745088254396,165.56199645996094,81532000,0.0,0.0,AAPL,2026-01-08 10:04:43.992783+00:00
2022-03-23 00:00:00-04:00,164.74801286692667,169.30826781804822,164.41456305995604,166.9251708984375,98062700,0.0,0.0,AAPL,2026-01-08 10:04:43.992783+00:00
2022-03-24 00:00:00-04:00,167.75875768604743,170.77931940838405,166.9251705809909,170.71067810058594,90131400,0.0,0.0,AAPL,2026-01-08 10:04:43.992783+00:00
2022-03-25 00:00:00-04:00,170.52435897204094,171.89733490405604,169.4161616355689,171.34814453125,80546200,0.0,0.0,AAPL,2026-01-08 10:04:43.992783+00:00
2022-03-28 00:00:00-04:00,168.84733794398963,172.33863211398676,168.68062052174977,172.21115112304688,90371900,0.0,0.0,AAPL,2026-01-08 10:04:43.992783+00:00
2022-03-29 00:00:00-04:00,173.28010585750482,175.55532497081904,172.93685443507036,175.5063018798828,100589400,0.0,0.0,AAPL,2026-01-08 10:04:43.992783+00:00
2022-03-30 00:00:00-04:00,175.10424033882794,176.1437814426428,173.2899367384836,174.33929443359375,92633200,0.0,0.0,AAPL,2026-01-08 10:04:43.992783+00:00
2022-03-31 00:00:00-04:00,174.4078950100189,174.59423062931046,171.03428054201657,171.240234375,103049300,0.0,0.0,AAPL,2026-01-08 10:04:43.992783+00:00
2022-04-01 00:00:00-04:00,170.67146498333403,171.5050671665747,168.62180263029362,170.94606018066406,78751300,0.0,0.0,AAPL,2026-01-08 10:04:43.992783+00:00
2022-04-04 00:00:00-04:00,171.20104367313095,175.0453912102986,171.0735477076942,174.99635314941406,76468400,0.0,0.0,AAPL,2026-01-08 10:04:43.992783+00:00
2022-04-05 00:00:00-04:00,174.0744778575844,174.85904187741096,171.05391610805626,171.6815643310547,73401800,0.0,0.0,AAPL,2026-01-08 10:04:43.992783+00:00
2022-04-06 00:00:00-04:00,169.03368653783352,170.27918145157616,166.846726701127,168.513916015625,89058800,0.0,0.0,AAPL,2026-01-08 10:04:43.992783+00:00
2022-04-07 00:00:00-04:00,167.8568186387604,170.01435825576067,166.57210247899573,168.81790161132812,77594700,0.0,0.0,AAPL,2026-01-08 10:04:43.992783+00:00
2022-04-08 00:00:00-04:00,168.4648674430598,168.4648674430598,165.93465630346196,166.80747985839844,76575500,0.0,0.0,AAPL,2026-01-08 10:04:43.992783+00:00
2022-04-11 00:00:00-04:00,165.4541214198734,165.76793805160875,162.306063690876,162.55123901367188,72246700,0.0,0.0,AAPL,2026-01-08 10:04:43.992783+00:00
2022-04-12 00:00:00-04:00,164.77743049486364,166.59171885387798,163.4240579625581,164.42437744140625,79265200,0.0,0.0,AAPL,2026-01-08 10:04:43.992783+00:00
2022-04-13 00:00:00-04:00,164.15957544885293,167.73912889065093,163.55154548536066,167.11148071289062,70618900,0.0,0.0,AAPL,2026-01-08 10:04:43.992783+00:00
2022-04-14 00:00:00-04:00,167.32725269207126,167.96471752203973,161.85493758758528,162.10011291503906,75329400,0.0,0.0,AAPL,2026-01-08 10:04:43.992783+00:00
2022-04-18 00:00:00-04:00,160.75653828349098,163.3848252707186,160.41330184341265,161.8843536376953,69023900,0.0,0.0,AAPL,2026-01-08 10:04:43.992783+00:00
2022-04-19 00:00:00-04:00,161.83529886968466,164.58126492825465,160.74672005577804,164.1693572998047,67723800,0.0,0.0,AAPL,2026-01-08 10:04:43.992783+00:00
2022-04-20 00:00:00-04:00,165.50315744246095,165.62085178233113,162.89450317699752,164.002685546875,67929800,0.0,0.0,AAPL,2026-01-08 10:04:43.992783+00:00
2022-04-21 00:00:00-04:00,165.65029565302405,168.2197288207586,162.70819112289107,163.20834350585938,87227800,0.0,0.0,AAPL,2026-01-08 10:04:43.992783+00:00
2022-04-22 00:00:00-04:00,163.24752061254705,164.63029786624585,158.38323630639394,158.66763305664062,84882400,0.0,0.0,AAPL,2026-01-08 10:04:43.992783+00:00
2022-04-25 00:00:00-04:00,158.01058942731927,160.0210300948507,155.40193532965264,159.73663330078125,96046400,0.0,0.0,AAPL,2026-01-08 10:04:43.992783+00:00
2022-04-26 00:00:00-04:00,159.11877502482716,159.20703454434567,153.69549840448505,153.77395629882812,95623200,0.0,0.0,AAPL,2026-01-08 10:04:43.992783+00:00
2022-04-27 00:00:00-04:00,152.9011192722885,156.7062295432353,152.38134886202627,153.5483856201172,88063200,0.0,0.0,AAPL,2026-01-08 10:04:43.992783+00:00
2022-04-28 00:00:00-04:00,156.17667104674604,161.34497072445453,155.8628394699356,160.48194885253906,130216800,0.0,0.0,AAPL,2026-01-08 10:04:43.992783+00:00
2022-04-29 00:00:00-04:00,158.71671584912355,162.9925746827483,154.21529987659397,154.60757446289062,131747600,0.0,0.0,AAPL,2026-01-08 10:04:43.992783+00:00
2022-05-02 00:00:00-04:00,153.6857290366365,155.17638444909122,150.31211369335705,154.91160583496094,123055300,0.0,0.0,AAPL,2026-01-08 10:04:43.992783+00:00
2022-05-03 00:00:00-04:00,155.09790243206862,157.60851029484962,153.30323224685807,156.40223693847656,88966500,0.0,0.0,AAPL,2026-01-08 10:04:43.992783+00:00
2022-05-04 00:00:00-04:00,156.58856589280018,163.267138972668,156.18647479117334,162.81602478027344,108256500,0.0,0.0,AAPL,2026-01-08 10:04:43.992783+00:00
2022-05-05 00:00:00-04:00,160.68790391798768,160.91346101284063,151.95965391653039,153.74453735351562,130525300,0.0,0.0,AAPL,2026-01-08 10:04:43.992783+00:00
2022-05-06 00:00:00-04:00,153.22403417824327,156.5927904855529,151.42671174390728,154.4713592529297,116124600,0.23,0.0,AAPL,2026-01-08 10:04:43.992783+00:00
2022-05-09 00:00:00-04:00,152.1633023773659,153.0472394567593,148.7847453865434,149.3445587158203,131577900,0.0,0.0,AAPL,2026-01-08 10:04:43.992783+00:00
2022-05-10 00:00:00-04:00,152.74276671948687,153.9409814618481,150.19900690567323,151.75079345703125,115366700,0.0,0.0,AAPL,2026-01-08 10:04:43.992783+00:00
2022-05-11 00:00:00-04:00,150.7588143723003,152.67398849573087,143.20613912417974,143.88381958007812,142689800,0.0,0.0,AAPL,2026-01-08 10:04:43.992783+00:00
2022-05-12 00:00:00-04:00,140.22047769386583,143.5892190057079,136.32137108215858,140.01422119140625,182602000,0.0,0.0,AAPL,2026-01-08 10:04:43.992783+00:00
2022-05-13 00:00:00-04:00,142.00796811078922,145.45529757679608,140.55440153354604,144.48297119140625,113990900,0.0,0.0,AAPL,2026-01-08 10:04:43.992783+00:00
2022-05-16 00:00:00-04:00,142.95079475797485,144.88561601712348,141.60524980458257,142.9409637451172,86643800,0.0,0.0,AAPL,2026-01-08 10:04:43.992783+00:00
2022-05-17 00:00:00-04:00,146.2016865687997,147.0954395557584,144.06060880808,146.5749053955078,78336300,0.0,0.0,AAPL,2026-01-08 10:04:43.992783+00:00
2022-05-18 00:00:00-04:00,144.22759932213285,144.72848648816108,137.40169851030006,138.30528259277344,109742900,0.0,0.0,AAPL,2026-01-08 10:04:43.992783+00:00
2022-05-19 00:00:00-04:00,137.38205052865445,139.13026237954173,134.160625433561,134.89723205566406,136095600,0.0,0.0,AAPL,2026-01-08 10:04:43.992783+00:00
2022-05-20 00:00:00-04:00,136.60617864285032,138.18742845795921,130.24190028158935,135.13296508789062,137426100,0.0,0.0,AAPL,2026-01-08 10:04:43.992783+00:00
2022-05-23 00:00:00-04:00,135.3293635083762,140.70168239695178,135.19186420352216,140.5543670654297,117726300,0.0,0.0,AAPL,2026-01-08 10:04:43.992783+00:00
2022-05-24 00:00:00-04:00,138.2954308094958,139.43471927603565,134.87758039617586,137.8534698486328,104132700,0.0,0.0,AAPL,2026-01-08 10:04:43.992783+00:00
2022-05-25 00:00:00-04:00,135.95793161918118,139.25792986661668,135.8695424217508,138.0106201171875,92482700,0.0,0.0,AAPL,2026-01-08 10:04:43.992783+00:00
2022-05-26 00:00:00-04:00,134.93654353419183,141.76243020669472,134.69100793456005,141.21243286132812,90601500,0.0,0.0,AAPL,2026-01-08 10:04:43.992783+00:00
2022-05-27 00:00:00-04:00,142.79366865497497,147.00705253559786,142.66598536012808,146.9677734375,90978500,0.0,0.0,AAPL,2026-01-08 10:04:43.992783+00:00
2022-05-31 00:00:00-04:00,146.40795612568894,147.9695587462053,144.21776806233134,146.1820526123047,103718400,0.0,0.0,AAPL,2026-01-08 10:04:43.992783+00:00
2022-06-01 00:00:00-04:00,147.22308826530934,149.0302410387393,145.04273170111645,146.05435180664062,74286600,0.0,0.0,AAPL,2026-01-08 10:04:43.992783+00:00
2022-06-02 00:00:00-04:00,145.1900746138875,148.5686459793301,144.2373955374819,148.5097198486328,72348100,0.0,0.0,AAPL,2026-01-08 10:04:43.992783+00:00
2022-06-03 00:00:00-04:00,144.27667399411106,145.32757327458623,141.8802597672709,142.78382873535156,88570300,0.0,0.0,AAPL,2026-01-08 10:04:43.992783+00:00
2022-06-06 00:00:00-04:00,144.40436412307008,145.91687147884687,142.31239647541148,143.53025817871094,71598400,0.0,0.0,AAPL,2026-01-08 10:04:43.992783+00:00
2022-06-07 00:00:00-04:00,141.77221184112562,146.3391664090359,141.5266763270165,146.05435180664062,67808200,0.0,0.0,AAPL,2026-01-08 10:04:43.992783+00:00
2022-06-08 00:00:00-04:00,145.92668764129223,147.19364446593215,144.82669318974126,145.31776428222656,53950200,0.0,0.0,AAPL,2026-01-08 10:04:43.992783+00:00
2022-06-09 00:00:00-04:00,144.45351900166787,145.3079781710141,139.98476768189485,140.09280395507812,69473000,0.0,0.0,AAPL,2026-01-08 10:04:43.992783+00:00
2022-06-10 00:00:00-04:00,137.77492521441144,138.24634933788164,134.61242570462275,134.68118286132812,91437900,0.0,0.0,AAPL,2026-01-08 10:04:43.992783+00:00
2022-06-13 00:00:00-04:00,130.49725953200095,132.78565318618158,129.0928030542559,129.5249481201172,122207100,0.0,0.0,AAPL,2026-01-08 10:04:43.992783+00:00
2022-06-14 00:00:00-04:00,130.75259347181498,131.49901613498997,129.1320498799016,130.38919067382812,84784300,0.0,0.0,AAPL,2026-01-08 10:04:43.992783+00:00
2022-06-15 00:00:00-04:00,131.89187879778933,134.8874157174927,129.79992595411264,133.0115203857422,91533000,0.0,0.0,AAPL,2026-01-08 10:04:43.992783+00:00
2022-06-16 00:00:00-04:00,129.72133518143346,130.0257968459268,126.7356146942801,127.7374038696289,108123900,0.0,0.0,AAPL,2026-01-08 10:04:43.992783+00:00
2022-06-17 00:00:00-04:00,127.747234873443,130.70347730890373,127.49186832675026,129.2106170654297,134520300,0.0,0.0,AAPL,2026-01-08 10:04:43.992783+00:00
2022-06-21 00:00:00-04:00,131.03743398602646,134.61243163462674,130.93922874022462,133.4436798095703,81000500,0.0,0.0,AAPL,2026-01-08 10:04:43.992783+00:00
2022-06-22 00:00:00-04:00,132.38297105119662,135.29993525630434,131.51869590671203,132.9329833984375,73409200,0.0,0.0,AAPL,2026-01-08 10:04:43.992783+00:00
2022-06-23 00:00:00-04:00,134.37670851634957,136.11508949160935,133.20795685254018,135.80081176757812,72433800,0.0,0.0,AAPL,2026-01-08 10:04:43.992783+00:00
2022-06-24 00:00:00-04:00,137.4016693916089,139.37578454056782,137.2740011133842,139.1302490234375,89116800,0.0,0.0,AAPL,2026-01-08 10:04:43.992783+00:00
2022-06-27 00:00:00-04:00,140.15167018072825,140.9275708071873,138.45256859835,139.1302490234375,70207900,0.0,0.0,AAPL,2026-01-08 10:04:43.992783+00:00
2022-06-28 00:00:00-04:00,139.5918597520797,140.85881645152855,134.867758706979,134.98561096191406,67083400,0.0,0.0,AAPL,2026-01-08 10:04:43.992783+00:00
2022-06-29 00:00:00-04:00,135.00525640007206,138.15792407261875,134.2293557674798,136.74363708496094,66242400,0.0,0.0,AAPL,2026-01-08 10:04:43.992783+00:00
2022-06-30 00:00:00-04:00,134.7990223471169,135.89901685954254,131.38117155043633,134.2784881591797,98964500,0.0,0.0,AAPL,2026-01-08 10:04:43.992783+00:00
2022-07-01 00:00:00-04:00,133.61064472450096,136.5570719073547,133.23744080535928,136.44903564453125,71051600,0.0,0.0,AAPL,2026-01-08 10:04:43.992783+00:00
2022-07-05 00:00:00-04:00,135.30971636921956,139.08113829870763,134.48470564577644,139.0320281982422,73353800,0.0,0.0,AAPL,2026-01-08 10:04:43.992783+00:00
2022-07-06 00:00:00-04:00,138.8258268991265,141.54635041323854,138.56064426897342,140.36778259277344,74064300,0.0,0.0,AAPL,2026-01-08 10:04:43.992783+00:00
2022-07-07 00:00:00-04:00,140.7311436298687,143.93293666537267,140.72132760332855,143.73651123046875,66253700,0.0,0.0,AAPL,2026-01-08 10:04:43.992783+00:00
2022-07-08 00:00:00-04:00,142.66597262808202,144.91508669074653,142.41062104747897,144.4141845703125,64547800,0.0,0.0,AAPL,2026-01-08 10:04:43.992783+00:00
2022-07-11 00:00:00-04:00,143.06866052706354,144.02133971358117,141.2124122640522,142.28294372558594,63141600,0.0,0.0,AAPL,2026-01-08 10:04:43.992783+00:00
2022-07-12 00:00:00-04:00,143.15702881773996,145.7989934962315,142.45971631070495,143.2552490234375,77588800,0.0,0.0,AAPL,2026-01-08 10:04:43.992783+00:00
2022-07-13 00:00:00-04:00,140.43653568039218,143.8347397140172,139.5820616716197,142.8918914794922,71185600,0.0,0.0,AAPL,2026-01-08 10:04:43.992783+00:00
2022-07-14 00:00:00-04:00,141.50703095418416,146.29005802967413,140.6918512393976,145.81863403320312,78140700,0.0,0.0,AAPL,2026-01-08 10:04:43.992783+00:00
2022-07-15 00:00:00-04:00,147.10527685866828,148.16599237248846,145.5534901802815,147.48831176757812,76259900,0.0,0.0,AAPL,2026-01-08 10:04:43.992783+00:00
2022-07-18 00:00:00-04:00,148.0481247263253,148.86330457327466,144.08026173602485,144.44366455078125,81420900,0.0,0.0,AAPL,2026-01-08 10:04:43.992783+00:00
2022-07-19 00:00:00-04:00,145.27849702782842,148.52938586254203,144.28653863291348,148.30349731445312,82982400,0.0,0.0,AAPL,2026-01-08 10:04:43.992783+00:00
2022-07-20 00:00:00-04:00,148.42132610705224,150.97490184976564,147.6847194489196,150.30703735351562,64823400,0.0,0.0,AAPL,2026-01-08 10:04:43.992783+00:00
2022-07-21 00:00:00-04:00,151.7409787508479,152.79187815956976,149.2266969700013,152.5758056640625,65086600,0.0,0.0,AAPL,2026-01-08 10:04:43.992783+00:00
2022-07-22 00:00:00-04:00,152.61509059283281,153.48919663577172,150.6704530452512,151.3383026123047,66675400,0.0,0.0,AAPL,2026-01-08 10:04:43.992783+00:00
2022-07-25 00:00:00-04:00,151.2597268643066,152.27133221190695,149.56062491925485,150.21865844726562,53623900,0.0,0.0,AAPL,2026-01-08 10:04:43.992783+00:00
2022-07-26 00:00:00-04:00,149.54096368293668,150.3561434947877,148.1070444852617,148.89276123046875,55138700,0.0,0.0,AAPL,2026-01-08 10:04:43.992783+00:00
2022-07-27 00:00:00-04:00,149.85527117258624,154.52044701167125,149.44277321253915,153.99008178710938,78620700,0.0,0.0,AAPL,2026-01-08 10:04:43.992783+00:00
2022-07-28 00:00:00-04:00,154.1766972484503,154.8249147765774,151.6525992780924,154.54010009765625,81378700,0.0,0.0,AAPL,2026-01-08 10:04:43.992783+00:00
2022-07-29 00:00:00-04:00,158.3606307359644,160.70795024668809,156.6516977293032,159.60794067382812,101786900,0.0,0.0,AAPL,2026-01-08 10:04:43.992783+00:00
2022-08-01 00:00:00-04:00,158.13470710792794,160.66863573230555,158.01685484186865,158.6257781982422,67829400,0.0,0.0,AAPL,2026-01-08 10:04:43.992783+00:00
2022-08-02 00:00:00-04:00,157.24097682201486,159.50972297268584,156.77936877558471,157.15257263183594,59907000,0.0,0.0,AAPL,2026-01-08 10:04:43.992783+00:00
2022-08-03 00:00:00-04:00,157.96775857743674,163.61507661089456,157.87936937014717,163.16329956054688,82507500,0.0,0.0,AAPL,2026-01-08 10:04:43.992783+00:00
2022-08-04 00:00:00-04:00,163.04540919289056,164.20434469622828,161.49362283306857,162.84898376464844,55474100,0.0,0.0,AAPL,2026-01-08 10:04:43.992783+00:00
2022-08-05 00:00:00-04:00,160.51808440274291,163.11454067024195,160.31154145785612,162.62278747558594,56697000,0.23,0.0,AAPL,2026-01-08 10:04:43.992783+00:00
2022-08-08 00:00:00-04:00,163.62598619996888,165.04223808745311,161.49177870542815,162.15072631835938,60276900,0.0,0.0,AAPL,2026-01-08 10:04:43.992783+00:00
2022-08-09 00:00:00-04:00,161.31474028979756,163.08505499075815,160.55743608300256,162.19989013671875,63135500,0.0,0.0,AAPL,2026-01-08 10:04:43.992783+00:00
2022-08-10 00:00:00-04:00,164.91434111224348,166.54696529007254,164.14720734331007,166.44862365722656,70170500,0.0,0.0,AAPL,2026-01-08 10:04:43.992783+00:00
2022-08-11 00:00:00-04:00,167.25511117853088,168.1697800173322,165.41595884571527,165.7110137939453,57149200,0.0,0.0,AAPL,2026-01-08 10:04:43.992783+00:00
2022-08-12 00:00:00-04:00,167.0190809905204,169.33031226065586,166.60599505436244,169.261474609375,68039400,0.0,0.0,AAPL,2026-01-08 10:04:43.992783+00:00
2022-08-15 00:00:00-04:00,168.6910117877752,170.53016384292243,168.52381751068145,170.33346557617188,54091700,0.0,0.0,AAPL,2026-01-08 10:04:43.992783+00:00
2022-08-16 00:00:00-04:00,169.93024033504878,170.84490912166515,168.82871793209483,170.17611694335938,56377100,0.0,0.0,AAPL,2026-01-08 10:04:43.992783+00:00
2022-08-17 00:00:00-04:00,169.9204107737534,173.24465231523857,169.72371248841205,171.67105102539062,79542000,0.0,0.0,AAPL,2026-01-08 10:04:43.992783+00:00
2022-08-18 00:00:00-04:00,170.88428278081298,172.0153094409744,170.26466878053773,171.27767944335938,62290100,0.0,0.0,AAPL,2026-01-08 10:04:43.992783+00:00
2022-08-19 00:00:00-04:00,170.1761294599256,170.8744256820194,168.48449706975865,168.6910400390625,70346300,0.0,0.0,AAPL,2026-01-08 10:04:43.992783+00:00
2022-08-22 00:00:00-04:00,166.89122718275175,167.05842149370653,164.38328250419255,164.8061981201172,69026800,0.0,0.0,AAPL,2026-01-08 10:04:43.992783+00:00
2022-08-23 00:00:00-04:00,164.32425128292837,165.92737151886493,163.90133572678997,164.47177124023438,54147100,0.0,0.0,AAPL,2026-01-08 10:04:43.992783+00:00
2022-08-24 00:00:00-04:00,164.56033297806545,165.33729659583858,163.50797370329437,164.76686096191406,53841500,0.0,0.0,AAPL,2026-01-08 10:04:43.992783+00:00
2022-08-25 00:00:00-04:00,165.99620298200634,167.3337722378681,165.57330244873228,167.2255859375,51218200,0.0,0.0,AAPL,2026-01-08 10:04:43.992783+00:00
2022-08-26 00:00:00-04:00,167.75669182805456,168.228770692368,160.86230244265508,160.9213104248047,78961000,0.0,0.0,AAPL,2026-01-08 10:04:43.992783+00:00
2022-08-29 00:00:00-04:00,158.49205968709833,160.21319598841637,157.18400930436007,158.71827697753906,73314000,0.0,0.0,AAPL,2026-01-08 10:04:43.992783+00:00
2022-08-30 00:00:00-04:00,159.45592432505862,159.8788249449609,155.11865676791015,156.28903198242188,77906200,0.0,0.0,AAPL,2026-01-08 10:04:43.992783+00:00
2022-08-31 00:00:00-04:00,157.66590799399623,157.9314589229971,154.54819451849457,154.6268768310547,87991100,0.0,0.0,AAPL,2026-01-08 10:04:43.992783+00:00
2022-09-01 00:00:00-04:00,154.056469922945,155.80711043286672,152.11896076188796,155.35470581054688,74229900,0.0,0.0,AAPL,2026-01-08 10:04:43.992783+00:00
2022-09-02 00:00:00-04:00,157.11516076913463,157.71510032446895,152.41400097767612,153.24014282226562,76957800,0.0,0.0,AAPL,2026-01-08 10:04:43.992783+00:00
2022-09-06 00:00:00-04:00,153.88925181756636,154.4990209999667,151.15510515135455,151.9812469482422,73714800,0.0,0.0,AAPL,2026-01-08 10:04:43.992783+00:00
2022-09-07 00:00:00-04:00,152.26646809885722,154.0859459351541,151.07641875135508,153.38766479492188,87449600,0.0,0.0,AAPL,2026-01-08 10:04:43.992783+00:00
2022-09-08 00:00:00-04:00,152.0894537868935,153.7810862700933,150.1617743268103,151.9124298095703,84923800,0.0,0.0,AAPL,2026-01-08 10:04:43.992783+00:00
2022-09-09 00:00:00-04:00,152.90574262919617,155.21698869351633,152.19761681404773,154.77439880371094,68028800,0.0,0.0,AAPL,2026-01-08 10:04:43.992783+00:00
2022-09-12 00:00:00-04:00,156.9577901423654,161.5507634451195,156.67257987610813,160.7344512939453,104956000,0.0,0.0,AAPL,2026-01-08 10:04:43.992783+00:00
2022-09-13 00:00:00-04:00,157.26269006575274,157.89213365235918,150.84039354694787,151.30264282226562,122656600,0.0,0.0,AAPL,2026-01-08 10:04:43.992783+00:00
2022-09-14 00:00:00-04:00,152.23695501832623,154.50886749732993,151.07642462426648,152.74838256835938,87965400,0.0,0.0,AAPL,2026-01-08 10:04:43.992783+00:00
2022-09-15 00:00:00-04:00,152.09925057054045,152.67953072071606,148.8831956207659,149.8568572998047,90481100,0.0,0.0,AAPL,2026-01-08 10:04:43.992783+00:00
2022-09-16 00:00:00-04:00,148.71602969989698,148.85372001445614,145.92285973622464,148.2144317626953,162278800,0.0,0.0,AAPL,2026-01-08 10:04:43.992783+00:00
2022-09-19 00:00:00-04:00,146.84732672200167,152.01073491901784,146.64079879810572,151.9320526123047,81474200,0.0,0.0,AAPL,2026-01-08 10:04:43.992783+00:00
2022-09-20 00:00:00-04:00,150.86987662798256,155.47269441025097,150.5551623818667,154.31214904785156,107689800,0.0,0.0,AAPL,2026-01-08 10:04:43.992783+00:00
2022-09-21 00:00:00-04:00,154.74492033364538,156.12183853779936,151.06661536137307,151.18463134765625,101696800,0.0,0.0,AAPL,2026-01-08 10:04:43.992783+00:00
2022-09-22 00:00:00-04:00,149.86670127656183,151.92222593073575,148.42094575247768,150.22076416015625,86652500,0.0,0.0,AAPL,2026-01-08 10:04:43.992783+00:00
2022-09-23 00:00:00-04:00,148.69637297479187,148.97175363651883,146.1097456802274,147.9488983154297,96029900,0.0,0.0,AAPL,2026-01-08 10:04:43.992783+00:00
2022-09-26 00:00:00-04:00,147.19161689500143,151.23383004797523,147.1719425589311,148.28330993652344,93339400,0.0,0.0,AAPL,2026-01-08 10:04:43.992783+00:00
2022-09-27 00:00:00-04:00,150.22080529252614,152.16814418194363,147.47681344155066,149.2569580078125,84442700,0.0,0.0,AAPL,2026-01-08 10:04:43.992783+00:00
2022-09-28 00:00:00-04:00,145.20489532446575,148.1554147485666,142.45107419388137,147.3686065673828,146691400,0.0,0.0,AAPL,2026-01-08 10:04:43.992783+00:00
2022-09-29 00:00:00-04:00,143.6903399859229,144.30010935934212,138.3597202759715,140.13003540039062,128138200,0.0,0.0,AAPL,2026-01-08 10:04:43.992783+00:00
2022-09-30 00:00:00-04:00,138.9497794383235,140.7397682439674,135.72387972938284,135.9205780029297,124925300,0.0,0.0,AAPL,2026-01-08 10:04:43.992783+00:00
2022-10-03 00:00:00-04:00,135.93042173003832,140.71026327900083,135.4189942166646,140.10047912597656,114311700,0.0,0.0,AAPL,2026-01-08 10:04:43.992783+00:00
2022-10-04 00:00:00-04:00,142.6379332973476,143.80830832520158,141.88062916042142,143.69029235839844,87830100,0.0,0.0,AAPL,2026-01-08 10:04:43.992783+00:00
2022-10-05 00:00:00-04:00,141.69376449693982,144.94916805569278,140.65123517873155,143.98532104492188,79471000,0.0,0.0,AAPL,2026-01-08 10:04:43.992783+00:00
2022-10-06 00:00:00-04:00,143.40507882099124,145.1065408456924,142.8248135939426,143.03134155273438,68402200,0.0,0.0,AAPL,2026-01-08 10:04:43.992783+00:00
2022-10-07 00:00:00-04:00,140.18903786705042,140.73981422288003,137.15000577763516,137.77944946289062,85925600,0.0,0.0,AAPL,2026-01-08 10:04:43.992783+00:00
2022-10-10 00:00:00-04:00,138.10398864746094,139.54974448383035,136.28451052504542,138.10398864746094,74899000,0.0,0.0,AAPL,2026-01-08 10:04:43.992783+00:00
2022-10-11 00:00:00-04:00,137.59253769929057,139.01863396780078,135.94025417061508,136.68771362304688,77033700,0.0,0.0,AAPL,2026-01-08 10:04:43.992783+00:00
2022-10-12 00:00:00-04:00,136.8352824760686,138.04499143111343,135.88127984271256,136.0583038330078,70433700,0.0,0.0,AAPL,2026-01-08 10:04:43.992783+00:00
2022-10-13 00:00:00-04:00,132.76356905691682,141.22171730449597,132.15378472461572,140.63162231445312,113224000,0.0,0.0,AAPL,2026-01-08 10:04:43.992783+00:00
2022-10-14 00:00:00-04:00,141.92982762072035,142.1363705990491,135.9107723458466,136.09764099121094,88598000,0.0,0.0,AAPL,2026-01-08 10:04:43.992783+00:00
2022-10-17 00:00:00-04:00,138.74327729972723,140.54308109407378,137.9564690521345,140.06117248535156,85250900,0.0,0.0,AAPL,2026-01-08 10:04:43.992783+00:00
2022-10-18 00:00:00-04:00,143.09033465697712,144.2803688565933,138.29081918893948,141.3790283203125,99136600,0.0,0.0,AAPL,2026-01-08 10:04:43.992783+00:00
2022-10-19 00:00:00-04:00,139.35305140756245,142.55927749459596,139.16618275396215,141.4872589111328,61758300,0.0,0.0,AAPL,2026-01-08 10:04:43.992783+00:00
2022-10-20 00:00:00-04:00,140.66108608089553,143.48374457740485,140.29717851697941,141.0249786376953,64522000,0.0,0.0,AAPL,2026-01-08 10:04:43.992783+00:00
2022-10-21 00:00:00-04:00,140.51358070739505,145.4114542957378,140.29720805857093,144.8410186767578,86548600,0.0,0.0,AAPL,2026-01-08 10:04:43.992783+00:00
2022-10-24 00:00:00-04:00,144.7623420825169,147.75219561004096,143.59196680128503,146.9850616455078,75981900,0.0,0.0,AAPL,2026-01-08 10:04:43.992783+00:00
2022-10-25 00:00:00-04:00,147.61450271725704,149.97492757312142,146.89654709772452,149.827392578125,74732300,0.0,0.0,AAPL,2026-01-08 10:04:43.992783+00:00
2022-10-26 00:00:00-04:00,148.4701495749658,149.48316008121265,145.598297355203,146.88670349121094,88194300,0.0,0.0,AAPL,2026-01-08 10:04:43.992783+00:00
2022-10-27 00:00:00-04:00,145.6278448043826,146.59167717190942,141.75282599108812,142.41177368164062,109180200,0.0,0.0,AAPL,2026-01-08 10:04:43.992783+00:00
2022-10-28 00:00:00-04:00,145.75566287950778,154.90227649289278,145.3819406077306,153.1713104248047,164762400,0.0,0.0,AAPL,2026-01-08 10:04:43.992783+00:00
2022-10-31 00:00:00-04:00,150.63384336153183,151.6960320711127,149.41429002672785,150.8108673095703,97943200,0.0,0.0,AAPL,2026-01-08 10:04:43.992783+00:00
2022-11-01 00:00:00-04:00,152.52217870801033,152.8860712842191,146.6703184608035,148.1652374267578,80379300,0.0,0.0,AAPL,2026-01-08 10:04:43.992783+00:00
2022-11-02 00:00:00-04:00,146.49328294195223,149.66017491618842,142.60843546015093,142.637939453125,93604600,0.0,0.0,AAPL,2026-01-08 10:04:43.992783+00:00
2022-11-03 00:00:00-04:00,139.7169294177421,140.44472962212055,136.4615253404881,136.58938598632812,97918500,0.0,0.0,AAPL,2026-01-08 10:04:43.992783+00:00
2022-11-04 00:00:00-04:00,139.97824816387146,140.5496299805745,132.38284296255216,136.32339477539062,140814800,0.23,0.0,AAPL,2026-01-08 10:04:43.992783+00:00
2022-11-07 00:00:00-05:00,135.07224959765693,137.08192417351185,133.65364870551915,136.8553466796875,83374600,0.0,0.0,AAPL,2026-01-08 10:04:43.992783+00:00
2022-11-08 00:00:00-05:00,138.32322168629616,139.3280515614897,135.44662070693448,137.42674255371094,89908500,0.0,0.0,AAPL,2026-01-08 10:04:43.992783+00:00
2022-11-09 00:00:00-05:00,136.44159482466026,136.49085472450093,132.5897021500865,132.86553955078125,74917800,0.0,0.0,AAPL,2026-01-08 10:04:43.992783+00:00
2022-11-10 00:00:00-05:00,139.14092283391125,144.68724060058594,137.4267769783545,144.68724060058594,118854000,0.0,0.0,AAPL,2026-01-08 10:04:43.992783+00:00
2022-11-11 00:00:00-05:00,143.6528333928847,147.7805490726991,142.2243712372686,147.47515869140625,93979700,0.0,0.0,AAPL,2026-01-08 10:04:43.992783+00:00
2022-11-14 00:00:00-05:00,146.75598040253018,148.04650852538037,145.238859760882,146.07623291015625,73374100,0.0,0.0,AAPL,2026-01-08 10:04:43.992783+00:00
2022-11-15 00:00:00-05:00,149.95771310615612,151.3073474058049,146.35210428518187,147.8101043701172,89868300,0.0,0.0,AAPL,2026-01-08 10:04:43.992783+00:00
2022-11-16 00:00:00-05:00,146.91363265596118,147.64262514508096,145.10096733747125,146.57867431640625,64218300,0.0,0.0,AAPL,2026-01-08 10:04:43.992783+00:00
2022-11-17 00:00:00-05:00,144.25377507617625,149.22872584309494,143.97793759102575,148.4800262451172,80389400,0.0,0.0,AAPL,2026-01-08 10:04:43.992783+00:00
2022-11-18 00:00:00-05:00,150.0463641188946,150.4305673318375,147.74114484123723,149.04151916503906,74829600,0.0,0.0,AAPL,2026-01-08 10:04:43.992783+00:00
2022-11-21 00:00:00-05:00,147.928327968664,148.1351985339266,145.52458880647748,145.81027221679688,58724100,0.0,0.0,AAPL,2026-01-08 10:04:43.992783+00:00
2022-11-22 00:00:00-05:00,145.92849249022925,148.1844518302865,144.7463148991296,147.94801330566406,51804100,0.0,0.0,AAPL,2026-01-08 10:04:43.992783+00:00
2022-11-23 00:00:00-05:00,147.22886486968167,149.57349802080938,147.1204990929822,148.82479858398438,58301400,0.0,0.0,AAPL,2026-01-08 10:04:43.992783+00:00
2022-11-25 00:00:00-05:00,146.1058228227629,146.66735873059727,144.93350612985708,145.90879821777344,35195900,0.0,0.0,AAPL,2026-01-08 10:04:43.992783+00:00
2022-11-28 00:00:00-05:00,142.98293960504637,144.4606467175549,141.24910200456142,142.0766143798828,69246000,0.0,0.0,AAPL,2026-01-08 10:04:43.992783+00:00
2022-11-29 00:00:00-05:00,142.14555568748492,142.65783165746328,138.2641245866872,139.07192993164062,83763800,0.0,0.0,AAPL,2026-01-08 10:04:43.992783+00:00
2022-11-30 00:00:00-05:00,139.29847266437073,146.50968825255634,138.46111459110384,145.82994079589844,111380900,0.0,0.0,AAPL,2026-01-08 10:04:43.992783+00:00
2022-12-01 00:00:00-05:00,146.00733016626612,146.91365545012422,144.43110313137328,146.1058349609375,71250400,0.0,0.0,AAPL,2026-01-08 10:04:43.992783+00:00
2022-12-02 00:00:00-05:00,143.79075438457457,145.80042936443078,143.48534896644694,145.61325073242188,65447400,0.0,0.0,AAPL,2026-01-08 10:04:43.992783+00:00
2022-12-05 00:00:00-05:00,145.5738317516645,148.67701012513257,143.60355595085647,144.45077514648438,68826400,0.0,0.0,AAPL,2026-01-08 10:04:43.992783+00:00
2022-12-06 00:00:00-05:00,144.88423366279338,145.11081116378415,139.81076461635996,140.7860565185547,64727200,0.0,0.0,AAPL,2026-01-08 10:04:43.992783+00:00
2022-12-07 00:00:00-05:00,140.07677467327488,141.23923029830829,137.91932004741116,138.84535217285156,69721100,0.0,0.0,AAPL,2026-01-08 10:04:43.992783+00:00
2022-12-08 00:00:00-05:00,140.24425432184734,141.38701807504808,139.00298578220685,140.52993774414062,62128300,0.0,0.0,AAPL,2026-01-08 10:04:43.992783+00:00
2022-12-09 00:00:00-05:00,140.22455886029022,143.4065658669265,138.80595753740835,140.0472412109375,76097000,0.0,0.0,AAPL,2026-01-08 10:04:43.992783+00:00
2022-12-12 00:00:00-05:00,140.57920002207968,142.35245156002605,138.96357418350942,142.3426055908203,70462700,0.0,0.0,AAPL,2026-01-08 10:04:43.992783+00:00
2022-12-13 00:00:00-05:00,147.27811851695523,147.7411345402718,142.0962984876822,143.30801391601562,93886200,0.0,0.0,AAPL,2026-01-08 10:04:43.992783+00:00
2022-12-14 00:00:00-05:00,143.18979848966035,144.48032672192886,139.06206832067184,141.08160400390625,82291200,0.0,0.0,AAPL,2026-01-08 10:04:43.992783+00:00
2022-12-15 00:00:00-05:00,139.01283101163355,139.69257867211073,134.00832790749715,134.47134399414062,98931900,0.0,0.0,AAPL,2026-01-08 10:04:43.992783+00:00
2022-12-16 00:00:00-05:00,134.6585187405124,135.60424282446493,131.74250357896327,132.5109100341797,160156900,0.0,0.0,AAPL,2026-01-08 10:04:43.992783+00:00
2022-12-19 00:00:00-05:00,133.10199344508453,133.1906522558453,129.36832710470327,130.4027099609375,79592600,0.0,0.0,AAPL,2026-01-08 10:04:43.992783+00:00
2022-12-20 00:00:00-05:00,129.43729149310985,131.26964891983806,127.95958437581338,130.33377075195312,77432800,0.0,0.0,AAPL,2026-01-08 10:04:43.992783+00:00
2022-12-21 00:00:00-05:00,131.00365840968308,134.7767390812449,130.77708085896677,133.43695068359375,85928000,0.0,0.0,AAPL,2026-01-08 10:04:43.992783+00:00
2022-12-22 00:00:00-05:00,132.35330392731453,132.56017450128888,128.3634917913713,130.26480102539062,77852100,0.0,0.0,AAPL,2026-01-08 10:04:43.992783+00:00
2022-12-23 00:00:00-05:00,128.974266934376,130.4519739547497,127.71329147955147,129.90029907226562,63814900,0.0,0.0,AAPL,2026-01-08 10:04:43.992783+00:00
2022-12-27 00:00:00-05:00,129.42741525184118,129.4569681847138,126.80694496905855,128.09747314453125,69007800,0.0,0.0,AAPL,2026-01-08 10:04:43.992783+00:00
2022-12-28 00:00:00-05:00,127.7428420402377,129.08263031505834,123.99932216789122,124.16679382324219,85438400,0.0,0.0,AAPL,2026-01-08 10:04:43.992783+00:00
2022-12-29 00:00:00-05:00,126.08781241864538,128.5408039711882,125.8316819463041,127.6837387084961,75703700,0.0,0.0,AAPL,2026-01-08 10:04:43.992783+00:00
2022-12-30 00:00:00-05:00,126.50154851054427,128.0186541085182,125.53611015946498,127.99894714355469,77034200,0.0,0.0,AAPL,2026-01-08 10:04:43.992783+00:00
2023-01-03 00:00:00-05:00,128.34378830008248,128.95456910153305,122.32459400935494,123.21121978759766,112117500,0.0,0.0,AAPL,2026-01-08 10:04:43.992783+00:00
2023-01-04 00:00:00-05:00,125.00415469022626,126.74785308207225,123.22105739420844,124.4820327758789,89113600,0.0,0.0,AAPL,2026-01-08 10:04:43.992783+00:00
2023-01-05 00:00:00-05:00,125.24059093401247,125.87107865122056,122.9058186898535,123.16194915771484,80962700,0.0,0.0,AAPL,2026-01-08 10:04:43.992783+00:00
2023-01-06 00:00:00-05:00,124.13723200436364,128.3536136037993,123.03387482286254,127.69357299804688,87754700,0.0,0.0,AAPL,2026-01-08 10:04:43.992783+00:00
2023-01-09 00:00:00-05:00,128.53091900909354,131.4272262992552,127.95953732997245,128.21566772460938,70790800,0.0,0.0,AAPL,2026-01-08 10:04:43.992783+00:00
2023-01-10 00:00:00-05:00,128.32406282244906,129.30920076375085,126.21586822934367,128.78707885742188,63896200,0.0,0.0,AAPL,2026-01-08 10:04:43.992783+00:00
2023-01-11 00:00:00-05:00,129.29935853420528,131.52576493439358,128.52110615216108,131.50607299804688,69458900,0.0,0.0,AAPL,2026-01-08 10:04:43.992783+00:00
2023-01-12 00:00:00-05:00,131.89027740511193,132.26461961526783,129.48653833184324,131.42726135253906,71379600,0.0,0.0,AAPL,2026-01-08 10:04:43.992783+00:00
2023-01-13 00:00:00-05:00,130.06777940104425,132.91482784880117,129.70328312196565,132.7572021484375,57809700,0.0,0.0,AAPL,2026-01-08 10:04:43.992783+00:00
2023-01-17 00:00:00-05:00,132.82615869144374,135.24958975985854,132.1365650960417,133.91966247558594,63646600,0.0,0.0,AAPL,2026-01-08 10:04:43.992783+00:00
2023-01-18 00:00:00-05:00,134.78660397065414,136.54999458059902,133.02319832869463,133.20053100585938,69672800,0.0,0.0,AAPL,2026-01-08 10:04:43.992783+00:00
2023-01-19 00:00:00-05:00,132.0873116107182,134.22505937639417,131.78192122019502,133.25962829589844,58280400,0.0,0.0,AAPL,2026-01-08 10:04:43.992783+00:00
2023-01-20 00:00:00-05:00,133.26944989272516,135.96873306889344,132.22520615532028,135.82095336914062,80223600,0.0,0.0,AAPL,2026-01-08 10:04:43.992783+00:00
2023-01-23 00:00:00-05:00,136.06724948686616,141.18997887668803,135.85051793428082,139.0128173828125,81760300,0.0,0.0,AAPL,2026-01-08 10:04:43.992783+00:00
2023-01-24 00:00:00-05:00,138.22472018745663,141.03236969957698,138.21487421828232,140.41172790527344,66435100,0.0,0.0,AAPL,2026-01-08 10:04:43.992783+00:00
2023-01-25 00:00:00-05:00,138.7960782416761,140.3131839948148,136.7469896041819,139.7516632080078,65799300,0.0,0.0,AAPL,2026-01-08 10:04:43.992783+00:00
2023-01-26 00:00:00-05:00,141.0421976938989,142.10614847767724,139.79106829556534,141.82046508789062,54105100,0.0,0.0,AAPL,2026-01-08 10:04:43.992783+00:00
2023-01-27 00:00:00-05:00,141.03234821855804,145.04185173584784,140.95353538112576,143.76116943359375,70555800,0.0,0.0,AAPL,2026-01-08 10:04:43.992783+00:00
2023-01-30 00:00:00-05:00,142.80561778514152,143.38684562469143,140.72697590646771,140.87474060058594,64015300,0.0,0.0,AAPL,2026-01-08 10:04:43.992783+00:00
2023-01-31 00:00:00-05:00,140.57918779657314,142.19481349464007,140.16543164570373,142.1455535888672,65874500,0.0,0.0,AAPL,2026-01-08 10:04:43.992783+00:00
2023-02-01 00:00:00-05:00,141.83030751885846,144.43107102589934,139.2196980441436,143.2686004638672,77663600,0.0,0.0,AAPL,2026-01-08 10:04:43.992783+00:00
2023-02-02 00:00:00-05:00,146.6870585876551,148.93317227622254,145.96791197621397,148.5785369873047,118339000,0.0,0.0,AAPL,2026-01-08 10:04:43.992783+00:00
2023-02-03 00:00:00-05:00,145.8299972142777,155.04104480782712,145.63297259328513,152.20384216308594,154357300,0.0,0.0,AAPL,2026-01-08 10:04:43.992783+00:00
2023-02-06 00:00:00-05:00,150.30250288074524,150.82462478693864,148.53909754834626,149.4749755859375,69858300,0.0,0.0,AAPL,2026-01-08 10:04:43.992783+00:00
2023-02-07 00:00:00-05:00,148.4011502696201,152.92292894086404,148.4011502696201,152.35154724121094,83322600,0.0,0.0,AAPL,2026-01-08 10:04:43.992783+00:00
2023-02-08 00:00:00-05:00,151.59304759782992,152.28264122485135,148.92331687434466,149.66217041015625,64120100,0.0,0.0,AAPL,2026-01-08 10:04:43.992783+00:00
2023-02-09 00:00:00-05:00,151.49450140964842,152.036330247997,148.1844375441137,148.62774658203125,56007100,0.0,0.0,AAPL,2026-01-08 10:04:43.992783+00:00
2023-02-10 00:00:00-05:00,147.46354505272012,149.31842209117474,147.226745512614,148.99282836914062,57450700,0.23,0.0,AAPL,2026-01-08 10:04:43.992783+00:00
2023-02-13 00:00:00-05:00,148.9336202674222,152.19940317198714,148.90402220916044,151.79489135742188,62199000,0.0,0.0,AAPL,2026-01-08 10:04:43.992783+00:00
2023-02-14 00:00:00-05:00,150.08800434565288,151.7159729836762,148.84484061249728,151.15357971191406,61707600,0.0,0.0,AAPL,2026-01-08 10:04:43.992783+00:00
2023-02-15 00:00:00-05:00,151.06478017591323,153.4228543120151,150.83785669682248,153.255126953125,65573800,0.0,0.0,AAPL,2026-01-08 10:04:43.992783+00:00
2023-02-16 00:00:00-05:00,151.45941308943844,154.24175084931028,151.3015618059057,151.65675354003906,68167900,0.0,0.0,AAPL,2026-01-08 10:04:43.992783+00:00
2023-02-17 00:00:00-05:00,150.31494264074843,150.9562540378776,148.83497936586727,150.51226806640625,59144100,0.0,0.0,AAPL,2026-01-08 10:04:43.992783+00:00
2023-02-21 00:00:00-05:00,148.19363813923312,149.27895045459564,146.42755543146694,146.49661254882812,58867200,0.0,0.0,AAPL,2026-01-08 10:04:43.992783+00:00
2023-02-22 00:00:00-05:00,146.8813632986663,147.94693827356633,145.1942142129608,146.92083740234375,51011300,0.0,0.0,AAPL,2026-01-08 10:04:43.992783+00:00
2023-02-23 00:00:00-05:00,148.08508220881998,148.33174268890195,145.2731617688621,147.404296875,48394200,0.0,0.0,AAPL,2026-01-08 10:04:43.992783+00:00
2023-02-24 00:00:00-05:00,145.14489489054824,145.22382805152512,143.77346321036748,144.750244140625,55469600,0.0,0.0,AAPL,2026-01-08 10:04:43.992783+00:00
2023-02-27 00:00:00-05:00,145.736905394929,147.17739437262094,145.48036882399748,145.944091796875,44998500,0.0,0.0,AAPL,2026-01-08 10:04:43.992783+00:00
2023-02-28 00:00:00-05:00,145.08571098317904,147.08859306462728,144.8686485359811,145.44090270996094,50547000,0.0,0.0,AAPL,2026-01-08 10:04:43.992783+00:00
2023-03-01 00:00:00-05:00,144.86867310742886,145.26332395747403,143.07297711330398,143.3689727783203,55479000,0.0,0.0,AAPL,2026-01-08 10:04:43.992783+00:00
2023-03-02 00:00:00-05:00,142.4513915466776,144.75026945161636,141.977792498003,143.96095275878906,52238100,0.0,0.0,AAPL,2026-01-08 10:04:43.992783+00:00
2023-03-03 00:00:00-05:00,146.06247767198354,149.09147589261863,145.36197027021535,149.01254272460938,70732300,0.0,0.0,AAPL,2026-01-08 10:04:43.992783+00:00
2023-03-06 00:00:00-05:00,151.7357028817241,154.2121845297758,151.41012419214647,151.77517700195312,87558000,0.0,0.0,AAPL,2026-01-08 10:04:43.992783+00:00
2023-03-07 00:00:00-05:00,151.64689058754286,151.9724842932115,149.1112281718285,149.574951171875,56182000,0.0,0.0,AAPL,2026-01-08 10:04:43.992783+00:00
2023-03-08 00:00:00-05:00,150.768776295138,151.41996369175047,149.80187125635692,150.82797241210938,47204800,0.0,0.0,AAPL,2026-01-08 10:04:43.992783+00:00
2023-03-09 00:00:00-05:00,151.50875841619168,152.47566345847628,148.2232384177023,148.57843017578125,53833600,0.0,0.0,AAPL,2026-01-08 10:04:43.992783+00:00
2023-03-10 00:00:00-05:00,148.2035375357173,148.92378215572674,145.63826168901898,146.51637268066406,68572400,0.0,0.0,AAPL,2026-01-08 10:04:43.992783+00:00
2023-03-13 00:00:00-04:00,145.83555065664373,151.09435428881787,145.72701943515565,148.46002197265625,84457100,0.0,0.0,AAPL,2026-01-08 10:04:43.992783+00:00
2023-03-14 00:00:00-04:00,149.25919818665145,151.35087437586574,148.09496787151124,150.55169677734375,73695900,0.0,0.0,AAPL,2026-01-08 10:04:43.992783+00:00
2023-03-15 00:00:00-04:00,149.17043689978033,151.2029174267054,147.91739708809698,150.94639587402344,77167900,0.0,0.0,AAPL,2026-01-08 10:04:43.992783+00:00
2023-03-16 00:00:00-04:00,150.1274764543104,154.37004080347904,149.6144183096525,153.7681884765625,76161100,0.0,0.0,AAPL,2026-01-08 10:04:43.992783+00:00
2023-03-17 00:00:00-04:00,153.99507952206918,154.64626683139153,152.21912097617263,152.92950439453125,98944600,0.0,0.0,AAPL,2026-01-08 10:04:43.992783+00:00
2023-03-20 00:00:00-04:00,152.99860710640667,155.7118730486912,152.09088307007352,155.29747009277344,73641400,0.0,0.0,AAPL,2026-01-08 10:04:43.992783+00:00
2023-03-21 00:00:00-04:00,155.21857898532377,157.27078178868533,154.44898411535414,157.1523895263672,73938300,0.0,0.0,AAPL,2026-01-08 10:04:43.992783+00:00
2023-03-22 00:00:00-04:00,157.17209056471103,159.97415053377057,155.7019884063488,155.7217254638672,75701800,0.0,0.0,AAPL,2026-01-08 10:04:43.992783+00:00
2023-03-23 00:00:00-04:00,156.70838216666218,159.3920501505052,155.57373460560854,156.80703735351562,67622100,0.0,0.0,AAPL,2026-01-08 10:04:43.992783+00:00
2023-03-24 00:00:00-04:00,156.73794326990517,158.19816916372028,155.74144030435596,158.109375,59196500,0.0,0.0,AAPL,2026-01-08 10:04:43.992783+00:00
2023-03-27 00:00:00-04:00,157.8035399490982,158.62245469903792,155.76118357485748,156.16571044921875,52390300,0.0,0.0,AAPL,2026-01-08 10:04:43.992783+00:00
2023-03-28 00:00:00-04:00,155.85986113132142,156.37291926303735,153.89643783944095,155.54412841796875,45992200,0.0,0.0,AAPL,2026-01-08 10:04:43.992783+00:00
2023-03-29 00:00:00-04:00,157.241143834068,158.8987103608656,157.22142183199622,158.62245178222656,51305700,0.0,0.0,AAPL,2026-01-08 10:04:43.992783+00:00
2023-03-30 00:00:00-04:00,159.37230833774987,160.29975438530866,159.1157867936236,160.19122314453125,49501700,0.0,0.0,AAPL,2026-01-08 10:04:43.992783+00:00
2023-03-31 00:00:00-04:00,160.270134648553,162.79593585053084,159.74721557415742,162.697265625,68749800,0.0,0.0,AAPL,2026-01-08 10:04:43.992783+00:00
2023-04-03 00:00:00-04:00,162.07568831410026,164.06869434845072,162.0263532022681,163.95030212402344,56976200,0.0,0.0,AAPL,2026-01-08 10:04:43.992783+00:00
2023-04-04 00:00:00-04:00,164.37458557847017,164.61137005549932,162.90448337873613,163.41754150390625,46278300,0.0,0.0,AAPL,2026-01-08 10:04:43.992783+00:00
2023-04-05 00:00:00-04:00,162.53942989245922,162.84528654392068,159.63869962188485,161.572509765625,51511700,0.0,0.0,AAPL,2026-01-08 10:04:43.992783+00:00
2023-04-06 00:00:00-04:00,160.26025717712315,162.75647535534287,159.83600833200663,162.46047973632812,45390100,0.0,0.0,AAPL,2026-01-08 10:04:43.992783+00:00
2023-04-10 00:00:00-04:00,159.26379397330305,159.8656463623047,157.94169694007527,159.8656463623047,47716900,0.0,0.0,AAPL,2026-01-08 10:04:43.992783+00:00
2023-04-11 00:00:00-04:00,160.1813521100088,160.19121311129285,158.36591919116847,158.6520538330078,47644200,0.0,0.0,AAPL,2026-01-08 10:04:43.992783+00:00
2023-04-12 00:00:00-04:00,159.0664602524204,159.8952361057982,157.64569304379242,157.96142578125,50133100,0.0,0.0,AAPL,2026-01-08 10:04:43.992783+00:00
2023-04-13 00:00:00-04:00,159.47096870837692,163.58526449148977,159.26376724154565,163.3484649658203,68445600,0.0,0.0,AAPL,2026-01-08 10:04:43.992783+00:00
2023-04-14 00:00:00-04:00,162.39141498863978,164.0983166124722,161.63171143290737,163.00314331054688,49386500,0.0,0.0,AAPL,2026-01-08 10:04:43.992783+00:00
2023-04-17 00:00:00-04:00,162.88477412221818,163.18076982399003,161.83893569026216,163.0229034423828,41516200,0.0,0.0,AAPL,2026-01-08 10:04:43.992783+00:00
2023-04-18 00:00:00-04:00,163.88125462301093,165.1737533320214,163.4372536454433,164.24630737304688,49923000,0.0,0.0,AAPL,2026-01-08 10:04:43.992783+00:00
2023-04-19 00:00:00-04:00,163.58526647837797,165.91374248336922,163.32872989204589,165.3908233642578,47720200,0.0,0.0,AAPL,2026-01-08 10:04:43.992783+00:00
2023-04-20 00:00:00-04:00,163.87138723669895,165.62760901810955,163.34846811386117,164.4239044189453,52456400,0.0,0.0,AAPL,2026-01-08 10:04:43.992783+00:00
2023-04-21 00:00:00-04:00,162.84530240808513,164.22659550246317,162.2927851703339,162.81570434570312,58337300,0.0,0.0,AAPL,2026-01-08 10:04:43.992783+00:00
2023-04-24 00:00:00-04:00,162.79592733482866,163.3879185471219,161.70075413055952,163.12152099609375,41949600,0.0,0.0,AAPL,2026-01-08 10:04:43.992783+00:00
2023-04-25 00:00:00-04:00,162.98341218856248,164.08844653165775,161.54290808705858,161.58238220214844,48714100,0.0,0.0,AAPL,2026-01-08 10:04:43.992783+00:00
2023-04-26 00:00:00-04:00,160.8818632857178,163.07221001839787,160.625341751742,161.572509765625,45498800,0.0,0.0,AAPL,2026-01-08 10:04:43.992783+00:00
2023-04-27 00:00:00-04:00,162.98339664348885,166.30837541189834,162.98339664348885,166.16038513183594,64902300,0.0,0.0,AAPL,2026-01-08 10:04:43.992783+00:00
2023-04-28 00:00:00-04:00,166.23936050031372,167.58119458170708,165.6375081170057,167.4134521484375,55275900,0.0,0.0,AAPL,2026-01-08 10:04:43.992783+00:00
2023-05-01 00:00:00-04:00,167.0187740939811,168.17314354860417,166.387323749872,167.3246307373047,52472900,0.0,0.0,AAPL,2026-01-08 10:04:43.992783+00:00
2023-05-02 00:00:00-04:00,167.81797955488014,168.07451617943886,165.30203876342605,166.28868103027344,48425700,0.0,0.0,AAPL,2026-01-08 10:04:43.992783+00:00
2023-05-03 00:00:00-04:00,167.23586119850705,168.63689138543253,164.92712194913543,165.21324157714844,65136000,0.0,0.0,AAPL,2026-01-08 10:04:43.992783+00:00
2023-05-04 00:00:00-04:00,162.6874369491867,164.80871172491695,162.1151826483231,163.57540893554688,81235400,0.0,0.0,AAPL,2026-01-08 10:04:43.992783+00:00
2023-05-05 00:00:00-04:00,168.6960805994559,171.97173995816638,168.47901810918157,171.25149536132812,113453200,0.0,0.0,AAPL,2026-01-08 10:04:43.992783+00:00
2023-05-08 00:00:00-04:00,170.17603958076435,171.52774960942492,169.81098679048802,171.1824188232422,55962800,0.0,0.0,AAPL,2026-01-08 10:04:43.992783+00:00
2023-05-09 00:00:00-04:00,170.73841026688106,171.22185523763014,169.30778230115573,169.4755096435547,45326900,0.0,0.0,AAPL,2026-01-08 10:04:43.992783+00:00
2023-05-10 00:00:00-04:00,170.70881232248743,171.70531537679722,169.60376298512443,171.24159240722656,53724500,0.0,0.0,AAPL,2026-01-08 10:04:43.992783+00:00
2023-05-11 00:00:00-04:00,171.52774738748727,172.2578529585823,169.87018071223292,171.4290771484375,49514700,0.0,0.0,AAPL,2026-01-08 10:04:43.992783+00:00
2023-05-12 00:00:00-04:00,171.5377153905618,171.97244074298538,168.94914270667581,170.5003204345703,45533100,0.24,0.0,AAPL,2026-01-08 10:04:43.992783+00:00
2023-05-15 00:00:00-04:00,171.0832561601379,171.13265951386708,169.41352230428424,170.00633239746094,37266700,0.0,0.0,AAPL,2026-01-08 10:04:43.992783+00:00
2023-05-16 00:00:00-04:00,169.92729004665156,171.0634918034888,169.73956634795272,170.00633239746094,42110300,0.0,0.0,AAPL,2026-01-08 10:04:43.992783+00:00
2023-05-17 00:00:00-04:00,169.65068438723694,170.85603902755463,168.37614694646877,170.61892700195312,57951600,0.0,0.0,AAPL,2026-01-08 10:04:43.992783+00:00
2023-05-18 00:00:00-04:00,170.92519018134206,173.13833101906644,170.51022910097907,172.9506072998047,65496700,0.0,0.0,AAPL,2026-01-08 10:04:43.992783+00:00
2023-05-19 00:00:00-04:00,174.27450921230027,174.27450921230027,172.84190244667505,173.05926513671875,55809500,0.0,0.0,AAPL,2026-01-08 10:04:43.992783+00:00
2023-05-22 00:00:00-04:00,171.8934465890232,172.61470252401188,171.36980410656224,172.11080932617188,43570900,0.0,0.0,AAPL,2026-01-08 10:04:43.992783+00:00
2023-05-23 00:00:00-04:00,171.0536346915268,171.30063640969706,169.22581594675142,169.50245666503906,50747300,0.0,0.0,AAPL,2026-01-08 10:04:43.992783+00:00
2023-05-24 00:00:00-04:00,169.03806296692736,170.35211368921475,168.47490698639612,169.77906799316406,45143500,0.0,0.0,AAPL,2026-01-08 10:04:43.992783+00:00
2023-05-25 00:00:00-04:00,170.3422375122457,171.81435783591468,169.63087148741525,170.915283203125,56058300,0.0,0.0,AAPL,2026-01-08 10:04:43.992783+00:00
2023-05-26 00:00:00-04:00,171.24135456411133,173.6619683326656,171.03386649216068,173.32603454589844,54835000,0.0,0.0,AAPL,2026-01-08 10:04:43.992783+00:00
2023-05-30 00:00:00-04:00,174.8376957969301,176.84334846181008,174.45237373510062,175.17361450195312,55964400,0.0,0.0,AAPL,2026-01-08 10:04:43.992783+00:00
2023-05-31 00:00:00-04:00,175.20324889662425,177.19902686801004,174.64007778024913,175.12420654296875,99625300,0.0,0.0,AAPL,2026-01-08 10:04:43.992783+00:00
2023-06-01 00:00:00-04:00,175.5687945017499,177.95976900098933,174.8080250915144,177.9301300048828,68901800,0.0,0.0,AAPL,2026-01-08 10:04:43.992783+00:00
2023-06-02 00:00:00-04:00,178.8588732872537,179.5998784017098,177.11009699591673,178.7798309326172,61996900,0.0,0.0,AAPL,2026-01-08 10:04:43.992783+00:00
2023-06-05 00:00:00-04:00,180.43970891607717,182.731877134779,175.90474568833295,177.42628479003906,121946500,0.0,0.0,AAPL,2026-01-08 10:04:43.992783+00:00
2023-06-06 00:00:00-04:00,177.81160982601426,177.95980483638854,175.30206376122024,177.06072998046875,64848400,0.0,0.0,AAPL,2026-01-08 10:04:43.992783+00:00
2023-06-07 00:00:00-04:00,176.29993732672585,179.03672040758232,175.19337452542106,175.6873779296875,61944600,0.0,0.0,AAPL,2026-01-08 10:04:43.992783+00:00
2023-06-08 00:00:00-04:00,175.76639710388454,178.67113939917257,175.3316867918341,178.40438842773438,50214900,0.0,0.0,AAPL,2026-01-08 10:04:43.992783+00:00
2023-06-09 00:00:00-04:00,179.3232356709596,180.04447641965535,178.46367457216073,178.7897186279297,48900000,0.0,0.0,AAPL,2026-01-08 10:04:43.992783+00:00
2023-06-12 00:00:00-04:00,179.09600328256303,181.68457636718009,178.79959821677159,181.5857696533203,54274900,0.0,0.0,AAPL,2026-01-08 10:04:43.992783+00:00
2023-06-13 00:00:00-04:00,180.60766365821948,181.94146392274692,180.25198057252106,181.11154174804688,54929100,0.0,0.0,AAPL,2026-01-08 10:04:43.992783+00:00
2023-06-14 00:00:00-04:00,181.17078973520816,182.1785608236948,179.83698969165084,181.74383544921875,57462900,0.0,0.0,AAPL,2026-01-08 10:04:43.992783+00:00
2023-06-15 00:00:00-04:00,181.75375744495216,184.28305271752754,181.5759083620863,183.77915954589844,65433200,0.0,0.0,AAPL,2026-01-08 10:04:43.992783+00:00
2023-06-16 00:00:00-04:00,184.490530124381,184.74742157511324,182.06004151498252,182.70223999023438,101256200,0.0,0.0,AAPL,2026-01-08 10:04:43.992783+00:00
2023-06-20 00:00:00-04:00,182.19834264439277,183.86807659469073,182.19834264439277,182.7911376953125,49799100,0.0,0.0,AAPL,2026-01-08 10:04:43.992783+00:00
2023-06-21 00:00:00-04:00,182.68243679920374,183.18632987573855,180.40014368436258,181.75372314453125,49515700,0.0,0.0,AAPL,2026-01-08 10:04:43.992783+00:00
2023-06-22 00:00:00-04:00,181.53636658960147,184.8066665365007,181.46719888037438,184.75726318359375,51245300,0.0,0.0,AAPL,2026-01-08 10:04:43.992783+00:00
2023-06-23 00:00:00-04:00,183.32467881492002,185.31056720794078,182.79114665956078,184.4411163330078,53117000,0.0,0.0,AAPL,2026-01-08 10:04:43.992783+00:00
2023-06-26 00:00:00-04:00,184.58932295318664,185.79469252512132,183.00850595123646,183.04803466796875,48088700,0.0,0.0,AAPL,2026-01-08 10:04:43.992783+00:00
2023-06-27 00:00:00-04:00,183.66059237854205,186.13060949863421,183.4432296659109,185.8045654296875,50730800,0.0,0.0,AAPL,2026-01-08 10:04:43.992783+00:00
2023-06-28 00:00:00-04:00,185.67610944091012,187.6224840299043,185.3500804657921,186.98028564453125,51216800,0.0,0.0,AAPL,2026-01-08 10:04:43.992783+00:00
2023-06-29 00:00:00-04:00,186.81231462111722,187.79044671269003,186.67399428172388,187.31619262695312,46347300,0.0,0.0,AAPL,2026-01-08 10:04:43.992783+00:00
2023-06-30 00:00:00-04:00,189.33175958026345,192.14757008838143,188.96618679019105,191.64369201660156,85213200,0.0,0.0,AAPL,2026-01-08 10:04:43.992783+00:00
2023-07-03 00:00:00-04:00,191.4559555638213,191.55476227365418,189.46017761633829,190.15179443359375,31458200,0.0,0.0,AAPL,2026-01-08 10:04:43.992783+00:00
2023-07-05 00:00:00-04:00,189.27248168829453,190.66555990536892,188.33386310926684,189.0353546142578,46920300,0.0,0.0,AAPL,2026-01-08 10:04:43.992783+00:00
2023-07-06 00:00:00-04:00,187.56322301313529,189.71708585705593,186.93089921117289,189.5095977783203,45094300,0.0,0.0,AAPL,2026-01-08 10:04:43.992783+00:00
2023-07-07 00:00:00-04:00,189.11439856972888,190.3592817984136,187.9584323411384,188.3931427001953,46815000,0.0,0.0,AAPL,2026-01-08 10:04:43.992783+00:00
2023-07-10 00:00:00-04:00,186.9901751208951,187.71143099184326,184.79679865953796,186.3479766845703,59922200,0.0,0.0,AAPL,2026-01-08 10:04:43.992783+00:00
2023-07-11 00:00:00-04:00,186.8913747422291,187.0296950947768,184.3620796809065,185.82432556152344,46638100,0.0,0.0,AAPL,2026-01-08 10:04:43.992783+00:00
2023-07-12 00:00:00-04:00,187.40513225686783,189.4009103170613,186.20965240962747,187.4940643310547,60750200,0.0,0.0,AAPL,2026-01-08 10:04:43.992783+00:00
2023-07-13 00:00:00-04:00,188.2153081360164,188.897035286273,187.5039419858172,188.25482177734375,41342300,0.0,0.0,AAPL,2026-01-08 10:04:43.992783+00:00
2023-07-14 00:00:00-04:00,187.948525384943,188.88712881002033,187.35573036289856,188.40301513671875,41616200,0.0,0.0,AAPL,2026-01-08 10:04:43.992783+00:00
2023-07-17 00:00:00-04:00,189.598506397075,191.9894962144421,189.5095893997432,191.6634521484375,50520200,0.0,0.0,AAPL,2026-01-08 10:04:43.992783+00:00
2023-07-18 00:00:00-04:00,191.03112283932904,191.99936529239264,190.1122686661601,191.40655517578125,48288200,0.0,0.0,AAPL,2026-01-08 10:04:43.992783+00:00
2023-07-19 00:00:00-04:00,190.78413334726974,195.8525983579603,190.3395181934612,192.76014709472656,80507300,0.0,0.0,AAPL,2026-01-08 10:04:43.992783+00:00
2023-07-20 00:00:00-04:00,192.7502668636511,194.11372124075075,190.19133255294633,190.81378173828125,59581200,0.0,0.0,AAPL,2026-01-08 10:04:43.992783+00:00
2023-07-21 00:00:00-04:00,191.77214478083425,192.63170595716375,188.93655473427472,189.63804626464844,71951700,0.0,0.0,AAPL,2026-01-08 10:04:43.992783+00:00
2023-07-24 00:00:00-04:00,191.09039681521514,192.57240699977407,189.94430532096735,190.4383087158203,45377800,0.0,0.0,AAPL,2026-01-08 10:04:43.992783+00:00
2023-07-25 00:00:00-04:00,191.01136672601527,192.10805493602857,190.60628029804008,191.29788208007812,37283200,0.0,0.0,AAPL,2026-01-08 10:04:43.992783+00:00
2023-07-26 00:00:00-04:00,191.34726521155525,193.29363971255637,191.00147189498233,192.1673126220703,47471900,0.0,0.0,AAPL,2026-01-08 10:04:43.992783+00:00
2023-07-27 00:00:00-04:00,193.66908608151945,194.83492680246852,190.24070147552166,190.9026641845703,47460200,0.0,0.0,AAPL,2026-01-08 10:04:43.992783+00:00
2023-07-28 00:00:00-04:00,192.33527753863382,194.2717774555962,191.81163515269853,193.4813690185547,48291400,0.0,0.0,AAPL,2026-01-08 10:04:43.992783+00:00
2023-07-31 00:00:00-04:00,193.70861105598286,194.13346181996275,192.91820259976402,194.09393310546875,38824100,0.0,0.0,AAPL,2026-01-08 10:04:43.992783+00:00
2023-08-01 00:00:00-04:00,193.88645666636083,194.37057034188453,192.93796352063418,193.26400756835938,35175100,0.0,0.0,AAPL,2026-01-08 10:04:43.992783+00:00
2023-08-02 00:00:00-04:00,192.70082810591987,192.8391484466102,189.5490992662055,190.2703399658203,50389300,0.0,0.0,AAPL,2026-01-08 10:04:43.992783+00:00
2023-08-03 00:00:00-04:00,189.2724853572926,190.06287880115997,188.40303447809214,188.8772735595703,61235200,0.0,0.0,AAPL,2026-01-08 10:04:43.992783+00:00
2023-08-04 00:00:00-04:00,183.2950360404776,185.13272939460776,179.7382053306166,179.807373046875,115956800,0.0,0.0,AAPL,2026-01-08 10:04:43.992783+00:00
2023-08-07 00:00:00-04:00,179.9456936325003,180.93370048918646,175.2230220636036,176.7050323486328,97576100,0.0,0.0,AAPL,2026-01-08 10:04:43.992783+00:00
2023-08-08 00:00:00-04:00,177.5349343777014,178.10798009875546,175.45023954323045,177.64361572265625,67823000,0.0,0.0,AAPL,2026-01-08 10:04:43.992783+00:00
2023-08-09 00:00:00-04:00,178.7008146829172,178.76009268860713,174.88710720037176,176.05296325683594,60378500,0.0,0.0,AAPL,2026-01-08 10:04:43.992783+00:00
2023-08-10 00:00:00-04:00,177.3274561288203,178.58222898523437,175.47001359754938,175.8355712890625,54686900,0.0,0.0,AAPL,2026-01-08 10:04:43.992783+00:00
2023-08-11 00:00:00-04:00,175.42996682009903,176.71609814181758,174.66816996475507,175.8949432373047,52036700,0.24,0.0,AAPL,2026-01-08 10:04:43.992783+00:00
2023-08-14 00:00:00-04:00,176.07304120627697,177.77470914879805,175.4200724407671,177.5471649169922,43675600,0.0,0.0,AAPL,2026-01-08 10:04:43.992783+00:00
2023-08-15 00:00:00-04:00,176.9733287591711,177.56692432110017,175.1628328578025,175.55856323242188,43622600,0.0,0.0,AAPL,2026-01-08 10:04:43.992783+00:00
2023-08-16 00:00:00-04:00,175.24197103328896,176.6369303294026,174.61868139075943,174.6879425048828,46964900,0.0,0.0,AAPL,2026-01-08 10:04:43.992783+00:00
2023-08-17 00:00:00-04:00,175.25187020963352,175.6179215615527,171.6308784010705,172.1453399658203,66062900,0.0,0.0,AAPL,2026-01-08 10:04:43.992783+00:00
2023-08-18 00:00:00-04:00,170.46346761685473,173.23362560342792,170.12709527960956,172.630126953125,61172200,0.0,0.0,AAPL,2026-01-08 10:04:43.992783+00:00
2023-08-21 00:00:00-04:00,173.2039318191006,174.2526308376999,171.88810651020768,173.96571350097656,46311900,0.0,0.0,AAPL,2026-01-08 10:04:43.992783+00:00
2023-08-22 00:00:00-04:00,175.17271045239184,175.78609702554508,174.37134667878323,175.3408966064453,42038900,0.0,0.0,AAPL,2026-01-08 10:04:43.992783+00:00
2023-08-23 00:00:00-04:00,176.61716031274474,179.61486234805133,176.42918310654636,179.18943786621094,52722800,0.0,0.0,AAPL,2026-01-08 10:04:43.992783+00:00
2023-08-24 00:00:00-04:00,178.74425133745834,179.16967585239115,174.13391827576947,174.49998474121094,54945800,0.0,0.0,AAPL,2026-01-08 10:04:43.992783+00:00
2023-08-25 00:00:00-04:00,175.4893371526004,177.2404601102408,173.9459673815929,176.7062225341797,51449600,0.0,0.0,AAPL,2026-01-08 10:04:43.992783+00:00
2023-08-28 00:00:00-04:00,178.17043851174256,178.66510907128173,176.64685983066678,178.26937866210938,43820700,0.0,0.0,AAPL,2026-01-08 10:04:43.992783+00:00
2023-08-29 00:00:00-04:00,177.78455525489372,182.929124873536,177.58669009574285,182.15744018554688,53003900,0.0,0.0,AAPL,2026-01-08 10:04:43.992783+00:00
2023-08-30 00:00:00-04:00,182.9687355268348,185.84772159478027,182.77087033679462,185.64984130859375,60813900,0.0,0.0,AAPL,2026-01-08 10:04:43.992783+00:00
2023-08-31 00:00:00-04:00,185.8378136528603,187.10416895130786,185.48165028166278,185.86749267578125,60794500,0.0,0.0,AAPL,2026-01-08 10:04:43.992783+00:00
2023-09-01 00:00:00-04:00,187.47023078000296,187.89564016216337,186.27312153245367,187.4405517578125,45766500,0.0,0.0,AAPL,2026-01-08 10:04:43.992783+00:00
2023-09-05 00:00:00-04:00,186.27313129788112,187.9550080601447,185.6102746073009,187.67799377441406,45280000,0.0,0.0,AAPL,2026-01-08 10:04:43.992783+00:00
2023-09-06 00:00:00-04:00,186.39182984634905,186.83704535292617,179.5357042757167,180.96035766601562,81755800,0.0,0.0,AAPL,2026-01-08 10:04:43.992783+00:00
2023-09-07 00:00:00-04:00,173.31273740579792,176.31045432139675,171.69021887943939,175.66737365722656,112488800,0.0,0.0,AAPL,2026-01-08 10:04:43.992783+00:00
2023-09-08 00:00:00-04:00,176.44894769007192,178.31880130389678,175.89490413000163,176.28074645996094,65551300,0.0,0.0,AAPL,2026-01-08 10:04:43.992783+00:00
2023-09-11 00:00:00-04:00,178.15065045906456,178.3781946740771,175.44973851819339,177.44821166992188,58953100,0.0,0.0,AAPL,2026-01-08 10:04:43.992783+00:00
2023-09-12 00:00:00-04:00,177.57683789873767,178.21001559327632,172.95661681425068,174.42083740234375,90370200,0.0,0.0,AAPL,2026-01-08 10:04:43.992783+00:00
2023-09-13 00:00:00-04:00,174.62857587906927,175.4101637291933,172.12554433664133,172.3531036376953,84267900,0.0,0.0,AAPL,2026-01-08 10:04:43.992783+00:00
2023-09-14 00:00:00-04:00,172.14534712441645,174.2229694212733,171.72982568427443,173.86680603027344,60895800,0.0,0.0,AAPL,2026-01-08 10:04:43.992783+00:00
2023-09-15 00:00:00-04:00,174.5989096220804,174.61870067060727,171.96727382158934,173.1445770263672,109259500,0.0,0.0,AAPL,2026-01-08 10:04:43.992783+00:00
2023-09-18 00:00:00-04:00,174.59890495957814,177.46800307348116,174.2922116482627,176.07302856445312,67257600,0.0,0.0,AAPL,2026-01-08 10:04:43.992783+00:00
2023-09-19 00:00:00-04:00,175.6278039585389,177.71531389898738,175.2419616044344,177.16128540039062,51826900,0.0,0.0,AAPL,2026-01-08 10:04:43.992783+00:00
2023-09-20 00:00:00-04:00,177.3492658362857,177.78457830053213,173.5304088946865,173.6194610595703,58436200,0.0,0.0,AAPL,2026-01-08 10:04:43.992783+00:00
2023-09-21 00:00:00-04:00,172.68948203416045,174.42082885900223,172.006834299268,172.07608032226562,63149100,0.0,0.0,AAPL,2026-01-08 10:04:43.992783+00:00
2023-09-22 00:00:00-04:00,172.80822480527712,175.19254070949162,172.19483809483881,172.92694091796875,56725400,0.0,0.0,AAPL,2026-01-08 10:04:43.992783+00:00
2023-09-25 00:00:00-04:00,172.3432048049037,175.08368369125543,172.29373473406022,174.2031707763672,46172700,0.0,0.0,AAPL,2026-01-08 10:04:43.992783+00:00
2023-09-26 00:00:00-04:00,172.95657538348075,173.33251464271248,169.8302546610243,170.12705993652344,64588900,0.0,0.0,AAPL,2026-01-08 10:04:43.992783+00:00
2023-09-27 00:00:00-04:00,170.7800628332761,171.19558430072632,167.24812281187548,168.6134033203125,66921800,0.0,0.0,AAPL,2026-01-08 10:04:43.992783+00:00
2023-09-28 00:00:00-04:00,167.53497403896702,170.19630331103406,165.83330658833998,168.87059020996094,56294400,0.0,0.0,AAPL,2026-01-08 10:04:43.992783+00:00
2023-09-29 00:00:00-04:00,170.18643455541363,171.22524557281096,168.52433390834895,169.38507080078125,51861100,0.0,0.0,AAPL,2026-01-08 10:04:43.992783+00:00
2023-10-02 00:00:00-04:00,169.39494849088058,172.44212024536975,169.108031178775,171.89797973632812,52164500,0.0,0.0,AAPL,2026-01-08 10:04:43.992783+00:00
2023-10-03 00:00:00-04:00,170.4238555507343,171.77926282963776,168.99921735596456,170.56236267089844,49594600,0.0,0.0,AAPL,2026-01-08 10:04:43.992783+00:00
2023-10-04 00:00:00-04:00,169.26634637027362,172.3531005247124,169.14763028223018,171.8089599609375,53020300,0.0,0.0,AAPL,2026-01-08 10:04:43.992783+00:00
2023-10-05 00:00:00-04:00,171.93755168454948,173.57986123329636,170.83938266052527,173.04562377929688,48527900,0.0,0.0,AAPL,2026-01-08 10:04:43.992783+00:00
2023-10-06 00:00:00-04:00,171.947458780219,176.09279974358,171.33405713065292,175.59812927246094,57266700,0.0,0.0,AAPL,2026-01-08 10:04:43.992783+00:00
2023-10-09 00:00:00-04:00,174.9253820623563,177.1415113656987,173.92615307401468,177.0821533203125,42390800,0.0,0.0,AAPL,2026-01-08 10:04:43.992783+00:00
2023-10-10 00:00:00-04:00,176.20162316730602,177.80435062036204,176.05321297222847,176.488525390625,43698000,0.0,0.0,AAPL,2026-01-08 10:04:43.992783+00:00
2023-10-11 00:00:00-04:00,176.300562769531,177.9329844734106,175.70696722860302,177.88351440429688,47551100,0.0,0.0,AAPL,2026-01-08 10:04:43.992783+00:00
2023-10-12 00:00:00-04:00,178.1506358590928,180.39642899359671,177.13160077070958,178.7838134765625,56743100,0.0,0.0,AAPL,2026-01-08 10:04:43.992783+00:00
2023-10-13 00:00:00-04:00,179.48624788964275,179.9908063804386,176.24121051823693,176.9436492919922,51427100,0.0,0.0,AAPL,2026-01-08 10:04:43.992783+00:00
2023-10-16 00:00:00-04:00,174.86601479996662,177.17118104988546,174.6285675347915,176.8150177001953,52517000,0.0,0.0,AAPL,2026-01-08 10:04:43.992783+00:00
2023-10-17 00:00:00-04:00,174.7670635598835,176.51820117592956,172.9367919566193,175.26173400878906,57549400,0.0,0.0,AAPL,2026-01-08 10:04:43.992783+00:00
2023-10-18 00:00:00-04:00,173.70849028197048,175.68717223288098,173.2434988158149,173.96571350097656,54764400,0.0,0.0,AAPL,2026-01-08 10:04:43.992783+00:00
2023-10-19 00:00:00-04:00,174.16360253338752,175.94441955236843,173.32267164674883,173.5897979736328,59302900,0.0,0.0,AAPL,2026-01-08 10:04:43.992783+00:00
2023-10-20 00:00:00-04:00,173.44136860989997,173.55019672394363,170.7998299466356,171.0372772216797,64244000,0.0,0.0,AAPL,2026-01-08 10:04:43.992783+00:00
2023-10-23 00:00:00-04:00,169.08827156264798,172.15521956196545,168.11870652701532,171.15599060058594,55980100,0.0,0.0,AAPL,2026-01-08 10:04:43.992783+00:00
2023-10-24 00:00:00-04:00,171.20546620053886,171.81885280099095,169.62251453312876,171.59130859375,43816600,0.0,0.0,AAPL,2026-01-08 10:04:43.992783+00:00
2023-10-25 00:00:00-04:00,170.04791453369674,171.2153295207887,168.83101438745086,169.27622985839844,57157000,0.0,0.0,AAPL,2026-01-08 10:04:43.992783+00:00
2023-10-26 00:00:00-04:00,168.55403244057868,169.55327657792432,163.90413245355498,165.1111297607422,70625300,0.0,0.0,AAPL,2026-01-08 10:04:43.992783+00:00
2023-10-27 00:00:00-04:00,165.13089150916355,167.1590433521086,165.05174242645685,166.4269256591797,58499100,0.0,0.0,AAPL,2026-01-08 10:04:43.992783+00:00
2023-10-30 00:00:00-04:00,167.21840145454993,169.34547832959018,167.0699912633637,168.474853515625,51131000,0.0,0.0,AAPL,2026-01-08 10:04:43.992783+00:00
2023-10-31 00:00:00-04:00,167.54489051547947,169.07835686158955,166.11033410734646,168.9497528076172,44846000,0.0,0.0,AAPL,2026-01-08 10:04:43.992783+00:00
2023-11-01 00:00:00-04:00,169.1773175299865,172.37288485640974,168.3066925856151,172.11566162109375,56934900,0.0,0.0,AAPL,2026-01-08 10:04:43.992783+00:00
2023-11-02 00:00:00-04:00,173.64910959806176,175.885014476456,173.58975156265691,175.67726135253906,77334800,0.0,0.0,AAPL,2026-01-08 10:04:43.992783+00:00
2023-11-03 00:00:00-04:00,172.38277434389337,174.9352758328065,171.50226149314057,174.76707458496094,79829200,0.0,0.0,AAPL,2026-01-08 10:04:43.992783+00:00
2023-11-06 00:00:00-05:00,174.49995231934884,177.517429979593,174.33176617832314,177.31956481933594,63841300,0.0,0.0,AAPL,2026-01-08 10:04:43.992783+00:00
2023-11-07 00:00:00-05:00,177.27009874628624,180.4953598060514,177.06234560698942,179.88197326660156,70530000,0.0,0.0,AAPL,2026-01-08 10:04:43.992783+00:00
2023-11-08 00:00:00-05:00,180.40632954214095,181.4945955371222,179.65442075331012,180.94056701660156,49340300,0.0,0.0,AAPL,2026-01-08 10:04:43.992783+00:00
2023-11-09 00:00:00-05:00,181.00982351508927,182.15744752284814,179.87207238589124,180.46568298339844,53763500,0.0,0.0,AAPL,2026-01-08 10:04:43.992783+00:00
2023-11-10 00:00:00-05:00,182.2488540012565,184.8245355233408,181.81296804065445,184.65611267089844,66133400,0.24,0.0,AAPL,2026-01-08 10:04:43.992783+00:00
2023-11-13 00:00:00-05:00,184.08156757584422,184.28959445510736,182.4866293320066,183.07110595703125,43627500,0.0,0.0,AAPL,2026-01-08 10:04:43.992783+00:00
2023-11-14 00:00:00-05:00,185.94393292700153,186.3501007196846,184.55703694714765,185.68637084960938,60108400,0.0,0.0,AAPL,2026-01-08 10:04:43.992783+00:00
2023-11-15 00:00:00-05:00,186.09256123667055,187.72711849110286,186.02320887124122,186.2510528564453,53790500,0.0,0.0,AAPL,2026-01-08 10:04:43.992783+00:00
2023-11-16 00:00:00-05:00,187.79646053927942,189.1734556093977,186.88505441646575,187.93515014648438,54412900,0.0,0.0,AAPL,2026-01-08 10:04:43.992783+00:00
2023-11-17 00:00:00-05:00,188.47008739636428,188.59887599886426,186.805812145748,187.9153289794922,50922700,0.0,0.0,AAPL,2026-01-08 10:04:43.992783+00:00
2023-11-20 00:00:00-05:00,188.11345647352806,190.11456230851306,188.10355547172335,189.6588592529297,46505100,0.0,0.0,AAPL,2026-01-08 10:04:43.992783+00:00
2023-11-21 00:00:00-05:00,189.6192457228965,189.72821721009598,187.96487141071046,188.8564453125,38134500,0.0,0.0,AAPL,2026-01-08 10:04:43.992783+00:00
2023-11-22 00:00:00-05:00,189.69852651247717,191.12504193836494,189.04469749475615,189.52020263671875,39617700,0.0,0.0,AAPL,2026-01-08 10:04:43.992783+00:00
2023-11-24 00:00:00-05:00,189.08429242242372,189.11401054524026,187.47945332619432,188.19271850585938,24048300,0.0,0.0,AAPL,2026-01-08 10:04:43.992783+00:00
2023-11-27 00:00:00-05:00,188.1431623745596,188.88614559455414,187.13270096287798,188.01437377929688,40552600,0.0,0.0,AAPL,2026-01-08 10:04:43.992783+00:00
2023-11-28 00:00:00-05:00,188.0045033953615,189.29234420962146,187.62805366546104,188.6186981201172,38415400,0.0,0.0,AAPL,2026-01-08 10:04:43.992783+00:00
2023-11-29 00:00:00-05:00,189.11399699712592,190.29286617117475,187.2020606914072,187.5983123779297,43014200,0.0,0.0,AAPL,2026-01-08 10:04:43.992783+00:00
2023-11-30 00:00:00-05:00,188.06392585220516,188.53944603911236,186.42936866830843,188.1728973388672,48794400,0.0,0.0,AAPL,2026-01-08 10:04:43.992783+00:00
2023-12-01 00:00:00-05:00,188.54937654269267,189.76786509072264,187.45966150556924,189.45086669921875,45704800,0.0,0.0,AAPL,2026-01-08 10:04:43.992783+00:00
2023-12-04 00:00:00-05:00,188.2026180609542,188.27197042434886,185.69628894913777,187.6577606201172,43389500,0.0,0.0,AAPL,2026-01-08 10:04:43.992783+00:00
2023-12-05 00:00:00-05:00,188.43048297188668,192.58127042048946,188.40074973234698,191.61044311523438,66628400,0.0,0.0,AAPL,2026-01-08 10:04:43.992783+00:00
2023-12-06 00:00:00-05:00,192.6308143978356,192.93791176533594,190.3127099631217,190.520751953125,41089700,0.0,0.0,AAPL,2026-01-08 10:04:43.992783+00:00
2023-12-07 00:00:00-05:00,191.81848755335412,193.17566559760107,191.7788533108163,192.45249938964844,47477700,0.0,0.0,AAPL,2026-01-08 10:04:43.992783+00:00
2023-12-08 00:00:00-05:00,192.38314555463674,194.15640755182167,191.8581052152776,193.8790283203125,53406400,0.0,0.0,AAPL,2026-01-08 10:04:43.992783+00:00
2023-12-11 00:00:00-05:00,191.30334341541183,191.6797931299085,189.62915193698308,191.3726806640625,60943700,0.0,0.0,AAPL,2026-01-08 10:04:43.992783+00:00
2023-12-12 00:00:00-05:00,191.27362671385956,192.8982829604503,189.92634969600132,192.8883819580078,52696900,0.0,0.0,AAPL,2026-01-08 10:04:43.992783+00:00
2023-12-13 00:00:00-05:00,193.26482653488247,196.14760557804456,193.02708153571695,196.1079864501953,70404200,0.0,0.0,AAPL,2026-01-08 10:04:43.992783+00:00
2023-12-14 00:00:00-05:00,196.16740691178524,197.75242887078264,194.32480773637585,196.25656127929688,66831600,0.0,0.0,AAPL,2026-01-08 10:04:43.992783+00:00
2023-12-15 00:00:00-05:00,195.6819844119138,196.54384019084355,195.15694409646994,195.72161865234375,128538400,0.0,0.0,AAPL,2026-01-08 10:04:43.992783+00:00
2023-12-18 00:00:00-05:00,194.2554378492161,194.7903942380946,192.57134555644006,194.05731201171875,55751900,0.0,0.0,AAPL,2026-01-08 10:04:43.992783+00:00
2023-12-19 00:00:00-05:00,194.32481746504553,195.1074199235508,194.0573392330858,195.09751892089844,40714100,0.0,0.0,AAPL,2026-01-08 10:04:43.992783+00:00
2023-12-20 00:00:00-05:00,195.05790478940895,195.83060632493024,193.0072784423828,193.0072784423828,52242800,0.0,0.0,AAPL,2026-01-08 10:04:43.992783+00:00
2023-12-21 00:00:00-05:00,194.26538628403978,195.23621363050395,191.6897046199928,192.85865783691406,46482500,0.0,0.0,AAPL,2026-01-08 10:04:43.992783+00:00
2023-12-22 00:00:00-05:00,193.35399290351117,193.5818520298925,191.16467694820312,191.78878784179688,37149600,0.0,0.0,AAPL,2026-01-08 10:04:43.992783+00:00
2023-12-26 00:00:00-05:00,191.79865490672267,192.0760341178965,191.02595351616222,191.243896484375,28919300,0.0,0.0,AAPL,2026-01-08 10:04:43.992783+00:00
2023-12-27 00:00:00-05:00,190.68914273833013,191.68968812345565,189.30223153241622,191.34295654296875,48087700,0.0,0.0,AAPL,2026-01-08 10:04:43.992783+00:00
2023-12-28 00:00:00-05:00,192.32369457775746,192.83883387512188,191.3627683436117,191.76893615722656,34049900,0.0,0.0,AAPL,2026-01-08 10:04:43.992783+00:00
2023-12-29 00:00:00-05:00,192.08593771837442,192.58125990446206,189.9362412446781,190.728759765625,42672100,0.0,0.0,AAPL,2026-01-08 10:04:43.992783+00:00
2024-01-02 00:00:00-05:00,185.39909638597572,186.67703614744315,182.16960103197144,183.90322875976562,82488700,0.0,0.0,AAPL,2026-01-08 10:04:43.992783+00:00
2024-01-03 00:00:00-05:00,182.49654224842757,184.14101584764194,181.7139245802069,182.52626037597656,58414500,0.0,0.0,AAPL,2026-01-08 10:04:43.992783+00:00
2024-01-04 00:00:00-05:00,180.4458595901839,181.37706768373354,179.18775216816366,180.20811462402344,71983600,0.0,0.0,AAPL,2026-01-08 10:04:43.992783+00:00
2024-01-05 00:00:00-05:00,180.28738953880892,181.05017488447822,178.48440937769652,179.48495483398438,62379700,0.0,0.0,AAPL,2026-01-08 10:04:43.992783+00:00
2024-01-08 00:00:00-05:00,180.38645226507356,183.86362411289957,179.80197564152536,183.82398986816406,59144500,0.0,0.0,AAPL,2026-01-08 10:04:43.992783+00:00
2024-01-09 00:00:00-05:00,182.19932576748687,183.41781421075365,181.0204564512382,183.4079132080078,42841800,0.0,0.0,AAPL,2026-01-08 10:04:43.992783+00:00
2024-01-10 00:00:00-05:00,182.62527725276104,184.65608591378964,182.19929235625014,184.44805908203125,46792900,0.0,0.0,AAPL,2026-01-08 10:04:43.992783+00:00
2024-01-11 00:00:00-05:00,184.7947925921475,185.3000308909078,181.90211286972462,183.8536834716797,49128400,0.0,0.0,AAPL,2026-01-08 10:04:43.992783+00:00
2024-01-12 00:00:00-05:00,184.3192926371913,184.99293868218925,183.45743685571247,184.18060302734375,40477800,0.0,0.0,AAPL,2026-01-08 10:04:43.992783+00:00
2024-01-16 00:00:00-05:00,180.4557997638508,182.53614407524432,179.2372961857114,181.91204833984375,65603000,0.0,0.0,AAPL,2026-01-08 10:04:43.992783+00:00
2024-01-17 00:00:00-05:00,179.57413473456663,181.21859313457642,178.61320834965068,180.97093200683594,47317400,0.0,0.0,AAPL,2026-01-08 10:04:43.992783+00:00
2024-01-18 00:00:00-05:00,184.34901955890965,187.3704881134165,184.0914574471942,186.86526489257812,78005800,0.0,0.0,AAPL,2026-01-08 10:04:43.992783+00:00
2024-01-19 00:00:00-05:00,187.5587047602819,190.15418823308323,187.0534815615711,189.76783752441406,68903000,0.0,0.0,AAPL,2026-01-08 10:04:43.992783+00:00
2024-01-22 00:00:00-05:00,190.50089850612792,193.5025494721613,190.46126426985865,192.07601928710938,60133900,0.0,0.0,AAPL,2026-01-08 10:04:43.992783+00:00
2024-01-23 00:00:00-05:00,193.1954970136862,193.91866327514697,192.0166276255296,193.35398864746094,42355600,0.0,0.0,AAPL,2026-01-08 10:04:43.992783+00:00
2024-01-24 00:00:00-05:00,193.59171936806808,194.542744606446,192.5218216434054,192.68032836914062,53631300,0.0,0.0,AAPL,2026-01-08 10:04:43.992783+00:00
2024-01-25 00:00:00-05:00,193.3936190715828,194.43379881211092,191.30335858737243,192.3534393310547,54822100,0.0,0.0,AAPL,2026-01-08 10:04:43.992783+00:00
2024-01-26 00:00:00-05:00,192.45249496932922,192.93790105900956,190.14429166563914,190.6197967529297,44594000,0.0,0.0,AAPL,2026-01-08 10:04:43.992783+00:00
2024-01-29 00:00:00-05:00,190.21364328629937,190.40186815816608,187.80638442872507,189.93626403808594,47145600,0.0,0.0,AAPL,2026-01-08 10:04:43.992783+00:00
2024-01-30 00:00:00-05:00,189.15363947733223,190.00559424490717,185.71610228505008,186.28076171875,55859400,0.0,0.0,AAPL,2026-01-08 10:04:43.992783+00:00
2024-01-31 00:00:00-05:00,185.29013601531707,185.34958738130655,182.6253150741395,182.67483520507812,55467800,0.0,0.0,AAPL,2026-01-08 10:04:43.992783+00:00
2024-02-01 00:00:00-05:00,182.26867176596141,185.20097077595153,182.1002640289582,185.11181640625,64885400,0.0,0.0,AAPL,2026-01-08 10:04:43.992783+00:00
2024-02-02 00:00:00-05:00,178.1773017145222,185.5774165638072,177.57300802816712,184.11126708984375,102551700,0.0,0.0,AAPL,2026-01-08 10:04:43.992783+00:00
2024-02-05 00:00:00-05:00,186.38975267397447,187.47946764726828,184.1013663460926,185.9241485595703,69668800,0.0,0.0,AAPL,2026-01-08 10:04:43.992783+00:00
2024-02-06 00:00:00-05:00,185.1118168962398,187.53889270164484,185.02266252630227,187.52899169921875,43490800,0.0,0.0,AAPL,2026-01-08 10:04:43.992783+00:00
2024-02-07 00:00:00-05:00,188.85644306077413,189.26261088240534,186.84543618864265,187.63795471191406,53439000,0.0,0.0,AAPL,2026-01-08 10:04:43.992783+00:00
2024-02-08 00:00:00-05:00,187.61814818475136,187.7667388029894,185.5972401965417,186.55816650390625,40962000,0.0,0.0,AAPL,2026-01-08 10:04:43.992783+00:00
2024-02-09 00:00:00-05:00,187.12352087688578,188.45268968737696,186.4787864459619,187.32191467285156,45155200,0.24,0.0,AAPL,2026-01-08 10:04:43.992783+00:00
2024-02-12 00:00:00-05:00,186.8954092628083,187.14338640307878,185.27859346494134,185.63568115234375,41781900,0.0,0.0,AAPL,2026-01-08 10:04:43.992783+00:00
2024-02-13 00:00:00-05:00,184.26685928046126,184.70330147289806,182.02513622573113,183.54275512695312,56529500,0.0,0.0,AAPL,2026-01-08 10:04:43.992783+00:00
2024-02-14 00:00:00-05:00,183.8204888809099,184.02878118831165,180.96378758253468,182.65994262695312,54630500,0.0,0.0,AAPL,2026-01-08 10:04:43.992783+00:00
2024-02-15 00:00:00-05:00,182.06480997798818,182.99720639873473,179.8826142837668,182.37229919433594,65434500,0.0,0.0,AAPL,2026-01-08 10:04:43.992783+00:00
2024-02-16 00:00:00-05:00,181.9358579237584,183.35429496994237,180.2000180232841,180.8348388671875,49752500,0.0,0.0,AAPL,2026-01-08 10:04:43.992783+00:00
2024-02-20 00:00:00-05:00,180.31904659124555,180.95386745060242,178.54353696650966,180.09091186523438,53665600,0.0,0.0,AAPL,2026-01-08 10:04:43.992783+00:00
2024-02-21 00:00:00-05:00,180.46785747722194,181.41016764298323,179.19821564929268,180.84478759765625,41371400,0.0,0.0,AAPL,2026-01-08 10:04:43.992783+00:00
2024-02-22 00:00:00-05:00,181.99534545711646,183.46338075801705,180.98360980621024,182.87814331054688,52292200,0.0,0.0,AAPL,2026-01-08 10:04:43.992783+00:00
2024-02-23 00:00:00-05:00,183.51300991264986,183.5427659606793,180.75550513620703,181.0431671142578,45119700,0.0,0.0,AAPL,2026-01-08 10:04:43.992783+00:00
2024-02-26 00:00:00-05:00,180.76543120985792,181.2812127915497,179.18828501122448,179.6941680908203,40867400,0.0,0.0,AAPL,2026-01-08 10:04:43.992783+00:00
2024-02-27 00:00:00-05:00,179.6346334198553,182.43180748858953,178.1070858709482,181.15225219726562,54318900,0.0,0.0,AAPL,2026-01-08 10:04:43.992783+00:00
2024-02-28 00:00:00-05:00,181.03320292829392,181.6382676787398,178.67247114624934,179.9520263671875,48953900,0.0,0.0,AAPL,2026-01-08 10:04:43.992783+00:00
2024-02-29 00:00:00-05:00,179.80325698202418,181.09274105155225,178.07733075339527,179.28746032714844,136682600,0.0,0.0,AAPL,2026-01-08 10:04:43.992783+00:00
2024-03-01 00:00:00-05:00,178.09715778019478,179.06922378267282,175.94471834990426,178.20626831054688,73563100,0.0,0.0,AAPL,2026-01-08 10:04:43.992783+00:00
2024-03-04 00:00:00-05:00,174.7246735635979,175.46860492728393,172.38376893378626,173.6831817626953,81510100,0.0,0.0,AAPL,2026-01-08 10:04:43.992783+00:00
2024-03-05 00:00:00-05:00,169.37827475690668,170.64791631173568,168.2474997741583,168.7434539794922,95132400,0.0,0.0,AAPL,2026-01-08 10:04:43.992783+00:00
2024-03-06 00:00:00-05:00,169.67587669286206,169.85442810491517,167.31512946505867,167.75157165527344,68587700,0.0,0.0,AAPL,2026-01-08 10:04:43.992783+00:00
2024-03-07 00:00:00-05:00,167.78131806385875,169.34853532264208,167.12666995146384,167.63253784179688,71765100,0.0,0.0,AAPL,2026-01-08 10:04:43.992783+00:00
2024-03-08 00:00:00-05:00,167.6325588229327,172.29452636668307,167.57304672665933,169.3485565185547,76267000,0.0,0.0,AAPL,2026-01-08 10:04:43.992783+00:00
2024-03-11 00:00:00-04:00,171.54066841678448,172.96901916174485,170.65787040570808,171.35220336914062,60139500,0.0,0.0,AAPL,2026-01-08 10:04:43.992783+00:00
2024-03-12 00:00:00-04:00,171.74893835615396,172.62182261661565,169.62625492438514,171.8282928466797,59825400,0.0,0.0,AAPL,2026-01-08 10:04:43.992783+00:00
2024-03-13 00:00:00-04:00,171.37204497358655,171.78864474969012,169.37829909505535,169.7453155517578,52488700,0.0,0.0,AAPL,2026-01-08 10:04:43.992783+00:00
2024-03-14 00:00:00-04:00,171.5108905650266,172.89955631533712,170.65784870831544,171.60015869140625,72913500,0.0,0.0,AAPL,2026-01-08 10:04:43.992783+00:00
2024-03-15 00:00:00-04:00,169.78497182252738,171.22323608398438,168.91208752136302,171.22323608398438,121752700,0.0,0.0,AAPL,2026-01-08 10:04:43.992783+00:00
2024-03-18 00:00:00-04:00,174.1493830977455,176.27206668827822,172.11596763998543,172.31434631347656,75604200,0.0,0.0,AAPL,2026-01-08 10:04:43.992783+00:00
2024-03-19 00:00:00-04:00,172.92934697208057,175.18098380072715,171.6299490880541,174.6552734375,55215200,0.0,0.0,AAPL,2026-01-08 10:04:43.992783+00:00
2024-03-20 00:00:00-04:00,174.2981469011337,177.22427368164062,173.67323975994282,177.22427368164062,53423100,0.0,0.0,AAPL,2026-01-08 10:04:43.992783+00:00
2024-03-21 00:00:00-04:00,175.61738497601507,176.05382709299283,169.4576271619808,169.98333740234375,106181300,0.0,0.0,AAPL,2026-01-08 10:04:43.992783+00:00
2024-03-22 00:00:00-04:00,170.37020490965267,171.64977539848843,168.68396342338923,170.88600158691406,71160100,0.0,0.0,AAPL,2026-01-08 10:04:43.992783+00:00
2024-03-25 00:00:00-04:00,169.1898419011277,170.54875171721093,168.078894077347,169.4675750732422,54288300,0.0,0.0,AAPL,2026-01-08 10:04:43.992783+00:00
2024-03-26 00:00:00-04:00,168.62443878704727,170.0329469889122,168.20783904863555,168.3367919921875,57388400,0.0,0.0,AAPL,2026-01-08 10:04:43.992783+00:00
2024-03-27 00:00:00-04:00,169.031110308063,172.19530045517126,168.73353476763302,171.9076385498047,60273300,0.0,0.0,AAPL,2026-01-08 10:04:43.992783+00:00
2024-03-28 00:00:00-04:00,170.36027251639132,170.83638432396197,169.13030061690222,170.0924530029297,65672700,0.0,0.0,AAPL,2026-01-08 10:04:43.992783+00:00
2024-04-01 00:00:00-04:00,169.80482284392966,169.86433493378763,168.1086526063626,168.65420532226562,46240500,0.0,0.0,AAPL,2026-01-08 10:04:43.992783+00:00
2024-04-02 00:00:00-04:00,167.71187939021036,167.96977013364764,166.86875116942764,167.47381591796875,49329500,0.0,0.0,AAPL,2026-01-08 10:04:43.992783+00:00
2024-04-03 00:00:00-04:00,167.42424073989756,169.29894733031932,167.2159484161416,168.27728271484375,47691700,0.0,0.0,AAPL,2026-01-08 10:04:43.992783+00:00
2024-04-04 00:00:00-04:00,168.91210166538218,170.52891745806397,167.45401000976562,167.45401000976562,53704400,0.0,0.0,AAPL,2026-01-08 10:04:43.992783+00:00
2024-04-05 00:00:00-04:00,168.217753601793,169.01128340394683,167.58293278713433,168.2078399658203,42104800,0.0,0.0,AAPL,2026-01-08 10:04:43.992783+00:00
2024-04-08 00:00:00-04:00,167.6622991252661,167.83092176064616,166.87869803905005,167.0869903564453,37425500,0.0,0.0,AAPL,2026-01-08 10:04:43.992783+00:00
2024-04-09 00:00:00-04:00,167.3349666518587,168.70380527202582,166.98780774616682,168.297119140625,42373800,0.0,0.0,AAPL,2026-01-08 10:04:43.992783+00:00
2024-04-10 00:00:00-04:00,167.4341446269544,167.7217914097351,165.7578169724605,166.42239379882812,49709300,0.0,0.0,AAPL,2026-01-08 10:04:43.992783+00:00
2024-04-11 00:00:00-04:00,166.97787330186227,174.040272115757,166.7993370367697,173.6236572265625,91070300,0.0,0.0,AAPL,2026-01-08 10:04:43.992783+00:00
2024-04-12 00:00:00-04:00,172.8499658132502,176.91679662448954,172.80038249764078,175.12144470214844,101670900,0.0,0.0,AAPL,2026-01-08 10:04:43.992783+00:00
2024-04-15 00:00:00-04:00,173.94108816854134,175.2008162956038,171.10422904105639,171.29269409179688,73531800,0.0,0.0,AAPL,2026-01-08 10:04:43.992783+00:00
2024-04-16 00:00:00-04:00,170.36030960981174,172.35404053556772,166.9084717665257,168.00949096679688,73711200,0.0,0.0,AAPL,2026-01-08 10:04:43.992783+00:00
2024-04-17 00:00:00-04:00,168.2375982616629,169.26917642354965,166.640625,166.640625,50901200,0.0,0.0,AAPL,2026-01-08 10:04:43.992783+00:00
2024-04-18 00:00:00-04:00,166.67037984876308,167.27544462394533,165.20235954360626,165.68838500976562,43122900,0.0,0.0,AAPL,2026-01-08 10:04:43.992783+00:00
2024-04-19 00:00:00-04:00,164.86511767231858,165.05356757276493,162.7523477339115,163.66490173339844,68149400,0.0,0.0,AAPL,2026-01-08 10:04:43.992783+00:00
2024-04-22 00:00:00-04:00,164.18068981978783,165.9066008250168,163.4367584871004,164.4980926513672,48116400,0.0,0.0,AAPL,2026-01-08 10:04:43.992783+00:00
2024-04-23 00:00:00-04:00,164.01208389352126,165.69832539217154,163.58555534900174,165.54953002929688,49537800,0.0,0.0,AAPL,2026-01-08 10:04:43.992783+00:00
2024-04-24 00:00:00-04:00,165.19241532333402,167.93009214499835,164.86509887626792,167.65235900878906,48251800,0.0,0.0,AAPL,2026-01-08 10:04:43.992783+00:00
2024-04-25 00:00:00-04:00,168.15826264272923,169.22952573993217,166.7894239404159,168.51535034179688,50558300,0.0,0.0,AAPL,2026-01-08 10:04:43.992783+00:00
2024-04-26 00:00:00-04:00,168.50540819041237,169.95358601606148,167.81106018420974,167.9300994873047,44838400,0.0,0.0,AAPL,2026-01-08 10:04:43.992783+00:00
2024-04-29 00:00:00-04:00,171.9671774185786,174.60565774723543,171.69937301226366,172.09613037109375,68169400,0.0,0.0,AAPL,2026-01-08 10:04:43.992783+00:00
2024-04-30 00:00:00-04:00,171.92749229774822,173.5740639461448,168.62443536523762,168.95176696777344,65934800,0.0,0.0,AAPL,2026-01-08 10:04:43.992783+00:00
2024-05-01 00:00:00-04:00,168.20783263565716,171.31251085120192,167.74163446478235,167.9300994873047,50383100,0.0,0.0,AAPL,2026-01-08 10:04:43.992783+00:00
2024-05-02 00:00:00-04:00,171.11413192483198,172.0167723030629,169.50724497899176,171.6299285888672,94214900,0.0,0.0,AAPL,2026-01-08 10:04:43.992783+00:00
2024-05-03 00:00:00-04:00,185.13970898312533,185.48688300008854,181.1820038934194,181.89617919921875,163224100,0.0,0.0,AAPL,2026-01-08 10:04:43.992783+00:00
2024-05-06 00:00:00-04:00,180.8745364649345,182.70955826534143,178.9601450261929,180.23971557617188,78569700,0.0,0.0,AAPL,2026-01-08 10:04:43.992783+00:00
2024-05-07 00:00:00-04:00,181.9656404195275,183.40390494764134,179.8528852684237,180.92413330078125,77305800,0.0,0.0,AAPL,2026-01-08 10:04:43.992783+00:00
2024-05-08 00:00:00-04:00,181.3704783401059,181.58869942461462,179.9817973354757,181.26136779785156,45057100,0.0,0.0,AAPL,2026-01-08 10:04:43.992783+00:00
2024-05-09 00:00:00-04:00,181.0828227285221,183.16583674066726,180.63646690744054,183.07656860351562,48983000,0.0,0.0,AAPL,2026-01-08 10:04:43.992783+00:00
2024-05-10 00:00:00-04:00,183.6526350835399,183.84135574437508,180.9013327671207,181.81512451171875,50759500,0.25,0.0,AAPL,2026-01-08 10:04:43.992783+00:00
2024-05-13 00:00:00-04:00,184.18900107058352,185.8378061410755,183.37452561798457,185.02333068847656,72044800,0.0,0.0,AAPL,2026-01-08 10:04:43.992783+00:00
2024-05-14 00:00:00-04:00,186.24503525163803,187.029714327999,185.0332642686859,186.1655731201172,52393600,0.0,0.0,AAPL,2026-01-08 10:04:43.992783+00:00
2024-05-15 00:00:00-04:00,186.6423374407049,189.36384333151435,186.1059718662387,188.44012451171875,70400000,0.0,0.0,AAPL,2026-01-08 10:04:43.992783+00:00
2024-05-16 00:00:00-04:00,189.18508101005293,189.81083584823088,188.3805477357399,188.559326171875,52845200,0.0,0.0,AAPL,2026-01-08 10:04:43.992783+00:00
2024-05-17 00:00:00-04:00,188.23153932133224,189.52277241007562,187.90376371878457,188.589111328125,41282900,0.0,0.0,AAPL,2026-01-08 10:04:43.992783+00:00
2024-05-20 00:00:00-04:00,188.052749878466,190.62527366658756,187.73490137733788,189.75120544433594,44361300,0.0,0.0,AAPL,2026-01-08 10:04:43.992783+00:00
2024-05-21 00:00:00-04:00,189.80088903544183,191.42982486744873,189.63203768676544,191.05239868164062,42309400,0.0,0.0,AAPL,2026-01-08 10:04:43.992783+00:00
2024-05-22 00:00:00-04:00,190.97293553544338,191.51922822288097,188.9864276944718,189.61216735839844,34648500,0.0,0.0,AAPL,2026-01-08 10:04:43.992783+00:00
2024-05-23 00:00:00-04:00,189.69162509909052,189.7114944206788,185.370979738518,185.61929321289062,51005900,0.0,0.0,AAPL,2026-01-08 10:04:43.992783+00:00
2024-05-24 00:00:00-04:00,187.54620129756856,189.2943226367172,186.771449342652,188.6983642578125,36327000,0.0,0.0,AAPL,2026-01-08 10:04:43.992783+00:00
2024-05-28 00:00:00-04:00,190.21804799663707,191.69800175645932,187.82431762786635,188.70831298828125,52280100,0.0,0.0,AAPL,2026-01-08 10:04:43.992783+00:00
2024-05-29 00:00:00-04:00,188.33086600869876,190.95305560689752,188.2315345598267,189.0062713623047,53068000,0.0,0.0,AAPL,2026-01-08 10:04:43.992783+00:00
2024-05-30 00:00:00-04:00,189.47311885305376,190.88353764935988,189.34400614498344,189.99954223632812,49889100,0.0,0.0,AAPL,2026-01-08 10:04:43.992783+00:00
2024-05-31 00:00:00-04:00,190.14851552916033,191.2708972062775,188.62883838261533,190.9530487060547,75158300,0.0,0.0,AAPL,2026-01-08 10:04:43.992783+00:00
2024-06-03 00:00:00-04:00,191.5986571441052,193.67456916074488,191.22123099586668,192.72103881835938,50080500,0.0,0.0,AAPL,2026-01-08 10:04:43.992783+00:00
2024-06-04 00:00:00-04:00,193.32693160548868,194.0023521144802,191.72779227719917,193.0388946533203,47471400,0.0,0.0,AAPL,2026-01-08 10:04:43.992783+00:00
2024-06-05 00:00:00-04:00,194.0818144537235,195.571695368637,193.55539107625557,194.54864501953125,54156800,0.0,0.0,AAPL,2026-01-08 10:04:43.992783+00:00
2024-06-06 00:00:00-04:00,194.36984306207057,195.17437623382352,192.8600930073616,193.16799926757812,41181800,0.0,0.0,AAPL,2026-01-08 10:04:43.992783+00:00
2024-06-07 00:00:00-04:00,193.33684312674475,195.61140278095115,192.830289152661,195.56173706054688,53103900,0.0,0.0,AAPL,2026-01-08 10:04:43.992783+00:00
2024-06-10 00:00:00-04:00,195.5716673445734,195.96897795846326,190.8537117900643,191.81716918945312,97010200,0.0,0.0,AAPL,2026-01-08 10:04:43.992783+00:00
2024-06-11 00:00:00-04:00,192.34360572370616,205.762475197422,192.32375155853347,205.75253295898438,172373300,0.0,0.0,AAPL,2026-01-08 10:04:43.992783+00:00
2024-06-12 00:00:00-04:00,205.97105482418652,218.7145040828182,205.50422428227435,211.6326141357422,198134300,0.0,0.0,AAPL,2026-01-08 10:04:43.992783+00:00
2024-06-13 00:00:00-04:00,213.29133517221976,215.28776993558532,210.17251871917932,212.79470825195312,97862700,0.0,0.0,AAPL,2026-01-08 10:04:43.992783+00:00
2024-06-14 00:00:00-04:00,212.40735976944958,213.71844708080008,209.87455920751867,211.05653381347656,70122700,0.0,0.0,AAPL,2026-01-08 10:04:43.992783+00:00
2024-06-17 00:00:00-04:00,211.9306022572564,217.47296142543522,211.2849932161641,215.20834350585938,93728300,0.0,0.0,AAPL,2026-01-08 10:04:43.992783+00:00
2024-06-18 00:00:00-04:00,216.12208558631892,217.15507800113136,211.5630543896915,212.84434509277344,79943300,0.0,0.0,AAPL,2026-01-08 10:04:43.992783+00:00
2024-06-20 00:00:00-04:00,212.48678595825902,212.79470737847507,207.44106980621038,208.2654571533203,86172500,0.0,0.0,AAPL,2026-01-08 10:04:43.992783+00:00
2024-06-21 00:00:00-04:00,208.97070143703453,210.46058238700795,205.71282963889428,206.09027099609375,241805100,0.0,0.0,AAPL,2026-01-08 10:04:43.992783+00:00
2024-06-24 00:00:00-04:00,206.3187055335118,211.2651058128792,205.19632375372012,206.73587036132812,80727000,0.0,0.0,AAPL,2026-01-08 10:04:43.992783+00:00
2024-06-25 00:00:00-04:00,207.73905391104032,209.95402109263304,207.20270345608853,207.65960693359375,55549700,0.0,0.0,AAPL,2026-01-08 10:04:43.992783+00:00
2024-06-26 00:00:00-04:00,210.07319184959564,213.41052543273105,209.21899292189278,211.81138610839844,66213200,0.0,0.0,AAPL,2026-01-08 10:04:43.992783+00:00
2024-06-27 00:00:00-04:00,213.2416710401095,214.28459061162127,210.91746067332394,212.65565490722656,49772700,0.0,0.0,AAPL,2026-01-08 10:04:43.992783+00:00
2024-06-28 00:00:00-04:00,214.31439376890182,214.6123729638464,208.8812938369491,209.19912719726562,82542700,0.0,0.0,AAPL,2026-01-08 10:04:43.992783+00:00
2024-07-01 00:00:00-04:00,210.65922892540738,216.04266357466884,210.49037757076027,215.2877960205078,60402900,0.0,0.0,AAPL,2026-01-08 10:04:43.992783+00:00
2024-07-02 00:00:00-04:00,214.6918109818244,218.89328562800327,213.6489065767971,218.78402709960938,58046200,0.0,0.0,AAPL,2026-01-08 10:04:43.992783+00:00
2024-07-03 00:00:00-04:00,218.51582778223576,220.0553741455078,217.55237042000067,220.0553741455078,37369800,0.0,0.0,AAPL,2026-01-08 10:04:43.992783+00:00
2024-07-05 00:00:00-04:00,220.1547017635972,224.92232310094593,220.1547017635972,224.8130645751953,60412400,0.0,0.0,AAPL,2026-01-08 10:04:43.992783+00:00
2024-07-08 00:00:00-04:00,225.55801010059582,226.31289271610447,221.743919005718,226.28309631347656,59085900,0.0,0.0,AAPL,2026-01-08 10:04:43.992783+00:00
2024-07-09 00:00:00-04:00,226.3923429370984,227.85242731023644,224.84286935479298,227.1372833251953,48076100,0.0,0.0,AAPL,2026-01-08 10:04:43.992783+00:00
2024-07-10 00:00:00-04:00,227.75309748129462,231.5075956016721,227.7034317605367,231.40826416015625,62627700,0.0,0.0,AAPL,2026-01-08 10:04:43.992783+00:00
2024-07-11 00:00:00-04:00,229.82901193417422,230.82226580227746,224.2469300453064,226.0347900390625,64710600,0.0,0.0,AAPL,2026-01-08 10:04:43.992783+00:00
2024-07-12 00:00:00-04:00,227.37567478656334,231.07058040656065,227.13728840093884,228.9847412109375,53046500,0.0,0.0,AAPL,2026-01-08 10:04:43.992783+00:00
2024-07-15 00:00:00-04:00,234.88468027763452,235.62962070976812,231.5175501306247,232.81871032714844,62631300,0.0,0.0,AAPL,2026-01-08 10:04:43.992783+00:00
2024-07-16 00:00:00-04:00,233.41466404542834,234.67610072880163,230.76267797901863,233.2358856201172,43234300,0.0,0.0,AAPL,2026-01-08 10:04:43.992783+00:00
2024-07-17 00:00:00-04:00,227.90208429219518,229.89853415546077,225.1110435034522,227.3359375,57345900,0.0,0.0,AAPL,2026-01-08 10:04:43.992783+00:00
2024-07-18 00:00:00-04:00,228.72648739278685,228.88541164065143,220.7705297877149,222.66763305664062,66034600,0.0,0.0,AAPL,2026-01-08 10:04:43.992783+00:00
2024-07-19 00:00:00-04:00,223.30335264411235,225.2699911539264,221.77373312637206,222.79678344726562,49151500,0.0,0.0,AAPL,2026-01-08 10:04:43.992783+00:00
2024-07-22 00:00:00-04:00,225.47857008869346,226.24337986146955,221.58501648633228,222.44915771484375,48201800,0.0,0.0,AAPL,2026-01-08 10:04:43.992783+00:00
2024-07-23 00:00:00-04:00,222.85638350906987,225.40905343076804,221.17778191166562,223.4920654296875,39960300,0.0,0.0,AAPL,2026-01-08 10:04:43.992783+00:00
2024-07-24 00:00:00-04:00,222.48887740092556,223.2834835656707,215.66522784122517,217.06570434570312,61777600,0.0,0.0,AAPL,2026-01-08 10:04:43.992783+00:00
2024-07-25 00:00:00-04:00,217.45306951901438,219.36013034825794,213.17214762576046,216.02279663085938,51391200,0.0,0.0,AAPL,2026-01-08 10:04:43.992783+00:00
2024-07-26 00:00:00-04:00,217.22462220056258,218.0093012590926,214.55276681781487,216.4896240234375,41601300,0.0,0.0,AAPL,2026-01-08 10:04:43.992783+00:00
2024-07-29 00:00:00-04:00,215.49636696784094,217.82057739339885,214.2945231128628,216.76773071289062,36311800,0.0,0.0,AAPL,2026-01-08 10:04:43.992783+00:00
2024-07-30 00:00:00-04:00,217.71131248471113,218.84362126060284,214.66201590891492,217.32394409179688,41643800,0.0,0.0,AAPL,2026-01-08 10:04:43.992783+00:00
2024-07-31 00:00:00-04:00,219.94613576688096,222.31008478832948,219.14160257039833,220.58181762695312,50036300,0.0,0.0,AAPL,2026-01-08 10:04:43.992783+00:00
2024-08-01 00:00:00-04:00,222.85636745689294,222.96562598955987,215.5559605569344,216.8869171142578,62501000,0.0,0.0,AAPL,2026-01-08 10:04:43.992783+00:00
2024-08-02 00:00:00-04:00,217.6715683981697,224.07806765618477,216.24129562954897,218.3767852783203,105568600,0.0,0.0,AAPL,2026-01-08 10:04:43.992783+00:00
2024-08-05 00:00:00-04:00,197.74692788266515,212.0597211288106,194.67777677399005,207.85826110839844,119548600,0.0,0.0,AAPL,2026-01-08 10:04:43.992783+00:00
2024-08-06 00:00:00-04:00,203.91501287026546,208.5733757245506,199.7135534430835,205.8319854736328,69660500,0.0,0.0,AAPL,2026-01-08 10:04:43.992783+00:00
2024-08-07 00:00:00-04:00,205.5041961914404,212.19873196746155,204.9976422316476,208.40451049804688,63516400,0.0,0.0,AAPL,2026-01-08 10:04:43.992783+00:00
2024-08-08 00:00:00-04:00,211.67235443417223,212.75499762550604,207.42122864939222,211.87100219726562,47161100,0.0,0.0,AAPL,2026-01-08 10:04:43.992783+00:00
2024-08-09 00:00:00-04:00,210.66914912089348,215.317569896599,210.54002126961797,214.78121948242188,42201600,0.0,0.0,AAPL,2026-01-08 10:04:43.992783+00:00
2024-08-12 00:00:00-04:00,214.8607709437837,218.28150622882862,214.39340008618356,216.31259155273438,38028100,0.25,0.0,AAPL,2026-01-08 10:04:43.992783+00:00
2024-08-13 00:00:00-04:00,217.7843155173404,220.64820259017597,217.7843155173404,220.03167724609375,44155300,0.0,0.0,AAPL,2026-01-08 10:04:43.992783+00:00
2024-08-14 00:00:00-04:00,219.33559848009435,221.7818227179272,218.4704570730026,220.47915649414062,41960600,0.0,0.0,AAPL,2026-01-08 10:04:43.992783+00:00
2024-08-15 00:00:00-04:00,223.34306350370605,224.08886623333987,221.51334927522385,223.46238708496094,46414000,0.0,0.0,AAPL,2026-01-08 10:04:43.992783+00:00
2024-08-16 00:00:00-04:00,222.66684293368954,225.56056092969672,222.39834972442236,224.78492736816406,44340200,0.0,0.0,AAPL,2026-01-08 10:04:43.992783+00:00
2024-08-19 00:00:00-04:00,224.45679243420122,224.72528566746527,221.79178276984416,224.62583923339844,40687800,0.0,0.0,AAPL,2026-01-08 10:04:43.992783+00:00
2024-08-20 00:00:00-04:00,224.50649118022673,225.89865006504533,224.18827476461456,225.24234008789062,30299000,0.0,0.0,AAPL,2026-01-08 10:04:43.992783+00:00
2024-08-21 00:00:00-04:00,225.25230383574092,226.70412456960102,223.7905293550798,225.13296508789062,34765500,0.0,0.0,AAPL,2026-01-08 10:04:43.992783+00:00
2024-08-22 00:00:00-04:00,226.51517227009805,227.06209724349452,222.64694316501192,223.27342224121094,43695300,0.0,0.0,AAPL,2026-01-08 10:04:43.992783+00:00
2024-08-23 00:00:00-04:00,224.39710671028325,226.9427773475752,223.07454817990703,225.57049560546875,38677300,0.0,0.0,AAPL,2026-01-08 10:04:43.992783+00:00
2024-08-26 00:00:00-04:00,225.490936936756,226.00803101617393,222.6370036872603,225.90858459472656,30602200,0.0,0.0,AAPL,2026-01-08 10:04:43.992783+00:00
2024-08-27 00:00:00-04:00,224.73519205544582,227.569248113113,223.63140355832627,226.7538299560547,35934600,0.0,0.0,AAPL,2026-01-08 10:04:43.992783+00:00
2024-08-28 00:00:00-04:00,226.64446298605537,228.57360836626125,224.41699349604747,225.22247314453125,38052200,0.0,0.0,AAPL,2026-01-08 10:04:43.992783+00:00
2024-08-29 00:00:00-04:00,228.81226038667728,231.61647047641185,227.59908685526068,228.5039825439453,51906300,0.0,0.0,AAPL,2026-01-08 10:04:43.992783+00:00
2024-08-30 00:00:00-04:00,228.90175696593346,229.11057321557684,226.2069166530855,227.71841430664062,52990800,0.0,0.0,AAPL,2026-01-08 10:04:43.992783+00:00
2024-09-03 00:00:00-04:00,227.2709519194148,227.7184305167556,219.93224829880322,221.52330017089844,50190600,0.0,0.0,AAPL,2026-01-08 10:04:43.992783+00:00
2024-09-04 00:00:00-04:00,220.41949337418052,220.53881694406624,216.2628786668988,219.61402893066406,43840200,0.0,0.0,AAPL,2026-01-08 10:04:43.992783+00:00
2024-09-05 00:00:00-04:00,220.38968006999326,224.2181249188319,220.28029506440387,221.13548278808594,36615400,0.0,0.0,AAPL,2026-01-08 10:04:43.992783+00:00
2024-09-06 00:00:00-04:00,222.69667077468378,223.97945984429646,218.54007124155592,219.58419799804688,48423000,0.0,0.0,AAPL,2026-01-08 10:04:43.992783+00:00
2024-09-09 00:00:00-04:00,219.58421337102425,220.03169196273555,215.49721390972365,219.6737060546875,67180000,0.0,0.0,AAPL,2026-01-08 10:04:43.992783+00:00
2024-09-10 00:00:00-04:00,217.69481595725216,220.24048653111632,215.5170698289156,218.87815856933594,51591000,0.0,0.0,AAPL,2026-01-08 10:04:43.992783+00:00
2024-09-11 00:00:00-04:00,220.22061344649163,221.8414808899648,216.670585544778,221.4138946533203,44587100,0.0,0.0,AAPL,2026-01-08 10:04:43.992783+00:00
2024-09-12 00:00:00-04:00,221.2548069431359,222.29893378586118,218.58981250678085,221.52330017089844,37455600,0.0,0.0,AAPL,2026-01-08 10:04:43.992783+00:00
2024-09-13 00:00:00-04:00,222.32874892129448,222.78616606005667,220.66809680320824,221.25479125976562,36766600,0.0,0.0,AAPL,2026-01-08 10:04:43.992783+00:00
2024-09-16 00:00:00-04:00,215.32814508742544,216.00434741371936,212.72281255665072,215.10939025878906,59357400,0.0,0.0,AAPL,2026-01-08 10:04:43.992783+00:00
2024-09-17 00:00:00-04:00,214.54256344637628,215.6861214463737,213.2995590231644,215.5767364501953,45519300,0.0,0.0,AAPL,2026-01-08 10:04:43.992783+00:00
2024-09-18 00:00:00-04:00,216.33249894497217,221.46362499015893,216.322545198334,219.45492553710938,59894900,0.0,0.0,AAPL,2026-01-08 10:04:43.992783+00:00
2024-09-19 00:00:00-04:00,223.7308512841788,228.53382206057998,223.37286541347208,227.58912658691406,66781300,0.0,0.0,AAPL,2026-01-08 10:04:43.992783+00:00
2024-09-20 00:00:00-04:00,228.6829959505254,231.7855303113645,226.34614143297367,226.9228973388672,318679900,0.0,0.0,AAPL,2026-01-08 10:04:43.992783+00:00
2024-09-23 00:00:00-04:00,226.06770192621624,228.16589404695566,224.54626569168985,225.20257568359375,54146000,0.0,0.0,AAPL,2026-01-08 10:04:43.992783+00:00
2024-09-24 00:00:00-04:00,227.37036953161189,228.06646416724695,224.4667129366972,226.0975341796875,43556100,0.0,0.0,AAPL,2026-01-08 10:04:43.992783+00:00
2024-09-25 00:00:00-04:00,223.67116024502704,226.01795298892395,222.76626463924825,225.1031036376953,42308700,0.0,0.0,AAPL,2026-01-08 10:04:43.992783+00:00
2024-09-26 00:00:00-04:00,226.02793410267134,227.22121534991766,224.14851196557498,226.2467041015625,36636700,0.0,0.0,AAPL,2026-01-08 10:04:43.992783+00:00
2024-09-27 00:00:00-04:00,227.18146154316054,228.2355269704417,226.02794968283968,226.51519775390625,34026000,0.0,0.0,AAPL,2026-01-08 10:04:43.992783+00:00
2024-09-30 00:00:00-04:00,228.75258844686658,231.69602966308594,228.3647716650959,231.69602966308594,54541900,0.0,0.0,AAPL,2026-01-08 10:04:43.992783+00:00
2024-10-01 00:00:00-04:00,228.23551952322458,228.364781673884,222.48786790384585,224.9440460205078,63285000,0.0,0.0,AAPL,2026-01-08 10:04:43.992783+00:00
2024-10-02 00:00:00-04:00,224.62581519597003,226.09752818761766,221.771881889721,225.51083374023438,32880600,0.0,0.0,AAPL,2026-01-08 10:04:43.992783+00:00
2024-10-03 00:00:00-04:00,223.88001079844628,225.5406628776434,222.0702042586661,224.40704345703125,34044200,0.0,0.0,AAPL,2026-01-08 10:04:43.992783+00:00
2024-10-04 00:00:00-04:00,226.6245660168141,226.72401244250622,222.87567550784985,225.53073120117188,37245100,0.0,0.0,AAPL,2026-01-08 10:04:43.992783+00:00
2024-10-07 00:00:00-04:00,223.24359711098245,224.4269397639463,220.09133967636964,220.44932556152344,39505400,0.0,0.0,AAPL,2026-01-08 10:04:43.992783+00:00
2024-10-08 00:00:00-04:00,223.0447106099303,224.7153012256155,222.0005838884303,224.50648498535156,31855700,0.0,0.0,AAPL,2026-01-08 10:04:43.992783+00:00
2024-10-09 00:00:00-04:00,223.96950943919006,228.46421777631028,223.57175408478048,228.25538635253906,33591100,0.0,0.0,AAPL,2026-01-08 10:04:43.992783+00:00
2024-10-10 00:00:00-04:00,226.50525089558744,228.21562630222516,225.89866409237993,227.75819396972656,28183500,0.0,0.0,AAPL,2026-01-08 10:04:43.992783+00:00
2024-10-11 00:00:00-04:00,228.0167412789572,228.12612627842185,226.0677036085129,226.2765350341797,31759200,0.0,0.0,AAPL,2026-01-08 10:04:43.992783+00:00
2024-10-14 00:00:00-04:00,227.4200987868959,230.43314046117197,227.32066753158787,230.00555419921875,39882100,0.0,0.0,AAPL,2026-01-08 10:04:43.992783+00:00
2024-10-15 00:00:00-04:00,232.30261271123658,236.16090332060597,231.0695468532438,232.54127502441406,64751400,0.0,0.0,AAPL,2026-01-08 10:04:43.992783+00:00
2024-10-16 00:00:00-04:00,230.30386376880503,230.8209426799016,228.55370384388218,230.48284912109375,34082200,0.0,0.0,AAPL,2026-01-08 10:04:43.992783+00:00
2024-10-17 00:00:00-04:00,232.12361966628396,232.5412825211578,229.22991678936268,230.8507843017578,32993800,0.0,0.0,AAPL,2026-01-08 10:04:43.992783+00:00
2024-10-18 00:00:00-04:00,234.8582339303053,234.8582339303053,232.70037994861724,233.68484497070312,46431500,0.0,0.0,AAPL,2026-01-08 10:04:43.992783+00:00
2024-10-21 00:00:00-04:00,233.13791711516282,235.52449481958178,233.13791711516282,235.15655517578125,36254500,0.0,0.0,AAPL,2026-01-08 10:04:43.992783+00:00
2024-10-22 00:00:00-04:00,232.5810475805218,234.89800969153723,231.29827366695753,234.54002380371094,38846600,0.0,0.0,AAPL,2026-01-08 10:04:43.992783+00:00
2024-10-23 00:00:00-04:00,232.76999409553275,233.82405947286142,226.4853561254601,229.46856689453125,52287000,0.0,0.0,AAPL,2026-01-08 10:04:43.992783+00:00
2024-10-24 00:00:00-04:00,228.69292294524882,229.52823345451665,227.131717270346,229.27963256835938,31109500,0.0,0.0,AAPL,2026-01-08 10:04:43.992783+00:00
2024-10-25 00:00:00-04:00,228.4542922398222,231.91481257552053,228.2852454458818,230.1149444580078,38802300,0.0,0.0,AAPL,2026-01-08 10:04:43.992783+00:00
2024-10-28 00:00:00-04:00,232.01424158684446,233.41633904858514,231.24854661133642,232.09378051757812,36087100,0.0,0.0,AAPL,2026-01-08 10:04:43.992783+00:00
2024-10-29 00:00:00-04:00,231.79547204033784,233.01858415019296,231.0198384903425,232.36227416992188,35417200,0.0,0.0,AAPL,2026-01-08 10:04:43.992783+00:00
2024-10-30 00:00:00-04:00,231.30821865562254,232.1634063461827,228.2653461113998,228.81227111816406,47070900,0.0,0.0,AAPL,2026-01-08 10:04:43.992783+00:00
2024-10-31 00:00:00-04:00,228.0564875272545,228.5437506886065,224.10870454857795,224.64569091796875,64370100,0.0,0.0,AAPL,2026-01-08 10:04:43.992783+00:00
2024-11-01 00:00:00-04:00,219.73336072670745,224.08885327131992,219.03728125399175,221.66250610351562,65276700,0.0,0.0,AAPL,2026-01-08 10:04:43.992783+00:00
2024-11-04 00:00:00-05:00,219.7532516264011,221.5431659237015,218.48041626355018,220.7675323486328,44944500,0.0,0.0,AAPL,2026-01-08 10:04:43.992783+00:00
2024-11-05 00:00:00-05:00,220.558703156551,222.69666464924057,219.90239319356397,222.199462890625,28111300,0.0,0.0,AAPL,2026-01-08 10:04:43.992783+00:00
2024-11-06 00:00:00-05:00,221.36417152277414,224.80481443000403,219.95212032394844,221.4735565185547,54561100,0.0,0.0,AAPL,2026-01-08 10:04:43.992783+00:00
2024-11-07 00:00:00-05:00,223.37286824297072,226.60467969295215,223.31320645932942,226.2069091796875,42137700,0.0,0.0,AAPL,2026-01-08 10:04:43.992783+00:00
2024-11-08 00:00:00-05:00,226.1471868576639,227.63048374280507,225.39061415381417,225.93814086914062,38328800,0.25,0.0,AAPL,2026-01-08 10:04:43.992783+00:00
2024-11-11 00:00:00-05:00,223.98696589218596,224.68381119249955,220.50272420052974,223.22042846679688,42005600,0.0,0.0,AAPL,2026-01-08 10:04:43.992783+00:00
2024-11-12 00:00:00-05:00,223.53899499841924,224.5743058460154,222.354350392842,223.22042846679688,40398300,0.0,0.0,AAPL,2026-01-08 10:04:43.992783+00:00
2024-11-13 00:00:00-05:00,223.00139666804327,225.62950954483912,221.75702475308145,224.1063995361328,48566200,0.0,0.0,AAPL,2026-01-08 10:04:43.992783+00:00
2024-11-14 00:00:00-05:00,224.00686988588794,227.83952645793332,223.98695568104733,227.1924591064453,44923900,0.0,0.0,AAPL,2026-01-08 10:04:43.992783+00:00
2024-11-15 00:00:00-05:00,225.38065961406878,225.89832264008,223.26025997018442,223.98696899414062,47923700,0.0,0.0,AAPL,2026-01-08 10:04:43.992783+00:00
2024-11-18 00:00:00-05:00,224.2358449505769,228.70563485331775,224.15620331601912,226.99337768554688,44633700,0.0,0.0,AAPL,2026-01-08 10:04:43.992783+00:00
2024-11-19 00:00:00-05:00,225.95804731142948,229.123737666772,225.63949596937007,227.252197265625,36211800,0.0,0.0,AAPL,2026-01-08 10:04:43.992783+00:00
2024-11-20 00:00:00-05:00,227.0331781982001,228.89475383274825,224.8729502483013,227.9689483642578,35169600,0.0,0.0,AAPL,2026-01-08 10:04:43.992783+00:00
2024-11-21 00:00:00-05:00,227.8494991340082,229.1237348668511,224.69377351516385,227.49111938476562,42108300,0.0,0.0,AAPL,2026-01-08 10:04:43.992783+00:00
2024-11-22 00:00:00-05:00,227.03318893672346,229.6812162999479,227.03318893672346,228.8350372314453,38168300,0.0,0.0,AAPL,2026-01-08 10:04:43.992783+00:00
2024-11-25 00:00:00-05:00,230.41787789282506,232.19981188776785,228.70562083004268,231.82151794433594,90152800,0.0,0.0,AAPL,2026-01-08 10:04:43.992783+00:00
2024-11-26 00:00:00-05:00,232.27945661483375,234.50937670519198,232.27945661483375,234.0016632080078,45986200,0.0,0.0,AAPL,2026-01-08 10:04:43.992783+00:00
2024-11-27 00:00:00-05:00,233.41431778082386,234.6288260383393,232.75728573526553,233.8722381591797,33498400,0.0,0.0,AAPL,2026-01-08 10:04:43.992783+00:00
2024-11-29 00:00:00-05:00,233.75278591990275,236.73927868022366,232.91657159263394,236.26144409179688,28481400,0.0,0.0,AAPL,2026-01-08 10:04:43.992783+00:00
2024-12-02 00:00:00-05:00,236.20171450499868,239.70585504150458,236.0922091638524,238.51126098632812,48137100,0.0,0.0,AAPL,2026-01-08 10:04:43.992783+00:00
2024-12-03 00:00:00-05:00,238.73028547870095,241.66700046466846,237.82437898500294,241.5574951171875,38861000,0.0,0.0,AAPL,2026-01-08 10:04:43.992783+00:00
2024-12-04 00:00:00-05:00,241.77649398259703,243.01091645834052,240.16379275322726,241.91586303710938,44383900,0.0,0.0,AAPL,2026-01-08 10:04:43.992783+00:00
2024-12-05 00:00:00-05:00,242.8914746561807,243.43898620611924,241.03984843814553,241.94573974609375,40033900,0.0,0.0,AAPL,2026-01-08 10:04:43.992783+00:00
2024-12-06 00:00:00-05:00,241.81633519239523,243.5285923470879,240.99007032901886,241.74664306640625,36870600,0.0,0.0,AAPL,2026-01-08 10:04:43.992783+00:00
2024-12-09 00:00:00-05:00,240.74117665680967,246.1268220997756,240.66153502923254,245.63902282714844,44649200,0.0,0.0,AAPL,2026-01-08 10:04:43.992783+00:00
2024-12-10 00:00:00-05:00,245.77840669680953,247.09247084593116,244.23538234840328,246.65444946289062,36914800,0.0,0.0,AAPL,2026-01-08 10:04:43.992783+00:00
2024-12-11 00:00:00-05:00,246.84360125039836,249.67081089954078,245.15124311202538,245.38021850585938,45205800,0.0,0.0,AAPL,2026-01-08 10:04:43.992783+00:00
2024-12-12 00:00:00-05:00,245.77840766369866,247.62008434324935,244.57384885559844,246.84359741210938,32777500,0.0,0.0,AAPL,2026-01-08 10:04:43.992783+00:00
2024-12-13 00:00:00-05:00,246.70423080565516,248.16759835190283,245.13134272203925,247.01283264160156,33155300,0.0,0.0,AAPL,2026-01-08 10:04:43.992783+00:00
2024-12-16 00:00:00-05:00,246.8734431082497,250.24817919808956,246.53496239648825,249.90969848632812,51694800,0.0,0.0,AAPL,2026-01-08 10:04:43.992783+00:00
2024-12-17 00:00:00-05:00,248.95404406138837,252.68716009783537,248.655391740455,252.33872985839844,51356400,0.0,0.0,AAPL,2026-01-08 10:04:43.992783+00:00
2024-12-18 00:00:00-05:00,251.02467749046986,253.13512753347695,246.62457993830327,246.9331817626953,56774100,0.0,0.0,AAPL,2026-01-08 10:04:43.992783+00:00
2024-12-19 00:00:00-05:00,246.38564624934875,250.86538527206417,245.9774886038804,248.6653289794922,60882300,0.0,0.0,AAPL,2026-01-08 10:04:43.992783+00:00
2024-12-20 00:00:00-05:00,246.92320588947405,253.8518755287198,244.58379575845774,253.34417724609375,147495300,0.0,0.0,AAPL,2026-01-08 10:04:43.992783+00:00
2024-12-23 00:00:00-05:00,253.62293295259332,254.49896052911285,252.30886880268173,254.1206817626953,40858800,0.0,0.0,AAPL,2026-01-08 10:04:43.992783+00:00
2024-12-24 00:00:00-05:00,254.3396705835317,257.0474099027653,254.14055892454206,257.0374755859375,23234700,0.0,0.0,AAPL,2026-01-08 10:04:43.992783+00:00
2024-12-26 00:00:00-05:00,257.0275101814573,258.9289141129315,256.47003399402934,257.853759765625,27237100,0.0,0.0,AAPL,2026-01-08 10:04:43.992783+00:00
2024-12-27 00:00:00-05:00,256.6691137206059,257.5352220874343,251.9206014592013,254.439208984375,42355300,0.0,0.0,AAPL,2026-01-08 10:04:43.992783+00:00
2024-12-30 00:00:00-05:00,251.09434735441482,252.35863351915538,249.6210152068174,251.06448364257812,35557500,0.0,0.0,AAPL,2026-01-08 10:04:43.992783+00:00
2024-12-31 00:00:00-05:00,251.30342042234355,252.1396347735265,248.30696287880588,249.29251098632812,39480700,0.0,0.0,AAPL,2026-01-08 10:04:43.992783+00:00
2025-01-02 00:00:00-05:00,247.80920478270548,247.97845273823052,240.73123158611202,242.75209045410156,55740700,0.0,0.0,AAPL,2026-01-08 10:04:43.992783+00:00
2025-01-03 00:00:00-05:00,242.26429748535156,243.08059762167903,240.80091479245596,242.26429748535156,40244100,0.0,0.0,AAPL,2026-01-08 10:04:43.992783+00:00
2025-01-06 00:00:00-05:00,243.2100158477468,246.21642284830082,242.10501290585998,243.89691162109375,45045600,0.0,0.0,AAPL,2026-01-08 10:04:43.992783+00:00
2025-01-07 00:00:00-05:00,241.88599852058522,244.44443460073458,240.263347789176,241.11947631835938,40856000,0.0,0.0,AAPL,2026-01-08 10:04:43.992783+00:00
2025-01-08 00:00:00-05:00,240.83078235887348,242.61273160476242,238.9692066706783,241.60726928710938,37628900,0.0,0.0,AAPL,2026-01-08 10:04:43.992783+00:00
2025-01-10 00:00:00-05:00,238.9293914792433,239.07872524452853,231.95095824677452,235.78363037109375,61710900,0.0,0.0,AAPL,2026-01-08 10:04:43.992783+00:00
2025-01-13 00:00:00-05:00,232.47857214721685,233.61343889555542,228.68572841435088,233.3446502685547,49630700,0.0,0.0,AAPL,2026-01-08 10:04:43.992783+00:00
2025-01-14 00:00:00-05:00,233.69305795736565,235.05688478727922,231.4233246799516,232.22967529296875,39435300,0.0,0.0,AAPL,2026-01-08 10:04:43.992783+00:00
2025-01-15 00:00:00-05:00,233.5835582088168,237.88411516800545,233.3744970274307,236.79901123046875,39832000,0.0,0.0,AAPL,2026-01-08 10:04:43.992783+00:00
2025-01-16 00:00:00-05:00,236.28136958651152,236.9383864807084,227.0033243432251,227.23228454589844,71759100,0.0,0.0,AAPL,2026-01-08 10:04:43.992783+00:00
2025-01-17 00:00:00-05:00,231.07489856287185,231.24413133243607,227.4512878984511,228.9445343017578,68488300,0.0,0.0,AAPL,2026-01-08 10:04:43.992783+00:00
2025-01-21 00:00:00-05:00,222.9914505136237,223.40955766052627,218.39225670760806,221.6375732421875,98070400,0.0,0.0,AAPL,2026-01-08 10:04:43.992783+00:00
2025-01-22 00:00:00-05:00,218.80041619812283,223.1109227348787,218.80041619812283,222.82223510742188,64126500,0.0,0.0,AAPL,2026-01-08 10:04:43.992783+00:00
2025-01-23 00:00:00-05:00,223.72815445577547,226.0078374632505,221.29913768199057,222.65301513671875,60234800,0.0,0.0,AAPL,2026-01-08 10:04:43.992783+00:00
2025-01-24 00:00:00-05:00,223.76794215782238,224.614121166801,220.4131202139208,221.77694702148438,54697900,0.0,0.0,AAPL,2026-01-08 10:04:43.992783+00:00
2025-01-27 00:00:00-05:00,223.01138591977585,231.10477141655377,222.9715575076631,228.82508850097656,94863400,0.0,0.0,AAPL,2026-01-08 10:04:43.992783+00:00
2025-01-28 00:00:00-05:00,229.81061530558512,239.10855876935992,229.7707868971689,237.18724060058594,75707600,0.0,0.0,AAPL,2026-01-08 10:04:43.992783+00:00
2025-01-29 00:00:00-05:00,233.06589003597526,238.78005164957875,232.9563846938824,238.2823028564453,45486100,0.0,0.0,AAPL,2026-01-08 10:04:43.992783+00:00
2025-01-30 00:00:00-05:00,237.59541819689565,239.7058683175974,236.14200015946125,236.52027893066406,55658300,0.0,0.0,AAPL,2026-01-08 10:04:43.992783+00:00
2025-01-31 00:00:00-05:00,246.07705979363328,246.07705979363328,232.38896748106293,234.93743896484375,100959800,0.0,0.0,AAPL,2026-01-08 10:04:43.992783+00:00
2025-02-03 00:00:00-05:00,228.95449458875606,230.78620649590428,224.6838014511222,226.9833984375,73063300,0.0,0.0,AAPL,2026-01-08 10:04:43.992783+00:00
2025-02-04 00:00:00-05:00,226.226846442903,232.08037762753466,225.62954176239768,231.75186157226562,45067300,0.0,0.0,AAPL,2026-01-08 10:04:43.992783+00:00
2025-02-05 00:00:00-05:00,227.50107667347064,231.62243633567465,227.24225275297744,231.42333984375,39620300,0.0,0.0,AAPL,2026-01-08 10:04:43.992783+00:00
2025-02-06 00:00:00-05:00,230.24863411824003,232.74734282564026,229.39250557129796,232.16995239257812,29925300,0.0,0.0,AAPL,2026-01-08 10:04:43.992783+00:00
2025-02-07 00:00:00-05:00,231.55277314338284,232.94646385966982,226.23680383391206,226.6051483154297,39707200,0.0,0.0,AAPL,2026-01-08 10:04:43.992783+00:00
2025-02-10 00:00:00-05:00,228.7876615470872,229.80417456619486,226.42572786906877,226.8741912841797,33115600,0.25,0.0,AAPL,2026-01-08 10:04:43.992783+00:00
2025-02-11 00:00:00-05:00,227.4223198813819,234.42836130351915,227.35256634016287,231.82725524902344,53718400,0.0,0.0,AAPL,2026-01-08 10:04:43.992783+00:00
2025-02-12 00:00:00-05:00,230.41209906543347,236.15247950770552,229.89386689621963,236.06277465820312,45243300,0.0,0.0,AAPL,2026-01-08 10:04:43.992783+00:00
2025-02-13 00:00:00-05:00,236.10264318513748,241.514131106333,234.7672133917818,240.70689392089844,53614100,0.0,0.0,AAPL,2026-01-08 10:04:43.992783+00:00
2025-02-14 00:00:00-05:00,240.4278440984732,244.71319316935814,240.1687356269457,243.7664337158203,40896200,0.0,0.0,AAPL,2026-01-08 10:04:43.992783+00:00
2025-02-18 00:00:00-05:00,243.31796980618805,244.34445851454996,241.01584434943877,243.6368865966797,48822500,0.0,0.0,AAPL,2026-01-08 10:04:43.992783+00:00
2025-02-19 00:00:00-05:00,243.8262313730556,245.17162160901916,242.33134319523683,244.03550720214844,32204200,0.0,0.0,AAPL,2026-01-08 10:04:43.992783+00:00
2025-02-20 00:00:00-05:00,244.10529733899222,245.93902334816417,243.45750328110228,244.9922637939453,32316900,0.0,0.0,AAPL,2026-01-08 10:04:43.992783+00:00
2025-02-21 00:00:00-05:00,245.11182656230832,247.84249441981407,244.38431857946645,244.71319580078125,53197400,0.0,0.0,AAPL,2026-01-08 10:04:43.992783+00:00
2025-02-24 00:00:00-05:00,244.0953010258401,248.01191597096326,243.58704451830639,246.25791931152344,51326400,0.0,0.0,AAPL,2026-01-08 10:04:43.992783+00:00
2025-02-25 00:00:00-05:00,247.15485528022737,249.14803959700342,244.0753891604379,246.1981201171875,48013300,0.0,0.0,AAPL,2026-01-08 10:04:43.992783+00:00
2025-02-26 00:00:00-05:00,243.49736566903925,244.14514449402503,238.3150894487839,239.5408935546875,44433600,0.0,0.0,AAPL,2026-01-08 10:04:43.992783+00:00
2025-02-27 00:00:00-05:00,238.5941277716784,241.6337368385667,236.25213016109495,236.49131774902344,41153600,0.0,0.0,AAPL,2026-01-08 10:04:43.992783+00:00
2025-02-28 00:00:00-05:00,236.14250368420718,241.26498665715278,229.41550676334808,241.01583862304688,56833400,0.0,0.0,AAPL,2026-01-08 10:04:43.992783+00:00
2025-03-03 00:00:00-05:00,240.96599177281342,243.1983635012748,235.3053560708129,237.21881103515625,47184000,0.0,0.0,AAPL,2026-01-08 10:04:43.992783+00:00
2025-03-04 00:00:00-05:00,236.89992456399492,239.25188262538288,233.88023638606123,235.1259765625,53798100,0.0,0.0,AAPL,2026-01-08 10:04:43.992783+00:00
2025-03-05 00:00:00-05:00,234.61771347352882,235.7438674276595,228.44880585950324,234.93663024902344,47227600,0.0,0.0,AAPL,2026-01-08 10:04:43.992783+00:00
2025-03-06 00:00:00-05:00,233.64106399817908,237.04940729600818,232.3654272740836,234.5280303955078,45170400,0.0,0.0,AAPL,2026-01-08 10:04:43.992783+00:00
2025-03-07 00:00:00-05:00,234.30878315837532,240.54744460053885,233.95996981993864,238.2552947998047,46273600,0.0,0.0,AAPL,2026-01-08 10:04:43.992783+00:00
2025-03-10 00:00:00-04:00,234.73730306532093,235.35520052510583,223.45588808739058,226.70477294921875,72071200,0.0,0.0,AAPL,2026-01-08 10:04:43.992783+00:00
2025-03-11 00:00:00-04:00,223.04728218644934,225.0703629938446,216.7089556312574,220.08740234375,76137400,0.0,0.0,AAPL,2026-01-08 10:04:43.992783+00:00
2025-03-12 00:00:00-04:00,219.3897895710681,220.99430349899413,214.17761702040198,216.2405548095703,62547500,0.0,0.0,AAPL,2026-01-08 10:04:43.992783+00:00
2025-03-13 00:00:00-04:00,215.21406028960521,216.10102664759694,207.70972301630272,208.96542358398438,61368300,0.0,0.0,AAPL,2026-01-08 10:04:43.992783+00:00
2025-03-14 00:00:00-04:00,210.53007941159925,213.22087501834247,208.86577244295887,212.762451171875,60107600,0.0,0.0,AAPL,2026-01-08 10:04:43.992783+00:00
2025-03-17 00:00:00-04:00,212.58307041465437,214.48656508270392,209.25445626243933,213.27072143554688,48073400,0.0,0.0,AAPL,2026-01-08 10:04:43.992783+00:00
2025-03-18 00:00:00-04:00,213.43018643369246,214.4168029665515,210.76928711901598,211.96519470214844,42432400,0.0,0.0,AAPL,2026-01-08 10:04:43.992783+00:00
2025-03-19 00:00:00-04:00,213.48995680484757,218.0144781615262,213.0215573102422,214.50648498535156,54385400,0.0,0.0,AAPL,2026-01-08 10:04:43.992783+00:00
2025-03-20 00:00:00-04:00,213.2607660976187,216.74883872802718,211.49679368091097,213.37039184570312,48862900,0.0,0.0,AAPL,2026-01-08 10:04:43.992783+00:00
2025-03-21 00:00:00-04:00,210.8390437188948,218.09423372936246,210.55999911901452,217.52618408203125,94127800,0.0,0.0,AAPL,2026-01-08 10:04:43.992783+00:00
2025-03-24 00:00:00-04:00,220.24686734420678,220.7252273230714,217.83511614199446,219.977783203125,44299500,0.0,0.0,AAPL,2026-01-08 10:04:43.992783+00:00
2025-03-25 00:00:00-04:00,220.01766257627696,223.33631640181736,219.33001153042758,222.9875030517578,34493600,0.0,0.0,AAPL,2026-01-08 10:04:43.992783+00:00
2025-03-26 00:00:00-04:00,222.7483031053444,224.25316696482244,219.71866969932233,220.77505493164062,34466100,0.0,0.0,AAPL,2026-01-08 10:04:43.992783+00:00
2025-03-27 00:00:00-04:00,220.63553483035878,224.22327264250706,219.80836152348044,223.087158203125,37094800,0.0,0.0,AAPL,2026-01-08 10:04:43.992783+00:00
2025-03-28 00:00:00-04:00,220.91458161653458,223.04728822423488,216.93817343567548,217.1574249267578,39818600,0.0,0.0,AAPL,2026-01-08 10:04:43.992783+00:00
2025-03-31 00:00:00-04:00,216.27045427307317,224.8511131847691,215.49311362240712,221.37301635742188,65299300,0.0,0.0,AAPL,2026-01-08 10:04:43.992783+00:00
2025-04-01 00:00:00-04:00,219.06092638065368,222.9177332815032,218.15402384007052,222.42941284179688,36412700,0.0,0.0,AAPL,2026-01-08 10:04:43.992783+00:00
2025-04-02 00:00:00-04:00,220.5657953452804,224.42260233406006,220.2668146407477,223.1270294189453,35905900,0.0,0.0,AAPL,2026-01-08 10:04:43.992783+00:00
2025-04-03 00:00:00-04:00,204.8395255545537,206.78289223919597,200.56415230327434,202.49754333496094,103419000,0.0,0.0,AAPL,2026-01-08 10:04:43.992783+00:00
2025-04-04 00:00:00-04:00,193.2292544699453,199.19884701911502,186.70157274086588,187.738037109375,125910900,0.0,0.0,AAPL,2026-01-08 10:04:43.992783+00:00
2025-04-07 00:00:00-04:00,176.59612158290105,193.48835506739644,174.02491207450518,180.84161376953125,160466300,0.0,0.0,AAPL,2026-01-08 10:04:43.992783+00:00
2025-04-08 00:00:00-04:00,186.06373055480245,189.691324966831,168.63334553301246,171.8323974609375,120859500,0.0,0.0,AAPL,2026-01-08 10:04:43.992783+00:00
2025-04-09 00:00:00-04:00,171.3640110222038,199.926344669284,171.30421792842867,198.17234802246094,184395900,0.0,0.0,AAPL,2026-01-08 10:04:43.992783+00:00
2025-04-10 00:00:00-04:00,188.42568213047016,194.11621470149436,182.37636057603893,189.7710723876953,121880000,0.0,0.0,AAPL,2026-01-08 10:04:43.992783+00:00
2025-04-11 00:00:00-04:00,185.46579368960585,198.85997858079665,185.42592149027786,197.47471618652344,87435900,0.0,0.0,AAPL,2026-01-08 10:04:43.992783+00:00
2025-04-14 00:00:00-04:00,210.7194495182335,212.2143377637297,200.47448329230923,201.82984924316406,101352900,0.0,0.0,AAPL,2026-01-08 10:04:43.992783+00:00
2025-04-15 00:00:00-04:00,201.1720815277121,202.81645240683693,199.11910423874315,201.4511260986328,51343900,0.0,0.0,AAPL,2026-01-08 10:04:43.992783+00:00
2025-04-16 00:00:00-04:00,197.68401406478426,200.01603598224625,191.71442177543545,193.6079559326172,59732400,0.0,0.0,AAPL,2026-01-08 10:04:43.992783+00:00
2025-04-17 00:00:00-04:00,196.5279673080365,198.15241736523095,193.75744237056688,196.3087158203125,52164700,0.0,0.0,AAPL,2026-01-08 10:04:43.992783+00:00
2025-04-21 00:00:00-04:00,192.61136524453693,193.13955785695288,189.1631497833642,192.50173950195312,46742500,0.0,0.0,AAPL,2026-01-08 10:04:43.992783+00:00
2025-04-22 00:00:00-04:00,195.45165216386687,200.9030125684292,195.3021694205859,199.059326171875,52976400,0.0,0.0,AAPL,2026-01-08 10:04:43.992783+00:00
2025-04-23 00:00:00-04:00,205.29797863560773,207.29116289420588,202.10888686320854,203.9027557373047,52929200,0.0,0.0,AAPL,2026-01-08 10:04:43.992783+00:00
2025-04-24 00:00:00-04:00,204.1917605029567,208.11833592046503,202.248408894664,207.65989685058594,47311000,0.0,0.0,AAPL,2026-01-08 10:04:43.992783+00:00
2025-04-25 00:00:00-04:00,205.66671618569228,209.0352025034097,205.49729734578435,208.56680297851562,38222300,0.0,0.0,AAPL,2026-01-08 10:04:43.992783+00:00
2025-04-28 00:00:00-04:00,209.2843516085664,210.77923983434187,206.7530142372406,209.4238739013672,38743100,0.0,0.0,AAPL,2026-01-08 10:04:43.992783+00:00
2025-04-29 00:00:00-04:00,207.978817902887,211.51672307140856,207.6599011161091,210.490234375,36827600,0.0,0.0,AAPL,2026-01-08 10:04:43.992783+00:00
2025-04-30 00:00:00-04:00,208.58674127234366,212.8521544830753,205.96569903614,211.7758331298828,52286500,0.0,0.0,AAPL,2026-01-08 10:04:43.992783+00:00
2025-05-01 00:00:00-04:00,208.3674918385056,213.82881264887993,208.18809734114114,212.59304809570312,57365700,0.0,0.0,AAPL,2026-01-08 10:04:43.992783+00:00
2025-05-02 00:00:00-04:00,205.38767599056177,206.28461806468735,201.4710760745947,204.65020751953125,101010600,0.0,0.0,AAPL,2026-01-08 10:04:43.992783+00:00
2025-05-05 00:00:00-04:00,202.40787903175757,203.4044712176219,197.5345438511527,198.21221923828125,69018500,0.0,0.0,AAPL,2026-01-08 10:04:43.992783+00:00
2025-05-06 00:00:00-04:00,197.53454585917262,199.96621804369693,196.34859871285207,197.83351135253906,51216500,0.0,0.0,AAPL,2026-01-08 10:04:43.992783+00:00
2025-05-07 00:00:00-04:00,198.49125449640593,198.7603386318323,192.59143085844198,195.58120727539062,68536700,0.0,0.0,AAPL,2026-01-08 10:04:43.992783+00:00
2025-05-08 00:00:00-04:00,197.04619801698016,199.3682595147921,194.0165494128041,196.81698608398438,50478900,0.0,0.0,AAPL,2026-01-08 10:04:43.992783+00:00
2025-05-09 00:00:00-04:00,198.32183886048443,199.85658408831688,196.86680762308345,197.8534393310547,36453900,0.0,0.0,AAPL,2026-01-08 10:04:43.992783+00:00
2025-05-12 00:00:00-04:00,210.52676720097676,210.82613996616402,206.31563192374182,210.34713745117188,63775800,0.26,0.0,AAPL,2026-01-08 10:04:43.992783+00:00
2025-05-13 00:00:00-04:00,209.98788789546765,212.95164926547025,208.56089957562318,212.48263549804688,51909300,0.0,0.0,AAPL,2026-01-08 10:04:43.992783+00:00
2025-05-14 00:00:00-04:00,211.98367663769176,213.49051386836734,210.13757262915965,211.88389587402344,49325800,0.0,0.0,AAPL,2026-01-08 10:04:43.992783+00:00
2025-05-15 00:00:00-04:00,210.506803034962,212.51258988469863,209.0997617101353,211.00575256347656,45029500,0.0,0.0,AAPL,2026-01-08 10:04:43.992783+00:00
2025-05-16 00:00:00-04:00,211.9138418912236,212.12340739052024,209.3292870180407,210.81614685058594,54737900,0.0,0.0,AAPL,2026-01-08 10:04:43.992783+00:00
2025-05-19 00:00:00-04:00,207.47318710280226,209.0398806327114,203.83084657536088,208.3413543701172,46140500,0.0,0.0,AAPL,2026-01-08 10:04:43.992783+00:00
2025-05-20 00:00:00-04:00,207.23369558110693,208.03201787298204,204.5992426766309,206.42539978027344,42496600,0.0,0.0,AAPL,2026-01-08 10:04:43.992783+00:00
2025-05-21 00:00:00-04:00,204.73893602091724,206.60500227852873,200.28831500749223,201.6654052734375,59211800,0.0,0.0,AAPL,2026-01-08 10:04:43.992783+00:00
2025-05-22 00:00:00-04:00,200.2883071907537,202.32401437172413,199.28041949489233,200.9369354248047,46742400,0.0,0.0,AAPL,2026-01-08 10:04:43.992783+00:00
2025-05-23 00:00:00-04:00,193.26311186041877,197.28464391104225,193.05356158182016,194.85975646972656,78432900,0.0,0.0,AAPL,2026-01-08 10:04:43.992783+00:00
2025-05-27 00:00:00-04:00,197.88337691051132,200.31825293342968,197.01519441683536,199.78936767578125,56288500,0.0,0.0,AAPL,2026-01-08 10:04:43.992783+00:00
2025-05-28 00:00:00-04:00,200.16855762950956,202.30406088976383,199.48000488022652,199.99891662597656,45339700,0.0,0.0,AAPL,2026-01-08 10:04:43.992783+00:00
2025-05-29 00:00:00-04:00,203.15228556391767,203.38179807643976,198.09293019267844,199.5299072265625,51396800,0.0,0.0,AAPL,2026-01-08 10:04:43.992783+00:00
2025-05-30 00:00:00-04:00,198.95112277889336,201.53569281345096,196.36656797106642,200.4280242919922,70819900,0.0,0.0,AAPL,2026-01-08 10:04:43.992783+00:00
2025-06-02 00:00:00-04:00,199.85921507319503,201.70533435611304,199.69954757512772,201.27622985839844,35423300,0.0,0.0,AAPL,2026-01-08 10:04:43.992783+00:00
2025-06-03 00:00:00-04:00,200.92696184786135,203.34187550579085,200.53778186221837,202.84292602539062,46381600,0.0,0.0,AAPL,2026-01-08 10:04:43.992783+00:00
2025-06-04 00:00:00-04:00,202.48369763994597,205.80670326672896,201.67540185470463,202.39389038085938,43604000,0.0,0.0,AAPL,2026-01-08 10:04:43.992783+00:00
2025-06-05 00:00:00-04:00,203.07246156364138,204.3198354061699,199.7294935749724,200.20849609375,55126100,0.0,0.0,AAPL,2026-01-08 10:04:43.992783+00:00
2025-06-06 00:00:00-04:00,202.57349663849442,205.26782088834017,201.62549563553227,203.49156188964844,46607700,0.0,0.0,AAPL,2026-01-08 10:04:43.992783+00:00
2025-06-09 00:00:00-04:00,203.96058960802065,205.56720771427428,199.59977555964565,201.02676391601562,72862600,0.0,0.0,AAPL,2026-01-08 10:04:43.992783+00:00
2025-06-10 00:00:00-04:00,200.1785434107301,203.92066462184746,200.14860765917956,202.2441864013672,54672600,0.0,0.0,AAPL,2026-01-08 10:04:43.992783+00:00
2025-06-11 00:00:00-04:00,203.0724503091444,204.07034932786254,197.99314795828434,198.36236572265625,60989900,0.0,0.0,AAPL,2026-01-08 10:04:43.992783+00:00
2025-06-12 00:00:00-04:00,198.66173587371065,199.26046614106752,196.94534836583952,198.78147888183594,43904600,0.0,0.0,AAPL,2026-01-08 10:04:43.992783+00:00
2025-06-13 00:00:00-04:00,199.3103695725812,199.9490243445518,195.2888376882346,196.03726196289062,51447300,0.0,0.0,AAPL,2026-01-08 10:04:43.992783+00:00
2025-06-16 00:00:00-04:00,196.8854859861783,198.27256505925683,196.1470352061455,198.0031280517578,43020700,0.0,0.0,AAPL,2026-01-08 10:04:43.992783+00:00
2025-06-17 00:00:00-04:00,196.78567812068002,197.97318035709665,194.79986887227625,195.2289581298828,38856200,0.0,0.0,AAPL,2026-01-08 10:04:43.992783+00:00
2025-06-18 00:00:00-04:00,195.52832221137376,197.15490236836843,194.66015499959357,196.16697692871094,45394700,0.0,0.0,AAPL,2026-01-08 10:04:43.992783+00:00
2025-06-20 00:00:00-04:00,197.8235020126397,201.27622400422058,196.44639652864126,200.57769775390625,96813500,0.0,0.0,AAPL,2026-01-08 10:04:43.992783+00:00
2025-06-23 00:00:00-04:00,201.20639190632414,201.87498244787415,198.54200324907936,201.07666015625,55814300,0.0,0.0,AAPL,2026-01-08 10:04:43.992783+00:00
2025-06-24 00:00:00-04:00,202.16436301176623,203.0125832870988,199.77938491343542,199.87918090820312,54064000,0.0,0.0,AAPL,2026-01-08 10:04:43.992783+00:00
2025-06-25 00:00:00-04:00,201.0267661369261,203.2421033073339,200.19850807531137,201.13653564453125,39525700,0.0,0.0,AAPL,2026-01-08 10:04:43.992783+00:00
2025-06-26 00:00:00-04:00,201.00678701240994,202.2142514946699,199.04094000321476,200.57769775390625,50799100,0.0,0.0,AAPL,2026-01-08 10:04:43.992783+00:00
2025-06-27 00:00:00-04:00,201.4658274879402,202.7930349784745,199.57979899649257,200.65753173828125,73188600,0.0,0.0,AAPL,2026-01-08 10:04:43.992783+00:00
2025-06-30 00:00:00-04:00,201.58557286233471,206.95427439094752,198.84135059390303,204.7389373779297,91912800,0.0,0.0,AAPL,2026-01-08 10:04:43.992783+00:00
2025-07-01 00:00:00-04:00,206.23578409144605,209.74839282792448,205.70689884063935,207.3833770751953,78788900,0.0,0.0,AAPL,2026-01-08 10:04:43.992783+00:00
2025-07-02 00:00:00-04:00,208.47108532398713,212.8917706186518,207.7026988246806,211.99366760253906,67941800,0.0,0.0,AAPL,2026-01-08 10:04:43.992783+00:00
2025-07-03 00:00:00-04:00,211.70428104663077,214.19902871499423,211.36499901814886,213.10134887695312,34955800,0.0,0.0,AAPL,2026-01-08 10:04:43.992783+00:00
2025-07-07 00:00:00-04:00,212.23315593085263,215.77570049162512,208.36131809352125,209.50889587402344,50229000,0.0,0.0,AAPL,2026-01-08 10:04:43.992783+00:00
2025-07-08 00:00:00-04:00,209.658593847986,210.98578616820197,208.01205130024096,209.5687713623047,42848900,0.0,0.0,AAPL,2026-01-08 10:04:43.992783+00:00
2025-07-09 00:00:00-04:00,209.0897778625777,210.8859991217609,206.78463359109693,210.69639587402344,48749400,0.0,0.0,AAPL,2026-01-08 10:04:43.992783+00:00
2025-07-10 00:00:00-04:00,210.06771262581316,213.03147386855414,209.58872537016995,211.96372985839844,44443600,0.0,0.0,AAPL,2026-01-08 10:04:43.992783+00:00
2025-07-11 00:00:00-04:00,210.12759762046792,211.68431760849728,209.41908263784933,210.7163543701172,39765800,0.0,0.0,AAPL,2026-01-08 10:04:43.992783+00:00
2025-07-14 00:00:00-04:00,209.48893166698292,210.46688365912564,207.10395364435493,208.1816864013672,38840100,0.0,0.0,AAPL,2026-01-08 10:04:43.992783+00:00
2025-07-15 00:00:00-04:00,208.7804390594974,211.44482767792792,208.48106630115817,208.67066955566406,42296300,0.0,0.0,AAPL,2026-01-08 10:04:43.992783+00:00
2025-07-16 00:00:00-04:00,209.8581806046168,211.95375954691573,208.2016644692293,209.71847534179688,47490500,0.0,0.0,AAPL,2026-01-08 10:04:43.992783+00:00
2025-07-17 00:00:00-04:00,210.12759810142074,211.3550095983717,209.14964612579556,209.57875061035156,48068100,0.0,0.0,AAPL,2026-01-08 10:04:43.992783+00:00
2025-07-18 00:00:00-04:00,210.42696659875526,211.34503189230253,209.25942654413325,210.73631286621094,48974600,0.0,0.0,AAPL,2026-01-08 10:04:43.992783+00:00
2025-07-21 00:00:00-04:00,211.65437808070223,215.3266389893317,211.18536434566,212.0335693359375,51377400,0.0,0.0,AAPL,2026-01-08 10:04:43.992783+00:00
2025-07-22 00:00:00-04:00,212.69220709721728,214.49840197701596,211.78411528941558,213.94955444335938,46404100,0.0,0.0,AAPL,2026-01-08 10:04:43.992783+00:00
2025-07-23 00:00:00-04:00,214.54829351654996,214.69797228179937,211.9637386583707,213.7000732421875,46989300,0.0,0.0,AAPL,2026-01-08 10:04:43.992783+00:00
2025-07-24 00:00:00-04:00,213.45058781785585,215.2368355364858,213.08137006420023,213.31088256835938,46022600,0.0,0.0,AAPL,2026-01-08 10:04:43.992783+00:00
2025-07-25 00:00:00-04:00,214.24891808809048,214.7877920897316,212.95164630742312,213.43064880371094,40268800,0.0,0.0,AAPL,2026-01-08 10:04:43.992783+00:00
2025-07-28 00:00:00-04:00,213.5803337758995,214.39861831079742,212.61237047326716,213.6002960205078,37858000,0.0,0.0,AAPL,2026-01-08 10:04:43.992783+00:00
2025-07-29 00:00:00-04:00,213.73000061776605,214.3586818606333,210.37707459375494,210.8261260986328,51411700,0.0,0.0,AAPL,2026-01-08 10:04:43.992783+00:00
2025-07-30 00:00:00-04:00,211.454797150492,211.94377315400357,207.28358653790625,208.6107940673828,45512500,0.0,0.0,AAPL,2026-01-08 10:04:43.992783+00:00
2025-07-31 00:00:00-04:00,208.0519764228089,209.39913099136336,206.72476887181696,207.1339111328125,80698400,0.0,0.0,AAPL,2026-01-08 10:04:43.992783+00:00
2025-08-01 00:00:00-04:00,210.4269720875647,213.1312852679161,201.07666267114303,201.95481872558594,104434500,0.0,0.0,AAPL,2026-01-08 10:04:43.992783+00:00
2025-08-04 00:00:00-04:00,204.0803265791815,207.44325668811337,201.25627047720934,202.9227752685547,75109300,0.0,0.0,AAPL,2026-01-08 10:04:43.992783+00:00
2025-08-05 00:00:00-04:00,202.97265486934364,204.90858140720596,201.73526982787092,202.49366760253906,44155100,0.0,0.0,AAPL,2026-01-08 10:04:43.992783+00:00
2025-08-06 00:00:00-04:00,205.19798558200998,214.9275012748427,205.15806109322384,212.80197143554688,108483100,0.0,0.0,AAPL,2026-01-08 10:04:43.992783+00:00
2025-08-07 00:00:00-04:00,218.42014073215765,220.38600300495352,216.12496995802366,219.56771850585938,90224800,0.0,0.0,AAPL,2026-01-08 10:04:43.992783+00:00
2025-08-08 00:00:00-04:00,220.36604479784603,230.5146761138317,218.78936250198095,228.86814880371094,113854000,0.0,0.0,AAPL,2026-01-08 10:04:43.992783+00:00
2025-08-11 00:00:00-04:00,227.6992650180531,229.33767612130436,224.54232171734583,226.95997619628906,61806100,0.26,0.0,AAPL,2026-01-08 10:04:43.992783+00:00
2025-08-12 00:00:00-04:00,227.78917070894937,230.57647717809445,226.8500938879156,229.42758178710938,55626200,0.0,0.0,AAPL,2026-01-08 10:04:43.992783+00:00
2025-08-13 00:00:00-04:00,230.8462285986664,234.77241529044048,230.2068337695816,233.10403442382812,69878500,0.0,0.0,AAPL,2026-01-08 10:04:43.992783+00:00
2025-08-14 00:00:00-04:00,233.83332460758467,234.89229562265464,230.6264418350812,232.5545654296875,51916300,0.0,0.0,AAPL,2026-01-08 10:04:43.992783+00:00
2025-08-15 00:00:00-04:00,233.77337703316005,234.0531046408583,229.11788646444978,231.36570739746094,56038700,0.0,0.0,AAPL,2026-01-08 10:04:43.992783+00:00
2025-08-18 00:00:00-04:00,231.47561022214762,232.89423321308522,229.88715369469057,230.66639709472656,37476200,0.0,0.0,AAPL,2026-01-08 10:04:43.992783+00:00
2025-08-19 00:00:00-04:00,231.05601964615855,232.64447617946885,229.1278960385577,230.3367156982422,39402600,0.0,0.0,AAPL,2026-01-08 10:04:43.992783+00:00
2025-08-20 00:00:00-04:00,229.75726351111018,230.24679444121838,225.55134937034353,225.79110717773438,42263900,0.0,0.0,AAPL,2026-01-08 10:04:43.992783+00:00
2025-08-21 00:00:00-04:00,226.05087353353895,226.30063142153253,223.56327948127884,224.68218994140625,30621200,0.0,0.0,AAPL,2026-01-08 10:04:43.992783+00:00
2025-08-22 00:00:00-04:00,225.95095699429655,228.8681272027074,225.1916985271248,227.53941345214844,42477800,0.0,0.0,AAPL,2026-01-08 10:04:43.992783+00:00
2025-08-25 00:00:00-04:00,226.26065308481304,229.07792927219558,226.01089520624416,226.94000244140625,30983100,0.0,0.0,AAPL,2026-01-08 10:04:43.992783+00:00
2025-08-26 00:00:00-04:00,226.65028173376106,229.26775474756235,224.4724002828088,229.08792114257812,54575100,0.0,0.0,AAPL,2026-01-08 10:04:43.992783+00:00
2025-08-27 00:00:00-04:00,228.38860049855515,230.676376013076,228.03893336267103,230.26678466796875,31259500,0.0,0.0,AAPL,2026-01-08 10:04:43.992783+00:00
2025-08-28 00:00:00-04:00,230.59647266873003,233.18396075811214,229.11789497993007,232.33477783203125,38074700,0.0,0.0,AAPL,2026-01-08 10:04:43.992783+00:00
2025-08-29 00:00:00-04:00,232.28481317583598,233.15398096397084,231.145917853049,231.91517639160156,39418400,0.0,0.0,AAPL,2026-01-08 10:04:43.992783+00:00
2025-09-02 00:00:00-04:00,229.02798202980685,230.62643860177437,226.75019132336067,229.49752807617188,44075600,0.0,0.0,AAPL,2026-01-08 10:04:43.992783+00:00
2025-09-03 00:00:00-04:00,236.98028515930878,238.6186963224971,234.133039090421,238.2390594482422,66427800,0.0,0.0,AAPL,2026-01-08 10:04:43.992783+00:00
2025-09-04 00:00:00-04:00,238.21906152531412,239.66765417218173,236.51072617258424,239.5477752685547,47549400,0.0,0.0,AAPL,2026-01-08 10:04:43.992783+00:00
2025-09-05 00:00:00-04:00,239.76756781945676,241.08629675958926,238.25903569310344,239.45787048339844,54870400,0.0,0.0,AAPL,2026-01-08 10:04:43.992783+00:00
2025-09-08 00:00:00-04:00,239.06825064349684,239.91741830634814,236.11111057683257,237.64962768554688,48999500,0.0,0.0,AAPL,2026-01-08 10:04:43.992783+00:00
2025-09-09 00:00:00-04:00,236.77047435136637,238.5487492683241,233.13400016518182,234.123046875,66313900,0.0,0.0,AAPL,2026-01-08 10:04:43.992783+00:00
2025-09-10 00:00:00-04:00,231.96513778704139,232.19491077497392,225.73117543382176,226.5703582763672,83440800,0.0,0.0,AAPL,2026-01-08 10:04:43.992783+00:00
2025-09-11 00:00:00-04:00,226.66027725307507,230.22681187017153,226.43048902665416,229.80722045898438,50208600,0.0,0.0,AAPL,2026-01-08 10:04:43.992783+00:00
2025-09-12 00:00:00-04:00,228.9980136278554,234.28288383192944,228.79821036620638,233.84332275390625,55824200,0.0,0.0,AAPL,2026-01-08 10:04:43.992783+00:00
2025-09-15 00:00:00-04:00,236.77047667310174,237.95932665324483,234.80238330570734,236.47076416015625,42699500,0.0,0.0,AAPL,2026-01-08 10:04:43.992783+00:00
2025-09-16 00:00:00-04:00,236.9502954777413,240.98639147239973,236.09114297984144,237.9193572998047,63421100,0.0,0.0,AAPL,2026-01-08 10:04:43.992783+00:00
2025-09-17 00:00:00-04:00,238.73857528095925,239.86748583209587,237.4997706474641,238.75856018066406,46508000,0.0,0.0,AAPL,2026-01-08 10:04:43.992783+00:00
2025-09-18 00:00:00-04:00,239.737599946219,240.9664044724694,236.4208079152849,237.64962768554688,44249600,0.0,0.0,AAPL,2026-01-08 10:04:43.992783+00:00
2025-09-19 00:00:00-04:00,240.99636870073516,246.06146581163878,239.9773675285625,245.26223754882812,163741300,0.0,0.0,AAPL,2026-01-08 10:04:43.992783+00:00
2025-09-22 00:00:00-04:00,248.05953649140056,256.3914711896616,247.8797028858207,255.8319854736328,105517400,0.0,0.0,AAPL,2026-01-08 10:04:43.992783+00:00
2025-09-23 00:00:00-04:00,255.63220171436936,257.0907792625319,253.33442606621003,254.18359375,60275200,0.0,0.0,AAPL,2026-01-08 10:04:43.992783+00:00
2025-09-24 00:00:00-04:00,254.9728287261993,255.4923293909784,250.79686899703333,252.06564331054688,42303700,0.0,0.0,AAPL,2026-01-08 10:04:43.992783+00:00
2025-09-25 00:00:00-04:00,252.96477212582877,256.9209435623003,251.466224879955,256.6212158203125,55202100,0.0,0.0,AAPL,2026-01-08 10:04:43.992783+00:00
2025-09-26 00:00:00-04:00,253.8539172209246,257.3505275669758,253.5342198150173,255.2126007080078,46076300,0.0,0.0,AAPL,2026-01-08 10:04:43.992783+00:00
2025-09-29 00:00:00-04:00,254.31347273152574,254.75304905914027,252.76497075706976,254.18359375,40127700,0.0,0.0,AAPL,2026-01-08 10:04:43.992783+00:00
2025-09-30 00:00:00-04:00,254.61318058017173,255.67215158054225,252.8648753735947,254.38340759277344,37704300,0.0,0.0,AAPL,2026-01-08 10:04:43.992783+00:00
2025-10-01 00:00:00-04:00,254.7929996074261,258.53938316103813,254.6831055272507,255.20260620117188,48713900,0.0,0.0,AAPL,2026-01-08 10:04:43.992783+00:00
2025-10-02 00:00:00-04:00,256.33149581258533,257.9299523535748,253.9038565188199,256.8809814453125,42630200,0.0,0.0,AAPL,2026-01-08 10:04:43.992783+00:00
2025-10-03 00:00:00-04:00,254.42336451804394,258.9889308017334,253.70406057825727,257.7701110839844,49155600,0.0,0.0,AAPL,2026-01-08 10:04:43.992783+00:00
2025-10-06 00:00:00-04:00,257.7401350456914,258.819106172963,254.80299514816292,256.44140625,44664100,0.0,0.0,AAPL,2026-01-08 10:04:43.992783+00:00
2025-10-07 00:00:00-04:00,256.56129542181253,257.15072039039774,255.18262697514498,256.23162841796875,31955800,0.0,0.0,AAPL,2026-01-08 10:04:43.992783+00:00
2025-10-08 00:00:00-04:00,256.2715719294531,258.2696351050741,255.8619653198879,257.8100891113281,36496900,0.0,0.0,AAPL,2026-01-08 10:04:43.992783+00:00
2025-10-09 00:00:00-04:00,257.5603136690899,257.75013209688524,252.8948383011137,253.79396057128906,38322000,0.0,0.0,AAPL,2026-01-08 10:04:43.992783+00:00
2025-10-10 00:00:00-04:00,254.69310389004832,256.13171175032437,243.76369637579657,245.032470703125,61999100,0.0,0.0,AAPL,2026-01-08 10:04:43.992783+00:00
2025-10-13 00:00:00-04:00,249.13848619669534,249.44818352992385,245.32217845998096,247.42015075683594,38142900,0.0,0.0,AAPL,2026-01-08 10:04:43.992783+00:00
2025-10-14 00:00:00-04:00,246.36117950382103,248.60900042906025,244.46301046499008,247.53004455566406,35478000,0.0,0.0,AAPL,2026-01-08 10:04:43.992783+00:00
2025-10-15 00:00:00-04:00,249.24838988167792,251.5761352503302,247.2303418581919,249.09852600097656,33893600,0.0,0.0,AAPL,2026-01-08 10:04:43.992783+00:00
2025-10-16 00:00:00-04:00,248.00958596667436,248.79881419551728,244.8926123625184,247.21035766601562,39777000,0.0,0.0,AAPL,2026-01-08 10:04:43.992783+00:00
2025-10-17 00:00:00-04:00,247.77980070207627,253.13461023404025,247.03052706557392,252.045654296875,49147000,0.0,0.0,AAPL,2026-01-08 10:04:43.992783+00:00
2025-10-20 00:00:00-04:00,255.64218177653177,264.1239650925819,255.3824390623343,261.98602294921875,90483000,0.0,0.0,AAPL,2026-01-08 10:04:43.992783+00:00
2025-10-21 00:00:00-04:00,261.6263807259345,265.03308188579996,261.5764108568555,262.5155029296875,46695900,0.0,0.0,AAPL,2026-01-08 10:04:43.992783+00:00
2025-10-22 00:00:00-04:00,262.3956210979312,262.5954395959732,255.18261234613632,258.19970703125,45015300,0.0,0.0,AAPL,2026-01-08 10:04:43.992783+00:00
2025-10-23 00:00:00-04:00,259.68824995662277,260.36758405794774,257.76012648314656,259.3285827636719,32754900,0.0,0.0,AAPL,2026-01-08 10:04:43.992783+00:00
2025-10-24 00:00:00-04:00,260.93706434715574,263.87421967110856,258.9290010880386,262.56549072265625,38253700,0.0,0.0,AAPL,2026-01-08 10:04:43.992783+00:00
2025-10-27 00:00:00-04:00,264.6234656652487,268.8593494221352,264.3936774471076,268.5496520996094,44888200,0.0,0.0,AAPL,2026-01-08 10:04:43.992783+00:00
2025-10-28 00:00:00-04:00,268.7294713644567,269.6286240979669,267.8902885694659,268.7394714355469,41534800,0.0,0.0,AAPL,2026-01-08 10:04:43.992783+00:00
2025-10-29 00:00:00-04:00,269.01920560410514,271.1471476128123,266.85129379808274,269.4388122558594,51086700,0.0,0.0,AAPL,2026-01-08 10:04:43.992783+00:00
2025-10-30 00:00:00-04:00,271.72657092903916,273.87451306817263,268.2199910571769,271.13714599609375,69886500,0.0,0.0,AAPL,2026-01-08 10:04:43.992783+00:00
2025-10-31 00:00:00-04:00,276.721738255342,277.05143573891627,268.89933466249033,270.108154296875,86167100,0.0,0.0,AAPL,2026-01-08 10:04:43.992783+00:00
2025-11-03 00:00:00-05:00,270.15812755648943,270.5877038096653,265.9921525413924,268.7894287109375,50194600,0.0,0.0,AAPL,2026-01-08 10:04:43.992783+00:00
2025-11-04 00:00:00-05:00,268.0701070960229,271.22705027239556,267.36080327265466,269.7784729003906,49274800,0.0,0.0,AAPL,2026-01-08 10:04:43.992783+00:00
2025-11-05 00:00:00-05:00,268.3498399683747,271.43687417180433,266.67147434431234,269.8783874511719,43683100,0.0,0.0,AAPL,2026-01-08 10:04:43.992783+00:00
2025-11-06 00:00:00-05:00,267.6305743388968,273.1352174017799,267.6305743388968,269.50872802734375,51204000,0.0,0.0,AAPL,2026-01-08 10:04:43.992783+00:00
2025-11-07 00:00:00-05:00,269.5386899523433,272.02629915101613,266.51162568814635,268.2099914550781,48227400,0.0,0.0,AAPL,2026-01-08 10:04:43.992783+00:00
2025-11-10 00:00:00-05:00,268.9599914550781,273.7300109863281,267.4599914550781,269.42999267578125,41312400,0.26,0.0,AAPL,2026-01-08 10:04:43.992783+00:00
2025-11-11 00:00:00-05:00,269.80999755859375,275.9100036621094,269.79998779296875,275.25,46208300,0.0,0.0,AAPL,2026-01-08 10:04:43.992783+00:00
2025-11-12 00:00:00-05:00,275.0,275.7300109863281,271.70001220703125,273.4700012207031,48398000,0.0,0.0,AAPL,2026-01-08 10:04:43.992783+00:00
2025-11-13 00:00:00-05:00,274.1099853515625,276.70001220703125,272.0899963378906,272.95001220703125,49602800,0.0,0.0,AAPL,2026-01-08 10:04:43.992783+00:00
2025-11-14 00:00:00-05:00,271.04998779296875,275.9599914550781,269.6000061035156,272.4100036621094,47431300,0.0,0.0,AAPL,2026-01-08 10:04:43.992783+00:00
2025-11-17 00:00:00-05:00,268.82000732421875,270.489990234375,265.7300109863281,267.4599914550781,45018300,0.0,0.0,AAPL,2026-01-08 10:04:43.992783+00:00
2025-11-18 00:00:00-05:00,269.989990234375,270.7099914550781,265.32000732421875,267.44000244140625,45677300,0.0,0.0,AAPL,2026-01-08 10:04:43.992783+00:00
2025-11-19 00:00:00-05:00,265.5299987792969,272.2099914550781,265.5,268.55999755859375,40424500,0.0,0.0,AAPL,2026-01-08 10:04:43.992783+00:00
2025-11-20 00:00:00-05:00,270.8299865722656,275.42999267578125,265.9200134277344,266.25,45823600,0.0,0.0,AAPL,2026-01-08 10:04:43.992783+00:00
2025-11-21 00:00:00-05:00,265.95001220703125,273.3299865722656,265.6700134277344,271.489990234375,59030800,0.0,0.0,AAPL,2026-01-08 10:04:43.992783+00:00
2025-11-24 00:00:00-05:00,270.8999938964844,277.0,270.8999938964844,275.9200134277344,65585800,0.0,0.0,AAPL,2026-01-08 10:04:43.992783+00:00
2025-11-25 00:00:00-05:00,275.2699890136719,280.3800048828125,275.25,276.9700012207031,46914200,0.0,0.0,AAPL,2026-01-08 10:04:43.992783+00:00
2025-11-26 00:00:00-05:00,276.9599914550781,279.5299987792969,276.6300048828125,277.54998779296875,33431400,0.0,0.0,AAPL,2026-01-08 10:04:43.992783+00:00
2025-11-28 00:00:00-05:00,277.260009765625,279.0,275.989990234375,278.8500061035156,20135600,0.0,0.0,AAPL,2026-01-08 10:04:43.992783+00:00
2025-12-01 00:00:00-05:00,278.010009765625,283.4200134277344,276.1400146484375,283.1000061035156,46587700,0.0,0.0,AAPL,2026-01-08 10:04:43.992783+00:00
2025-12-02 00:00:00-05:00,283.0,287.3999938964844,282.6300048828125,286.19000244140625,53669500,0.0,0.0,AAPL,2026-01-08 10:04:43.992783+00:00
2025-12-03 00:00:00-05:00,286.20001220703125,288.6199951171875,283.29998779296875,284.1499938964844,43538700,0.0,0.0,AAPL,2026-01-08 10:04:43.992783+00:00
2025-12-04 00:00:00-05:00,284.1000061035156,284.7300109863281,278.5899963378906,280.70001220703125,43989100,0.0,0.0,AAPL,2026-01-08 10:04:43.992783+00:00
2025-12-05 00:00:00-05:00,280.5400085449219,281.1400146484375,278.04998779296875,278.7799987792969,47265800,0.0,0.0,AAPL,2026-01-08 10:04:43.992783+00:00
2025-12-08 00:00:00-05:00,278.1300048828125,279.6700134277344,276.1499938964844,277.8900146484375,38211800,0.0,0.0,AAPL,2026-01-08 10:04:43.992783+00:00
2025-12-09 00:00:00-05:00,278.1600036621094,280.0299987792969,276.9200134277344,277.17999267578125,32193300,0.0,0.0,AAPL,2026-01-08 10:04:43.992783+00:00
2025-12-10 00:00:00-05:00,277.75,279.75,276.44000244140625,278.7799987792969,33038300,0.0,0.0,AAPL,2026-01-08 10:04:43.992783+00:00
2025-12-11 00:00:00-05:00,279.1000061035156,279.5899963378906,273.80999755859375,278.0299987792969,33248000,0.0,0.0,AAPL,2026-01-08 10:04:43.992783+00:00
2025-12-12 00:00:00-05:00,277.8999938964844,279.2200012207031,276.82000732421875,278.2799987792969,39532900,0.0,0.0,AAPL,2026-01-08 10:04:43.992783+00:00
2025-12-15 00:00:00-05:00,280.1499938964844,280.1499938964844,272.8399963378906,274.1099853515625,50409100,0.0,0.0,AAPL,2026-01-08 10:04:43.992783+00:00
2025-12-16 00:00:00-05:00,272.82000732421875,275.5,271.7900085449219,274.6099853515625,37648600,0.0,0.0,AAPL,2026-01-08 10:04:43.992783+00:00
2025-12-17 00:00:00-05:00,275.010009765625,276.1600036621094,271.6400146484375,271.8399963378906,50138700,0.0,0.0,AAPL,2026-01-08 10:04:43.992783+00:00
2025-12-18 00:00:00-05:00,273.6099853515625,273.6300048828125,266.95001220703125,272.19000244140625,51630700,0.0,0.0,AAPL,2026-01-08 10:04:43.992783+00:00
2025-12-19 00:00:00-05:00,272.1499938964844,274.6000061035156,269.8999938964844,273.6700134277344,144632000,0.0,0.0,AAPL,2026-01-08 10:04:43.992783+00:00
2025-12-22 00:00:00-05:00,272.8599853515625,273.8800048828125,270.510009765625,270.9700012207031,36571800,0.0,0.0,AAPL,2026-01-08 10:04:43.992783+00:00
2025-12-23 00:00:00-05:00,270.8399963378906,272.5,269.55999755859375,272.3599853515625,29642000,0.0,0.0,AAPL,2026-01-08 10:04:43.992783+00:00
2025-12-24 00:00:00-05:00,272.3399963378906,275.42999267578125,272.20001220703125,273.80999755859375,17910600,0.0,0.0,AAPL,2026-01-08 10:04:43.992783+00:00
2025-12-26 00:00:00-05:00,274.1600036621094,275.3699951171875,272.8599853515625,273.3999938964844,21521800,0.0,0.0,AAPL,2026-01-08 10:04:43.992783+00:00
2025-12-29 00:00:00-05:00,272.69000244140625,274.3599853515625,272.3500061035156,273.760009765625,23715200,0.0,0.0,AAPL,2026-01-08 10:04:43.992783+00:00
2025-12-30 00:00:00-05:00,272.80999755859375,274.0799865722656,272.2799987792969,273.0799865722656,22139600,0.0,0.0,AAPL,2026-01-08 10:04:43.992783+00:00
2025-12-31 00:00:00-05:00,273.05999755859375,273.67999267578125,271.75,271.8599853515625,27293600,0.0,0.0,AAPL,2026-01-08 10:04:43.992783+00:00
2026-01-02 00:00:00-05:00,272.260009765625,277.8399963378906,269.0,271.010009765625,37838100,0.0,0.0,AAPL,2026-01-08 10:04:43.992783+00:00
2026-01-05 00:00:00-05:00,270.6400146484375,271.510009765625,266.1400146484375,267.260009765625,45647200,0.0,0.0,AAPL,2026-01-08 10:04:43.992783+00:00
2026-01-06 00:00:00-05:00,267.0,267.54998779296875,262.1199951171875,262.3599853515625,52352100,0.0,0.0,AAPL,2026-01-08 10:04:43.992783+00:00
2026-01-07 00:00:00-05:00,263.20001220703125,263.67999267578125,259.80999755859375,260.3299865722656,48262000,0.0,0.0,AAPL,2026-01-08 10:04:43.992783+00:00
