Date,Open,High,Low,Close,Volume,Dividends,Stock Splits,symbol,extracted_at
2022-01-03 00:00:00-05:00,143.96722101651818,144.75725699875156,142.6352894390565,143.90420532226562,28646000,0.0,0.0,GOOGL,2026-01-26 06:13:31.896900+00:00
2022-01-04 00:00:00-05:00,144.30566816404834,145.38650621065128,142.6387735560891,143.316650390625,28400000,0.0,0.0,GOOGL,2026-01-26 06:13:31.896900+00:00
2022-01-05 00:00:00-05:00,143.3369627849426,143.41586490186026,136.65545277368253,136.74179077148438,54618000,0.0,0.0,GOOGL,2026-01-26 06:13:31.896900+00:00
2022-01-06 00:00:00-05:00,135.97114712472833,138.89058651246134,135.5344442800259,136.7145233154297,37348000,0.0,0.0,GOOGL,2026-01-26 06:13:31.896900+00:00
2022-01-07 00:00:00-05:00,137.109533589017,137.41027034450386,134.74837599268508,135.989501953125,29760000,0.0,0.0,GOOGL,2026-01-26 06:13:31.896900+00:00
2022-01-10 00:00:00-05:00,134.06504915322984,137.7784923866588,132.1659006036538,137.62960815429688,44408000,0.0,0.0,GOOGL,2026-01-26 06:13:31.896900+00:00
2022-01-11 00:00:00-05:00,136.97210248313013,139.1645370402757,135.66746088310236,138.68812561035156,28730000,0.0,0.0,GOOGL,2026-01-26 06:13:31.896900+00:00
2022-01-12 00:00:00-05:00,140.09147428558907,141.53854812763845,139.6394000091844,140.369873046875,26108000,0.0,0.0,GOOGL,2026-01-26 06:13:31.896900+00:00
2022-01-13 00:00:00-05:00,140.47858803319025,141.7787770936722,137.37107060354336,137.54774475097656,31436000,0.0,0.0,GOOGL,2026-01-26 06:13:31.896900+00:00
2022-01-14 00:00:00-05:00,136.05104407819525,139.68658493826246,135.97115755847778,138.43453979492188,29662000,0.0,0.0,GOOGL,2026-01-26 06:13:31.896900+00:00
2022-01-18 00:00:00-05:00,135.15383930470878,136.10316381315457,134.42286624816973,134.97816467285156,34872000,0.0,0.0,GOOGL,2026-01-26 06:13:31.896900+00:00
2022-01-19 00:00:00-05:00,135.49970276827796,136.92493874451395,134.00301568869605,134.10325622558594,28648000,0.0,0.0,GOOGL,2026-01-26 06:13:31.896900+00:00
2022-01-20 00:00:00-05:00,135.2282544434575,136.59394277770195,131.96738542394968,132.3078155517578,29908000,0.0,0.0,GOOGL,2026-01-26 06:13:31.896900+00:00
2022-01-21 00:00:00-05:00,131.59919999940524,133.8541504970907,129.1109959938227,129.37400817871094,55652000,0.0,0.0,GOOGL,2026-01-26 06:13:31.896900+00:00
2022-01-24 00:00:00-05:00,125.03329091598978,130.21911482681233,123.56637755178818,129.82310485839844,76622000,0.0,0.0,GOOGL,2026-01-26 06:13:31.896900+00:00
2022-01-25 00:00:00-05:00,127.77457291304532,128.42862762197316,125.5518651812698,125.98310089111328,46960000,0.0,0.0,GOOGL,2026-01-26 06:13:31.896900+00:00
2022-01-26 00:00:00-05:00,130.13574398925348,132.0026351291837,126.18856248123481,128.26388549804688,49130000,0.0,0.0,GOOGL,2026-01-26 06:13:31.896900+00:00
2022-01-27 00:00:00-05:00,130.31933794967972,131.6577209195891,127.96561639041133,128.03758239746094,31950000,0.0,0.0,GOOGL,2026-01-26 06:13:31.896900+00:00
2022-01-28 00:00:00-05:00,128.68668292409265,132.3564650399575,127.52149075583363,132.3509979248047,34362000,0.0,0.0,GOOGL,2026-01-26 06:13:31.896900+00:00
2022-01-31 00:00:00-05:00,133.15592938853976,134.45710287849602,131.2180716800117,134.2888641357422,39986000,0.0,0.0,GOOGL,2026-01-26 06:13:31.896900+00:00
2022-02-01 00:00:00-05:00,136.56265758061303,136.75967057677127,133.36085185882231,136.61178588867188,68644000,0.0,0.0,GOOGL,2026-01-26 06:13:31.896900+00:00
2022-02-02 00:00:00-05:00,150.11578031488366,150.41005044814193,144.43123734697568,146.89015197753906,123200000,0.0,0.0,GOOGL,2026-01-26 06:13:31.896900+00:00
2022-02-03 00:00:00-05:00,144.61286316505112,148.55259367465578,141.5956515737135,142.0169677734375,71518000,0.0,0.0,GOOGL,2026-01-26 06:13:31.896900+00:00
2022-02-04 00:00:00-05:00,142.3688132081946,143.78858213047806,139.4612771720624,142.21844482421875,57998000,0.0,0.0,GOOGL,2026-01-26 06:13:31.896900+00:00
2022-02-07 00:00:00-05:00,143.1682685356502,143.1682685356502,137.85838215439898,138.15713500976562,54974000,0.0,0.0,GOOGL,2026-01-26 06:13:31.896900+00:00
2022-02-08 00:00:00-05:00,137.98393352600814,138.95012868811895,135.98652845498887,138.3536376953125,54284000,0.0,0.0,GOOGL,2026-01-26 06:13:31.896900+00:00
2022-02-09 00:00:00-05:00,139.90638557598996,141.45568390747968,139.13570423260293,140.53016662597656,40144000,0.0,0.0,GOOGL,2026-01-26 06:13:31.896900+00:00
2022-02-10 00:00:00-05:00,138.6558762627554,140.42351129626465,136.92246749211452,137.5804901123047,39330000,0.0,0.0,GOOGL,2026-01-26 06:13:31.896900+00:00
2022-02-11 00:00:00-05:00,137.5606404788322,138.11295539537267,132.39962332012644,133.2755126953125,39958000,0.0,0.0,GOOGL,2026-01-26 06:13:31.896900+00:00
2022-02-14 00:00:00-05:00,132.25717761433165,135.27785646046127,132.25717761433165,134.50965881347656,34302000,0.0,0.0,GOOGL,2026-01-26 06:13:31.896900+00:00
2022-02-15 00:00:00-05:00,136.5388523034239,137.07282740423187,134.80297510881232,135.58407592773438,26680000,0.0,0.0,GOOGL,2026-01-26 06:13:31.896900+00:00
2022-02-16 00:00:00-05:00,135.62177176243202,137.05047569540287,133.91218535408186,136.70509338378906,25022000,0.0,0.0,GOOGL,2026-01-26 06:13:31.896900+00:00
2022-02-17 00:00:00-05:00,135.22130816652052,136.08527894268366,131.48504232159402,131.5450897216797,38950000,0.0,0.0,GOOGL,2026-01-26 06:13:31.896900+00:00
2022-02-18 00:00:00-05:00,132.46612837230094,133.06461847926178,129.2201611900481,129.42510986328125,45620000,0.0,0.0,GOOGL,2026-01-26 06:13:31.896900+00:00
2022-02-22 00:00:00-05:00,128.8643182954154,131.18925024339552,127.26192379084993,128.8400115966797,44990000,0.0,0.0,GOOGL,2026-01-26 06:13:31.896900+00:00
2022-02-23 00:00:00-05:00,130.66126157793636,131.0607395809099,126.57116292849084,126.63121032714844,32786000,0.0,0.0,GOOGL,2026-01-26 06:13:31.896900+00:00
2022-02-24 00:00:00-05:00,124.0164378005304,132.00259601011356,124.0164378005304,131.69590759277344,54456000,0.0,0.0,GOOGL,2026-01-26 06:13:31.896900+00:00
2022-02-25 00:00:00-05:00,132.55049129326056,134.25709440677767,130.76348675698117,133.45118713378906,36406000,0.0,0.0,GOOGL,2026-01-26 06:13:31.896900+00:00
2022-02-28 00:00:00-05:00,132.05223656017716,134.73346988108213,131.59816319656514,134.044189453125,38864000,0.0,0.0,GOOGL,2026-01-26 06:13:31.896900+00:00
2022-03-01 00:00:00-05:00,133.86704226332247,135.23371506860198,132.21950209052739,133.05616760253906,26496000,0.0,0.0,GOOGL,2026-01-26 06:13:31.896900+00:00
2022-03-02 00:00:00-05:00,133.6184269882909,134.24815989047295,132.07359595195584,133.56234741210938,23520000,0.0,0.0,GOOGL,2026-01-26 06:13:31.896900+00:00
2022-03-03 00:00:00-05:00,134.99003246039214,135.41631592852903,132.02791664044642,132.89537048339844,24604000,0.0,0.0,GOOGL,2026-01-26 06:13:31.896900+00:00
2022-03-04 00:00:00-05:00,131.93066729654552,132.84773411932804,129.36007848583986,130.9173126220703,30430000,0.0,0.0,GOOGL,2026-01-26 06:13:31.896900+00:00
2022-03-07 00:00:00-05:00,130.50197452038165,130.74711632419786,125.3479086063169,125.4307861328125,45112000,0.0,0.0,GOOGL,2026-01-26 06:13:31.896900+00:00
2022-03-08 00:00:00-05:00,125.30324479087164,130.26574953506457,124.73206001019544,126.15133666992188,40428000,0.0,0.0,GOOGL,2026-01-26 06:13:31.896900+00:00
2022-03-09 00:00:00-05:00,130.26572403252447,132.73258877718337,128.92634172002906,132.41944885253906,37026000,0.0,0.0,GOOGL,2026-01-26 06:13:31.896900+00:00
2022-03-10 00:00:00-05:00,130.28162863784974,132.27258215796604,129.93077920872005,131.4364013671875,27102000,0.0,0.0,GOOGL,2026-01-26 06:13:31.896900+00:00
2022-03-11 00:00:00-05:00,132.48745580910284,132.7921603804447,128.659385038366,128.89659118652344,31526000,0.0,0.0,GOOGL,2026-01-26 06:13:31.896900+00:00
2022-03-14 00:00:00-04:00,129.27324230165655,129.43104655251307,124.33555183566477,125.00647735595703,38812000,0.0,0.0,GOOGL,2026-01-26 06:13:31.896900+00:00
2022-03-15 00:00:00-04:00,126.02378891344858,128.8807121292498,124.77770327867377,128.2291259765625,30920000,0.0,0.0,GOOGL,2026-01-26 06:13:31.896900+00:00
2022-03-16 00:00:00-04:00,129.75263938681562,132.3331329888503,127.76912146628544,132.28103637695312,35576000,0.0,0.0,GOOGL,2026-01-26 06:13:31.896900+00:00
2022-03-17 00:00:00-04:00,132.15049913160888,133.0750169543275,131.19372381937578,132.8353271484375,28264000,0.0,0.0,GOOGL,2026-01-26 06:13:31.896900+00:00
2022-03-18 00:00:00-04:00,132.42394150815238,135.22230167112554,131.2666850458185,135.1046905517578,44566000,0.0,0.0,GOOGL,2026-01-26 06:13:31.896900+00:00
2022-03-21 00:00:00-04:00,135.14241839412708,136.02227568775655,133.08694951089777,135.0808868408203,26832000,0.0,0.0,GOOGL,2026-01-26 06:13:31.896900+00:00
2022-03-22 00:00:00-04:00,135.08087260988333,139.99226524903366,135.08087260988333,138.81912231445312,35496000,0.0,0.0,GOOGL,2026-01-26 06:13:31.896900+00:00
2022-03-23 00:00:00-04:00,137.66237103767637,138.5417285094916,136.80138367889504,137.2385711669922,25154000,0.0,0.0,GOOGL,2026-01-26 06:13:31.896900+00:00
2022-03-24 00:00:00-04:00,138.1561240851599,140.5569900941861,136.7175005538764,140.51034545898438,26396000,0.0,0.0,GOOGL,2026-01-26 06:13:31.896900+00:00
2022-03-25 00:00:00-04:00,140.8517391159604,140.96984997833374,138.68957886194843,140.61056518554688,24126000,0.0,0.0,GOOGL,2026-01-26 06:13:31.896900+00:00
2022-03-28 00:00:00-04:00,139.84388368780657,140.9376247499745,138.76304562317353,140.3947296142578,35050000,0.0,0.0,GOOGL,2026-01-26 06:13:31.896900+00:00
2022-03-29 00:00:00-04:00,141.5778077356635,142.71521012259907,140.97336584085934,141.43685913085938,34318000,0.0,0.0,GOOGL,2026-01-26 06:13:31.896900+00:00
2022-03-30 00:00:00-04:00,141.39167328610918,141.65021781088518,140.53812197630958,140.87408447265625,19884000,0.0,0.0,GOOGL,2026-01-26 06:13:31.896900+00:00
2022-03-31 00:00:00-04:00,140.9877281817403,141.04232360786241,137.98195087256153,138.02462768554688,37524000,0.0,0.0,GOOGL,2026-01-26 06:13:31.896900+00:00
2022-04-01 00:00:00-04:00,138.453883236437,139.4175947580096,137.2703210012843,139.09950256347656,25942000,0.0,0.0,GOOGL,2026-01-26 06:13:31.896900+00:00
2022-04-04 00:00:00-04:00,139.3059565218583,142.63430898174366,139.2583123546928,141.89935302734375,25942000,0.0,0.0,GOOGL,2026-01-26 06:13:31.896900+00:00
2022-04-05 00:00:00-04:00,141.7975988101207,141.91817820617155,139.32974959089583,139.53668212890625,21418000,0.0,0.0,GOOGL,2026-01-26 06:13:31.896900+00:00
2022-04-06 00:00:00-04:00,137.7095002017028,138.31542612185672,134.50074308822178,135.52401733398438,32468000,0.0,0.0,GOOGL,2026-01-26 06:13:31.896900+00:00
2022-04-07 00:00:00-04:00,134.9900557399391,136.13590856530524,133.22092149350598,134.86947631835938,26234000,0.0,0.0,GOOGL,2026-01-26 06:13:31.896900+00:00
2022-04-08 00:00:00-04:00,134.56675141890017,134.65260481245758,131.96838763466556,132.28797912597656,25142000,0.0,0.0,GOOGL,2026-01-26 06:13:31.896900+00:00
2022-04-11 00:00:00-04:00,130.83495535168646,131.10193533045702,127.70361595123991,127.85745239257812,36884000,0.0,0.0,GOOGL,2026-01-26 06:13:31.896900+00:00
2022-04-12 00:00:00-04:00,130.61313547778892,130.61313547778892,125.83820864259683,126.75676727294922,32710000,0.0,0.0,GOOGL,2026-01-26 06:13:31.896900+00:00
2022-04-13 00:00:00-04:00,127.04011273465291,129.35660942683415,126.78305234113374,128.91990661621094,27928000,0.0,0.0,GOOGL,2026-01-26 06:13:31.896900+00:00
2022-04-14 00:00:00-04:00,129.5010341712906,129.5010341712906,125.65160981411958,125.77964782714844,31598000,0.0,0.0,GOOGL,2026-01-26 06:13:31.896900+00:00
2022-04-18 00:00:00-04:00,126.04762980933042,127.25103124090627,125.23576318572876,126.71905517578125,20808000,0.0,0.0,GOOGL,2026-01-26 06:13:31.896900+00:00
2022-04-19 00:00:00-04:00,126.73394682499422,129.355633163312,126.04713475929695,129.03407287597656,26490000,0.0,0.0,GOOGL,2026-01-26 06:13:31.896900+00:00
2022-04-20 00:00:00-04:00,129.91042868655606,130.41363040865102,126.54386726306718,127.0798110961914,31696000,0.0,0.0,GOOGL,2026-01-26 06:13:31.896900+00:00
2022-04-21 00:00:00-04:00,128.28074070309174,129.12287322992793,123.59265963521985,123.87850189208984,36446000,0.0,0.0,GOOGL,2026-01-26 06:13:31.896900+00:00
2022-04-22 00:00:00-04:00,124.06262339881272,124.46160921970547,118.03318293050306,118.73834991455078,56884000,0.0,0.0,GOOGL,2026-01-26 06:13:31.896900+00:00
2022-04-25 00:00:00-04:00,118.20785607828329,122.35303480833002,117.62228414008575,122.15106201171875,46128000,0.0,0.0,GOOGL,2026-01-26 06:13:31.896900+00:00
2022-04-26 00:00:00-04:00,121.37740906871237,121.59129290122091,117.62228107667312,117.76023864746094,73054000,0.0,0.0,GOOGL,2026-01-26 06:13:31.896900+00:00
2022-04-27 00:00:00-04:00,113.6110762978176,116.3627840575596,111.89107816216398,113.43739318847656,91820000,0.0,0.0,GOOGL,2026-01-26 06:13:31.896900+00:00
2022-04-28 00:00:00-04:00,115.54199599993349,118.75223733155552,113.2592408453906,117.6336898803711,48884000,0.0,0.0,GOOGL,2026-01-26 06:13:31.896900+00:00
2022-04-29 00:00:00-04:00,115.85909136700216,117.0357022536662,112.96099060726237,113.25377655029297,42676000,0.0,0.0,GOOGL,2026-01-26 06:13:31.896900+00:00
2022-05-02 00:00:00-04:00,112.55455593011817,115.87000484676354,111.75559245542158,115.70872497558594,35534000,0.0,0.0,GOOGL,2026-01-26 06:13:31.896900+00:00
2022-05-03 00:00:00-04:00,115.55738116745341,117.55380196982412,115.16435465778821,116.45410919189453,24968000,0.0,0.0,GOOGL,2026-01-26 06:13:31.896900+00:00
2022-05-04 00:00:00-04:00,116.15387837554545,121.93320955294836,114.25273835602403,121.34416198730469,49916000,0.0,0.0,GOOGL,2026-01-26 06:13:31.896900+00:00
2022-05-05 00:00:00-04:00,119.30258703193357,120.13132441982566,114.14306924777586,115.63182067871094,45840000,0.0,0.0,GOOGL,2026-01-26 06:13:31.896900+00:00
2022-05-06 00:00:00-04:00,114.32072750015296,116.68982830154226,113.16049515980836,114.87850952148438,39710000,0.0,0.0,GOOGL,2026-01-26 06:13:31.896900+00:00
2022-05-09 00:00:00-04:00,112.40072341287154,114.2140259534267,111.1605970905631,111.66726684570312,40802000,0.0,0.0,GOOGL,2026-01-26 06:13:31.896900+00:00
2022-05-10 00:00:00-04:00,114.64129249603656,115.37822468562551,112.05384051914055,113.5371322631836,39900000,0.0,0.0,GOOGL,2026-01-26 06:13:31.896900+00:00
2022-05-11 00:00:00-04:00,112.38733478952014,115.49187605345283,112.38733478952014,112.7505874633789,37534000,0.0,0.0,GOOGL,2026-01-26 06:13:31.896900+00:00
2022-05-12 00:00:00-04:00,110.54227032758833,113.437887434489,109.00091505173944,111.99777221679688,53836000,0.0,0.0,GOOGL,2026-01-26 06:13:31.896900+00:00
2022-05-13 00:00:00-04:00,113.67411472444665,116.9910559293026,112.75307997098307,115.18023681640625,35038000,0.0,0.0,GOOGL,2026-01-26 06:13:31.896900+00:00
2022-05-16 00:00:00-04:00,114.0934388924006,115.2988317009477,113.03543859089471,113.5867691040039,25990000,0.0,0.0,GOOGL,2026-01-26 06:13:31.896900+00:00
2022-05-17 00:00:00-04:00,115.96430800340062,116.02336344596293,114.00858771379083,115.59956359863281,23054000,0.0,0.0,GOOGL,2026-01-26 06:13:31.896900+00:00
2022-05-18 00:00:00-04:00,114.13759944080856,114.53460130112576,110.71892645653855,111.06034851074219,35126000,0.0,0.0,GOOGL,2026-01-26 06:13:31.896900+00:00
2022-05-19 00:00:00-04:00,110.59586629730997,112.16252780264969,109.1750980007813,109.55622100830078,34144000,0.0,0.0,GOOGL,2026-01-26 06:13:31.896900+00:00
2022-05-20 00:00:00-04:00,111.11145738973211,111.342219588695,105.00311572660543,108.09127807617188,48962000,0.0,0.0,GOOGL,2026-01-26 06:13:31.896900+00:00
2022-05-23 00:00:00-04:00,108.76569397448277,111.30649385728398,107.92553778216092,110.65193939208984,37184000,0.0,0.0,GOOGL,2026-01-26 06:13:31.896900+00:00
2022-05-24 00:00:00-04:00,104.9788178581926,105.66017033298499,101.12046571648337,105.17533111572266,76780000,0.0,0.0,GOOGL,2026-01-26 06:13:31.896900+00:00
2022-05-25 00:00:00-04:00,104.19820028544912,105.70134635864694,103.0776689447451,105.01155853271484,40258000,0.0,0.0,GOOGL,2026-01-26 06:13:31.896900+00:00
2022-05-26 00:00:00-04:00,104.88452423587293,107.83472935545615,104.43591035610642,106.98416137695312,37948000,0.0,0.0,GOOGL,2026-01-26 06:13:31.896900+00:00
2022-05-27 00:00:00-04:00,108.66198784959495,111.47572725445181,108.32006598746688,111.47423553466797,37914000,0.0,0.0,GOOGL,2026-01-26 06:13:31.896900+00:00
2022-05-31 00:00:00-04:00,111.90099462545551,114.86708588395105,111.23800478802814,112.90888214111328,50012000,0.0,0.0,GOOGL,2026-01-26 06:13:31.896900+00:00
2022-06-01 00:00:00-04:00,113.99370154703936,116.22335308466774,112.40073416812857,113.03791809082031,36606000,0.0,0.0,GOOGL,2026-01-26 06:13:31.896900+00:00
2022-06-02 00:00:00-04:00,113.1451007120963,117.01535590801267,112.0995036968005,116.74043273925781,37992000,0.0,0.0,GOOGL,2026-01-26 06:13:31.896900+00:00
2022-06-03 00:00:00-04:00,115.19213472594434,115.4491951222644,112.66721372995826,113.68204498291016,26136000,0.0,0.0,GOOGL,2026-01-26 06:13:31.896900+00:00
2022-06-06 00:00:00-04:00,115.82933061507269,118.4520163103312,115.29288697757941,115.94446563720703,33542000,0.0,0.0,GOOGL,2026-01-26 06:13:31.896900+00:00
2022-06-07 00:00:00-04:00,114.61449812422804,116.80842394302496,114.18921415892557,116.27098083496094,31590000,0.0,0.0,GOOGL,2026-01-26 06:13:31.896900+00:00
2022-06-08 00:00:00-04:00,115.8859032493853,117.68134325609861,115.7256153068181,116.3151626586914,26108000,0.0,0.0,GOOGL,2026-01-26 06:13:31.896900+00:00
2022-06-09 00:00:00-04:00,115.45515824119836,117.41187812168785,113.9152945311241,113.97434997558594,25798000,0.0,0.0,GOOGL,2026-01-26 06:13:31.896900+00:00
2022-06-10 00:00:00-04:00,111.60177178540827,112.42951723475551,109.53835989670536,110.32789611816406,41452000,0.0,0.0,GOOGL,2026-01-26 06:13:31.896900+00:00
2022-06-13 00:00:00-04:00,105.98570048108614,107.97566213644032,105.32321034517643,105.59465789794922,47252000,0.0,0.0,GOOGL,2026-01-26 06:13:31.896900+00:00
2022-06-14 00:00:00-04:00,105.73608714050434,107.11516302340985,105.0065983723719,105.91522979736328,33706000,0.0,0.0,GOOGL,2026-01-26 06:13:31.896900+00:00
2022-06-15 00:00:00-04:00,107.73100798954947,110.58792369792694,106.86207751338269,108.94136810302734,39698000,0.0,0.0,GOOGL,2026-01-26 06:13:31.896900+00:00
2022-06-16 00:00:00-04:00,106.416937075221,107.83372995527769,104.34955756910561,105.23834228515625,51684000,0.0,0.0,GOOGL,2026-01-26 06:13:31.896900+00:00
2022-06-17 00:00:00-04:00,105.23835019470714,107.88435809204175,104.25825247727627,106.34002685546875,51376000,0.0,0.0,GOOGL,2026-01-26 06:13:31.896900+00:00
2022-06-21 00:00:00-04:00,108.11262398002309,111.6459323463121,107.78559662841934,110.70751953125,47416000,0.0,0.0,GOOGL,2026-01-26 06:13:31.896900+00:00
2022-06-22 00:00:00-04:00,109.72743298190343,112.49650392931514,109.55473424500163,110.65145111083984,30774000,0.0,0.0,GOOGL,2026-01-26 06:13:31.896900+00:00
2022-06-23 00:00:00-04:00,111.38987212109173,111.8970416953208,109.67185771563075,111.4002914428711,28362000,0.0,0.0,GOOGL,2026-01-26 06:13:31.896900+00:00
2022-06-24 00:00:00-04:00,112.14765087738255,117.19352549247178,112.10546625400416,117.09030151367188,41164000,0.0,0.0,GOOGL,2026-01-26 06:13:31.896900+00:00
2022-06-27 00:00:00-04:00,117.38605612259386,117.69025333337899,114.31574891498003,114.96485137939453,36420000,0.0,0.0,GOOGL,2026-01-26 06:13:31.896900+00:00
2022-06-28 00:00:00-04:00,114.93408839680073,116.42979107455284,111.0092451116475,111.16754913330078,35792000,0.0,0.0,GOOGL,2026-01-26 06:13:31.896900+00:00
2022-06-29 00:00:00-04:00,110.7154765500455,112.3119120901415,110.04106774033188,110.86385345458984,24716000,0.0,0.0,GOOGL,2026-01-26 06:13:31.896900+00:00
2022-06-30 00:00:00-04:00,109.17510001051674,110.05644130249395,105.94947205566056,108.1458740234375,43170000,0.0,0.0,GOOGL,2026-01-26 06:13:31.896900+00:00
2022-07-01 00:00:00-04:00,107.12360200109673,108.43072706417608,105.93012023346462,107.92207336425781,35476000,0.0,0.0,GOOGL,2026-01-26 06:13:31.896900+00:00
2022-07-05 00:00:00-04:00,106.29734968195305,112.52677878685982,104.93861261421623,112.41363525390625,39342000,0.0,0.0,GOOGL,2026-01-26 06:13:31.896900+00:00
2022-07-06 00:00:00-04:00,112.45234149088837,114.72268583730312,110.64003080778706,113.71281433105469,37432000,0.0,0.0,GOOGL,2026-01-26 06:13:31.896900+00:00
2022-07-07 00:00:00-04:00,114.21700853285823,118.2956881859461,113.97235893217574,117.8922348022461,40936000,0.0,0.0,GOOGL,2026-01-26 06:13:31.896900+00:00
2022-07-08 00:00:00-04:00,116.37073191522165,118.78746921249528,116.02484225798968,118.45845794677734,38238000,0.0,0.0,GOOGL,2026-01-26 06:13:31.896900+00:00
2022-07-11 00:00:00-04:00,117.11313769208462,117.11313769208462,114.4656378613584,114.80904388427734,31196000,0.0,0.0,GOOGL,2026-01-26 06:13:31.896900+00:00
2022-07-12 00:00:00-04:00,115.34349827319495,116.09680918580032,112.83743934520429,113.16545867919922,29960000,0.0,0.0,GOOGL,2026-01-26 06:13:31.896900+00:00
2022-07-13 00:00:00-04:00,110.86334564985317,113.3396382596684,110.36759493610163,110.5184555053711,43722000,0.0,0.0,GOOGL,2026-01-26 06:13:31.896900+00:00
2022-07-14 00:00:00-04:00,109.3840355997886,110.25991744168836,107.56031347226879,109.53985595703125,37004000,0.0,0.0,GOOGL,2026-01-26 06:13:31.896900+00:00
2022-07-15 00:00:00-04:00,111.16060487695782,112.29205534108347,110.06835559507293,110.93927001953125,46770000,0.0,0.0,GOOGL,2026-01-26 06:13:31.896900+00:00
2022-07-18 00:00:00-04:00,111.7953006779903,112.82750252180041,107.5573251702464,108.21237182617188,43164600,0.0,20.0,GOOGL,2026-01-26 06:13:31.896900+00:00
2022-07-19 00:00:00-04:00,110.01872588429481,113.16495199528867,108.73839878398343,112.95652770996094,36530900,0.0,0.0,GOOGL,2026-01-26 06:13:31.896900+00:00
2022-07-20 00:00:00-04:00,112.32133126160736,114.5346117230483,111.63651075173104,113.04586029052734,35600400,0.0,0.0,GOOGL,2026-01-26 06:13:31.896900+00:00
2022-07-21 00:00:00-04:00,113.42301919337862,113.69099871827146,110.27679267080364,113.4825668334961,32676200,0.0,0.0,GOOGL,2026-01-26 06:13:31.896900+00:00
2022-07-22 00:00:00-04:00,110.16760216901068,111.4975497677554,105.70134802702376,107.09085083007812,48901200,0.0,0.0,GOOGL,2026-01-26 06:13:31.896900+00:00
2022-07-25 00:00:00-04:00,107.59703351304728,109.04608401682407,105.50285586600882,106.70378112792969,34690900,0.0,0.0,GOOGL,2026-01-26 06:13:31.896900+00:00
2022-07-26 00:00:00-04:00,105.80059805632132,106.39609710232087,103.28957190469941,104.2324447631836,47991000,0.0,0.0,GOOGL,2026-01-26 06:13:31.896900+00:00
2022-07-27 00:00:00-04:00,108.44065902823431,113.05579009257278,107.20003280514234,112.212158203125,59858500,0.0,0.0,GOOGL,2026-01-26 06:13:31.896900+00:00
2022-07-28 00:00:00-04:00,111.52733903733414,113.48255962814197,110.62415950126018,113.36346435546875,32816600,0.0,0.0,GOOGL,2026-01-26 06:13:31.896900+00:00
2022-07-29 00:00:00-04:00,112.23200722978598,115.83478288766385,112.21215297072065,115.44770812988281,37223400,0.0,0.0,GOOGL,2026-01-26 06:13:31.896900+00:00
2022-08-01 00:00:00-04:00,114.4353523994771,115.84470180597212,113.48254490858795,113.99864959716797,26034300,0.0,0.0,GOOGL,2026-01-26 06:13:31.896900+00:00
2022-08-02 00:00:00-04:00,113.14510872831781,115.4774844552109,112.86720967281481,114.26663208007812,20236000,0.0,0.0,GOOGL,2026-01-26 06:13:31.896900+00:00
2022-08-03 00:00:00-04:00,114.84228896413123,117.73047048772344,114.61401797621708,117.19451904296875,28499000,0.0,0.0,GOOGL,2026-01-26 06:13:31.896900+00:00
2022-08-04 00:00:00-04:00,116.59901329341588,117.88925996691131,116.01343380363976,117.3036880493164,21602900,0.0,0.0,GOOGL,2026-01-26 06:13:31.896900+00:00
2022-08-05 00:00:00-04:00,115.35838937548199,117.22428844560957,115.13011082398499,116.5890884399414,19159500,0.0,0.0,GOOGL,2026-01-26 06:13:31.896900+00:00
2022-08-08 00:00:00-04:00,117.50219448024508,119.24899838566922,116.00351582840237,116.42037200927734,19138300,0.0,0.0,GOOGL,2026-01-26 06:13:31.896900+00:00
2022-08-09 00:00:00-04:00,116.26154864607977,116.44019910147966,114.84227213156414,115.75537109375,19086500,0.0,0.0,GOOGL,2026-01-26 06:13:31.896900+00:00
2022-08-10 00:00:00-04:00,117.88926147915558,120.01321290367328,117.5220409743198,118.80236053466797,30930400,0.0,0.0,GOOGL,2026-01-26 06:13:31.896900+00:00
2022-08-11 00:00:00-04:00,120.37051145245026,120.57893573886966,117.67090771413612,117.94880676269531,24293700,0.0,0.0,GOOGL,2026-01-26 06:13:31.896900+00:00
2022-08-12 00:00:00-04:00,119.35816754426888,120.76751708984375,118.56416374756623,120.76751708984375,19096300,0.0,0.0,GOOGL,2026-01-26 06:13:31.896900+00:00
2022-08-15 00:00:00-04:00,120.22163222861532,121.3828640455292,119.70553508834992,121.16451263427734,19494800,0.0,0.0,GOOGL,2026-01-26 06:13:31.896900+00:00
2022-08-16 00:00:00-04:00,120.60871829137403,121.51189783679357,119.73532013661259,120.78736877441406,19041200,0.0,0.0,GOOGL,2026-01-26 06:13:31.896900+00:00
2022-08-17 00:00:00-04:00,119.21921338138048,120.3804376418693,118.48475724771684,118.65348815917969,22847000,0.0,0.0,GOOGL,2026-01-26 06:13:31.896900+00:00
2022-08-18 00:00:00-04:00,118.53438839458119,119.91396410503756,117.82971363092356,119.26883697509766,17987700,0.0,0.0,GOOGL,2026-01-26 06:13:31.896900+00:00
2022-08-19 00:00:00-04:00,118.16715698490374,118.25648600514175,115.8844094146696,116.3310317993164,21809500,0.0,0.0,GOOGL,2026-01-26 06:13:31.896900+00:00
2022-08-22 00:00:00-04:00,114.33610843081347,114.76288414973949,112.99623363908157,113.38330841064453,21456600,0.0,0.0,GOOGL,2026-01-26 06:13:31.896900+00:00
2022-08-23 00:00:00-04:00,112.62902450041508,114.14754992252863,112.57939641815453,113.00617218017578,15870400,0.0,0.0,GOOGL,2026-01-26 06:13:31.896900+00:00
2022-08-24 00:00:00-04:00,112.6488552620206,113.91925523756754,112.02358240373205,112.83743286132812,17734600,0.0,0.0,GOOGL,2026-01-26 06:13:31.896900+00:00
2022-08-25 00:00:00-04:00,113.3832996266231,115.84470516717248,113.25427723682488,115.77523040771484,16956800,0.0,0.0,GOOGL,2026-01-26 06:13:31.896900+00:00
2022-08-26 00:00:00-04:00,113.85971726032743,114.25671917939691,109.36368888940646,109.51255798339844,37245700,0.0,0.0,GOOGL,2026-01-26 06:13:31.896900+00:00
2022-08-29 00:00:00-04:00,109.1651897191118,110.11798983023127,107.98411860409172,108.5994644165039,21191200,0.0,0.0,GOOGL,2026-01-26 06:13:31.896900+00:00
2022-08-30 00:00:00-04:00,109.34382641653404,109.67135354308121,106.99160404194176,108.12305450439453,27513300,0.0,0.0,GOOGL,2026-01-26 06:13:31.896900+00:00
2022-08-31 00:00:00-04:00,109.82023252604237,110.01872968878591,107.31912587125797,107.40845489501953,28627000,0.0,0.0,GOOGL,2026-01-26 06:13:31.896900+00:00
2022-09-01 00:00:00-04:00,107.46800272981824,109.62172799554575,106.55490366400493,108.91705322265625,28360900,0.0,0.0,GOOGL,2026-01-26 06:13:31.896900+00:00
2022-09-02 00:00:00-04:00,109.76067199157715,109.90954864249888,106.4556497164562,107.04122161865234,24160700,0.0,0.0,GOOGL,2026-01-26 06:13:31.896900+00:00
2022-09-06 00:00:00-04:00,106.49535649820784,107.21987796172488,104.98675079205103,106.00902557373047,25068300,0.0,0.0,GOOGL,2026-01-26 06:13:31.896900+00:00
2022-09-07 00:00:00-04:00,106.25714254097879,109.15525088592688,106.09834633659005,108.62921905517578,23167000,0.0,0.0,GOOGL,2026-01-26 06:13:31.896900+00:00
2022-09-08 00:00:00-04:00,107.22980641541218,108.77810551573627,106.35640828203118,107.56725311279297,24238300,0.0,0.0,GOOGL,2026-01-26 06:13:31.896900+00:00
2022-09-09 00:00:00-04:00,108.25207530196377,110.15767525562512,108.20244722697193,109.82022857666016,23197700,0.0,0.0,GOOGL,2026-01-26 06:13:31.896900+00:00
2022-09-12 00:00:00-04:00,110.15767840347152,110.78295884863972,109.10562981877511,110.02865600585938,22966800,0.0,0.0,GOOGL,2026-01-26 06:13:31.896900+00:00
2022-09-13 00:00:00-04:00,106.991603410664,107.48785387625672,103.30941829244654,103.5376968383789,38172900,0.0,0.0,GOOGL,2026-01-26 06:13:31.896900+00:00
2022-09-14 00:00:00-04:00,103.78582499269729,104.49049976501348,102.88265305742887,104.21260070800781,26395100,0.0,0.0,GOOGL,2026-01-26 06:13:31.896900+00:00
2022-09-15 00:00:00-04:00,103.24986363822816,104.48056258899445,101.58246188434002,102.13826751708984,34188300,0.0,0.0,GOOGL,2026-01-26 06:13:31.896900+00:00
2022-09-16 00:00:00-04:00,101.30456192573307,102.35661040850711,100.18303868602453,102.02909088134766,42797200,0.0,0.0,GOOGL,2026-01-26 06:13:31.896900+00:00
2022-09-19 00:00:00-04:00,100.98696487184549,102.55511808472187,100.78846772406554,102.29706573486328,23036800,0.0,0.0,GOOGL,2026-01-26 06:13:31.896900+00:00
2022-09-20 00:00:00-04:00,101.31450704195781,101.60233324955327,99.76620028481737,100.38155364990234,26517100,0.0,0.0,GOOGL,2026-01-26 06:13:31.896900+00:00
2022-09-21 00:00:00-04:00,100.90756076707413,102.10848590077619,98.52555718513969,98.53548431396484,31487300,0.0,0.0,GOOGL,2026-01-26 06:13:31.896900+00:00
2022-09-22 00:00:00-04:00,98.07894474855821,100.48079525894666,98.0491709312513,99.38904571533203,34298600,0.0,0.0,GOOGL,2026-01-26 06:13:31.896900+00:00
2022-09-23 00:00:00-04:00,98.88287517920556,98.9126565708246,96.73907688573331,97.99954986572266,31625400,0.0,0.0,GOOGL,2026-01-26 06:13:31.896900+00:00
2022-09-26 00:00:00-04:00,97.36434023985667,99.13099069316641,97.06659450257123,97.4338150024414,27072700,0.0,0.0,GOOGL,2026-01-26 06:13:31.896900+00:00
2022-09-27 00:00:00-04:00,98.6843639996458,99.25008920522836,96.14356413908983,96.76883697509766,30072800,0.0,0.0,GOOGL,2026-01-26 06:13:31.896900+00:00
2022-09-28 00:00:00-04:00,96.91770957880883,99.94483262993302,96.381758210805,99.29971313476562,32466300,0.0,0.0,GOOGL,2026-01-26 06:13:31.896900+00:00
2022-09-29 00:00:00-04:00,97.90029792581369,97.90029792581369,95.24039494587191,96.68944549560547,31047200,0.0,0.0,GOOGL,2026-01-26 06:13:31.896900+00:00
2022-09-30 00:00:00-04:00,96.32221919924832,98.15834442273268,94.84338734754718,94.9327163696289,32941500,0.0,0.0,GOOGL,2026-01-26 06:13:31.896900+00:00
2022-10-03 00:00:00-04:00,96.0343924144823,98.54541856387281,95.7961867385492,97.9002914428711,27982000,0.0,0.0,GOOGL,2026-01-26 06:13:31.896900+00:00
2022-10-04 00:00:00-04:00,99.6868018290202,101.07629715686122,99.62724662055442,100.87779998779297,28850800,0.0,0.0,GOOGL,2026-01-26 06:13:31.896900+00:00
2022-10-05 00:00:00-04:00,99.08136502983179,101.16561537101285,98.05909033124465,100.66936492919922,22176900,0.0,0.0,GOOGL,2026-01-26 06:13:31.896900+00:00
2022-10-06 00:00:00-04:00,99.92499811757948,102.15812530354549,99.83566909260647,100.6594467163086,22324000,0.0,0.0,GOOGL,2026-01-26 06:13:31.896900+00:00
2022-10-07 00:00:00-04:00,99.10121911523618,99.77612006938209,97.56284717405835,97.93999481201172,27502800,0.0,0.0,GOOGL,2026-01-26 06:13:31.896900+00:00
2022-10-10 00:00:00-04:00,98.25758717787716,98.35683575149946,96.28251254572439,97.12613677978516,18225100,0.0,0.0,GOOGL,2026-01-26 06:13:31.896900+00:00
2022-10-11 00:00:00-04:00,96.69936577168872,98.50571715876575,95.5877620057255,96.45124053955078,26507100,0.0,0.0,GOOGL,2026-01-26 06:13:31.896900+00:00
2022-10-12 00:00:00-04:00,96.5703472290624,98.00947060399531,96.01454153781964,96.8283920288086,21876400,0.0,0.0,GOOGL,2026-01-26 06:13:31.896900+00:00
2022-10-13 00:00:00-04:00,94.4364493572874,99.03172517583654,93.67221952738693,98.31712341308594,34574500,0.0,0.0,GOOGL,2026-01-26 06:13:31.896900+00:00
2022-10-14 00:00:00-04:00,99.24016247039046,99.93491764089593,95.64731407308213,95.83588409423828,25410700,0.0,0.0,GOOGL,2026-01-26 06:13:31.896900+00:00
2022-10-17 00:00:00-04:00,98.11864498975567,100.17312166314639,98.08887117266298,99.22032165527344,28419200,0.0,0.0,GOOGL,2026-01-26 06:13:31.896900+00:00
2022-10-18 00:00:00-04:00,102.35661548288249,102.69406972770851,99.2203165644094,100.01431274414062,24060700,0.0,0.0,GOOGL,2026-01-26 06:13:31.896900+00:00
2022-10-19 00:00:00-04:00,99.26002876757398,100.26244934213878,98.17819872219395,98.88287353515625,23811100,0.0,0.0,GOOGL,2026-01-26 06:13:31.896900+00:00
2022-10-20 00:00:00-04:00,99.25009547236613,101.55269738443776,98.64466928421018,99.22032165527344,25323200,0.0,0.0,GOOGL,2026-01-26 06:13:31.896900+00:00
2022-10-21 00:00:00-04:00,97.11621083244879,100.55026301239435,96.98718844238796,100.37161254882812,32458700,0.0,0.0,GOOGL,2026-01-26 06:13:31.896900+00:00
2022-10-24 00:00:00-04:00,101.03660346521866,101.97947637362036,99.23025197248559,101.7511978149414,27176400,0.0,0.0,GOOGL,2026-01-26 06:13:31.896900+00:00
2022-10-25 00:00:00-04:00,102.12834936574457,104.03394937421807,101.94969889168885,103.69650268554688,40611400,0.0,0.0,GOOGL,2026-01-26 06:13:31.896900+00:00
2022-10-26 00:00:00-04:00,95.70686820538242,97.57276729062485,93.97991864924414,94.2181167602539,88114100,0.0,0.0,GOOGL,2026-01-26 06:13:31.896900+00:00
2022-10-27 00:00:00-04:00,93.81119011334766,94.71436964764622,91.11159378491239,91.5284423828125,60710900,0.0,0.0,GOOGL,2026-01-26 06:13:31.896900+00:00
2022-10-28 00:00:00-04:00,91.57806614303196,95.82597688593535,91.43911660546121,95.56792449951172,43697300,0.0,0.0,GOOGL,2026-01-26 06:13:31.896900+00:00
2022-10-31 00:00:00-04:00,94.70443378065085,95.30985993363518,93.27523763795979,93.80126190185547,31675000,0.0,0.0,GOOGL,2026-01-26 06:13:31.896900+00:00
2022-11-01 00:00:00-04:00,94.73420753583606,95.30985987309171,89.69230873680442,89.79155731201172,47161400,0.0,0.0,GOOGL,2026-01-26 06:13:31.896900+00:00
2022-11-02 00:00:00-04:00,90.25803211992569,90.4962302100432,86.22847341279218,86.31780242919922,57038300,0.0,0.0,GOOGL,2026-01-26 06:13:31.896900+00:00
2022-11-03 00:00:00-04:00,85.67268674461754,85.87118391743043,82.71503040774212,82.80435943603516,61288000,0.0,0.0,GOOGL,2026-01-26 06:13:31.896900+00:00
2022-11-04 00:00:00-04:00,84.75958884685714,85.99028799470479,83.08225969551783,85.93074035644531,51124900,0.0,0.0,GOOGL,2026-01-26 06:13:31.896900+00:00
2022-11-07 00:00:00-05:00,86.62548312568902,88.23333741705386,86.19870740729978,87.82640838623047,34078900,0.0,0.0,GOOGL,2026-01-26 06:13:31.896900+00:00
2022-11-08 00:00:00-05:00,88.23332214355469,89.64267145439061,86.93314095370565,88.23332214355469,30429000,0.0,0.0,GOOGL,2026-01-26 06:13:31.896900+00:00
2022-11-09 00:00:00-05:00,87.78669965811274,88.769280979615,86.62547544780726,86.66517639160156,31769100,0.0,0.0,GOOGL,2026-01-26 06:13:31.896900+00:00
2022-11-10 00:00:00-05:00,91.55821325740865,93.68216469901468,90.92301325088243,93.23554229736328,51620100,0.0,0.0,GOOGL,2026-01-26 06:13:31.896900+00:00
2022-11-11 00:00:00-05:00,93.97991651822383,96.20311650565995,93.21568655329872,95.68701934814453,33090500,0.0,0.0,GOOGL,2026-01-26 06:13:31.896900+00:00
2022-11-14 00:00:00-05:00,94.37691176596793,96.06416792544084,93.80126696942858,94.98233795166016,30179500,0.0,0.0,GOOGL,2026-01-26 06:13:31.896900+00:00
2022-11-15 00:00:00-05:00,97.52314700864059,99.38904609814732,95.98476748295278,97.70179748535156,41640800,0.0,0.0,GOOGL,2026-01-26 06:13:31.896900+00:00
2022-11-16 00:00:00-05:00,97.16584598422887,98.89279554305216,96.90779361312791,98.10871887207031,29105200,0.0,0.0,GOOGL,2026-01-26 06:13:31.896900+00:00
2022-11-17 00:00:00-05:00,96.24281507898955,98.53548977287406,96.06416461114264,97.62239074707031,26052600,0.0,0.0,GOOGL,2026-01-26 06:13:31.896900+00:00
2022-11-18 00:00:00-05:00,98.02931128973258,98.15834125388724,95.64731516977584,96.6993637084961,28342300,0.0,0.0,GOOGL,2026-01-26 06:13:31.896900+00:00
2022-11-21 00:00:00-05:00,96.56040062030878,97.66207707848248,94.64487383532189,94.88307189941406,21647400,0.0,0.0,GOOGL,2026-01-26 06:13:31.896900+00:00
2022-11-22 00:00:00-05:00,95.23046275016921,96.49094319214763,93.34471701030947,96.32221984863281,23438500,0.0,0.0,GOOGL,2026-01-26 06:13:31.896900+00:00
2022-11-23 00:00:00-05:00,96.36190500494142,98.01938719844442,96.36190500494142,97.72163391113281,18868100,0.0,0.0,GOOGL,2026-01-26 06:13:31.896900+00:00
2022-11-25 00:00:00-05:00,97.5032907612572,97.90029265387534,96.66959360172228,96.72914123535156,9701400,0.0,0.0,GOOGL,2026-01-26 06:13:31.896900+00:00
2022-11-28 00:00:00-05:00,96.31230107453067,96.84825254058707,94.89302429557998,95.32972717285156,26237500,0.0,0.0,GOOGL,2026-01-26 06:13:31.896900+00:00
2022-11-29 00:00:00-05:00,95.01210950865944,95.39918423359627,93.40425540895066,94.47615814208984,20061700,0.0,0.0,GOOGL,2026-01-26 06:13:31.896900+00:00
2022-11-30 00:00:00-05:00,94.10893714279987,100.28229409060886,93.71193525947234,100.232666015625,43647500,0.0,0.0,GOOGL,2026-01-26 06:13:31.896900+00:00
2022-12-01 00:00:00-05:00,100.26243983174288,101.48321929784336,99.49821745338677,100.232666015625,28687100,0.0,0.0,GOOGL,2026-01-26 06:13:31.896900+00:00
2022-12-02 00:00:00-05:00,98.30722990126469,100.01432530964262,98.1583532325541,99.68680572509766,21480700,0.0,0.0,GOOGL,2026-01-26 06:13:31.896900+00:00
2022-12-05 00:00:00-05:00,98.65458401715503,100.61973142014833,98.25758217071605,98.7339859008789,24405100,0.0,0.0,GOOGL,2026-01-26 06:13:31.896900+00:00
2022-12-06 00:00:00-05:00,98.55534850991971,99.03174473103793,95.69694089448478,96.25274658203125,24910700,0.0,0.0,GOOGL,2026-01-26 06:13:31.896900+00:00
2022-12-07 00:00:00-05:00,95.68702021037814,96.1534892961787,94.00969118202147,94.22804260253906,31045400,0.0,0.0,GOOGL,2026-01-26 06:13:31.896900+00:00
2022-12-08 00:00:00-05:00,94.66473018862035,94.8632349057904,92.74920320796852,93.00725555419922,32213300,0.0,0.0,GOOGL,2026-01-26 06:13:31.896900+00:00
2022-12-09 00:00:00-05:00,93.06681881056203,93.5531497701553,92.05447108563907,92.13387298583984,28225400,0.0,0.0,GOOGL,2026-01-26 06:13:31.896900+00:00
2022-12-12 00:00:00-05:00,92.01475338165663,92.85837759418385,90.92300395531667,92.6102523803711,29420000,0.0,0.0,GOOGL,2026-01-26 06:13:31.896900+00:00
2022-12-13 00:00:00-05:00,97.0268965895578,98.78361996821883,94.3173656196912,94.9128646850586,40593700,0.0,0.0,GOOGL,2026-01-26 06:13:31.896900+00:00
2022-12-14 00:00:00-05:00,94.48608568861964,96.14356799976107,92.89808571200558,94.35706329345703,28733600,0.0,0.0,GOOGL,2026-01-26 06:13:31.896900+00:00
2022-12-15 00:00:00-05:00,92.43161623135528,92.93779386609687,89.33501792983441,90.17864227294922,40107000,0.0,0.0,GOOGL,2026-01-26 06:13:31.896900+00:00
2022-12-16 00:00:00-05:00,90.07938798524047,90.64511322161134,88.84868136014701,89.58313751220703,58011800,0.0,0.0,GOOGL,2026-01-26 06:13:31.896900+00:00
2022-12-19 00:00:00-05:00,89.58313045138497,89.88087616842834,87.54850064344215,87.77677917480469,29493000,0.0,0.0,GOOGL,2026-01-26 06:13:31.896900+00:00
2022-12-20 00:00:00-05:00,87.44926031364805,88.51123603944568,86.78428648684181,88.35243225097656,23453800,0.0,0.0,GOOGL,2026-01-26 06:13:31.896900+00:00
2022-12-21 00:00:00-05:00,88.41198318586204,89.54343362140024,87.6576803714429,88.90823364257812,24745600,0.0,0.0,GOOGL,2026-01-26 06:13:31.896900+00:00
2022-12-22 00:00:00-05:00,87.49888481734911,87.87603244128935,85.67267918543912,87.10188293457031,27658300,0.0,0.0,GOOGL,2026-01-26 06:13:31.896900+00:00
2022-12-23 00:00:00-05:00,86.45675502144779,88.8784596690233,86.41705407631922,88.56085968017578,23003000,0.0,0.0,GOOGL,2026-01-26 06:13:31.896900+00:00
2022-12-27 00:00:00-05:00,88.13407950720169,88.27302902200118,86.35750205691602,86.73464965820312,20097300,0.0,0.0,GOOGL,2026-01-26 06:13:31.896900+00:00
2022-12-28 00:00:00-05:00,86.3277389438716,87.37978756410344,85.29553701156534,85.37493133544922,19523200,0.0,0.0,GOOGL,2026-01-26 06:13:31.896900+00:00
2022-12-29 00:00:00-05:00,85.97043405375527,88.18370690708726,85.96050692415548,87.78670501708984,23333500,0.0,0.0,GOOGL,2026-01-26 06:13:31.896900+00:00
2022-12-30 00:00:00-05:00,86.32774074812349,87.63784177185843,85.92081170141935,87.56836700439453,23986300,0.0,0.0,GOOGL,2026-01-26 06:13:31.896900+00:00
2023-01-03 00:00:00-05:00,88.91815210738409,90.36721008671273,87.85617644594524,88.4516830444336,28131200,0.0,0.0,GOOGL,2026-01-26 06:13:31.896900+00:00
2023-01-04 00:00:00-05:00,89.67245303705022,89.97020633006692,86.6155485078444,87.41947937011719,34854800,0.0,0.0,GOOGL,2026-01-26 06:13:31.896900+00:00
2023-01-05 00:00:00-05:00,86.81406171973046,86.9133103030513,85.25583548783042,85.55358123779297,27194400,0.0,0.0,GOOGL,2026-01-26 06:13:31.896900+00:00
2023-01-06 00:00:00-05:00,86.13915710492884,87.03240946135887,84.2236299964327,86.68502807617188,41381500,0.0,0.0,GOOGL,2026-01-26 06:13:31.896900+00:00
2023-01-09 00:00:00-05:00,87.69737089501099,89.37469966248176,87.20112049726745,87.35991668701172,29003900,0.0,0.0,GOOGL,2026-01-26 06:13:31.896900+00:00
2023-01-10 00:00:00-05:00,85.3352304507804,88.00505271446971,85.18635380180301,87.75692749023438,30467800,0.0,0.0,GOOGL,2026-01-26 06:13:31.896900+00:00
2023-01-11 00:00:00-05:00,88.51123072369855,90.91308108868463,88.34250738771924,90.83367919921875,26862000,0.0,0.0,GOOGL,2026-01-26 06:13:31.896900+00:00
2023-01-12 00:00:00-05:00,90.79399088981015,91.18106565731547,89.07696090221926,90.44660949707031,30258100,0.0,0.0,GOOGL,2026-01-26 06:13:31.896900+00:00
2023-01-13 00:00:00-05:00,90.1687035996184,91.49865871880165,89.45410175315347,91.42918395996094,26329200,0.0,0.0,GOOGL,2026-01-26 06:13:31.896900+00:00
2023-01-17 00:00:00-05:00,91.36963007309137,91.5582076664508,89.37470872387392,90.60540771484375,32602400,0.0,0.0,GOOGL,2026-01-26 06:13:31.896900+00:00
2023-01-18 00:00:00-05:00,91.44904665854082,92.10410098989378,89.96029507511915,90.43669891357422,29116700,0.0,0.0,GOOGL,2026-01-26 06:13:31.896900+00:00
2023-01-19 00:00:00-05:00,90.03968210362642,92.90800907477109,89.9503530858423,92.35221099853516,37000400,0.0,0.0,GOOGL,2026-01-26 06:13:31.896900+00:00
2023-01-20 00:00:00-05:00,94.38683418356587,97.56284161050858,94.3074322941516,97.2849349975586,63191100,0.0,0.0,GOOGL,2026-01-26 06:13:31.896900+00:00
2023-01-23 00:00:00-05:00,97.21545855943167,99.28978934453644,96.76883619050167,99.04166412353516,40005100,0.0,0.0,GOOGL,2026-01-26 06:13:31.896900+00:00
2023-01-24 00:00:00-05:00,97.36434045143623,98.86301898722769,96.47108809327639,96.96733856201172,33078500,0.0,0.0,GOOGL,2026-01-26 06:13:31.896900+00:00
2023-01-25 00:00:00-05:00,94.85330946494906,95.4388889257961,93.05688528262908,94.50593566894531,42330000,0.0,0.0,GOOGL,2026-01-26 06:13:31.896900+00:00
2023-01-26 00:00:00-05:00,95.7763485788492,96.83832436901237,94.66474470873614,96.7886962890625,30114000,0.0,0.0,GOOGL,2026-01-26 06:13:31.896900+00:00
2023-01-27 00:00:00-05:00,96.58027483939489,99.56770512279675,96.58027483939489,98.62483215332031,33879800,0.0,0.0,GOOGL,2026-01-26 06:13:31.896900+00:00
2023-01-30 00:00:00-05:00,96.74899462729292,97.55291796280574,95.67709179848833,96.21304321289062,27226200,0.0,0.0,GOOGL,2026-01-26 06:13:31.896900+00:00
2023-01-31 00:00:00-05:00,96.1435649864473,98.13848634508432,96.09393691253494,98.09878540039062,29870700,0.0,0.0,GOOGL,2026-01-26 06:13:31.896900+00:00
2023-02-01 00:00:00-05:00,97.96976938145957,100.43117510729803,96.84824601659454,99.67687225341797,35531100,0.0,0.0,GOOGL,2026-01-26 06:13:31.896900+00:00
2023-02-02 00:00:00-05:00,105.00659838352416,107.04122068782463,104.81802078918444,106.93204498291016,69883800,0.0,0.0,GOOGL,2026-01-26 06:13:31.896900+00:00
2023-02-03 00:00:00-05:00,102.15812220922525,107.001524077653,101.81074839414418,103.99424743652344,65309300,0.0,0.0,GOOGL,2026-01-26 06:13:31.896900+00:00
2023-02-06 00:00:00-05:00,101.6320988290303,103.57739978303069,101.11599409443309,102.12834930419922,31999600,0.0,0.0,GOOGL,2026-01-26 06:13:31.896900+00:00
2023-02-07 00:00:00-05:00,102.44594943032921,107.36875324134532,102.34670084961068,106.83280181884766,49010200,0.0,0.0,GOOGL,2026-01-26 06:13:31.896900+00:00
2023-02-08 00:00:00-05:00,101.28473527260346,102.3665577834305,97.30480393830761,98.62483215332031,94743500,0.0,0.0,GOOGL,2026-01-26 06:13:31.896900+00:00
2023-02-09 00:00:00-05:00,99.2500853799974,99.27985919406251,92.92785221530656,94.2975082397461,119455000,0.0,0.0,GOOGL,2026-01-26 06:13:31.896900+00:00
2023-02-10 00:00:00-05:00,94.73420738768355,96.02446157990344,93.54320934269664,93.86080932617188,54980700,0.0,0.0,GOOGL,2026-01-26 06:13:31.896900+00:00
2023-02-13 00:00:00-05:00,94.02953508899373,94.48608460376701,93.13628274609768,93.9005126953125,50076100,0.0,0.0,GOOGL,2026-01-26 06:13:31.896900+00:00
2023-02-14 00:00:00-05:00,93.7218607357337,94.13870929839328,91.56813558981159,93.96998596191406,54726100,0.0,0.0,GOOGL,2026-01-26 06:13:31.896900+00:00
2023-02-15 00:00:00-05:00,93.78141137501834,96.39169368435806,93.44396469123609,96.21304321289062,50169000,0.0,0.0,GOOGL,2026-01-26 06:13:31.896900+00:00
2023-02-16 00:00:00-05:00,94.65481268808418,96.94748732289182,94.02953228064146,94.79376220703125,42462600,0.0,0.0,GOOGL,2026-01-26 06:13:31.896900+00:00
2023-02-17 00:00:00-05:00,94.13870649225572,94.84338120494091,92.51100566280641,93.6424560546875,34284100,0.0,0.0,GOOGL,2026-01-26 06:13:31.896900+00:00
2023-02-21 00:00:00-05:00,92.30258690415565,92.40183548316473,91.03218691960443,91.1016616821289,33629300,0.0,0.0,GOOGL,2026-01-26 06:13:31.896900+00:00
2023-02-22 00:00:00-05:00,91.0123280204154,91.41925701744177,89.9305056916628,90.96270751953125,30884000,0.0,0.0,GOOGL,2026-01-26 06:13:31.896900+00:00
2023-02-23 00:00:00-05:00,91.23067923772057,91.2505334957778,89.08688127056686,90.20840454101562,41206400,0.0,0.0,GOOGL,2026-01-26 06:13:31.896900+00:00
2023-02-24 00:00:00-05:00,88.76929699297735,89.21591943991449,87.91574547787702,88.46161651611328,36585100,0.0,0.0,GOOGL,2026-01-26 06:13:31.896900+00:00
2023-02-27 00:00:00-05:00,89.19606018066406,89.48388635539742,88.67002833376313,89.19606018066406,27502300,0.0,0.0,GOOGL,2026-01-26 06:13:31.896900+00:00
2023-02-28 00:00:00-05:00,88.66011444958845,90.54586782791486,88.65018731956766,89.38463592529297,30142000,0.0,0.0,GOOGL,2026-01-26 06:13:31.896900+00:00
2023-03-01 00:00:00-05:00,89.30524066283623,90.34736213861636,88.99756021287892,89.68238830566406,31111200,0.0,0.0,GOOGL,2026-01-26 06:13:31.896900+00:00
2023-03-02 00:00:00-05:00,88.98764047944798,91.58798817098749,88.91815814235167,91.31008911132812,32204400,0.0,0.0,GOOGL,2026-01-26 06:13:31.896900+00:00
2023-03-03 00:00:00-05:00,91.78647639347962,93.02710238101369,91.75669500914752,92.94770050048828,35160100,0.0,0.0,GOOGL,2026-01-26 06:13:31.896900+00:00
2023-03-06 00:00:00-05:00,93.31493408001563,95.25031543626798,93.29508739318105,94.41661071777344,32639300,0.0,0.0,GOOGL,2026-01-26 06:13:31.896900+00:00
2023-03-07 00:00:00-05:00,94.26774701922037,94.95256755074698,92.8286160456438,93.15614318847656,27835500,0.0,0.0,GOOGL,2026-01-26 06:13:31.896900+00:00
2023-03-08 00:00:00-05:00,93.41419049538177,95.24038857658361,93.29508765749337,93.543212890625,34103300,0.0,0.0,GOOGL,2026-01-26 06:13:31.896900+00:00
2023-03-09 00:00:00-05:00,93.34471548738784,94.81361262324073,91.21083697363413,91.627685546875,28813500,0.0,0.0,GOOGL,2026-01-26 06:13:31.896900+00:00
2023-03-10 00:00:00-05:00,91.4788000941082,92.09415333745333,89.72207694888773,89.95034790039062,35941000,0.0,0.0,GOOGL,2026-01-26 06:13:31.896900+00:00
2023-03-13 00:00:00-04:00,89.41440265175312,91.87580822116699,88.74942886454899,90.4267578125,37335600,0.0,0.0,GOOGL,2026-01-26 06:13:31.896900+00:00
2023-03-14 00:00:00-04:00,91.86588227001643,93.65238694590275,91.74678700641138,93.26531219482422,36050200,0.0,0.0,GOOGL,2026-01-26 06:13:31.896900+00:00
2023-03-15 00:00:00-04:00,92.52094722629985,96.20312513886442,91.94529481158769,95.38927459716797,50622100,0.0,0.0,GOOGL,2026-01-26 06:13:31.896900+00:00
2023-03-16 00:00:00-04:00,95.47859626843504,100.43118187106681,94.78384857477023,99.56770324707031,65492000,0.0,0.0,GOOGL,2026-01-26 06:13:31.896900+00:00
2023-03-17 00:00:00-04:00,99.50814641831961,102.06879309004395,99.34934263318691,100.85794830322266,61028500,0.0,0.0,GOOGL,2026-01-26 06:13:31.896900+00:00
2023-03-20 00:00:00-04:00,99.36919562318633,100.9869694096106,99.12107039122168,100.46094512939453,32960400,0.0,0.0,GOOGL,2026-01-26 06:13:31.896900+00:00
2023-03-21 00:00:00-04:00,100.49071743651176,104.31184443694538,100.46094362067213,104.13319396972656,42110300,0.0,0.0,GOOGL,2026-01-26 06:13:31.896900+00:00
2023-03-22 00:00:00-04:00,103.48807823611187,105.7906803043521,102.5551324244801,102.59483337402344,43427400,0.0,0.0,GOOGL,2026-01-26 06:13:31.896900+00:00
2023-03-23 00:00:00-04:00,104.27213883225404,105.50284536129094,103.67663982552884,104.80809020996094,40797800,0.0,0.0,GOOGL,2026-01-26 06:13:31.896900+00:00
2023-03-24 00:00:00-04:00,104.20267726028,104.69892775737729,103.06129960251988,104.64930725097656,30393300,0.0,0.0,GOOGL,2026-01-26 06:13:31.896900+00:00
2023-03-27 00:00:00-04:00,103.83545616080272,103.97440569344221,101.16562607817814,101.691650390625,31120900,0.0,0.0,GOOGL,2026-01-26 06:13:31.896900+00:00
2023-03-28 00:00:00-04:00,101.67179161770622,101.68171117444312,98.99203472350514,100.2723617553711,32057900,0.0,0.0,GOOGL,2026-01-26 06:13:31.896900+00:00
2023-03-29 00:00:00-04:00,101.5129944157898,101.7214187034689,99.89522061779614,100.62966918945312,28779600,0.0,0.0,GOOGL,2026-01-26 06:13:31.896900+00:00
2023-03-30 00:00:00-04:00,100.15326184968737,100.40138705584889,99.0317310716418,100.13340759277344,33086200,0.0,0.0,GOOGL,2026-01-26 06:13:31.896900+00:00
2023-03-31 00:00:00-04:00,100.5403405183242,103.11091412057462,100.28228817356023,102.95211791992188,36863400,0.0,0.0,GOOGL,2026-01-26 06:13:31.896900+00:00
2023-04-03 00:00:00-04:00,101.62217211579193,103.74612355244493,101.16562258542722,103.57740020751953,25035400,0.0,0.0,GOOGL,2026-01-26 06:13:31.896900+00:00
2023-04-04 00:00:00-04:00,103.54761764904539,104.78824373731965,103.25979148790408,103.9346923828125,24420100,0.0,0.0,GOOGL,2026-01-26 06:13:31.896900+00:00
2023-04-05 00:00:00-04:00,104.98675068203352,105.30435068738927,102.88265348611964,103.68657684326172,28290500,0.0,0.0,GOOGL,2026-01-26 06:13:31.896900+00:00
2023-04-06 00:00:00-04:00,104.4706498559581,108.35132454892715,103.54762368954962,107.60694885253906,48711500,0.0,0.0,GOOGL,2026-01-26 06:13:31.896900+00:00
2023-04-10 00:00:00-04:00,106.17775899818363,106.78317763428655,104.33170655524751,105.64180755615234,27067400,0.0,0.0,GOOGL,2026-01-26 06:13:31.896900+00:00
2023-04-11 00:00:00-04:00,105.75098036627539,105.92963084204611,103.89500084422305,104.55997467041016,26311800,0.0,0.0,GOOGL,2026-01-26 06:13:31.896900+00:00
2023-04-12 00:00:00-04:00,105.78074743753035,105.94947077272556,103.5575399759029,103.85529327392578,24370300,0.0,0.0,GOOGL,2026-01-26 06:13:31.896900+00:00
2023-04-13 00:00:00-04:00,105.04629398559699,106.68392202189075,105.04629398559699,106.62437438964844,24843600,0.0,0.0,GOOGL,2026-01-26 06:13:31.896900+00:00
2023-04-14 00:00:00-04:00,106.0884185328419,108.12304836716059,106.0387904599343,108.05357360839844,26578000,0.0,0.0,GOOGL,2026-01-26 06:13:31.896900+00:00
2023-04-17 00:00:00-04:00,103.87515724199652,105.3639087269098,103.73620013699751,105.17533111572266,37571200,0.0,0.0,GOOGL,2026-01-26 06:13:31.896900+00:00
2023-04-18 00:00:00-04:00,105.69141368807013,105.74104175957935,103.28956344176271,103.71633911132812,26596400,0.0,0.0,GOOGL,2026-01-26 06:13:31.896900+00:00
2023-04-19 00:00:00-04:00,102.80325882912756,104.19276178994863,102.29708118201934,103.39875793457031,20905700,0.0,0.0,GOOGL,2026-01-26 06:13:31.896900+00:00
2023-04-20 00:00:00-04:00,103.13077864388401,105.45322726139375,103.09107769672384,104.50042724609375,27820800,0.0,0.0,GOOGL,2026-01-26 06:13:31.896900+00:00
2023-04-21 00:00:00-04:00,104.67907735856379,105.20510165529122,103.99424927374733,104.6195297241211,25800100,0.0,0.0,GOOGL,2026-01-26 06:13:31.896900+00:00
2023-04-24 00:00:00-04:00,104.69892730879049,105.83037783155005,103.91485061807437,105.17533111572266,23542800,0.0,0.0,GOOGL,2026-01-26 06:13:31.896900+00:00
2023-04-25 00:00:00-04:00,105.03637557743666,105.88992698575956,103.06129326840653,103.07122039794922,46664100,0.0,0.0,GOOGL,2026-01-26 06:13:31.896900+00:00
2023-04-26 00:00:00-04:00,104.13319912015552,105.55247579876328,101.86037100841686,102.9322738647461,53347600,0.0,0.0,GOOGL,2026-01-26 06:13:31.896900+00:00
2023-04-27 00:00:00-04:00,103.6667202584599,107.55732970203324,102.76354833968519,106.78317260742188,50089200,0.0,0.0,GOOGL,2026-01-26 06:13:31.896900+00:00
2023-04-28 00:00:00-04:00,106.23729608563893,106.54496893818438,104.30191480844489,106.53504180908203,36139800,0.0,0.0,GOOGL,2026-01-26 06:13:31.896900+00:00
2023-05-01 00:00:00-04:00,106.03879433997653,107.18017190898796,106.01894765339576,106.3960952758789,26681700,0.0,0.0,GOOGL,2026-01-26 06:13:31.896900+00:00
2023-05-02 00:00:00-04:00,106.3365485246071,106.39609615702363,102.93227004814128,104.53019714355469,30997200,0.0,0.0,GOOGL,2026-01-26 06:13:31.896900+00:00
2023-05-03 00:00:00-04:00,104.73862499300647,106.68392596400858,104.17289974925679,104.6195297241211,21795400,0.0,0.0,GOOGL,2026-01-26 06:13:31.896900+00:00
2023-05-04 00:00:00-04:00,104.69892635616654,104.80810206984134,103.1903281969406,103.9049301147461,23419500,0.0,0.0,GOOGL,2026-01-26 06:13:31.896900+00:00
2023-05-05 00:00:00-04:00,104.03394463322047,105.08599317017097,103.32926989883089,104.7783203125,26639300,0.0,0.0,GOOGL,2026-01-26 06:13:31.896900+00:00
2023-05-08 00:00:00-04:00,104.3912487209223,107.15040011064862,104.37140203396783,106.96182250976562,26511400,0.0,0.0,GOOGL,2026-01-26 06:13:31.896900+00:00
2023-05-09 00:00:00-04:00,107.57717717560891,109.32398096474886,106.38617906657517,106.54497528076172,36360100,0.0,0.0,GOOGL,2026-01-26 06:13:31.896900+00:00
2023-05-10 00:00:00-04:00,107.1603273461475,112.09305821305404,107.12062640001808,110.91197967529297,63153400,0.0,0.0,GOOGL,2026-01-26 06:13:31.896900+00:00
2023-05-11 00:00:00-04:00,114.53460704620213,117.03570601894897,113.55203326107099,115.69583129882812,78900000,0.0,0.0,GOOGL,2026-01-26 06:13:31.896900+00:00
2023-05-12 00:00:00-04:00,115.8050066061785,117.14488132168266,115.23928138975758,116.6287841796875,41102300,0.0,0.0,GOOGL,2026-01-26 06:13:31.896900+00:00
2023-05-15 00:00:00-04:00,115.2392819935686,117.59151189110723,115.14003341637807,115.63628387451172,36266800,0.0,0.0,GOOGL,2026-01-26 06:13:31.896900+00:00
2023-05-16 00:00:00-04:00,115.61642782881711,119.84448378697832,115.55688019785937,118.61378479003906,45035600,0.0,0.0,GOOGL,2026-01-26 06:13:31.896900+00:00
2023-05-17 00:00:00-04:00,118.71303548354885,120.75758495283628,117.99843361058363,119.93380737304688,33323600,0.0,0.0,GOOGL,2026-01-26 06:13:31.896900+00:00
2023-05-18 00:00:00-04:00,120.04298319548356,122.38528597148938,119.92388793132871,121.90888977050781,35234200,0.0,0.0,GOOGL,2026-01-26 06:13:31.896900+00:00
2023-05-19 00:00:00-04:00,122.6234854701716,125.0253357573237,121.23398273827031,121.83940887451172,41353400,0.0,0.0,GOOGL,2026-01-26 06:13:31.896900+00:00
2023-05-22 00:00:00-04:00,122.01806609562544,125.48189220233128,121.81956136739319,124.11224365234375,35253000,0.0,0.0,GOOGL,2026-01-26 06:13:31.896900+00:00
2023-05-23 00:00:00-04:00,123.22891477759688,123.69538383768969,121.29353348872816,121.64090728759766,34046300,0.0,0.0,GOOGL,2026-01-26 06:13:31.896900+00:00
2023-05-24 00:00:00-04:00,120.21172148341005,120.99579816666204,118.96116812777687,119.99337005615234,34182600,0.0,0.0,GOOGL,2026-01-26 06:13:31.896900+00:00
2023-05-25 00:00:00-04:00,123.58621809330694,124.38022190229562,121.0454180200336,122.55402374267578,42317000,0.0,0.0,GOOGL,2026-01-26 06:13:31.896900+00:00
2023-05-26 00:00:00-04:00,122.24634093896407,124.32067187463625,121.53173903906134,123.67554473876953,35635900,0.0,0.0,GOOGL,2026-01-26 06:13:31.896900+00:00
2023-05-30 00:00:00-04:00,124.6978199598951,124.71767421950892,121.08511707268141,122.74259185791016,35076700,0.0,0.0,GOOGL,2026-01-26 06:13:31.896900+00:00
2023-05-31 00:00:00-04:00,121.82949030094537,123.12966410835033,121.58136506611656,121.94859313964844,37325800,0.0,0.0,GOOGL,2026-01-26 06:13:31.896900+00:00
2023-06-01 00:00:00-04:00,121.8989611091008,123.48696104605021,121.70046395655,122.7922134399414,30772700,0.0,0.0,GOOGL,2026-01-26 06:13:31.896900+00:00
2023-06-02 00:00:00-04:00,123.06018362345124,125.2039891873368,122.83191265844434,123.7350845336914,26980100,0.0,0.0,GOOGL,2026-01-26 06:13:31.896900+00:00
2023-06-05 00:00:00-04:00,123.08004629574243,126.4743977650919,122.91131537751194,125.06504821777344,32305500,0.0,0.0,GOOGL,2026-01-26 06:13:31.896900+00:00
2023-06-06 00:00:00-04:00,125.06503903327281,127.32793227447583,124.41991194155317,126.35528564453125,26638300,0.0,0.0,GOOGL,2026-01-26 06:13:31.896900+00:00
2023-06-07 00:00:00-04:00,126.01784008371891,128.072309065116,121.20421224846599,121.58135986328125,52539000,0.0,0.0,GOOGL,2026-01-26 06:13:31.896900+00:00
2023-06-08 00:00:00-04:00,121.31338907767194,122.3058899837172,120.33080772871682,121.22406005859375,29389200,0.0,0.0,GOOGL,2026-01-26 06:13:31.896900+00:00
2023-06-09 00:00:00-04:00,121.33324695674678,122.83192558333546,120.99580025220958,121.31340026855469,23778300,0.0,0.0,GOOGL,2026-01-26 06:13:31.896900+00:00
2023-06-12 00:00:00-04:00,121.86918247837939,123.11973569214682,120.74765922363488,122.71280670166016,28306400,0.0,0.0,GOOGL,2026-01-26 06:13:31.896900+00:00
2023-06-13 00:00:00-04:00,124.04276764194177,124.22141810946202,122.25626296673931,122.9013900756836,22278300,0.0,0.0,GOOGL,2026-01-26 06:13:31.896900+00:00
2023-06-14 00:00:00-04:00,122.17686661381849,123.11974706875885,120.53923851602217,122.74259185791016,30592300,0.0,0.0,GOOGL,2026-01-26 06:13:31.896900+00:00
2023-06-15 00:00:00-04:00,122.21656558106999,124.51916746718288,121.48211700306517,124.15193939208984,35246300,0.0,0.0,GOOGL,2026-01-26 06:13:31.896900+00:00
2023-06-16 00:00:00-04:00,124.98564920040793,125.16429968039003,122.35552007874196,122.60364532470703,45535600,0.0,0.0,GOOGL,2026-01-26 06:13:31.896900+00:00
2023-06-20 00:00:00-04:00,122.00813366210225,123.63583450194002,121.22405705707857,122.1768569946289,26097500,0.0,0.0,GOOGL,2026-01-26 06:13:31.896900+00:00
2023-06-21 00:00:00-04:00,121.48211364469854,121.74016600309444,119.19935850880321,119.64598846435547,30306300,0.0,0.0,GOOGL,2026-01-26 06:13:31.896900+00:00
2023-06-22 00:00:00-04:00,119.10011432011007,122.31581528654226,117.93889002281252,122.22649383544922,26952200,0.0,0.0,GOOGL,2026-01-26 06:13:31.896900+00:00
2023-06-23 00:00:00-04:00,120.46975408004121,121.86918395539071,120.15215410135052,121.42255401611328,34913600,0.0,0.0,GOOGL,2026-01-26 06:13:31.896900+00:00
2023-06-26 00:00:00-04:00,119.85441072671466,121.08510972170825,117.38307803534231,117.45255279541016,33969900,0.0,0.0,GOOGL,2026-01-26 06:13:31.896900+00:00
2023-06-27 00:00:00-04:00,116.20200844412273,118.18701026555762,115.22935421985997,117.44263458251953,39535900,0.0,0.0,GOOGL,2026-01-26 06:13:31.896900+00:00
2023-06-28 00:00:00-04:00,116.21193098693968,119.48718710532653,115.97373288245846,119.27876281738281,27091400,0.0,0.0,GOOGL,2026-01-26 06:13:31.896900+00:00
2023-06-29 00:00:00-04:00,118.34580529426692,119.15965573005691,117.41285959657364,118.20685577392578,24090900,0.0,0.0,GOOGL,2026-01-26 06:13:31.896900+00:00
2023-06-30 00:00:00-04:00,119.26883719212228,120.17201669011786,118.79244097715116,118.80236053466797,29532200,0.0,0.0,GOOGL,2026-01-26 06:13:31.896900+00:00
2023-07-03 00:00:00-04:00,118.34580787808842,119.28868829776731,117.928959307964,119.00086212158203,14467900,0.0,0.0,GOOGL,2026-01-26 06:13:31.896900+00:00
2023-07-05 00:00:00-04:00,118.34581833015085,121.69054946034393,118.33589877202023,120.83699798583984,27584800,0.0,0.0,GOOGL,2026-01-26 06:13:31.896900+00:00
2023-07-06 00:00:00-04:00,118.90161667979092,119.39786715412697,117.5121138372137,119.20928955078125,24745200,0.0,0.0,GOOGL,2026-01-26 06:13:31.896900+00:00
2023-07-07 00:00:00-04:00,119.1993606252883,120.14224105563065,118.50461300055707,118.58401489257812,21709500,0.0,0.0,GOOGL,2026-01-26 06:13:31.896900+00:00
2023-07-10 00:00:00-04:00,117.41286157602863,117.42278113323385,115.26905595945563,115.57672882080078,35315200,0.0,0.0,GOOGL,2026-01-26 06:13:31.896900+00:00
2023-07-11 00:00:00-04:00,115.41794182924588,116.8272914274114,114.48498846913382,116.26156616210938,23078800,0.0,0.0,GOOGL,2026-01-26 06:13:31.896900+00:00
2023-07-12 00:00:00-04:00,117.90910932353661,119.4276344809341,117.52203458036395,118.03813171386719,30404400,0.0,0.0,GOOGL,2026-01-26 06:13:31.896900+00:00
2023-07-13 00:00:00-04:00,120.02314977990251,123.89390530873035,119.54674595406351,123.6060791015625,44297900,0.0,0.0,GOOGL,2026-01-26 06:13:31.896900+00:00
2023-07-14 00:00:00-04:00,123.86413113846548,125.82927893055157,122.56394964464167,124.47947692871094,33283100,0.0,0.0,GOOGL,2026-01-26 06:13:31.896900+00:00
2023-07-17 00:00:00-04:00,124.995567566589,126.14686468961106,123.26861052378432,123.71524047851562,25716200,0.0,0.0,GOOGL,2026-01-26 06:13:31.896900+00:00
2023-07-18 00:00:00-04:00,123.6656062716888,123.74500815821673,122.03790545876947,122.8319091796875,26193600,0.0,0.0,GOOGL,2026-01-26 06:13:31.896900+00:00
2023-07-19 00:00:00-04:00,123.66561821898068,124.24127059365078,120.88662007165094,121.1148910522461,37224000,0.0,0.0,GOOGL,2026-01-26 06:13:31.896900+00:00
2023-07-20 00:00:00-04:00,120.50946759155578,123.15944340000809,117.3334674734311,118.30611419677734,37906800,0.0,0.0,GOOGL,2026-01-26 06:13:31.896900+00:00
2023-07-21 00:00:00-04:00,119.71546357937767,120.08268407322286,117.83963744818556,119.11995697021484,72937900,0.0,0.0,GOOGL,2026-01-26 06:13:31.896900+00:00
2023-07-24 00:00:00-04:00,120.74766705234958,122.07761466691946,120.0727661155314,120.61863708496094,29686100,0.0,0.0,GOOGL,2026-01-26 06:13:31.896900+00:00
2023-07-25 00:00:00-04:00,120.44991665621404,122.22649427656242,120.11246239355489,121.29354095458984,52509600,0.0,0.0,GOOGL,2026-01-26 06:13:31.896900+00:00
2023-07-26 00:00:00-04:00,129.09460190925336,129.99776623656712,127.35772529958219,128.30059814453125,61682100,0.0,0.0,GOOGL,2026-01-26 06:13:31.896900+00:00
2023-07-27 00:00:00-04:00,130.6825925035767,132.24082619562287,127.82418504749104,128.4296112060547,44952100,0.0,0.0,GOOGL,2026-01-26 06:13:31.896900+00:00
2023-07-28 00:00:00-04:00,129.79928007624758,132.7370897112607,129.59086334627574,131.58578491210938,36591200,0.0,0.0,GOOGL,2026-01-26 06:13:31.896900+00:00
2023-07-31 00:00:00-04:00,131.7346357432163,132.52863946512642,130.7917629491062,131.72471618652344,28055500,0.0,0.0,GOOGL,2026-01-26 06:13:31.896900+00:00
2023-08-01 00:00:00-04:00,129.79927708428264,131.6354099568871,129.70002092843689,130.56350708007812,23166800,0.0,0.0,GOOGL,2026-01-26 06:13:31.896900+00:00
2023-08-02 00:00:00-04:00,128.4792502900743,129.11445031870784,126.60342402236246,127.41728210449219,26273300,0.0,0.0,GOOGL,2026-01-26 06:13:31.896900+00:00
2023-08-03 00:00:00-04:00,127.01035151213354,128.4197010851892,126.46447294473376,127.48674774169922,20089500,0.0,0.0,GOOGL,2026-01-26 06:13:31.896900+00:00
2023-08-04 00:00:00-04:00,128.31051623779516,130.5237890233023,126.95079483936229,127.1492919921875,26147200,0.0,0.0,GOOGL,2026-01-26 06:13:31.896900+00:00
2023-08-07 00:00:00-04:00,128.1914178864696,130.62304202480823,128.05246836840342,130.54364013671875,22746300,0.0,0.0,GOOGL,2026-01-26 06:13:31.896900+00:00
2023-08-08 00:00:00-04:00,129.64046232824563,130.52378752085772,128.56855954209357,130.41461181640625,23535200,0.0,0.0,GOOGL,2026-01-26 06:13:31.896900+00:00
2023-08-09 00:00:00-04:00,130.67266960839547,131.04980964495556,128.0326136306667,128.6876678466797,24912900,0.0,0.0,GOOGL,2026-01-26 06:13:31.896900+00:00
2023-08-10 00:00:00-04:00,130.33523442746744,131.0597558939105,128.47924731856517,128.7174530029297,20857800,0.0,0.0,GOOGL,2026-01-26 06:13:31.896900+00:00
2023-08-11 00:00:00-04:00,127.6951647046181,128.95562989704715,127.20883382963942,128.58840942382812,19591100,0.0,0.0,GOOGL,2026-01-26 06:13:31.896900+00:00
2023-08-14 00:00:00-04:00,128.41968447620044,130.38483192031686,127.99291637965989,130.3451385498047,24695600,0.0,0.0,GOOGL,2026-01-26 06:13:31.896900+00:00
2023-08-15 00:00:00-04:00,130.11688653714737,130.43447898056363,128.31052745646844,128.80677795410156,19770700,0.0,0.0,GOOGL,2026-01-26 06:13:31.896900+00:00
2023-08-16 00:00:00-04:00,127.73487091064453,129.30302424952546,126.91110086620327,127.73487091064453,25216100,0.0,0.0,GOOGL,2026-01-26 06:13:31.896900+00:00
2023-08-17 00:00:00-04:00,128.82661397214423,131.0001932670892,128.32042884384344,128.94570922851562,33446300,0.0,0.0,GOOGL,2026-01-26 06:13:31.896900+00:00
2023-08-18 00:00:00-04:00,127.546294758541,128.28075093151222,125.43227040921398,126.5041732788086,30504800,0.0,0.0,GOOGL,2026-01-26 06:13:31.896900+00:00
2023-08-21 00:00:00-04:00,126.2262700322158,127.76464194810235,125.61091672255242,127.40734100341797,25248700,0.0,0.0,GOOGL,2026-01-26 06:13:31.896900+00:00
2023-08-22 00:00:00-04:00,127.54629719383558,129.30302819235456,127.35773472637845,128.11203002929688,22054900,0.0,0.0,GOOGL,2026-01-26 06:13:31.896900+00:00
2023-08-23 00:00:00-04:00,129.2037702845962,132.40955935337914,128.8960974039479,131.37734985351562,27819700,0.0,0.0,GOOGL,2026-01-26 06:13:31.896900+00:00
2023-08-24 00:00:00-04:00,132.94550528703812,133.24325861449066,128.59836122593913,128.80677795410156,28500700,0.0,0.0,GOOGL,2026-01-26 06:13:31.896900+00:00
2023-08-25 00:00:00-04:00,128.56854408522898,129.77939624562347,126.29572396771735,128.906005859375,26762900,0.0,0.0,GOOGL,2026-01-26 06:13:31.896900+00:00
2023-08-28 00:00:00-04:00,130.32528013006436,131.54605189710958,129.1640559890661,130.02752685546875,20543300,0.0,0.0,GOOGL,2026-01-26 06:13:31.896900+00:00
2023-08-29 00:00:00-04:00,131.24833815410415,135.54586931655962,131.24833815410415,133.5608673095703,43075600,0.0,0.0,GOOGL,2026-01-26 06:13:31.896900+00:00
2023-08-30 00:00:00-04:00,133.76928107064825,135.25803254284958,133.06461385464962,134.8610382080078,28315800,0.0,0.0,GOOGL,2026-01-26 06:13:31.896900+00:00
2023-08-31 00:00:00-04:00,134.99007618596866,136.96515892975344,134.77172472105315,135.1488800048828,30053800,0.0,0.0,GOOGL,2026-01-26 06:13:31.896900+00:00
2023-09-01 00:00:00-04:00,136.4291897075704,136.4291897075704,133.83876157564302,134.64268493652344,21543700,0.0,0.0,GOOGL,2026-01-26 06:13:31.896900+00:00
2023-09-05 00:00:00-04:00,134.42433443329878,135.3969811480602,133.57078298930236,134.75186157226562,19403100,0.0,0.0,GOOGL,2026-01-26 06:13:31.896900+00:00
2023-09-06 00:00:00-04:00,134.99998980551268,135.5061598618362,132.66760640562674,133.45169067382812,18684500,0.0,0.0,GOOGL,2026-01-26 06:13:31.896900+00:00
2023-09-07 00:00:00-04:00,132.58819181549026,134.56327406172488,131.9529918442149,134.24566650390625,18844300,0.0,0.0,GOOGL,2026-01-26 06:13:31.896900+00:00
2023-09-08 00:00:00-04:00,133.8983220306733,135.63519889075076,133.83877438999752,135.3572998046875,23558300,0.0,0.0,GOOGL,2026-01-26 06:13:31.896900+00:00
2023-09-11 00:00:00-04:00,135.51606381265162,136.44901706515918,134.77168815088856,135.89321899414062,20763400,0.0,0.0,GOOGL,2026-01-26 06:13:31.896900+00:00
2023-09-12 00:00:00-04:00,135.23817228733398,135.84359846496358,134.17620415931236,134.3250732421875,18405500,0.0,0.0,GOOGL,2026-01-26 06:13:31.896900+00:00
2023-09-13 00:00:00-04:00,134.0769375034417,135.8733616364172,133.14398427221744,135.68479919433594,20749500,0.0,0.0,GOOGL,2026-01-26 06:13:31.896900+00:00
2023-09-14 00:00:00-04:00,136.56814159733074,137.65988359424148,135.21833965192076,137.06439208984375,24751000,0.0,0.0,GOOGL,2026-01-26 06:13:31.896900+00:00
2023-09-15 00:00:00-04:00,136.94528129329058,137.48124030456012,135.45652981988454,136.36962890625,38919600,0.0,0.0,GOOGL,2026-01-26 06:13:31.896900+00:00
2023-09-18 00:00:00-04:00,135.58556108112978,138.11644163882283,135.58556108112978,137.17356872558594,21861300,0.0,0.0,GOOGL,2026-01-26 06:13:31.896900+00:00
2023-09-19 00:00:00-04:00,136.38947604665375,137.3720574197808,135.59547227341233,137.00482177734375,20353700,0.0,0.0,GOOGL,2026-01-26 06:13:31.896900+00:00
2023-09-20 00:00:00-04:00,137.04452607661787,137.04452607661787,132.61796539950902,132.73707580566406,29927500,0.0,0.0,GOOGL,2026-01-26 06:13:31.896900+00:00
2023-09-21 00:00:00-04:00,130.45432343039326,131.23839249416972,129.09460201532931,129.46182250976562,31503900,0.0,0.0,GOOGL,2026-01-26 06:13:31.896900+00:00
2023-09-22 00:00:00-04:00,129.7794091306759,131.03988948397537,128.62811962390344,129.2732391357422,26397300,0.0,0.0,GOOGL,2026-01-26 06:13:31.896900+00:00
2023-09-25 00:00:00-04:00,128.85640052897944,130.1863481711838,127.99292954617495,130.12680053710938,20094600,0.0,0.0,GOOGL,2026-01-26 06:13:31.896900+00:00
2023-09-26 00:00:00-04:00,128.79685599233989,129.38242793397103,126.26597547277304,127.6058578491211,25718700,0.0,0.0,GOOGL,2026-01-26 06:13:31.896900+00:00
2023-09-27 00:00:00-04:00,127.60586778894698,129.918381917851,127.60586778894698,129.5610809326172,22746500,0.0,0.0,GOOGL,2026-01-26 06:13:31.896900+00:00
2023-09-28 00:00:00-04:00,128.86630133263088,132.30036079333664,128.816673263337,131.31777954101562,22513100,0.0,0.0,GOOGL,2026-01-26 06:13:31.896900+00:00
2023-09-29 00:00:00-04:00,132.28054343603355,133.04477351212972,129.38244208430763,129.87869262695312,30859800,0.0,0.0,GOOGL,2026-01-26 06:13:31.896900+00:00
2023-10-02 00:00:00-04:00,130.2260695069411,133.41198939838114,130.18636098407492,133.1638641357422,22288000,0.0,0.0,GOOGL,2026-01-26 06:13:31.896900+00:00
2023-10-03 00:00:00-04:00,132.93557573096578,133.2531681504959,130.85131773991853,131.4368896484375,22989400,0.0,0.0,GOOGL,2026-01-26 06:13:31.896900+00:00
2023-10-04 00:00:00-04:00,131.79419070491505,134.55335719954957,131.53614591729064,134.225830078125,26752300,0.0,0.0,GOOGL,2026-01-26 06:13:31.896900+00:00
2023-10-05 00:00:00-04:00,134.05709838867188,134.4739469324216,132.4492366977958,134.05709838867188,19832600,0.0,0.0,GOOGL,2026-01-26 06:13:31.896900+00:00
2023-10-06 00:00:00-04:00,133.00505810690692,137.1239464843942,133.00505810690692,136.5482940673828,27597600,0.0,0.0,GOOGL,2026-01-26 06:13:31.896900+00:00
2023-10-09 00:00:00-04:00,135.9130761696135,137.8980779769235,134.59304815042893,137.38197326660156,19278100,0.0,0.0,GOOGL,2026-01-26 06:13:31.896900+00:00
2023-10-10 00:00:00-04:00,137.46139159362946,138.6722440524293,136.3001672148192,137.02468872070312,27786600,0.0,0.0,GOOGL,2026-01-26 06:13:31.896900+00:00
2023-10-11 00:00:00-04:00,137.54080433515963,140.05183090806798,137.54080433515963,139.49603271484375,25884300,0.0,0.0,GOOGL,2026-01-26 06:13:31.896900+00:00
2023-10-12 00:00:00-04:00,139.99224472470698,140.1609680480309,137.22315893559568,137.92784118652344,24765500,0.0,0.0,GOOGL,2026-01-26 06:13:31.896900+00:00
2023-10-13 00:00:00-04:00,138.33478161475625,138.9501273324613,135.59546941209604,136.32992553710938,23420500,0.0,0.0,GOOGL,2026-01-26 06:13:31.896900+00:00
2023-10-16 00:00:00-04:00,137.13388134357746,138.58293967833606,136.95523840682995,138.05691528320312,28501900,0.0,0.0,GOOGL,2026-01-26 06:13:31.896900+00:00
2023-10-17 00:00:00-04:00,137.5904036136543,138.85086884355698,136.1512652036196,138.67222595214844,23515800,0.0,0.0,GOOGL,2026-01-26 06:13:31.896900+00:00
2023-10-18 00:00:00-04:00,138.40424694073948,139.66472731928488,136.34977796075492,136.92543029785156,23375000,0.0,0.0,GOOGL,2026-01-26 06:13:31.896900+00:00
2023-10-19 00:00:00-04:00,137.46135555205026,138.61266007074266,136.34975954468368,136.71697998046875,26066000,0.0,0.0,GOOGL,2026-01-26 06:13:31.896900+00:00
2023-10-20 00:00:00-04:00,136.30015222216522,136.83609605175457,134.06702516754572,134.5831298828125,26335700,0.0,0.0,GOOGL,2026-01-26 06:13:31.896900+00:00
2023-10-23 00:00:00-04:00,134.02733644259234,136.62769951725605,132.94551392213268,135.4763946533203,26317900,0.0,0.0,GOOGL,2026-01-26 06:13:31.896900+00:00
2023-10-24 00:00:00-04:00,136.79641151026584,138.31493679389348,136.38948247495046,137.76905822753906,44814300,0.0,0.0,GOOGL,2026-01-26 06:13:31.896900+00:00
2023-10-25 00:00:00-04:00,127.19892549752396,127.34779458240867,124.13209362181638,124.66804504394531,84366200,0.0,0.0,GOOGL,2026-01-26 06:13:31.896900+00:00
2023-10-26 00:00:00-04:00,122.34558034438075,123.39763642797095,120.36057858115953,121.36300659179688,57061100,0.0,0.0,GOOGL,2026-01-26 06:13:31.896900+00:00
2023-10-27 00:00:00-04:00,121.95852001538093,122.38529574778306,119.30854416571684,121.25384521484375,44566500,0.0,0.0,GOOGL,2026-01-26 06:13:31.896900+00:00
2023-10-30 00:00:00-04:00,122.2860385724438,124.45961803038976,121.82948905369454,123.52666473388672,28940100,0.0,0.0,GOOGL,2026-01-26 06:13:31.896900+00:00
2023-10-31 00:00:00-04:00,124.12216757392719,124.42984802046038,121.76994514607122,123.14952087402344,26292300,0.0,0.0,GOOGL,2026-01-26 06:13:31.896900+00:00
2023-11-01 00:00:00-04:00,123.13959001581209,125.54144044779346,122.79221620493564,125.50173950195312,30082400,0.0,0.0,GOOGL,2026-01-26 06:13:31.896900+00:00
2023-11-02 00:00:00-04:00,127.45696935668228,128.01276746198673,125.97814507096508,126.53394317626953,27124600,0.0,0.0,GOOGL,2026-01-26 06:13:31.896900+00:00
2023-11-03 00:00:00-04:00,127.05997884535377,128.55864986310226,126.90117505497481,128.1318817138672,26393100,0.0,0.0,GOOGL,2026-01-26 06:13:31.896900+00:00
2023-11-06 00:00:00-05:00,128.08224111307598,129.3625605799608,127.7050859338931,129.2732391357422,19052700,0.0,0.0,GOOGL,2026-01-26 06:13:31.896900+00:00
2023-11-07 00:00:00-05:00,129.72980920218515,130.9208073441977,128.90603157499936,129.98785400390625,29757300,0.0,0.0,GOOGL,2026-01-26 06:13:31.896900+00:00
2023-11-08 00:00:00-05:00,129.98784740054361,131.21855399990926,129.7992698016351,130.851318359375,26425800,0.0,0.0,GOOGL,2026-01-26 06:13:31.896900+00:00
2023-11-09 00:00:00-05:00,130.9704081990511,131.55598001837535,129.0945823505806,129.2633056640625,23747800,0.0,0.0,GOOGL,2026-01-26 06:13:31.896900+00:00
2023-11-10 00:00:00-05:00,129.12437037075154,131.80411971424755,128.43954234138178,131.59568786621094,26913300,0.0,0.0,GOOGL,2026-01-26 06:13:31.896900+00:00
2023-11-13 00:00:00-05:00,130.7917686694096,131.59569198317294,130.26574439881477,131.0994415283203,18324800,0.0,0.0,GOOGL,2026-01-26 06:13:31.896900+00:00
2023-11-14 00:00:00-05:00,133.1836984817578,134.68236939202447,132.3202275430886,132.6179656982422,32395200,0.0,0.0,GOOGL,2026-01-26 06:13:31.896900+00:00
2023-11-15 00:00:00-05:00,133.8585988714082,134.01740265875648,132.56835974620077,133.6104736328125,23861500,0.0,0.0,GOOGL,2026-01-26 06:13:31.896900+00:00
2023-11-16 00:00:00-05:00,134.17621044610362,136.1909862320152,133.3127394362453,135.9031524658203,28013200,0.0,0.0,GOOGL,2026-01-26 06:13:31.896900+00:00
2023-11-17 00:00:00-05:00,134.98010076146218,135.03964838281826,132.64771796261962,134.29527282714844,37240600,0.0,0.0,GOOGL,2026-01-26 06:13:31.896900+00:00
2023-11-20 00:00:00-05:00,132.68745618308765,135.63518525511367,132.61797384637484,135.22825622558594,27815500,0.0,0.0,GOOGL,2026-01-26 06:13:31.896900+00:00
2023-11-21 00:00:00-05:00,135.26797768243426,136.15130311721947,134.94046562365077,135.94288635253906,22635300,0.0,0.0,GOOGL,2026-01-26 06:13:31.896900+00:00
2023-11-22 00:00:00-05:00,136.43909143782605,138.3744650434286,136.43909143782605,137.45144653320312,17813900,0.0,0.0,GOOGL,2026-01-26 06:13:31.896900+00:00
2023-11-24 00:00:00-05:00,136.99492586910037,137.09418203702575,134.97023028496082,135.66497802734375,12514300,0.0,0.0,GOOGL,2026-01-26 06:13:31.896900+00:00
2023-11-27 00:00:00-05:00,135.0099296792593,137.3820068124322,134.98015585642847,135.3870849609375,23436500,0.0,0.0,GOOGL,2026-01-26 06:13:31.896900+00:00
2023-11-28 00:00:00-05:00,135.05953110146496,136.22075539571145,134.40447683977845,136.17112731933594,18730000,0.0,0.0,GOOGL,2026-01-26 06:13:31.896900+00:00
2023-11-29 00:00:00-05:00,136.5383455929967,137.25293225328704,133.82880744021125,133.97769165039062,23967200,0.0,0.0,GOOGL,2026-01-26 06:13:31.896900+00:00
2023-11-30 00:00:00-05:00,134.0372391259656,134.533489537284,130.29550678420406,131.5361328125,38988300,0.0,0.0,GOOGL,2026-01-26 06:13:31.896900+00:00
2023-12-01 00:00:00-05:00,130.87120056152344,131.11932584583207,129.69012178511585,130.87120056152344,31442300,0.0,0.0,GOOGL,2026-01-26 06:13:31.896900+00:00
2023-12-04 00:00:00-05:00,128.90602431139112,129.05489339161807,126.94086915840347,128.30059814453125,36669900,0.0,0.0,GOOGL,2026-01-26 06:13:31.896900+00:00
2023-12-05 00:00:00-05:00,127.98298023608452,131.14906033747008,127.28823267724465,130.0076904296875,27384800,0.0,0.0,GOOGL,2026-01-26 06:13:31.896900+00:00
2023-12-06 00:00:00-05:00,130.45433249808588,130.85132683618656,128.9060333773847,129.04498291015625,23576200,0.0,0.0,GOOGL,2026-01-26 06:13:31.896900+00:00
2023-12-07 00:00:00-05:00,134.02732621189014,137.52093391588886,133.68987951198724,135.9031524658203,56767100,0.0,0.0,GOOGL,2026-01-26 06:13:31.896900+00:00
2023-12-08 00:00:00-05:00,133.19360751878372,135.37710630216824,133.024884196069,133.97769165039062,32260100,0.0,0.0,GOOGL,2026-01-26 06:13:31.896900+00:00
2023-12-11 00:00:00-05:00,131.38728665345792,132.34007912846104,130.3749313974492,132.2904510498047,31138000,0.0,0.0,GOOGL,2026-01-26 06:13:31.896900+00:00
2023-12-12 00:00:00-05:00,130.82153234482118,132.0026107589198,130.2756538579234,131.52621459960938,29032800,0.0,0.0,GOOGL,2026-01-26 06:13:31.896900+00:00
2023-12-13 00:00:00-05:00,132.379774745465,132.4988700071408,130.58335054149978,131.5758514404297,30104800,0.0,0.0,GOOGL,2026-01-26 06:13:31.896900+00:00
2023-12-14 00:00:00-05:00,132.37978056258655,132.71722724840416,128.71744966150473,130.95057678222656,38722400,0.0,0.0,GOOGL,2026-01-26 06:13:31.896900+00:00
2023-12-15 00:00:00-05:00,130.63295958195536,132.5087856193142,130.19625677632916,131.60562133789062,50847100,0.0,0.0,GOOGL,2026-01-26 06:13:31.896900+00:00
2023-12-18 00:00:00-05:00,131.63540528883573,136.1214986599511,131.43689298418388,134.78163146972656,32258000,0.0,0.0,GOOGL,2026-01-26 06:13:31.896900+00:00
2023-12-19 00:00:00-05:00,135.8138370178058,136.43911751155446,135.05954168860268,135.62525939941406,25476800,0.0,0.0,GOOGL,2026-01-26 06:13:31.896900+00:00
2023-12-20 00:00:00-05:00,137.9278622500159,140.63738568200563,137.03461742674637,137.30258178710938,49107200,0.0,0.0,GOOGL,2026-01-26 06:13:31.896900+00:00
2023-12-21 00:00:00-05:00,138.44394015604402,139.6349380709306,138.1362521909772,139.36695861816406,27488300,0.0,0.0,GOOGL,2026-01-26 06:13:31.896900+00:00
2023-12-22 00:00:00-05:00,139.71436841353267,140.9252208312421,139.65482077731141,140.42897033691406,26532200,0.0,0.0,GOOGL,2026-01-26 06:13:31.896900+00:00
2023-12-26 00:00:00-05:00,140.52822269290866,141.61004522322366,140.13122832314528,140.45875549316406,16780300,0.0,0.0,GOOGL,2026-01-26 06:13:31.896900+00:00
2023-12-27 00:00:00-05:00,140.52820465495105,141.0145355681964,138.84095608348233,139.31735229492188,19628600,0.0,0.0,GOOGL,2026-01-26 06:13:31.896900+00:00
2023-12-28 00:00:00-05:00,139.7243149573596,140.0816159880583,138.702039953154,139.17843627929688,16045700,0.0,0.0,GOOGL,2026-01-26 06:13:31.896900+00:00
2023-12-29 00:00:00-05:00,138.5829084225353,139.3074298543242,137.73927658207975,138.6424560546875,18733000,0.0,0.0,GOOGL,2026-01-26 06:13:31.896900+00:00
2024-01-02 00:00:00-05:00,137.51098999214332,138.40423466169574,135.45650605006813,137.1338348388672,23711200,0.0,0.0,GOOGL,2026-01-26 06:13:31.896900+00:00
2024-01-03 00:00:00-05:00,136.2207449621666,138.58290188858055,136.05202163090297,137.8782196044922,24212100,0.0,0.0,GOOGL,2026-01-26 06:13:31.896900+00:00
2024-01-04 00:00:00-05:00,137.38196297189364,138.1164190375322,135.32749413034747,135.3671875,27137700,0.0,0.0,GOOGL,2026-01-26 06:13:31.896900+00:00
2024-01-05 00:00:00-05:00,135.7245288498821,136.13145794579813,134.13652099206422,134.71217346191406,22513900,0.0,0.0,GOOGL,2026-01-26 06:13:31.896900+00:00
2024-01-08 00:00:00-05:00,135.26794767616852,137.96755146900708,135.23817385924744,137.798828125,21404000,0.0,0.0,GOOGL,2026-01-26 06:13:31.896900+00:00
2024-01-09 00:00:00-05:00,137.46139607476167,140.42897968026014,137.11401464787397,139.8930206298828,24759600,0.0,0.0,GOOGL,2026-01-26 06:13:31.896900+00:00
2024-01-10 00:00:00-05:00,139.94264312514758,141.92764515529154,139.85332166843838,141.21304321289062,21320200,0.0,0.0,GOOGL,2026-01-26 06:13:31.896900+00:00
2024-01-11 00:00:00-05:00,142.4139716480829,144.13099411000476,139.58533778589887,141.01454162597656,24008700,0.0,0.0,GOOGL,2026-01-26 06:13:31.896900+00:00
2024-01-12 00:00:00-05:00,141.6001002299109,142.12612449032548,140.75648355960536,141.5802459716797,18785500,0.0,0.0,GOOGL,2026-01-26 06:13:31.896900+00:00
2024-01-16 00:00:00-05:00,140.93514731118603,143.267530806828,140.38926871174172,141.42147827148438,22670500,0.0,0.0,GOOGL,2026-01-26 06:13:31.896900+00:00
2024-01-17 00:00:00-05:00,140.2900233777166,140.77633917868644,137.85838379541343,140.40911865234375,20968600,0.0,0.0,GOOGL,2026-01-26 06:13:31.896900+00:00
2024-01-18 00:00:00-05:00,140.9847683324612,143.12857410055258,140.92522069629695,142.40403747558594,25746400,0.0,0.0,GOOGL,2026-01-26 06:13:31.896900+00:00
2024-01-19 00:00:00-05:00,143.65460180395502,145.35177005215584,143.29730083417112,145.2823028564453,34271900,0.0,0.0,GOOGL,2026-01-26 06:13:31.896900+00:00
2024-01-22 00:00:00-05:00,145.99689454630132,147.2772140972634,144.7463336676715,144.8952178955078,32200400,0.0,0.0,GOOGL,2026-01-26 06:13:31.896900+00:00
2024-01-23 00:00:00-05:00,144.79597726482936,146.0762969530336,144.40890246194306,145.93734741210938,21636100,0.0,0.0,GOOGL,2026-01-26 06:13:31.896900+00:00
2024-01-24 00:00:00-05:00,147.4260808607733,148.7262697948882,146.98939317466798,147.5848846435547,25233500,0.0,0.0,GOOGL,2026-01-26 06:13:31.896900+00:00
2024-01-25 00:00:00-05:00,148.944605003714,151.90225320047952,148.4185656374429,150.73109436035156,29149100,0.0,0.0,GOOGL,2026-01-26 06:13:31.896900+00:00
2024-01-26 00:00:00-05:00,149.96688376806185,151.39607226389228,149.8775471822791,151.0487060546875,26115500,0.0,0.0,GOOGL,2026-01-26 06:13:31.896900+00:00
2024-01-29 00:00:00-05:00,150.919687123006,152.62678991300623,150.29440669865645,152.3588104248047,27784300,0.0,0.0,GOOGL,2026-01-26 06:13:31.896900+00:00
2024-01-30 00:00:00-05:00,151.65416654936732,152.46800955182925,150.05623922063467,150.32421875,36331800,0.0,0.0,GOOGL,2026-01-26 06:13:31.896900+00:00
2024-01-31 00:00:00-05:00,142.54295394505618,142.9201090790989,138.82107610445465,139.0493621826172,71910000,0.0,0.0,GOOGL,2026-01-26 06:13:31.896900+00:00
2024-02-01 00:00:00-05:00,141.05424824171908,141.98720167736062,139.7342199917544,140.10145568847656,40466500,0.0,0.0,GOOGL,2026-01-26 06:13:31.896900+00:00
2024-02-02 00:00:00-05:00,138.21567319652831,141.55047690627347,135.47637609880854,141.31228637695312,62499600,0.0,0.0,GOOGL,2026-01-26 06:13:31.896900+00:00
2024-02-05 00:00:00-05:00,141.7489723902992,144.37909346860508,141.70926387721508,142.60250854492188,38505400,0.0,0.0,GOOGL,2026-01-26 06:13:31.896900+00:00
2024-02-06 00:00:00-05:00,143.56525733160348,144.2699396743933,142.11621441563744,143.01939392089844,29128200,0.0,0.0,GOOGL,2026-01-26 06:13:31.896900+00:00
2024-02-07 00:00:00-05:00,143.67444354834973,144.52799503931547,142.85066587671363,144.44859313964844,25208900,0.0,0.0,GOOGL,2026-01-26 06:13:31.896900+00:00
2024-02-08 00:00:00-05:00,144.73642451766594,145.2326750240787,144.01190301872515,144.81582641601562,22563800,0.0,0.0,GOOGL,2026-01-26 06:13:31.896900+00:00
2024-02-09 00:00:00-05:00,145.58002011050414,148.31933219973374,145.0837696762943,147.88262939453125,26829500,0.0,0.0,GOOGL,2026-01-26 06:13:31.896900+00:00
2024-02-12 00:00:00-05:00,147.3069701451041,148.2200690837802,146.26484125340653,146.42364501953125,21564100,0.0,0.0,GOOGL,2026-01-26 06:13:31.896900+00:00
2024-02-13 00:00:00-05:00,143.83325377685597,145.5701306557534,142.61248169668156,144.05160522460938,27837700,0.0,0.0,GOOGL,2026-01-26 06:13:31.896900+00:00
2024-02-14 00:00:00-05:00,144.98454584573585,145.42124870265448,143.00946343171321,144.84559631347656,22704200,0.0,0.0,GOOGL,2026-01-26 06:13:31.896900+00:00
2024-02-15 00:00:00-05:00,142.06657656161852,142.4437317454111,139.40668144996613,141.69935607910156,37590700,0.0,0.0,GOOGL,2026-01-26 06:13:31.896900+00:00
2024-02-16 00:00:00-05:00,141.9177262893279,142.11622346443778,139.08909232483043,139.46624755859375,31468900,0.0,0.0,GOOGL,2026-01-26 06:13:31.896900+00:00
2024-02-20 00:00:00-05:00,138.61270917417647,141.0145600520099,138.44398580217106,140.06175231933594,25144700,0.0,0.0,GOOGL,2026-01-26 06:13:31.896900+00:00
2024-02-21 00:00:00-05:00,140.38926092804869,141.6199675981642,139.62503093119838,141.48101806640625,23223300,0.0,0.0,GOOGL,2026-01-26 06:13:31.896900+00:00
2024-02-22 00:00:00-05:00,143.84315762538745,143.9126399622496,141.72914086755702,143.00946044921875,27191900,0.0,0.0,GOOGL,2026-01-26 06:13:31.896900+00:00
2024-02-23 00:00:00-05:00,142.5925983953203,143.59501882359496,142.35439273418308,142.88043212890625,19493800,0.0,0.0,GOOGL,2026-01-26 06:13:31.896900+00:00
2024-02-26 00:00:00-05:00,141.07409774924443,141.37185109123465,136.35971779155244,136.5383758544922,53641800,0.0,0.0,GOOGL,2026-01-26 06:13:31.896900+00:00
2024-02-27 00:00:00-05:00,136.98498010411188,138.20575198535647,136.06194638095468,137.83853149414062,33099200,0.0,0.0,GOOGL,2026-01-26 06:13:31.896900+00:00
2024-02-28 00:00:00-05:00,136.86589051635528,136.975066239049,134.394572562124,135.3572998046875,37328600,0.0,0.0,GOOGL,2026-01-26 06:13:31.896900+00:00
2024-02-29 00:00:00-05:00,136.25053286698093,137.81868622745773,135.377127161307,137.42169189453125,42133000,0.0,0.0,GOOGL,2026-01-26 06:13:31.896900+00:00
2024-03-01 00:00:00-05:00,137.39189175788897,137.8285945752075,135.89322085696574,136.111572265625,31151100,0.0,0.0,GOOGL,2026-01-26 06:13:31.896900+00:00
2024-03-04 00:00:00-05:00,134.64271189279336,134.64271189279336,130.92083251812105,132.35003662109375,55999400,0.0,0.0,GOOGL,2026-01-26 06:13:31.896900+00:00
2024-03-05 00:00:00-05:00,130.89102554499024,132.2408273954596,129.69009277405854,131.6750946044922,40194800,0.0,0.0,GOOGL,2026-01-26 06:13:31.896900+00:00
2024-03-06 00:00:00-05:00,132.12171457090452,132.57827164707297,129.86874843851078,130.41461181640625,35318600,0.0,0.0,GOOGL,2026-01-26 06:13:31.896900+00:00
2024-03-07 00:00:00-05:00,131.79418082018677,133.92806672802465,130.6230370899261,133.3722686767578,37738200,0.0,0.0,GOOGL,2026-01-26 06:13:31.896900+00:00
2024-03-08 00:00:00-05:00,133.20356361663008,137.05445713321666,132.99513174664168,134.39456176757812,39370400,0.0,0.0,GOOGL,2026-01-26 06:13:31.896900+00:00
2024-03-11 00:00:00-04:00,135.10914387452527,138.05687257387362,135.10914387452527,136.63758850097656,32437800,0.0,0.0,GOOGL,2026-01-26 06:13:31.896900+00:00
2024-03-12 00:00:00-04:00,136.0024024134986,138.33478567710262,136.0024024134986,137.4613800048828,27563400,0.0,0.0,GOOGL,2026-01-26 06:13:31.896900+00:00
2024-03-13 00:00:00-04:00,137.95761497005276,140.03193806409257,137.9476954137514,138.74168395996094,23347200,0.0,0.0,GOOGL,2026-01-26 06:13:31.896900+00:00
2024-03-14 00:00:00-04:00,140.13120561748423,142.51320173883516,139.40668419509728,142.02688598632812,42753400,0.0,0.0,GOOGL,2026-01-26 06:13:31.896900+00:00
2024-03-15 00:00:00-04:00,141.43136997734203,142.10626328057222,138.97989168618588,140.1212615966797,49475400,0.0,0.0,GOOGL,2026-01-26 06:13:31.896900+00:00
2024-03-18 00:00:00-04:00,147.4955587325886,151.00900524024846,146.06635501951953,146.57252502441406,69273700,0.0,0.0,GOOGL,2026-01-26 06:13:31.896900+00:00
2024-03-19 00:00:00-04:00,147.04894486376466,147.6742101661268,144.98454106374294,145.9274139404297,24070400,0.0,0.0,GOOGL,2026-01-26 06:13:31.896900+00:00
2024-03-20 00:00:00-04:00,146.89014708409312,147.74369854454548,145.63960128386148,147.62460327148438,21311500,0.0,0.0,GOOGL,2026-01-26 06:13:31.896900+00:00
2024-03-21 00:00:00-04:00,148.34912076601722,149.24236557867428,145.7983860112411,146.49314880371094,24755600,0.0,0.0,GOOGL,2026-01-26 06:13:31.896900+00:00
2024-03-22 00:00:00-04:00,148.0017532026702,150.44331247348805,147.86280366006199,149.63938903808594,29211800,0.0,0.0,GOOGL,2026-01-26 06:13:31.896900+00:00
2024-03-25 00:00:00-04:00,148.81559588391366,149.25229872799846,146.71149870171885,148.9446258544922,19229300,0.0,0.0,GOOGL,2026-01-26 06:13:31.896900+00:00
2024-03-26 00:00:00-04:00,149.09349296069317,151.1181882221387,148.85528728225617,149.5401153564453,22149100,0.0,0.0,GOOGL,2026-01-26 06:13:31.896900+00:00
2024-03-27 00:00:00-04:00,150.04628982187702,150.50284693295552,147.78338881509114,149.73861694335938,22879200,0.0,0.0,GOOGL,2026-01-26 06:13:31.896900+00:00
2024-03-28 00:00:00-04:00,149.71875474093687,150.29439188944642,149.04384630833158,149.7981414794922,24485400,0.0,0.0,GOOGL,2026-01-26 06:13:31.896900+00:00
2024-04-01 00:00:00-04:00,149.5599671303415,154.57209984115423,149.48056523884867,154.323974609375,31730800,0.0,0.0,GOOGL,2026-01-26 06:13:31.896900+00:00
2024-04-02 00:00:00-04:00,152.34889138814307,153.53988946458512,151.0090090869194,153.40093994140625,24586000,0.0,0.0,GOOGL,2026-01-26 06:13:31.896900+00:00
2024-04-03 00:00:00-04:00,152.44816154374408,153.91705880149465,151.58467536489442,153.7582550048828,24705000,0.0,0.0,GOOGL,2026-01-26 06:13:31.896900+00:00
2024-04-04 00:00:00-04:00,152.34891345621864,153.6093940490146,149.3217821795186,149.40118408203125,34724700,0.0,0.0,GOOGL,2026-01-26 06:13:31.896900+00:00
2024-04-05 00:00:00-04:00,148.90493591423527,152.26951397177075,148.47816771886264,151.35641479492188,23459200,0.0,0.0,GOOGL,2026-01-26 06:13:31.896900+00:00
2024-04-08 00:00:00-04:00,151.63429745472348,154.10563032964885,151.46557410662442,153.68878173828125,20702000,0.0,0.0,GOOGL,2026-01-26 06:13:31.896900+00:00
2024-04-09 00:00:00-04:00,154.91945877952742,157.37093716554625,154.02621404495505,155.42564392089844,31079500,0.0,0.0,GOOGL,2026-01-26 06:13:31.896900+00:00
2024-04-10 00:00:00-04:00,155.0385680237579,155.43556231518494,153.520027755364,154.96908569335938,22838600,0.0,0.0,GOOGL,2026-01-26 06:13:31.896900+00:00
2024-04-11 00:00:00-04:00,155.73333190851926,158.48254871038773,155.28670949781988,158.21458435058594,27166400,0.0,0.0,GOOGL,2026-01-26 06:13:31.896900+00:00
2024-04-12 00:00:00-04:00,156.7754510311415,159.0184976446993,155.9615930124083,156.5471649169922,25353700,0.0,0.0,GOOGL,2026-01-26 06:13:31.896900+00:00
2024-04-15 00:00:00-04:00,157.66871946165114,158.0458747117583,153.43073568254982,153.69871520996094,27136500,0.0,0.0,GOOGL,2026-01-26 06:13:31.896900+00:00
2024-04-16 00:00:00-04:00,153.03372500347797,154.4827679200494,152.27941458366453,153.2421417236328,20779500,0.0,0.0,GOOGL,2026-01-26 06:13:31.896900+00:00
2024-04-17 00:00:00-04:00,154.45299200861103,155.902050049897,153.42079769070784,154.3041229248047,21763100,0.0,0.0,GOOGL,2026-01-26 06:13:31.896900+00:00
2024-04-18 00:00:00-04:00,154.17508359846744,155.7630910697114,153.46048175084383,154.84005737304688,19883000,0.0,0.0,GOOGL,2026-01-26 06:13:31.896900+00:00
2024-04-19 00:00:00-04:00,155.028625585324,155.18742935171366,151.15787843183034,152.9344482421875,32615600,0.0,0.0,GOOGL,2026-01-26 06:13:31.896900+00:00
2024-04-22 00:00:00-04:00,153.15281939939192,156.45784938513543,152.90469416152254,155.10804748535156,26446200,0.0,0.0,GOOGL,2026-01-26 06:13:31.896900+00:00
2024-04-23 00:00:00-04:00,155.78295727916927,157.7778787559541,155.10804875158632,157.0731964111328,21151600,0.0,0.0,GOOGL,2026-01-26 06:13:31.896900+00:00
2024-04-24 00:00:00-04:00,156.30897512463662,158.37337885267914,155.991367561386,157.93667602539062,22779100,0.0,0.0,GOOGL,2026-01-26 06:13:31.896900+00:00
2024-04-25 00:00:00-04:00,150.19516181159548,155.3164700492321,149.73860473773226,154.83013916015625,57109700,0.0,0.0,GOOGL,2026-01-26 06:13:31.896900+00:00
2024-04-26 00:00:00-04:00,173.06240370866433,173.39986557629047,168.37779752849133,170.66055297851562,64665300,0.0,0.0,GOOGL,2026-01-26 06:13:31.896900+00:00
2024-04-29 00:00:00-04:00,167.79220353593925,168.27853443993808,163.97108407090454,164.90402221679688,45610000,0.0,0.0,GOOGL,2026-01-26 06:13:31.896900+00:00
2024-04-30 00:00:00-04:00,164.36809054901573,166.8394234809616,161.38066800310506,161.55931091308594,33562900,0.0,0.0,GOOGL,2026-01-26 06:13:31.896900+00:00
2024-05-01 00:00:00-04:00,163.0679131791334,165.86675805283966,161.86698033617475,162.63121032714844,33493200,0.0,0.0,GOOGL,2026-01-26 06:13:31.896900+00:00
2024-05-02 00:00:00-04:00,163.55422015396346,165.4796743643417,162.6609753825577,165.37049865722656,24294500,0.0,0.0,GOOGL,2026-01-26 06:13:31.896900+00:00
2024-05-03 00:00:00-04:00,166.30343222583022,166.700441633881,161.82725905362557,165.98583984375,34662400,0.0,0.0,GOOGL,2026-01-26 06:13:31.896900+00:00
2024-05-06 00:00:00-04:00,166.2042164988209,166.8791098785654,164.78493225886228,166.83941650390625,21871300,0.0,0.0,GOOGL,2026-01-26 06:13:31.896900+00:00
2024-05-07 00:00:00-04:00,167.23638212106525,170.47192922526577,167.1272064290397,169.96575927734375,28039700,0.0,0.0,GOOGL,2026-01-26 06:13:31.896900+00:00
2024-05-08 00:00:00-04:00,167.73264706920992,168.87401701223217,167.47460229491972,168.10980224609375,19569100,0.0,0.0,GOOGL,2026-01-26 06:13:31.896900+00:00
2024-05-09 00:00:00-04:00,168.11973776202532,169.40999204467994,166.9188049315239,168.6854705810547,15346700,0.0,0.0,GOOGL,2026-01-26 06:13:31.896900+00:00
2024-05-10 00:00:00-04:00,166.76993866167226,168.57629771677423,164.94374049088748,167.38528442382812,29799900,0.0,0.0,GOOGL,2026-01-26 06:13:31.896900+00:00
2024-05-13 00:00:00-04:00,163.02818817677723,168.01054680668042,162.77014340140366,167.87159729003906,31327600,0.0,0.0,GOOGL,2026-01-26 06:13:31.896900+00:00
2024-05-14 00:00:00-04:00,168.49688914969917,169.96578630331507,167.5341620244905,169.06260681152344,25127100,0.0,0.0,GOOGL,2026-01-26 06:13:31.896900+00:00
2024-05-15 00:00:00-04:00,169.3504777466098,171.3553191855067,169.23136730926242,171.21636962890625,26948400,0.0,0.0,GOOGL,2026-01-26 06:13:31.896900+00:00
2024-05-16 00:00:00-04:00,171.9904693856651,173.80674779811807,171.39497794928866,172.87379455566406,27867900,0.0,0.0,GOOGL,2026-01-26 06:13:31.896900+00:00
2024-05-17 00:00:00-04:00,172.87380893604973,174.94814744007684,172.387493160876,174.73971557617188,24479300,0.0,0.0,GOOGL,2026-01-26 06:13:31.896900+00:00
2024-05-20 00:00:00-04:00,174.86874028439564,177.42939448654315,174.7595645769426,175.59326171875,22554400,0.0,0.0,GOOGL,2026-01-26 06:13:31.896900+00:00
2024-05-21 00:00:00-04:00,175.57340838811095,176.81403455010823,174.49158600949627,176.51629638671875,16989400,0.0,0.0,GOOGL,2026-01-26 06:13:31.896900+00:00
2024-05-22 00:00:00-04:00,175.31537207270605,175.82154211929756,173.89610294407106,175.0573272705078,17880000,0.0,0.0,GOOGL,2026-01-26 06:13:31.896900+00:00
2024-05-23 00:00:00-04:00,175.7421581518555,176.913302054648,171.65304376131735,172.24855041503906,21024900,0.0,0.0,GOOGL,2026-01-26 06:13:31.896900+00:00
2024-05-24 00:00:00-04:00,173.6678149317287,174.45189917635065,172.34778682854989,173.67774963378906,16579400,0.0,0.0,GOOGL,2026-01-26 06:13:31.896900+00:00
2024-05-28 00:00:00-04:00,173.1417747585167,175.94063449763217,173.06237287112745,175.0771484375,20572200,0.0,0.0,GOOGL,2026-01-26 06:13:31.896900+00:00
2024-05-29 00:00:00-04:00,174.11444068348618,175.51387070822295,173.40977346435537,174.58091735839844,23388700,0.0,0.0,GOOGL,2026-01-26 06:13:31.896900+00:00
2024-05-30 00:00:00-04:00,173.88619124686912,173.90604550946892,170.50175883094136,170.81936645507812,22931500,0.0,0.0,GOOGL,2026-01-26 06:13:31.896900+00:00
2024-05-31 00:00:00-04:00,170.57119046580047,171.76218841349086,168.1693403137227,171.20639038085938,37638900,0.0,0.0,GOOGL,2026-01-26 06:13:31.896900+00:00
2024-06-03 00:00:00-04:00,171.24610323694733,173.22118553313896,169.8764622562065,171.8713836669922,27459100,0.0,0.0,GOOGL,2026-01-26 06:13:31.896900+00:00
2024-06-04 00:00:00-04:00,171.9805700601862,172.54630289287442,170.60099429207042,172.4867401123047,26879600,0.0,0.0,GOOGL,2026-01-26 06:13:31.896900+00:00
2024-06-05 00:00:00-04:00,173.88617261813178,175.32529604295863,172.62569210446975,174.0946044921875,22068500,0.0,0.0,GOOGL,2026-01-26 06:13:31.896900+00:00
2024-06-06 00:00:00-04:00,174.5809159744427,175.8215421969568,174.43204688548622,175.40469360351562,23251000,0.0,0.0,GOOGL,2026-01-26 06:13:31.896900+00:00
2024-06-07 00:00:00-04:00,175.72229190224542,176.53613478615,172.9929143569092,173.15171813964844,19661400,0.0,0.0,GOOGL,2026-01-26 06:13:31.896900+00:00
2024-06-10 00:00:00-04:00,173.85718795197803,175.93389186465194,171.66123693210412,173.8969268798828,23726700,0.2,0.0,GOOGL,2026-01-26 06:13:31.896900+00:00
2024-06-11 00:00:00-04:00,175.09925413873597,175.71530612964037,172.66483900249895,175.4967041015625,21540600,0.0,0.0,GOOGL,2026-01-26 06:13:31.896900+00:00
2024-06-12 00:00:00-04:00,177.116352369129,179.26261867901272,174.98996310704376,176.65927124023438,27864700,0.0,0.0,GOOGL,2026-01-26 06:13:31.896900+00:00
2024-06-13 00:00:00-04:00,174.98994497931662,175.61594304528666,173.76777199685736,174.04598999023438,20913300,0.0,0.0,GOOGL,2026-01-26 06:13:31.896900+00:00
2024-06-14 00:00:00-04:00,173.1119718356913,175.93390595699566,173.04240975410747,175.66561889648438,18063600,0.0,0.0,GOOGL,2026-01-26 06:13:31.896900+00:00
2024-06-17 00:00:00-04:00,174.34408443003642,177.22563442085436,173.69820932054725,176.11276245117188,19618500,0.0,0.0,GOOGL,2026-01-26 06:13:31.896900+00:00
2024-06-18 00:00:00-04:00,176.01339021741077,176.26180021913805,172.9927312675741,173.97642517089844,21869900,0.0,0.0,GOOGL,2026-01-26 06:13:31.896900+00:00
2024-06-20 00:00:00-04:00,174.25464833709086,176.1624353876285,173.8770754332329,175.17874145507812,20160100,0.0,0.0,GOOGL,2026-01-26 06:13:31.896900+00:00
2024-06-21 00:00:00-04:00,175.87427091141254,179.6997907784199,175.48675193790794,178.487548828125,57759000,0.0,0.0,GOOGL,2026-01-26 06:13:31.896900+00:00
2024-06-24 00:00:00-04:00,179.014178404994,179.73953132877418,177.53364940990167,178.0801544189453,18298000,0.0,0.0,GOOGL,2026-01-26 06:13:31.896900+00:00
2024-06-25 00:00:00-04:00,178.47760230344795,183.11789903328065,178.27887734653552,182.85955810546875,23130200,0.0,0.0,GOOGL,2026-01-26 06:13:31.896900+00:00
2024-06-26 00:00:00-04:00,181.4684906850168,183.33652370507795,181.31943557759413,182.71054077148438,19839000,0.0,0.0,GOOGL,2026-01-26 06:13:31.896900+00:00
2024-06-27 00:00:00-04:00,183.00858595602418,184.86670284298162,182.8496150980301,184.23077392578125,18848900,0.0,0.0,GOOGL,2026-01-26 06:13:31.896900+00:00
2024-06-28 00:00:00-04:00,183.14772821008222,183.95257416720727,180.802737253132,180.99151611328125,29156600,0.0,0.0,GOOGL,2026-01-26 06:13:31.896900+00:00
2024-07-01 00:00:00-04:00,181.86592606220148,182.71052611795955,180.1469331256833,181.82618713378906,16006100,0.0,0.0,GOOGL,2026-01-26 06:13:31.896900+00:00
2024-07-02 00:00:00-04:00,180.8921754401855,184.38979268671295,180.40528635394423,184.0618896484375,17372500,0.0,0.0,GOOGL,2026-01-26 06:13:31.896900+00:00
2024-07-03 00:00:00-04:00,183.6743516250974,184.90645546496816,182.8297515992084,184.63818359375,10242100,0.0,0.0,GOOGL,2026-01-26 06:13:31.896900+00:00
2024-07-05 00:00:00-04:00,184.67794276589416,189.64614308224583,184.618326787977,189.38780212402344,20967500,0.0,0.0,GOOGL,2026-01-26 06:13:31.896900+00:00
2024-07-08 00:00:00-04:00,188.69223602398804,188.96052307793317,186.58572400777334,187.82777404785156,21035900,0.0,0.0,GOOGL,2026-01-26 06:13:31.896900+00:00
2024-07-09 00:00:00-04:00,189.0996498759025,190.14297504012512,187.51976571502695,187.77810668945312,15121400,0.0,0.0,GOOGL,2026-01-26 06:13:31.896900+00:00
2024-07-10 00:00:00-04:00,187.94700799576873,190.53047817126304,187.82777604241306,189.96409606933594,15952500,0.0,0.0,GOOGL,2026-01-26 06:13:31.896900+00:00
2024-07-11 00:00:00-04:00,188.6425794494634,189.64615049436205,183.90291191713072,184.38980102539062,25625800,0.0,0.0,GOOGL,2026-01-26 06:13:31.896900+00:00
2024-07-12 00:00:00-04:00,183.90289053636494,185.9199784961909,183.31664658309873,183.89295959472656,22898400,0.0,0.0,GOOGL,2026-01-26 06:13:31.896900+00:00
2024-07-15 00:00:00-04:00,183.74391265022248,187.04280482965035,183.74391265022248,185.3436737060547,16474000,0.0,0.0,GOOGL,2026-01-26 06:13:31.896900+00:00
2024-07-16 00:00:00-04:00,186.16839882768255,187.47999579867826,182.203769602895,182.75027465820312,18290700,0.0,0.0,GOOGL,2026-01-26 06:13:31.896900+00:00
2024-07-17 00:00:00-04:00,181.80632373022326,182.3826367867754,178.7558414559852,179.8687286376953,20734100,0.0,0.0,GOOGL,2026-01-26 06:13:31.896900+00:00
2024-07-18 00:00:00-04:00,180.77291456531665,181.33929663243535,175.34764875664283,176.5598907470703,25315700,0.0,0.0,GOOGL,2026-01-26 06:13:31.896900+00:00
2024-07-19 00:00:00-04:00,177.7423170108804,179.14333780092795,176.00344711889437,176.5300750732422,18881900,0.0,0.0,GOOGL,2026-01-26 06:13:31.896900+00:00
2024-07-22 00:00:00-04:00,179.44143915290098,181.53802010319112,179.08372815601643,180.5145721435547,24100300,0.0,0.0,GOOGL,2026-01-26 06:13:31.896900+00:00
2024-07-23 00:00:00-04:00,180.89217569882794,182.44225176435077,180.3854095654304,180.63381958007812,36352700,0.0,0.0,GOOGL,2026-01-26 06:13:31.896900+00:00
2024-07-24 00:00:00-04:00,172.4959213091671,175.06944543810874,170.72724320681195,171.53208923339844,49585200,0.0,0.0,GOOGL,2026-01-26 06:13:31.896900+00:00
2024-07-25 00:00:00-04:00,171.42278967121095,172.31705967237997,166.12668626172413,166.2161102294922,44852000,0.0,0.0,GOOGL,2026-01-26 06:13:31.896900+00:00
2024-07-26 00:00:00-04:00,166.08692140634935,167.020945440501,163.0165774179734,165.93788146972656,41336900,0.0,0.0,GOOGL,2026-01-26 06:13:31.896900+00:00
2024-07-29 00:00:00-04:00,167.75622208691163,169.34603679148984,166.9215682298775,168.45176696777344,20293800,0.0,0.0,GOOGL,2026-01-26 06:13:31.896900+00:00
2024-07-30 00:00:00-04:00,169.15726982937002,170.1409636721862,167.3687148946011,169.20693969726562,18959700,0.0,0.0,GOOGL,2026-01-26 06:13:31.896900+00:00
2024-07-31 00:00:00-04:00,172.13820531777287,173.14177629603867,168.92873708461033,170.44900512695312,25729100,0.0,0.0,GOOGL,2026-01-26 06:13:31.896900+00:00
2024-08-01 00:00:00-04:00,169.1672144988525,172.94304963161613,167.80593251440823,169.67396545410156,24531400,0.0,0.0,GOOGL,2026-01-26 06:13:31.896900+00:00
2024-08-02 00:00:00-04:00,165.38146509787933,167.43829227584254,163.62271782850132,165.60006713867188,29130100,0.0,0.0,GOOGL,2026-01-26 06:13:31.896900+00:00
2024-08-05 00:00:00-04:00,154.5110472195564,163.38424670507362,153.94466504214253,158.23719787597656,53630700,0.0,0.0,GOOGL,2026-01-26 06:13:31.896900+00:00
2024-08-06 00:00:00-04:00,158.31667357844438,159.54879271884894,155.41524640434096,157.2832794189453,49004600,0.0,0.0,GOOGL,2026-01-26 06:13:31.896900+00:00
2024-08-07 00:00:00-04:00,160.2244595533612,161.94345261056785,157.46214140159782,157.9291534423828,25138600,0.0,0.0,GOOGL,2026-01-26 06:13:31.896900+00:00
2024-08-08 00:00:00-04:00,159.48915933518853,162.64894258558448,159.19107944889603,160.99949645996094,25578800,0.0,0.0,GOOGL,2026-01-26 06:13:31.896900+00:00
2024-08-09 00:00:00-04:00,158.99233275753915,162.74829078749448,158.04837777910737,162.62905883789062,28602300,0.0,0.0,GOOGL,2026-01-26 06:13:31.896900+00:00
2024-08-12 00:00:00-04:00,163.30475433227653,163.85124425062764,160.81070801086153,161.25784301757812,15895300,0.0,0.0,GOOGL,2026-01-26 06:13:31.896900+00:00
2024-08-13 00:00:00-04:00,162.37072151296138,163.6823184730739,161.93351747234263,163.11595153808594,18551700,0.0,0.0,GOOGL,2026-01-26 06:13:31.896900+00:00
2024-08-14 00:00:00-04:00,161.36712454072207,162.1819165911199,156.70696583237768,159.35003662109375,40591100,0.0,0.0,GOOGL,2026-01-26 06:13:31.896900+00:00
2024-08-15 00:00:00-04:00,159.4792243502646,160.61197337469392,158.59488533261137,160.27413940429688,31524300,0.0,0.0,GOOGL,2026-01-26 06:13:31.896900+00:00
2024-08-16 00:00:00-04:00,160.44305489951088,164.0102189248703,160.1052209322512,161.923583984375,24208600,0.0,0.0,GOOGL,2026-01-26 06:13:31.896900+00:00
2024-08-19 00:00:00-04:00,164.2288414197531,165.62987765847575,163.21532422985317,165.61000061035156,22416200,0.0,0.0,GOOGL,2026-01-26 06:13:31.896900+00:00
2024-08-20 00:00:00-04:00,165.83854221269573,167.56748160742922,165.7590643395608,166.11676025390625,18341500,0.0,0.0,GOOGL,2026-01-26 06:13:31.896900+00:00
2024-08-21 00:00:00-04:00,164.09965161309964,165.78885186270244,163.62270862444709,164.7952117919922,22902000,0.0,0.0,GOOGL,2026-01-26 06:13:31.896900+00:00
2024-08-22 00:00:00-04:00,166.19621017398273,166.5241131721472,162.2713354606225,162.7582244873047,22493300,0.0,0.0,GOOGL,2026-01-26 06:13:31.896900+00:00
2024-08-23 00:00:00-04:00,163.6723804637865,165.12308635947946,162.78804147862647,164.566650390625,13955700,0.0,0.0,GOOGL,2026-01-26 06:13:31.896900+00:00
2024-08-26 00:00:00-04:00,165.32182772050928,166.48438469877073,163.414040743741,165.1032257080078,14190400,0.0,0.0,GOOGL,2026-01-26 06:13:31.896900+00:00
2024-08-27 00:00:00-04:00,164.78527080999132,165.38146093564725,163.41405777977417,163.6326446533203,11821900,0.0,0.0,GOOGL,2026-01-26 06:13:31.896900+00:00
2024-08-28 00:00:00-04:00,163.99034421256823,164.54679536636124,160.50267315842373,161.8142852783203,16407400,0.0,0.0,GOOGL,2026-01-26 06:13:31.896900+00:00
2024-08-29 00:00:00-04:00,163.2649914453281,164.91443753942139,159.2308153360169,160.75108337402344,19699800,0.0,0.0,GOOGL,2026-01-26 06:13:31.896900+00:00
2024-08-30 00:00:00-04:00,161.58573574397926,162.6191298588304,160.66165779990888,162.34091186523438,22123800,0.0,0.0,GOOGL,2026-01-26 06:13:31.896900+00:00
2024-09-03 00:00:00-04:00,160.69146292560666,160.82064097809814,155.48478383780713,156.35919189453125,38945300,0.0,0.0,GOOGL,2026-01-26 06:13:31.896900+00:00
2024-09-04 00:00:00-04:00,155.66364237973846,157.98875628626521,154.9680974284368,155.45497131347656,19353800,0.0,0.0,GOOGL,2026-01-26 06:13:31.896900+00:00
2024-09-05 00:00:00-04:00,155.30592051941105,158.4358801622271,154.98794847148798,156.2399444580078,18688700,0.0,0.0,GOOGL,2026-01-26 06:13:31.896900+00:00
2024-09-06 00:00:00-04:00,156.29955606670086,156.82618398985952,149.5924868805478,149.9601287841797,37912100,0.0,0.0,GOOGL,2026-01-26 06:13:31.896900+00:00
2024-09-09 00:00:00-04:00,151.74112707707891,152.62663960312594,146.47780288600765,147.96029663085938,39260500,0.2,0.0,GOOGL,2026-01-26 06:13:31.896900+00:00
2024-09-10 00:00:00-04:00,149.6915067964419,150.50738007285446,147.59214370497173,147.91053771972656,31118800,0.0,0.0,GOOGL,2026-01-26 06:13:31.896900+00:00
2024-09-11 00:00:00-04:00,149.16417992613762,150.7362162140882,146.77628554400584,150.39793395996094,29607700,0.0,0.0,GOOGL,2026-01-26 06:13:31.896900+00:00
2024-09-12 00:00:00-04:00,153.02462848632382,154.03949046129577,151.88041704126704,153.91014099121094,29621500,0.0,0.0,GOOGL,2026-01-26 06:13:31.896900+00:00
2024-09-13 00:00:00-04:00,154.6463885405626,157.58152818841413,154.42751164329223,156.66616821289062,29591200,0.0,0.0,GOOGL,2026-01-26 06:13:31.896900+00:00
2024-09-16 00:00:00-04:00,156.51691894363321,157.45218236116395,155.8105069116596,157.2631378173828,18379800,0.0,0.0,GOOGL,2026-01-26 06:13:31.896900+00:00
2024-09-17 00:00:00-04:00,158.21830933206348,159.740594664956,157.5815364815847,158.5167999267578,20715600,0.0,0.0,GOOGL,2026-01-26 06:13:31.896900+00:00
2024-09-18 00:00:00-04:00,159.05408446311074,159.69085736808276,157.8004420763462,159.00433349609375,23677300,0.0,0.0,GOOGL,2026-01-26 06:13:31.896900+00:00
2024-09-19 00:00:00-04:00,162.88467834172684,162.9642616693234,160.52661614683478,161.3225860595703,26587700,0.0,0.0,GOOGL,2026-01-26 06:13:31.896900+00:00
2024-09-20 00:00:00-04:00,162.67573141732413,162.90456764484875,161.2429886014312,162.76527404785156,40896400,0.0,0.0,GOOGL,2026-01-26 06:13:31.896900+00:00
2024-09-23 00:00:00-04:00,163.52143865567453,164.65569075995793,160.85494193042624,161.03404235839844,24150900,0.0,0.0,GOOGL,2026-01-26 06:13:31.896900+00:00
2024-09-24 00:00:00-04:00,162.20809181188605,162.39713636620655,159.87989243963506,161.47181701660156,23332100,0.0,0.0,GOOGL,2026-01-26 06:13:31.896900+00:00
2024-09-25 00:00:00-04:00,160.6559541225392,161.9891949013652,160.48681299524299,160.6758575439453,18869200,0.0,0.0,GOOGL,2026-01-26 06:13:31.896900+00:00
2024-09-26 00:00:00-04:00,162.81500754909376,163.2527917160846,161.46186338833198,161.9095916748047,20319300,0.0,0.0,GOOGL,2026-01-26 06:13:31.896900+00:00
2024-09-27 00:00:00-04:00,161.98920666955183,164.86463640620642,161.81012140947348,163.1234588623047,21101300,0.0,0.0,GOOGL,2026-01-26 06:13:31.896900+00:00
2024-09-30 00:00:00-04:00,162.49664152148338,165.31236092462515,162.43693125430474,165.01388549804688,20413900,0.0,0.0,GOOGL,2026-01-26 06:13:31.896900+00:00
2024-10-01 00:00:00-04:00,166.84460026695353,168.3071905376278,163.75027859535956,166.14813232421875,28338100,0.0,0.0,GOOGL,2026-01-26 06:13:31.896900+00:00
2024-10-02 00:00:00-04:00,165.58099330587024,166.67545373891107,163.8995109959539,165.02381896972656,17760200,0.0,0.0,GOOGL,2026-01-26 06:13:31.896900+00:00
2024-10-03 00:00:00-04:00,163.58113216752693,165.79988539247842,163.0935970324702,165.02381896972656,15073100,0.0,0.0,GOOGL,2026-01-26 06:13:31.896900+00:00
2024-10-04 00:00:00-04:00,167.21274734064073,167.38188848835682,164.64575221638978,166.21778869628906,19047400,0.0,0.0,GOOGL,2026-01-26 06:13:31.896900+00:00
2024-10-07 00:00:00-04:00,166.87444945314562,167.63061248672904,161.92950423820415,162.15834045410156,22463100,0.0,0.0,GOOGL,2026-01-26 06:13:31.896900+00:00
2024-10-08 00:00:00-04:00,163.11351583433103,163.89952645082283,162.0489028416346,163.55130004882812,23072700,0.0,0.0,GOOGL,2026-01-26 06:13:31.896900+00:00
2024-10-09 00:00:00-04:00,162.62597153558053,164.00896330918712,158.9346838265827,161.0439910888672,31181800,0.0,0.0,GOOGL,2026-01-26 06:13:31.896900+00:00
2024-10-10 00:00:00-04:00,160.0589870760538,162.24790816824293,159.591355313801,161.2628936767578,14144100,0.0,0.0,GOOGL,2026-01-26 06:13:31.896900+00:00
2024-10-11 00:00:00-04:00,161.31261821924474,163.07368374330417,160.42710580677368,162.41702270507812,15344300,0.0,0.0,GOOGL,2026-01-26 06:13:31.896900+00:00
2024-10-14 00:00:00-04:00,162.81501959424767,165.3919586438415,162.5762240722605,164.1283721923828,19016100,0.0,0.0,GOOGL,2026-01-26 06:13:31.896900+00:00
2024-10-15 00:00:00-04:00,164.95416217665158,166.8346331245922,163.8000218608721,164.62583923339844,20247200,0.0,0.0,GOOGL,2026-01-26 06:13:31.896900+00:00
2024-10-16 00:00:00-04:00,163.70053329945262,164.96413494193072,162.91452270440968,164.32736206054688,16406000,0.0,0.0,GOOGL,2026-01-26 06:13:31.896900+00:00
2024-10-17 00:00:00-04:00,164.8944683866494,165.53124122104538,161.93944041934847,162.10858154296875,21453400,0.0,0.0,GOOGL,2026-01-26 06:13:31.896900+00:00
2024-10-18 00:00:00-04:00,162.3672941471386,163.87963544942022,162.2578480953578,162.59613037109375,19757700,0.0,0.0,GOOGL,2026-01-26 06:13:31.896900+00:00
2024-10-21 00:00:00-04:00,162.12851012597127,163.67069908073404,161.8001719473291,163.2428741455078,20946500,0.0,0.0,GOOGL,2026-01-26 06:13:31.896900+00:00
2024-10-22 00:00:00-04:00,162.15833529455813,164.93427806644567,162.15833529455813,164.3074493408203,16568100,0.0,0.0,GOOGL,2026-01-26 06:13:31.896900+00:00
2024-10-23 00:00:00-04:00,163.9293642522353,164.98403306169303,161.11362975074982,161.9593505859375,18280500,0.0,0.0,GOOGL,2026-01-26 06:13:31.896900+00:00
2024-10-24 00:00:00-04:00,162.00908898296657,162.50656821640374,160.1982572859619,161.89964294433594,22412500,0.0,0.0,GOOGL,2026-01-26 06:13:31.896900+00:00
2024-10-25 00:00:00-04:00,162.84485839827352,164.75517692607178,162.59611876941653,164.43679809570312,19828900,0.0,0.0,GOOGL,2026-01-26 06:13:31.896900+00:00
2024-10-28 00:00:00-04:00,167.89923522550737,167.89923522550737,163.12343172049856,165.8794708251953,32138600,0.0,0.0,GOOGL,2026-01-26 06:13:31.896900+00:00
2024-10-29 00:00:00-04:00,166.88438836507615,169.52103755308448,166.24761551933543,168.82455444335938,42169000,0.0,0.0,GOOGL,2026-01-26 06:13:31.896900+00:00
2024-10-30 00:00:00-04:00,179.76908724801194,181.10234312249673,173.18246710164854,173.58045959472656,68890800,0.0,0.0,GOOGL,2026-01-26 06:13:31.896900+00:00
2024-10-31 00:00:00-04:00,172.25718077657928,175.92858030114797,170.13791418034728,170.2473602294922,44769000,0.0,0.0,GOOGL,2026-01-26 06:13:31.896900+00:00
2024-11-01 00:00:00-04:00,169.21260195677476,171.45125861583475,168.02859889466288,170.4264373779297,31796500,0.0,0.0,GOOGL,2026-01-26 06:13:31.896900+00:00
2024-11-04 00:00:00-05:00,169.07330370933886,169.86927360734452,167.16298506324307,168.3867950439453,21492700,0.0,0.0,GOOGL,2026-01-26 06:13:31.896900+00:00
2024-11-05 00:00:00-05:00,168.57582742660242,169.67028795360784,167.9888054993283,168.88427734375,18242100,0.0,0.0,GOOGL,2026-01-26 06:13:31.896900+00:00
2024-11-06 00:00:00-05:00,172.92380321236175,176.04797252771442,172.62531260376363,175.62013244628906,33695500,0.0,0.0,GOOGL,2026-01-26 06:13:31.896900+00:00
2024-11-07 00:00:00-05:00,176.51560241710214,180.16709852379773,176.2967103185547,179.83876037597656,25352900,0.0,0.0,GOOGL,2026-01-26 06:13:31.896900+00:00
2024-11-08 00:00:00-05:00,179.7392438048685,179.98798342551285,177.18220839921253,177.4508514404297,22006200,0.0,0.0,GOOGL,2026-01-26 06:13:31.896900+00:00
2024-11-11 00:00:00-05:00,177.67969975449668,179.6397693133584,177.5702537066768,179.44078063964844,17450400,0.0,0.0,GOOGL,2026-01-26 06:13:31.896900+00:00
2024-11-12 00:00:00-05:00,178.9134326696115,181.5699698633081,178.48559264894888,180.704345703125,25134900,0.0,0.0,GOOGL,2026-01-26 06:13:31.896900+00:00
2024-11-13 00:00:00-05:00,179.55023156460638,180.04771085332573,177.6398977358846,177.9781951904297,23184000,0.0,0.0,GOOGL,2026-01-26 06:13:31.896900+00:00
2024-11-14 00:00:00-05:00,177.3811937768349,177.91847984932647,173.44116676058277,174.69480895996094,31007500,0.0,0.0,GOOGL,2026-01-26 06:13:31.896900+00:00
2024-11-15 00:00:00-05:00,172.85413063132057,173.2620672474057,170.35679033869232,171.62039184570312,32504600,0.0,0.0,GOOGL,2026-01-26 06:13:31.896900+00:00
2024-11-18 00:00:00-05:00,172.5457023973927,174.55552283170013,172.02831972302542,174.41622924804688,20135300,0.0,0.0,GOOGL,2026-01-26 06:13:31.896900+00:00
2024-11-19 00:00:00-05:00,172.8442186336241,177.96824963034788,172.68502160529414,177.22203063964844,23434900,0.0,0.0,GOOGL,2026-01-26 06:13:31.896900+00:00
2024-11-20 00:00:00-05:00,176.44593283355675,176.78421507240827,172.90388308120177,175.09278869628906,18997100,0.0,0.0,GOOGL,2026-01-26 06:13:31.896900+00:00
2024-11-21 00:00:00-05:00,173.02329149320352,173.2521428982115,162.87471698401734,166.784912109375,59734400,0.0,0.0,GOOGL,2026-01-26 06:13:31.896900+00:00
2024-11-22 00:00:00-05:00,165.01386807553385,165.6207933486009,163.07368691644547,163.92935180664062,38604600,0.0,0.0,GOOGL,2026-01-26 06:13:31.896900+00:00
2024-11-25 00:00:00-05:00,165.25266140749017,167.77986461840595,164.77508555590978,166.80479431152344,33135300,0.0,0.0,GOOGL,2026-01-26 06:13:31.896900+00:00
2024-11-26 00:00:00-05:00,166.78490128483136,168.96386286905866,166.73515032254275,168.2673797607422,20486700,0.0,0.0,GOOGL,2026-01-26 06:13:31.896900+00:00
2024-11-27 00:00:00-05:00,168.14799483925975,168.6255706920237,167.17293971182346,168.3768310546875,19266500,0.0,0.0,GOOGL,2026-01-26 06:13:31.896900+00:00
2024-11-29 00:00:00-05:00,167.6505077939042,168.57581191461244,166.31726704322566,168.09823608398438,14257200,0.0,0.0,GOOGL,2026-01-26 06:13:31.896900+00:00
2024-12-02 00:00:00-05:00,167.91916912565142,171.21247970085113,167.72018043971005,170.62545776367188,23789100,0.0,0.0,GOOGL,2026-01-26 06:13:31.896900+00:00
2024-12-03 00:00:00-05:00,170.62543391026162,171.8094217397436,169.98866109515185,170.47618103027344,22248700,0.0,0.0,GOOGL,2026-01-26 06:13:31.896900+00:00
2024-12-04 00:00:00-05:00,170.28715321004535,174.02820715023717,170.1976105823781,173.4909210205078,31615100,0.0,0.0,GOOGL,2026-01-26 06:13:31.896900+00:00
2024-12-05 00:00:00-05:00,174.4759264469432,175.17239437366248,171.46120334982362,171.76963806152344,21356200,0.0,0.0,GOOGL,2026-01-26 06:13:31.896900+00:00
2024-12-06 00:00:00-05:00,171.1627116663367,174.1973381653999,170.99357054105934,173.82920837402344,21462400,0.0,0.0,GOOGL,2026-01-26 06:13:31.896900+00:00
2024-12-09 00:00:00-05:00,173.28137934704367,175.57239476360732,172.9725759063786,174.6858673095703,25389600,0.2,0.0,GOOGL,2026-01-26 06:13:31.896900+00:00
2024-12-10 00:00:00-05:00,182.13667521959667,185.63297660419835,180.34369430470025,184.44761657714844,54813000,0.0,0.0,GOOGL,2026-01-26 06:13:31.896900+00:00
2024-12-11 00:00:00-05:00,184.58707675233347,194.84689801892716,184.1288797897164,194.63771057128906,67894100,0.0,0.0,GOOGL,2026-01-26 06:13:31.896900+00:00
2024-12-12 00:00:00-05:00,194.2392695844635,194.4185600761266,190.96211115966233,191.2111358642578,34817500,0.0,0.0,GOOGL,2026-01-26 06:13:31.896900+00:00
2024-12-13 00:00:00-05:00,190.26484320082633,191.97813450480885,188.90019258748762,189.07949829101562,25143500,0.0,0.0,GOOGL,2026-01-26 06:13:31.896900+00:00
2024-12-16 00:00:00-05:00,192.11756882122688,198.22365926952406,191.8685441236521,195.89279174804688,44934900,0.0,0.0,GOOGL,2026-01-26 06:13:31.896900+00:00
2024-12-17 00:00:00-05:00,196.48048589662955,200.6342160179093,194.21933739249496,194.65762329101562,43504000,0.0,0.0,GOOGL,2026-01-26 06:13:31.896900+00:00
2024-12-18 00:00:00-05:00,194.4584096820746,196.23146433679096,187.0075948858922,187.66500854492188,34166100,0.0,0.0,GOOGL,2026-01-26 06:13:31.896900+00:00
2024-12-19 00:00:00-05:00,190.88242054359256,192.27695280314458,187.64509939888953,187.7745819091797,32265200,0.0,0.0,GOOGL,2026-01-26 06:13:31.896900+00:00
2024-12-20 00:00:00-05:00,185.0552429190991,192.13750634222802,184.49742999563804,190.6632843017578,63462900,0.0,0.0,GOOGL,2026-01-26 06:13:31.896900+00:00
2024-12-23 00:00:00-05:00,191.86855908689105,194.33889522295496,189.40819366703502,193.8707275390625,25675000,0.0,0.0,GOOGL,2026-01-26 06:13:31.896900+00:00
2024-12-24 00:00:00-05:00,194.0798904284353,195.34494018554688,193.02402811118543,195.34494018554688,10403300,0.0,0.0,GOOGL,2026-01-26 06:13:31.896900+00:00
2024-12-26 00:00:00-05:00,194.38868793025316,195.98245219810025,193.62170274567876,194.83694458007812,12046600,0.0,0.0,GOOGL,2026-01-26 06:13:31.896900+00:00
2024-12-27 00:00:00-05:00,194.18945436832726,194.558021252894,189.906226569023,192.00799560546875,18891400,0.0,0.0,GOOGL,2026-01-26 06:13:31.896900+00:00
2024-12-30 00:00:00-05:00,189.05957268360805,191.79884463576994,188.3822175336386,190.49395751953125,14264700,0.0,0.0,GOOGL,2026-01-26 06:13:31.896900+00:00
2024-12-31 00:00:00-05:00,190.33456284838633,191.21113466683676,187.77458160553064,188.56150817871094,17466900,0.0,0.0,GOOGL,2026-01-26 06:13:31.896900+00:00
2025-01-02 00:00:00-05:00,189.90625140953068,191.25099101984424,186.76854591781662,188.69100952148438,20370800,0.0,0.0,GOOGL,2026-01-26 06:13:31.896900+00:00
2025-01-03 00:00:00-05:00,190.62343412562188,192.45626758091493,189.23885731709424,191.0417938232422,18596200,0.0,0.0,GOOGL,2026-01-26 06:13:31.896900+00:00
2025-01-06 00:00:00-05:00,193.2232494371018,197.44671400594865,193.09376692292446,196.1019744873047,29563600,0.0,0.0,GOOGL,2026-01-26 06:13:31.896900+00:00
2025-01-07 00:00:00-05:00,196.34104650196386,200.21587045148732,193.84084384019965,194.7273712158203,26487200,0.0,0.0,GOOGL,2026-01-26 06:13:31.896900+00:00
2025-01-08 00:00:00-05:00,191.818753365396,195.52422692104554,191.62949216136246,193.193359375,24864800,0.0,0.0,GOOGL,2026-01-26 06:13:31.896900+00:00
2025-01-10 00:00:00-05:00,193.54201039861906,195.75335107074358,189.5675704988791,191.2908172607422,26665200,0.0,0.0,GOOGL,2026-01-26 06:13:31.896900+00:00
2025-01-13 00:00:00-05:00,189.32852659632545,190.43418179207845,186.62909187000687,190.2648468017578,21823700,0.0,0.0,GOOGL,2026-01-26 06:13:31.896900+00:00
2025-01-14 00:00:00-05:00,190.4939429327445,191.23104632862814,187.57536549994643,188.92010498046875,17174900,0.0,0.0,GOOGL,2026-01-26 06:13:31.896900+00:00
2025-01-15 00:00:00-05:00,192.336729949174,195.5939775570945,191.11153257710336,194.78713989257812,21776000,0.0,0.0,GOOGL,2026-01-26 06:13:31.896900+00:00
2025-01-16 00:00:00-05:00,193.3826375623353,194.71740642480486,192.05782421701394,192.15744018554688,17815400,0.0,0.0,GOOGL,2026-01-26 06:13:31.896900+00:00
2025-01-17 00:00:00-05:00,195.76331327486383,196.46057945672584,192.99415958170988,195.23538208007812,27735100,0.0,0.0,GOOGL,2026-01-26 06:13:31.896900+00:00
2025-01-21 00:00:00-05:00,198.29339931939404,201.50082353528188,197.0980685764286,197.27737426757812,29971300,0.0,0.0,GOOGL,2026-01-26 06:13:31.896900+00:00
2025-01-22 00:00:00-05:00,198.28342571973468,199.6978841991253,196.75939576380796,197.5961151123047,26200600,0.0,0.0,GOOGL,2026-01-26 06:13:31.896900+00:00
2025-01-23 00:00:00-05:00,197.36703633289733,199.51861361447575,194.4385031217372,197.20765686035156,26951400,0.0,0.0,GOOGL,2026-01-26 06:13:31.896900+00:00
2025-01-24 00:00:00-05:00,197.3272010195889,200.11626582045938,197.227585048445,199.42897033691406,23877500,0.0,0.0,GOOGL,2026-01-26 06:13:31.896900+00:00
2025-01-27 00:00:00-05:00,191.65938720339696,196.11195036774717,189.98593319836488,191.0617218017578,41728900,0.0,0.0,GOOGL,2026-01-26 06:13:31.896900+00:00
2025-01-28 00:00:00-05:00,191.99804618358004,194.71739168696277,189.93611434526252,194.53810119628906,24157900,0.0,0.0,GOOGL,2026-01-26 06:13:31.896900+00:00
2025-01-29 00:00:00-05:00,194.7970833042233,196.0222806001553,192.6753879484473,194.64767456054688,18218300,0.0,0.0,GOOGL,2026-01-26 06:13:31.896900+00:00
2025-01-30 00:00:00-05:00,197.22758104242592,200.61431120284323,196.89886658344366,200.0863800048828,24354700,0.0,0.0,GOOGL,2026-01-26 06:13:31.896900+00:00
2025-01-31 00:00:00-05:00,201.2119817615517,204.6784017460065,201.01276501748202,203.22410583496094,32001100,0.0,0.0,GOOGL,2026-01-26 06:13:31.896900+00:00
2025-02-03 00:00:00-05:00,199.90707487204236,202.9551348332388,199.31938021531738,200.44496154785156,27838300,0.0,0.0,GOOGL,2026-01-26 06:13:31.896900+00:00
2025-02-04 00:00:00-05:00,202.59654903669593,206.24227455727316,202.01880986682883,205.57489013671875,43856400,0.0,0.0,GOOGL,2026-01-26 06:13:31.896900+00:00
2025-02-05 00:00:00-05:00,190.32459218887777,191.99803076448742,187.29644352930725,190.5835723876953,70373900,0.0,0.0,GOOGL,2026-01-26 06:13:31.896900+00:00
2025-02-06 00:00:00-05:00,188.7607254709797,191.35058847007514,187.98376961110344,190.8525390625,29297400,0.0,0.0,GOOGL,2026-01-26 06:13:31.896900+00:00
2025-02-07 00:00:00-05:00,190.3046897826863,190.43417229867478,182.52516013677956,184.61695861816406,49315000,0.0,0.0,GOOGL,2026-01-26 06:13:31.896900+00:00
2025-02-10 00:00:00-05:00,186.61912556239702,187.46580046504565,185.13493280467802,185.7425537109375,23105600,0.0,0.0,GOOGL,2026-01-26 06:13:31.896900+00:00
2025-02-11 00:00:00-05:00,184.3081534858771,186.21070577705743,183.5610794112602,184.59703063964844,21239500,0.0,0.0,GOOGL,2026-01-26 06:13:31.896900+00:00
2025-02-12 00:00:00-05:00,182.5052293386179,184.38785552440282,181.12065256917043,182.89370727539062,22072600,0.0,0.0,GOOGL,2026-01-26 06:13:31.896900+00:00
2025-02-13 00:00:00-05:00,183.6009416706382,185.5532868448968,182.42553716023775,185.41383361816406,21402500,0.0,0.0,GOOGL,2026-01-26 06:13:31.896900+00:00
2025-02-14 00:00:00-05:00,184.3380502737544,185.67281908148942,183.60094685418304,184.50738525390625,20448400,0.0,0.0,GOOGL,2026-01-26 06:13:31.896900+00:00
2025-02-18 00:00:00-05:00,184.87594800082087,185.23454418579348,181.03100592832718,183.05308532714844,29916700,0.0,0.0,GOOGL,2026-01-26 06:13:31.896900+00:00
2025-02-19 00:00:00-05:00,183.35191045129994,184.73648715297452,182.87377209155156,184.54722595214844,19549400,0.0,0.0,GOOGL,2026-01-26 06:13:31.896900+00:00
2025-02-20 00:00:00-05:00,184.07906552714084,184.587070455128,182.00717815142445,183.83999633789062,20441500,0.0,0.0,GOOGL,2026-01-26 06:13:31.896900+00:00
2025-02-21 00:00:00-05:00,184.42769462228776,184.61695583425816,178.38138255149903,178.95912170410156,35199200,0.0,0.0,GOOGL,2026-01-26 06:13:31.896900+00:00
2025-02-24 00:00:00-05:00,181.28003655625,182.40561792977684,178.19212401815724,178.55072021484375,29854200,0.0,0.0,GOOGL,2026-01-26 06:13:31.896900+00:00
2025-02-25 00:00:00-05:00,177.3454308360551,178.04271218366185,174.0085088406691,174.73565673828125,41913400,0.0,0.0,GOOGL,2026-01-26 06:13:31.896900+00:00
2025-02-26 00:00:00-05:00,174.3870043035156,175.39305850492968,170.91061441664831,172.05612182617188,35431300,0.0,0.0,GOOGL,2026-01-26 06:13:31.896900+00:00
2025-02-27 00:00:00-05:00,173.31123936714644,173.87900779159736,167.28483845921406,167.8426513671875,39991000,0.0,0.0,GOOGL,2026-01-26 06:13:31.896900+00:00
2025-02-28 00:00:00-05:00,168.02194319125016,169.94442183496423,166.11940597917265,169.61570739746094,48130600,0.0,0.0,GOOGL,2026-01-26 06:13:31.896900+00:00
2025-03-03 00:00:00-05:00,171.25924816477874,172.69363277465732,165.28265575645824,166.3584442138672,40770500,0.0,0.0,GOOGL,2026-01-26 06:13:31.896900+00:00
2025-03-04 00:00:00-05:00,165.59146927723793,172.61395362786732,165.15318337522604,170.25320434570312,45388000,0.0,0.0,GOOGL,2026-01-26 06:13:31.896900+00:00
2025-03-05 00:00:00-05:00,169.85478454890304,173.10206141211768,168.4004735026306,172.34503173828125,30954900,0.0,0.0,GOOGL,2026-01-26 06:13:31.896900+00:00
2025-03-06 00:00:00-05:00,169.8647356201999,174.12803748089462,169.83485387065045,171.67764282226562,28302000,0.0,0.0,GOOGL,2026-01-26 06:13:31.896900+00:00
2025-03-07 00:00:00-05:00,170.59186930474007,174.2874024166863,169.6057412532836,173.18173217773438,27385800,0.0,0.0,GOOGL,2026-01-26 06:13:31.896900+00:00
2025-03-10 00:00:00-04:00,167.7966101322015,167.99607150995365,163.23920372577845,165.41319274902344,43604000,0.2,0.0,GOOGL,2026-01-26 06:13:31.896900+00:00
2025-03-11 00:00:00-04:00,164.45584068137828,166.29076966008637,160.92558133782,163.58822631835938,39587400,0.0,0.0,GOOGL,2026-01-26 06:13:31.896900+00:00
2025-03-12 00:00:00-04:00,166.12124110886077,167.17831943801426,163.07963775446962,166.6497802734375,28372400,0.0,0.0,GOOGL,2026-01-26 06:13:31.896900+00:00
2025-03-13 00:00:00-04:00,165.58271795856493,165.67248166266438,161.6635485106855,162.31175231933594,31756200,0.0,0.0,GOOGL,2026-01-26 06:13:31.896900+00:00
2025-03-14 00:00:00-04:00,162.82035345635094,166.03148669065808,162.00260445854184,165.03424072265625,31995900,0.0,0.0,GOOGL,2026-01-26 06:13:31.896900+00:00
2025-03-17 00:00:00-04:00,164.57550719551887,165.8420138841619,163.21925201833648,163.83753967285156,31184300,0.0,0.0,GOOGL,2026-01-26 06:13:31.896900+00:00
2025-03-18 00:00:00-04:00,163.2292289881846,163.797666550582,156.28840488131223,160.22752380371094,42074800,0.0,0.0,GOOGL,2026-01-26 06:13:31.896900+00:00
2025-03-19 00:00:00-04:00,161.31450558479577,165.41318720526314,160.5566041117451,163.4386444091797,34275600,0.0,0.0,GOOGL,2026-01-26 06:13:31.896900+00:00
2025-03-20 00:00:00-04:00,161.1250457167365,164.43589456907407,160.51672503978745,162.35165405273438,28138500,0.0,0.0,GOOGL,2026-01-26 06:13:31.896900+00:00
2025-03-21 00:00:00-04:00,160.76603321155818,163.7876873527184,160.44690718978086,163.5383758544922,36625800,0.0,0.0,GOOGL,2026-01-26 06:13:31.896900+00:00
2025-03-24 00:00:00-04:00,166.6098952363908,167.8564527267567,164.68520255854742,167.21820068359375,30879100,0.0,0.0,GOOGL,2026-01-26 06:13:31.896900+00:00
2025-03-25 00:00:00-04:00,168.51463564762358,170.16010078341677,167.85646481007365,170.0902862548828,24174400,0.0,0.0,GOOGL,2026-01-26 06:13:31.896900+00:00
2025-03-26 00:00:00-04:00,168.53459028680902,169.14291101426645,164.3860428738787,164.60543823242188,28901600,0.0,0.0,GOOGL,2026-01-26 06:13:31.896900+00:00
2025-03-27 00:00:00-04:00,164.1766304631432,164.96444818748884,161.55386834836875,161.793212890625,24508300,0.0,0.0,GOOGL,2026-01-26 06:13:31.896900+00:00
2025-03-28 00:00:00-04:00,160.04800692471866,161.3743458553731,153.20689914473365,153.90496826171875,48669300,0.0,0.0,GOOGL,2026-01-26 06:13:31.896900+00:00
2025-03-31 00:00:00-04:00,152.68834136730996,155.11164193370462,150.24509161947617,154.21412658691406,54603500,0.0,0.0,GOOGL,2026-01-26 06:13:31.896900+00:00
2025-04-01 00:00:00-04:00,153.19693997672525,157.66461343058796,153.19693997672525,156.637451171875,30672900,0.0,0.0,GOOGL,2026-01-26 06:13:31.896900+00:00
2025-04-02 00:00:00-04:00,154.72270392156926,157.9737354754909,154.2739462849113,156.6074981689453,25041700,0.0,0.0,GOOGL,2026-01-26 06:13:31.896900+00:00
2025-04-03 00:00:00-04:00,150.69384170810525,152.35924068042604,149.97582338010557,150.30491638183594,46883400,0.0,0.0,GOOGL,2026-01-26 06:13:31.896900+00:00
2025-04-04 00:00:00-04:00,147.60237162636182,150.6539570990706,144.97962505338862,145.1990203857422,62259500,0.0,0.0,GOOGL,2026-01-26 06:13:31.896900+00:00
2025-04-07 00:00:00-04:00,141.1601793715283,152.42906261628312,140.14298415460087,146.34585571289062,76794100,0.0,0.0,GOOGL,2026-01-26 06:13:31.896900+00:00
2025-04-08 00:00:00-04:00,150.80354683062922,151.82074204837693,142.63609935843277,144.30149841308594,52200200,0.0,0.0,GOOGL,2026-01-26 06:13:31.896900+00:00
2025-04-09 00:00:00-04:00,144.0222787835972,159.11061702523395,143.51368875470308,158.27293395996094,70406200,0.0,0.0,GOOGL,2026-01-26 06:13:31.896900+00:00
2025-04-10 00:00:00-04:00,156.10888048544342,157.28563866565491,149.51708388683267,152.39913940429688,48022000,0.0,0.0,GOOGL,2026-01-26 06:13:31.896900+00:00
2025-04-11 00:00:00-04:00,152.47890126397309,157.23576875594767,152.39913497789206,156.7072296142578,33636200,0.0,0.0,GOOGL,2026-01-26 06:13:31.896900+00:00
2025-04-14 00:00:00-04:00,159.5593589601424,161.27462328630523,157.12607630131762,158.63192749023438,30333000,0.0,0.0,GOOGL,2026-01-26 06:13:31.896900+00:00
2025-04-15 00:00:00-04:00,158.6917731015249,159.2103301054895,154.78257030571797,155.87953186035156,27551500,0.0,0.0,GOOGL,2026-01-26 06:13:31.896900+00:00
2025-04-16 00:00:00-04:00,152.67838302048966,155.46069292632185,151.0927501668845,152.90774536132812,28187400,0.0,0.0,GOOGL,2026-01-26 06:13:31.896900+00:00
2025-04-17 00:00:00-04:00,153.86508310192784,154.25400844452392,148.09103529003713,150.74371337890625,33046600,0.0,0.0,GOOGL,2026-01-26 06:13:31.896900+00:00
2025-04-21 00:00:00-04:00,148.46997994299036,148.5397792458497,145.69763745597456,147.2633056640625,26049100,0.0,0.0,GOOGL,2026-01-26 06:13:31.896900+00:00
2025-04-22 00:00:00-04:00,148.4799748767304,151.7708901311246,148.1309326464279,151.05287170410156,26971800,0.0,0.0,GOOGL,2026-01-26 06:13:31.896900+00:00
2025-04-23 00:00:00-04:00,155.1814586711159,157.09616926384234,153.38641273519517,154.92218017578125,31128800,0.0,0.0,GOOGL,2026-01-26 06:13:31.896900+00:00
2025-04-24 00:00:00-04:00,155.7199692710382,159.15049822016638,155.36096007364648,158.8413543701172,45894000,0.0,0.0,GOOGL,2026-01-26 06:13:31.896900+00:00
2025-04-25 00:00:00-04:00,164.61541287682232,165.6425750916004,160.59649729347288,161.51397705078125,56034000,0.0,0.0,GOOGL,2026-01-26 06:13:31.896900+00:00
2025-04-28 00:00:00-04:00,161.98267405118585,162.70069244870191,158.16323494184564,160.16769409179688,29745800,0.0,0.0,GOOGL,2026-01-26 06:13:31.896900+00:00
2025-04-29 00:00:00-04:00,159.87849612757626,160.29733764803302,157.086204107764,159.71893310546875,26809000,0.0,0.0,GOOGL,2026-01-26 06:13:31.896900+00:00
2025-04-30 00:00:00-04:00,157.5449218586139,158.83137774482094,154.9720253029664,158.3626708984375,34981100,0.0,0.0,GOOGL,2026-01-26 06:13:31.896900+00:00
2025-05-01 00:00:00-04:00,160.00812396444732,161.5039930234171,158.47237175928248,160.8557891845703,30203200,0.0,0.0,GOOGL,2026-01-26 06:13:31.896900+00:00
2025-05-02 00:00:00-04:00,162.95997467027814,164.51567601619934,161.42420728854916,163.57826232910156,25715000,0.0,0.0,GOOGL,2026-01-26 06:13:31.896900+00:00
2025-05-05 00:00:00-04:00,162.55110755610633,164.93452502755278,162.2718798770323,163.75778198242188,21341800,0.0,0.0,GOOGL,2026-01-26 06:13:31.896900+00:00
2025-05-06 00:00:00-04:00,161.72339340187466,164.3461554362482,160.74609651363122,162.7804718017578,21277200,0.0,0.0,GOOGL,2026-01-26 06:13:31.896900+00:00
2025-05-07 00:00:00-04:00,163.62814193511582,164.545606521222,147.43285979099062,150.96311950683594,127490100,0.0,0.0,GOOGL,2026-01-26 06:13:31.896900+00:00
2025-05-08 00:00:00-04:00,154.57313616382487,155.5005676767597,152.4789133936082,153.85511779785156,57498700,0.0,0.0,GOOGL,2026-01-26 06:13:31.896900+00:00
2025-05-09 00:00:00-04:00,153.7454179749914,154.62299934708025,151.78084208678038,152.32933044433594,32435300,0.0,0.0,GOOGL,2026-01-26 06:13:31.896900+00:00
2025-05-12 00:00:00-04:00,157.0562906900787,158.66185748829406,155.81970007226886,158.02362060546875,44138800,0.0,0.0,GOOGL,2026-01-26 06:13:31.896900+00:00
2025-05-13 00:00:00-04:00,158.35270013902556,160.12781218093087,155.72995326636035,159.09066772460938,42382100,0.0,0.0,GOOGL,2026-01-26 06:13:31.896900+00:00
2025-05-14 00:00:00-04:00,159.51949150800576,166.5400972975048,159.170449289238,164.91458129882812,48755900,0.0,0.0,GOOGL,2026-01-26 06:13:31.896900+00:00
2025-05-15 00:00:00-04:00,165.3832808496498,165.75227223459135,161.92283584781248,163.5084686279297,33146700,0.0,0.0,GOOGL,2026-01-26 06:13:31.896900+00:00
2025-05-16 00:00:00-04:00,167.26806720706887,168.88361607338598,165.16387753981013,165.73231506347656,42846900,0.0,0.0,GOOGL,2026-01-26 06:13:31.896900+00:00
2025-05-19 00:00:00-04:00,164.0569364118495,166.18107529267584,163.7677417629434,166.0813446044922,30426100,0.0,0.0,GOOGL,2026-01-26 06:13:31.896900+00:00
2025-05-20 00:00:00-04:00,165.9716462897934,168.03595283640126,162.45136908866291,163.5283966064453,46607700,0.0,0.0,GOOGL,2026-01-26 06:13:31.896900+00:00
2025-05-21 00:00:00-04:00,163.2392111991083,172.66318349220677,163.1095643409873,168.09579467773438,73416000,0.0,0.0,GOOGL,2026-01-26 06:13:31.896900+00:00
2025-05-22 00:00:00-04:00,171.37672606938918,176.28317441687045,170.23986627200654,170.3994140625,74864400,0.0,0.0,GOOGL,2026-01-26 06:13:31.896900+00:00
2025-05-23 00:00:00-04:00,168.5944139952117,169.49194456610303,167.42763794814334,168.00604248046875,35211400,0.0,0.0,GOOGL,2026-01-26 06:13:31.896900+00:00
2025-05-27 00:00:00-04:00,169.69139882784629,172.69310408957966,169.53183580095055,172.42384338378906,37995700,0.0,0.0,GOOGL,2026-01-26 06:13:31.896900+00:00
2025-05-28 00:00:00-04:00,172.6831300854681,174.7873198647011,171.4365725199691,171.8853302001953,34784000,0.0,0.0,GOOGL,2026-01-26 06:13:31.896900+00:00
2025-05-29 00:00:00-04:00,173.5208093888165,173.93965089581198,170.1600951338123,171.38670349121094,29317300,0.0,0.0,GOOGL,2026-01-26 06:13:31.896900+00:00
2025-05-30 00:00:00-04:00,170.87810348795895,171.73573563304672,166.97886808315485,171.26702880859375,52639900,0.0,0.0,GOOGL,2026-01-26 06:13:31.896900+00:00
2025-06-02 00:00:00-04:00,167.37775851379809,169.40216659815258,166.9290008745093,168.56448364257812,38612300,0.0,0.0,GOOGL,2026-01-26 06:13:31.896900+00:00
2025-06-03 00:00:00-04:00,167.0287408798973,168.01600469808255,164.82482048675826,165.7223358154297,45084900,0.0,0.0,GOOGL,2026-01-26 06:13:31.896900+00:00
2025-06-04 00:00:00-04:00,166.28081407126308,167.75673398423967,165.90185569784677,167.5872039794922,26900800,0.0,0.0,GOOGL,2026-01-26 06:13:31.896900+00:00
2025-06-05 00:00:00-04:00,169.8708734285067,170.45924489376316,167.128447034404,167.7467498779297,36379100,0.0,0.0,GOOGL,2026-01-26 06:13:31.896900+00:00
2025-06-06 00:00:00-04:00,170.35954849552294,174.01943975782734,170.35954849552294,173.20169067382812,35731800,0.0,0.0,GOOGL,2026-01-26 06:13:31.896900+00:00
2025-06-09 00:00:00-04:00,174.27003651227847,176.19705935039198,174.1003012753775,175.81764221191406,28935900,0.21,0.0,GOOGL,2026-01-26 06:13:31.896900+00:00
2025-06-10 00:00:00-04:00,175.92747903926403,180.8298886948226,174.63948090794972,178.3237762451172,61766100,0.0,0.0,GOOGL,2026-01-26 06:13:31.896900+00:00
2025-06-11 00:00:00-04:00,179.49195401036374,180.09101684926247,176.47662077845203,177.07569885253906,31646800,0.0,0.0,GOOGL,2026-01-26 06:13:31.896900+00:00
2025-06-12 00:00:00-04:00,175.9075065231488,176.4466798719252,174.47972552416806,175.42825317382812,20941900,0.0,0.0,GOOGL,2026-01-26 06:13:31.896900+00:00
2025-06-13 00:00:00-04:00,172.17329464872896,176.85604320367563,172.1233689351953,174.39984130859375,27663100,0.0,0.0,GOOGL,2026-01-26 06:13:31.896900+00:00
2025-06-16 00:00:00-04:00,174.45974398959817,176.66633252587772,174.37986589593493,176.49659729003906,27389200,0.0,0.0,GOOGL,2026-01-26 06:13:31.896900+00:00
2025-06-17 00:00:00-04:00,175.4282431183839,177.08567926563504,174.30998028900405,175.6778564453125,24973000,0.0,0.0,GOOGL,2026-01-26 06:13:31.896900+00:00
2025-06-18 00:00:00-04:00,175.73776761612697,176.28692000243774,172.93211615674434,173.05194091796875,28707500,0.0,0.0,GOOGL,2026-01-26 06:13:31.896900+00:00
2025-06-20 00:00:00-04:00,173.68095462694552,174.07035081830173,165.20409556084024,166.38226318359375,75659900,0.0,0.0,GOOGL,2026-01-26 06:13:31.896900+00:00
2025-06-23 00:00:00-04:00,166.0128407101847,167.08117785912864,161.74944069273923,164.93450927734375,57671000,0.0,0.0,GOOGL,2026-01-26 06:13:31.896900+00:00
2025-06-24 00:00:00-04:00,166.66183161080377,167.95982401484335,165.87306016657053,166.51206970214844,40524300,0.0,0.0,GOOGL,2026-01-26 06:13:31.896900+00:00
2025-06-25 00:00:00-04:00,167.37074500344593,172.09342522608725,167.29086690480466,170.416015625,35479000,0.0,0.0,GOOGL,2026-01-26 06:13:31.896900+00:00
2025-06-26 00:00:00-04:00,172.16329217484034,173.42135306121023,169.67715325213413,173.27157592773438,31796700,0.0,0.0,GOOGL,2026-01-26 06:13:31.896900+00:00
2025-06-27 00:00:00-04:00,173.27158802075178,178.40363764116194,171.46438989107267,178.25387573242188,108140200,0.0,0.0,GOOGL,2026-01-26 06:13:31.896900+00:00
2025-06-30 00:00:00-04:00,180.50039372606906,180.949694682379,174.30998606031628,175.95742797851562,63378900,0.0,0.0,GOOGL,2026-01-26 06:13:31.896900+00:00
2025-07-01 00:00:00-04:00,175.46818749328466,175.81763700531283,173.26159900853952,175.56802368164062,35904500,0.0,0.0,GOOGL,2026-01-26 06:13:31.896900+00:00
2025-07-02 00:00:00-04:00,175.26848197683447,178.58335417760583,174.79922295185074,178.3636932373047,29128900,0.0,0.0,GOOGL,2026-01-26 06:13:31.896900+00:00
2025-07-03 00:00:00-04:00,178.22391365801445,179.39210218822254,176.7761594232363,179.2523193359375,21689700,0.0,0.0,GOOGL,2026-01-26 06:13:31.896900+00:00
2025-07-07 00:00:00-04:00,178.78304908898676,179.0226833705182,175.40827199123135,176.5165557861328,34175600,0.0,0.0,GOOGL,2026-01-26 06:13:31.896900+00:00
2025-07-08 00:00:00-04:00,177.5749242496101,177.67476043779465,172.54271112131266,174.09031677246094,40442500,0.0,0.0,GOOGL,2026-01-26 06:13:31.896900+00:00
2025-07-09 00:00:00-04:00,174.97894087050608,179.1624626362242,172.50278095171484,176.34681701660156,43025600,0.0,0.0,GOOGL,2026-01-26 06:13:31.896900+00:00
2025-07-10 00:00:00-04:00,175.35836349959487,178.15402063985096,174.11029683512743,177.34527587890625,29252400,0.0,0.0,GOOGL,2026-01-26 06:13:31.896900+00:00
2025-07-11 00:00:00-04:00,176.51656530489134,181.14938835134018,176.20704719654847,179.91131591796875,34282900,0.0,0.0,GOOGL,2026-01-26 06:13:31.896900+00:00
2025-07-14 00:00:00-04:00,180.7300224544814,183.3859118317051,179.40207776586954,181.2791748046875,32536600,0.0,0.0,GOOGL,2026-01-26 06:13:31.896900+00:00
2025-07-15 00:00:00-04:00,182.5272506181519,183.93507346834292,181.31913062189142,181.718505859375,33448300,0.0,0.0,GOOGL,2026-01-26 06:13:31.896900+00:00
2025-07-16 00:00:00-04:00,182.95659839065306,184.04490889196538,181.74846312672318,182.68701171875,33104200,0.0,0.0,GOOGL,2026-01-26 06:13:31.896900+00:00
2025-07-17 00:00:00-04:00,181.85827589550698,183.77530432362263,180.20083982993623,183.29605102539062,31992600,0.0,0.0,GOOGL,2026-01-26 06:13:31.896900+00:00
2025-07-18 00:00:00-04:00,185.113228386666,186.13165497814074,183.42585517412414,184.7737579345703,34014500,0.0,0.0,GOOGL,2026-01-26 06:13:31.896900+00:00
2025-07-21 00:00:00-04:00,185.9619181252415,189.99566255854273,185.86206670599856,189.80596923828125,45803100,0.0,0.0,GOOGL,2026-01-26 06:13:31.896900+00:00
2025-07-22 00:00:00-04:00,191.20380830960463,191.35357021159422,187.17006365240448,191.04405212402344,44660200,0.0,0.0,GOOGL,2026-01-26 06:13:31.896900+00:00
2025-07-23 00:00:00-04:00,191.20381577219638,192.23222149983224,188.88739669642578,189.93577575683594,58681900,0.0,0.0,GOOGL,2026-01-26 06:13:31.896900+00:00
2025-07-24 00:00:00-04:00,196.72525594978663,197.64383117376477,190.70458366341637,191.87277221679688,74881700,0.0,0.0,GOOGL,2026-01-26 06:13:31.896900+00:00
2025-07-25 00:00:00-04:00,191.68306935737266,194.02944081770818,190.96418172846938,192.88121032714844,39785900,0.0,0.0,GOOGL,2026-01-26 06:13:31.896900+00:00
2025-07-28 00:00:00-04:00,193.35047209995227,193.7498625541434,190.54482081320737,192.28213500976562,38139500,0.0,0.0,GOOGL,2026-01-26 06:13:31.896900+00:00
2025-07-29 00:00:00-04:00,192.13236281084488,195.61697034161693,191.78291329403916,195.44723510742188,41389200,0.0,0.0,GOOGL,2026-01-26 06:13:31.896900+00:00
2025-07-30 00:00:00-04:00,195.2974741739121,197.2943808004953,194.3888780023715,196.2260284423828,32445400,0.0,0.0,GOOGL,2026-01-26 06:13:31.896900+00:00
2025-07-31 00:00:00-04:00,195.40729975764043,195.68686545955075,190.79443520574372,191.60317993164062,51329200,0.0,0.0,GOOGL,2026-01-26 06:13:31.896900+00:00
2025-08-01 00:00:00-04:00,188.73762721302066,190.53484621084553,187.52950724447476,188.8374786376953,34832200,0.0,0.0,GOOGL,2026-01-26 06:13:31.896900+00:00
2025-08-04 00:00:00-04:00,189.9956738002762,194.96798225717674,189.82593856567027,194.7383270263672,31547400,0.0,0.0,GOOGL,2026-01-26 06:13:31.896900+00:00
2025-08-05 00:00:00-04:00,194.4088584088549,197.55398036609623,193.59011934927213,194.36891174316406,31602300,0.0,0.0,GOOGL,2026-01-26 06:13:31.896900+00:00
2025-08-06 00:00:00-04:00,194.19916035027438,196.32587068335496,193.37044231078846,195.7866973876953,21562900,0.0,0.0,GOOGL,2026-01-26 06:13:31.896900+00:00
2025-08-07 00:00:00-04:00,196.75520727948205,197.23446060352177,194.0294340028213,196.21604919433594,26321800,0.0,0.0,GOOGL,2026-01-26 06:13:31.896900+00:00
2025-08-08 00:00:00-04:00,196.9149587094283,202.29662132319493,196.86503299798275,201.10845947265625,39161800,0.0,0.0,GOOGL,2026-01-26 06:13:31.896900+00:00
2025-08-11 00:00:00-04:00,200.62921267003748,201.16837075965444,198.76210983585918,200.68911743164062,25832400,0.0,0.0,GOOGL,2026-01-26 06:13:31.896900+00:00
2025-08-12 00:00:00-04:00,201.0585431482033,204.18370696130674,200.27975076589462,203.02549743652344,30397900,0.0,0.0,GOOGL,2026-01-26 06:13:31.896900+00:00
2025-08-13 00:00:00-04:00,203.81428597106753,204.21366121456273,197.2045144743427,201.64764404296875,28342900,0.0,0.0,GOOGL,2026-01-26 06:13:31.896900+00:00
2025-08-14 00:00:00-04:00,201.18833871082708,204.12379383237695,200.91875205563483,202.62611389160156,25230400,0.0,0.0,GOOGL,2026-01-26 06:13:31.896900+00:00
2025-08-15 00:00:00-04:00,203.534714766441,206.12070520105007,200.96868242883633,203.58462524414062,34931400,0.0,0.0,GOOGL,2026-01-26 06:13:31.896900+00:00
2025-08-18 00:00:00-04:00,203.8841712567715,204.9525236553874,202.17682455801943,203.1852569580078,18526600,0.0,0.0,GOOGL,2026-01-26 06:13:31.896900+00:00
2025-08-19 00:00:00-04:00,202.7159730378366,203.1253425488118,199.65072931767816,201.25823974609375,24240200,0.0,0.0,GOOGL,2026-01-26 06:13:31.896900+00:00
2025-08-20 00:00:00-04:00,200.41952632200108,200.9686786831588,196.29592455953664,199.01171875,28955500,0.0,0.0,GOOGL,2026-01-26 06:13:31.896900+00:00
2025-08-21 00:00:00-04:00,199.4410400390625,202.166813191516,199.12152768080315,199.4410400390625,19774600,0.0,0.0,GOOGL,2026-01-26 06:13:31.896900+00:00
2025-08-22 00:00:00-04:00,202.41643648326647,208.21744781149425,200.98865555430208,205.771240234375,42827000,0.0,0.0,GOOGL,2026-01-26 06:13:31.896900+00:00
2025-08-25 00:00:00-04:00,206.11069972619865,210.19438514977915,204.9624845680577,208.1675262451172,29928900,0.0,0.0,GOOGL,2026-01-26 06:13:31.896900+00:00
2025-08-26 00:00:00-04:00,207.18903343187435,207.52851912382437,205.3818354433132,206.81961059570312,28464100,0.0,0.0,GOOGL,2026-01-26 06:13:31.896900+00:00
2025-08-27 00:00:00-04:00,205.38184246485358,208.58688428789492,205.3319167524022,207.15908813476562,23022900,0.0,0.0,GOOGL,2026-01-26 06:13:31.896900+00:00
2025-08-28 00:00:00-04:00,206.92944327697995,211.8917573213033,206.57997853322107,211.31265258789062,32339300,0.0,0.0,GOOGL,2026-01-26 06:13:31.896900+00:00
2025-08-29 00:00:00-04:00,210.1843914975452,214.3179874085232,209.87487342277922,212.5806884765625,39728400,0.0,0.0,GOOGL,2026-01-26 06:13:31.896900+00:00
2025-09-02 00:00:00-04:00,208.11761422314743,211.3525932568575,205.88107328271496,211.0231170654297,47523000,0.0,0.0,GOOGL,2026-01-26 06:13:31.896900+00:00
2025-09-03 00:00:00-04:00,225.86012385269166,230.95222645491896,224.44230678385503,230.30323791503906,103336100,0.0,0.0,GOOGL,2026-01-26 06:13:31.896900+00:00
2025-09-04 00:00:00-04:00,229.2947939629136,232.01058815431742,225.76027598883607,231.94070434570312,51684200,0.0,0.0,GOOGL,2026-01-26 06:13:31.896900+00:00
2025-09-05 00:00:00-04:00,231.84086323662245,235.39535470067108,231.5413241866342,234.63653564453125,46588900,0.0,0.0,GOOGL,2026-01-26 06:13:31.896900+00:00
2025-09-08 00:00:00-04:00,235.31608185012894,237.97434675109136,233.5172554040335,233.8870086669922,32474700,0.21,0.0,GOOGL,2026-01-26 06:13:31.896900+00:00
2025-09-09 00:00:00-04:00,234.0169206603603,240.3128053844981,233.07753270088136,239.47335815429688,38061000,0.0,0.0,GOOGL,2026-01-26 06:13:31.896900+00:00
2025-09-10 00:00:00-04:00,238.74382884116824,241.50203443312756,237.6945274082077,239.01365661621094,35141100,0.0,0.0,GOOGL,2026-01-26 06:13:31.896900+00:00
2025-09-11 00:00:00-04:00,239.7232054178332,242.09165136894262,236.09557331646107,240.21287536621094,30599300,0.0,0.0,GOOGL,2026-01-26 06:13:31.896900+00:00
2025-09-12 00:00:00-04:00,240.21286654309478,241.92175543476245,237.84442067897936,240.64259338378906,26771600,0.0,0.0,GOOGL,2026-01-26 06:13:31.896900+00:00
2025-09-15 00:00:00-04:00,244.5000723057695,252.24500622225327,244.5000723057695,251.44552612304688,58383800,0.0,0.0,GOOGL,2026-01-26 06:13:31.896900+00:00
2025-09-16 00:00:00-04:00,251.91521585326547,252.87457975705254,249.30692141357196,250.99581909179688,34109700,0.0,0.0,GOOGL,2026-01-26 06:13:31.896900+00:00
2025-09-17 00:00:00-04:00,251.0557800198683,251.43553649547647,246.11900683222018,249.36688232421875,34108000,0.0,0.0,GOOGL,2026-01-26 06:13:31.896900+00:00
2025-09-18 00:00:00-04:00,251.51547232528497,253.82397511354577,249.6367116291099,251.86524963378906,31239500,0.0,0.0,GOOGL,2026-01-26 06:13:31.896900+00:00
2025-09-19 00:00:00-04:00,253.08445699569828,255.83265939150547,251.64539584681071,254.55349731445312,55571400,0.0,0.0,GOOGL,2026-01-26 06:13:31.896900+00:00
2025-09-22 00:00:00-04:00,254.2636811395151,255.6128047936517,250.13639113793755,252.36492919921875,32290500,0.0,0.0,GOOGL,2026-01-26 06:13:31.896900+00:00
2025-09-23 00:00:00-04:00,252.8745862102155,254.1937306726042,250.31626206974443,251.49549865722656,26628000,0.0,0.0,GOOGL,2026-01-26 06:13:31.896900+00:00
2025-09-24 00:00:00-04:00,251.49550432970327,252.18505574615793,246.2789151995329,246.97845458984375,28201000,0.0,0.0,GOOGL,2026-01-26 06:13:31.896900+00:00
2025-09-25 00:00:00-04:00,244.24022750230412,246.32887284028934,240.58263166512353,245.6293182373047,31020400,0.0,0.0,GOOGL,2026-01-26 06:13:31.896900+00:00
2025-09-26 00:00:00-04:00,246.90849752367055,249.25695217808112,245.80921049475367,246.3788299560547,18503200,0.0,0.0,GOOGL,2026-01-26 06:13:31.896900+00:00
2025-09-29 00:00:00-04:00,247.6879914773483,250.98582213384148,242.61131034259105,243.89047241210938,32505800,0.0,0.0,GOOGL,2026-01-26 06:13:31.896900+00:00
2025-09-30 00:00:00-04:00,242.65128209661555,243.13096406959585,239.09361157011617,242.94110107421875,34724300,0.0,0.0,GOOGL,2026-01-26 06:13:31.896900+00:00
2025-10-01 00:00:00-04:00,240.59263270567308,246.13900797357311,238.45403213601972,244.7399139404297,31658200,0.0,0.0,GOOGL,2026-01-26 06:13:31.896900+00:00
2025-10-02 00:00:00-04:00,244.98974812584623,246.64866670301694,242.14162021805868,245.52940368652344,25483300,0.0,0.0,GOOGL,2026-01-26 06:13:31.896900+00:00
2025-10-03 00:00:00-04:00,244.33018254314118,246.138996907564,241.5020306823554,245.1896209716797,30249600,0.0,0.0,GOOGL,2026-01-26 06:13:31.896900+00:00
2025-10-06 00:00:00-04:00,244.61999567020933,251.1557292673991,244.42012945214807,250.26629638671875,28894700,0.0,0.0,GOOGL,2026-01-26 06:13:31.896900+00:00
2025-10-07 00:00:00-04:00,248.10771903747053,250.27629875611288,245.35951661425605,245.59934997558594,23181300,0.0,0.0,GOOGL,2026-01-26 06:13:31.896900+00:00
2025-10-08 00:00:00-04:00,244.79988761332393,245.84918907751907,243.66063338889384,244.46009826660156,21307100,0.0,0.0,GOOGL,2026-01-26 06:13:31.896900+00:00
2025-10-09 00:00:00-04:00,244.3101967172578,244.60000044134677,238.99366696134817,241.3721160888672,27892100,0.0,0.0,GOOGL,2026-01-26 06:13:31.896900+00:00
2025-10-10 00:00:00-04:00,241.27216783484693,243.93043262992407,235.6858257251368,236.4153594970703,33180300,0.0,0.0,GOOGL,2026-01-26 06:13:31.896900+00:00
2025-10-13 00:00:00-04:00,240.05299046060216,244.34017953936018,239.55331729181,243.9904022216797,24995000,0.0,0.0,GOOGL,2026-01-26 06:13:31.896900+00:00
2025-10-14 00:00:00-04:00,241.07230809804528,246.95845730298234,240.35277752895155,245.28955078125,22111600,0.0,0.0,GOOGL,2026-01-26 06:13:31.896900+00:00
2025-10-15 00:00:00-04:00,247.0883778879278,251.94520161834686,245.82920701293574,250.86590576171875,27007700,0.0,0.0,GOOGL,2026-01-26 06:13:31.896900+00:00
2025-10-16 00:00:00-04:00,251.60541868813706,256.79201310331337,249.93651222042618,251.29562377929688,27997200,0.0,0.0,GOOGL,2026-01-26 06:13:31.896900+00:00
2025-10-17 00:00:00-04:00,250.59608169913423,254.05382673080507,247.64801305801078,253.13442993164062,29671600,0.0,0.0,GOOGL,2026-01-26 06:13:31.896900+00:00
2025-10-20 00:00:00-04:00,254.52352413042843,257.1617826336821,254.06381810029453,256.3822937011719,22350200,0.0,0.0,GOOGL,2026-01-26 06:13:31.896900+00:00
2025-10-21 00:00:00-04:00,254.5734808325197,254.71338870395212,243.99039197294186,250.29627990722656,47312100,0.0,0.0,GOOGL,2026-01-26 06:13:31.896900+00:00
2025-10-22 00:00:00-04:00,254.20372304336274,256.19241249616164,249.12704181794433,251.52548217773438,35029400,0.0,0.0,GOOGL,2026-01-26 06:13:31.896900+00:00
2025-10-23 00:00:00-04:00,252.81462530948346,254.8732762688867,251.68537434804077,252.91456604003906,19901400,0.0,0.0,GOOGL,2026-01-26 06:13:31.896900+00:00
2025-10-24 00:00:00-04:00,256.412278354529,261.5089509442133,255.1531226659378,259.7501220703125,28655100,0.0,0.0,GOOGL,2026-01-26 06:13:31.896900+00:00
2025-10-27 00:00:00-04:00,264.6468909460984,269.9634205104271,264.10723541197956,269.0939636230469,35235200,0.0,0.0,GOOGL,2026-01-26 06:13:31.896900+00:00
2025-10-28 00:00:00-04:00,269.5137161039883,270.5530448339537,266.3257988486908,267.295166015625,29738600,0.0,0.0,GOOGL,2026-01-26 06:13:31.896900+00:00
2025-10-29 00:00:00-04:00,267.57498405043395,275.1600191542769,267.49504976173847,274.3905334472656,43580300,0.0,0.0,GOOGL,2026-01-26 06:13:31.896900+00:00
2025-10-30 00:00:00-04:00,291.3993974290424,291.3993974290424,279.87693527724974,281.2960205078125,74876000,0.0,0.0,GOOGL,2026-01-26 06:13:31.896900+00:00
2025-10-31 00:00:00-04:00,283.02486366213384,285.81304844327684,276.8489107040144,281.0061950683594,39267900,0.0,0.0,GOOGL,2026-01-26 06:13:31.896900+00:00
2025-11-03 00:00:00-05:00,281.9955439895644,285.3433603410046,279.61709481156873,283.5345458984375,29786000,0.0,0.0,GOOGL,2026-01-26 06:13:31.896900+00:00
2025-11-04 00:00:00-05:00,276.56908942406625,281.0861237356038,276.07941949471564,277.35858154296875,30078400,0.0,0.0,GOOGL,2026-01-26 06:13:31.896900+00:00
2025-11-05 00:00:00-05:00,278.6876991693174,286.23278206992967,277.15870054271744,284.1241455078125,31010300,0.0,0.0,GOOGL,2026-01-26 06:13:31.896900+00:00
2025-11-06 00:00:00-05:00,285.14348075532007,288.1615262521665,280.9562476047489,284.5638732910156,37173600,0.0,0.0,GOOGL,2026-01-26 06:13:31.896900+00:00
2025-11-07 00:00:00-05:00,283.0248465894465,283.59448127875606,275.0101005397699,278.647705078125,34479600,0.0,0.0,GOOGL,2026-01-26 06:13:31.896900+00:00
2025-11-10 00:00:00-05:00,284.23409016650885,290.6098939896417,282.6750818691635,289.9103698730469,29557300,0.0,0.0,GOOGL,2026-01-26 06:13:31.896900+00:00
2025-11-11 00:00:00-05:00,287.56189748708465,291.72918497214437,287.1321858980205,291.11956787109375,19842100,0.0,0.0,GOOGL,2026-01-26 06:13:31.896900+00:00
2025-11-12 00:00:00-05:00,291.4893355792204,291.8191369528623,283.504568014819,286.5225830078125,24829900,0.0,0.0,GOOGL,2026-01-26 06:13:31.896900+00:00
2025-11-13 00:00:00-05:00,282.15543354563385,282.65510670070455,277.0587612643864,278.3879089355469,29494000,0.0,0.0,GOOGL,2026-01-26 06:13:31.896900+00:00
2025-11-14 00:00:00-05:00,271.23257767900105,278.3778974858086,270.52305035910666,276.22930908203125,31647200,0.0,0.0,GOOGL,2026-01-26 06:13:31.896900+00:00
2025-11-17 00:00:00-05:00,285.59319216713175,293.7578650793077,283.38464532335746,284.83367919921875,52670200,0.0,0.0,GOOGL,2026-01-26 06:13:31.896900+00:00
2025-11-18 00:00:00-05:00,287.7318125744744,288.61121173854644,278.0181648979437,284.09417724609375,49158700,0.0,0.0,GOOGL,2026-01-26 06:13:31.896900+00:00
2025-11-19 00:00:00-05:00,286.9722907427786,303.6114007455407,286.44263841708545,292.61859130859375,68198900,0.0,0.0,GOOGL,2026-01-26 06:13:31.896900+00:00
2025-11-20 00:00:00-05:00,304.3409354639468,306.2197114167213,288.48131431646567,289.26080322265625,62025200,0.0,0.0,GOOGL,2026-01-26 06:13:31.896900+00:00
2025-11-21 00:00:00-05:00,296.2262391249899,303.7213362601199,293.6579118539212,299.464111328125,74137700,0.0,0.0,GOOGL,2026-01-26 06:13:31.896900+00:00
2025-11-24 00:00:00-05:00,310.9266228942269,319.27117069793417,309.39762425695875,318.3717346191406,85165100,0.0,0.0,GOOGL,2026-01-26 06:13:31.896900+00:00
2025-11-25 00:00:00-05:00,325.9967549915166,328.6150374741804,317.4423529194355,323.22857666015625,88632100,0.0,0.0,GOOGL,2026-01-26 06:13:31.896900+00:00
2025-11-26 00:00:00-05:00,320.4703785574214,324.287888914303,316.58293713459693,319.7408752441406,51373400,0.0,0.0,GOOGL,2026-01-26 06:13:31.896900+00:00
2025-11-28 00:00:00-05:00,323.15862038246837,326.6363566172421,316.5829348985448,319.970703125,26018600,0.0,0.0,GOOGL,2026-01-26 06:13:31.896900+00:00
2025-12-01 00:00:00-05:00,317.49233426982363,319.6409227326276,313.684827275924,314.6841735839844,41183000,0.0,0.0,GOOGL,2026-01-26 06:13:31.896900+00:00
2025-12-02 00:00:00-05:00,316.5329308632399,318.17187340075924,313.7047943107319,315.6035461425781,35854700,0.0,0.0,GOOGL,2026-01-26 06:13:31.896900+00:00
2025-12-03 00:00:00-05:00,315.68353592029735,321.369788644051,313.89469739870816,319.42108154296875,41838300,0.0,0.0,GOOGL,2026-01-26 06:13:31.896900+00:00
2025-12-04 00:00:00-05:00,322.0193865832628,322.14927599125497,314.4943097586067,317.4123840332031,31240900,0.0,0.0,GOOGL,2026-01-26 06:13:31.896900+00:00
2025-12-05 00:00:00-05:00,319.28113189003057,322.9487461411032,318.961364259978,321.0599670410156,28851700,0.0,0.0,GOOGL,2026-01-26 06:13:31.896900+00:00
2025-12-08 00:00:00-05:00,320.04998779296875,320.44000244140625,311.2200012207031,313.7200012207031,33909400,0.21,0.0,GOOGL,2026-01-26 06:13:31.896900+00:00
2025-12-09 00:00:00-05:00,312.3699951171875,317.989990234375,311.8999938964844,317.0799865722656,30194000,0.0,0.0,GOOGL,2026-01-26 06:13:31.896900+00:00
2025-12-10 00:00:00-05:00,315.8299865722656,321.30999755859375,314.67999267578125,320.2099914550781,33428900,0.0,0.0,GOOGL,2026-01-26 06:13:31.896900+00:00
2025-12-11 00:00:00-05:00,320.0799865722656,321.1199951171875,308.6000061035156,312.42999267578125,42353700,0.0,0.0,GOOGL,2026-01-26 06:13:31.896900+00:00
2025-12-12 00:00:00-05:00,313.70001220703125,314.8699951171875,305.55999755859375,309.2900085449219,35940200,0.0,0.0,GOOGL,2026-01-26 06:13:31.896900+00:00
2025-12-15 00:00:00-05:00,311.32000732421875,311.4200134277344,304.8800048828125,308.2200012207031,29151900,0.0,0.0,GOOGL,2026-01-26 06:13:31.896900+00:00
2025-12-16 00:00:00-05:00,304.95001220703125,310.7699890136719,302.5899963378906,306.57000732421875,30585000,0.0,0.0,GOOGL,2026-01-26 06:13:31.896900+00:00
2025-12-17 00:00:00-05:00,308.010009765625,308.0899963378906,296.1199951171875,296.7200012207031,43930400,0.0,0.0,GOOGL,2026-01-26 06:13:31.896900+00:00
2025-12-18 00:00:00-05:00,301.7200012207031,303.9599914550781,299.2300109863281,302.4599914550781,33518000,0.0,0.0,GOOGL,2026-01-26 06:13:31.896900+00:00
2025-12-19 00:00:00-05:00,301.7300109863281,307.25,300.9700012207031,307.1600036621094,59943200,0.0,0.0,GOOGL,2026-01-26 06:13:31.896900+00:00
2025-12-22 00:00:00-05:00,309.8800048828125,310.1300048828125,305.29998779296875,309.7799987792969,26429900,0.0,0.0,GOOGL,2026-01-26 06:13:31.896900+00:00
2025-12-23 00:00:00-05:00,309.6300048828125,314.94000244140625,309.32000732421875,314.3500061035156,25478700,0.0,0.0,GOOGL,2026-01-26 06:13:31.896900+00:00
2025-12-24 00:00:00-05:00,314.7699890136719,315.0799865722656,311.9200134277344,314.0899963378906,10097400,0.0,0.0,GOOGL,2026-01-26 06:13:31.896900+00:00
2025-12-26 00:00:00-05:00,314.4800109863281,315.0899963378906,312.2799987792969,313.510009765625,10899000,0.0,0.0,GOOGL,2026-01-26 06:13:31.896900+00:00
2025-12-29 00:00:00-05:00,311.3699951171875,314.0199890136719,310.6199951171875,313.55999755859375,19621800,0.0,0.0,GOOGL,2026-01-26 06:13:31.896900+00:00
2025-12-30 00:00:00-05:00,312.5,316.95001220703125,312.4599914550781,313.8500061035156,17380900,0.0,0.0,GOOGL,2026-01-26 06:13:31.896900+00:00
2025-12-31 00:00:00-05:00,312.8500061035156,314.5799865722656,311.44000244140625,313.0,16377700,0.0,0.0,GOOGL,2026-01-26 06:13:31.896900+00:00
2026-01-02 00:00:00-05:00,316.8999938964844,322.5,310.3299865722656,315.1499938964844,32009400,0.0,0.0,GOOGL,2026-01-26 06:13:31.896900+00:00
2026-01-05 00:00:00-05:00,317.6600036621094,319.0199890136719,314.6300048828125,316.5400085449219,30195600,0.0,0.0,GOOGL,2026-01-26 06:13:31.896900+00:00
2026-01-06 00:00:00-05:00,316.3999938964844,320.94000244140625,311.7799987792969,314.3399963378906,31212100,0.0,0.0,GOOGL,2026-01-26 06:13:31.896900+00:00
2026-01-07 00:00:00-05:00,314.3599853515625,326.1499938964844,314.19000244140625,321.9800109863281,35104400,0.0,0.0,GOOGL,2026-01-26 06:13:31.896900+00:00
2026-01-08 00:00:00-05:00,328.9700012207031,330.32000732421875,321.5,325.44000244140625,31896100,0.0,0.0,GOOGL,2026-01-26 06:13:31.896900+00:00
2026-01-09 00:00:00-05:00,327.0899963378906,330.8299865722656,325.79998779296875,328.57000732421875,26214200,0.0,0.0,GOOGL,2026-01-26 06:13:31.896900+00:00
2026-01-12 00:00:00-05:00,325.79998779296875,334.0400085449219,325.0,331.8599853515625,33923900,0.0,0.0,GOOGL,2026-01-26 06:13:31.896900+00:00
2026-01-13 00:00:00-05:00,334.95001220703125,340.489990234375,333.6199951171875,335.9700012207031,33517600,0.0,0.0,GOOGL,2026-01-26 06:13:31.896900+00:00
2026-01-14 00:00:00-05:00,335.05999755859375,336.5199890136719,330.4800109863281,335.8399963378906,28525600,0.0,0.0,GOOGL,2026-01-26 06:13:31.896900+00:00
2026-01-15 00:00:00-05:00,337.6499938964844,337.69000244140625,330.739990234375,332.7799987792969,28442400,0.0,0.0,GOOGL,2026-01-26 06:13:31.896900+00:00
2026-01-16 00:00:00-05:00,334.4100036621094,334.6499938964844,327.70001220703125,330.0,40341600,0.0,0.0,GOOGL,2026-01-26 06:13:31.896900+00:00
2026-01-20 00:00:00-05:00,320.8699951171875,327.7300109863281,320.42999267578125,322.0,35361000,0.0,0.0,GOOGL,2026-01-26 06:13:31.896900+00:00
2026-01-21 00:00:00-05:00,320.9200134277344,332.4800109863281,319.3500061035156,328.3800048828125,35386600,0.0,0.0,GOOGL,2026-01-26 06:13:31.896900+00:00
2026-01-22 00:00:00-05:00,334.45001220703125,335.1499938964844,328.75,330.5400085449219,26253600,0.0,0.0,GOOGL,2026-01-26 06:13:31.896900+00:00
2026-01-23 00:00:00-05:00,332.489990234375,333.69000244140625,327.45001220703125,327.92999267578125,27252600,0.0,0.0,GOOGL,2026-01-26 06:13:31.896900+00:00
