Date,Open,High,Low,Close,Volume,Dividends,Stock Splits,symbol,extracted_at
2022-01-03 00:00:00-05:00,143.96722101651818,144.75725699875156,142.6352894390565,143.90420532226562,28646000,0.0,0.0,GOOGL,2026-01-08 10:04:45.131707+00:00
2022-01-04 00:00:00-05:00,144.3056527999595,145.3864907314866,142.63875836947292,143.31663513183594,28400000,0.0,0.0,GOOGL,2026-01-08 10:04:45.131707+00:00
2022-01-05 00:00:00-05:00,143.33697877967595,143.41588090539815,136.65546802283728,136.74180603027344,54618000,0.0,0.0,GOOGL,2026-01-08 10:04:45.131707+00:00
2022-01-06 00:00:00-05:00,135.97116230054874,138.89060201412212,135.53445940710563,136.71453857421875,37348000,0.0,0.0,GOOGL,2026-01-08 10:04:45.131707+00:00
2022-01-07 00:00:00-05:00,137.10951820455404,137.41025492629657,134.74836087315734,135.98948669433594,29760000,0.0,0.0,GOOGL,2026-01-08 10:04:45.131707+00:00
2022-01-10 00:00:00-05:00,134.0650342896381,137.77847711136317,132.16588595061782,137.6295928955078,44408000,0.0,0.0,GOOGL,2026-01-08 10:04:45.131707+00:00
2022-01-11 00:00:00-05:00,136.9720874131419,139.1645217290707,135.66744595665384,138.6881103515625,28730000,0.0,0.0,GOOGL,2026-01-08 10:04:45.131707+00:00
2022-01-12 00:00:00-05:00,140.09150474264098,141.53857889929625,139.63943036795163,140.36990356445312,26108000,0.0,0.0,GOOGL,2026-01-08 10:04:45.131707+00:00
2022-01-13 00:00:00-05:00,140.47858803319025,141.7787770936722,137.37107060354336,137.54774475097656,31436000,0.0,0.0,GOOGL,2026-01-08 10:04:45.131707+00:00
2022-01-14 00:00:00-05:00,136.05101408605333,139.68655414467383,135.97112758394667,138.43450927734375,29662000,0.0,0.0,GOOGL,2026-01-08 10:04:45.131707+00:00
2022-01-18 00:00:00-05:00,135.15383930470878,136.10316381315457,134.42286624816973,134.97816467285156,34872000,0.0,0.0,GOOGL,2026-01-08 10:04:45.131707+00:00
2022-01-19 00:00:00-05:00,135.49970276827796,136.92493874451395,134.00301568869605,134.10325622558594,28648000,0.0,0.0,GOOGL,2026-01-08 10:04:45.131707+00:00
2022-01-20 00:00:00-05:00,135.22827003905482,136.59395853080127,131.96740064347765,132.30783081054688,29908000,0.0,0.0,GOOGL,2026-01-08 10:04:45.131707+00:00
2022-01-21 00:00:00-05:00,131.59918447816986,133.85413470989914,129.11098076605415,129.37399291992188,55652000,0.0,0.0,GOOGL,2026-01-08 10:04:45.131707+00:00
2022-01-24 00:00:00-05:00,125.03329091598978,130.21911482681233,123.56637755178818,129.82310485839844,76622000,0.0,0.0,GOOGL,2026-01-08 10:04:45.131707+00:00
2022-01-25 00:00:00-05:00,127.77458065092937,128.42863539946603,125.55187278454918,125.98310852050781,46960000,0.0,0.0,GOOGL,2026-01-08 10:04:45.131707+00:00
2022-01-26 00:00:00-05:00,130.13572850778058,132.00261942561787,126.18854746933454,128.2638702392578,49130000,0.0,0.0,GOOGL,2026-01-08 10:04:45.131707+00:00
2022-01-27 00:00:00-05:00,130.31933794967972,131.6577209195891,127.96561639041133,128.03758239746094,31950000,0.0,0.0,GOOGL,2026-01-08 10:04:45.131707+00:00
2022-01-28 00:00:00-05:00,128.68666808776362,132.35644978053813,127.52147605383999,132.35098266601562,34362000,0.0,0.0,GOOGL,2026-01-08 10:04:45.131707+00:00
2022-01-31 00:00:00-05:00,133.15591425848223,134.45708760059057,131.21805677014638,134.28884887695312,39986000,0.0,0.0,GOOGL,2026-01-08 10:04:45.131707+00:00
2022-02-01 00:00:00-05:00,136.56268808721643,136.7597011273852,133.36088165017736,136.61181640625,68644000,0.0,0.0,GOOGL,2026-01-08 10:04:45.131707+00:00
2022-02-02 00:00:00-05:00,150.11578031488366,150.41005044814193,144.43123734697568,146.89015197753906,123200000,0.0,0.0,GOOGL,2026-01-08 10:04:45.131707+00:00
2022-02-03 00:00:00-05:00,144.61286316505112,148.55259367465578,141.5956515737135,142.0169677734375,71518000,0.0,0.0,GOOGL,2026-01-08 10:04:45.131707+00:00
2022-02-04 00:00:00-05:00,142.3688132081946,143.78858213047806,139.4612771720624,142.21844482421875,57998000,0.0,0.0,GOOGL,2026-01-08 10:04:45.131707+00:00
2022-02-07 00:00:00-05:00,143.16825272340563,143.16825272340563,137.85836692860573,138.15711975097656,54974000,0.0,0.0,GOOGL,2026-01-08 10:04:45.131707+00:00
2022-02-08 00:00:00-05:00,137.98393352600814,138.95012868811895,135.98652845498887,138.3536376953125,54284000,0.0,0.0,GOOGL,2026-01-08 10:04:45.131707+00:00
2022-02-09 00:00:00-05:00,139.90641595810757,141.45571462604343,139.13573444735914,140.5301971435547,40144000,0.0,0.0,GOOGL,2026-01-08 10:04:45.131707+00:00
2022-02-10 00:00:00-05:00,138.65586088469732,140.42349572216153,136.92245230630547,137.58047485351562,39330000,0.0,0.0,GOOGL,2026-01-08 10:04:45.131707+00:00
2022-02-11 00:00:00-05:00,137.56065622822797,138.1129712080033,132.39963847863444,133.27552795410156,39958000,0.0,0.0,GOOGL,2026-01-08 10:04:45.131707+00:00
2022-02-14 00:00:00-05:00,132.25720762086638,135.27788715232825,132.25720762086638,134.5096893310547,34302000,0.0,0.0,GOOGL,2026-01-08 10:04:45.131707+00:00
2022-02-15 00:00:00-05:00,136.5388523034239,137.07282740423187,134.80297510881232,135.58407592773438,26680000,0.0,0.0,GOOGL,2026-01-08 10:04:45.131707+00:00
2022-02-16 00:00:00-05:00,135.62178690030257,137.05049099274288,133.9122003011313,136.70510864257812,25022000,0.0,0.0,GOOGL,2026-01-08 10:04:45.131707+00:00
2022-02-17 00:00:00-05:00,135.22130816652052,136.08527894268366,131.48504232159402,131.5450897216797,38950000,0.0,0.0,GOOGL,2026-01-08 10:04:45.131707+00:00
2022-02-18 00:00:00-05:00,132.46611275498591,133.06460279138676,129.2201459554218,129.4250946044922,45620000,0.0,0.0,GOOGL,2026-01-08 10:04:45.131707+00:00
2022-02-22 00:00:00-05:00,128.8643488187509,131.18928131742402,127.26195393463564,128.8400421142578,44990000,0.0,0.0,GOOGL,2026-01-08 10:04:45.131707+00:00
2022-02-23 00:00:00-05:00,130.66126945013715,131.0607474771788,126.57117055426758,126.63121795654297,32786000,0.0,0.0,GOOGL,2026-01-08 10:04:45.131707+00:00
2022-02-24 00:00:00-05:00,124.01648090757979,132.00264189308302,124.01648090757979,131.69595336914062,54456000,0.0,0.0,GOOGL,2026-01-08 10:04:45.131707+00:00
2022-02-25 00:00:00-05:00,132.55049129326056,134.25709440677767,130.76348675698117,133.45118713378906,36406000,0.0,0.0,GOOGL,2026-01-08 10:04:45.131707+00:00
2022-02-28 00:00:00-05:00,132.05225159221422,134.73348521833475,131.5981781769132,134.04420471191406,38864000,0.0,0.0,GOOGL,2026-01-08 10:04:45.131707+00:00
2022-03-01 00:00:00-05:00,133.8670269115429,135.23369956009327,132.21948692768655,133.05615234375,26496000,0.0,0.0,GOOGL,2026-01-08 10:04:45.131707+00:00
2022-03-02 00:00:00-05:00,133.61841172309505,134.24814455333347,132.07358086324874,133.5623321533203,23520000,0.0,0.0,GOOGL,2026-01-08 10:04:45.131707+00:00
2022-03-03 00:00:00-05:00,134.99004795968622,135.41633147676816,132.02793179963612,132.8953857421875,24604000,0.0,0.0,GOOGL,2026-01-08 10:04:45.131707+00:00
2022-03-04 00:00:00-05:00,131.93066729654552,132.84773411932804,129.36007848583986,130.9173126220703,30430000,0.0,0.0,GOOGL,2026-01-08 10:04:45.131707+00:00
2022-03-07 00:00:00-05:00,130.50197452038165,130.74711632419786,125.3479086063169,125.4307861328125,45112000,0.0,0.0,GOOGL,2026-01-08 10:04:45.131707+00:00
2022-03-08 00:00:00-05:00,125.30324479087164,130.26574953506457,124.73206001019544,126.15133666992188,40428000,0.0,0.0,GOOGL,2026-01-08 10:04:45.131707+00:00
2022-03-09 00:00:00-05:00,130.26575405375206,132.73261936692816,128.92637143258065,132.4194793701172,37026000,0.0,0.0,GOOGL,2026-01-08 10:04:45.131707+00:00
2022-03-10 00:00:00-05:00,130.28164376257828,132.27259751382948,129.9307942927176,131.43641662597656,27102000,0.0,0.0,GOOGL,2026-01-08 10:04:45.131707+00:00
2022-03-11 00:00:00-05:00,132.48744012522693,132.79214466049783,128.6593698076574,128.89657592773438,31526000,0.0,0.0,GOOGL,2026-01-08 10:04:45.131707+00:00
2022-03-14 00:00:00-04:00,129.27325019146025,129.43105445194786,124.33555942411138,125.00648498535156,38812000,0.0,0.0,GOOGL,2026-01-08 10:04:45.131707+00:00
2022-03-15 00:00:00-04:00,126.02378891344858,128.8807121292498,124.77770327867377,128.2291259765625,30920000,0.0,0.0,GOOGL,2026-01-08 10:04:45.131707+00:00
2022-03-16 00:00:00-04:00,129.75262441968042,132.33311772405185,127.76910672795162,132.28102111816406,35576000,0.0,0.0,GOOGL,2026-01-08 10:04:45.131707+00:00
2022-03-17 00:00:00-04:00,132.15051431173177,133.07503224064973,131.19373888959393,132.83534240722656,28264000,0.0,0.0,GOOGL,2026-01-08 10:04:45.131707+00:00
2022-03-18 00:00:00-04:00,132.42394150815238,135.22230167112554,131.2666850458185,135.1046905517578,44566000,0.0,0.0,GOOGL,2026-01-08 10:04:45.131707+00:00
2022-03-21 00:00:00-04:00,135.1424031283874,136.02226032262783,133.0869344773446,135.08087158203125,26832000,0.0,0.0,GOOGL,2026-01-08 10:04:45.131707+00:00
2022-03-22 00:00:00-04:00,135.08087260988333,139.99226524903366,135.08087260988333,138.81912231445312,35496000,0.0,0.0,GOOGL,2026-01-08 10:04:45.131707+00:00
2022-03-23 00:00:00-04:00,137.66235573176738,138.54171310581177,136.8013684687144,137.23855590820312,25154000,0.0,0.0,GOOGL,2026-01-08 10:04:45.131707+00:00
2022-03-24 00:00:00-04:00,138.1561240851599,140.5569900941861,136.7175005538764,140.51034545898438,26396000,0.0,0.0,GOOGL,2026-01-08 10:04:45.131707+00:00
2022-03-25 00:00:00-04:00,140.851769685882,140.96988057388967,138.68960896260305,140.610595703125,24126000,0.0,0.0,GOOGL,2026-01-08 10:04:45.131707+00:00
2022-03-28 00:00:00-04:00,139.84388368780657,140.9376247499745,138.76304562317353,140.3947296142578,35050000,0.0,0.0,GOOGL,2026-01-08 10:04:45.131707+00:00
2022-03-29 00:00:00-04:00,141.57779246166834,142.71519472589625,140.97335063207385,141.4368438720703,34318000,0.0,0.0,GOOGL,2026-01-08 10:04:45.131707+00:00
2022-03-30 00:00:00-04:00,141.39168860096095,141.6502331537412,140.53813719870882,140.8740997314453,19884000,0.0,0.0,GOOGL,2026-01-08 10:04:45.131707+00:00
2022-03-31 00:00:00-04:00,140.98774376810368,141.0423392002614,137.9819661266326,138.02464294433594,37524000,0.0,0.0,GOOGL,2026-01-08 10:04:45.131707+00:00
2022-04-01 00:00:00-04:00,138.453883236437,139.4175947580096,137.2703210012843,139.09950256347656,25942000,0.0,0.0,GOOGL,2026-01-08 10:04:45.131707+00:00
2022-04-04 00:00:00-04:00,139.3059565218583,142.63430898174366,139.2583123546928,141.89935302734375,25942000,0.0,0.0,GOOGL,2026-01-08 10:04:45.131707+00:00
2022-04-05 00:00:00-04:00,141.79762982217596,141.91820924459833,139.32978006321648,139.53671264648438,21418000,0.0,0.0,GOOGL,2026-01-08 10:04:45.131707+00:00
2022-04-06 00:00:00-04:00,137.70948469684797,138.31541054878005,134.50072794464424,135.5240020751953,32468000,0.0,0.0,GOOGL,2026-01-08 10:04:45.131707+00:00
2022-04-07 00:00:00-04:00,134.9900557399391,136.13590856530524,133.22092149350598,134.86947631835938,26234000,0.0,0.0,GOOGL,2026-01-08 10:04:45.131707+00:00
2022-04-08 00:00:00-04:00,134.56675141890017,134.65260481245758,131.96838763466556,132.28797912597656,25142000,0.0,0.0,GOOGL,2026-01-08 10:04:45.131707+00:00
2022-04-11 00:00:00-04:00,130.83494754462106,131.10192750746063,127.70360833102498,127.8574447631836,36884000,0.0,0.0,GOOGL,2026-01-08 10:04:45.131707+00:00
2022-04-12 00:00:00-04:00,130.61314333929536,130.61314333929536,125.83821621670401,126.75677490234375,32710000,0.0,0.0,GOOGL,2026-01-08 10:04:45.131707+00:00
2022-04-13 00:00:00-04:00,127.04012777095205,129.3566247373108,126.78306734700756,128.919921875,27928000,0.0,0.0,GOOGL,2026-01-08 10:04:45.131707+00:00
2022-04-14 00:00:00-04:00,129.50104202641265,129.50104202641265,125.65161743574774,125.77965545654297,31598000,0.0,0.0,GOOGL,2026-01-08 10:04:45.131707+00:00
2022-04-18 00:00:00-04:00,126.04762222036051,127.25102357948299,125.23575564563903,126.71904754638672,20808000,0.0,0.0,GOOGL,2026-01-08 10:04:45.131707+00:00
2022-04-19 00:00:00-04:00,126.73394682499422,129.355633163312,126.04713475929695,129.03407287597656,26490000,0.0,0.0,GOOGL,2026-01-08 10:04:45.131707+00:00
2022-04-20 00:00:00-04:00,129.91042868655606,130.41363040865102,126.54386726306718,127.0798110961914,31696000,0.0,0.0,GOOGL,2026-01-08 10:04:45.131707+00:00
2022-04-21 00:00:00-04:00,128.28074070309174,129.12287322992793,123.59265963521985,123.87850189208984,36446000,0.0,0.0,GOOGL,2026-01-08 10:04:45.131707+00:00
2022-04-22 00:00:00-04:00,124.06261542731319,124.46160122256957,118.03317534641822,118.73834228515625,56884000,0.0,0.0,GOOGL,2026-01-08 10:04:45.131707+00:00
2022-04-25 00:00:00-04:00,118.20784869517621,122.35302716632054,117.62227679355271,122.15105438232422,46128000,0.0,0.0,GOOGL,2026-01-08 10:04:45.131707+00:00
2022-04-26 00:00:00-04:00,121.37741693245442,121.59130077881997,117.62228869712972,117.76024627685547,73054000,0.0,0.0,GOOGL,2026-01-08 10:04:45.131707+00:00
2022-04-27 00:00:00-04:00,113.61109157996927,116.36279970985137,111.89109321295378,113.43740844726562,91820000,0.0,0.0,GOOGL,2026-01-08 10:04:45.131707+00:00
2022-04-28 00:00:00-04:00,115.54200349366656,118.75224503349594,113.25924819107051,117.63369750976562,48884000,0.0,0.0,GOOGL,2026-01-08 10:04:45.131707+00:00
2022-04-29 00:00:00-04:00,115.85909136700216,117.0357022536662,112.96099060726237,113.25377655029297,42676000,0.0,0.0,GOOGL,2026-01-08 10:04:45.131707+00:00
2022-05-02 00:00:00-04:00,112.55456335153875,115.87001248679226,111.75559982416154,115.70873260498047,35534000,0.0,0.0,GOOGL,2026-01-08 10:04:45.131707+00:00
2022-05-03 00:00:00-04:00,115.55738873809955,117.55380967126412,115.16436220268554,116.45411682128906,24968000,0.0,0.0,GOOGL,2026-01-08 10:04:45.131707+00:00
2022-05-04 00:00:00-04:00,116.15387837554545,121.93320955294836,114.25273835602403,121.34416198730469,49916000,0.0,0.0,GOOGL,2026-01-08 10:04:45.131707+00:00
2022-05-05 00:00:00-04:00,119.30259490352549,120.13133234609772,114.14307677894249,115.63182830810547,45840000,0.0,0.0,GOOGL,2026-01-08 10:04:45.131707+00:00
2022-05-06 00:00:00-04:00,114.32072750015296,116.68982830154226,113.16049515980836,114.87850952148438,39710000,0.0,0.0,GOOGL,2026-01-08 10:04:45.131707+00:00
2022-05-09 00:00:00-04:00,112.40072341287154,114.2140259534267,111.1605970905631,111.66726684570312,40802000,0.0,0.0,GOOGL,2026-01-08 10:04:45.131707+00:00
2022-05-10 00:00:00-04:00,114.64130019962774,115.37823243873659,112.05384804886181,113.53713989257812,39900000,0.0,0.0,GOOGL,2026-01-08 10:04:45.131707+00:00
2022-05-11 00:00:00-04:00,112.38734239433477,115.49188386833971,112.38734239433477,112.75059509277344,37534000,0.0,0.0,GOOGL,2026-01-08 10:04:45.131707+00:00
2022-05-12 00:00:00-04:00,110.54227785783269,113.43789516198555,109.00092247698522,111.9977798461914,53836000,0.0,0.0,GOOGL,2026-01-08 10:04:45.131707+00:00
2022-05-13 00:00:00-04:00,113.67409966518487,116.99104043062077,112.75306503373766,115.18022155761719,35038000,0.0,0.0,GOOGL,2026-01-08 10:04:45.131707+00:00
2022-05-16 00:00:00-04:00,114.0934388924006,115.2988317009477,113.03543859089471,113.5867691040039,25990000,0.0,0.0,GOOGL,2026-01-08 10:04:45.131707+00:00
2022-05-17 00:00:00-04:00,115.96430034993351,116.02335578859825,114.00858018939827,115.59955596923828,23054000,0.0,0.0,GOOGL,2026-01-08 10:04:45.131707+00:00
2022-05-18 00:00:00-04:00,114.13761512238688,114.5346170372489,110.71894166841899,111.06036376953125,35126000,0.0,0.0,GOOGL,2026-01-08 10:04:45.131707+00:00
2022-05-19 00:00:00-04:00,110.59587399910443,112.16253561354502,109.17510560363476,109.55622863769531,34144000,0.0,0.0,GOOGL,2026-01-08 10:04:45.131707+00:00
2022-05-20 00:00:00-04:00,111.11145738973211,111.342219588695,105.00311572660543,108.09127807617188,48962000,0.0,0.0,GOOGL,2026-01-08 10:04:45.131707+00:00
2022-05-23 00:00:00-04:00,108.7656864751439,111.30648618275825,107.92553034075038,110.65193176269531,37184000,0.0,0.0,GOOGL,2026-01-08 10:04:45.131707+00:00
2022-05-24 00:00:00-04:00,104.97881024305309,105.66016266842033,101.12045838122785,105.17532348632812,76780000,0.0,0.0,GOOGL,2026-01-08 10:04:45.131707+00:00
2022-05-25 00:00:00-04:00,104.19820785575082,105.70135403815657,103.07767643363695,105.01156616210938,40258000,0.0,0.0,GOOGL,2026-01-08 10:04:45.131707+00:00
2022-05-26 00:00:00-04:00,104.88451675621047,107.83472166540481,104.4359029084361,106.9841537475586,37948000,0.0,0.0,GOOGL,2026-01-08 10:04:45.131707+00:00
2022-05-27 00:00:00-04:00,108.66198041267312,111.47571962495518,108.32005857394647,111.47422790527344,37914000,0.0,0.0,GOOGL,2026-01-08 10:04:45.131707+00:00
2022-05-31 00:00:00-04:00,111.90100974803613,114.86710140737668,111.23801982101067,112.90889739990234,50012000,0.0,0.0,GOOGL,2026-01-08 10:04:45.131707+00:00
2022-06-01 00:00:00-04:00,113.99370154703936,116.22335308466774,112.40073416812857,113.03791809082031,36606000,0.0,0.0,GOOGL,2026-01-08 10:04:45.131707+00:00
2022-06-02 00:00:00-04:00,113.14510810652334,117.01536355537438,112.09951102289412,116.74044036865234,37992000,0.0,0.0,GOOGL,2026-01-08 10:04:45.131707+00:00
2022-06-03 00:00:00-04:00,115.19213472594434,115.4491951222644,112.66721372995826,113.68204498291016,26136000,0.0,0.0,GOOGL,2026-01-08 10:04:45.131707+00:00
2022-06-06 00:00:00-04:00,115.82933061507269,118.4520163103312,115.29288697757941,115.94446563720703,33542000,0.0,0.0,GOOGL,2026-01-08 10:04:45.131707+00:00
2022-06-07 00:00:00-04:00,114.61450564492854,116.8084316076851,114.18922165172008,116.27098846435547,31590000,0.0,0.0,GOOGL,2026-01-08 10:04:45.131707+00:00
2022-06-08 00:00:00-04:00,115.88589564814693,117.68133553709298,115.72560771609342,116.31515502929688,26108000,0.0,0.0,GOOGL,2026-01-08 10:04:45.131707+00:00
2022-06-09 00:00:00-04:00,115.45515824119836,117.41187812168785,113.9152945311241,113.97434997558594,25798000,0.0,0.0,GOOGL,2026-01-08 10:04:45.131707+00:00
2022-06-10 00:00:00-04:00,111.60176406792269,112.42950946002966,109.53835232190883,110.32788848876953,41452000,0.0,0.0,GOOGL,2026-01-08 10:04:45.131707+00:00
2022-06-13 00:00:00-04:00,105.98570048108614,107.97566213644032,105.32321034517643,105.59465789794922,47252000,0.0,0.0,GOOGL,2026-01-08 10:04:45.131707+00:00
2022-06-14 00:00:00-04:00,105.73609475699467,107.1151707392392,105.00660593631495,105.91523742675781,33706000,0.0,0.0,GOOGL,2026-01-08 10:04:45.131707+00:00
2022-06-15 00:00:00-04:00,107.73101553417992,110.58793144263325,106.8620849971601,108.94137573242188,39698000,0.0,0.0,GOOGL,2026-01-08 10:04:45.131707+00:00
2022-06-16 00:00:00-04:00,106.416937075221,107.83372995527769,104.34955756910561,105.23834228515625,51684000,0.0,0.0,GOOGL,2026-01-08 10:04:45.131707+00:00
2022-06-17 00:00:00-04:00,105.23835019470714,107.88435809204175,104.25825247727627,106.34002685546875,51376000,0.0,0.0,GOOGL,2026-01-08 10:04:45.131707+00:00
2022-06-21 00:00:00-04:00,108.11263888115838,111.64594773444236,107.78561148448051,110.70753479003906,47416000,0.0,0.0,GOOGL,2026-01-08 10:04:45.131707+00:00
2022-06-22 00:00:00-04:00,109.72743298190343,112.49650392931514,109.55473424500163,110.65145111083984,30774000,0.0,0.0,GOOGL,2026-01-08 10:04:45.131707+00:00
2022-06-23 00:00:00-04:00,111.38986449241077,111.89703403190568,109.67185020461025,111.40028381347656,28362000,0.0,0.0,GOOGL,2026-01-08 10:04:45.131707+00:00
2022-06-24 00:00:00-04:00,112.14765087738255,117.19352549247178,112.10546625400416,117.09030151367188,41164000,0.0,0.0,GOOGL,2026-01-08 10:04:45.131707+00:00
2022-06-27 00:00:00-04:00,117.38607170273899,117.69026895389891,114.31576408761653,114.9648666381836,36420000,0.0,0.0,GOOGL,2026-01-08 10:04:45.131707+00:00
2022-06-28 00:00:00-04:00,114.93409628469169,116.4297990650934,111.00925273017768,111.16755676269531,35792000,0.0,0.0,GOOGL,2026-01-08 10:04:45.131707+00:00
2022-06-29 00:00:00-04:00,110.71546131167834,112.31189663204833,110.04105259478725,110.86383819580078,24716000,0.0,0.0,GOOGL,2026-01-08 10:04:45.131707+00:00
2022-06-30 00:00:00-04:00,109.17510001051674,110.05644130249395,105.94947205566056,108.1458740234375,43170000,0.0,0.0,GOOGL,2026-01-08 10:04:45.131707+00:00
2022-07-01 00:00:00-04:00,107.12359442814898,108.43071939882303,105.93011274488833,107.92206573486328,35476000,0.0,0.0,GOOGL,2026-01-08 10:04:45.131707+00:00
2022-07-05 00:00:00-04:00,106.29736411053045,112.52679406100675,104.93862685836153,112.41365051269531,39342000,0.0,0.0,GOOGL,2026-01-08 10:04:45.131707+00:00
2022-07-06 00:00:00-04:00,112.45233394606342,114.72267814015275,110.64002338455644,113.71280670166016,37432000,0.0,0.0,GOOGL,2026-01-08 10:04:45.131707+00:00
2022-07-07 00:00:00-04:00,114.21701592441053,118.29569584145011,113.97236630789556,117.89224243164062,40936000,0.0,0.0,GOOGL,2026-01-08 10:04:45.131707+00:00
2022-07-08 00:00:00-04:00,116.37073941015483,118.78747686308,116.02484973064558,118.45846557617188,38238000,0.0,0.0,GOOGL,2026-01-08 10:04:45.131707+00:00
2022-07-11 00:00:00-04:00,117.1131221270681,117.1131221270681,114.46562264821,114.80902862548828,31196000,0.0,0.0,GOOGL,2026-01-08 10:04:45.131707+00:00
2022-07-12 00:00:00-04:00,115.34349827319495,116.09680918580032,112.83743934520429,113.16545867919922,29960000,0.0,0.0,GOOGL,2026-01-08 10:04:45.131707+00:00
2022-07-13 00:00:00-04:00,110.86334564985317,113.3396382596684,110.36759493610163,110.5184555053711,43722000,0.0,0.0,GOOGL,2026-01-08 10:04:45.131707+00:00
2022-07-14 00:00:00-04:00,109.38402798124689,110.25990976214192,107.56030598074837,109.53984832763672,37004000,0.0,0.0,GOOGL,2026-01-08 10:04:45.131707+00:00
2022-07-15 00:00:00-04:00,111.16061252157375,112.29206306351027,110.06836316457388,110.93927764892578,46770000,0.0,0.0,GOOGL,2026-01-08 10:04:45.131707+00:00
2022-07-18 00:00:00-04:00,111.7953006779903,112.82750252180041,107.5573251702464,108.21237182617188,43164600,0.0,20.0,GOOGL,2026-01-08 10:04:45.131707+00:00
2022-07-19 00:00:00-04:00,110.01872588429481,113.16495199528867,108.73839878398343,112.95652770996094,36530900,0.0,0.0,GOOGL,2026-01-08 10:04:45.131707+00:00
2022-07-20 00:00:00-04:00,112.32133126160736,114.5346117230483,111.63651075173104,113.04586029052734,35600400,0.0,0.0,GOOGL,2026-01-08 10:04:45.131707+00:00
2022-07-21 00:00:00-04:00,113.42301156798746,113.69099107486413,110.27678525693223,113.48255920410156,32676200,0.0,0.0,GOOGL,2026-01-08 10:04:45.131707+00:00
2022-07-22 00:00:00-04:00,110.16760216901068,111.4975497677554,105.70134802702376,107.09085083007812,48901200,0.0,0.0,GOOGL,2026-01-08 10:04:45.131707+00:00
2022-07-25 00:00:00-04:00,107.59702581978459,109.04607621995325,105.50284832248128,106.70377349853516,34690900,0.0,0.0,GOOGL,2026-01-08 10:04:45.131707+00:00
2022-07-26 00:00:00-04:00,105.80059805632132,106.39609710232087,103.28957190469941,104.2324447631836,47991000,0.0,0.0,GOOGL,2026-01-08 10:04:45.131707+00:00
2022-07-27 00:00:00-04:00,108.44065165526703,113.05578240581903,107.20002551652622,112.21215057373047,59858500,0.0,0.0,GOOGL,2026-01-08 10:04:45.131707+00:00
2022-07-28 00:00:00-04:00,111.52733903733414,113.48255962814197,110.62415950126018,113.36346435546875,32816600,0.0,0.0,GOOGL,2026-01-08 10:04:45.131707+00:00
2022-07-29 00:00:00-04:00,112.23200722978598,115.83478288766385,112.21215297072065,115.44770812988281,37223400,0.0,0.0,GOOGL,2026-01-08 10:04:45.131707+00:00
2022-08-01 00:00:00-04:00,114.4353523994771,115.84470180597212,113.48254490858795,113.99864959716797,26034300,0.0,0.0,GOOGL,2026-01-08 10:04:45.131707+00:00
2022-08-02 00:00:00-04:00,113.14510872831781,115.4774844552109,112.86720967281481,114.26663208007812,20236000,0.0,0.0,GOOGL,2026-01-08 10:04:45.131707+00:00
2022-08-03 00:00:00-04:00,114.84227401160379,117.73045515915321,114.61400305341066,117.19450378417969,28499000,0.0,0.0,GOOGL,2026-01-08 10:04:45.131707+00:00
2022-08-04 00:00:00-04:00,116.5990284605413,117.8892753018712,116.01344889459337,117.30370330810547,21602900,0.0,0.0,GOOGL,2026-01-08 10:04:45.131707+00:00
2022-08-05 00:00:00-04:00,115.35838182662235,117.22428077464862,115.1301032900635,116.58908081054688,19159500,0.0,0.0,GOOGL,2026-01-08 10:04:45.131707+00:00
2022-08-08 00:00:00-04:00,117.50219448024508,119.24899838566922,116.00351582840237,116.42037200927734,19138300,0.0,0.0,GOOGL,2026-01-08 10:04:45.131707+00:00
2022-08-09 00:00:00-04:00,116.26156397159279,116.44021445054224,114.84228726998916,115.75538635253906,19086500,0.0,0.0,GOOGL,2026-01-08 10:04:45.131707+00:00
2022-08-10 00:00:00-04:00,117.88926147915558,120.01321290367328,117.5220409743198,118.80236053466797,30930400,0.0,0.0,GOOGL,2026-01-08 10:04:45.131707+00:00
2022-08-11 00:00:00-04:00,120.37051923849022,120.57894353839131,117.67091532555504,117.94881439208984,24293700,0.0,0.0,GOOGL,2026-01-08 10:04:45.131707+00:00
2022-08-12 00:00:00-04:00,119.35816000390892,120.76750946044922,118.56415625736685,120.76750946044922,19096300,0.0,0.0,GOOGL,2026-01-08 10:04:45.131707+00:00
2022-08-15 00:00:00-04:00,120.22163222861532,121.3828640455292,119.70553508834992,121.16451263427734,19494800,0.0,0.0,GOOGL,2026-01-08 10:04:45.131707+00:00
2022-08-16 00:00:00-04:00,120.60871067326374,121.511890161635,119.73531257366949,120.78736114501953,19041200,0.0,0.0,GOOGL,2026-01-08 10:04:45.131707+00:00
2022-08-17 00:00:00-04:00,119.21921338138048,120.3804376418693,118.48475724771684,118.65348815917969,22847000,0.0,0.0,GOOGL,2026-01-08 10:04:45.131707+00:00
2022-08-18 00:00:00-04:00,118.53438839458119,119.91396410503756,117.82971363092356,119.26883697509766,17987700,0.0,0.0,GOOGL,2026-01-08 10:04:45.131707+00:00
2022-08-19 00:00:00-04:00,118.16715698490374,118.25648600514175,115.8844094146696,116.3310317993164,21809500,0.0,0.0,GOOGL,2026-01-08 10:04:45.131707+00:00
2022-08-22 00:00:00-04:00,114.33610843081347,114.76288414973949,112.99623363908157,113.38330841064453,21456600,0.0,0.0,GOOGL,2026-01-08 10:04:45.131707+00:00
2022-08-23 00:00:00-04:00,112.62901689648295,114.14754221607616,112.57938881757295,113.00616455078125,15870400,0.0,0.0,GOOGL,2026-01-08 10:04:45.131707+00:00
2022-08-24 00:00:00-04:00,112.6488552620206,113.91925523756754,112.02358240373205,112.83743286132812,17734600,0.0,0.0,GOOGL,2026-01-08 10:04:45.131707+00:00
2022-08-25 00:00:00-04:00,113.38330709839337,115.84471280114529,113.2542847000928,115.77523803710938,16956800,0.0,0.0,GOOGL,2026-01-08 10:04:45.131707+00:00
2022-08-26 00:00:00-04:00,113.85970139583262,114.25670325958635,109.36367365135987,109.51254272460938,37245700,0.0,0.0,GOOGL,2026-01-08 10:04:45.131707+00:00
2022-08-29 00:00:00-04:00,109.16516671169718,110.11796662200662,107.98409584559705,108.59944152832031,21191200,0.0,0.0,GOOGL,2026-01-08 10:04:45.131707+00:00
2022-08-30 00:00:00-04:00,109.34383413206885,109.67136128172704,106.99161159149872,108.12306213378906,27513300,0.0,0.0,GOOGL,2026-01-08 10:04:45.131707+00:00
2022-08-31 00:00:00-04:00,109.82024032674933,110.01873750359245,107.31913349430731,107.40846252441406,28627000,0.0,0.0,GOOGL,2026-01-08 10:04:45.131707+00:00
2022-09-01 00:00:00-04:00,107.46800272981824,109.62172799554575,106.55490366400493,108.91705322265625,28360900,0.0,0.0,GOOGL,2026-01-08 10:04:45.131707+00:00
2022-09-02 00:00:00-04:00,109.7606798148013,109.90955647633426,106.45565730411391,107.04122924804688,24160700,0.0,0.0,GOOGL,2026-01-08 10:04:45.131707+00:00
2022-09-06 00:00:00-04:00,106.49535649820784,107.21987796172488,104.98675079205103,106.00902557373047,25068300,0.0,0.0,GOOGL,2026-01-08 10:04:45.131707+00:00
2022-09-07 00:00:00-04:00,106.25715000377444,109.15525855226639,106.09835378823291,108.62922668457031,23167000,0.0,0.0,GOOGL,2026-01-08 10:04:45.131707+00:00
2022-09-08 00:00:00-04:00,107.22979880995165,108.77809780045992,106.35640073851793,107.56724548339844,24238300,0.0,0.0,GOOGL,2026-01-08 10:04:45.131707+00:00
2022-09-09 00:00:00-04:00,108.25208282241607,110.15768290846263,108.20245474397649,109.82023620605469,23197700,0.0,0.0,GOOGL,2026-01-08 10:04:45.131707+00:00
2022-09-12 00:00:00-04:00,110.15767076513058,110.78295116694179,109.10562225338329,110.02864837646484,22966800,0.0,0.0,GOOGL,2026-01-08 10:04:45.131707+00:00
2022-09-13 00:00:00-04:00,106.99159552676103,107.4878459557865,103.30941067987318,103.53768920898438,38172900,0.0,0.0,GOOGL,2026-01-08 10:04:45.131707+00:00
2022-09-14 00:00:00-04:00,103.78581739454697,104.49049211527398,102.88264552539968,104.21259307861328,26395100,0.0,0.0,GOOGL,2026-01-08 10:04:45.131707+00:00
2022-09-15 00:00:00-04:00,103.24987906308242,104.48057819770708,101.58247706009536,102.1382827758789,34188300,0.0,0.0,GOOGL,2026-01-08 10:04:45.131707+00:00
2022-09-16 00:00:00-04:00,101.30456950094974,102.35661806239246,100.18304617737745,102.02909851074219,42797200,0.0,0.0,GOOGL,2026-01-08 10:04:45.131707+00:00
2022-09-19 00:00:00-04:00,100.98697240353168,102.55512573336215,100.78847524094766,102.29707336425781,23036800,0.0,0.0,GOOGL,2026-01-08 10:04:45.131707+00:00
2022-09-20 00:00:00-04:00,101.31449164135248,101.60231780519607,99.7661851195669,100.38153839111328,26517100,0.0,0.0,GOOGL,2026-01-08 10:04:45.131707+00:00
2022-09-21 00:00:00-04:00,100.90757639319294,102.10850171286519,98.52557244239148,98.5354995727539,31487300,0.0,0.0,GOOGL,2026-01-08 10:04:45.131707+00:00
2022-09-22 00:00:00-04:00,98.07893721973088,100.48078754574622,98.04916340470949,99.3890380859375,34298600,0.0,0.0,GOOGL,2026-01-08 10:04:45.131707+00:00
2022-09-23 00:00:00-04:00,98.88287517920556,98.9126565708246,96.73907688573331,97.99954986572266,31625400,0.0,0.0,GOOGL,2026-01-08 10:04:45.131707+00:00
2022-09-26 00:00:00-04:00,97.36434023985667,99.13099069316641,97.06659450257123,97.4338150024414,27072700,0.0,0.0,GOOGL,2026-01-08 10:04:45.131707+00:00
2022-09-27 00:00:00-04:00,98.68437178006324,99.2500970302484,96.14357171918695,96.76884460449219,30072800,0.0,0.0,GOOGL,2026-01-08 10:04:45.131707+00:00
2022-09-28 00:00:00-04:00,96.91771702518929,99.94484030889338,96.38176561600726,99.29972076416016,32466300,0.0,0.0,GOOGL,2026-01-08 10:04:45.131707+00:00
2022-09-29 00:00:00-04:00,97.90029792581369,97.90029792581369,95.24039494587191,96.68944549560547,31047200,0.0,0.0,GOOGL,2026-01-08 10:04:45.131707+00:00
2022-09-30 00:00:00-04:00,96.32221919924832,98.15834442273268,94.84338734754718,94.9327163696289,32941500,0.0,0.0,GOOGL,2026-01-08 10:04:45.131707+00:00
2022-10-03 00:00:00-04:00,96.03439989846684,98.54542624354227,95.79619420397032,97.90029907226562,27982000,0.0,0.0,GOOGL,2026-01-08 10:04:45.131707+00:00
2022-10-04 00:00:00-04:00,99.6868018290202,101.07629715686122,99.62724662055442,100.87779998779297,28850800,0.0,0.0,GOOGL,2026-01-08 10:04:45.131707+00:00
2022-10-05 00:00:00-04:00,99.08138004792244,101.16563070502023,98.05910519438574,100.66938018798828,22176900,0.0,0.0,GOOGL,2026-01-08 10:04:45.131707+00:00
2022-10-06 00:00:00-04:00,99.92499054385183,102.15811756055992,99.83566152564943,100.65943908691406,22324000,0.0,0.0,GOOGL,2026-01-08 10:04:45.131707+00:00
2022-10-07 00:00:00-04:00,99.10122683508853,99.77612784180832,97.56285477407359,97.94000244140625,27502800,0.0,0.0,GOOGL,2026-01-08 10:04:45.131707+00:00
2022-10-10 00:00:00-04:00,98.2575948961487,98.35684347756712,96.28252010885105,97.12614440917969,18225100,0.0,0.0,GOOGL,2026-01-08 10:04:45.131707+00:00
2022-10-11 00:00:00-04:00,96.69936577168872,98.50571715876575,95.5877620057255,96.45124053955078,26507100,0.0,0.0,GOOGL,2026-01-08 10:04:45.131707+00:00
2022-10-12 00:00:00-04:00,96.5703472290624,98.00947060399531,96.01454153781964,96.8283920288086,21876400,0.0,0.0,GOOGL,2026-01-08 10:04:45.131707+00:00
2022-10-13 00:00:00-04:00,94.43646401379698,99.03174054553159,93.67223406528825,98.317138671875,34574500,0.0,0.0,GOOGL,2026-01-08 10:04:45.131707+00:00
2022-10-14 00:00:00-04:00,99.24016247039046,99.93491764089593,95.64731407308213,95.83588409423828,25410700,0.0,0.0,GOOGL,2026-01-08 10:04:45.131707+00:00
2022-10-17 00:00:00-04:00,98.11864498975567,100.17312166314639,98.08887117266298,99.22032165527344,28419200,0.0,0.0,GOOGL,2026-01-08 10:04:45.131707+00:00
2022-10-18 00:00:00-04:00,102.35661548288249,102.69406972770851,99.2203165644094,100.01431274414062,24060700,0.0,0.0,GOOGL,2026-01-08 10:04:45.131707+00:00
2022-10-19 00:00:00-04:00,99.26003642606825,100.26245707797568,98.17820629721868,98.88288116455078,23811100,0.0,0.0,GOOGL,2026-01-08 10:04:45.131707+00:00
2022-10-20 00:00:00-04:00,99.25009547236613,101.55269738443776,98.64466928421018,99.22032165527344,25323200,0.0,0.0,GOOGL,2026-01-08 10:04:45.131707+00:00
2022-10-21 00:00:00-04:00,97.11621821439542,100.55027065536837,96.98719581452741,100.37162017822266,32458700,0.0,0.0,GOOGL,2026-01-08 10:04:45.131707+00:00
2022-10-24 00:00:00-04:00,101.03660346521866,101.97947637362036,99.23025197248559,101.7511978149414,27176400,0.0,0.0,GOOGL,2026-01-08 10:04:45.131707+00:00
2022-10-25 00:00:00-04:00,102.12834185172576,104.03394171999612,101.94969139081412,103.69649505615234,40611400,0.0,0.0,GOOGL,2026-01-08 10:04:45.131707+00:00
2022-10-26 00:00:00-04:00,95.70686820538242,97.57276729062485,93.97991864924414,94.2181167602539,88114100,0.0,0.0,GOOGL,2026-01-08 10:04:45.131707+00:00
2022-10-27 00:00:00-04:00,93.81119011334766,94.71436964764622,91.11159378491239,91.5284423828125,60710900,0.0,0.0,GOOGL,2026-01-08 10:04:45.131707+00:00
2022-10-28 00:00:00-04:00,91.57806614303196,95.82597688593535,91.43911660546121,95.56792449951172,43697300,0.0,0.0,GOOGL,2026-01-08 10:04:45.131707+00:00
2022-10-31 00:00:00-04:00,94.70444918636021,95.30987543783009,93.27525281117971,93.80127716064453,31675000,0.0,0.0,GOOGL,2026-01-08 10:04:45.131707+00:00
2022-11-01 00:00:00-04:00,94.7342155851969,95.30986797136448,89.692316357766,89.79156494140625,47161400,0.0,0.0,GOOGL,2026-01-08 10:04:45.131707+00:00
2022-11-02 00:00:00-04:00,90.25804009758635,90.49623820875753,86.22848103429116,86.31781005859375,57038300,0.0,0.0,GOOGL,2026-01-08 10:04:45.131707+00:00
2022-11-03 00:00:00-04:00,85.67267885094222,85.87117600546605,82.71502278657815,82.80435180664062,61288000,0.0,0.0,GOOGL,2026-01-08 10:04:45.131707+00:00
2022-11-04 00:00:00-04:00,84.75957379603037,85.9902727253418,83.08224494253571,85.93072509765625,51124900,0.0,0.0,GOOGL,2026-01-08 10:04:45.131707+00:00
2022-11-07 00:00:00-05:00,86.62548312568902,88.23333741705386,86.19870740729978,87.82640838623047,34078900,0.0,0.0,GOOGL,2026-01-08 10:04:45.131707+00:00
2022-11-08 00:00:00-05:00,88.23332977294922,89.64267920564933,86.9331484706756,88.23332977294922,30429000,0.0,0.0,GOOGL,2026-01-08 10:04:45.131707+00:00
2022-11-09 00:00:00-05:00,87.7867073862383,88.76928879424014,86.62548307370679,86.6651840209961,31769100,0.0,0.0,GOOGL,2026-01-08 10:04:45.131707+00:00
2022-11-10 00:00:00-05:00,91.55821325740865,93.68216469901468,90.92301325088243,93.23554229736328,51620100,0.0,0.0,GOOGL,2026-01-08 10:04:45.131707+00:00
2022-11-11 00:00:00-05:00,93.97991651822383,96.20311650565995,93.21568655329872,95.68701934814453,33090500,0.0,0.0,GOOGL,2026-01-08 10:04:45.131707+00:00
2022-11-14 00:00:00-05:00,94.37690418520387,96.06416020914902,93.8012594349028,94.98233032226562,30179500,0.0,0.0,GOOGL,2026-01-08 10:04:45.131707+00:00
2022-11-15 00:00:00-05:00,97.52313939319663,99.38903833699794,95.98475998763868,97.70178985595703,41640800,0.0,0.0,GOOGL,2026-01-08 10:04:45.131707+00:00
2022-11-16 00:00:00-05:00,97.16584598422887,98.89279554305216,96.90779361312791,98.10871887207031,29105200,0.0,0.0,GOOGL,2026-01-08 10:04:45.131707+00:00
2022-11-17 00:00:00-05:00,96.24281507898955,98.53548977287406,96.06416461114264,97.62239074707031,26052600,0.0,0.0,GOOGL,2026-01-08 10:04:45.131707+00:00
2022-11-18 00:00:00-05:00,98.02931128973258,98.15834125388724,95.64731516977584,96.6993637084961,28342300,0.0,0.0,GOOGL,2026-01-08 10:04:45.131707+00:00
2022-11-21 00:00:00-05:00,96.56041614884042,97.66209278418218,94.64488905580471,94.88308715820312,21647400,0.0,0.0,GOOGL,2026-01-08 10:04:45.131707+00:00
2022-11-22 00:00:00-05:00,95.23045520724949,96.49093554938902,93.34470961675402,96.32221221923828,23438500,0.0,0.0,GOOGL,2026-01-08 10:04:45.131707+00:00
2022-11-23 00:00:00-05:00,96.36191252817821,98.01939485108537,96.36191252817821,97.72164154052734,18868100,0.0,0.0,GOOGL,2026-01-08 10:04:45.131707+00:00
2022-11-25 00:00:00-05:00,97.5032907612572,97.90029265387534,96.66959360172228,96.72914123535156,9701400,0.0,0.0,GOOGL,2026-01-08 10:04:45.131707+00:00
2022-11-28 00:00:00-05:00,96.3123087825622,96.84826029151168,94.89303189002446,95.3297348022461,26237500,0.0,0.0,GOOGL,2026-01-08 10:04:45.131707+00:00
2022-11-29 00:00:00-05:00,95.01211718133456,95.39919193752951,93.40426295178399,94.47616577148438,20061700,0.0,0.0,GOOGL,2026-01-08 10:04:45.131707+00:00
2022-11-30 00:00:00-05:00,94.10894430607547,100.28230172378092,93.7119423925294,100.23267364501953,43647500,0.0,0.0,GOOGL,2026-01-08 10:04:45.131707+00:00
2022-12-01 00:00:00-05:00,100.26244746340369,101.48322702242606,99.49822502687739,100.23267364501953,28687100,0.0,0.0,GOOGL,2026-01-08 10:04:45.131707+00:00
2022-12-02 00:00:00-05:00,98.30722990126469,100.01432530964262,98.1583532325541,99.68680572509766,21480700,0.0,0.0,GOOGL,2026-01-08 10:04:45.131707+00:00
2022-12-05 00:00:00-05:00,98.654591640414,100.6197391952586,98.25758976329782,98.73399353027344,24405100,0.0,0.0,GOOGL,2026-01-08 10:04:45.131707+00:00
2022-12-06 00:00:00-05:00,98.55534850991971,99.03174473103793,95.69694089448478,96.25274658203125,24910700,0.0,0.0,GOOGL,2026-01-08 10:04:45.131707+00:00
2022-12-07 00:00:00-05:00,95.68702021037814,96.1534892961787,94.00969118202147,94.22804260253906,31045400,0.0,0.0,GOOGL,2026-01-08 10:04:45.131707+00:00
2022-12-08 00:00:00-05:00,94.66473795397769,94.8632426874311,92.74921081619499,93.00726318359375,32213300,0.0,0.0,GOOGL,2026-01-08 10:04:45.131707+00:00
2022-12-09 00:00:00-05:00,93.0668111039124,93.55314202323372,92.05446346281963,92.13386535644531,28225400,0.0,0.0,GOOGL,2026-01-08 10:04:45.131707+00:00
2022-12-12 00:00:00-05:00,92.01475338165663,92.85837759418385,90.92300395531667,92.6102523803711,29420000,0.0,0.0,GOOGL,2026-01-08 10:04:45.131707+00:00
2022-12-13 00:00:00-05:00,97.0268965895578,98.78361996821883,94.3173656196912,94.9128646850586,40593700,0.0,0.0,GOOGL,2026-01-08 10:04:45.131707+00:00
2022-12-14 00:00:00-05:00,94.48609332844649,96.14357577360637,92.89809322343211,94.35707092285156,28733600,0.0,0.0,GOOGL,2026-01-08 10:04:45.131707+00:00
2022-12-15 00:00:00-05:00,92.43160059134897,92.93777814044215,89.33500281379186,90.17862701416016,40107000,0.0,0.0,GOOGL,2026-01-08 10:04:45.131707+00:00
2022-12-16 00:00:00-05:00,90.07939565689843,90.64512094144958,88.8486889269912,89.58314514160156,58011800,0.0,0.0,GOOGL,2026-01-08 10:04:45.131707+00:00
2022-12-19 00:00:00-05:00,89.5831382377842,89.88088398070708,87.54850825299513,87.77678680419922,29493000,0.0,0.0,GOOGL,2026-01-08 10:04:45.131707+00:00
2022-12-20 00:00:00-05:00,87.44926031364805,88.51123603944568,86.78428648684181,88.35243225097656,23453800,0.0,0.0,GOOGL,2026-01-08 10:04:45.131707+00:00
2022-12-21 00:00:00-05:00,88.41198318586204,89.54343362140024,87.6576803714429,88.90823364257812,24745600,0.0,0.0,GOOGL,2026-01-08 10:04:45.131707+00:00
2022-12-22 00:00:00-05:00,87.49888481734911,87.87603244128935,85.67267918543912,87.10188293457031,27658300,0.0,0.0,GOOGL,2026-01-08 10:04:45.131707+00:00
2022-12-23 00:00:00-05:00,86.45675502144779,88.8784596690233,86.41705407631922,88.56085968017578,23003000,0.0,0.0,GOOGL,2026-01-08 10:04:45.131707+00:00
2022-12-27 00:00:00-05:00,88.13408725969353,88.27303678671537,86.35750965313572,86.73465728759766,20097300,0.0,0.0,GOOGL,2026-01-08 10:04:45.131707+00:00
2022-12-28 00:00:00-05:00,86.3277389438716,87.37978756410344,85.29553701156534,85.37493133544922,19523200,0.0,0.0,GOOGL,2026-01-08 10:04:45.131707+00:00
2022-12-29 00:00:00-05:00,85.97043405375527,88.18370690708726,85.96050692415548,87.78670501708984,23333500,0.0,0.0,GOOGL,2026-01-08 10:04:45.131707+00:00
2022-12-30 00:00:00-05:00,86.32773322681854,87.63783413641092,85.9208042155681,87.568359375,23986300,0.0,0.0,GOOGL,2026-01-08 10:04:45.131707+00:00
2023-01-03 00:00:00-05:00,88.91815210738409,90.36721008671273,87.85617644594524,88.4516830444336,28131200,0.0,0.0,GOOGL,2026-01-08 10:04:45.131707+00:00
2023-01-04 00:00:00-05:00,89.67246086306939,89.97021418207204,86.61555606707714,87.41948699951172,34854800,0.0,0.0,GOOGL,2026-01-08 10:04:45.131707+00:00
2023-01-05 00:00:00-05:00,86.81406171973046,86.9133103030513,85.25583548783042,85.55358123779297,27194400,0.0,0.0,GOOGL,2026-01-08 10:04:45.131707+00:00
2023-01-06 00:00:00-05:00,86.13915710492884,87.03240946135887,84.2236299964327,86.68502807617188,41381500,0.0,0.0,GOOGL,2026-01-08 10:04:45.131707+00:00
2023-01-09 00:00:00-05:00,87.69738621274176,89.37471527318449,87.20113572832027,87.35993194580078,29003900,0.0,0.0,GOOGL,2026-01-08 10:04:45.131707+00:00
2023-01-10 00:00:00-05:00,85.33523786963791,88.00506036543571,85.18636120771751,87.7569351196289,30467800,0.0,0.0,GOOGL,2026-01-08 10:04:45.131707+00:00
2023-01-11 00:00:00-05:00,88.51123072369855,90.91308108868463,88.34250738771924,90.83367919921875,26862000,0.0,0.0,GOOGL,2026-01-08 10:04:45.131707+00:00
2023-01-12 00:00:00-05:00,90.79399088981015,91.18106565731547,89.07696090221926,90.44660949707031,30258100,0.0,0.0,GOOGL,2026-01-08 10:04:45.131707+00:00
2023-01-13 00:00:00-05:00,90.16871112383096,91.49866635399357,89.4541092177354,91.42919158935547,26329200,0.0,0.0,GOOGL,2026-01-08 10:04:45.131707+00:00
2023-01-17 00:00:00-05:00,91.36963007309137,91.5582076664508,89.37470872387392,90.60540771484375,32602400,0.0,0.0,GOOGL,2026-01-08 10:04:45.131707+00:00
2023-01-18 00:00:00-05:00,91.44903122894499,92.10408544977494,89.96027989671057,90.43668365478516,29116700,0.0,0.0,GOOGL,2026-01-08 10:04:45.131707+00:00
2023-01-19 00:00:00-05:00,90.03968954197848,92.90801675008117,89.95036051681471,92.35221862792969,37000400,0.0,0.0,GOOGL,2026-01-08 10:04:45.131707+00:00
2023-01-20 00:00:00-05:00,94.38682678144963,97.56283395931972,94.3074248982623,97.28492736816406,63191100,0.0,0.0,GOOGL,2026-01-08 10:04:45.131707+00:00
2023-01-23 00:00:00-05:00,97.21545855943167,99.28978934453644,96.76883619050167,99.04166412353516,40005100,0.0,0.0,GOOGL,2026-01-08 10:04:45.131707+00:00
2023-01-24 00:00:00-05:00,97.36434811206689,98.86302676577444,96.47109568362592,96.96734619140625,33078500,0.0,0.0,GOOGL,2026-01-08 10:04:45.131707+00:00
2023-01-25 00:00:00-05:00,94.85332477982458,95.43890433521841,93.0569003074566,94.50595092773438,42330000,0.0,0.0,GOOGL,2026-01-08 10:04:45.131707+00:00
2023-01-26 00:00:00-05:00,95.77633347965728,96.8383091023994,94.66472978478917,96.78868103027344,30114000,0.0,0.0,GOOGL,2026-01-08 10:04:45.131707+00:00
2023-01-27 00:00:00-05:00,96.58026736816271,99.5676974204637,96.58026736816271,98.62482452392578,33879800,0.0,0.0,GOOGL,2026-01-08 10:04:45.131707+00:00
2023-01-30 00:00:00-05:00,96.74900997108053,97.55293343409058,95.67710697227885,96.21305847167969,27226200,0.0,0.0,GOOGL,2026-01-08 10:04:45.131707+00:00
2023-01-31 00:00:00-05:00,96.14357246377932,98.1384939775665,96.09394438600727,98.09879302978516,29870700,0.0,0.0,GOOGL,2026-01-08 10:04:45.131707+00:00
2023-02-01 00:00:00-05:00,97.96976938145957,100.43117510729803,96.84824601659454,99.67687225341797,35531100,0.0,0.0,GOOGL,2026-01-08 10:04:45.131707+00:00
2023-02-02 00:00:00-05:00,105.00659838352416,107.04122068782463,104.81802078918444,106.93204498291016,69883800,0.0,0.0,GOOGL,2026-01-08 10:04:45.131707+00:00
2023-02-03 00:00:00-05:00,102.15812220922525,107.001524077653,101.81074839414418,103.99424743652344,65309300,0.0,0.0,GOOGL,2026-01-08 10:04:45.131707+00:00
2023-02-06 00:00:00-05:00,101.6320988290303,103.57739978303069,101.11599409443309,102.12834930419922,31999600,0.0,0.0,GOOGL,2026-01-08 10:04:45.131707+00:00
2023-02-07 00:00:00-05:00,102.44594211421887,107.36874557367616,102.3466935405881,106.83279418945312,49010200,0.0,0.0,GOOGL,2026-01-08 10:04:45.131707+00:00
2023-02-08 00:00:00-05:00,101.28472743744483,102.36654986458451,97.3047964110275,98.62482452392578,94743500,0.0,0.0,GOOGL,2026-01-08 10:04:45.131707+00:00
2023-02-09 00:00:00-05:00,99.25010144018972,99.27987525907268,92.92786725246418,94.29752349853516,119455000,0.0,0.0,GOOGL,2026-01-08 10:04:45.131707+00:00
2023-02-10 00:00:00-05:00,94.73422278845942,96.0244771904337,93.54322454985402,93.86082458496094,54980700,0.0,0.0,GOOGL,2026-01-08 10:04:45.131707+00:00
2023-02-13 00:00:00-05:00,94.0295427288713,94.48609228073913,93.13629031339872,93.90052032470703,50076100,0.0,0.0,GOOGL,2026-01-08 10:04:45.131707+00:00
2023-02-14 00:00:00-05:00,93.72186834498302,94.13871694148641,91.56814302420062,93.9699935913086,54726100,0.0,0.0,GOOGL,2026-01-08 10:04:45.131707+00:00
2023-02-15 00:00:00-05:00,93.78142624816574,96.39170897147997,93.44397951086655,96.21305847167969,50169000,0.0,0.0,GOOGL,2026-01-08 10:04:45.131707+00:00
2023-02-16 00:00:00-05:00,94.65481268808418,96.94748732289182,94.02953228064146,94.79376220703125,42462600,0.0,0.0,GOOGL,2026-01-08 10:04:45.131707+00:00
2023-02-17 00:00:00-05:00,94.1387141620816,94.84338893217922,92.51101320001753,93.64246368408203,34284100,0.0,0.0,GOOGL,2026-01-08 10:04:45.131707+00:00
2023-02-21 00:00:00-05:00,92.30258690415565,92.40183548316473,91.03218691960443,91.1016616821289,33629300,0.0,0.0,GOOGL,2026-01-08 10:04:45.131707+00:00
2023-02-22 00:00:00-05:00,91.0123280204154,91.41925701744177,89.9305056916628,90.96270751953125,30884000,0.0,0.0,GOOGL,2026-01-08 10:04:45.131707+00:00
2023-02-23 00:00:00-05:00,91.23068695357419,91.25054121331061,89.08688880510833,90.20841217041016,41206400,0.0,0.0,GOOGL,2026-01-08 10:04:45.131707+00:00
2023-02-24 00:00:00-05:00,88.76928933704684,89.21591174546491,87.91573789556128,88.46160888671875,36585100,0.0,0.0,GOOGL,2026-01-08 10:04:45.131707+00:00
2023-02-27 00:00:00-05:00,89.1960678100586,89.48389400941119,88.67003591816348,89.1960678100586,27502300,0.0,0.0,GOOGL,2026-01-08 10:04:45.131707+00:00
2023-02-28 00:00:00-05:00,88.6601068820352,90.54586009940378,88.65017975286173,89.38462829589844,30142000,0.0,0.0,GOOGL,2026-01-08 10:04:45.131707+00:00
2023-03-01 00:00:00-05:00,89.30524066283623,90.34736213861636,88.99756021287892,89.68238830566406,31111200,0.0,0.0,GOOGL,2026-01-08 10:04:45.131707+00:00
2023-03-02 00:00:00-05:00,88.98764047944798,91.58798817098749,88.91815814235167,91.31008911132812,32204400,0.0,0.0,GOOGL,2026-01-08 10:04:45.131707+00:00
2023-03-03 00:00:00-05:00,91.78648392755778,93.02711001692573,91.75670254078115,92.94770812988281,35160100,0.0,0.0,GOOGL,2026-01-08 10:04:45.131707+00:00
2023-03-06 00:00:00-05:00,93.31493408001563,95.25031543626798,93.29508739318105,94.41661071777344,32639300,0.0,0.0,GOOGL,2026-01-08 10:04:45.131707+00:00
2023-03-07 00:00:00-05:00,94.26773929878661,94.95255977422711,92.8286084430734,93.15613555908203,27835500,0.0,0.0,GOOGL,2026-01-08 10:04:45.131707+00:00
2023-03-08 00:00:00-05:00,93.41419049538177,95.24038857658361,93.29508765749337,93.543212890625,34103300,0.0,0.0,GOOGL,2026-01-08 10:04:45.131707+00:00
2023-03-09 00:00:00-05:00,93.34472325975115,94.81362051791201,91.2108445683197,91.62769317626953,28813500,0.0,0.0,GOOGL,2026-01-08 10:04:45.131707+00:00
2023-03-10 00:00:00-05:00,91.47880785314275,92.09416114868083,89.72208455892081,89.95035552978516,35941000,0.0,0.0,GOOGL,2026-01-08 10:04:45.131707+00:00
2023-03-13 00:00:00-04:00,89.41441773971538,91.87582372447167,88.74944384030226,90.42677307128906,37335600,0.0,0.0,GOOGL,2026-01-08 10:04:45.131707+00:00
2023-03-14 00:00:00-04:00,91.86588978493322,93.65239460696121,91.7467945115858,93.26531982421875,36050200,0.0,0.0,GOOGL,2026-01-08 10:04:45.131707+00:00
2023-03-15 00:00:00-04:00,92.52094722629985,96.20312513886442,91.94529481158769,95.38927459716797,50622100,0.0,0.0,GOOGL,2026-01-08 10:04:45.131707+00:00
2023-03-16 00:00:00-04:00,95.47859626843504,100.43118187106681,94.78384857477023,99.56770324707031,65492000,0.0,0.0,GOOGL,2026-01-08 10:04:45.131707+00:00
2023-03-17 00:00:00-04:00,99.50814641831961,102.06879309004395,99.34934263318691,100.85794830322266,61028500,0.0,0.0,GOOGL,2026-01-08 10:04:45.131707+00:00
2023-03-20 00:00:00-04:00,99.36919562318633,100.9869694096106,99.12107039122168,100.46094512939453,32960400,0.0,0.0,GOOGL,2026-01-08 10:04:45.131707+00:00
2023-03-21 00:00:00-04:00,100.49071743651176,104.31184443694538,100.46094362067213,104.13319396972656,42110300,0.0,0.0,GOOGL,2026-01-08 10:04:45.131707+00:00
2023-03-22 00:00:00-04:00,103.48806284447173,105.79066457024909,102.55511717159571,102.59481811523438,43427400,0.0,0.0,GOOGL,2026-01-08 10:04:45.131707+00:00
2023-03-23 00:00:00-04:00,104.27215401301507,105.50286072122793,103.67665491959242,104.80810546875,40797800,0.0,0.0,GOOGL,2026-01-08 10:04:45.131707+00:00
2023-03-24 00:00:00-04:00,104.20267726028,104.69892775737729,103.06129960251988,104.64930725097656,30393300,0.0,0.0,GOOGL,2026-01-08 10:04:45.131707+00:00
2023-03-27 00:00:00-04:00,103.83545616080272,103.97440569344221,101.16562607817814,101.691650390625,31120900,0.0,0.0,GOOGL,2026-01-08 10:04:45.131707+00:00
2023-03-28 00:00:00-04:00,101.67179935357876,101.6817189110704,98.9920422554838,100.27236938476562,32057900,0.0,0.0,GOOGL,2026-01-08 10:04:45.131707+00:00
2023-03-29 00:00:00-04:00,101.5129944157898,101.7214187034689,99.89522061779614,100.62966918945312,28779600,0.0,0.0,GOOGL,2026-01-08 10:04:45.131707+00:00
2023-03-30 00:00:00-04:00,100.15326948059464,100.4013947056614,99.03173861709708,100.13341522216797,33086200,0.0,0.0,GOOGL,2026-01-08 10:04:45.131707+00:00
2023-03-31 00:00:00-04:00,100.5403405183242,103.11091412057462,100.28228817356023,102.95211791992188,36863400,0.0,0.0,GOOGL,2026-01-08 10:04:45.131707+00:00
2023-04-03 00:00:00-04:00,101.62217211579193,103.74612355244493,101.16562258542722,103.57740020751953,25035400,0.0,0.0,GOOGL,2026-01-08 10:04:45.131707+00:00
2023-04-04 00:00:00-04:00,103.54762525002644,104.78825142936967,103.25979906775706,103.93470001220703,24420100,0.0,0.0,GOOGL,2026-01-08 10:04:45.131707+00:00
2023-04-05 00:00:00-04:00,104.98675840709654,105.30435843582173,102.88266105636043,103.68658447265625,28290500,0.0,0.0,GOOGL,2026-01-08 10:04:45.131707+00:00
2023-04-06 00:00:00-04:00,104.4706498559581,108.35132454892715,103.54762368954962,107.60694885253906,48711500,0.0,0.0,GOOGL,2026-01-08 10:04:45.131707+00:00
2023-04-10 00:00:00-04:00,106.17775899818363,106.78317763428655,104.33170655524751,105.64180755615234,27067400,0.0,0.0,GOOGL,2026-01-08 10:04:45.131707+00:00
2023-04-11 00:00:00-04:00,105.75097264997711,105.9296231127123,103.89499326334945,104.55996704101562,26311800,0.0,0.0,GOOGL,2026-01-08 10:04:45.131707+00:00
2023-04-12 00:00:00-04:00,105.78075520837217,105.94947855596209,103.55754758342394,103.85530090332031,24370300,0.0,0.0,GOOGL,2026-01-08 10:04:45.131707+00:00
2023-04-13 00:00:00-04:00,105.04628646912033,106.68391438823537,105.04628646912033,106.6243667602539,24843600,0.0,0.0,GOOGL,2026-01-08 10:04:45.131707+00:00
2023-04-14 00:00:00-04:00,106.08842602348172,108.12305600146057,106.03879794707,108.05358123779297,26578000,0.0,0.0,GOOGL,2026-01-08 10:04:45.131707+00:00
2023-04-17 00:00:00-04:00,103.8751497069163,105.36390108383588,103.73619261199721,105.17532348632812,37571200,0.0,0.0,GOOGL,2026-01-08 10:04:45.131707+00:00
2023-04-18 00:00:00-04:00,105.69142146275153,105.74104953791142,103.28957103976354,103.71634674072266,26596400,0.0,0.0,GOOGL,2026-01-08 10:04:45.131707+00:00
2023-04-19 00:00:00-04:00,102.80324365821765,104.19274641398663,102.2970660858072,103.39874267578125,20905700,0.0,0.0,GOOGL,2026-01-08 10:04:45.131707+00:00
2023-04-20 00:00:00-04:00,103.13077111448514,105.45321956243694,103.09107017022347,104.50041961669922,27820800,0.0,0.0,GOOGL,2026-01-08 10:04:45.131707+00:00
2023-04-21 00:00:00-04:00,104.67907735856379,105.20510165529122,103.99424927374733,104.6195297241211,25800100,0.0,0.0,GOOGL,2026-01-08 10:04:45.131707+00:00
2023-04-24 00:00:00-04:00,104.69891971395418,105.83037015463859,103.9148430801148,105.17532348632812,23542800,0.0,0.0,GOOGL,2026-01-08 10:04:45.131707+00:00
2023-04-25 00:00:00-04:00,105.03637557743666,105.88992698575956,103.06129326840653,103.07122039794922,46664100,0.0,0.0,GOOGL,2026-01-08 10:04:45.131707+00:00
2023-04-26 00:00:00-04:00,104.13318368334002,105.55246015155271,101.86035590852781,102.93225860595703,53347600,0.0,0.0,GOOGL,2026-01-08 10:04:45.131707+00:00
2023-04-27 00:00:00-04:00,103.6667202584599,107.55732970203324,102.76354833968519,106.78317260742188,50089200,0.0,0.0,GOOGL,2026-01-08 10:04:45.131707+00:00
2023-04-28 00:00:00-04:00,106.2373113017825,106.5449841983953,104.3019297473879,106.5350570678711,36139800,0.0,0.0,GOOGL,2026-01-08 10:04:45.131707+00:00
2023-05-01 00:00:00-04:00,106.03880194374992,107.18017959460664,106.018955255746,106.39610290527344,26681700,0.0,0.0,GOOGL,2026-01-08 10:04:45.131707+00:00
2023-05-02 00:00:00-04:00,106.33655628584265,106.3961039226054,102.93227756090715,104.53020477294922,30997200,0.0,0.0,GOOGL,2026-01-08 10:04:45.131707+00:00
2023-05-03 00:00:00-04:00,104.73862499300647,106.68392596400858,104.17289974925679,104.6195297241211,21795400,0.0,0.0,GOOGL,2026-01-08 10:04:45.131707+00:00
2023-05-04 00:00:00-04:00,104.69892635616654,104.80810206984134,103.1903281969406,103.9049301147461,23419500,0.0,0.0,GOOGL,2026-01-08 10:04:45.131707+00:00
2023-05-05 00:00:00-04:00,104.03394463322047,105.08599317017097,103.32926989883089,104.7783203125,26639300,0.0,0.0,GOOGL,2026-01-08 10:04:45.131707+00:00
2023-05-08 00:00:00-04:00,104.3912487209223,107.15040011064862,104.37140203396783,106.96182250976562,26511400,0.0,0.0,GOOGL,2026-01-08 10:04:45.131707+00:00
2023-05-09 00:00:00-04:00,107.57717717560891,109.32398096474886,106.38617906657517,106.54497528076172,36360100,0.0,0.0,GOOGL,2026-01-08 10:04:45.131707+00:00
2023-05-10 00:00:00-04:00,107.160334717474,112.09306592369241,107.12063376861364,110.9119873046875,63153400,0.0,0.0,GOOGL,2026-01-08 10:04:45.131707+00:00
2023-05-11 00:00:00-04:00,114.53460704620213,117.03570601894897,113.55203326107099,115.69583129882812,78900000,0.0,0.0,GOOGL,2026-01-08 10:04:45.131707+00:00
2023-05-12 00:00:00-04:00,115.8050066061785,117.14488132168266,115.23928138975758,116.6287841796875,41102300,0.0,0.0,GOOGL,2026-01-08 10:04:45.131707+00:00
2023-05-15 00:00:00-04:00,115.23928959676992,117.59151964950284,115.14004101303124,115.63629150390625,36266800,0.0,0.0,GOOGL,2026-01-08 10:04:45.131707+00:00
2023-05-16 00:00:00-04:00,115.6164352654177,119.84449149553303,115.55688763062979,118.6137924194336,45035600,0.0,0.0,GOOGL,2026-01-08 10:04:45.131707+00:00
2023-05-17 00:00:00-04:00,118.71304303528596,120.7575926346341,117.99844111686251,119.9338150024414,33323600,0.0,0.0,GOOGL,2026-01-08 10:04:45.131707+00:00
2023-05-18 00:00:00-04:00,120.04299070810453,122.38529363069811,119.92389543649637,121.90889739990234,35234200,0.0,0.0,GOOGL,2026-01-08 10:04:45.131707+00:00
2023-05-19 00:00:00-04:00,122.62350082715598,125.02535141510835,121.23399792123767,121.83942413330078,41353400,0.0,0.0,GOOGL,2026-01-08 10:04:45.131707+00:00
2023-05-22 00:00:00-04:00,122.01806609562544,125.48189220233128,121.81956136739319,124.11224365234375,35253000,0.0,0.0,GOOGL,2026-01-08 10:04:45.131707+00:00
2023-05-23 00:00:00-04:00,123.22892250659226,123.6953915959423,121.29354109633519,121.64091491699219,34046300,0.0,0.0,GOOGL,2026-01-08 10:04:45.131707+00:00
2023-05-24 00:00:00-04:00,120.21172148341005,120.99579816666204,118.96116812777687,119.99337005615234,34182600,0.0,0.0,GOOGL,2026-01-08 10:04:45.131707+00:00
2023-05-25 00:00:00-04:00,123.58620270600284,124.38020641613278,121.04540294907595,122.55400848388672,42317000,0.0,0.0,GOOGL,2026-01-08 10:04:45.131707+00:00
2023-05-26 00:00:00-04:00,122.24634093896407,124.32067187463625,121.53173903906134,123.67554473876953,35635900,0.0,0.0,GOOGL,2026-01-08 10:04:45.131707+00:00
2023-05-30 00:00:00-04:00,124.6978199598951,124.71767421950892,121.08511707268141,122.74259185791016,35076700,0.0,0.0,GOOGL,2026-01-08 10:04:45.131707+00:00
2023-05-31 00:00:00-04:00,121.82949030094537,123.12966410835033,121.58136506611656,121.94859313964844,37325800,0.0,0.0,GOOGL,2026-01-08 10:04:45.131707+00:00
2023-06-01 00:00:00-04:00,121.89895353520633,123.48695337348924,121.70045639498866,122.79220581054688,30772700,0.0,0.0,GOOGL,2026-01-08 10:04:45.131707+00:00
2023-06-02 00:00:00-04:00,123.06019879901274,125.20400462726855,122.83192780585587,123.73509979248047,26980100,0.0,0.0,GOOGL,2026-01-08 10:04:45.131707+00:00
2023-06-05 00:00:00-04:00,123.0800387874398,126.47439004972225,122.91130787950246,125.0650405883789,32305500,0.0,0.0,GOOGL,2026-01-08 10:04:45.131707+00:00
2023-06-06 00:00:00-04:00,125.06503148178402,127.32792458635241,124.41990442901746,126.35527801513672,26638300,0.0,0.0,GOOGL,2026-01-08 10:04:45.131707+00:00
2023-06-07 00:00:00-04:00,126.01784799150856,128.07231710182637,121.20421985419401,121.58136749267578,52539000,0.0,0.0,GOOGL,2026-01-08 10:04:45.131707+00:00
2023-06-08 00:00:00-04:00,121.31339671268852,122.30589768119812,120.33081530189335,121.22406768798828,29389200,0.0,0.0,GOOGL,2026-01-08 10:04:45.131707+00:00
2023-06-09 00:00:00-04:00,121.33322406481871,122.8319024086519,120.99577742394754,121.3133773803711,23778300,0.0,0.0,GOOGL,2026-01-08 10:04:45.131707+00:00
2023-06-12 00:00:00-04:00,121.86918247837939,123.11973569214682,120.74765922363488,122.71280670166016,28306400,0.0,0.0,GOOGL,2026-01-08 10:04:45.131707+00:00
2023-06-13 00:00:00-04:00,124.04277534219001,124.2214258208004,122.25627055608605,122.90139770507812,22278300,0.0,0.0,GOOGL,2026-01-08 10:04:45.131707+00:00
2023-06-14 00:00:00-04:00,122.17686661381849,123.11974706875885,120.53923851602217,122.74259185791016,30592300,0.0,0.0,GOOGL,2026-01-08 10:04:45.131707+00:00
2023-06-15 00:00:00-04:00,122.21656558106999,124.51916746718288,121.48211700306517,124.15193939208984,35246300,0.0,0.0,GOOGL,2026-01-08 10:04:45.131707+00:00
2023-06-16 00:00:00-04:00,124.98564142278578,125.1642918916508,122.35551246478781,122.6036376953125,45535600,0.0,0.0,GOOGL,2026-01-08 10:04:45.131707+00:00
2023-06-20 00:00:00-04:00,122.00813366210225,123.63583450194002,121.22405705707857,122.1768569946289,26097500,0.0,0.0,GOOGL,2026-01-08 10:04:45.131707+00:00
2023-06-21 00:00:00-04:00,121.48211364469854,121.74016600309444,119.19935850880321,119.64598846435547,30306300,0.0,0.0,GOOGL,2026-01-08 10:04:45.131707+00:00
2023-06-22 00:00:00-04:00,119.10011432011007,122.31581528654226,117.93889002281252,122.22649383544922,26952200,0.0,0.0,GOOGL,2026-01-08 10:04:45.131707+00:00
2023-06-23 00:00:00-04:00,120.4697692190949,121.86919927030634,120.15216920049242,121.42256927490234,34913600,0.0,0.0,GOOGL,2026-01-08 10:04:45.131707+00:00
2023-06-26 00:00:00-04:00,119.85441072671466,121.08510972170825,117.38307803534231,117.45255279541016,33969900,0.0,0.0,GOOGL,2026-01-08 10:04:45.131707+00:00
2023-06-27 00:00:00-04:00,116.20202354172285,118.18702562106004,115.22936919108754,117.4426498413086,39535900,0.0,0.0,GOOGL,2026-01-08 10:04:45.131707+00:00
2023-06-28 00:00:00-04:00,116.21191612047646,119.48717181987469,115.97371804646684,119.27874755859375,27091400,0.0,0.0,GOOGL,2026-01-08 10:04:45.131707+00:00
2023-06-29 00:00:00-04:00,118.34582057099236,119.15967111183862,117.41287475286933,118.20687103271484,24090900,0.0,0.0,GOOGL,2026-01-08 10:04:45.131707+00:00
2023-06-30 00:00:00-04:00,119.26883719212228,120.17201669011786,118.79244097715116,118.80236053466797,29532200,0.0,0.0,GOOGL,2026-01-08 10:04:45.131707+00:00
2023-07-03 00:00:00-04:00,118.34580787808842,119.28868829776731,117.928959307964,119.00086212158203,14467900,0.0,0.0,GOOGL,2026-01-08 10:04:45.131707+00:00
2023-07-05 00:00:00-04:00,118.34581085804417,121.69054177705794,118.33589130053984,120.83699035644531,27584800,0.0,0.0,GOOGL,2026-01-08 10:04:45.131707+00:00
2023-07-06 00:00:00-04:00,118.90160907008745,119.39785951266347,117.51210631643842,119.20928192138672,24745200,0.0,0.0,GOOGL,2026-01-08 10:04:45.131707+00:00
2023-07-07 00:00:00-04:00,119.1993606252883,120.14224105563065,118.50461300055707,118.58401489257812,21709500,0.0,0.0,GOOGL,2026-01-08 10:04:45.131707+00:00
2023-07-10 00:00:00-04:00,117.41286157602863,117.42278113323385,115.26905595945563,115.57672882080078,35315200,0.0,0.0,GOOGL,2026-01-08 10:04:45.131707+00:00
2023-07-11 00:00:00-04:00,115.41794182924588,116.8272914274114,114.48498846913382,116.26156616210938,23078800,0.0,0.0,GOOGL,2026-01-08 10:04:45.131707+00:00
2023-07-12 00:00:00-04:00,117.90910170248144,119.42762676172906,117.52202698432735,118.03812408447266,30404400,0.0,0.0,GOOGL,2026-01-08 10:04:45.131707+00:00
2023-07-13 00:00:00-04:00,120.02314237165878,123.89389766157021,119.54673857522506,123.60607147216797,44297900,0.0,0.0,GOOGL,2026-01-08 10:04:45.131707+00:00
2023-07-14 00:00:00-04:00,123.86411595510596,125.82926350630274,122.56393462065938,124.47946166992188,33283100,0.0,0.0,GOOGL,2026-01-08 10:04:45.131707+00:00
2023-07-17 00:00:00-04:00,124.995567566589,126.14686468961106,123.26861052378432,123.71524047851562,25716200,0.0,0.0,GOOGL,2026-01-08 10:04:45.131707+00:00
2023-07-18 00:00:00-04:00,123.6656062716888,123.74500815821673,122.03790545876947,122.8319091796875,26193600,0.0,0.0,GOOGL,2026-01-08 10:04:45.131707+00:00
2023-07-19 00:00:00-04:00,123.66561821898068,124.24127059365078,120.88662007165094,121.1148910522461,37224000,0.0,0.0,GOOGL,2026-01-08 10:04:45.131707+00:00
2023-07-20 00:00:00-04:00,120.50946759155578,123.15944340000809,117.3334674734311,118.30611419677734,37906800,0.0,0.0,GOOGL,2026-01-08 10:04:45.131707+00:00
2023-07-21 00:00:00-04:00,119.71546357937767,120.08268407322286,117.83963744818556,119.11995697021484,72937900,0.0,0.0,GOOGL,2026-01-08 10:04:45.131707+00:00
2023-07-24 00:00:00-04:00,120.74767468990552,122.07762238859752,120.07277371039838,120.61864471435547,29686100,0.0,0.0,GOOGL,2026-01-08 10:04:45.131707+00:00
2023-07-25 00:00:00-04:00,120.4499090798837,122.22648658848489,120.1124548384505,121.29353332519531,52509600,0.0,0.0,GOOGL,2026-01-08 10:04:45.131707+00:00
2023-07-26 00:00:00-04:00,129.09460190925336,129.99776623656712,127.35772529958219,128.30059814453125,61682100,0.0,0.0,GOOGL,2026-01-08 10:04:45.131707+00:00
2023-07-27 00:00:00-04:00,130.6825925035767,132.24082619562287,127.82418504749104,128.4296112060547,44952100,0.0,0.0,GOOGL,2026-01-08 10:04:45.131707+00:00
2023-07-28 00:00:00-04:00,129.79928007624758,132.7370897112607,129.59086334627574,131.58578491210938,36591200,0.0,0.0,GOOGL,2026-01-08 10:04:45.131707+00:00
2023-07-31 00:00:00-04:00,131.7346357432163,132.52863946512642,130.7917629491062,131.72471618652344,28055500,0.0,0.0,GOOGL,2026-01-08 10:04:45.131707+00:00
2023-08-01 00:00:00-04:00,129.79927708428264,131.6354099568871,129.70002092843689,130.56350708007812,23166800,0.0,0.0,GOOGL,2026-01-08 10:04:45.131707+00:00
2023-08-02 00:00:00-04:00,128.4792349041098,129.1144348566753,126.60340886103654,127.41726684570312,26273300,0.0,0.0,GOOGL,2026-01-08 10:04:45.131707+00:00
2023-08-03 00:00:00-04:00,127.01035151213354,128.4197010851892,126.46447294473376,127.48674774169922,20089500,0.0,0.0,GOOGL,2026-01-08 10:04:45.131707+00:00
2023-08-04 00:00:00-04:00,128.31052393686713,130.52379685517826,126.9508024568463,127.14929962158203,26147200,0.0,0.0,GOOGL,2026-01-08 10:04:45.131707+00:00
2023-08-07 00:00:00-04:00,128.1914178864696,130.62304202480823,128.05246836840342,130.54364013671875,22746300,0.0,0.0,GOOGL,2026-01-08 10:04:45.131707+00:00
2023-08-08 00:00:00-04:00,129.64047749645752,130.52380279242055,128.56857458489054,130.4146270751953,23535200,0.0,0.0,GOOGL,2026-01-08 10:04:45.131707+00:00
2023-08-09 00:00:00-04:00,130.67266960839547,131.04980964495556,128.0326136306667,128.6876678466797,24912900,0.0,0.0,GOOGL,2026-01-08 10:04:45.131707+00:00
2023-08-10 00:00:00-04:00,130.33524987803614,131.05977143036745,128.47926254911619,128.71746826171875,20857800,0.0,0.0,GOOGL,2026-01-08 10:04:45.131707+00:00
2023-08-11 00:00:00-04:00,127.6951647046181,128.95562989704715,127.20883382963942,128.58840942382812,19591100,0.0,0.0,GOOGL,2026-01-08 10:04:45.131707+00:00
2023-08-14 00:00:00-04:00,128.41968447620044,130.38483192031686,127.99291637965989,130.3451385498047,24695600,0.0,0.0,GOOGL,2026-01-08 10:04:45.131707+00:00
2023-08-15 00:00:00-04:00,130.11688653714737,130.43447898056363,128.31052745646844,128.80677795410156,19770700,0.0,0.0,GOOGL,2026-01-08 10:04:45.131707+00:00
2023-08-16 00:00:00-04:00,127.73487091064453,129.30302424952546,126.91110086620327,127.73487091064453,25216100,0.0,0.0,GOOGL,2026-01-08 10:04:45.131707+00:00
2023-08-17 00:00:00-04:00,128.8266444615361,131.00022427090204,128.3204592134365,128.94573974609375,33446300,0.0,0.0,GOOGL,2026-01-08 10:04:45.131707+00:00
2023-08-18 00:00:00-04:00,127.546294758541,128.28075093151222,125.43227040921398,126.5041732788086,30504800,0.0,0.0,GOOGL,2026-01-08 10:04:45.131707+00:00
2023-08-21 00:00:00-04:00,126.2262700322158,127.76464194810235,125.61091672255242,127.40734100341797,25248700,0.0,0.0,GOOGL,2026-01-08 10:04:45.131707+00:00
2023-08-22 00:00:00-04:00,127.54629719383558,129.30302819235456,127.35773472637845,128.11203002929688,22054900,0.0,0.0,GOOGL,2026-01-08 10:04:45.131707+00:00
2023-08-23 00:00:00-04:00,129.20375527825698,132.40954397470435,128.89608243334328,131.37733459472656,27819700,0.0,0.0,GOOGL,2026-01-08 10:04:45.131707+00:00
2023-08-24 00:00:00-04:00,132.94550528703812,133.24325861449066,128.59836122593913,128.80677795410156,28500700,0.0,0.0,GOOGL,2026-01-08 10:04:45.131707+00:00
2023-08-25 00:00:00-04:00,128.56857452291544,129.77942696997056,126.29575386732984,128.90603637695312,26762900,0.0,0.0,GOOGL,2026-01-08 10:04:45.131707+00:00
2023-08-28 00:00:00-04:00,130.32528013006436,131.54605189710958,129.1640559890661,130.02752685546875,20543300,0.0,0.0,GOOGL,2026-01-08 10:04:45.131707+00:00
2023-08-29 00:00:00-04:00,131.24832315951218,135.54585383099212,131.24832315951218,133.56085205078125,43075600,0.0,0.0,GOOGL,2026-01-08 10:04:45.131707+00:00
2023-08-30 00:00:00-04:00,133.76925080012282,135.25800193543597,133.0645837435827,134.8610076904297,28315800,0.0,0.0,GOOGL,2026-01-08 10:04:45.131707+00:00
2023-08-31 00:00:00-04:00,134.9900609451091,136.9651434659,134.77170950484623,135.14886474609375,30053800,0.0,0.0,GOOGL,2026-01-08 10:04:45.131707+00:00
2023-09-01 00:00:00-04:00,136.4291897075704,136.4291897075704,133.83876157564302,134.64268493652344,21543700,0.0,0.0,GOOGL,2026-01-08 10:04:45.131707+00:00
2023-09-05 00:00:00-04:00,134.4243496549999,135.39699647990017,133.5707981143506,134.7518768310547,19403100,0.0,0.0,GOOGL,2026-01-08 10:04:45.131707+00:00
2023-09-06 00:00:00-04:00,134.99997436969198,135.50614436814033,132.66759123648941,133.45167541503906,18684500,0.0,0.0,GOOGL,2026-01-08 10:04:45.131707+00:00
2023-09-07 00:00:00-04:00,132.58820688588548,134.56328935661423,131.95300684241127,134.2456817626953,18844300,0.0,0.0,GOOGL,2026-01-08 10:04:45.131707+00:00
2023-09-08 00:00:00-04:00,133.8983069363544,135.6351836006342,133.8387593023914,135.35728454589844,23558300,0.0,0.0,GOOGL,2026-01-08 10:04:45.131707+00:00
2023-09-11 00:00:00-04:00,135.51609424553192,136.44904770755304,134.77171841660422,135.89324951171875,20763400,0.0,0.0,GOOGL,2026-01-08 10:04:45.131707+00:00
2023-09-12 00:00:00-04:00,135.23817228733398,135.84359846496358,134.17620415931236,134.3250732421875,18405500,0.0,0.0,GOOGL,2026-01-08 10:04:45.131707+00:00
2023-09-13 00:00:00-04:00,134.0769375034417,135.8733616364172,133.14398427221744,135.68479919433594,20749500,0.0,0.0,GOOGL,2026-01-08 10:04:45.131707+00:00
2023-09-14 00:00:00-04:00,136.56811119024346,137.65985294407633,135.21830954536878,137.06436157226562,24751000,0.0,0.0,GOOGL,2026-01-08 10:04:45.131707+00:00
2023-09-15 00:00:00-04:00,136.94528129329058,137.48124030456012,135.45652981988454,136.36962890625,38919600,0.0,0.0,GOOGL,2026-01-08 10:04:45.131707+00:00
2023-09-18 00:00:00-04:00,135.58556108112978,138.11644163882283,135.58556108112978,137.17356872558594,21861300,0.0,0.0,GOOGL,2026-01-08 10:04:45.131707+00:00
2023-09-19 00:00:00-04:00,136.38949123690924,137.3720727194704,135.59548737523636,137.0048370361328,20353700,0.0,0.0,GOOGL,2026-01-08 10:04:45.131707+00:00
2023-09-20 00:00:00-04:00,137.0445418305698,137.0445418305698,132.61798064460575,132.73709106445312,29927500,0.0,0.0,GOOGL,2026-01-08 10:04:45.131707+00:00
2023-09-21 00:00:00-04:00,130.4543541819301,131.2384234305324,129.09463244634384,129.46185302734375,31503900,0.0,0.0,GOOGL,2026-01-08 10:04:45.131707+00:00
2023-09-22 00:00:00-04:00,129.77942444921084,131.03990495129133,128.62813480654572,129.27325439453125,26397300,0.0,0.0,GOOGL,2026-01-08 10:04:45.131707+00:00
2023-09-25 00:00:00-04:00,128.8564156388002,130.18636343695547,127.99294455474431,130.12681579589844,20094600,0.0,0.0,GOOGL,2026-01-08 10:04:45.131707+00:00
2023-09-26 00:00:00-04:00,128.7968636929427,129.38243566958448,126.26598302205768,127.60586547851562,25718700,0.0,0.0,GOOGL,2026-01-08 10:04:45.131707+00:00
2023-09-27 00:00:00-04:00,127.60586778894698,129.918381917851,127.60586778894698,129.5610809326172,22746500,0.0,0.0,GOOGL,2026-01-08 10:04:45.131707+00:00
2023-09-28 00:00:00-04:00,128.86631630656447,132.30037616629912,128.81668823150392,131.3177947998047,22513100,0.0,0.0,GOOGL,2026-01-08 10:04:45.131707+00:00
2023-09-29 00:00:00-04:00,132.28049681312254,133.04472661986216,129.38239648284633,129.87864685058594,30859800,0.0,0.0,GOOGL,2026-01-08 10:04:45.131707+00:00
2023-10-02 00:00:00-04:00,130.2260545847838,133.41197411116025,130.1863460664677,133.16384887695312,22288000,0.0,0.0,GOOGL,2026-01-08 10:04:45.131707+00:00
2023-10-03 00:00:00-04:00,132.93559116374053,133.25318362014062,130.8513329307273,131.43690490722656,22989400,0.0,0.0,GOOGL,2026-01-08 10:04:45.131707+00:00
2023-10-04 00:00:00-04:00,131.79419070491505,134.55335719954957,131.53614591729064,134.225830078125,26752300,0.0,0.0,GOOGL,2026-01-08 10:04:45.131707+00:00
2023-10-05 00:00:00-04:00,134.05709838867188,134.4739469324216,132.4492366977958,134.05709838867188,19832600,0.0,0.0,GOOGL,2026-01-08 10:04:45.131707+00:00
2023-10-06 00:00:00-04:00,133.00504324406194,137.123931161278,133.00504324406194,136.54827880859375,27597600,0.0,0.0,GOOGL,2026-01-08 10:04:45.131707+00:00
2023-10-09 00:00:00-04:00,135.9130912652546,137.89809329303546,134.59306309945669,137.38198852539062,19278100,0.0,0.0,GOOGL,2026-01-08 10:04:45.131707+00:00
2023-10-10 00:00:00-04:00,137.46136097879065,138.67221316791438,136.30013685860354,137.024658203125,27786600,0.0,0.0,GOOGL,2026-01-08 10:04:45.131707+00:00
2023-10-11 00:00:00-04:00,137.54078929024345,140.05181558848287,137.54078929024345,139.4960174560547,25884300,0.0,0.0,GOOGL,2026-01-08 10:04:45.131707+00:00
2023-10-12 00:00:00-04:00,139.9922602118785,140.16098355386808,137.2231741164266,137.9278564453125,24765500,0.0,0.0,GOOGL,2026-01-08 10:04:45.131707+00:00
2023-10-13 00:00:00-04:00,138.33479709793974,138.95014288451765,135.59548458868076,136.32994079589844,23420500,0.0,0.0,GOOGL,2026-01-08 10:04:45.131707+00:00
2023-10-16 00:00:00-04:00,137.13385103003665,138.58290904447986,136.9552081327783,138.056884765625,28501900,0.0,0.0,GOOGL,2026-01-08 10:04:45.131707+00:00
2023-10-17 00:00:00-04:00,137.5904036136543,138.85086884355698,136.1512652036196,138.67222595214844,23515800,0.0,0.0,GOOGL,2026-01-08 10:04:45.131707+00:00
2023-10-18 00:00:00-04:00,138.40424694073948,139.66472731928488,136.34977796075492,136.92543029785156,23375000,0.0,0.0,GOOGL,2026-01-08 10:04:45.131707+00:00
2023-10-19 00:00:00-04:00,137.46137089391803,138.6126755411059,136.34977476248778,136.7169952392578,26066000,0.0,0.0,GOOGL,2026-01-08 10:04:45.131707+00:00
2023-10-20 00:00:00-04:00,136.3001367687033,136.83608053752832,134.06700996727167,134.58311462402344,26335700,0.0,0.0,GOOGL,2026-01-08 10:04:45.131707+00:00
2023-10-23 00:00:00-04:00,134.0273213470116,136.6276841287948,132.94549894839827,135.47637939453125,26317900,0.0,0.0,GOOGL,2026-01-08 10:04:45.131707+00:00
2023-10-24 00:00:00-04:00,136.79641151026584,138.31493679389348,136.38948247495046,137.76905822753906,44814300,0.0,0.0,GOOGL,2026-01-08 10:04:45.131707+00:00
2023-10-25 00:00:00-04:00,127.1989099289669,127.34777899563072,124.13207842862528,124.66802978515625,84366200,0.0,0.0,GOOGL,2026-01-08 10:04:45.131707+00:00
2023-10-26 00:00:00-04:00,122.34559572670734,123.39765194257097,120.36059371391482,121.36302185058594,57061100,0.0,0.0,GOOGL,2026-01-08 10:04:45.131707+00:00
2023-10-27 00:00:00-04:00,121.9585046679144,122.38528034661036,119.30852915172775,121.25382995605469,44566500,0.0,0.0,GOOGL,2026-01-08 10:04:45.131707+00:00
2023-10-30 00:00:00-04:00,122.28604612521336,124.45962571740641,121.82949657826617,123.52667236328125,28940100,0.0,0.0,GOOGL,2026-01-08 10:04:45.131707+00:00
2023-10-31 00:00:00-04:00,124.12216757392719,124.42984802046038,121.76994514607122,123.14952087402344,26292300,0.0,0.0,GOOGL,2026-01-08 10:04:45.131707+00:00
2023-11-01 00:00:00-04:00,123.13959001581209,125.54144044779346,122.79221620493564,125.50173950195312,30082400,0.0,0.0,GOOGL,2026-01-08 10:04:45.131707+00:00
2023-11-02 00:00:00-04:00,127.45696935668228,128.01276746198673,125.97814507096508,126.53394317626953,27124600,0.0,0.0,GOOGL,2026-01-08 10:04:45.131707+00:00
2023-11-03 00:00:00-04:00,127.05997884535377,128.55864986310226,126.90117505497481,128.1318817138672,26393100,0.0,0.0,GOOGL,2026-01-08 10:04:45.131707+00:00
2023-11-06 00:00:00-05:00,128.08225623128538,129.36257584929294,127.70510100758493,129.27325439453125,19052700,0.0,0.0,GOOGL,2026-01-08 10:04:45.131707+00:00
2023-11-07 00:00:00-05:00,129.72980920218515,130.9208073441977,128.90603157499936,129.98785400390625,29757300,0.0,0.0,GOOGL,2026-01-08 10:04:45.131707+00:00
2023-11-08 00:00:00-05:00,129.98784740054361,131.21855399990926,129.7992698016351,130.851318359375,26425800,0.0,0.0,GOOGL,2026-01-08 10:04:45.131707+00:00
2023-11-09 00:00:00-05:00,130.97042365935377,131.55599554780142,129.09459758945283,129.26332092285156,23747800,0.0,0.0,GOOGL,2026-01-08 10:04:45.131707+00:00
2023-11-10 00:00:00-05:00,129.1243853429863,131.80413499720473,128.43955723420933,131.595703125,26913300,0.0,0.0,GOOGL,2026-01-08 10:04:45.131707+00:00
2023-11-13 00:00:00-05:00,130.7917686694096,131.59569198317294,130.26574439881477,131.0994415283203,18324800,0.0,0.0,GOOGL,2026-01-08 10:04:45.131707+00:00
2023-11-14 00:00:00-05:00,133.1837138056391,134.68238488834018,132.32024276762044,132.61798095703125,32395200,0.0,0.0,GOOGL,2026-01-08 10:04:45.131707+00:00
2023-11-15 00:00:00-05:00,133.85858358428234,134.01738735349468,132.5683446064248,133.61045837402344,23861500,0.0,0.0,GOOGL,2026-01-08 10:04:45.131707+00:00
2023-11-16 00:00:00-05:00,134.17619538121033,136.19097094090904,133.31272446829985,135.90313720703125,28013200,0.0,0.0,GOOGL,2026-01-08 10:04:45.131707+00:00
2023-11-17 00:00:00-05:00,134.98013143466227,135.03967906955006,132.64774810580346,134.29530334472656,37240600,0.0,0.0,GOOGL,2026-01-08 10:04:45.131707+00:00
2023-11-20 00:00:00-05:00,132.68748612727182,135.63521586452535,132.61800377487862,135.22828674316406,27815500,0.0,0.0,GOOGL,2026-01-08 10:04:45.131707+00:00
2023-11-21 00:00:00-05:00,135.2679473163652,136.15127255285424,134.9404353311043,135.94285583496094,22635300,0.0,0.0,GOOGL,2026-01-08 10:04:45.131707+00:00
2023-11-22 00:00:00-05:00,136.43909143782605,138.3744650434286,136.43909143782605,137.45144653320312,17813900,0.0,0.0,GOOGL,2026-01-08 10:04:45.131707+00:00
2023-11-24 00:00:00-05:00,136.99492586910037,137.09418203702575,134.97023028496082,135.66497802734375,12514300,0.0,0.0,GOOGL,2026-01-08 10:04:45.131707+00:00
2023-11-27 00:00:00-05:00,135.0099144629775,137.38199132880567,134.9801406435023,135.38706970214844,23436500,0.0,0.0,GOOGL,2026-01-08 10:04:45.131707+00:00
2023-11-28 00:00:00-05:00,135.05954623569303,136.22077066006165,134.40449190060377,136.171142578125,18730000,0.0,0.0,GOOGL,2026-01-08 10:04:45.131707+00:00
2023-11-29 00:00:00-05:00,136.53836114342,137.25294788509495,133.8288226820438,133.9777069091797,23967200,0.0,0.0,GOOGL,2026-01-08 10:04:45.131707+00:00
2023-11-30 00:00:00-05:00,134.03725467489437,134.53350514378005,130.29552189907486,131.53614807128906,38988300,0.0,0.0,GOOGL,2026-01-08 10:04:45.131707+00:00
2023-12-01 00:00:00-05:00,130.8711700439453,131.11929527039416,129.69009154295097,130.8711700439453,31442300,0.0,0.0,GOOGL,2026-01-08 10:04:45.131707+00:00
2023-12-04 00:00:00-05:00,128.90602431139112,129.05489339161807,126.94086915840347,128.30059814453125,36669900,0.0,0.0,GOOGL,2026-01-08 10:04:45.131707+00:00
2023-12-05 00:00:00-05:00,127.98301027838883,131.14909112296962,127.28826255646621,130.00772094726562,27384800,0.0,0.0,GOOGL,2026-01-08 10:04:45.131707+00:00
2023-12-06 00:00:00-05:00,130.45433249808588,130.85132683618656,128.9060333773847,129.04498291015625,23576200,0.0,0.0,GOOGL,2026-01-08 10:04:45.131707+00:00
2023-12-07 00:00:00-05:00,134.02731116371308,137.52091847546023,133.68986450169766,135.90313720703125,56767100,0.0,0.0,GOOGL,2026-01-08 10:04:45.131707+00:00
2023-12-08 00:00:00-05:00,133.19362268827305,135.37712172033739,133.02489934634232,133.9777069091797,32260100,0.0,0.0,GOOGL,2026-01-08 10:04:45.131707+00:00
2023-12-11 00:00:00-05:00,131.38728665345792,132.34007912846104,130.3749313974492,132.2904510498047,31138000,0.0,0.0,GOOGL,2026-01-08 10:04:45.131707+00:00
2023-12-12 00:00:00-05:00,130.82154752185775,132.00262607297714,130.2756689716308,131.52622985839844,29032800,0.0,0.0,GOOGL,2026-01-08 10:04:45.131707+00:00
2023-12-13 00:00:00-05:00,132.37980544950435,132.49890073880297,130.5833808288782,131.5758819580078,30104800,0.0,0.0,GOOGL,2026-01-08 10:04:45.131707+00:00
2023-12-14 00:00:00-05:00,132.37976513726198,132.7172117837592,128.71743466292693,130.9505615234375,38722400,0.0,0.0,GOOGL,2026-01-08 10:04:45.131707+00:00
2023-12-15 00:00:00-05:00,130.63294443593992,132.5087702558093,130.19624168094646,131.60560607910156,50847100,0.0,0.0,GOOGL,2026-01-08 10:04:45.131707+00:00
2023-12-18 00:00:00-05:00,131.63540528883573,136.1214986599511,131.43689298418388,134.78163146972656,32258000,0.0,0.0,GOOGL,2026-01-08 10:04:45.131707+00:00
2023-12-19 00:00:00-05:00,135.81382173780045,136.43910216120065,135.05952649346082,135.625244140625,25476800,0.0,0.0,GOOGL,2026-01-08 10:04:45.131707+00:00
2023-12-20 00:00:00-05:00,137.9278469217378,140.63737005261123,137.03460219773686,137.3025665283203,49107200,0.0,0.0,GOOGL,2026-01-08 10:04:45.131707+00:00
2023-12-21 00:00:00-05:00,138.44395531377506,139.63495335905975,138.1362673150206,139.36697387695312,27488300,0.0,0.0,GOOGL,2026-01-08 10:04:45.131707+00:00
2023-12-22 00:00:00-05:00,139.71436841353267,140.9252208312421,139.65482077731141,140.42897033691406,26532200,0.0,0.0,GOOGL,2026-01-08 10:04:45.131707+00:00
2023-12-26 00:00:00-05:00,140.52819216023732,141.61001445550394,140.1311978767292,140.45872497558594,16780300,0.0,0.0,GOOGL,2026-01-08 10:04:45.131707+00:00
2023-12-27 00:00:00-05:00,140.5281892635429,141.01452012352266,138.84094087687075,139.3173370361328,19628600,0.0,0.0,GOOGL,2026-01-08 10:04:45.131707+00:00
2023-12-28 00:00:00-05:00,139.72426900145066,140.08156991463156,138.70199433347554,139.1783905029297,16045700,0.0,0.0,GOOGL,2026-01-08 10:04:45.131707+00:00
2023-12-29 00:00:00-05:00,138.58292367477063,139.30744518629933,137.7392917414662,138.64247131347656,18733000,0.0,0.0,GOOGL,2026-01-08 10:04:45.131707+00:00
2024-01-02 00:00:00-05:00,137.51098999214332,138.40423466169574,135.45650605006813,137.1338348388672,23711200,0.0,0.0,GOOGL,2026-01-08 10:04:45.131707+00:00
2024-01-03 00:00:00-05:00,136.2207449621666,138.58290188858055,136.05202163090297,137.8782196044922,24212100,0.0,0.0,GOOGL,2026-01-08 10:04:45.131707+00:00
2024-01-04 00:00:00-05:00,137.38197845779115,138.11643460621872,135.32750938466225,135.36720275878906,27137700,0.0,0.0,GOOGL,2026-01-08 10:04:45.131707+00:00
2024-01-05 00:00:00-05:00,135.7245288498821,136.13145794579813,134.13652099206422,134.71217346191406,22513900,0.0,0.0,GOOGL,2026-01-08 10:04:45.131707+00:00
2024-01-08 00:00:00-05:00,135.26796265470722,137.96756674647926,135.23818883448922,137.79884338378906,21404000,0.0,0.0,GOOGL,2026-01-08 10:04:45.131707+00:00
2024-01-09 00:00:00-05:00,137.46139607476167,140.42897968026014,137.11401464787397,139.8930206298828,24759600,0.0,0.0,GOOGL,2026-01-08 10:04:45.131707+00:00
2024-01-10 00:00:00-05:00,139.94262800363174,141.9276298192861,139.85330655657418,141.21302795410156,21320200,0.0,0.0,GOOGL,2026-01-08 10:04:45.131707+00:00
2024-01-11 00:00:00-05:00,142.41395623786542,144.13097851399309,139.58532268175995,141.0145263671875,24008700,0.0,0.0,GOOGL,2026-01-08 10:04:45.131707+00:00
2024-01-12 00:00:00-05:00,141.6001002299109,142.12612449032548,140.75648355960536,141.5802459716797,18785500,0.0,0.0,GOOGL,2026-01-08 10:04:45.131707+00:00
2024-01-16 00:00:00-05:00,140.93514731118603,143.267530806828,140.38926871174172,141.42147827148438,22670500,0.0,0.0,GOOGL,2026-01-08 10:04:45.131707+00:00
2024-01-17 00:00:00-05:00,140.2900233777166,140.77633917868644,137.85838379541343,140.40911865234375,20968600,0.0,0.0,GOOGL,2026-01-08 10:04:45.131707+00:00
2024-01-18 00:00:00-05:00,140.9847683324612,143.12857410055258,140.92522069629695,142.40403747558594,25746400,0.0,0.0,GOOGL,2026-01-08 10:04:45.131707+00:00
2024-01-19 00:00:00-05:00,143.65458671612103,145.35175478607076,143.29728578386394,145.28228759765625,34271900,0.0,0.0,GOOGL,2026-01-08 10:04:45.131707+00:00
2024-01-22 00:00:00-05:00,145.99687917149566,147.27719858762836,144.7463184245613,144.89520263671875,32200400,0.0,0.0,GOOGL,2026-01-08 10:04:45.131707+00:00
2024-01-23 00:00:00-05:00,144.79596212537868,146.07628167971635,144.40888736296378,145.9373321533203,21636100,0.0,0.0,GOOGL,2026-01-08 10:04:45.131707+00:00
2024-01-24 00:00:00-05:00,147.42606561840296,148.72625441809143,146.98937797744674,147.58486938476562,25233500,0.0,0.0,GOOGL,2026-01-08 10:04:45.131707+00:00
2024-01-25 00:00:00-05:00,148.94463515959285,151.9022839551748,148.41859568681784,150.7311248779297,29149100,0.0,0.0,GOOGL,2026-01-08 10:04:45.131707+00:00
2024-01-26 00:00:00-05:00,149.9668989175663,151.39608755777192,149.87756232275885,151.04872131347656,26115500,0.0,0.0,GOOGL,2026-01-08 10:04:45.131707+00:00
2024-01-29 00:00:00-05:00,150.919687123006,152.62678991300623,150.29440669865645,152.3588104248047,27784300,0.0,0.0,GOOGL,2026-01-08 10:04:45.131707+00:00
2024-01-30 00:00:00-05:00,151.65415115558076,152.46799407543287,150.05622398904708,150.32420349121094,36331800,0.0,0.0,GOOGL,2026-01-08 10:04:45.131707+00:00
2024-01-31 00:00:00-05:00,142.5429852293833,142.9201404462014,138.82110657193016,139.0493927001953,71910000,0.0,0.0,GOOGL,2026-01-08 10:04:45.131707+00:00
2024-02-01 00:00:00-05:00,141.05424824171908,141.98720167736062,139.7342199917544,140.10145568847656,40466500,0.0,0.0,GOOGL,2026-01-08 10:04:45.131707+00:00
2024-02-02 00:00:00-05:00,138.21570304536675,141.55050747529086,135.4764053560727,141.31231689453125,62499600,0.0,0.0,GOOGL,2026-01-08 10:04:45.131707+00:00
2024-02-05 00:00:00-05:00,141.74898755775797,144.37910891749272,141.70927904042497,142.60252380371094,38505400,0.0,0.0,GOOGL,2026-01-08 10:04:45.131707+00:00
2024-02-06 00:00:00-05:00,143.56525733160348,144.2699396743933,142.11621441563744,143.01939392089844,29128200,0.0,0.0,GOOGL,2026-01-08 10:04:45.131707+00:00
2024-02-07 00:00:00-05:00,143.67442837133774,144.5279797721388,142.8506507867212,144.44857788085938,25208900,0.0,0.0,GOOGL,2026-01-08 10:04:45.131707+00:00
2024-02-08 00:00:00-05:00,144.73640926724323,145.2326597213676,144.01188784464298,144.81581115722656,22563800,0.0,0.0,GOOGL,2026-01-08 10:04:45.131707+00:00
2024-02-09 00:00:00-05:00,145.58005015290775,148.3193628074314,145.08379961628992,147.88265991210938,26829500,0.0,0.0,GOOGL,2026-01-08 10:04:45.131707+00:00
2024-02-12 00:00:00-05:00,147.3069701451041,148.2200690837802,146.26484125340653,146.42364501953125,21564100,0.0,0.0,GOOGL,2026-01-08 10:04:45.131707+00:00
2024-02-13 00:00:00-05:00,143.83323854119595,145.57011523611322,142.61246659033287,144.0515899658203,27837700,0.0,0.0,GOOGL,2026-01-08 10:04:45.131707+00:00
2024-02-14 00:00:00-05:00,144.9845305723091,145.42123338322318,143.00944836635193,144.8455810546875,22704200,0.0,0.0,GOOGL,2026-01-08 10:04:45.131707+00:00
2024-02-15 00:00:00-05:00,142.06659185995144,142.44374708435768,139.40669646187024,141.69937133789062,37590700,0.0,0.0,GOOGL,2026-01-08 10:04:45.131707+00:00
2024-02-16 00:00:00-05:00,141.9177107623263,142.1162079157189,139.08907710730534,139.4662322998047,31468900,0.0,0.0,GOOGL,2026-01-08 10:04:45.131707+00:00
2024-02-20 00:00:00-05:00,138.6126789723254,141.01452932682773,138.44395563708255,140.0617218017578,25144700,0.0,0.0,GOOGL,2026-01-08 10:04:45.131707+00:00
2024-02-21 00:00:00-05:00,140.38924578700608,141.61995232438937,139.62501587257833,141.4810028076172,23223300,0.0,0.0,GOOGL,2026-01-08 10:04:45.131707+00:00
2024-02-22 00:00:00-05:00,143.84315762538745,143.9126399622496,141.72914086755702,143.00946044921875,27191900,0.0,0.0,GOOGL,2026-01-08 10:04:45.131707+00:00
2024-02-23 00:00:00-05:00,142.5925983953203,143.59501882359496,142.35439273418308,142.88043212890625,19493800,0.0,0.0,GOOGL,2026-01-08 10:04:45.131707+00:00
2024-02-26 00:00:00-05:00,141.07408198356765,141.37183529228255,136.35970255272923,136.53836059570312,53641800,0.0,0.0,GOOGL,2026-01-08 10:04:45.131707+00:00
2024-02-27 00:00:00-05:00,136.9849952684124,138.20576728479702,136.06196144307498,137.8385467529297,33099200,0.0,0.0,GOOGL,2026-01-08 10:04:45.131707+00:00
2024-02-28 00:00:00-05:00,136.8658750875032,136.9750507978896,134.3945574118629,135.35728454589844,37328600,0.0,0.0,GOOGL,2026-01-08 10:04:45.131707+00:00
2024-02-29 00:00:00-05:00,136.25051773823296,137.8186709245879,135.37711212953872,137.4216766357422,42133000,0.0,0.0,GOOGL,2026-01-08 10:04:45.131707+00:00
2024-03-01 00:00:00-05:00,137.39190716020826,137.82861002648335,135.89323609127652,136.11158752441406,31151100,0.0,0.0,GOOGL,2026-01-08 10:04:45.131707+00:00
2024-03-04 00:00:00-05:00,134.6426653234506,134.6426653234506,130.92078723607764,132.34999084472656,55999400,0.0,0.0,GOOGL,2026-01-08 10:04:45.131707+00:00
2024-03-05 00:00:00-05:00,130.89102554499024,132.2408273954596,129.69009277405854,131.6750946044922,40194800,0.0,0.0,GOOGL,2026-01-08 10:04:45.131707+00:00
2024-03-06 00:00:00-05:00,132.12173002942825,132.57828715901485,129.86876363343262,130.4146270751953,35318600,0.0,0.0,GOOGL,2026-01-08 10:04:45.131707+00:00
2024-03-07 00:00:00-05:00,131.7941657419428,133.9280514056481,130.62302214566978,133.37225341796875,37738200,0.0,0.0,GOOGL,2026-01-08 10:04:45.131707+00:00
2024-03-08 00:00:00-05:00,133.20354849306366,137.0544415724304,132.99511664674006,134.39454650878906,39370400,0.0,0.0,GOOGL,2026-01-08 10:04:45.131707+00:00
2024-03-11 00:00:00-04:00,135.10917405073008,138.0569034084444,135.10917405073008,136.6376190185547,32437800,0.0,0.0,GOOGL,2026-01-08 10:04:45.131707+00:00
2024-03-12 00:00:00-04:00,136.0024024134986,138.33478567710262,136.0024024134986,137.4613800048828,27563400,0.0,0.0,GOOGL,2026-01-08 10:04:45.131707+00:00
2024-03-13 00:00:00-04:00,137.9576453151673,140.0319688654746,137.94772575668406,138.74171447753906,23347200,0.0,0.0,GOOGL,2026-01-08 10:04:45.131707+00:00
2024-03-14 00:00:00-04:00,140.13122067260912,142.513217049872,139.40669917238256,142.0269012451172,42753400,0.0,0.0,GOOGL,2026-01-08 10:04:45.131707+00:00
2024-03-15 00:00:00-04:00,141.43136997734203,142.10626328057222,138.97989168618588,140.1212615966797,49475400,0.0,0.0,GOOGL,2026-01-08 10:04:45.131707+00:00
2024-03-18 00:00:00-04:00,147.49557408746915,151.00902096089294,146.06637022561426,146.57254028320312,69273700,0.0,0.0,GOOGL,2026-01-08 10:04:45.131707+00:00
2024-03-19 00:00:00-04:00,147.04892948770356,147.67419472468532,144.98452590354466,145.92739868164062,24070400,0.0,0.0,GOOGL,2026-01-08 10:04:45.131707+00:00
2024-03-20 00:00:00-04:00,146.89013190121898,147.7436832734465,145.6395862302464,147.6245880126953,21311500,0.0,0.0,GOOGL,2026-01-08 10:04:45.131707+00:00
2024-03-21 00:00:00-04:00,148.34910531390932,149.24235003352564,145.79837082481882,146.49313354492188,24755600,0.0,0.0,GOOGL,2026-01-08 10:04:45.131707+00:00
2024-03-22 00:00:00-04:00,148.00172301907287,150.44328179195713,147.86277350480213,149.6393585205078,29211800,0.0,0.0,GOOGL,2026-01-08 10:04:45.131707+00:00
2024-03-25 00:00:00-04:00,148.81559588391366,149.25229872799846,146.71149870171885,148.9446258544922,19229300,0.0,0.0,GOOGL,2026-01-08 10:04:45.131707+00:00
2024-03-26 00:00:00-04:00,149.09349296069317,151.1181882221387,148.85528728225617,149.5401153564453,22149100,0.0,0.0,GOOGL,2026-01-08 10:04:45.131707+00:00
2024-03-27 00:00:00-04:00,150.04628982187702,150.50284693295552,147.78338881509114,149.73861694335938,22879200,0.0,0.0,GOOGL,2026-01-08 10:04:45.131707+00:00
2024-03-28 00:00:00-04:00,149.71876999163942,150.2944071987847,149.0438614902864,149.79815673828125,24485400,0.0,0.0,GOOGL,2026-01-08 10:04:45.131707+00:00
2024-04-01 00:00:00-04:00,149.55995234259385,154.57208455783177,149.48055045895188,154.32395935058594,31730800,0.0,0.0,GOOGL,2026-01-08 10:04:45.131707+00:00
2024-04-02 00:00:00-04:00,152.34889138814307,153.53988946458512,151.0090090869194,153.40093994140625,24586000,0.0,0.0,GOOGL,2026-01-08 10:04:45.131707+00:00
2024-04-03 00:00:00-04:00,152.44814641496717,153.9170435269461,151.58466032180885,153.75823974609375,24705000,0.0,0.0,GOOGL,2026-01-08 10:04:45.131707+00:00
2024-04-04 00:00:00-04:00,152.34888233651972,153.60936267184238,149.32175167815961,149.40115356445312,34724700,0.0,0.0,GOOGL,2026-01-08 10:04:45.131707+00:00
2024-04-05 00:00:00-04:00,148.90492090258869,152.26949862092886,148.47815275024013,151.3563995361328,23459200,0.0,0.0,GOOGL,2026-01-08 10:04:45.131707+00:00
2024-04-08 00:00:00-04:00,151.63431250953576,154.10564562982418,151.46558914468523,153.6887969970703,20702000,0.0,0.0,GOOGL,2026-01-08 10:04:45.131707+00:00
2024-04-09 00:00:00-04:00,154.91947398862214,157.37095261531294,154.02622916635622,155.4256591796875,31079500,0.0,0.0,GOOGL,2026-01-08 10:04:45.131707+00:00
2024-04-10 00:00:00-04:00,155.03859855501895,155.4355929246248,153.52005798758364,154.9691162109375,22838600,0.0,0.0,GOOGL,2026-01-08 10:04:45.131707+00:00
2024-04-11 00:00:00-04:00,155.73333190851926,158.48254871038773,155.28670949781988,158.21458435058594,27166400,0.0,0.0,GOOGL,2026-01-08 10:04:45.131707+00:00
2024-04-12 00:00:00-04:00,156.7754663121818,159.01851314437133,155.96160821412113,156.54718017578125,25353700,0.0,0.0,GOOGL,2026-01-08 10:04:45.131707+00:00
2024-04-15 00:00:00-04:00,157.66868815581063,158.0458433310319,153.43070521818026,153.6986846923828,27136500,0.0,0.0,GOOGL,2026-01-08 10:04:45.131707+00:00
2024-04-16 00:00:00-04:00,153.03372500347797,154.4827679200494,152.27941458366453,153.2421417236328,20779500,0.0,0.0,GOOGL,2026-01-08 10:04:45.131707+00:00
2024-04-17 00:00:00-04:00,154.45299200861103,155.902050049897,153.42079769070784,154.3041229248047,21763100,0.0,0.0,GOOGL,2026-01-08 10:04:45.131707+00:00
2024-04-18 00:00:00-04:00,154.17509879172633,155.76310641946125,153.4604968736819,154.84007263183594,19883000,0.0,0.0,GOOGL,2026-01-08 10:04:45.131707+00:00
2024-04-19 00:00:00-04:00,155.02865652078847,155.18746031886693,151.15790859489965,152.93447875976562,32615600,0.0,0.0,GOOGL,2026-01-08 10:04:45.131707+00:00
2024-04-22 00:00:00-04:00,153.15281939939192,156.45784938513543,152.90469416152254,155.10804748535156,26446200,0.0,0.0,GOOGL,2026-01-08 10:04:45.131707+00:00
2024-04-23 00:00:00-04:00,155.78292701227028,157.77784810146403,155.1080186158146,157.0731658935547,21151600,0.0,0.0,GOOGL,2026-01-08 10:04:45.131707+00:00
2024-04-24 00:00:00-04:00,156.30897512463662,158.37337885267914,155.991367561386,157.93667602539062,22779100,0.0,0.0,GOOGL,2026-01-08 10:04:45.131707+00:00
2024-04-25 00:00:00-04:00,150.1951914156029,155.3165006626678,149.73863425175063,154.83016967773438,57109700,0.0,0.0,GOOGL,2026-01-08 10:04:45.131707+00:00
2024-04-26 00:00:00-04:00,173.06240370866433,173.39986557629047,168.37779752849133,170.66055297851562,64665300,0.0,0.0,GOOGL,2026-01-08 10:04:45.131707+00:00
2024-04-29 00:00:00-04:00,167.79218800990293,168.2785188689009,163.9710688984415,164.9040069580078,45610000,0.0,0.0,GOOGL,2026-01-08 10:04:45.131707+00:00
2024-04-30 00:00:00-04:00,164.36809054901573,166.8394234809616,161.38066800310506,161.55931091308594,33562900,0.0,0.0,GOOGL,2026-01-08 10:04:45.131707+00:00
2024-05-01 00:00:00-04:00,163.0679131791334,165.86675805283966,161.86698033617475,162.63121032714844,33493200,0.0,0.0,GOOGL,2026-01-08 10:04:45.131707+00:00
2024-05-02 00:00:00-04:00,163.55422015396346,165.4796743643417,162.6609753825577,165.37049865722656,24294500,0.0,0.0,GOOGL,2026-01-08 10:04:45.131707+00:00
2024-05-03 00:00:00-04:00,166.30346280179975,166.70047228284332,161.8272888066215,165.98587036132812,34662400,0.0,0.0,GOOGL,2026-01-08 10:04:45.131707+00:00
2024-05-06 00:00:00-04:00,166.20420129812592,166.87909461614606,164.7849171879721,166.8394012451172,21871300,0.0,0.0,GOOGL,2026-01-08 10:04:45.131707+00:00
2024-05-07 00:00:00-04:00,167.23638212106525,170.47192922526577,167.1272064290397,169.96575927734375,28039700,0.0,0.0,GOOGL,2026-01-08 10:04:45.131707+00:00
2024-05-08 00:00:00-04:00,167.73266229376583,168.87403234038655,167.4746174960537,168.1098175048828,19569100,0.0,0.0,GOOGL,2026-01-08 10:04:45.131707+00:00
2024-05-09 00:00:00-04:00,168.11973776202532,169.40999204467994,166.9188049315239,168.6854705810547,15346700,0.0,0.0,GOOGL,2026-01-08 10:04:45.131707+00:00
2024-05-10 00:00:00-04:00,166.76992345897793,168.57628234941276,164.94372545466877,167.38526916503906,29799900,0.0,0.0,GOOGL,2026-01-08 10:04:45.131707+00:00
2024-05-13 00:00:00-04:00,163.02818817677723,168.01054680668042,162.77014340140366,167.87159729003906,31327600,0.0,0.0,GOOGL,2026-01-08 10:04:45.131707+00:00
2024-05-14 00:00:00-04:00,168.49688914969917,169.96578630331507,167.5341620244905,169.06260681152344,25127100,0.0,0.0,GOOGL,2026-01-08 10:04:45.131707+00:00
2024-05-15 00:00:00-04:00,169.35044756160798,171.3552886431622,169.23133714549078,171.21633911132812,26948400,0.0,0.0,GOOGL,2026-01-08 10:04:45.131707+00:00
2024-05-16 00:00:00-04:00,171.99048456648705,173.8067631392547,171.3949930775493,172.87380981445312,27867900,0.0,0.0,GOOGL,2026-01-08 10:04:45.131707+00:00
2024-05-17 00:00:00-04:00,172.87380893604973,174.94814744007684,172.387493160876,174.73971557617188,24479300,0.0,0.0,GOOGL,2026-01-08 10:04:45.131707+00:00
2024-05-20 00:00:00-04:00,174.86877067605414,177.4294253232356,174.7595949496267,175.59329223632812,22554400,0.0,0.0,GOOGL,2026-01-08 10:04:45.131707+00:00
2024-05-21 00:00:00-04:00,175.57342356539291,176.814049834635,174.4916010932611,176.5163116455078,16989400,0.0,0.0,GOOGL,2026-01-08 10:04:45.131707+00:00
2024-05-22 00:00:00-04:00,175.31537207270605,175.82154211929756,173.89610294407106,175.0573272705078,17880000,0.0,0.0,GOOGL,2026-01-08 10:04:45.131707+00:00
2024-05-23 00:00:00-04:00,175.7421581518555,176.913302054648,171.65304376131735,172.24855041503906,21024900,0.0,0.0,GOOGL,2026-01-08 10:04:45.131707+00:00
2024-05-24 00:00:00-04:00,173.6678149317287,174.45189917635065,172.34778682854989,173.67774963378906,16579400,0.0,0.0,GOOGL,2026-01-08 10:04:45.131707+00:00
2024-05-28 00:00:00-04:00,173.14178984862892,175.94064983167806,173.06238795431943,175.07716369628906,20572200,0.0,0.0,GOOGL,2026-01-08 10:04:45.131707+00:00
2024-05-29 00:00:00-04:00,174.1144254654683,175.51385536789155,173.4097583079271,174.58090209960938,23388700,0.0,0.0,GOOGL,2026-01-08 10:04:45.131707+00:00
2024-05-30 00:00:00-04:00,173.88616018139018,173.90601444044296,170.50172837010513,170.8193359375,22931500,0.0,0.0,GOOGL,2026-01-08 10:04:45.131707+00:00
2024-05-31 00:00:00-04:00,170.57122087015406,171.7622190301401,168.16937028994596,171.2064208984375,37638900,0.0,0.0,GOOGL,2026-01-08 10:04:45.131707+00:00
2024-06-03 00:00:00-04:00,171.24613364350031,173.22121629038867,169.87649241956527,171.8714141845703,27459100,0.0,0.0,GOOGL,2026-01-08 10:04:45.131707+00:00
2024-06-04 00:00:00-04:00,171.98055484617473,172.5462876288162,170.60097920010114,172.48672485351562,26879600,0.0,0.0,GOOGL,2026-01-08 10:04:45.131707+00:00
2024-06-05 00:00:00-04:00,173.88614213709033,175.3252653096488,172.6256618443818,174.09457397460938,22068500,0.0,0.0,GOOGL,2026-01-08 10:04:45.131707+00:00
2024-06-06 00:00:00-04:00,174.5809159744427,175.8215421969568,174.43204688548622,175.40469360351562,23251000,0.0,0.0,GOOGL,2026-01-08 10:04:45.131707+00:00
2024-06-07 00:00:00-04:00,175.72230738756323,176.53615034318676,172.99292960170388,173.1517333984375,19661400,0.0,0.0,GOOGL,2026-01-08 10:04:45.131707+00:00
2024-06-10 00:00:00-04:00,173.85718795197803,175.93389186465194,171.66123693210412,173.8969268798828,23726700,0.2,0.0,GOOGL,2026-01-08 10:04:45.131707+00:00
2024-06-11 00:00:00-04:00,175.0992389145037,175.71529085184466,172.66482398993008,175.49668884277344,21540600,0.0,0.0,GOOGL,2026-01-08 10:04:45.131707+00:00
2024-06-12 00:00:00-04:00,177.1163217725909,179.26258771171092,174.98993287783568,176.65924072265625,27864700,0.0,0.0,GOOGL,2026-01-08 10:04:45.131707+00:00
2024-06-13 00:00:00-04:00,174.98994497931662,175.61594304528666,173.76777199685736,174.04598999023438,20913300,0.0,0.0,GOOGL,2026-01-08 10:04:45.131707+00:00
2024-06-14 00:00:00-04:00,173.1119567987189,175.93389067490244,173.04239472317744,175.6656036376953,18063600,0.0,0.0,GOOGL,2026-01-08 10:04:45.131707+00:00
2024-06-17 00:00:00-04:00,174.34406932448942,177.22561906564368,173.69819427096027,176.1127471923828,19618500,0.0,0.0,GOOGL,2026-01-08 10:04:45.131707+00:00
2024-06-18 00:00:00-04:00,176.01339021741077,176.26180021913805,172.9927312675741,173.97642517089844,21869900,0.0,0.0,GOOGL,2026-01-08 10:04:45.131707+00:00
2024-06-20 00:00:00-04:00,174.25464833709086,176.1624353876285,173.8770754332329,175.17874145507812,20160100,0.0,0.0,GOOGL,2026-01-08 10:04:45.131707+00:00
2024-06-21 00:00:00-04:00,175.87430098217567,179.69982150326564,175.48678194241356,178.48757934570312,57759000,0.0,0.0,GOOGL,2026-01-08 10:04:45.131707+00:00
2024-06-24 00:00:00-04:00,179.014178404994,179.73953132877418,177.53364940990167,178.0801544189453,18298000,0.0,0.0,GOOGL,2026-01-08 10:04:45.131707+00:00
2024-06-25 00:00:00-04:00,178.47761719658297,183.1179143136271,178.27889222308787,182.8595733642578,23130200,0.0,0.0,GOOGL,2026-01-08 10:04:45.131707+00:00
2024-06-26 00:00:00-04:00,181.4684755299556,183.33650839401088,181.31942043498108,182.7105255126953,19839000,0.0,0.0,GOOGL,2026-01-08 10:04:45.131707+00:00
2024-06-27 00:00:00-04:00,183.00860111358634,184.86671815444103,182.8496302424256,184.2307891845703,18848900,0.0,0.0,GOOGL,2026-01-08 10:04:45.131707+00:00
2024-06-28 00:00:00-04:00,183.14774365065432,183.95258967563325,180.80275249600572,180.9915313720703,29156600,0.0,0.0,GOOGL,2026-01-08 10:04:45.131707+00:00
2024-07-01 00:00:00-04:00,181.86592606220148,182.71052611795955,180.1469331256833,181.82618713378906,16006100,0.0,0.0,GOOGL,2026-01-08 10:04:45.131707+00:00
2024-07-02 00:00:00-04:00,180.89216044416673,184.38977740074063,180.40527139828873,184.06187438964844,17372500,0.0,0.0,GOOGL,2026-01-08 10:04:45.131707+00:00
2024-07-03 00:00:00-04:00,183.6743516250974,184.90645546496816,182.8297515992084,184.63818359375,10242100,0.0,0.0,GOOGL,2026-01-08 10:04:45.131707+00:00
2024-07-05 00:00:00-04:00,184.67794276589416,189.64614308224583,184.618326787977,189.38780212402344,20967500,0.0,0.0,GOOGL,2026-01-08 10:04:45.131707+00:00
2024-07-08 00:00:00-04:00,188.69223602398804,188.96052307793317,186.58572400777334,187.82777404785156,21035900,0.0,0.0,GOOGL,2026-01-08 10:04:45.131707+00:00
2024-07-09 00:00:00-04:00,189.09963450972523,190.14295958916762,187.5197504772306,187.77809143066406,15121400,0.0,0.0,GOOGL,2026-01-08 10:04:45.131707+00:00
2024-07-10 00:00:00-04:00,187.94699289900143,190.53046286697955,187.82776095522303,189.96408081054688,15952500,0.0,0.0,GOOGL,2026-01-08 10:04:45.131707+00:00
2024-07-11 00:00:00-04:00,188.64256383874462,189.64613480059487,183.90289669863316,184.38978576660156,25625800,0.0,0.0,GOOGL,2026-01-08 10:04:45.131707+00:00
2024-07-12 00:00:00-04:00,183.90289053636494,185.9199784961909,183.31664658309873,183.89295959472656,22898400,0.0,0.0,GOOGL,2026-01-08 10:04:45.131707+00:00
2024-07-15 00:00:00-04:00,183.74391265022248,187.04280482965035,183.74391265022248,185.3436737060547,16474000,0.0,0.0,GOOGL,2026-01-08 10:04:45.131707+00:00
2024-07-16 00:00:00-04:00,186.16839882768255,187.47999579867826,182.203769602895,182.75027465820312,18290700,0.0,0.0,GOOGL,2026-01-08 10:04:45.131707+00:00
2024-07-17 00:00:00-04:00,181.80632373022326,182.3826367867754,178.7558414559852,179.8687286376953,20734100,0.0,0.0,GOOGL,2026-01-08 10:04:45.131707+00:00
2024-07-18 00:00:00-04:00,180.7729458110969,181.33932797611217,175.3476790646904,176.55992126464844,25315700,0.0,0.0,GOOGL,2026-01-08 10:04:45.131707+00:00
2024-07-19 00:00:00-04:00,177.74234773802445,179.14336877027299,176.00347754543185,176.5301055908203,18881900,0.0,0.0,GOOGL,2026-01-08 10:04:45.131707+00:00
2024-07-22 00:00:00-04:00,179.44145432097875,181.5380354484916,179.08374329385708,180.51458740234375,24100300,0.0,0.0,GOOGL,2026-01-08 10:04:45.131707+00:00
2024-07-23 00:00:00-04:00,180.89216041821464,182.44223635279693,180.38539432762542,180.63380432128906,36352700,0.0,0.0,GOOGL,2026-01-08 10:04:45.131707+00:00
2024-07-24 00:00:00-04:00,172.4959213091671,175.06944543810874,170.72724320681195,171.53208923339844,49585200,0.0,0.0,GOOGL,2026-01-08 10:04:45.131707+00:00
2024-07-25 00:00:00-04:00,171.42275819767704,172.3170280346565,166.1266557605644,166.21607971191406,44852000,0.0,0.0,GOOGL,2026-01-08 10:04:45.131707+00:00
2024-07-26 00:00:00-04:00,166.08690613385536,167.02093008211898,163.01656242781235,165.9378662109375,41336900,0.0,0.0,GOOGL,2026-01-08 10:04:45.131707+00:00
2024-07-29 00:00:00-04:00,167.75623728269647,169.34605213128413,166.92158335005726,168.4517822265625,20293800,0.0,0.0,GOOGL,2026-01-08 10:04:45.131707+00:00
2024-07-30 00:00:00-04:00,169.15728508367997,170.14097901520392,167.36872998762226,169.2069549560547,18959700,0.0,0.0,GOOGL,2026-01-08 10:04:45.131707+00:00
2024-07-31 00:00:00-04:00,172.13820531777287,173.14177629603867,168.92873708461033,170.44900512695312,25729100,0.0,0.0,GOOGL,2026-01-08 10:04:45.131707+00:00
2024-08-01 00:00:00-04:00,169.1672144988525,172.94304963161613,167.80593251440823,169.67396545410156,24531400,0.0,0.0,GOOGL,2026-01-08 10:04:45.131707+00:00
2024-08-02 00:00:00-04:00,165.38144985923282,167.438276847675,163.62270275190997,165.6000518798828,29130100,0.0,0.0,GOOGL,2026-01-08 10:04:45.131707+00:00
2024-08-05 00:00:00-04:00,154.5110472195564,163.38424670507362,153.94466504214253,158.23719787597656,53630700,0.0,0.0,GOOGL,2026-01-08 10:04:45.131707+00:00
2024-08-06 00:00:00-04:00,158.31667357844438,159.54879271884894,155.41524640434096,157.2832794189453,49004600,0.0,0.0,GOOGL,2026-01-08 10:04:45.131707+00:00
2024-08-07 00:00:00-04:00,160.22444407280443,161.94343696392548,157.46212618793052,157.92913818359375,25138600,0.0,0.0,GOOGL,2026-01-08 10:04:45.131707+00:00
2024-08-08 00:00:00-04:00,159.48915933518853,162.64894258558448,159.19107944889603,160.99949645996094,25578800,0.0,0.0,GOOGL,2026-01-08 10:04:45.131707+00:00
2024-08-09 00:00:00-04:00,158.99234767510978,162.7483060574706,158.04839260811073,162.6290740966797,28602300,0.0,0.0,GOOGL,2026-01-08 10:04:45.131707+00:00
2024-08-12 00:00:00-04:00,163.30475433227653,163.85124425062764,160.81070801086153,161.25784301757812,15895300,0.0,0.0,GOOGL,2026-01-08 10:04:45.131707+00:00
2024-08-13 00:00:00-04:00,162.37072151296138,163.6823184730739,161.93351747234263,163.11595153808594,18551700,0.0,0.0,GOOGL,2026-01-08 10:04:45.131707+00:00
2024-08-14 00:00:00-04:00,161.36713999266024,162.18193212107965,156.70698083807574,159.3500518798828,40591100,0.0,0.0,GOOGL,2026-01-08 10:04:45.131707+00:00
2024-08-15 00:00:00-04:00,159.4792395333743,160.61198866564624,158.5949004315282,160.27415466308594,31524300,0.0,0.0,GOOGL,2026-01-08 10:04:45.131707+00:00
2024-08-16 00:00:00-04:00,160.44305489951088,164.0102189248703,160.1052209322512,161.923583984375,24208600,0.0,0.0,GOOGL,2026-01-08 10:04:45.131707+00:00
2024-08-19 00:00:00-04:00,164.22882628821975,165.6298623978553,163.21530919170212,165.6099853515625,22416200,0.0,0.0,GOOGL,2026-01-08 10:04:45.131707+00:00
2024-08-20 00:00:00-04:00,165.8385269794626,167.56746621538298,165.7590491136282,166.1167449951172,18341500,0.0,0.0,GOOGL,2026-01-08 10:04:45.131707+00:00
2024-08-21 00:00:00-04:00,164.09965161309964,165.78885186270244,163.62270862444709,164.7952117919922,22902000,0.0,0.0,GOOGL,2026-01-08 10:04:45.131707+00:00
2024-08-22 00:00:00-04:00,166.19622575508728,166.52412878399306,162.2713506737651,162.75823974609375,22493300,0.0,0.0,GOOGL,2026-01-08 10:04:45.131707+00:00
2024-08-23 00:00:00-04:00,163.67236528791506,165.12307104909706,162.78802638475184,164.56663513183594,13955700,0.0,0.0,GOOGL,2026-01-08 10:04:45.131707+00:00
2024-08-26 00:00:00-04:00,165.32181244151707,166.48436931233536,163.41402564106588,165.10321044921875,14190400,0.0,0.0,GOOGL,2026-01-08 10:04:45.131707+00:00
2024-08-27 00:00:00-04:00,164.78527080999132,165.38146093564725,163.41405777977417,163.6326446533203,11821900,0.0,0.0,GOOGL,2026-01-08 10:04:45.131707+00:00
2024-08-28 00:00:00-04:00,163.99034421256823,164.54679536636124,160.50267315842373,161.8142852783203,16407400,0.0,0.0,GOOGL,2026-01-08 10:04:45.131707+00:00
2024-08-29 00:00:00-04:00,163.26500694274193,164.9144531934037,159.2308304504993,160.7510986328125,19699800,0.0,0.0,GOOGL,2026-01-08 10:04:45.131707+00:00
2024-08-30 00:00:00-04:00,161.58573574397926,162.6191298588304,160.66165779990888,162.34091186523438,22123800,0.0,0.0,GOOGL,2026-01-08 10:04:45.131707+00:00
2024-09-03 00:00:00-04:00,160.69146292560666,160.82064097809814,155.48478383780713,156.35919189453125,38945300,0.0,0.0,GOOGL,2026-01-08 10:04:45.131707+00:00
2024-09-04 00:00:00-04:00,155.66364237973846,157.98875628626521,154.9680974284368,155.45497131347656,19353800,0.0,0.0,GOOGL,2026-01-08 10:04:45.131707+00:00
2024-09-05 00:00:00-04:00,155.30593568698094,158.4358956354768,154.98796360800392,156.23995971679688,18688700,0.0,0.0,GOOGL,2026-01-08 10:04:45.131707+00:00
2024-09-06 00:00:00-04:00,156.29958787438167,156.82621590471155,149.59251732330907,149.9601593017578,37912100,0.0,0.0,GOOGL,2026-01-08 10:04:45.131707+00:00
2024-09-09 00:00:00-04:00,151.74112707707891,152.62663960312594,146.47780288600765,147.96029663085938,39260500,0.2,0.0,GOOGL,2026-01-08 10:04:45.131707+00:00
2024-09-10 00:00:00-04:00,149.6915067964419,150.50738007285446,147.59214370497173,147.91053771972656,31118800,0.0,0.0,GOOGL,2026-01-08 10:04:45.131707+00:00
2024-09-11 00:00:00-04:00,149.16417992613762,150.7362162140882,146.77628554400584,150.39793395996094,29607700,0.0,0.0,GOOGL,2026-01-08 10:04:45.131707+00:00
2024-09-12 00:00:00-04:00,153.02464365732237,154.03950573290865,151.88043209882747,153.91015625,29621500,0.0,0.0,GOOGL,2026-01-08 10:04:45.131707+00:00
2024-09-13 00:00:00-04:00,154.6463885405626,157.58152818841413,154.42751164329223,156.66616821289062,29591200,0.0,0.0,GOOGL,2026-01-08 10:04:45.131707+00:00
2024-09-16 00:00:00-04:00,156.51693413001883,157.45219763829544,155.81052202950406,157.26315307617188,18379800,0.0,0.0,GOOGL,2026-01-08 10:04:45.131707+00:00
2024-09-17 00:00:00-04:00,158.2183245621199,159.74061004154726,157.5815516503455,158.51681518554688,20715600,0.0,0.0,GOOGL,2026-01-08 10:04:45.131707+00:00
2024-09-18 00:00:00-04:00,159.05408446311074,159.69085736808276,157.8004420763462,159.00433349609375,23677300,0.0,0.0,GOOGL,2026-01-08 10:04:45.131707+00:00
2024-09-19 00:00:00-04:00,162.88467834172684,162.9642616693234,160.52661614683478,161.3225860595703,26587700,0.0,0.0,GOOGL,2026-01-08 10:04:45.131707+00:00
2024-09-20 00:00:00-04:00,162.67573141732413,162.90456764484875,161.2429886014312,162.76527404785156,40896400,0.0,0.0,GOOGL,2026-01-08 10:04:45.131707+00:00
2024-09-23 00:00:00-04:00,163.5214231611921,164.65567515799938,160.85492668860783,161.03402709960938,24150900,0.0,0.0,GOOGL,2026-01-08 10:04:45.131707+00:00
2024-09-24 00:00:00-04:00,162.20809181188605,162.39713636620655,159.87989243963506,161.47181701660156,23332100,0.0,0.0,GOOGL,2026-01-08 10:04:45.131707+00:00
2024-09-25 00:00:00-04:00,160.6559541225392,161.9891949013652,160.48681299524299,160.6758575439453,18869200,0.0,0.0,GOOGL,2026-01-08 10:04:45.131707+00:00
2024-09-26 00:00:00-04:00,162.81502289321162,163.25280710146038,161.46187860492594,161.90960693359375,20319300,0.0,0.0,GOOGL,2026-01-08 10:04:45.131707+00:00
2024-09-27 00:00:00-04:00,161.98920666955183,164.86463640620642,161.81012140947348,163.1234588623047,21101300,0.0,0.0,GOOGL,2026-01-08 10:04:45.131707+00:00
2024-09-30 00:00:00-04:00,162.4966264954632,165.31234563823617,162.43691623380593,165.0138702392578,20413900,0.0,0.0,GOOGL,2026-01-08 10:04:45.131707+00:00
2024-10-01 00:00:00-04:00,166.8445849442019,168.30717508055415,163.75026355678568,166.1481170654297,28338100,0.0,0.0,GOOGL,2026-01-08 10:04:45.131707+00:00
2024-10-02 00:00:00-04:00,165.58100861617797,166.67546915041717,163.89952615078477,165.02383422851562,17760200,0.0,0.0,GOOGL,2026-01-08 10:04:45.131707+00:00
2024-10-03 00:00:00-04:00,163.58114729291918,165.79990072302581,163.09361211278292,165.02383422851562,15073100,0.0,0.0,GOOGL,2026-01-08 10:04:45.131707+00:00
2024-10-04 00:00:00-04:00,167.21271664038824,167.38185775705003,164.64572198743747,166.21775817871094,19047400,0.0,0.0,GOOGL,2026-01-08 10:04:45.131707+00:00
2024-10-07 00:00:00-04:00,166.87444945314562,167.63061248672904,161.92950423820415,162.15834045410156,22463100,0.0,0.0,GOOGL,2026-01-08 10:04:45.131707+00:00
2024-10-08 00:00:00-04:00,163.11350061638578,163.89951115954543,162.0488877230142,163.55128479003906,23072700,0.0,0.0,GOOGL,2026-01-08 10:04:45.131707+00:00
2024-10-09 00:00:00-04:00,162.62597153558053,164.00896330918712,158.9346838265827,161.0439910888672,31181800,0.0,0.0,GOOGL,2026-01-08 10:04:45.131707+00:00
2024-10-10 00:00:00-04:00,160.0589870760538,162.24790816824293,159.591355313801,161.2628936767578,14144100,0.0,0.0,GOOGL,2026-01-08 10:04:45.131707+00:00
2024-10-11 00:00:00-04:00,161.31263337427697,163.07369906378534,160.4271208786136,162.4170379638672,15344300,0.0,0.0,GOOGL,2026-01-08 10:04:45.131707+00:00
2024-10-14 00:00:00-04:00,162.81501959424767,165.3919586438415,162.5762240722605,164.1283721923828,19016100,0.0,0.0,GOOGL,2026-01-08 10:04:45.131707+00:00
2024-10-15 00:00:00-04:00,164.95416217665158,166.8346331245922,163.8000218608721,164.62583923339844,20247200,0.0,0.0,GOOGL,2026-01-08 10:04:45.131707+00:00
2024-10-16 00:00:00-04:00,163.7005180988684,164.96411962401345,162.9145075768113,164.3273468017578,16406000,0.0,0.0,GOOGL,2026-01-08 10:04:45.131707+00:00
2024-10-17 00:00:00-04:00,164.8944683866494,165.53124122104538,161.93944041934847,162.10858154296875,21453400,0.0,0.0,GOOGL,2026-01-08 10:04:45.131707+00:00
2024-10-18 00:00:00-04:00,162.36727890982462,163.87962007018098,162.25783286831472,162.5961151123047,19757700,0.0,0.0,GOOGL,2026-01-08 10:04:45.131707+00:00
2024-10-21 00:00:00-04:00,162.12849497134508,163.67068378195492,161.8001568233936,163.24285888671875,20946500,0.0,0.0,GOOGL,2026-01-08 10:04:45.131707+00:00
2024-10-22 00:00:00-04:00,162.15833529455813,164.93427806644567,162.15833529455813,164.3074493408203,16568100,0.0,0.0,GOOGL,2026-01-08 10:04:45.131707+00:00
2024-10-23 00:00:00-04:00,163.92937969662665,164.98404860544863,161.1136449298604,161.95936584472656,18280500,0.0,0.0,GOOGL,2026-01-08 10:04:45.131707+00:00
2024-10-24 00:00:00-04:00,162.00908898296657,162.50656821640374,160.1982572859619,161.89964294433594,22412500,0.0,0.0,GOOGL,2026-01-08 10:04:45.131707+00:00
2024-10-25 00:00:00-04:00,162.84485839827352,164.75517692607178,162.59611876941653,164.43679809570312,19828900,0.0,0.0,GOOGL,2026-01-08 10:04:45.131707+00:00
2024-10-28 00:00:00-04:00,167.89926611467047,167.89926611467047,163.123461731036,165.87950134277344,32138600,0.0,0.0,GOOGL,2026-01-08 10:04:45.131707+00:00
2024-10-29 00:00:00-04:00,166.88438836507615,169.52103755308448,166.24761551933543,168.82455444335938,42169000,0.0,0.0,GOOGL,2026-01-08 10:04:45.131707+00:00
2024-10-30 00:00:00-04:00,179.7691030508194,181.1023590425056,173.18248232545162,173.58047485351562,68890800,0.0,0.0,GOOGL,2026-01-08 10:04:45.131707+00:00
2024-10-31 00:00:00-04:00,172.25718077657928,175.92858030114797,170.13791418034728,170.2473602294922,44769000,0.0,0.0,GOOGL,2026-01-08 10:04:45.131707+00:00
2024-11-01 00:00:00-04:00,169.212586806664,171.45124326529034,168.02858385055944,170.42642211914062,31796500,0.0,0.0,GOOGL,2026-01-08 10:04:45.131707+00:00
2024-11-04 00:00:00-05:00,169.07330370933886,169.86927360734452,167.16298506324307,168.3867950439453,21492700,0.0,0.0,GOOGL,2026-01-08 10:04:45.131707+00:00
2024-11-05 00:00:00-05:00,168.57581219568198,169.67027262380228,167.98879032144563,168.88426208496094,18242100,0.0,0.0,GOOGL,2026-01-08 10:04:45.131707+00:00
2024-11-06 00:00:00-05:00,172.92378818784377,176.04795723175238,172.62529760518007,175.6201171875,33695500,0.0,0.0,GOOGL,2026-01-08 10:04:45.131707+00:00
2024-11-07 00:00:00-05:00,176.51560241710214,180.16709852379773,176.2967103185547,179.83876037597656,25352900,0.0,0.0,GOOGL,2026-01-08 10:04:45.131707+00:00
2024-11-08 00:00:00-05:00,179.7392592604337,179.9879989024669,177.1822236349013,177.45086669921875,22006200,0.0,0.0,GOOGL,2026-01-08 10:04:45.131707+00:00
2024-11-11 00:00:00-05:00,177.67969975449668,179.6397693133584,177.5702537066768,179.44078063964844,17450400,0.0,0.0,GOOGL,2026-01-08 10:04:45.131707+00:00
2024-11-12 00:00:00-05:00,178.91344777717472,181.569985195191,178.48560772038502,180.70436096191406,25134900,0.0,0.0,GOOGL,2026-01-08 10:04:45.131707+00:00
2024-11-13 00:00:00-05:00,179.55023156460638,180.04771085332573,177.6398977358846,177.9781951904297,23184000,0.0,0.0,GOOGL,2026-01-08 10:04:45.131707+00:00
2024-11-14 00:00:00-05:00,177.38120927026733,177.9184953896884,173.44118190987194,174.69482421875,31007500,0.0,0.0,GOOGL,2026-01-08 10:04:45.131707+00:00
2024-11-15 00:00:00-05:00,172.8541459998015,173.2620826521563,170.35680548513443,171.6204071044922,32504600,0.0,0.0,GOOGL,2026-01-08 10:04:45.131707+00:00
2024-11-18 00:00:00-05:00,172.54571749253887,174.55553810267529,172.0283347729084,174.41624450683594,20135300,0.0,0.0,GOOGL,2026-01-08 10:04:45.131707+00:00
2024-11-19 00:00:00-05:00,172.84418886990383,177.9682189842711,172.68499186898757,177.2220001220703,23434900,0.0,0.0,GOOGL,2026-01-08 10:04:45.131707+00:00
2024-11-20 00:00:00-05:00,176.44594821026809,176.78423047859985,172.90389814923452,175.09280395507812,18997100,0.0,0.0,GOOGL,2026-01-08 10:04:45.131707+00:00
2024-11-21 00:00:00-05:00,173.02327566367867,173.25212704774955,162.87470208296352,166.78489685058594,59734400,0.0,0.0,GOOGL,2026-01-08 10:04:45.131707+00:00
2024-11-22 00:00:00-05:00,165.0138834352713,165.62080876483188,163.07370209558795,163.9293670654297,38604600,0.0,0.0,GOOGL,2026-01-08 10:04:45.131707+00:00
2024-11-25 00:00:00-05:00,165.25266140749017,167.77986461840595,164.77508555590978,166.80479431152344,33135300,0.0,0.0,GOOGL,2026-01-08 10:04:45.131707+00:00
2024-11-26 00:00:00-05:00,166.78490128483136,168.96386286905866,166.73515032254275,168.2673797607422,20486700,0.0,0.0,GOOGL,2026-01-08 10:04:45.131707+00:00
2024-11-27 00:00:00-05:00,168.14801007731103,168.62558597335425,167.17295486151244,168.37684631347656,19266500,0.0,0.0,GOOGL,2026-01-08 10:04:45.131707+00:00
2024-11-29 00:00:00-05:00,167.6505230120516,168.57582721675251,166.31728214035073,168.09825134277344,14257200,0.0,0.0,GOOGL,2026-01-08 10:04:45.131707+00:00
2024-12-02 00:00:00-05:00,167.91915410888186,171.21246438956555,167.72016544073577,170.6254425048828,23789100,0.0,0.0,GOOGL,2026-01-08 10:04:45.131707+00:00
2024-12-03 00:00:00-05:00,170.62546445455806,171.80945249599012,169.98869152545723,170.47621154785156,22248700,0.0,0.0,GOOGL,2026-01-08 10:04:45.131707+00:00
2024-12-04 00:00:00-05:00,170.28715321004535,174.02820715023717,170.1976105823781,173.4909210205078,31615100,0.0,0.0,GOOGL,2026-01-08 10:04:45.131707+00:00
2024-12-05 00:00:00-05:00,174.4759419461396,175.17240993472817,171.46121858121353,171.7696533203125,21356200,0.0,0.0,GOOGL,2026-01-08 10:04:45.131707+00:00
2024-12-06 00:00:00-05:00,171.1627116663367,174.1973381653999,170.99357054105934,173.82920837402344,21462400,0.0,0.0,GOOGL,2026-01-08 10:04:45.131707+00:00
2024-12-09 00:00:00-05:00,173.28136421093646,175.5723794273802,172.97256079724536,174.68585205078125,25389600,0.2,0.0,GOOGL,2026-01-08 10:04:45.131707+00:00
2024-12-10 00:00:00-05:00,182.13667521959667,185.63297660419835,180.34369430470025,184.44761657714844,54813000,0.0,0.0,GOOGL,2026-01-08 10:04:45.131707+00:00
2024-12-11 00:00:00-05:00,184.58707675233347,194.84689801892716,184.1288797897164,194.63771057128906,67894100,0.0,0.0,GOOGL,2026-01-08 10:04:45.131707+00:00
2024-12-12 00:00:00-05:00,194.2392695844635,194.4185600761266,190.96211115966233,191.2111358642578,34817500,0.0,0.0,GOOGL,2026-01-08 10:04:45.131707+00:00
2024-12-13 00:00:00-05:00,190.26481249193262,191.97810351938858,188.9001620988496,189.0794677734375,25143500,0.0,0.0,GOOGL,2026-01-08 10:04:45.131707+00:00
2024-12-16 00:00:00-05:00,192.11758378595036,198.22367470987274,191.86855906897816,195.89280700683594,44934900,0.0,0.0,GOOGL,2026-01-08 10:04:45.131707+00:00
2024-12-17 00:00:00-05:00,196.48048589662955,200.6342160179093,194.21933739249496,194.65762329101562,43504000,0.0,0.0,GOOGL,2026-01-08 10:04:45.131707+00:00
2024-12-18 00:00:00-05:00,194.4584096820746,196.23146433679096,187.0075948858922,187.66500854492188,34166100,0.0,0.0,GOOGL,2026-01-08 10:04:45.131707+00:00
2024-12-19 00:00:00-05:00,190.88243605492835,192.27696842780173,187.64511464715667,187.77459716796875,32265200,0.0,0.0,GOOGL,2026-01-08 10:04:45.131707+00:00
2024-12-20 00:00:00-05:00,185.0552281091218,192.13749096545695,184.49741523030252,190.66326904296875,63462900,0.0,0.0,GOOGL,2026-01-08 10:04:45.131707+00:00
2024-12-23 00:00:00-05:00,191.86855908689105,194.33889522295496,189.40819366703502,193.8707275390625,25675000,0.0,0.0,GOOGL,2026-01-08 10:04:45.131707+00:00
2024-12-24 00:00:00-05:00,194.0798904284353,195.34494018554688,193.02402811118543,195.34494018554688,10403300,0.0,0.0,GOOGL,2026-01-08 10:04:45.131707+00:00
2024-12-26 00:00:00-05:00,194.38868793025316,195.98245219810025,193.62170274567876,194.83694458007812,12046600,0.0,0.0,GOOGL,2026-01-08 10:04:45.131707+00:00
2024-12-27 00:00:00-05:00,194.18946980047588,194.55803671433245,189.9062416607854,192.0080108642578,18891400,0.0,0.0,GOOGL,2026-01-08 10:04:45.131707+00:00
2024-12-30 00:00:00-05:00,189.0595575397149,191.7988292724579,188.3822024440024,190.4939422607422,14264700,0.0,0.0,GOOGL,2026-01-08 10:04:45.131707+00:00
2024-12-31 00:00:00-05:00,190.33457825065463,191.2111501400391,187.77459680063998,188.5615234375,17466900,0.0,0.0,GOOGL,2026-01-08 10:04:45.131707+00:00
2025-01-02 00:00:00-05:00,189.90623605246924,191.25097555403835,186.76853081449056,188.6909942626953,20370800,0.0,0.0,GOOGL,2026-01-08 10:04:45.131707+00:00
2025-01-03 00:00:00-05:00,190.62343412562188,192.45626758091493,189.23885731709424,191.0417938232422,18596200,0.0,0.0,GOOGL,2026-01-08 10:04:45.131707+00:00
2025-01-06 00:00:00-05:00,193.2232644718959,197.44672936937255,193.09378194764346,196.10198974609375,29563600,0.0,0.0,GOOGL,2026-01-08 10:04:45.131707+00:00
2025-01-07 00:00:00-05:00,196.34104650196386,200.21587045148732,193.84084384019965,194.7273712158203,26487200,0.0,0.0,GOOGL,2026-01-08 10:04:45.131707+00:00
2025-01-08 00:00:00-05:00,191.818768515616,195.52424236393108,191.62950729663424,193.19337463378906,24864800,0.0,0.0,GOOGL,2026-01-08 10:04:45.131707+00:00
2025-01-10 00:00:00-05:00,193.54202583698017,195.75336668549778,189.5675856202091,191.29083251953125,26665200,0.0,0.0,GOOGL,2026-01-08 10:04:45.131707+00:00
2025-01-13 00:00:00-05:00,189.32852659632545,190.43418179207845,186.62909187000687,190.2648468017578,21823700,0.0,0.0,GOOGL,2026-01-08 10:04:45.131707+00:00
2025-01-14 00:00:00-05:00,190.49392754683893,191.23103088318788,187.57535034976993,188.9200897216797,17174900,0.0,0.0,GOOGL,2026-01-08 10:04:45.131707+00:00
2025-01-15 00:00:00-05:00,192.33671488233958,195.59396223510123,191.1115176062456,194.78712463378906,21776000,0.0,0.0,GOOGL,2026-01-08 10:04:45.131707+00:00
2025-01-16 00:00:00-05:00,193.38262220625612,194.71739096273467,192.05780896613516,192.1574249267578,17815400,0.0,0.0,GOOGL,2026-01-08 10:04:45.131707+00:00
2025-01-17 00:00:00-05:00,195.76329797481387,196.46056410218043,192.9941444980855,195.23536682128906,27735100,0.0,0.0,GOOGL,2026-01-08 10:04:45.131707+00:00
2025-01-21 00:00:00-05:00,198.29339931939404,201.50082353528188,197.0980685764286,197.27737426757812,29971300,0.0,0.0,GOOGL,2026-01-08 10:04:45.131707+00:00
2025-01-22 00:00:00-05:00,198.28344103159932,199.6978996202174,196.7594109579838,197.59613037109375,26200600,0.0,0.0,GOOGL,2026-01-08 10:04:45.131707+00:00
2025-01-23 00:00:00-05:00,197.3670210617764,199.5185981768782,194.43848807720923,197.2076416015625,26951400,0.0,0.0,GOOGL,2026-01-08 10:04:45.131707+00:00
2025-01-24 00:00:00-05:00,197.32718592161126,200.11625050908367,197.22756995808922,199.428955078125,23877500,0.0,0.0,GOOGL,2026-01-08 10:04:45.131707+00:00
2025-01-27 00:00:00-05:00,191.65937189687645,196.11193470563097,189.98591802549169,191.06170654296875,41728900,0.0,0.0,GOOGL,2026-01-08 10:04:45.131707+00:00
2025-01-28 00:00:00-05:00,191.99804618358004,194.71739168696277,189.93611434526252,194.53810119628906,24157900,0.0,0.0,GOOGL,2026-01-08 10:04:45.131707+00:00
2025-01-29 00:00:00-05:00,194.7970833042233,196.0222806001553,192.6753879484473,194.64767456054688,18218300,0.0,0.0,GOOGL,2026-01-08 10:04:45.131707+00:00
2025-01-30 00:00:00-05:00,197.22756600165175,200.6142959037936,196.89885156773758,200.08636474609375,24354700,0.0,0.0,GOOGL,2026-01-08 10:04:45.131707+00:00
2025-01-31 00:00:00-05:00,201.21196665384008,204.6783863780237,201.0127499247283,203.22409057617188,32001100,0.0,0.0,GOOGL,2026-01-08 10:04:45.131707+00:00
2025-02-03 00:00:00-05:00,199.90707487204236,202.9551348332388,199.31938021531738,200.44496154785156,27838300,0.0,0.0,GOOGL,2026-01-08 10:04:45.131707+00:00
2025-02-04 00:00:00-05:00,202.59653399897414,206.2422592489475,202.0187948719897,205.5748748779297,43856400,0.0,0.0,GOOGL,2026-01-08 10:04:45.131707+00:00
2025-02-05 00:00:00-05:00,190.32462266498615,191.99806150855852,187.29647352052726,190.58360290527344,70373900,0.0,0.0,GOOGL,2026-01-08 10:04:45.131707+00:00
2025-02-06 00:00:00-05:00,188.7607254709797,191.35058847007514,187.98376961110344,190.8525390625,29297400,0.0,0.0,GOOGL,2026-01-08 10:04:45.131707+00:00
2025-02-07 00:00:00-05:00,190.3046897826863,190.43417229867478,182.52516013677956,184.61695861816406,49315000,0.0,0.0,GOOGL,2026-01-08 10:04:45.131707+00:00
2025-02-10 00:00:00-05:00,186.61912556239702,187.46580046504565,185.13493280467802,185.7425537109375,23105600,0.0,0.0,GOOGL,2026-01-08 10:04:45.131707+00:00
2025-02-11 00:00:00-05:00,184.3081687207876,186.21072116923287,183.56109458441756,184.5970458984375,21239500,0.0,0.0,GOOGL,2026-01-08 10:04:45.131707+00:00
2025-02-12 00:00:00-05:00,182.50524456499636,184.38787090784842,181.12066768003388,182.8937225341797,22072600,0.0,0.0,GOOGL,2026-01-08 10:04:45.131707+00:00
2025-02-13 00:00:00-05:00,183.6009416706382,185.5532868448968,182.42553716023775,185.41383361816406,21402500,0.0,0.0,GOOGL,2026-01-08 10:04:45.131707+00:00
2025-02-14 00:00:00-05:00,184.33803502896936,185.6728037263188,183.60093167035657,184.5073699951172,20448400,0.0,0.0,GOOGL,2026-01-08 10:04:45.131707+00:00
2025-02-18 00:00:00-05:00,184.87593259008312,185.2345287451642,181.03099083809295,183.05307006835938,29916700,0.0,0.0,GOOGL,2026-01-08 10:04:45.131707+00:00
2025-02-19 00:00:00-05:00,183.35191045129994,184.73648715297452,182.87377209155156,184.54722595214844,19549400,0.0,0.0,GOOGL,2026-01-08 10:04:45.131707+00:00
2025-02-20 00:00:00-05:00,184.07906552714084,184.587070455128,182.00717815142445,183.83999633789062,20441500,0.0,0.0,GOOGL,2026-01-08 10:04:45.131707+00:00
2025-02-21 00:00:00-05:00,184.42767889722575,184.61694009305896,178.38136734197036,178.9591064453125,35199200,0.0,0.0,GOOGL,2026-01-08 10:04:45.131707+00:00
2025-02-24 00:00:00-05:00,181.28002106421596,182.40560234155157,178.19210879001352,178.5507049560547,29854200,0.0,0.0,GOOGL,2026-01-08 10:04:45.131707+00:00
2025-02-25 00:00:00-05:00,177.3454308360551,178.04271218366185,174.0085088406691,174.73565673828125,41913400,0.0,0.0,GOOGL,2026-01-08 10:04:45.131707+00:00
2025-02-26 00:00:00-05:00,174.38703523452213,175.39308961437996,170.9106447310479,172.05615234375,35431300,0.0,0.0,GOOGL,2026-01-08 10:04:45.131707+00:00
2025-02-27 00:00:00-05:00,173.31125512309177,173.87902359915924,167.28485366729163,167.84266662597656,39991000,0.0,0.0,GOOGL,2026-01-08 10:04:45.131707+00:00
2025-02-28 00:00:00-05:00,168.02194319125016,169.94442183496423,166.11940597917265,169.61570739746094,48130600,0.0,0.0,GOOGL,2026-01-08 10:04:45.131707+00:00
2025-03-03 00:00:00-05:00,171.25927958138345,172.69366445439235,165.28268607668863,166.3584747314453,40770500,0.0,0.0,GOOGL,2026-01-08 10:04:45.131707+00:00
2025-03-04 00:00:00-05:00,165.59146927723793,172.61395362786732,165.15318337522604,170.25320434570312,45388000,0.0,0.0,GOOGL,2026-01-08 10:04:45.131707+00:00
2025-03-05 00:00:00-05:00,169.8547695105912,173.10204608630403,168.40045859307807,172.3450164794922,30954900,0.0,0.0,GOOGL,2026-01-08 10:04:45.131707+00:00
2025-03-06 00:00:00-05:00,169.86472052254288,174.12802200431332,169.83483877564933,171.67762756347656,28302000,0.0,0.0,GOOGL,2026-01-08 10:04:45.131707+00:00
2025-03-07 00:00:00-05:00,170.5918843353401,174.28741777289434,169.60575619699736,173.18174743652344,27385800,0.0,0.0,GOOGL,2026-01-08 10:04:45.131707+00:00
2025-03-10 00:00:00-04:00,167.7966101322015,167.99607150995365,163.23920372577845,165.41319274902344,43604000,0.2,0.0,GOOGL,2026-01-08 10:04:45.131707+00:00
2025-03-11 00:00:00-04:00,164.4558560210946,166.29078517095678,160.9255963482493,163.58824157714844,39587400,0.0,0.0,GOOGL,2026-01-08 10:04:45.131707+00:00
2025-03-12 00:00:00-04:00,166.12124110886077,167.17831943801426,163.07963775446962,166.6497802734375,28372400,0.0,0.0,GOOGL,2026-01-08 10:04:45.131707+00:00
2025-03-13 00:00:00-04:00,165.58271795856493,165.67248166266438,161.6635485106855,162.31175231933594,31756200,0.0,0.0,GOOGL,2026-01-08 10:04:45.131707+00:00
2025-03-14 00:00:00-04:00,162.8203685104477,166.0315020416508,162.00261943703092,165.0342559814453,31995900,0.0,0.0,GOOGL,2026-01-08 10:04:45.131707+00:00
2025-03-17 00:00:00-04:00,164.57552252303753,165.84202932963498,163.21926721954216,163.83755493164062,31184300,0.0,0.0,GOOGL,2026-01-08 10:04:45.131707+00:00
2025-03-18 00:00:00-04:00,163.2292134435371,163.79765095180105,156.28838999765335,160.22750854492188,42074800,0.0,0.0,GOOGL,2026-01-08 10:04:45.131707+00:00
2025-03-19 00:00:00-04:00,161.31450558479577,165.41318720526314,160.5566041117451,163.4386444091797,34275600,0.0,0.0,GOOGL,2026-01-08 10:04:45.131707+00:00
2025-03-20 00:00:00-04:00,161.12506086024152,164.43591002375265,160.5167401261188,162.35166931152344,28138500,0.0,0.0,GOOGL,2026-01-08 10:04:45.131707+00:00
2025-03-21 00:00:00-04:00,160.7660482116765,163.7877026347692,160.44692216012342,163.53839111328125,36625800,0.0,0.0,GOOGL,2026-01-08 10:04:45.131707+00:00
2025-03-24 00:00:00-04:00,166.60991043967152,167.85646804378672,164.68521758619846,167.2182159423828,30879100,0.0,0.0,GOOGL,2026-01-08 10:04:45.131707+00:00
2025-03-25 00:00:00-04:00,168.51462053018605,170.16008551836464,167.85644975168057,170.09027099609375,24174400,0.0,0.0,GOOGL,2026-01-08 10:04:45.131707+00:00
2025-03-26 00:00:00-04:00,168.53459028680902,169.14291101426645,164.3860428738787,164.60543823242188,28901600,0.0,0.0,GOOGL,2026-01-08 10:04:45.131707+00:00
2025-03-27 00:00:00-04:00,164.1766304631432,164.96444818748884,161.55386834836875,161.793212890625,24508300,0.0,0.0,GOOGL,2026-01-08 10:04:45.131707+00:00
2025-03-28 00:00:00-04:00,160.0480386603904,161.37437785404254,153.2069295238927,153.90499877929688,48669300,0.0,0.0,GOOGL,2026-01-08 10:04:45.131707+00:00
2025-03-31 00:00:00-04:00,152.68834136730996,155.11164193370462,150.24509161947617,154.21412658691406,54603500,0.0,0.0,GOOGL,2026-01-08 10:04:45.131707+00:00
2025-04-01 00:00:00-04:00,153.19693997672525,157.66461343058796,153.19693997672525,156.637451171875,30672900,0.0,0.0,GOOGL,2026-01-08 10:04:45.131707+00:00
2025-04-02 00:00:00-04:00,154.72270392156926,157.9737354754909,154.2739462849113,156.6074981689453,25041700,0.0,0.0,GOOGL,2026-01-08 10:04:45.131707+00:00
2025-04-03 00:00:00-04:00,150.69384170810525,152.35924068042604,149.97582338010557,150.30491638183594,46883400,0.0,0.0,GOOGL,2026-01-08 10:04:45.131707+00:00
2025-04-04 00:00:00-04:00,147.60238713771614,150.65397293111235,144.9796402891217,145.19903564453125,62259500,0.0,0.0,GOOGL,2026-01-08 10:04:45.131707+00:00
2025-04-07 00:00:00-04:00,141.1601793715283,152.42906261628312,140.14298415460087,146.34585571289062,76794100,0.0,0.0,GOOGL,2026-01-08 10:04:45.131707+00:00
2025-04-08 00:00:00-04:00,150.80354683062922,151.82074204837693,142.63609935843277,144.30149841308594,52200200,0.0,0.0,GOOGL,2026-01-08 10:04:45.131707+00:00
2025-04-09 00:00:00-04:00,144.0222787835972,159.11061702523395,143.51368875470308,158.27293395996094,70406200,0.0,0.0,GOOGL,2026-01-08 10:04:45.131707+00:00
2025-04-10 00:00:00-04:00,156.10888048544342,157.28563866565491,149.51708388683267,152.39913940429688,48022000,0.0,0.0,GOOGL,2026-01-08 10:04:45.131707+00:00
2025-04-11 00:00:00-04:00,152.47891611104427,157.2357840662013,152.39914981719627,156.70724487304688,33636200,0.0,0.0,GOOGL,2026-01-08 10:04:45.131707+00:00
2025-04-14 00:00:00-04:00,159.5593589601424,161.27462328630523,157.12607630131762,158.63192749023438,30333000,0.0,0.0,GOOGL,2026-01-08 10:04:45.131707+00:00
2025-04-15 00:00:00-04:00,158.6917731015249,159.2103301054895,154.78257030571797,155.87953186035156,27551500,0.0,0.0,GOOGL,2026-01-08 10:04:45.131707+00:00
2025-04-16 00:00:00-04:00,152.67836778458886,155.46067741277207,151.09273508921532,152.90773010253906,28187400,0.0,0.0,GOOGL,2026-01-08 10:04:45.131707+00:00
2025-04-17 00:00:00-04:00,153.86508310192784,154.25400844452392,148.09103529003713,150.74371337890625,33046600,0.0,0.0,GOOGL,2026-01-08 10:04:45.131707+00:00
2025-04-21 00:00:00-04:00,148.46999532680982,148.53979463690146,145.6976525525358,147.26332092285156,26049100,0.0,0.0,GOOGL,2026-01-08 10:04:45.131707+00:00
2025-04-22 00:00:00-04:00,148.47995987784566,151.77087479980403,148.13091768280205,151.0528564453125,26971800,0.0,0.0,GOOGL,2026-01-08 10:04:45.131707+00:00
2025-04-23 00:00:00-04:00,155.1814586711159,157.09616926384234,153.38641273519517,154.92218017578125,31128800,0.0,0.0,GOOGL,2026-01-08 10:04:45.131707+00:00
2025-04-24 00:00:00-04:00,155.7199692710382,159.15049822016638,155.36096007364648,158.8413543701172,45894000,0.0,0.0,GOOGL,2026-01-08 10:04:45.131707+00:00
2025-04-25 00:00:00-04:00,164.61541287682232,165.6425750916004,160.59649729347288,161.51397705078125,56034000,0.0,0.0,GOOGL,2026-01-08 10:04:45.131707+00:00
2025-04-28 00:00:00-04:00,161.98265861948803,162.70067694860023,158.16321987401656,160.1676788330078,29745800,0.0,0.0,GOOGL,2026-01-08 10:04:45.131707+00:00
2025-04-29 00:00:00-04:00,159.87849612757626,160.29733764803302,157.086204107764,159.71893310546875,26809000,0.0,0.0,GOOGL,2026-01-08 10:04:45.131707+00:00
2025-04-30 00:00:00-04:00,157.54493703861002,158.83139304877153,154.97204023505506,158.36268615722656,34981100,0.0,0.0,GOOGL,2026-01-08 10:04:45.131707+00:00
2025-05-01 00:00:00-04:00,160.00812396444732,161.5039930234171,158.47237175928248,160.8557891845703,30203200,0.0,0.0,GOOGL,2026-01-08 10:04:45.131707+00:00
2025-05-02 00:00:00-04:00,162.95997467027814,164.51567601619934,161.42420728854916,163.57826232910156,25715000,0.0,0.0,GOOGL,2026-01-08 10:04:45.131707+00:00
2025-05-05 00:00:00-04:00,162.551092409754,164.93450965911595,162.27186475669814,163.7577667236328,21341800,0.0,0.0,GOOGL,2026-01-08 10:04:45.131707+00:00
2025-05-06 00:00:00-04:00,161.72339340187466,164.3461554362482,160.74609651363122,162.7804718017578,21277200,0.0,0.0,GOOGL,2026-01-08 10:04:45.131707+00:00
2025-05-07 00:00:00-04:00,163.62812539619352,164.5455898895658,147.43284488902702,150.96310424804688,127490100,0.0,0.0,GOOGL,2026-01-08 10:04:45.131707+00:00
2025-05-08 00:00:00-04:00,154.57315149382438,155.50058309873845,152.47892851591033,153.85513305664062,57498700,0.0,0.0,GOOGL,2026-01-08 10:04:45.131707+00:00
2025-05-09 00:00:00-04:00,153.7454179749914,154.62299934708025,151.78084208678038,152.32933044433594,32435300,0.0,0.0,GOOGL,2026-01-08 10:04:45.131707+00:00
2025-05-12 00:00:00-04:00,157.0562755246952,158.66184216787673,155.81968502629073,158.0236053466797,44138800,0.0,0.0,GOOGL,2026-01-08 10:04:45.131707+00:00
2025-05-13 00:00:00-04:00,158.35270013902556,160.12781218093087,155.72995326636035,159.09066772460938,42382100,0.0,0.0,GOOGL,2026-01-08 10:04:45.131707+00:00
2025-05-14 00:00:00-04:00,159.51949150800576,166.5400972975048,159.170449289238,164.91458129882812,48755900,0.0,0.0,GOOGL,2026-01-08 10:04:45.131707+00:00
2025-05-15 00:00:00-04:00,165.3832808496498,165.75227223459135,161.92283584781248,163.5084686279297,33146700,0.0,0.0,GOOGL,2026-01-08 10:04:45.131707+00:00
2025-05-16 00:00:00-04:00,167.26806720706887,168.88361607338598,165.16387753981013,165.73231506347656,42846900,0.0,0.0,GOOGL,2026-01-08 10:04:45.131707+00:00
2025-05-19 00:00:00-04:00,164.0569364118495,166.18107529267584,163.7677417629434,166.0813446044922,30426100,0.0,0.0,GOOGL,2026-01-08 10:04:45.131707+00:00
2025-05-20 00:00:00-04:00,165.9716462897934,168.03595283640126,162.45136908866291,163.5283966064453,46607700,0.0,0.0,GOOGL,2026-01-08 10:04:45.131707+00:00
2025-05-21 00:00:00-04:00,163.2392111991083,172.66318349220677,163.1095643409873,168.09579467773438,73416000,0.0,0.0,GOOGL,2026-01-08 10:04:45.131707+00:00
2025-05-22 00:00:00-04:00,171.3767414156938,176.28319020253375,170.23988151650855,170.39942932128906,74864400,0.0,0.0,GOOGL,2026-01-08 10:04:45.131707+00:00
2025-05-23 00:00:00-04:00,168.5944139952117,169.49194456610303,167.42763794814334,168.00604248046875,35211400,0.0,0.0,GOOGL,2026-01-08 10:04:45.131707+00:00
2025-05-27 00:00:00-04:00,169.69138381086714,172.69308880696215,169.53182079809207,172.423828125,37995700,0.0,0.0,GOOGL,2026-01-08 10:04:45.131707+00:00
2025-05-28 00:00:00-04:00,172.6831300854681,174.7873198647011,171.4365725199691,171.8853302001953,34784000,0.0,0.0,GOOGL,2026-01-08 10:04:45.131707+00:00
2025-05-29 00:00:00-04:00,173.5208093888165,173.93965089581198,170.1600951338123,171.38670349121094,29317300,0.0,0.0,GOOGL,2026-01-08 10:04:45.131707+00:00
2025-05-30 00:00:00-04:00,170.87811871209726,171.73575093359455,166.97888295989642,171.2670440673828,52639900,0.0,0.0,GOOGL,2026-01-08 10:04:45.131707+00:00
2025-06-02 00:00:00-04:00,167.37777366516244,169.40218193277036,166.92901598525125,168.5644989013672,38612300,0.0,0.0,GOOGL,2026-01-08 10:04:45.131707+00:00
2025-06-03 00:00:00-04:00,167.0287408798973,168.01600469808255,164.82482048675826,165.7223358154297,45084900,0.0,0.0,GOOGL,2026-01-08 10:04:45.131707+00:00
2025-06-04 00:00:00-04:00,166.28081407126308,167.75673398423967,165.90185569784677,167.5872039794922,26900800,0.0,0.0,GOOGL,2026-01-08 10:04:45.131707+00:00
2025-06-05 00:00:00-04:00,169.87088888051295,170.45926039928958,167.1284622369502,167.74676513671875,36379100,0.0,0.0,GOOGL,2026-01-08 10:04:45.131707+00:00
2025-06-06 00:00:00-04:00,170.35954849552294,174.01943975782734,170.35954849552294,173.20169067382812,35731800,0.0,0.0,GOOGL,2026-01-08 10:04:45.131707+00:00
2025-06-09 00:00:00-04:00,174.27002138780236,176.1970440586742,174.1002861656323,175.817626953125,28935900,0.21,0.0,GOOGL,2026-01-08 10:04:45.131707+00:00
2025-06-10 00:00:00-04:00,175.92747903926403,180.8298886948226,174.63948090794972,178.3237762451172,61766100,0.0,0.0,GOOGL,2026-01-08 10:04:45.131707+00:00
2025-06-11 00:00:00-04:00,179.49195401036374,180.09101684926247,176.47662077845203,177.07569885253906,31646800,0.0,0.0,GOOGL,2026-01-08 10:04:45.131707+00:00
2025-06-12 00:00:00-04:00,175.90749122267417,176.44666452455314,174.47971034788216,175.42823791503906,20941900,0.0,0.0,GOOGL,2026-01-08 10:04:45.131707+00:00
2025-06-13 00:00:00-04:00,172.17329464872896,176.85604320367563,172.1233689351953,174.39984130859375,27663100,0.0,0.0,GOOGL,2026-01-08 10:04:45.131707+00:00
2025-06-16 00:00:00-04:00,174.45974398959817,176.66633252587772,174.37986589593493,176.49659729003906,27389200,0.0,0.0,GOOGL,2026-01-08 10:04:45.131707+00:00
2025-06-17 00:00:00-04:00,175.4282431183839,177.08567926563504,174.30998028900405,175.6778564453125,24973000,0.0,0.0,GOOGL,2026-01-08 10:04:45.131707+00:00
2025-06-18 00:00:00-04:00,175.73776761612697,176.28692000243774,172.93211615674434,173.05194091796875,28707500,0.0,0.0,GOOGL,2026-01-08 10:04:45.131707+00:00
2025-06-20 00:00:00-04:00,173.68095462694552,174.07035081830173,165.20409556084024,166.38226318359375,75659900,0.0,0.0,GOOGL,2026-01-08 10:04:45.131707+00:00
2025-06-23 00:00:00-04:00,166.0128253516346,167.08116240174218,161.7494257286143,164.9344940185547,57671000,0.0,0.0,GOOGL,2026-01-08 10:04:45.131707+00:00
2025-06-24 00:00:00-04:00,166.66183161080377,167.95982401484335,165.87306016657053,166.51206970214844,40524300,0.0,0.0,GOOGL,2026-01-08 10:04:45.131707+00:00
2025-06-25 00:00:00-04:00,167.3707300173257,172.0934098171055,167.29085192583665,170.41600036621094,35479000,0.0,0.0,GOOGL,2026-01-08 10:04:45.131707+00:00
2025-06-26 00:00:00-04:00,172.16330733603075,173.4213683331891,169.6771681943881,173.27159118652344,31796700,0.0,0.0,GOOGL,2026-01-08 10:04:45.131707+00:00
2025-06-27 00:00:00-04:00,173.27158802075178,178.40363764116194,171.46438989107267,178.25387573242188,108140200,0.0,0.0,GOOGL,2026-01-08 10:04:45.131707+00:00
2025-06-30 00:00:00-04:00,180.5003780733202,180.94967899066734,174.30997094439113,175.95741271972656,63378900,0.0,0.0,GOOGL,2026-01-08 10:04:45.131707+00:00
2025-07-01 00:00:00-04:00,175.46818749328466,175.81763700531283,173.26159900853952,175.56802368164062,35904500,0.0,0.0,GOOGL,2026-01-08 10:04:45.131707+00:00
2025-07-02 00:00:00-04:00,175.26848197683447,178.58335417760583,174.79922295185074,178.3636932373047,29128900,0.0,0.0,GOOGL,2026-01-08 10:04:45.131707+00:00
2025-07-03 00:00:00-04:00,178.22391365801445,179.39210218822254,176.7761594232363,179.2523193359375,21689700,0.0,0.0,GOOGL,2026-01-08 10:04:45.131707+00:00
2025-07-07 00:00:00-04:00,178.78304908898676,179.0226833705182,175.40827199123135,176.5165557861328,34175600,0.0,0.0,GOOGL,2026-01-08 10:04:45.131707+00:00
2025-07-08 00:00:00-04:00,177.5749242496101,177.67476043779465,172.54271112131266,174.09031677246094,40442500,0.0,0.0,GOOGL,2026-01-08 10:04:45.131707+00:00
2025-07-09 00:00:00-04:00,174.97894087050608,179.1624626362242,172.50278095171484,176.34681701660156,43025600,0.0,0.0,GOOGL,2026-01-08 10:04:45.131707+00:00
2025-07-10 00:00:00-04:00,175.35836349959487,178.15402063985096,174.11029683512743,177.34527587890625,29252400,0.0,0.0,GOOGL,2026-01-08 10:04:45.131707+00:00
2025-07-11 00:00:00-04:00,176.51656530489134,181.14938835134018,176.20704719654847,179.91131591796875,34282900,0.0,0.0,GOOGL,2026-01-08 10:04:45.131707+00:00
2025-07-14 00:00:00-04:00,180.7300224544814,183.3859118317051,179.40207776586954,181.2791748046875,32536600,0.0,0.0,GOOGL,2026-01-08 10:04:45.131707+00:00
2025-07-15 00:00:00-04:00,182.5272506181519,183.93507346834292,181.31913062189142,181.718505859375,33448300,0.0,0.0,GOOGL,2026-01-08 10:04:45.131707+00:00
2025-07-16 00:00:00-04:00,182.95659839065306,184.04490889196538,181.74846312672318,182.68701171875,33104200,0.0,0.0,GOOGL,2026-01-08 10:04:45.131707+00:00
2025-07-17 00:00:00-04:00,181.85827589550698,183.77530432362263,180.20083982993623,183.29605102539062,31992600,0.0,0.0,GOOGL,2026-01-08 10:04:45.131707+00:00
2025-07-18 00:00:00-04:00,185.11324367348885,186.1316703490662,183.42587032160213,184.77377319335938,34014500,0.0,0.0,GOOGL,2026-01-08 10:04:45.131707+00:00
2025-07-21 00:00:00-04:00,185.9619330750015,189.99567783258155,185.86208164773134,189.8059844970703,45803100,0.0,0.0,GOOGL,2026-01-08 10:04:45.131707+00:00
2025-07-22 00:00:00-04:00,191.20380830960463,191.35357021159422,187.17006365240448,191.04405212402344,44660200,0.0,0.0,GOOGL,2026-01-08 10:04:45.131707+00:00
2025-07-23 00:00:00-04:00,191.20381577219638,192.23222149983224,188.88739669642578,189.93577575683594,58681900,0.0,0.0,GOOGL,2026-01-08 10:04:45.131707+00:00
2025-07-24 00:00:00-04:00,196.7252403051011,197.64381545602902,190.70456849752816,191.8727569580078,74881700,0.0,0.0,GOOGL,2026-01-08 10:04:45.131707+00:00
2025-07-25 00:00:00-04:00,191.68305419336826,194.02942546808288,190.96416662133603,192.88119506835938,39785900,0.0,0.0,GOOGL,2026-01-08 10:04:45.131707+00:00
2025-07-28 00:00:00-04:00,193.35047209995227,193.7498625541434,190.54482081320737,192.28213500976562,38139500,0.0,0.0,GOOGL,2026-01-08 10:04:45.131707+00:00
2025-07-29 00:00:00-04:00,192.13236281084488,195.61697034161693,191.78291329403916,195.44723510742188,41389200,0.0,0.0,GOOGL,2026-01-08 10:04:45.131707+00:00
2025-07-30 00:00:00-04:00,195.2974741739121,197.2943808004953,194.3888780023715,196.2260284423828,32445400,0.0,0.0,GOOGL,2026-01-08 10:04:45.131707+00:00
2025-07-31 00:00:00-04:00,195.40729975764043,195.68686545955075,190.79443520574372,191.60317993164062,51329200,0.0,0.0,GOOGL,2026-01-08 10:04:45.131707+00:00
2025-08-01 00:00:00-04:00,188.73762721302066,190.53484621084553,187.52950724447476,188.8374786376953,34832200,0.0,0.0,GOOGL,2026-01-08 10:04:45.131707+00:00
2025-08-04 00:00:00-04:00,189.9956738002762,194.96798225717674,189.82593856567027,194.7383270263672,31547400,0.0,0.0,GOOGL,2026-01-08 10:04:45.131707+00:00
2025-08-05 00:00:00-04:00,194.40884314692985,197.55396485726567,193.5901041516216,194.368896484375,31602300,0.0,0.0,GOOGL,2026-01-08 10:04:45.131707+00:00
2025-08-06 00:00:00-04:00,194.1991754853375,196.3258859841649,193.3704573812648,195.78671264648438,21562900,0.0,0.0,GOOGL,2026-01-08 10:04:45.131707+00:00
2025-08-07 00:00:00-04:00,196.75520727948205,197.23446060352177,194.0294340028213,196.21604919433594,26321800,0.0,0.0,GOOGL,2026-01-08 10:04:45.131707+00:00
2025-08-08 00:00:00-04:00,196.9149587094283,202.29662132319493,196.86503299798275,201.10845947265625,39161800,0.0,0.0,GOOGL,2026-01-08 10:04:45.131707+00:00
2025-08-11 00:00:00-04:00,200.62921267003748,201.16837075965444,198.76210983585918,200.68911743164062,25832400,0.0,0.0,GOOGL,2026-01-08 10:04:45.131707+00:00
2025-08-12 00:00:00-04:00,201.0585431482033,204.18370696130674,200.27975076589462,203.02549743652344,30397900,0.0,0.0,GOOGL,2026-01-08 10:04:45.131707+00:00
2025-08-13 00:00:00-04:00,203.81427054832747,204.21364576160173,197.2044995517677,201.6476287841797,28342900,0.0,0.0,GOOGL,2026-01-08 10:04:45.131707+00:00
2025-08-14 00:00:00-04:00,201.18833871082708,204.12379383237695,200.91875205563483,202.62611389160156,25230400,0.0,0.0,GOOGL,2026-01-08 10:04:45.131707+00:00
2025-08-15 00:00:00-04:00,203.534714766441,206.12070520105007,200.96868242883633,203.58462524414062,34931400,0.0,0.0,GOOGL,2026-01-08 10:04:45.131707+00:00
2025-08-18 00:00:00-04:00,203.88415594549542,204.9525082638803,202.17680937496152,203.18524169921875,18526600,0.0,0.0,GOOGL,2026-01-08 10:04:45.131707+00:00
2025-08-19 00:00:00-04:00,202.7159730378366,203.1253425488118,199.65072931767816,201.25823974609375,24240200,0.0,0.0,GOOGL,2026-01-08 10:04:45.131707+00:00
2025-08-20 00:00:00-04:00,200.41952632200108,200.9686786831588,196.29592455953664,199.01171875,28955500,0.0,0.0,GOOGL,2026-01-08 10:04:45.131707+00:00
2025-08-21 00:00:00-04:00,199.44105529785156,202.1668286588479,199.12154291514705,199.44105529785156,19774600,0.0,0.0,GOOGL,2026-01-08 10:04:45.131707+00:00
2025-08-22 00:00:00-04:00,202.41643648326647,208.21744781149425,200.98865555430208,205.771240234375,42827000,0.0,0.0,GOOGL,2026-01-08 10:04:45.131707+00:00
2025-08-25 00:00:00-04:00,206.11069972619865,210.19438514977915,204.9624845680577,208.1675262451172,29928900,0.0,0.0,GOOGL,2026-01-08 10:04:45.131707+00:00
2025-08-26 00:00:00-04:00,207.18903343187435,207.52851912382437,205.3818354433132,206.81961059570312,28464100,0.0,0.0,GOOGL,2026-01-08 10:04:45.131707+00:00
2025-08-27 00:00:00-04:00,205.38184246485358,208.58688428789492,205.3319167524022,207.15908813476562,23022900,0.0,0.0,GOOGL,2026-01-08 10:04:45.131707+00:00
2025-08-28 00:00:00-04:00,206.92944327697995,211.8917573213033,206.57997853322107,211.31265258789062,32339300,0.0,0.0,GOOGL,2026-01-08 10:04:45.131707+00:00
2025-08-29 00:00:00-04:00,210.1844065843309,214.31800279201352,209.87488848734807,212.58070373535156,39728400,0.0,0.0,GOOGL,2026-01-08 10:04:45.131707+00:00
2025-09-02 00:00:00-04:00,208.11761422314743,211.3525932568575,205.88107328271496,211.0231170654297,47523000,0.0,0.0,GOOGL,2026-01-08 10:04:45.131707+00:00
2025-09-03 00:00:00-04:00,225.86013881710127,230.95224175670688,224.4423216543269,230.30325317382812,103336100,0.0,0.0,GOOGL,2026-01-08 10:04:45.131707+00:00
2025-09-04 00:00:00-04:00,229.2947939629136,232.01058815431742,225.76027598883607,231.94070434570312,51684200,0.0,0.0,GOOGL,2026-01-08 10:04:45.131707+00:00
2025-09-05 00:00:00-04:00,231.84086323662245,235.39535470067108,231.5413241866342,234.63653564453125,46588900,0.0,0.0,GOOGL,2026-01-08 10:04:45.131707+00:00
2025-09-08 00:00:00-04:00,235.31608185012894,237.97434675109136,233.5172554040335,233.8870086669922,32474700,0.21,0.0,GOOGL,2026-01-08 10:04:45.131707+00:00
2025-09-09 00:00:00-04:00,234.0169206603603,240.3128053844981,233.07753270088136,239.47335815429688,38061000,0.0,0.0,GOOGL,2026-01-08 10:04:45.131707+00:00
2025-09-10 00:00:00-04:00,238.74382884116824,241.50203443312756,237.6945274082077,239.01365661621094,35141100,0.0,0.0,GOOGL,2026-01-08 10:04:45.131707+00:00
2025-09-11 00:00:00-04:00,239.7232054178332,242.09165136894262,236.09557331646107,240.21287536621094,30599300,0.0,0.0,GOOGL,2026-01-08 10:04:45.131707+00:00
2025-09-12 00:00:00-04:00,240.21286654309478,241.92175543476245,237.84442067897936,240.64259338378906,26771600,0.0,0.0,GOOGL,2026-01-08 10:04:45.131707+00:00
2025-09-15 00:00:00-04:00,244.5000723057695,252.24500622225327,244.5000723057695,251.44552612304688,58383800,0.0,0.0,GOOGL,2026-01-08 10:04:45.131707+00:00
2025-09-16 00:00:00-04:00,251.91521585326547,252.87457975705254,249.30692141357196,250.99581909179688,34109700,0.0,0.0,GOOGL,2026-01-08 10:04:45.131707+00:00
2025-09-17 00:00:00-04:00,251.0557800198683,251.43553649547647,246.11900683222018,249.36688232421875,34108000,0.0,0.0,GOOGL,2026-01-08 10:04:45.131707+00:00
2025-09-18 00:00:00-04:00,251.51547232528497,253.82397511354577,249.6367116291099,251.86524963378906,31239500,0.0,0.0,GOOGL,2026-01-08 10:04:45.131707+00:00
2025-09-19 00:00:00-04:00,253.08445699569828,255.83265939150547,251.64539584681071,254.55349731445312,55571400,0.0,0.0,GOOGL,2026-01-08 10:04:45.131707+00:00
2025-09-22 00:00:00-04:00,254.2636811395151,255.6128047936517,250.13639113793755,252.36492919921875,32290500,0.0,0.0,GOOGL,2026-01-08 10:04:45.131707+00:00
2025-09-23 00:00:00-04:00,252.8745862102155,254.1937306726042,250.31626206974443,251.49549865722656,26628000,0.0,0.0,GOOGL,2026-01-08 10:04:45.131707+00:00
2025-09-24 00:00:00-04:00,251.49550432970327,252.18505574615793,246.2789151995329,246.97845458984375,28201000,0.0,0.0,GOOGL,2026-01-08 10:04:45.131707+00:00
2025-09-25 00:00:00-04:00,244.24022750230412,246.32887284028934,240.58263166512353,245.6293182373047,31020400,0.0,0.0,GOOGL,2026-01-08 10:04:45.131707+00:00
2025-09-26 00:00:00-04:00,246.90849752367055,249.25695217808112,245.80921049475367,246.3788299560547,18503200,0.0,0.0,GOOGL,2026-01-08 10:04:45.131707+00:00
2025-09-29 00:00:00-04:00,247.6879914773483,250.98582213384148,242.61131034259105,243.89047241210938,32505800,0.0,0.0,GOOGL,2026-01-08 10:04:45.131707+00:00
2025-09-30 00:00:00-04:00,242.65128209661555,243.13096406959585,239.09361157011617,242.94110107421875,34724300,0.0,0.0,GOOGL,2026-01-08 10:04:45.131707+00:00
2025-10-01 00:00:00-04:00,240.59263270567308,246.13900797357311,238.45403213601972,244.7399139404297,31658200,0.0,0.0,GOOGL,2026-01-08 10:04:45.131707+00:00
2025-10-02 00:00:00-04:00,244.98974812584623,246.64866670301694,242.14162021805868,245.52940368652344,25483300,0.0,0.0,GOOGL,2026-01-08 10:04:45.131707+00:00
2025-10-03 00:00:00-04:00,244.33018254314118,246.138996907564,241.5020306823554,245.1896209716797,30249600,0.0,0.0,GOOGL,2026-01-08 10:04:45.131707+00:00
2025-10-06 00:00:00-04:00,244.61999567020933,251.1557292673991,244.42012945214807,250.26629638671875,28894700,0.0,0.0,GOOGL,2026-01-08 10:04:45.131707+00:00
2025-10-07 00:00:00-04:00,248.10771903747053,250.27629875611288,245.35951661425605,245.59934997558594,23181300,0.0,0.0,GOOGL,2026-01-08 10:04:45.131707+00:00
2025-10-08 00:00:00-04:00,244.79988761332393,245.84918907751907,243.66063338889384,244.46009826660156,21307100,0.0,0.0,GOOGL,2026-01-08 10:04:45.131707+00:00
2025-10-09 00:00:00-04:00,244.3101967172578,244.60000044134677,238.99366696134817,241.3721160888672,27892100,0.0,0.0,GOOGL,2026-01-08 10:04:45.131707+00:00
2025-10-10 00:00:00-04:00,241.27216783484693,243.93043262992407,235.6858257251368,236.4153594970703,33180300,0.0,0.0,GOOGL,2026-01-08 10:04:45.131707+00:00
2025-10-13 00:00:00-04:00,240.05299046060216,244.34017953936018,239.55331729181,243.9904022216797,24995000,0.0,0.0,GOOGL,2026-01-08 10:04:45.131707+00:00
2025-10-14 00:00:00-04:00,241.07230809804528,246.95845730298234,240.35277752895155,245.28955078125,22111600,0.0,0.0,GOOGL,2026-01-08 10:04:45.131707+00:00
2025-10-15 00:00:00-04:00,247.0883778879278,251.94520161834686,245.82920701293574,250.86590576171875,27007700,0.0,0.0,GOOGL,2026-01-08 10:04:45.131707+00:00
2025-10-16 00:00:00-04:00,251.60541868813706,256.79201310331337,249.93651222042618,251.29562377929688,27997200,0.0,0.0,GOOGL,2026-01-08 10:04:45.131707+00:00
2025-10-17 00:00:00-04:00,250.59608169913423,254.05382673080507,247.64801305801078,253.13442993164062,29671600,0.0,0.0,GOOGL,2026-01-08 10:04:45.131707+00:00
2025-10-20 00:00:00-04:00,254.52352413042843,257.1617826336821,254.06381810029453,256.3822937011719,22350200,0.0,0.0,GOOGL,2026-01-08 10:04:45.131707+00:00
2025-10-21 00:00:00-04:00,254.5734808325197,254.71338870395212,243.99039197294186,250.29627990722656,47312100,0.0,0.0,GOOGL,2026-01-08 10:04:45.131707+00:00
2025-10-22 00:00:00-04:00,254.20372304336274,256.19241249616164,249.12704181794433,251.52548217773438,35029400,0.0,0.0,GOOGL,2026-01-08 10:04:45.131707+00:00
2025-10-23 00:00:00-04:00,252.81462530948346,254.8732762688867,251.68537434804077,252.91456604003906,19901400,0.0,0.0,GOOGL,2026-01-08 10:04:45.131707+00:00
2025-10-24 00:00:00-04:00,256.412278354529,261.5089509442133,255.1531226659378,259.7501220703125,28655100,0.0,0.0,GOOGL,2026-01-08 10:04:45.131707+00:00
2025-10-27 00:00:00-04:00,264.6468909460984,269.9634205104271,264.10723541197956,269.0939636230469,35235200,0.0,0.0,GOOGL,2026-01-08 10:04:45.131707+00:00
2025-10-28 00:00:00-04:00,269.5137161039883,270.5530448339537,266.3257988486908,267.295166015625,29738600,0.0,0.0,GOOGL,2026-01-08 10:04:45.131707+00:00
2025-10-29 00:00:00-04:00,267.57498405043395,275.1600191542769,267.49504976173847,274.3905334472656,43580300,0.0,0.0,GOOGL,2026-01-08 10:04:45.131707+00:00
2025-10-30 00:00:00-04:00,291.3993974290424,291.3993974290424,279.87693527724974,281.2960205078125,74876000,0.0,0.0,GOOGL,2026-01-08 10:04:45.131707+00:00
2025-10-31 00:00:00-04:00,283.02486366213384,285.81304844327684,276.8489107040144,281.0061950683594,39267900,0.0,0.0,GOOGL,2026-01-08 10:04:45.131707+00:00
2025-11-03 00:00:00-05:00,281.9955439895644,285.3433603410046,279.61709481156873,283.5345458984375,29786000,0.0,0.0,GOOGL,2026-01-08 10:04:45.131707+00:00
2025-11-04 00:00:00-05:00,276.56908942406625,281.0861237356038,276.07941949471564,277.35858154296875,30078400,0.0,0.0,GOOGL,2026-01-08 10:04:45.131707+00:00
2025-11-05 00:00:00-05:00,278.6876991693174,286.23278206992967,277.15870054271744,284.1241455078125,31010300,0.0,0.0,GOOGL,2026-01-08 10:04:45.131707+00:00
2025-11-06 00:00:00-05:00,285.14348075532007,288.1615262521665,280.9562476047489,284.5638732910156,37173600,0.0,0.0,GOOGL,2026-01-08 10:04:45.131707+00:00
2025-11-07 00:00:00-05:00,283.0248465894465,283.59448127875606,275.0101005397699,278.647705078125,34479600,0.0,0.0,GOOGL,2026-01-08 10:04:45.131707+00:00
2025-11-10 00:00:00-05:00,284.23409016650885,290.6098939896417,282.6750818691635,289.9103698730469,29557300,0.0,0.0,GOOGL,2026-01-08 10:04:45.131707+00:00
2025-11-11 00:00:00-05:00,287.56189748708465,291.72918497214437,287.1321858980205,291.11956787109375,19842100,0.0,0.0,GOOGL,2026-01-08 10:04:45.131707+00:00
2025-11-12 00:00:00-05:00,291.4893355792204,291.8191369528623,283.504568014819,286.5225830078125,24829900,0.0,0.0,GOOGL,2026-01-08 10:04:45.131707+00:00
2025-11-13 00:00:00-05:00,282.15543354563385,282.65510670070455,277.0587612643864,278.3879089355469,29494000,0.0,0.0,GOOGL,2026-01-08 10:04:45.131707+00:00
2025-11-14 00:00:00-05:00,271.23257767900105,278.3778974858086,270.52305035910666,276.22930908203125,31647200,0.0,0.0,GOOGL,2026-01-08 10:04:45.131707+00:00
2025-11-17 00:00:00-05:00,285.59319216713175,293.7578650793077,283.38464532335746,284.83367919921875,52670200,0.0,0.0,GOOGL,2026-01-08 10:04:45.131707+00:00
2025-11-18 00:00:00-05:00,287.7318125744744,288.61121173854644,278.0181648979437,284.09417724609375,49158700,0.0,0.0,GOOGL,2026-01-08 10:04:45.131707+00:00
2025-11-19 00:00:00-05:00,286.9722907427786,303.6114007455407,286.44263841708545,292.61859130859375,68198900,0.0,0.0,GOOGL,2026-01-08 10:04:45.131707+00:00
2025-11-20 00:00:00-05:00,304.3409354639468,306.2197114167213,288.48131431646567,289.26080322265625,62025200,0.0,0.0,GOOGL,2026-01-08 10:04:45.131707+00:00
2025-11-21 00:00:00-05:00,296.2262391249899,303.7213362601199,293.6579118539212,299.464111328125,74137700,0.0,0.0,GOOGL,2026-01-08 10:04:45.131707+00:00
2025-11-24 00:00:00-05:00,310.9266228942269,319.27117069793417,309.39762425695875,318.3717346191406,85165100,0.0,0.0,GOOGL,2026-01-08 10:04:45.131707+00:00
2025-11-25 00:00:00-05:00,325.9967549915166,328.6150374741804,317.4423529194355,323.22857666015625,88632100,0.0,0.0,GOOGL,2026-01-08 10:04:45.131707+00:00
2025-11-26 00:00:00-05:00,320.4703785574214,324.287888914303,316.58293713459693,319.7408752441406,51373400,0.0,0.0,GOOGL,2026-01-08 10:04:45.131707+00:00
2025-11-28 00:00:00-05:00,323.15862038246837,326.6363566172421,316.5829348985448,319.970703125,26018600,0.0,0.0,GOOGL,2026-01-08 10:04:45.131707+00:00
2025-12-01 00:00:00-05:00,317.49233426982363,319.6409227326276,313.684827275924,314.6841735839844,41183000,0.0,0.0,GOOGL,2026-01-08 10:04:45.131707+00:00
2025-12-02 00:00:00-05:00,316.5329308632399,318.17187340075924,313.7047943107319,315.6035461425781,35854700,0.0,0.0,GOOGL,2026-01-08 10:04:45.131707+00:00
2025-12-03 00:00:00-05:00,315.68353592029735,321.369788644051,313.89469739870816,319.42108154296875,41838300,0.0,0.0,GOOGL,2026-01-08 10:04:45.131707+00:00
2025-12-04 00:00:00-05:00,322.0193865832628,322.14927599125497,314.4943097586067,317.4123840332031,31240900,0.0,0.0,GOOGL,2026-01-08 10:04:45.131707+00:00
2025-12-05 00:00:00-05:00,319.28113189003057,322.9487461411032,318.961364259978,321.0599670410156,28851700,0.0,0.0,GOOGL,2026-01-08 10:04:45.131707+00:00
2025-12-08 00:00:00-05:00,320.04998779296875,320.44000244140625,311.2200012207031,313.7200012207031,33909400,0.21,0.0,GOOGL,2026-01-08 10:04:45.131707+00:00
2025-12-09 00:00:00-05:00,312.3699951171875,317.989990234375,311.8999938964844,317.0799865722656,30194000,0.0,0.0,GOOGL,2026-01-08 10:04:45.131707+00:00
2025-12-10 00:00:00-05:00,315.8299865722656,321.30999755859375,314.67999267578125,320.2099914550781,33428900,0.0,0.0,GOOGL,2026-01-08 10:04:45.131707+00:00
2025-12-11 00:00:00-05:00,320.0799865722656,321.1199951171875,308.6000061035156,312.42999267578125,42353700,0.0,0.0,GOOGL,2026-01-08 10:04:45.131707+00:00
2025-12-12 00:00:00-05:00,313.70001220703125,314.8699951171875,305.55999755859375,309.2900085449219,35940200,0.0,0.0,GOOGL,2026-01-08 10:04:45.131707+00:00
2025-12-15 00:00:00-05:00,311.32000732421875,311.4200134277344,304.8800048828125,308.2200012207031,29151900,0.0,0.0,GOOGL,2026-01-08 10:04:45.131707+00:00
2025-12-16 00:00:00-05:00,304.95001220703125,310.7699890136719,302.5899963378906,306.57000732421875,30585000,0.0,0.0,GOOGL,2026-01-08 10:04:45.131707+00:00
2025-12-17 00:00:00-05:00,308.010009765625,308.0899963378906,296.1199951171875,296.7200012207031,43930400,0.0,0.0,GOOGL,2026-01-08 10:04:45.131707+00:00
2025-12-18 00:00:00-05:00,301.7200012207031,303.9599914550781,299.2300109863281,302.4599914550781,33518000,0.0,0.0,GOOGL,2026-01-08 10:04:45.131707+00:00
2025-12-19 00:00:00-05:00,301.7300109863281,307.25,300.9700012207031,307.1600036621094,59943200,0.0,0.0,GOOGL,2026-01-08 10:04:45.131707+00:00
2025-12-22 00:00:00-05:00,309.8800048828125,310.1300048828125,305.29998779296875,309.7799987792969,26429900,0.0,0.0,GOOGL,2026-01-08 10:04:45.131707+00:00
2025-12-23 00:00:00-05:00,309.6300048828125,314.94000244140625,309.32000732421875,314.3500061035156,25478700,0.0,0.0,GOOGL,2026-01-08 10:04:45.131707+00:00
2025-12-24 00:00:00-05:00,314.7699890136719,315.0799865722656,311.9200134277344,314.0899963378906,10097400,0.0,0.0,GOOGL,2026-01-08 10:04:45.131707+00:00
2025-12-26 00:00:00-05:00,314.4800109863281,315.0899963378906,312.2799987792969,313.510009765625,10899000,0.0,0.0,GOOGL,2026-01-08 10:04:45.131707+00:00
2025-12-29 00:00:00-05:00,311.3699951171875,314.0199890136719,310.6199951171875,313.55999755859375,19621800,0.0,0.0,GOOGL,2026-01-08 10:04:45.131707+00:00
2025-12-30 00:00:00-05:00,312.5,316.95001220703125,312.4599914550781,313.8500061035156,17380900,0.0,0.0,GOOGL,2026-01-08 10:04:45.131707+00:00
2025-12-31 00:00:00-05:00,312.8500061035156,314.5799865722656,311.44000244140625,313.0,16377700,0.0,0.0,GOOGL,2026-01-08 10:04:45.131707+00:00
2026-01-02 00:00:00-05:00,316.8999938964844,322.5,310.3299865722656,315.1499938964844,32009400,0.0,0.0,GOOGL,2026-01-08 10:04:45.131707+00:00
2026-01-05 00:00:00-05:00,317.6600036621094,319.0199890136719,314.6300048828125,316.5400085449219,30195600,0.0,0.0,GOOGL,2026-01-08 10:04:45.131707+00:00
2026-01-06 00:00:00-05:00,316.3999938964844,320.94000244140625,311.7799987792969,314.3399963378906,31212100,0.0,0.0,GOOGL,2026-01-08 10:04:45.131707+00:00
2026-01-07 00:00:00-05:00,314.3599853515625,326.1499938964844,314.19000244140625,321.9800109863281,35062200,0.0,0.0,GOOGL,2026-01-08 10:04:45.131707+00:00
