Date,Open,High,Low,Close,Volume,Dividends,Stock Splits,symbol,extracted_at
2022-01-03 00:00:00-05:00,324.47890153945974,327.04299008267594,319.0894581959837,323.8983459472656,28865100,0.0,0.0,MSFT,2026-01-08 10:04:44.635383+00:00
2022-01-04 00:00:00-05:00,323.975761808593,324.33379227694843,315.5481232153685,318.3444519042969,32674300,0.0,0.0,MSFT,2026-01-08 10:04:44.635383+00:00
2022-01-05 00:00:00-05:00,315.2965689226274,315.4997826044344,305.73687408915134,306.1239013671875,40054300,0.0,0.0,MSFT,2026-01-08 10:04:44.635383+00:00
2022-01-06 00:00:00-05:00,302.99854894295123,308.3686512181517,301.39235794610454,303.70489501953125,39646100,0.0,0.0,MSFT,2026-01-08 10:04:44.635383+00:00
2022-01-07 00:00:00-05:00,303.96622221255154,306.2400483826627,300.0378372243138,303.85980224609375,32720000,0.0,0.0,MSFT,2026-01-08 10:04:44.635383+00:00
2022-01-10 00:00:00-05:00,299.45726024091306,304.5177300797264,294.8128735433539,304.0823059082031,44289500,0.0,0.0,MSFT,2026-01-08 10:04:44.635383+00:00
2022-01-11 00:00:00-05:00,303.2211788519228,306.34645318386146,299.84432347965804,304.7693176269531,29386800,0.0,0.0,MSFT,2026-01-08 10:04:44.635383+00:00
2022-01-12 00:00:00-05:00,309.3071846120445,312.92593457694414,306.80111935386,307.9525451660156,34372200,0.0,0.0,MSFT,2026-01-08 10:04:44.635383+00:00
2022-01-13 00:00:00-05:00,310.0812872347779,310.477999759612,294.14519599434743,294.91925048828125,45366000,0.0,0.0,MSFT,2026-01-08 10:04:44.635383+00:00
2022-01-14 00:00:00-05:00,294.38709603316755,300.7441227450604,293.9033045852905,300.14422607421875,39846400,0.0,0.0,MSFT,2026-01-08 10:04:44.635383+00:00
2022-01-18 00:00:00-05:00,294.21287812896793,299.7571080915639,291.95839390632096,292.8388977050781,42333200,0.0,0.0,MSFT,2026-01-08 10:04:44.635383+00:00
2022-01-19 00:00:00-05:00,296.3610152786243,303.73399326140634,292.887395735505,293.4969482421875,45933900,0.0,0.0,MSFT,2026-01-08 10:04:44.635383+00:00
2022-01-20 00:00:00-05:00,299.050905777843,301.54725709970177,291.37797913887493,291.82305908203125,35380700,0.0,0.0,MSFT,2026-01-08 10:04:44.635383+00:00
2022-01-21 00:00:00-05:00,292.87766885666707,294.25162003175876,286.02716542406625,286.4335632324219,57984400,0.0,0.0,MSFT,2026-01-08 10:04:44.635383+00:00
2022-01-24 00:00:00-05:00,282.7276783435672,287.4784834424357,267.1011940279381,286.7624816894531,85731500,0.0,0.0,MSFT,2026-01-08 10:04:44.635383+00:00
2022-01-25 00:00:00-05:00,282.0698682092369,285.42738338451267,275.92573798092087,279.1380920410156,72848600,0.0,0.0,MSFT,2026-01-08 10:04:44.635383+00:00
2022-01-26 00:00:00-05:00,298.00588813814414,298.4993649327911,283.53085426864396,287.091552734375,90428900,0.0,0.0,MSFT,2026-01-08 10:04:44.635383+00:00
2022-01-27 00:00:00-05:00,292.8487086541634,297.3382789457668,288.2720298974532,290.1201171875,53481300,0.0,0.0,MSFT,2026-01-08 10:04:44.635383+00:00
2022-01-28 00:00:00-05:00,290.49743069503995,298.4799897848547,284.9048025987013,298.2671203613281,49743700,0.0,0.0,MSFT,2026-01-08 10:04:44.635383+00:00
2022-01-31 00:00:00-05:00,298.93479441062544,302.25359717758414,296.4384136116129,300.89898681640625,46444500,0.0,0.0,MSFT,2026-01-08 10:04:44.635383+00:00
2022-02-01 00:00:00-05:00,300.347421459454,300.5602908856212,295.2385847597286,298.75091552734375,40950400,0.0,0.0,MSFT,2026-01-08 10:04:44.635383+00:00
2022-02-02 00:00:00-05:00,299.5926934910757,304.9047140821634,298.8670063271222,303.29852294921875,36636000,0.0,0.0,MSFT,2026-01-08 10:04:44.635383+00:00
2022-02-03 00:00:00-05:00,299.4572493683748,301.1408638459518,290.2361846781371,291.484375,43730000,0.0,0.0,MSFT,2026-01-08 10:04:44.635383+00:00
2022-02-04 00:00:00-05:00,290.4780178770086,298.78955040697974,290.2458074590502,296.02227783203125,35096500,0.0,0.0,MSFT,2026-01-08 10:04:44.635383+00:00
2022-02-07 00:00:00-05:00,296.244875824076,297.8607227658091,290.1781120131645,291.194091796875,28533300,0.0,0.0,MSFT,2026-01-08 10:04:44.635383+00:00
2022-02-08 00:00:00-05:00,291.48440560863713,295.6546863606417,290.2265594040496,294.6871032714844,32421200,0.0,0.0,MSFT,2026-01-08 10:04:44.635383+00:00
2022-02-09 00:00:00-05:00,299.8249328306882,301.81815140418445,297.4253459420539,301.1214904785156,31284700,0.0,0.0,MSFT,2026-01-08 10:04:44.635383+00:00
2022-02-10 00:00:00-05:00,294.18398083338894,299.09929010324925,290.9522567476279,292.5777893066406,45386200,0.0,0.0,MSFT,2026-01-08 10:04:44.635383+00:00
2022-02-11 00:00:00-05:00,293.3614725070343,294.4258196414898,284.6822523965232,285.4756774902344,39175600,0.0,0.0,MSFT,2026-01-08 10:04:44.635383+00:00
2022-02-14 00:00:00-05:00,284.2468738871611,287.1399674072104,281.9053393438206,285.43701171875,36359500,0.0,0.0,MSFT,2026-01-08 10:04:44.635383+00:00
2022-02-15 00:00:00-05:00,290.28456489456636,291.04893415052186,287.3914718484893,290.7296447753906,27058300,0.0,0.0,MSFT,2026-01-08 10:04:44.635383+00:00
2022-02-16 00:00:00-05:00,289.2947159050428,291.7186754237556,284.74736548078954,290.3903503417969,29982100,0.62,0.0,MSFT,2026-01-08 10:04:44.635383+00:00
2022-02-17 00:00:00-05:00,287.34578532918516,287.772404486028,281.17924775374655,281.8870544433594,32461600,0.0,0.0,MSFT,2026-01-08 10:04:44.635383+00:00
2022-02-18 00:00:00-05:00,284.13650526196955,284.9218657300005,277.60152027487555,279.1722412109375,34264000,0.0,0.0,MSFT,2026-01-08 10:04:44.635383+00:00
2022-02-22 00:00:00-05:00,276.33132880972005,282.6724139032119,275.8465370047907,278.9685974121094,41736100,0.0,0.0,MSFT,2026-01-08 10:04:44.635383+00:00
2022-02-23 00:00:00-05:00,281.35375501257334,282.8275409854315,271.5803655847503,271.74517822265625,37811200,0.0,0.0,MSFT,2026-01-08 10:04:44.635383+00:00
2022-02-24 00:00:00-05:00,264.2212450912512,286.1823084436964,263.2613371745761,285.629638671875,56989700,0.0,0.0,MSFT,2026-01-08 10:04:44.635383+00:00
2022-02-25 00:00:00-05:00,286.16292683070213,288.57718060139933,282.7790598404249,288.26690673828125,32546700,0.0,0.0,MSFT,2026-01-08 10:04:44.635383+00:00
2022-02-28 00:00:00-05:00,285.35818899427073,290.041295042324,284.08803665827065,289.7019348144531,34627500,0.0,0.0,MSFT,2026-01-08 10:04:44.635383+00:00
2022-03-01 00:00:00-05:00,287.38469988730753,290.8461219675806,283.26396776965566,285.97882080078125,31217800,0.0,0.0,MSFT,2026-01-08 10:04:44.635383+00:00
2022-03-02 00:00:00-05:00,286.3762504716057,292.3004227417383,284.76676743872775,291.0593566894531,31873000,0.0,0.0,MSFT,2026-01-08 10:04:44.635383+00:00
2022-03-03 00:00:00-05:00,293.6771882703284,293.90987886372875,285.10604328173724,286.919189453125,27314500,0.0,0.0,MSFT,2026-01-08 10:04:44.635383+00:00
2022-03-04 00:00:00-05:00,285.33873439242245,286.6670590433166,278.43530465770755,281.04345703125,32356500,0.0,0.0,MSFT,2026-01-08 10:04:44.635383+00:00
2022-03-07 00:00:00-05:00,279.7540276651711,280.8787484843386,270.05818914409025,270.4266357421875,43157200,0.0,0.0,MSFT,2026-01-08 10:04:44.635383+00:00
2022-03-08 00:00:00-05:00,269.35035685885737,275.3229963748733,261.787615361919,267.4596862792969,48159500,0.0,0.0,MSFT,2026-01-08 10:04:44.635383+00:00
2022-03-09 00:00:00-05:00,274.8188230959986,280.7914626038532,272.2397267456058,279.72491455078125,35204500,0.0,0.0,MSFT,2026-01-08 10:04:44.635383+00:00
2022-03-10 00:00:00-05:00,274.41160483895385,277.8827315194352,272.04581792725656,276.9034423828125,30628000,0.0,0.0,MSFT,2026-01-08 10:04:44.635383+00:00
2022-03-11 00:00:00-05:00,279.2013310407606,280.70420362127237,270.93078275757216,271.55133056640625,27209300,0.0,0.0,MSFT,2026-01-08 10:04:44.635383+00:00
2022-03-14 00:00:00-04:00,271.8131090457165,276.71920052795855,267.4306010814308,268.03173828125,30660700,0.0,0.0,MSFT,2026-01-08 10:04:44.635383+00:00
2022-03-15 00:00:00-04:00,271.8228270355456,279.06561927939794,270.25210599773294,278.4159851074219,34245100,0.0,0.0,MSFT,2026-01-08 10:04:44.635383+00:00
2022-03-16 00:00:00-04:00,280.3163301409905,285.61027846312476,274.58611649550784,285.4357604980469,37826300,0.0,0.0,MSFT,2026-01-08 10:04:44.635383+00:00
2022-03-17 00:00:00-04:00,284.3691589056267,286.61857018444255,280.5683784873846,286.2404479980469,30816600,0.0,0.0,MSFT,2026-01-08 10:04:44.635383+00:00
2022-03-18 00:00:00-04:00,286.3858715630049,291.84463136231534,283.8261865282108,291.2919616699219,43390600,0.0,0.0,MSFT,2026-01-08 10:04:44.635383+00:00
2022-03-21 00:00:00-04:00,289.79886150329435,291.0108410246082,285.93020275050657,290.0606384277344,28351200,0.0,0.0,MSFT,2026-01-08 10:04:44.635383+00:00
2022-03-22 00:00:00-04:00,290.6811789941739,295.7230260277627,289.6825089750966,294.8116149902344,27599700,0.0,0.0,MSFT,2026-01-08 10:04:44.635383+00:00
2022-03-23 00:00:00-04:00,291.3695483106634,294.0068166256151,288.66440204897714,290.38055419921875,25715400,0.0,0.0,MSFT,2026-01-08 10:04:44.635383+00:00
2022-03-24 00:00:00-04:00,290.0412160274347,294.947306062615,289.2461504734421,294.850341796875,24484500,0.0,0.0,MSFT,2026-01-08 10:04:44.635383+00:00
2022-03-25 00:00:00-04:00,295.9459874387846,296.20776433611707,290.18665898274526,294.443115234375,22566500,0.0,0.0,MSFT,2026-01-08 10:04:44.635383+00:00
2022-03-28 00:00:00-04:00,295.073391346538,301.34659900415994,295.073391346538,301.2496643066406,29578200,0.0,0.0,MSFT,2026-01-08 10:04:44.635383+00:00
2022-03-29 00:00:00-04:00,304.36203066251414,306.21393912796776,299.64983837259945,305.81640625,30393400,0.0,0.0,MSFT,2026-01-08 10:04:44.635383+00:00
2022-03-30 00:00:00-04:00,304.21660289540057,306.339993647316,302.10288786010216,304.31353759765625,28163600,0.0,0.0,MSFT,2026-01-08 10:04:44.635383+00:00
2022-03-31 00:00:00-04:00,304.35224961733445,305.55455325788046,298.5250730010145,298.9322814941406,33422100,0.0,0.0,MSFT,2026-01-08 10:04:44.635383+00:00
2022-04-01 00:00:00-04:00,299.9601090176987,300.69700210930256,296.24661641051176,300.00860595703125,27110500,0.0,0.0,MSFT,2026-01-08 10:04:44.635383+00:00
2022-04-04 00:00:00-04:00,300.65813736226033,305.525435773219,300.2896909060564,305.38970947265625,24289600,0.0,0.0,MSFT,2026-01-08 10:04:44.635383+00:00
2022-04-05 00:00:00-04:00,303.7414225568673,305.29276212664746,300.44484446442266,301.42413330078125,23156700,0.0,0.0,MSFT,2026-01-08 10:04:44.635383+00:00
2022-04-06 00:00:00-04:00,295.90728457353526,297.6622288979354,287.6852032338955,290.3903503417969,40110400,0.0,0.0,MSFT,2026-01-08 10:04:44.635383+00:00
2022-04-07 00:00:00-04:00,287.6367293488046,294.4141105406613,287.33616074245623,292.2034606933594,31411200,0.0,0.0,MSFT,2026-01-08 10:04:44.635383+00:00
2022-04-08 00:00:00-04:00,291.30171228666035,291.9610220629479,287.26824077806,287.937255859375,24361900,0.0,0.0,MSFT,2026-01-08 10:04:44.635383+00:00
2022-04-11 00:00:00-04:00,282.9148149628091,283.7098510494845,276.3313338468451,276.58343505859375,34569300,0.0,0.0,MSFT,2026-01-08 10:04:44.635383+00:00
2022-04-12 00:00:00-04:00,280.44237773614145,281.896753274819,271.958520427189,273.48077392578125,30966700,0.0,0.0,MSFT,2026-01-08 10:04:44.635383+00:00
2022-04-13 00:00:00-04:00,274.130364433045,279.80240446057144,272.74383748539003,278.8716125488281,21907200,0.0,0.0,MSFT,2026-01-08 10:04:44.635383+00:00
2022-04-14 00:00:00-04:00,279.327406052822,279.540715682065,270.8241663935471,271.3186340332031,28221600,0.0,0.0,MSFT,2026-01-08 10:04:44.635383+00:00
2022-04-18 00:00:00-04:00,270.4265639610484,273.8685738866559,269.8738942106014,271.9875793457031,20778000,0.0,0.0,MSFT,2026-01-08 10:04:44.635383+00:00
2022-04-19 00:00:00-04:00,270.8822739757197,277.4657549794319,269.94177668947515,276.6221923828125,22297700,0.0,0.0,MSFT,2026-01-08 10:04:44.635383+00:00
2022-04-20 00:00:00-04:00,280.59747515624474,280.8883679766164,276.690054609588,277.6499328613281,22906700,0.0,0.0,MSFT,2026-01-08 10:04:44.635383+00:00
2022-04-21 00:00:00-04:00,279.8024222293234,284.37885800425323,271.5415806106492,272.2687683105469,29454600,0.0,0.0,MSFT,2026-01-08 10:04:44.635383+00:00
2022-04-22 00:00:00-04:00,273.11241046250524,274.58619706050337,265.06487520303006,265.6950988769531,29405800,0.0,0.0,MSFT,2026-01-08 10:04:44.635383+00:00
2022-04-25 00:00:00-04:00,264.9774895553303,272.5596102250069,262.5341201377057,272.1814880371094,35678900,0.0,0.0,MSFT,2026-01-08 10:04:44.635383+00:00
2022-04-26 00:00:00-04:00,269.0594525267125,269.89328023075717,261.7875754313959,262.0008850097656,46518400,0.0,0.0,MSFT,2026-01-08 10:04:44.635383+00:00
2022-04-27 00:00:00-04:00,273.5195702477104,282.1197730129034,270.6689917758845,274.6054992675781,63477700,0.0,0.0,MSFT,2026-01-08 10:04:44.635383+00:00
2022-04-28 00:00:00-04:00,276.515542164648,282.129439349792,272.898984777169,280.82049560546875,33646600,0.0,0.0,MSFT,2026-01-08 10:04:44.635383+00:00
2022-04-29 00:00:00-04:00,279.8315053530754,281.0628954479974,268.08986229591125,269.0788269042969,37073900,0.0,0.0,MSFT,2026-01-08 10:04:44.635383+00:00
2022-05-02 00:00:00-04:00,269.2630493387839,276.27314931657503,267.8183792644711,275.81744384765625,35151100,0.0,0.0,MSFT,2026-01-08 10:04:44.635383+00:00
2022-05-03 00:00:00-04:00,275.3229441287677,275.4877863561019,271.62883306903626,273.2092590332031,25978600,0.0,0.0,MSFT,2026-01-08 10:04:44.635383+00:00
2022-05-04 00:00:00-04:00,273.99464411060274,282.03250097169206,268.3128980413791,281.1598815917969,33599300,0.0,0.0,MSFT,2026-01-08 10:04:44.635383+00:00
2022-05-05 00:00:00-04:00,276.8548930460878,277.64025334846656,265.99554553295394,268.91400146484375,43260400,0.0,0.0,MSFT,2026-01-08 10:04:44.635383+00:00
2022-05-06 00:00:00-04:00,266.4512108789899,270.75616352746886,263.0188773696703,266.3736572265625,37780300,0.0,0.0,MSFT,2026-01-08 10:04:44.635383+00:00
2022-05-09 00:00:00-04:00,261.8457071700406,264.07573729511194,255.31072411000343,256.5323791503906,47726000,0.0,0.0,MSFT,2026-01-08 10:04:44.635383+00:00
2022-05-10 00:00:00-04:00,263.42615521933493,265.42349495118094,257.00751689764115,261.3027648925781,39336400,0.0,0.0,MSFT,2026-01-08 10:04:44.635383+00:00
2022-05-11 00:00:00-04:00,257.5989686979002,263.106196550313,251.4130204767044,252.625,48975900,0.0,0.0,MSFT,2026-01-08 10:04:44.635383+00:00
2022-05-12 00:00:00-04:00,249.85199770937754,251.97538813892353,242.41529334839248,247.5831756591797,51033800,0.0,0.0,MSFT,2026-01-08 10:04:44.635383+00:00
2022-05-13 00:00:00-04:00,249.52238377509423,255.03931767520342,247.58321627668954,253.17770385742188,34925100,0.0,0.0,MSFT,2026-01-08 10:04:44.635383+00:00
2022-05-16 00:00:00-04:00,252.0529601965687,257.7347358357674,248.00010759554567,253.54612731933594,32550900,0.0,0.0,MSFT,2026-01-08 10:04:44.635383+00:00
2022-05-17 00:00:00-04:00,258.0158590570985,260.168335678037,254.47688508920922,258.70428466796875,28828800,0.0,0.0,MSFT,2026-01-08 10:04:44.635383+00:00
2022-05-18 00:00:00-04:00,255.5943947492182,256.1775057639479,245.65245723489335,246.92556762695312,31356000,0.62,0.0,MSFT,2026-01-08 10:04:44.635383+00:00
2022-05-19 00:00:00-04:00,246.75064893827593,250.4145118299985,244.7875390054142,246.01205444335938,32692300,0.0,0.0,MSFT,2026-01-08 10:04:44.635383+00:00
2022-05-20 00:00:00-04:00,249.99657679389537,251.25998893720165,239.50069714781827,245.4483642578125,39199300,0.0,0.0,MSFT,2026-01-08 10:04:44.635383+00:00
2022-05-23 00:00:00-04:00,248.2958696586072,254.136633604883,246.29386307125506,253.31056213378906,33175400,0.0,0.0,MSFT,2026-01-08 10:04:44.635383+00:00
2022-05-24 00:00:00-04:00,250.62831809064022,253.9714268912015,246.36191797727767,252.30958557128906,29043900,0.0,0.0,MSFT,2026-01-08 10:04:44.635383+00:00
2022-05-25 00:00:00-04:00,250.87121197771626,257.1298447736953,249.8896424432264,255.1278533935547,28547900,0.0,0.0,MSFT,2026-01-08 10:04:44.635383+00:00
2022-05-26 00:00:00-04:00,254.88489926862619,259.58860930301927,254.06855584033516,258.4126892089844,25002100,0.0,0.0,MSFT,2026-01-08 10:04:44.635383+00:00
2022-05-27 00:00:00-04:00,260.92010410159867,265.643241139635,260.0259965721128,265.5460510253906,26910800,0.0,0.0,MSFT,2026-01-08 10:04:44.635383+00:00
2022-05-31 00:00:00-04:00,264.8561104686971,267.0330271517111,261.3574731865208,264.2146911621094,37827700,0.0,0.0,MSFT,2026-01-08 10:04:44.635383+00:00
2022-06-01 00:00:00-04:00,267.4508952453175,269.8707720178327,262.4361876229135,264.7491760253906,25292200,0.0,0.0,MSFT,2026-01-08 10:04:44.635383+00:00
2022-06-02 00:00:00-04:00,257.00356501404997,266.9163331602478,254.2338100694297,266.8482971191406,44008200,0.0,0.0,MSFT,2026-01-08 10:04:44.635383+00:00
2022-06-03 00:00:00-04:00,262.69855996137693,265.75015751179075,260.8520664352407,262.4167175292969,28059000,0.0,0.0,MSFT,2026-01-08 10:04:44.635383+00:00
2022-06-06 00:00:00-04:00,264.39925834908735,266.459558068701,259.69554794096325,261.1824645996094,22400300,0.0,0.0,MSFT,2026-01-08 10:04:44.635383+00:00
2022-06-07 00:00:00-04:00,259.1319252881435,265.4391694080939,258.45162412939817,264.826904296875,22860700,0.0,0.0,MSFT,2026-01-08 10:04:44.635383+00:00
2022-06-08 00:00:00-04:00,264.0591589961378,265.3128433735348,262.01828503853517,262.7957763671875,17372300,0.0,0.0,MSFT,2026-01-08 10:04:44.635383+00:00
2022-06-09 00:00:00-04:00,260.2397508443813,265.03092296873166,257.1784556374228,257.3339538574219,26439700,0.0,0.0,MSFT,2026-01-08 10:04:44.635383+00:00
2022-06-10 00:00:00-04:00,253.2425174195424,253.2425174195424,245.4192029712448,245.8662567138672,31422800,0.0,0.0,MSFT,2026-01-08 10:04:44.635383+00:00
2022-06-13 00:00:00-04:00,238.20818633784313,242.00809200715943,234.72899029876612,235.4384307861328,46135800,0.0,0.0,MSFT,2026-01-08 10:04:44.635383+00:00
2022-06-14 00:00:00-04:00,236.99337144114608,238.8204389978934,234.70953699521195,237.6056365966797,28651500,0.0,0.0,MSFT,2026-01-08 10:04:44.635383+00:00
2022-06-15 00:00:00-04:00,241.31806207572347,248.11124235881286,239.4812814606915,244.67091369628906,33111700,0.0,0.0,MSFT,2026-01-08 10:04:44.635383+00:00
2022-06-16 00:00:00-04:00,239.05366802425112,240.453122742363,236.17702428513732,238.07211303710938,33169200,0.0,0.0,MSFT,2026-01-08 10:04:44.635383+00:00
2022-06-17 00:00:00-04:00,237.80970516091955,243.44639103289649,237.1585728805667,240.6766357421875,43084800,0.0,0.0,MSFT,2026-01-08 10:04:44.635383+00:00
2022-06-21 00:00:00-04:00,243.2131485780948,247.57672404798697,242.48426715302713,246.5951690673828,29928300,0.0,0.0,MSFT,2026-01-08 10:04:44.635383+00:00
2022-06-22 00:00:00-04:00,244.7972453506843,249.92858401068787,243.32004157236312,246.00233459472656,25939900,0.0,0.0,MSFT,2026-01-08 10:04:44.635383+00:00
2022-06-23 00:00:00-04:00,248.3736001456706,252.0665868874674,246.4882248009331,251.57093811035156,25861400,0.0,0.0,MSFT,2026-01-08 10:04:44.635383+00:00
2022-06-24 00:00:00-04:00,254.43794588858944,260.4342239425106,254.35048366956067,260.162109375,33923200,0.0,0.0,MSFT,2026-01-08 10:04:44.635383+00:00
2022-06-27 00:00:00-04:00,260.65767502465104,260.7451372256975,255.86650217614465,257.4311828613281,24615100,0.0,0.0,MSFT,2026-01-08 10:04:44.635383+00:00
2022-06-28 00:00:00-04:00,256.546824812342,259.39431434341117,249.1025126077075,249.2580108642578,27295500,0.0,0.0,MSFT,2026-01-08 10:04:44.635383+00:00
2022-06-29 00:00:00-04:00,250.33679400262716,254.59346699330047,248.55832124390932,252.93162536621094,20069800,0.0,0.0,MSFT,2026-01-08 10:04:44.635383+00:00
2022-06-30 00:00:00-04:00,249.81192039392005,252.2220987114216,245.77878289484812,249.59811401367188,31730900,0.0,0.0,MSFT,2026-01-08 10:04:44.635383+00:00
2022-07-01 00:00:00-04:00,249.1705126019825,252.4553126996845,247.44062069914546,252.27066040039062,22837700,0.0,0.0,MSFT,2026-01-08 10:04:44.635383+00:00
2022-07-05 00:00:00-04:00,248.9470591091099,255.5750289021865,247.56704519965683,255.4486846923828,22941000,0.0,0.0,MSFT,2026-01-08 10:04:44.635383+00:00
2022-07-06 00:00:00-04:00,256.3233575149123,260.44395858678126,255.01136472962796,258.7140808105469,23824400,0.0,0.0,MSFT,2026-01-08 10:04:44.635383+00:00
2022-07-07 00:00:00-04:00,257.65464582555956,261.4837041851286,257.55745573180474,260.84228515625,20859900,0.0,0.0,MSFT,2026-01-08 10:04:44.635383+00:00
2022-07-08 00:00:00-04:00,257.3340180308074,260.55081225996196,255.87625522031703,260.1231994628906,19658800,0.0,0.0,MSFT,2026-01-08 10:04:44.635383+00:00
2022-07-11 00:00:00-04:00,258.1698045515523,259.0250302011665,254.79751184488788,257.0619201660156,19455200,0.0,0.0,MSFT,2026-01-08 10:04:44.635383+00:00
2022-07-12 00:00:00-04:00,258.3933261127936,258.45163425345476,244.9430231030509,246.52713012695312,35868500,0.0,0.0,MSFT,2026-01-08 10:04:44.635383+00:00
2022-07-13 00:00:00-04:00,243.14510795246753,246.41049706934726,241.12367518210107,245.60386657714844,29497400,0.0,0.0,MSFT,2026-01-08 10:04:44.635383+00:00
2022-07-14 00:00:00-04:00,243.51440822943295,247.95571756773037,239.01477592635922,246.92556762695312,25102800,0.0,0.0,MSFT,2026-01-08 10:04:44.635383+00:00
2022-07-15 00:00:00-04:00,248.51938440363574,253.0384428078221,247.59613766644088,249.49122619628906,29774100,0.0,0.0,MSFT,2026-01-08 10:04:44.635383+00:00
2022-07-18 00:00:00-04:00,252.4359199576439,253.4952240127195,246.16754300536857,247.09078979492188,20975000,0.0,0.0,MSFT,2026-01-08 10:04:44.635383+00:00
2022-07-19 00:00:00-04:00,250.32698837282734,252.4067439825156,246.53681142712958,252.2220916748047,25012600,0.0,0.0,MSFT,2026-01-08 10:04:44.635383+00:00
2022-07-20 00:00:00-04:00,252.58164295200297,257.4116972162545,251.6195291937223,254.88490295410156,22788300,0.0,0.0,MSFT,2026-01-08 10:04:44.635383+00:00
2022-07-21 00:00:00-04:00,252.47480926653154,257.4312087657086,249.7925161981688,257.3825988769531,22404700,0.0,0.0,MSFT,2026-01-08 10:04:44.635383+00:00
2022-07-22 00:00:00-04:00,257.77135640899604,257.85881862790734,251.7751080213908,253.0287628173828,21881300,0.0,0.0,MSFT,2026-01-08 10:04:44.635383+00:00
2022-07-25 00:00:00-04:00,253.65074968687145,254.13667066328307,249.57872953188095,251.54183959960938,21056000,0.0,0.0,MSFT,2026-01-08 10:04:44.635383+00:00
2022-07-26 00:00:00-04:00,252.54282977946914,252.56228559936346,242.54259767032684,244.80697631835938,39348000,0.0,0.0,MSFT,2026-01-08 10:04:44.635383+00:00
2022-07-27 00:00:00-04:00,253.80621209782652,262.4458704154243,251.56125987665692,261.1727600097656,45994000,0.0,0.0,MSFT,2026-01-08 10:04:44.635383+00:00
2022-07-28 00:00:00-04:00,262.1543304686785,270.01652721920226,260.32726310507684,268.6268005371094,33459300,0.0,0.0,MSFT,2026-01-08 10:04:44.635383+00:00
2022-07-29 00:00:00-04:00,269.880521724503,274.0594302515586,268.84064371868607,272.83489990234375,32152800,0.0,0.0,MSFT,2026-01-08 10:04:44.635383+00:00
2022-08-01 00:00:00-04:00,269.9970798740982,273.35964399702766,268.072822548011,270.1817321777344,21539600,0.0,0.0,MSFT,2026-01-08 10:04:44.635383+00:00
2022-08-02 00:00:00-04:00,268.22833970476506,270.0651349626204,264.71027709598764,267.0815734863281,22754200,0.0,0.0,MSFT,2026-01-08 10:04:44.635383+00:00
2022-08-03 00:00:00-04:00,268.96696554077175,275.5171702565812,268.8211655336045,274.51617431640625,23518900,0.0,0.0,MSFT,2026-01-08 10:04:44.635383+00:00
2022-08-04 00:00:00-04:00,273.864989686515,275.8086731609637,272.2809125677745,275.66290283203125,18098700,0.0,0.0,MSFT,2026-01-08 10:04:44.635383+00:00
2022-08-05 00:00:00-04:00,271.2896517042955,275.6629401132576,270.83288483969574,274.94378662109375,16774600,0.0,0.0,MSFT,2026-01-08 10:04:44.635383+00:00
2022-08-08 00:00:00-04:00,276.0517095079037,277.86907896921457,271.4549158080247,272.4267578125,18739200,0.0,0.0,MSFT,2026-01-08 10:04:44.635383+00:00
2022-08-09 00:00:00-04:00,271.765878834773,275.1089876320651,269.7930113371827,274.3509521484375,23405200,0.0,0.0,MSFT,2026-01-08 10:04:44.635383+00:00
2022-08-10 00:00:00-04:00,280.05567781115093,281.6494830162943,278.8603016635988,281.0177917480469,24687800,0.0,0.0,MSFT,2026-01-08 10:04:44.635383+00:00
2022-08-11 00:00:00-04:00,282.66025129822157,283.01010018184206,278.44246058218863,278.9380798339844,20065900,0.0,0.0,MSFT,2026-01-08 10:04:44.635383+00:00
2022-08-12 00:00:00-04:00,280.3569279405796,283.6903381347656,278.8602832920289,283.6903381347656,22619700,0.0,0.0,MSFT,2026-01-08 10:04:44.635383+00:00
2022-08-15 00:00:00-04:00,282.80597041000163,285.89642028825256,281.94101695182127,285.2064208984375,18085700,0.0,0.0,MSFT,2026-01-08 10:04:44.635383+00:00
2022-08-16 00:00:00-04:00,283.7681375602767,285.76043146556236,282.2423681526486,284.4678649902344,18102900,0.0,0.0,MSFT,2026-01-08 10:04:44.635383+00:00
2022-08-17 00:00:00-04:00,282.1791399463547,285.69495138930665,281.91619637542664,283.7179260253906,18253400,0.62,0.0,MSFT,2026-01-08 10:04:44.635383+00:00
2022-08-18 00:00:00-04:00,282.6174288216291,284.2925462222134,281.5363790671633,282.59796142578125,17186200,0.0,0.0,MSFT,2026-01-08 10:04:44.635383+00:00
2022-08-19 00:00:00-04:00,281.36109961223826,281.7019722471869,278.1082610446249,278.682861328125,20570000,0.0,0.0,MSFT,2026-01-08 10:04:44.635383+00:00
2022-08-22 00:00:00-04:00,274.71900818026165,275.0890966994029,269.9858458890411,270.50201416015625,25061100,0.0,0.0,MSFT,2026-01-08 10:04:44.635383+00:00
2022-08-23 00:00:00-04:00,269.22625732421875,271.5830904016893,268.21338796500265,269.22625732421875,17527400,0.0,0.0,MSFT,2026-01-08 10:04:44.635383+00:00
2022-08-24 00:00:00-04:00,268.22308164579806,269.99559523146576,267.93089241978953,268.5931701660156,18137000,0.0,0.0,MSFT,2026-01-08 10:04:44.635383+00:00
2022-08-25 00:00:00-04:00,270.0930099138864,271.7389114328781,267.35633975487536,271.5733642578125,16583400,0.0,0.0,MSFT,2026-01-08 10:04:44.635383+00:00
2022-08-26 00:00:00-04:00,271.797256174817,273.0243853618885,260.9869399464118,261.09405517578125,27549300,0.0,0.0,MSFT,2026-01-08 10:04:44.635383+00:00
2022-08-29 00:00:00-04:00,258.91262365576034,260.422164362544,256.9648138554104,258.3088073730469,20338500,0.0,0.0,MSFT,2026-01-08 10:04:44.635383+00:00
2022-08-30 00:00:00-04:00,259.711155479428,260.08121426548763,253.8579792613374,256.1076965332031,22767100,0.0,0.0,MSFT,2026-01-08 10:04:44.635383+00:00
2022-08-31 00:00:00-04:00,258.46455441213783,260.1396417810957,254.51047441783726,254.64683532714844,24791800,0.0,0.0,MSFT,2026-01-08 10:04:44.635383+00:00
2022-09-01 00:00:00-04:00,252.11466357044213,254.08196976325243,248.7449621832314,253.604736328125,23263400,0.0,0.0,MSFT,2026-01-08 10:04:44.635383+00:00
2022-09-02 00:00:00-04:00,254.87085770904451,257.83150643317526,247.82951641986838,249.37802124023438,22855400,0.0,0.0,MSFT,2026-01-08 10:04:44.635383+00:00
2022-09-06 00:00:00-04:00,249.51441895694776,251.1018587980026,245.36557504291272,246.64138793945312,21328200,0.0,0.0,MSFT,2026-01-08 10:04:44.635383+00:00
2022-09-07 00:00:00-04:00,248.05353553100252,252.0757520218553,246.6121606696536,251.35507202148438,24126700,0.0,0.0,MSFT,2026-01-08 10:04:44.635383+00:00
2022-09-08 00:00:00-04:00,250.79019548540293,253.63398041445726,248.1411587926692,251.77381896972656,20319900,0.0,0.0,MSFT,2026-01-08 10:04:44.635383+00:00
2022-09-09 00:00:00-04:00,253.70212334082444,258.30870234526543,253.497611716883,257.55877685546875,22084700,0.0,0.0,MSFT,2026-01-08 10:04:44.635383+00:00
2022-09-12 00:00:00-04:00,258.8444189971821,260.47085310586147,258.24060277088006,259.69171142578125,18747700,0.0,0.0,MSFT,2026-01-08 10:04:44.635383+00:00
2022-09-13 00:00:00-04:00,252.0855150926959,253.6048042043682,245.02470528633097,245.41427612304688,33353300,0.0,0.0,MSFT,2026-01-08 10:04:44.635383+00:00
2022-09-14 00:00:00-04:00,246.91404207019949,247.59577234574667,243.33981382641142,245.6382293701172,23913000,0.0,0.0,MSFT,2026-01-08 10:04:44.635383+00:00
2022-09-15 00:00:00-04:00,243.252171211811,244.83962570319943,237.65221941398767,238.9767303466797,31530900,0.0,0.0,MSFT,2026-01-08 10:04:44.635383+00:00
2022-09-16 00:00:00-04:00,237.88595437992277,238.89882358010237,235.74336703268992,238.3534393310547,39791800,0.0,0.0,MSFT,2026-01-08 10:04:44.635383+00:00
2022-09-19 00:00:00-04:00,236.14268298899873,238.74300685593585,234.5649620689847,238.13919067382812,26826900,0.0,0.0,MSFT,2026-01-08 10:04:44.635383+00:00
2022-09-20 00:00:00-04:00,235.75312576969003,237.1555361018201,233.38652954179466,236.12319946289062,26660300,0.0,0.0,MSFT,2026-01-08 10:04:44.635383+00:00
2022-09-21 00:00:00-04:00,237.89570341294743,241.1972397263064,232.66582510868037,232.7145233154297,28625600,0.0,0.0,MSFT,2026-01-08 10:04:44.635383+00:00
2022-09-22 00:00:00-04:00,231.66272958001582,237.4964246707398,231.37057002905777,234.6915740966797,31061200,0.0,0.0,MSFT,2026-01-08 10:04:44.635383+00:00
2022-09-23 00:00:00-04:00,233.28913142247737,234.83765123018225,229.0623884800835,231.71141052246094,34176000,0.0,0.0,MSFT,2026-01-08 10:04:44.635383+00:00
2022-09-26 00:00:00-04:00,230.86409095052775,235.14926529358794,230.71799634255217,231.25364685058594,27694200,0.0,0.0,MSFT,2026-01-08 10:04:44.635383+00:00
2022-09-27 00:00:00-04:00,233.71764626825262,235.49015995931182,228.38065266127452,230.24081420898438,27018700,0.0,0.0,MSFT,2026-01-08 10:04:44.635383+00:00
2022-09-28 00:00:00-04:00,230.63034693887,236.0063045149293,228.60462357889685,234.77919006347656,29029700,0.0,0.0,MSFT,2026-01-08 10:04:44.635383+00:00
2022-09-29 00:00:00-04:00,232.65609511384054,233.68843172668625,228.29300618270508,231.3023681640625,27484200,0.0,0.0,MSFT,2026-01-08 10:04:44.635383+00:00
2022-09-30 00:00:00-04:00,232.07173317953664,234.26301864836014,226.6568256876074,226.8223876953125,35694800,0.0,0.0,MSFT,2026-01-08 10:04:44.635383+00:00
2022-10-03 00:00:00-04:00,229.2669108311526,235.30511704742838,228.53648230029808,234.45782470703125,28880400,0.0,0.0,MSFT,2026-01-08 10:04:44.635383+00:00
2022-10-04 00:00:00-04:00,238.69428433273492,243.82676593965982,238.58715422805355,242.38539123535156,34888400,0.0,0.0,MSFT,2026-01-08 10:04:44.635383+00:00
2022-10-05 00:00:00-04:00,239.57084125103117,244.04106060731377,237.73016181840845,242.6970672607422,20347100,0.0,0.0,MSFT,2026-01-08 10:04:44.635383+00:00
2022-10-06 00:00:00-04:00,241.4602112106083,243.8073253575935,239.65849623742423,240.34996032714844,20239900,0.0,0.0,MSFT,2026-01-08 10:04:44.635383+00:00
2022-10-07 00:00:00-04:00,234.61361969677648,235.02267271918691,227.08534105905326,228.12742614746094,37769600,0.0,0.0,MSFT,2026-01-08 10:04:44.635383+00:00
2022-10-10 00:00:00-04:00,226.96849528328906,228.43908604327487,220.81341039260693,223.2676544189453,29743600,0.0,0.0,MSFT,2026-01-08 10:04:44.635383+00:00
2022-10-11 00:00:00-04:00,221.68018361933272,223.08260876857707,218.26178346350437,219.52786254882812,30474000,0.0,0.0,MSFT,2026-01-08 10:04:44.635383+00:00
2022-10-12 00:00:00-04:00,219.5181209293946,221.91393311184666,218.1157105964302,219.85899353027344,21903900,0.0,0.0,MSFT,2026-01-08 10:04:44.635383+00:00
2022-10-13 00:00:00-04:00,214.11293909981683,229.93888935580085,213.41172657654943,228.12742614746094,42551800,0.0,0.0,MSFT,2026-01-08 10:04:44.635383+00:00
2022-10-14 00:00:00-04:00,229.39352376407572,231.04917376716926,222.38141236844757,222.59567260742188,30198600,0.0,0.0,MSFT,2026-01-08 10:04:44.635383+00:00
2022-10-17 00:00:00-04:00,229.66621998295358,232.72428023302328,229.00395704070687,231.3315887451172,28142300,0.0,0.0,MSFT,2026-01-08 10:04:44.635383+00:00
2022-10-18 00:00:00-04:00,236.89260491773592,237.56458673552382,229.2279641654272,232.2762908935547,26329600,0.0,0.0,MSFT,2026-01-08 10:04:44.635383+00:00
2022-10-19 00:00:00-04:00,230.85432887453356,233.35727071067757,228.1760913518104,230.30894470214844,19985700,0.0,0.0,MSFT,2026-01-08 10:04:44.635383+00:00
2022-10-20 00:00:00-04:00,229.6175513830954,235.01297773075987,228.74102809891443,229.9876251220703,21811000,0.0,0.0,MSFT,2026-01-08 10:04:44.635383+00:00
2022-10-21 00:00:00-04:00,228.61442652290813,236.65887511740925,228.3806840124793,235.8018341064453,26299700,0.0,0.0,MSFT,2026-01-08 10:04:44.635383+00:00
2022-10-24 00:00:00-04:00,237.3989952337496,241.37252804090215,235.00319808540834,240.7979278564453,24911200,0.0,0.0,MSFT,2026-01-08 10:04:44.635383+00:00
2022-10-25 00:00:00-04:00,240.80765754624483,244.48901592120419,239.4149810348262,244.1189422607422,34775500,0.0,0.0,MSFT,2026-01-08 10:04:44.635383+00:00
2022-10-26 00:00:00-04:00,225.1375662552775,232.08151209348918,224.05653135483254,225.28366088867188,82543200,0.0,0.0,MSFT,2026-01-08 10:04:44.635383+00:00
2022-10-27 00:00:00-04:00,225.01093027224846,227.59178658537854,219.8881970156547,220.8328857421875,40424600,0.0,0.0,MSFT,2026-01-08 10:04:44.635383+00:00
2022-10-28 00:00:00-04:00,220.33619766891604,230.4258506343881,220.1511534041053,229.7148895263672,40647700,0.0,0.0,MSFT,2026-01-08 10:04:44.635383+00:00
2022-10-31 00:00:00-04:00,227.65994900462596,228.7896819818967,225.11805723606972,226.07249450683594,28357300,0.0,0.0,MSFT,2026-01-08 10:04:44.635383+00:00
2022-11-01 00:00:00-04:00,228.47803488612004,229.58828558322924,221.3977439800207,222.2158203125,30592300,0.0,0.0,MSFT,2026-01-08 10:04:44.635383+00:00
2022-11-02 00:00:00-04:00,223.47217862480318,225.26415970324368,214.2979832888999,214.35643005371094,38407000,0.0,0.0,MSFT,2026-01-08 10:04:44.635383+00:00
2022-11-03 00:00:00-04:00,214.34667250941115,214.65832913291175,208.39611445747363,208.65907287597656,36633900,0.0,0.0,MSFT,2026-01-08 10:04:44.635383+00:00
2022-11-04 00:00:00-04:00,211.87295694935526,215.80752514784365,207.860459735956,215.6127471923828,36789100,0.0,0.0,MSFT,2026-01-08 10:04:44.635383+00:00
2022-11-07 00:00:00-05:00,216.1971107205747,222.44957714073567,215.50563184165273,221.9236602783203,33498000,0.0,0.0,MSFT,2026-01-08 10:04:44.635383+00:00
2022-11-08 00:00:00-05:00,222.73200573046222,225.6050216725194,219.94663764635982,222.89756774902344,28192500,0.0,0.0,MSFT,2026-01-08 10:04:44.635383+00:00
2022-11-09 00:00:00-05:00,221.4367201317789,222.66384963798401,218.47605620531436,218.65135192871094,27852900,0.0,0.0,MSFT,2026-01-08 10:04:44.635383+00:00
2022-11-10 00:00:00-05:00,229.28641945852246,236.98027695014923,228.86764749194876,236.639404296875,46268000,0.0,0.0,MSFT,2026-01-08 10:04:44.635383+00:00
2022-11-11 00:00:00-05:00,236.64909297043917,241.51861615288743,235.61674157285157,240.6615753173828,34620200,0.0,0.0,MSFT,2026-01-08 10:04:44.635383+00:00
2022-11-14 00:00:00-05:00,235.67520929864517,237.54510458377084,232.9677553572084,235.24668884277344,31123300,0.0,0.0,MSFT,2026-01-08 10:04:44.635383+00:00
2022-11-15 00:00:00-05:00,239.24944207060548,240.5544708560725,233.76635362727728,235.65573120117188,31390100,0.0,0.0,MSFT,2026-01-08 10:04:44.635383+00:00
2022-11-16 00:00:00-05:00,237.12067984603283,238.10710518850516,234.80602574594815,236.08543395996094,24093300,0.68,0.0,MSFT,2026-01-08 10:04:44.635383+00:00
2022-11-17 00:00:00-05:00,232.22767936193608,237.5699524551827,232.08118792162216,236.03660583496094,23123500,0.0,0.0,MSFT,2026-01-08 10:04:44.635383+00:00
2022-11-18 00:00:00-05:00,237.82386161024547,238.0485016751928,233.44847699378025,235.58734130859375,27613500,0.0,0.0,MSFT,2026-01-08 10:04:44.635383+00:00
2022-11-21 00:00:00-05:00,235.79243178186513,238.95678085777178,235.55804548901057,236.39796447753906,26394700,0.0,0.0,MSFT,2026-01-08 10:04:44.635383+00:00
2022-11-22 00:00:00-05:00,237.9019875618103,239.58182546634563,235.0892478515877,239.30836486816406,19665700,0.0,0.0,MSFT,2026-01-08 10:04:44.635383+00:00
2022-11-23 00:00:00-05:00,239.3865485548775,242.48252553949445,238.56616658912475,241.7988739013672,19508500,0.0,0.0,MSFT,2026-01-08 10:04:44.635383+00:00
2022-11-25 00:00:00-05:00,241.53510238359647,242.89264412556477,240.96864408013352,241.71090698242188,9200800,0.0,0.0,MSFT,2026-01-08 10:04:44.635383+00:00
2022-11-28 00:00:00-05:00,240.33386298973988,240.89054534482318,235.17715584666723,236.11473083496094,24778200,0.0,0.0,MSFT,2026-01-08 10:04:44.635383+00:00
2022-11-29 00:00:00-05:00,235.76311604830295,237.12065786973847,232.6476175506084,234.71810913085938,17956300,0.0,0.0,MSFT,2026-01-08 10:04:44.635383+00:00
2022-11-30 00:00:00-05:00,234.95255326462177,249.36789304086898,234.25912563366484,249.1823272705078,47594200,0.0,0.0,MSFT,2026-01-08 10:04:44.635383+00:00
2022-12-01 00:00:00-05:00,247.94198394884265,250.13944514793937,245.06087113496886,248.7428436279297,26041500,0.0,0.0,MSFT,2026-01-08 10:04:44.635383+00:00
2022-12-02 00:00:00-05:00,243.98653586131007,250.08081797025935,243.85956668321174,249.0651092529297,21528500,0.0,0.0,MSFT,2026-01-08 10:04:44.635383+00:00
2022-12-05 00:00:00-05:00,246.12539896649085,247.89314681984325,242.26763698881598,244.357666015625,23435300,0.0,0.0,MSFT,2026-01-08 10:04:44.635383+00:00
2022-12-06 00:00:00-05:00,244.96319927673994,245.97890805258777,238.08757944681767,239.3962860107422,22463700,0.0,0.0,MSFT,2026-01-08 10:04:44.635383+00:00
2022-12-07 00:00:00-05:00,239.11306837036958,240.41201382796567,236.55425177558644,238.66380310058594,20481500,0.0,0.0,MSFT,2026-01-08 10:04:44.635383+00:00
2022-12-08 00:00:00-05:00,239.12281178477338,242.93175300820135,237.38437721752427,241.62303161621094,22611800,0.0,0.0,MSFT,2026-01-08 10:04:44.635383+00:00
2022-12-09 00:00:00-05:00,238.9861117576139,242.51181678446366,238.4587276242361,239.68930053710938,20609700,0.0,0.0,MSFT,2026-01-08 10:04:44.635383+00:00
2022-12-12 00:00:00-05:00,241.6718654401659,246.6430067827901,241.39840482934278,246.61370849609375,30665100,0.0,0.0,MSFT,2026-01-08 10:04:44.635383+00:00
2022-12-13 00:00:00-05:00,255.579352180181,257.7572908019212,247.16064016484373,250.92074584960938,42196900,0.0,0.0,MSFT,2026-01-08 10:04:44.635383+00:00
2022-12-14 00:00:00-05:00,251.125865506393,256.45836289594854,248.37170703954448,251.21376037597656,35410900,0.0,0.0,MSFT,2026-01-08 10:04:44.635383+00:00
2022-12-15 00:00:00-05:00,247.7954748351082,248.26426235147312,241.564447199208,243.19544982910156,35560400,0.0,0.0,MSFT,2026-01-08 10:04:44.635383+00:00
2022-12-16 00:00:00-05:00,242.74620073337888,244.0060718471809,237.82387962727623,238.97633361816406,86102000,0.0,0.0,MSFT,2026-01-08 10:04:44.635383+00:00
2022-12-19 00:00:00-05:00,239.14236978569437,239.48420303255193,233.13598200938617,234.83534240722656,29696400,0.0,0.0,MSFT,2026-01-08 10:04:44.635383+00:00
2022-12-20 00:00:00-05:00,233.80982617655218,237.23787460638482,232.8527140773399,236.15379333496094,25150800,0.0,0.0,MSFT,2026-01-08 10:04:44.635383+00:00
2022-12-21 00:00:00-05:00,236.04637204350925,239.88459664487903,234.5032643589745,238.72238159179688,23690600,0.0,0.0,MSFT,2026-01-08 10:04:44.635383+00:00
2022-12-22 00:00:00-05:00,235.626387659586,236.33935232665362,228.40895045227447,232.62808227539062,28651700,0.0,0.0,MSFT,2026-01-08 10:04:44.635383+00:00
2022-12-23 00:00:00-05:00,230.59667062115278,233.29221736870184,228.47734339350782,233.15548706054688,21207000,0.0,0.0,MSFT,2026-01-08 10:04:44.635383+00:00
2022-12-27 00:00:00-05:00,233.1261944200352,233.35081959548367,230.32321558372178,231.4268341064453,16688600,0.0,0.0,MSFT,2026-01-08 10:04:44.635383+00:00
2022-12-28 00:00:00-05:00,231.35845128578754,234.122370583587,228.70196400671827,229.05355834960938,17457100,0.0,0.0,MSFT,2026-01-08 10:04:44.635383+00:00
2022-12-29 00:00:00-05:00,230.14742187789756,236.27101770155872,230.14742187789756,235.38226318359375,19770700,0.0,0.0,MSFT,2026-01-08 10:04:44.635383+00:00
2022-12-30 00:00:00-05:00,232.64762583994687,234.35676203802836,231.13381651257768,234.22003173828125,21938500,0.0,0.0,MSFT,2026-01-08 10:04:44.635383+00:00
2023-01-03 00:00:00-05:00,237.40389855359157,240.01155023066832,231.85652313264055,233.98562622070312,25740000,0.0,0.0,MSFT,2026-01-08 10:04:44.635383+00:00
2023-01-04 00:00:00-05:00,226.85608843916458,227.43230792474532,220.683672878356,223.75035095214844,50623400,0.0,0.0,MSFT,2026-01-08 10:04:44.635383+00:00
2023-01-05 00:00:00-05:00,221.89474199984065,222.23657525283872,216.58176684830784,217.11892700195312,39585600,0.0,0.0,MSFT,2026-01-08 10:04:44.635383+00:00
2023-01-06 00:00:00-05:00,217.79282338281794,220.48837045082183,214.2280589162467,219.67774963378906,43613600,0.0,0.0,MSFT,2026-01-08 10:04:44.635383+00:00
2023-01-09 00:00:00-05:00,221.1622360976978,225.8403946978241,221.12317668189198,221.81658935546875,27369800,0.0,0.0,MSFT,2026-01-08 10:04:44.635383+00:00
2023-01-10 00:00:00-05:00,222.4416360207006,225.90874396659487,222.02168398090183,223.50619506835938,27033900,0.0,0.0,MSFT,2026-01-08 10:04:44.635383+00:00
2023-01-11 00:00:00-05:00,225.88923313752792,230.44042291749267,225.7134433987462,230.26463317871094,28669300,0.0,0.0,MSFT,2026-01-08 10:04:44.635383+00:00
2023-01-12 00:00:00-05:00,229.76651770584309,234.29817003437267,228.10621681309263,232.9406280517578,27269500,0.0,0.0,MSFT,2026-01-08 10:04:44.635383+00:00
2023-01-13 00:00:00-05:00,231.46589026262427,233.78054439645499,229.4344578762405,233.64381408691406,21333300,0.0,0.0,MSFT,2026-01-08 10:04:44.635383+00:00
2023-01-17 00:00:00-05:00,232.41324073937315,235.28459213527947,231.55378456577233,234.7376708984375,29831300,0.0,0.0,MSFT,2026-01-08 10:04:44.635383+00:00
2023-01-18 00:00:00-05:00,235.9291745717664,236.7202581070154,230.0204434260072,230.3036651611328,30028700,0.0,0.0,MSFT,2026-01-08 10:04:44.635383+00:00
2023-01-19 00:00:00-05:00,228.32105876899536,230.02043381620862,225.29344015559448,226.51425170898438,28623000,0.0,0.0,MSFT,2026-01-08 10:04:44.635383+00:00
2023-01-20 00:00:00-05:00,229.37587644436226,235.11857962918376,229.03404319669926,234.6107177734375,35389800,0.0,0.0,MSFT,2026-01-08 10:04:44.635383+00:00
2023-01-23 00:00:00-05:00,235.4701667569778,239.4451219045726,234.05401326238723,236.9156036376953,31934000,0.0,0.0,MSFT,2026-01-08 10:04:44.635383+00:00
2023-01-24 00:00:00-05:00,236.83746410442902,238.2536026618758,234.82556885560982,236.38819885253906,40234400,0.0,0.0,MSFT,2026-01-08 10:04:44.635383+00:00
2023-01-25 00:00:00-05:00,229.00472733419514,237.61878145041626,225.5083209962778,234.99159240722656,66526600,0.0,0.0,MSFT,2026-01-08 10:04:44.635383+00:00
2023-01-26 00:00:00-05:00,237.96061466071725,242.51180433252105,236.34914915023313,242.20904541015625,33454500,0.0,0.0,MSFT,2026-01-08 10:04:44.635383+00:00
2023-01-27 00:00:00-05:00,243.17590081279988,243.99628260178545,241.06633486756434,242.3652801513672,26498900,0.0,0.0,MSFT,2026-01-08 10:04:44.635383+00:00
2023-01-30 00:00:00-05:00,238.80051357034338,239.86507262695676,236.54445608504085,237.0425567626953,25867400,0.0,0.0,MSFT,2026-01-08 10:04:44.635383+00:00
2023-01-31 00:00:00-05:00,237.765261353504,242.1601830602323,237.27693671942308,242.02345275878906,26541100,0.0,0.0,MSFT,2026-01-08 10:04:44.635383+00:00
2023-02-01 00:00:00-05:00,242.2090148020215,249.22134928704855,239.7380933835384,246.8480987548828,31259900,0.0,0.0,MSFT,2026-01-08 10:04:44.635383+00:00
2023-02-02 00:00:00-05:00,252.77638533264104,258.50931209894077,251.24303873990777,258.4214172363281,39940400,0.0,0.0,MSFT,2026-01-08 10:04:44.635383+00:00
2023-02-03 00:00:00-05:00,253.47959800298776,258.0307878622556,251.0965710413973,252.3173828125,29077300,0.0,0.0,MSFT,2026-01-08 10:04:44.635383+00:00
2023-02-06 00:00:00-05:00,251.42859910463446,252.26850319934903,248.83070838044688,250.77423095703125,22518000,0.0,0.0,MSFT,2026-01-08 10:04:44.635383+00:00
2023-02-07 00:00:00-05:00,254.4464132204565,262.49399303825874,254.0069091613423,261.312255859375,50841400,0.0,0.0,MSFT,2026-01-08 10:04:44.635383+00:00
2023-02-08 00:00:00-05:00,266.82063188656974,270.29750141679074,259.99383221379736,260.501708984375,54686000,0.0,0.0,MSFT,2026-01-08 10:04:44.635383+00:00
2023-02-09 00:00:00-05:00,267.4066092650487,267.5824288189988,256.6634652436556,257.4643249511719,42375100,0.0,0.0,MSFT,2026-01-08 10:04:44.635383+00:00
2023-02-10 00:00:00-05:00,255.42304410361132,257.92326347563693,254.57336413487155,256.9563903808594,25818500,0.0,0.0,MSFT,2026-01-08 10:04:44.635383+00:00
2023-02-13 00:00:00-05:00,261.39046487819326,268.1879364908774,260.9118863953709,264.9845275878906,44630900,0.0,0.0,MSFT,2026-01-08 10:04:44.635383+00:00
2023-02-14 00:00:00-05:00,266.3029914231284,268.5492730065141,262.9921358196889,265.8146667480469,37047900,0.0,0.0,MSFT,2026-01-08 10:04:44.635383+00:00
2023-02-15 00:00:00-05:00,262.710876554926,265.0704999795345,260.61559812325817,263.6899719238281,28922400,0.68,0.0,MSFT,2026-01-08 10:04:44.635383+00:00
2023-02-16 00:00:00-05:00,258.50076451207207,261.16390527520997,256.42508698249515,256.66986083984375,29603600,0.0,0.0,MSFT,2026-01-08 10:04:44.635383+00:00
2023-02-17 00:00:00-05:00,253.96768048895106,254.65302963894084,250.64853129867043,252.66546630859375,30000100,0.0,0.0,MSFT,2026-01-08 10:04:44.635383+00:00
2023-02-21 00:00:00-05:00,249.16025274812105,250.14914889990592,246.3306669635564,247.38809204101562,28397400,0.0,0.0,MSFT,2026-01-08 10:04:44.635383+00:00
2023-02-22 00:00:00-05:00,248.77838767780975,249.0231615682259,245.10677932156742,246.2523193359375,22491100,0.0,0.0,MSFT,2026-01-08 10:04:44.635383+00:00
2023-02-23 00:00:00-05:00,250.2176469727612,251.470888034521,245.24383997273418,249.4441680908203,29219100,0.0,0.0,MSFT,2026-01-08 10:04:44.635383+00:00
2023-02-24 00:00:00-05:00,244.73472895258075,245.75298174565887,242.9136106416539,244.01019287109375,24990900,0.0,0.0,MSFT,2026-01-08 10:04:44.635383+00:00
2023-02-27 00:00:00-05:00,247.18248010394746,247.53495511519347,244.17664946084787,244.93055725097656,21190000,0.0,0.0,MSFT,2026-01-08 10:04:44.635383+00:00
2023-02-28 00:00:00-05:00,243.8633496718303,246.23275924474,243.53044581164914,244.20602416992188,22491000,0.0,0.0,MSFT,2026-01-08 10:04:44.635383+00:00
2023-03-01 00:00:00-05:00,245.51801706479446,245.68446153065187,240.65191054363095,241.12188720703125,27565300,0.0,0.0,MSFT,2026-01-08 10:04:44.635383+00:00
2023-03-02 00:00:00-05:00,241.3960138819759,246.14461839541934,240.47566166300976,245.86068725585938,24808200,0.0,0.0,MSFT,2026-01-08 10:04:44.635383+00:00
2023-03-03 00:00:00-05:00,246.9181207220463,250.27641144489547,246.1348412573584,249.95330810546875,30760100,0.0,0.0,MSFT,2026-01-08 10:04:44.635383+00:00
2023-03-06 00:00:00-05:00,251.06947021639408,254.68233526542298,250.62888019720313,251.50027465820312,24109800,0.0,0.0,MSFT,2026-01-08 10:04:44.635383+00:00
2023-03-07 00:00:00-05:00,250.94217713898314,252.30313429367388,248.09302044698885,248.83712768554688,21473200,0.0,0.0,MSFT,2026-01-08 10:04:44.635383+00:00
2023-03-08 00:00:00-05:00,248.72943432146894,249.21898211098042,245.56695978437247,248.39654541015625,17340200,0.0,0.0,MSFT,2026-01-08 10:04:44.635383+00:00
2023-03-09 00:00:00-05:00,250.47222930235247,254.1340370763852,246.32085881638,247.04539489746094,26653400,0.0,0.0,MSFT,2026-01-08 10:04:44.635383+00:00
2023-03-10 00:00:00-05:00,245.8313095923703,247.50555459686285,242.4240613016346,243.3933563232422,28333900,0.0,0.0,MSFT,2026-01-08 10:04:44.635383+00:00
2023-03-13 00:00:00-04:00,242.2282016193256,252.51850407419997,240.5931140560638,248.61190795898438,33339700,0.0,0.0,MSFT,2026-01-08 10:04:44.635383+00:00
2023-03-14 00:00:00-04:00,251.38280884404745,255.61250923504636,250.51141431069084,255.33836364746094,33620300,0.0,0.0,MSFT,2026-01-08 10:04:44.635383+00:00
2023-03-15 00:00:00-04:00,254.54529007919024,260.9094116100634,253.79136732872547,259.8911437988281,46028000,0.0,0.0,MSFT,2026-01-08 10:04:44.635383+00:00
2023-03-16 00:00:00-04:00,259.66589855598056,270.77863800186395,257.77625148946686,270.4261779785156,54768800,0.0,0.0,MSFT,2026-01-08 10:04:44.635383+00:00
2023-03-17 00:00:00-04:00,272.44312854039293,277.4071201106938,270.54368084412533,273.5886535644531,69527400,0.0,0.0,MSFT,2026-01-08 10:04:44.635383+00:00
2023-03-20 00:00:00-04:00,271.189857247299,271.67940495199,264.2089021976658,266.5391540527344,43466600,0.0,0.0,MSFT,2026-01-08 10:04:44.635383+00:00
2023-03-21 00:00:00-04:00,269.1337737128017,269.2512603911417,263.8858063365012,268.0567626953125,34558700,0.0,0.0,MSFT,2026-01-08 10:04:44.635383+00:00
2023-03-22 00:00:00-04:00,267.68471260704814,275.16501681749725,266.49021486222443,266.5979309082031,34873300,0.0,0.0,MSFT,2026-01-08 10:04:44.635383+00:00
2023-03-23 00:00:00-04:00,272.12976684360143,275.1845395871269,269.44705511774464,271.8556213378906,36610900,0.0,0.0,MSFT,2026-01-08 10:04:44.635383+00:00
2023-03-24 00:00:00-04:00,271.44442920855886,274.76357732451373,269.5254103782394,274.704833984375,28172000,0.0,0.0,MSFT,2026-01-08 10:04:44.635383+00:00
2023-03-27 00:00:00-04:00,274.6362546679593,275.5761778684438,269.7603489086351,270.6023864746094,26840200,0.0,0.0,MSFT,2026-01-08 10:04:44.635383+00:00
2023-03-28 00:00:00-04:00,270.0247926282162,270.3674820752308,266.3629546475742,269.47650146484375,21878600,0.0,0.0,MSFT,2026-01-08 10:04:44.635383+00:00
2023-03-29 00:00:00-04:00,273.12847169713626,275.26292259083164,272.58998112520123,274.6460876464844,25087000,0.0,0.0,MSFT,2026-01-08 10:04:44.635383+00:00
2023-03-30 00:00:00-04:00,278.28835097959796,278.51352384288515,275.59583810054556,278.1120910644531,25053400,0.0,0.0,MSFT,2026-01-08 10:04:44.635383+00:00
2023-03-31 00:00:00-04:00,277.79878010007826,283.22294771783334,277.0840296203647,282.2732238769531,32766000,0.0,0.0,MSFT,2026-01-08 10:04:44.635383+00:00
2023-04-03 00:00:00-04:00,280.5304371238125,282.243854280698,278.01418435050056,281.2256164550781,24883300,0.0,0.0,MSFT,2026-01-08 10:04:44.635383+00:00
2023-04-04 00:00:00-04:00,281.2256389673713,284.3783279836004,279.6982522270493,281.1766662597656,25824300,0.0,0.0,MSFT,2026-01-08 10:04:44.635383+00:00
2023-04-05 00:00:00-04:00,279.87447046132644,281.14728273137956,277.00572765537777,278.3960266113281,22064800,0.0,0.0,MSFT,2026-01-08 10:04:44.635383+00:00
2023-04-06 00:00:00-04:00,277.2896463361067,285.9742192087345,276.1343207416053,285.5042724609375,29770300,0.0,0.0,MSFT,2026-01-08 10:04:44.635383+00:00
2023-04-10 00:00:00-04:00,283.16419420739436,283.5460557851989,278.75826456602096,283.3404541015625,23103000,0.0,0.0,MSFT,2026-01-08 10:04:44.635383+00:00
2023-04-11 00:00:00-04:00,279.77657491179383,280.0017776622644,275.7525062342862,276.9176025390625,27276600,0.0,0.0,MSFT,2026-01-08 10:04:44.635383+00:00
2023-04-12 00:00:00-04:00,278.83662385276324,281.01021712063323,276.0657667752644,277.56378173828125,27403400,0.0,0.0,MSFT,2026-01-08 10:04:44.635383+00:00
2023-04-13 00:00:00-04:00,277.6616894967238,283.8397797166335,277.2504861189615,283.7810363769531,24222700,0.0,0.0,MSFT,2026-01-08 10:04:44.635383+00:00
2023-04-14 00:00:00-04:00,281.00045519332065,282.44952753077473,277.75965094017215,280.158447265625,20987900,0.0,0.0,MSFT,2026-01-08 10:04:44.635383+00:00
2023-04-17 00:00:00-04:00,283.8691389960497,285.50424155811174,280.1779598756737,282.76275634765625,23836200,0.0,0.0,MSFT,2026-01-08 10:04:44.635383+00:00
2023-04-18 00:00:00-04:00,285.47488392928074,285.6609144658387,281.0102108111372,282.3417663574219,20161800,0.0,0.0,MSFT,2026-01-08 10:04:44.635383+00:00
2023-04-19 00:00:00-04:00,280.01147831348476,283.0075077875069,278.59180793950236,282.4200744628906,17150300,0.0,0.0,MSFT,2026-01-08 10:04:44.635383+00:00
2023-04-20 00:00:00-04:00,279.28699001904164,282.98796979588815,279.1205306378155,280.1289978027344,23244400,0.0,0.0,MSFT,2026-01-08 10:04:44.635383+00:00
2023-04-21 00:00:00-04:00,279.0520552301976,280.285695406569,277.1428067987354,279.786376953125,21676400,0.0,0.0,MSFT,2026-01-08 10:04:44.635383+00:00
2023-04-24 00:00:00-04:00,276.19304795792937,278.9932766450886,272.8935008803915,275.8797302246094,26611000,0.0,0.0,MSFT,2026-01-08 10:04:44.635383+00:00
2023-04-25 00:00:00-04:00,273.6669722958412,275.71327815222014,269.61350288682667,269.6624755859375,45772200,0.0,0.0,MSFT,2026-01-08 10:04:44.635383+00:00
2023-04-26 00:00:00-04:00,290.49761766973296,293.3076166921967,286.610607729351,289.1954040527344,64599200,0.0,0.0,MSFT,2026-01-08 10:04:44.635383+00:00
2023-04-27 00:00:00-04:00,289.78292984563893,298.8199931125039,289.0779798089215,298.45770263671875,46462600,0.0,0.0,MSFT,2026-01-08 10:04:44.635383+00:00
2023-04-28 00:00:00-04:00,297.6548232687838,302.47195624653347,296.96944448822813,300.8368835449219,36469600,0.0,0.0,MSFT,2026-01-08 10:04:44.635383+00:00
2023-05-01 00:00:00-04:00,300.55292192498604,302.1488522384796,298.77096109153786,299.1723937988281,21294100,0.0,0.0,MSFT,2026-01-08 10:04:44.635383+00:00
2023-05-02 00:00:00-04:00,301.32645423519284,302.7167531753242,297.556930414214,299.02557373046875,26404400,0.0,0.0,MSFT,2026-01-08 10:04:44.635383+00:00
2023-05-03 00:00:00-04:00,300.21027546467184,302.1586660652437,297.733164896042,298.03668212890625,22360800,0.0,0.0,MSFT,2026-01-08 10:04:44.635383+00:00
2023-05-04 00:00:00-04:00,299.83820988509484,301.32645423519284,297.05758212520743,299.02557373046875,22519900,0.0,0.0,MSFT,2026-01-08 10:04:44.635383+00:00
2023-05-05 00:00:00-04:00,299.32907229863827,305.44841906822023,297.9093718962461,304.156005859375,28197100,0.0,0.0,MSFT,2026-01-08 10:04:44.635383+00:00
2023-05-08 00:00:00-04:00,303.6469176772524,303.7154615391141,299.6913631590147,302.1978454589844,21318600,0.0,0.0,MSFT,2026-01-08 10:04:44.635383+00:00
2023-05-09 00:00:00-04:00,301.5614013671875,303.55876446980983,299.90672765113413,300.5823059082031,21340800,0.0,0.0,MSFT,2026-01-08 10:04:44.635383+00:00
2023-05-10 00:00:00-04:00,302.1685065895515,306.45695048571525,301.2383836132989,305.7813720703125,30078000,0.0,0.0,MSFT,2026-01-08 10:04:44.635383+00:00
2023-05-11 00:00:00-04:00,303.61754869817486,304.6162154441753,299.8578252148701,303.6273193359375,31680200,0.0,0.0,MSFT,2026-01-08 10:04:44.635383+00:00
2023-05-12 00:00:00-04:00,304.05809666453393,304.1560121908101,300.19068735342637,302.5111389160156,19774700,0.0,0.0,MSFT,2026-01-08 10:04:44.635383+00:00
2023-05-15 00:00:00-04:00,302.63841521778266,303.4216796405487,301.15997149921776,302.9908752441406,16336500,0.0,0.0,MSFT,2026-01-08 10:04:44.635383+00:00
2023-05-16 00:00:00-04:00,303.35316000473966,307.15205550564514,303.35316000473966,305.2232360839844,26730300,0.0,0.0,MSFT,2026-01-08 10:04:44.635383+00:00
2023-05-17 00:00:00-04:00,306.4301577933981,308.5299869808576,304.90922423008425,308.1080627441406,24315000,0.68,0.0,MSFT,2026-01-08 10:04:44.635383+00:00
2023-05-18 00:00:00-04:00,308.6281218082049,313.0535052333268,307.83332313670064,312.5432434082031,27276000,0.0,0.0,MSFT,2026-01-08 10:04:44.635383+00:00
2023-05-19 00:00:00-04:00,310.79668509180397,312.76897905978745,310.4336325582829,312.3666687011719,27546700,0.0,0.0,MSFT,2026-01-08 10:04:44.635383+00:00
2023-05-22 00:00:00-04:00,312.62177529023154,316.53689709363704,312.04284968121516,315.1533508300781,24115700,0.0,0.0,MSFT,2026-01-08 10:04:44.635383+00:00
2023-05-23 00:00:00-04:00,314.0249365560636,316.664463629214,309.33462996251853,309.3444519042969,30797200,0.0,0.0,MSFT,2026-01-08 10:04:44.635383+00:00
2023-05-24 00:00:00-04:00,308.8243994042462,310.5611762447715,306.7441540494219,307.9609069824219,23384900,0.0,0.0,MSFT,2026-01-08 10:04:44.635383+00:00
2023-05-25 00:00:00-04:00,317.1746779116198,320.76600484441417,313.99548322633484,319.8044128417969,43301700,0.0,0.0,MSFT,2026-01-08 10:04:44.635383+00:00
2023-05-26 00:00:00-04:00,317.9400583040085,327.14405620676587,317.8027008438637,326.6436462402344,36630600,0.0,0.0,MSFT,2026-01-08 10:04:44.635383+00:00
2023-05-30 00:00:00-04:00,328.93967357756225,329.4400834510408,324.3180316020415,324.9950866699219,29503100,0.0,0.0,MSFT,2026-01-08 10:04:44.635383+00:00
2023-05-31 00:00:00-04:00,326.05487171947954,329.63637661307075,321.1879203022461,322.2280578613281,45950600,0.0,0.0,MSFT,2026-01-08 10:04:44.635383+00:00
2023-06-01 00:00:00-04:00,319.81420387671255,327.27160256990936,318.626916843916,326.33941650390625,26773900,0.0,0.0,MSFT,2026-01-08 10:04:44.635383+00:00
2023-06-02 00:00:00-04:00,327.9780910808691,331.16710767327845,326.30997811609336,329.10650634765625,25873800,0.0,0.0,MSFT,2026-01-08 10:04:44.635383+00:00
2023-06-05 00:00:00-04:00,328.92992247927083,332.20724701987933,328.3804327326386,329.63641357421875,21307100,0.0,0.0,MSFT,2026-01-08 10:04:44.635383+00:00
2023-06-06 00:00:00-04:00,329.03782599435294,329.07708381551254,325.9371468564524,327.4187927246094,20396200,0.0,0.0,MSFT,2026-01-08 10:04:44.635383+00:00
2023-06-07 00:00:00-04:00,325.42691423177007,328.2136208854049,316.44861079811517,317.3121032714844,40717100,0.0,0.0,MSFT,2026-01-08 10:04:44.635383+00:00
2023-06-08 00:00:00-04:00,317.8615607379673,320.51090965341575,317.28263514872793,319.15679931640625,23277700,0.0,0.0,MSFT,2026-01-08 10:04:44.635383+00:00
2023-06-09 00:00:00-04:00,318.8918385067795,323.79801789828633,318.32273487313944,320.6580810546875,22529000,0.0,0.0,MSFT,2026-01-08 10:04:44.635383+00:00
2023-06-12 00:00:00-04:00,322.4144778795906,325.8684474019989,319.05866788081994,325.6231384277344,24260300,0.0,0.0,MSFT,2026-01-08 10:04:44.635383+00:00
2023-06-13 00:00:00-04:00,328.19397978099306,330.65689152573293,324.1905503980353,328.0173645019531,22951300,0.0,0.0,MSFT,2026-01-08 10:04:44.635383+00:00
2023-06-14 00:00:00-04:00,328.06636349307234,332.67818358645866,326.56507396393835,331.01007080078125,26003800,0.0,0.0,MSFT,2026-01-08 10:04:44.635383+00:00
2023-06-15 00:00:00-04:00,331.1475163947217,343.2755782609129,330.87277152883553,341.5682373046875,38899100,0.0,0.0,MSFT,2026-01-08 10:04:44.635383+00:00
2023-06-16 00:00:00-04:00,344.7278258132524,344.87500521875836,335.53364962832507,335.906494140625,46552000,0.0,0.0,MSFT,2026-01-08 10:04:44.635383+00:00
2023-06-20 00:00:00-04:00,332.94318456860884,335.6611975068298,329.55790839262113,331.7068176269531,26375400,0.0,0.0,MSFT,2026-01-08 10:04:44.635383+00:00
2023-06-21 00:00:00-04:00,330.058326488485,331.39282293074336,325.83902394821615,327.3010559082031,25117800,0.0,0.0,MSFT,2026-01-08 10:04:44.635383+00:00
2023-06-22 00:00:00-04:00,327.8505873806374,333.738003737129,327.08522445209144,333.335693359375,23556800,0.0,0.0,MSFT,2026-01-08 10:04:44.635383+00:00
2023-06-23 00:00:00-04:00,328.0860537439725,331.6185093238912,327.19315533781804,328.7336730957031,23146900,0.0,0.0,MSFT,2026-01-08 10:04:44.635383+00:00
2023-06-26 00:00:00-04:00,327.4580973931773,329.803235992687,322.32622204658753,322.4341735839844,21520600,0.0,0.0,MSFT,2026-01-08 10:04:44.635383+00:00
2023-06-27 00:00:00-04:00,325.63294331118817,329.8424538607447,323.120981710903,328.2921142578125,24354100,0.0,0.0,MSFT,2026-01-08 10:04:44.635383+00:00
2023-06-28 00:00:00-04:00,328.3804225415333,331.6381330418555,327.54636600540425,329.548095703125,20259500,0.0,0.0,MSFT,2026-01-08 10:04:44.635383+00:00
2023-06-29 00:00:00-04:00,328.4294754124527,329.80319974916614,326.37869587676175,328.7630920410156,16997000,0.0,0.0,MSFT,2026-01-08 10:04:44.635383+00:00
2023-06-30 00:00:00-04:00,331.4124591410468,336.2990252033071,330.87279131879563,334.1501159667969,26832800,0.0,0.0,MSFT,2026-01-08 10:04:44.635383+00:00
2023-07-03 00:00:00-04:00,332.8254137820231,334.5033188190337,330.25458046527325,331.6479187011719,12508700,0.0,0.0,MSFT,2026-01-08 10:04:44.635383+00:00
2023-07-05 00:00:00-04:00,328.80235201893055,335.23925747739463,328.4491214492935,331.804931640625,18172400,0.0,0.0,MSFT,2026-01-08 10:04:44.635383+00:00
2023-07-06 00:00:00-04:00,330.9708256570031,336.55405979331294,329.20461318273215,334.8663330078125,28161200,0.0,0.0,MSFT,2026-01-08 10:04:44.635383+00:00
2023-07-07 00:00:00-04:00,332.9529351303875,335.37658872716156,330.67646091298434,330.892333984375,21214800,0.0,0.0,MSFT,2026-01-08 10:04:44.635383+00:00
2023-07-10 00:00:00-04:00,328.32152762825416,328.9397110166737,321.4430546068671,325.6034851074219,32791400,0.0,0.0,MSFT,2026-01-08 10:04:44.635383+00:00
2023-07-11 00:00:00-04:00,324.8479601120357,326.61417278371005,320.86414468674985,326.23150634765625,26698200,0.0,0.0,MSFT,2026-01-08 10:04:44.635383+00:00
2023-07-12 00:00:00-04:00,330.2839941982709,335.23922327928665,329.37145204151966,330.87274169921875,29995300,0.0,0.0,MSFT,2026-01-08 10:04:44.635383+00:00
2023-07-13 00:00:00-04:00,333.18847871055397,337.2900378184535,332.6586029099094,336.2303161621094,20567200,0.0,0.0,MSFT,2026-01-08 10:04:44.635383+00:00
2023-07-14 00:00:00-04:00,341.06781240904763,344.8357549977922,337.8493595762692,338.76190185546875,28352700,0.0,0.0,MSFT,2026-01-08 10:04:44.635383+00:00
2023-07-17 00:00:00-04:00,339.19362653573205,340.4790431987355,335.77894468986676,339.2427062988281,20363900,0.0,0.0,MSFT,2026-01-08 10:04:44.635383+00:00
2023-07-18 00:00:00-04:00,339.3408199849451,359.8977253924033,335.74952271110794,352.7445068359375,64738600,0.0,0.0,MSFT,2026-01-08 10:04:44.635383+00:00
2023-07-19 00:00:00-04:00,354.96209307208494,355.6587621887617,345.82678907790546,348.417236328125,39732900,0.0,0.0,MSFT,2026-01-08 10:04:44.635383+00:00
2023-07-20 00:00:00-04:00,346.9355591197213,351.25299077675766,338.8894133468808,340.36126708984375,33778400,0.0,0.0,MSFT,2026-01-08 10:04:44.635383+00:00
2023-07-21 00:00:00-04:00,342.5985119949176,343.72692730245325,333.45338612673345,337.3194580078125,69405400,0.0,0.0,MSFT,2026-01-08 10:04:44.635383+00:00
2023-07-24 00:00:00-04:00,339.36041220855765,340.4103417161615,335.88682904294996,338.63427734375,26678100,0.0,0.0,MSFT,2026-01-08 10:04:44.635383+00:00
2023-07-25 00:00:00-04:00,340.59675719404197,345.2870932446145,338.5950576458234,344.3941650390625,41637700,0.0,0.0,MSFT,2026-01-08 10:04:44.635383+00:00
2023-07-26 00:00:00-04:00,335.0331862626318,338.20258898250944,326.8594744910843,331.4320373535156,58383700,0.0,0.0,MSFT,2026-01-08 10:04:44.635383+00:00
2023-07-27 00:00:00-04:00,334.0912153820297,334.92524195448044,322.87566610660525,324.51434326171875,39635300,0.0,0.0,MSFT,2026-01-08 10:04:44.635383+00:00
2023-07-28 00:00:00-04:00,327.40902185998743,333.63005436530796,326.91840387112984,332.02081298828125,28484900,0.0,0.0,MSFT,2026-01-08 10:04:44.635383+00:00
2023-07-31 00:00:00-04:00,330.5980267133625,331.36338955022967,327.10479921092735,329.6167907714844,25446000,0.0,0.0,MSFT,2026-01-08 10:04:44.635383+00:00
2023-08-01 00:00:00-04:00,328.9004543649791,332.1876005255044,327.43842249793084,330.02886962890625,18311900,0.0,0.0,MSFT,2026-01-08 10:04:44.635383+00:00
2023-08-02 00:00:00-04:00,327.3697478835023,327.3697478835023,320.2361435127281,321.3547668457031,27761300,0.0,0.0,MSFT,2026-01-08 10:04:44.635383+00:00
2023-08-03 00:00:00-04:00,319.88289830105487,323.6900983235589,319.83384848481404,320.530517578125,18253700,0.0,0.0,MSFT,2026-01-08 10:04:44.635383+00:00
2023-08-04 00:00:00-04:00,325.65258996189004,328.85142872245865,321.0996408070944,321.6295166015625,23741500,0.0,0.0,MSFT,2026-01-08 10:04:44.635383+00:00
2023-08-07 00:00:00-04:00,322.20840022870215,324.8969767831622,321.37434379580344,323.9157409667969,17741500,0.0,0.0,MSFT,2026-01-08 10:04:44.635383+00:00
2023-08-08 00:00:00-04:00,320.82487404247576,322.5812946473448,316.9391883531327,319.93194580078125,22327600,0.0,0.0,MSFT,2026-01-08 10:04:44.635383+00:00
2023-08-09 00:00:00-04:00,320.3440854180899,320.9720608226161,315.0257736651899,316.18365478515625,22373300,0.0,0.0,MSFT,2026-01-08 10:04:44.635383+00:00
2023-08-10 00:00:00-04:00,319.9025293676403,322.1005182288563,315.15335102644235,316.8705139160156,20113700,0.0,0.0,MSFT,2026-01-08 10:04:44.635383+00:00
2023-08-11 00:00:00-04:00,314.25064527888804,316.3602966518782,313.22032953048887,314.986572265625,24355500,0.0,0.0,MSFT,2026-01-08 10:04:44.635383+00:00
2023-08-14 00:00:00-04:00,315.3594171589749,317.97930021692355,314.07397059332675,317.9596862792969,18836100,0.0,0.0,MSFT,2026-01-08 10:04:44.635383+00:00
2023-08-15 00:00:00-04:00,316.93914925870706,318.98992839581194,314.8785481816596,315.8205261230469,16966300,0.0,0.0,MSFT,2026-01-08 10:04:44.635383+00:00
2023-08-16 00:00:00-04:00,315.44693875811095,319.0065586089997,314.46362532057526,315.0536193847656,20698900,0.68,0.0,MSFT,2026-01-08 10:04:44.635383+00:00
2023-08-17 00:00:00-04:00,315.1913076048041,316.49910131427634,310.9335434813975,311.5923767089844,21257200,0.0,0.0,MSFT,2026-01-08 10:04:44.635383+00:00
2023-08-18 00:00:00-04:00,309.24225189848187,313.06735580371077,306.3513078182269,311.1990661621094,24755000,0.0,0.0,MSFT,2026-01-08 10:04:44.635383+00:00
2023-08-21 00:00:00-04:00,312.6248414758279,317.3840750264029,311.7497080998156,316.5089416503906,24040000,0.0,0.0,MSFT,2026-01-08 10:04:44.635383+00:00
2023-08-22 00:00:00-04:00,320.06850470582657,320.638813261693,316.09591025429995,317.0792236328125,16084600,0.0,0.0,MSFT,2026-01-08 10:04:44.635383+00:00
2023-08-23 00:00:00-04:00,318.41658830372705,323.70681979373916,318.0625798354603,321.54351806640625,21166400,0.0,0.0,MSFT,2026-01-08 10:04:44.635383+00:00
2023-08-24 00:00:00-04:00,327.29584833098056,327.4236838653866,314.6209250862832,314.6307678222656,23281400,0.0,0.0,MSFT,2026-01-08 10:04:44.635383+00:00
2023-08-25 00:00:00-04:00,316.105824068939,319.930898367104,313.48036355429,317.59063720703125,21684100,0.0,0.0,MSFT,2026-01-08 10:04:44.635383+00:00
2023-08-28 00:00:00-04:00,320.2258699937862,320.7076839940525,316.35161250011487,318.298583984375,14808500,0.0,0.0,MSFT,2026-01-08 10:04:44.635383+00:00
2023-08-29 00:00:00-04:00,316.50895667061496,323.4904885771926,316.50895667061496,322.92999267578125,19284600,0.0,0.0,MSFT,2026-01-08 10:04:44.635383+00:00
2023-08-30 00:00:00-04:00,323.1856265787588,324.30658824416685,321.0026696426028,323.3036193847656,15222100,0.0,0.0,MSFT,2026-01-08 10:04:44.635383+00:00
2023-08-31 00:00:00-04:00,323.7067143619853,325.38817151564507,321.3270832369684,322.2907409667969,26411000,0.0,0.0,MSFT,2026-01-08 10:04:44.635383+00:00
2023-09-01 00:00:00-04:00,325.7815249592522,326.45017079701614,321.3271169387943,323.1757507324219,14942000,0.0,0.0,MSFT,2026-01-08 10:04:44.635383+00:00
2023-09-05 00:00:00-04:00,323.5100975629304,329.2624867583471,323.17577461933763,327.9841613769531,18553900,0.0,0.0,MSFT,2026-01-08 10:04:44.635383+00:00
2023-09-06 00:00:00-04:00,327.8170045681073,328.87896976670504,324.67038989138393,327.3253479003906,17535800,0.0,0.0,MSFT,2026-01-08 10:04:44.635383+00:00
2023-09-07 00:00:00-04:00,325.7618537903011,327.5219628952889,323.5395562508497,324.4048767089844,18381000,0.0,0.0,MSFT,2026-01-08 10:04:44.635383+00:00
2023-09-08 00:00:00-04:00,324.5818961212668,330.55061528459504,323.96240391702685,328.692138671875,19530100,0.0,0.0,MSFT,2026-01-08 10:04:44.635383+00:00
2023-09-11 00:00:00-04:00,331.6125719980327,332.7729045134479,329.83277730257475,332.3009033203125,16583300,0.0,0.0,MSFT,2026-01-08 10:04:44.635383+00:00
2023-09-12 00:00:00-04:00,330.2163241256409,331.1701393555617,325.9487474293145,326.23388671875,17565500,0.0,0.0,MSFT,2026-01-08 10:04:44.635383+00:00
2023-09-13 00:00:00-04:00,325.78153225775213,331.2290964296317,325.64388399787714,330.4522705078125,16544400,0.0,0.0,MSFT,2026-01-08 10:04:44.635383+00:00
2023-09-14 00:00:00-04:00,333.4907518578009,335.1722094614784,330.95381635064444,333.04827880859375,20267000,0.0,0.0,MSFT,2026-01-08 10:04:44.635383+00:00
2023-09-15 00:00:00-04:00,331.2979278629475,331.76989903822374,324.14922101789426,324.709716796875,37679800,0.0,0.0,MSFT,2026-01-08 10:04:44.635383+00:00
2023-09-18 00:00:00-04:00,322.33013776149687,324.8867587399462,320.91416398907404,323.5691223144531,16834200,0.0,0.0,MSFT,2026-01-08 10:04:44.635383+00:00
2023-09-19 00:00:00-04:00,320.7273564750353,323.8936269378206,319.0950525710311,323.16595458984375,16505900,0.0,0.0,MSFT,2026-01-08 10:04:44.635383+00:00
2023-09-20 00:00:00-04:00,324.011630056917,324.0902819305911,315.16180885547175,315.4174499511719,21436500,0.0,0.0,MSFT,2026-01-08 10:04:44.635383+00:00
2023-09-21 00:00:00-04:00,313.93263631012064,319.92101113625847,309.74371174856566,314.1981201171875,35560400,0.0,0.0,MSFT,2026-01-08 10:04:44.635383+00:00
2023-09-22 00:00:00-04:00,315.9582625950678,316.0860981358559,310.8745192146817,311.7201843261719,21447900,0.0,0.0,MSFT,2026-01-08 10:04:44.635383+00:00
2023-09-25 00:00:00-04:00,311.3071733116646,312.36916854605823,309.7437086689083,312.2413330078125,17836000,0.0,0.0,MSFT,2026-01-08 10:04:44.635383+00:00
2023-09-26 00:00:00-04:00,309.87158577781963,310.60907089739686,304.8468382254269,306.9314880371094,26297600,0.0,0.0,MSFT,2026-01-08 10:04:44.635383+00:00
2023-09-27 00:00:00-04:00,307.08877368705123,309.0554005566663,304.522340026209,307.57061767578125,19410100,0.0,0.0,MSFT,2026-01-08 10:04:44.635383+00:00
2023-09-28 00:00:00-04:00,305.80059829589936,310.21569548688444,304.28631739647443,308.4064025878906,19683600,0.0,0.0,MSFT,2026-01-08 10:04:44.635383+00:00
2023-09-29 00:00:00-04:00,312.4478279409763,314.1391281627372,309.7240606687745,310.481201171875,24147300,0.0,0.0,MSFT,2026-01-08 10:04:44.635383+00:00
2023-10-02 00:00:00-04:00,311.0023277139253,316.51873090270954,309.9206770878558,316.4302062988281,20570000,0.0,0.0,MSFT,2026-01-08 10:04:44.635383+00:00
2023-10-03 00:00:00-04:00,315.4764696570545,316.02715284682466,306.0169982089116,308.16064453125,21033500,0.0,0.0,MSFT,2026-01-08 10:04:44.635383+00:00
2023-10-04 00:00:00-04:00,308.7899364537143,314.69966017701324,308.76043824911994,313.6376647949219,20720100,0.0,0.0,MSFT,2026-01-08 10:04:44.635383+00:00
2023-10-05 00:00:00-04:00,313.76546101615116,314.6406243233155,309.64537557701226,314.03094482421875,16965600,0.0,0.0,MSFT,2026-01-08 10:04:44.635383+00:00
2023-10-06 00:00:00-04:00,311.2678848594474,323.69698224037916,311.02205647778356,321.7991943359375,25673600,0.0,0.0,MSFT,2026-01-08 10:04:44.635383+00:00
2023-10-09 00:00:00-04:00,319.3310305664322,324.7884080000268,317.78722130749577,324.3164367675781,19891200,0.0,0.0,MSFT,2026-01-08 10:04:44.635383+00:00
2023-10-10 00:00:00-04:00,325.4374015243932,325.57507980738603,322.202321974192,322.9103088378906,20557100,0.0,0.0,MSFT,2026-01-08 10:04:44.635383+00:00
2023-10-11 00:00:00-04:00,325.6831856730943,327.26633567090187,323.6477499735418,326.8730163574219,20063200,0.0,0.0,MSFT,2026-01-08 10:04:44.635383+00:00
2023-10-12 00:00:00-04:00,325.05394288857616,328.0628797237766,323.23480695672527,325.63409423828125,19313100,0.0,0.0,MSFT,2026-01-08 10:04:44.635383+00:00
2023-10-13 00:00:00-04:00,326.8336925301548,328.25947886718836,320.9141270220076,322.26129150390625,21072400,0.0,0.0,MSFT,2026-01-08 10:04:44.635383+00:00
2023-10-16 00:00:00-04:00,325.52592163414295,330.53101374822336,325.0834485648815,327.08941650390625,22158000,0.0,0.0,MSFT,2026-01-08 10:04:44.635383+00:00
2023-10-17 00:00:00-04:00,324.0902879776136,327.895706363903,321.9466717819366,326.5190734863281,18338500,0.0,0.0,MSFT,2026-01-08 10:04:44.635383+00:00
2023-10-18 00:00:00-04:00,326.94182238673613,329.9900995519493,322.82173734889005,324.6015319824219,23153600,0.0,0.0,MSFT,2026-01-08 10:04:44.635383+00:00
2023-10-19 00:00:00-04:00,326.60751870152404,331.25860158595435,325.3882197669904,325.7913818359375,25052100,0.0,0.0,MSFT,2026-01-08 10:04:44.635383+00:00
2023-10-20 00:00:00-04:00,326.18471469225653,326.381389371038,320.019350620081,321.218994140625,25027700,0.0,0.0,MSFT,2026-01-08 10:04:44.635383+00:00
2023-10-23 00:00:00-04:00,320.0390055685396,327.1778702783257,318.9770403265237,323.82476806640625,24374700,0.0,0.0,MSFT,2026-01-08 10:04:44.635383+00:00
2023-10-24 00:00:00-04:00,325.77169735313146,326.3026949587647,322.13345600220845,325.0145568847656,31153600,0.0,0.0,MSFT,2026-01-08 10:04:44.635383+00:00
2023-10-25 00:00:00-04:00,339.2627403654704,340.423072853505,331.98622802429827,334.9853515625,55053800,0.0,0.0,MSFT,2026-01-08 10:04:44.635383+00:00
2023-10-26 00:00:00-04:00,334.8575484524091,335.9293564408089,321.48448041784866,322.41864013671875,37828500,0.0,0.0,MSFT,2026-01-08 10:04:44.635383+00:00
2023-10-27 00:00:00-04:00,324.9161985018922,331.1012474086533,322.92007375246664,324.3065490722656,29856500,0.0,0.0,MSFT,2026-01-08 10:04:44.635383+00:00
2023-10-30 00:00:00-04:00,327.8465712297684,333.78579341836826,326.29291903067406,331.6814880371094,22828100,0.0,0.0,MSFT,2026-01-08 10:04:44.635383+00:00
2023-10-31 00:00:00-04:00,333.1957203491456,333.3432113436472,329.1051333877035,332.4680480957031,20265300,0.0,0.0,MSFT,2026-01-08 10:04:44.635383+00:00
2023-11-01 00:00:00-04:00,334.12011087039247,341.6227978631735,333.98243257296474,340.2953186035156,28158800,0.0,0.0,MSFT,2026-01-08 10:04:44.635383+00:00
2023-11-02 00:00:00-04:00,341.4457561237559,343.00922092358684,339.016970678104,342.50775146484375,24348100,0.0,0.0,MSFT,2026-01-08 10:04:44.635383+00:00
2023-11-03 00:00:00-04:00,343.7958468754574,348.47642796304746,341.5342081949656,346.9129333496094,23637700,0.0,0.0,MSFT,2026-01-08 10:04:44.635383+00:00
2023-11-06 00:00:00-05:00,347.5521874881877,351.57393632100406,347.453850131168,350.5807800292969,23828300,0.0,0.0,MSFT,2026-01-08 10:04:44.635383+00:00
2023-11-07 00:00:00-05:00,353.40279769132025,356.4117340199255,351.66234393523393,354.5139465332031,25833900,0.0,0.0,MSFT,2026-01-08 10:04:44.635383+00:00
2023-11-08 00:00:00-05:00,355.64474886828214,357.7982074064022,354.5336000325542,357.139404296875,26767800,0.0,0.0,MSFT,2026-01-08 10:04:44.635383+00:00
2023-11-09 00:00:00-05:00,356.2544152579837,358.7028859089797,354.3467849553374,354.6712951660156,24847300,0.0,0.0,MSFT,2026-01-08 10:04:44.635383+00:00
2023-11-10 00:00:00-05:00,355.45796855398606,363.92431294177396,355.04499371068613,363.5014953613281,28042100,0.0,0.0,MSFT,2026-01-08 10:04:44.635383+00:00
2023-11-13 00:00:00-05:00,362.07571261995724,362.3215410047677,359.7944180069128,360.5614013671875,19986500,0.0,0.0,MSFT,2026-01-08 10:04:44.635383+00:00
2023-11-14 00:00:00-05:00,364.8191335420203,365.7434505878538,361.22020270558585,364.0914611816406,27683900,0.0,0.0,MSFT,2026-01-08 10:04:44.635383+00:00
2023-11-15 00:00:00-05:00,365.825621809598,367.64844995922977,361.7168689541496,364.2392883300781,26860100,0.75,0.0,MSFT,2026-01-08 10:04:44.635383+00:00
2023-11-16 00:00:00-05:00,365.5102557263558,370.8210862145482,364.7417158302642,370.64373779296875,27182300,0.0,0.0,MSFT,2026-01-08 10:04:44.635383+00:00
2023-11-17 00:00:00-05:00,368.12136824695096,368.87021288647435,361.6084886476014,364.4166259765625,40157000,0.0,0.0,MSFT,2026-01-08 10:04:44.635383+00:00
2023-11-20 00:00:00-05:00,365.76645657283353,373.30406540619305,365.5496873613857,371.89508056640625,52465100,0.0,0.0,MSFT,2026-01-08 10:04:44.635383+00:00
2023-11-21 00:00:00-05:00,370.151104255748,370.6930122644204,365.66792954966576,367.58929443359375,28423100,0.0,0.0,MSFT,2026-01-08 10:04:44.635383+00:00
2023-11-22 00:00:00-05:00,372.4468931555256,374.2106051165785,369.4614073576045,372.2991027832031,23345300,0.0,0.0,MSFT,2026-01-08 10:04:44.635383+00:00
2023-11-24 00:00:00-05:00,371.78668646032,372.4172987463729,369.62888709643283,371.8852233886719,10176600,0.0,0.0,MSFT,2026-01-08 10:04:44.635383+00:00
2023-11-27 00:00:00-05:00,371.24480993983406,375.0481191981454,370.67334381773094,373.04791259765625,22179200,0.0,0.0,MSFT,2026-01-08 10:04:44.635383+00:00
2023-11-28 00:00:00-05:00,372.7917190522952,377.3734005384554,372.60450791019576,377.07781982421875,20453100,0.0,0.0,MSFT,2026-01-08 10:04:44.635383+00:00
2023-11-29 00:00:00-05:00,378.122265050378,378.654310364066,371.89510374186113,373.2843933105469,28963400,0.0,0.0,MSFT,2026-01-08 10:04:44.635383+00:00
2023-11-30 00:00:00-05:00,372.9296627723548,374.5061634778247,369.9540398668522,373.343505859375,30554400,0.0,0.0,MSFT,2026-01-08 10:04:44.635383+00:00
2023-12-01 00:00:00-05:00,371.22509383375666,372.6045206628206,365.85514681042775,369.0081481933594,33040500,0.0,0.0,MSFT,2026-01-08 10:04:44.635383+00:00
2023-12-04 00:00:00-05:00,363.67758971521135,364.0914026926199,357.56866135332547,363.7170104980469,32063300,0.0,0.0,MSFT,2026-01-08 10:04:44.635383+00:00
2023-12-05 00:00:00-05:00,361.0665294174841,367.59910345060933,360.24870603092694,367.0473327636719,23065000,0.0,0.0,MSFT,2026-01-08 10:04:44.635383+00:00
2023-12-06 00:00:00-05:00,368.05240507377636,368.6829873224875,362.6233417878435,363.38201904296875,21182100,0.0,0.0,MSFT,2026-01-08 10:04:44.635383+00:00
2023-12-07 00:00:00-05:00,362.82041555159645,365.99311236097066,360.93847138160504,365.5004577636719,23118900,0.0,0.0,MSFT,2026-01-08 10:04:44.635383+00:00
2023-12-08 00:00:00-05:00,363.7761351529084,368.95884062033406,362.820384114192,368.73223876953125,20154400,0.0,0.0,MSFT,2026-01-08 10:04:44.635383+00:00
2023-12-11 00:00:00-05:00,363.0667572104508,366.140917208106,360.72171642347627,365.8453063964844,27708800,0.0,0.0,MSFT,2026-01-08 10:04:44.635383+00:00
2023-12-12 00:00:00-05:00,365.4018651585744,368.9194256639804,365.01758019799,368.8800048828125,24838300,0.0,0.0,MSFT,2026-01-08 10:04:44.635383+00:00
2023-12-13 00:00:00-05:00,370.4959322910932,372.09215835732533,365.3230593019992,368.87017822265625,30955500,0.0,0.0,MSFT,2026-01-08 10:04:44.635383+00:00
2023-12-14 00:00:00-05:00,367.8257861452431,368.2691873263225,358.78065463293524,360.55419921875,43277500,0.0,0.0,MSFT,2026-01-08 10:04:44.635383+00:00
2023-12-15 00:00:00-05:00,361.4606868901136,366.9291409353676,360.89905342816303,365.28369140625,78502300,0.0,0.0,MSFT,2026-01-08 10:04:44.635383+00:00
2023-12-18 00:00:00-05:00,364.02250460099197,367.52034031624777,363.2637972546779,367.17547607421875,21802900,0.0,0.0,MSFT,2026-01-08 10:04:44.635383+00:00
2023-12-19 00:00:00-05:00,366.03253362865195,367.77655029296875,364.40677933572755,367.77655029296875,20603700,0.0,0.0,MSFT,2026-01-08 10:04:44.635383+00:00
2023-12-20 00:00:00-05:00,369.49095210036234,370.5058193793613,365.086618748556,365.17529296875,26316700,0.0,0.0,MSFT,2026-01-08 10:04:44.635383+00:00
2023-12-21 00:00:00-05:00,367.08678486250125,368.90961285521604,364.60381655946395,368.0523986816406,17708000,0.0,0.0,MSFT,2026-01-08 10:04:44.635383+00:00
2023-12-22 00:00:00-05:00,368.190345627308,369.66830947141494,367.23459447201543,369.0771179199219,17107500,0.0,0.0,MSFT,2026-01-08 10:04:44.635383+00:00
2023-12-26 00:00:00-05:00,369.49091579531864,371.40241787190627,368.0129521321374,369.1559143066406,12673100,0.0,0.0,MSFT,2026-01-08 10:04:44.635383+00:00
2023-12-27 00:00:00-05:00,368.20019317568403,369.55006195328735,367.3331162784424,368.5746154785156,14905400,0.0,0.0,MSFT,2026-01-08 10:04:44.635383+00:00
2023-12-28 00:00:00-05:00,369.85555045018873,370.92953398851967,368.66333460587697,369.7668762207031,14327000,0.0,0.0,MSFT,2026-01-08 10:04:44.635383+00:00
2023-12-29 00:00:00-05:00,370.4762652471226,371.6192275460888,367.9932968475244,370.51568603515625,18730800,0.0,0.0,MSFT,2026-01-08 10:04:44.635383+00:00
2024-01-02 00:00:00-05:00,368.3676650837192,370.37770417291745,361.3818268052928,365.4216003417969,25258600,0.0,0.0,MSFT,2026-01-08 10:04:44.635383+00:00
2024-01-03 00:00:00-05:00,363.5889102795385,367.77647383552306,363.0962557435403,365.1555480957031,23083500,0.0,0.0,MSFT,2026-01-08 10:04:44.635383+00:00
2024-01-04 00:00:00-05:00,365.22457289866344,367.61886702823733,361.7759907127874,362.53466796875,20901500,0.0,0.0,MSFT,2026-01-08 10:04:44.635383+00:00
2024-01-05 00:00:00-05:00,363.54952100172824,366.59412268972636,361.11580618022657,362.3474426269531,21004600,0.0,0.0,MSFT,2026-01-08 10:04:44.635383+00:00
2024-01-08 00:00:00-05:00,363.87459495942613,369.6879420075751,363.58887700455307,369.1854248046875,23134000,0.0,0.0,MSFT,2026-01-08 10:04:44.635383+00:00
2024-01-09 00:00:00-05:00,366.5448504063893,370.46636140674497,365.73688972227416,370.2693176269531,20830000,0.0,0.0,MSFT,2026-01-08 10:04:44.635383+00:00
2024-01-10 00:00:00-05:00,370.84081671988235,378.52624647847034,370.7915632878579,377.14678955078125,25514200,0.0,0.0,MSFT,2026-01-08 10:04:44.635383+00:00
2024-01-11 00:00:00-05:00,380.3293303889791,384.9405699760392,374.79189779905875,378.9794616699219,27850800,0.0,0.0,MSFT,2026-01-08 10:04:44.635383+00:00
2024-01-12 00:00:00-05:00,379.82682931782017,382.969968033559,378.99917320808413,382.7630615234375,21661200,0.0,0.0,MSFT,2026-01-08 10:04:44.635383+00:00
2024-01-16 00:00:00-05:00,387.8768030229654,388.24136259684576,381.925527346388,384.5365905761719,27202300,0.0,0.0,MSFT,2026-01-08 10:04:44.635383+00:00
2024-01-17 00:00:00-05:00,382.280251053988,384.3789342645235,379.15680784896807,383.74835205078125,22234100,0.0,0.0,MSFT,2026-01-08 10:04:44.635383+00:00
2024-01-18 00:00:00-05:00,385.9653010602353,388.2019420036005,384.3888004079398,388.0837097167969,23392100,0.0,0.0,MSFT,2026-01-08 10:04:44.635383+00:00
2024-01-19 00:00:00-05:00,389.94597903844516,392.813232421875,387.71917062186213,392.813232421875,29331100,0.0,0.0,MSFT,2026-01-08 10:04:44.635383+00:00
2024-01-22 00:00:00-05:00,394.14341273142753,394.73460432133396,387.80788119131773,390.68499755859375,27016900,0.0,0.0,MSFT,2026-01-08 10:04:44.635383+00:00
2024-01-23 00:00:00-05:00,389.93613781643626,393.5128152245442,388.14286775502507,393.03985595703125,20525900,0.0,0.0,MSFT,2026-01-08 10:04:44.635383+00:00
2024-01-24 00:00:00-05:00,395.641052600286,399.670963497878,394.56706921313554,396.64605712890625,24867000,0.0,0.0,MSFT,2026-01-08 10:04:44.635383+00:00
2024-01-25 00:00:00-05:00,398.3802111244257,401.03069519921775,396.6164992894369,398.922119140625,21021200,0.0,0.0,MSFT,2026-01-08 10:04:44.635383+00:00
2024-01-26 00:00:00-05:00,398.4294490683389,400.20302354825617,396.517946945891,397.99591064453125,17803300,0.0,0.0,MSFT,2026-01-08 10:04:44.635383+00:00
2024-01-29 00:00:00-05:00,400.0946315969203,403.9570567007328,398.39003594013263,403.70086669921875,24510200,0.0,0.0,MSFT,2026-01-08 10:04:44.635383+00:00
2024-01-30 00:00:00-05:00,406.20353041065806,406.98190293298035,400.47888706889955,402.5874328613281,33477600,0.0,0.0,MSFT,2026-01-08 10:04:44.635383+00:00
2024-01-31 00:00:00-05:00,400.98143260936786,409.21863334219495,391.3746676938224,391.7392272949219,47871100,0.0,0.0,MSFT,2026-01-08 10:04:44.635383+00:00
2024-02-01 00:00:00-05:00,395.9267795782407,402.00615052622754,395.89722150523676,397.84814453125,30657700,0.0,0.0,MSFT,2026-01-08 10:04:44.635383+00:00
2024-02-02 00:00:00-05:00,397.87768854138443,406.587817886619,397.6313612519742,405.1788330078125,28256700,0.0,0.0,MSFT,2026-01-08 10:04:44.635383+00:00
2024-02-05 00:00:00-05:00,403.87826879542115,405.1197681132632,398.0550873287971,399.6907043457031,25352300,0.0,0.0,MSFT,2026-01-08 10:04:44.635383+00:00
2024-02-06 00:00:00-05:00,399.91727449589274,401.97656696928505,396.9909051770198,399.5329895019531,18382600,0.0,0.0,MSFT,2026-01-08 10:04:44.635383+00:00
2024-02-07 00:00:00-05:00,401.45437538113845,408.2135819340869,401.4149545944821,407.9672546386719,22340500,0.0,0.0,MSFT,2026-01-08 10:04:44.635383+00:00
2024-02-08 00:00:00-05:00,407.9672815558181,409.4551081404497,406.4696223258111,408.0263977050781,21225300,0.0,0.0,MSFT,2026-01-08 10:04:44.635383+00:00
2024-02-09 00:00:00-05:00,409.1496384913206,414.6378178606117,408.9919854136341,414.37176513671875,22032800,0.0,0.0,MSFT,2026-01-08 10:04:44.635383+00:00
2024-02-12 00:00:00-05:00,414.3816422071808,414.55899064975375,408.65699805765166,409.1595153808594,21202900,0.0,0.0,MSFT,2026-01-08 10:04:44.635383+00:00
2024-02-13 00:00:00-05:00,398.991129023294,404.04577027322716,397.46391171761815,400.3508605957031,27824900,0.0,0.0,MSFT,2026-01-08 10:04:44.635383+00:00
2024-02-14 00:00:00-05:00,402.8186275095737,404.5658388517389,399.36366838251547,404.2203369140625,20401200,0.75,0.0,MSFT,2026-01-08 10:04:44.635383+00:00
2024-02-15 00:00:00-05:00,402.88774815292464,403.8649984148582,399.0872869539498,401.32806396484375,21825500,0.0,0.0,MSFT,2026-01-08 10:04:44.635383+00:00
2024-02-16 00:00:00-05:00,402.71009676405504,403.03586697919485,398.24827391084835,398.86029052734375,22296500,0.0,0.0,MSFT,2026-01-08 10:04:44.635383+00:00
2024-02-20 00:00:00-05:00,398.0508194321391,399.284733568485,392.8881419655763,397.60662841796875,24307900,0.0,0.0,MSFT,2026-01-08 10:04:44.635383+00:00
2024-02-21 00:00:00-05:00,395.020342155489,397.11305567339133,392.10829279576154,397.00445556640625,18518900,0.0,0.0,MSFT,2026-01-08 10:04:44.635383+00:00
2024-02-22 00:00:00-05:00,404.9113664023,407.51737721520215,403.3122186108832,406.3525695800781,27009900,0.0,0.0,MSFT,2026-01-08 10:04:44.635383+00:00
2024-02-23 00:00:00-05:00,410.32087486596646,410.50840209542025,403.7070832004783,405.0594482421875,16295900,0.0,0.0,MSFT,2026-01-08 10:04:44.635383+00:00
2024-02-26 00:00:00-05:00,406.16503956653713,406.8560435321,402.11779517864807,402.2955017089844,16193500,0.0,0.0,MSFT,2026-01-08 10:04:44.635383+00:00
2024-02-27 00:00:00-05:00,402.7396530048111,403.06542317425317,398.6529454575257,402.2362365722656,14835800,0.0,0.0,MSFT,2026-01-08 10:04:44.635383+00:00
2024-02-28 00:00:00-05:00,402.9272164600946,404.03279861285756,400.10403561463596,402.47314453125,13183100,0.0,0.0,MSFT,2026-01-08 10:04:44.635383+00:00
2024-02-29 00:00:00-05:00,403.38135996606263,408.8698077347499,400.69636155135646,408.3170166015625,31947300,0.0,0.0,MSFT,2026-01-08 10:04:44.635383+00:00
2024-03-01 00:00:00-05:00,405.9774695070198,410.51827940686405,405.5925039738578,410.1530456542969,17823400,0.0,0.0,MSFT,2026-01-08 10:04:44.635383+00:00
2024-03-04 00:00:00-05:00,408.11957070674777,411.9792577390108,407.01398846090547,409.5805358886719,17596000,0.0,0.0,MSFT,2026-01-08 10:04:44.635383+00:00
2024-03-05 00:00:00-05:00,408.6328983414729,408.919174877132,395.48433123186754,397.46844482421875,26919200,0.0,0.0,MSFT,2026-01-08 10:04:44.635383+00:00
2024-03-06 00:00:00-05:00,397.784299256291,399.94611920290095,393.26325117893276,396.9156188964844,22344100,0.0,0.0,MSFT,2026-01-08 10:04:44.635383+00:00
2024-03-07 00:00:00-05:00,400.8937526863445,404.5066568048068,397.0636784801651,403.8749084472656,18718500,0.0,0.0,MSFT,2026-01-08 10:04:44.635383+00:00
2024-03-08 00:00:00-05:00,402.71006091285966,405.1384255054804,399.12676961447175,400.9924621582031,18002200,0.0,0.0,MSFT,2026-01-08 10:04:44.635383+00:00
2024-03-11 00:00:00-04:00,398.56416223358286,400.4594375495643,396.0963338665231,399.3143615722656,16120800,0.0,0.0,MSFT,2026-01-08 10:04:44.635383+00:00
2024-03-12 00:00:00-04:00,402.37445324131755,410.22215907857986,401.5551475222323,409.9358825683594,22457000,0.0,0.0,MSFT,2026-01-08 10:04:44.635383+00:00
2024-03-13 00:00:00-04:00,412.7195416563928,412.7984988938054,406.1551255049725,409.7581481933594,17115900,0.0,0.0,MSFT,2026-01-08 10:04:44.635383+00:00
2024-03-14 00:00:00-04:00,414.8320308055619,422.31450262164736,412.6109854719372,419.7479553222656,34157300,0.0,0.0,MSFT,2026-01-08 10:04:44.635383+00:00
2024-03-15 00:00:00-04:00,413.89431092525524,417.1617132738892,407.4779571696519,411.0612487792969,45079900,0.0,0.0,MSFT,2026-01-08 10:04:44.635383+00:00
2024-03-18 00:00:00-04:00,408.9191456409196,415.31576738207366,408.45519271968817,411.94964599609375,20106000,0.0,0.0,MSFT,2026-01-08 10:04:44.635383+00:00
2024-03-19 00:00:00-04:00,412.45302237396163,416.24363275003464,410.20236440839864,415.9869689941406,19837900,0.0,0.0,MSFT,2026-01-08 10:04:44.635383+00:00
2024-03-20 00:00:00-04:00,416.56942843935633,420.4784601385664,415.2466760493423,419.75787353515625,17860100,0.0,0.0,MSFT,2026-01-08 10:04:44.635383+00:00
2024-03-21 00:00:00-04:00,424.29861540078343,425.27589583117316,421.6629918116586,423.84454345703125,21296200,0.0,0.0,MSFT,2026-01-08 10:04:44.635383+00:00
2024-03-22 00:00:00-04:00,424.17032397071773,424.3282384659813,420.58703259669744,423.22265625,17648500,0.0,0.0,MSFT,2026-01-08 10:04:44.635383+00:00
2024-03-25 00:00:00-04:00,419.7676816300529,421.90976968993664,416.18439038520984,417.4183044433594,18060500,0.0,0.0,MSFT,2026-01-08 10:04:44.635383+00:00
2024-03-26 00:00:00-04:00,420.1329081875438,420.5080228747841,415.9277496341745,416.223876953125,16725600,0.0,0.0,MSFT,2026-01-08 10:04:44.635383+00:00
2024-03-27 00:00:00-04:00,418.9780192938283,418.987900246969,413.61790346357526,416.0067443847656,16705000,0.0,0.0,MSFT,2026-01-08 10:04:44.635383+00:00
2024-03-28 00:00:00-04:00,415.5427795552794,416.4410726444904,413.7264615959985,415.3058776855469,21871200,0.0,0.0,MSFT,2026-01-08 10:04:44.635383+00:00
2024-04-01 00:00:00-04:00,418.49430668541237,422.38360623153415,416.78655877307597,419.1063232421875,16316000,0.0,0.0,MSFT,2026-01-08 10:04:44.635383+00:00
2024-04-02 00:00:00-04:00,414.7037305350885,416.944537944627,412.4629532504076,416.0166320800781,17912000,0.0,0.0,MSFT,2026-01-08 10:04:44.635383+00:00
2024-04-03 00:00:00-04:00,414.3286014685427,417.8131735008708,413.6968230222425,415.0393371582031,16502300,0.0,0.0,MSFT,2026-01-08 10:04:44.635383+00:00
2024-04-04 00:00:00-04:00,419.5209306414664,423.15359679910677,412.19643310660484,412.50244140625,19370900,0.0,0.0,MSFT,2026-01-08 10:04:44.635383+00:00
2024-04-05 00:00:00-04:00,414.60502494858775,421.0213783675685,412.9367706496642,420.0440979003906,16554800,0.0,0.0,MSFT,2026-01-08 10:04:44.635383+00:00
2024-04-08 00:00:00-04:00,419.698621129678,421.7814536782747,417.85266032435015,419.1260681152344,14272400,0.0,0.0,MSFT,2026-01-08 10:04:44.635383+00:00
2024-04-09 00:00:00-04:00,420.95222561069284,422.235484103292,416.19424606146305,420.7942810058594,12496900,0.0,0.0,MSFT,2026-01-08 10:04:44.635383+00:00
2024-04-10 00:00:00-04:00,416.75696418781513,418.5732821571219,414.29901690120346,417.8132019042969,16216600,0.0,0.0,MSFT,2026-01-08 10:04:44.635383+00:00
2024-04-11 00:00:00-04:00,420.3402327247268,423.8445365841043,416.92473693729744,422.4230651855469,17966400,0.0,0.0,MSFT,2026-01-08 10:04:44.635383+00:00
2024-04-12 00:00:00-04:00,418.59299879164644,419.70846193552615,414.36807820345115,416.4706726074219,19253800,0.0,0.0,MSFT,2026-01-08 10:04:44.635383+00:00
2024-04-15 00:00:00-04:00,421.110230165818,421.3274002627743,408.1096973329742,408.3170166015625,20273500,0.0,0.0,MSFT,2026-01-08 10:04:44.635383+00:00
2024-04-16 00:00:00-04:00,409.23499170212773,413.01569096987436,408.4058051032582,409.2448425292969,16765600,0.0,0.0,MSFT,2026-01-08 10:04:44.635383+00:00
2024-04-17 00:00:00-04:00,411.88051429574114,413.4895430541291,405.04955278693666,406.5401306152344,15855500,0.0,0.0,MSFT,2026-01-08 10:04:44.635383+00:00
2024-04-18 00:00:00-04:00,405.34573674704745,406.5895318440509,398.7517067920222,399.06756591796875,21029900,0.0,0.0,MSFT,2026-01-08 10:04:44.635383+00:00
2024-04-19 00:00:00-04:00,398.83067470294037,400.2620271980646,392.65122286516964,393.9838562011719,30565800,0.0,0.0,MSFT,2026-01-08 10:04:44.635383+00:00
2024-04-22 00:00:00-04:00,394.9315209559022,397.6658942394219,390.65725520880864,395.8002014160156,20286900,0.0,0.0,MSFT,2026-01-08 10:04:44.635383+00:00
2024-04-23 00:00:00-04:00,399.0379699896353,402.9470318520377,397.87316221870356,402.32513427734375,15734500,0.0,0.0,MSFT,2026-01-08 10:04:44.635383+00:00
2024-04-24 00:00:00-04:00,404.28946405238224,407.16201954597966,401.54524043863097,403.7958984375,15065300,0.0,0.0,MSFT,2026-01-08 10:04:44.635383+00:00
2024-04-25 00:00:00-04:00,388.959309192893,394.7439137442764,383.0365219371324,393.90484619140625,40586500,0.0,0.0,MSFT,2026-01-08 10:04:44.635383+00:00
2024-04-26 00:00:00-04:00,406.8659105019104,407.68521620447916,400.53839541992835,401.0911865234375,29694700,0.0,0.0,MSFT,2026-01-08 10:04:44.635383+00:00
2024-04-29 00:00:00-04:00,400.0349411285761,401.0911788014965,394.05292813266897,397.07354736328125,19582100,0.0,0.0,MSFT,2026-01-08 10:04:44.635383+00:00
2024-04-30 00:00:00-04:00,396.323344705487,396.9847359459567,384.16190971715395,384.31982421875,28781400,0.0,0.0,MSFT,2026-01-08 10:04:44.635383+00:00
2024-05-01 00:00:00-04:00,387.5576027140766,396.55038446355206,385.287212788776,389.8576354980469,23562500,0.0,0.0,MSFT,2026-01-08 10:04:44.635383+00:00
2024-05-02 00:00:00-04:00,392.5426299953367,394.7834071649824,389.5713551906569,392.7203063964844,17709400,0.0,0.0,MSFT,2026-01-08 10:04:44.635383+00:00
2024-05-03 00:00:00-04:00,397.1031487364524,401.9104729912864,396.68854036623503,401.4267883300781,17446700,0.0,0.0,MSFT,2026-01-08 10:04:44.635383+00:00
2024-05-06 00:00:00-04:00,403.4998057579773,408.60325778406036,401.1405474563734,408.2182922363281,16996600,0.0,0.0,MSFT,2026-01-08 10:04:44.635383+00:00
2024-05-07 00:00:00-04:00,409.3238106288364,409.33369158039415,403.82548283487444,404.072265625,20018200,0.0,0.0,MSFT,2026-01-08 10:04:44.635383+00:00
2024-05-08 00:00:00-04:00,402.917370243468,406.92512065552296,401.4761369476161,405.2568664550781,11792300,0.0,0.0,MSFT,2026-01-08 10:04:44.635383+00:00
2024-05-09 00:00:00-04:00,405.2864669208131,407.4087929910644,403.8353828414113,407.0139465332031,14689700,0.0,0.0,MSFT,2026-01-08 10:04:44.635383+00:00
2024-05-10 00:00:00-04:00,407.6259773286798,410.0345799682454,406.5006332532913,409.4028015136719,13402300,0.0,0.0,MSFT,2026-01-08 10:04:44.635383+00:00
2024-05-13 00:00:00-04:00,412.63073648454196,412.96635748889184,405.53326050690544,408.39593505859375,15440200,0.0,0.0,MSFT,2026-01-08 10:04:44.635383+00:00
2024-05-14 00:00:00-04:00,406.7177872432058,412.1173961263277,406.2538343729978,411.1993713378906,15109300,0.0,0.0,MSFT,2026-01-08 10:04:44.635383+00:00
2024-05-15 00:00:00-04:00,413.2662078851203,419.1106798585564,412.64318866360406,418.3887634277344,22239500,0.75,0.0,MSFT,2026-01-08 10:04:44.635383+00:00
2024-05-16 00:00:00-04:00,417.12294600008903,420.70283173045664,415.6890421322498,416.3219299316406,17530100,0.0,0.0,MSFT,2026-01-08 10:04:44.635383+00:00
2024-05-17 00:00:00-04:00,417.8547794230839,418.2305707168696,413.39477777187733,415.55059814453125,15352200,0.0,0.0,MSFT,2026-01-08 10:04:44.635383+00:00
2024-05-20 00:00:00-04:00,415.55059617800293,422.0378548149535,415.33303438679826,420.62371826171875,16272100,0.0,0.0,MSFT,2026-01-08 10:04:44.635383+00:00
2024-05-21 00:00:00-04:00,422.09719809997813,428.1691308622737,420.1391721073256,424.28271484375,21453300,0.0,0.0,MSFT,2026-01-08 10:04:44.635383+00:00
2024-05-22 00:00:00-04:00,425.3210520448661,427.6153345538536,422.39388170740824,425.74627685546875,18073700,0.0,0.0,MSFT,2026-01-08 10:04:44.635383+00:00
2024-05-23 00:00:00-04:00,428.1691242148773,428.792143449846,420.7028525285379,422.26531982421875,17211700,0.0,0.0,MSFT,2026-01-08 10:04:44.635383+00:00
2024-05-24 00:00:00-04:00,422.45322015153533,426.28030386108634,419.704046646492,425.3902893066406,11855300,0.0,0.0,MSFT,2026-01-08 10:04:44.635383+00:00
2024-05-28 00:00:00-04:00,424.86617140902985,426.0429788375184,421.8697699331016,425.54852294921875,15718000,0.0,0.0,MSFT,2026-01-08 10:04:44.635383+00:00
2024-05-29 00:00:00-04:00,420.96986151310944,426.1616484009117,420.96986151310944,424.4112854003906,15517100,0.0,0.0,MSFT,2026-01-08 10:04:44.635383+00:00
2024-05-30 00:00:00-04:00,419.5953093343335,419.5953093343335,409.64685798165414,410.0721130371094,28394500,0.0,0.0,MSFT,2026-01-08 10:04:44.635383+00:00
2024-05-31 00:00:00-04:00,412.1290098934204,412.1290098934204,400.0247386123212,410.5269775390625,47995300,0.0,0.0,MSFT,2026-01-08 10:04:44.635383+00:00
2024-06-03 00:00:00-04:00,410.92250624898264,411.81252080542527,404.38581394057536,408.9347839355469,17484700,0.0,0.0,MSFT,2026-01-08 10:04:44.635383+00:00
2024-06-04 00:00:00-04:00,407.856889503619,411.8224355088356,405.13738203313136,411.45654296875,14348900,0.0,0.0,MSFT,2026-01-08 10:04:44.635383+00:00
2024-06-05 00:00:00-04:00,413.17723696234333,419.3777030871155,411.6839704862112,419.3085021972656,16988000,0.0,0.0,MSFT,2026-01-08 10:04:44.635383+00:00
2024-06-06 00:00:00-04:00,419.3084807052153,420.5940539083252,415.9164904670929,419.81280517578125,14861300,0.0,0.0,MSFT,2026-01-08 10:04:44.635383+00:00
2024-06-07 00:00:00-04:00,421.47418661206035,421.55328627071816,418.3096570403155,419.1502380371094,13621700,0.0,0.0,MSFT,2026-01-08 10:04:44.635383+00:00
2024-06-10 00:00:00-04:00,419.9908379970184,423.33333440686357,419.1898218829819,423.12567138671875,13982900,0.0,0.0,MSFT,2026-01-08 10:04:44.635383+00:00
2024-06-11 00:00:00-04:00,420.76217780161693,428.02078634829667,420.5347172370151,427.88232421875,14551100,0.0,0.0,MSFT,2026-01-08 10:04:44.635383+00:00
2024-06-12 00:00:00-04:00,430.4930895516259,438.4834835709838,428.4460348943523,436.16943359375,22366200,0.0,0.0,MSFT,2026-01-08 10:04:44.635383+00:00
2024-06-13 00:00:00-04:00,435.96176849341106,438.47361288924054,434.498168180252,436.68365478515625,15960600,0.0,0.0,MSFT,2026-01-08 10:04:44.635383+00:00
2024-06-14 00:00:00-04:00,433.4202794880734,438.2264067176669,431.87757943393086,437.6627197265625,13582000,0.0,0.0,MSFT,2026-01-08 10:04:44.635383+00:00
2024-06-17 00:00:00-04:00,437.68246749988464,445.9398870196781,435.8332072728674,443.39837646484375,20790000,0.0,0.0,MSFT,2026-01-08 10:04:44.635383+00:00
2024-06-18 00:00:00-04:00,444.7234969265718,445.14875191744164,439.95696520327493,441.390869140625,17112500,0.0,0.0,MSFT,2026-01-08 10:04:44.635383+00:00
2024-06-20 00:00:00-04:00,441.35131853440595,441.57877910996035,436.37709345219747,440.75799560546875,19877400,0.0,0.0,MSFT,2026-01-08 10:04:44.635383+00:00
2024-06-21 00:00:00-04:00,442.4193728058131,445.58387250760194,441.5590243550793,444.7927551269531,34187100,0.0,0.0,MSFT,2026-01-08 10:04:44.635383+00:00
2024-06-24 00:00:00-04:00,444.812502964026,447.72980476303803,441.4601077502006,442.7061462402344,15913700,0.0,0.0,MSFT,2026-01-08 10:04:44.635383+00:00
2024-06-25 00:00:00-04:00,443.27966392090804,446.41452724911966,441.7962963896613,445.9497375488281,16413400,0.0,0.0,MSFT,2026-01-08 10:04:44.635383+00:00
2024-06-26 00:00:00-04:00,444.0213670965085,448.5703670936918,443.2203510089548,447.1463317871094,16507000,0.0,0.0,MSFT,2026-01-08 10:04:44.635383+00:00
2024-06-27 00:00:00-04:00,447.1661206636861,451.11189918090986,446.76066321308457,447.8287048339844,14806300,0.0,0.0,MSFT,2026-01-08 10:04:44.635383+00:00
2024-06-28 00:00:00-04:00,448.0462760060759,450.3306598473802,441.4601198033777,441.994140625,28362300,0.0,0.0,MSFT,2026-01-08 10:04:44.635383+00:00
2024-07-01 00:00:00-04:00,443.6851847474979,452.29859832649356,440.718449260987,451.66571044921875,17662800,0.0,0.0,MSFT,2026-01-08 10:04:44.635383+00:00
2024-07-02 00:00:00-04:00,448.1748078930114,454.4939381515054,448.085779279666,454.1873779296875,13979800,0.0,0.0,MSFT,2026-01-08 10:04:44.635383+00:00
2024-07-03 00:00:00-04:00,453.109448760402,455.9080555587304,452.8028885514427,455.66082763671875,9932800,0.0,0.0,MSFT,2026-01-08 10:04:44.635383+00:00
2024-07-05 00:00:00-04:00,454.5137192746822,463.15682857412344,453.88083144181417,462.3755798339844,16000300,0.0,0.0,MSFT,2026-01-08 10:04:44.635383+00:00
2024-07-08 00:00:00-04:00,461.3767506483888,462.5140232691351,459.30992877619343,461.0701904296875,12962300,0.0,0.0,MSFT,2026-01-08 10:04:44.635383+00:00
2024-07-09 00:00:00-04:00,461.8218233419158,462.14815096607435,452.92161689635424,454.4445495605469,17207200,0.0,0.0,MSFT,2026-01-08 10:04:44.635383+00:00
2024-07-10 00:00:00-04:00,456.1059138794407,461.2878021935715,453.7720662754438,461.08013916015625,18196100,0.0,0.0,MSFT,2026-01-08 10:04:44.635383+00:00
2024-07-11 00:00:00-04:00,457.84639154158754,459.6264206924659,446.54310684217364,449.658203125,23111200,0.0,0.0,MSFT,2026-01-08 10:04:44.635383+00:00
2024-07-12 00:00:00-04:00,449.2922850558392,451.2997748037469,445.65309687289607,448.52093505859375,16324300,0.0,0.0,MSFT,2026-01-08 10:04:44.635383+00:00
2024-07-15 00:00:00-04:00,448.2736757198333,452.1897879047396,446.4244156110008,448.9263610839844,14429400,0.0,0.0,MSFT,2026-01-08 10:04:44.635383+00:00
2024-07-16 00:00:00-04:00,449.1835423040314,449.26264197328965,441.7073711225493,444.53564453125,17175700,0.0,0.0,MSFT,2026-01-08 10:04:44.635383+00:00
2024-07-17 00:00:00-04:00,437.6824920740607,439.9174425124237,434.310299044026,438.6021728515625,21778000,0.0,0.0,MSFT,2026-01-08 10:04:44.635383+00:00
2024-07-18 00:00:00-04:00,439.41307217646386,439.71963242472316,429.5832863227986,435.4870910644531,20794800,0.0,0.0,MSFT,2026-01-08 10:04:44.635383+00:00
2024-07-19 00:00:00-04:00,428.2976983913284,436.2485575608238,427.20988939637874,432.2632141113281,20940400,0.0,0.0,MSFT,2026-01-08 10:04:44.635383+00:00
2024-07-22 00:00:00-04:00,436.89138287523997,439.6702228116467,434.0433118650251,438.02862548828125,15808800,0.0,0.0,MSFT,2026-01-08 10:04:44.635383+00:00
2024-07-23 00:00:00-04:00,438.97794115369385,443.41817564914504,438.1868237868677,439.91741943359375,13107100,0.0,0.0,MSFT,2026-01-08 10:04:44.635383+00:00
2024-07-24 00:00:00-04:00,435.5661744239133,436.5847522773038,422.8487541493976,424.14422607421875,26805800,0.0,0.0,MSFT,2026-01-08 10:04:44.635383+00:00
2024-07-25 00:00:00-04:00,424.0453575896341,425.0342693658965,412.88056536465024,413.76068115234375,29943800,0.0,0.0,MSFT,2026-01-08 10:04:44.635383+00:00
2024-07-26 00:00:00-04:00,413.56289099301864,424.16402577751,412.6431801625324,420.5544738769531,23583800,0.0,0.0,MSFT,2026-01-08 10:04:44.635383+00:00
2024-07-29 00:00:00-04:00,426.7945193727036,427.3582063126635,419.9908318898155,421.9983215332031,15125800,0.0,0.0,MSFT,2026-01-08 10:04:44.635383+00:00
2024-07-30 00:00:00-04:00,422.97735537825565,424.2925947905347,412.732213459478,418.2305908203125,32687600,0.0,0.0,MSFT,2026-01-08 10:04:44.635383+00:00
2024-07-31 00:00:00-04:00,415.8373969334193,417.10320278469345,407.6393099563061,413.71124267578125,42891400,0.0,0.0,MSFT,2026-01-08 10:04:44.635383+00:00
2024-08-01 00:00:00-04:00,416.1242037023935,422.72022849108816,408.5095707902921,412.4849853515625,30296400,0.0,0.0,MSFT,2026-01-08 10:04:44.635383+00:00
2024-08-02 00:00:00-04:00,407.91621848675555,410.3983967606497,399.8565933572946,403.9605712890625,29437900,0.0,0.0,MSFT,2026-01-08 10:04:44.635383+00:00
2024-08-05 00:00:00-04:00,384.85479031825656,396.5931676964823,381.3045706583986,390.7684631347656,40709200,0.0,0.0,MSFT,2026-01-08 10:04:44.635383+00:00
2024-08-06 00:00:00-04:00,395.5647061878266,401.1718491768835,394.0813385396222,395.17901611328125,24946500,0.0,0.0,MSFT,2026-01-08 10:04:44.635383+00:00
2024-08-07 00:00:00-04:00,404.1089265381238,405.532931744476,393.06276861454995,394.0121154785156,20650900,0.0,0.0,MSFT,2026-01-08 10:04:44.635383+00:00
2024-08-08 00:00:00-04:00,397.97765609010867,401.3597174512935,395.50537665916386,398.2248840332031,20203000,0.0,0.0,MSFT,2026-01-08 10:04:44.635383+00:00
2024-08-09 00:00:00-04:00,399.5500195790903,403.5254340135955,397.799656617914,401.5179443359375,19276700,0.0,0.0,MSFT,2026-01-08 10:04:44.635383+00:00
2024-08-12 00:00:00-04:00,402.5464528145219,404.2276150210423,399.75771417136446,402.2992248535156,16762900,0.0,0.0,MSFT,2026-01-08 10:04:44.635383+00:00
2024-08-13 00:00:00-04:00,405.0483692456352,410.34895203900766,405.0286018746959,409.41937255859375,19414300,0.0,0.0,MSFT,2026-01-08 10:04:44.635383+00:00
2024-08-14 00:00:00-04:00,410.20063690456334,413.08827288112064,407.876718123392,412.23779296875,18267000,0.0,0.0,MSFT,2026-01-08 10:04:44.635383+00:00
2024-08-15 00:00:00-04:00,415.89340426982346,417.191211225686,413.77333444813155,417.1119689941406,20752100,0.75,0.0,MSFT,2026-01-08 10:04:44.635383+00:00
2024-08-16 00:00:00-04:00,416.6859891605723,417.4190931983878,413.4166801400684,414.5758056640625,22775600,0.0,0.0,MSFT,2026-01-08 10:04:44.635383+00:00
2024-08-19 00:00:00-04:00,415.0612389392474,417.8252842584304,412.5845034071879,417.6073303222656,15234000,0.0,0.0,MSFT,2026-01-08 10:04:44.635383+00:00
2024-08-20 00:00:00-04:00,417.7757654099591,421.8970267669262,417.7163261753405,420.8468933105469,16387600,0.0,0.0,MSFT,2026-01-08 10:04:44.635383+00:00
2024-08-21 00:00:00-04:00,420.13355421881863,422.43197186124524,417.79553057929155,420.1930236816406,16067300,0.0,0.0,MSFT,2026-01-08 10:04:44.635383+00:00
2024-08-22 00:00:00-04:00,420.410997320223,422.8184073246916,410.75172838496667,411.6829833984375,19361900,0.0,0.0,MSFT,2026-01-08 10:04:44.635383+00:00
2024-08-23 00:00:00-04:00,413.0996723021897,415.3584538355035,408.255163223579,412.91143798828125,18493800,0.0,0.0,MSFT,2026-01-08 10:04:44.635383+00:00
2024-08-26 00:00:00-04:00,412.4953551222988,413.3968905070922,407.5121643134923,409.64215087890625,13152800,0.0,0.0,MSFT,2026-01-08 10:04:44.635383+00:00
2024-08-27 00:00:00-04:00,409.0179699383968,410.5040111549733,406.4322727336749,409.9888610839844,13492900,0.0,0.0,MSFT,2026-01-08 10:04:44.635383+00:00
2024-08-28 00:00:00-04:00,411.0192227861693,411.13810125518216,403.5196602855256,406.779052734375,14882700,0.0,0.0,MSFT,2026-01-08 10:04:44.635383+00:00
2024-08-29 00:00:00-04:00,411.0786443893992,418.1224654785976,406.7790352875099,409.27557373046875,17045200,0.0,0.0,MSFT,2026-01-08 10:04:44.635383+00:00
2024-08-30 00:00:00-04:00,411.73253163556785,413.604928025177,408.2948214180594,413.2582092285156,24308300,0.0,0.0,MSFT,2026-01-08 10:04:44.635383+00:00
2024-09-03 00:00:00-04:00,414.0210025733613,415.97267128987687,403.2422452090673,405.62982177734375,20313600,0.0,0.0,MSFT,2026-01-08 10:04:44.635383+00:00
2024-09-04 00:00:00-04:00,402.1326826766194,407.4130694116055,400.60700515715166,405.0948486328125,15135800,0.0,0.0,MSFT,2026-01-08 10:04:44.635383+00:00
2024-09-05 00:00:00-04:00,403.8267457621573,409.25576060406553,402.35062114910426,404.589599609375,14195500,0.0,0.0,MSFT,2026-01-08 10:04:44.635383+00:00
2024-09-06 00:00:00-04:00,405.2533474753259,406.8285475492744,397.0702041035056,397.96185302734375,19609500,0.0,0.0,MSFT,2026-01-08 10:04:44.635383+00:00
2024-09-09 00:00:00-04:00,403.4503023301037,404.84718480089737,398.40767240518096,401.9444580078125,15295100,0.0,0.0,MSFT,2026-01-08 10:04:44.635383+00:00
2024-09-10 00:00:00-04:00,404.4013853254675,412.45570379102855,403.90603822449737,410.3455505371094,19594300,0.0,0.0,MSFT,2026-01-08 10:04:44.635383+00:00
2024-09-11 00:00:00-04:00,411.6334289532487,420.044412808737,405.7685061452882,419.103271484375,19266900,0.0,0.0,MSFT,2026-01-08 10:04:44.635383+00:00
2024-09-12 00:00:00-04:00,419.37076416429335,423.39298024346107,415.84389519077274,423.02642822265625,17395700,0.0,0.0,MSFT,2026-01-08 10:04:44.635383+00:00
2024-09-13 00:00:00-04:00,421.8672937914901,427.8114589338371,421.5007417784194,426.5830078125,15874600,0.0,0.0,MSFT,2026-01-08 10:04:44.635383+00:00
2024-09-16 00:00:00-04:00,426.5929152766965,429.49564193620427,424.2350583167788,427.3260192871094,13834700,0.0,0.0,MSFT,2026-01-08 10:04:44.635383+00:00
2024-09-17 00:00:00-04:00,436.13339127871444,437.7383113129733,428.24744236348823,431.10064697265625,18874200,0.0,0.0,MSFT,2026-01-08 10:04:44.635383+00:00
2024-09-18 00:00:00-04:00,430.95197545729616,431.9723892702998,426.40469272360485,426.80096435546875,18898000,0.0,0.0,MSFT,2026-01-08 10:04:44.635383+00:00
2024-09-19 00:00:00-04:00,437.12403789377305,437.3915144590669,432.83431483021604,434.607666015625,21706600,0.0,0.0,MSFT,2026-01-08 10:04:44.635383+00:00
2024-09-20 00:00:00-04:00,433.15131768035957,435.1525090726311,430.17923509170157,431.2194519042969,55167100,0.0,0.0,MSFT,2026-01-08 10:04:44.635383+00:00
2024-09-23 00:00:00-04:00,430.23868426031646,432.3983904018878,426.38489946949306,429.4758605957031,15128900,0.0,0.0,MSFT,2026-01-08 10:04:44.635383+00:00
2024-09-24 00:00:00-04:00,428.9705844602765,429.31733347364775,422.1348005929618,425.1762390136719,17015800,0.0,0.0,MSFT,2026-01-08 10:04:44.635383+00:00
2024-09-25 00:00:00-04:00,425.8300855631319,429.08947802981356,424.58183139807875,428.0888671875,13396400,0.0,0.0,MSFT,2026-01-08 10:04:44.635383+00:00
2024-09-26 00:00:00-04:00,431.04114866155544,431.24918598433425,425.13661951946307,427.29632568359375,14492000,0.0,0.0,MSFT,2026-01-08 10:04:44.635383+00:00
2024-09-27 00:00:00-04:00,427.5043252487667,427.8312712464172,423.4920260673168,424.0368957519531,14896100,0.0,0.0,MSFT,2026-01-08 10:04:44.635383+00:00
2024-09-30 00:00:00-04:00,424.2251680181162,426.4146240359172,421.4116000312542,426.29571533203125,16807300,0.0,0.0,MSFT,2026-01-08 10:04:44.635383+00:00
2024-10-01 00:00:00-04:00,424.4629120903149,424.49263170487137,414.9126061650303,416.7751159667969,19092900,0.0,0.0,MSFT,2026-01-08 10:04:44.635383+00:00
2024-10-02 00:00:00-04:00,418.6474946227358,418.88528176281716,412.8321251605145,413.24822998046875,16582300,0.0,0.0,MSFT,2026-01-08 10:04:44.635383+00:00
2024-10-03 00:00:00-04:00,413.7436715344948,415.6457876881329,410.4347561510362,412.663818359375,13686400,0.0,0.0,MSFT,2026-01-08 10:04:44.635383+00:00
2024-10-04 00:00:00-04:00,414.3479078757133,415.84386570343804,411.10834891858866,412.1882019042969,19169700,0.0,0.0,MSFT,2026-01-08 10:04:44.635383+00:00
2024-10-07 00:00:00-04:00,412.1287574404014,413.2284134108737,405.19389854116383,405.7288818359375,20919800,0.0,0.0,MSFT,2026-01-08 10:04:44.635383+00:00
2024-10-08 00:00:00-04:00,407.0762266898708,411.791940593935,404.37165096666996,410.85076904296875,19229300,0.0,0.0,MSFT,2026-01-08 10:04:44.635383+00:00
2024-10-09 00:00:00-04:00,411.99007853410836,416.46803570058375,410.4445979894132,413.5751953125,14974300,0.0,0.0,MSFT,2026-01-08 10:04:44.635383+00:00
2024-10-10 00:00:00-04:00,411.3659973968845,413.4662644363184,409.3053363605262,411.9703063964844,13848400,0.0,0.0,MSFT,2026-01-08 10:04:44.635383+00:00
2024-10-11 00:00:00-04:00,412.2674830881502,413.2482606337857,409.4043624478393,412.44580078125,14144900,0.0,0.0,MSFT,2026-01-08 10:04:44.635383+00:00
2024-10-14 00:00:00-04:00,413.8823170164031,420.09398917949596,413.6346434592421,415.2395935058594,16653100,0.0,0.0,MSFT,2026-01-08 10:04:44.635383+00:00
2024-10-15 00:00:00-04:00,418.2512520382671,418.54847842558434,411.39566540112634,414.84326171875,18900200,0.0,0.0,MSFT,2026-01-08 10:04:44.635383+00:00
2024-10-16 00:00:00-04:00,411.3065088320687,412.48540707078536,406.660150790306,412.2476501464844,15508900,0.0,0.0,MSFT,2026-01-08 10:04:44.635383+00:00
2024-10-17 00:00:00-04:00,418.429601804324,418.5683135090887,411.722612729939,412.84210205078125,14820000,0.0,0.0,MSFT,2026-01-08 10:04:44.635383+00:00
2024-10-18 00:00:00-04:00,413.2582100340754,415.7448320191293,412.38639426497724,414.2687072753906,17145300,0.0,0.0,MSFT,2026-01-08 10:04:44.635383+00:00
2024-10-21 00:00:00-04:00,412.2476842514802,415.06125227829034,409.89974372900497,414.8829345703125,14206100,0.0,0.0,MSFT,2026-01-08 10:04:44.635383+00:00
2024-10-22 00:00:00-04:00,414.595626294547,426.57311612841215,414.1498320229674,423.5317077636719,25482200,0.0,0.0,MSFT,2026-01-08 10:04:44.635383+00:00
2024-10-23 00:00:00-04:00,426.8504984713963,427.06845240983137,418.59802889539156,420.6487731933594,19654400,0.0,0.0,MSFT,2026-01-08 10:04:44.635383+00:00
2024-10-24 00:00:00-04:00,421.3719802653427,422.01595572726984,418.46925331230875,420.777587890625,13581600,0.0,0.0,MSFT,2026-01-08 10:04:44.635383+00:00
2024-10-25 00:00:00-04:00,422.78866124967664,428.4950392124222,422.6004269353124,424.16571044921875,16899100,0.0,0.0,MSFT,2026-01-08 10:04:44.635383+00:00
2024-10-28 00:00:00-04:00,427.6430970369736,427.920490226357,422.3329599684467,422.6202697753906,14882400,0.0,0.0,MSFT,2026-01-08 10:04:44.635383+00:00
2024-10-29 00:00:00-04:00,424.01710482121905,429.1390069836367,421.8375655534697,427.93035888671875,17644100,0.0,0.0,MSFT,2026-01-08 10:04:44.635383+00:00
2024-10-30 00:00:00-04:00,433.3692558016521,434.41938919264413,428.07895261488494,428.50494384765625,29749100,0.0,0.0,MSFT,2026-01-08 10:04:44.635383+00:00
2024-10-31 00:00:00-04:00,411.4947379049696,412.2873114234298,402.5190506643278,402.568603515625,53971000,0.0,0.0,MSFT,2026-01-08 10:04:44.635383+00:00
2024-11-01 00:00:00-04:00,405.20384836550784,411.63344411141696,403.7078904341815,406.5511779785156,24230400,0.0,0.0,MSFT,2026-01-08 10:04:44.635383+00:00
2024-11-04 00:00:00-05:00,405.98649273527667,406.600748568275,401.795875395107,404.6589660644531,19672300,0.0,0.0,MSFT,2026-01-08 10:04:44.635383+00:00
2024-11-05 00:00:00-05:00,404.5698009147436,411.0390330760231,404.28249112047496,407.63104248046875,17626000,0.0,0.0,MSFT,2026-01-08 10:04:44.635383+00:00
2024-11-06 00:00:00-05:00,408.5821007827268,416.5373737173725,406.6997576825849,416.2698669433594,26681800,0.0,0.0,MSFT,2026-01-08 10:04:44.635383+00:00
2024-11-07 00:00:00-05:00,417.3596335925896,422.87780730764854,415.97266781837374,421.47100830078125,19901800,0.0,0.0,MSFT,2026-01-08 10:04:44.635383+00:00
2024-11-08 00:00:00-05:00,421.36210009135,422.5311120903096,417.855033860881,418.60797119140625,16891400,0.0,0.0,MSFT,2026-01-08 10:04:44.635383+00:00
2024-11-11 00:00:00-05:00,418.58809689323664,420.8567950462537,412.1287816798458,414.1200866699219,24503300,0.0,0.0,MSFT,2026-01-08 10:04:44.635383+00:00
2024-11-12 00:00:00-05:00,414.35783635110096,420.49023567836724,413.3176195666668,419.0933532714844,19401200,0.0,0.0,MSFT,2026-01-08 10:04:44.635383+00:00
2024-11-13 00:00:00-05:00,417.7163255743709,425.3347363138495,414.31822142109314,421.2431945800781,21502200,0.0,0.0,MSFT,2026-01-08 10:04:44.635383+00:00
2024-11-14 00:00:00-05:00,421.04502345240303,424.1855372830497,416.0915525882571,422.9174499511719,30246900,0.0,0.0,MSFT,2026-01-08 10:04:44.635383+00:00
2024-11-15 00:00:00-05:00,415.91327620196233,418.86552578071695,409.79079286185015,411.13812255859375,28247600,0.0,0.0,MSFT,2026-01-08 10:04:44.635383+00:00
2024-11-18 00:00:00-05:00,411.00928939667125,414.5064386408341,408.26507740364855,411.8910217285156,24727000,0.0,0.0,MSFT,2026-01-08 10:04:44.635383+00:00
2024-11-19 00:00:00-05:00,409.26565838479394,414.0507282073073,407.72017788193654,413.9021301269531,18133500,0.0,0.0,MSFT,2026-01-08 10:04:44.635383+00:00
2024-11-20 00:00:00-05:00,412.9906674094557,413.4067722571845,406.75919271133495,411.6235046386719,19191700,0.0,0.0,MSFT,2026-01-08 10:04:44.635383+00:00
2024-11-21 00:00:00-05:00,416.4281041493026,416.70605256605285,407.28555520801666,409.8466491699219,20780200,0.83,0.0,MSFT,2026-01-08 10:04:44.635383+00:00
2024-11-22 00:00:00-05:00,408.35760329128635,414.3434454251094,408.04987579157546,413.9463806152344,24814600,0.0,0.0,MSFT,2026-01-08 10:04:44.635383+00:00
2024-11-25 00:00:00-05:00,415.3163263155851,417.9965368019756,411.81217671998786,415.72332763671875,27691100,0.0,0.0,MSFT,2026-01-08 10:04:44.635383+00:00
2024-11-26 00:00:00-05:00,416.5174436728799,425.89825580258685,415.78287220202776,424.8559265136719,23458900,0.0,0.0,MSFT,2026-01-08 10:04:44.635383+00:00
2024-11-27 00:00:00-05:00,421.9969878965425,424.10148899734514,418.929618998767,419.89251708984375,18332400,0.0,0.0,MSFT,2026-01-08 10:04:44.635383+00:00
2024-11-29 00:00:00-05:00,417.0137525773511,421.76868474809675,414.7405133546205,420.35906982421875,16271900,0.0,0.0,MSFT,2026-01-08 10:04:44.635383+00:00
2024-12-02 00:00:00-05:00,418.48293944626425,429.82923270647603,418.22483367708463,427.82403564453125,20207200,0.0,0.0,MSFT,2026-01-08 10:04:44.635383+00:00
2024-12-03 00:00:00-05:00,426.69236269283573,429.30310856781665,424.6077345204632,428.04241943359375,18302000,0.0,0.0,MSFT,2026-01-08 10:04:44.635383+00:00
2024-12-04 00:00:00-05:00,429.8589906240061,436.45038152660425,429.46192581768037,434.21685791015625,26009400,0.0,0.0,MSFT,2026-01-08 10:04:44.635383+00:00
2024-12-05 00:00:00-05:00,434.71324963786515,441.40388483943747,432.9760643904688,439.3788146972656,21697800,0.0,0.0,MSFT,2026-01-08 10:04:44.635383+00:00
2024-12-06 00:00:00-05:00,439.0611493611207,442.83334120617906,438.5350316138442,440.3218688964844,18821000,0.0,0.0,MSFT,2026-01-08 10:04:44.635383+00:00
2024-12-09 00:00:00-05:00,439.3589669421711,445.04698832633716,437.27433861074473,442.75390625,19144400,0.0,0.0,MSFT,2026-01-08 10:04:44.635383+00:00
2024-12-10 00:00:00-05:00,441.1358533918597,446.32753597079886,438.3662754088612,440.0835876464844,18469500,0.0,0.0,MSFT,2026-01-08 10:04:44.635383+00:00
2024-12-11 00:00:00-05:00,440.79832040277716,447.05220524938716,440.79832040277716,445.7021484375,19200200,0.0,0.0,MSFT,2026-01-08 10:04:44.635383+00:00
2024-12-12 00:00:00-05:00,445.8212579806136,452.8196506561494,445.8212579806136,446.2679748535156,20834800,0.0,0.0,MSFT,2026-01-08 10:04:44.635383+00:00
2024-12-13 00:00:00-05:00,445.15616611270633,448.124261247401,442.3170935669994,443.9947204589844,20177800,0.0,0.0,MSFT,2026-01-08 10:04:44.635383+00:00
2024-12-16 00:00:00-05:00,443.99473862109255,448.86878750909034,442.01932060586137,448.2831115722656,23598800,0.0,0.0,MSFT,2026-01-08 10:04:44.635383+00:00
2024-12-17 00:00:00-05:00,447.70736185197006,451.9560191338881,446.2779042343056,451.132080078125,22733500,0.0,0.0,MSFT,2026-01-08 10:04:44.635383+00:00
2024-12-18 00:00:00-05:00,448.015058169262,449.33530544806223,433.8197567617204,434.18707275390625,24444500,0.0,0.0,MSFT,2026-01-08 10:04:44.635383+00:00
2024-12-19 00:00:00-05:00,438.38612742715867,439.9347015317489,433.12495005824394,433.8297424316406,22963700,0.0,0.0,MSFT,2026-01-08 10:04:44.635383+00:00
2024-12-20 00:00:00-05:00,429.93845914028344,440.4906238895222,425.49128413888167,433.4029235839844,64263700,0.0,0.0,MSFT,2026-01-08 10:04:44.635383+00:00
2024-12-23 00:00:00-05:00,433.54182345000305,434.44516332232695,429.6604520270257,432.062744140625,19152500,0.0,0.0,MSFT,2026-01-08 10:04:44.635383+00:00
2024-12-24 00:00:00-05:00,431.4671622449362,436.3809267682004,431.0105391906017,436.1128845214844,7164500,0.0,0.0,MSFT,2026-01-08 10:04:44.635383+00:00
2024-12-26 00:00:00-05:00,435.8646925313124,437.7110878799943,433.43265156283826,434.90179443359375,8194200,0.0,0.0,MSFT,2026-01-08 10:04:44.635383+00:00
2024-12-27 00:00:00-05:00,431.4175228637617,432.0329778888151,423.2279358558446,427.3773193359375,18117700,0.0,0.0,MSFT,2026-01-08 10:04:44.635383+00:00
2024-12-30 00:00:00-05:00,422.9400590771193,424.41913845880714,418.8105181563676,421.71905517578125,13158700,0.0,0.0,MSFT,2026-01-08 10:04:44.635383+00:00
2024-12-31 00:00:00-05:00,422.97977346202197,423.6051649635355,417.5796069111211,418.4134521484375,13246500,0.0,0.0,MSFT,2026-01-08 10:04:44.635383+00:00
2025-01-02 00:00:00-05:00,422.4139505741353,422.9500047735069,411.81216477472935,415.51483154296875,16896500,0.0,0.0,MSFT,2026-01-08 10:04:44.635383+00:00
2025-01-03 00:00:00-05:00,417.996542116602,420.92495225496697,416.4678408938124,420.24993896484375,16662900,0.0,0.0,MSFT,2026-01-08 10:04:44.635383+00:00
2025-01-06 00:00:00-05:00,424.8658449852562,431.1395722098291,422.36430932720185,424.7169494628906,20573600,0.0,0.0,MSFT,2026-01-08 10:04:44.635383+00:00
2025-01-07 00:00:00-05:00,425.85855484956164,427.49646630939253,417.7185890028598,419.277099609375,18139100,0.0,0.0,MSFT,2026-01-08 10:04:44.635383+00:00
2025-01-08 00:00:00-05:00,420.35909877353964,423.84340560662326,418.4531754229048,421.4510498046875,15054600,0.0,0.0,MSFT,2026-01-08 10:04:44.635383+00:00
2025-01-10 00:00:00-05:00,421.52050962504774,421.59991046888086,411.98086631184646,415.8821105957031,20201100,0.0,0.0,MSFT,2026-01-08 10:04:44.635383+00:00
2025-01-13 00:00:00-05:00,412.19927707865725,415.4354144937977,409.2708974707551,414.135009765625,17604800,0.0,0.0,MSFT,2026-01-08 10:04:44.635383+00:00
2025-01-14 00:00:00-05:00,414.7504731982745,416.6663329915462,407.7123952362894,412.62615966796875,16935900,0.0,0.0,MSFT,2026-01-08 10:04:44.635383+00:00
2025-01-15 00:00:00-05:00,416.06081709812753,425.01475491103537,415.20709891745935,423.188232421875,19637800,0.0,0.0,MSFT,2026-01-08 10:04:44.635383+00:00
2025-01-16 00:00:00-05:00,425.56071106349873,426.34490420898106,421.2822749228641,421.4708557128906,15300000,0.0,0.0,MSFT,2026-01-08 10:04:44.635383+00:00
2025-01-17 00:00:00-05:00,430.91124996405387,431.29840862027794,425.0346177976779,425.8883056640625,26197500,0.0,0.0,MSFT,2026-01-08 10:04:44.635383+00:00
2025-01-21 00:00:00-05:00,427.04974598441896,427.74460185190514,422.4834247796493,425.3621826171875,26085700,0.0,0.0,MSFT,2026-01-08 10:04:44.635383+00:00
2025-01-22 00:00:00-05:00,434.3558409675422,443.9947282693763,432.8072669314077,442.9325866699219,27803800,0.0,0.0,MSFT,2026-01-08 10:04:44.635383+00:00
2025-01-23 00:00:00-05:00,438.76337163669416,443.4785888658215,438.26703298099653,443.4388732910156,18389300,0.0,0.0,MSFT,2026-01-08 10:04:44.635383+00:00
2025-01-24 00:00:00-05:00,441.9002090925553,443.37928850377745,438.16773293128523,440.8082580566406,15549500,0.0,0.0,MSFT,2026-01-08 10:04:44.635383+00:00
2025-01-27 00:00:00-05:00,420.90507512895306,432.01313557520695,420.39880005578783,431.3778076171875,35647800,0.0,0.0,MSFT,2026-01-08 10:04:44.635383+00:00
2025-01-28 00:00:00-05:00,431.4175234893937,445.0966142937209,428.2211016468738,443.9252624511719,23491700,0.0,0.0,MSFT,2026-01-08 10:04:44.635383+00:00
2025-01-29 00:00:00-05:00,443.41900040059096,443.60761150041753,437.17505205552743,439.0909118652344,23581400,0.0,0.0,MSFT,2026-01-08 10:04:44.635383+00:00
2025-01-30 00:00:00-05:00,415.7034295288443,419.7634757332681,410.1345248522129,411.95111083984375,54586300,0.0,0.0,MSFT,2026-01-08 10:04:44.635383+00:00
2025-01-31 00:00:00-05:00,415.911907348454,417.60937689111034,411.87170384291437,412.0205993652344,34161900,0.0,0.0,MSFT,2026-01-08 10:04:44.635383+00:00
2025-02-03 00:00:00-05:00,408.5859935358612,412.368091725276,405.6675197732108,407.9109802246094,25679100,0.0,0.0,MSFT,2026-01-08 10:04:44.635383+00:00
2025-02-04 00:00:00-05:00,409.6679752687522,410.8889791877868,406.739565274027,409.3503112792969,20532100,0.0,0.0,MSFT,2026-01-08 10:04:44.635383+00:00
2025-02-05 00:00:00-05:00,409.33049175194867,410.7996347714461,407.3947588943965,410.26361083984375,16316700,0.0,0.0,MSFT,2026-01-08 10:04:44.635383+00:00
2025-02-06 00:00:00-05:00,410.9684054782215,415.1376622891217,410.9684054782215,412.77508544921875,16309800,0.0,0.0,MSFT,2026-01-08 10:04:44.635383+00:00
2025-02-07 00:00:00-05:00,413.4302096384315,415.58430218979566,405.1115698860282,406.7494812011719,22886800,0.0,0.0,MSFT,2026-01-08 10:04:44.635383+00:00
2025-02-10 00:00:00-05:00,410.6804954197058,412.41768060214906,407.91094771202364,409.201416015625,20817900,0.0,0.0,MSFT,2026-01-08 10:04:44.635383+00:00
2025-02-11 00:00:00-05:00,406.64031711794166,409.4694230026259,406.30278019920314,408.4271240234375,18140600,0.0,0.0,MSFT,2026-01-08 10:04:44.635383+00:00
2025-02-12 00:00:00-05:00,404.22806155020925,407.7421472112012,401.40886202523427,406.044677734375,19121700,0.0,0.0,MSFT,2026-01-08 10:04:44.635383+00:00
2025-02-13 00:00:00-05:00,404.0196057632089,407.99031441935836,403.38427783705555,407.53369140625,23891700,0.0,0.0,MSFT,2026-01-08 10:04:44.635383+00:00
2025-02-14 00:00:00-05:00,404.80385028408716,405.91564391864586,402.9078331667541,405.43914794921875,22758500,0.0,0.0,MSFT,2026-01-08 10:04:44.635383+00:00
2025-02-18 00:00:00-05:00,405.01228421128855,407.59325090478893,403.52326846051176,406.6402893066406,21423100,0.0,0.0,MSFT,2026-01-08 10:04:44.635383+00:00
2025-02-19 00:00:00-05:00,404.89319663470326,412.44745587382107,404.66486996411237,411.73272705078125,24114200,0.0,0.0,MSFT,2026-01-08 10:04:44.635383+00:00
2025-02-20 00:00:00-05:00,413.0755545581438,417.07410775463984,410.3402184035009,413.91107177734375,23508700,0.83,0.0,MSFT,2026-01-08 10:04:44.635383+00:00
2025-02-21 00:00:00-05:00,415.11458446579724,415.8207899827264,405.71499358869687,406.03326416015625,27524800,0.0,0.0,MSFT,2026-01-08 10:04:44.635383+00:00
2025-02-24 00:00:00-05:00,406.3316636333371,407.1870631835248,397.1906661264377,401.845703125,26443700,0.0,0.0,MSFT,2026-01-08 10:04:44.635383+00:00
2025-02-25 00:00:00-05:00,398.9612079589026,399.77684273234365,394.58467628789543,395.77825927734375,29387400,0.0,0.0,MSFT,2026-01-08 10:04:44.635383+00:00
2025-02-26 00:00:00-05:00,395.8876811696496,401.4478696916858,392.1477210913464,397.5985107421875,19619000,0.0,0.0,MSFT,2026-01-08 10:04:44.635383+00:00
2025-02-27 00:00:00-05:00,399.13027515598884,403.5764407452776,390.0788238664077,390.4368896484375,21127400,0.0,0.0,MSFT,2026-01-08 10:04:44.635383+00:00
2025-02-28 00:00:00-05:00,390.5662102627109,395.50970978817173,384.50868780557136,394.87310791015625,32845700,0.0,0.0,MSFT,2026-01-08 10:04:44.635383+00:00
2025-03-03 00:00:00-05:00,396.69339168929787,396.69339168929787,384.10089457458224,386.41845703125,23007700,0.0,0.0,MSFT,2026-01-08 10:04:44.635383+00:00
2025-03-04 00:00:00-05:00,381.3555708063787,390.48661254503907,378.9683745181786,386.53778076171875,29342900,0.0,0.0,MSFT,2026-01-08 10:04:44.635383+00:00
2025-03-05 00:00:00-05:00,387.2639110911412,399.52818059067016,386.73673843465946,398.8816223144531,23433100,0.0,0.0,MSFT,2026-01-08 10:04:44.635383+00:00
2025-03-06 00:00:00-05:00,392.1775528184261,400.00558222724027,390.5860785359009,394.7736511230469,23304600,0.0,0.0,MSFT,2026-01-08 10:04:44.635383+00:00
2025-03-07 00:00:00-05:00,390.2280267594304,392.6947831487431,383.4841811851977,391.2127380371094,22034100,0.0,0.0,MSFT,2026-01-08 10:04:44.635383+00:00
2025-03-10 00:00:00-04:00,383.7825787420743,384.3395902213564,375.20854809150063,378.13287353515625,32840100,0.0,0.0,MSFT,2026-01-08 10:04:44.635383+00:00
2025-03-11 00:00:00-04:00,376.9790454259089,383.9417190881288,374.900193646485,378.42132568359375,30380200,0.0,0.0,MSFT,2026-01-08 10:04:44.635383+00:00
2025-03-12 00:00:00-04:00,380.9079867475423,383.1658713736677,376.92931616803475,381.22625732421875,24253600,0.0,0.0,MSFT,2026-01-08 10:04:44.635383+00:00
2025-03-13 00:00:00-04:00,381.11688044146297,383.2653663209318,375.4373363609022,376.7502746582031,20473000,0.0,0.0,MSFT,2026-01-08 10:04:44.635383+00:00
2025-03-14 00:00:00-04:00,377.7548866940246,388.1491759928466,377.48633735073093,386.4880676269531,19952800,0.0,0.0,MSFT,2026-01-08 10:04:44.635383+00:00
2025-03-17 00:00:00-04:00,384.6379840789578,390.61591588488574,383.5140048019888,386.6273193359375,22474300,0.0,0.0,MSFT,2026-01-08 10:04:44.635383+00:00
2025-03-18 00:00:00-04:00,385.0060336134189,385.3044217812384,379.06786623501773,381.4749450683594,19486900,0.0,0.0,MSFT,2026-01-08 10:04:44.635383+00:00
2025-03-19 00:00:00-04:00,383.47421674907764,387.6020814133235,381.9523764633006,385.75201416015625,19185500,0.0,0.0,MSFT,2026-01-08 10:04:44.635383+00:00
2025-03-20 00:00:00-04:00,383.68311164841384,389.70086948967395,381.2362375881449,384.7772521972656,18470500,0.0,0.0,MSFT,2026-01-08 10:04:44.635383+00:00
2025-03-21 00:00:00-04:00,381.1765391094654,389.65109658333733,380.7587653391681,389.1736755371094,39675900,0.0,0.0,MSFT,2026-01-08 10:04:44.635383+00:00
2025-03-24 00:00:00-04:00,393.2916146921325,393.2916146921325,387.7314257194749,390.9839782714844,21004500,0.0,0.0,MSFT,2026-01-08 10:04:44.635383+00:00
2025-03-25 00:00:00-04:00,391.8194783223531,394.2464393645113,390.5463049956332,393.0528564453125,15775000,0.0,0.0,MSFT,2026-01-08 10:04:44.635383+00:00
2025-03-26 00:00:00-04:00,392.89371036762657,393.2020549018058,386.4980048485776,387.8905334472656,16108400,0.0,0.0,MSFT,2026-01-08 10:04:44.635383+00:00
2025-03-27 00:00:00-04:00,388.0497321808232,390.1484665522675,385.3342783094565,388.497314453125,13766800,0.0,0.0,MSFT,2026-01-08 10:04:44.635383+00:00
2025-03-28 00:00:00-04:00,386.01063609307533,387.0550554138024,374.9200970667492,376.7801208496094,21632000,0.0,0.0,MSFT,2026-01-08 10:04:44.635383+00:00
2025-03-31 00:00:00-04:00,370.5534967757106,375.0593400396717,365.28173999012597,373.3883056640625,35184700,0.0,0.0,MSFT,2026-01-08 10:04:44.635383+00:00
2025-04-01 00:00:00-04:00,372.65223585591366,380.80852287787553,371.2398247656492,380.15203857421875,19689500,0.0,0.0,MSFT,2026-01-08 10:04:44.635383+00:00
2025-04-02 00:00:00-04:00,375.95454781806535,383.0266205201498,374.6117403662579,380.1023254394531,16092600,0.0,0.0,MSFT,2026-01-08 10:04:44.635383+00:00
2025-04-03 00:00:00-04:00,372.7915176951189,375.4671762502354,367.3805229509676,371.1204528808594,30198000,0.0,0.0,MSFT,2026-01-08 10:04:44.635383+00:00
2025-04-04 00:00:00-04:00,362.1883363320907,372.5925514540549,357.5631378295283,357.92120361328125,49209900,0.0,0.0,MSFT,2026-01-08 10:04:44.635383+00:00
2025-04-07 00:00:00-04:00,349.00902084094025,369.021730877009,342.9514979578054,355.9517822265625,50425000,0.0,0.0,MSFT,2026-01-08 10:04:44.635383+00:00
2025-04-08 00:00:00-04:00,366.2963637047226,371.65760721529676,348.38238740402795,352.6694030761719,35868900,0.0,0.0,MSFT,2026-01-08 10:04:44.635383+00:00
2025-04-09 00:00:00-04:00,351.6547953803853,391.1331552543464,351.21713920354574,388.4077453613281,50199700,0.0,0.0,MSFT,2026-01-08 10:04:44.635383+00:00
2025-04-10 00:00:00-04:00,380.02273387837465,381.85291877896515,365.838762955237,379.3165283203125,38024400,0.0,0.0,MSFT,2026-01-08 10:04:44.635383+00:00
2025-04-11 00:00:00-04:00,378.61031016462425,387.97010607095405,376.86964177115533,386.378662109375,23839200,0.0,0.0,MSFT,2026-01-08 10:04:44.635383+00:00
2025-04-14 00:00:00-04:00,391.1232211496066,392.54558862795363,382.1612557582716,385.7420654296875,19251200,0.0,0.0,MSFT,2026-01-08 10:04:44.635383+00:00
2025-04-15 00:00:00-04:00,386.4383315419063,389.80031299588615,382.11152127039287,383.67315673828125,17199900,0.0,0.0,MSFT,2026-01-08 10:04:44.635383+00:00
2025-04-16 00:00:00-04:00,378.6401657518634,379.5751254610235,366.0377126687907,369.6284484863281,21967800,0.0,0.0,MSFT,2026-01-08 10:04:44.635383+00:00
2025-04-17 00:00:00-04:00,371.757014425277,372.32398224080106,364.9336092793292,365.81884765625,21120200,0.0,0.0,MSFT,2026-01-08 10:04:44.635383+00:00
2025-04-21 00:00:00-04:00,360.88533011613976,362.5364820854384,353.7734623702264,357.2050476074219,20807300,0.0,0.0,MSFT,2026-01-08 10:04:44.635383+00:00
2025-04-22 00:00:00-04:00,361.44235434917846,365.80892977570767,357.94110461161955,364.864013671875,19485000,0.0,0.0,MSFT,2026-01-08 10:04:44.635383+00:00
2025-04-23 00:00:00-04:00,374.05472426245655,378.3616523034824,371.0309260243866,372.3936462402344,20545500,0.0,0.0,MSFT,2026-01-08 10:04:44.635383+00:00
2025-04-24 00:00:00-04:00,373.696621578229,386.37863321068227,373.18933139938025,385.2347412109375,22232300,0.0,0.0,MSFT,2026-01-08 10:04:44.635383+00:00
2025-04-25 00:00:00-04:00,384.93638434344297,390.068873110604,382.54918803088736,389.7605285644531,18973200,0.0,0.0,MSFT,2026-01-08 10:04:44.635383+00:00
2025-04-28 00:00:00-04:00,389.86991018310994,390.6457497092271,384.5783015368256,389.0741882324219,16579400,0.0,0.0,MSFT,2026-01-08 10:04:44.635383+00:00
2025-04-29 00:00:00-04:00,389.2134328165618,392.99318803647833,388.2983555925269,391.9388427734375,14974000,0.0,0.0,MSFT,2026-01-08 10:04:44.635383+00:00
2025-04-30 00:00:00-04:00,388.21877036685504,394.54487238441686,382.39003252749313,393.15234375,36461100,0.0,0.0,MSFT,2026-01-08 10:04:44.635383+00:00
2025-05-01 00:00:00-04:00,428.81116623183453,434.65981700987567,422.6342884776108,423.1316223144531,58938100,0.0,0.0,MSFT,2026-01-08 10:04:44.635383+00:00
2025-05-02 00:00:00-04:00,429.43779144193553,437.0967443095362,427.69712309519423,432.95892333984375,30757400,0.0,0.0,MSFT,2026-01-08 10:04:44.635383+00:00
2025-05-05 00:00:00-04:00,430.5617862640975,437.15643772408293,429.80582912695047,433.8442077636719,20136100,0.0,0.0,MSFT,2026-01-08 10:04:44.635383+00:00
2025-05-06 00:00:00-04:00,429.8953841273505,435.39589519237757,428.8708776295015,430.99945068359375,15104200,0.0,0.0,MSFT,2026-01-08 10:04:44.635383+00:00
2025-05-07 00:00:00-04:00,431.5266230555768,435.7837995157977,428.8111693588705,431.03924560546875,23295300,0.0,0.0,MSFT,2026-01-08 10:04:44.635383+00:00
2025-05-08 00:00:00-04:00,435.5947857400273,441.3041985489404,433.3369011589759,435.8335266113281,23491300,0.0,0.0,MSFT,2026-01-08 10:04:44.635383+00:00
2025-05-09 00:00:00-04:00,437.6537809958818,438.38982536855053,433.55575499424157,436.39056396484375,15324200,0.0,0.0,MSFT,2026-01-08 10:04:44.635383+00:00
2025-05-12 00:00:00-04:00,443.5621064267163,446.9738092745622,437.43494989219903,446.8644104003906,22821900,0.0,0.0,MSFT,2026-01-08 10:04:44.635383+00:00
2025-05-13 00:00:00-04:00,445.392292323668,448.2668964878236,442.9851831830833,446.74505615234375,23618800,0.0,0.0,MSFT,2026-01-08 10:04:44.635383+00:00
2025-05-14 00:00:00-04:00,445.75035736922496,451.47962216221697,445.75035736922496,450.5247497558594,19902800,0.0,0.0,MSFT,2026-01-08 10:04:44.635383+00:00
2025-05-15 00:00:00-04:00,449.1894881249397,454.5904977674882,448.85068389062144,451.5412292480469,21992300,0.83,0.0,MSFT,2026-01-08 10:04:44.635383+00:00
2025-05-16 00:00:00-04:00,450.4649678139624,452.7668658429008,447.15663182075053,452.67718505859375,23849800,0.0,0.0,MSFT,2026-01-08 10:04:44.635383+00:00
2025-05-19 00:00:00-04:00,449.29907263869796,457.9785240250479,449.2193361148497,457.26104736328125,21336500,0.0,0.0,MSFT,2026-01-08 10:04:44.635383+00:00
2025-05-20 00:00:00-04:00,453.9925667897047,456.73292449884485,452.72703072274504,456.56353759765625,15441800,0.0,0.0,MSFT,2026-01-08 10:04:44.635383+00:00
2025-05-21 00:00:00-04:00,452.97617231921885,456.1749087494066,450.2258398312579,450.9831848144531,19216900,0.0,0.0,MSFT,2026-01-08 10:04:44.635383+00:00
2025-05-22 00:00:00-04:00,453.3548479183862,458.63625267798704,452.30851122486644,453.26513671875,18025600,0.0,0.0,MSFT,2026-01-08 10:04:44.635383+00:00
2025-05-23 00:00:00-04:00,448.402251486361,452.09923464302557,447.33599591595265,448.6015319824219,16883500,0.0,0.0,MSFT,2026-01-08 10:04:44.635383+00:00
2025-05-27 00:00:00-04:00,454.87947686866386,459.33380513701957,454.5207233060155,459.07470703125,20974300,0.0,0.0,MSFT,2026-01-08 10:04:44.635383+00:00
2025-05-28 00:00:00-04:00,459.60282918231184,460.8982588383752,455.3278626603832,455.75634765625,17086300,0.0,0.0,MSFT,2026-01-08 10:04:44.635383+00:00
2025-05-29 00:00:00-04:00,459.93167902845283,460.10109634693043,453.71356774793736,457.0717468261719,13974800,0.0,0.0,MSFT,2026-01-08 10:04:44.635383+00:00
2025-05-30 00:00:00-04:00,458.1080789456966,460.06119805700706,453.942742633105,458.7458190917969,34770500,0.0,0.0,MSFT,2026-01-08 10:04:44.635383+00:00
2025-06-02 00:00:00-04:00,455.53716828611505,460.48971303831235,455.2880448481698,460.3502197265625,16626500,0.0,0.0,MSFT,2026-01-08 10:04:44.635383+00:00
2025-06-03 00:00:00-04:00,459.85193916930956,462.51259067234093,459.2440622117471,461.3466796875,15743800,0.0,0.0,MSFT,2026-01-08 10:04:44.635383+00:00
2025-06-04 00:00:00-04:00,462.3730793208357,464.05715611586317,461.3965045417047,462.2435302734375,14162700,0.0,0.0,MSFT,2026-01-08 10:04:44.635383+00:00
2025-06-05 00:00:00-04:00,463.3296970825432,468.00325491639626,462.4029652503908,466.0401611328125,20131700,0.0,0.0,MSFT,2026-01-08 10:04:44.635383+00:00
2025-06-06 00:00:00-04:00,468.4417517005521,471.6803564462113,467.13634729745564,468.7307434082031,15285600,0.0,0.0,MSFT,2026-01-08 10:04:44.635383+00:00
2025-06-09 00:00:00-04:00,468.05311353771793,471.77001565920176,466.9768832876908,471.0924072265625,16469900,0.0,0.0,MSFT,2026-01-08 10:04:44.635383+00:00
2025-06-10 00:00:00-04:00,469.53790223355384,471.14224260725143,465.3227226358238,469.26885986328125,15375900,0.0,0.0,MSFT,2026-01-08 10:04:44.635383+00:00
2025-06-11 00:00:00-04:00,468.37197033665615,473.80287330978865,468.01324719222674,470.9628601074219,16399200,0.0,0.0,MSFT,2026-01-08 10:04:44.635383+00:00
2025-06-12 00:00:00-04:00,473.3544415367432,478.73553201697933,471.8597009390277,477.1909484863281,18950600,0.0,0.0,MSFT,2026-01-08 10:04:44.635383+00:00
2025-06-13 00:00:00-04:00,474.7395752703882,477.4998519181197,471.1023792861798,473.2946472167969,16814500,0.0,0.0,MSFT,2026-01-08 10:04:44.635383+00:00
2025-06-16 00:00:00-04:00,473.5437784887318,479.00457509504827,473.3345233196989,477.46002197265625,15626100,0.0,0.0,MSFT,2026-01-08 10:04:44.635383+00:00
2025-06-17 00:00:00-04:00,473.7331030955977,477.06138843382047,472.4177241014044,476.3638610839844,15414100,0.0,0.0,MSFT,2026-01-08 10:04:44.635383+00:00
2025-06-18 00:00:00-04:00,476.3239856832242,479.313466764918,472.7963894918646,478.5561218261719,17526500,0.0,0.0,MSFT,2026-01-08 10:04:44.635383+00:00
2025-06-20 00:00:00-04:00,480.53918652379775,481.76485435953526,475.1979642712812,475.7261047363281,37576200,0.0,0.0,MSFT,2026-01-08 10:04:44.635383+00:00
2025-06-23 00:00:00-04:00,476.53326469371973,486.0398235242553,470.853268600571,484.29595947265625,24864000,0.0,0.0,MSFT,2026-01-08 10:04:44.635383+00:00
2025-06-24 00:00:00-04:00,487.23560408546166,490.1254297173699,485.0931183138473,488.3915100097656,22305600,0.0,0.0,MSFT,2026-01-08 10:04:44.635383+00:00
2025-06-25 00:00:00-04:00,490.3148017263918,492.8259550719198,487.67409932543603,490.5439758300781,17495100,0.0,0.0,MSFT,2026-01-08 10:04:44.635383+00:00
2025-06-26 00:00:00-04:00,491.2514824256969,496.29373818928514,491.08206511354325,495.705810546875,21578900,0.0,0.0,MSFT,2026-01-08 10:04:44.635383+00:00
2025-06-27 00:00:00-04:00,495.80545117387857,497.54931522943417,491.30131038962224,494.20111083984375,34539200,0.0,0.0,MSFT,2026-01-08 10:04:44.635383+00:00
2025-06-30 00:00:00-04:00,495.2972567719388,499.0042146991214,493.5932305818623,495.66595458984375,28369000,0.0,0.0,MSFT,2026-01-08 10:04:44.635383+00:00
2025-07-01 00:00:00-04:00,494.729222512998,496.30366915943387,489.2584818970934,490.32470703125,19945400,0.0,0.0,MSFT,2026-01-08 10:04:44.635383+00:00
2025-07-02 00:00:00-04:00,488.2719538404123,491.76965656989233,486.98649882219644,489.36810302734375,16319600,0.0,0.0,MSFT,2026-01-08 10:04:44.635383+00:00
2025-07-03 00:00:00-04:00,492.07857999859937,498.3764278450543,491.7098821739863,497.0909423828125,13984800,0.0,0.0,MSFT,2026-01-08 10:04:44.635383+00:00
2025-07-07 00:00:00-04:00,495.6360493014733,497.0012408266234,493.4935938943106,495.974853515625,13981600,0.0,0.0,MSFT,2026-01-08 10:04:44.635383+00:00
2025-07-08 00:00:00-04:00,495.4965138505155,496.4531696907806,492.3774837277821,494.8786926269531,11846600,0.0,0.0,MSFT,2026-01-08 10:04:44.635383+00:00
2025-07-09 00:00:00-04:00,498.54580110123976,505.003091421344,497.98776704512187,501.74456787109375,18659500,0.0,0.0,MSFT,2026-01-08 10:04:44.635383+00:00
2025-07-10 00:00:00-04:00,501.2861517097084,502.67129257213526,496.0047471787155,499.7216796875,16492100,0.0,0.0,MSFT,2026-01-08 10:04:44.635383+00:00
2025-07-11 00:00:00-04:00,496.72220586888017,503.25920197660867,496.05454172265075,501.5552062988281,16459500,0.0,0.0,MSFT,2026-01-08 10:04:44.635383+00:00
2025-07-14 00:00:00-04:00,499.7615155353931,502.2029372942231,499.273243347857,501.2562561035156,12058800,0.0,0.0,MSFT,2026-01-08 10:04:44.635383+00:00
2025-07-15 00:00:00-04:00,501.2562471634966,506.51773265302506,501.027073076573,504.04644775390625,14927200,0.0,0.0,MSFT,2026-01-08 10:04:44.635383+00:00
2025-07-16 00:00:00-04:00,503.40870828332856,504.9433171823036,500.1302657221866,503.84716796875,15154400,0.0,0.0,MSFT,2026-01-08 10:04:44.635383+00:00
2025-07-17 00:00:00-04:00,503.9069415603956,511.5699807689203,503.84715436950415,509.9058532714844,17503100,0.0,0.0,MSFT,2026-01-08 10:04:44.635383+00:00
2025-07-18 00:00:00-04:00,512.6760564474737,512.8355294984256,505.6507880659733,508.2615966796875,21209700,0.0,0.0,MSFT,2026-01-08 10:04:44.635383+00:00
2025-07-21 00:00:00-04:00,504.93334625634344,510.29451797884275,503.777409841716,508.2716064453125,14066800,0.0,0.0,MSFT,2026-01-08 10:04:44.635383+00:00
2025-07-22 00:00:00-04:00,509.1784090675831,509.40761357627605,503.4983825683594,503.4983825683594,13868600,0.0,0.0,MSFT,2026-01-08 10:04:44.635383+00:00
2025-07-23 00:00:00-04:00,504.97317174446385,505.01304000657746,498.94439715180334,504.09625244140625,16396600,0.0,0.0,MSFT,2026-01-08 10:04:44.635383+00:00
2025-07-24 00:00:00-04:00,506.98612743645725,511.86894085644093,505.5212803694045,509.0887451171875,16107000,0.0,0.0,MSFT,2026-01-08 10:04:44.635383+00:00
2025-07-25 00:00:00-04:00,510.67314061143924,516.4727417364818,508.57055332296227,511.9088439941406,19125700,0.0,0.0,MSFT,2026-01-08 10:04:44.635383+00:00
2025-07-28 00:00:00-04:00,512.2775105607909,513.1942677567645,508.3313735189307,510.7030334472656,14308000,0.0,0.0,MSFT,2026-01-08 10:04:44.635383+00:00
2025-07-29 00:00:00-04:00,513.7224399565682,515.8050777848653,509.7663282358281,510.7727966308594,16469200,0.0,0.0,MSFT,2026-01-08 10:04:44.635383+00:00
2025-07-30 00:00:00-04:00,513.3636552782116,514.1409495778635,507.6537656967309,511.4404296875,26380400,0.0,0.0,MSFT,2026-01-08 10:04:44.635383+00:00
2025-07-31 00:00:00-04:00,553.2831833968122,553.5024436401114,530.0350289229713,531.62939453125,51617300,0.0,0.0,MSFT,2026-01-08 10:04:44.635383+00:00
2025-08-01 00:00:00-04:00,533.1241083924594,533.9212911566675,519.0336734352546,522.2722778320312,28977600,0.0,0.0,MSFT,2026-01-08 10:04:44.635383+00:00
2025-08-04 00:00:00-04:00,526.4177481275262,536.3627358241171,526.2782244119826,533.7619018554688,25349000,0.0,0.0,MSFT,2026-01-08 10:04:44.635383+00:00
2025-08-05 00:00:00-04:00,535.2964641743647,535.41603854948,525.3913146279989,525.8995361328125,19171600,0.0,0.0,MSFT,2026-01-08 10:04:44.635383+00:00
2025-08-06 00:00:00-04:00,529.0385508551038,529.8357336828143,522.1926437275052,523.0994262695312,21355700,0.0,0.0,MSFT,2026-01-08 10:04:44.635383+00:00
2025-08-07 00:00:00-04:00,524.9528573399085,526.2383731099006,515.735290819572,519.0137939453125,16079100,0.0,0.0,MSFT,2026-01-08 10:04:44.635383+00:00
2025-08-08 00:00:00-04:00,520.7676288144971,522.8204035830947,517.5888112007746,520.2095947265625,15531000,0.0,0.0,MSFT,2026-01-08 10:04:44.635383+00:00
2025-08-11 00:00:00-04:00,520.4686618064882,525.7401525514866,517.8976909591346,519.9405517578125,20194400,0.0,0.0,MSFT,2026-01-08 10:04:44.635383+00:00
2025-08-12 00:00:00-04:00,521.9135974657331,529.1182277589118,520.8672912006765,527.3843383789062,18667000,0.0,0.0,MSFT,2026-01-08 10:04:44.635383+00:00
2025-08-13 00:00:00-04:00,530.244240271181,530.8321983067945,517.5489204522431,518.7546997070312,19619200,0.0,0.0,MSFT,2026-01-08 10:04:44.635383+00:00
2025-08-14 00:00:00-04:00,520.7277467800332,524.1058750288076,518.3162490497452,520.6480102539062,20269100,0.0,0.0,MSFT,2026-01-08 10:04:44.635383+00:00
2025-08-15 00:00:00-04:00,520.9370505811125,524.255330935539,517.2599862571353,518.3461303710938,25213300,0.0,0.0,MSFT,2026-01-08 10:04:44.635383+00:00
2025-08-18 00:00:00-04:00,519.7611730136332,520.9868407954262,512.2177084457264,515.286865234375,23760600,0.0,0.0,MSFT,2026-01-08 10:04:44.635383+00:00
2025-08-19 00:00:00-04:00,513.1942782099028,513.3536904476517,506.7668813962475,507.98260498046875,21481000,0.0,0.0,MSFT,2026-01-08 10:04:44.635383+00:00
2025-08-20 00:00:00-04:00,508.0822507382742,509.2082935133009,502.6712971096552,503.9468078613281,27723000,0.0,0.0,MSFT,2026-01-08 10:04:44.635383+00:00
2025-08-21 00:00:00-04:00,502.74904380636957,506.68168580920974,501.7808546744913,503.2980041503906,18443300,0.83,0.0,MSFT,2026-01-08 10:04:44.635383+00:00
2025-08-22 00:00:00-04:00,503.3079962424447,509.77590173606455,501.471437254012,506.2824401855469,24324200,0.0,0.0,MSFT,2026-01-08 10:04:44.635383+00:00
2025-08-25 00:00:00-04:00,505.6835608535286,507.2406441544574,503.1782400793436,503.3179931640625,21638600,0.0,0.0,MSFT,2026-01-08 10:04:44.635383+00:00
2025-08-26 00:00:00-04:00,503.4177851675948,504.0366525259624,497.5787379824689,501.1021423339844,30835700,0.0,0.0,MSFT,2026-01-08 10:04:44.635383+00:00
2025-08-27 00:00:00-04:00,501.06219963605827,506.34232576675964,498.96611661319633,505.7933349609375,17277900,0.0,0.0,MSFT,2026-01-08 10:04:44.635383+00:00
2025-08-28 00:00:00-04:00,506.1426727693108,510.1352001425548,504.5556467937143,508.68792724609375,18015600,0.0,0.0,MSFT,2026-01-08 10:04:44.635383+00:00
2025-08-29 00:00:00-04:00,507.7097597194238,508.64800611235046,503.5475364264987,505.7434387207031,20961600,0.0,0.0,MSFT,2026-01-08 10:04:44.635383+00:00
2025-09-02 00:00:00-04:00,499.53505401941584,505.0547219959289,495.88188775050133,504.1763610839844,18128000,0.0,0.0,MSFT,2026-01-08 10:04:44.635383+00:00
2025-09-03 00:00:00-04:00,502.8488615493355,506.8413890153064,501.3816064871684,504.40594482421875,16345100,0.0,0.0,MSFT,2026-01-08 10:04:44.635383+00:00
2025-09-04 00:00:00-04:00,503.3578996917829,507.20071355848035,502.2100541109688,507.02105712890625,15509500,0.0,0.0,MSFT,2026-01-08 10:04:44.635383+00:00
2025-09-05 00:00:00-04:00,508.11900990545524,511.0135863020471,491.4501951138555,494.0752868652344,31994800,0.0,0.0,MSFT,2026-01-08 10:04:44.635383+00:00
2025-09-08 00:00:00-04:00,497.1794589519428,500.26371328397477,494.10522614671714,497.2693176269531,16771000,0.0,0.0,MSFT,2026-01-08 10:04:44.635383+00:00
2025-09-09 00:00:00-04:00,500.4932596555404,501.3117351050236,496.77024724997165,497.4789123535156,14410500,0.0,0.0,MSFT,2026-01-08 10:04:44.635383+00:00
2025-09-10 00:00:00-04:00,502.04038173392,502.2899147028095,495.7920664455459,499.43524169921875,21611800,0.0,0.0,MSFT,2026-01-08 10:04:44.635383+00:00
2025-09-11 00:00:00-04:00,501.31173995388707,502.2300346920423,496.9499084839274,500.0740661621094,18881600,0.0,0.0,MSFT,2026-01-08 10:04:44.635383+00:00
2025-09-12 00:00:00-04:00,505.70352006176233,511.59249216822343,502.9087629314118,508.94744873046875,23624900,0.0,0.0,MSFT,2026-01-08 10:04:44.635383+00:00
2025-09-15 00:00:00-04:00,507.8395136770829,514.5069966795595,506.05284913244947,514.397216796875,17143800,0.0,0.0,MSFT,2026-01-08 10:04:44.635383+00:00
2025-09-16 00:00:00-04:00,515.9144004162443,516.2637221986186,507.64986983793983,508.08905029296875,19711900,0.0,0.0,MSFT,2026-01-08 10:04:44.635383+00:00
2025-09-17 00:00:00-04:00,509.6660849144807,510.33484666258875,504.9848440594251,509.06719970703125,15816600,0.0,0.0,MSFT,2026-01-08 10:04:44.635383+00:00
2025-09-18 00:00:00-04:00,510.5344514878828,512.1115168727503,506.71161989545686,507.5001525878906,18913700,0.0,0.0,MSFT,2026-01-08 10:04:44.635383+00:00
2025-09-19 00:00:00-04:00,509.6061757592278,518.3298380532008,509.35664280609984,516.96240234375,52474100,0.0,0.0,MSFT,2026-01-08 10:04:44.635383+00:00
2025-09-22 00:00:00-04:00,514.6268375894382,516.772784556969,511.5824866494396,513.4889526367188,20009300,0.0,0.0,MSFT,2026-01-08 10:04:44.635383+00:00
2025-09-23 00:00:00-04:00,512.8401566617626,513.6287198501773,506.3622903955001,508.2787170410156,19799600,0.0,0.0,MSFT,2026-01-08 10:04:44.635383+00:00
2025-09-24 00:00:00-04:00,509.4265417419943,511.5225942719762,505.9730140478167,509.19696044921875,13533700,0.0,0.0,MSFT,2026-01-08 10:04:44.635383+00:00
2025-09-25 00:00:00-04:00,507.3504106819217,509.0572380888419,504.09652154158834,506.0827941894531,15786500,0.0,0.0,MSFT,2026-01-08 10:04:44.635383+00:00
2025-09-26 00:00:00-04:00,509.1071380786861,512.9798945996346,505.67356201643696,510.5045166015625,16213100,0.0,0.0,MSFT,2026-01-08 10:04:44.635383+00:00
2025-09-29 00:00:00-04:00,510.5444265624633,515.8844074376258,507.9293260645142,513.6386108398438,17617800,0.0,0.0,MSFT,2026-01-08 10:04:44.635383+00:00
2025-09-30 00:00:00-04:00,512.2811987663596,517.1919905812645,508.70790002171145,516.982421875,19728200,0.0,0.0,MSFT,2026-01-08 10:04:44.635383+00:00
2025-10-01 00:00:00-04:00,513.8382741479315,519.5376290534263,510.7340986553811,518.7391357421875,22632300,0.0,0.0,MSFT,2026-01-08 10:04:44.635383+00:00
2025-10-02 00:00:00-04:00,516.6730253227585,520.625588764222,509.7260051791023,514.7765502929688,21222900,0.0,0.0,MSFT,2026-01-08 10:04:44.635383+00:00
2025-10-03 00:00:00-04:00,516.1339509263171,519.5176324904353,514.0378984273964,516.3834838867188,15112300,0.0,0.0,MSFT,2026-01-08 10:04:44.635383+00:00
2025-10-06 00:00:00-04:00,517.6411650074094,530.0380069481532,517.2319577376861,527.5825805664062,21388600,0.0,0.0,MSFT,2026-01-08 10:04:44.635383+00:00
2025-10-07 00:00:00-04:00,527.3030443984364,528.8102332144322,520.4658657072805,523.0010986328125,14615200,0.0,0.0,MSFT,2026-01-08 10:04:44.635383+00:00
2025-10-08 00:00:00-04:00,522.3024933531,525.9656203925812,522.1128458539913,523.8695068359375,13363400,0.0,0.0,MSFT,2026-01-08 10:04:44.635383+00:00
2025-10-09 00:00:00-04:00,521.3642478231245,523.3505205733983,516.4334737589328,521.4241333007812,18343600,0.0,0.0,MSFT,2026-01-08 10:04:44.635383+00:00
2025-10-10 00:00:00-04:00,518.6692706129455,522.6019127014883,508.6779606337136,510.0054626464844,24133800,0.0,0.0,MSFT,2026-01-08 10:04:44.635383+00:00
2025-10-13 00:00:00-04:00,515.4452371680482,515.4452371680482,510.7240930552238,513.0896606445312,14284200,0.0,0.0,MSFT,2026-01-08 10:04:44.635383+00:00
2025-10-14 00:00:00-04:00,509.2768388871209,514.3174231454748,505.05473007895694,512.610595703125,14684300,0.0,0.0,MSFT,2026-01-08 10:04:44.635383+00:00
2025-10-15 00:00:00-04:00,513.9979961583023,516.2238106749688,509.04724028199115,512.4708251953125,14694700,0.0,0.0,MSFT,2026-01-08 10:04:44.635383+00:00
2025-10-16 00:00:00-04:00,511.62245544117155,515.884437136842,507.1807563967364,510.65423583984375,15559600,0.0,0.0,MSFT,2026-01-08 10:04:44.635383+00:00
2025-10-17 00:00:00-04:00,508.0890780500653,514.5170195527368,506.3622988729776,512.62060546875,19867800,0.0,0.0,MSFT,2026-01-08 10:04:44.635383+00:00
2025-10-20 00:00:00-04:00,513.6486038577511,517.730989827423,512.4708156147512,515.8245239257812,14665600,0.0,0.0,MSFT,2026-01-08 10:04:44.635383+00:00
2025-10-21 00:00:00-04:00,516.533257830336,517.7210372272165,512.0815676283437,516.6929321289062,15586200,0.0,0.0,MSFT,2026-01-08 10:04:44.635383+00:00
2025-10-22 00:00:00-04:00,520.1764726871388,524.2488070435115,516.7428964573043,519.5675659179688,18962700,0.0,0.0,MSFT,2026-01-08 10:04:44.635383+00:00
2025-10-23 00:00:00-04:00,521.4839993377199,522.9712060783663,517.6411550810741,519.5875244140625,14023500,0.0,0.0,MSFT,2026-01-08 10:04:44.635383+00:00
2025-10-24 00:00:00-04:00,521.8133604589415,524.3685757173844,519.7372899447384,522.6318359375,15532400,0.0,0.0,MSFT,2026-01-08 10:04:44.635383+00:00
2025-10-27 00:00:00-04:00,530.7866236569336,533.5813808592218,528.0217787333662,530.527099609375,18734700,0.0,0.0,MSFT,2026-01-08 10:04:44.635383+00:00
2025-10-28 00:00:00-04:00,548.9725518014023,552.6855732732587,539.7598137450263,541.057373046875,29986700,0.0,0.0,MSFT,2026-01-08 10:04:44.635383+00:00
2025-10-29 00:00:00-04:00,543.9220119141725,545.2495444281135,535.7273269044096,540.538330078125,36023000,0.0,0.0,MSFT,2026-01-08 10:04:44.635383+00:00
2025-10-30 00:00:00-04:00,529.4889853080866,533.9705877450752,521.1446173319796,524.77783203125,41023100,0.0,0.0,MSFT,2026-01-08 10:04:44.635383+00:00
2025-10-31 00:00:00-04:00,527.8919782690999,528.3311587204174,514.137692119172,516.8426513671875,34006400,0.0,0.0,MSFT,2026-01-08 10:04:44.635383+00:00
2025-11-03 00:00:00-05:00,518.8389228578652,523.9793263365088,513.628703759196,516.0641479492188,22374700,0.0,0.0,MSFT,2026-01-08 10:04:44.635383+00:00
2025-11-04 00:00:00-05:00,510.80399534425794,514.5868933466259,506.8913048594995,513.3692016601562,20958700,0.0,0.0,MSFT,2026-01-08 10:04:44.635383+00:00
2025-11-05 00:00:00-05:00,512.3410686781482,513.8682396575209,505.6336213981725,506.2125549316406,23024300,0.0,0.0,MSFT,2026-01-08 10:04:44.635383+00:00
2025-11-06 00:00:00-05:00,504.7153625290288,504.75529633258907,494.88375756631746,496.1713562011719,27406500,0.0,0.0,MSFT,2026-01-08 10:04:44.635383+00:00
2025-11-07 00:00:00-05:00,496.02163823572937,498.4470913363115,492.32853818272196,495.8918762207031,24019800,0.0,0.0,MSFT,2026-01-08 10:04:44.635383+00:00
2025-11-10 00:00:00-05:00,499.10586069795033,505.9031361854127,497.8681564860657,505.0547180175781,26101500,0.0,0.0,MSFT,2026-01-08 10:04:44.635383+00:00
2025-11-11 00:00:00-05:00,503.85694933091565,508.64800052182136,501.411544557113,507.7297058105469,17980000,0.0,0.0,MSFT,2026-01-08 10:04:44.635383+00:00
2025-11-12 00:00:00-05:00,508.4084461357136,510.7141588310794,498.18758530403636,510.1851501464844,26574900,0.0,0.0,MSFT,2026-01-08 10:04:44.635383+00:00
2025-11-13 00:00:00-05:00,509.3566671737073,512.54071024479,500.3535287599438,502.34979248046875,25273100,0.0,0.0,MSFT,2026-01-08 10:04:44.635383+00:00
2025-11-14 00:00:00-05:00,497.2992409027003,510.644258818196,496.51070821491913,509.2268981933594,28505700,0.0,0.0,MSFT,2026-01-08 10:04:44.635383+00:00
2025-11-17 00:00:00-05:00,507.5001596757347,511.16328656765256,503.9667643395777,506.54193115234375,19092800,0.0,0.0,MSFT,2026-01-08 10:04:44.635383+00:00
2025-11-18 00:00:00-05:00,494.44458869198826,502.0403882023454,485.87063942574486,492.8675537109375,33815100,0.0,0.0,MSFT,2026-01-08 10:04:44.635383+00:00
2025-11-19 00:00:00-05:00,489.18443539234676,494.264922953439,481.9279972054541,486.2099914550781,23245300,0.0,0.0,MSFT,2026-01-08 10:04:44.635383+00:00
2025-11-20 00:00:00-05:00,492.7099914550781,493.57000732421875,475.5,478.42999267578125,26802500,0.91,0.0,MSFT,2026-01-08 10:04:44.635383+00:00
2025-11-21 00:00:00-05:00,478.5,478.9200134277344,468.2699890136719,472.1199951171875,31769200,0.0,0.0,MSFT,2026-01-08 10:04:44.635383+00:00
2025-11-24 00:00:00-05:00,475.0,476.8999938964844,468.0199890136719,474.0,34421000,0.0,0.0,MSFT,2026-01-08 10:04:44.635383+00:00
2025-11-25 00:00:00-05:00,474.07000732421875,479.1499938964844,464.8900146484375,476.989990234375,28019800,0.0,0.0,MSFT,2026-01-08 10:04:44.635383+00:00
2025-11-26 00:00:00-05:00,486.30999755859375,488.30999755859375,481.20001220703125,485.5,25709100,0.0,0.0,MSFT,2026-01-08 10:04:44.635383+00:00
2025-11-28 00:00:00-05:00,487.6000061035156,492.6300048828125,486.6499938964844,492.010009765625,14386700,0.0,0.0,MSFT,2026-01-08 10:04:44.635383+00:00
2025-12-01 00:00:00-05:00,488.44000244140625,489.8599853515625,484.6499938964844,486.739990234375,23964000,0.0,0.0,MSFT,2026-01-08 10:04:44.635383+00:00
2025-12-02 00:00:00-05:00,486.7200012207031,493.5,486.32000732421875,490.0,19562700,0.0,0.0,MSFT,2026-01-08 10:04:44.635383+00:00
2025-12-03 00:00:00-05:00,476.32000732421875,484.239990234375,475.20001220703125,477.7300109863281,34615100,0.0,0.0,MSFT,2026-01-08 10:04:44.635383+00:00
2025-12-04 00:00:00-05:00,479.760009765625,481.32000732421875,476.489990234375,480.8399963378906,22318200,0.0,0.0,MSFT,2026-01-08 10:04:44.635383+00:00
2025-12-05 00:00:00-05:00,482.5199890136719,483.3999938964844,478.8800048828125,483.1600036621094,22608700,0.0,0.0,MSFT,2026-01-08 10:04:44.635383+00:00
2025-12-08 00:00:00-05:00,484.8900146484375,492.29998779296875,484.3800048828125,491.0199890136719,21965900,0.0,0.0,MSFT,2026-01-08 10:04:44.635383+00:00
2025-12-09 00:00:00-05:00,489.1000061035156,492.1199951171875,488.5,492.0199890136719,14696100,0.0,0.0,MSFT,2026-01-08 10:04:44.635383+00:00
2025-12-10 00:00:00-05:00,484.0299987792969,484.25,475.0799865722656,478.55999755859375,35756200,0.0,0.0,MSFT,2026-01-08 10:04:44.635383+00:00
2025-12-11 00:00:00-05:00,476.6300048828125,486.0299987792969,475.8599853515625,483.4700012207031,24669200,0.0,0.0,MSFT,2026-01-08 10:04:44.635383+00:00
2025-12-12 00:00:00-05:00,479.82000732421875,482.45001220703125,476.3399963378906,478.5299987792969,21248100,0.0,0.0,MSFT,2026-01-08 10:04:44.635383+00:00
2025-12-15 00:00:00-05:00,480.1000061035156,480.7200012207031,472.5199890136719,474.82000732421875,23727700,0.0,0.0,MSFT,2026-01-08 10:04:44.635383+00:00
2025-12-16 00:00:00-05:00,471.9100036621094,477.8900146484375,470.8800048828125,476.3900146484375,20705600,0.0,0.0,MSFT,2026-01-08 10:04:44.635383+00:00
2025-12-17 00:00:00-05:00,476.9100036621094,480.0,475.0,476.1199951171875,24527200,0.0,0.0,MSFT,2026-01-08 10:04:44.635383+00:00
2025-12-18 00:00:00-05:00,478.19000244140625,489.6000061035156,477.8900146484375,483.9800109863281,28573500,0.0,0.0,MSFT,2026-01-08 10:04:44.635383+00:00
2025-12-19 00:00:00-05:00,487.3599853515625,487.8500061035156,482.489990234375,485.9200134277344,70836100,0.0,0.0,MSFT,2026-01-08 10:04:44.635383+00:00
2025-12-22 00:00:00-05:00,486.1199951171875,488.7300109863281,482.69000244140625,484.9200134277344,16963000,0.0,0.0,MSFT,2026-01-08 10:04:44.635383+00:00
2025-12-23 00:00:00-05:00,484.9800109863281,487.8299865722656,484.739990234375,486.8500061035156,14683600,0.0,0.0,MSFT,2026-01-08 10:04:44.635383+00:00
2025-12-24 00:00:00-05:00,485.67999267578125,489.1600036621094,484.8299865722656,488.0199890136719,5855900,0.0,0.0,MSFT,2026-01-08 10:04:44.635383+00:00
2025-12-26 00:00:00-05:00,486.7099914550781,488.1199951171875,485.9599914550781,487.7099914550781,8842200,0.0,0.0,MSFT,2026-01-08 10:04:44.635383+00:00
2025-12-29 00:00:00-05:00,484.8599853515625,488.3500061035156,484.17999267578125,487.1000061035156,10893400,0.0,0.0,MSFT,2026-01-08 10:04:44.635383+00:00
2025-12-30 00:00:00-05:00,485.92999267578125,489.67999267578125,485.5,487.4800109863281,13944500,0.0,0.0,MSFT,2026-01-08 10:04:44.635383+00:00
2025-12-31 00:00:00-05:00,487.8399963378906,488.1400146484375,483.29998779296875,483.6199951171875,15601600,0.0,0.0,MSFT,2026-01-08 10:04:44.635383+00:00
2026-01-02 00:00:00-05:00,484.3900146484375,484.6600036621094,470.1600036621094,472.94000244140625,25571600,0.0,0.0,MSFT,2026-01-08 10:04:44.635383+00:00
2026-01-05 00:00:00-05:00,474.05999755859375,476.07000732421875,469.5,472.8500061035156,25250300,0.0,0.0,MSFT,2026-01-08 10:04:44.635383+00:00
2026-01-06 00:00:00-05:00,473.79998779296875,478.739990234375,469.75,478.510009765625,23037700,0.0,0.0,MSFT,2026-01-08 10:04:44.635383+00:00
2026-01-07 00:00:00-05:00,479.760009765625,489.70001220703125,477.95001220703125,483.4700012207031,25547100,0.0,0.0,MSFT,2026-01-08 10:04:44.635383+00:00
