Date,Open,High,Low,Close,Volume,Dividends,Stock Splits,symbol,extracted_at
2022-01-03 00:00:00-05:00,324.4789932562933,327.0430825242718,319.08954838944334,323.8984375,28865100,0.0,0.0,MSFT,2026-01-26 06:13:31.073800+00:00
2022-01-04 00:00:00-05:00,323.975761808593,324.33379227694843,315.5481232153685,318.3444519042969,32674300,0.0,0.0,MSFT,2026-01-26 06:13:31.073800+00:00
2022-01-05 00:00:00-05:00,315.29653749062345,315.49975115217205,305.7368436101561,306.1238708496094,40054300,0.0,0.0,MSFT,2026-01-26 06:13:31.073800+00:00
2022-01-06 00:00:00-05:00,302.9986402827555,308.3687441767891,301.3924488017178,303.7049865722656,39646100,0.0,0.0,MSFT,2026-01-26 06:13:31.073800+00:00
2022-01-07 00:00:00-05:00,303.9661306277529,306.2399561127619,300.0377468231346,303.8597106933594,32720000,0.0,0.0,MSFT,2026-01-26 06:13:31.073800+00:00
2022-01-10 00:00:00-05:00,299.4572301875026,304.51769951844926,294.81284395605223,304.082275390625,44289500,0.0,0.0,MSFT,2026-01-26 06:13:31.073800+00:00
2022-01-11 00:00:00-05:00,303.2211788519228,306.34645318386146,299.84432347965804,304.7693176269531,29386800,0.0,0.0,MSFT,2026-01-26 06:13:31.073800+00:00
2022-01-12 00:00:00-05:00,309.3072765675064,312.92602760824207,306.80121056428135,307.95263671875,34372200,0.0,0.0,MSFT,2026-01-26 06:13:31.073800+00:00
2022-01-13 00:00:00-05:00,310.08125514826645,310.4779676320496,294.1451655568667,294.9192199707031,45366000,0.0,0.0,MSFT,2026-01-26 06:13:31.073800+00:00
2022-01-14 00:00:00-05:00,294.38709603316755,300.7441227450604,293.9033045852905,300.14422607421875,39846400,0.0,0.0,MSFT,2026-01-26 06:13:31.073800+00:00
2022-01-18 00:00:00-05:00,294.21287812896793,299.7571080915639,291.95839390632096,292.8388977050781,42333200,0.0,0.0,MSFT,2026-01-26 06:13:31.073800+00:00
2022-01-19 00:00:00-05:00,296.3609536478612,303.7339300973706,292.8873348271103,293.49688720703125,45933900,0.0,0.0,MSFT,2026-01-26 06:13:31.073800+00:00
2022-01-20 00:00:00-05:00,299.0508745044083,301.54722556520954,291.37794866784134,291.8230285644531,35380700,0.0,0.0,MSFT,2026-01-26 06:13:31.073800+00:00
2022-01-21 00:00:00-05:00,292.8777000608215,294.25165138229846,286.0271958983454,286.43359375,57984400,0.0,0.0,MSFT,2026-01-26 06:13:31.073800+00:00
2022-01-24 00:00:00-05:00,282.72779869632694,287.47860581753895,267.1013077287473,286.7626037597656,85731500,0.0,0.0,MSFT,2026-01-26 06:13:31.073800+00:00
2022-01-25 00:00:00-05:00,282.06977569492784,285.4272897689935,275.92564748178614,279.13800048828125,72848600,0.0,0.0,MSFT,2026-01-26 06:13:31.073800+00:00
2022-01-26 00:00:00-05:00,298.0058564603818,298.4993332025726,283.5308241295649,287.0915222167969,90428900,0.0,0.0,MSFT,2026-01-26 06:13:31.073800+00:00
2022-01-27 00:00:00-05:00,292.8487086541634,297.3382789457668,288.2720298974532,290.1201171875,53481300,0.0,0.0,MSFT,2026-01-26 06:13:31.073800+00:00
2022-01-28 00:00:00-05:00,290.4974009724275,298.47995924549656,284.90477344830566,298.26708984375,49743700,0.0,0.0,MSFT,2026-01-26 06:13:31.073800+00:00
2022-01-31 00:00:00-05:00,298.93470345552413,302.2535052126906,296.4383234160704,300.8988952636719,46444500,0.0,0.0,MSFT,2026-01-26 06:13:31.073800+00:00
2022-02-01 00:00:00-05:00,300.347421459454,300.5602908856212,295.2385847597286,298.75091552734375,40950400,0.0,0.0,MSFT,2026-01-26 06:13:31.073800+00:00
2022-02-02 00:00:00-05:00,299.59272363577713,304.90474476135483,298.8670363988058,303.2985534667969,36636000,0.0,0.0,MSFT,2026-01-26 06:13:31.073800+00:00
2022-02-03 00:00:00-05:00,299.4572180160596,301.140832317367,290.2361542912409,291.4843444824219,43730000,0.0,0.0,MSFT,2026-01-26 06:13:31.073800+00:00
2022-02-04 00:00:00-05:00,290.47807776902533,298.78961201270425,290.24586730318873,296.0223388671875,35096500,0.0,0.0,MSFT,2026-01-26 06:13:31.073800+00:00
2022-02-07 00:00:00-05:00,296.24484477716817,297.860691549558,290.17808160206255,291.1940612792969,28533300,0.0,0.0,MSFT,2026-01-26 06:13:31.073800+00:00
2022-02-08 00:00:00-05:00,291.48434523681885,295.65462512508105,290.2264992927546,294.6870422363281,32421200,0.0,0.0,MSFT,2026-01-26 06:13:31.073800+00:00
2022-02-09 00:00:00-05:00,299.82490244451157,301.81812081600225,297.4253157990667,301.1214599609375,31284700,0.0,0.0,MSFT,2026-01-26 06:13:31.073800+00:00
2022-02-10 00:00:00-05:00,294.183888778049,299.0991965098226,290.95216570355126,292.57769775390625,45386200,0.0,0.0,MSFT,2026-01-26 06:13:31.073800+00:00
2022-02-11 00:00:00-05:00,293.3614411464584,294.42578816713433,284.68222196376286,285.47564697265625,39175600,0.0,0.0,MSFT,2026-01-26 06:13:31.073800+00:00
2022-02-14 00:00:00-05:00,284.2468738871611,287.1399674072104,281.9053393438206,285.43701171875,36359500,0.0,0.0,MSFT,2026-01-26 06:13:31.073800+00:00
2022-02-15 00:00:00-05:00,290.28459536542493,291.04896470161543,287.39150201566304,290.72967529296875,27058300,0.0,0.0,MSFT,2026-01-26 06:13:31.073800+00:00
2022-02-16 00:00:00-05:00,289.294594295298,291.71855279506,284.7472457825976,290.3902282714844,29982100,0.62,0.0,MSFT,2026-01-26 06:13:31.073800+00:00
2022-02-17 00:00:00-05:00,287.3458164377349,287.7724356407643,281.17927819469634,281.8870849609375,32461600,0.0,0.0,MSFT,2026-01-26 06:13:31.073800+00:00
2022-02-18 00:00:00-05:00,284.13650526196955,284.9218657300005,277.60152027487555,279.1722412109375,34264000,0.0,0.0,MSFT,2026-01-26 06:13:31.073800+00:00
2022-02-22 00:00:00-05:00,276.33132880972005,282.6724139032119,275.8465370047907,278.9685974121094,41736100,0.0,0.0,MSFT,2026-01-26 06:13:31.073800+00:00
2022-02-23 00:00:00-05:00,281.35378660921566,282.8275727475832,271.5803960838196,271.7452087402344,37811200,0.0,0.0,MSFT,2026-01-26 06:13:31.073800+00:00
2022-02-24 00:00:00-05:00,264.2212733214886,286.1823390203235,263.26136530225386,285.6296691894531,56989700,0.0,0.0,MSFT,2026-01-26 06:13:31.073800+00:00
2022-02-25 00:00:00-05:00,286.1628662410245,288.57711950054835,282.77899996721817,288.266845703125,32546700,0.0,0.0,MSFT,2026-01-26 06:13:31.073800+00:00
2022-02-28 00:00:00-05:00,285.35812887426613,290.04123393567045,284.087976805865,289.7018737792969,34627500,0.0,0.0,MSFT,2026-01-26 06:13:31.073800+00:00
2022-03-01 00:00:00-05:00,287.3846692197042,290.8460909305995,283.2639375417869,285.9787902832031,31217800,0.0,0.0,MSFT,2026-01-26 06:13:31.073800+00:00
2022-03-02 00:00:00-05:00,286.37619041849695,292.30036144633044,284.76670772312764,291.0592956542969,31873000,0.0,0.0,MSFT,2026-01-26 06:13:31.073800+00:00
2022-03-03 00:00:00-05:00,293.67721950670733,293.90991012485733,285.1060736064637,286.9192199707031,27314500,0.0,0.0,MSFT,2026-01-26 06:13:31.073800+00:00
2022-03-04 00:00:00-05:00,285.3387653764105,286.667090171543,278.43533489207505,281.0434875488281,32356500,0.0,0.0,MSFT,2026-01-26 06:13:31.073800+00:00
2022-03-07 00:00:00-05:00,279.75396452482715,280.8786850901457,270.0581281920922,270.42657470703125,43157200,0.0,0.0,MSFT,2026-01-26 06:13:31.073800+00:00
2022-03-08 00:00:00-05:00,269.35032612555074,275.32296496007893,261.78758549153326,267.45965576171875,48159500,0.0,0.0,MSFT,2026-01-26 06:13:31.073800+00:00
2022-03-09 00:00:00-05:00,274.8187931136679,280.79143196991623,272.2396970446507,279.7248840332031,35204500,0.0,0.0,MSFT,2026-01-26 06:13:31.073800+00:00
2022-03-10 00:00:00-05:00,274.41157459600157,277.8827008939295,272.0457879450381,276.9034118652344,30628000,0.0,0.0,MSFT,2026-01-26 06:13:31.073800+00:00
2022-03-11 00:00:00-05:00,279.2012996634574,280.7041720750728,270.93075230973267,271.5513000488281,27209300,0.0,0.0,MSFT,2026-01-26 06:13:31.073800+00:00
2022-03-14 00:00:00-04:00,271.81307809759875,276.7191690212427,267.43057063229696,268.0317077636719,30660700,0.0,0.0,MSFT,2026-01-26 06:13:31.073800+00:00
2022-03-15 00:00:00-04:00,271.822797240653,279.06558869061246,270.2520763750094,278.41595458984375,34245100,0.0,0.0,MSFT,2026-01-26 06:13:31.073800+00:00
2022-03-16 00:00:00-04:00,280.3163001707601,285.61024792688795,274.58608713792756,285.43572998046875,37826300,0.0,0.0,MSFT,2026-01-26 06:13:31.073800+00:00
2022-03-17 00:00:00-04:00,284.3691589056267,286.61857018444255,280.5683784873846,286.2404479980469,30816600,0.0,0.0,MSFT,2026-01-26 06:13:31.073800+00:00
2022-03-18 00:00:00-04:00,286.3859615737607,291.8447230887532,283.8262757344605,291.29205322265625,43390600,0.0,0.0,MSFT,2026-01-26 06:13:31.073800+00:00
2022-03-21 00:00:00-04:00,289.79886150329435,291.0108410246082,285.93020275050657,290.0606384277344,28351200,0.0,0.0,MSFT,2026-01-26 06:13:31.073800+00:00
2022-03-22 00:00:00-04:00,290.6811188141461,295.72296480391606,289.6824490018245,294.8115539550781,27599700,0.0,0.0,MSFT,2026-01-26 06:13:31.073800+00:00
2022-03-23 00:00:00-04:00,291.36960955369653,294.0068784229763,288.66446272341494,290.380615234375,25715400,0.0,0.0,MSFT,2026-01-26 06:13:31.073800+00:00
2022-03-24 00:00:00-04:00,290.0413361067321,294.94742817307144,289.24627022357623,294.8504638671875,24484500,0.0,0.0,MSFT,2026-01-26 06:13:31.073800+00:00
2022-03-25 00:00:00-04:00,295.946018112128,296.20779503659236,290.18668905916263,294.4431457519531,22566500,0.0,0.0,MSFT,2026-01-26 06:13:31.073800+00:00
2022-03-28 00:00:00-04:00,295.0733614546366,301.346568476762,295.0733614546366,301.2496337890625,29578200,0.0,0.0,MSFT,2026-01-26 06:13:31.073800+00:00
2022-03-29 00:00:00-04:00,304.3620002900689,306.21390857071964,299.64980847038635,305.8163757324219,30393400,0.0,0.0,MSFT,2026-01-26 06:13:31.073800+00:00
2022-03-30 00:00:00-04:00,304.21657238754335,306.3399629265181,302.10285756421536,304.3135070800781,28163600,0.0,0.0,MSFT,2026-01-26 06:13:31.073800+00:00
2022-03-31 00:00:00-04:00,304.3523117591246,305.5546156451536,298.52513395302805,298.9323425292969,33422100,0.0,0.0,MSFT,2026-01-26 06:13:31.073800+00:00
2022-04-01 00:00:00-04:00,299.9600479924089,300.6969409340958,296.2465561407123,300.008544921875,27110500,0.0,0.0,MSFT,2026-01-26 06:13:31.073800+00:00
2022-04-04 00:00:00-04:00,300.6581674070127,305.52546630436024,300.28972091399,305.3897399902344,24289600,0.0,0.0,MSFT,2026-01-26 06:13:31.073800+00:00
2022-04-05 00:00:00-04:00,303.741514813441,305.29285485441557,300.4449357197138,301.4242248535156,23156700,0.0,0.0,MSFT,2026-01-26 06:13:31.073800+00:00
2022-04-06 00:00:00-04:00,295.9071601840896,297.66210377077033,287.68508230073564,290.3902282714844,40110400,0.0,0.0,MSFT,2026-01-26 06:13:31.073800+00:00
2022-04-07 00:00:00-04:00,287.63663922691137,294.4140182952895,287.3360707147367,292.203369140625,31411200,0.0,0.0,MSFT,2026-01-26 06:13:31.073800+00:00
2022-04-08 00:00:00-04:00,291.30171228666035,291.9610220629479,287.26824077806,287.937255859375,24361900,0.0,0.0,MSFT,2026-01-26 06:13:31.073800+00:00
2022-04-11 00:00:00-04:00,282.9148149628091,283.7098510494845,276.3313338468451,276.58343505859375,34569300,0.0,0.0,MSFT,2026-01-26 06:13:31.073800+00:00
2022-04-12 00:00:00-04:00,280.44228385288176,281.8966589046803,271.95842938405707,273.4806823730469,30966700,0.0,0.0,MSFT,2026-01-26 06:13:31.073800+00:00
2022-04-13 00:00:00-04:00,274.130364433045,279.80240446057144,272.74383748539003,278.8716125488281,21907200,0.0,0.0,MSFT,2026-01-26 06:13:31.073800+00:00
2022-04-14 00:00:00-04:00,279.3273746344273,279.54068423967755,270.8241359315861,271.318603515625,28221600,0.0,0.0,MSFT,2026-01-26 06:13:31.073800+00:00
2022-04-18 00:00:00-04:00,270.4265639610484,273.8685738866559,269.8738942106014,271.9875793457031,20778000,0.0,0.0,MSFT,2026-01-26 06:13:31.073800+00:00
2022-04-19 00:00:00-04:00,270.8822739757197,277.4657549794319,269.94177668947515,276.6221923828125,22297700,0.0,0.0,MSFT,2026-01-26 06:13:31.073800+00:00
2022-04-20 00:00:00-04:00,280.59750599779863,280.88839885014346,276.6900850216622,277.64996337890625,22906700,0.0,0.0,MSFT,2026-01-26 06:13:31.073800+00:00
2022-04-21 00:00:00-04:00,279.8024222293234,284.37885800425323,271.5415806106492,272.2687683105469,29454600,0.0,0.0,MSFT,2026-01-26 06:13:31.073800+00:00
2022-04-22 00:00:00-04:00,273.11225361487504,274.58603936648194,265.06472297707495,265.6949462890625,29405800,0.0,0.0,MSFT,2026-01-26 06:13:31.073800+00:00
2022-04-25 00:00:00-04:00,264.97754897503074,272.5596713449549,262.5341790094944,272.1815490722656,35678900,0.0,0.0,MSFT,2026-01-26 06:13:31.073800+00:00
2022-04-26 00:00:00-04:00,269.0594525267125,269.89328023075717,261.7875754313959,262.0008850097656,46518400,0.0,0.0,MSFT,2026-01-26 06:13:31.073800+00:00
2022-04-27 00:00:00-04:00,273.5195398508142,282.1197416602457,270.66896169578,274.60546875,63477700,0.0,0.0,MSFT,2026-01-26 06:13:31.073800+00:00
2022-04-28 00:00:00-04:00,276.515542164648,282.129439349792,272.898984777169,280.82049560546875,33646600,0.0,0.0,MSFT,2026-01-26 06:13:31.073800+00:00
2022-04-29 00:00:00-04:00,279.8315688272619,281.0629592015001,268.08992310674057,269.0788879394531,37073900,0.0,0.0,MSFT,2026-01-26 06:13:31.073800+00:00
2022-05-02 00:00:00-04:00,269.26307913115687,276.27317988457435,267.81840889699976,275.8174743652344,35151100,0.0,0.0,MSFT,2026-01-26 06:13:31.073800+00:00
2022-05-03 00:00:00-04:00,275.32291337509014,275.4877555840114,271.6288027279923,273.209228515625,25978600,0.0,0.0,MSFT,2026-01-26 06:13:31.073800+00:00
2022-05-04 00:00:00-04:00,273.99461437075183,282.0324703593983,268.31286891823476,281.15985107421875,33599300,0.0,0.0,MSFT,2026-01-26 06:13:31.073800+00:00
2022-05-05 00:00:00-04:00,276.85492446483426,277.64028485633924,265.99557571933246,268.9140319824219,43260400,0.0,0.0,MSFT,2026-01-26 06:13:31.073800+00:00
2022-05-06 00:00:00-04:00,266.4512719319163,270.7562255668046,263.0189376361337,266.37371826171875,37780300,0.0,0.0,MSFT,2026-01-26 06:13:31.073800+00:00
2022-05-09 00:00:00-04:00,261.845769469364,264.07580012501256,255.31078485449888,256.5324401855469,47726000,0.0,0.0,MSFT,2026-01-26 06:13:31.073800+00:00
2022-05-10 00:00:00-04:00,263.42615521933493,265.42349495118094,257.00751689764115,261.3027648925781,39336400,0.0,0.0,MSFT,2026-01-26 06:13:31.073800+00:00
2022-05-11 00:00:00-04:00,257.5989686979002,263.106196550313,251.4130204767044,252.625,48975900,0.0,0.0,MSFT,2026-01-26 06:13:31.073800+00:00
2022-05-12 00:00:00-04:00,249.85199770937754,251.97538813892353,242.41529334839248,247.5831756591797,51033800,0.0,0.0,MSFT,2026-01-26 06:13:31.073800+00:00
2022-05-13 00:00:00-04:00,249.52235369812172,255.0392869332298,247.58318643346072,253.17767333984375,34925100,0.0,0.0,MSFT,2026-01-26 06:13:31.073800+00:00
2022-05-16 00:00:00-04:00,252.0529298587127,257.7347048140357,248.00007774550323,253.5460968017578,32550900,0.0,0.0,MSFT,2026-01-26 06:13:31.073800+00:00
2022-05-17 00:00:00-04:00,258.0158286207293,260.16830498775477,254.47685507030857,258.7042541503906,28828800,0.0,0.0,MSFT,2026-01-26 06:13:31.073800+00:00
2022-05-18 00:00:00-04:00,255.59437895473815,256.17748993343446,245.65244205477626,246.92555236816406,31356000,0.62,0.0,MSFT,2026-01-26 06:13:31.073800+00:00
2022-05-19 00:00:00-04:00,246.75063363367587,250.41449629814898,244.78752382257517,246.0120391845703,32692300,0.0,0.0,MSFT,2026-01-26 06:13:31.073800+00:00
2022-05-20 00:00:00-04:00,249.99657679389537,251.25998893720165,239.50069714781827,245.4483642578125,39199300,0.0,0.0,MSFT,2026-01-26 06:13:31.073800+00:00
2022-05-23 00:00:00-04:00,248.29589957204047,254.13666422198204,246.2938927434967,253.3105926513672,33175400,0.0,0.0,MSFT,2026-01-26 06:13:31.073800+00:00
2022-05-24 00:00:00-04:00,250.62827261930434,253.97138081332753,246.36187327999204,252.30953979492188,29043900,0.0,0.0,MSFT,2026-01-26 06:13:31.073800+00:00
2022-05-25 00:00:00-04:00,250.87131700715926,257.12995242337007,249.88974706172667,255.12796020507812,28547900,0.0,0.0,MSFT,2026-01-26 06:13:31.073800+00:00
2022-05-26 00:00:00-04:00,254.88492936958542,259.58863995946916,254.06858584488728,258.4127197265625,25002100,0.0,0.0,MSFT,2026-01-26 06:13:31.073800+00:00
2022-05-27 00:00:00-04:00,260.9201340875451,265.64327166838257,260.02602645530493,265.54608154296875,26910800,0.0,0.0,MSFT,2026-01-26 06:13:31.073800+00:00
2022-05-31 00:00:00-04:00,264.8560798770332,267.03299630860687,261.3574429989598,264.21466064453125,37827700,0.0,0.0,MSFT,2026-01-26 06:13:31.073800+00:00
2022-06-01 00:00:00-04:00,267.4508952453175,269.8707720178327,262.4361876229135,264.7491760253906,25292200,0.0,0.0,MSFT,2026-01-26 06:13:31.073800+00:00
2022-06-02 00:00:00-04:00,257.00359440575477,266.9163636856067,254.23383914437693,266.84832763671875,44008200,0.0,0.0,MSFT,2026-01-26 06:13:31.073800+00:00
2022-06-03 00:00:00-04:00,262.69859051173177,265.75018841702905,260.85209677085874,262.416748046875,28059000,0.0,0.0,MSFT,2026-01-26 06:13:31.073800+00:00
2022-06-06 00:00:00-04:00,264.39932013596905,266.4596203370496,259.6956086286452,261.1825256347656,22400300,0.0,0.0,MSFT,2026-01-26 06:13:31.073800+00:00
2022-06-07 00:00:00-04:00,259.13189542683165,265.4391388199608,258.45159434648144,264.8268737792969,22860700,0.0,0.0,MSFT,2026-01-26 06:13:31.073800+00:00
2022-06-08 00:00:00-04:00,264.0591589961378,265.3128433735348,262.01828503853517,262.7957763671875,17372300,0.0,0.0,MSFT,2026-01-26 06:13:31.073800+00:00
2022-06-09 00:00:00-04:00,260.23981256874225,265.03098582947564,257.1785166356976,257.3340148925781,26439700,0.0,0.0,MSFT,2026-01-26 06:13:31.073800+00:00
2022-06-10 00:00:00-04:00,253.24254885268172,253.24254885268172,245.41923343333343,245.8662872314453,31422800,0.0,0.0,MSFT,2026-01-26 06:13:31.073800+00:00
2022-06-13 00:00:00-04:00,238.20815546124874,242.00806063802048,234.72895987314584,235.4384002685547,46135800,0.0,0.0,MSFT,2026-01-26 06:13:31.073800+00:00
2022-06-14 00:00:00-04:00,236.99335622167607,238.82042366109098,234.70952192240742,237.60562133789062,28651500,0.0,0.0,MSFT,2026-01-26 06:13:31.073800+00:00
2022-06-15 00:00:00-04:00,241.31804702603347,248.11122688546928,239.4812665255515,244.6708984375,33111700,0.0,0.0,MSFT,2026-01-26 06:13:31.073800+00:00
2022-06-16 00:00:00-04:00,239.05363738085111,240.4530919195721,236.17699401048355,238.07208251953125,33169200,0.0,0.0,MSFT,2026-01-26 06:13:31.073800+00:00
2022-06-17 00:00:00-04:00,237.8096900838926,243.44637559850622,237.15855784482125,240.67662048339844,43084800,0.0,0.0,MSFT,2026-01-26 06:13:31.073800+00:00
2022-06-21 00:00:00-04:00,243.21313352857806,247.57670872846134,242.48425214861203,246.59515380859375,29928300,0.0,0.0,MSFT,2026-01-26 06:13:31.073800+00:00
2022-06-22 00:00:00-04:00,244.7972453506843,249.92858401068787,243.32004157236312,246.00233459472656,25939900,0.0,0.0,MSFT,2026-01-26 06:13:31.073800+00:00
2022-06-23 00:00:00-04:00,248.3736754699589,252.06666333172817,246.48829955344343,251.57101440429688,25861400,0.0,0.0,MSFT,2026-01-26 06:13:31.073800+00:00
2022-06-24 00:00:00-04:00,254.43797573471082,260.43425449200834,254.35051350542255,260.1621398925781,33923200,0.0,0.0,MSFT,2026-01-26 06:13:31.073800+00:00
2022-06-27 00:00:00-04:00,260.65770592471864,260.74516813613343,255.86653250823528,257.43121337890625,24615100,0.0,0.0,MSFT,2026-01-26 06:13:31.073800+00:00
2022-06-28 00:00:00-04:00,256.546824812342,259.39431434341117,249.1025126077075,249.2580108642578,27295500,0.0,0.0,MSFT,2026-01-26 06:13:31.073800+00:00
2022-06-29 00:00:00-04:00,250.33674869588077,254.5934209161679,248.55827625903655,252.93157958984375,20069800,0.0,0.0,MSFT,2026-01-26 06:13:31.073800+00:00
2022-06-30 00:00:00-04:00,249.8119509376396,252.2221295498261,245.7788129454486,249.59814453125,31730900,0.0,0.0,MSFT,2026-01-26 06:13:31.073800+00:00
2022-07-01 00:00:00-04:00,249.17057288707923,252.4553737795161,247.4406805657067,252.27072143554688,22837700,0.0,0.0,MSFT,2026-01-26 06:13:31.073800+00:00
2022-07-05 00:00:00-04:00,248.94702936825868,255.57499836951445,247.56701562367115,255.4486541748047,22941000,0.0,0.0,MSFT,2026-01-26 06:13:31.073800+00:00
2022-07-06 00:00:00-04:00,256.3233575149123,260.44395858678126,255.01136472962796,258.7140808105469,23824400,0.0,0.0,MSFT,2026-01-26 06:13:31.073800+00:00
2022-07-07 00:00:00-04:00,257.65470611483187,261.4837653703721,257.5575159983353,260.84234619140625,20859900,0.0,0.0,MSFT,2026-01-26 06:13:31.073800+00:00
2022-07-08 00:00:00-04:00,257.3340180308074,260.55081225996196,255.87625522031703,260.1231994628906,19658800,0.0,0.0,MSFT,2026-01-26 06:13:31.073800+00:00
2022-07-11 00:00:00-04:00,258.16977390244966,259.02499945053415,254.79748159613314,257.0618896484375,19455200,0.0,0.0,MSFT,2026-01-26 06:13:31.073800+00:00
2022-07-12 00:00:00-04:00,258.39331011954675,258.45161825659886,244.94300794231012,246.52711486816406,35868500,0.0,0.0,MSFT,2026-01-26 06:13:31.073800+00:00
2022-07-13 00:00:00-04:00,243.14510795246753,246.41049706934726,241.12367518210107,245.60386657714844,29497400,0.0,0.0,MSFT,2026-01-26 06:13:31.073800+00:00
2022-07-14 00:00:00-04:00,243.5143931814368,247.9557022452831,239.0147611564183,246.92555236816406,25102800,0.0,0.0,MSFT,2026-01-26 06:13:31.073800+00:00
2022-07-15 00:00:00-04:00,248.51939960298733,253.0384582835576,247.59615280932707,249.49124145507812,29774100,0.0,0.0,MSFT,2026-01-26 06:13:31.073800+00:00
2022-07-18 00:00:00-04:00,252.4359199576439,253.4952240127195,246.16754300536857,247.09078979492188,20975000,0.0,0.0,MSFT,2026-01-26 06:13:31.073800+00:00
2022-07-19 00:00:00-04:00,250.32703380524785,252.40678979239573,246.53685617166215,252.22213745117188,25012600,0.0,0.0,MSFT,2026-01-26 06:13:31.073800+00:00
2022-07-20 00:00:00-04:00,252.58170343561682,257.411758856481,251.61958944694678,254.8849639892578,22788300,0.0,0.0,MSFT,2026-01-26 06:13:31.073800+00:00
2022-07-21 00:00:00-04:00,252.47480926653154,257.4312087657086,249.7925161981688,257.3825988769531,22404700,0.0,0.0,MSFT,2026-01-26 06:13:31.073800+00:00
2022-07-22 00:00:00-04:00,257.77126314026145,257.8587253275265,251.77501692226303,253.02867126464844,21881300,0.0,0.0,MSFT,2026-01-26 06:13:31.073800+00:00
2022-07-25 00:00:00-04:00,253.65071891343598,254.13663983089467,249.5786992524714,251.54180908203125,21056000,0.0,0.0,MSFT,2026-01-26 06:13:31.073800+00:00
2022-07-26 00:00:00-04:00,252.54282977946914,252.56228559936346,242.54259767032684,244.80697631835938,39348000,0.0,0.0,MSFT,2026-01-26 06:13:31.073800+00:00
2022-07-27 00:00:00-04:00,253.80624175463643,262.4459010817631,251.56128927114813,261.17279052734375,45994000,0.0,0.0,MSFT,2026-01-26 06:13:31.073800+00:00
2022-07-28 00:00:00-04:00,262.15436025094607,270.01655789466145,260.32729267977885,268.6268310546875,33459300,0.0,0.0,MSFT,2026-01-26 06:13:31.073800+00:00
2022-07-29 00:00:00-04:00,269.88049153738285,274.05939959701226,268.84061364788005,272.8348693847656,32152800,0.0,0.0,MSFT,2026-01-26 06:13:31.073800+00:00
2022-08-01 00:00:00-04:00,269.99714086754074,273.3597057500872,268.07288310675597,270.1817932128906,21539600,0.0,0.0,MSFT,2026-01-26 06:13:31.073800+00:00
2022-08-02 00:00:00-04:00,268.2284010019875,270.06519667959884,264.7103375892404,267.0816345214844,22754200,0.0,0.0,MSFT,2026-01-26 06:13:31.073800+00:00
2022-08-03 00:00:00-04:00,268.9669356400914,275.5171396277238,268.82113564913254,274.5161437988281,23518900,0.0,0.0,MSFT,2026-01-26 06:13:31.073800+00:00
2022-08-04 00:00:00-04:00,273.86505032359116,275.8087342283953,272.28097285411656,275.6629638671875,18098700,0.0,0.0,MSFT,2026-01-26 06:13:31.073800+00:00
2022-08-05 00:00:00-04:00,271.2896818162804,275.66297071065867,270.83291490098145,274.9438171386719,16774600,0.0,0.0,MSFT,2026-01-26 06:13:31.073800+00:00
2022-08-08 00:00:00-04:00,276.05164766060443,277.8690167147474,271.4548549906023,272.42669677734375,18739200,0.0,0.0,MSFT,2026-01-26 06:13:31.073800+00:00
2022-08-09 00:00:00-04:00,271.765878834773,275.1089876320651,269.7930113371827,274.3509521484375,23405200,0.0,0.0,MSFT,2026-01-26 06:13:31.073800+00:00
2022-08-10 00:00:00-04:00,280.05564739805516,281.64945243011664,278.8602713803168,281.01776123046875,24687800,0.0,0.0,MSFT,2026-01-26 06:13:31.073800+00:00
2022-08-11 00:00:00-04:00,282.6601894486074,283.0100382556766,278.44239965548013,278.9380187988281,20065900,0.0,0.0,MSFT,2026-01-26 06:13:31.073800+00:00
2022-08-12 00:00:00-04:00,280.35695809957093,283.69036865234375,278.8603132900209,283.69036865234375,22619700,0.0,0.0,MSFT,2026-01-26 06:13:31.073800+00:00
2022-08-15 00:00:00-04:00,282.80597041000163,285.89642028825256,281.94101695182127,285.2064208984375,18085700,0.0,0.0,MSFT,2026-01-26 06:13:31.073800+00:00
2022-08-16 00:00:00-04:00,283.7681375602767,285.76043146556236,282.2423681526486,284.4678649902344,18102900,0.0,0.0,MSFT,2026-01-26 06:13:31.073800+00:00
2022-08-17 00:00:00-04:00,282.1791399463547,285.69495138930665,281.91619637542664,283.7179260253906,18253400,0.62,0.0,MSFT,2026-01-26 06:13:31.073800+00:00
2022-08-18 00:00:00-04:00,282.61739830194875,284.2925155216381,281.53634866422476,282.5979309082031,17186200,0.0,0.0,MSFT,2026-01-26 06:13:31.073800+00:00
2022-08-19 00:00:00-04:00,281.36109961223826,281.7019722471869,278.1082610446249,278.682861328125,20570000,0.0,0.0,MSFT,2026-01-26 06:13:31.073800+00:00
2022-08-22 00:00:00-04:00,274.7190391735939,275.0891277344879,269.985876348386,270.5020446777344,25061100,0.0,0.0,MSFT,2026-01-26 06:13:31.073800+00:00
2022-08-23 00:00:00-04:00,269.2262268066406,271.58305961695726,268.2133575622362,269.2262268066406,17527400,0.0,0.0,MSFT,2026-01-26 06:13:31.073800+00:00
2022-08-24 00:00:00-04:00,268.2231121213267,269.9956259083875,267.9309228621196,268.59320068359375,18137000,0.0,0.0,MSFT,2026-01-26 06:13:31.073800+00:00
2022-08-25 00:00:00-04:00,270.0930099138864,271.7389114328781,267.35633975487536,271.5733642578125,16583400,0.0,0.0,MSFT,2026-01-26 06:13:31.073800+00:00
2022-08-26 00:00:00-04:00,271.79731971202773,273.02444918596143,260.98700095652805,261.0941162109375,27549300,0.0,0.0,MSFT,2026-01-26 06:13:31.073800+00:00
2022-08-29 00:00:00-04:00,258.91253188901453,260.42207206076966,256.96472277902944,258.3087158203125,20338500,0.0,0.0,MSFT,2026-01-26 06:13:31.073800+00:00
2022-08-30 00:00:00-04:00,259.71118642639124,260.0812452565468,253.8580095108411,256.10772705078125,22767100,0.0,0.0,MSFT,2026-01-26 06:13:31.073800+00:00
2022-08-31 00:00:00-04:00,258.46455441213783,260.1396417810957,254.51047441783726,254.64683532714844,24791800,0.0,0.0,MSFT,2026-01-26 06:13:31.073800+00:00
2022-09-01 00:00:00-04:00,252.1147849235218,254.0820920632769,248.7450819143362,253.6048583984375,23263400,0.0,0.0,MSFT,2026-01-26 06:13:31.073800+00:00
2022-09-02 00:00:00-04:00,254.87088889880724,257.8315379852467,247.8295467479486,249.3780517578125,22855400,0.0,0.0,MSFT,2026-01-26 06:13:31.073800+00:00
2022-09-06 00:00:00-04:00,249.5144035204149,251.10184326326072,245.36555986305348,246.64137268066406,21328200,0.0,0.0,MSFT,2026-01-26 06:13:31.073800+00:00
2022-09-07 00:00:00-04:00,248.05356564773376,252.07578262693278,246.6121906113843,251.3551025390625,24126700,0.0,0.0,MSFT,2026-01-26 06:13:31.073800+00:00
2022-09-08 00:00:00-04:00,250.79019548540293,253.63398041445726,248.1411587926692,251.77381896972656,20319900,0.0,0.0,MSFT,2026-01-26 06:13:31.073800+00:00
2022-09-09 00:00:00-04:00,253.70212334082444,258.30870234526543,253.497611716883,257.55877685546875,22084700,0.0,0.0,MSFT,2026-01-26 06:13:31.073800+00:00
2022-09-12 00:00:00-04:00,258.84438857917326,260.47082249672275,258.24057242382844,259.6916809082031,18747700,0.0,0.0,MSFT,2026-01-26 06:13:31.073800+00:00
2022-09-13 00:00:00-04:00,252.08548374554073,253.60477266828747,245.02467481719648,245.41424560546875,33353300,0.0,0.0,MSFT,2026-01-26 06:13:31.073800+00:00
2022-09-14 00:00:00-04:00,246.91404207019949,247.59577234574667,243.33981382641142,245.6382293701172,23913000,0.0,0.0,MSFT,2026-01-26 06:13:31.073800+00:00
2022-09-15 00:00:00-04:00,243.252171211811,244.83962570319943,237.65221941398767,238.9767303466797,31530900,0.0,0.0,MSFT,2026-01-26 06:13:31.073800+00:00
2022-09-16 00:00:00-04:00,237.88598483764645,238.89885416750874,235.7433972160875,238.3534698486328,39791800,0.0,0.0,MSFT,2026-01-26 06:13:31.073800+00:00
2022-09-19 00:00:00-04:00,236.14268298899873,238.74300685593585,234.5649620689847,238.13919067382812,26826900,0.0,0.0,MSFT,2026-01-26 06:13:31.073800+00:00
2022-09-20 00:00:00-04:00,235.75312576969003,237.1555361018201,233.38652954179466,236.12319946289062,26660300,0.0,0.0,MSFT,2026-01-26 06:13:31.073800+00:00
2022-09-21 00:00:00-04:00,237.89571901145976,241.19725554129616,232.66584036427636,232.71453857421875,28625600,0.0,0.0,MSFT,2026-01-26 06:13:31.073800+00:00
2022-09-22 00:00:00-04:00,231.6626994562865,237.49639378843938,231.37053994331876,234.69154357910156,31061200,0.0,0.0,MSFT,2026-01-26 06:13:31.073800+00:00
2022-09-23 00:00:00-04:00,233.28914678516338,234.83766669484226,229.06240356442768,231.71142578125,34176000,0.0,0.0,MSFT,2026-01-26 06:13:31.073800+00:00
2022-09-26 00:00:00-04:00,230.86413664978284,235.1493118410879,230.71804201288802,231.25369262695312,27694200,0.0,0.0,MSFT,2026-01-26 06:13:31.073800+00:00
2022-09-27 00:00:00-04:00,233.71764626825262,235.49015995931182,228.38065266127452,230.24081420898438,27018700,0.0,0.0,MSFT,2026-01-26 06:13:31.073800+00:00
2022-09-28 00:00:00-04:00,230.6303769171642,236.0063351920129,228.60465329387907,234.7792205810547,29029700,0.0,0.0,MSFT,2026-01-26 06:13:31.073800+00:00
2022-09-29 00:00:00-04:00,232.65609511384054,233.68843172668625,228.29300618270508,231.3023681640625,27484200,0.0,0.0,MSFT,2026-01-26 06:13:31.073800+00:00
2022-09-30 00:00:00-04:00,232.0717487914595,234.26303440769513,226.65684093525877,226.82240295410156,35694800,0.0,0.0,MSFT,2026-01-26 06:13:31.073800+00:00
2022-10-03 00:00:00-04:00,229.26688098923591,235.3050864195647,228.53645255345572,234.45779418945312,28880400,0.0,0.0,MSFT,2026-01-26 06:13:31.073800+00:00
2022-10-04 00:00:00-04:00,238.69429935915923,243.82678128918718,238.58716924773375,242.38540649414062,34888400,0.0,0.0,MSFT,2026-01-26 06:13:31.073800+00:00
2022-10-05 00:00:00-04:00,239.57084125103117,244.04106060731377,237.73016181840845,242.6970672607422,20347100,0.0,0.0,MSFT,2026-01-26 06:13:31.073800+00:00
2022-10-06 00:00:00-04:00,241.46016522278586,243.80727892274643,239.6584505927513,240.34991455078125,20239900,0.0,0.0,MSFT,2026-01-26 06:13:31.073800+00:00
2022-10-07 00:00:00-04:00,234.61361969677648,235.02267271918691,227.08534105905326,228.12742614746094,37769600,0.0,0.0,MSFT,2026-01-26 06:13:31.073800+00:00
2022-10-10 00:00:00-04:00,226.9685107950048,228.43910165549525,220.8134254836655,223.26766967773438,29743600,0.0,0.0,MSFT,2026-01-26 06:13:31.073800+00:00
2022-10-11 00:00:00-04:00,221.68016821094162,223.0825932627072,218.26176829271705,219.52784729003906,30474000,0.0,0.0,MSFT,2026-01-26 06:13:31.073800+00:00
2022-10-12 00:00:00-04:00,219.5181209293946,221.91393311184666,218.1157105964302,219.85899353027344,21903900,0.0,0.0,MSFT,2026-01-26 06:13:31.073800+00:00
2022-10-13 00:00:00-04:00,214.11293909981683,229.93888935580085,213.41172657654943,228.12742614746094,42551800,0.0,0.0,MSFT,2026-01-26 06:13:31.073800+00:00
2022-10-14 00:00:00-04:00,229.393492314521,231.0491420906271,222.38138188024428,222.59564208984375,30198600,0.0,0.0,MSFT,2026-01-26 06:13:31.073800+00:00
2022-10-17 00:00:00-04:00,229.66621998295358,232.72428023302328,229.00395704070687,231.3315887451172,28142300,0.0,0.0,MSFT,2026-01-26 06:13:31.073800+00:00
2022-10-18 00:00:00-04:00,236.89258935569006,237.56457112933387,229.22794910689007,232.27627563476562,26329600,0.0,0.0,MSFT,2026-01-26 06:13:31.073800+00:00
2022-10-19 00:00:00-04:00,230.854359464379,233.35730163218065,228.17612158677025,230.30897521972656,19985700,0.0,0.0,MSFT,2026-01-26 06:13:31.073800+00:00
2022-10-20 00:00:00-04:00,229.61752091462319,235.01294654635635,228.74099774675008,229.9875946044922,21811000,0.0,0.0,MSFT,2026-01-26 06:13:31.073800+00:00
2022-10-21 00:00:00-04:00,228.61438214183715,236.6588291746641,228.3806396767849,235.80178833007812,26299700,0.0,0.0,MSFT,2026-01-26 06:13:31.073800+00:00
2022-10-24 00:00:00-04:00,237.39902532056323,241.37255863130235,235.0032278685901,240.79795837402344,24911200,0.0,0.0,MSFT,2026-01-26 06:13:31.073800+00:00
2022-10-25 00:00:00-04:00,240.80768764987562,244.48904648504563,239.41501096435695,244.1189727783203,34775500,0.0,0.0,MSFT,2026-01-26 06:13:31.073800+00:00
2022-10-26 00:00:00-04:00,225.13758150417138,232.08152781270658,224.05654653050635,225.28367614746094,82543200,0.0,0.0,MSFT,2026-01-26 06:13:31.073800+00:00
2022-10-27 00:00:00-04:00,225.01093027224846,227.59178658537854,219.8881970156547,220.8328857421875,40424600,0.0,0.0,MSFT,2026-01-26 06:13:31.073800+00:00
2022-10-28 00:00:00-04:00,220.33619766891604,230.4258506343881,220.1511534041053,229.7148895263672,40647700,0.0,0.0,MSFT,2026-01-26 06:13:31.073800+00:00
2022-10-31 00:00:00-04:00,227.65994900462596,228.7896819818967,225.11805723606972,226.07249450683594,28357300,0.0,0.0,MSFT,2026-01-26 06:13:31.073800+00:00
2022-11-01 00:00:00-04:00,228.47805057491365,229.5883013482599,221.3977591826353,222.21583557128906,30592300,0.0,0.0,MSFT,2026-01-26 06:13:31.073800+00:00
2022-11-02 00:00:00-04:00,223.47219453248943,225.26417573849062,214.29799854352845,214.3564453125,38407000,0.0,0.0,MSFT,2026-01-26 06:13:31.073800+00:00
2022-11-03 00:00:00-04:00,214.34668818412212,214.6583448304135,208.3961296970331,208.65908813476562,36633900,0.0,0.0,MSFT,2026-01-26 06:13:31.073800+00:00
2022-11-04 00:00:00-04:00,211.87300193173408,215.8075709655638,207.8605038664485,215.61279296875,36789100,0.0,0.0,MSFT,2026-01-26 06:13:31.073800+00:00
2022-11-07 00:00:00-05:00,216.19714045067292,222.44960773063463,215.50566147666302,221.92369079589844,33498000,0.0,0.0,MSFT,2026-01-26 06:13:31.073800+00:00
2022-11-08 00:00:00-05:00,222.73200573046222,225.6050216725194,219.94663764635982,222.89756774902344,28192500,0.0,0.0,MSFT,2026-01-26 06:13:31.073800+00:00
2022-11-09 00:00:00-05:00,221.43668922544174,222.6638185603741,218.47602571220258,218.6513214111328,27852900,0.0,0.0,MSFT,2026-01-26 06:13:31.073800+00:00
2022-11-10 00:00:00-05:00,229.2863898892027,236.98024638861136,228.8676179766348,236.63937377929688,46268000,0.0,0.0,MSFT,2026-01-26 06:13:31.073800+00:00
2022-11-11 00:00:00-05:00,236.64909297043917,241.51861615288743,235.61674157285157,240.6615753173828,34620200,0.0,0.0,MSFT,2026-01-26 06:13:31.073800+00:00
2022-11-14 00:00:00-05:00,235.675194012061,237.5450891758998,232.96774024623764,235.24667358398438,31123300,0.0,0.0,MSFT,2026-01-26 06:13:31.073800+00:00
2022-11-15 00:00:00-05:00,239.24944207060548,240.5544708560725,233.76635362727728,235.65573120117188,31390100,0.0,0.0,MSFT,2026-01-26 06:13:31.073800+00:00
2022-11-16 00:00:00-05:00,237.1206951717324,238.10712057795988,234.80604092204587,236.08544921875,24093300,0.68,0.0,MSFT,2026-01-26 06:13:31.073800+00:00
2022-11-17 00:00:00-05:00,232.22767936193608,237.5699524551827,232.08118792162216,236.03660583496094,23123500,0.0,0.0,MSFT,2026-01-26 06:13:31.073800+00:00
2022-11-18 00:00:00-05:00,237.82386161024547,238.0485016751928,233.44847699378025,235.58734130859375,27613500,0.0,0.0,MSFT,2026-01-26 06:13:31.073800+00:00
2022-11-21 00:00:00-05:00,235.79244700156886,238.95679628172485,235.55806069358533,236.39797973632812,26394700,0.0,0.0,MSFT,2026-01-26 06:13:31.073800+00:00
2022-11-22 00:00:00-05:00,237.90200273092586,239.5818407425711,235.08926284135723,239.30838012695312,19665700,0.0,0.0,MSFT,2026-01-26 06:13:31.073800+00:00
2022-11-23 00:00:00-05:00,239.38648812864324,242.48246433177005,238.5661063699723,241.79881286621094,19508500,0.0,0.0,MSFT,2026-01-26 06:13:31.073800+00:00
2022-11-25 00:00:00-05:00,241.53516337435977,242.89270545912507,240.9687049278587,241.71096801757812,9200800,0.0,0.0,MSFT,2026-01-26 06:13:31.073800+00:00
2022-11-28 00:00:00-05:00,240.33384745829161,240.89052977739965,235.17714064846845,236.11471557617188,24778200,0.0,0.0,MSFT,2026-01-26 06:13:31.073800+00:00
2022-11-29 00:00:00-05:00,235.76311604830295,237.12065786973847,232.6476175506084,234.71810913085938,17956300,0.0,0.0,MSFT,2026-01-26 06:13:31.073800+00:00
2022-11-30 00:00:00-05:00,234.95252448977655,249.36786250056446,234.25909694374434,249.1822967529297,47594200,0.0,0.0,MSFT,2026-01-26 06:13:31.073800+00:00
2022-12-01 00:00:00-05:00,247.9419383198584,250.13939911455438,245.0608260361984,248.7427978515625,26041500,0.0,0.0,MSFT,2026-01-26 06:13:31.073800+00:00
2022-12-02 00:00:00-05:00,243.98656575661812,250.08084861229074,243.85959656296245,249.0651397705078,21528500,0.0,0.0,MSFT,2026-01-26 06:13:31.073800+00:00
2022-12-05 00:00:00-05:00,246.12539896649085,247.89314681984325,242.26763698881598,244.357666015625,23435300,0.0,0.0,MSFT,2026-01-26 06:13:31.073800+00:00
2022-12-06 00:00:00-05:00,244.9631836631235,245.97889237423144,238.08756427144374,239.39627075195312,22463700,0.0,0.0,MSFT,2026-01-26 06:13:31.073800+00:00
2022-12-07 00:00:00-05:00,239.11308365788204,240.41202919852526,236.55426689950292,238.663818359375,20481500,0.0,0.0,MSFT,2026-01-26 06:13:31.073800+00:00
2022-12-08 00:00:00-05:00,239.12281178477338,242.93175300820135,237.38437721752427,241.62303161621094,22611800,0.0,0.0,MSFT,2026-01-26 06:13:31.073800+00:00
2022-12-09 00:00:00-05:00,238.98609654359035,242.51180134599122,238.4587124437862,239.6892852783203,20609700,0.0,0.0,MSFT,2026-01-26 06:13:31.073800+00:00
2022-12-12 00:00:00-05:00,241.67188039318714,246.64302204339194,241.39841976544412,246.6137237548828,30665100,0.0,0.0,MSFT,2026-01-26 06:13:31.073800+00:00
2022-12-13 00:00:00-05:00,255.57938326434993,257.7573221509762,247.16067022510887,250.9207763671875,42196900,0.0,0.0,MSFT,2026-01-26 06:13:31.073800+00:00
2022-12-14 00:00:00-05:00,251.1258349994924,256.4583317412534,248.3716768672205,251.21372985839844,35410900,0.0,0.0,MSFT,2026-01-26 06:13:31.073800+00:00
2022-12-15 00:00:00-05:00,247.7954592877002,248.26424677465207,241.56443204275277,243.1954345703125,35560400,0.0,0.0,MSFT,2026-01-26 06:13:31.073800+00:00
2022-12-16 00:00:00-05:00,242.74616973438398,244.00604068729888,237.82384925686793,238.97630310058594,86102000,0.0,0.0,MSFT,2026-01-26 06:13:31.073800+00:00
2022-12-19 00:00:00-05:00,239.14236978569437,239.48420303255193,233.13598200938617,234.83534240722656,29696400,0.0,0.0,MSFT,2026-01-26 06:13:31.073800+00:00
2022-12-20 00:00:00-05:00,233.80988660589813,237.2379359217274,232.8527742593153,236.1538543701172,25150800,0.0,0.0,MSFT,2026-01-26 06:13:31.073800+00:00
2022-12-21 00:00:00-05:00,236.04638713125163,239.8846119779552,234.50327934808365,238.72239685058594,23690600,0.0,0.0,MSFT,2026-01-26 06:13:31.073800+00:00
2022-12-22 00:00:00-05:00,235.626387659586,236.33935232665362,228.40895045227447,232.62808227539062,28651700,0.0,0.0,MSFT,2026-01-26 06:13:31.073800+00:00
2022-12-23 00:00:00-05:00,230.5966857124809,233.2922326364392,228.47735834613724,233.15550231933594,21207000,0.0,0.0,MSFT,2026-01-26 06:13:31.073800+00:00
2022-12-27 00:00:00-05:00,233.1261790492013,233.35080420983945,230.32320039769817,231.42681884765625,16688600,0.0,0.0,MSFT,2026-01-26 06:13:31.073800+00:00
2022-12-28 00:00:00-05:00,231.35846669812094,234.12238618004355,228.7019792420853,229.05357360839844,17457100,0.0,0.0,MSFT,2026-01-26 06:13:31.073800+00:00
2022-12-29 00:00:00-05:00,230.14742187789756,236.27101770155872,230.14742187789756,235.38226318359375,19770700,0.0,0.0,MSFT,2026-01-26 06:13:31.073800+00:00
2022-12-30 00:00:00-05:00,232.64762583994687,234.35676203802836,231.13381651257768,234.22003173828125,21938500,0.0,0.0,MSFT,2026-01-26 06:13:31.073800+00:00
2023-01-03 00:00:00-05:00,237.40391403529475,240.011565882423,231.85653825258547,233.9856414794922,25740000,0.0,0.0,MSFT,2026-01-26 06:13:31.073800+00:00
2023-01-04 00:00:00-05:00,226.85611938033796,227.43233894450995,220.6837029776662,223.75038146972656,50623400,0.0,0.0,MSFT,2026-01-26 06:13:31.073800+00:00
2023-01-05 00:00:00-05:00,221.89474199984065,222.23657525283872,216.58176684830784,217.11892700195312,39585600,0.0,0.0,MSFT,2026-01-26 06:13:31.073800+00:00
2023-01-06 00:00:00-05:00,217.79280825495562,220.48835513572715,214.2280440359925,219.677734375,43613600,0.0,0.0,MSFT,2026-01-26 06:13:31.073800+00:00
2023-01-09 00:00:00-05:00,221.1622360976978,225.8403946978241,221.12317668189198,221.81658935546875,27369800,0.0,0.0,MSFT,2026-01-26 06:13:31.073800+00:00
2023-01-10 00:00:00-05:00,222.44168157903513,225.9087902350288,222.0217294532259,223.50624084472656,27033900,0.0,0.0,MSFT,2026-01-26 06:13:31.073800+00:00
2023-01-11 00:00:00-05:00,225.8892031998331,230.44039237661667,225.71341348434925,230.2646026611328,28669300,0.0,0.0,MSFT,2026-01-26 06:13:31.073800+00:00
2023-01-12 00:00:00-05:00,229.7665026549743,234.2981546866577,228.10620187098192,232.94061279296875,27269500,0.0,0.0,MSFT,2026-01-26 06:13:31.073800+00:00
2023-01-13 00:00:00-05:00,231.46587514607086,233.78052912873633,229.43444289235566,233.643798828125,21333300,0.0,0.0,MSFT,2026-01-26 06:13:31.073800+00:00
2023-01-17 00:00:00-05:00,232.41322563168038,235.28457684093857,231.5537695139473,234.73765563964844,29831300,0.0,0.0,MSFT,2026-01-26 06:13:31.073800+00:00
2023-01-18 00:00:00-05:00,235.92920583478175,236.72028947485737,230.0204739060556,230.30369567871094,30028700,0.0,0.0,MSFT,2026-01-26 06:13:31.073800+00:00
2023-01-19 00:00:00-05:00,228.3210895299991,230.02046480616403,225.29347050869634,226.5142822265625,28623000,0.0,0.0,MSFT,2026-01-26 06:13:31.073800+00:00
2023-01-20 00:00:00-05:00,229.37589136268375,235.1185949210035,229.03405809278834,234.61073303222656,35389800,0.0,0.0,MSFT,2026-01-26 06:13:31.073800+00:00
2023-01-23 00:00:00-05:00,235.4701667569778,239.4451219045726,234.05401326238723,236.9156036376953,31934000,0.0,0.0,MSFT,2026-01-26 06:13:31.073800+00:00
2023-01-24 00:00:00-05:00,236.83747939221803,238.25361804107612,234.82558401353157,236.38821411132812,40234400,0.0,0.0,MSFT,2026-01-26 06:13:31.073800+00:00
2023-01-25 00:00:00-05:00,229.00472733419514,237.61878145041626,225.5083209962778,234.99159240722656,66526600,0.0,0.0,MSFT,2026-01-26 06:13:31.073800+00:00
2023-01-26 00:00:00-05:00,237.96059966957264,242.51178905465864,236.3491342606083,242.2090301513672,33454500,0.0,0.0,MSFT,2026-01-26 06:13:31.073800+00:00
2023-01-27 00:00:00-05:00,243.17590081279988,243.99628260178545,241.06633486756434,242.3652801513672,26498900,0.0,0.0,MSFT,2026-01-26 06:13:31.073800+00:00
2023-01-30 00:00:00-05:00,238.80051357034338,239.86507262695676,236.54445608504085,237.0425567626953,25867400,0.0,0.0,MSFT,2026-01-26 06:13:31.073800+00:00
2023-01-31 00:00:00-05:00,237.76529133415198,242.16021359505123,237.2769666384965,242.0234832763672,26541100,0.0,0.0,MSFT,2026-01-26 06:13:31.073800+00:00
2023-02-01 00:00:00-05:00,242.20902977404796,249.22136469253888,239.7381082028261,246.84811401367188,31259900,0.0,0.0,MSFT,2026-01-26 06:13:31.073800+00:00
2023-02-02 00:00:00-05:00,252.77638533264104,258.50931209894077,251.24303873990777,258.4214172363281,39940400,0.0,0.0,MSFT,2026-01-26 06:13:31.073800+00:00
2023-02-03 00:00:00-05:00,253.4795673448407,258.0307566536459,251.09654067147537,252.31735229492188,29077300,0.0,0.0,MSFT,2026-01-26 06:13:31.073800+00:00
2023-02-06 00:00:00-05:00,251.42861440323966,252.26851854905965,248.83072352097895,250.7742462158203,22518000,0.0,0.0,MSFT,2026-01-26 06:13:31.073800+00:00
2023-02-07 00:00:00-05:00,254.44635378896703,262.4939317270821,254.00684983250852,261.31219482421875,50841400,0.0,0.0,MSFT,2026-01-26 06:13:31.073800+00:00
2023-02-08 00:00:00-05:00,266.82056937089936,270.2974380864951,259.9937712976358,260.50164794921875,54686000,0.0,0.0,MSFT,2026-01-26 06:13:31.073800+00:00
2023-02-09 00:00:00-05:00,267.4066092650487,267.5824288189988,256.6634652436556,257.4643249511719,42375100,0.0,0.0,MSFT,2026-01-26 06:13:31.073800+00:00
2023-02-10 00:00:00-05:00,255.4230744390807,257.9232941080463,254.57339436942814,256.9564208984375,25818500,0.0,0.0,MSFT,2026-01-26 06:13:31.073800+00:00
2023-02-13 00:00:00-05:00,261.39046487819326,268.1879364908774,260.9118863953709,264.9845275878906,44630900,0.0,0.0,MSFT,2026-01-26 06:13:31.073800+00:00
2023-02-14 00:00:00-05:00,266.3029608494868,268.54924217498206,262.9921056261591,265.81463623046875,37047900,0.0,0.0,MSFT,2026-01-26 06:13:31.073800+00:00
2023-02-15 00:00:00-05:00,262.71096776772004,265.070592011586,260.6156886085749,263.6900634765625,28922400,0.68,0.0,MSFT,2026-01-26 06:13:31.073800+00:00
2023-02-16 00:00:00-05:00,258.50082598261054,261.1639673790336,256.42514795944504,256.669921875,29603600,0.0,0.0,MSFT,2026-01-26 06:13:31.073800+00:00
2023-02-17 00:00:00-05:00,253.96760380179387,254.65295274483813,250.64845561375148,252.66539001464844,30000100,0.0,0.0,MSFT,2026-01-26 06:13:31.073800+00:00
2023-02-21 00:00:00-05:00,249.16022201193073,250.14911804172624,246.33063657642128,247.3880615234375,28397400,0.0,0.0,MSFT,2026-01-26 06:13:31.073800+00:00
2023-02-22 00:00:00-05:00,248.7784030931242,249.02317699870756,245.10679450937417,246.25233459472656,22491100,0.0,0.0,MSFT,2026-01-26 06:13:31.073800+00:00
2023-02-23 00:00:00-05:00,250.21766227886485,251.47090341728688,245.24385497458428,249.44418334960938,29219100,0.0,0.0,MSFT,2026-01-26 06:13:31.073800+00:00
2023-02-24 00:00:00-05:00,244.73471364848396,245.75296637788725,242.91359545143786,244.0101776123047,24990900,0.0,0.0,MSFT,2026-01-26 06:13:31.073800+00:00
2023-02-27 00:00:00-05:00,247.18248010394746,247.53495511519347,244.17664946084787,244.93055725097656,21190000,0.0,0.0,MSFT,2026-01-26 06:13:31.073800+00:00
2023-02-28 00:00:00-05:00,243.86333443445264,246.23274385931393,243.53043059507243,244.2060089111328,22491000,0.0,0.0,MSFT,2026-01-26 06:13:31.073800+00:00
2023-03-01 00:00:00-05:00,245.51800152780746,245.68444598313184,240.6518953145832,241.1218719482422,27565300,0.0,0.0,MSFT,2026-01-26 06:13:31.073800+00:00
2023-03-02 00:00:00-05:00,241.3959989002767,246.1446031190087,240.47564673843016,245.8606719970703,24808200,0.0,0.0,MSFT,2026-01-26 06:13:31.073800+00:00
2023-03-03 00:00:00-05:00,246.91807550154235,250.27636560935528,246.134796180304,249.95326232910156,30760100,0.0,0.0,MSFT,2026-01-26 06:13:31.073800+00:00
2023-03-06 00:00:00-05:00,251.06947021639408,254.68233526542298,250.62888019720313,251.50027465820312,24109800,0.0,0.0,MSFT,2026-01-26 06:13:31.073800+00:00
2023-03-07 00:00:00-05:00,250.94217713898314,252.30313429367388,248.09302044698885,248.83712768554688,21473200,0.0,0.0,MSFT,2026-01-26 06:13:31.073800+00:00
2023-03-08 00:00:00-05:00,248.7294190422308,249.21896680166975,245.56694469940246,248.3965301513672,17340200,0.0,0.0,MSFT,2026-01-26 06:13:31.073800+00:00
2023-03-09 00:00:00-05:00,250.47224477280037,254.1340527730051,246.32087403041797,247.04541015625,26653400,0.0,0.0,MSFT,2026-01-26 06:13:31.073800+00:00
2023-03-10 00:00:00-05:00,245.8313095923703,247.50555459686285,242.4240613016346,243.3933563232422,28333900,0.0,0.0,MSFT,2026-01-26 06:13:31.073800+00:00
2023-03-13 00:00:00-04:00,242.228261087258,252.5185660684402,240.59317312257605,248.61196899414062,33339700,0.0,0.0,MSFT,2026-01-26 06:13:31.073800+00:00
2023-03-14 00:00:00-04:00,251.38279382163873,255.61249395987457,250.51139934035587,255.33834838867188,33620300,0.0,0.0,MSFT,2026-01-26 06:13:31.073800+00:00
2023-03-15 00:00:00-04:00,254.54520040965787,260.9093196986204,253.79127792478005,259.89105224609375,46028000,0.0,0.0,MSFT,2026-01-26 06:13:31.073800+00:00
2023-03-16 00:00:00-04:00,259.665957162543,270.7786991165704,257.7763096695362,270.4262390136719,54768800,0.0,0.0,MSFT,2026-01-26 06:13:31.073800+00:00
2023-03-17 00:00:00-04:00,272.4431589301929,277.4071510542046,270.54371102205045,273.58868408203125,69527400,0.0,0.0,MSFT,2026-01-26 06:13:31.073800+00:00
2023-03-20 00:00:00-04:00,271.18988829736253,271.6794360581046,264.20893244844024,266.5391845703125,43466600,0.0,0.0,MSFT,2026-01-26 06:13:31.073800+00:00
2023-03-21 00:00:00-04:00,269.1337737128017,269.2512603911417,263.8858063365012,268.0567626953125,34558700,0.0,0.0,MSFT,2026-01-26 06:13:31.073800+00:00
2023-03-22 00:00:00-04:00,267.68471260704814,275.16501681749725,266.49021486222443,266.5979309082031,34873300,0.0,0.0,MSFT,2026-01-26 06:13:31.073800+00:00
2023-03-23 00:00:00-04:00,272.12976684360143,275.1845395871269,269.44705511774464,271.8556213378906,36610900,0.0,0.0,MSFT,2026-01-26 06:13:31.073800+00:00
2023-03-24 00:00:00-04:00,271.44439905318643,274.76354680040964,269.5253804360551,274.7048034667969,28172000,0.0,0.0,MSFT,2026-01-26 06:13:31.073800+00:00
2023-03-27 00:00:00-04:00,274.6362856404628,275.5762089469485,269.7603793312512,270.6024169921875,26840200,0.0,0.0,MSFT,2026-01-26 06:13:31.073800+00:00
2023-03-28 00:00:00-04:00,270.0247926282162,270.3674820752308,266.3629546475742,269.47650146484375,21878600,0.0,0.0,MSFT,2026-01-26 06:13:31.073800+00:00
2023-03-29 00:00:00-04:00,273.12847169713626,275.26292259083164,272.58998112520123,274.6460876464844,25087000,0.0,0.0,MSFT,2026-01-26 06:13:31.073800+00:00
2023-03-30 00:00:00-04:00,278.28835097959796,278.51352384288515,275.59583810054556,278.1120910644531,25053400,0.0,0.0,MSFT,2026-01-26 06:13:31.073800+00:00
2023-03-31 00:00:00-04:00,277.79878010007826,283.22294771783334,277.0840296203647,282.2732238769531,32766000,0.0,0.0,MSFT,2026-01-26 06:13:31.073800+00:00
2023-04-03 00:00:00-04:00,280.5304675659523,282.2438849087716,278.0142145195858,281.22564697265625,24883300,0.0,0.0,MSFT,2026-01-26 06:13:31.073800+00:00
2023-04-04 00:00:00-04:00,281.2256084444779,284.37829711852913,279.6982218699312,281.1766357421875,25824300,0.0,0.0,MSFT,2026-01-26 06:13:31.073800+00:00
2023-04-05 00:00:00-04:00,279.87450114097055,281.1473135505485,277.0057580205523,278.39605712890625,22064800,0.0,0.0,MSFT,2026-01-26 06:13:31.073800+00:00
2023-04-06 00:00:00-04:00,277.2896759756227,285.97424977654526,276.1343502576284,285.5043029785156,29770300,0.0,0.0,MSFT,2026-01-26 06:13:31.073800+00:00
2023-04-10 00:00:00-04:00,283.16419420739436,283.5460557851989,278.75826456602096,283.3404541015625,23103000,0.0,0.0,MSFT,2026-01-26 06:13:31.073800+00:00
2023-04-11 00:00:00-04:00,279.77657491179383,280.0017776622644,275.7525062342862,276.9176025390625,27276600,0.0,0.0,MSFT,2026-01-26 06:13:31.073800+00:00
2023-04-12 00:00:00-04:00,278.83662385276324,281.01021712063323,276.0657667752644,277.56378173828125,27403400,0.0,0.0,MSFT,2026-01-26 06:13:31.073800+00:00
2023-04-13 00:00:00-04:00,277.6616894967238,283.8397797166335,277.2504861189615,283.7810363769531,24222700,0.0,0.0,MSFT,2026-01-26 06:13:31.073800+00:00
2023-04-14 00:00:00-04:00,281.0004245840228,282.4494967636299,277.7596206838942,280.1584167480469,20987900,0.0,0.0,MSFT,2026-01-26 06:13:31.073800+00:00
2023-04-17 00:00:00-04:00,283.8691389960497,285.50424155811174,280.1779598756737,282.76275634765625,23836200,0.0,0.0,MSFT,2026-01-26 06:13:31.073800+00:00
2023-04-18 00:00:00-04:00,285.47488392928074,285.6609144658387,281.0102108111372,282.3417663574219,20161800,0.0,0.0,MSFT,2026-01-26 06:13:31.073800+00:00
2023-04-19 00:00:00-04:00,280.01156908541924,283.0075995306708,278.5918982512192,282.420166015625,17150300,0.0,0.0,MSFT,2026-01-26 06:13:31.073800+00:00
2023-04-20 00:00:00-04:00,279.2870508707393,282.98803145396386,279.1205914532446,280.1290588378906,23244400,0.0,0.0,MSFT,2026-01-26 06:13:31.073800+00:00
2023-04-21 00:00:00-04:00,279.05199435523303,280.2856342624869,277.14274634027174,279.78631591796875,21676400,0.0,0.0,MSFT,2026-01-26 06:13:31.073800+00:00
2023-04-24 00:00:00-04:00,276.19304795792937,278.9932766450886,272.8935008803915,275.8797302246094,26611000,0.0,0.0,MSFT,2026-01-26 06:13:31.073800+00:00
2023-04-25 00:00:00-04:00,273.6670342373716,275.7133405569095,269.6135639108985,269.66253662109375,45772200,0.0,0.0,MSFT,2026-01-26 06:13:31.073800+00:00
2023-04-26 00:00:00-04:00,290.49764832472823,293.30764764371935,286.61063797416637,289.1954345703125,64599200,0.0,0.0,MSFT,2026-01-26 06:13:31.073800+00:00
2023-04-27 00:00:00-04:00,289.7829594762134,298.8200236671266,289.0780093674142,298.4577331542969,46462600,0.0,0.0,MSFT,2026-01-26 06:13:31.073800+00:00
2023-04-28 00:00:00-04:00,297.6548232687838,302.47195624653347,296.96944448822813,300.8368835449219,36469600,0.0,0.0,MSFT,2026-01-26 06:13:31.073800+00:00
2023-05-01 00:00:00-04:00,300.5529525833872,302.14888305967634,298.7709915681672,299.17242431640625,21294100,0.0,0.0,MSFT,2026-01-26 06:13:31.073800+00:00
2023-05-02 00:00:00-04:00,301.3264234827943,302.71672228103625,297.5569000465208,299.0255432128906,26404400,0.0,0.0,MSFT,2026-01-26 06:13:31.073800+00:00
2023-05-03 00:00:00-04:00,300.2103062048158,302.1586970048939,297.7331953825414,298.0367126464844,22360800,0.0,0.0,MSFT,2026-01-26 06:13:31.073800+00:00
2023-05-04 00:00:00-04:00,299.8381792845817,301.3264234827943,297.05755180847615,299.0255432128906,22519900,0.0,0.0,MSFT,2026-01-26 06:13:31.073800+00:00
2023-05-05 00:00:00-04:00,299.32910233190466,305.448449715473,297.9094017870665,304.1560363769531,28197100,0.0,0.0,MSFT,2026-01-26 06:13:31.073800+00:00
2023-05-08 00:00:00-04:00,303.6469483411657,303.71549220994933,299.69139342347466,302.1978759765625,21318600,0.0,0.0,MSFT,2026-01-26 06:13:31.073800+00:00
2023-05-09 00:00:00-04:00,301.5614319841714,303.5587952895824,299.90675810012203,300.58233642578125,21340800,0.0,0.0,MSFT,2026-01-26 06:13:31.073800+00:00
2023-05-10 00:00:00-04:00,302.16847643254437,306.4569199007131,301.23835354911984,305.7813415527344,30078000,0.0,0.0,MSFT,2026-01-26 06:13:31.073800+00:00
2023-05-11 00:00:00-04:00,303.61751818157876,304.6161848272032,299.85779507616377,303.6272888183594,31680200,0.0,0.0,MSFT,2026-01-26 06:13:31.073800+00:00
2023-05-12 00:00:00-04:00,304.05806599089743,304.15598150729573,300.19065706993734,302.5111083984375,19774700,0.0,0.0,MSFT,2026-01-26 06:13:31.073800+00:00
2023-05-15 00:00:00-04:00,302.6383847357047,303.4216490795794,301.15994116605026,302.9908447265625,16336500,0.0,0.0,MSFT,2026-01-26 06:13:31.073800+00:00
2023-05-16 00:00:00-04:00,303.35319033533926,307.15208621607525,303.35319033533926,305.2232666015625,26730300,0.0,0.0,MSFT,2026-01-26 06:13:31.073800+00:00
2023-05-17 00:00:00-04:00,306.4301881447826,308.5300175402266,304.9092544308229,308.10809326171875,24315000,0.68,0.0,MSFT,2026-01-26 06:13:31.073800+00:00
2023-05-18 00:00:00-04:00,308.62815194349986,313.0535358007283,307.8333531943893,312.54327392578125,27276000,0.0,0.0,MSFT,2026-01-26 06:13:31.073800+00:00
2023-05-19 00:00:00-04:00,310.7966243634161,312.7689179460215,310.43357190083395,312.3666076660156,27546700,0.0,0.0,MSFT,2026-01-26 06:13:31.073800+00:00
2023-05-22 00:00:00-04:00,312.62177529023154,316.53689709363704,312.04284968121516,315.1533508300781,24115700,0.0,0.0,MSFT,2026-01-26 06:13:31.073800+00:00
2023-05-23 00:00:00-04:00,314.0249365560636,316.664463629214,309.33462996251853,309.3444519042969,30797200,0.0,0.0,MSFT,2026-01-26 06:13:31.073800+00:00
2023-05-24 00:00:00-04:00,308.8243994042462,310.5611762447715,306.7441540494219,307.9609069824219,23384900,0.0,0.0,MSFT,2026-01-26 06:13:31.073800+00:00
2023-05-25 00:00:00-04:00,317.1746779116198,320.76600484441417,313.99548322633484,319.8044128417969,43301700,0.0,0.0,MSFT,2026-01-26 06:13:31.073800+00:00
2023-05-26 00:00:00-04:00,317.940028599587,327.14402564243557,317.80267115227514,326.64361572265625,36630600,0.0,0.0,MSFT,2026-01-26 06:13:31.073800+00:00
2023-05-30 00:00:00-04:00,328.939735353525,329.44014532098214,324.31809251004455,324.9951477050781,29503100,0.0,0.0,MSFT,2026-01-26 06:13:31.073800+00:00
2023-05-31 00:00:00-04:00,326.05487171947954,329.63637661307075,321.1879203022461,322.2280578613281,45950600,0.0,0.0,MSFT,2026-01-26 06:13:31.073800+00:00
2023-06-01 00:00:00-04:00,319.81423378408647,327.2716331746607,318.62694664026094,326.3394470214844,26773900,0.0,0.0,MSFT,2026-01-26 06:13:31.073800+00:00
2023-06-02 00:00:00-04:00,327.9780910808691,331.16710767327845,326.30997811609336,329.10650634765625,25873800,0.0,0.0,MSFT,2026-01-26 06:13:31.073800+00:00
2023-06-05 00:00:00-04:00,328.92992247927083,332.20724701987933,328.3804327326386,329.63641357421875,21307100,0.0,0.0,MSFT,2026-01-26 06:13:31.073800+00:00
2023-06-06 00:00:00-04:00,329.03782599435294,329.07708381551254,325.9371468564524,327.4187927246094,20396200,0.0,0.0,MSFT,2026-01-26 06:13:31.073800+00:00
2023-06-07 00:00:00-04:00,325.4268203377032,328.21352618730117,316.44851949452067,317.31201171875,40717100,0.0,0.0,MSFT,2026-01-26 06:13:31.073800+00:00
2023-06-08 00:00:00-04:00,317.8615607379673,320.51090965341575,317.28263514872793,319.15679931640625,23277700,0.0,0.0,MSFT,2026-01-26 06:13:31.073800+00:00
2023-06-09 00:00:00-04:00,318.8918688562613,323.79804871469764,318.32276516845866,320.6581115722656,22529000,0.0,0.0,MSFT,2026-01-26 06:13:31.073800+00:00
2023-06-12 00:00:00-04:00,322.4144778795906,325.8684474019989,319.05866788081994,325.6231384277344,24260300,0.0,0.0,MSFT,2026-01-26 06:13:31.073800+00:00
2023-06-13 00:00:00-04:00,328.19394924698327,330.6568607625825,324.1905202364905,328.017333984375,22951300,0.0,0.0,MSFT,2026-01-26 06:13:31.073800+00:00
2023-06-14 00:00:00-04:00,328.0664239854366,332.6782449291993,326.5651341794789,331.0101318359375,26003800,0.0,0.0,MSFT,2026-01-26 06:13:31.073800+00:00
2023-06-15 00:00:00-04:00,331.1474868081879,343.2755475907916,330.87274196684893,341.5682067871094,38899100,0.0,0.0,MSFT,2026-01-26 06:13:31.073800+00:00
2023-06-16 00:00:00-04:00,344.7277944942439,344.87497388637837,335.5336191446204,335.9064636230469,46552000,0.0,0.0,MSFT,2026-01-26 06:13:31.073800+00:00
2023-06-20 00:00:00-04:00,332.9431539372829,335.66116662544215,329.55787807274623,331.706787109375,26375400,0.0,0.0,MSFT,2026-01-26 06:13:31.073800+00:00
2023-06-21 00:00:00-04:00,330.05835726315127,331.39285382983815,325.83905432947427,327.30108642578125,25117800,0.0,0.0,MSFT,2026-01-26 06:13:31.073800+00:00
2023-06-22 00:00:00-04:00,327.85052734982696,333.7379426283081,327.0851645614221,333.33563232421875,23556800,0.0,0.0,MSFT,2026-01-26 06:13:31.073800+00:00
2023-06-23 00:00:00-04:00,328.0859928290581,331.61844775311465,327.1930945886858,328.7336120605469,23146900,0.0,0.0,MSFT,2026-01-26 06:13:31.073800+00:00
2023-06-26 00:00:00-04:00,327.4580973931773,329.803235992687,322.32622204658753,322.4341735839844,21520600,0.0,0.0,MSFT,2026-01-26 06:13:31.073800+00:00
2023-06-27 00:00:00-04:00,325.6328827704176,329.8423925373536,323.1209216371493,328.29205322265625,24354100,0.0,0.0,MSFT,2026-01-26 06:13:31.073800+00:00
2023-06-28 00:00:00-04:00,328.38039213208674,331.63810233073093,327.54633567319496,329.5480651855469,20259500,0.0,0.0,MSFT,2026-01-26 06:13:31.073800+00:00
2023-06-29 00:00:00-04:00,328.4294754124527,329.80319974916614,326.37869587676175,328.7630920410156,16997000,0.0,0.0,MSFT,2026-01-26 06:13:31.073800+00:00
2023-06-30 00:00:00-04:00,331.41242887349597,336.2989944894714,330.8727611005321,334.15008544921875,26832800,0.0,0.0,MSFT,2026-01-26 06:13:31.073800+00:00
2023-07-03 00:00:00-04:00,332.8254444079519,334.50334959936004,330.25461085463917,331.64794921875,12508700,0.0,0.0,MSFT,2026-01-26 06:13:31.073800+00:00
2023-07-05 00:00:00-04:00,328.80235201893055,335.23925747739463,328.4491214492935,331.804931640625,18172400,0.0,0.0,MSFT,2026-01-26 06:13:31.073800+00:00
2023-07-06 00:00:00-04:00,330.97085581956964,336.5540904646997,329.20464318433727,334.8663635253906,28161200,0.0,0.0,MSFT,2026-01-26 06:13:31.073800+00:00
2023-07-07 00:00:00-04:00,332.9529965456345,335.3766505894666,330.6765219083215,330.89239501953125,21214800,0.0,0.0,MSFT,2026-01-26 06:13:31.073800+00:00
2023-07-10 00:00:00-04:00,328.32152762825416,328.9397110166737,321.4430546068671,325.6034851074219,32791400,0.0,0.0,MSFT,2026-01-26 06:13:31.073800+00:00
2023-07-11 00:00:00-04:00,324.847990500189,326.61420333708503,320.86417470223404,326.2315368652344,26698200,0.0,0.0,MSFT,2026-01-26 06:13:31.073800+00:00
2023-07-12 00:00:00-04:00,330.2839941982709,335.23922327928665,329.37145204151966,330.87274169921875,29995300,0.0,0.0,MSFT,2026-01-26 06:13:31.073800+00:00
2023-07-13 00:00:00-04:00,333.18844846906484,337.2900072046909,332.6585727165139,336.23028564453125,20567200,0.0,0.0,MSFT,2026-01-26 06:13:31.073800+00:00
2023-07-14 00:00:00-04:00,341.06778168374007,344.8357239330472,337.84932914089796,338.7618713378906,28352700,0.0,0.0,MSFT,2026-01-26 06:13:31.073800+00:00
2023-07-17 00:00:00-04:00,339.19362653573205,340.4790431987355,335.77894468986676,339.2427062988281,20363900,0.0,0.0,MSFT,2026-01-26 06:13:31.073800+00:00
2023-07-18 00:00:00-04:00,339.3407612690202,359.89766311953025,335.74946461658294,352.74444580078125,64738600,0.0,0.0,MSFT,2026-01-26 06:13:31.073800+00:00
2023-07-19 00:00:00-04:00,354.96209307208494,355.6587621887617,345.82678907790546,348.417236328125,39732900,0.0,0.0,MSFT,2026-01-26 06:13:31.073800+00:00
2023-07-20 00:00:00-04:00,346.9355902267656,351.25302227091294,338.88944373248916,340.3612976074219,33778400,0.0,0.0,MSFT,2026-01-26 06:13:31.073800+00:00
2023-07-21 00:00:00-04:00,342.59854299009623,343.7269583997206,333.45341629454475,337.3194885253906,69405400,0.0,0.0,MSFT,2026-01-26 06:13:31.073800+00:00
2023-07-24 00:00:00-04:00,339.36041220855765,340.4103417161615,335.88682904294996,338.63427734375,26678100,0.0,0.0,MSFT,2026-01-26 06:13:31.073800+00:00
2023-07-25 00:00:00-04:00,340.59678737512286,345.2871238413171,338.595087649529,344.3941955566406,41637700,0.0,0.0,MSFT,2026-01-26 06:13:31.073800+00:00
2023-07-26 00:00:00-04:00,335.0331554134673,338.2025578415129,326.85944439453834,331.4320068359375,58383700,0.0,0.0,MSFT,2026-01-26 06:13:31.073800+00:00
2023-07-27 00:00:00-04:00,334.09124680022427,334.92527345110744,322.8756964700809,324.5143737792969,39635300,0.0,0.0,MSFT,2026-01-26 06:13:31.073800+00:00
2023-07-28 00:00:00-04:00,327.40902185998743,333.63005436530796,326.91840387112984,332.02081298828125,28484900,0.0,0.0,MSFT,2026-01-26 06:13:31.073800+00:00
2023-07-31 00:00:00-04:00,330.5980573217884,331.36342022951675,327.1048294959327,329.6168212890625,25446000,0.0,0.0,MSFT,2026-01-26 06:13:31.073800+00:00
2023-08-01 00:00:00-04:00,328.9004847782133,332.1876312426991,327.4384527759718,330.0289001464844,18311900,0.0,0.0,MSFT,2026-01-26 06:13:31.073800+00:00
2023-08-02 00:00:00-04:00,327.36968570591614,327.36968570591614,320.23608269003284,321.3547058105469,27761300,0.0,0.0,MSFT,2026-01-26 06:13:31.073800+00:00
2023-08-03 00:00:00-04:00,319.88292875697346,323.6901291419594,319.8338789360626,320.5305480957031,18253700,0.0,0.0,MSFT,2026-01-26 06:13:31.073800+00:00
2023-08-04 00:00:00-04:00,325.6526208611945,328.85145992528254,321.09967127439563,321.6295471191406,23741500,0.0,0.0,MSFT,2026-01-26 06:13:31.073800+00:00
2023-08-07 00:00:00-04:00,322.20843058542397,324.89700739318704,321.374374073945,323.915771484375,17741500,0.0,0.0,MSFT,2026-01-26 06:13:31.073800+00:00
2023-08-08 00:00:00-04:00,320.82490464522823,322.58132541763825,316.9392185852385,319.9319763183594,22327600,0.0,0.0,MSFT,2026-01-26 06:13:31.073800+00:00
2023-08-09 00:00:00-04:00,320.3440854180899,320.9720608226161,315.0257736651899,316.18365478515625,22373300,0.0,0.0,MSFT,2026-01-26 06:13:31.073800+00:00
2023-08-10 00:00:00-04:00,319.9025601772297,322.1005492501325,315.1533813786417,316.87054443359375,20113700,0.0,0.0,MSFT,2026-01-26 06:13:31.073800+00:00
2023-08-11 00:00:00-04:00,314.25064527888804,316.3602966518782,313.22032953048887,314.986572265625,24355500,0.0,0.0,MSFT,2026-01-26 06:13:31.073800+00:00
2023-08-14 00:00:00-04:00,315.3594171589749,317.97930021692355,314.07397059332675,317.9596862792969,18836100,0.0,0.0,MSFT,2026-01-26 06:13:31.073800+00:00
2023-08-15 00:00:00-04:00,316.9391798843772,318.9899592196478,314.87857860821487,315.820556640625,16966300,0.0,0.0,MSFT,2026-01-26 06:13:31.073800+00:00
2023-08-16 00:00:00-04:00,315.4469082024341,319.0065277085212,314.46359486014677,315.0535888671875,20698900,0.68,0.0,MSFT,2026-01-26 06:13:31.073800+00:00
2023-08-17 00:00:00-04:00,315.19127673474406,316.4990703161301,310.93351302834594,311.59234619140625,21257200,0.0,0.0,MSFT,2026-01-26 06:13:31.073800+00:00
2023-08-18 00:00:00-04:00,309.24222157279775,313.0673251029197,306.35127777604174,311.19903564453125,24755000,0.0,0.0,MSFT,2026-01-26 06:13:31.073800+00:00
2023-08-21 00:00:00-04:00,312.6248414758279,317.3840750264029,311.7497080998156,316.5089416503906,24040000,0.0,0.0,MSFT,2026-01-26 06:13:31.073800+00:00
2023-08-22 00:00:00-04:00,320.06850470582657,320.638813261693,316.09591025429995,317.0792236328125,16084600,0.0,0.0,MSFT,2026-01-26 06:13:31.073800+00:00
2023-08-23 00:00:00-04:00,318.41655808292467,323.7067890708429,318.0625496482568,321.5434875488281,21166400,0.0,0.0,MSFT,2026-01-26 06:13:31.073800+00:00
2023-08-24 00:00:00-04:00,327.2958165849543,327.42365210696096,314.62089456965975,314.6307373046875,23281400,0.0,0.0,MSFT,2026-01-26 06:13:31.073800+00:00
2023-08-25 00:00:00-04:00,316.10570256933477,319.9307753972801,313.4802430638175,317.59051513671875,21684100,0.0,0.0,MSFT,2026-01-26 06:13:31.073800+00:00
2023-08-28 00:00:00-04:00,320.2258699937862,320.7076839940525,316.35161250011487,318.298583984375,14808500,0.0,0.0,MSFT,2026-01-26 06:13:31.073800+00:00
2023-08-29 00:00:00-04:00,316.5088968490621,323.4904274361002,316.5088968490621,322.929931640625,19284600,0.0,0.0,MSFT,2026-01-26 06:13:31.073800+00:00
2023-08-30 00:00:00-04:00,323.18556556587794,324.3065270196642,321.0026090418334,323.3035583496094,15222100,0.0,0.0,MSFT,2026-01-26 06:13:31.073800+00:00
2023-08-31 00:00:00-04:00,323.7067756652974,325.3882331373902,321.32714408962795,322.2908020019531,26411000,0.0,0.0,MSFT,2026-01-26 06:13:31.073800+00:00
2023-09-01 00:00:00-04:00,325.7815864865364,326.4502324505812,321.3271776248165,323.1758117675781,14942000,0.0,0.0,MSFT,2026-01-26 06:13:31.073800+00:00
2023-09-05 00:00:00-04:00,323.5100975629304,329.2624867583471,323.17577461933763,327.9841613769531,18553900,0.0,0.0,MSFT,2026-01-26 06:13:31.073800+00:00
2023-09-06 00:00:00-04:00,327.817065694941,328.87903109155945,324.67045043147994,327.3254089355469,17535800,0.0,0.0,MSFT,2026-01-26 06:13:31.073800+00:00
2023-09-07 00:00:00-04:00,325.76188443553343,327.52199370609907,323.539586687025,324.4049072265625,18381000,0.0,0.0,MSFT,2026-01-26 06:13:31.073800+00:00
2023-09-08 00:00:00-04:00,324.58195639318825,330.5506766648536,323.96246407391413,328.69219970703125,19530100,0.0,0.0,MSFT,2026-01-26 06:13:31.073800+00:00
2023-09-11 00:00:00-04:00,331.6126024523964,332.7729350743732,329.83280759348713,332.3009338378906,16583300,0.0,0.0,MSFT,2026-01-26 06:13:31.073800+00:00
2023-09-12 00:00:00-04:00,330.21629323552526,331.1701083762214,325.94871693840975,326.2338562011719,17565500,0.0,0.0,MSFT,2026-01-26 06:13:31.073800+00:00
2023-09-13 00:00:00-04:00,325.7815623439832,331.2291270189504,325.64391407139624,330.4523010253906,16544400,0.0,0.0,MSFT,2026-01-26 06:13:31.073800+00:00
2023-09-14 00:00:00-04:00,333.4907212996785,335.1721787492822,330.9537860249842,333.0482482910156,20267000,0.0,0.0,MSFT,2026-01-26 06:13:31.073800+00:00
2023-09-15 00:00:00-04:00,331.29795899971333,331.7699302193474,324.1492514827947,324.7097473144531,37679800,0.0,0.0,MSFT,2026-01-26 06:13:31.073800+00:00
2023-09-18 00:00:00-04:00,322.33013776149687,324.8867587399462,320.91416398907404,323.5691223144531,16834200,0.0,0.0,MSFT,2026-01-26 06:13:31.073800+00:00
2023-09-19 00:00:00-04:00,320.7272959004481,323.8935657652316,319.094992304731,323.1658935546875,16505900,0.0,0.0,MSFT,2026-01-26 06:13:31.073800+00:00
2023-09-20 00:00:00-04:00,324.01159870782635,324.09025057389067,315.1617783626277,315.41741943359375,21436500,0.0,0.0,MSFT,2026-01-26 06:13:31.073800+00:00
2023-09-21 00:00:00-04:00,313.93263631012064,319.92101113625847,309.74371174856566,314.1981201171875,35560400,0.0,0.0,MSFT,2026-01-26 06:13:31.073800+00:00
2023-09-22 00:00:00-04:00,315.9582935275562,316.0861290808594,310.87454964946875,311.72021484375,21447900,0.0,0.0,MSFT,2026-01-26 06:13:31.073800+00:00
2023-09-25 00:00:00-04:00,311.30714288538854,312.3691380159858,309.74367839544084,312.2413024902344,17836000,0.0,0.0,MSFT,2026-01-26 06:13:31.073800+00:00
2023-09-26 00:00:00-04:00,309.87152415800745,310.6090091309313,304.84677760481566,306.9314270019531,26297600,0.0,0.0,MSFT,2026-01-26 06:13:31.073800+00:00
2023-09-27 00:00:00-04:00,307.0888041568202,309.0554312215666,304.52237024133285,307.5706481933594,19410100,0.0,0.0,MSFT,2026-01-26 06:13:31.073800+00:00
2023-09-28 00:00:00-04:00,305.80065881535404,310.21575688010876,304.28637761624543,308.4064636230469,19683600,0.0,0.0,MSFT,2026-01-26 06:13:31.073800+00:00
2023-09-29 00:00:00-04:00,312.44779723009606,314.13909728561697,309.7240302256166,310.4811706542969,24147300,0.0,0.0,MSFT,2026-01-26 06:13:31.073800+00:00
2023-10-02 00:00:00-04:00,311.0023877021163,316.518791954941,309.9207368674109,316.4302673339844,20570000,0.0,0.0,MSFT,2026-01-26 06:13:31.073800+00:00
2023-10-03 00:00:00-04:00,315.4764696570545,316.02715284682466,306.0169982089116,308.16064453125,21033500,0.0,0.0,MSFT,2026-01-26 06:13:31.073800+00:00
2023-10-04 00:00:00-04:00,308.7899364537143,314.69966017701324,308.76043824911994,313.6376647949219,20720100,0.0,0.0,MSFT,2026-01-26 06:13:31.073800+00:00
2023-10-05 00:00:00-04:00,313.7654305243728,314.6405937464886,309.6453454856245,314.0309143066406,16965600,0.0,0.0,MSFT,2026-01-26 06:13:31.073800+00:00
2023-10-06 00:00:00-04:00,311.2678258217484,323.6969208452724,311.0219974867104,321.79913330078125,25673600,0.0,0.0,MSFT,2026-01-26 06:13:31.073800+00:00
2023-10-09 00:00:00-04:00,319.33100051797163,324.78837743803706,317.78719140430474,324.31640625,19891200,0.0,0.0,MSFT,2026-01-26 06:13:31.073800+00:00
2023-10-10 00:00:00-04:00,325.4374015243932,325.57507980738603,322.202321974192,322.9103088378906,20557100,0.0,0.0,MSFT,2026-01-26 06:13:31.073800+00:00
2023-10-11 00:00:00-04:00,325.6832160795872,327.2663662252011,323.64778019000204,326.873046875,20063200,0.0,0.0,MSFT,2026-01-26 06:13:31.073800+00:00
2023-10-12 00:00:00-04:00,325.0539124253683,328.062848978579,323.23477666400214,325.6340637207031,19313100,0.0,0.0,MSFT,2026-01-26 06:13:31.073800+00:00
2023-10-13 00:00:00-04:00,326.8337234807313,328.25950995278436,320.91415741201166,322.2613220214844,21072400,0.0,0.0,MSFT,2026-01-26 06:13:31.073800+00:00
2023-10-16 00:00:00-04:00,325.52589126243953,330.5309829095428,325.083418234461,327.0893859863281,22158000,0.0,0.0,MSFT,2026-01-26 06:13:31.073800+00:00
2023-10-17 00:00:00-04:00,324.0902273964624,327.8956450714172,321.9466116014847,326.5190124511719,18338500,0.0,0.0,MSFT,2026-01-26 06:13:31.073800+00:00
2023-10-18 00:00:00-04:00,326.9418838619396,329.9901616003234,322.8217980493897,324.6015930175781,23153600,0.0,0.0,MSFT,2026-01-26 06:13:31.073800+00:00
2023-10-19 00:00:00-04:00,326.60751870152404,331.25860158595435,325.3882197669904,325.7913818359375,25052100,0.0,0.0,MSFT,2026-01-26 06:13:31.073800+00:00
2023-10-20 00:00:00-04:00,326.18471469225653,326.381389371038,320.019350620081,321.218994140625,25027700,0.0,0.0,MSFT,2026-01-26 06:13:31.073800+00:00
2023-10-23 00:00:00-04:00,320.0390357293436,327.1779011119036,318.97707038724695,323.8247985839844,24374700,0.0,0.0,MSFT,2026-01-26 06:13:31.073800+00:00
2023-10-24 00:00:00-04:00,325.77172794180206,326.3027255972939,322.13348624926266,325.01458740234375,31153600,0.0,0.0,MSFT,2026-01-26 06:13:31.073800+00:00
2023-10-25 00:00:00-04:00,339.2627712727239,340.42310386646625,331.9862582686526,334.9853820800781,55053800,0.0,0.0,MSFT,2026-01-26 06:13:31.073800+00:00
2023-10-26 00:00:00-04:00,334.8575801473551,335.9293882372037,321.4845108470067,322.4186706542969,37828500,0.0,0.0,MSFT,2026-01-26 06:13:31.073800+00:00
2023-10-27 00:00:00-04:00,324.91622907683893,331.1012785656195,322.92010413957604,324.30657958984375,29856500,0.0,0.0,MSFT,2026-01-26 06:13:31.073800+00:00
2023-10-30 00:00:00-04:00,327.8465712297684,333.78579341836826,326.29291903067406,331.6814880371094,22828100,0.0,0.0,MSFT,2026-01-26 06:13:31.073800+00:00
2023-10-31 00:00:00-04:00,333.1957815178894,333.3432725394677,329.105193805489,332.4681091308594,20265300,0.0,0.0,MSFT,2026-01-26 06:13:31.073800+00:00
2023-11-01 00:00:00-04:00,334.120080906605,341.6227672265474,333.9824026215242,340.2952880859375,28158800,0.0,0.0,MSFT,2026-01-26 06:13:31.073800+00:00
2023-11-02 00:00:00-04:00,341.44572570080203,343.00919036132757,339.0169404715558,342.5077209472656,24348100,0.0,0.0,MSFT,2026-01-26 06:13:31.073800+00:00
2023-11-03 00:00:00-04:00,343.7958771188286,348.4764586181646,341.5342382393827,346.9129638671875,23637700,0.0,0.0,MSFT,2026-01-26 06:13:31.073800+00:00
2023-11-06 00:00:00-05:00,347.5521269803011,351.57387511294206,347.4537896404017,350.5807189941406,23828300,0.0,0.0,MSFT,2026-01-26 06:13:31.073800+00:00
2023-11-07 00:00:00-05:00,353.40285853517474,356.41179538181575,351.66240447944193,354.5140075683594,25833900,0.0,0.0,MSFT,2026-01-26 06:13:31.073800+00:00
2023-11-08 00:00:00-05:00,355.6448096480016,357.7982685541479,354.53366062237825,357.13946533203125,26767800,0.0,0.0,MSFT,2026-01-26 06:13:31.073800+00:00
2023-11-09 00:00:00-05:00,356.2544152579837,358.7028859089797,354.3467849553374,354.6712951660156,24847300,0.0,0.0,MSFT,2026-01-26 06:13:31.073800+00:00
2023-11-10 00:00:00-05:00,355.4579983962741,363.92434349484955,355.0450235183031,363.50152587890625,28042100,0.0,0.0,MSFT,2026-01-26 06:13:31.073800+00:00
2023-11-13 00:00:00-05:00,362.0756513284613,362.3214796716584,359.79435710159004,360.56134033203125,19986500,0.0,0.0,MSFT,2026-01-26 06:13:31.073800+00:00
2023-11-14 00:00:00-05:00,364.8191335420203,365.7434505878538,361.22020270558585,364.0914611816406,27683900,0.0,0.0,MSFT,2026-01-26 06:13:31.073800+00:00
2023-11-15 00:00:00-05:00,365.825621809598,367.64844995922977,361.7168689541496,364.2392883300781,26860100,0.75,0.0,MSFT,2026-01-26 06:13:31.073800+00:00
2023-11-16 00:00:00-05:00,365.51028582126,370.8211167467286,364.74174586188934,370.6437683105469,27182300,0.0,0.0,MSFT,2026-01-26 06:13:31.073800+00:00
2023-11-17 00:00:00-05:00,368.12130659129747,368.87015110539886,361.6084280827725,364.41656494140625,40157000,0.0,0.0,MSFT,2026-01-26 06:13:31.073800+00:00
2023-11-20 00:00:00-05:00,365.766486587499,373.304096039392,365.54971735826314,371.8951110839844,52465100,0.0,0.0,MSFT,2026-01-26 06:13:31.073800+00:00
2023-11-21 00:00:00-05:00,370.15113498600977,370.69304303967186,365.66795990773056,367.5893249511719,28423100,0.0,0.0,MSFT,2026-01-26 06:13:31.073800+00:00
2023-11-22 00:00:00-05:00,372.44686262583303,374.2105744423134,369.46137707263404,372.299072265625,23345300,0.0,0.0,MSFT,2026-01-26 06:13:31.073800+00:00
2023-11-24 00:00:00-05:00,371.786716969812,372.41732930761407,369.6289174288519,371.88525390625,10176600,0.0,0.0,MSFT,2026-01-26 06:13:31.073800+00:00
2023-11-27 00:00:00-05:00,371.2447795697606,375.04808851693826,370.6733134944069,373.0478820800781,22179200,0.0,0.0,MSFT,2026-01-26 06:13:31.073800+00:00
2023-11-28 00:00:00-05:00,372.7917190522952,377.3734005384554,372.60450791019576,377.07781982421875,20453100,0.0,0.0,MSFT,2026-01-26 06:13:31.073800+00:00
2023-11-29 00:00:00-05:00,378.12229596347265,378.6543413206576,371.89513414585895,373.284423828125,28963400,0.0,0.0,MSFT,2026-01-26 06:13:31.073800+00:00
2023-11-30 00:00:00-05:00,372.9296627723548,374.5061634778247,369.9540398668522,373.343505859375,30554400,0.0,0.0,MSFT,2026-01-26 06:13:31.073800+00:00
2023-12-01 00:00:00-05:00,371.22506313283355,372.60448984781664,365.855116553608,369.00811767578125,33040500,0.0,0.0,MSFT,2026-01-26 06:13:31.073800+00:00
2023-12-04 00:00:00-05:00,363.6776507437524,364.0914637906027,357.5687213567305,363.7170715332031,32063300,0.0,0.0,MSFT,2026-01-26 06:13:31.073800+00:00
2023-12-05 00:00:00-05:00,361.0665294174841,367.59910345060933,360.24870603092694,367.0473327636719,23065000,0.0,0.0,MSFT,2026-01-26 06:13:31.073800+00:00
2023-12-06 00:00:00-05:00,368.05240507377636,368.6829873224875,362.6233417878435,363.38201904296875,21182100,0.0,0.0,MSFT,2026-01-26 06:13:31.073800+00:00
2023-12-07 00:00:00-05:00,362.82038525778927,365.9930818022582,360.9384412449314,365.50042724609375,23118900,0.0,0.0,MSFT,2026-01-26 06:13:31.073800+00:00
2023-12-08 00:00:00-05:00,363.7761351529084,368.95884062033406,362.820384114192,368.73223876953125,20154400,0.0,0.0,MSFT,2026-01-26 06:13:31.073800+00:00
2023-12-11 00:00:00-05:00,363.06672692464986,366.140886665869,360.7216863332907,365.84527587890625,27708800,0.0,0.0,MSFT,2026-01-26 06:13:31.073800+00:00
2023-12-12 00:00:00-05:00,365.4019256182351,368.91948670565927,365.0176405940666,368.88006591796875,24838300,0.0,0.0,MSFT,2026-01-26 06:13:31.073800+00:00
2023-12-13 00:00:00-05:00,370.4959322910932,372.09215835732533,365.3230593019992,368.87017822265625,30955500,0.0,0.0,MSFT,2026-01-26 06:13:31.073800+00:00
2023-12-14 00:00:00-05:00,367.8258484113445,368.2692496674835,358.7807153678632,360.55426025390625,43277500,0.0,0.0,MSFT,2026-01-26 06:13:31.073800+00:00
2023-12-15 00:00:00-05:00,361.4606566919279,366.92911028032063,360.89902327689896,365.2836608886719,78502300,0.0,0.0,MSFT,2026-01-26 06:13:31.073800+00:00
2023-12-18 00:00:00-05:00,364.0224743454713,367.52030977000646,363.26376706221674,367.1754455566406,21802900,0.0,0.0,MSFT,2026-01-26 06:13:31.073800+00:00
2023-12-19 00:00:00-05:00,366.03250325578983,367.7765197753906,364.4067490977682,367.7765197753906,20603700,0.0,0.0,MSFT,2026-01-26 06:13:31.073800+00:00
2023-12-20 00:00:00-05:00,369.49095210036234,370.5058193793613,365.086618748556,365.17529296875,26316700,0.0,0.0,MSFT,2026-01-26 06:13:31.073800+00:00
2023-12-21 00:00:00-05:00,367.08678486250125,368.90961285521604,364.60381655946395,368.0523986816406,17708000,0.0,0.0,MSFT,2026-01-26 06:13:31.073800+00:00
2023-12-22 00:00:00-05:00,368.190345627308,369.66830947141494,367.23459447201543,369.0771179199219,17107500,0.0,0.0,MSFT,2026-01-26 06:13:31.073800+00:00
2023-12-26 00:00:00-05:00,369.4909463405908,371.4024485751995,368.01298255522846,369.15594482421875,12673100,0.0,0.0,MSFT,2026-01-26 06:13:31.073800+00:00
2023-12-27 00:00:00-05:00,368.2002236622604,369.5500925516314,367.33314669322573,368.57464599609375,14905400,0.0,0.0,MSFT,2026-01-26 06:13:31.073800+00:00
2023-12-28 00:00:00-05:00,369.8554894003956,370.92947276145065,368.66327375287557,369.7668151855469,14327000,0.0,0.0,MSFT,2026-01-26 06:13:31.073800+00:00
2023-12-29 00:00:00-05:00,370.4762957614539,371.61925815456027,367.9933271573456,370.5157165527344,18730800,0.0,0.0,MSFT,2026-01-26 06:13:31.073800+00:00
2024-01-02 00:00:00-05:00,368.3676650837192,370.37770417291745,361.3818268052928,365.4216003417969,25258600,0.0,0.0,MSFT,2026-01-26 06:13:31.073800+00:00
2024-01-03 00:00:00-05:00,363.58894066618615,367.7765045721429,363.09628608901477,365.15557861328125,23083500,0.0,0.0,MSFT,2026-01-26 06:13:31.073800+00:00
2024-01-04 00:00:00-05:00,365.2246036426734,367.618897973795,361.77602116650127,362.5346984863281,20901500,0.0,0.0,MSFT,2026-01-26 06:13:31.073800+00:00
2024-01-05 00:00:00-05:00,363.5495516205476,366.5941535649678,361.115836594074,362.34747314453125,21004600,0.0,0.0,MSFT,2026-01-26 06:13:31.073800+00:00
2024-01-08 00:00:00-05:00,363.8746551165755,369.6880031258094,363.5889371144665,369.18548583984375,23134000,0.0,0.0,MSFT,2026-01-26 06:13:31.073800+00:00
2024-01-09 00:00:00-05:00,366.54488061699703,370.4663919405634,365.73691986628984,370.26934814453125,20830000,0.0,0.0,MSFT,2026-01-26 06:13:31.073800+00:00
2024-01-10 00:00:00-05:00,370.84084672720024,378.52627710766996,370.79159329119034,377.1468200683594,25514200,0.0,0.0,MSFT,2026-01-26 06:13:31.073800+00:00
2024-01-11 00:00:00-05:00,380.3293303889791,384.9405699760392,374.79189779905875,378.9794616699219,27850800,0.0,0.0,MSFT,2026-01-26 06:13:31.073800+00:00
2024-01-12 00:00:00-05:00,379.82682931782017,382.969968033559,378.99917320808413,382.7630615234375,21661200,0.0,0.0,MSFT,2026-01-26 06:13:31.073800+00:00
2024-01-16 00:00:00-05:00,387.8768338056293,388.24139340844187,381.925557656747,384.53662109375,27202300,0.0,0.0,MSFT,2026-01-26 06:13:31.073800+00:00
2024-01-17 00:00:00-05:00,382.28028145481545,384.37896483224864,379.1568380014038,383.7483825683594,22234100,0.0,0.0,MSFT,2026-01-26 06:13:31.073800+00:00
2024-01-18 00:00:00-05:00,385.965331411229,388.201972530476,384.38883063496286,388.083740234375,23392100,0.0,0.0,MSFT,2026-01-26 06:13:31.073800+00:00
2024-01-19 00:00:00-05:00,389.9459487436234,392.8132019042969,387.7191405000406,392.8132019042969,29331100,0.0,0.0,MSFT,2026-01-26 06:13:31.073800+00:00
2024-01-22 00:00:00-05:00,394.14341273142753,394.73460432133396,387.80788119131773,390.68499755859375,27016900,0.0,0.0,MSFT,2026-01-26 06:13:31.073800+00:00
2024-01-23 00:00:00-05:00,389.93613781643626,393.5128152245442,388.14286775502507,393.03985595703125,20525900,0.0,0.0,MSFT,2026-01-26 06:13:31.073800+00:00
2024-01-24 00:00:00-05:00,395.641022160032,399.6709327475664,394.56703885551275,396.6460266113281,24867000,0.0,0.0,MSFT,2026-01-26 06:13:31.073800+00:00
2024-01-25 00:00:00-05:00,398.38018064830356,401.03066452033335,396.61646894823883,398.9220886230469,21021200,0.0,0.0,MSFT,2026-01-26 06:13:31.073800+00:00
2024-01-26 00:00:00-05:00,398.4294490683389,400.20302354825617,396.517946945891,397.99591064453125,17803300,0.0,0.0,MSFT,2026-01-26 06:13:31.073800+00:00
2024-01-29 00:00:00-05:00,400.0946315969203,403.9570567007328,398.39003594013263,403.70086669921875,24510200,0.0,0.0,MSFT,2026-01-26 06:13:31.073800+00:00
2024-01-30 00:00:00-05:00,406.2035612023494,406.9819337836752,400.47891742664234,402.58746337890625,33477600,0.0,0.0,MSFT,2026-01-26 06:13:31.073800+00:00
2024-01-31 00:00:00-05:00,400.9813701342245,409.21856958364975,391.3746067154666,391.7391662597656,47871100,0.0,0.0,MSFT,2026-01-26 06:13:31.073800+00:00
2024-02-01 00:00:00-05:00,395.9267795782407,402.00615052622754,395.89722150523676,397.84814453125,30657700,0.0,0.0,MSFT,2026-01-26 06:13:31.073800+00:00
2024-02-02 00:00:00-05:00,397.8777185090492,406.58784851032016,397.63139120108593,405.1788635253906,28256700,0.0,0.0,MSFT,2026-01-26 06:13:31.073800+00:00
2024-02-05 00:00:00-05:00,403.87823795810993,405.11973718115985,398.05505693610314,399.690673828125,25352300,0.0,0.0,MSFT,2026-01-26 06:13:31.073800+00:00
2024-02-06 00:00:00-05:00,399.9173050428237,401.97659767351126,396.99093550042556,399.53302001953125,18382600,0.0,0.0,MSFT,2026-01-26 06:13:31.073800+00:00
2024-02-07 00:00:00-05:00,401.45437538113845,408.2135819340869,401.4149545944821,407.9672546386719,22340500,0.0,0.0,MSFT,2026-01-26 06:13:31.073800+00:00
2024-02-08 00:00:00-05:00,407.9672510426615,409.45507751601383,406.46959192466915,408.0263671875,21225300,0.0,0.0,MSFT,2026-01-26 06:13:31.073800+00:00
2024-02-09 00:00:00-05:00,409.1496686243005,414.637848397784,408.99201553500313,414.3717956542969,22032800,0.0,0.0,MSFT,2026-01-26 06:13:31.073800+00:00
2024-02-12 00:00:00-05:00,414.3816422071808,414.55899064975375,408.65699805765166,409.1595153808594,21202900,0.0,0.0,MSFT,2026-01-26 06:13:31.073800+00:00
2024-02-13 00:00:00-05:00,398.9910681954345,404.0457086747665,397.4638511225893,400.3507995605469,27824900,0.0,0.0,MSFT,2026-01-26 06:13:31.073800+00:00
2024-02-14 00:00:00-05:00,402.81865792132635,404.5658693954015,399.3636985334278,404.2203674316406,20401200,0.75,0.0,MSFT,2026-01-26 06:13:31.073800+00:00
2024-02-15 00:00:00-05:00,402.88774815292464,403.8649984148582,399.0872869539498,401.32806396484375,21825500,0.0,0.0,MSFT,2026-01-26 06:13:31.073800+00:00
2024-02-16 00:00:00-05:00,402.71006595192074,403.0358361421353,398.24824344009687,398.8602600097656,22296500,0.0,0.0,MSFT,2026-01-26 06:13:31.073800+00:00
2024-02-20 00:00:00-05:00,398.05078888046796,399.284702922107,392.8881118101571,397.6065979003906,24307900,0.0,0.0,MSFT,2026-01-26 06:13:31.073800+00:00
2024-02-21 00:00:00-05:00,395.0203725205491,397.1130861993175,392.10832293697354,397.0044860839844,18518900,0.0,0.0,MSFT,2026-01-26 06:13:31.073800+00:00
2024-02-22 00:00:00-05:00,404.911335992958,407.5173466101455,403.31218832163916,406.3525390625,27009900,0.0,0.0,MSFT,2026-01-26 06:13:31.073800+00:00
2024-02-23 00:00:00-05:00,410.32087486596646,410.50840209542025,403.7070832004783,405.0594482421875,16295900,0.0,0.0,MSFT,2026-01-26 06:13:31.073800+00:00
2024-02-26 00:00:00-05:00,406.1650087554213,406.8560126685655,402.1177646745505,402.29547119140625,16193500,0.0,0.0,MSFT,2026-01-26 06:13:31.073800+00:00
2024-02-27 00:00:00-05:00,402.7396530048111,403.06542317425317,398.6529454575257,402.2362365722656,14835800,0.0,0.0,MSFT,2026-01-26 06:13:31.073800+00:00
2024-02-28 00:00:00-05:00,402.9272470121027,404.0328292486966,400.10406595257604,402.4731750488281,13183100,0.0,0.0,MSFT,2026-01-26 06:13:31.073800+00:00
2024-02-29 00:00:00-05:00,403.3813298173751,408.8697771758562,400.6963316033454,408.3169860839844,31947300,0.0,0.0,MSFT,2026-01-26 06:13:31.073800+00:00
2024-03-01 00:00:00-05:00,405.9774393001269,410.5182488621106,405.5924737956083,410.15301513671875,17823400,0.0,0.0,MSFT,2026-01-26 06:13:31.073800+00:00
2024-03-04 00:00:00-05:00,408.11957070674777,411.9792577390108,407.01398846090547,409.5805358886719,17596000,0.0,0.0,MSFT,2026-01-26 06:13:31.073800+00:00
2024-03-05 00:00:00-05:00,408.63286696668945,408.91914348036823,395.48430086662944,397.4684143066406,26919200,0.0,0.0,MSFT,2026-01-26 06:13:31.073800+00:00
2024-03-06 00:00:00-05:00,397.784299256291,399.94611920290095,393.26325117893276,396.9156188964844,22344100,0.0,0.0,MSFT,2026-01-26 06:13:31.073800+00:00
2024-03-07 00:00:00-05:00,400.8937223940283,404.50662623949256,397.06364847725683,403.8748779296875,18718500,0.0,0.0,MSFT,2026-01-26 06:13:31.073800+00:00
2024-03-08 00:00:00-05:00,402.7100302645635,405.1383946723733,399.12673923888235,400.992431640625,18002200,0.0,0.0,MSFT,2026-01-26 06:13:31.073800+00:00
2024-03-11 00:00:00-04:00,398.5641317733387,400.45940694447387,396.09630359488256,399.3143310546875,16120800,0.0,0.0,MSFT,2026-01-26 06:13:31.073800+00:00
2024-03-12 00:00:00-04:00,402.37448319598684,410.2221896174698,401.5551774159086,409.9359130859375,22457000,0.0,0.0,MSFT,2026-01-26 06:13:31.073800+00:00
2024-03-13 00:00:00-04:00,412.7195416563928,412.7984988938054,406.1551255049725,409.7581481933594,17115900,0.0,0.0,MSFT,2026-01-26 06:13:31.073800+00:00
2024-03-14 00:00:00-04:00,414.83200064539375,422.31447191746963,412.6109554732492,419.7479248046875,34157300,0.0,0.0,MSFT,2026-01-26 06:13:31.073800+00:00
2024-03-15 00:00:00-04:00,413.8942494694405,417.16165133292435,407.4778966665496,411.0611877441406,45079900,0.0,0.0,MSFT,2026-01-26 06:13:31.073800+00:00
2024-03-18 00:00:00-04:00,408.9191456409196,415.31576738207366,408.45519271968817,411.94964599609375,20106000,0.0,0.0,MSFT,2026-01-26 06:13:31.073800+00:00
2024-03-19 00:00:00-04:00,412.4529921156404,416.2436022136272,410.2023343151899,415.9869384765625,19837900,0.0,0.0,MSFT,2026-01-26 06:13:31.073800+00:00
2024-03-20 00:00:00-04:00,416.5693981535872,420.4784295685996,415.24664585974097,419.7578430175781,17860100,0.0,0.0,MSFT,2026-01-26 06:13:31.073800+00:00
2024-03-21 00:00:00-04:00,424.29861540078343,425.27589583117316,421.6629918116586,423.84454345703125,21296200,0.0,0.0,MSFT,2026-01-26 06:13:31.073800+00:00
2024-03-22 00:00:00-04:00,424.1703545566299,424.32826906328035,420.58706292422704,423.2226867675781,17648500,0.0,0.0,MSFT,2026-01-26 06:13:31.073800+00:00
2024-03-25 00:00:00-04:00,419.76771231939466,421.90980053588714,416.18442081257615,417.4183349609375,18060500,0.0,0.0,MSFT,2026-01-26 06:13:31.073800+00:00
2024-03-26 00:00:00-04:00,420.13293899173254,420.50805370647623,415.92778013004056,416.2239074707031,16725600,0.0,0.0,MSFT,2026-01-26 06:13:31.073800+00:00
2024-03-27 00:00:00-04:00,418.9779885582823,418.9878695106981,413.61787312123863,416.0067138671875,16705000,0.0,0.0,MSFT,2026-01-26 06:13:31.073800+00:00
2024-03-28 00:00:00-04:00,415.5428100902656,416.4411032454851,413.7264919975177,415.305908203125,21871200,0.0,0.0,MSFT,2026-01-26 06:13:31.073800+00:00
2024-04-01 00:00:00-04:00,418.49430668541237,422.38360623153415,416.78655877307597,419.1063232421875,16316000,0.0,0.0,MSFT,2026-01-26 06:13:31.073800+00:00
2024-04-02 00:00:00-04:00,414.7037305350885,416.944537944627,412.4629532504076,416.0166320800781,17912000,0.0,0.0,MSFT,2026-01-26 06:13:31.073800+00:00
2024-04-03 00:00:00-04:00,414.3286014685427,417.8131735008708,413.6968230222425,415.0393371582031,16502300,0.0,0.0,MSFT,2026-01-26 06:13:31.073800+00:00
2024-04-04 00:00:00-04:00,419.5209306414664,423.15359679910677,412.19643310660484,412.50244140625,19370900,0.0,0.0,MSFT,2026-01-26 06:13:31.073800+00:00
2024-04-05 00:00:00-04:00,414.6049948261761,421.0213477789878,412.9367406484567,420.0440673828125,16554800,0.0,0.0,MSFT,2026-01-26 06:13:31.073800+00:00
2024-04-08 00:00:00-04:00,419.69865168894506,421.78148438919783,417.8526907492084,419.1260986328125,14272400,0.0,0.0,MSFT,2026-01-26 06:13:31.073800+00:00
2024-04-09 00:00:00-04:00,420.9522561397257,422.23551472539157,416.1942762454294,420.7943115234375,12496900,0.0,0.0,MSFT,2026-01-26 06:13:31.073800+00:00
2024-04-10 00:00:00-04:00,416.7569337473859,418.5732515840266,414.29898664030566,417.81317138671875,16216600,0.0,0.0,MSFT,2026-01-26 06:13:31.073800+00:00
2024-04-11 00:00:00-04:00,420.3402327247268,423.8445365841043,416.92473693729744,422.4230651855469,17966400,0.0,0.0,MSFT,2026-01-26 06:13:31.073800+00:00
2024-04-12 00:00:00-04:00,418.59296811855137,419.70843118069365,414.36804783994415,416.47064208984375,19253800,0.0,0.0,MSFT,2026-01-26 06:13:31.073800+00:00
2024-04-15 00:00:00-04:00,421.1101986920762,421.32736877280126,408.10966683089106,408.3169860839844,20273500,0.0,0.0,MSFT,2026-01-26 06:13:31.073800+00:00
2024-04-16 00:00:00-04:00,409.23502221897127,413.0157217686464,408.4058355582689,409.244873046875,16765600,0.0,0.0,MSFT,2026-01-26 06:13:31.073800+00:00
2024-04-17 00:00:00-04:00,411.88051429574114,413.4895430541291,405.04955278693666,406.5401306152344,15855500,0.0,0.0,MSFT,2026-01-26 06:13:31.073800+00:00
2024-04-18 00:00:00-04:00,405.34573674704745,406.5895318440509,398.7517067920222,399.06756591796875,21029900,0.0,0.0,MSFT,2026-01-26 06:13:31.073800+00:00
2024-04-19 00:00:00-04:00,398.8306438099327,400.2619961941858,392.6511924508159,393.98382568359375,30565800,0.0,0.0,MSFT,2026-01-26 06:13:31.073800+00:00
2024-04-22 00:00:00-04:00,394.93146005470254,397.6658329165628,390.65719496673063,395.8001403808594,20286900,0.0,0.0,MSFT,2026-01-26 06:13:31.073800+00:00
2024-04-23 00:00:00-04:00,399.0379397213986,402.94700128728675,397.8731320388209,402.3251037597656,15734500,0.0,0.0,MSFT,2026-01-26 06:13:31.073800+00:00
2024-04-24 00:00:00-04:00,404.28946405238224,407.16201954597966,401.54524043863097,403.7958984375,15065300,0.0,0.0,MSFT,2026-01-26 06:13:31.073800+00:00
2024-04-25 00:00:00-04:00,388.9593694617433,394.74397490944534,383.0365812882529,393.9049072265625,40586500,0.0,0.0,MSFT,2026-01-26 06:13:31.073800+00:00
2024-04-26 00:00:00-04:00,406.8659105019104,407.68521620447916,400.53839541992835,401.0911865234375,29694700,0.0,0.0,MSFT,2026-01-26 06:13:31.073800+00:00
2024-04-29 00:00:00-04:00,400.0349411285761,401.0911788014965,394.05292813266897,397.07354736328125,19582100,0.0,0.0,MSFT,2026-01-26 06:13:31.073800+00:00
2024-04-30 00:00:00-04:00,396.32331323474864,396.9847044226994,384.16187921211525,384.3197937011719,28781400,0.0,0.0,MSFT,2026-01-26 06:13:31.073800+00:00
2024-05-01 00:00:00-04:00,387.5576027140766,396.55038446355206,385.287212788776,389.8576354980469,23562500,0.0,0.0,MSFT,2026-01-26 06:13:31.073800+00:00
2024-05-02 00:00:00-04:00,392.54259949156545,394.78337648708447,389.57132491777804,392.72027587890625,17709400,0.0,0.0,MSFT,2026-01-26 06:13:31.073800+00:00
2024-05-03 00:00:00-04:00,397.10317892533544,401.9105035456356,396.68857052359846,401.42681884765625,17446700,0.0,0.0,MSFT,2026-01-26 06:13:31.073800+00:00
2024-05-06 00:00:00-04:00,403.49977559314374,408.603227237703,401.1405174679132,408.21826171875,16996600,0.0,0.0,MSFT,2026-01-26 06:13:31.073800+00:00
2024-05-07 00:00:00-04:00,409.3238106288364,409.33369158039415,403.82548283487444,404.072265625,20018200,0.0,0.0,MSFT,2026-01-26 06:13:31.073800+00:00
2024-05-08 00:00:00-04:00,402.91740058487204,406.92515129872777,401.47616718048914,405.25689697265625,11792300,0.0,0.0,MSFT,2026-01-26 06:13:31.073800+00:00
2024-05-09 00:00:00-04:00,405.2865276969193,407.4088540854312,403.8354433999152,407.0140075683594,14689700,0.0,0.0,MSFT,2026-01-26 06:13:31.073800+00:00
2024-05-10 00:00:00-04:00,407.62600771381045,410.0346105329173,406.50066355453686,409.40283203125,13402300,0.0,0.0,MSFT,2026-01-26 06:13:31.073800+00:00
2024-05-13 00:00:00-04:00,412.63073648454196,412.96635748889184,405.53326050690544,408.39593505859375,15440200,0.0,0.0,MSFT,2026-01-26 06:13:31.073800+00:00
2024-05-14 00:00:00-04:00,406.71781742817865,412.117426712038,406.25386452353786,411.19940185546875,15109300,0.0,0.0,MSFT,2026-01-26 06:13:31.073800+00:00
2024-05-15 00:00:00-04:00,413.2662078851203,419.1106798585564,412.64318866360406,418.3887634277344,22239500,0.75,0.0,MSFT,2026-01-26 06:13:31.073800+00:00
2024-05-16 00:00:00-04:00,417.1229765763839,420.7028625691673,415.6890726034355,416.32196044921875,17530100,0.0,0.0,MSFT,2026-01-26 06:13:31.073800+00:00
2024-05-17 00:00:00-04:00,417.8547794230839,418.2305707168696,413.39477777187733,415.55059814453125,15352200,0.0,0.0,MSFT,2026-01-26 06:13:31.073800+00:00
2024-05-20 00:00:00-04:00,415.55062632751003,422.03788543513167,415.3330645205205,420.6237487792969,16272100,0.0,0.0,MSFT,2026-01-26 06:13:31.073800+00:00
2024-05-21 00:00:00-04:00,422.09719809997813,428.1691308622737,420.1391721073256,424.28271484375,21453300,0.0,0.0,MSFT,2026-01-26 06:13:31.073800+00:00
2024-05-22 00:00:00-04:00,425.3210520448661,427.6153345538536,422.39388170740824,425.74627685546875,18073700,0.0,0.0,MSFT,2026-01-26 06:13:31.073800+00:00
2024-05-23 00:00:00-04:00,428.1691242148773,428.792143449846,420.7028525285379,422.26531982421875,17211700,0.0,0.0,MSFT,2026-01-26 06:13:31.073800+00:00
2024-05-24 00:00:00-04:00,422.45322015153533,426.28030386108634,419.704046646492,425.3902893066406,11855300,0.0,0.0,MSFT,2026-01-26 06:13:31.073800+00:00
2024-05-28 00:00:00-04:00,424.86617140902985,426.0429788375184,421.8697699331016,425.54852294921875,15718000,0.0,0.0,MSFT,2026-01-26 06:13:31.073800+00:00
2024-05-29 00:00:00-04:00,420.96986151310944,426.1616484009117,420.96986151310944,424.4112854003906,15517100,0.0,0.0,MSFT,2026-01-26 06:13:31.073800+00:00
2024-05-30 00:00:00-04:00,419.5952468817441,419.5952468817441,409.64679700979286,410.0720520019531,28394500,0.0,0.0,MSFT,2026-01-26 06:13:31.073800+00:00
2024-05-31 00:00:00-04:00,412.1289792567511,412.1289792567511,400.024708875454,410.5269470214844,47995300,0.0,0.0,MSFT,2026-01-26 06:13:31.073800+00:00
2024-06-03 00:00:00-04:00,410.9224755830668,411.81249007309026,404.38578376247324,408.93475341796875,17484700,0.0,0.0,MSFT,2026-01-26 06:13:31.073800+00:00
2024-06-04 00:00:00-04:00,407.85685925302585,411.82240496411936,405.1373519842431,411.4565124511719,14348900,0.0,0.0,MSFT,2026-01-26 06:13:31.073800+00:00
2024-06-05 00:00:00-04:00,413.17720689100315,419.37767256450087,411.68394052355205,419.3084716796875,16988000,0.0,0.0,MSFT,2026-01-26 06:13:31.073800+00:00
2024-06-06 00:00:00-04:00,419.3084807052153,420.5940539083252,415.9164904670929,419.81280517578125,14861300,0.0,0.0,MSFT,2026-01-26 06:13:31.073800+00:00
2024-06-07 00:00:00-04:00,421.47421729884104,421.55331696325794,418.30968749669245,419.1502685546875,13621700,0.0,0.0,MSFT,2026-01-26 06:13:31.073800+00:00
2024-06-10 00:00:00-04:00,419.99086828849937,423.33336493941925,419.18985211669025,423.1257019042969,13982900,0.0,0.0,MSFT,2026-01-26 06:13:31.073800+00:00
2024-06-11 00:00:00-04:00,420.76220781136936,428.0208168757502,420.53474723054455,427.8823547363281,14551100,0.0,0.0,MSFT,2026-01-26 06:13:31.073800+00:00
2024-06-12 00:00:00-04:00,430.4931196720458,438.4835142504696,428.4460648715454,436.1694641113281,22366200,0.0,0.0,MSFT,2026-01-26 06:13:31.073800+00:00
2024-06-13 00:00:00-04:00,435.9617989605403,438.47364353190966,434.4981985450977,436.6836853027344,15960600,0.0,0.0,MSFT,2026-01-26 06:13:31.073800+00:00
2024-06-14 00:00:00-04:00,433.42024926631433,438.2263761607837,431.877549319742,437.6626892089844,13582000,0.0,0.0,MSFT,2026-01-26 06:13:31.073800+00:00
2024-06-17 00:00:00-04:00,437.68246749988464,445.9398870196781,435.8332072728674,443.39837646484375,20790000,0.0,0.0,MSFT,2026-01-26 06:13:31.073800+00:00
2024-06-18 00:00:00-04:00,444.7234969265718,445.14875191744164,439.95696520327493,441.390869140625,17112500,0.0,0.0,MSFT,2026-01-26 06:13:31.073800+00:00
2024-06-20 00:00:00-04:00,441.35131853440595,441.57877910996035,436.37709345219747,440.75799560546875,19877400,0.0,0.0,MSFT,2026-01-26 06:13:31.073800+00:00
2024-06-21 00:00:00-04:00,442.4193728058131,445.58387250760194,441.5590243550793,444.7927551269531,34187100,0.0,0.0,MSFT,2026-01-26 06:13:31.073800+00:00
2024-06-24 00:00:00-04:00,444.81247230124796,447.7297738991582,441.4600773185171,442.70611572265625,15913700,0.0,0.0,MSFT,2026-01-26 06:13:31.073800+00:00
2024-06-25 00:00:00-04:00,443.27972459062323,446.41458834788966,441.7963568563546,445.9497985839844,16413400,0.0,0.0,MSFT,2026-01-26 06:13:31.073800+00:00
2024-06-26 00:00:00-04:00,444.02139740080895,448.57039770845984,443.22038125858614,447.1463623046875,16507000,0.0,0.0,MSFT,2026-01-26 06:13:31.073800+00:00
2024-06-27 00:00:00-04:00,447.1661206636861,451.11189918090986,446.76066321308457,447.8287048339844,14806300,0.0,0.0,MSFT,2026-01-26 06:13:31.073800+00:00
2024-06-28 00:00:00-04:00,448.04624507062687,450.33062875420535,441.46008932267114,441.9941101074219,28362300,0.0,0.0,MSFT,2026-01-26 06:13:31.073800+00:00
2024-07-01 00:00:00-04:00,443.6851847474979,452.29859832649356,440.718449260987,451.66571044921875,17662800,0.0,0.0,MSFT,2026-01-26 06:13:31.073800+00:00
2024-07-02 00:00:00-04:00,448.17483800659534,454.4939686896818,448.08580938726794,454.1874084472656,13979800,0.0,0.0,MSFT,2026-01-26 06:13:31.073800+00:00
2024-07-03 00:00:00-04:00,453.1095094538045,455.90811662700247,452.8029492037819,455.660888671875,9932800,0.0,0.0,MSFT,2026-01-26 06:13:31.073800+00:00
2024-07-05 00:00:00-04:00,454.51368927600026,463.1567980049815,453.8808014849039,462.37554931640625,16000300,0.0,0.0,MSFT,2026-01-26 06:13:31.073800+00:00
2024-07-08 00:00:00-04:00,461.3767506483888,462.5140232691351,459.30992877619343,461.0701904296875,12962300,0.0,0.0,MSFT,2026-01-26 06:13:31.073800+00:00
2024-07-09 00:00:00-04:00,461.82176131593883,462.1480888962693,452.92155606573874,454.4444885253906,17207200,0.0,0.0,MSFT,2026-01-26 06:13:31.073800+00:00
2024-07-10 00:00:00-04:00,456.1059440677891,461.28783272489426,453.7720963093215,461.0801696777344,18196100,0.0,0.0,MSFT,2026-01-26 06:13:31.073800+00:00
2024-07-11 00:00:00-04:00,457.84639154158754,459.6264206924659,446.54310684217364,449.658203125,23111200,0.0,0.0,MSFT,2026-01-26 06:13:31.073800+00:00
2024-07-12 00:00:00-04:00,449.2922850558392,451.2997748037469,445.65309687289607,448.52093505859375,16324300,0.0,0.0,MSFT,2026-01-26 06:13:31.073800+00:00
2024-07-15 00:00:00-04:00,448.2737061930426,452.18981864416236,446.4244459584992,448.9263916015625,14429400,0.0,0.0,MSFT,2026-01-26 06:13:31.073800+00:00
2024-07-16 00:00:00-04:00,449.1835423040314,449.26264197328965,441.7073711225493,444.53564453125,17175700,0.0,0.0,MSFT,2026-01-26 06:13:31.073800+00:00
2024-07-17 00:00:00-04:00,437.6824920740607,439.9174425124237,434.310299044026,438.6021728515625,21778000,0.0,0.0,MSFT,2026-01-26 06:13:31.073800+00:00
2024-07-18 00:00:00-04:00,439.41301059106655,439.7195707963603,429.5832261150828,435.4870300292969,20794800,0.0,0.0,MSFT,2026-01-26 06:13:31.073800+00:00
2024-07-19 00:00:00-04:00,428.2976681537138,436.2485267618823,427.209859235563,432.26318359375,20940400,0.0,0.0,MSFT,2026-01-26 06:13:31.073800+00:00
2024-07-22 00:00:00-04:00,436.8912915602017,439.67013091580066,434.0432211452645,438.0285339355469,15808800,0.0,0.0,MSFT,2026-01-26 06:13:31.073800+00:00
2024-07-23 00:00:00-04:00,438.97794115369385,443.41817564914504,438.1868237868677,439.91741943359375,13107100,0.0,0.0,MSFT,2026-01-26 06:13:31.073800+00:00
2024-07-24 00:00:00-04:00,435.5661744239133,436.5847522773038,422.8487541493976,424.14422607421875,26805800,0.0,0.0,MSFT,2026-01-26 06:13:31.073800+00:00
2024-07-25 00:00:00-04:00,424.0453575896341,425.0342693658965,412.88056536465024,413.76068115234375,29943800,0.0,0.0,MSFT,2026-01-26 06:13:31.073800+00:00
2024-07-26 00:00:00-04:00,413.56289099301864,424.16402577751,412.6431801625324,420.5544738769531,23583800,0.0,0.0,MSFT,2026-01-26 06:13:31.073800+00:00
2024-07-29 00:00:00-04:00,426.7945502371275,427.35823721785147,419.9908622622184,421.99835205078125,15125800,0.0,0.0,MSFT,2026-01-26 06:13:31.073800+00:00
2024-07-30 00:00:00-04:00,422.97732451431415,424.2925638306224,412.7321833431071,418.2305603027344,32687600,0.0,0.0,MSFT,2026-01-26 06:13:31.073800+00:00
2024-07-31 00:00:00-04:00,415.83736625900457,417.103172016906,407.6392798866265,413.7112121582031,42891400,0.0,0.0,MSFT,2026-01-26 06:13:31.073800+00:00
2024-08-01 00:00:00-04:00,416.1242037023935,422.72022849108816,408.5095707902921,412.4849853515625,30296400,0.0,0.0,MSFT,2026-01-26 06:13:31.073800+00:00
2024-08-02 00:00:00-04:00,407.91618767034436,410.39836575672,399.85656314975535,403.9605407714844,29437900,0.0,0.0,MSFT,2026-01-26 06:13:31.073800+00:00
2024-08-05 00:00:00-04:00,384.8547602625145,396.5931367240162,381.30454087991563,390.7684326171875,40709200,0.0,0.0,MSFT,2026-01-26 06:13:31.073800+00:00
2024-08-06 00:00:00-04:00,395.5647672825524,401.17191113762914,394.08139940524285,395.1790771484375,24946500,0.0,0.0,MSFT,2026-01-26 06:13:31.073800+00:00
2024-08-07 00:00:00-04:00,404.1088639389028,405.53286892466696,393.062707726454,394.0120544433594,20650900,0.0,0.0,MSFT,2026-01-26 06:13:31.073800+00:00
2024-08-08 00:00:00-04:00,397.97765609010867,401.3597174512935,395.50537665916386,398.2248840332031,20203000,0.0,0.0,MSFT,2026-01-26 06:13:31.073800+00:00
2024-08-09 00:00:00-04:00,399.55004994709526,403.52546468375385,397.7996868528818,401.5179748535156,19276700,0.0,0.0,MSFT,2026-01-26 06:13:31.073800+00:00
2024-08-12 00:00:00-04:00,402.54642227818954,404.22758435718055,399.75768384658,402.2991943359375,16762900,0.0,0.0,MSFT,2026-01-26 06:13:31.073800+00:00
2024-08-13 00:00:00-04:00,405.0483692456352,410.34895203900766,405.0286018746959,409.41937255859375,19414300,0.0,0.0,MSFT,2026-01-26 06:13:31.073800+00:00
2024-08-14 00:00:00-04:00,410.20063690456334,413.08827288112064,407.876718123392,412.23779296875,18267000,0.0,0.0,MSFT,2026-01-26 06:13:31.073800+00:00
2024-08-15 00:00:00-04:00,415.8934346982465,417.19124174906176,413.7733647214418,417.11199951171875,20752100,0.75,0.0,MSFT,2026-01-26 06:13:31.073800+00:00
2024-08-16 00:00:00-04:00,416.6859584876603,417.4190624715108,413.41664970781534,414.5757751464844,22775600,0.0,0.0,MSFT,2026-01-26 06:13:31.073800+00:00
2024-08-19 00:00:00-04:00,415.0612389392474,417.8252842584304,412.5845034071879,417.6073303222656,15234000,0.0,0.0,MSFT,2026-01-26 06:13:31.073800+00:00
2024-08-20 00:00:00-04:00,417.7757654099591,421.8970267669262,417.7163261753405,420.8468933105469,16387600,0.0,0.0,MSFT,2026-01-26 06:13:31.073800+00:00
2024-08-21 00:00:00-04:00,420.13355421881863,422.43197186124524,417.79553057929155,420.1930236816406,16067300,0.0,0.0,MSFT,2026-01-26 06:13:31.073800+00:00
2024-08-22 00:00:00-04:00,420.4109661556474,422.8183759816575,410.7516979364214,411.6829528808594,19361900,0.0,0.0,MSFT,2026-01-26 06:13:31.073800+00:00
2024-08-23 00:00:00-04:00,413.0996723021897,415.3584538355035,408.255163223579,412.91143798828125,18493800,0.0,0.0,MSFT,2026-01-26 06:13:31.073800+00:00
2024-08-26 00:00:00-04:00,412.4953551222988,413.3968905070922,407.5121643134923,409.64215087890625,13152800,0.0,0.0,MSFT,2026-01-26 06:13:31.073800+00:00
2024-08-27 00:00:00-04:00,409.0180308290162,410.50407226682006,406.43233323936084,409.9889221191406,13492900,0.0,0.0,MSFT,2026-01-26 06:13:31.073800+00:00
2024-08-28 00:00:00-04:00,411.0192227861693,411.13810125518216,403.5196602855256,406.779052734375,14882700,0.0,0.0,MSFT,2026-01-26 06:13:31.073800+00:00
2024-08-29 00:00:00-04:00,411.0786443893992,418.1224654785976,406.7790352875099,409.27557373046875,17045200,0.0,0.0,MSFT,2026-01-26 06:13:31.073800+00:00
2024-08-30 00:00:00-04:00,411.73253163556785,413.604928025177,408.2948214180594,413.2582092285156,24308300,0.0,0.0,MSFT,2026-01-26 06:13:31.073800+00:00
2024-09-03 00:00:00-04:00,414.0210025733613,415.97267128987687,403.2422452090673,405.62982177734375,20313600,0.0,0.0,MSFT,2026-01-26 06:13:31.073800+00:00
2024-09-04 00:00:00-04:00,402.1326826766194,407.4130694116055,400.60700515715166,405.0948486328125,15135800,0.0,0.0,MSFT,2026-01-26 06:13:31.073800+00:00
2024-09-05 00:00:00-04:00,403.8267457621573,409.25576060406553,402.35062114910426,404.589599609375,14195500,0.0,0.0,MSFT,2026-01-26 06:13:31.073800+00:00
2024-09-06 00:00:00-04:00,405.2533785520499,406.8285787467922,397.070234552708,397.9618835449219,19609500,0.0,0.0,MSFT,2026-01-26 06:13:31.073800+00:00
2024-09-09 00:00:00-04:00,403.45027169819457,404.8471540629301,398.4076421561328,401.9444274902344,15295100,0.0,0.0,MSFT,2026-01-26 06:13:31.073800+00:00
2024-09-10 00:00:00-04:00,404.4013853254675,412.45570379102855,403.90603822449737,410.3455505371094,19594300,0.0,0.0,MSFT,2026-01-26 06:13:31.073800+00:00
2024-09-11 00:00:00-04:00,411.6334589269,420.0444433948456,405.76853569187716,419.1033020019531,19266900,0.0,0.0,MSFT,2026-01-26 06:13:31.073800+00:00
2024-09-12 00:00:00-04:00,419.37076416429335,423.39298024346107,415.84389519077274,423.02642822265625,17395700,0.0,0.0,MSFT,2026-01-26 06:13:31.073800+00:00
2024-09-13 00:00:00-04:00,421.86732397170795,427.8114895392981,421.5007719324142,426.5830383300781,15874600,0.0,0.0,MSFT,2026-01-26 06:13:31.073800+00:00
2024-09-16 00:00:00-04:00,426.5929762071431,429.4957032812486,424.2351189104518,427.3260803222656,13834700,0.0,0.0,MSFT,2026-01-26 06:13:31.073800+00:00
2024-09-17 00:00:00-04:00,436.13332953102315,437.73824933805764,428.24738173228826,431.1005859375,18874200,0.0,0.0,MSFT,2026-01-26 06:13:31.073800+00:00
2024-09-18 00:00:00-04:00,430.95197545729616,431.9723892702998,426.40469272360485,426.80096435546875,18898000,0.0,0.0,MSFT,2026-01-26 06:13:31.073800+00:00
2024-09-19 00:00:00-04:00,437.1240071994986,437.3914837460106,432.8342844371603,434.6076354980469,21706600,0.0,0.0,MSFT,2026-01-26 06:13:31.073800+00:00
2024-09-20 00:00:00-04:00,433.15131768035957,435.1525090726311,430.17923509170157,431.2194519042969,55167100,0.0,0.0,MSFT,2026-01-26 06:13:31.073800+00:00
2024-09-23 00:00:00-04:00,430.23868426031646,432.3983904018878,426.38489946949306,429.4758605957031,15128900,0.0,0.0,MSFT,2026-01-26 06:13:31.073800+00:00
2024-09-24 00:00:00-04:00,428.9705844602765,429.31733347364775,422.1348005929618,425.1762390136719,17015800,0.0,0.0,MSFT,2026-01-26 06:13:31.073800+00:00
2024-09-25 00:00:00-04:00,425.8300552065777,429.08944744090394,424.58180113051003,428.0888366699219,13396400,0.0,0.0,MSFT,2026-01-26 06:13:31.073800+00:00
2024-09-26 00:00:00-04:00,431.04117944658947,431.2492167842264,425.13664988279464,427.2963562011719,14492000,0.0,0.0,MSFT,2026-01-26 06:13:31.073800+00:00
2024-09-27 00:00:00-04:00,427.5043867830189,427.83133282772945,423.49208702404536,424.0369567871094,14896100,0.0,0.0,MSFT,2026-01-26 06:13:31.073800+00:00
2024-09-30 00:00:00-04:00,424.225137648764,426.4145935098266,421.41156986331913,426.2956848144531,16807300,0.0,0.0,MSFT,2026-01-26 06:13:31.073800+00:00
2024-10-01 00:00:00-04:00,424.4629431708175,424.49266278755016,414.91263654622963,416.775146484375,19092900,0.0,0.0,MSFT,2026-01-26 06:13:31.073800+00:00
2024-10-02 00:00:00-04:00,418.6474946227358,418.88528176281716,412.8321251605145,413.24822998046875,16582300,0.0,0.0,MSFT,2026-01-26 06:13:31.073800+00:00
2024-10-03 00:00:00-04:00,413.7436715344948,415.6457876881329,410.4347561510362,412.663818359375,13686400,0.0,0.0,MSFT,2026-01-26 06:13:31.073800+00:00
2024-10-04 00:00:00-04:00,414.34793855319174,415.8438964916741,411.1083793562167,412.188232421875,19169700,0.0,0.0,MSFT,2026-01-26 06:13:31.073800+00:00
2024-10-07 00:00:00-04:00,412.1287574404014,413.2284134108737,405.19389854116383,405.7288818359375,20919800,0.0,0.0,MSFT,2026-01-26 06:13:31.073800+00:00
2024-10-08 00:00:00-04:00,407.0762266898708,411.791940593935,404.37165096666996,410.85076904296875,19229300,0.0,0.0,MSFT,2026-01-26 06:13:31.073800+00:00
2024-10-09 00:00:00-04:00,411.99007853410836,416.46803570058375,410.4445979894132,413.5751953125,14974300,0.0,0.0,MSFT,2026-01-26 06:13:31.073800+00:00
2024-10-10 00:00:00-04:00,411.3659364512592,413.46620317952954,409.3052757201966,411.9702453613281,13848400,0.0,0.0,MSFT,2026-01-26 06:13:31.073800+00:00
2024-10-11 00:00:00-04:00,412.2674830881502,413.2482606337857,409.4043624478393,412.44580078125,14144900,0.0,0.0,MSFT,2026-01-26 06:13:31.073800+00:00
2024-10-14 00:00:00-04:00,413.8823170164031,420.09398917949596,413.6346434592421,415.2395935058594,16653100,0.0,0.0,MSFT,2026-01-26 06:13:31.073800+00:00
2024-10-15 00:00:00-04:00,418.25128280655105,418.5485092157335,411.3956956650851,414.8432922363281,18900200,0.0,0.0,MSFT,2026-01-26 06:13:31.073800+00:00
2024-10-16 00:00:00-04:00,411.3065088320687,412.48540707078536,406.660150790306,412.2476501464844,15508900,0.0,0.0,MSFT,2026-01-26 06:13:31.073800+00:00
2024-10-17 00:00:00-04:00,418.429601804324,418.5683135090887,411.722612729939,412.84210205078125,14820000,0.0,0.0,MSFT,2026-01-26 06:13:31.073800+00:00
2024-10-18 00:00:00-04:00,413.25817959093666,415.74480139281076,412.3863638860618,414.2686767578125,17145300,0.0,0.0,MSFT,2026-01-26 06:13:31.073800+00:00
2024-10-21 00:00:00-04:00,412.24765392774344,415.0612217475957,409.89971357797583,414.8829040527344,14206100,0.0,0.0,MSFT,2026-01-26 06:13:31.073800+00:00
2024-10-22 00:00:00-04:00,414.59559642085827,426.57308539168537,414.14980218140033,423.53167724609375,25482200,0.0,0.0,MSFT,2026-01-26 06:13:31.073800+00:00
2024-10-23 00:00:00-04:00,426.8504984713963,427.06845240983137,418.59802889539156,420.6487731933594,19654400,0.0,0.0,MSFT,2026-01-26 06:13:31.073800+00:00
2024-10-24 00:00:00-04:00,421.3719497046553,422.01592511987707,418.4692229621463,420.7775573730469,13581600,0.0,0.0,MSFT,2026-01-26 06:13:31.073800+00:00
2024-10-25 00:00:00-04:00,422.78866124967664,428.4950392124222,422.6004269353124,424.16571044921875,16899100,0.0,0.0,MSFT,2026-01-26 06:13:31.073800+00:00
2024-10-28 00:00:00-04:00,427.64303527641664,427.9204284257387,422.332898974784,422.6202087402344,14882400,0.0,0.0,MSFT,2026-01-26 06:13:31.073800+00:00
2024-10-29 00:00:00-04:00,424.01710482121905,429.1390069836367,421.8375655534697,427.93035888671875,17644100,0.0,0.0,MSFT,2026-01-26 06:13:31.073800+00:00
2024-10-30 00:00:00-04:00,433.3692558016521,434.41938919264413,428.07895261488494,428.50494384765625,29749100,0.0,0.0,MSFT,2026-01-26 06:13:31.073800+00:00
2024-10-31 00:00:00-04:00,411.4947379049696,412.2873114234298,402.5190506643278,402.568603515625,53971000,0.0,0.0,MSFT,2026-01-26 06:13:31.073800+00:00
2024-11-01 00:00:00-04:00,405.20384836550784,411.63344411141696,403.7078904341815,406.5511779785156,24230400,0.0,0.0,MSFT,2026-01-26 06:13:31.073800+00:00
2024-11-04 00:00:00-05:00,405.9864621175824,406.6007179042562,401.79584509345045,404.658935546875,19672300,0.0,0.0,MSFT,2026-01-26 06:13:31.073800+00:00
2024-11-05 00:00:00-05:00,404.5698009147436,411.0390330760231,404.28249112047496,407.63104248046875,17626000,0.0,0.0,MSFT,2026-01-26 06:13:31.073800+00:00
2024-11-06 00:00:00-05:00,408.5821307366994,416.53740425456203,406.69978749855915,416.2698974609375,26681800,0.0,0.0,MSFT,2026-01-26 06:13:31.073800+00:00
2024-11-07 00:00:00-05:00,417.3596335925896,422.87780730764854,415.97266781837374,421.47100830078125,19901800,0.0,0.0,MSFT,2026-01-26 06:13:31.073800+00:00
2024-11-08 00:00:00-05:00,421.3620693729889,422.5310812867246,417.8550033981939,418.6079406738281,16891400,0.0,0.0,MSFT,2026-01-26 06:13:31.073800+00:00
2024-11-11 00:00:00-05:00,418.58809689323664,420.8567950462537,412.1287816798458,414.1200866699219,24503300,0.0,0.0,MSFT,2026-01-26 06:13:31.073800+00:00
2024-11-12 00:00:00-05:00,414.35783635110096,420.49023567836724,413.3176195666668,419.0933532714844,19401200,0.0,0.0,MSFT,2026-01-26 06:13:31.073800+00:00
2024-11-13 00:00:00-05:00,417.7163255743709,425.3347363138495,414.31822142109314,421.2431945800781,21502200,0.0,0.0,MSFT,2026-01-26 06:13:31.073800+00:00
2024-11-14 00:00:00-05:00,421.0449930699386,424.1855066739669,416.0915225632334,422.91741943359375,30246900,0.0,0.0,MSFT,2026-01-26 06:13:31.073800+00:00
2024-11-15 00:00:00-05:00,415.91324532993855,418.86549468955633,409.79076244428035,411.1380920410156,28247600,0.0,0.0,MSFT,2026-01-26 06:13:31.073800+00:00
2024-11-18 00:00:00-05:00,411.00928939667125,414.5064386408341,408.26507740364855,411.8910217285156,24727000,0.0,0.0,MSFT,2026-01-26 06:13:31.073800+00:00
2024-11-19 00:00:00-05:00,409.2656885605185,414.0507587358417,407.7202079437107,413.90216064453125,18133500,0.0,0.0,MSFT,2026-01-26 06:13:31.073800+00:00
2024-11-20 00:00:00-05:00,412.9906980283946,413.40680290697327,406.7592228682752,411.62353515625,19191700,0.0,0.0,MSFT,2026-01-26 06:13:31.073800+00:00
2024-11-21 00:00:00-05:00,416.4281041493026,416.70605256605285,407.28555520801666,409.8466491699219,20780200,0.83,0.0,MSFT,2026-01-26 06:13:31.073800+00:00
2024-11-22 00:00:00-05:00,408.35760329128635,414.3434454251094,408.04987579157546,413.9463806152344,24814600,0.0,0.0,MSFT,2026-01-26 06:13:31.073800+00:00
2024-11-25 00:00:00-05:00,415.3163263155851,417.9965368019756,411.81217671998786,415.72332763671875,27691100,0.0,0.0,MSFT,2026-01-26 06:13:31.073800+00:00
2024-11-26 00:00:00-05:00,416.5174436728799,425.89825580258685,415.78287220202776,424.8559265136719,23458900,0.0,0.0,MSFT,2026-01-26 06:13:31.073800+00:00
2024-11-27 00:00:00-05:00,421.9969878965425,424.10148899734514,418.929618998767,419.89251708984375,18332400,0.0,0.0,MSFT,2026-01-26 06:13:31.073800+00:00
2024-11-29 00:00:00-05:00,417.0137525773511,421.76868474809675,414.7405133546205,420.35906982421875,16271900,0.0,0.0,MSFT,2026-01-26 06:13:31.073800+00:00
2024-12-02 00:00:00-05:00,418.48293944626425,429.82923270647603,418.22483367708463,427.82403564453125,20207200,0.0,0.0,MSFT,2026-01-26 06:13:31.073800+00:00
2024-12-03 00:00:00-05:00,426.69236269283573,429.30310856781665,424.6077345204632,428.04241943359375,18302000,0.0,0.0,MSFT,2026-01-26 06:13:31.073800+00:00
2024-12-04 00:00:00-05:00,429.8589906240061,436.45038152660425,429.46192581768037,434.21685791015625,26009400,0.0,0.0,MSFT,2026-01-26 06:13:31.073800+00:00
2024-12-05 00:00:00-05:00,434.71324963786515,441.40388483943747,432.9760643904688,439.3788146972656,21697800,0.0,0.0,MSFT,2026-01-26 06:13:31.073800+00:00
2024-12-06 00:00:00-05:00,439.0611493611207,442.83334120617906,438.5350316138442,440.3218688964844,18821000,0.0,0.0,MSFT,2026-01-26 06:13:31.073800+00:00
2024-12-09 00:00:00-05:00,439.3589669421711,445.04698832633716,437.27433861074473,442.75390625,19144400,0.0,0.0,MSFT,2026-01-26 06:13:31.073800+00:00
2024-12-10 00:00:00-05:00,441.1358533918597,446.32753597079886,438.3662754088612,440.0835876464844,18469500,0.0,0.0,MSFT,2026-01-26 06:13:31.073800+00:00
2024-12-11 00:00:00-05:00,440.79832040277716,447.05220524938716,440.79832040277716,445.7021484375,19200200,0.0,0.0,MSFT,2026-01-26 06:13:31.073800+00:00
2024-12-12 00:00:00-05:00,445.8212579806136,452.8196506561494,445.8212579806136,446.2679748535156,20834800,0.0,0.0,MSFT,2026-01-26 06:13:31.073800+00:00
2024-12-13 00:00:00-05:00,445.15616611270633,448.124261247401,442.3170935669994,443.9947204589844,20177800,0.0,0.0,MSFT,2026-01-26 06:13:31.073800+00:00
2024-12-16 00:00:00-05:00,443.99473862109255,448.86878750909034,442.01932060586137,448.2831115722656,23598800,0.0,0.0,MSFT,2026-01-26 06:13:31.073800+00:00
2024-12-17 00:00:00-05:00,447.70736185197006,451.9560191338881,446.2779042343056,451.132080078125,22733500,0.0,0.0,MSFT,2026-01-26 06:13:31.073800+00:00
2024-12-18 00:00:00-05:00,448.015058169262,449.33530544806223,433.8197567617204,434.18707275390625,24444500,0.0,0.0,MSFT,2026-01-26 06:13:31.073800+00:00
2024-12-19 00:00:00-05:00,438.38612742715867,439.9347015317489,433.12495005824394,433.8297424316406,22963700,0.0,0.0,MSFT,2026-01-26 06:13:31.073800+00:00
2024-12-20 00:00:00-05:00,429.93845914028344,440.4906238895222,425.49128413888167,433.4029235839844,64263700,0.0,0.0,MSFT,2026-01-26 06:13:31.073800+00:00
2024-12-23 00:00:00-05:00,433.54182345000305,434.44516332232695,429.6604520270257,432.062744140625,19152500,0.0,0.0,MSFT,2026-01-26 06:13:31.073800+00:00
2024-12-24 00:00:00-05:00,431.4671622449362,436.3809267682004,431.0105391906017,436.1128845214844,7164500,0.0,0.0,MSFT,2026-01-26 06:13:31.073800+00:00
2024-12-26 00:00:00-05:00,435.8646925313124,437.7110878799943,433.43265156283826,434.90179443359375,8194200,0.0,0.0,MSFT,2026-01-26 06:13:31.073800+00:00
2024-12-27 00:00:00-05:00,431.4175228637617,432.0329778888151,423.2279358558446,427.3773193359375,18117700,0.0,0.0,MSFT,2026-01-26 06:13:31.073800+00:00
2024-12-30 00:00:00-05:00,422.9400590771193,424.41913845880714,418.8105181563676,421.71905517578125,13158700,0.0,0.0,MSFT,2026-01-26 06:13:31.073800+00:00
2024-12-31 00:00:00-05:00,422.97977346202197,423.6051649635355,417.5796069111211,418.4134521484375,13246500,0.0,0.0,MSFT,2026-01-26 06:13:31.073800+00:00
2025-01-02 00:00:00-05:00,422.4139505741353,422.9500047735069,411.81216477472935,415.51483154296875,16896500,0.0,0.0,MSFT,2026-01-26 06:13:31.073800+00:00
2025-01-03 00:00:00-05:00,417.996542116602,420.92495225496697,416.4678408938124,420.24993896484375,16662900,0.0,0.0,MSFT,2026-01-26 06:13:31.073800+00:00
2025-01-06 00:00:00-05:00,424.8658449852562,431.1395722098291,422.36430932720185,424.7169494628906,20573600,0.0,0.0,MSFT,2026-01-26 06:13:31.073800+00:00
2025-01-07 00:00:00-05:00,425.85855484956164,427.49646630939253,417.7185890028598,419.277099609375,18139100,0.0,0.0,MSFT,2026-01-26 06:13:31.073800+00:00
2025-01-08 00:00:00-05:00,420.35909877353964,423.84340560662326,418.4531754229048,421.4510498046875,15054600,0.0,0.0,MSFT,2026-01-26 06:13:31.073800+00:00
2025-01-10 00:00:00-05:00,421.52050962504774,421.59991046888086,411.98086631184646,415.8821105957031,20201100,0.0,0.0,MSFT,2026-01-26 06:13:31.073800+00:00
2025-01-13 00:00:00-05:00,412.19927707865725,415.4354144937977,409.2708974707551,414.135009765625,17604800,0.0,0.0,MSFT,2026-01-26 06:13:31.073800+00:00
2025-01-14 00:00:00-05:00,414.7504731982745,416.6663329915462,407.7123952362894,412.62615966796875,16935900,0.0,0.0,MSFT,2026-01-26 06:13:31.073800+00:00
2025-01-15 00:00:00-05:00,416.06081709812753,425.01475491103537,415.20709891745935,423.188232421875,19637800,0.0,0.0,MSFT,2026-01-26 06:13:31.073800+00:00
2025-01-16 00:00:00-05:00,425.56071106349873,426.34490420898106,421.2822749228641,421.4708557128906,15300000,0.0,0.0,MSFT,2026-01-26 06:13:31.073800+00:00
2025-01-17 00:00:00-05:00,430.91124996405387,431.29840862027794,425.0346177976779,425.8883056640625,26197500,0.0,0.0,MSFT,2026-01-26 06:13:31.073800+00:00
2025-01-21 00:00:00-05:00,427.04974598441896,427.74460185190514,422.4834247796493,425.3621826171875,26085700,0.0,0.0,MSFT,2026-01-26 06:13:31.073800+00:00
2025-01-22 00:00:00-05:00,434.3558409675422,443.9947282693763,432.8072669314077,442.9325866699219,27803800,0.0,0.0,MSFT,2026-01-26 06:13:31.073800+00:00
2025-01-23 00:00:00-05:00,438.76337163669416,443.4785888658215,438.26703298099653,443.4388732910156,18389300,0.0,0.0,MSFT,2026-01-26 06:13:31.073800+00:00
2025-01-24 00:00:00-05:00,441.9002090925553,443.37928850377745,438.16773293128523,440.8082580566406,15549500,0.0,0.0,MSFT,2026-01-26 06:13:31.073800+00:00
2025-01-27 00:00:00-05:00,420.90507512895306,432.01313557520695,420.39880005578783,431.3778076171875,35647800,0.0,0.0,MSFT,2026-01-26 06:13:31.073800+00:00
2025-01-28 00:00:00-05:00,431.4175234893937,445.0966142937209,428.2211016468738,443.9252624511719,23491700,0.0,0.0,MSFT,2026-01-26 06:13:31.073800+00:00
2025-01-29 00:00:00-05:00,443.41900040059096,443.60761150041753,437.17505205552743,439.0909118652344,23581400,0.0,0.0,MSFT,2026-01-26 06:13:31.073800+00:00
2025-01-30 00:00:00-05:00,415.7034295288443,419.7634757332681,410.1345248522129,411.95111083984375,54586300,0.0,0.0,MSFT,2026-01-26 06:13:31.073800+00:00
2025-01-31 00:00:00-05:00,415.911907348454,417.60937689111034,411.87170384291437,412.0205993652344,34161900,0.0,0.0,MSFT,2026-01-26 06:13:31.073800+00:00
2025-02-03 00:00:00-05:00,408.5859935358612,412.368091725276,405.6675197732108,407.9109802246094,25679100,0.0,0.0,MSFT,2026-01-26 06:13:31.073800+00:00
2025-02-04 00:00:00-05:00,409.6679752687522,410.8889791877868,406.739565274027,409.3503112792969,20532100,0.0,0.0,MSFT,2026-01-26 06:13:31.073800+00:00
2025-02-05 00:00:00-05:00,409.33049175194867,410.7996347714461,407.3947588943965,410.26361083984375,16316700,0.0,0.0,MSFT,2026-01-26 06:13:31.073800+00:00
2025-02-06 00:00:00-05:00,410.9684054782215,415.1376622891217,410.9684054782215,412.77508544921875,16309800,0.0,0.0,MSFT,2026-01-26 06:13:31.073800+00:00
2025-02-07 00:00:00-05:00,413.4302096384315,415.58430218979566,405.1115698860282,406.7494812011719,22886800,0.0,0.0,MSFT,2026-01-26 06:13:31.073800+00:00
2025-02-10 00:00:00-05:00,410.6804954197058,412.41768060214906,407.91094771202364,409.201416015625,20817900,0.0,0.0,MSFT,2026-01-26 06:13:31.073800+00:00
2025-02-11 00:00:00-05:00,406.64031711794166,409.4694230026259,406.30278019920314,408.4271240234375,18140600,0.0,0.0,MSFT,2026-01-26 06:13:31.073800+00:00
2025-02-12 00:00:00-05:00,404.22806155020925,407.7421472112012,401.40886202523427,406.044677734375,19121700,0.0,0.0,MSFT,2026-01-26 06:13:31.073800+00:00
2025-02-13 00:00:00-05:00,404.0196057632089,407.99031441935836,403.38427783705555,407.53369140625,23891700,0.0,0.0,MSFT,2026-01-26 06:13:31.073800+00:00
2025-02-14 00:00:00-05:00,404.80385028408716,405.91564391864586,402.9078331667541,405.43914794921875,22758500,0.0,0.0,MSFT,2026-01-26 06:13:31.073800+00:00
2025-02-18 00:00:00-05:00,405.01228421128855,407.59325090478893,403.52326846051176,406.6402893066406,21423100,0.0,0.0,MSFT,2026-01-26 06:13:31.073800+00:00
2025-02-19 00:00:00-05:00,404.89319663470326,412.44745587382107,404.66486996411237,411.73272705078125,24114200,0.0,0.0,MSFT,2026-01-26 06:13:31.073800+00:00
2025-02-20 00:00:00-05:00,413.0755545581438,417.07410775463984,410.3402184035009,413.91107177734375,23508700,0.83,0.0,MSFT,2026-01-26 06:13:31.073800+00:00
2025-02-21 00:00:00-05:00,415.11458446579724,415.8207899827264,405.71499358869687,406.03326416015625,27524800,0.0,0.0,MSFT,2026-01-26 06:13:31.073800+00:00
2025-02-24 00:00:00-05:00,406.3316636333371,407.1870631835248,397.1906661264377,401.845703125,26443700,0.0,0.0,MSFT,2026-01-26 06:13:31.073800+00:00
2025-02-25 00:00:00-05:00,398.9612079589026,399.77684273234365,394.58467628789543,395.77825927734375,29387400,0.0,0.0,MSFT,2026-01-26 06:13:31.073800+00:00
2025-02-26 00:00:00-05:00,395.8876811696496,401.4478696916858,392.1477210913464,397.5985107421875,19619000,0.0,0.0,MSFT,2026-01-26 06:13:31.073800+00:00
2025-02-27 00:00:00-05:00,399.13027515598884,403.5764407452776,390.0788238664077,390.4368896484375,21127400,0.0,0.0,MSFT,2026-01-26 06:13:31.073800+00:00
2025-02-28 00:00:00-05:00,390.5662102627109,395.50970978817173,384.50868780557136,394.87310791015625,32845700,0.0,0.0,MSFT,2026-01-26 06:13:31.073800+00:00
2025-03-03 00:00:00-05:00,396.69339168929787,396.69339168929787,384.10089457458224,386.41845703125,23007700,0.0,0.0,MSFT,2026-01-26 06:13:31.073800+00:00
2025-03-04 00:00:00-05:00,381.3555708063787,390.48661254503907,378.9683745181786,386.53778076171875,29342900,0.0,0.0,MSFT,2026-01-26 06:13:31.073800+00:00
2025-03-05 00:00:00-05:00,387.2639110911412,399.52818059067016,386.73673843465946,398.8816223144531,23433100,0.0,0.0,MSFT,2026-01-26 06:13:31.073800+00:00
2025-03-06 00:00:00-05:00,392.1775528184261,400.00558222724027,390.5860785359009,394.7736511230469,23304600,0.0,0.0,MSFT,2026-01-26 06:13:31.073800+00:00
2025-03-07 00:00:00-05:00,390.2280267594304,392.6947831487431,383.4841811851977,391.2127380371094,22034100,0.0,0.0,MSFT,2026-01-26 06:13:31.073800+00:00
2025-03-10 00:00:00-04:00,383.7825787420743,384.3395902213564,375.20854809150063,378.13287353515625,32840100,0.0,0.0,MSFT,2026-01-26 06:13:31.073800+00:00
2025-03-11 00:00:00-04:00,376.9790454259089,383.9417190881288,374.900193646485,378.42132568359375,30380200,0.0,0.0,MSFT,2026-01-26 06:13:31.073800+00:00
2025-03-12 00:00:00-04:00,380.9079867475423,383.1658713736677,376.92931616803475,381.22625732421875,24253600,0.0,0.0,MSFT,2026-01-26 06:13:31.073800+00:00
2025-03-13 00:00:00-04:00,381.11688044146297,383.2653663209318,375.4373363609022,376.7502746582031,20473000,0.0,0.0,MSFT,2026-01-26 06:13:31.073800+00:00
2025-03-14 00:00:00-04:00,377.7548866940246,388.1491759928466,377.48633735073093,386.4880676269531,19952800,0.0,0.0,MSFT,2026-01-26 06:13:31.073800+00:00
2025-03-17 00:00:00-04:00,384.6379840789578,390.61591588488574,383.5140048019888,386.6273193359375,22474300,0.0,0.0,MSFT,2026-01-26 06:13:31.073800+00:00
2025-03-18 00:00:00-04:00,385.0060336134189,385.3044217812384,379.06786623501773,381.4749450683594,19486900,0.0,0.0,MSFT,2026-01-26 06:13:31.073800+00:00
2025-03-19 00:00:00-04:00,383.47421674907764,387.6020814133235,381.9523764633006,385.75201416015625,19185500,0.0,0.0,MSFT,2026-01-26 06:13:31.073800+00:00
2025-03-20 00:00:00-04:00,383.68311164841384,389.70086948967395,381.2362375881449,384.7772521972656,18470500,0.0,0.0,MSFT,2026-01-26 06:13:31.073800+00:00
2025-03-21 00:00:00-04:00,381.1765391094654,389.65109658333733,380.7587653391681,389.1736755371094,39675900,0.0,0.0,MSFT,2026-01-26 06:13:31.073800+00:00
2025-03-24 00:00:00-04:00,393.2916146921325,393.2916146921325,387.7314257194749,390.9839782714844,21004500,0.0,0.0,MSFT,2026-01-26 06:13:31.073800+00:00
2025-03-25 00:00:00-04:00,391.8194783223531,394.2464393645113,390.5463049956332,393.0528564453125,15775000,0.0,0.0,MSFT,2026-01-26 06:13:31.073800+00:00
2025-03-26 00:00:00-04:00,392.89371036762657,393.2020549018058,386.4980048485776,387.8905334472656,16108400,0.0,0.0,MSFT,2026-01-26 06:13:31.073800+00:00
2025-03-27 00:00:00-04:00,388.0497321808232,390.1484665522675,385.3342783094565,388.497314453125,13766800,0.0,0.0,MSFT,2026-01-26 06:13:31.073800+00:00
2025-03-28 00:00:00-04:00,386.01063609307533,387.0550554138024,374.9200970667492,376.7801208496094,21632000,0.0,0.0,MSFT,2026-01-26 06:13:31.073800+00:00
2025-03-31 00:00:00-04:00,370.5534967757106,375.0593400396717,365.28173999012597,373.3883056640625,35184700,0.0,0.0,MSFT,2026-01-26 06:13:31.073800+00:00
2025-04-01 00:00:00-04:00,372.65223585591366,380.80852287787553,371.2398247656492,380.15203857421875,19689500,0.0,0.0,MSFT,2026-01-26 06:13:31.073800+00:00
2025-04-02 00:00:00-04:00,375.95454781806535,383.0266205201498,374.6117403662579,380.1023254394531,16092600,0.0,0.0,MSFT,2026-01-26 06:13:31.073800+00:00
2025-04-03 00:00:00-04:00,372.7915176951189,375.4671762502354,367.3805229509676,371.1204528808594,30198000,0.0,0.0,MSFT,2026-01-26 06:13:31.073800+00:00
2025-04-04 00:00:00-04:00,362.1883363320907,372.5925514540549,357.5631378295283,357.92120361328125,49209900,0.0,0.0,MSFT,2026-01-26 06:13:31.073800+00:00
2025-04-07 00:00:00-04:00,349.00902084094025,369.021730877009,342.9514979578054,355.9517822265625,50425000,0.0,0.0,MSFT,2026-01-26 06:13:31.073800+00:00
2025-04-08 00:00:00-04:00,366.2963637047226,371.65760721529676,348.38238740402795,352.6694030761719,35868900,0.0,0.0,MSFT,2026-01-26 06:13:31.073800+00:00
2025-04-09 00:00:00-04:00,351.6547953803853,391.1331552543464,351.21713920354574,388.4077453613281,50199700,0.0,0.0,MSFT,2026-01-26 06:13:31.073800+00:00
2025-04-10 00:00:00-04:00,380.02273387837465,381.85291877896515,365.838762955237,379.3165283203125,38024400,0.0,0.0,MSFT,2026-01-26 06:13:31.073800+00:00
2025-04-11 00:00:00-04:00,378.61031016462425,387.97010607095405,376.86964177115533,386.378662109375,23839200,0.0,0.0,MSFT,2026-01-26 06:13:31.073800+00:00
2025-04-14 00:00:00-04:00,391.1232211496066,392.54558862795363,382.1612557582716,385.7420654296875,19251200,0.0,0.0,MSFT,2026-01-26 06:13:31.073800+00:00
2025-04-15 00:00:00-04:00,386.4383315419063,389.80031299588615,382.11152127039287,383.67315673828125,17199900,0.0,0.0,MSFT,2026-01-26 06:13:31.073800+00:00
2025-04-16 00:00:00-04:00,378.6401657518634,379.5751254610235,366.0377126687907,369.6284484863281,21967800,0.0,0.0,MSFT,2026-01-26 06:13:31.073800+00:00
2025-04-17 00:00:00-04:00,371.757014425277,372.32398224080106,364.9336092793292,365.81884765625,21120200,0.0,0.0,MSFT,2026-01-26 06:13:31.073800+00:00
2025-04-21 00:00:00-04:00,360.88533011613976,362.5364820854384,353.7734623702264,357.2050476074219,20807300,0.0,0.0,MSFT,2026-01-26 06:13:31.073800+00:00
2025-04-22 00:00:00-04:00,361.44235434917846,365.80892977570767,357.94110461161955,364.864013671875,19485000,0.0,0.0,MSFT,2026-01-26 06:13:31.073800+00:00
2025-04-23 00:00:00-04:00,374.05472426245655,378.3616523034824,371.0309260243866,372.3936462402344,20545500,0.0,0.0,MSFT,2026-01-26 06:13:31.073800+00:00
2025-04-24 00:00:00-04:00,373.696621578229,386.37863321068227,373.18933139938025,385.2347412109375,22232300,0.0,0.0,MSFT,2026-01-26 06:13:31.073800+00:00
2025-04-25 00:00:00-04:00,384.93638434344297,390.068873110604,382.54918803088736,389.7605285644531,18973200,0.0,0.0,MSFT,2026-01-26 06:13:31.073800+00:00
2025-04-28 00:00:00-04:00,389.86991018310994,390.6457497092271,384.5783015368256,389.0741882324219,16579400,0.0,0.0,MSFT,2026-01-26 06:13:31.073800+00:00
2025-04-29 00:00:00-04:00,389.2134328165618,392.99318803647833,388.2983555925269,391.9388427734375,14974000,0.0,0.0,MSFT,2026-01-26 06:13:31.073800+00:00
2025-04-30 00:00:00-04:00,388.21877036685504,394.54487238441686,382.39003252749313,393.15234375,36461100,0.0,0.0,MSFT,2026-01-26 06:13:31.073800+00:00
2025-05-01 00:00:00-04:00,428.81116623183453,434.65981700987567,422.6342884776108,423.1316223144531,58938100,0.0,0.0,MSFT,2026-01-26 06:13:31.073800+00:00
2025-05-02 00:00:00-04:00,429.43779144193553,437.0967443095362,427.69712309519423,432.95892333984375,30757400,0.0,0.0,MSFT,2026-01-26 06:13:31.073800+00:00
2025-05-05 00:00:00-04:00,430.5617862640975,437.15643772408293,429.80582912695047,433.8442077636719,20136100,0.0,0.0,MSFT,2026-01-26 06:13:31.073800+00:00
2025-05-06 00:00:00-04:00,429.8953841273505,435.39589519237757,428.8708776295015,430.99945068359375,15104200,0.0,0.0,MSFT,2026-01-26 06:13:31.073800+00:00
2025-05-07 00:00:00-04:00,431.5266230555768,435.7837995157977,428.8111693588705,431.03924560546875,23295300,0.0,0.0,MSFT,2026-01-26 06:13:31.073800+00:00
2025-05-08 00:00:00-04:00,435.5947857400273,441.3041985489404,433.3369011589759,435.8335266113281,23491300,0.0,0.0,MSFT,2026-01-26 06:13:31.073800+00:00
2025-05-09 00:00:00-04:00,437.6537809958818,438.38982536855053,433.55575499424157,436.39056396484375,15324200,0.0,0.0,MSFT,2026-01-26 06:13:31.073800+00:00
2025-05-12 00:00:00-04:00,443.5621064267163,446.9738092745622,437.43494989219903,446.8644104003906,22821900,0.0,0.0,MSFT,2026-01-26 06:13:31.073800+00:00
2025-05-13 00:00:00-04:00,445.392292323668,448.2668964878236,442.9851831830833,446.74505615234375,23618800,0.0,0.0,MSFT,2026-01-26 06:13:31.073800+00:00
2025-05-14 00:00:00-04:00,445.75035736922496,451.47962216221697,445.75035736922496,450.5247497558594,19902800,0.0,0.0,MSFT,2026-01-26 06:13:31.073800+00:00
2025-05-15 00:00:00-04:00,449.1894881249397,454.5904977674882,448.85068389062144,451.5412292480469,21992300,0.83,0.0,MSFT,2026-01-26 06:13:31.073800+00:00
2025-05-16 00:00:00-04:00,450.4649678139624,452.7668658429008,447.15663182075053,452.67718505859375,23849800,0.0,0.0,MSFT,2026-01-26 06:13:31.073800+00:00
2025-05-19 00:00:00-04:00,449.29907263869796,457.9785240250479,449.2193361148497,457.26104736328125,21336500,0.0,0.0,MSFT,2026-01-26 06:13:31.073800+00:00
2025-05-20 00:00:00-04:00,453.9925667897047,456.73292449884485,452.72703072274504,456.56353759765625,15441800,0.0,0.0,MSFT,2026-01-26 06:13:31.073800+00:00
2025-05-21 00:00:00-04:00,452.97617231921885,456.1749087494066,450.2258398312579,450.9831848144531,19216900,0.0,0.0,MSFT,2026-01-26 06:13:31.073800+00:00
2025-05-22 00:00:00-04:00,453.3548479183862,458.63625267798704,452.30851122486644,453.26513671875,18025600,0.0,0.0,MSFT,2026-01-26 06:13:31.073800+00:00
2025-05-23 00:00:00-04:00,448.402251486361,452.09923464302557,447.33599591595265,448.6015319824219,16883500,0.0,0.0,MSFT,2026-01-26 06:13:31.073800+00:00
2025-05-27 00:00:00-04:00,454.87947686866386,459.33380513701957,454.5207233060155,459.07470703125,20974300,0.0,0.0,MSFT,2026-01-26 06:13:31.073800+00:00
2025-05-28 00:00:00-04:00,459.60282918231184,460.8982588383752,455.3278626603832,455.75634765625,17086300,0.0,0.0,MSFT,2026-01-26 06:13:31.073800+00:00
2025-05-29 00:00:00-04:00,459.93167902845283,460.10109634693043,453.71356774793736,457.0717468261719,13974800,0.0,0.0,MSFT,2026-01-26 06:13:31.073800+00:00
2025-05-30 00:00:00-04:00,458.1080789456966,460.06119805700706,453.942742633105,458.7458190917969,34770500,0.0,0.0,MSFT,2026-01-26 06:13:31.073800+00:00
2025-06-02 00:00:00-04:00,455.53716828611505,460.48971303831235,455.2880448481698,460.3502197265625,16626500,0.0,0.0,MSFT,2026-01-26 06:13:31.073800+00:00
2025-06-03 00:00:00-04:00,459.85193916930956,462.51259067234093,459.2440622117471,461.3466796875,15743800,0.0,0.0,MSFT,2026-01-26 06:13:31.073800+00:00
2025-06-04 00:00:00-04:00,462.3730793208357,464.05715611586317,461.3965045417047,462.2435302734375,14162700,0.0,0.0,MSFT,2026-01-26 06:13:31.073800+00:00
2025-06-05 00:00:00-04:00,463.3296970825432,468.00325491639626,462.4029652503908,466.0401611328125,20131700,0.0,0.0,MSFT,2026-01-26 06:13:31.073800+00:00
2025-06-06 00:00:00-04:00,468.4417517005521,471.6803564462113,467.13634729745564,468.7307434082031,15285600,0.0,0.0,MSFT,2026-01-26 06:13:31.073800+00:00
2025-06-09 00:00:00-04:00,468.05311353771793,471.77001565920176,466.9768832876908,471.0924072265625,16469900,0.0,0.0,MSFT,2026-01-26 06:13:31.073800+00:00
2025-06-10 00:00:00-04:00,469.53790223355384,471.14224260725143,465.3227226358238,469.26885986328125,15375900,0.0,0.0,MSFT,2026-01-26 06:13:31.073800+00:00
2025-06-11 00:00:00-04:00,468.37197033665615,473.80287330978865,468.01324719222674,470.9628601074219,16399200,0.0,0.0,MSFT,2026-01-26 06:13:31.073800+00:00
2025-06-12 00:00:00-04:00,473.3544415367432,478.73553201697933,471.8597009390277,477.1909484863281,18950600,0.0,0.0,MSFT,2026-01-26 06:13:31.073800+00:00
2025-06-13 00:00:00-04:00,474.7395752703882,477.4998519181197,471.1023792861798,473.2946472167969,16814500,0.0,0.0,MSFT,2026-01-26 06:13:31.073800+00:00
2025-06-16 00:00:00-04:00,473.5437784887318,479.00457509504827,473.3345233196989,477.46002197265625,15626100,0.0,0.0,MSFT,2026-01-26 06:13:31.073800+00:00
2025-06-17 00:00:00-04:00,473.7331030955977,477.06138843382047,472.4177241014044,476.3638610839844,15414100,0.0,0.0,MSFT,2026-01-26 06:13:31.073800+00:00
2025-06-18 00:00:00-04:00,476.3239856832242,479.313466764918,472.7963894918646,478.5561218261719,17526500,0.0,0.0,MSFT,2026-01-26 06:13:31.073800+00:00
2025-06-20 00:00:00-04:00,480.53918652379775,481.76485435953526,475.1979642712812,475.7261047363281,37576200,0.0,0.0,MSFT,2026-01-26 06:13:31.073800+00:00
2025-06-23 00:00:00-04:00,476.53326469371973,486.0398235242553,470.853268600571,484.29595947265625,24864000,0.0,0.0,MSFT,2026-01-26 06:13:31.073800+00:00
2025-06-24 00:00:00-04:00,487.23560408546166,490.1254297173699,485.0931183138473,488.3915100097656,22305600,0.0,0.0,MSFT,2026-01-26 06:13:31.073800+00:00
2025-06-25 00:00:00-04:00,490.3148017263918,492.8259550719198,487.67409932543603,490.5439758300781,17495100,0.0,0.0,MSFT,2026-01-26 06:13:31.073800+00:00
2025-06-26 00:00:00-04:00,491.2514824256969,496.29373818928514,491.08206511354325,495.705810546875,21578900,0.0,0.0,MSFT,2026-01-26 06:13:31.073800+00:00
2025-06-27 00:00:00-04:00,495.80545117387857,497.54931522943417,491.30131038962224,494.20111083984375,34539200,0.0,0.0,MSFT,2026-01-26 06:13:31.073800+00:00
2025-06-30 00:00:00-04:00,495.2972567719388,499.0042146991214,493.5932305818623,495.66595458984375,28369000,0.0,0.0,MSFT,2026-01-26 06:13:31.073800+00:00
2025-07-01 00:00:00-04:00,494.729222512998,496.30366915943387,489.2584818970934,490.32470703125,19945400,0.0,0.0,MSFT,2026-01-26 06:13:31.073800+00:00
2025-07-02 00:00:00-04:00,488.2719538404123,491.76965656989233,486.98649882219644,489.36810302734375,16319600,0.0,0.0,MSFT,2026-01-26 06:13:31.073800+00:00
2025-07-03 00:00:00-04:00,492.07857999859937,498.3764278450543,491.7098821739863,497.0909423828125,13984800,0.0,0.0,MSFT,2026-01-26 06:13:31.073800+00:00
2025-07-07 00:00:00-04:00,495.6360493014733,497.0012408266234,493.4935938943106,495.974853515625,13981600,0.0,0.0,MSFT,2026-01-26 06:13:31.073800+00:00
2025-07-08 00:00:00-04:00,495.4965138505155,496.4531696907806,492.3774837277821,494.8786926269531,11846600,0.0,0.0,MSFT,2026-01-26 06:13:31.073800+00:00
2025-07-09 00:00:00-04:00,498.54580110123976,505.003091421344,497.98776704512187,501.74456787109375,18659500,0.0,0.0,MSFT,2026-01-26 06:13:31.073800+00:00
2025-07-10 00:00:00-04:00,501.2861517097084,502.67129257213526,496.0047471787155,499.7216796875,16492100,0.0,0.0,MSFT,2026-01-26 06:13:31.073800+00:00
2025-07-11 00:00:00-04:00,496.72220586888017,503.25920197660867,496.05454172265075,501.5552062988281,16459500,0.0,0.0,MSFT,2026-01-26 06:13:31.073800+00:00
2025-07-14 00:00:00-04:00,499.7615155353931,502.2029372942231,499.273243347857,501.2562561035156,12058800,0.0,0.0,MSFT,2026-01-26 06:13:31.073800+00:00
2025-07-15 00:00:00-04:00,501.2562471634966,506.51773265302506,501.027073076573,504.04644775390625,14927200,0.0,0.0,MSFT,2026-01-26 06:13:31.073800+00:00
2025-07-16 00:00:00-04:00,503.40870828332856,504.9433171823036,500.1302657221866,503.84716796875,15154400,0.0,0.0,MSFT,2026-01-26 06:13:31.073800+00:00
2025-07-17 00:00:00-04:00,503.9069415603956,511.5699807689203,503.84715436950415,509.9058532714844,17503100,0.0,0.0,MSFT,2026-01-26 06:13:31.073800+00:00
2025-07-18 00:00:00-04:00,512.6760564474737,512.8355294984256,505.6507880659733,508.2615966796875,21209700,0.0,0.0,MSFT,2026-01-26 06:13:31.073800+00:00
2025-07-21 00:00:00-04:00,504.93334625634344,510.29451797884275,503.777409841716,508.2716064453125,14066800,0.0,0.0,MSFT,2026-01-26 06:13:31.073800+00:00
2025-07-22 00:00:00-04:00,509.1784090675831,509.40761357627605,503.4983825683594,503.4983825683594,13868600,0.0,0.0,MSFT,2026-01-26 06:13:31.073800+00:00
2025-07-23 00:00:00-04:00,504.97317174446385,505.01304000657746,498.94439715180334,504.09625244140625,16396600,0.0,0.0,MSFT,2026-01-26 06:13:31.073800+00:00
2025-07-24 00:00:00-04:00,506.98612743645725,511.86894085644093,505.5212803694045,509.0887451171875,16107000,0.0,0.0,MSFT,2026-01-26 06:13:31.073800+00:00
2025-07-25 00:00:00-04:00,510.67314061143924,516.4727417364818,508.57055332296227,511.9088439941406,19125700,0.0,0.0,MSFT,2026-01-26 06:13:31.073800+00:00
2025-07-28 00:00:00-04:00,512.2775105607909,513.1942677567645,508.3313735189307,510.7030334472656,14308000,0.0,0.0,MSFT,2026-01-26 06:13:31.073800+00:00
2025-07-29 00:00:00-04:00,513.7224399565682,515.8050777848653,509.7663282358281,510.7727966308594,16469200,0.0,0.0,MSFT,2026-01-26 06:13:31.073800+00:00
2025-07-30 00:00:00-04:00,513.3636552782116,514.1409495778635,507.6537656967309,511.4404296875,26380400,0.0,0.0,MSFT,2026-01-26 06:13:31.073800+00:00
2025-07-31 00:00:00-04:00,553.2831833968122,553.5024436401114,530.0350289229713,531.62939453125,51617300,0.0,0.0,MSFT,2026-01-26 06:13:31.073800+00:00
2025-08-01 00:00:00-04:00,533.1241083924594,533.9212911566675,519.0336734352546,522.2722778320312,28977600,0.0,0.0,MSFT,2026-01-26 06:13:31.073800+00:00
2025-08-04 00:00:00-04:00,526.4177481275262,536.3627358241171,526.2782244119826,533.7619018554688,25349000,0.0,0.0,MSFT,2026-01-26 06:13:31.073800+00:00
2025-08-05 00:00:00-04:00,535.2964641743647,535.41603854948,525.3913146279989,525.8995361328125,19171600,0.0,0.0,MSFT,2026-01-26 06:13:31.073800+00:00
2025-08-06 00:00:00-04:00,529.0385508551038,529.8357336828143,522.1926437275052,523.0994262695312,21355700,0.0,0.0,MSFT,2026-01-26 06:13:31.073800+00:00
2025-08-07 00:00:00-04:00,524.9528573399085,526.2383731099006,515.735290819572,519.0137939453125,16079100,0.0,0.0,MSFT,2026-01-26 06:13:31.073800+00:00
2025-08-08 00:00:00-04:00,520.7676288144971,522.8204035830947,517.5888112007746,520.2095947265625,15531000,0.0,0.0,MSFT,2026-01-26 06:13:31.073800+00:00
2025-08-11 00:00:00-04:00,520.4686618064882,525.7401525514866,517.8976909591346,519.9405517578125,20194400,0.0,0.0,MSFT,2026-01-26 06:13:31.073800+00:00
2025-08-12 00:00:00-04:00,521.9135974657331,529.1182277589118,520.8672912006765,527.3843383789062,18667000,0.0,0.0,MSFT,2026-01-26 06:13:31.073800+00:00
2025-08-13 00:00:00-04:00,530.244240271181,530.8321983067945,517.5489204522431,518.7546997070312,19619200,0.0,0.0,MSFT,2026-01-26 06:13:31.073800+00:00
2025-08-14 00:00:00-04:00,520.7277467800332,524.1058750288076,518.3162490497452,520.6480102539062,20269100,0.0,0.0,MSFT,2026-01-26 06:13:31.073800+00:00
2025-08-15 00:00:00-04:00,520.9370505811125,524.255330935539,517.2599862571353,518.3461303710938,25213300,0.0,0.0,MSFT,2026-01-26 06:13:31.073800+00:00
2025-08-18 00:00:00-04:00,519.7611730136332,520.9868407954262,512.2177084457264,515.286865234375,23760600,0.0,0.0,MSFT,2026-01-26 06:13:31.073800+00:00
2025-08-19 00:00:00-04:00,513.1942782099028,513.3536904476517,506.7668813962475,507.98260498046875,21481000,0.0,0.0,MSFT,2026-01-26 06:13:31.073800+00:00
2025-08-20 00:00:00-04:00,508.0822507382742,509.2082935133009,502.6712971096552,503.9468078613281,27723000,0.0,0.0,MSFT,2026-01-26 06:13:31.073800+00:00
2025-08-21 00:00:00-04:00,502.74904380636957,506.68168580920974,501.7808546744913,503.2980041503906,18443300,0.83,0.0,MSFT,2026-01-26 06:13:31.073800+00:00
2025-08-22 00:00:00-04:00,503.3079962424447,509.77590173606455,501.471437254012,506.2824401855469,24324200,0.0,0.0,MSFT,2026-01-26 06:13:31.073800+00:00
2025-08-25 00:00:00-04:00,505.6835608535286,507.2406441544574,503.1782400793436,503.3179931640625,21638600,0.0,0.0,MSFT,2026-01-26 06:13:31.073800+00:00
2025-08-26 00:00:00-04:00,503.4177851675948,504.0366525259624,497.5787379824689,501.1021423339844,30835700,0.0,0.0,MSFT,2026-01-26 06:13:31.073800+00:00
2025-08-27 00:00:00-04:00,501.06219963605827,506.34232576675964,498.96611661319633,505.7933349609375,17277900,0.0,0.0,MSFT,2026-01-26 06:13:31.073800+00:00
2025-08-28 00:00:00-04:00,506.1426727693108,510.1352001425548,504.5556467937143,508.68792724609375,18015600,0.0,0.0,MSFT,2026-01-26 06:13:31.073800+00:00
2025-08-29 00:00:00-04:00,507.7097597194238,508.64800611235046,503.5475364264987,505.7434387207031,20961600,0.0,0.0,MSFT,2026-01-26 06:13:31.073800+00:00
2025-09-02 00:00:00-04:00,499.53505401941584,505.0547219959289,495.88188775050133,504.1763610839844,18128000,0.0,0.0,MSFT,2026-01-26 06:13:31.073800+00:00
2025-09-03 00:00:00-04:00,502.8488615493355,506.8413890153064,501.3816064871684,504.40594482421875,16345100,0.0,0.0,MSFT,2026-01-26 06:13:31.073800+00:00
2025-09-04 00:00:00-04:00,503.3578996917829,507.20071355848035,502.2100541109688,507.02105712890625,15509500,0.0,0.0,MSFT,2026-01-26 06:13:31.073800+00:00
2025-09-05 00:00:00-04:00,508.11900990545524,511.0135863020471,491.4501951138555,494.0752868652344,31994800,0.0,0.0,MSFT,2026-01-26 06:13:31.073800+00:00
2025-09-08 00:00:00-04:00,497.1794589519428,500.26371328397477,494.10522614671714,497.2693176269531,16771000,0.0,0.0,MSFT,2026-01-26 06:13:31.073800+00:00
2025-09-09 00:00:00-04:00,500.4932596555404,501.3117351050236,496.77024724997165,497.4789123535156,14410500,0.0,0.0,MSFT,2026-01-26 06:13:31.073800+00:00
2025-09-10 00:00:00-04:00,502.04038173392,502.2899147028095,495.7920664455459,499.43524169921875,21611800,0.0,0.0,MSFT,2026-01-26 06:13:31.073800+00:00
2025-09-11 00:00:00-04:00,501.31173995388707,502.2300346920423,496.9499084839274,500.0740661621094,18881600,0.0,0.0,MSFT,2026-01-26 06:13:31.073800+00:00
2025-09-12 00:00:00-04:00,505.70352006176233,511.59249216822343,502.9087629314118,508.94744873046875,23624900,0.0,0.0,MSFT,2026-01-26 06:13:31.073800+00:00
2025-09-15 00:00:00-04:00,507.8395136770829,514.5069966795595,506.05284913244947,514.397216796875,17143800,0.0,0.0,MSFT,2026-01-26 06:13:31.073800+00:00
2025-09-16 00:00:00-04:00,515.9144004162443,516.2637221986186,507.64986983793983,508.08905029296875,19711900,0.0,0.0,MSFT,2026-01-26 06:13:31.073800+00:00
2025-09-17 00:00:00-04:00,509.6660849144807,510.33484666258875,504.9848440594251,509.06719970703125,15816600,0.0,0.0,MSFT,2026-01-26 06:13:31.073800+00:00
2025-09-18 00:00:00-04:00,510.5344514878828,512.1115168727503,506.71161989545686,507.5001525878906,18913700,0.0,0.0,MSFT,2026-01-26 06:13:31.073800+00:00
2025-09-19 00:00:00-04:00,509.6061757592278,518.3298380532008,509.35664280609984,516.96240234375,52474100,0.0,0.0,MSFT,2026-01-26 06:13:31.073800+00:00
2025-09-22 00:00:00-04:00,514.6268375894382,516.772784556969,511.5824866494396,513.4889526367188,20009300,0.0,0.0,MSFT,2026-01-26 06:13:31.073800+00:00
2025-09-23 00:00:00-04:00,512.8401566617626,513.6287198501773,506.3622903955001,508.2787170410156,19799600,0.0,0.0,MSFT,2026-01-26 06:13:31.073800+00:00
2025-09-24 00:00:00-04:00,509.4265417419943,511.5225942719762,505.9730140478167,509.19696044921875,13533700,0.0,0.0,MSFT,2026-01-26 06:13:31.073800+00:00
2025-09-25 00:00:00-04:00,507.3504106819217,509.0572380888419,504.09652154158834,506.0827941894531,15786500,0.0,0.0,MSFT,2026-01-26 06:13:31.073800+00:00
2025-09-26 00:00:00-04:00,509.1071380786861,512.9798945996346,505.67356201643696,510.5045166015625,16213100,0.0,0.0,MSFT,2026-01-26 06:13:31.073800+00:00
2025-09-29 00:00:00-04:00,510.5444265624633,515.8844074376258,507.9293260645142,513.6386108398438,17617800,0.0,0.0,MSFT,2026-01-26 06:13:31.073800+00:00
2025-09-30 00:00:00-04:00,512.2811987663596,517.1919905812645,508.70790002171145,516.982421875,19728200,0.0,0.0,MSFT,2026-01-26 06:13:31.073800+00:00
2025-10-01 00:00:00-04:00,513.8382741479315,519.5376290534263,510.7340986553811,518.7391357421875,22632300,0.0,0.0,MSFT,2026-01-26 06:13:31.073800+00:00
2025-10-02 00:00:00-04:00,516.6730253227585,520.625588764222,509.7260051791023,514.7765502929688,21222900,0.0,0.0,MSFT,2026-01-26 06:13:31.073800+00:00
2025-10-03 00:00:00-04:00,516.1339509263171,519.5176324904353,514.0378984273964,516.3834838867188,15112300,0.0,0.0,MSFT,2026-01-26 06:13:31.073800+00:00
2025-10-06 00:00:00-04:00,517.6411650074094,530.0380069481532,517.2319577376861,527.5825805664062,21388600,0.0,0.0,MSFT,2026-01-26 06:13:31.073800+00:00
2025-10-07 00:00:00-04:00,527.3030443984364,528.8102332144322,520.4658657072805,523.0010986328125,14615200,0.0,0.0,MSFT,2026-01-26 06:13:31.073800+00:00
2025-10-08 00:00:00-04:00,522.3024933531,525.9656203925812,522.1128458539913,523.8695068359375,13363400,0.0,0.0,MSFT,2026-01-26 06:13:31.073800+00:00
2025-10-09 00:00:00-04:00,521.3642478231245,523.3505205733983,516.4334737589328,521.4241333007812,18343600,0.0,0.0,MSFT,2026-01-26 06:13:31.073800+00:00
2025-10-10 00:00:00-04:00,518.6692706129455,522.6019127014883,508.6779606337136,510.0054626464844,24133800,0.0,0.0,MSFT,2026-01-26 06:13:31.073800+00:00
2025-10-13 00:00:00-04:00,515.4452371680482,515.4452371680482,510.7240930552238,513.0896606445312,14284200,0.0,0.0,MSFT,2026-01-26 06:13:31.073800+00:00
2025-10-14 00:00:00-04:00,509.2768388871209,514.3174231454748,505.05473007895694,512.610595703125,14684300,0.0,0.0,MSFT,2026-01-26 06:13:31.073800+00:00
2025-10-15 00:00:00-04:00,513.9979961583023,516.2238106749688,509.04724028199115,512.4708251953125,14694700,0.0,0.0,MSFT,2026-01-26 06:13:31.073800+00:00
2025-10-16 00:00:00-04:00,511.62245544117155,515.884437136842,507.1807563967364,510.65423583984375,15559600,0.0,0.0,MSFT,2026-01-26 06:13:31.073800+00:00
2025-10-17 00:00:00-04:00,508.0890780500653,514.5170195527368,506.3622988729776,512.62060546875,19867800,0.0,0.0,MSFT,2026-01-26 06:13:31.073800+00:00
2025-10-20 00:00:00-04:00,513.6486038577511,517.730989827423,512.4708156147512,515.8245239257812,14665600,0.0,0.0,MSFT,2026-01-26 06:13:31.073800+00:00
2025-10-21 00:00:00-04:00,516.533257830336,517.7210372272165,512.0815676283437,516.6929321289062,15586200,0.0,0.0,MSFT,2026-01-26 06:13:31.073800+00:00
2025-10-22 00:00:00-04:00,520.1764726871388,524.2488070435115,516.7428964573043,519.5675659179688,18962700,0.0,0.0,MSFT,2026-01-26 06:13:31.073800+00:00
2025-10-23 00:00:00-04:00,521.4839993377199,522.9712060783663,517.6411550810741,519.5875244140625,14023500,0.0,0.0,MSFT,2026-01-26 06:13:31.073800+00:00
2025-10-24 00:00:00-04:00,521.8133604589415,524.3685757173844,519.7372899447384,522.6318359375,15532400,0.0,0.0,MSFT,2026-01-26 06:13:31.073800+00:00
2025-10-27 00:00:00-04:00,530.7866236569336,533.5813808592218,528.0217787333662,530.527099609375,18734700,0.0,0.0,MSFT,2026-01-26 06:13:31.073800+00:00
2025-10-28 00:00:00-04:00,548.9725518014023,552.6855732732587,539.7598137450263,541.057373046875,29986700,0.0,0.0,MSFT,2026-01-26 06:13:31.073800+00:00
2025-10-29 00:00:00-04:00,543.9220119141725,545.2495444281135,535.7273269044096,540.538330078125,36023000,0.0,0.0,MSFT,2026-01-26 06:13:31.073800+00:00
2025-10-30 00:00:00-04:00,529.4889853080866,533.9705877450752,521.1446173319796,524.77783203125,41023100,0.0,0.0,MSFT,2026-01-26 06:13:31.073800+00:00
2025-10-31 00:00:00-04:00,527.8919782690999,528.3311587204174,514.137692119172,516.8426513671875,34006400,0.0,0.0,MSFT,2026-01-26 06:13:31.073800+00:00
2025-11-03 00:00:00-05:00,518.8389228578652,523.9793263365088,513.628703759196,516.0641479492188,22374700,0.0,0.0,MSFT,2026-01-26 06:13:31.073800+00:00
2025-11-04 00:00:00-05:00,510.80399534425794,514.5868933466259,506.8913048594995,513.3692016601562,20958700,0.0,0.0,MSFT,2026-01-26 06:13:31.073800+00:00
2025-11-05 00:00:00-05:00,512.3410686781482,513.8682396575209,505.6336213981725,506.2125549316406,23024300,0.0,0.0,MSFT,2026-01-26 06:13:31.073800+00:00
2025-11-06 00:00:00-05:00,504.7153625290288,504.75529633258907,494.88375756631746,496.1713562011719,27406500,0.0,0.0,MSFT,2026-01-26 06:13:31.073800+00:00
2025-11-07 00:00:00-05:00,496.02163823572937,498.4470913363115,492.32853818272196,495.8918762207031,24019800,0.0,0.0,MSFT,2026-01-26 06:13:31.073800+00:00
2025-11-10 00:00:00-05:00,499.10586069795033,505.9031361854127,497.8681564860657,505.0547180175781,26101500,0.0,0.0,MSFT,2026-01-26 06:13:31.073800+00:00
2025-11-11 00:00:00-05:00,503.85694933091565,508.64800052182136,501.411544557113,507.7297058105469,17980000,0.0,0.0,MSFT,2026-01-26 06:13:31.073800+00:00
2025-11-12 00:00:00-05:00,508.4084461357136,510.7141588310794,498.18758530403636,510.1851501464844,26574900,0.0,0.0,MSFT,2026-01-26 06:13:31.073800+00:00
2025-11-13 00:00:00-05:00,509.3566671737073,512.54071024479,500.3535287599438,502.34979248046875,25273100,0.0,0.0,MSFT,2026-01-26 06:13:31.073800+00:00
2025-11-14 00:00:00-05:00,497.2992409027003,510.644258818196,496.51070821491913,509.2268981933594,28505700,0.0,0.0,MSFT,2026-01-26 06:13:31.073800+00:00
2025-11-17 00:00:00-05:00,507.5001596757347,511.16328656765256,503.9667643395777,506.54193115234375,19092800,0.0,0.0,MSFT,2026-01-26 06:13:31.073800+00:00
2025-11-18 00:00:00-05:00,494.44458869198826,502.0403882023454,485.87063942574486,492.8675537109375,33815100,0.0,0.0,MSFT,2026-01-26 06:13:31.073800+00:00
2025-11-19 00:00:00-05:00,489.18443539234676,494.264922953439,481.9279972054541,486.2099914550781,23245300,0.0,0.0,MSFT,2026-01-26 06:13:31.073800+00:00
2025-11-20 00:00:00-05:00,492.7099914550781,493.57000732421875,475.5,478.42999267578125,26802500,0.91,0.0,MSFT,2026-01-26 06:13:31.073800+00:00
2025-11-21 00:00:00-05:00,478.5,478.9200134277344,468.2699890136719,472.1199951171875,31769200,0.0,0.0,MSFT,2026-01-26 06:13:31.073800+00:00
2025-11-24 00:00:00-05:00,475.0,476.8999938964844,468.0199890136719,474.0,34421000,0.0,0.0,MSFT,2026-01-26 06:13:31.073800+00:00
2025-11-25 00:00:00-05:00,474.07000732421875,479.1499938964844,464.8900146484375,476.989990234375,28019800,0.0,0.0,MSFT,2026-01-26 06:13:31.073800+00:00
2025-11-26 00:00:00-05:00,486.30999755859375,488.30999755859375,481.20001220703125,485.5,25709100,0.0,0.0,MSFT,2026-01-26 06:13:31.073800+00:00
2025-11-28 00:00:00-05:00,487.6000061035156,492.6300048828125,486.6499938964844,492.010009765625,14386700,0.0,0.0,MSFT,2026-01-26 06:13:31.073800+00:00
2025-12-01 00:00:00-05:00,488.44000244140625,489.8599853515625,484.6499938964844,486.739990234375,23964000,0.0,0.0,MSFT,2026-01-26 06:13:31.073800+00:00
2025-12-02 00:00:00-05:00,486.7200012207031,493.5,486.32000732421875,490.0,19562700,0.0,0.0,MSFT,2026-01-26 06:13:31.073800+00:00
2025-12-03 00:00:00-05:00,476.32000732421875,484.239990234375,475.20001220703125,477.7300109863281,34615100,0.0,0.0,MSFT,2026-01-26 06:13:31.073800+00:00
2025-12-04 00:00:00-05:00,479.760009765625,481.32000732421875,476.489990234375,480.8399963378906,22318200,0.0,0.0,MSFT,2026-01-26 06:13:31.073800+00:00
2025-12-05 00:00:00-05:00,482.5199890136719,483.3999938964844,478.8800048828125,483.1600036621094,22608700,0.0,0.0,MSFT,2026-01-26 06:13:31.073800+00:00
2025-12-08 00:00:00-05:00,484.8900146484375,492.29998779296875,484.3800048828125,491.0199890136719,21965900,0.0,0.0,MSFT,2026-01-26 06:13:31.073800+00:00
2025-12-09 00:00:00-05:00,489.1000061035156,492.1199951171875,488.5,492.0199890136719,14696100,0.0,0.0,MSFT,2026-01-26 06:13:31.073800+00:00
2025-12-10 00:00:00-05:00,484.0299987792969,484.25,475.0799865722656,478.55999755859375,35756200,0.0,0.0,MSFT,2026-01-26 06:13:31.073800+00:00
2025-12-11 00:00:00-05:00,476.6300048828125,486.0299987792969,475.8599853515625,483.4700012207031,24669200,0.0,0.0,MSFT,2026-01-26 06:13:31.073800+00:00
2025-12-12 00:00:00-05:00,479.82000732421875,482.45001220703125,476.3399963378906,478.5299987792969,21248100,0.0,0.0,MSFT,2026-01-26 06:13:31.073800+00:00
2025-12-15 00:00:00-05:00,480.1000061035156,480.7200012207031,472.5199890136719,474.82000732421875,23727700,0.0,0.0,MSFT,2026-01-26 06:13:31.073800+00:00
2025-12-16 00:00:00-05:00,471.9100036621094,477.8900146484375,470.8800048828125,476.3900146484375,20705600,0.0,0.0,MSFT,2026-01-26 06:13:31.073800+00:00
2025-12-17 00:00:00-05:00,476.9100036621094,480.0,475.0,476.1199951171875,24527200,0.0,0.0,MSFT,2026-01-26 06:13:31.073800+00:00
2025-12-18 00:00:00-05:00,478.19000244140625,489.6000061035156,477.8900146484375,483.9800109863281,28573500,0.0,0.0,MSFT,2026-01-26 06:13:31.073800+00:00
2025-12-19 00:00:00-05:00,487.3599853515625,487.8500061035156,482.489990234375,485.9200134277344,70836100,0.0,0.0,MSFT,2026-01-26 06:13:31.073800+00:00
2025-12-22 00:00:00-05:00,486.1199951171875,488.7300109863281,482.69000244140625,484.9200134277344,16963000,0.0,0.0,MSFT,2026-01-26 06:13:31.073800+00:00
2025-12-23 00:00:00-05:00,484.9800109863281,487.8299865722656,484.739990234375,486.8500061035156,14683600,0.0,0.0,MSFT,2026-01-26 06:13:31.073800+00:00
2025-12-24 00:00:00-05:00,485.67999267578125,489.1600036621094,484.8299865722656,488.0199890136719,5855900,0.0,0.0,MSFT,2026-01-26 06:13:31.073800+00:00
2025-12-26 00:00:00-05:00,486.7099914550781,488.1199951171875,485.9599914550781,487.7099914550781,8842200,0.0,0.0,MSFT,2026-01-26 06:13:31.073800+00:00
2025-12-29 00:00:00-05:00,484.8599853515625,488.3500061035156,484.17999267578125,487.1000061035156,10893400,0.0,0.0,MSFT,2026-01-26 06:13:31.073800+00:00
2025-12-30 00:00:00-05:00,485.92999267578125,489.67999267578125,485.5,487.4800109863281,13944500,0.0,0.0,MSFT,2026-01-26 06:13:31.073800+00:00
2025-12-31 00:00:00-05:00,487.8399963378906,488.1400146484375,483.29998779296875,483.6199951171875,15601600,0.0,0.0,MSFT,2026-01-26 06:13:31.073800+00:00
2026-01-02 00:00:00-05:00,484.3900146484375,484.6600036621094,470.1600036621094,472.94000244140625,25571600,0.0,0.0,MSFT,2026-01-26 06:13:31.073800+00:00
2026-01-05 00:00:00-05:00,474.05999755859375,476.07000732421875,469.5,472.8500061035156,25250300,0.0,0.0,MSFT,2026-01-26 06:13:31.073800+00:00
2026-01-06 00:00:00-05:00,473.79998779296875,478.739990234375,469.75,478.510009765625,23037700,0.0,0.0,MSFT,2026-01-26 06:13:31.073800+00:00
2026-01-07 00:00:00-05:00,479.760009765625,489.70001220703125,477.95001220703125,483.4700012207031,25564200,0.0,0.0,MSFT,2026-01-26 06:13:31.073800+00:00
2026-01-08 00:00:00-05:00,481.239990234375,482.6600036621094,475.8599853515625,478.1099853515625,18162600,0.0,0.0,MSFT,2026-01-26 06:13:31.073800+00:00
2026-01-09 00:00:00-05:00,474.05999755859375,479.82000732421875,472.20001220703125,479.2799987792969,18491000,0.0,0.0,MSFT,2026-01-26 06:13:31.073800+00:00
2026-01-12 00:00:00-05:00,476.6700134277344,480.989990234375,475.67999267578125,477.17999267578125,23519900,0.0,0.0,MSFT,2026-01-26 06:13:31.073800+00:00
2026-01-13 00:00:00-05:00,474.67999267578125,475.7799987792969,465.95001220703125,470.6700134277344,28545800,0.0,0.0,MSFT,2026-01-26 06:13:31.073800+00:00
2026-01-14 00:00:00-05:00,466.4599914550781,468.20001220703125,457.1700134277344,459.3800048828125,28184300,0.0,0.0,MSFT,2026-01-26 06:13:31.073800+00:00
2026-01-15 00:00:00-05:00,464.1199951171875,464.25,455.8999938964844,456.6600036621094,23225800,0.0,0.0,MSFT,2026-01-26 06:13:31.073800+00:00
2026-01-16 00:00:00-05:00,457.8299865722656,463.19000244140625,456.4800109863281,459.8599853515625,34246700,0.0,0.0,MSFT,2026-01-26 06:13:31.073800+00:00
2026-01-20 00:00:00-05:00,451.2200012207031,456.79998779296875,449.2799987792969,454.5199890136719,26130000,0.0,0.0,MSFT,2026-01-26 06:13:31.073800+00:00
2026-01-21 00:00:00-05:00,452.6000061035156,452.69000244140625,438.67999267578125,444.1099853515625,37980500,0.0,0.0,MSFT,2026-01-26 06:13:31.073800+00:00
2026-01-22 00:00:00-05:00,447.6199951171875,452.8399963378906,444.70001220703125,451.1400146484375,25349400,0.0,0.0,MSFT,2026-01-26 06:13:31.073800+00:00
2026-01-23 00:00:00-05:00,451.8699951171875,471.1000061035156,450.5299987792969,465.95001220703125,37962400,0.0,0.0,MSFT,2026-01-26 06:13:31.073800+00:00
