[2026-01-26T14:50:11.766+0000] {logging_mixin.py:151} INFO - Changing /opt/***/logs/dag_id=stock_etl_simple/run_id=manual__2026-01-26T14:50:08.325620+00:00/task_id=run_etl_simple permission to 509
[2026-01-26T14:50:11.817+0000] {logging_mixin.py:151} INFO - Changing /opt/***/logs/dag_id=stock_etl_simple/run_id=manual__2026-01-26T14:50:08.325620+00:00/task_id=run_etl_simple permission to 509
[2026-01-26T14:50:11.858+0000] {taskinstance.py:1157} INFO - Dependencies all met for dep_context=non-requeueable deps ti=<TaskInstance: stock_etl_simple.run_etl_simple manual__2026-01-26T14:50:08.325620+00:00 [queued]>
[2026-01-26T14:50:11.870+0000] {taskinstance.py:1157} INFO - Dependencies all met for dep_context=requeueable deps ti=<TaskInstance: stock_etl_simple.run_etl_simple manual__2026-01-26T14:50:08.325620+00:00 [queued]>
[2026-01-26T14:50:11.870+0000] {taskinstance.py:1359} INFO - Starting attempt 1 of 1
[2026-01-26T14:50:11.898+0000] {taskinstance.py:1380} INFO - Executing <Task(PythonOperator): run_etl_simple> on 2026-01-26 14:50:08.325620+00:00
[2026-01-26T14:50:11.904+0000] {standard_task_runner.py:57} INFO - Started process 192 to run task
[2026-01-26T14:50:11.909+0000] {standard_task_runner.py:84} INFO - Running: ['***', 'tasks', 'run', 'stock_etl_simple', 'run_etl_simple', 'manual__2026-01-26T14:50:08.325620+00:00', '--job-id', '23', '--raw', '--subdir', 'DAGS_FOLDER/stock_etl_simple.py', '--cfg-path', '/tmp/tmpho789n_v']
[2026-01-26T14:50:11.912+0000] {standard_task_runner.py:85} INFO - Job 23: Subtask run_etl_simple
[2026-01-26T14:50:11.936+0000] {logging_mixin.py:151} WARNING - /home/***/.local/lib/python3.8/site-packages/***/settings.py:195 DeprecationWarning: The sql_alchemy_conn option in [core] has been moved to the sql_alchemy_conn option in [database] - the old setting has been used, but please update your config.
[2026-01-26T14:50:11.972+0000] {logging_mixin.py:151} INFO - Changing /opt/***/logs/dag_id=stock_etl_simple/run_id=manual__2026-01-26T14:50:08.325620+00:00/task_id=run_etl_simple permission to 509
[2026-01-26T14:50:11.974+0000] {task_command.py:415} INFO - Running <TaskInstance: stock_etl_simple.run_etl_simple manual__2026-01-26T14:50:08.325620+00:00 [running]> on host 761d738db68b
[2026-01-26T14:50:12.070+0000] {taskinstance.py:1660} INFO - Exporting env vars: AIRFLOW_CTX_DAG_OWNER='***' AIRFLOW_CTX_DAG_ID='stock_etl_simple' AIRFLOW_CTX_TASK_ID='run_etl_simple' AIRFLOW_CTX_EXECUTION_DATE='2026-01-26T14:50:08.325620+00:00' AIRFLOW_CTX_TRY_NUMBER='1' AIRFLOW_CTX_DAG_RUN_ID='manual__2026-01-26T14:50:08.325620+00:00'
[2026-01-26T14:50:13.900+0000] {logging_mixin.py:151} INFO - ================================================================================
[2026-01-26T14:50:13.900+0000] {logging_mixin.py:151} INFO - DÉBUT DU PIPELINE SIMPLE
[2026-01-26T14:50:13.901+0000] {logging_mixin.py:151} INFO - ================================================================================
[2026-01-26T14:50:13.901+0000] {logging_mixin.py:151} INFO - Dossier data : /opt/***/data/raw
[2026-01-26T14:50:13.901+0000] {logging_mixin.py:151} INFO - Existe : True
[2026-01-26T14:50:13.902+0000] {logging_mixin.py:151} INFO - ✅ Trouvé 3 fichiers CSV
[2026-01-26T14:50:13.902+0000] {logging_mixin.py:151} INFO -   - AAPL_2026-01-26 06:13:30.297050+00:00.csv
[2026-01-26T14:50:13.903+0000] {logging_mixin.py:151} INFO -   - GOOGL_2026-01-26 06:13:31.897613+00:00.csv
[2026-01-26T14:50:13.903+0000] {logging_mixin.py:151} INFO -   - MSFT_2026-01-26 06:13:31.074172+00:00.csv
[2026-01-26T14:50:13.903+0000] {logging_mixin.py:151} INFO - 
--------------------------------------------------------------------------------
[2026-01-26T14:50:13.904+0000] {logging_mixin.py:151} INFO - 📄 Traitement de : AAPL_2026-01-26 06:13:30.297050+00:00.csv
[2026-01-26T14:50:13.904+0000] {logging_mixin.py:151} INFO - --------------------------------------------------------------------------------
[2026-01-26T14:50:13.904+0000] {logging_mixin.py:151} INFO -   1️⃣ Lecture du CSV...
[2026-01-26T14:50:13.925+0000] {logging_mixin.py:151} INFO -      ✅ Lu 1018 lignes
[2026-01-26T14:50:13.925+0000] {logging_mixin.py:151} INFO -      Colonnes: ['Date', 'Open', 'High', 'Low', 'Close', 'Volume', 'Dividends', 'Stock Splits', 'symbol', 'extracted_at']
[2026-01-26T14:50:13.925+0000] {logging_mixin.py:151} INFO -   2️⃣ Nettoyage des colonnes...
[2026-01-26T14:50:13.927+0000] {logging_mixin.py:151} INFO -      ✅ Colonnes nettoyées: ['date', 'open', 'high', 'low', 'close', 'volume', 'dividends', 'stock_splits', 'symbol', 'extracted_at']
[2026-01-26T14:50:13.928+0000] {logging_mixin.py:151} INFO -   3️⃣ Conversion des dates...
[2026-01-26T14:50:13.946+0000] {logging_mixin.py:151} INFO -      ✅ Dates converties
[2026-01-26T14:50:13.946+0000] {logging_mixin.py:151} INFO -   4️⃣ Nettoyage des données...
[2026-01-26T14:50:13.958+0000] {logging_mixin.py:151} INFO -      ✅ 1018 → 1018 lignes (après nettoyage)
[2026-01-26T14:50:13.959+0000] {logging_mixin.py:151} INFO -   5️⃣ Connexion à la base de données...
[2026-01-26T14:50:13.968+0000] {logging_mixin.py:151} INFO -      ✅ Connecté
[2026-01-26T14:50:13.969+0000] {logging_mixin.py:151} INFO -   6️⃣ Insertion des données...
[2026-01-26T14:50:13.972+0000] {logging_mixin.py:151} INFO -      ⚠️ Erreur ligne 0: column "open_price" of relation "stocks" does not exist
LINE 2: ...                INSERT INTO stocks (symbol, date, open_price...
                                                             ^
[2026-01-26T14:50:13.973+0000] {logging_mixin.py:151} INFO -      ⚠️ Erreur ligne 1: current transaction is aborted, commands ignored until end of transaction block
[2026-01-26T14:50:13.975+0000] {logging_mixin.py:151} INFO -      ⚠️ Erreur ligne 2: current transaction is aborted, commands ignored until end of transaction block
[2026-01-26T14:50:13.978+0000] {logging_mixin.py:151} INFO -      ⚠️ Erreur ligne 3: current transaction is aborted, commands ignored until end of transaction block
[2026-01-26T14:50:13.979+0000] {logging_mixin.py:151} INFO -      ⚠️ Erreur ligne 4: current transaction is aborted, commands ignored until end of transaction block
[2026-01-26T14:50:13.982+0000] {logging_mixin.py:151} INFO -      ⚠️ Erreur ligne 5: current transaction is aborted, commands ignored until end of transaction block
[2026-01-26T14:50:13.984+0000] {logging_mixin.py:151} INFO -      ⚠️ Erreur ligne 6: current transaction is aborted, commands ignored until end of transaction block
[2026-01-26T14:50:13.986+0000] {logging_mixin.py:151} INFO -      ⚠️ Erreur ligne 7: current transaction is aborted, commands ignored until end of transaction block
[2026-01-26T14:50:13.988+0000] {logging_mixin.py:151} INFO -      ⚠️ Erreur ligne 8: current transaction is aborted, commands ignored until end of transaction block
[2026-01-26T14:50:13.989+0000] {logging_mixin.py:151} INFO -      ⚠️ Erreur ligne 9: current transaction is aborted, commands ignored until end of transaction block
[2026-01-26T14:50:13.991+0000] {logging_mixin.py:151} INFO -      ⚠️ Erreur ligne 10: current transaction is aborted, commands ignored until end of transaction block
[2026-01-26T14:50:13.993+0000] {logging_mixin.py:151} INFO -      ⚠️ Erreur ligne 11: current transaction is aborted, commands ignored until end of transaction block
[2026-01-26T14:50:13.995+0000] {logging_mixin.py:151} INFO -      ⚠️ Erreur ligne 12: current transaction is aborted, commands ignored until end of transaction block
[2026-01-26T14:50:13.997+0000] {logging_mixin.py:151} INFO -      ⚠️ Erreur ligne 13: current transaction is aborted, commands ignored until end of transaction block
[2026-01-26T14:50:13.998+0000] {logging_mixin.py:151} INFO -      ⚠️ Erreur ligne 14: current transaction is aborted, commands ignored until end of transaction block
[2026-01-26T14:50:13.999+0000] {logging_mixin.py:151} INFO -      ⚠️ Erreur ligne 15: current transaction is aborted, commands ignored until end of transaction block
[2026-01-26T14:50:14.002+0000] {logging_mixin.py:151} INFO -      ⚠️ Erreur ligne 16: current transaction is aborted, commands ignored until end of transaction block
[2026-01-26T14:50:14.006+0000] {logging_mixin.py:151} INFO -      ⚠️ Erreur ligne 17: current transaction is aborted, commands ignored until end of transaction block
[2026-01-26T14:50:14.008+0000] {logging_mixin.py:151} INFO -      ⚠️ Erreur ligne 18: current transaction is aborted, commands ignored until end of transaction block
[2026-01-26T14:50:14.010+0000] {logging_mixin.py:151} INFO -      ⚠️ Erreur ligne 19: current transaction is aborted, commands ignored until end of transaction block
[2026-01-26T14:50:14.011+0000] {logging_mixin.py:151} INFO -      ⚠️ Erreur ligne 20: current transaction is aborted, commands ignored until end of transaction block
[2026-01-26T14:50:14.013+0000] {logging_mixin.py:151} INFO -      ⚠️ Erreur ligne 21: current transaction is aborted, commands ignored until end of transaction block
[2026-01-26T14:50:14.016+0000] {logging_mixin.py:151} INFO -      ⚠️ Erreur ligne 22: current transaction is aborted, commands ignored until end of transaction block
[2026-01-26T14:50:14.019+0000] {logging_mixin.py:151} INFO -      ⚠️ Erreur ligne 23: current transaction is aborted, commands ignored until end of transaction block
[2026-01-26T14:50:14.021+0000] {logging_mixin.py:151} INFO -      ⚠️ Erreur ligne 24: current transaction is aborted, commands ignored until end of transaction block
[2026-01-26T14:50:14.024+0000] {logging_mixin.py:151} INFO -      ⚠️ Erreur ligne 25: current transaction is aborted, commands ignored until end of transaction block
[2026-01-26T14:50:14.026+0000] {logging_mixin.py:151} INFO -      ⚠️ Erreur ligne 26: current transaction is aborted, commands ignored until end of transaction block
[2026-01-26T14:50:14.027+0000] {logging_mixin.py:151} INFO -      ⚠️ Erreur ligne 27: current transaction is aborted, commands ignored until end of transaction block
[2026-01-26T14:50:14.028+0000] {logging_mixin.py:151} INFO -      ⚠️ Erreur ligne 28: current transaction is aborted, commands ignored until end of transaction block
[2026-01-26T14:50:14.029+0000] {logging_mixin.py:151} INFO -      ⚠️ Erreur ligne 29: current transaction is aborted, commands ignored until end of transaction block
[2026-01-26T14:50:14.030+0000] {logging_mixin.py:151} INFO -      ⚠️ Erreur ligne 30: current transaction is aborted, commands ignored until end of transaction block
[2026-01-26T14:50:14.031+0000] {logging_mixin.py:151} INFO -      ⚠️ Erreur ligne 31: current transaction is aborted, commands ignored until end of transaction block
[2026-01-26T14:50:14.034+0000] {logging_mixin.py:151} INFO -      ⚠️ Erreur ligne 32: current transaction is aborted, commands ignored until end of transaction block
[2026-01-26T14:50:14.036+0000] {logging_mixin.py:151} INFO -      ⚠️ Erreur ligne 33: current transaction is aborted, commands ignored until end of transaction block
[2026-01-26T14:50:14.037+0000] {logging_mixin.py:151} INFO -      ⚠️ Erreur ligne 34: current transaction is aborted, commands ignored until end of transaction block
[2026-01-26T14:50:14.041+0000] {logging_mixin.py:151} INFO -      ⚠️ Erreur ligne 35: current transaction is aborted, commands ignored until end of transaction block
[2026-01-26T14:50:14.044+0000] {logging_mixin.py:151} INFO -      ⚠️ Erreur ligne 36: current transaction is aborted, commands ignored until end of transaction block
[2026-01-26T14:50:14.047+0000] {logging_mixin.py:151} INFO -      ⚠️ Erreur ligne 37: current transaction is aborted, commands ignored until end of transaction block
[2026-01-26T14:50:14.049+0000] {logging_mixin.py:151} INFO -      ⚠️ Erreur ligne 38: current transaction is aborted, commands ignored until end of transaction block
[2026-01-26T14:50:14.052+0000] {logging_mixin.py:151} INFO -      ⚠️ Erreur ligne 39: current transaction is aborted, commands ignored until end of transaction block
[2026-01-26T14:50:14.053+0000] {logging_mixin.py:151} INFO -      ⚠️ Erreur ligne 40: current transaction is aborted, commands ignored until end of transaction block
[2026-01-26T14:50:14.055+0000] {logging_mixin.py:151} INFO -      ⚠️ Erreur ligne 41: current transaction is aborted, commands ignored until end of transaction block
[2026-01-26T14:50:14.056+0000] {logging_mixin.py:151} INFO -      ⚠️ Erreur ligne 42: current transaction is aborted, commands ignored until end of transaction block
[2026-01-26T14:50:14.057+0000] {logging_mixin.py:151} INFO -      ⚠️ Erreur ligne 43: current transaction is aborted, commands ignored until end of transaction block
[2026-01-26T14:50:14.059+0000] {logging_mixin.py:151} INFO -      ⚠️ Erreur ligne 44: current transaction is aborted, commands ignored until end of transaction block
[2026-01-26T14:50:14.064+0000] {logging_mixin.py:151} INFO -      ⚠️ Erreur ligne 45: current transaction is aborted, commands ignored until end of transaction block
[2026-01-26T14:50:14.068+0000] {logging_mixin.py:151} INFO -      ⚠️ Erreur ligne 46: current transaction is aborted, commands ignored until end of transaction block
[2026-01-26T14:50:14.070+0000] {logging_mixin.py:151} INFO -      ⚠️ Erreur ligne 47: current transaction is aborted, commands ignored until end of transaction block
[2026-01-26T14:50:14.072+0000] {logging_mixin.py:151} INFO -      ⚠️ Erreur ligne 48: current transaction is aborted, commands ignored until end of transaction block
[2026-01-26T14:50:14.073+0000] {logging_mixin.py:151} INFO -      ⚠️ Erreur ligne 49: current transaction is aborted, commands ignored until end of transaction block
[2026-01-26T14:50:14.074+0000] {logging_mixin.py:151} INFO -      ⚠️ Erreur ligne 50: current transaction is aborted, commands ignored until end of transaction block
[2026-01-26T14:50:14.075+0000] {logging_mixin.py:151} INFO -      ⚠️ Erreur ligne 51: current transaction is aborted, commands ignored until end of transaction block
[2026-01-26T14:50:14.077+0000] {logging_mixin.py:151} INFO -      ⚠️ Erreur ligne 52: current transaction is aborted, commands ignored until end of transaction block
[2026-01-26T14:50:14.078+0000] {logging_mixin.py:151} INFO -      ⚠️ Erreur ligne 53: current transaction is aborted, commands ignored until end of transaction block
[2026-01-26T14:50:14.079+0000] {logging_mixin.py:151} INFO -      ⚠️ Erreur ligne 54: current transaction is aborted, commands ignored until end of transaction block
[2026-01-26T14:50:14.081+0000] {logging_mixin.py:151} INFO -      ⚠️ Erreur ligne 55: current transaction is aborted, commands ignored until end of transaction block
[2026-01-26T14:50:14.082+0000] {logging_mixin.py:151} INFO -      ⚠️ Erreur ligne 56: current transaction is aborted, commands ignored until end of transaction block
[2026-01-26T14:50:14.083+0000] {logging_mixin.py:151} INFO -      ⚠️ Erreur ligne 57: current transaction is aborted, commands ignored until end of transaction block
[2026-01-26T14:50:14.086+0000] {logging_mixin.py:151} INFO -      ⚠️ Erreur ligne 58: current transaction is aborted, commands ignored until end of transaction block
[2026-01-26T14:50:14.088+0000] {logging_mixin.py:151} INFO -      ⚠️ Erreur ligne 59: current transaction is aborted, commands ignored until end of transaction block
[2026-01-26T14:50:14.089+0000] {logging_mixin.py:151} INFO -      ⚠️ Erreur ligne 60: current transaction is aborted, commands ignored until end of transaction block
[2026-01-26T14:50:14.091+0000] {logging_mixin.py:151} INFO -      ⚠️ Erreur ligne 61: current transaction is aborted, commands ignored until end of transaction block
[2026-01-26T14:50:14.092+0000] {logging_mixin.py:151} INFO -      ⚠️ Erreur ligne 62: current transaction is aborted, commands ignored until end of transaction block
[2026-01-26T14:50:14.093+0000] {logging_mixin.py:151} INFO -      ⚠️ Erreur ligne 63: current transaction is aborted, commands ignored until end of transaction block
[2026-01-26T14:50:14.095+0000] {logging_mixin.py:151} INFO -      ⚠️ Erreur ligne 64: current transaction is aborted, commands ignored until end of transaction block
[2026-01-26T14:50:14.096+0000] {logging_mixin.py:151} INFO -      ⚠️ Erreur ligne 65: current transaction is aborted, commands ignored until end of transaction block
[2026-01-26T14:50:14.097+0000] {logging_mixin.py:151} INFO -      ⚠️ Erreur ligne 66: current transaction is aborted, commands ignored until end of transaction block
[2026-01-26T14:50:14.099+0000] {logging_mixin.py:151} INFO -      ⚠️ Erreur ligne 67: current transaction is aborted, commands ignored until end of transaction block
[2026-01-26T14:50:14.100+0000] {logging_mixin.py:151} INFO -      ⚠️ Erreur ligne 68: current transaction is aborted, commands ignored until end of transaction block
[2026-01-26T14:50:14.101+0000] {logging_mixin.py:151} INFO -      ⚠️ Erreur ligne 69: current transaction is aborted, commands ignored until end of transaction block
[2026-01-26T14:50:14.102+0000] {logging_mixin.py:151} INFO -      ⚠️ Erreur ligne 70: current transaction is aborted, commands ignored until end of transaction block
[2026-01-26T14:50:14.104+0000] {logging_mixin.py:151} INFO -      ⚠️ Erreur ligne 71: current transaction is aborted, commands ignored until end of transaction block
[2026-01-26T14:50:14.108+0000] {logging_mixin.py:151} INFO -      ⚠️ Erreur ligne 72: current transaction is aborted, commands ignored until end of transaction block
[2026-01-26T14:50:14.109+0000] {logging_mixin.py:151} INFO -      ⚠️ Erreur ligne 73: current transaction is aborted, commands ignored until end of transaction block
[2026-01-26T14:50:14.111+0000] {logging_mixin.py:151} INFO -      ⚠️ Erreur ligne 74: current transaction is aborted, commands ignored until end of transaction block
[2026-01-26T14:50:14.112+0000] {logging_mixin.py:151} INFO -      ⚠️ Erreur ligne 75: current transaction is aborted, commands ignored until end of transaction block
[2026-01-26T14:50:14.114+0000] {logging_mixin.py:151} INFO -      ⚠️ Erreur ligne 76: current transaction is aborted, commands ignored until end of transaction block
[2026-01-26T14:50:14.115+0000] {logging_mixin.py:151} INFO -      ⚠️ Erreur ligne 77: current transaction is aborted, commands ignored until end of transaction block
[2026-01-26T14:50:14.116+0000] {logging_mixin.py:151} INFO -      ⚠️ Erreur ligne 78: current transaction is aborted, commands ignored until end of transaction block
[2026-01-26T14:50:14.118+0000] {logging_mixin.py:151} INFO -      ⚠️ Erreur ligne 79: current transaction is aborted, commands ignored until end of transaction block
[2026-01-26T14:50:14.119+0000] {logging_mixin.py:151} INFO -      ⚠️ Erreur ligne 80: current transaction is aborted, commands ignored until end of transaction block
[2026-01-26T14:50:14.120+0000] {logging_mixin.py:151} INFO -      ⚠️ Erreur ligne 81: current transaction is aborted, commands ignored until end of transaction block
[2026-01-26T14:50:14.122+0000] {logging_mixin.py:151} INFO -      ⚠️ Erreur ligne 82: current transaction is aborted, commands ignored until end of transaction block
[2026-01-26T14:50:14.123+0000] {logging_mixin.py:151} INFO -      ⚠️ Erreur ligne 83: current transaction is aborted, commands ignored until end of transaction block
[2026-01-26T14:50:14.124+0000] {logging_mixin.py:151} INFO -      ⚠️ Erreur ligne 84: current transaction is aborted, commands ignored until end of transaction block
[2026-01-26T14:50:14.126+0000] {logging_mixin.py:151} INFO -      ⚠️ Erreur ligne 85: current transaction is aborted, commands ignored until end of transaction block
[2026-01-26T14:50:14.127+0000] {logging_mixin.py:151} INFO -      ⚠️ Erreur ligne 86: current transaction is aborted, commands ignored until end of transaction block
[2026-01-26T14:50:14.128+0000] {logging_mixin.py:151} INFO -      ⚠️ Erreur ligne 87: current transaction is aborted, commands ignored until end of transaction block
[2026-01-26T14:50:14.130+0000] {logging_mixin.py:151} INFO -      ⚠️ Erreur ligne 88: current transaction is aborted, commands ignored until end of transaction block
[2026-01-26T14:50:14.132+0000] {logging_mixin.py:151} INFO -      ⚠️ Erreur ligne 89: current transaction is aborted, commands ignored until end of transaction block
[2026-01-26T14:50:14.133+0000] {logging_mixin.py:151} INFO -      ⚠️ Erreur ligne 90: current transaction is aborted, commands ignored until end of transaction block
[2026-01-26T14:50:14.135+0000] {logging_mixin.py:151} INFO -      ⚠️ Erreur ligne 91: current transaction is aborted, commands ignored until end of transaction block
[2026-01-26T14:50:14.136+0000] {logging_mixin.py:151} INFO -      ⚠️ Erreur ligne 92: current transaction is aborted, commands ignored until end of transaction block
[2026-01-26T14:50:14.140+0000] {logging_mixin.py:151} INFO -      ⚠️ Erreur ligne 93: current transaction is aborted, commands ignored until end of transaction block
[2026-01-26T14:50:14.141+0000] {logging_mixin.py:151} INFO -      ⚠️ Erreur ligne 94: current transaction is aborted, commands ignored until end of transaction block
[2026-01-26T14:50:14.142+0000] {logging_mixin.py:151} INFO -      ⚠️ Erreur ligne 95: current transaction is aborted, commands ignored until end of transaction block
[2026-01-26T14:50:14.143+0000] {logging_mixin.py:151} INFO -      ⚠️ Erreur ligne 96: current transaction is aborted, commands ignored until end of transaction block
[2026-01-26T14:50:14.144+0000] {logging_mixin.py:151} INFO -      ⚠️ Erreur ligne 97: current transaction is aborted, commands ignored until end of transaction block
[2026-01-26T14:50:14.146+0000] {logging_mixin.py:151} INFO -      ⚠️ Erreur ligne 98: current transaction is aborted, commands ignored until end of transaction block
[2026-01-26T14:50:14.147+0000] {logging_mixin.py:151} INFO -      ⚠️ Erreur ligne 99: current transaction is aborted, commands ignored until end of transaction block
[2026-01-26T14:50:14.148+0000] {logging_mixin.py:151} INFO -      ⚠️ Erreur ligne 100: current transaction is aborted, commands ignored until end of transaction block
[2026-01-26T14:50:14.149+0000] {logging_mixin.py:151} INFO -      ⚠️ Erreur ligne 101: current transaction is aborted, commands ignored until end of transaction block
[2026-01-26T14:50:14.151+0000] {logging_mixin.py:151} INFO -      ⚠️ Erreur ligne 102: current transaction is aborted, commands ignored until end of transaction block
[2026-01-26T14:50:14.152+0000] {logging_mixin.py:151} INFO -      ⚠️ Erreur ligne 103: current transaction is aborted, commands ignored until end of transaction block
[2026-01-26T14:50:14.153+0000] {logging_mixin.py:151} INFO -      ⚠️ Erreur ligne 104: current transaction is aborted, commands ignored until end of transaction block
[2026-01-26T14:50:14.154+0000] {logging_mixin.py:151} INFO -      ⚠️ Erreur ligne 105: current transaction is aborted, commands ignored until end of transaction block
[2026-01-26T14:50:14.156+0000] {logging_mixin.py:151} INFO -      ⚠️ Erreur ligne 106: current transaction is aborted, commands ignored until end of transaction block
[2026-01-26T14:50:14.157+0000] {logging_mixin.py:151} INFO -      ⚠️ Erreur ligne 107: current transaction is aborted, commands ignored until end of transaction block
[2026-01-26T14:50:14.158+0000] {logging_mixin.py:151} INFO -      ⚠️ Erreur ligne 108: current transaction is aborted, commands ignored until end of transaction block
[2026-01-26T14:50:14.159+0000] {logging_mixin.py:151} INFO -      ⚠️ Erreur ligne 109: current transaction is aborted, commands ignored until end of transaction block
[2026-01-26T14:50:14.161+0000] {logging_mixin.py:151} INFO -      ⚠️ Erreur ligne 110: current transaction is aborted, commands ignored until end of transaction block
[2026-01-26T14:50:14.162+0000] {logging_mixin.py:151} INFO -      ⚠️ Erreur ligne 111: current transaction is aborted, commands ignored until end of transaction block
[2026-01-26T14:50:14.163+0000] {logging_mixin.py:151} INFO -      ⚠️ Erreur ligne 112: current transaction is aborted, commands ignored until end of transaction block
[2026-01-26T14:50:14.164+0000] {logging_mixin.py:151} INFO -      ⚠️ Erreur ligne 113: current transaction is aborted, commands ignored until end of transaction block
[2026-01-26T14:50:14.165+0000] {logging_mixin.py:151} INFO -      ⚠️ Erreur ligne 114: current transaction is aborted, commands ignored until end of transaction block
[2026-01-26T14:50:14.167+0000] {logging_mixin.py:151} INFO -      ⚠️ Erreur ligne 115: current transaction is aborted, commands ignored until end of transaction block
[2026-01-26T14:50:14.168+0000] {logging_mixin.py:151} INFO -      ⚠️ Erreur ligne 116: current transaction is aborted, commands ignored until end of transaction block
[2026-01-26T14:50:14.169+0000] {logging_mixin.py:151} INFO -      ⚠️ Erreur ligne 117: current transaction is aborted, commands ignored until end of transaction block
[2026-01-26T14:50:14.171+0000] {logging_mixin.py:151} INFO -      ⚠️ Erreur ligne 118: current transaction is aborted, commands ignored until end of transaction block
[2026-01-26T14:50:14.172+0000] {logging_mixin.py:151} INFO -      ⚠️ Erreur ligne 119: current transaction is aborted, commands ignored until end of transaction block
[2026-01-26T14:50:14.173+0000] {logging_mixin.py:151} INFO -      ⚠️ Erreur ligne 120: current transaction is aborted, commands ignored until end of transaction block
[2026-01-26T14:50:14.175+0000] {logging_mixin.py:151} INFO -      ⚠️ Erreur ligne 121: current transaction is aborted, commands ignored until end of transaction block
[2026-01-26T14:50:14.176+0000] {logging_mixin.py:151} INFO -      ⚠️ Erreur ligne 122: current transaction is aborted, commands ignored until end of transaction block
[2026-01-26T14:50:14.177+0000] {logging_mixin.py:151} INFO -      ⚠️ Erreur ligne 123: current transaction is aborted, commands ignored until end of transaction block
[2026-01-26T14:50:14.178+0000] {logging_mixin.py:151} INFO -      ⚠️ Erreur ligne 124: current transaction is aborted, commands ignored until end of transaction block
[2026-01-26T14:50:14.180+0000] {logging_mixin.py:151} INFO -      ⚠️ Erreur ligne 125: current transaction is aborted, commands ignored until end of transaction block
[2026-01-26T14:50:14.181+0000] {logging_mixin.py:151} INFO -      ⚠️ Erreur ligne 126: current transaction is aborted, commands ignored until end of transaction block
[2026-01-26T14:50:14.183+0000] {logging_mixin.py:151} INFO -      ⚠️ Erreur ligne 127: current transaction is aborted, commands ignored until end of transaction block
[2026-01-26T14:50:14.184+0000] {logging_mixin.py:151} INFO -      ⚠️ Erreur ligne 128: current transaction is aborted, commands ignored until end of transaction block
[2026-01-26T14:50:14.185+0000] {logging_mixin.py:151} INFO -      ⚠️ Erreur ligne 129: current transaction is aborted, commands ignored until end of transaction block
[2026-01-26T14:50:14.187+0000] {logging_mixin.py:151} INFO -      ⚠️ Erreur ligne 130: current transaction is aborted, commands ignored until end of transaction block
[2026-01-26T14:50:14.189+0000] {logging_mixin.py:151} INFO -      ⚠️ Erreur ligne 131: current transaction is aborted, commands ignored until end of transaction block
[2026-01-26T14:50:14.191+0000] {logging_mixin.py:151} INFO -      ⚠️ Erreur ligne 132: current transaction is aborted, commands ignored until end of transaction block
[2026-01-26T14:50:14.193+0000] {logging_mixin.py:151} INFO -      ⚠️ Erreur ligne 133: current transaction is aborted, commands ignored until end of transaction block
[2026-01-26T14:50:14.194+0000] {logging_mixin.py:151} INFO -      ⚠️ Erreur ligne 134: current transaction is aborted, commands ignored until end of transaction block
[2026-01-26T14:50:14.195+0000] {logging_mixin.py:151} INFO -      ⚠️ Erreur ligne 135: current transaction is aborted, commands ignored until end of transaction block
[2026-01-26T14:50:14.197+0000] {logging_mixin.py:151} INFO -      ⚠️ Erreur ligne 136: current transaction is aborted, commands ignored until end of transaction block
[2026-01-26T14:50:14.198+0000] {logging_mixin.py:151} INFO -      ⚠️ Erreur ligne 137: current transaction is aborted, commands ignored until end of transaction block
[2026-01-26T14:50:14.201+0000] {logging_mixin.py:151} INFO -      ⚠️ Erreur ligne 138: current transaction is aborted, commands ignored until end of transaction block
[2026-01-26T14:50:14.203+0000] {logging_mixin.py:151} INFO -      ⚠️ Erreur ligne 139: current transaction is aborted, commands ignored until end of transaction block
[2026-01-26T14:50:14.205+0000] {logging_mixin.py:151} INFO -      ⚠️ Erreur ligne 140: current transaction is aborted, commands ignored until end of transaction block
[2026-01-26T14:50:14.207+0000] {logging_mixin.py:151} INFO -      ⚠️ Erreur ligne 141: current transaction is aborted, commands ignored until end of transaction block
[2026-01-26T14:50:14.209+0000] {logging_mixin.py:151} INFO -      ⚠️ Erreur ligne 142: current transaction is aborted, commands ignored until end of transaction block
[2026-01-26T14:50:14.213+0000] {logging_mixin.py:151} INFO -      ⚠️ Erreur ligne 143: current transaction is aborted, commands ignored until end of transaction block
[2026-01-26T14:50:14.217+0000] {logging_mixin.py:151} INFO -      ⚠️ Erreur ligne 144: current transaction is aborted, commands ignored until end of transaction block
[2026-01-26T14:50:14.220+0000] {logging_mixin.py:151} INFO -      ⚠️ Erreur ligne 145: current transaction is aborted, commands ignored until end of transaction block
[2026-01-26T14:50:14.223+0000] {logging_mixin.py:151} INFO -      ⚠️ Erreur ligne 146: current transaction is aborted, commands ignored until end of transaction block
[2026-01-26T14:50:14.225+0000] {logging_mixin.py:151} INFO -      ⚠️ Erreur ligne 147: current transaction is aborted, commands ignored until end of transaction block
[2026-01-26T14:50:14.236+0000] {logging_mixin.py:151} INFO -      ⚠️ Erreur ligne 148: current transaction is aborted, commands ignored until end of transaction block
[2026-01-26T14:50:14.237+0000] {logging_mixin.py:151} INFO -      ⚠️ Erreur ligne 149: current transaction is aborted, commands ignored until end of transaction block
[2026-01-26T14:50:14.238+0000] {logging_mixin.py:151} INFO -      ⚠️ Erreur ligne 150: current transaction is aborted, commands ignored until end of transaction block
[2026-01-26T14:50:14.241+0000] {logging_mixin.py:151} INFO -      ⚠️ Erreur ligne 151: current transaction is aborted, commands ignored until end of transaction block
[2026-01-26T14:50:14.244+0000] {logging_mixin.py:151} INFO -      ⚠️ Erreur ligne 152: current transaction is aborted, commands ignored until end of transaction block
[2026-01-26T14:50:14.247+0000] {logging_mixin.py:151} INFO -      ⚠️ Erreur ligne 153: current transaction is aborted, commands ignored until end of transaction block
[2026-01-26T14:50:14.250+0000] {logging_mixin.py:151} INFO -      ⚠️ Erreur ligne 154: current transaction is aborted, commands ignored until end of transaction block
[2026-01-26T14:50:14.253+0000] {logging_mixin.py:151} INFO -      ⚠️ Erreur ligne 155: current transaction is aborted, commands ignored until end of transaction block
[2026-01-26T14:50:14.255+0000] {logging_mixin.py:151} INFO -      ⚠️ Erreur ligne 156: current transaction is aborted, commands ignored until end of transaction block
[2026-01-26T14:50:14.259+0000] {logging_mixin.py:151} INFO -      ⚠️ Erreur ligne 157: current transaction is aborted, commands ignored until end of transaction block
[2026-01-26T14:50:14.263+0000] {logging_mixin.py:151} INFO -      ⚠️ Erreur ligne 158: current transaction is aborted, commands ignored until end of transaction block
[2026-01-26T14:50:14.266+0000] {logging_mixin.py:151} INFO -      ⚠️ Erreur ligne 159: current transaction is aborted, commands ignored until end of transaction block
[2026-01-26T14:50:14.269+0000] {logging_mixin.py:151} INFO -      ⚠️ Erreur ligne 160: current transaction is aborted, commands ignored until end of transaction block
[2026-01-26T14:50:14.271+0000] {logging_mixin.py:151} INFO -      ⚠️ Erreur ligne 161: current transaction is aborted, commands ignored until end of transaction block
[2026-01-26T14:50:14.273+0000] {logging_mixin.py:151} INFO -      ⚠️ Erreur ligne 162: current transaction is aborted, commands ignored until end of transaction block
[2026-01-26T14:50:14.276+0000] {logging_mixin.py:151} INFO -      ⚠️ Erreur ligne 163: current transaction is aborted, commands ignored until end of transaction block
[2026-01-26T14:50:14.277+0000] {logging_mixin.py:151} INFO -      ⚠️ Erreur ligne 164: current transaction is aborted, commands ignored until end of transaction block
[2026-01-26T14:50:14.280+0000] {logging_mixin.py:151} INFO -      ⚠️ Erreur ligne 165: current transaction is aborted, commands ignored until end of transaction block
[2026-01-26T14:50:14.282+0000] {logging_mixin.py:151} INFO -      ⚠️ Erreur ligne 166: current transaction is aborted, commands ignored until end of transaction block
[2026-01-26T14:50:14.283+0000] {logging_mixin.py:151} INFO -      ⚠️ Erreur ligne 167: current transaction is aborted, commands ignored until end of transaction block
[2026-01-26T14:50:14.285+0000] {logging_mixin.py:151} INFO -      ⚠️ Erreur ligne 168: current transaction is aborted, commands ignored until end of transaction block
[2026-01-26T14:50:14.287+0000] {logging_mixin.py:151} INFO -      ⚠️ Erreur ligne 169: current transaction is aborted, commands ignored until end of transaction block
[2026-01-26T14:50:14.290+0000] {logging_mixin.py:151} INFO -      ⚠️ Erreur ligne 170: current transaction is aborted, commands ignored until end of transaction block
[2026-01-26T14:50:14.291+0000] {logging_mixin.py:151} INFO -      ⚠️ Erreur ligne 171: current transaction is aborted, commands ignored until end of transaction block
[2026-01-26T14:50:14.294+0000] {logging_mixin.py:151} INFO -      ⚠️ Erreur ligne 172: current transaction is aborted, commands ignored until end of transaction block
[2026-01-26T14:50:14.298+0000] {logging_mixin.py:151} INFO -      ⚠️ Erreur ligne 173: current transaction is aborted, commands ignored until end of transaction block
[2026-01-26T14:50:14.300+0000] {logging_mixin.py:151} INFO -      ⚠️ Erreur ligne 174: current transaction is aborted, commands ignored until end of transaction block
[2026-01-26T14:50:14.303+0000] {logging_mixin.py:151} INFO -      ⚠️ Erreur ligne 175: current transaction is aborted, commands ignored until end of transaction block
[2026-01-26T14:50:14.306+0000] {logging_mixin.py:151} INFO -      ⚠️ Erreur ligne 176: current transaction is aborted, commands ignored until end of transaction block
[2026-01-26T14:50:14.310+0000] {logging_mixin.py:151} INFO -      ⚠️ Erreur ligne 177: current transaction is aborted, commands ignored until end of transaction block
[2026-01-26T14:50:14.316+0000] {logging_mixin.py:151} INFO -      ⚠️ Erreur ligne 178: current transaction is aborted, commands ignored until end of transaction block
[2026-01-26T14:50:14.319+0000] {logging_mixin.py:151} INFO -      ⚠️ Erreur ligne 179: current transaction is aborted, commands ignored until end of transaction block
[2026-01-26T14:50:14.323+0000] {logging_mixin.py:151} INFO -      ⚠️ Erreur ligne 180: current transaction is aborted, commands ignored until end of transaction block
[2026-01-26T14:50:14.328+0000] {logging_mixin.py:151} INFO -      ⚠️ Erreur ligne 181: current transaction is aborted, commands ignored until end of transaction block
[2026-01-26T14:50:14.331+0000] {logging_mixin.py:151} INFO -      ⚠️ Erreur ligne 182: current transaction is aborted, commands ignored until end of transaction block
[2026-01-26T14:50:14.334+0000] {logging_mixin.py:151} INFO -      ⚠️ Erreur ligne 183: current transaction is aborted, commands ignored until end of transaction block
[2026-01-26T14:50:14.338+0000] {logging_mixin.py:151} INFO -      ⚠️ Erreur ligne 184: current transaction is aborted, commands ignored until end of transaction block
[2026-01-26T14:50:14.341+0000] {logging_mixin.py:151} INFO -      ⚠️ Erreur ligne 185: current transaction is aborted, commands ignored until end of transaction block
[2026-01-26T14:50:14.343+0000] {logging_mixin.py:151} INFO -      ⚠️ Erreur ligne 186: current transaction is aborted, commands ignored until end of transaction block
[2026-01-26T14:50:14.344+0000] {logging_mixin.py:151} INFO -      ⚠️ Erreur ligne 187: current transaction is aborted, commands ignored until end of transaction block
[2026-01-26T14:50:14.348+0000] {logging_mixin.py:151} INFO -      ⚠️ Erreur ligne 188: current transaction is aborted, commands ignored until end of transaction block
[2026-01-26T14:50:14.350+0000] {logging_mixin.py:151} INFO -      ⚠️ Erreur ligne 189: current transaction is aborted, commands ignored until end of transaction block
[2026-01-26T14:50:14.352+0000] {logging_mixin.py:151} INFO -      ⚠️ Erreur ligne 190: current transaction is aborted, commands ignored until end of transaction block
[2026-01-26T14:50:14.354+0000] {logging_mixin.py:151} INFO -      ⚠️ Erreur ligne 191: current transaction is aborted, commands ignored until end of transaction block
[2026-01-26T14:50:14.359+0000] {logging_mixin.py:151} INFO -      ⚠️ Erreur ligne 192: current transaction is aborted, commands ignored until end of transaction block
[2026-01-26T14:50:14.362+0000] {logging_mixin.py:151} INFO -      ⚠️ Erreur ligne 193: current transaction is aborted, commands ignored until end of transaction block
[2026-01-26T14:50:14.365+0000] {logging_mixin.py:151} INFO -      ⚠️ Erreur ligne 194: current transaction is aborted, commands ignored until end of transaction block
[2026-01-26T14:50:14.369+0000] {logging_mixin.py:151} INFO -      ⚠️ Erreur ligne 195: current transaction is aborted, commands ignored until end of transaction block
[2026-01-26T14:50:14.371+0000] {logging_mixin.py:151} INFO -      ⚠️ Erreur ligne 196: current transaction is aborted, commands ignored until end of transaction block
[2026-01-26T14:50:14.374+0000] {logging_mixin.py:151} INFO -      ⚠️ Erreur ligne 197: current transaction is aborted, commands ignored until end of transaction block
[2026-01-26T14:50:14.378+0000] {logging_mixin.py:151} INFO -      ⚠️ Erreur ligne 198: current transaction is aborted, commands ignored until end of transaction block
[2026-01-26T14:50:14.382+0000] {logging_mixin.py:151} INFO -      ⚠️ Erreur ligne 199: current transaction is aborted, commands ignored until end of transaction block
[2026-01-26T14:50:14.385+0000] {logging_mixin.py:151} INFO -      ⚠️ Erreur ligne 200: current transaction is aborted, commands ignored until end of transaction block
[2026-01-26T14:50:14.390+0000] {logging_mixin.py:151} INFO -      ⚠️ Erreur ligne 201: current transaction is aborted, commands ignored until end of transaction block
[2026-01-26T14:50:14.394+0000] {logging_mixin.py:151} INFO -      ⚠️ Erreur ligne 202: current transaction is aborted, commands ignored until end of transaction block
[2026-01-26T14:50:14.397+0000] {logging_mixin.py:151} INFO -      ⚠️ Erreur ligne 203: current transaction is aborted, commands ignored until end of transaction block
[2026-01-26T14:50:14.400+0000] {logging_mixin.py:151} INFO -      ⚠️ Erreur ligne 204: current transaction is aborted, commands ignored until end of transaction block
[2026-01-26T14:50:14.403+0000] {logging_mixin.py:151} INFO -      ⚠️ Erreur ligne 205: current transaction is aborted, commands ignored until end of transaction block
[2026-01-26T14:50:14.405+0000] {logging_mixin.py:151} INFO -      ⚠️ Erreur ligne 206: current transaction is aborted, commands ignored until end of transaction block
[2026-01-26T14:50:14.407+0000] {logging_mixin.py:151} INFO -      ⚠️ Erreur ligne 207: current transaction is aborted, commands ignored until end of transaction block
[2026-01-26T14:50:14.409+0000] {logging_mixin.py:151} INFO -      ⚠️ Erreur ligne 208: current transaction is aborted, commands ignored until end of transaction block
[2026-01-26T14:50:14.410+0000] {logging_mixin.py:151} INFO -      ⚠️ Erreur ligne 209: current transaction is aborted, commands ignored until end of transaction block
[2026-01-26T14:50:14.411+0000] {logging_mixin.py:151} INFO -      ⚠️ Erreur ligne 210: current transaction is aborted, commands ignored until end of transaction block
[2026-01-26T14:50:14.413+0000] {logging_mixin.py:151} INFO -      ⚠️ Erreur ligne 211: current transaction is aborted, commands ignored until end of transaction block
[2026-01-26T14:50:14.414+0000] {logging_mixin.py:151} INFO -      ⚠️ Erreur ligne 212: current transaction is aborted, commands ignored until end of transaction block
[2026-01-26T14:50:14.416+0000] {logging_mixin.py:151} INFO -      ⚠️ Erreur ligne 213: current transaction is aborted, commands ignored until end of transaction block
[2026-01-26T14:50:14.418+0000] {logging_mixin.py:151} INFO -      ⚠️ Erreur ligne 214: current transaction is aborted, commands ignored until end of transaction block
[2026-01-26T14:50:14.419+0000] {logging_mixin.py:151} INFO -      ⚠️ Erreur ligne 215: current transaction is aborted, commands ignored until end of transaction block
[2026-01-26T14:50:14.421+0000] {logging_mixin.py:151} INFO -      ⚠️ Erreur ligne 216: current transaction is aborted, commands ignored until end of transaction block
[2026-01-26T14:50:14.422+0000] {logging_mixin.py:151} INFO -      ⚠️ Erreur ligne 217: current transaction is aborted, commands ignored until end of transaction block
[2026-01-26T14:50:14.423+0000] {logging_mixin.py:151} INFO -      ⚠️ Erreur ligne 218: current transaction is aborted, commands ignored until end of transaction block
[2026-01-26T14:50:14.424+0000] {logging_mixin.py:151} INFO -      ⚠️ Erreur ligne 219: current transaction is aborted, commands ignored until end of transaction block
[2026-01-26T14:50:14.426+0000] {logging_mixin.py:151} INFO -      ⚠️ Erreur ligne 220: current transaction is aborted, commands ignored until end of transaction block
[2026-01-26T14:50:14.427+0000] {logging_mixin.py:151} INFO -      ⚠️ Erreur ligne 221: current transaction is aborted, commands ignored until end of transaction block
[2026-01-26T14:50:14.428+0000] {logging_mixin.py:151} INFO -      ⚠️ Erreur ligne 222: current transaction is aborted, commands ignored until end of transaction block
[2026-01-26T14:50:14.430+0000] {logging_mixin.py:151} INFO -      ⚠️ Erreur ligne 223: current transaction is aborted, commands ignored until end of transaction block
[2026-01-26T14:50:14.431+0000] {logging_mixin.py:151} INFO -      ⚠️ Erreur ligne 224: current transaction is aborted, commands ignored until end of transaction block
[2026-01-26T14:50:14.434+0000] {logging_mixin.py:151} INFO -      ⚠️ Erreur ligne 225: current transaction is aborted, commands ignored until end of transaction block
[2026-01-26T14:50:14.435+0000] {logging_mixin.py:151} INFO -      ⚠️ Erreur ligne 226: current transaction is aborted, commands ignored until end of transaction block
[2026-01-26T14:50:14.437+0000] {logging_mixin.py:151} INFO -      ⚠️ Erreur ligne 227: current transaction is aborted, commands ignored until end of transaction block
[2026-01-26T14:50:14.438+0000] {logging_mixin.py:151} INFO -      ⚠️ Erreur ligne 228: current transaction is aborted, commands ignored until end of transaction block
[2026-01-26T14:50:14.439+0000] {logging_mixin.py:151} INFO -      ⚠️ Erreur ligne 229: current transaction is aborted, commands ignored until end of transaction block
[2026-01-26T14:50:14.440+0000] {logging_mixin.py:151} INFO -      ⚠️ Erreur ligne 230: current transaction is aborted, commands ignored until end of transaction block
[2026-01-26T14:50:14.441+0000] {logging_mixin.py:151} INFO -      ⚠️ Erreur ligne 231: current transaction is aborted, commands ignored until end of transaction block
[2026-01-26T14:50:14.443+0000] {logging_mixin.py:151} INFO -      ⚠️ Erreur ligne 232: current transaction is aborted, commands ignored until end of transaction block
[2026-01-26T14:50:14.446+0000] {logging_mixin.py:151} INFO -      ⚠️ Erreur ligne 233: current transaction is aborted, commands ignored until end of transaction block
[2026-01-26T14:50:14.448+0000] {logging_mixin.py:151} INFO -      ⚠️ Erreur ligne 234: current transaction is aborted, commands ignored until end of transaction block
[2026-01-26T14:50:14.450+0000] {logging_mixin.py:151} INFO -      ⚠️ Erreur ligne 235: current transaction is aborted, commands ignored until end of transaction block
[2026-01-26T14:50:14.452+0000] {logging_mixin.py:151} INFO -      ⚠️ Erreur ligne 236: current transaction is aborted, commands ignored until end of transaction block
[2026-01-26T14:50:14.454+0000] {logging_mixin.py:151} INFO -      ⚠️ Erreur ligne 237: current transaction is aborted, commands ignored until end of transaction block
[2026-01-26T14:50:14.455+0000] {logging_mixin.py:151} INFO -      ⚠️ Erreur ligne 238: current transaction is aborted, commands ignored until end of transaction block
[2026-01-26T14:50:14.458+0000] {logging_mixin.py:151} INFO -      ⚠️ Erreur ligne 239: current transaction is aborted, commands ignored until end of transaction block
[2026-01-26T14:50:14.464+0000] {logging_mixin.py:151} INFO -      ⚠️ Erreur ligne 240: current transaction is aborted, commands ignored until end of transaction block
[2026-01-26T14:50:14.467+0000] {logging_mixin.py:151} INFO -      ⚠️ Erreur ligne 241: current transaction is aborted, commands ignored until end of transaction block
[2026-01-26T14:50:14.469+0000] {logging_mixin.py:151} INFO -      ⚠️ Erreur ligne 242: current transaction is aborted, commands ignored until end of transaction block
[2026-01-26T14:50:14.471+0000] {logging_mixin.py:151} INFO -      ⚠️ Erreur ligne 243: current transaction is aborted, commands ignored until end of transaction block
[2026-01-26T14:50:14.472+0000] {logging_mixin.py:151} INFO -      ⚠️ Erreur ligne 244: current transaction is aborted, commands ignored until end of transaction block
[2026-01-26T14:50:14.473+0000] {logging_mixin.py:151} INFO -      ⚠️ Erreur ligne 245: current transaction is aborted, commands ignored until end of transaction block
[2026-01-26T14:50:14.475+0000] {logging_mixin.py:151} INFO -      ⚠️ Erreur ligne 246: current transaction is aborted, commands ignored until end of transaction block
[2026-01-26T14:50:14.478+0000] {logging_mixin.py:151} INFO -      ⚠️ Erreur ligne 247: current transaction is aborted, commands ignored until end of transaction block
[2026-01-26T14:50:14.480+0000] {logging_mixin.py:151} INFO -      ⚠️ Erreur ligne 248: current transaction is aborted, commands ignored until end of transaction block
[2026-01-26T14:50:14.481+0000] {logging_mixin.py:151} INFO -      ⚠️ Erreur ligne 249: current transaction is aborted, commands ignored until end of transaction block
[2026-01-26T14:50:14.482+0000] {logging_mixin.py:151} INFO -      ⚠️ Erreur ligne 250: current transaction is aborted, commands ignored until end of transaction block
[2026-01-26T14:50:14.484+0000] {logging_mixin.py:151} INFO -      ⚠️ Erreur ligne 251: current transaction is aborted, commands ignored until end of transaction block
[2026-01-26T14:50:14.486+0000] {logging_mixin.py:151} INFO -      ⚠️ Erreur ligne 252: current transaction is aborted, commands ignored until end of transaction block
[2026-01-26T14:50:14.491+0000] {logging_mixin.py:151} INFO -      ⚠️ Erreur ligne 253: current transaction is aborted, commands ignored until end of transaction block
[2026-01-26T14:50:14.492+0000] {logging_mixin.py:151} INFO -      ⚠️ Erreur ligne 254: current transaction is aborted, commands ignored until end of transaction block
[2026-01-26T14:50:14.497+0000] {logging_mixin.py:151} INFO -      ⚠️ Erreur ligne 255: current transaction is aborted, commands ignored until end of transaction block
[2026-01-26T14:50:14.498+0000] {logging_mixin.py:151} INFO -      ⚠️ Erreur ligne 256: current transaction is aborted, commands ignored until end of transaction block
[2026-01-26T14:50:14.499+0000] {logging_mixin.py:151} INFO -      ⚠️ Erreur ligne 257: current transaction is aborted, commands ignored until end of transaction block
[2026-01-26T14:50:14.501+0000] {logging_mixin.py:151} INFO -      ⚠️ Erreur ligne 258: current transaction is aborted, commands ignored until end of transaction block
[2026-01-26T14:50:14.507+0000] {logging_mixin.py:151} INFO -      ⚠️ Erreur ligne 259: current transaction is aborted, commands ignored until end of transaction block
[2026-01-26T14:50:14.509+0000] {logging_mixin.py:151} INFO -      ⚠️ Erreur ligne 260: current transaction is aborted, commands ignored until end of transaction block
[2026-01-26T14:50:14.512+0000] {logging_mixin.py:151} INFO -      ⚠️ Erreur ligne 261: current transaction is aborted, commands ignored until end of transaction block
[2026-01-26T14:50:14.513+0000] {logging_mixin.py:151} INFO -      ⚠️ Erreur ligne 262: current transaction is aborted, commands ignored until end of transaction block
[2026-01-26T14:50:14.515+0000] {logging_mixin.py:151} INFO -      ⚠️ Erreur ligne 263: current transaction is aborted, commands ignored until end of transaction block
[2026-01-26T14:50:14.517+0000] {logging_mixin.py:151} INFO -      ⚠️ Erreur ligne 264: current transaction is aborted, commands ignored until end of transaction block
[2026-01-26T14:50:14.520+0000] {logging_mixin.py:151} INFO -      ⚠️ Erreur ligne 265: current transaction is aborted, commands ignored until end of transaction block
[2026-01-26T14:50:14.522+0000] {logging_mixin.py:151} INFO -      ⚠️ Erreur ligne 266: current transaction is aborted, commands ignored until end of transaction block
[2026-01-26T14:50:14.525+0000] {logging_mixin.py:151} INFO -      ⚠️ Erreur ligne 267: current transaction is aborted, commands ignored until end of transaction block
[2026-01-26T14:50:14.526+0000] {logging_mixin.py:151} INFO -      ⚠️ Erreur ligne 268: current transaction is aborted, commands ignored until end of transaction block
[2026-01-26T14:50:14.527+0000] {logging_mixin.py:151} INFO -      ⚠️ Erreur ligne 269: current transaction is aborted, commands ignored until end of transaction block
[2026-01-26T14:50:14.529+0000] {logging_mixin.py:151} INFO -      ⚠️ Erreur ligne 270: current transaction is aborted, commands ignored until end of transaction block
[2026-01-26T14:50:14.531+0000] {logging_mixin.py:151} INFO -      ⚠️ Erreur ligne 271: current transaction is aborted, commands ignored until end of transaction block
[2026-01-26T14:50:14.532+0000] {logging_mixin.py:151} INFO -      ⚠️ Erreur ligne 272: current transaction is aborted, commands ignored until end of transaction block
[2026-01-26T14:50:14.535+0000] {logging_mixin.py:151} INFO -      ⚠️ Erreur ligne 273: current transaction is aborted, commands ignored until end of transaction block
[2026-01-26T14:50:14.537+0000] {logging_mixin.py:151} INFO -      ⚠️ Erreur ligne 274: current transaction is aborted, commands ignored until end of transaction block
[2026-01-26T14:50:14.540+0000] {logging_mixin.py:151} INFO -      ⚠️ Erreur ligne 275: current transaction is aborted, commands ignored until end of transaction block
[2026-01-26T14:50:14.542+0000] {logging_mixin.py:151} INFO -      ⚠️ Erreur ligne 276: current transaction is aborted, commands ignored until end of transaction block
[2026-01-26T14:50:14.544+0000] {logging_mixin.py:151} INFO -      ⚠️ Erreur ligne 277: current transaction is aborted, commands ignored until end of transaction block
[2026-01-26T14:50:14.546+0000] {logging_mixin.py:151} INFO -      ⚠️ Erreur ligne 278: current transaction is aborted, commands ignored until end of transaction block
[2026-01-26T14:50:14.547+0000] {logging_mixin.py:151} INFO -      ⚠️ Erreur ligne 279: current transaction is aborted, commands ignored until end of transaction block
[2026-01-26T14:50:14.549+0000] {logging_mixin.py:151} INFO -      ⚠️ Erreur ligne 280: current transaction is aborted, commands ignored until end of transaction block
[2026-01-26T14:50:14.552+0000] {logging_mixin.py:151} INFO -      ⚠️ Erreur ligne 281: current transaction is aborted, commands ignored until end of transaction block
[2026-01-26T14:50:14.554+0000] {logging_mixin.py:151} INFO -      ⚠️ Erreur ligne 282: current transaction is aborted, commands ignored until end of transaction block
[2026-01-26T14:50:14.555+0000] {logging_mixin.py:151} INFO -      ⚠️ Erreur ligne 283: current transaction is aborted, commands ignored until end of transaction block
[2026-01-26T14:50:14.556+0000] {logging_mixin.py:151} INFO -      ⚠️ Erreur ligne 284: current transaction is aborted, commands ignored until end of transaction block
[2026-01-26T14:50:14.557+0000] {logging_mixin.py:151} INFO -      ⚠️ Erreur ligne 285: current transaction is aborted, commands ignored until end of transaction block
[2026-01-26T14:50:14.559+0000] {logging_mixin.py:151} INFO -      ⚠️ Erreur ligne 286: current transaction is aborted, commands ignored until end of transaction block
[2026-01-26T14:50:14.560+0000] {logging_mixin.py:151} INFO -      ⚠️ Erreur ligne 287: current transaction is aborted, commands ignored until end of transaction block
[2026-01-26T14:50:14.562+0000] {logging_mixin.py:151} INFO -      ⚠️ Erreur ligne 288: current transaction is aborted, commands ignored until end of transaction block
[2026-01-26T14:50:14.563+0000] {logging_mixin.py:151} INFO -      ⚠️ Erreur ligne 289: current transaction is aborted, commands ignored until end of transaction block
[2026-01-26T14:50:14.566+0000] {logging_mixin.py:151} INFO -      ⚠️ Erreur ligne 290: current transaction is aborted, commands ignored until end of transaction block
[2026-01-26T14:50:14.568+0000] {logging_mixin.py:151} INFO -      ⚠️ Erreur ligne 291: current transaction is aborted, commands ignored until end of transaction block
[2026-01-26T14:50:14.569+0000] {logging_mixin.py:151} INFO -      ⚠️ Erreur ligne 292: current transaction is aborted, commands ignored until end of transaction block
[2026-01-26T14:50:14.570+0000] {logging_mixin.py:151} INFO -      ⚠️ Erreur ligne 293: current transaction is aborted, commands ignored until end of transaction block
[2026-01-26T14:50:14.572+0000] {logging_mixin.py:151} INFO -      ⚠️ Erreur ligne 294: current transaction is aborted, commands ignored until end of transaction block
[2026-01-26T14:50:14.573+0000] {logging_mixin.py:151} INFO -      ⚠️ Erreur ligne 295: current transaction is aborted, commands ignored until end of transaction block
[2026-01-26T14:50:14.574+0000] {logging_mixin.py:151} INFO -      ⚠️ Erreur ligne 296: current transaction is aborted, commands ignored until end of transaction block
[2026-01-26T14:50:14.576+0000] {logging_mixin.py:151} INFO -      ⚠️ Erreur ligne 297: current transaction is aborted, commands ignored until end of transaction block
[2026-01-26T14:50:14.578+0000] {logging_mixin.py:151} INFO -      ⚠️ Erreur ligne 298: current transaction is aborted, commands ignored until end of transaction block
[2026-01-26T14:50:14.580+0000] {logging_mixin.py:151} INFO -      ⚠️ Erreur ligne 299: current transaction is aborted, commands ignored until end of transaction block
[2026-01-26T14:50:14.582+0000] {logging_mixin.py:151} INFO -      ⚠️ Erreur ligne 300: current transaction is aborted, commands ignored until end of transaction block
[2026-01-26T14:50:14.583+0000] {logging_mixin.py:151} INFO -      ⚠️ Erreur ligne 301: current transaction is aborted, commands ignored until end of transaction block
[2026-01-26T14:50:14.585+0000] {logging_mixin.py:151} INFO -      ⚠️ Erreur ligne 302: current transaction is aborted, commands ignored until end of transaction block
[2026-01-26T14:50:14.586+0000] {logging_mixin.py:151} INFO -      ⚠️ Erreur ligne 303: current transaction is aborted, commands ignored until end of transaction block
[2026-01-26T14:50:14.588+0000] {logging_mixin.py:151} INFO -      ⚠️ Erreur ligne 304: current transaction is aborted, commands ignored until end of transaction block
[2026-01-26T14:50:14.589+0000] {logging_mixin.py:151} INFO -      ⚠️ Erreur ligne 305: current transaction is aborted, commands ignored until end of transaction block
[2026-01-26T14:50:14.591+0000] {logging_mixin.py:151} INFO -      ⚠️ Erreur ligne 306: current transaction is aborted, commands ignored until end of transaction block
[2026-01-26T14:50:14.592+0000] {logging_mixin.py:151} INFO -      ⚠️ Erreur ligne 307: current transaction is aborted, commands ignored until end of transaction block
[2026-01-26T14:50:14.594+0000] {logging_mixin.py:151} INFO -      ⚠️ Erreur ligne 308: current transaction is aborted, commands ignored until end of transaction block
[2026-01-26T14:50:14.595+0000] {logging_mixin.py:151} INFO -      ⚠️ Erreur ligne 309: current transaction is aborted, commands ignored until end of transaction block
[2026-01-26T14:50:14.597+0000] {logging_mixin.py:151} INFO -      ⚠️ Erreur ligne 310: current transaction is aborted, commands ignored until end of transaction block
[2026-01-26T14:50:14.598+0000] {logging_mixin.py:151} INFO -      ⚠️ Erreur ligne 311: current transaction is aborted, commands ignored until end of transaction block
[2026-01-26T14:50:14.599+0000] {logging_mixin.py:151} INFO -      ⚠️ Erreur ligne 312: current transaction is aborted, commands ignored until end of transaction block
[2026-01-26T14:50:14.601+0000] {logging_mixin.py:151} INFO -      ⚠️ Erreur ligne 313: current transaction is aborted, commands ignored until end of transaction block
[2026-01-26T14:50:14.602+0000] {logging_mixin.py:151} INFO -      ⚠️ Erreur ligne 314: current transaction is aborted, commands ignored until end of transaction block
[2026-01-26T14:50:14.603+0000] {logging_mixin.py:151} INFO -      ⚠️ Erreur ligne 315: current transaction is aborted, commands ignored until end of transaction block
[2026-01-26T14:50:14.605+0000] {logging_mixin.py:151} INFO -      ⚠️ Erreur ligne 316: current transaction is aborted, commands ignored until end of transaction block
[2026-01-26T14:50:14.607+0000] {logging_mixin.py:151} INFO -      ⚠️ Erreur ligne 317: current transaction is aborted, commands ignored until end of transaction block
[2026-01-26T14:50:14.608+0000] {logging_mixin.py:151} INFO -      ⚠️ Erreur ligne 318: current transaction is aborted, commands ignored until end of transaction block
[2026-01-26T14:50:14.609+0000] {logging_mixin.py:151} INFO -      ⚠️ Erreur ligne 319: current transaction is aborted, commands ignored until end of transaction block
[2026-01-26T14:50:14.611+0000] {logging_mixin.py:151} INFO -      ⚠️ Erreur ligne 320: current transaction is aborted, commands ignored until end of transaction block
[2026-01-26T14:50:14.612+0000] {logging_mixin.py:151} INFO -      ⚠️ Erreur ligne 321: current transaction is aborted, commands ignored until end of transaction block
[2026-01-26T14:50:14.614+0000] {logging_mixin.py:151} INFO -      ⚠️ Erreur ligne 322: current transaction is aborted, commands ignored until end of transaction block
[2026-01-26T14:50:14.616+0000] {logging_mixin.py:151} INFO -      ⚠️ Erreur ligne 323: current transaction is aborted, commands ignored until end of transaction block
[2026-01-26T14:50:14.618+0000] {logging_mixin.py:151} INFO -      ⚠️ Erreur ligne 324: current transaction is aborted, commands ignored until end of transaction block
[2026-01-26T14:50:14.619+0000] {logging_mixin.py:151} INFO -      ⚠️ Erreur ligne 325: current transaction is aborted, commands ignored until end of transaction block
[2026-01-26T14:50:14.621+0000] {logging_mixin.py:151} INFO -      ⚠️ Erreur ligne 326: current transaction is aborted, commands ignored until end of transaction block
[2026-01-26T14:50:14.623+0000] {logging_mixin.py:151} INFO -      ⚠️ Erreur ligne 327: current transaction is aborted, commands ignored until end of transaction block
[2026-01-26T14:50:14.624+0000] {logging_mixin.py:151} INFO -      ⚠️ Erreur ligne 328: current transaction is aborted, commands ignored until end of transaction block
[2026-01-26T14:50:14.626+0000] {logging_mixin.py:151} INFO -      ⚠️ Erreur ligne 329: current transaction is aborted, commands ignored until end of transaction block
[2026-01-26T14:50:14.627+0000] {logging_mixin.py:151} INFO -      ⚠️ Erreur ligne 330: current transaction is aborted, commands ignored until end of transaction block
[2026-01-26T14:50:14.628+0000] {logging_mixin.py:151} INFO -      ⚠️ Erreur ligne 331: current transaction is aborted, commands ignored until end of transaction block
[2026-01-26T14:50:14.630+0000] {logging_mixin.py:151} INFO -      ⚠️ Erreur ligne 332: current transaction is aborted, commands ignored until end of transaction block
[2026-01-26T14:50:14.631+0000] {logging_mixin.py:151} INFO -      ⚠️ Erreur ligne 333: current transaction is aborted, commands ignored until end of transaction block
[2026-01-26T14:50:14.633+0000] {logging_mixin.py:151} INFO -      ⚠️ Erreur ligne 334: current transaction is aborted, commands ignored until end of transaction block
[2026-01-26T14:50:14.635+0000] {logging_mixin.py:151} INFO -      ⚠️ Erreur ligne 335: current transaction is aborted, commands ignored until end of transaction block
[2026-01-26T14:50:14.636+0000] {logging_mixin.py:151} INFO -      ⚠️ Erreur ligne 336: current transaction is aborted, commands ignored until end of transaction block
[2026-01-26T14:50:14.638+0000] {logging_mixin.py:151} INFO -      ⚠️ Erreur ligne 337: current transaction is aborted, commands ignored until end of transaction block
[2026-01-26T14:50:14.641+0000] {logging_mixin.py:151} INFO -      ⚠️ Erreur ligne 338: current transaction is aborted, commands ignored until end of transaction block
[2026-01-26T14:50:14.650+0000] {logging_mixin.py:151} INFO -      ⚠️ Erreur ligne 339: current transaction is aborted, commands ignored until end of transaction block
[2026-01-26T14:50:14.652+0000] {logging_mixin.py:151} INFO -      ⚠️ Erreur ligne 340: current transaction is aborted, commands ignored until end of transaction block
[2026-01-26T14:50:14.654+0000] {logging_mixin.py:151} INFO -      ⚠️ Erreur ligne 341: current transaction is aborted, commands ignored until end of transaction block
[2026-01-26T14:50:14.655+0000] {logging_mixin.py:151} INFO -      ⚠️ Erreur ligne 342: current transaction is aborted, commands ignored until end of transaction block
[2026-01-26T14:50:14.657+0000] {logging_mixin.py:151} INFO -      ⚠️ Erreur ligne 343: current transaction is aborted, commands ignored until end of transaction block
[2026-01-26T14:50:14.659+0000] {logging_mixin.py:151} INFO -      ⚠️ Erreur ligne 344: current transaction is aborted, commands ignored until end of transaction block
[2026-01-26T14:50:14.662+0000] {logging_mixin.py:151} INFO -      ⚠️ Erreur ligne 345: current transaction is aborted, commands ignored until end of transaction block
[2026-01-26T14:50:14.664+0000] {logging_mixin.py:151} INFO -      ⚠️ Erreur ligne 346: current transaction is aborted, commands ignored until end of transaction block
[2026-01-26T14:50:14.667+0000] {logging_mixin.py:151} INFO -      ⚠️ Erreur ligne 347: current transaction is aborted, commands ignored until end of transaction block
[2026-01-26T14:50:14.669+0000] {logging_mixin.py:151} INFO -      ⚠️ Erreur ligne 348: current transaction is aborted, commands ignored until end of transaction block
[2026-01-26T14:50:14.673+0000] {logging_mixin.py:151} INFO -      ⚠️ Erreur ligne 349: current transaction is aborted, commands ignored until end of transaction block
[2026-01-26T14:50:14.677+0000] {logging_mixin.py:151} INFO -      ⚠️ Erreur ligne 350: current transaction is aborted, commands ignored until end of transaction block
[2026-01-26T14:50:14.681+0000] {logging_mixin.py:151} INFO -      ⚠️ Erreur ligne 351: current transaction is aborted, commands ignored until end of transaction block
[2026-01-26T14:50:14.684+0000] {logging_mixin.py:151} INFO -      ⚠️ Erreur ligne 352: current transaction is aborted, commands ignored until end of transaction block
[2026-01-26T14:50:14.686+0000] {logging_mixin.py:151} INFO -      ⚠️ Erreur ligne 353: current transaction is aborted, commands ignored until end of transaction block
[2026-01-26T14:50:14.689+0000] {logging_mixin.py:151} INFO -      ⚠️ Erreur ligne 354: current transaction is aborted, commands ignored until end of transaction block
[2026-01-26T14:50:14.692+0000] {logging_mixin.py:151} INFO -      ⚠️ Erreur ligne 355: current transaction is aborted, commands ignored until end of transaction block
[2026-01-26T14:50:14.694+0000] {logging_mixin.py:151} INFO -      ⚠️ Erreur ligne 356: current transaction is aborted, commands ignored until end of transaction block
[2026-01-26T14:50:14.697+0000] {logging_mixin.py:151} INFO -      ⚠️ Erreur ligne 357: current transaction is aborted, commands ignored until end of transaction block
[2026-01-26T14:50:14.698+0000] {logging_mixin.py:151} INFO -      ⚠️ Erreur ligne 358: current transaction is aborted, commands ignored until end of transaction block
[2026-01-26T14:50:14.702+0000] {logging_mixin.py:151} INFO -      ⚠️ Erreur ligne 359: current transaction is aborted, commands ignored until end of transaction block
[2026-01-26T14:50:14.705+0000] {logging_mixin.py:151} INFO -      ⚠️ Erreur ligne 360: current transaction is aborted, commands ignored until end of transaction block
[2026-01-26T14:50:14.709+0000] {logging_mixin.py:151} INFO -      ⚠️ Erreur ligne 361: current transaction is aborted, commands ignored until end of transaction block
[2026-01-26T14:50:14.712+0000] {logging_mixin.py:151} INFO -      ⚠️ Erreur ligne 362: current transaction is aborted, commands ignored until end of transaction block
[2026-01-26T14:50:14.714+0000] {logging_mixin.py:151} INFO -      ⚠️ Erreur ligne 363: current transaction is aborted, commands ignored until end of transaction block
[2026-01-26T14:50:14.717+0000] {logging_mixin.py:151} INFO -      ⚠️ Erreur ligne 364: current transaction is aborted, commands ignored until end of transaction block
[2026-01-26T14:50:14.719+0000] {logging_mixin.py:151} INFO -      ⚠️ Erreur ligne 365: current transaction is aborted, commands ignored until end of transaction block
[2026-01-26T14:50:14.721+0000] {logging_mixin.py:151} INFO -      ⚠️ Erreur ligne 366: current transaction is aborted, commands ignored until end of transaction block
[2026-01-26T14:50:14.723+0000] {logging_mixin.py:151} INFO -      ⚠️ Erreur ligne 367: current transaction is aborted, commands ignored until end of transaction block
[2026-01-26T14:50:14.725+0000] {logging_mixin.py:151} INFO -      ⚠️ Erreur ligne 368: current transaction is aborted, commands ignored until end of transaction block
[2026-01-26T14:50:14.728+0000] {logging_mixin.py:151} INFO -      ⚠️ Erreur ligne 369: current transaction is aborted, commands ignored until end of transaction block
[2026-01-26T14:50:14.730+0000] {logging_mixin.py:151} INFO -      ⚠️ Erreur ligne 370: current transaction is aborted, commands ignored until end of transaction block
[2026-01-26T14:50:14.733+0000] {logging_mixin.py:151} INFO -      ⚠️ Erreur ligne 371: current transaction is aborted, commands ignored until end of transaction block
[2026-01-26T14:50:14.736+0000] {logging_mixin.py:151} INFO -      ⚠️ Erreur ligne 372: current transaction is aborted, commands ignored until end of transaction block
[2026-01-26T14:50:14.739+0000] {logging_mixin.py:151} INFO -      ⚠️ Erreur ligne 373: current transaction is aborted, commands ignored until end of transaction block
[2026-01-26T14:50:14.740+0000] {logging_mixin.py:151} INFO -      ⚠️ Erreur ligne 374: current transaction is aborted, commands ignored until end of transaction block
[2026-01-26T14:50:14.742+0000] {logging_mixin.py:151} INFO -      ⚠️ Erreur ligne 375: current transaction is aborted, commands ignored until end of transaction block
[2026-01-26T14:50:14.746+0000] {logging_mixin.py:151} INFO -      ⚠️ Erreur ligne 376: current transaction is aborted, commands ignored until end of transaction block
[2026-01-26T14:50:14.748+0000] {logging_mixin.py:151} INFO -      ⚠️ Erreur ligne 377: current transaction is aborted, commands ignored until end of transaction block
[2026-01-26T14:50:14.751+0000] {logging_mixin.py:151} INFO -      ⚠️ Erreur ligne 378: current transaction is aborted, commands ignored until end of transaction block
[2026-01-26T14:50:14.753+0000] {logging_mixin.py:151} INFO -      ⚠️ Erreur ligne 379: current transaction is aborted, commands ignored until end of transaction block
[2026-01-26T14:50:14.756+0000] {logging_mixin.py:151} INFO -      ⚠️ Erreur ligne 380: current transaction is aborted, commands ignored until end of transaction block
[2026-01-26T14:50:14.758+0000] {logging_mixin.py:151} INFO -      ⚠️ Erreur ligne 381: current transaction is aborted, commands ignored until end of transaction block
[2026-01-26T14:50:14.759+0000] {logging_mixin.py:151} INFO -      ⚠️ Erreur ligne 382: current transaction is aborted, commands ignored until end of transaction block
[2026-01-26T14:50:14.761+0000] {logging_mixin.py:151} INFO -      ⚠️ Erreur ligne 383: current transaction is aborted, commands ignored until end of transaction block
[2026-01-26T14:50:14.763+0000] {logging_mixin.py:151} INFO -      ⚠️ Erreur ligne 384: current transaction is aborted, commands ignored until end of transaction block
[2026-01-26T14:50:14.766+0000] {logging_mixin.py:151} INFO -      ⚠️ Erreur ligne 385: current transaction is aborted, commands ignored until end of transaction block
[2026-01-26T14:50:14.769+0000] {logging_mixin.py:151} INFO -      ⚠️ Erreur ligne 386: current transaction is aborted, commands ignored until end of transaction block
[2026-01-26T14:50:14.772+0000] {logging_mixin.py:151} INFO -      ⚠️ Erreur ligne 387: current transaction is aborted, commands ignored until end of transaction block
[2026-01-26T14:50:14.774+0000] {logging_mixin.py:151} INFO -      ⚠️ Erreur ligne 388: current transaction is aborted, commands ignored until end of transaction block
[2026-01-26T14:50:14.776+0000] {logging_mixin.py:151} INFO -      ⚠️ Erreur ligne 389: current transaction is aborted, commands ignored until end of transaction block
[2026-01-26T14:50:14.779+0000] {logging_mixin.py:151} INFO -      ⚠️ Erreur ligne 390: current transaction is aborted, commands ignored until end of transaction block
[2026-01-26T14:50:14.781+0000] {logging_mixin.py:151} INFO -      ⚠️ Erreur ligne 391: current transaction is aborted, commands ignored until end of transaction block
[2026-01-26T14:50:14.783+0000] {logging_mixin.py:151} INFO -      ⚠️ Erreur ligne 392: current transaction is aborted, commands ignored until end of transaction block
[2026-01-26T14:50:14.786+0000] {logging_mixin.py:151} INFO -      ⚠️ Erreur ligne 393: current transaction is aborted, commands ignored until end of transaction block
[2026-01-26T14:50:14.789+0000] {logging_mixin.py:151} INFO -      ⚠️ Erreur ligne 394: current transaction is aborted, commands ignored until end of transaction block
[2026-01-26T14:50:14.791+0000] {logging_mixin.py:151} INFO -      ⚠️ Erreur ligne 395: current transaction is aborted, commands ignored until end of transaction block
[2026-01-26T14:50:14.793+0000] {logging_mixin.py:151} INFO -      ⚠️ Erreur ligne 396: current transaction is aborted, commands ignored until end of transaction block
[2026-01-26T14:50:14.795+0000] {logging_mixin.py:151} INFO -      ⚠️ Erreur ligne 397: current transaction is aborted, commands ignored until end of transaction block
[2026-01-26T14:50:14.797+0000] {logging_mixin.py:151} INFO -      ⚠️ Erreur ligne 398: current transaction is aborted, commands ignored until end of transaction block
[2026-01-26T14:50:14.800+0000] {logging_mixin.py:151} INFO -      ⚠️ Erreur ligne 399: current transaction is aborted, commands ignored until end of transaction block
[2026-01-26T14:50:14.802+0000] {logging_mixin.py:151} INFO -      ⚠️ Erreur ligne 400: current transaction is aborted, commands ignored until end of transaction block
[2026-01-26T14:50:14.804+0000] {logging_mixin.py:151} INFO -      ⚠️ Erreur ligne 401: current transaction is aborted, commands ignored until end of transaction block
[2026-01-26T14:50:14.807+0000] {logging_mixin.py:151} INFO -      ⚠️ Erreur ligne 402: current transaction is aborted, commands ignored until end of transaction block
[2026-01-26T14:50:14.810+0000] {logging_mixin.py:151} INFO -      ⚠️ Erreur ligne 403: current transaction is aborted, commands ignored until end of transaction block
[2026-01-26T14:50:14.812+0000] {logging_mixin.py:151} INFO -      ⚠️ Erreur ligne 404: current transaction is aborted, commands ignored until end of transaction block
[2026-01-26T14:50:14.814+0000] {logging_mixin.py:151} INFO -      ⚠️ Erreur ligne 405: current transaction is aborted, commands ignored until end of transaction block
[2026-01-26T14:50:14.815+0000] {logging_mixin.py:151} INFO -      ⚠️ Erreur ligne 406: current transaction is aborted, commands ignored until end of transaction block
[2026-01-26T14:50:14.817+0000] {logging_mixin.py:151} INFO -      ⚠️ Erreur ligne 407: current transaction is aborted, commands ignored until end of transaction block
[2026-01-26T14:50:14.818+0000] {logging_mixin.py:151} INFO -      ⚠️ Erreur ligne 408: current transaction is aborted, commands ignored until end of transaction block
[2026-01-26T14:50:14.820+0000] {logging_mixin.py:151} INFO -      ⚠️ Erreur ligne 409: current transaction is aborted, commands ignored until end of transaction block
[2026-01-26T14:50:14.821+0000] {logging_mixin.py:151} INFO -      ⚠️ Erreur ligne 410: current transaction is aborted, commands ignored until end of transaction block
[2026-01-26T14:50:14.823+0000] {logging_mixin.py:151} INFO -      ⚠️ Erreur ligne 411: current transaction is aborted, commands ignored until end of transaction block
[2026-01-26T14:50:14.824+0000] {logging_mixin.py:151} INFO -      ⚠️ Erreur ligne 412: current transaction is aborted, commands ignored until end of transaction block
[2026-01-26T14:50:14.826+0000] {logging_mixin.py:151} INFO -      ⚠️ Erreur ligne 413: current transaction is aborted, commands ignored until end of transaction block
[2026-01-26T14:50:14.828+0000] {logging_mixin.py:151} INFO -      ⚠️ Erreur ligne 414: current transaction is aborted, commands ignored until end of transaction block
[2026-01-26T14:50:14.830+0000] {logging_mixin.py:151} INFO -      ⚠️ Erreur ligne 415: current transaction is aborted, commands ignored until end of transaction block
[2026-01-26T14:50:14.831+0000] {logging_mixin.py:151} INFO -      ⚠️ Erreur ligne 416: current transaction is aborted, commands ignored until end of transaction block
[2026-01-26T14:50:14.833+0000] {logging_mixin.py:151} INFO -      ⚠️ Erreur ligne 417: current transaction is aborted, commands ignored until end of transaction block
[2026-01-26T14:50:14.835+0000] {logging_mixin.py:151} INFO -      ⚠️ Erreur ligne 418: current transaction is aborted, commands ignored until end of transaction block
[2026-01-26T14:50:14.837+0000] {logging_mixin.py:151} INFO -      ⚠️ Erreur ligne 419: current transaction is aborted, commands ignored until end of transaction block
[2026-01-26T14:50:14.839+0000] {logging_mixin.py:151} INFO -      ⚠️ Erreur ligne 420: current transaction is aborted, commands ignored until end of transaction block
[2026-01-26T14:50:14.841+0000] {logging_mixin.py:151} INFO -      ⚠️ Erreur ligne 421: current transaction is aborted, commands ignored until end of transaction block
[2026-01-26T14:50:14.843+0000] {logging_mixin.py:151} INFO -      ⚠️ Erreur ligne 422: current transaction is aborted, commands ignored until end of transaction block
[2026-01-26T14:50:14.845+0000] {logging_mixin.py:151} INFO -      ⚠️ Erreur ligne 423: current transaction is aborted, commands ignored until end of transaction block
[2026-01-26T14:50:14.848+0000] {logging_mixin.py:151} INFO -      ⚠️ Erreur ligne 424: current transaction is aborted, commands ignored until end of transaction block
[2026-01-26T14:50:14.850+0000] {logging_mixin.py:151} INFO -      ⚠️ Erreur ligne 425: current transaction is aborted, commands ignored until end of transaction block
[2026-01-26T14:50:14.853+0000] {logging_mixin.py:151} INFO -      ⚠️ Erreur ligne 426: current transaction is aborted, commands ignored until end of transaction block
[2026-01-26T14:50:14.854+0000] {logging_mixin.py:151} INFO -      ⚠️ Erreur ligne 427: current transaction is aborted, commands ignored until end of transaction block
[2026-01-26T14:50:14.857+0000] {logging_mixin.py:151} INFO -      ⚠️ Erreur ligne 428: current transaction is aborted, commands ignored until end of transaction block
[2026-01-26T14:50:14.859+0000] {logging_mixin.py:151} INFO -      ⚠️ Erreur ligne 429: current transaction is aborted, commands ignored until end of transaction block
[2026-01-26T14:50:14.861+0000] {logging_mixin.py:151} INFO -      ⚠️ Erreur ligne 430: current transaction is aborted, commands ignored until end of transaction block
[2026-01-26T14:50:14.862+0000] {logging_mixin.py:151} INFO -      ⚠️ Erreur ligne 431: current transaction is aborted, commands ignored until end of transaction block
[2026-01-26T14:50:14.865+0000] {logging_mixin.py:151} INFO -      ⚠️ Erreur ligne 432: current transaction is aborted, commands ignored until end of transaction block
[2026-01-26T14:50:14.867+0000] {logging_mixin.py:151} INFO -      ⚠️ Erreur ligne 433: current transaction is aborted, commands ignored until end of transaction block
[2026-01-26T14:50:14.868+0000] {logging_mixin.py:151} INFO -      ⚠️ Erreur ligne 434: current transaction is aborted, commands ignored until end of transaction block
[2026-01-26T14:50:14.871+0000] {logging_mixin.py:151} INFO -      ⚠️ Erreur ligne 435: current transaction is aborted, commands ignored until end of transaction block
[2026-01-26T14:50:14.872+0000] {logging_mixin.py:151} INFO -      ⚠️ Erreur ligne 436: current transaction is aborted, commands ignored until end of transaction block
[2026-01-26T14:50:14.874+0000] {logging_mixin.py:151} INFO -      ⚠️ Erreur ligne 437: current transaction is aborted, commands ignored until end of transaction block
[2026-01-26T14:50:14.876+0000] {logging_mixin.py:151} INFO -      ⚠️ Erreur ligne 438: current transaction is aborted, commands ignored until end of transaction block
[2026-01-26T14:50:14.879+0000] {logging_mixin.py:151} INFO -      ⚠️ Erreur ligne 439: current transaction is aborted, commands ignored until end of transaction block
[2026-01-26T14:50:14.881+0000] {logging_mixin.py:151} INFO -      ⚠️ Erreur ligne 440: current transaction is aborted, commands ignored until end of transaction block
[2026-01-26T14:50:14.882+0000] {logging_mixin.py:151} INFO -      ⚠️ Erreur ligne 441: current transaction is aborted, commands ignored until end of transaction block
[2026-01-26T14:50:14.884+0000] {logging_mixin.py:151} INFO -      ⚠️ Erreur ligne 442: current transaction is aborted, commands ignored until end of transaction block
[2026-01-26T14:50:14.886+0000] {logging_mixin.py:151} INFO -      ⚠️ Erreur ligne 443: current transaction is aborted, commands ignored until end of transaction block
[2026-01-26T14:50:14.888+0000] {logging_mixin.py:151} INFO -      ⚠️ Erreur ligne 444: current transaction is aborted, commands ignored until end of transaction block
[2026-01-26T14:50:14.890+0000] {logging_mixin.py:151} INFO -      ⚠️ Erreur ligne 445: current transaction is aborted, commands ignored until end of transaction block
[2026-01-26T14:50:14.891+0000] {logging_mixin.py:151} INFO -      ⚠️ Erreur ligne 446: current transaction is aborted, commands ignored until end of transaction block
[2026-01-26T14:50:14.893+0000] {logging_mixin.py:151} INFO -      ⚠️ Erreur ligne 447: current transaction is aborted, commands ignored until end of transaction block
[2026-01-26T14:50:14.895+0000] {logging_mixin.py:151} INFO -      ⚠️ Erreur ligne 448: current transaction is aborted, commands ignored until end of transaction block
[2026-01-26T14:50:14.897+0000] {logging_mixin.py:151} INFO -      ⚠️ Erreur ligne 449: current transaction is aborted, commands ignored until end of transaction block
[2026-01-26T14:50:14.899+0000] {logging_mixin.py:151} INFO -      ⚠️ Erreur ligne 450: current transaction is aborted, commands ignored until end of transaction block
[2026-01-26T14:50:14.900+0000] {logging_mixin.py:151} INFO -      ⚠️ Erreur ligne 451: current transaction is aborted, commands ignored until end of transaction block
[2026-01-26T14:50:14.902+0000] {logging_mixin.py:151} INFO -      ⚠️ Erreur ligne 452: current transaction is aborted, commands ignored until end of transaction block
[2026-01-26T14:50:14.905+0000] {logging_mixin.py:151} INFO -      ⚠️ Erreur ligne 453: current transaction is aborted, commands ignored until end of transaction block
[2026-01-26T14:50:14.908+0000] {logging_mixin.py:151} INFO -      ⚠️ Erreur ligne 454: current transaction is aborted, commands ignored until end of transaction block
[2026-01-26T14:50:14.910+0000] {logging_mixin.py:151} INFO -      ⚠️ Erreur ligne 455: current transaction is aborted, commands ignored until end of transaction block
[2026-01-26T14:50:14.911+0000] {logging_mixin.py:151} INFO -      ⚠️ Erreur ligne 456: current transaction is aborted, commands ignored until end of transaction block
[2026-01-26T14:50:14.913+0000] {logging_mixin.py:151} INFO -      ⚠️ Erreur ligne 457: current transaction is aborted, commands ignored until end of transaction block
[2026-01-26T14:50:14.915+0000] {logging_mixin.py:151} INFO -      ⚠️ Erreur ligne 458: current transaction is aborted, commands ignored until end of transaction block
[2026-01-26T14:50:14.917+0000] {logging_mixin.py:151} INFO -      ⚠️ Erreur ligne 459: current transaction is aborted, commands ignored until end of transaction block
[2026-01-26T14:50:14.918+0000] {logging_mixin.py:151} INFO -      ⚠️ Erreur ligne 460: current transaction is aborted, commands ignored until end of transaction block
[2026-01-26T14:50:14.921+0000] {logging_mixin.py:151} INFO -      ⚠️ Erreur ligne 461: current transaction is aborted, commands ignored until end of transaction block
[2026-01-26T14:50:14.923+0000] {logging_mixin.py:151} INFO -      ⚠️ Erreur ligne 462: current transaction is aborted, commands ignored until end of transaction block
[2026-01-26T14:50:14.926+0000] {logging_mixin.py:151} INFO -      ⚠️ Erreur ligne 463: current transaction is aborted, commands ignored until end of transaction block
[2026-01-26T14:50:14.927+0000] {logging_mixin.py:151} INFO -      ⚠️ Erreur ligne 464: current transaction is aborted, commands ignored until end of transaction block
[2026-01-26T14:50:14.929+0000] {logging_mixin.py:151} INFO -      ⚠️ Erreur ligne 465: current transaction is aborted, commands ignored until end of transaction block
[2026-01-26T14:50:14.931+0000] {logging_mixin.py:151} INFO -      ⚠️ Erreur ligne 466: current transaction is aborted, commands ignored until end of transaction block
[2026-01-26T14:50:14.934+0000] {logging_mixin.py:151} INFO -      ⚠️ Erreur ligne 467: current transaction is aborted, commands ignored until end of transaction block
[2026-01-26T14:50:14.935+0000] {logging_mixin.py:151} INFO -      ⚠️ Erreur ligne 468: current transaction is aborted, commands ignored until end of transaction block
[2026-01-26T14:50:14.937+0000] {logging_mixin.py:151} INFO -      ⚠️ Erreur ligne 469: current transaction is aborted, commands ignored until end of transaction block
[2026-01-26T14:50:14.938+0000] {logging_mixin.py:151} INFO -      ⚠️ Erreur ligne 470: current transaction is aborted, commands ignored until end of transaction block
[2026-01-26T14:50:14.940+0000] {logging_mixin.py:151} INFO -      ⚠️ Erreur ligne 471: current transaction is aborted, commands ignored until end of transaction block
[2026-01-26T14:50:14.942+0000] {logging_mixin.py:151} INFO -      ⚠️ Erreur ligne 472: current transaction is aborted, commands ignored until end of transaction block
[2026-01-26T14:50:14.944+0000] {logging_mixin.py:151} INFO -      ⚠️ Erreur ligne 473: current transaction is aborted, commands ignored until end of transaction block
[2026-01-26T14:50:14.946+0000] {logging_mixin.py:151} INFO -      ⚠️ Erreur ligne 474: current transaction is aborted, commands ignored until end of transaction block
[2026-01-26T14:50:14.948+0000] {logging_mixin.py:151} INFO -      ⚠️ Erreur ligne 475: current transaction is aborted, commands ignored until end of transaction block
[2026-01-26T14:50:14.949+0000] {logging_mixin.py:151} INFO -      ⚠️ Erreur ligne 476: current transaction is aborted, commands ignored until end of transaction block
[2026-01-26T14:50:14.950+0000] {logging_mixin.py:151} INFO -      ⚠️ Erreur ligne 477: current transaction is aborted, commands ignored until end of transaction block
[2026-01-26T14:50:14.952+0000] {logging_mixin.py:151} INFO -      ⚠️ Erreur ligne 478: current transaction is aborted, commands ignored until end of transaction block
[2026-01-26T14:50:14.954+0000] {logging_mixin.py:151} INFO -      ⚠️ Erreur ligne 479: current transaction is aborted, commands ignored until end of transaction block
[2026-01-26T14:50:14.957+0000] {logging_mixin.py:151} INFO -      ⚠️ Erreur ligne 480: current transaction is aborted, commands ignored until end of transaction block
[2026-01-26T14:50:14.958+0000] {logging_mixin.py:151} INFO -      ⚠️ Erreur ligne 481: current transaction is aborted, commands ignored until end of transaction block
[2026-01-26T14:50:14.960+0000] {logging_mixin.py:151} INFO -      ⚠️ Erreur ligne 482: current transaction is aborted, commands ignored until end of transaction block
[2026-01-26T14:50:14.961+0000] {logging_mixin.py:151} INFO -      ⚠️ Erreur ligne 483: current transaction is aborted, commands ignored until end of transaction block
[2026-01-26T14:50:14.962+0000] {logging_mixin.py:151} INFO -      ⚠️ Erreur ligne 484: current transaction is aborted, commands ignored until end of transaction block
[2026-01-26T14:50:14.963+0000] {logging_mixin.py:151} INFO -      ⚠️ Erreur ligne 485: current transaction is aborted, commands ignored until end of transaction block
[2026-01-26T14:50:14.964+0000] {logging_mixin.py:151} INFO -      ⚠️ Erreur ligne 486: current transaction is aborted, commands ignored until end of transaction block
[2026-01-26T14:50:14.966+0000] {logging_mixin.py:151} INFO -      ⚠️ Erreur ligne 487: current transaction is aborted, commands ignored until end of transaction block
[2026-01-26T14:50:14.968+0000] {logging_mixin.py:151} INFO -      ⚠️ Erreur ligne 488: current transaction is aborted, commands ignored until end of transaction block
[2026-01-26T14:50:14.969+0000] {logging_mixin.py:151} INFO -      ⚠️ Erreur ligne 489: current transaction is aborted, commands ignored until end of transaction block
[2026-01-26T14:50:14.971+0000] {logging_mixin.py:151} INFO -      ⚠️ Erreur ligne 490: current transaction is aborted, commands ignored until end of transaction block
[2026-01-26T14:50:14.972+0000] {logging_mixin.py:151} INFO -      ⚠️ Erreur ligne 491: current transaction is aborted, commands ignored until end of transaction block
[2026-01-26T14:50:14.974+0000] {logging_mixin.py:151} INFO -      ⚠️ Erreur ligne 492: current transaction is aborted, commands ignored until end of transaction block
[2026-01-26T14:50:14.975+0000] {logging_mixin.py:151} INFO -      ⚠️ Erreur ligne 493: current transaction is aborted, commands ignored until end of transaction block
[2026-01-26T14:50:14.976+0000] {logging_mixin.py:151} INFO -      ⚠️ Erreur ligne 494: current transaction is aborted, commands ignored until end of transaction block
[2026-01-26T14:50:14.979+0000] {logging_mixin.py:151} INFO -      ⚠️ Erreur ligne 495: current transaction is aborted, commands ignored until end of transaction block
[2026-01-26T14:50:14.980+0000] {logging_mixin.py:151} INFO -      ⚠️ Erreur ligne 496: current transaction is aborted, commands ignored until end of transaction block
[2026-01-26T14:50:14.981+0000] {logging_mixin.py:151} INFO -      ⚠️ Erreur ligne 497: current transaction is aborted, commands ignored until end of transaction block
[2026-01-26T14:50:14.982+0000] {logging_mixin.py:151} INFO -      ⚠️ Erreur ligne 498: current transaction is aborted, commands ignored until end of transaction block
[2026-01-26T14:50:14.983+0000] {logging_mixin.py:151} INFO -      ⚠️ Erreur ligne 499: current transaction is aborted, commands ignored until end of transaction block
[2026-01-26T14:50:14.984+0000] {logging_mixin.py:151} INFO -      ⚠️ Erreur ligne 500: current transaction is aborted, commands ignored until end of transaction block
[2026-01-26T14:50:14.985+0000] {logging_mixin.py:151} INFO -      ⚠️ Erreur ligne 501: current transaction is aborted, commands ignored until end of transaction block
[2026-01-26T14:50:14.987+0000] {logging_mixin.py:151} INFO -      ⚠️ Erreur ligne 502: current transaction is aborted, commands ignored until end of transaction block
[2026-01-26T14:50:14.989+0000] {logging_mixin.py:151} INFO -      ⚠️ Erreur ligne 503: current transaction is aborted, commands ignored until end of transaction block
[2026-01-26T14:50:14.991+0000] {logging_mixin.py:151} INFO -      ⚠️ Erreur ligne 504: current transaction is aborted, commands ignored until end of transaction block
[2026-01-26T14:50:14.992+0000] {logging_mixin.py:151} INFO -      ⚠️ Erreur ligne 505: current transaction is aborted, commands ignored until end of transaction block
[2026-01-26T14:50:14.993+0000] {logging_mixin.py:151} INFO -      ⚠️ Erreur ligne 506: current transaction is aborted, commands ignored until end of transaction block
[2026-01-26T14:50:14.994+0000] {logging_mixin.py:151} INFO -      ⚠️ Erreur ligne 507: current transaction is aborted, commands ignored until end of transaction block
[2026-01-26T14:50:14.995+0000] {logging_mixin.py:151} INFO -      ⚠️ Erreur ligne 508: current transaction is aborted, commands ignored until end of transaction block
[2026-01-26T14:50:14.996+0000] {logging_mixin.py:151} INFO -      ⚠️ Erreur ligne 509: current transaction is aborted, commands ignored until end of transaction block
[2026-01-26T14:50:14.997+0000] {logging_mixin.py:151} INFO -      ⚠️ Erreur ligne 510: current transaction is aborted, commands ignored until end of transaction block
[2026-01-26T14:50:14.998+0000] {logging_mixin.py:151} INFO -      ⚠️ Erreur ligne 511: current transaction is aborted, commands ignored until end of transaction block
[2026-01-26T14:50:14.999+0000] {logging_mixin.py:151} INFO -      ⚠️ Erreur ligne 512: current transaction is aborted, commands ignored until end of transaction block
[2026-01-26T14:50:15.000+0000] {logging_mixin.py:151} INFO -      ⚠️ Erreur ligne 513: current transaction is aborted, commands ignored until end of transaction block
[2026-01-26T14:50:15.001+0000] {logging_mixin.py:151} INFO -      ⚠️ Erreur ligne 514: current transaction is aborted, commands ignored until end of transaction block
[2026-01-26T14:50:15.002+0000] {logging_mixin.py:151} INFO -      ⚠️ Erreur ligne 515: current transaction is aborted, commands ignored until end of transaction block
[2026-01-26T14:50:15.004+0000] {logging_mixin.py:151} INFO -      ⚠️ Erreur ligne 516: current transaction is aborted, commands ignored until end of transaction block
[2026-01-26T14:50:15.005+0000] {logging_mixin.py:151} INFO -      ⚠️ Erreur ligne 517: current transaction is aborted, commands ignored until end of transaction block
[2026-01-26T14:50:15.005+0000] {logging_mixin.py:151} INFO -      ⚠️ Erreur ligne 518: current transaction is aborted, commands ignored until end of transaction block
[2026-01-26T14:50:15.006+0000] {logging_mixin.py:151} INFO -      ⚠️ Erreur ligne 519: current transaction is aborted, commands ignored until end of transaction block
[2026-01-26T14:50:15.007+0000] {logging_mixin.py:151} INFO -      ⚠️ Erreur ligne 520: current transaction is aborted, commands ignored until end of transaction block
[2026-01-26T14:50:15.009+0000] {logging_mixin.py:151} INFO -      ⚠️ Erreur ligne 521: current transaction is aborted, commands ignored until end of transaction block
[2026-01-26T14:50:15.011+0000] {logging_mixin.py:151} INFO -      ⚠️ Erreur ligne 522: current transaction is aborted, commands ignored until end of transaction block
[2026-01-26T14:50:15.012+0000] {logging_mixin.py:151} INFO -      ⚠️ Erreur ligne 523: current transaction is aborted, commands ignored until end of transaction block
[2026-01-26T14:50:15.014+0000] {logging_mixin.py:151} INFO -      ⚠️ Erreur ligne 524: current transaction is aborted, commands ignored until end of transaction block
[2026-01-26T14:50:15.015+0000] {logging_mixin.py:151} INFO -      ⚠️ Erreur ligne 525: current transaction is aborted, commands ignored until end of transaction block
[2026-01-26T14:50:15.016+0000] {logging_mixin.py:151} INFO -      ⚠️ Erreur ligne 526: current transaction is aborted, commands ignored until end of transaction block
[2026-01-26T14:50:15.017+0000] {logging_mixin.py:151} INFO -      ⚠️ Erreur ligne 527: current transaction is aborted, commands ignored until end of transaction block
[2026-01-26T14:50:15.018+0000] {logging_mixin.py:151} INFO -      ⚠️ Erreur ligne 528: current transaction is aborted, commands ignored until end of transaction block
[2026-01-26T14:50:15.019+0000] {logging_mixin.py:151} INFO -      ⚠️ Erreur ligne 529: current transaction is aborted, commands ignored until end of transaction block
[2026-01-26T14:50:15.020+0000] {logging_mixin.py:151} INFO -      ⚠️ Erreur ligne 530: current transaction is aborted, commands ignored until end of transaction block
[2026-01-26T14:50:15.022+0000] {logging_mixin.py:151} INFO -      ⚠️ Erreur ligne 531: current transaction is aborted, commands ignored until end of transaction block
[2026-01-26T14:50:15.023+0000] {logging_mixin.py:151} INFO -      ⚠️ Erreur ligne 532: current transaction is aborted, commands ignored until end of transaction block
[2026-01-26T14:50:15.024+0000] {logging_mixin.py:151} INFO -      ⚠️ Erreur ligne 533: current transaction is aborted, commands ignored until end of transaction block
[2026-01-26T14:50:15.025+0000] {logging_mixin.py:151} INFO -      ⚠️ Erreur ligne 534: current transaction is aborted, commands ignored until end of transaction block
[2026-01-26T14:50:15.026+0000] {logging_mixin.py:151} INFO -      ⚠️ Erreur ligne 535: current transaction is aborted, commands ignored until end of transaction block
[2026-01-26T14:50:15.027+0000] {logging_mixin.py:151} INFO -      ⚠️ Erreur ligne 536: current transaction is aborted, commands ignored until end of transaction block
[2026-01-26T14:50:15.030+0000] {logging_mixin.py:151} INFO -      ⚠️ Erreur ligne 537: current transaction is aborted, commands ignored until end of transaction block
[2026-01-26T14:50:15.031+0000] {logging_mixin.py:151} INFO -      ⚠️ Erreur ligne 538: current transaction is aborted, commands ignored until end of transaction block
[2026-01-26T14:50:15.033+0000] {logging_mixin.py:151} INFO -      ⚠️ Erreur ligne 539: current transaction is aborted, commands ignored until end of transaction block
[2026-01-26T14:50:15.034+0000] {logging_mixin.py:151} INFO -      ⚠️ Erreur ligne 540: current transaction is aborted, commands ignored until end of transaction block
[2026-01-26T14:50:15.036+0000] {logging_mixin.py:151} INFO -      ⚠️ Erreur ligne 541: current transaction is aborted, commands ignored until end of transaction block
[2026-01-26T14:50:15.037+0000] {logging_mixin.py:151} INFO -      ⚠️ Erreur ligne 542: current transaction is aborted, commands ignored until end of transaction block
[2026-01-26T14:50:15.038+0000] {logging_mixin.py:151} INFO -      ⚠️ Erreur ligne 543: current transaction is aborted, commands ignored until end of transaction block
[2026-01-26T14:50:15.039+0000] {logging_mixin.py:151} INFO -      ⚠️ Erreur ligne 544: current transaction is aborted, commands ignored until end of transaction block
[2026-01-26T14:50:15.041+0000] {logging_mixin.py:151} INFO -      ⚠️ Erreur ligne 545: current transaction is aborted, commands ignored until end of transaction block
[2026-01-26T14:50:15.042+0000] {logging_mixin.py:151} INFO -      ⚠️ Erreur ligne 546: current transaction is aborted, commands ignored until end of transaction block
[2026-01-26T14:50:15.043+0000] {logging_mixin.py:151} INFO -      ⚠️ Erreur ligne 547: current transaction is aborted, commands ignored until end of transaction block
[2026-01-26T14:50:15.044+0000] {logging_mixin.py:151} INFO -      ⚠️ Erreur ligne 548: current transaction is aborted, commands ignored until end of transaction block
[2026-01-26T14:50:15.045+0000] {logging_mixin.py:151} INFO -      ⚠️ Erreur ligne 549: current transaction is aborted, commands ignored until end of transaction block
[2026-01-26T14:50:15.047+0000] {logging_mixin.py:151} INFO -      ⚠️ Erreur ligne 550: current transaction is aborted, commands ignored until end of transaction block
[2026-01-26T14:50:15.048+0000] {logging_mixin.py:151} INFO -      ⚠️ Erreur ligne 551: current transaction is aborted, commands ignored until end of transaction block
[2026-01-26T14:50:15.049+0000] {logging_mixin.py:151} INFO -      ⚠️ Erreur ligne 552: current transaction is aborted, commands ignored until end of transaction block
[2026-01-26T14:50:15.051+0000] {logging_mixin.py:151} INFO -      ⚠️ Erreur ligne 553: current transaction is aborted, commands ignored until end of transaction block
[2026-01-26T14:50:15.053+0000] {logging_mixin.py:151} INFO -      ⚠️ Erreur ligne 554: current transaction is aborted, commands ignored until end of transaction block
[2026-01-26T14:50:15.054+0000] {logging_mixin.py:151} INFO -      ⚠️ Erreur ligne 555: current transaction is aborted, commands ignored until end of transaction block
[2026-01-26T14:50:15.056+0000] {logging_mixin.py:151} INFO -      ⚠️ Erreur ligne 556: current transaction is aborted, commands ignored until end of transaction block
[2026-01-26T14:50:15.057+0000] {logging_mixin.py:151} INFO -      ⚠️ Erreur ligne 557: current transaction is aborted, commands ignored until end of transaction block
[2026-01-26T14:50:15.058+0000] {logging_mixin.py:151} INFO -      ⚠️ Erreur ligne 558: current transaction is aborted, commands ignored until end of transaction block
[2026-01-26T14:50:15.059+0000] {logging_mixin.py:151} INFO -      ⚠️ Erreur ligne 559: current transaction is aborted, commands ignored until end of transaction block
[2026-01-26T14:50:15.060+0000] {logging_mixin.py:151} INFO -      ⚠️ Erreur ligne 560: current transaction is aborted, commands ignored until end of transaction block
[2026-01-26T14:50:15.061+0000] {logging_mixin.py:151} INFO -      ⚠️ Erreur ligne 561: current transaction is aborted, commands ignored until end of transaction block
[2026-01-26T14:50:15.061+0000] {logging_mixin.py:151} INFO -      ⚠️ Erreur ligne 562: current transaction is aborted, commands ignored until end of transaction block
[2026-01-26T14:50:15.063+0000] {logging_mixin.py:151} INFO -      ⚠️ Erreur ligne 563: current transaction is aborted, commands ignored until end of transaction block
[2026-01-26T14:50:15.063+0000] {logging_mixin.py:151} INFO -      ⚠️ Erreur ligne 564: current transaction is aborted, commands ignored until end of transaction block
[2026-01-26T14:50:15.064+0000] {logging_mixin.py:151} INFO -      ⚠️ Erreur ligne 565: current transaction is aborted, commands ignored until end of transaction block
[2026-01-26T14:50:15.065+0000] {logging_mixin.py:151} INFO -      ⚠️ Erreur ligne 566: current transaction is aborted, commands ignored until end of transaction block
[2026-01-26T14:50:15.066+0000] {logging_mixin.py:151} INFO -      ⚠️ Erreur ligne 567: current transaction is aborted, commands ignored until end of transaction block
[2026-01-26T14:50:15.067+0000] {logging_mixin.py:151} INFO -      ⚠️ Erreur ligne 568: current transaction is aborted, commands ignored until end of transaction block
[2026-01-26T14:50:15.068+0000] {logging_mixin.py:151} INFO -      ⚠️ Erreur ligne 569: current transaction is aborted, commands ignored until end of transaction block
[2026-01-26T14:50:15.069+0000] {logging_mixin.py:151} INFO -      ⚠️ Erreur ligne 570: current transaction is aborted, commands ignored until end of transaction block
[2026-01-26T14:50:15.071+0000] {logging_mixin.py:151} INFO -      ⚠️ Erreur ligne 571: current transaction is aborted, commands ignored until end of transaction block
[2026-01-26T14:50:15.072+0000] {logging_mixin.py:151} INFO -      ⚠️ Erreur ligne 572: current transaction is aborted, commands ignored until end of transaction block
[2026-01-26T14:50:15.074+0000] {logging_mixin.py:151} INFO -      ⚠️ Erreur ligne 573: current transaction is aborted, commands ignored until end of transaction block
[2026-01-26T14:50:15.075+0000] {logging_mixin.py:151} INFO -      ⚠️ Erreur ligne 574: current transaction is aborted, commands ignored until end of transaction block
[2026-01-26T14:50:15.076+0000] {logging_mixin.py:151} INFO -      ⚠️ Erreur ligne 575: current transaction is aborted, commands ignored until end of transaction block
[2026-01-26T14:50:15.077+0000] {logging_mixin.py:151} INFO -      ⚠️ Erreur ligne 576: current transaction is aborted, commands ignored until end of transaction block
[2026-01-26T14:50:15.078+0000] {logging_mixin.py:151} INFO -      ⚠️ Erreur ligne 577: current transaction is aborted, commands ignored until end of transaction block
[2026-01-26T14:50:15.080+0000] {logging_mixin.py:151} INFO -      ⚠️ Erreur ligne 578: current transaction is aborted, commands ignored until end of transaction block
[2026-01-26T14:50:15.080+0000] {logging_mixin.py:151} INFO -      ⚠️ Erreur ligne 579: current transaction is aborted, commands ignored until end of transaction block
[2026-01-26T14:50:15.081+0000] {logging_mixin.py:151} INFO -      ⚠️ Erreur ligne 580: current transaction is aborted, commands ignored until end of transaction block
[2026-01-26T14:50:15.082+0000] {logging_mixin.py:151} INFO -      ⚠️ Erreur ligne 581: current transaction is aborted, commands ignored until end of transaction block
[2026-01-26T14:50:15.083+0000] {logging_mixin.py:151} INFO -      ⚠️ Erreur ligne 582: current transaction is aborted, commands ignored until end of transaction block
[2026-01-26T14:50:15.084+0000] {logging_mixin.py:151} INFO -      ⚠️ Erreur ligne 583: current transaction is aborted, commands ignored until end of transaction block
[2026-01-26T14:50:15.085+0000] {logging_mixin.py:151} INFO -      ⚠️ Erreur ligne 584: current transaction is aborted, commands ignored until end of transaction block
[2026-01-26T14:50:15.087+0000] {logging_mixin.py:151} INFO -      ⚠️ Erreur ligne 585: current transaction is aborted, commands ignored until end of transaction block
[2026-01-26T14:50:15.088+0000] {logging_mixin.py:151} INFO -      ⚠️ Erreur ligne 586: current transaction is aborted, commands ignored until end of transaction block
[2026-01-26T14:50:15.089+0000] {logging_mixin.py:151} INFO -      ⚠️ Erreur ligne 587: current transaction is aborted, commands ignored until end of transaction block
[2026-01-26T14:50:15.090+0000] {logging_mixin.py:151} INFO -      ⚠️ Erreur ligne 588: current transaction is aborted, commands ignored until end of transaction block
[2026-01-26T14:50:15.092+0000] {logging_mixin.py:151} INFO -      ⚠️ Erreur ligne 589: current transaction is aborted, commands ignored until end of transaction block
[2026-01-26T14:50:15.093+0000] {logging_mixin.py:151} INFO -      ⚠️ Erreur ligne 590: current transaction is aborted, commands ignored until end of transaction block
[2026-01-26T14:50:15.094+0000] {logging_mixin.py:151} INFO -      ⚠️ Erreur ligne 591: current transaction is aborted, commands ignored until end of transaction block
[2026-01-26T14:50:15.095+0000] {logging_mixin.py:151} INFO -      ⚠️ Erreur ligne 592: current transaction is aborted, commands ignored until end of transaction block
[2026-01-26T14:50:15.096+0000] {logging_mixin.py:151} INFO -      ⚠️ Erreur ligne 593: current transaction is aborted, commands ignored until end of transaction block
[2026-01-26T14:50:15.097+0000] {logging_mixin.py:151} INFO -      ⚠️ Erreur ligne 594: current transaction is aborted, commands ignored until end of transaction block
[2026-01-26T14:50:15.098+0000] {logging_mixin.py:151} INFO -      ⚠️ Erreur ligne 595: current transaction is aborted, commands ignored until end of transaction block
[2026-01-26T14:50:15.099+0000] {logging_mixin.py:151} INFO -      ⚠️ Erreur ligne 596: current transaction is aborted, commands ignored until end of transaction block
[2026-01-26T14:50:15.100+0000] {logging_mixin.py:151} INFO -      ⚠️ Erreur ligne 597: current transaction is aborted, commands ignored until end of transaction block
[2026-01-26T14:50:15.101+0000] {logging_mixin.py:151} INFO -      ⚠️ Erreur ligne 598: current transaction is aborted, commands ignored until end of transaction block
[2026-01-26T14:50:15.103+0000] {logging_mixin.py:151} INFO -      ⚠️ Erreur ligne 599: current transaction is aborted, commands ignored until end of transaction block
[2026-01-26T14:50:15.104+0000] {logging_mixin.py:151} INFO -      ⚠️ Erreur ligne 600: current transaction is aborted, commands ignored until end of transaction block
[2026-01-26T14:50:15.104+0000] {logging_mixin.py:151} INFO -      ⚠️ Erreur ligne 601: current transaction is aborted, commands ignored until end of transaction block
[2026-01-26T14:50:15.105+0000] {logging_mixin.py:151} INFO -      ⚠️ Erreur ligne 602: current transaction is aborted, commands ignored until end of transaction block
[2026-01-26T14:50:15.106+0000] {logging_mixin.py:151} INFO -      ⚠️ Erreur ligne 603: current transaction is aborted, commands ignored until end of transaction block
[2026-01-26T14:50:15.107+0000] {logging_mixin.py:151} INFO -      ⚠️ Erreur ligne 604: current transaction is aborted, commands ignored until end of transaction block
[2026-01-26T14:50:15.108+0000] {logging_mixin.py:151} INFO -      ⚠️ Erreur ligne 605: current transaction is aborted, commands ignored until end of transaction block
[2026-01-26T14:50:15.109+0000] {logging_mixin.py:151} INFO -      ⚠️ Erreur ligne 606: current transaction is aborted, commands ignored until end of transaction block
[2026-01-26T14:50:15.110+0000] {logging_mixin.py:151} INFO -      ⚠️ Erreur ligne 607: current transaction is aborted, commands ignored until end of transaction block
[2026-01-26T14:50:15.111+0000] {logging_mixin.py:151} INFO -      ⚠️ Erreur ligne 608: current transaction is aborted, commands ignored until end of transaction block
[2026-01-26T14:50:15.112+0000] {logging_mixin.py:151} INFO -      ⚠️ Erreur ligne 609: current transaction is aborted, commands ignored until end of transaction block
[2026-01-26T14:50:15.114+0000] {logging_mixin.py:151} INFO -      ⚠️ Erreur ligne 610: current transaction is aborted, commands ignored until end of transaction block
[2026-01-26T14:50:15.115+0000] {logging_mixin.py:151} INFO -      ⚠️ Erreur ligne 611: current transaction is aborted, commands ignored until end of transaction block
[2026-01-26T14:50:15.116+0000] {logging_mixin.py:151} INFO -      ⚠️ Erreur ligne 612: current transaction is aborted, commands ignored until end of transaction block
[2026-01-26T14:50:15.117+0000] {logging_mixin.py:151} INFO -      ⚠️ Erreur ligne 613: current transaction is aborted, commands ignored until end of transaction block
[2026-01-26T14:50:15.118+0000] {logging_mixin.py:151} INFO -      ⚠️ Erreur ligne 614: current transaction is aborted, commands ignored until end of transaction block
[2026-01-26T14:50:15.120+0000] {logging_mixin.py:151} INFO -      ⚠️ Erreur ligne 615: current transaction is aborted, commands ignored until end of transaction block
[2026-01-26T14:50:15.121+0000] {logging_mixin.py:151} INFO -      ⚠️ Erreur ligne 616: current transaction is aborted, commands ignored until end of transaction block
[2026-01-26T14:50:15.122+0000] {logging_mixin.py:151} INFO -      ⚠️ Erreur ligne 617: current transaction is aborted, commands ignored until end of transaction block
[2026-01-26T14:50:15.123+0000] {logging_mixin.py:151} INFO -      ⚠️ Erreur ligne 618: current transaction is aborted, commands ignored until end of transaction block
[2026-01-26T14:50:15.124+0000] {logging_mixin.py:151} INFO -      ⚠️ Erreur ligne 619: current transaction is aborted, commands ignored until end of transaction block
[2026-01-26T14:50:15.125+0000] {logging_mixin.py:151} INFO -      ⚠️ Erreur ligne 620: current transaction is aborted, commands ignored until end of transaction block
[2026-01-26T14:50:15.126+0000] {logging_mixin.py:151} INFO -      ⚠️ Erreur ligne 621: current transaction is aborted, commands ignored until end of transaction block
[2026-01-26T14:50:15.126+0000] {logging_mixin.py:151} INFO -      ⚠️ Erreur ligne 622: current transaction is aborted, commands ignored until end of transaction block
[2026-01-26T14:50:15.127+0000] {logging_mixin.py:151} INFO -      ⚠️ Erreur ligne 623: current transaction is aborted, commands ignored until end of transaction block
[2026-01-26T14:50:15.128+0000] {logging_mixin.py:151} INFO -      ⚠️ Erreur ligne 624: current transaction is aborted, commands ignored until end of transaction block
[2026-01-26T14:50:15.129+0000] {logging_mixin.py:151} INFO -      ⚠️ Erreur ligne 625: current transaction is aborted, commands ignored until end of transaction block
[2026-01-26T14:50:15.130+0000] {logging_mixin.py:151} INFO -      ⚠️ Erreur ligne 626: current transaction is aborted, commands ignored until end of transaction block
[2026-01-26T14:50:15.131+0000] {logging_mixin.py:151} INFO -      ⚠️ Erreur ligne 627: current transaction is aborted, commands ignored until end of transaction block
[2026-01-26T14:50:15.133+0000] {logging_mixin.py:151} INFO -      ⚠️ Erreur ligne 628: current transaction is aborted, commands ignored until end of transaction block
[2026-01-26T14:50:15.134+0000] {logging_mixin.py:151} INFO -      ⚠️ Erreur ligne 629: current transaction is aborted, commands ignored until end of transaction block
[2026-01-26T14:50:15.136+0000] {logging_mixin.py:151} INFO -      ⚠️ Erreur ligne 630: current transaction is aborted, commands ignored until end of transaction block
[2026-01-26T14:50:15.137+0000] {logging_mixin.py:151} INFO -      ⚠️ Erreur ligne 631: current transaction is aborted, commands ignored until end of transaction block
[2026-01-26T14:50:15.139+0000] {logging_mixin.py:151} INFO -      ⚠️ Erreur ligne 632: current transaction is aborted, commands ignored until end of transaction block
[2026-01-26T14:50:15.140+0000] {logging_mixin.py:151} INFO -      ⚠️ Erreur ligne 633: current transaction is aborted, commands ignored until end of transaction block
[2026-01-26T14:50:15.141+0000] {logging_mixin.py:151} INFO -      ⚠️ Erreur ligne 634: current transaction is aborted, commands ignored until end of transaction block
[2026-01-26T14:50:15.142+0000] {logging_mixin.py:151} INFO -      ⚠️ Erreur ligne 635: current transaction is aborted, commands ignored until end of transaction block
[2026-01-26T14:50:15.142+0000] {logging_mixin.py:151} INFO -      ⚠️ Erreur ligne 636: current transaction is aborted, commands ignored until end of transaction block
[2026-01-26T14:50:15.143+0000] {logging_mixin.py:151} INFO -      ⚠️ Erreur ligne 637: current transaction is aborted, commands ignored until end of transaction block
[2026-01-26T14:50:15.144+0000] {logging_mixin.py:151} INFO -      ⚠️ Erreur ligne 638: current transaction is aborted, commands ignored until end of transaction block
[2026-01-26T14:50:15.145+0000] {logging_mixin.py:151} INFO -      ⚠️ Erreur ligne 639: current transaction is aborted, commands ignored until end of transaction block
[2026-01-26T14:50:15.146+0000] {logging_mixin.py:151} INFO -      ⚠️ Erreur ligne 640: current transaction is aborted, commands ignored until end of transaction block
[2026-01-26T14:50:15.147+0000] {logging_mixin.py:151} INFO -      ⚠️ Erreur ligne 641: current transaction is aborted, commands ignored until end of transaction block
[2026-01-26T14:50:15.148+0000] {logging_mixin.py:151} INFO -      ⚠️ Erreur ligne 642: current transaction is aborted, commands ignored until end of transaction block
[2026-01-26T14:50:15.149+0000] {logging_mixin.py:151} INFO -      ⚠️ Erreur ligne 643: current transaction is aborted, commands ignored until end of transaction block
[2026-01-26T14:50:15.150+0000] {logging_mixin.py:151} INFO -      ⚠️ Erreur ligne 644: current transaction is aborted, commands ignored until end of transaction block
[2026-01-26T14:50:15.151+0000] {logging_mixin.py:151} INFO -      ⚠️ Erreur ligne 645: current transaction is aborted, commands ignored until end of transaction block
[2026-01-26T14:50:15.152+0000] {logging_mixin.py:151} INFO -      ⚠️ Erreur ligne 646: current transaction is aborted, commands ignored until end of transaction block
[2026-01-26T14:50:15.154+0000] {logging_mixin.py:151} INFO -      ⚠️ Erreur ligne 647: current transaction is aborted, commands ignored until end of transaction block
[2026-01-26T14:50:15.155+0000] {logging_mixin.py:151} INFO -      ⚠️ Erreur ligne 648: current transaction is aborted, commands ignored until end of transaction block
[2026-01-26T14:50:15.156+0000] {logging_mixin.py:151} INFO -      ⚠️ Erreur ligne 649: current transaction is aborted, commands ignored until end of transaction block
[2026-01-26T14:50:15.157+0000] {logging_mixin.py:151} INFO -      ⚠️ Erreur ligne 650: current transaction is aborted, commands ignored until end of transaction block
[2026-01-26T14:50:15.158+0000] {logging_mixin.py:151} INFO -      ⚠️ Erreur ligne 651: current transaction is aborted, commands ignored until end of transaction block
[2026-01-26T14:50:15.159+0000] {logging_mixin.py:151} INFO -      ⚠️ Erreur ligne 652: current transaction is aborted, commands ignored until end of transaction block
[2026-01-26T14:50:15.160+0000] {logging_mixin.py:151} INFO -      ⚠️ Erreur ligne 653: current transaction is aborted, commands ignored until end of transaction block
[2026-01-26T14:50:15.161+0000] {logging_mixin.py:151} INFO -      ⚠️ Erreur ligne 654: current transaction is aborted, commands ignored until end of transaction block
[2026-01-26T14:50:15.162+0000] {logging_mixin.py:151} INFO -      ⚠️ Erreur ligne 655: current transaction is aborted, commands ignored until end of transaction block
[2026-01-26T14:50:15.163+0000] {logging_mixin.py:151} INFO -      ⚠️ Erreur ligne 656: current transaction is aborted, commands ignored until end of transaction block
[2026-01-26T14:50:15.164+0000] {logging_mixin.py:151} INFO -      ⚠️ Erreur ligne 657: current transaction is aborted, commands ignored until end of transaction block
[2026-01-26T14:50:15.165+0000] {logging_mixin.py:151} INFO -      ⚠️ Erreur ligne 658: current transaction is aborted, commands ignored until end of transaction block
[2026-01-26T14:50:15.166+0000] {logging_mixin.py:151} INFO -      ⚠️ Erreur ligne 659: current transaction is aborted, commands ignored until end of transaction block
[2026-01-26T14:50:15.167+0000] {logging_mixin.py:151} INFO -      ⚠️ Erreur ligne 660: current transaction is aborted, commands ignored until end of transaction block
[2026-01-26T14:50:15.168+0000] {logging_mixin.py:151} INFO -      ⚠️ Erreur ligne 661: current transaction is aborted, commands ignored until end of transaction block
[2026-01-26T14:50:15.169+0000] {logging_mixin.py:151} INFO -      ⚠️ Erreur ligne 662: current transaction is aborted, commands ignored until end of transaction block
[2026-01-26T14:50:15.170+0000] {logging_mixin.py:151} INFO -      ⚠️ Erreur ligne 663: current transaction is aborted, commands ignored until end of transaction block
[2026-01-26T14:50:15.171+0000] {logging_mixin.py:151} INFO -      ⚠️ Erreur ligne 664: current transaction is aborted, commands ignored until end of transaction block
[2026-01-26T14:50:15.172+0000] {logging_mixin.py:151} INFO -      ⚠️ Erreur ligne 665: current transaction is aborted, commands ignored until end of transaction block
[2026-01-26T14:50:15.173+0000] {logging_mixin.py:151} INFO -      ⚠️ Erreur ligne 666: current transaction is aborted, commands ignored until end of transaction block
[2026-01-26T14:50:15.175+0000] {logging_mixin.py:151} INFO -      ⚠️ Erreur ligne 667: current transaction is aborted, commands ignored until end of transaction block
[2026-01-26T14:50:15.176+0000] {logging_mixin.py:151} INFO -      ⚠️ Erreur ligne 668: current transaction is aborted, commands ignored until end of transaction block
[2026-01-26T14:50:15.178+0000] {logging_mixin.py:151} INFO -      ⚠️ Erreur ligne 669: current transaction is aborted, commands ignored until end of transaction block
[2026-01-26T14:50:15.179+0000] {logging_mixin.py:151} INFO -      ⚠️ Erreur ligne 670: current transaction is aborted, commands ignored until end of transaction block
[2026-01-26T14:50:15.180+0000] {logging_mixin.py:151} INFO -      ⚠️ Erreur ligne 671: current transaction is aborted, commands ignored until end of transaction block
[2026-01-26T14:50:15.181+0000] {logging_mixin.py:151} INFO -      ⚠️ Erreur ligne 672: current transaction is aborted, commands ignored until end of transaction block
[2026-01-26T14:50:15.182+0000] {logging_mixin.py:151} INFO -      ⚠️ Erreur ligne 673: current transaction is aborted, commands ignored until end of transaction block
[2026-01-26T14:50:15.183+0000] {logging_mixin.py:151} INFO -      ⚠️ Erreur ligne 674: current transaction is aborted, commands ignored until end of transaction block
[2026-01-26T14:50:15.184+0000] {logging_mixin.py:151} INFO -      ⚠️ Erreur ligne 675: current transaction is aborted, commands ignored until end of transaction block
[2026-01-26T14:50:15.185+0000] {logging_mixin.py:151} INFO -      ⚠️ Erreur ligne 676: current transaction is aborted, commands ignored until end of transaction block
[2026-01-26T14:50:15.186+0000] {logging_mixin.py:151} INFO -      ⚠️ Erreur ligne 677: current transaction is aborted, commands ignored until end of transaction block
[2026-01-26T14:50:15.187+0000] {logging_mixin.py:151} INFO -      ⚠️ Erreur ligne 678: current transaction is aborted, commands ignored until end of transaction block
[2026-01-26T14:50:15.188+0000] {logging_mixin.py:151} INFO -      ⚠️ Erreur ligne 679: current transaction is aborted, commands ignored until end of transaction block
[2026-01-26T14:50:15.189+0000] {logging_mixin.py:151} INFO -      ⚠️ Erreur ligne 680: current transaction is aborted, commands ignored until end of transaction block
[2026-01-26T14:50:15.190+0000] {logging_mixin.py:151} INFO -      ⚠️ Erreur ligne 681: current transaction is aborted, commands ignored until end of transaction block
[2026-01-26T14:50:15.191+0000] {logging_mixin.py:151} INFO -      ⚠️ Erreur ligne 682: current transaction is aborted, commands ignored until end of transaction block
[2026-01-26T14:50:15.192+0000] {logging_mixin.py:151} INFO -      ⚠️ Erreur ligne 683: current transaction is aborted, commands ignored until end of transaction block
[2026-01-26T14:50:15.193+0000] {logging_mixin.py:151} INFO -      ⚠️ Erreur ligne 684: current transaction is aborted, commands ignored until end of transaction block
[2026-01-26T14:50:15.194+0000] {logging_mixin.py:151} INFO -      ⚠️ Erreur ligne 685: current transaction is aborted, commands ignored until end of transaction block
[2026-01-26T14:50:15.195+0000] {logging_mixin.py:151} INFO -      ⚠️ Erreur ligne 686: current transaction is aborted, commands ignored until end of transaction block
[2026-01-26T14:50:15.196+0000] {logging_mixin.py:151} INFO -      ⚠️ Erreur ligne 687: current transaction is aborted, commands ignored until end of transaction block
[2026-01-26T14:50:15.198+0000] {logging_mixin.py:151} INFO -      ⚠️ Erreur ligne 688: current transaction is aborted, commands ignored until end of transaction block
[2026-01-26T14:50:15.199+0000] {logging_mixin.py:151} INFO -      ⚠️ Erreur ligne 689: current transaction is aborted, commands ignored until end of transaction block
[2026-01-26T14:50:15.200+0000] {logging_mixin.py:151} INFO -      ⚠️ Erreur ligne 690: current transaction is aborted, commands ignored until end of transaction block
[2026-01-26T14:50:15.201+0000] {logging_mixin.py:151} INFO -      ⚠️ Erreur ligne 691: current transaction is aborted, commands ignored until end of transaction block
[2026-01-26T14:50:15.203+0000] {logging_mixin.py:151} INFO -      ⚠️ Erreur ligne 692: current transaction is aborted, commands ignored until end of transaction block
[2026-01-26T14:50:15.204+0000] {logging_mixin.py:151} INFO -      ⚠️ Erreur ligne 693: current transaction is aborted, commands ignored until end of transaction block
[2026-01-26T14:50:15.205+0000] {logging_mixin.py:151} INFO -      ⚠️ Erreur ligne 694: current transaction is aborted, commands ignored until end of transaction block
[2026-01-26T14:50:15.206+0000] {logging_mixin.py:151} INFO -      ⚠️ Erreur ligne 695: current transaction is aborted, commands ignored until end of transaction block
[2026-01-26T14:50:15.207+0000] {logging_mixin.py:151} INFO -      ⚠️ Erreur ligne 696: current transaction is aborted, commands ignored until end of transaction block
[2026-01-26T14:50:15.208+0000] {logging_mixin.py:151} INFO -      ⚠️ Erreur ligne 697: current transaction is aborted, commands ignored until end of transaction block
[2026-01-26T14:50:15.209+0000] {logging_mixin.py:151} INFO -      ⚠️ Erreur ligne 698: current transaction is aborted, commands ignored until end of transaction block
[2026-01-26T14:50:15.210+0000] {logging_mixin.py:151} INFO -      ⚠️ Erreur ligne 699: current transaction is aborted, commands ignored until end of transaction block
[2026-01-26T14:50:15.211+0000] {logging_mixin.py:151} INFO -      ⚠️ Erreur ligne 700: current transaction is aborted, commands ignored until end of transaction block
[2026-01-26T14:50:15.211+0000] {logging_mixin.py:151} INFO -      ⚠️ Erreur ligne 701: current transaction is aborted, commands ignored until end of transaction block
[2026-01-26T14:50:15.212+0000] {logging_mixin.py:151} INFO -      ⚠️ Erreur ligne 702: current transaction is aborted, commands ignored until end of transaction block
[2026-01-26T14:50:15.213+0000] {logging_mixin.py:151} INFO -      ⚠️ Erreur ligne 703: current transaction is aborted, commands ignored until end of transaction block
[2026-01-26T14:50:15.214+0000] {logging_mixin.py:151} INFO -      ⚠️ Erreur ligne 704: current transaction is aborted, commands ignored until end of transaction block
[2026-01-26T14:50:15.216+0000] {logging_mixin.py:151} INFO -      ⚠️ Erreur ligne 705: current transaction is aborted, commands ignored until end of transaction block
[2026-01-26T14:50:15.218+0000] {logging_mixin.py:151} INFO -      ⚠️ Erreur ligne 706: current transaction is aborted, commands ignored until end of transaction block
[2026-01-26T14:50:15.220+0000] {logging_mixin.py:151} INFO -      ⚠️ Erreur ligne 707: current transaction is aborted, commands ignored until end of transaction block
[2026-01-26T14:50:15.221+0000] {logging_mixin.py:151} INFO -      ⚠️ Erreur ligne 708: current transaction is aborted, commands ignored until end of transaction block
[2026-01-26T14:50:15.222+0000] {logging_mixin.py:151} INFO -      ⚠️ Erreur ligne 709: current transaction is aborted, commands ignored until end of transaction block
[2026-01-26T14:50:15.223+0000] {logging_mixin.py:151} INFO -      ⚠️ Erreur ligne 710: current transaction is aborted, commands ignored until end of transaction block
[2026-01-26T14:50:15.224+0000] {logging_mixin.py:151} INFO -      ⚠️ Erreur ligne 711: current transaction is aborted, commands ignored until end of transaction block
[2026-01-26T14:50:15.225+0000] {logging_mixin.py:151} INFO -      ⚠️ Erreur ligne 712: current transaction is aborted, commands ignored until end of transaction block
[2026-01-26T14:50:15.226+0000] {logging_mixin.py:151} INFO -      ⚠️ Erreur ligne 713: current transaction is aborted, commands ignored until end of transaction block
[2026-01-26T14:50:15.227+0000] {logging_mixin.py:151} INFO -      ⚠️ Erreur ligne 714: current transaction is aborted, commands ignored until end of transaction block
[2026-01-26T14:50:15.228+0000] {logging_mixin.py:151} INFO -      ⚠️ Erreur ligne 715: current transaction is aborted, commands ignored until end of transaction block
[2026-01-26T14:50:15.228+0000] {logging_mixin.py:151} INFO -      ⚠️ Erreur ligne 716: current transaction is aborted, commands ignored until end of transaction block
[2026-01-26T14:50:15.229+0000] {logging_mixin.py:151} INFO -      ⚠️ Erreur ligne 717: current transaction is aborted, commands ignored until end of transaction block
[2026-01-26T14:50:15.230+0000] {logging_mixin.py:151} INFO -      ⚠️ Erreur ligne 718: current transaction is aborted, commands ignored until end of transaction block
[2026-01-26T14:50:15.232+0000] {logging_mixin.py:151} INFO -      ⚠️ Erreur ligne 719: current transaction is aborted, commands ignored until end of transaction block
[2026-01-26T14:50:15.232+0000] {logging_mixin.py:151} INFO -      ⚠️ Erreur ligne 720: current transaction is aborted, commands ignored until end of transaction block
[2026-01-26T14:50:15.234+0000] {logging_mixin.py:151} INFO -      ⚠️ Erreur ligne 721: current transaction is aborted, commands ignored until end of transaction block
[2026-01-26T14:50:15.235+0000] {logging_mixin.py:151} INFO -      ⚠️ Erreur ligne 722: current transaction is aborted, commands ignored until end of transaction block
[2026-01-26T14:50:15.236+0000] {logging_mixin.py:151} INFO -      ⚠️ Erreur ligne 723: current transaction is aborted, commands ignored until end of transaction block
[2026-01-26T14:50:15.237+0000] {logging_mixin.py:151} INFO -      ⚠️ Erreur ligne 724: current transaction is aborted, commands ignored until end of transaction block
[2026-01-26T14:50:15.238+0000] {logging_mixin.py:151} INFO -      ⚠️ Erreur ligne 725: current transaction is aborted, commands ignored until end of transaction block
[2026-01-26T14:50:15.239+0000] {logging_mixin.py:151} INFO -      ⚠️ Erreur ligne 726: current transaction is aborted, commands ignored until end of transaction block
[2026-01-26T14:50:15.240+0000] {logging_mixin.py:151} INFO -      ⚠️ Erreur ligne 727: current transaction is aborted, commands ignored until end of transaction block
[2026-01-26T14:50:15.241+0000] {logging_mixin.py:151} INFO -      ⚠️ Erreur ligne 728: current transaction is aborted, commands ignored until end of transaction block
[2026-01-26T14:50:15.242+0000] {logging_mixin.py:151} INFO -      ⚠️ Erreur ligne 729: current transaction is aborted, commands ignored until end of transaction block
[2026-01-26T14:50:15.243+0000] {logging_mixin.py:151} INFO -      ⚠️ Erreur ligne 730: current transaction is aborted, commands ignored until end of transaction block
[2026-01-26T14:50:15.244+0000] {logging_mixin.py:151} INFO -      ⚠️ Erreur ligne 731: current transaction is aborted, commands ignored until end of transaction block
[2026-01-26T14:50:15.245+0000] {logging_mixin.py:151} INFO -      ⚠️ Erreur ligne 732: current transaction is aborted, commands ignored until end of transaction block
[2026-01-26T14:50:15.246+0000] {logging_mixin.py:151} INFO -      ⚠️ Erreur ligne 733: current transaction is aborted, commands ignored until end of transaction block
[2026-01-26T14:50:15.247+0000] {logging_mixin.py:151} INFO -      ⚠️ Erreur ligne 734: current transaction is aborted, commands ignored until end of transaction block
[2026-01-26T14:50:15.248+0000] {logging_mixin.py:151} INFO -      ⚠️ Erreur ligne 735: current transaction is aborted, commands ignored until end of transaction block
[2026-01-26T14:50:15.249+0000] {logging_mixin.py:151} INFO -      ⚠️ Erreur ligne 736: current transaction is aborted, commands ignored until end of transaction block
[2026-01-26T14:50:15.250+0000] {logging_mixin.py:151} INFO -      ⚠️ Erreur ligne 737: current transaction is aborted, commands ignored until end of transaction block
[2026-01-26T14:50:15.251+0000] {logging_mixin.py:151} INFO -      ⚠️ Erreur ligne 738: current transaction is aborted, commands ignored until end of transaction block
[2026-01-26T14:50:15.252+0000] {logging_mixin.py:151} INFO -      ⚠️ Erreur ligne 739: current transaction is aborted, commands ignored until end of transaction block
[2026-01-26T14:50:15.253+0000] {logging_mixin.py:151} INFO -      ⚠️ Erreur ligne 740: current transaction is aborted, commands ignored until end of transaction block
[2026-01-26T14:50:15.254+0000] {logging_mixin.py:151} INFO -      ⚠️ Erreur ligne 741: current transaction is aborted, commands ignored until end of transaction block
[2026-01-26T14:50:15.255+0000] {logging_mixin.py:151} INFO -      ⚠️ Erreur ligne 742: current transaction is aborted, commands ignored until end of transaction block
[2026-01-26T14:50:15.255+0000] {logging_mixin.py:151} INFO -      ⚠️ Erreur ligne 743: current transaction is aborted, commands ignored until end of transaction block
[2026-01-26T14:50:15.256+0000] {logging_mixin.py:151} INFO -      ⚠️ Erreur ligne 744: current transaction is aborted, commands ignored until end of transaction block
[2026-01-26T14:50:15.258+0000] {logging_mixin.py:151} INFO -      ⚠️ Erreur ligne 745: current transaction is aborted, commands ignored until end of transaction block
[2026-01-26T14:50:15.258+0000] {logging_mixin.py:151} INFO -      ⚠️ Erreur ligne 746: current transaction is aborted, commands ignored until end of transaction block
[2026-01-26T14:50:15.259+0000] {logging_mixin.py:151} INFO -      ⚠️ Erreur ligne 747: current transaction is aborted, commands ignored until end of transaction block
[2026-01-26T14:50:15.260+0000] {logging_mixin.py:151} INFO -      ⚠️ Erreur ligne 748: current transaction is aborted, commands ignored until end of transaction block
[2026-01-26T14:50:15.261+0000] {logging_mixin.py:151} INFO -      ⚠️ Erreur ligne 749: current transaction is aborted, commands ignored until end of transaction block
[2026-01-26T14:50:15.262+0000] {logging_mixin.py:151} INFO -      ⚠️ Erreur ligne 750: current transaction is aborted, commands ignored until end of transaction block
[2026-01-26T14:50:15.263+0000] {logging_mixin.py:151} INFO -      ⚠️ Erreur ligne 751: current transaction is aborted, commands ignored until end of transaction block
[2026-01-26T14:50:15.264+0000] {logging_mixin.py:151} INFO -      ⚠️ Erreur ligne 752: current transaction is aborted, commands ignored until end of transaction block
[2026-01-26T14:50:15.265+0000] {logging_mixin.py:151} INFO -      ⚠️ Erreur ligne 753: current transaction is aborted, commands ignored until end of transaction block
[2026-01-26T14:50:15.266+0000] {logging_mixin.py:151} INFO -      ⚠️ Erreur ligne 754: current transaction is aborted, commands ignored until end of transaction block
[2026-01-26T14:50:15.267+0000] {logging_mixin.py:151} INFO -      ⚠️ Erreur ligne 755: current transaction is aborted, commands ignored until end of transaction block
[2026-01-26T14:50:15.268+0000] {logging_mixin.py:151} INFO -      ⚠️ Erreur ligne 756: current transaction is aborted, commands ignored until end of transaction block
[2026-01-26T14:50:15.269+0000] {logging_mixin.py:151} INFO -      ⚠️ Erreur ligne 757: current transaction is aborted, commands ignored until end of transaction block
[2026-01-26T14:50:15.271+0000] {logging_mixin.py:151} INFO -      ⚠️ Erreur ligne 758: current transaction is aborted, commands ignored until end of transaction block
[2026-01-26T14:50:15.272+0000] {logging_mixin.py:151} INFO -      ⚠️ Erreur ligne 759: current transaction is aborted, commands ignored until end of transaction block
[2026-01-26T14:50:15.273+0000] {logging_mixin.py:151} INFO -      ⚠️ Erreur ligne 760: current transaction is aborted, commands ignored until end of transaction block
[2026-01-26T14:50:15.274+0000] {logging_mixin.py:151} INFO -      ⚠️ Erreur ligne 761: current transaction is aborted, commands ignored until end of transaction block
[2026-01-26T14:50:15.275+0000] {logging_mixin.py:151} INFO -      ⚠️ Erreur ligne 762: current transaction is aborted, commands ignored until end of transaction block
[2026-01-26T14:50:15.276+0000] {logging_mixin.py:151} INFO -      ⚠️ Erreur ligne 763: current transaction is aborted, commands ignored until end of transaction block
[2026-01-26T14:50:15.277+0000] {logging_mixin.py:151} INFO -      ⚠️ Erreur ligne 764: current transaction is aborted, commands ignored until end of transaction block
[2026-01-26T14:50:15.278+0000] {logging_mixin.py:151} INFO -      ⚠️ Erreur ligne 765: current transaction is aborted, commands ignored until end of transaction block
[2026-01-26T14:50:15.279+0000] {logging_mixin.py:151} INFO -      ⚠️ Erreur ligne 766: current transaction is aborted, commands ignored until end of transaction block
[2026-01-26T14:50:15.279+0000] {logging_mixin.py:151} INFO -      ⚠️ Erreur ligne 767: current transaction is aborted, commands ignored until end of transaction block
[2026-01-26T14:50:15.280+0000] {logging_mixin.py:151} INFO -      ⚠️ Erreur ligne 768: current transaction is aborted, commands ignored until end of transaction block
[2026-01-26T14:50:15.281+0000] {logging_mixin.py:151} INFO -      ⚠️ Erreur ligne 769: current transaction is aborted, commands ignored until end of transaction block
[2026-01-26T14:50:15.282+0000] {logging_mixin.py:151} INFO -      ⚠️ Erreur ligne 770: current transaction is aborted, commands ignored until end of transaction block
[2026-01-26T14:50:15.283+0000] {logging_mixin.py:151} INFO -      ⚠️ Erreur ligne 771: current transaction is aborted, commands ignored until end of transaction block
[2026-01-26T14:50:15.284+0000] {logging_mixin.py:151} INFO -      ⚠️ Erreur ligne 772: current transaction is aborted, commands ignored until end of transaction block
[2026-01-26T14:50:15.285+0000] {logging_mixin.py:151} INFO -      ⚠️ Erreur ligne 773: current transaction is aborted, commands ignored until end of transaction block
[2026-01-26T14:50:15.286+0000] {logging_mixin.py:151} INFO -      ⚠️ Erreur ligne 774: current transaction is aborted, commands ignored until end of transaction block
[2026-01-26T14:50:15.287+0000] {logging_mixin.py:151} INFO -      ⚠️ Erreur ligne 775: current transaction is aborted, commands ignored until end of transaction block
[2026-01-26T14:50:15.288+0000] {logging_mixin.py:151} INFO -      ⚠️ Erreur ligne 776: current transaction is aborted, commands ignored until end of transaction block
[2026-01-26T14:50:15.288+0000] {logging_mixin.py:151} INFO -      ⚠️ Erreur ligne 777: current transaction is aborted, commands ignored until end of transaction block
[2026-01-26T14:50:15.289+0000] {logging_mixin.py:151} INFO -      ⚠️ Erreur ligne 778: current transaction is aborted, commands ignored until end of transaction block
[2026-01-26T14:50:15.290+0000] {logging_mixin.py:151} INFO -      ⚠️ Erreur ligne 779: current transaction is aborted, commands ignored until end of transaction block
[2026-01-26T14:50:15.291+0000] {logging_mixin.py:151} INFO -      ⚠️ Erreur ligne 780: current transaction is aborted, commands ignored until end of transaction block
[2026-01-26T14:50:15.291+0000] {logging_mixin.py:151} INFO -      ⚠️ Erreur ligne 781: current transaction is aborted, commands ignored until end of transaction block
[2026-01-26T14:50:15.293+0000] {logging_mixin.py:151} INFO -      ⚠️ Erreur ligne 782: current transaction is aborted, commands ignored until end of transaction block
[2026-01-26T14:50:15.295+0000] {logging_mixin.py:151} INFO -      ⚠️ Erreur ligne 783: current transaction is aborted, commands ignored until end of transaction block
[2026-01-26T14:50:15.296+0000] {logging_mixin.py:151} INFO -      ⚠️ Erreur ligne 784: current transaction is aborted, commands ignored until end of transaction block
[2026-01-26T14:50:15.297+0000] {logging_mixin.py:151} INFO -      ⚠️ Erreur ligne 785: current transaction is aborted, commands ignored until end of transaction block
[2026-01-26T14:50:15.298+0000] {logging_mixin.py:151} INFO -      ⚠️ Erreur ligne 786: current transaction is aborted, commands ignored until end of transaction block
[2026-01-26T14:50:15.299+0000] {logging_mixin.py:151} INFO -      ⚠️ Erreur ligne 787: current transaction is aborted, commands ignored until end of transaction block
[2026-01-26T14:50:15.300+0000] {logging_mixin.py:151} INFO -      ⚠️ Erreur ligne 788: current transaction is aborted, commands ignored until end of transaction block
[2026-01-26T14:50:15.301+0000] {logging_mixin.py:151} INFO -      ⚠️ Erreur ligne 789: current transaction is aborted, commands ignored until end of transaction block
[2026-01-26T14:50:15.302+0000] {logging_mixin.py:151} INFO -      ⚠️ Erreur ligne 790: current transaction is aborted, commands ignored until end of transaction block
[2026-01-26T14:50:15.303+0000] {logging_mixin.py:151} INFO -      ⚠️ Erreur ligne 791: current transaction is aborted, commands ignored until end of transaction block
[2026-01-26T14:50:15.303+0000] {logging_mixin.py:151} INFO -      ⚠️ Erreur ligne 792: current transaction is aborted, commands ignored until end of transaction block
[2026-01-26T14:50:15.304+0000] {logging_mixin.py:151} INFO -      ⚠️ Erreur ligne 793: current transaction is aborted, commands ignored until end of transaction block
[2026-01-26T14:50:15.305+0000] {logging_mixin.py:151} INFO -      ⚠️ Erreur ligne 794: current transaction is aborted, commands ignored until end of transaction block
[2026-01-26T14:50:15.306+0000] {logging_mixin.py:151} INFO -      ⚠️ Erreur ligne 795: current transaction is aborted, commands ignored until end of transaction block
[2026-01-26T14:50:15.307+0000] {logging_mixin.py:151} INFO -      ⚠️ Erreur ligne 796: current transaction is aborted, commands ignored until end of transaction block
[2026-01-26T14:50:15.308+0000] {logging_mixin.py:151} INFO -      ⚠️ Erreur ligne 797: current transaction is aborted, commands ignored until end of transaction block
[2026-01-26T14:50:15.309+0000] {logging_mixin.py:151} INFO -      ⚠️ Erreur ligne 798: current transaction is aborted, commands ignored until end of transaction block
[2026-01-26T14:50:15.310+0000] {logging_mixin.py:151} INFO -      ⚠️ Erreur ligne 799: current transaction is aborted, commands ignored until end of transaction block
[2026-01-26T14:50:15.310+0000] {logging_mixin.py:151} INFO -      ⚠️ Erreur ligne 800: current transaction is aborted, commands ignored until end of transaction block
[2026-01-26T14:50:15.311+0000] {logging_mixin.py:151} INFO -      ⚠️ Erreur ligne 801: current transaction is aborted, commands ignored until end of transaction block
[2026-01-26T14:50:15.312+0000] {logging_mixin.py:151} INFO -      ⚠️ Erreur ligne 802: current transaction is aborted, commands ignored until end of transaction block
[2026-01-26T14:50:15.313+0000] {logging_mixin.py:151} INFO -      ⚠️ Erreur ligne 803: current transaction is aborted, commands ignored until end of transaction block
[2026-01-26T14:50:15.315+0000] {logging_mixin.py:151} INFO -      ⚠️ Erreur ligne 804: current transaction is aborted, commands ignored until end of transaction block
[2026-01-26T14:50:15.316+0000] {logging_mixin.py:151} INFO -      ⚠️ Erreur ligne 805: current transaction is aborted, commands ignored until end of transaction block
[2026-01-26T14:50:15.317+0000] {logging_mixin.py:151} INFO -      ⚠️ Erreur ligne 806: current transaction is aborted, commands ignored until end of transaction block
[2026-01-26T14:50:15.318+0000] {logging_mixin.py:151} INFO -      ⚠️ Erreur ligne 807: current transaction is aborted, commands ignored until end of transaction block
[2026-01-26T14:50:15.319+0000] {logging_mixin.py:151} INFO -      ⚠️ Erreur ligne 808: current transaction is aborted, commands ignored until end of transaction block
[2026-01-26T14:50:15.320+0000] {logging_mixin.py:151} INFO -      ⚠️ Erreur ligne 809: current transaction is aborted, commands ignored until end of transaction block
[2026-01-26T14:50:15.321+0000] {logging_mixin.py:151} INFO -      ⚠️ Erreur ligne 810: current transaction is aborted, commands ignored until end of transaction block
[2026-01-26T14:50:15.322+0000] {logging_mixin.py:151} INFO -      ⚠️ Erreur ligne 811: current transaction is aborted, commands ignored until end of transaction block
[2026-01-26T14:50:15.323+0000] {logging_mixin.py:151} INFO -      ⚠️ Erreur ligne 812: current transaction is aborted, commands ignored until end of transaction block
[2026-01-26T14:50:15.324+0000] {logging_mixin.py:151} INFO -      ⚠️ Erreur ligne 813: current transaction is aborted, commands ignored until end of transaction block
[2026-01-26T14:50:15.325+0000] {logging_mixin.py:151} INFO -      ⚠️ Erreur ligne 814: current transaction is aborted, commands ignored until end of transaction block
[2026-01-26T14:50:15.326+0000] {logging_mixin.py:151} INFO -      ⚠️ Erreur ligne 815: current transaction is aborted, commands ignored until end of transaction block
[2026-01-26T14:50:15.327+0000] {logging_mixin.py:151} INFO -      ⚠️ Erreur ligne 816: current transaction is aborted, commands ignored until end of transaction block
[2026-01-26T14:50:15.327+0000] {logging_mixin.py:151} INFO -      ⚠️ Erreur ligne 817: current transaction is aborted, commands ignored until end of transaction block
[2026-01-26T14:50:15.328+0000] {logging_mixin.py:151} INFO -      ⚠️ Erreur ligne 818: current transaction is aborted, commands ignored until end of transaction block
[2026-01-26T14:50:15.329+0000] {logging_mixin.py:151} INFO -      ⚠️ Erreur ligne 819: current transaction is aborted, commands ignored until end of transaction block
[2026-01-26T14:50:15.330+0000] {logging_mixin.py:151} INFO -      ⚠️ Erreur ligne 820: current transaction is aborted, commands ignored until end of transaction block
[2026-01-26T14:50:15.331+0000] {logging_mixin.py:151} INFO -      ⚠️ Erreur ligne 821: current transaction is aborted, commands ignored until end of transaction block
[2026-01-26T14:50:15.332+0000] {logging_mixin.py:151} INFO -      ⚠️ Erreur ligne 822: current transaction is aborted, commands ignored until end of transaction block
[2026-01-26T14:50:15.332+0000] {logging_mixin.py:151} INFO -      ⚠️ Erreur ligne 823: current transaction is aborted, commands ignored until end of transaction block
[2026-01-26T14:50:15.333+0000] {logging_mixin.py:151} INFO -      ⚠️ Erreur ligne 824: current transaction is aborted, commands ignored until end of transaction block
[2026-01-26T14:50:15.334+0000] {logging_mixin.py:151} INFO -      ⚠️ Erreur ligne 825: current transaction is aborted, commands ignored until end of transaction block
[2026-01-26T14:50:15.335+0000] {logging_mixin.py:151} INFO -      ⚠️ Erreur ligne 826: current transaction is aborted, commands ignored until end of transaction block
[2026-01-26T14:50:15.336+0000] {logging_mixin.py:151} INFO -      ⚠️ Erreur ligne 827: current transaction is aborted, commands ignored until end of transaction block
[2026-01-26T14:50:15.336+0000] {logging_mixin.py:151} INFO -      ⚠️ Erreur ligne 828: current transaction is aborted, commands ignored until end of transaction block
[2026-01-26T14:50:15.337+0000] {logging_mixin.py:151} INFO -      ⚠️ Erreur ligne 829: current transaction is aborted, commands ignored until end of transaction block
[2026-01-26T14:50:15.338+0000] {logging_mixin.py:151} INFO -      ⚠️ Erreur ligne 830: current transaction is aborted, commands ignored until end of transaction block
[2026-01-26T14:50:15.339+0000] {logging_mixin.py:151} INFO -      ⚠️ Erreur ligne 831: current transaction is aborted, commands ignored until end of transaction block
[2026-01-26T14:50:15.340+0000] {logging_mixin.py:151} INFO -      ⚠️ Erreur ligne 832: current transaction is aborted, commands ignored until end of transaction block
[2026-01-26T14:50:15.341+0000] {logging_mixin.py:151} INFO -      ⚠️ Erreur ligne 833: current transaction is aborted, commands ignored until end of transaction block
[2026-01-26T14:50:15.342+0000] {logging_mixin.py:151} INFO -      ⚠️ Erreur ligne 834: current transaction is aborted, commands ignored until end of transaction block
[2026-01-26T14:50:15.343+0000] {logging_mixin.py:151} INFO -      ⚠️ Erreur ligne 835: current transaction is aborted, commands ignored until end of transaction block
[2026-01-26T14:50:15.344+0000] {logging_mixin.py:151} INFO -      ⚠️ Erreur ligne 836: current transaction is aborted, commands ignored until end of transaction block
[2026-01-26T14:50:15.344+0000] {logging_mixin.py:151} INFO -      ⚠️ Erreur ligne 837: current transaction is aborted, commands ignored until end of transaction block
[2026-01-26T14:50:15.345+0000] {logging_mixin.py:151} INFO -      ⚠️ Erreur ligne 838: current transaction is aborted, commands ignored until end of transaction block
[2026-01-26T14:50:15.346+0000] {logging_mixin.py:151} INFO -      ⚠️ Erreur ligne 839: current transaction is aborted, commands ignored until end of transaction block
[2026-01-26T14:50:15.347+0000] {logging_mixin.py:151} INFO -      ⚠️ Erreur ligne 840: current transaction is aborted, commands ignored until end of transaction block
[2026-01-26T14:50:15.347+0000] {logging_mixin.py:151} INFO -      ⚠️ Erreur ligne 841: current transaction is aborted, commands ignored until end of transaction block
[2026-01-26T14:50:15.348+0000] {logging_mixin.py:151} INFO -      ⚠️ Erreur ligne 842: current transaction is aborted, commands ignored until end of transaction block
[2026-01-26T14:50:15.349+0000] {logging_mixin.py:151} INFO -      ⚠️ Erreur ligne 843: current transaction is aborted, commands ignored until end of transaction block
[2026-01-26T14:50:15.350+0000] {logging_mixin.py:151} INFO -      ⚠️ Erreur ligne 844: current transaction is aborted, commands ignored until end of transaction block
[2026-01-26T14:50:15.351+0000] {logging_mixin.py:151} INFO -      ⚠️ Erreur ligne 845: current transaction is aborted, commands ignored until end of transaction block
[2026-01-26T14:50:15.352+0000] {logging_mixin.py:151} INFO -      ⚠️ Erreur ligne 846: current transaction is aborted, commands ignored until end of transaction block
[2026-01-26T14:50:15.352+0000] {logging_mixin.py:151} INFO -      ⚠️ Erreur ligne 847: current transaction is aborted, commands ignored until end of transaction block
[2026-01-26T14:50:15.353+0000] {logging_mixin.py:151} INFO -      ⚠️ Erreur ligne 848: current transaction is aborted, commands ignored until end of transaction block
[2026-01-26T14:50:15.354+0000] {logging_mixin.py:151} INFO -      ⚠️ Erreur ligne 849: current transaction is aborted, commands ignored until end of transaction block
[2026-01-26T14:50:15.355+0000] {logging_mixin.py:151} INFO -      ⚠️ Erreur ligne 850: current transaction is aborted, commands ignored until end of transaction block
[2026-01-26T14:50:15.356+0000] {logging_mixin.py:151} INFO -      ⚠️ Erreur ligne 851: current transaction is aborted, commands ignored until end of transaction block
[2026-01-26T14:50:15.357+0000] {logging_mixin.py:151} INFO -      ⚠️ Erreur ligne 852: current transaction is aborted, commands ignored until end of transaction block
[2026-01-26T14:50:15.357+0000] {logging_mixin.py:151} INFO -      ⚠️ Erreur ligne 853: current transaction is aborted, commands ignored until end of transaction block
[2026-01-26T14:50:15.358+0000] {logging_mixin.py:151} INFO -      ⚠️ Erreur ligne 854: current transaction is aborted, commands ignored until end of transaction block
[2026-01-26T14:50:15.359+0000] {logging_mixin.py:151} INFO -      ⚠️ Erreur ligne 855: current transaction is aborted, commands ignored until end of transaction block
[2026-01-26T14:50:15.360+0000] {logging_mixin.py:151} INFO -      ⚠️ Erreur ligne 856: current transaction is aborted, commands ignored until end of transaction block
[2026-01-26T14:50:15.361+0000] {logging_mixin.py:151} INFO -      ⚠️ Erreur ligne 857: current transaction is aborted, commands ignored until end of transaction block
[2026-01-26T14:50:15.362+0000] {logging_mixin.py:151} INFO -      ⚠️ Erreur ligne 858: current transaction is aborted, commands ignored until end of transaction block
[2026-01-26T14:50:15.363+0000] {logging_mixin.py:151} INFO -      ⚠️ Erreur ligne 859: current transaction is aborted, commands ignored until end of transaction block
[2026-01-26T14:50:15.364+0000] {logging_mixin.py:151} INFO -      ⚠️ Erreur ligne 860: current transaction is aborted, commands ignored until end of transaction block
[2026-01-26T14:50:15.364+0000] {logging_mixin.py:151} INFO -      ⚠️ Erreur ligne 861: current transaction is aborted, commands ignored until end of transaction block
[2026-01-26T14:50:15.365+0000] {logging_mixin.py:151} INFO -      ⚠️ Erreur ligne 862: current transaction is aborted, commands ignored until end of transaction block
[2026-01-26T14:50:15.366+0000] {logging_mixin.py:151} INFO -      ⚠️ Erreur ligne 863: current transaction is aborted, commands ignored until end of transaction block
[2026-01-26T14:50:15.367+0000] {logging_mixin.py:151} INFO -      ⚠️ Erreur ligne 864: current transaction is aborted, commands ignored until end of transaction block
[2026-01-26T14:50:15.368+0000] {logging_mixin.py:151} INFO -      ⚠️ Erreur ligne 865: current transaction is aborted, commands ignored until end of transaction block
[2026-01-26T14:50:15.369+0000] {logging_mixin.py:151} INFO -      ⚠️ Erreur ligne 866: current transaction is aborted, commands ignored until end of transaction block
[2026-01-26T14:50:15.369+0000] {logging_mixin.py:151} INFO -      ⚠️ Erreur ligne 867: current transaction is aborted, commands ignored until end of transaction block
[2026-01-26T14:50:15.370+0000] {logging_mixin.py:151} INFO -      ⚠️ Erreur ligne 868: current transaction is aborted, commands ignored until end of transaction block
[2026-01-26T14:50:15.371+0000] {logging_mixin.py:151} INFO -      ⚠️ Erreur ligne 869: current transaction is aborted, commands ignored until end of transaction block
[2026-01-26T14:50:15.371+0000] {logging_mixin.py:151} INFO -      ⚠️ Erreur ligne 870: current transaction is aborted, commands ignored until end of transaction block
[2026-01-26T14:50:15.372+0000] {logging_mixin.py:151} INFO -      ⚠️ Erreur ligne 871: current transaction is aborted, commands ignored until end of transaction block
[2026-01-26T14:50:15.373+0000] {logging_mixin.py:151} INFO -      ⚠️ Erreur ligne 872: current transaction is aborted, commands ignored until end of transaction block
[2026-01-26T14:50:15.374+0000] {logging_mixin.py:151} INFO -      ⚠️ Erreur ligne 873: current transaction is aborted, commands ignored until end of transaction block
[2026-01-26T14:50:15.375+0000] {logging_mixin.py:151} INFO -      ⚠️ Erreur ligne 874: current transaction is aborted, commands ignored until end of transaction block
[2026-01-26T14:50:15.376+0000] {logging_mixin.py:151} INFO -      ⚠️ Erreur ligne 875: current transaction is aborted, commands ignored until end of transaction block
[2026-01-26T14:50:15.377+0000] {logging_mixin.py:151} INFO -      ⚠️ Erreur ligne 876: current transaction is aborted, commands ignored until end of transaction block
[2026-01-26T14:50:15.378+0000] {logging_mixin.py:151} INFO -      ⚠️ Erreur ligne 877: current transaction is aborted, commands ignored until end of transaction block
[2026-01-26T14:50:15.379+0000] {logging_mixin.py:151} INFO -      ⚠️ Erreur ligne 878: current transaction is aborted, commands ignored until end of transaction block
[2026-01-26T14:50:15.379+0000] {logging_mixin.py:151} INFO -      ⚠️ Erreur ligne 879: current transaction is aborted, commands ignored until end of transaction block
[2026-01-26T14:50:15.380+0000] {logging_mixin.py:151} INFO -      ⚠️ Erreur ligne 880: current transaction is aborted, commands ignored until end of transaction block
[2026-01-26T14:50:15.381+0000] {logging_mixin.py:151} INFO -      ⚠️ Erreur ligne 881: current transaction is aborted, commands ignored until end of transaction block
[2026-01-26T14:50:15.382+0000] {logging_mixin.py:151} INFO -      ⚠️ Erreur ligne 882: current transaction is aborted, commands ignored until end of transaction block
[2026-01-26T14:50:15.383+0000] {logging_mixin.py:151} INFO -      ⚠️ Erreur ligne 883: current transaction is aborted, commands ignored until end of transaction block
[2026-01-26T14:50:15.384+0000] {logging_mixin.py:151} INFO -      ⚠️ Erreur ligne 884: current transaction is aborted, commands ignored until end of transaction block
[2026-01-26T14:50:15.385+0000] {logging_mixin.py:151} INFO -      ⚠️ Erreur ligne 885: current transaction is aborted, commands ignored until end of transaction block
[2026-01-26T14:50:15.386+0000] {logging_mixin.py:151} INFO -      ⚠️ Erreur ligne 886: current transaction is aborted, commands ignored until end of transaction block
[2026-01-26T14:50:15.386+0000] {logging_mixin.py:151} INFO -      ⚠️ Erreur ligne 887: current transaction is aborted, commands ignored until end of transaction block
[2026-01-26T14:50:15.387+0000] {logging_mixin.py:151} INFO -      ⚠️ Erreur ligne 888: current transaction is aborted, commands ignored until end of transaction block
[2026-01-26T14:50:15.388+0000] {logging_mixin.py:151} INFO -      ⚠️ Erreur ligne 889: current transaction is aborted, commands ignored until end of transaction block
[2026-01-26T14:50:15.389+0000] {logging_mixin.py:151} INFO -      ⚠️ Erreur ligne 890: current transaction is aborted, commands ignored until end of transaction block
[2026-01-26T14:50:15.390+0000] {logging_mixin.py:151} INFO -      ⚠️ Erreur ligne 891: current transaction is aborted, commands ignored until end of transaction block
[2026-01-26T14:50:15.391+0000] {logging_mixin.py:151} INFO -      ⚠️ Erreur ligne 892: current transaction is aborted, commands ignored until end of transaction block
[2026-01-26T14:50:15.392+0000] {logging_mixin.py:151} INFO -      ⚠️ Erreur ligne 893: current transaction is aborted, commands ignored until end of transaction block
[2026-01-26T14:50:15.393+0000] {logging_mixin.py:151} INFO -      ⚠️ Erreur ligne 894: current transaction is aborted, commands ignored until end of transaction block
[2026-01-26T14:50:15.393+0000] {logging_mixin.py:151} INFO -      ⚠️ Erreur ligne 895: current transaction is aborted, commands ignored until end of transaction block
[2026-01-26T14:50:15.394+0000] {logging_mixin.py:151} INFO -      ⚠️ Erreur ligne 896: current transaction is aborted, commands ignored until end of transaction block
[2026-01-26T14:50:15.395+0000] {logging_mixin.py:151} INFO -      ⚠️ Erreur ligne 897: current transaction is aborted, commands ignored until end of transaction block
[2026-01-26T14:50:15.396+0000] {logging_mixin.py:151} INFO -      ⚠️ Erreur ligne 898: current transaction is aborted, commands ignored until end of transaction block
[2026-01-26T14:50:15.397+0000] {logging_mixin.py:151} INFO -      ⚠️ Erreur ligne 899: current transaction is aborted, commands ignored until end of transaction block
[2026-01-26T14:50:15.398+0000] {logging_mixin.py:151} INFO -      ⚠️ Erreur ligne 900: current transaction is aborted, commands ignored until end of transaction block
[2026-01-26T14:50:15.399+0000] {logging_mixin.py:151} INFO -      ⚠️ Erreur ligne 901: current transaction is aborted, commands ignored until end of transaction block
[2026-01-26T14:50:15.400+0000] {logging_mixin.py:151} INFO -      ⚠️ Erreur ligne 902: current transaction is aborted, commands ignored until end of transaction block
[2026-01-26T14:50:15.400+0000] {logging_mixin.py:151} INFO -      ⚠️ Erreur ligne 903: current transaction is aborted, commands ignored until end of transaction block
[2026-01-26T14:50:15.401+0000] {logging_mixin.py:151} INFO -      ⚠️ Erreur ligne 904: current transaction is aborted, commands ignored until end of transaction block
[2026-01-26T14:50:15.402+0000] {logging_mixin.py:151} INFO -      ⚠️ Erreur ligne 905: current transaction is aborted, commands ignored until end of transaction block
[2026-01-26T14:50:15.403+0000] {logging_mixin.py:151} INFO -      ⚠️ Erreur ligne 906: current transaction is aborted, commands ignored until end of transaction block
[2026-01-26T14:50:15.404+0000] {logging_mixin.py:151} INFO -      ⚠️ Erreur ligne 907: current transaction is aborted, commands ignored until end of transaction block
[2026-01-26T14:50:15.405+0000] {logging_mixin.py:151} INFO -      ⚠️ Erreur ligne 908: current transaction is aborted, commands ignored until end of transaction block
[2026-01-26T14:50:15.406+0000] {logging_mixin.py:151} INFO -      ⚠️ Erreur ligne 909: current transaction is aborted, commands ignored until end of transaction block
[2026-01-26T14:50:15.406+0000] {logging_mixin.py:151} INFO -      ⚠️ Erreur ligne 910: current transaction is aborted, commands ignored until end of transaction block
[2026-01-26T14:50:15.407+0000] {logging_mixin.py:151} INFO -      ⚠️ Erreur ligne 911: current transaction is aborted, commands ignored until end of transaction block
[2026-01-26T14:50:15.408+0000] {logging_mixin.py:151} INFO -      ⚠️ Erreur ligne 912: current transaction is aborted, commands ignored until end of transaction block
[2026-01-26T14:50:15.409+0000] {logging_mixin.py:151} INFO -      ⚠️ Erreur ligne 913: current transaction is aborted, commands ignored until end of transaction block
[2026-01-26T14:50:15.410+0000] {logging_mixin.py:151} INFO -      ⚠️ Erreur ligne 914: current transaction is aborted, commands ignored until end of transaction block
[2026-01-26T14:50:15.411+0000] {logging_mixin.py:151} INFO -      ⚠️ Erreur ligne 915: current transaction is aborted, commands ignored until end of transaction block
[2026-01-26T14:50:15.412+0000] {logging_mixin.py:151} INFO -      ⚠️ Erreur ligne 916: current transaction is aborted, commands ignored until end of transaction block
[2026-01-26T14:50:15.412+0000] {logging_mixin.py:151} INFO -      ⚠️ Erreur ligne 917: current transaction is aborted, commands ignored until end of transaction block
[2026-01-26T14:50:15.413+0000] {logging_mixin.py:151} INFO -      ⚠️ Erreur ligne 918: current transaction is aborted, commands ignored until end of transaction block
[2026-01-26T14:50:15.414+0000] {logging_mixin.py:151} INFO -      ⚠️ Erreur ligne 919: current transaction is aborted, commands ignored until end of transaction block
[2026-01-26T14:50:15.415+0000] {logging_mixin.py:151} INFO -      ⚠️ Erreur ligne 920: current transaction is aborted, commands ignored until end of transaction block
[2026-01-26T14:50:15.416+0000] {logging_mixin.py:151} INFO -      ⚠️ Erreur ligne 921: current transaction is aborted, commands ignored until end of transaction block
[2026-01-26T14:50:15.416+0000] {logging_mixin.py:151} INFO -      ⚠️ Erreur ligne 922: current transaction is aborted, commands ignored until end of transaction block
[2026-01-26T14:50:15.417+0000] {logging_mixin.py:151} INFO -      ⚠️ Erreur ligne 923: current transaction is aborted, commands ignored until end of transaction block
[2026-01-26T14:50:15.418+0000] {logging_mixin.py:151} INFO -      ⚠️ Erreur ligne 924: current transaction is aborted, commands ignored until end of transaction block
[2026-01-26T14:50:15.419+0000] {logging_mixin.py:151} INFO -      ⚠️ Erreur ligne 925: current transaction is aborted, commands ignored until end of transaction block
[2026-01-26T14:50:15.420+0000] {logging_mixin.py:151} INFO -      ⚠️ Erreur ligne 926: current transaction is aborted, commands ignored until end of transaction block
[2026-01-26T14:50:15.421+0000] {logging_mixin.py:151} INFO -      ⚠️ Erreur ligne 927: current transaction is aborted, commands ignored until end of transaction block
[2026-01-26T14:50:15.421+0000] {logging_mixin.py:151} INFO -      ⚠️ Erreur ligne 928: current transaction is aborted, commands ignored until end of transaction block
[2026-01-26T14:50:15.422+0000] {logging_mixin.py:151} INFO -      ⚠️ Erreur ligne 929: current transaction is aborted, commands ignored until end of transaction block
[2026-01-26T14:50:15.423+0000] {logging_mixin.py:151} INFO -      ⚠️ Erreur ligne 930: current transaction is aborted, commands ignored until end of transaction block
[2026-01-26T14:50:15.424+0000] {logging_mixin.py:151} INFO -      ⚠️ Erreur ligne 931: current transaction is aborted, commands ignored until end of transaction block
[2026-01-26T14:50:15.425+0000] {logging_mixin.py:151} INFO -      ⚠️ Erreur ligne 932: current transaction is aborted, commands ignored until end of transaction block
[2026-01-26T14:50:15.426+0000] {logging_mixin.py:151} INFO -      ⚠️ Erreur ligne 933: current transaction is aborted, commands ignored until end of transaction block
[2026-01-26T14:50:15.427+0000] {logging_mixin.py:151} INFO -      ⚠️ Erreur ligne 934: current transaction is aborted, commands ignored until end of transaction block
[2026-01-26T14:50:15.428+0000] {logging_mixin.py:151} INFO -      ⚠️ Erreur ligne 935: current transaction is aborted, commands ignored until end of transaction block
[2026-01-26T14:50:15.428+0000] {logging_mixin.py:151} INFO -      ⚠️ Erreur ligne 936: current transaction is aborted, commands ignored until end of transaction block
[2026-01-26T14:50:15.429+0000] {logging_mixin.py:151} INFO -      ⚠️ Erreur ligne 937: current transaction is aborted, commands ignored until end of transaction block
[2026-01-26T14:50:15.430+0000] {logging_mixin.py:151} INFO -      ⚠️ Erreur ligne 938: current transaction is aborted, commands ignored until end of transaction block
[2026-01-26T14:50:15.431+0000] {logging_mixin.py:151} INFO -      ⚠️ Erreur ligne 939: current transaction is aborted, commands ignored until end of transaction block
[2026-01-26T14:50:15.432+0000] {logging_mixin.py:151} INFO -      ⚠️ Erreur ligne 940: current transaction is aborted, commands ignored until end of transaction block
[2026-01-26T14:50:15.433+0000] {logging_mixin.py:151} INFO -      ⚠️ Erreur ligne 941: current transaction is aborted, commands ignored until end of transaction block
[2026-01-26T14:50:15.434+0000] {logging_mixin.py:151} INFO -      ⚠️ Erreur ligne 942: current transaction is aborted, commands ignored until end of transaction block
[2026-01-26T14:50:15.434+0000] {logging_mixin.py:151} INFO -      ⚠️ Erreur ligne 943: current transaction is aborted, commands ignored until end of transaction block
[2026-01-26T14:50:15.435+0000] {logging_mixin.py:151} INFO -      ⚠️ Erreur ligne 944: current transaction is aborted, commands ignored until end of transaction block
[2026-01-26T14:50:15.436+0000] {logging_mixin.py:151} INFO -      ⚠️ Erreur ligne 945: current transaction is aborted, commands ignored until end of transaction block
[2026-01-26T14:50:15.437+0000] {logging_mixin.py:151} INFO -      ⚠️ Erreur ligne 946: current transaction is aborted, commands ignored until end of transaction block
[2026-01-26T14:50:15.438+0000] {logging_mixin.py:151} INFO -      ⚠️ Erreur ligne 947: current transaction is aborted, commands ignored until end of transaction block
[2026-01-26T14:50:15.439+0000] {logging_mixin.py:151} INFO -      ⚠️ Erreur ligne 948: current transaction is aborted, commands ignored until end of transaction block
[2026-01-26T14:50:15.440+0000] {logging_mixin.py:151} INFO -      ⚠️ Erreur ligne 949: current transaction is aborted, commands ignored until end of transaction block
[2026-01-26T14:50:15.441+0000] {logging_mixin.py:151} INFO -      ⚠️ Erreur ligne 950: current transaction is aborted, commands ignored until end of transaction block
[2026-01-26T14:50:15.443+0000] {logging_mixin.py:151} INFO -      ⚠️ Erreur ligne 951: current transaction is aborted, commands ignored until end of transaction block
[2026-01-26T14:50:15.444+0000] {logging_mixin.py:151} INFO -      ⚠️ Erreur ligne 952: current transaction is aborted, commands ignored until end of transaction block
[2026-01-26T14:50:15.444+0000] {logging_mixin.py:151} INFO -      ⚠️ Erreur ligne 953: current transaction is aborted, commands ignored until end of transaction block
[2026-01-26T14:50:15.445+0000] {logging_mixin.py:151} INFO -      ⚠️ Erreur ligne 954: current transaction is aborted, commands ignored until end of transaction block
[2026-01-26T14:50:15.446+0000] {logging_mixin.py:151} INFO -      ⚠️ Erreur ligne 955: current transaction is aborted, commands ignored until end of transaction block
[2026-01-26T14:50:15.447+0000] {logging_mixin.py:151} INFO -      ⚠️ Erreur ligne 956: current transaction is aborted, commands ignored until end of transaction block
[2026-01-26T14:50:15.448+0000] {logging_mixin.py:151} INFO -      ⚠️ Erreur ligne 957: current transaction is aborted, commands ignored until end of transaction block
[2026-01-26T14:50:15.449+0000] {logging_mixin.py:151} INFO -      ⚠️ Erreur ligne 958: current transaction is aborted, commands ignored until end of transaction block
[2026-01-26T14:50:15.450+0000] {logging_mixin.py:151} INFO -      ⚠️ Erreur ligne 959: current transaction is aborted, commands ignored until end of transaction block
[2026-01-26T14:50:15.450+0000] {logging_mixin.py:151} INFO -      ⚠️ Erreur ligne 960: current transaction is aborted, commands ignored until end of transaction block
[2026-01-26T14:50:15.452+0000] {logging_mixin.py:151} INFO -      ⚠️ Erreur ligne 961: current transaction is aborted, commands ignored until end of transaction block
[2026-01-26T14:50:15.453+0000] {logging_mixin.py:151} INFO -      ⚠️ Erreur ligne 962: current transaction is aborted, commands ignored until end of transaction block
[2026-01-26T14:50:15.455+0000] {logging_mixin.py:151} INFO -      ⚠️ Erreur ligne 963: current transaction is aborted, commands ignored until end of transaction block
[2026-01-26T14:50:15.456+0000] {logging_mixin.py:151} INFO -      ⚠️ Erreur ligne 964: current transaction is aborted, commands ignored until end of transaction block
[2026-01-26T14:50:15.457+0000] {logging_mixin.py:151} INFO -      ⚠️ Erreur ligne 965: current transaction is aborted, commands ignored until end of transaction block
[2026-01-26T14:50:15.458+0000] {logging_mixin.py:151} INFO -      ⚠️ Erreur ligne 966: current transaction is aborted, commands ignored until end of transaction block
[2026-01-26T14:50:15.460+0000] {logging_mixin.py:151} INFO -      ⚠️ Erreur ligne 967: current transaction is aborted, commands ignored until end of transaction block
[2026-01-26T14:50:15.462+0000] {logging_mixin.py:151} INFO -      ⚠️ Erreur ligne 968: current transaction is aborted, commands ignored until end of transaction block
[2026-01-26T14:50:15.463+0000] {logging_mixin.py:151} INFO -      ⚠️ Erreur ligne 969: current transaction is aborted, commands ignored until end of transaction block
[2026-01-26T14:50:15.464+0000] {logging_mixin.py:151} INFO -      ⚠️ Erreur ligne 970: current transaction is aborted, commands ignored until end of transaction block
[2026-01-26T14:50:15.466+0000] {logging_mixin.py:151} INFO -      ⚠️ Erreur ligne 971: current transaction is aborted, commands ignored until end of transaction block
[2026-01-26T14:50:15.470+0000] {logging_mixin.py:151} INFO -      ⚠️ Erreur ligne 972: current transaction is aborted, commands ignored until end of transaction block
[2026-01-26T14:50:15.471+0000] {logging_mixin.py:151} INFO -      ⚠️ Erreur ligne 973: current transaction is aborted, commands ignored until end of transaction block
[2026-01-26T14:50:15.472+0000] {logging_mixin.py:151} INFO -      ⚠️ Erreur ligne 974: current transaction is aborted, commands ignored until end of transaction block
[2026-01-26T14:50:15.473+0000] {logging_mixin.py:151} INFO -      ⚠️ Erreur ligne 975: current transaction is aborted, commands ignored until end of transaction block
[2026-01-26T14:50:15.474+0000] {logging_mixin.py:151} INFO -      ⚠️ Erreur ligne 976: current transaction is aborted, commands ignored until end of transaction block
[2026-01-26T14:50:15.476+0000] {logging_mixin.py:151} INFO -      ⚠️ Erreur ligne 977: current transaction is aborted, commands ignored until end of transaction block
[2026-01-26T14:50:15.477+0000] {logging_mixin.py:151} INFO -      ⚠️ Erreur ligne 978: current transaction is aborted, commands ignored until end of transaction block
[2026-01-26T14:50:15.478+0000] {logging_mixin.py:151} INFO -      ⚠️ Erreur ligne 979: current transaction is aborted, commands ignored until end of transaction block
[2026-01-26T14:50:15.480+0000] {logging_mixin.py:151} INFO -      ⚠️ Erreur ligne 980: current transaction is aborted, commands ignored until end of transaction block
[2026-01-26T14:50:15.481+0000] {logging_mixin.py:151} INFO -      ⚠️ Erreur ligne 981: current transaction is aborted, commands ignored until end of transaction block
[2026-01-26T14:50:15.483+0000] {logging_mixin.py:151} INFO -      ⚠️ Erreur ligne 982: current transaction is aborted, commands ignored until end of transaction block
[2026-01-26T14:50:15.484+0000] {logging_mixin.py:151} INFO -      ⚠️ Erreur ligne 983: current transaction is aborted, commands ignored until end of transaction block
[2026-01-26T14:50:15.485+0000] {logging_mixin.py:151} INFO -      ⚠️ Erreur ligne 984: current transaction is aborted, commands ignored until end of transaction block
[2026-01-26T14:50:15.486+0000] {logging_mixin.py:151} INFO -      ⚠️ Erreur ligne 985: current transaction is aborted, commands ignored until end of transaction block
[2026-01-26T14:50:15.487+0000] {logging_mixin.py:151} INFO -      ⚠️ Erreur ligne 986: current transaction is aborted, commands ignored until end of transaction block
[2026-01-26T14:50:15.489+0000] {logging_mixin.py:151} INFO -      ⚠️ Erreur ligne 987: current transaction is aborted, commands ignored until end of transaction block
[2026-01-26T14:50:15.489+0000] {logging_mixin.py:151} INFO -      ⚠️ Erreur ligne 988: current transaction is aborted, commands ignored until end of transaction block
[2026-01-26T14:50:15.490+0000] {logging_mixin.py:151} INFO -      ⚠️ Erreur ligne 989: current transaction is aborted, commands ignored until end of transaction block
[2026-01-26T14:50:15.491+0000] {logging_mixin.py:151} INFO -      ⚠️ Erreur ligne 990: current transaction is aborted, commands ignored until end of transaction block
[2026-01-26T14:50:15.492+0000] {logging_mixin.py:151} INFO -      ⚠️ Erreur ligne 991: current transaction is aborted, commands ignored until end of transaction block
[2026-01-26T14:50:15.493+0000] {logging_mixin.py:151} INFO -      ⚠️ Erreur ligne 992: current transaction is aborted, commands ignored until end of transaction block
[2026-01-26T14:50:15.494+0000] {logging_mixin.py:151} INFO -      ⚠️ Erreur ligne 993: current transaction is aborted, commands ignored until end of transaction block
[2026-01-26T14:50:15.494+0000] {logging_mixin.py:151} INFO -      ⚠️ Erreur ligne 994: current transaction is aborted, commands ignored until end of transaction block
[2026-01-26T14:50:15.496+0000] {logging_mixin.py:151} INFO -      ⚠️ Erreur ligne 995: current transaction is aborted, commands ignored until end of transaction block
[2026-01-26T14:50:15.497+0000] {logging_mixin.py:151} INFO -      ⚠️ Erreur ligne 996: current transaction is aborted, commands ignored until end of transaction block
[2026-01-26T14:50:15.498+0000] {logging_mixin.py:151} INFO -      ⚠️ Erreur ligne 997: current transaction is aborted, commands ignored until end of transaction block
[2026-01-26T14:50:15.499+0000] {logging_mixin.py:151} INFO -      ⚠️ Erreur ligne 998: current transaction is aborted, commands ignored until end of transaction block
[2026-01-26T14:50:15.500+0000] {logging_mixin.py:151} INFO -      ⚠️ Erreur ligne 999: current transaction is aborted, commands ignored until end of transaction block
[2026-01-26T14:50:15.502+0000] {logging_mixin.py:151} INFO -      ⚠️ Erreur ligne 1000: current transaction is aborted, commands ignored until end of transaction block
[2026-01-26T14:50:15.503+0000] {logging_mixin.py:151} INFO -      ⚠️ Erreur ligne 1001: current transaction is aborted, commands ignored until end of transaction block
[2026-01-26T14:50:15.504+0000] {logging_mixin.py:151} INFO -      ⚠️ Erreur ligne 1002: current transaction is aborted, commands ignored until end of transaction block
[2026-01-26T14:50:15.505+0000] {logging_mixin.py:151} INFO -      ⚠️ Erreur ligne 1003: current transaction is aborted, commands ignored until end of transaction block
[2026-01-26T14:50:15.506+0000] {logging_mixin.py:151} INFO -      ⚠️ Erreur ligne 1004: current transaction is aborted, commands ignored until end of transaction block
[2026-01-26T14:50:15.507+0000] {logging_mixin.py:151} INFO -      ⚠️ Erreur ligne 1005: current transaction is aborted, commands ignored until end of transaction block
[2026-01-26T14:50:15.508+0000] {logging_mixin.py:151} INFO -      ⚠️ Erreur ligne 1006: current transaction is aborted, commands ignored until end of transaction block
[2026-01-26T14:50:15.509+0000] {logging_mixin.py:151} INFO -      ⚠️ Erreur ligne 1007: current transaction is aborted, commands ignored until end of transaction block
[2026-01-26T14:50:15.510+0000] {logging_mixin.py:151} INFO -      ⚠️ Erreur ligne 1008: current transaction is aborted, commands ignored until end of transaction block
[2026-01-26T14:50:15.511+0000] {logging_mixin.py:151} INFO -      ⚠️ Erreur ligne 1009: current transaction is aborted, commands ignored until end of transaction block
[2026-01-26T14:50:15.512+0000] {logging_mixin.py:151} INFO -      ⚠️ Erreur ligne 1010: current transaction is aborted, commands ignored until end of transaction block
[2026-01-26T14:50:15.513+0000] {logging_mixin.py:151} INFO -      ⚠️ Erreur ligne 1011: current transaction is aborted, commands ignored until end of transaction block
[2026-01-26T14:50:15.514+0000] {logging_mixin.py:151} INFO -      ⚠️ Erreur ligne 1012: current transaction is aborted, commands ignored until end of transaction block
[2026-01-26T14:50:15.515+0000] {logging_mixin.py:151} INFO -      ⚠️ Erreur ligne 1013: current transaction is aborted, commands ignored until end of transaction block
[2026-01-26T14:50:15.516+0000] {logging_mixin.py:151} INFO -      ⚠️ Erreur ligne 1014: current transaction is aborted, commands ignored until end of transaction block
[2026-01-26T14:50:15.516+0000] {logging_mixin.py:151} INFO -      ⚠️ Erreur ligne 1015: current transaction is aborted, commands ignored until end of transaction block
[2026-01-26T14:50:15.517+0000] {logging_mixin.py:151} INFO -      ⚠️ Erreur ligne 1016: current transaction is aborted, commands ignored until end of transaction block
[2026-01-26T14:50:15.518+0000] {logging_mixin.py:151} INFO -      ⚠️ Erreur ligne 1017: current transaction is aborted, commands ignored until end of transaction block
[2026-01-26T14:50:15.519+0000] {logging_mixin.py:151} INFO -      ✅ 0 lignes insérées, 0 doublons ignorés
[2026-01-26T14:50:15.519+0000] {logging_mixin.py:151} INFO -   ✅ Fichier traité avec succès !
[2026-01-26T14:50:15.519+0000] {logging_mixin.py:151} INFO - 
--------------------------------------------------------------------------------
[2026-01-26T14:50:15.520+0000] {logging_mixin.py:151} INFO - 📄 Traitement de : GOOGL_2026-01-26 06:13:31.897613+00:00.csv
[2026-01-26T14:50:15.520+0000] {logging_mixin.py:151} INFO - --------------------------------------------------------------------------------
[2026-01-26T14:50:15.520+0000] {logging_mixin.py:151} INFO -   1️⃣ Lecture du CSV...
[2026-01-26T14:50:15.528+0000] {logging_mixin.py:151} INFO -      ✅ Lu 1018 lignes
[2026-01-26T14:50:15.528+0000] {logging_mixin.py:151} INFO -      Colonnes: ['Date', 'Open', 'High', 'Low', 'Close', 'Volume', 'Dividends', 'Stock Splits', 'symbol', 'extracted_at']
[2026-01-26T14:50:15.528+0000] {logging_mixin.py:151} INFO -   2️⃣ Nettoyage des colonnes...
[2026-01-26T14:50:15.529+0000] {logging_mixin.py:151} INFO -      ✅ Colonnes nettoyées: ['date', 'open', 'high', 'low', 'close', 'volume', 'dividends', 'stock_splits', 'symbol', 'extracted_at']
[2026-01-26T14:50:15.530+0000] {logging_mixin.py:151} INFO -   3️⃣ Conversion des dates...
[2026-01-26T14:50:15.537+0000] {logging_mixin.py:151} INFO -      ✅ Dates converties
[2026-01-26T14:50:15.537+0000] {logging_mixin.py:151} INFO -   4️⃣ Nettoyage des données...
[2026-01-26T14:50:15.542+0000] {logging_mixin.py:151} INFO -      ✅ 1018 → 1018 lignes (après nettoyage)
[2026-01-26T14:50:15.542+0000] {logging_mixin.py:151} INFO -   5️⃣ Connexion à la base de données...
[2026-01-26T14:50:15.545+0000] {logging_mixin.py:151} INFO -      ✅ Connecté
[2026-01-26T14:50:15.546+0000] {logging_mixin.py:151} INFO -   6️⃣ Insertion des données...
[2026-01-26T14:50:15.547+0000] {logging_mixin.py:151} INFO -      ⚠️ Erreur ligne 0: column "open_price" of relation "stocks" does not exist
LINE 2: ...                INSERT INTO stocks (symbol, date, open_price...
                                                             ^
[2026-01-26T14:50:15.548+0000] {logging_mixin.py:151} INFO -      ⚠️ Erreur ligne 1: current transaction is aborted, commands ignored until end of transaction block
[2026-01-26T14:50:15.549+0000] {logging_mixin.py:151} INFO -      ⚠️ Erreur ligne 2: current transaction is aborted, commands ignored until end of transaction block
[2026-01-26T14:50:15.550+0000] {logging_mixin.py:151} INFO -      ⚠️ Erreur ligne 3: current transaction is aborted, commands ignored until end of transaction block
[2026-01-26T14:50:15.551+0000] {logging_mixin.py:151} INFO -      ⚠️ Erreur ligne 4: current transaction is aborted, commands ignored until end of transaction block
[2026-01-26T14:50:15.552+0000] {logging_mixin.py:151} INFO -      ⚠️ Erreur ligne 5: current transaction is aborted, commands ignored until end of transaction block
[2026-01-26T14:50:15.552+0000] {logging_mixin.py:151} INFO -      ⚠️ Erreur ligne 6: current transaction is aborted, commands ignored until end of transaction block
[2026-01-26T14:50:15.553+0000] {logging_mixin.py:151} INFO -      ⚠️ Erreur ligne 7: current transaction is aborted, commands ignored until end of transaction block
[2026-01-26T14:50:15.554+0000] {logging_mixin.py:151} INFO -      ⚠️ Erreur ligne 8: current transaction is aborted, commands ignored until end of transaction block
[2026-01-26T14:50:15.554+0000] {logging_mixin.py:151} INFO -      ⚠️ Erreur ligne 9: current transaction is aborted, commands ignored until end of transaction block
[2026-01-26T14:50:15.555+0000] {logging_mixin.py:151} INFO -      ⚠️ Erreur ligne 10: current transaction is aborted, commands ignored until end of transaction block
[2026-01-26T14:50:15.556+0000] {logging_mixin.py:151} INFO -      ⚠️ Erreur ligne 11: current transaction is aborted, commands ignored until end of transaction block
[2026-01-26T14:50:15.557+0000] {logging_mixin.py:151} INFO -      ⚠️ Erreur ligne 12: current transaction is aborted, commands ignored until end of transaction block
[2026-01-26T14:50:15.558+0000] {logging_mixin.py:151} INFO -      ⚠️ Erreur ligne 13: current transaction is aborted, commands ignored until end of transaction block
[2026-01-26T14:50:15.558+0000] {logging_mixin.py:151} INFO -      ⚠️ Erreur ligne 14: current transaction is aborted, commands ignored until end of transaction block
[2026-01-26T14:50:15.559+0000] {logging_mixin.py:151} INFO -      ⚠️ Erreur ligne 15: current transaction is aborted, commands ignored until end of transaction block
[2026-01-26T14:50:15.560+0000] {logging_mixin.py:151} INFO -      ⚠️ Erreur ligne 16: current transaction is aborted, commands ignored until end of transaction block
[2026-01-26T14:50:15.561+0000] {logging_mixin.py:151} INFO -      ⚠️ Erreur ligne 17: current transaction is aborted, commands ignored until end of transaction block
[2026-01-26T14:50:15.562+0000] {logging_mixin.py:151} INFO -      ⚠️ Erreur ligne 18: current transaction is aborted, commands ignored until end of transaction block
[2026-01-26T14:50:15.563+0000] {logging_mixin.py:151} INFO -      ⚠️ Erreur ligne 19: current transaction is aborted, commands ignored until end of transaction block
[2026-01-26T14:50:15.563+0000] {logging_mixin.py:151} INFO -      ⚠️ Erreur ligne 20: current transaction is aborted, commands ignored until end of transaction block
[2026-01-26T14:50:15.564+0000] {logging_mixin.py:151} INFO -      ⚠️ Erreur ligne 21: current transaction is aborted, commands ignored until end of transaction block
[2026-01-26T14:50:15.565+0000] {logging_mixin.py:151} INFO -      ⚠️ Erreur ligne 22: current transaction is aborted, commands ignored until end of transaction block
[2026-01-26T14:50:15.566+0000] {logging_mixin.py:151} INFO -      ⚠️ Erreur ligne 23: current transaction is aborted, commands ignored until end of transaction block
[2026-01-26T14:50:15.566+0000] {logging_mixin.py:151} INFO -      ⚠️ Erreur ligne 24: current transaction is aborted, commands ignored until end of transaction block
[2026-01-26T14:50:15.567+0000] {logging_mixin.py:151} INFO -      ⚠️ Erreur ligne 25: current transaction is aborted, commands ignored until end of transaction block
[2026-01-26T14:50:15.568+0000] {logging_mixin.py:151} INFO -      ⚠️ Erreur ligne 26: current transaction is aborted, commands ignored until end of transaction block
[2026-01-26T14:50:15.569+0000] {logging_mixin.py:151} INFO -      ⚠️ Erreur ligne 27: current transaction is aborted, commands ignored until end of transaction block
[2026-01-26T14:50:15.570+0000] {logging_mixin.py:151} INFO -      ⚠️ Erreur ligne 28: current transaction is aborted, commands ignored until end of transaction block
[2026-01-26T14:50:15.571+0000] {logging_mixin.py:151} INFO -      ⚠️ Erreur ligne 29: current transaction is aborted, commands ignored until end of transaction block
[2026-01-26T14:50:15.572+0000] {logging_mixin.py:151} INFO -      ⚠️ Erreur ligne 30: current transaction is aborted, commands ignored until end of transaction block
[2026-01-26T14:50:15.572+0000] {logging_mixin.py:151} INFO -      ⚠️ Erreur ligne 31: current transaction is aborted, commands ignored until end of transaction block
[2026-01-26T14:50:15.573+0000] {logging_mixin.py:151} INFO -      ⚠️ Erreur ligne 32: current transaction is aborted, commands ignored until end of transaction block
[2026-01-26T14:50:15.574+0000] {logging_mixin.py:151} INFO -      ⚠️ Erreur ligne 33: current transaction is aborted, commands ignored until end of transaction block
[2026-01-26T14:50:15.575+0000] {logging_mixin.py:151} INFO -      ⚠️ Erreur ligne 34: current transaction is aborted, commands ignored until end of transaction block
[2026-01-26T14:50:15.576+0000] {logging_mixin.py:151} INFO -      ⚠️ Erreur ligne 35: current transaction is aborted, commands ignored until end of transaction block
[2026-01-26T14:50:15.577+0000] {logging_mixin.py:151} INFO -      ⚠️ Erreur ligne 36: current transaction is aborted, commands ignored until end of transaction block
[2026-01-26T14:50:15.578+0000] {logging_mixin.py:151} INFO -      ⚠️ Erreur ligne 37: current transaction is aborted, commands ignored until end of transaction block
[2026-01-26T14:50:15.578+0000] {logging_mixin.py:151} INFO -      ⚠️ Erreur ligne 38: current transaction is aborted, commands ignored until end of transaction block
[2026-01-26T14:50:15.579+0000] {logging_mixin.py:151} INFO -      ⚠️ Erreur ligne 39: current transaction is aborted, commands ignored until end of transaction block
[2026-01-26T14:50:15.580+0000] {logging_mixin.py:151} INFO -      ⚠️ Erreur ligne 40: current transaction is aborted, commands ignored until end of transaction block
[2026-01-26T14:50:15.581+0000] {logging_mixin.py:151} INFO -      ⚠️ Erreur ligne 41: current transaction is aborted, commands ignored until end of transaction block
[2026-01-26T14:50:15.581+0000] {logging_mixin.py:151} INFO -      ⚠️ Erreur ligne 42: current transaction is aborted, commands ignored until end of transaction block
[2026-01-26T14:50:15.582+0000] {logging_mixin.py:151} INFO -      ⚠️ Erreur ligne 43: current transaction is aborted, commands ignored until end of transaction block
[2026-01-26T14:50:15.583+0000] {logging_mixin.py:151} INFO -      ⚠️ Erreur ligne 44: current transaction is aborted, commands ignored until end of transaction block
[2026-01-26T14:50:15.584+0000] {logging_mixin.py:151} INFO -      ⚠️ Erreur ligne 45: current transaction is aborted, commands ignored until end of transaction block
[2026-01-26T14:50:15.585+0000] {logging_mixin.py:151} INFO -      ⚠️ Erreur ligne 46: current transaction is aborted, commands ignored until end of transaction block
[2026-01-26T14:50:15.585+0000] {logging_mixin.py:151} INFO -      ⚠️ Erreur ligne 47: current transaction is aborted, commands ignored until end of transaction block
[2026-01-26T14:50:15.586+0000] {logging_mixin.py:151} INFO -      ⚠️ Erreur ligne 48: current transaction is aborted, commands ignored until end of transaction block
[2026-01-26T14:50:15.587+0000] {logging_mixin.py:151} INFO -      ⚠️ Erreur ligne 49: current transaction is aborted, commands ignored until end of transaction block
[2026-01-26T14:50:15.588+0000] {logging_mixin.py:151} INFO -      ⚠️ Erreur ligne 50: current transaction is aborted, commands ignored until end of transaction block
[2026-01-26T14:50:15.588+0000] {logging_mixin.py:151} INFO -      ⚠️ Erreur ligne 51: current transaction is aborted, commands ignored until end of transaction block
[2026-01-26T14:50:15.589+0000] {logging_mixin.py:151} INFO -      ⚠️ Erreur ligne 52: current transaction is aborted, commands ignored until end of transaction block
[2026-01-26T14:50:15.591+0000] {logging_mixin.py:151} INFO -      ⚠️ Erreur ligne 53: current transaction is aborted, commands ignored until end of transaction block
[2026-01-26T14:50:15.593+0000] {logging_mixin.py:151} INFO -      ⚠️ Erreur ligne 54: current transaction is aborted, commands ignored until end of transaction block
[2026-01-26T14:50:15.594+0000] {logging_mixin.py:151} INFO -      ⚠️ Erreur ligne 55: current transaction is aborted, commands ignored until end of transaction block
[2026-01-26T14:50:15.595+0000] {logging_mixin.py:151} INFO -      ⚠️ Erreur ligne 56: current transaction is aborted, commands ignored until end of transaction block
[2026-01-26T14:50:15.597+0000] {logging_mixin.py:151} INFO -      ⚠️ Erreur ligne 57: current transaction is aborted, commands ignored until end of transaction block
[2026-01-26T14:50:15.598+0000] {logging_mixin.py:151} INFO -      ⚠️ Erreur ligne 58: current transaction is aborted, commands ignored until end of transaction block
[2026-01-26T14:50:15.599+0000] {logging_mixin.py:151} INFO -      ⚠️ Erreur ligne 59: current transaction is aborted, commands ignored until end of transaction block
[2026-01-26T14:50:15.600+0000] {logging_mixin.py:151} INFO -      ⚠️ Erreur ligne 60: current transaction is aborted, commands ignored until end of transaction block
[2026-01-26T14:50:15.602+0000] {logging_mixin.py:151} INFO -      ⚠️ Erreur ligne 61: current transaction is aborted, commands ignored until end of transaction block
[2026-01-26T14:50:15.603+0000] {logging_mixin.py:151} INFO -      ⚠️ Erreur ligne 62: current transaction is aborted, commands ignored until end of transaction block
[2026-01-26T14:50:15.605+0000] {logging_mixin.py:151} INFO -      ⚠️ Erreur ligne 63: current transaction is aborted, commands ignored until end of transaction block
[2026-01-26T14:50:15.607+0000] {logging_mixin.py:151} INFO -      ⚠️ Erreur ligne 64: current transaction is aborted, commands ignored until end of transaction block
[2026-01-26T14:50:15.609+0000] {logging_mixin.py:151} INFO -      ⚠️ Erreur ligne 65: current transaction is aborted, commands ignored until end of transaction block
[2026-01-26T14:50:15.610+0000] {logging_mixin.py:151} INFO -      ⚠️ Erreur ligne 66: current transaction is aborted, commands ignored until end of transaction block
[2026-01-26T14:50:15.611+0000] {logging_mixin.py:151} INFO -      ⚠️ Erreur ligne 67: current transaction is aborted, commands ignored until end of transaction block
[2026-01-26T14:50:15.613+0000] {logging_mixin.py:151} INFO -      ⚠️ Erreur ligne 68: current transaction is aborted, commands ignored until end of transaction block
[2026-01-26T14:50:15.614+0000] {logging_mixin.py:151} INFO -      ⚠️ Erreur ligne 69: current transaction is aborted, commands ignored until end of transaction block
[2026-01-26T14:50:15.615+0000] {logging_mixin.py:151} INFO -      ⚠️ Erreur ligne 70: current transaction is aborted, commands ignored until end of transaction block
[2026-01-26T14:50:15.617+0000] {logging_mixin.py:151} INFO -      ⚠️ Erreur ligne 71: current transaction is aborted, commands ignored until end of transaction block
[2026-01-26T14:50:15.619+0000] {logging_mixin.py:151} INFO -      ⚠️ Erreur ligne 72: current transaction is aborted, commands ignored until end of transaction block
[2026-01-26T14:50:15.621+0000] {logging_mixin.py:151} INFO -      ⚠️ Erreur ligne 73: current transaction is aborted, commands ignored until end of transaction block
[2026-01-26T14:50:15.623+0000] {logging_mixin.py:151} INFO -      ⚠️ Erreur ligne 74: current transaction is aborted, commands ignored until end of transaction block
[2026-01-26T14:50:15.625+0000] {logging_mixin.py:151} INFO -      ⚠️ Erreur ligne 75: current transaction is aborted, commands ignored until end of transaction block
[2026-01-26T14:50:15.627+0000] {logging_mixin.py:151} INFO -      ⚠️ Erreur ligne 76: current transaction is aborted, commands ignored until end of transaction block
[2026-01-26T14:50:15.628+0000] {logging_mixin.py:151} INFO -      ⚠️ Erreur ligne 77: current transaction is aborted, commands ignored until end of transaction block
[2026-01-26T14:50:15.631+0000] {logging_mixin.py:151} INFO -      ⚠️ Erreur ligne 78: current transaction is aborted, commands ignored until end of transaction block
[2026-01-26T14:50:15.633+0000] {logging_mixin.py:151} INFO -      ⚠️ Erreur ligne 79: current transaction is aborted, commands ignored until end of transaction block
[2026-01-26T14:50:15.634+0000] {logging_mixin.py:151} INFO -      ⚠️ Erreur ligne 80: current transaction is aborted, commands ignored until end of transaction block
[2026-01-26T14:50:15.636+0000] {logging_mixin.py:151} INFO -      ⚠️ Erreur ligne 81: current transaction is aborted, commands ignored until end of transaction block
[2026-01-26T14:50:15.638+0000] {logging_mixin.py:151} INFO -      ⚠️ Erreur ligne 82: current transaction is aborted, commands ignored until end of transaction block
[2026-01-26T14:50:15.640+0000] {logging_mixin.py:151} INFO -      ⚠️ Erreur ligne 83: current transaction is aborted, commands ignored until end of transaction block
[2026-01-26T14:50:15.641+0000] {logging_mixin.py:151} INFO -      ⚠️ Erreur ligne 84: current transaction is aborted, commands ignored until end of transaction block
[2026-01-26T14:50:15.643+0000] {logging_mixin.py:151} INFO -      ⚠️ Erreur ligne 85: current transaction is aborted, commands ignored until end of transaction block
[2026-01-26T14:50:15.644+0000] {logging_mixin.py:151} INFO -      ⚠️ Erreur ligne 86: current transaction is aborted, commands ignored until end of transaction block
[2026-01-26T14:50:15.645+0000] {logging_mixin.py:151} INFO -      ⚠️ Erreur ligne 87: current transaction is aborted, commands ignored until end of transaction block
[2026-01-26T14:50:15.646+0000] {logging_mixin.py:151} INFO -      ⚠️ Erreur ligne 88: current transaction is aborted, commands ignored until end of transaction block
[2026-01-26T14:50:15.648+0000] {logging_mixin.py:151} INFO -      ⚠️ Erreur ligne 89: current transaction is aborted, commands ignored until end of transaction block
[2026-01-26T14:50:15.652+0000] {logging_mixin.py:151} INFO -      ⚠️ Erreur ligne 90: current transaction is aborted, commands ignored until end of transaction block
[2026-01-26T14:50:15.655+0000] {logging_mixin.py:151} INFO -      ⚠️ Erreur ligne 91: current transaction is aborted, commands ignored until end of transaction block
[2026-01-26T14:50:15.656+0000] {logging_mixin.py:151} INFO -      ⚠️ Erreur ligne 92: current transaction is aborted, commands ignored until end of transaction block
[2026-01-26T14:50:15.659+0000] {logging_mixin.py:151} INFO -      ⚠️ Erreur ligne 93: current transaction is aborted, commands ignored until end of transaction block
[2026-01-26T14:50:15.662+0000] {logging_mixin.py:151} INFO -      ⚠️ Erreur ligne 94: current transaction is aborted, commands ignored until end of transaction block
[2026-01-26T14:50:15.665+0000] {logging_mixin.py:151} INFO -      ⚠️ Erreur ligne 95: current transaction is aborted, commands ignored until end of transaction block
[2026-01-26T14:50:15.667+0000] {logging_mixin.py:151} INFO -      ⚠️ Erreur ligne 96: current transaction is aborted, commands ignored until end of transaction block
[2026-01-26T14:50:15.669+0000] {logging_mixin.py:151} INFO -      ⚠️ Erreur ligne 97: current transaction is aborted, commands ignored until end of transaction block
[2026-01-26T14:50:15.672+0000] {logging_mixin.py:151} INFO -      ⚠️ Erreur ligne 98: current transaction is aborted, commands ignored until end of transaction block
[2026-01-26T14:50:15.674+0000] {logging_mixin.py:151} INFO -      ⚠️ Erreur ligne 99: current transaction is aborted, commands ignored until end of transaction block
[2026-01-26T14:50:15.677+0000] {logging_mixin.py:151} INFO -      ⚠️ Erreur ligne 100: current transaction is aborted, commands ignored until end of transaction block
[2026-01-26T14:50:15.679+0000] {logging_mixin.py:151} INFO -      ⚠️ Erreur ligne 101: current transaction is aborted, commands ignored until end of transaction block
[2026-01-26T14:50:15.681+0000] {logging_mixin.py:151} INFO -      ⚠️ Erreur ligne 102: current transaction is aborted, commands ignored until end of transaction block
[2026-01-26T14:50:15.682+0000] {logging_mixin.py:151} INFO -      ⚠️ Erreur ligne 103: current transaction is aborted, commands ignored until end of transaction block
[2026-01-26T14:50:15.684+0000] {logging_mixin.py:151} INFO -      ⚠️ Erreur ligne 104: current transaction is aborted, commands ignored until end of transaction block
[2026-01-26T14:50:15.686+0000] {logging_mixin.py:151} INFO -      ⚠️ Erreur ligne 105: current transaction is aborted, commands ignored until end of transaction block
[2026-01-26T14:50:15.688+0000] {logging_mixin.py:151} INFO -      ⚠️ Erreur ligne 106: current transaction is aborted, commands ignored until end of transaction block
[2026-01-26T14:50:15.689+0000] {logging_mixin.py:151} INFO -      ⚠️ Erreur ligne 107: current transaction is aborted, commands ignored until end of transaction block
[2026-01-26T14:50:15.690+0000] {logging_mixin.py:151} INFO -      ⚠️ Erreur ligne 108: current transaction is aborted, commands ignored until end of transaction block
[2026-01-26T14:50:15.692+0000] {logging_mixin.py:151} INFO -      ⚠️ Erreur ligne 109: current transaction is aborted, commands ignored until end of transaction block
[2026-01-26T14:50:15.694+0000] {logging_mixin.py:151} INFO -      ⚠️ Erreur ligne 110: current transaction is aborted, commands ignored until end of transaction block
[2026-01-26T14:50:15.695+0000] {logging_mixin.py:151} INFO -      ⚠️ Erreur ligne 111: current transaction is aborted, commands ignored until end of transaction block
[2026-01-26T14:50:15.698+0000] {logging_mixin.py:151} INFO -      ⚠️ Erreur ligne 112: current transaction is aborted, commands ignored until end of transaction block
[2026-01-26T14:50:15.699+0000] {logging_mixin.py:151} INFO -      ⚠️ Erreur ligne 113: current transaction is aborted, commands ignored until end of transaction block
[2026-01-26T14:50:15.701+0000] {logging_mixin.py:151} INFO -      ⚠️ Erreur ligne 114: current transaction is aborted, commands ignored until end of transaction block
[2026-01-26T14:50:15.704+0000] {logging_mixin.py:151} INFO -      ⚠️ Erreur ligne 115: current transaction is aborted, commands ignored until end of transaction block
[2026-01-26T14:50:15.705+0000] {logging_mixin.py:151} INFO -      ⚠️ Erreur ligne 116: current transaction is aborted, commands ignored until end of transaction block
[2026-01-26T14:50:15.707+0000] {logging_mixin.py:151} INFO -      ⚠️ Erreur ligne 117: current transaction is aborted, commands ignored until end of transaction block
[2026-01-26T14:50:15.708+0000] {logging_mixin.py:151} INFO -      ⚠️ Erreur ligne 118: current transaction is aborted, commands ignored until end of transaction block
[2026-01-26T14:50:15.710+0000] {logging_mixin.py:151} INFO -      ⚠️ Erreur ligne 119: current transaction is aborted, commands ignored until end of transaction block
[2026-01-26T14:50:15.711+0000] {logging_mixin.py:151} INFO -      ⚠️ Erreur ligne 120: current transaction is aborted, commands ignored until end of transaction block
[2026-01-26T14:50:15.712+0000] {logging_mixin.py:151} INFO -      ⚠️ Erreur ligne 121: current transaction is aborted, commands ignored until end of transaction block
[2026-01-26T14:50:15.713+0000] {logging_mixin.py:151} INFO -      ⚠️ Erreur ligne 122: current transaction is aborted, commands ignored until end of transaction block
[2026-01-26T14:50:15.715+0000] {logging_mixin.py:151} INFO -      ⚠️ Erreur ligne 123: current transaction is aborted, commands ignored until end of transaction block
[2026-01-26T14:50:15.718+0000] {logging_mixin.py:151} INFO -      ⚠️ Erreur ligne 124: current transaction is aborted, commands ignored until end of transaction block
[2026-01-26T14:50:15.721+0000] {logging_mixin.py:151} INFO -      ⚠️ Erreur ligne 125: current transaction is aborted, commands ignored until end of transaction block
[2026-01-26T14:50:15.722+0000] {logging_mixin.py:151} INFO -      ⚠️ Erreur ligne 126: current transaction is aborted, commands ignored until end of transaction block
[2026-01-26T14:50:15.724+0000] {logging_mixin.py:151} INFO -      ⚠️ Erreur ligne 127: current transaction is aborted, commands ignored until end of transaction block
[2026-01-26T14:50:15.726+0000] {logging_mixin.py:151} INFO -      ⚠️ Erreur ligne 128: current transaction is aborted, commands ignored until end of transaction block
[2026-01-26T14:50:15.729+0000] {logging_mixin.py:151} INFO -      ⚠️ Erreur ligne 129: current transaction is aborted, commands ignored until end of transaction block
[2026-01-26T14:50:15.731+0000] {logging_mixin.py:151} INFO -      ⚠️ Erreur ligne 130: current transaction is aborted, commands ignored until end of transaction block
[2026-01-26T14:50:15.733+0000] {logging_mixin.py:151} INFO -      ⚠️ Erreur ligne 131: current transaction is aborted, commands ignored until end of transaction block
[2026-01-26T14:50:15.734+0000] {logging_mixin.py:151} INFO -      ⚠️ Erreur ligne 132: current transaction is aborted, commands ignored until end of transaction block
[2026-01-26T14:50:15.734+0000] {logging_mixin.py:151} INFO -      ⚠️ Erreur ligne 133: current transaction is aborted, commands ignored until end of transaction block
[2026-01-26T14:50:15.735+0000] {logging_mixin.py:151} INFO -      ⚠️ Erreur ligne 134: current transaction is aborted, commands ignored until end of transaction block
[2026-01-26T14:50:15.736+0000] {logging_mixin.py:151} INFO -      ⚠️ Erreur ligne 135: current transaction is aborted, commands ignored until end of transaction block
[2026-01-26T14:50:15.737+0000] {logging_mixin.py:151} INFO -      ⚠️ Erreur ligne 136: current transaction is aborted, commands ignored until end of transaction block
[2026-01-26T14:50:15.738+0000] {logging_mixin.py:151} INFO -      ⚠️ Erreur ligne 137: current transaction is aborted, commands ignored until end of transaction block
[2026-01-26T14:50:15.740+0000] {logging_mixin.py:151} INFO -      ⚠️ Erreur ligne 138: current transaction is aborted, commands ignored until end of transaction block
[2026-01-26T14:50:15.741+0000] {logging_mixin.py:151} INFO -      ⚠️ Erreur ligne 139: current transaction is aborted, commands ignored until end of transaction block
[2026-01-26T14:50:15.742+0000] {logging_mixin.py:151} INFO -      ⚠️ Erreur ligne 140: current transaction is aborted, commands ignored until end of transaction block
[2026-01-26T14:50:15.743+0000] {logging_mixin.py:151} INFO -      ⚠️ Erreur ligne 141: current transaction is aborted, commands ignored until end of transaction block
[2026-01-26T14:50:15.744+0000] {logging_mixin.py:151} INFO -      ⚠️ Erreur ligne 142: current transaction is aborted, commands ignored until end of transaction block
[2026-01-26T14:50:15.745+0000] {logging_mixin.py:151} INFO -      ⚠️ Erreur ligne 143: current transaction is aborted, commands ignored until end of transaction block
[2026-01-26T14:50:15.745+0000] {logging_mixin.py:151} INFO -      ⚠️ Erreur ligne 144: current transaction is aborted, commands ignored until end of transaction block
[2026-01-26T14:50:15.746+0000] {logging_mixin.py:151} INFO -      ⚠️ Erreur ligne 145: current transaction is aborted, commands ignored until end of transaction block
[2026-01-26T14:50:15.747+0000] {logging_mixin.py:151} INFO -      ⚠️ Erreur ligne 146: current transaction is aborted, commands ignored until end of transaction block
[2026-01-26T14:50:15.748+0000] {logging_mixin.py:151} INFO -      ⚠️ Erreur ligne 147: current transaction is aborted, commands ignored until end of transaction block
[2026-01-26T14:50:15.749+0000] {logging_mixin.py:151} INFO -      ⚠️ Erreur ligne 148: current transaction is aborted, commands ignored until end of transaction block
[2026-01-26T14:50:15.750+0000] {logging_mixin.py:151} INFO -      ⚠️ Erreur ligne 149: current transaction is aborted, commands ignored until end of transaction block
[2026-01-26T14:50:15.751+0000] {logging_mixin.py:151} INFO -      ⚠️ Erreur ligne 150: current transaction is aborted, commands ignored until end of transaction block
[2026-01-26T14:50:15.752+0000] {logging_mixin.py:151} INFO -      ⚠️ Erreur ligne 151: current transaction is aborted, commands ignored until end of transaction block
[2026-01-26T14:50:15.752+0000] {logging_mixin.py:151} INFO -      ⚠️ Erreur ligne 152: current transaction is aborted, commands ignored until end of transaction block
[2026-01-26T14:50:15.753+0000] {logging_mixin.py:151} INFO -      ⚠️ Erreur ligne 153: current transaction is aborted, commands ignored until end of transaction block
[2026-01-26T14:50:15.754+0000] {logging_mixin.py:151} INFO -      ⚠️ Erreur ligne 154: current transaction is aborted, commands ignored until end of transaction block
[2026-01-26T14:50:15.755+0000] {logging_mixin.py:151} INFO -      ⚠️ Erreur ligne 155: current transaction is aborted, commands ignored until end of transaction block
[2026-01-26T14:50:15.755+0000] {logging_mixin.py:151} INFO -      ⚠️ Erreur ligne 156: current transaction is aborted, commands ignored until end of transaction block
[2026-01-26T14:50:15.757+0000] {logging_mixin.py:151} INFO -      ⚠️ Erreur ligne 157: current transaction is aborted, commands ignored until end of transaction block
[2026-01-26T14:50:15.759+0000] {logging_mixin.py:151} INFO -      ⚠️ Erreur ligne 158: current transaction is aborted, commands ignored until end of transaction block
[2026-01-26T14:50:15.761+0000] {logging_mixin.py:151} INFO -      ⚠️ Erreur ligne 159: current transaction is aborted, commands ignored until end of transaction block
[2026-01-26T14:50:15.762+0000] {logging_mixin.py:151} INFO -      ⚠️ Erreur ligne 160: current transaction is aborted, commands ignored until end of transaction block
[2026-01-26T14:50:15.763+0000] {logging_mixin.py:151} INFO -      ⚠️ Erreur ligne 161: current transaction is aborted, commands ignored until end of transaction block
[2026-01-26T14:50:15.764+0000] {logging_mixin.py:151} INFO -      ⚠️ Erreur ligne 162: current transaction is aborted, commands ignored until end of transaction block
[2026-01-26T14:50:15.765+0000] {logging_mixin.py:151} INFO -      ⚠️ Erreur ligne 163: current transaction is aborted, commands ignored until end of transaction block
[2026-01-26T14:50:15.766+0000] {logging_mixin.py:151} INFO -      ⚠️ Erreur ligne 164: current transaction is aborted, commands ignored until end of transaction block
[2026-01-26T14:50:15.767+0000] {logging_mixin.py:151} INFO -      ⚠️ Erreur ligne 165: current transaction is aborted, commands ignored until end of transaction block
[2026-01-26T14:50:15.768+0000] {logging_mixin.py:151} INFO -      ⚠️ Erreur ligne 166: current transaction is aborted, commands ignored until end of transaction block
[2026-01-26T14:50:15.768+0000] {logging_mixin.py:151} INFO -      ⚠️ Erreur ligne 167: current transaction is aborted, commands ignored until end of transaction block
[2026-01-26T14:50:15.769+0000] {logging_mixin.py:151} INFO -      ⚠️ Erreur ligne 168: current transaction is aborted, commands ignored until end of transaction block
[2026-01-26T14:50:15.770+0000] {logging_mixin.py:151} INFO -      ⚠️ Erreur ligne 169: current transaction is aborted, commands ignored until end of transaction block
[2026-01-26T14:50:15.771+0000] {logging_mixin.py:151} INFO -      ⚠️ Erreur ligne 170: current transaction is aborted, commands ignored until end of transaction block
[2026-01-26T14:50:15.771+0000] {logging_mixin.py:151} INFO -      ⚠️ Erreur ligne 171: current transaction is aborted, commands ignored until end of transaction block
[2026-01-26T14:50:15.772+0000] {logging_mixin.py:151} INFO -      ⚠️ Erreur ligne 172: current transaction is aborted, commands ignored until end of transaction block
[2026-01-26T14:50:15.773+0000] {logging_mixin.py:151} INFO -      ⚠️ Erreur ligne 173: current transaction is aborted, commands ignored until end of transaction block
[2026-01-26T14:50:15.775+0000] {logging_mixin.py:151} INFO -      ⚠️ Erreur ligne 174: current transaction is aborted, commands ignored until end of transaction block
[2026-01-26T14:50:15.776+0000] {logging_mixin.py:151} INFO -      ⚠️ Erreur ligne 175: current transaction is aborted, commands ignored until end of transaction block
[2026-01-26T14:50:15.777+0000] {logging_mixin.py:151} INFO -      ⚠️ Erreur ligne 176: current transaction is aborted, commands ignored until end of transaction block
[2026-01-26T14:50:15.778+0000] {logging_mixin.py:151} INFO -      ⚠️ Erreur ligne 177: current transaction is aborted, commands ignored until end of transaction block
[2026-01-26T14:50:15.780+0000] {logging_mixin.py:151} INFO -      ⚠️ Erreur ligne 178: current transaction is aborted, commands ignored until end of transaction block
[2026-01-26T14:50:15.783+0000] {logging_mixin.py:151} INFO -      ⚠️ Erreur ligne 179: current transaction is aborted, commands ignored until end of transaction block
[2026-01-26T14:50:15.786+0000] {logging_mixin.py:151} INFO -      ⚠️ Erreur ligne 180: current transaction is aborted, commands ignored until end of transaction block
[2026-01-26T14:50:15.787+0000] {logging_mixin.py:151} INFO -      ⚠️ Erreur ligne 181: current transaction is aborted, commands ignored until end of transaction block
[2026-01-26T14:50:15.788+0000] {logging_mixin.py:151} INFO -      ⚠️ Erreur ligne 182: current transaction is aborted, commands ignored until end of transaction block
[2026-01-26T14:50:15.789+0000] {logging_mixin.py:151} INFO -      ⚠️ Erreur ligne 183: current transaction is aborted, commands ignored until end of transaction block
[2026-01-26T14:50:15.790+0000] {logging_mixin.py:151} INFO -      ⚠️ Erreur ligne 184: current transaction is aborted, commands ignored until end of transaction block
[2026-01-26T14:50:15.791+0000] {logging_mixin.py:151} INFO -      ⚠️ Erreur ligne 185: current transaction is aborted, commands ignored until end of transaction block
[2026-01-26T14:50:15.794+0000] {logging_mixin.py:151} INFO -      ⚠️ Erreur ligne 186: current transaction is aborted, commands ignored until end of transaction block
[2026-01-26T14:50:15.795+0000] {logging_mixin.py:151} INFO -      ⚠️ Erreur ligne 187: current transaction is aborted, commands ignored until end of transaction block
[2026-01-26T14:50:15.796+0000] {logging_mixin.py:151} INFO -      ⚠️ Erreur ligne 188: current transaction is aborted, commands ignored until end of transaction block
[2026-01-26T14:50:15.797+0000] {logging_mixin.py:151} INFO -      ⚠️ Erreur ligne 189: current transaction is aborted, commands ignored until end of transaction block
[2026-01-26T14:50:15.798+0000] {logging_mixin.py:151} INFO -      ⚠️ Erreur ligne 190: current transaction is aborted, commands ignored until end of transaction block
[2026-01-26T14:50:15.800+0000] {logging_mixin.py:151} INFO -      ⚠️ Erreur ligne 191: current transaction is aborted, commands ignored until end of transaction block
[2026-01-26T14:50:15.801+0000] {logging_mixin.py:151} INFO -      ⚠️ Erreur ligne 192: current transaction is aborted, commands ignored until end of transaction block
[2026-01-26T14:50:15.802+0000] {logging_mixin.py:151} INFO -      ⚠️ Erreur ligne 193: current transaction is aborted, commands ignored until end of transaction block
[2026-01-26T14:50:15.803+0000] {logging_mixin.py:151} INFO -      ⚠️ Erreur ligne 194: current transaction is aborted, commands ignored until end of transaction block
[2026-01-26T14:50:15.804+0000] {logging_mixin.py:151} INFO -      ⚠️ Erreur ligne 195: current transaction is aborted, commands ignored until end of transaction block
[2026-01-26T14:50:15.805+0000] {logging_mixin.py:151} INFO -      ⚠️ Erreur ligne 196: current transaction is aborted, commands ignored until end of transaction block
[2026-01-26T14:50:15.807+0000] {logging_mixin.py:151} INFO -      ⚠️ Erreur ligne 197: current transaction is aborted, commands ignored until end of transaction block
[2026-01-26T14:50:15.809+0000] {logging_mixin.py:151} INFO -      ⚠️ Erreur ligne 198: current transaction is aborted, commands ignored until end of transaction block
[2026-01-26T14:50:15.810+0000] {logging_mixin.py:151} INFO -      ⚠️ Erreur ligne 199: current transaction is aborted, commands ignored until end of transaction block
[2026-01-26T14:50:15.811+0000] {logging_mixin.py:151} INFO -      ⚠️ Erreur ligne 200: current transaction is aborted, commands ignored until end of transaction block
[2026-01-26T14:50:15.812+0000] {logging_mixin.py:151} INFO -      ⚠️ Erreur ligne 201: current transaction is aborted, commands ignored until end of transaction block
[2026-01-26T14:50:15.813+0000] {logging_mixin.py:151} INFO -      ⚠️ Erreur ligne 202: current transaction is aborted, commands ignored until end of transaction block
[2026-01-26T14:50:15.815+0000] {logging_mixin.py:151} INFO -      ⚠️ Erreur ligne 203: current transaction is aborted, commands ignored until end of transaction block
[2026-01-26T14:50:15.817+0000] {logging_mixin.py:151} INFO -      ⚠️ Erreur ligne 204: current transaction is aborted, commands ignored until end of transaction block
[2026-01-26T14:50:15.818+0000] {logging_mixin.py:151} INFO -      ⚠️ Erreur ligne 205: current transaction is aborted, commands ignored until end of transaction block
[2026-01-26T14:50:15.819+0000] {logging_mixin.py:151} INFO -      ⚠️ Erreur ligne 206: current transaction is aborted, commands ignored until end of transaction block
[2026-01-26T14:50:15.820+0000] {logging_mixin.py:151} INFO -      ⚠️ Erreur ligne 207: current transaction is aborted, commands ignored until end of transaction block
[2026-01-26T14:50:15.821+0000] {logging_mixin.py:151} INFO -      ⚠️ Erreur ligne 208: current transaction is aborted, commands ignored until end of transaction block
[2026-01-26T14:50:15.822+0000] {logging_mixin.py:151} INFO -      ⚠️ Erreur ligne 209: current transaction is aborted, commands ignored until end of transaction block
[2026-01-26T14:50:15.823+0000] {logging_mixin.py:151} INFO -      ⚠️ Erreur ligne 210: current transaction is aborted, commands ignored until end of transaction block
[2026-01-26T14:50:15.823+0000] {logging_mixin.py:151} INFO -      ⚠️ Erreur ligne 211: current transaction is aborted, commands ignored until end of transaction block
[2026-01-26T14:50:15.824+0000] {logging_mixin.py:151} INFO -      ⚠️ Erreur ligne 212: current transaction is aborted, commands ignored until end of transaction block
[2026-01-26T14:50:15.825+0000] {logging_mixin.py:151} INFO -      ⚠️ Erreur ligne 213: current transaction is aborted, commands ignored until end of transaction block
[2026-01-26T14:50:15.827+0000] {logging_mixin.py:151} INFO -      ⚠️ Erreur ligne 214: current transaction is aborted, commands ignored until end of transaction block
[2026-01-26T14:50:15.829+0000] {logging_mixin.py:151} INFO -      ⚠️ Erreur ligne 215: current transaction is aborted, commands ignored until end of transaction block
[2026-01-26T14:50:15.830+0000] {logging_mixin.py:151} INFO -      ⚠️ Erreur ligne 216: current transaction is aborted, commands ignored until end of transaction block
[2026-01-26T14:50:15.831+0000] {logging_mixin.py:151} INFO -      ⚠️ Erreur ligne 217: current transaction is aborted, commands ignored until end of transaction block
[2026-01-26T14:50:15.832+0000] {logging_mixin.py:151} INFO -      ⚠️ Erreur ligne 218: current transaction is aborted, commands ignored until end of transaction block
[2026-01-26T14:50:15.833+0000] {logging_mixin.py:151} INFO -      ⚠️ Erreur ligne 219: current transaction is aborted, commands ignored until end of transaction block
[2026-01-26T14:50:15.834+0000] {logging_mixin.py:151} INFO -      ⚠️ Erreur ligne 220: current transaction is aborted, commands ignored until end of transaction block
[2026-01-26T14:50:15.835+0000] {logging_mixin.py:151} INFO -      ⚠️ Erreur ligne 221: current transaction is aborted, commands ignored until end of transaction block
[2026-01-26T14:50:15.836+0000] {logging_mixin.py:151} INFO -      ⚠️ Erreur ligne 222: current transaction is aborted, commands ignored until end of transaction block
[2026-01-26T14:50:15.837+0000] {logging_mixin.py:151} INFO -      ⚠️ Erreur ligne 223: current transaction is aborted, commands ignored until end of transaction block
[2026-01-26T14:50:15.838+0000] {logging_mixin.py:151} INFO -      ⚠️ Erreur ligne 224: current transaction is aborted, commands ignored until end of transaction block
[2026-01-26T14:50:15.838+0000] {logging_mixin.py:151} INFO -      ⚠️ Erreur ligne 225: current transaction is aborted, commands ignored until end of transaction block
[2026-01-26T14:50:15.839+0000] {logging_mixin.py:151} INFO -      ⚠️ Erreur ligne 226: current transaction is aborted, commands ignored until end of transaction block
[2026-01-26T14:50:15.840+0000] {logging_mixin.py:151} INFO -      ⚠️ Erreur ligne 227: current transaction is aborted, commands ignored until end of transaction block
[2026-01-26T14:50:15.841+0000] {logging_mixin.py:151} INFO -      ⚠️ Erreur ligne 228: current transaction is aborted, commands ignored until end of transaction block
[2026-01-26T14:50:15.842+0000] {logging_mixin.py:151} INFO -      ⚠️ Erreur ligne 229: current transaction is aborted, commands ignored until end of transaction block
[2026-01-26T14:50:15.843+0000] {logging_mixin.py:151} INFO -      ⚠️ Erreur ligne 230: current transaction is aborted, commands ignored until end of transaction block
[2026-01-26T14:50:15.844+0000] {logging_mixin.py:151} INFO -      ⚠️ Erreur ligne 231: current transaction is aborted, commands ignored until end of transaction block
[2026-01-26T14:50:15.845+0000] {logging_mixin.py:151} INFO -      ⚠️ Erreur ligne 232: current transaction is aborted, commands ignored until end of transaction block
[2026-01-26T14:50:15.846+0000] {logging_mixin.py:151} INFO -      ⚠️ Erreur ligne 233: current transaction is aborted, commands ignored until end of transaction block
[2026-01-26T14:50:15.847+0000] {logging_mixin.py:151} INFO -      ⚠️ Erreur ligne 234: current transaction is aborted, commands ignored until end of transaction block
[2026-01-26T14:50:15.849+0000] {logging_mixin.py:151} INFO -      ⚠️ Erreur ligne 235: current transaction is aborted, commands ignored until end of transaction block
[2026-01-26T14:50:15.853+0000] {logging_mixin.py:151} INFO -      ⚠️ Erreur ligne 236: current transaction is aborted, commands ignored until end of transaction block
[2026-01-26T14:50:15.854+0000] {logging_mixin.py:151} INFO -      ⚠️ Erreur ligne 237: current transaction is aborted, commands ignored until end of transaction block
[2026-01-26T14:50:15.855+0000] {logging_mixin.py:151} INFO -      ⚠️ Erreur ligne 238: current transaction is aborted, commands ignored until end of transaction block
[2026-01-26T14:50:15.856+0000] {logging_mixin.py:151} INFO -      ⚠️ Erreur ligne 239: current transaction is aborted, commands ignored until end of transaction block
[2026-01-26T14:50:15.857+0000] {logging_mixin.py:151} INFO -      ⚠️ Erreur ligne 240: current transaction is aborted, commands ignored until end of transaction block
[2026-01-26T14:50:15.858+0000] {logging_mixin.py:151} INFO -      ⚠️ Erreur ligne 241: current transaction is aborted, commands ignored until end of transaction block
[2026-01-26T14:50:15.859+0000] {logging_mixin.py:151} INFO -      ⚠️ Erreur ligne 242: current transaction is aborted, commands ignored until end of transaction block
[2026-01-26T14:50:15.860+0000] {logging_mixin.py:151} INFO -      ⚠️ Erreur ligne 243: current transaction is aborted, commands ignored until end of transaction block
[2026-01-26T14:50:15.861+0000] {logging_mixin.py:151} INFO -      ⚠️ Erreur ligne 244: current transaction is aborted, commands ignored until end of transaction block
[2026-01-26T14:50:15.862+0000] {logging_mixin.py:151} INFO -      ⚠️ Erreur ligne 245: current transaction is aborted, commands ignored until end of transaction block
[2026-01-26T14:50:15.863+0000] {logging_mixin.py:151} INFO -      ⚠️ Erreur ligne 246: current transaction is aborted, commands ignored until end of transaction block
[2026-01-26T14:50:15.864+0000] {logging_mixin.py:151} INFO -      ⚠️ Erreur ligne 247: current transaction is aborted, commands ignored until end of transaction block
[2026-01-26T14:50:15.865+0000] {logging_mixin.py:151} INFO -      ⚠️ Erreur ligne 248: current transaction is aborted, commands ignored until end of transaction block
[2026-01-26T14:50:15.866+0000] {logging_mixin.py:151} INFO -      ⚠️ Erreur ligne 249: current transaction is aborted, commands ignored until end of transaction block
[2026-01-26T14:50:15.866+0000] {logging_mixin.py:151} INFO -      ⚠️ Erreur ligne 250: current transaction is aborted, commands ignored until end of transaction block
[2026-01-26T14:50:15.867+0000] {logging_mixin.py:151} INFO -      ⚠️ Erreur ligne 251: current transaction is aborted, commands ignored until end of transaction block
[2026-01-26T14:50:15.868+0000] {logging_mixin.py:151} INFO -      ⚠️ Erreur ligne 252: current transaction is aborted, commands ignored until end of transaction block
[2026-01-26T14:50:15.870+0000] {logging_mixin.py:151} INFO -      ⚠️ Erreur ligne 253: current transaction is aborted, commands ignored until end of transaction block
[2026-01-26T14:50:15.871+0000] {logging_mixin.py:151} INFO -      ⚠️ Erreur ligne 254: current transaction is aborted, commands ignored until end of transaction block
[2026-01-26T14:50:15.872+0000] {logging_mixin.py:151} INFO -      ⚠️ Erreur ligne 255: current transaction is aborted, commands ignored until end of transaction block
[2026-01-26T14:50:15.873+0000] {logging_mixin.py:151} INFO -      ⚠️ Erreur ligne 256: current transaction is aborted, commands ignored until end of transaction block
[2026-01-26T14:50:15.874+0000] {logging_mixin.py:151} INFO -      ⚠️ Erreur ligne 257: current transaction is aborted, commands ignored until end of transaction block
[2026-01-26T14:50:15.875+0000] {logging_mixin.py:151} INFO -      ⚠️ Erreur ligne 258: current transaction is aborted, commands ignored until end of transaction block
[2026-01-26T14:50:15.876+0000] {logging_mixin.py:151} INFO -      ⚠️ Erreur ligne 259: current transaction is aborted, commands ignored until end of transaction block
[2026-01-26T14:50:15.877+0000] {logging_mixin.py:151} INFO -      ⚠️ Erreur ligne 260: current transaction is aborted, commands ignored until end of transaction block
[2026-01-26T14:50:15.878+0000] {logging_mixin.py:151} INFO -      ⚠️ Erreur ligne 261: current transaction is aborted, commands ignored until end of transaction block
[2026-01-26T14:50:15.878+0000] {logging_mixin.py:151} INFO -      ⚠️ Erreur ligne 262: current transaction is aborted, commands ignored until end of transaction block
[2026-01-26T14:50:15.879+0000] {logging_mixin.py:151} INFO -      ⚠️ Erreur ligne 263: current transaction is aborted, commands ignored until end of transaction block
[2026-01-26T14:50:15.880+0000] {logging_mixin.py:151} INFO -      ⚠️ Erreur ligne 264: current transaction is aborted, commands ignored until end of transaction block
[2026-01-26T14:50:15.881+0000] {logging_mixin.py:151} INFO -      ⚠️ Erreur ligne 265: current transaction is aborted, commands ignored until end of transaction block
[2026-01-26T14:50:15.881+0000] {logging_mixin.py:151} INFO -      ⚠️ Erreur ligne 266: current transaction is aborted, commands ignored until end of transaction block
[2026-01-26T14:50:15.883+0000] {logging_mixin.py:151} INFO -      ⚠️ Erreur ligne 267: current transaction is aborted, commands ignored until end of transaction block
[2026-01-26T14:50:15.884+0000] {logging_mixin.py:151} INFO -      ⚠️ Erreur ligne 268: current transaction is aborted, commands ignored until end of transaction block
[2026-01-26T14:50:15.885+0000] {logging_mixin.py:151} INFO -      ⚠️ Erreur ligne 269: current transaction is aborted, commands ignored until end of transaction block
[2026-01-26T14:50:15.886+0000] {logging_mixin.py:151} INFO -      ⚠️ Erreur ligne 270: current transaction is aborted, commands ignored until end of transaction block
[2026-01-26T14:50:15.886+0000] {logging_mixin.py:151} INFO -      ⚠️ Erreur ligne 271: current transaction is aborted, commands ignored until end of transaction block
[2026-01-26T14:50:15.887+0000] {logging_mixin.py:151} INFO -      ⚠️ Erreur ligne 272: current transaction is aborted, commands ignored until end of transaction block
[2026-01-26T14:50:15.888+0000] {logging_mixin.py:151} INFO -      ⚠️ Erreur ligne 273: current transaction is aborted, commands ignored until end of transaction block
[2026-01-26T14:50:15.889+0000] {logging_mixin.py:151} INFO -      ⚠️ Erreur ligne 274: current transaction is aborted, commands ignored until end of transaction block
[2026-01-26T14:50:15.890+0000] {logging_mixin.py:151} INFO -      ⚠️ Erreur ligne 275: current transaction is aborted, commands ignored until end of transaction block
[2026-01-26T14:50:15.891+0000] {logging_mixin.py:151} INFO -      ⚠️ Erreur ligne 276: current transaction is aborted, commands ignored until end of transaction block
[2026-01-26T14:50:15.892+0000] {logging_mixin.py:151} INFO -      ⚠️ Erreur ligne 277: current transaction is aborted, commands ignored until end of transaction block
[2026-01-26T14:50:15.892+0000] {logging_mixin.py:151} INFO -      ⚠️ Erreur ligne 278: current transaction is aborted, commands ignored until end of transaction block
[2026-01-26T14:50:15.893+0000] {logging_mixin.py:151} INFO -      ⚠️ Erreur ligne 279: current transaction is aborted, commands ignored until end of transaction block
[2026-01-26T14:50:15.894+0000] {logging_mixin.py:151} INFO -      ⚠️ Erreur ligne 280: current transaction is aborted, commands ignored until end of transaction block
[2026-01-26T14:50:15.895+0000] {logging_mixin.py:151} INFO -      ⚠️ Erreur ligne 281: current transaction is aborted, commands ignored until end of transaction block
[2026-01-26T14:50:15.896+0000] {logging_mixin.py:151} INFO -      ⚠️ Erreur ligne 282: current transaction is aborted, commands ignored until end of transaction block
[2026-01-26T14:50:15.897+0000] {logging_mixin.py:151} INFO -      ⚠️ Erreur ligne 283: current transaction is aborted, commands ignored until end of transaction block
[2026-01-26T14:50:15.898+0000] {logging_mixin.py:151} INFO -      ⚠️ Erreur ligne 284: current transaction is aborted, commands ignored until end of transaction block
[2026-01-26T14:50:15.899+0000] {logging_mixin.py:151} INFO -      ⚠️ Erreur ligne 285: current transaction is aborted, commands ignored until end of transaction block
[2026-01-26T14:50:15.900+0000] {logging_mixin.py:151} INFO -      ⚠️ Erreur ligne 286: current transaction is aborted, commands ignored until end of transaction block
[2026-01-26T14:50:15.901+0000] {logging_mixin.py:151} INFO -      ⚠️ Erreur ligne 287: current transaction is aborted, commands ignored until end of transaction block
[2026-01-26T14:50:15.902+0000] {logging_mixin.py:151} INFO -      ⚠️ Erreur ligne 288: current transaction is aborted, commands ignored until end of transaction block
[2026-01-26T14:50:15.903+0000] {logging_mixin.py:151} INFO -      ⚠️ Erreur ligne 289: current transaction is aborted, commands ignored until end of transaction block
[2026-01-26T14:50:15.904+0000] {logging_mixin.py:151} INFO -      ⚠️ Erreur ligne 290: current transaction is aborted, commands ignored until end of transaction block
[2026-01-26T14:50:15.904+0000] {logging_mixin.py:151} INFO -      ⚠️ Erreur ligne 291: current transaction is aborted, commands ignored until end of transaction block
[2026-01-26T14:50:15.905+0000] {logging_mixin.py:151} INFO -      ⚠️ Erreur ligne 292: current transaction is aborted, commands ignored until end of transaction block
[2026-01-26T14:50:15.906+0000] {logging_mixin.py:151} INFO -      ⚠️ Erreur ligne 293: current transaction is aborted, commands ignored until end of transaction block
[2026-01-26T14:50:15.907+0000] {logging_mixin.py:151} INFO -      ⚠️ Erreur ligne 294: current transaction is aborted, commands ignored until end of transaction block
[2026-01-26T14:50:15.908+0000] {logging_mixin.py:151} INFO -      ⚠️ Erreur ligne 295: current transaction is aborted, commands ignored until end of transaction block
[2026-01-26T14:50:15.909+0000] {logging_mixin.py:151} INFO -      ⚠️ Erreur ligne 296: current transaction is aborted, commands ignored until end of transaction block
[2026-01-26T14:50:15.910+0000] {logging_mixin.py:151} INFO -      ⚠️ Erreur ligne 297: current transaction is aborted, commands ignored until end of transaction block
[2026-01-26T14:50:15.911+0000] {logging_mixin.py:151} INFO -      ⚠️ Erreur ligne 298: current transaction is aborted, commands ignored until end of transaction block
[2026-01-26T14:50:15.912+0000] {logging_mixin.py:151} INFO -      ⚠️ Erreur ligne 299: current transaction is aborted, commands ignored until end of transaction block
[2026-01-26T14:50:15.913+0000] {logging_mixin.py:151} INFO -      ⚠️ Erreur ligne 300: current transaction is aborted, commands ignored until end of transaction block
[2026-01-26T14:50:15.913+0000] {logging_mixin.py:151} INFO -      ⚠️ Erreur ligne 301: current transaction is aborted, commands ignored until end of transaction block
[2026-01-26T14:50:15.914+0000] {logging_mixin.py:151} INFO -      ⚠️ Erreur ligne 302: current transaction is aborted, commands ignored until end of transaction block
[2026-01-26T14:50:15.915+0000] {logging_mixin.py:151} INFO -      ⚠️ Erreur ligne 303: current transaction is aborted, commands ignored until end of transaction block
[2026-01-26T14:50:15.916+0000] {logging_mixin.py:151} INFO -      ⚠️ Erreur ligne 304: current transaction is aborted, commands ignored until end of transaction block
[2026-01-26T14:50:15.917+0000] {logging_mixin.py:151} INFO -      ⚠️ Erreur ligne 305: current transaction is aborted, commands ignored until end of transaction block
[2026-01-26T14:50:15.918+0000] {logging_mixin.py:151} INFO -      ⚠️ Erreur ligne 306: current transaction is aborted, commands ignored until end of transaction block
[2026-01-26T14:50:15.919+0000] {logging_mixin.py:151} INFO -      ⚠️ Erreur ligne 307: current transaction is aborted, commands ignored until end of transaction block
[2026-01-26T14:50:15.920+0000] {logging_mixin.py:151} INFO -      ⚠️ Erreur ligne 308: current transaction is aborted, commands ignored until end of transaction block
[2026-01-26T14:50:15.920+0000] {logging_mixin.py:151} INFO -      ⚠️ Erreur ligne 309: current transaction is aborted, commands ignored until end of transaction block
[2026-01-26T14:50:15.921+0000] {logging_mixin.py:151} INFO -      ⚠️ Erreur ligne 310: current transaction is aborted, commands ignored until end of transaction block
[2026-01-26T14:50:15.922+0000] {logging_mixin.py:151} INFO -      ⚠️ Erreur ligne 311: current transaction is aborted, commands ignored until end of transaction block
[2026-01-26T14:50:15.923+0000] {logging_mixin.py:151} INFO -      ⚠️ Erreur ligne 312: current transaction is aborted, commands ignored until end of transaction block
[2026-01-26T14:50:15.924+0000] {logging_mixin.py:151} INFO -      ⚠️ Erreur ligne 313: current transaction is aborted, commands ignored until end of transaction block
[2026-01-26T14:50:15.925+0000] {logging_mixin.py:151} INFO -      ⚠️ Erreur ligne 314: current transaction is aborted, commands ignored until end of transaction block
[2026-01-26T14:50:15.926+0000] {logging_mixin.py:151} INFO -      ⚠️ Erreur ligne 315: current transaction is aborted, commands ignored until end of transaction block
[2026-01-26T14:50:15.927+0000] {logging_mixin.py:151} INFO -      ⚠️ Erreur ligne 316: current transaction is aborted, commands ignored until end of transaction block
[2026-01-26T14:50:15.927+0000] {logging_mixin.py:151} INFO -      ⚠️ Erreur ligne 317: current transaction is aborted, commands ignored until end of transaction block
[2026-01-26T14:50:15.928+0000] {logging_mixin.py:151} INFO -      ⚠️ Erreur ligne 318: current transaction is aborted, commands ignored until end of transaction block
[2026-01-26T14:50:15.929+0000] {logging_mixin.py:151} INFO -      ⚠️ Erreur ligne 319: current transaction is aborted, commands ignored until end of transaction block
[2026-01-26T14:50:15.930+0000] {logging_mixin.py:151} INFO -      ⚠️ Erreur ligne 320: current transaction is aborted, commands ignored until end of transaction block
[2026-01-26T14:50:15.931+0000] {logging_mixin.py:151} INFO -      ⚠️ Erreur ligne 321: current transaction is aborted, commands ignored until end of transaction block
[2026-01-26T14:50:15.932+0000] {logging_mixin.py:151} INFO -      ⚠️ Erreur ligne 322: current transaction is aborted, commands ignored until end of transaction block
[2026-01-26T14:50:15.933+0000] {logging_mixin.py:151} INFO -      ⚠️ Erreur ligne 323: current transaction is aborted, commands ignored until end of transaction block
[2026-01-26T14:50:15.934+0000] {logging_mixin.py:151} INFO -      ⚠️ Erreur ligne 324: current transaction is aborted, commands ignored until end of transaction block
[2026-01-26T14:50:15.935+0000] {logging_mixin.py:151} INFO -      ⚠️ Erreur ligne 325: current transaction is aborted, commands ignored until end of transaction block
[2026-01-26T14:50:15.936+0000] {logging_mixin.py:151} INFO -      ⚠️ Erreur ligne 326: current transaction is aborted, commands ignored until end of transaction block
[2026-01-26T14:50:15.936+0000] {logging_mixin.py:151} INFO -      ⚠️ Erreur ligne 327: current transaction is aborted, commands ignored until end of transaction block
[2026-01-26T14:50:15.937+0000] {logging_mixin.py:151} INFO -      ⚠️ Erreur ligne 328: current transaction is aborted, commands ignored until end of transaction block
[2026-01-26T14:50:15.938+0000] {logging_mixin.py:151} INFO -      ⚠️ Erreur ligne 329: current transaction is aborted, commands ignored until end of transaction block
[2026-01-26T14:50:15.939+0000] {logging_mixin.py:151} INFO -      ⚠️ Erreur ligne 330: current transaction is aborted, commands ignored until end of transaction block
[2026-01-26T14:50:15.940+0000] {logging_mixin.py:151} INFO -      ⚠️ Erreur ligne 331: current transaction is aborted, commands ignored until end of transaction block
[2026-01-26T14:50:15.941+0000] {logging_mixin.py:151} INFO -      ⚠️ Erreur ligne 332: current transaction is aborted, commands ignored until end of transaction block
[2026-01-26T14:50:15.942+0000] {logging_mixin.py:151} INFO -      ⚠️ Erreur ligne 333: current transaction is aborted, commands ignored until end of transaction block
[2026-01-26T14:50:15.942+0000] {logging_mixin.py:151} INFO -      ⚠️ Erreur ligne 334: current transaction is aborted, commands ignored until end of transaction block
[2026-01-26T14:50:15.943+0000] {logging_mixin.py:151} INFO -      ⚠️ Erreur ligne 335: current transaction is aborted, commands ignored until end of transaction block
[2026-01-26T14:50:15.944+0000] {logging_mixin.py:151} INFO -      ⚠️ Erreur ligne 336: current transaction is aborted, commands ignored until end of transaction block
[2026-01-26T14:50:15.945+0000] {logging_mixin.py:151} INFO -      ⚠️ Erreur ligne 337: current transaction is aborted, commands ignored until end of transaction block
[2026-01-26T14:50:15.946+0000] {logging_mixin.py:151} INFO -      ⚠️ Erreur ligne 338: current transaction is aborted, commands ignored until end of transaction block
[2026-01-26T14:50:15.947+0000] {logging_mixin.py:151} INFO -      ⚠️ Erreur ligne 339: current transaction is aborted, commands ignored until end of transaction block
[2026-01-26T14:50:15.948+0000] {logging_mixin.py:151} INFO -      ⚠️ Erreur ligne 340: current transaction is aborted, commands ignored until end of transaction block
[2026-01-26T14:50:15.949+0000] {logging_mixin.py:151} INFO -      ⚠️ Erreur ligne 341: current transaction is aborted, commands ignored until end of transaction block
[2026-01-26T14:50:15.950+0000] {logging_mixin.py:151} INFO -      ⚠️ Erreur ligne 342: current transaction is aborted, commands ignored until end of transaction block
[2026-01-26T14:50:15.951+0000] {logging_mixin.py:151} INFO -      ⚠️ Erreur ligne 343: current transaction is aborted, commands ignored until end of transaction block
[2026-01-26T14:50:15.952+0000] {logging_mixin.py:151} INFO -      ⚠️ Erreur ligne 344: current transaction is aborted, commands ignored until end of transaction block
[2026-01-26T14:50:15.952+0000] {logging_mixin.py:151} INFO -      ⚠️ Erreur ligne 345: current transaction is aborted, commands ignored until end of transaction block
[2026-01-26T14:50:15.953+0000] {logging_mixin.py:151} INFO -      ⚠️ Erreur ligne 346: current transaction is aborted, commands ignored until end of transaction block
[2026-01-26T14:50:15.954+0000] {logging_mixin.py:151} INFO -      ⚠️ Erreur ligne 347: current transaction is aborted, commands ignored until end of transaction block
[2026-01-26T14:50:15.955+0000] {logging_mixin.py:151} INFO -      ⚠️ Erreur ligne 348: current transaction is aborted, commands ignored until end of transaction block
[2026-01-26T14:50:15.956+0000] {logging_mixin.py:151} INFO -      ⚠️ Erreur ligne 349: current transaction is aborted, commands ignored until end of transaction block
[2026-01-26T14:50:15.957+0000] {logging_mixin.py:151} INFO -      ⚠️ Erreur ligne 350: current transaction is aborted, commands ignored until end of transaction block
[2026-01-26T14:50:15.958+0000] {logging_mixin.py:151} INFO -      ⚠️ Erreur ligne 351: current transaction is aborted, commands ignored until end of transaction block
[2026-01-26T14:50:15.959+0000] {logging_mixin.py:151} INFO -      ⚠️ Erreur ligne 352: current transaction is aborted, commands ignored until end of transaction block
[2026-01-26T14:50:15.960+0000] {logging_mixin.py:151} INFO -      ⚠️ Erreur ligne 353: current transaction is aborted, commands ignored until end of transaction block
[2026-01-26T14:50:15.961+0000] {logging_mixin.py:151} INFO -      ⚠️ Erreur ligne 354: current transaction is aborted, commands ignored until end of transaction block
[2026-01-26T14:50:15.961+0000] {logging_mixin.py:151} INFO -      ⚠️ Erreur ligne 355: current transaction is aborted, commands ignored until end of transaction block
[2026-01-26T14:50:15.962+0000] {logging_mixin.py:151} INFO -      ⚠️ Erreur ligne 356: current transaction is aborted, commands ignored until end of transaction block
[2026-01-26T14:50:15.963+0000] {logging_mixin.py:151} INFO -      ⚠️ Erreur ligne 357: current transaction is aborted, commands ignored until end of transaction block
[2026-01-26T14:50:15.964+0000] {logging_mixin.py:151} INFO -      ⚠️ Erreur ligne 358: current transaction is aborted, commands ignored until end of transaction block
[2026-01-26T14:50:15.964+0000] {logging_mixin.py:151} INFO -      ⚠️ Erreur ligne 359: current transaction is aborted, commands ignored until end of transaction block
[2026-01-26T14:50:15.965+0000] {logging_mixin.py:151} INFO -      ⚠️ Erreur ligne 360: current transaction is aborted, commands ignored until end of transaction block
[2026-01-26T14:50:15.966+0000] {logging_mixin.py:151} INFO -      ⚠️ Erreur ligne 361: current transaction is aborted, commands ignored until end of transaction block
[2026-01-26T14:50:15.967+0000] {logging_mixin.py:151} INFO -      ⚠️ Erreur ligne 362: current transaction is aborted, commands ignored until end of transaction block
[2026-01-26T14:50:15.968+0000] {logging_mixin.py:151} INFO -      ⚠️ Erreur ligne 363: current transaction is aborted, commands ignored until end of transaction block
[2026-01-26T14:50:15.969+0000] {logging_mixin.py:151} INFO -      ⚠️ Erreur ligne 364: current transaction is aborted, commands ignored until end of transaction block
[2026-01-26T14:50:15.970+0000] {logging_mixin.py:151} INFO -      ⚠️ Erreur ligne 365: current transaction is aborted, commands ignored until end of transaction block
[2026-01-26T14:50:15.970+0000] {logging_mixin.py:151} INFO -      ⚠️ Erreur ligne 366: current transaction is aborted, commands ignored until end of transaction block
[2026-01-26T14:50:15.971+0000] {logging_mixin.py:151} INFO -      ⚠️ Erreur ligne 367: current transaction is aborted, commands ignored until end of transaction block
[2026-01-26T14:50:15.972+0000] {logging_mixin.py:151} INFO -      ⚠️ Erreur ligne 368: current transaction is aborted, commands ignored until end of transaction block
[2026-01-26T14:50:15.973+0000] {logging_mixin.py:151} INFO -      ⚠️ Erreur ligne 369: current transaction is aborted, commands ignored until end of transaction block
[2026-01-26T14:50:15.974+0000] {logging_mixin.py:151} INFO -      ⚠️ Erreur ligne 370: current transaction is aborted, commands ignored until end of transaction block
[2026-01-26T14:50:15.975+0000] {logging_mixin.py:151} INFO -      ⚠️ Erreur ligne 371: current transaction is aborted, commands ignored until end of transaction block
[2026-01-26T14:50:15.975+0000] {logging_mixin.py:151} INFO -      ⚠️ Erreur ligne 372: current transaction is aborted, commands ignored until end of transaction block
[2026-01-26T14:50:15.976+0000] {logging_mixin.py:151} INFO -      ⚠️ Erreur ligne 373: current transaction is aborted, commands ignored until end of transaction block
[2026-01-26T14:50:15.977+0000] {logging_mixin.py:151} INFO -      ⚠️ Erreur ligne 374: current transaction is aborted, commands ignored until end of transaction block
[2026-01-26T14:50:15.978+0000] {logging_mixin.py:151} INFO -      ⚠️ Erreur ligne 375: current transaction is aborted, commands ignored until end of transaction block
[2026-01-26T14:50:15.979+0000] {logging_mixin.py:151} INFO -      ⚠️ Erreur ligne 376: current transaction is aborted, commands ignored until end of transaction block
[2026-01-26T14:50:15.980+0000] {logging_mixin.py:151} INFO -      ⚠️ Erreur ligne 377: current transaction is aborted, commands ignored until end of transaction block
[2026-01-26T14:50:15.981+0000] {logging_mixin.py:151} INFO -      ⚠️ Erreur ligne 378: current transaction is aborted, commands ignored until end of transaction block
[2026-01-26T14:50:15.982+0000] {logging_mixin.py:151} INFO -      ⚠️ Erreur ligne 379: current transaction is aborted, commands ignored until end of transaction block
[2026-01-26T14:50:15.984+0000] {logging_mixin.py:151} INFO -      ⚠️ Erreur ligne 380: current transaction is aborted, commands ignored until end of transaction block
[2026-01-26T14:50:15.985+0000] {logging_mixin.py:151} INFO -      ⚠️ Erreur ligne 381: current transaction is aborted, commands ignored until end of transaction block
[2026-01-26T14:50:15.986+0000] {logging_mixin.py:151} INFO -      ⚠️ Erreur ligne 382: current transaction is aborted, commands ignored until end of transaction block
[2026-01-26T14:50:15.987+0000] {logging_mixin.py:151} INFO -      ⚠️ Erreur ligne 383: current transaction is aborted, commands ignored until end of transaction block
[2026-01-26T14:50:15.988+0000] {logging_mixin.py:151} INFO -      ⚠️ Erreur ligne 384: current transaction is aborted, commands ignored until end of transaction block
[2026-01-26T14:50:15.989+0000] {logging_mixin.py:151} INFO -      ⚠️ Erreur ligne 385: current transaction is aborted, commands ignored until end of transaction block
[2026-01-26T14:50:15.990+0000] {logging_mixin.py:151} INFO -      ⚠️ Erreur ligne 386: current transaction is aborted, commands ignored until end of transaction block
[2026-01-26T14:50:15.990+0000] {logging_mixin.py:151} INFO -      ⚠️ Erreur ligne 387: current transaction is aborted, commands ignored until end of transaction block
[2026-01-26T14:50:15.991+0000] {logging_mixin.py:151} INFO -      ⚠️ Erreur ligne 388: current transaction is aborted, commands ignored until end of transaction block
[2026-01-26T14:50:15.992+0000] {logging_mixin.py:151} INFO -      ⚠️ Erreur ligne 389: current transaction is aborted, commands ignored until end of transaction block
[2026-01-26T14:50:15.993+0000] {logging_mixin.py:151} INFO -      ⚠️ Erreur ligne 390: current transaction is aborted, commands ignored until end of transaction block
[2026-01-26T14:50:15.994+0000] {logging_mixin.py:151} INFO -      ⚠️ Erreur ligne 391: current transaction is aborted, commands ignored until end of transaction block
[2026-01-26T14:50:15.994+0000] {logging_mixin.py:151} INFO -      ⚠️ Erreur ligne 392: current transaction is aborted, commands ignored until end of transaction block
[2026-01-26T14:50:15.995+0000] {logging_mixin.py:151} INFO -      ⚠️ Erreur ligne 393: current transaction is aborted, commands ignored until end of transaction block
[2026-01-26T14:50:15.996+0000] {logging_mixin.py:151} INFO -      ⚠️ Erreur ligne 394: current transaction is aborted, commands ignored until end of transaction block
[2026-01-26T14:50:15.997+0000] {logging_mixin.py:151} INFO -      ⚠️ Erreur ligne 395: current transaction is aborted, commands ignored until end of transaction block
[2026-01-26T14:50:15.998+0000] {logging_mixin.py:151} INFO -      ⚠️ Erreur ligne 396: current transaction is aborted, commands ignored until end of transaction block
[2026-01-26T14:50:15.999+0000] {logging_mixin.py:151} INFO -      ⚠️ Erreur ligne 397: current transaction is aborted, commands ignored until end of transaction block
[2026-01-26T14:50:15.999+0000] {logging_mixin.py:151} INFO -      ⚠️ Erreur ligne 398: current transaction is aborted, commands ignored until end of transaction block
[2026-01-26T14:50:16.000+0000] {logging_mixin.py:151} INFO -      ⚠️ Erreur ligne 399: current transaction is aborted, commands ignored until end of transaction block
[2026-01-26T14:50:16.001+0000] {logging_mixin.py:151} INFO -      ⚠️ Erreur ligne 400: current transaction is aborted, commands ignored until end of transaction block
[2026-01-26T14:50:16.002+0000] {logging_mixin.py:151} INFO -      ⚠️ Erreur ligne 401: current transaction is aborted, commands ignored until end of transaction block
[2026-01-26T14:50:16.003+0000] {logging_mixin.py:151} INFO -      ⚠️ Erreur ligne 402: current transaction is aborted, commands ignored until end of transaction block
[2026-01-26T14:50:16.004+0000] {logging_mixin.py:151} INFO -      ⚠️ Erreur ligne 403: current transaction is aborted, commands ignored until end of transaction block
[2026-01-26T14:50:16.005+0000] {logging_mixin.py:151} INFO -      ⚠️ Erreur ligne 404: current transaction is aborted, commands ignored until end of transaction block
[2026-01-26T14:50:16.005+0000] {logging_mixin.py:151} INFO -      ⚠️ Erreur ligne 405: current transaction is aborted, commands ignored until end of transaction block
[2026-01-26T14:50:16.006+0000] {logging_mixin.py:151} INFO -      ⚠️ Erreur ligne 406: current transaction is aborted, commands ignored until end of transaction block
[2026-01-26T14:50:16.007+0000] {logging_mixin.py:151} INFO -      ⚠️ Erreur ligne 407: current transaction is aborted, commands ignored until end of transaction block
[2026-01-26T14:50:16.008+0000] {logging_mixin.py:151} INFO -      ⚠️ Erreur ligne 408: current transaction is aborted, commands ignored until end of transaction block
[2026-01-26T14:50:16.009+0000] {logging_mixin.py:151} INFO -      ⚠️ Erreur ligne 409: current transaction is aborted, commands ignored until end of transaction block
[2026-01-26T14:50:16.009+0000] {logging_mixin.py:151} INFO -      ⚠️ Erreur ligne 410: current transaction is aborted, commands ignored until end of transaction block
[2026-01-26T14:50:16.010+0000] {logging_mixin.py:151} INFO -      ⚠️ Erreur ligne 411: current transaction is aborted, commands ignored until end of transaction block
[2026-01-26T14:50:16.011+0000] {logging_mixin.py:151} INFO -      ⚠️ Erreur ligne 412: current transaction is aborted, commands ignored until end of transaction block
[2026-01-26T14:50:16.012+0000] {logging_mixin.py:151} INFO -      ⚠️ Erreur ligne 413: current transaction is aborted, commands ignored until end of transaction block
[2026-01-26T14:50:16.012+0000] {logging_mixin.py:151} INFO -      ⚠️ Erreur ligne 414: current transaction is aborted, commands ignored until end of transaction block
[2026-01-26T14:50:16.013+0000] {logging_mixin.py:151} INFO -      ⚠️ Erreur ligne 415: current transaction is aborted, commands ignored until end of transaction block
[2026-01-26T14:50:16.014+0000] {logging_mixin.py:151} INFO -      ⚠️ Erreur ligne 416: current transaction is aborted, commands ignored until end of transaction block
[2026-01-26T14:50:16.015+0000] {logging_mixin.py:151} INFO -      ⚠️ Erreur ligne 417: current transaction is aborted, commands ignored until end of transaction block
[2026-01-26T14:50:16.015+0000] {logging_mixin.py:151} INFO -      ⚠️ Erreur ligne 418: current transaction is aborted, commands ignored until end of transaction block
[2026-01-26T14:50:16.016+0000] {logging_mixin.py:151} INFO -      ⚠️ Erreur ligne 419: current transaction is aborted, commands ignored until end of transaction block
[2026-01-26T14:50:16.017+0000] {logging_mixin.py:151} INFO -      ⚠️ Erreur ligne 420: current transaction is aborted, commands ignored until end of transaction block
[2026-01-26T14:50:16.018+0000] {logging_mixin.py:151} INFO -      ⚠️ Erreur ligne 421: current transaction is aborted, commands ignored until end of transaction block
[2026-01-26T14:50:16.019+0000] {logging_mixin.py:151} INFO -      ⚠️ Erreur ligne 422: current transaction is aborted, commands ignored until end of transaction block
[2026-01-26T14:50:16.020+0000] {logging_mixin.py:151} INFO -      ⚠️ Erreur ligne 423: current transaction is aborted, commands ignored until end of transaction block
[2026-01-26T14:50:16.022+0000] {logging_mixin.py:151} INFO -      ⚠️ Erreur ligne 424: current transaction is aborted, commands ignored until end of transaction block
[2026-01-26T14:50:16.023+0000] {logging_mixin.py:151} INFO -      ⚠️ Erreur ligne 425: current transaction is aborted, commands ignored until end of transaction block
[2026-01-26T14:50:16.024+0000] {logging_mixin.py:151} INFO -      ⚠️ Erreur ligne 426: current transaction is aborted, commands ignored until end of transaction block
[2026-01-26T14:50:16.026+0000] {logging_mixin.py:151} INFO -      ⚠️ Erreur ligne 427: current transaction is aborted, commands ignored until end of transaction block
[2026-01-26T14:50:16.027+0000] {logging_mixin.py:151} INFO -      ⚠️ Erreur ligne 428: current transaction is aborted, commands ignored until end of transaction block
[2026-01-26T14:50:16.028+0000] {logging_mixin.py:151} INFO -      ⚠️ Erreur ligne 429: current transaction is aborted, commands ignored until end of transaction block
[2026-01-26T14:50:16.029+0000] {logging_mixin.py:151} INFO -      ⚠️ Erreur ligne 430: current transaction is aborted, commands ignored until end of transaction block
[2026-01-26T14:50:16.030+0000] {logging_mixin.py:151} INFO -      ⚠️ Erreur ligne 431: current transaction is aborted, commands ignored until end of transaction block
[2026-01-26T14:50:16.031+0000] {logging_mixin.py:151} INFO -      ⚠️ Erreur ligne 432: current transaction is aborted, commands ignored until end of transaction block
[2026-01-26T14:50:16.032+0000] {logging_mixin.py:151} INFO -      ⚠️ Erreur ligne 433: current transaction is aborted, commands ignored until end of transaction block
[2026-01-26T14:50:16.033+0000] {logging_mixin.py:151} INFO -      ⚠️ Erreur ligne 434: current transaction is aborted, commands ignored until end of transaction block
[2026-01-26T14:50:16.034+0000] {logging_mixin.py:151} INFO -      ⚠️ Erreur ligne 435: current transaction is aborted, commands ignored until end of transaction block
[2026-01-26T14:50:16.036+0000] {logging_mixin.py:151} INFO -      ⚠️ Erreur ligne 436: current transaction is aborted, commands ignored until end of transaction block
[2026-01-26T14:50:16.037+0000] {logging_mixin.py:151} INFO -      ⚠️ Erreur ligne 437: current transaction is aborted, commands ignored until end of transaction block
[2026-01-26T14:50:16.038+0000] {logging_mixin.py:151} INFO -      ⚠️ Erreur ligne 438: current transaction is aborted, commands ignored until end of transaction block
[2026-01-26T14:50:16.039+0000] {logging_mixin.py:151} INFO -      ⚠️ Erreur ligne 439: current transaction is aborted, commands ignored until end of transaction block
[2026-01-26T14:50:16.041+0000] {logging_mixin.py:151} INFO -      ⚠️ Erreur ligne 440: current transaction is aborted, commands ignored until end of transaction block
[2026-01-26T14:50:16.042+0000] {logging_mixin.py:151} INFO -      ⚠️ Erreur ligne 441: current transaction is aborted, commands ignored until end of transaction block
[2026-01-26T14:50:16.043+0000] {logging_mixin.py:151} INFO -      ⚠️ Erreur ligne 442: current transaction is aborted, commands ignored until end of transaction block
[2026-01-26T14:50:16.044+0000] {logging_mixin.py:151} INFO -      ⚠️ Erreur ligne 443: current transaction is aborted, commands ignored until end of transaction block
[2026-01-26T14:50:16.045+0000] {logging_mixin.py:151} INFO -      ⚠️ Erreur ligne 444: current transaction is aborted, commands ignored until end of transaction block
[2026-01-26T14:50:16.046+0000] {logging_mixin.py:151} INFO -      ⚠️ Erreur ligne 445: current transaction is aborted, commands ignored until end of transaction block
[2026-01-26T14:50:16.047+0000] {logging_mixin.py:151} INFO -      ⚠️ Erreur ligne 446: current transaction is aborted, commands ignored until end of transaction block
[2026-01-26T14:50:16.047+0000] {logging_mixin.py:151} INFO -      ⚠️ Erreur ligne 447: current transaction is aborted, commands ignored until end of transaction block
[2026-01-26T14:50:16.048+0000] {logging_mixin.py:151} INFO -      ⚠️ Erreur ligne 448: current transaction is aborted, commands ignored until end of transaction block
[2026-01-26T14:50:16.049+0000] {logging_mixin.py:151} INFO -      ⚠️ Erreur ligne 449: current transaction is aborted, commands ignored until end of transaction block
[2026-01-26T14:50:16.050+0000] {logging_mixin.py:151} INFO -      ⚠️ Erreur ligne 450: current transaction is aborted, commands ignored until end of transaction block
[2026-01-26T14:50:16.051+0000] {logging_mixin.py:151} INFO -      ⚠️ Erreur ligne 451: current transaction is aborted, commands ignored until end of transaction block
[2026-01-26T14:50:16.052+0000] {logging_mixin.py:151} INFO -      ⚠️ Erreur ligne 452: current transaction is aborted, commands ignored until end of transaction block
[2026-01-26T14:50:16.053+0000] {logging_mixin.py:151} INFO -      ⚠️ Erreur ligne 453: current transaction is aborted, commands ignored until end of transaction block
[2026-01-26T14:50:16.053+0000] {logging_mixin.py:151} INFO -      ⚠️ Erreur ligne 454: current transaction is aborted, commands ignored until end of transaction block
[2026-01-26T14:50:16.055+0000] {logging_mixin.py:151} INFO -      ⚠️ Erreur ligne 455: current transaction is aborted, commands ignored until end of transaction block
[2026-01-26T14:50:16.056+0000] {logging_mixin.py:151} INFO -      ⚠️ Erreur ligne 456: current transaction is aborted, commands ignored until end of transaction block
[2026-01-26T14:50:16.058+0000] {logging_mixin.py:151} INFO -      ⚠️ Erreur ligne 457: current transaction is aborted, commands ignored until end of transaction block
[2026-01-26T14:50:16.060+0000] {logging_mixin.py:151} INFO -      ⚠️ Erreur ligne 458: current transaction is aborted, commands ignored until end of transaction block
[2026-01-26T14:50:16.061+0000] {logging_mixin.py:151} INFO -      ⚠️ Erreur ligne 459: current transaction is aborted, commands ignored until end of transaction block
[2026-01-26T14:50:16.062+0000] {logging_mixin.py:151} INFO -      ⚠️ Erreur ligne 460: current transaction is aborted, commands ignored until end of transaction block
[2026-01-26T14:50:16.063+0000] {logging_mixin.py:151} INFO -      ⚠️ Erreur ligne 461: current transaction is aborted, commands ignored until end of transaction block
[2026-01-26T14:50:16.064+0000] {logging_mixin.py:151} INFO -      ⚠️ Erreur ligne 462: current transaction is aborted, commands ignored until end of transaction block
[2026-01-26T14:50:16.064+0000] {logging_mixin.py:151} INFO -      ⚠️ Erreur ligne 463: current transaction is aborted, commands ignored until end of transaction block
[2026-01-26T14:50:16.065+0000] {logging_mixin.py:151} INFO -      ⚠️ Erreur ligne 464: current transaction is aborted, commands ignored until end of transaction block
[2026-01-26T14:50:16.066+0000] {logging_mixin.py:151} INFO -      ⚠️ Erreur ligne 465: current transaction is aborted, commands ignored until end of transaction block
[2026-01-26T14:50:16.067+0000] {logging_mixin.py:151} INFO -      ⚠️ Erreur ligne 466: current transaction is aborted, commands ignored until end of transaction block
[2026-01-26T14:50:16.068+0000] {logging_mixin.py:151} INFO -      ⚠️ Erreur ligne 467: current transaction is aborted, commands ignored until end of transaction block
[2026-01-26T14:50:16.068+0000] {logging_mixin.py:151} INFO -      ⚠️ Erreur ligne 468: current transaction is aborted, commands ignored until end of transaction block
[2026-01-26T14:50:16.069+0000] {logging_mixin.py:151} INFO -      ⚠️ Erreur ligne 469: current transaction is aborted, commands ignored until end of transaction block
[2026-01-26T14:50:16.071+0000] {logging_mixin.py:151} INFO -      ⚠️ Erreur ligne 470: current transaction is aborted, commands ignored until end of transaction block
[2026-01-26T14:50:16.072+0000] {logging_mixin.py:151} INFO -      ⚠️ Erreur ligne 471: current transaction is aborted, commands ignored until end of transaction block
[2026-01-26T14:50:16.072+0000] {logging_mixin.py:151} INFO -      ⚠️ Erreur ligne 472: current transaction is aborted, commands ignored until end of transaction block
[2026-01-26T14:50:16.073+0000] {logging_mixin.py:151} INFO -      ⚠️ Erreur ligne 473: current transaction is aborted, commands ignored until end of transaction block
[2026-01-26T14:50:16.074+0000] {logging_mixin.py:151} INFO -      ⚠️ Erreur ligne 474: current transaction is aborted, commands ignored until end of transaction block
[2026-01-26T14:50:16.075+0000] {logging_mixin.py:151} INFO -      ⚠️ Erreur ligne 475: current transaction is aborted, commands ignored until end of transaction block
[2026-01-26T14:50:16.076+0000] {logging_mixin.py:151} INFO -      ⚠️ Erreur ligne 476: current transaction is aborted, commands ignored until end of transaction block
[2026-01-26T14:50:16.077+0000] {logging_mixin.py:151} INFO -      ⚠️ Erreur ligne 477: current transaction is aborted, commands ignored until end of transaction block
[2026-01-26T14:50:16.078+0000] {logging_mixin.py:151} INFO -      ⚠️ Erreur ligne 478: current transaction is aborted, commands ignored until end of transaction block
[2026-01-26T14:50:16.080+0000] {logging_mixin.py:151} INFO -      ⚠️ Erreur ligne 479: current transaction is aborted, commands ignored until end of transaction block
[2026-01-26T14:50:16.081+0000] {logging_mixin.py:151} INFO -      ⚠️ Erreur ligne 480: current transaction is aborted, commands ignored until end of transaction block
[2026-01-26T14:50:16.082+0000] {logging_mixin.py:151} INFO -      ⚠️ Erreur ligne 481: current transaction is aborted, commands ignored until end of transaction block
[2026-01-26T14:50:16.083+0000] {logging_mixin.py:151} INFO -      ⚠️ Erreur ligne 482: current transaction is aborted, commands ignored until end of transaction block
[2026-01-26T14:50:16.084+0000] {logging_mixin.py:151} INFO -      ⚠️ Erreur ligne 483: current transaction is aborted, commands ignored until end of transaction block
[2026-01-26T14:50:16.085+0000] {logging_mixin.py:151} INFO -      ⚠️ Erreur ligne 484: current transaction is aborted, commands ignored until end of transaction block
[2026-01-26T14:50:16.086+0000] {logging_mixin.py:151} INFO -      ⚠️ Erreur ligne 485: current transaction is aborted, commands ignored until end of transaction block
[2026-01-26T14:50:16.087+0000] {logging_mixin.py:151} INFO -      ⚠️ Erreur ligne 486: current transaction is aborted, commands ignored until end of transaction block
[2026-01-26T14:50:16.088+0000] {logging_mixin.py:151} INFO -      ⚠️ Erreur ligne 487: current transaction is aborted, commands ignored until end of transaction block
[2026-01-26T14:50:16.088+0000] {logging_mixin.py:151} INFO -      ⚠️ Erreur ligne 488: current transaction is aborted, commands ignored until end of transaction block
[2026-01-26T14:50:16.089+0000] {logging_mixin.py:151} INFO -      ⚠️ Erreur ligne 489: current transaction is aborted, commands ignored until end of transaction block
[2026-01-26T14:50:16.090+0000] {logging_mixin.py:151} INFO -      ⚠️ Erreur ligne 490: current transaction is aborted, commands ignored until end of transaction block
[2026-01-26T14:50:16.091+0000] {logging_mixin.py:151} INFO -      ⚠️ Erreur ligne 491: current transaction is aborted, commands ignored until end of transaction block
[2026-01-26T14:50:16.092+0000] {logging_mixin.py:151} INFO -      ⚠️ Erreur ligne 492: current transaction is aborted, commands ignored until end of transaction block
[2026-01-26T14:50:16.093+0000] {logging_mixin.py:151} INFO -      ⚠️ Erreur ligne 493: current transaction is aborted, commands ignored until end of transaction block
[2026-01-26T14:50:16.094+0000] {logging_mixin.py:151} INFO -      ⚠️ Erreur ligne 494: current transaction is aborted, commands ignored until end of transaction block
[2026-01-26T14:50:16.095+0000] {logging_mixin.py:151} INFO -      ⚠️ Erreur ligne 495: current transaction is aborted, commands ignored until end of transaction block
[2026-01-26T14:50:16.096+0000] {logging_mixin.py:151} INFO -      ⚠️ Erreur ligne 496: current transaction is aborted, commands ignored until end of transaction block
[2026-01-26T14:50:16.096+0000] {logging_mixin.py:151} INFO -      ⚠️ Erreur ligne 497: current transaction is aborted, commands ignored until end of transaction block
[2026-01-26T14:50:16.097+0000] {logging_mixin.py:151} INFO -      ⚠️ Erreur ligne 498: current transaction is aborted, commands ignored until end of transaction block
[2026-01-26T14:50:16.099+0000] {logging_mixin.py:151} INFO -      ⚠️ Erreur ligne 499: current transaction is aborted, commands ignored until end of transaction block
[2026-01-26T14:50:16.101+0000] {logging_mixin.py:151} INFO -      ⚠️ Erreur ligne 500: current transaction is aborted, commands ignored until end of transaction block
[2026-01-26T14:50:16.102+0000] {logging_mixin.py:151} INFO -      ⚠️ Erreur ligne 501: current transaction is aborted, commands ignored until end of transaction block
[2026-01-26T14:50:16.103+0000] {logging_mixin.py:151} INFO -      ⚠️ Erreur ligne 502: current transaction is aborted, commands ignored until end of transaction block
[2026-01-26T14:50:16.104+0000] {logging_mixin.py:151} INFO -      ⚠️ Erreur ligne 503: current transaction is aborted, commands ignored until end of transaction block
[2026-01-26T14:50:16.105+0000] {logging_mixin.py:151} INFO -      ⚠️ Erreur ligne 504: current transaction is aborted, commands ignored until end of transaction block
[2026-01-26T14:50:16.106+0000] {logging_mixin.py:151} INFO -      ⚠️ Erreur ligne 505: current transaction is aborted, commands ignored until end of transaction block
[2026-01-26T14:50:16.107+0000] {logging_mixin.py:151} INFO -      ⚠️ Erreur ligne 506: current transaction is aborted, commands ignored until end of transaction block
[2026-01-26T14:50:16.107+0000] {logging_mixin.py:151} INFO -      ⚠️ Erreur ligne 507: current transaction is aborted, commands ignored until end of transaction block
[2026-01-26T14:50:16.108+0000] {logging_mixin.py:151} INFO -      ⚠️ Erreur ligne 508: current transaction is aborted, commands ignored until end of transaction block
[2026-01-26T14:50:16.109+0000] {logging_mixin.py:151} INFO -      ⚠️ Erreur ligne 509: current transaction is aborted, commands ignored until end of transaction block
[2026-01-26T14:50:16.110+0000] {logging_mixin.py:151} INFO -      ⚠️ Erreur ligne 510: current transaction is aborted, commands ignored until end of transaction block
[2026-01-26T14:50:16.111+0000] {logging_mixin.py:151} INFO -      ⚠️ Erreur ligne 511: current transaction is aborted, commands ignored until end of transaction block
[2026-01-26T14:50:16.112+0000] {logging_mixin.py:151} INFO -      ⚠️ Erreur ligne 512: current transaction is aborted, commands ignored until end of transaction block
[2026-01-26T14:50:16.112+0000] {logging_mixin.py:151} INFO -      ⚠️ Erreur ligne 513: current transaction is aborted, commands ignored until end of transaction block
[2026-01-26T14:50:16.114+0000] {logging_mixin.py:151} INFO -      ⚠️ Erreur ligne 514: current transaction is aborted, commands ignored until end of transaction block
[2026-01-26T14:50:16.115+0000] {logging_mixin.py:151} INFO -      ⚠️ Erreur ligne 515: current transaction is aborted, commands ignored until end of transaction block
[2026-01-26T14:50:16.116+0000] {logging_mixin.py:151} INFO -      ⚠️ Erreur ligne 516: current transaction is aborted, commands ignored until end of transaction block
[2026-01-26T14:50:16.116+0000] {logging_mixin.py:151} INFO -      ⚠️ Erreur ligne 517: current transaction is aborted, commands ignored until end of transaction block
[2026-01-26T14:50:16.117+0000] {logging_mixin.py:151} INFO -      ⚠️ Erreur ligne 518: current transaction is aborted, commands ignored until end of transaction block
[2026-01-26T14:50:16.118+0000] {logging_mixin.py:151} INFO -      ⚠️ Erreur ligne 519: current transaction is aborted, commands ignored until end of transaction block
[2026-01-26T14:50:16.119+0000] {logging_mixin.py:151} INFO -      ⚠️ Erreur ligne 520: current transaction is aborted, commands ignored until end of transaction block
[2026-01-26T14:50:16.121+0000] {logging_mixin.py:151} INFO -      ⚠️ Erreur ligne 521: current transaction is aborted, commands ignored until end of transaction block
[2026-01-26T14:50:16.122+0000] {logging_mixin.py:151} INFO -      ⚠️ Erreur ligne 522: current transaction is aborted, commands ignored until end of transaction block
[2026-01-26T14:50:16.123+0000] {logging_mixin.py:151} INFO -      ⚠️ Erreur ligne 523: current transaction is aborted, commands ignored until end of transaction block
[2026-01-26T14:50:16.125+0000] {logging_mixin.py:151} INFO -      ⚠️ Erreur ligne 524: current transaction is aborted, commands ignored until end of transaction block
[2026-01-26T14:50:16.126+0000] {logging_mixin.py:151} INFO -      ⚠️ Erreur ligne 525: current transaction is aborted, commands ignored until end of transaction block
[2026-01-26T14:50:16.127+0000] {logging_mixin.py:151} INFO -      ⚠️ Erreur ligne 526: current transaction is aborted, commands ignored until end of transaction block
[2026-01-26T14:50:16.127+0000] {logging_mixin.py:151} INFO -      ⚠️ Erreur ligne 527: current transaction is aborted, commands ignored until end of transaction block
[2026-01-26T14:50:16.128+0000] {logging_mixin.py:151} INFO -      ⚠️ Erreur ligne 528: current transaction is aborted, commands ignored until end of transaction block
[2026-01-26T14:50:16.129+0000] {logging_mixin.py:151} INFO -      ⚠️ Erreur ligne 529: current transaction is aborted, commands ignored until end of transaction block
[2026-01-26T14:50:16.130+0000] {logging_mixin.py:151} INFO -      ⚠️ Erreur ligne 530: current transaction is aborted, commands ignored until end of transaction block
[2026-01-26T14:50:16.131+0000] {logging_mixin.py:151} INFO -      ⚠️ Erreur ligne 531: current transaction is aborted, commands ignored until end of transaction block
[2026-01-26T14:50:16.132+0000] {logging_mixin.py:151} INFO -      ⚠️ Erreur ligne 532: current transaction is aborted, commands ignored until end of transaction block
[2026-01-26T14:50:16.133+0000] {logging_mixin.py:151} INFO -      ⚠️ Erreur ligne 533: current transaction is aborted, commands ignored until end of transaction block
[2026-01-26T14:50:16.134+0000] {logging_mixin.py:151} INFO -      ⚠️ Erreur ligne 534: current transaction is aborted, commands ignored until end of transaction block
[2026-01-26T14:50:16.136+0000] {logging_mixin.py:151} INFO -      ⚠️ Erreur ligne 535: current transaction is aborted, commands ignored until end of transaction block
[2026-01-26T14:50:16.137+0000] {logging_mixin.py:151} INFO -      ⚠️ Erreur ligne 536: current transaction is aborted, commands ignored until end of transaction block
[2026-01-26T14:50:16.138+0000] {logging_mixin.py:151} INFO -      ⚠️ Erreur ligne 537: current transaction is aborted, commands ignored until end of transaction block
[2026-01-26T14:50:16.139+0000] {logging_mixin.py:151} INFO -      ⚠️ Erreur ligne 538: current transaction is aborted, commands ignored until end of transaction block
[2026-01-26T14:50:16.140+0000] {logging_mixin.py:151} INFO -      ⚠️ Erreur ligne 539: current transaction is aborted, commands ignored until end of transaction block
[2026-01-26T14:50:16.142+0000] {logging_mixin.py:151} INFO -      ⚠️ Erreur ligne 540: current transaction is aborted, commands ignored until end of transaction block
[2026-01-26T14:50:16.143+0000] {logging_mixin.py:151} INFO -      ⚠️ Erreur ligne 541: current transaction is aborted, commands ignored until end of transaction block
[2026-01-26T14:50:16.144+0000] {logging_mixin.py:151} INFO -      ⚠️ Erreur ligne 542: current transaction is aborted, commands ignored until end of transaction block
[2026-01-26T14:50:16.144+0000] {logging_mixin.py:151} INFO -      ⚠️ Erreur ligne 543: current transaction is aborted, commands ignored until end of transaction block
[2026-01-26T14:50:16.145+0000] {logging_mixin.py:151} INFO -      ⚠️ Erreur ligne 544: current transaction is aborted, commands ignored until end of transaction block
[2026-01-26T14:50:16.146+0000] {logging_mixin.py:151} INFO -      ⚠️ Erreur ligne 545: current transaction is aborted, commands ignored until end of transaction block
[2026-01-26T14:50:16.147+0000] {logging_mixin.py:151} INFO -      ⚠️ Erreur ligne 546: current transaction is aborted, commands ignored until end of transaction block
[2026-01-26T14:50:16.148+0000] {logging_mixin.py:151} INFO -      ⚠️ Erreur ligne 547: current transaction is aborted, commands ignored until end of transaction block
[2026-01-26T14:50:16.150+0000] {logging_mixin.py:151} INFO -      ⚠️ Erreur ligne 548: current transaction is aborted, commands ignored until end of transaction block
[2026-01-26T14:50:16.150+0000] {logging_mixin.py:151} INFO -      ⚠️ Erreur ligne 549: current transaction is aborted, commands ignored until end of transaction block
[2026-01-26T14:50:16.152+0000] {logging_mixin.py:151} INFO -      ⚠️ Erreur ligne 550: current transaction is aborted, commands ignored until end of transaction block
[2026-01-26T14:50:16.153+0000] {logging_mixin.py:151} INFO -      ⚠️ Erreur ligne 551: current transaction is aborted, commands ignored until end of transaction block
[2026-01-26T14:50:16.154+0000] {logging_mixin.py:151} INFO -      ⚠️ Erreur ligne 552: current transaction is aborted, commands ignored until end of transaction block
[2026-01-26T14:50:16.155+0000] {logging_mixin.py:151} INFO -      ⚠️ Erreur ligne 553: current transaction is aborted, commands ignored until end of transaction block
[2026-01-26T14:50:16.156+0000] {logging_mixin.py:151} INFO -      ⚠️ Erreur ligne 554: current transaction is aborted, commands ignored until end of transaction block
[2026-01-26T14:50:16.157+0000] {logging_mixin.py:151} INFO -      ⚠️ Erreur ligne 555: current transaction is aborted, commands ignored until end of transaction block
[2026-01-26T14:50:16.158+0000] {logging_mixin.py:151} INFO -      ⚠️ Erreur ligne 556: current transaction is aborted, commands ignored until end of transaction block
[2026-01-26T14:50:16.159+0000] {logging_mixin.py:151} INFO -      ⚠️ Erreur ligne 557: current transaction is aborted, commands ignored until end of transaction block
[2026-01-26T14:50:16.160+0000] {logging_mixin.py:151} INFO -      ⚠️ Erreur ligne 558: current transaction is aborted, commands ignored until end of transaction block
[2026-01-26T14:50:16.160+0000] {logging_mixin.py:151} INFO -      ⚠️ Erreur ligne 559: current transaction is aborted, commands ignored until end of transaction block
[2026-01-26T14:50:16.161+0000] {logging_mixin.py:151} INFO -      ⚠️ Erreur ligne 560: current transaction is aborted, commands ignored until end of transaction block
[2026-01-26T14:50:16.163+0000] {logging_mixin.py:151} INFO -      ⚠️ Erreur ligne 561: current transaction is aborted, commands ignored until end of transaction block
[2026-01-26T14:50:16.165+0000] {logging_mixin.py:151} INFO -      ⚠️ Erreur ligne 562: current transaction is aborted, commands ignored until end of transaction block
[2026-01-26T14:50:16.167+0000] {logging_mixin.py:151} INFO -      ⚠️ Erreur ligne 563: current transaction is aborted, commands ignored until end of transaction block
[2026-01-26T14:50:16.169+0000] {logging_mixin.py:151} INFO -      ⚠️ Erreur ligne 564: current transaction is aborted, commands ignored until end of transaction block
[2026-01-26T14:50:16.170+0000] {logging_mixin.py:151} INFO -      ⚠️ Erreur ligne 565: current transaction is aborted, commands ignored until end of transaction block
[2026-01-26T14:50:16.171+0000] {logging_mixin.py:151} INFO -      ⚠️ Erreur ligne 566: current transaction is aborted, commands ignored until end of transaction block
[2026-01-26T14:50:16.172+0000] {logging_mixin.py:151} INFO -      ⚠️ Erreur ligne 567: current transaction is aborted, commands ignored until end of transaction block
[2026-01-26T14:50:16.173+0000] {logging_mixin.py:151} INFO -      ⚠️ Erreur ligne 568: current transaction is aborted, commands ignored until end of transaction block
[2026-01-26T14:50:16.174+0000] {logging_mixin.py:151} INFO -      ⚠️ Erreur ligne 569: current transaction is aborted, commands ignored until end of transaction block
[2026-01-26T14:50:16.175+0000] {logging_mixin.py:151} INFO -      ⚠️ Erreur ligne 570: current transaction is aborted, commands ignored until end of transaction block
[2026-01-26T14:50:16.176+0000] {logging_mixin.py:151} INFO -      ⚠️ Erreur ligne 571: current transaction is aborted, commands ignored until end of transaction block
[2026-01-26T14:50:16.180+0000] {logging_mixin.py:151} INFO -      ⚠️ Erreur ligne 572: current transaction is aborted, commands ignored until end of transaction block
[2026-01-26T14:50:16.182+0000] {logging_mixin.py:151} INFO -      ⚠️ Erreur ligne 573: current transaction is aborted, commands ignored until end of transaction block
[2026-01-26T14:50:16.183+0000] {logging_mixin.py:151} INFO -      ⚠️ Erreur ligne 574: current transaction is aborted, commands ignored until end of transaction block
[2026-01-26T14:50:16.185+0000] {logging_mixin.py:151} INFO -      ⚠️ Erreur ligne 575: current transaction is aborted, commands ignored until end of transaction block
[2026-01-26T14:50:16.187+0000] {logging_mixin.py:151} INFO -      ⚠️ Erreur ligne 576: current transaction is aborted, commands ignored until end of transaction block
[2026-01-26T14:50:16.188+0000] {logging_mixin.py:151} INFO -      ⚠️ Erreur ligne 577: current transaction is aborted, commands ignored until end of transaction block
[2026-01-26T14:50:16.189+0000] {logging_mixin.py:151} INFO -      ⚠️ Erreur ligne 578: current transaction is aborted, commands ignored until end of transaction block
[2026-01-26T14:50:16.191+0000] {logging_mixin.py:151} INFO -      ⚠️ Erreur ligne 579: current transaction is aborted, commands ignored until end of transaction block
[2026-01-26T14:50:16.192+0000] {logging_mixin.py:151} INFO -      ⚠️ Erreur ligne 580: current transaction is aborted, commands ignored until end of transaction block
[2026-01-26T14:50:16.193+0000] {logging_mixin.py:151} INFO -      ⚠️ Erreur ligne 581: current transaction is aborted, commands ignored until end of transaction block
[2026-01-26T14:50:16.196+0000] {logging_mixin.py:151} INFO -      ⚠️ Erreur ligne 582: current transaction is aborted, commands ignored until end of transaction block
[2026-01-26T14:50:16.198+0000] {logging_mixin.py:151} INFO -      ⚠️ Erreur ligne 583: current transaction is aborted, commands ignored until end of transaction block
[2026-01-26T14:50:16.200+0000] {logging_mixin.py:151} INFO -      ⚠️ Erreur ligne 584: current transaction is aborted, commands ignored until end of transaction block
[2026-01-26T14:50:16.201+0000] {logging_mixin.py:151} INFO -      ⚠️ Erreur ligne 585: current transaction is aborted, commands ignored until end of transaction block
[2026-01-26T14:50:16.203+0000] {logging_mixin.py:151} INFO -      ⚠️ Erreur ligne 586: current transaction is aborted, commands ignored until end of transaction block
[2026-01-26T14:50:16.204+0000] {logging_mixin.py:151} INFO -      ⚠️ Erreur ligne 587: current transaction is aborted, commands ignored until end of transaction block
[2026-01-26T14:50:16.205+0000] {logging_mixin.py:151} INFO -      ⚠️ Erreur ligne 588: current transaction is aborted, commands ignored until end of transaction block
[2026-01-26T14:50:16.206+0000] {logging_mixin.py:151} INFO -      ⚠️ Erreur ligne 589: current transaction is aborted, commands ignored until end of transaction block
[2026-01-26T14:50:16.207+0000] {logging_mixin.py:151} INFO -      ⚠️ Erreur ligne 590: current transaction is aborted, commands ignored until end of transaction block
[2026-01-26T14:50:16.208+0000] {logging_mixin.py:151} INFO -      ⚠️ Erreur ligne 591: current transaction is aborted, commands ignored until end of transaction block
[2026-01-26T14:50:16.209+0000] {logging_mixin.py:151} INFO -      ⚠️ Erreur ligne 592: current transaction is aborted, commands ignored until end of transaction block
[2026-01-26T14:50:16.210+0000] {logging_mixin.py:151} INFO -      ⚠️ Erreur ligne 593: current transaction is aborted, commands ignored until end of transaction block
[2026-01-26T14:50:16.210+0000] {logging_mixin.py:151} INFO -      ⚠️ Erreur ligne 594: current transaction is aborted, commands ignored until end of transaction block
[2026-01-26T14:50:16.211+0000] {logging_mixin.py:151} INFO -      ⚠️ Erreur ligne 595: current transaction is aborted, commands ignored until end of transaction block
[2026-01-26T14:50:16.212+0000] {logging_mixin.py:151} INFO -      ⚠️ Erreur ligne 596: current transaction is aborted, commands ignored until end of transaction block
[2026-01-26T14:50:16.214+0000] {logging_mixin.py:151} INFO -      ⚠️ Erreur ligne 597: current transaction is aborted, commands ignored until end of transaction block
[2026-01-26T14:50:16.216+0000] {logging_mixin.py:151} INFO -      ⚠️ Erreur ligne 598: current transaction is aborted, commands ignored until end of transaction block
[2026-01-26T14:50:16.217+0000] {logging_mixin.py:151} INFO -      ⚠️ Erreur ligne 599: current transaction is aborted, commands ignored until end of transaction block
[2026-01-26T14:50:16.219+0000] {logging_mixin.py:151} INFO -      ⚠️ Erreur ligne 600: current transaction is aborted, commands ignored until end of transaction block
[2026-01-26T14:50:16.220+0000] {logging_mixin.py:151} INFO -      ⚠️ Erreur ligne 601: current transaction is aborted, commands ignored until end of transaction block
[2026-01-26T14:50:16.221+0000] {logging_mixin.py:151} INFO -      ⚠️ Erreur ligne 602: current transaction is aborted, commands ignored until end of transaction block
[2026-01-26T14:50:16.222+0000] {logging_mixin.py:151} INFO -      ⚠️ Erreur ligne 603: current transaction is aborted, commands ignored until end of transaction block
[2026-01-26T14:50:16.223+0000] {logging_mixin.py:151} INFO -      ⚠️ Erreur ligne 604: current transaction is aborted, commands ignored until end of transaction block
[2026-01-26T14:50:16.224+0000] {logging_mixin.py:151} INFO -      ⚠️ Erreur ligne 605: current transaction is aborted, commands ignored until end of transaction block
[2026-01-26T14:50:16.225+0000] {logging_mixin.py:151} INFO -      ⚠️ Erreur ligne 606: current transaction is aborted, commands ignored until end of transaction block
[2026-01-26T14:50:16.226+0000] {logging_mixin.py:151} INFO -      ⚠️ Erreur ligne 607: current transaction is aborted, commands ignored until end of transaction block
[2026-01-26T14:50:16.227+0000] {logging_mixin.py:151} INFO -      ⚠️ Erreur ligne 608: current transaction is aborted, commands ignored until end of transaction block
[2026-01-26T14:50:16.228+0000] {logging_mixin.py:151} INFO -      ⚠️ Erreur ligne 609: current transaction is aborted, commands ignored until end of transaction block
[2026-01-26T14:50:16.229+0000] {logging_mixin.py:151} INFO -      ⚠️ Erreur ligne 610: current transaction is aborted, commands ignored until end of transaction block
[2026-01-26T14:50:16.230+0000] {logging_mixin.py:151} INFO -      ⚠️ Erreur ligne 611: current transaction is aborted, commands ignored until end of transaction block
[2026-01-26T14:50:16.231+0000] {logging_mixin.py:151} INFO -      ⚠️ Erreur ligne 612: current transaction is aborted, commands ignored until end of transaction block
[2026-01-26T14:50:16.232+0000] {logging_mixin.py:151} INFO -      ⚠️ Erreur ligne 613: current transaction is aborted, commands ignored until end of transaction block
[2026-01-26T14:50:16.233+0000] {logging_mixin.py:151} INFO -      ⚠️ Erreur ligne 614: current transaction is aborted, commands ignored until end of transaction block
[2026-01-26T14:50:16.234+0000] {logging_mixin.py:151} INFO -      ⚠️ Erreur ligne 615: current transaction is aborted, commands ignored until end of transaction block
[2026-01-26T14:50:16.235+0000] {logging_mixin.py:151} INFO -      ⚠️ Erreur ligne 616: current transaction is aborted, commands ignored until end of transaction block
[2026-01-26T14:50:16.236+0000] {logging_mixin.py:151} INFO -      ⚠️ Erreur ligne 617: current transaction is aborted, commands ignored until end of transaction block
[2026-01-26T14:50:16.236+0000] {logging_mixin.py:151} INFO -      ⚠️ Erreur ligne 618: current transaction is aborted, commands ignored until end of transaction block
[2026-01-26T14:50:16.237+0000] {logging_mixin.py:151} INFO -      ⚠️ Erreur ligne 619: current transaction is aborted, commands ignored until end of transaction block
[2026-01-26T14:50:16.238+0000] {logging_mixin.py:151} INFO -      ⚠️ Erreur ligne 620: current transaction is aborted, commands ignored until end of transaction block
[2026-01-26T14:50:16.240+0000] {logging_mixin.py:151} INFO -      ⚠️ Erreur ligne 621: current transaction is aborted, commands ignored until end of transaction block
[2026-01-26T14:50:16.241+0000] {logging_mixin.py:151} INFO -      ⚠️ Erreur ligne 622: current transaction is aborted, commands ignored until end of transaction block
[2026-01-26T14:50:16.243+0000] {logging_mixin.py:151} INFO -      ⚠️ Erreur ligne 623: current transaction is aborted, commands ignored until end of transaction block
[2026-01-26T14:50:16.244+0000] {logging_mixin.py:151} INFO -      ⚠️ Erreur ligne 624: current transaction is aborted, commands ignored until end of transaction block
[2026-01-26T14:50:16.246+0000] {logging_mixin.py:151} INFO -      ⚠️ Erreur ligne 625: current transaction is aborted, commands ignored until end of transaction block
[2026-01-26T14:50:16.247+0000] {logging_mixin.py:151} INFO -      ⚠️ Erreur ligne 626: current transaction is aborted, commands ignored until end of transaction block
[2026-01-26T14:50:16.248+0000] {logging_mixin.py:151} INFO -      ⚠️ Erreur ligne 627: current transaction is aborted, commands ignored until end of transaction block
[2026-01-26T14:50:16.249+0000] {logging_mixin.py:151} INFO -      ⚠️ Erreur ligne 628: current transaction is aborted, commands ignored until end of transaction block
[2026-01-26T14:50:16.250+0000] {logging_mixin.py:151} INFO -      ⚠️ Erreur ligne 629: current transaction is aborted, commands ignored until end of transaction block
[2026-01-26T14:50:16.251+0000] {logging_mixin.py:151} INFO -      ⚠️ Erreur ligne 630: current transaction is aborted, commands ignored until end of transaction block
[2026-01-26T14:50:16.252+0000] {logging_mixin.py:151} INFO -      ⚠️ Erreur ligne 631: current transaction is aborted, commands ignored until end of transaction block
[2026-01-26T14:50:16.253+0000] {logging_mixin.py:151} INFO -      ⚠️ Erreur ligne 632: current transaction is aborted, commands ignored until end of transaction block
[2026-01-26T14:50:16.254+0000] {logging_mixin.py:151} INFO -      ⚠️ Erreur ligne 633: current transaction is aborted, commands ignored until end of transaction block
[2026-01-26T14:50:16.255+0000] {logging_mixin.py:151} INFO -      ⚠️ Erreur ligne 634: current transaction is aborted, commands ignored until end of transaction block
[2026-01-26T14:50:16.255+0000] {logging_mixin.py:151} INFO -      ⚠️ Erreur ligne 635: current transaction is aborted, commands ignored until end of transaction block
[2026-01-26T14:50:16.256+0000] {logging_mixin.py:151} INFO -      ⚠️ Erreur ligne 636: current transaction is aborted, commands ignored until end of transaction block
[2026-01-26T14:50:16.257+0000] {logging_mixin.py:151} INFO -      ⚠️ Erreur ligne 637: current transaction is aborted, commands ignored until end of transaction block
[2026-01-26T14:50:16.259+0000] {logging_mixin.py:151} INFO -      ⚠️ Erreur ligne 638: current transaction is aborted, commands ignored until end of transaction block
[2026-01-26T14:50:16.260+0000] {logging_mixin.py:151} INFO -      ⚠️ Erreur ligne 639: current transaction is aborted, commands ignored until end of transaction block
[2026-01-26T14:50:16.261+0000] {logging_mixin.py:151} INFO -      ⚠️ Erreur ligne 640: current transaction is aborted, commands ignored until end of transaction block
[2026-01-26T14:50:16.262+0000] {logging_mixin.py:151} INFO -      ⚠️ Erreur ligne 641: current transaction is aborted, commands ignored until end of transaction block
[2026-01-26T14:50:16.263+0000] {logging_mixin.py:151} INFO -      ⚠️ Erreur ligne 642: current transaction is aborted, commands ignored until end of transaction block
[2026-01-26T14:50:16.264+0000] {logging_mixin.py:151} INFO -      ⚠️ Erreur ligne 643: current transaction is aborted, commands ignored until end of transaction block
[2026-01-26T14:50:16.265+0000] {logging_mixin.py:151} INFO -      ⚠️ Erreur ligne 644: current transaction is aborted, commands ignored until end of transaction block
[2026-01-26T14:50:16.266+0000] {logging_mixin.py:151} INFO -      ⚠️ Erreur ligne 645: current transaction is aborted, commands ignored until end of transaction block
[2026-01-26T14:50:16.267+0000] {logging_mixin.py:151} INFO -      ⚠️ Erreur ligne 646: current transaction is aborted, commands ignored until end of transaction block
[2026-01-26T14:50:16.268+0000] {logging_mixin.py:151} INFO -      ⚠️ Erreur ligne 647: current transaction is aborted, commands ignored until end of transaction block
[2026-01-26T14:50:16.269+0000] {logging_mixin.py:151} INFO -      ⚠️ Erreur ligne 648: current transaction is aborted, commands ignored until end of transaction block
[2026-01-26T14:50:16.270+0000] {logging_mixin.py:151} INFO -      ⚠️ Erreur ligne 649: current transaction is aborted, commands ignored until end of transaction block
[2026-01-26T14:50:16.271+0000] {logging_mixin.py:151} INFO -      ⚠️ Erreur ligne 650: current transaction is aborted, commands ignored until end of transaction block
[2026-01-26T14:50:16.272+0000] {logging_mixin.py:151} INFO -      ⚠️ Erreur ligne 651: current transaction is aborted, commands ignored until end of transaction block
[2026-01-26T14:50:16.273+0000] {logging_mixin.py:151} INFO -      ⚠️ Erreur ligne 652: current transaction is aborted, commands ignored until end of transaction block
[2026-01-26T14:50:16.274+0000] {logging_mixin.py:151} INFO -      ⚠️ Erreur ligne 653: current transaction is aborted, commands ignored until end of transaction block
[2026-01-26T14:50:16.275+0000] {logging_mixin.py:151} INFO -      ⚠️ Erreur ligne 654: current transaction is aborted, commands ignored until end of transaction block
[2026-01-26T14:50:16.276+0000] {logging_mixin.py:151} INFO -      ⚠️ Erreur ligne 655: current transaction is aborted, commands ignored until end of transaction block
[2026-01-26T14:50:16.277+0000] {logging_mixin.py:151} INFO -      ⚠️ Erreur ligne 656: current transaction is aborted, commands ignored until end of transaction block
[2026-01-26T14:50:16.278+0000] {logging_mixin.py:151} INFO -      ⚠️ Erreur ligne 657: current transaction is aborted, commands ignored until end of transaction block
[2026-01-26T14:50:16.279+0000] {logging_mixin.py:151} INFO -      ⚠️ Erreur ligne 658: current transaction is aborted, commands ignored until end of transaction block
[2026-01-26T14:50:16.279+0000] {logging_mixin.py:151} INFO -      ⚠️ Erreur ligne 659: current transaction is aborted, commands ignored until end of transaction block
[2026-01-26T14:50:16.280+0000] {logging_mixin.py:151} INFO -      ⚠️ Erreur ligne 660: current transaction is aborted, commands ignored until end of transaction block
[2026-01-26T14:50:16.281+0000] {logging_mixin.py:151} INFO -      ⚠️ Erreur ligne 661: current transaction is aborted, commands ignored until end of transaction block
[2026-01-26T14:50:16.282+0000] {logging_mixin.py:151} INFO -      ⚠️ Erreur ligne 662: current transaction is aborted, commands ignored until end of transaction block
[2026-01-26T14:50:16.283+0000] {logging_mixin.py:151} INFO -      ⚠️ Erreur ligne 663: current transaction is aborted, commands ignored until end of transaction block
[2026-01-26T14:50:16.284+0000] {logging_mixin.py:151} INFO -      ⚠️ Erreur ligne 664: current transaction is aborted, commands ignored until end of transaction block
[2026-01-26T14:50:16.287+0000] {logging_mixin.py:151} INFO -      ⚠️ Erreur ligne 665: current transaction is aborted, commands ignored until end of transaction block
[2026-01-26T14:50:16.289+0000] {logging_mixin.py:151} INFO -      ⚠️ Erreur ligne 666: current transaction is aborted, commands ignored until end of transaction block
[2026-01-26T14:50:16.290+0000] {logging_mixin.py:151} INFO -      ⚠️ Erreur ligne 667: current transaction is aborted, commands ignored until end of transaction block
[2026-01-26T14:50:16.291+0000] {logging_mixin.py:151} INFO -      ⚠️ Erreur ligne 668: current transaction is aborted, commands ignored until end of transaction block
[2026-01-26T14:50:16.292+0000] {logging_mixin.py:151} INFO -      ⚠️ Erreur ligne 669: current transaction is aborted, commands ignored until end of transaction block
[2026-01-26T14:50:16.293+0000] {logging_mixin.py:151} INFO -      ⚠️ Erreur ligne 670: current transaction is aborted, commands ignored until end of transaction block
[2026-01-26T14:50:16.294+0000] {logging_mixin.py:151} INFO -      ⚠️ Erreur ligne 671: current transaction is aborted, commands ignored until end of transaction block
[2026-01-26T14:50:16.295+0000] {logging_mixin.py:151} INFO -      ⚠️ Erreur ligne 672: current transaction is aborted, commands ignored until end of transaction block
[2026-01-26T14:50:16.296+0000] {logging_mixin.py:151} INFO -      ⚠️ Erreur ligne 673: current transaction is aborted, commands ignored until end of transaction block
[2026-01-26T14:50:16.297+0000] {logging_mixin.py:151} INFO -      ⚠️ Erreur ligne 674: current transaction is aborted, commands ignored until end of transaction block
[2026-01-26T14:50:16.298+0000] {logging_mixin.py:151} INFO -      ⚠️ Erreur ligne 675: current transaction is aborted, commands ignored until end of transaction block
[2026-01-26T14:50:16.298+0000] {logging_mixin.py:151} INFO -      ⚠️ Erreur ligne 676: current transaction is aborted, commands ignored until end of transaction block
[2026-01-26T14:50:16.299+0000] {logging_mixin.py:151} INFO -      ⚠️ Erreur ligne 677: current transaction is aborted, commands ignored until end of transaction block
[2026-01-26T14:50:16.300+0000] {logging_mixin.py:151} INFO -      ⚠️ Erreur ligne 678: current transaction is aborted, commands ignored until end of transaction block
[2026-01-26T14:50:16.301+0000] {logging_mixin.py:151} INFO -      ⚠️ Erreur ligne 679: current transaction is aborted, commands ignored until end of transaction block
[2026-01-26T14:50:16.303+0000] {logging_mixin.py:151} INFO -      ⚠️ Erreur ligne 680: current transaction is aborted, commands ignored until end of transaction block
[2026-01-26T14:50:16.304+0000] {logging_mixin.py:151} INFO -      ⚠️ Erreur ligne 681: current transaction is aborted, commands ignored until end of transaction block
[2026-01-26T14:50:16.305+0000] {logging_mixin.py:151} INFO -      ⚠️ Erreur ligne 682: current transaction is aborted, commands ignored until end of transaction block
[2026-01-26T14:50:16.306+0000] {logging_mixin.py:151} INFO -      ⚠️ Erreur ligne 683: current transaction is aborted, commands ignored until end of transaction block
[2026-01-26T14:50:16.308+0000] {logging_mixin.py:151} INFO -      ⚠️ Erreur ligne 684: current transaction is aborted, commands ignored until end of transaction block
[2026-01-26T14:50:16.309+0000] {logging_mixin.py:151} INFO -      ⚠️ Erreur ligne 685: current transaction is aborted, commands ignored until end of transaction block
[2026-01-26T14:50:16.310+0000] {logging_mixin.py:151} INFO -      ⚠️ Erreur ligne 686: current transaction is aborted, commands ignored until end of transaction block
[2026-01-26T14:50:16.311+0000] {logging_mixin.py:151} INFO -      ⚠️ Erreur ligne 687: current transaction is aborted, commands ignored until end of transaction block
[2026-01-26T14:50:16.311+0000] {logging_mixin.py:151} INFO -      ⚠️ Erreur ligne 688: current transaction is aborted, commands ignored until end of transaction block
[2026-01-26T14:50:16.312+0000] {logging_mixin.py:151} INFO -      ⚠️ Erreur ligne 689: current transaction is aborted, commands ignored until end of transaction block
[2026-01-26T14:50:16.313+0000] {logging_mixin.py:151} INFO -      ⚠️ Erreur ligne 690: current transaction is aborted, commands ignored until end of transaction block
[2026-01-26T14:50:16.314+0000] {logging_mixin.py:151} INFO -      ⚠️ Erreur ligne 691: current transaction is aborted, commands ignored until end of transaction block
[2026-01-26T14:50:16.315+0000] {logging_mixin.py:151} INFO -      ⚠️ Erreur ligne 692: current transaction is aborted, commands ignored until end of transaction block
[2026-01-26T14:50:16.315+0000] {logging_mixin.py:151} INFO -      ⚠️ Erreur ligne 693: current transaction is aborted, commands ignored until end of transaction block
[2026-01-26T14:50:16.316+0000] {logging_mixin.py:151} INFO -      ⚠️ Erreur ligne 694: current transaction is aborted, commands ignored until end of transaction block
[2026-01-26T14:50:16.318+0000] {logging_mixin.py:151} INFO -      ⚠️ Erreur ligne 695: current transaction is aborted, commands ignored until end of transaction block
[2026-01-26T14:50:16.321+0000] {logging_mixin.py:151} INFO -      ⚠️ Erreur ligne 696: current transaction is aborted, commands ignored until end of transaction block
[2026-01-26T14:50:16.322+0000] {logging_mixin.py:151} INFO -      ⚠️ Erreur ligne 697: current transaction is aborted, commands ignored until end of transaction block
[2026-01-26T14:50:16.323+0000] {logging_mixin.py:151} INFO -      ⚠️ Erreur ligne 698: current transaction is aborted, commands ignored until end of transaction block
[2026-01-26T14:50:16.324+0000] {logging_mixin.py:151} INFO -      ⚠️ Erreur ligne 699: current transaction is aborted, commands ignored until end of transaction block
[2026-01-26T14:50:16.325+0000] {logging_mixin.py:151} INFO -      ⚠️ Erreur ligne 700: current transaction is aborted, commands ignored until end of transaction block
[2026-01-26T14:50:16.326+0000] {logging_mixin.py:151} INFO -      ⚠️ Erreur ligne 701: current transaction is aborted, commands ignored until end of transaction block
[2026-01-26T14:50:16.327+0000] {logging_mixin.py:151} INFO -      ⚠️ Erreur ligne 702: current transaction is aborted, commands ignored until end of transaction block
[2026-01-26T14:50:16.328+0000] {logging_mixin.py:151} INFO -      ⚠️ Erreur ligne 703: current transaction is aborted, commands ignored until end of transaction block
[2026-01-26T14:50:16.329+0000] {logging_mixin.py:151} INFO -      ⚠️ Erreur ligne 704: current transaction is aborted, commands ignored until end of transaction block
[2026-01-26T14:50:16.330+0000] {logging_mixin.py:151} INFO -      ⚠️ Erreur ligne 705: current transaction is aborted, commands ignored until end of transaction block
[2026-01-26T14:50:16.330+0000] {logging_mixin.py:151} INFO -      ⚠️ Erreur ligne 706: current transaction is aborted, commands ignored until end of transaction block
[2026-01-26T14:50:16.331+0000] {logging_mixin.py:151} INFO -      ⚠️ Erreur ligne 707: current transaction is aborted, commands ignored until end of transaction block
[2026-01-26T14:50:16.333+0000] {logging_mixin.py:151} INFO -      ⚠️ Erreur ligne 708: current transaction is aborted, commands ignored until end of transaction block
[2026-01-26T14:50:16.335+0000] {logging_mixin.py:151} INFO -      ⚠️ Erreur ligne 709: current transaction is aborted, commands ignored until end of transaction block
[2026-01-26T14:50:16.336+0000] {logging_mixin.py:151} INFO -      ⚠️ Erreur ligne 710: current transaction is aborted, commands ignored until end of transaction block
[2026-01-26T14:50:16.337+0000] {logging_mixin.py:151} INFO -      ⚠️ Erreur ligne 711: current transaction is aborted, commands ignored until end of transaction block
[2026-01-26T14:50:16.338+0000] {logging_mixin.py:151} INFO -      ⚠️ Erreur ligne 712: current transaction is aborted, commands ignored until end of transaction block
[2026-01-26T14:50:16.339+0000] {logging_mixin.py:151} INFO -      ⚠️ Erreur ligne 713: current transaction is aborted, commands ignored until end of transaction block
[2026-01-26T14:50:16.340+0000] {logging_mixin.py:151} INFO -      ⚠️ Erreur ligne 714: current transaction is aborted, commands ignored until end of transaction block
[2026-01-26T14:50:16.341+0000] {logging_mixin.py:151} INFO -      ⚠️ Erreur ligne 715: current transaction is aborted, commands ignored until end of transaction block
[2026-01-26T14:50:16.342+0000] {logging_mixin.py:151} INFO -      ⚠️ Erreur ligne 716: current transaction is aborted, commands ignored until end of transaction block
[2026-01-26T14:50:16.343+0000] {logging_mixin.py:151} INFO -      ⚠️ Erreur ligne 717: current transaction is aborted, commands ignored until end of transaction block
[2026-01-26T14:50:16.343+0000] {logging_mixin.py:151} INFO -      ⚠️ Erreur ligne 718: current transaction is aborted, commands ignored until end of transaction block
[2026-01-26T14:50:16.344+0000] {logging_mixin.py:151} INFO -      ⚠️ Erreur ligne 719: current transaction is aborted, commands ignored until end of transaction block
[2026-01-26T14:50:16.345+0000] {logging_mixin.py:151} INFO -      ⚠️ Erreur ligne 720: current transaction is aborted, commands ignored until end of transaction block
[2026-01-26T14:50:16.346+0000] {logging_mixin.py:151} INFO -      ⚠️ Erreur ligne 721: current transaction is aborted, commands ignored until end of transaction block
[2026-01-26T14:50:16.349+0000] {logging_mixin.py:151} INFO -      ⚠️ Erreur ligne 722: current transaction is aborted, commands ignored until end of transaction block
[2026-01-26T14:50:16.351+0000] {logging_mixin.py:151} INFO -      ⚠️ Erreur ligne 723: current transaction is aborted, commands ignored until end of transaction block
[2026-01-26T14:50:16.352+0000] {logging_mixin.py:151} INFO -      ⚠️ Erreur ligne 724: current transaction is aborted, commands ignored until end of transaction block
[2026-01-26T14:50:16.353+0000] {logging_mixin.py:151} INFO -      ⚠️ Erreur ligne 725: current transaction is aborted, commands ignored until end of transaction block
[2026-01-26T14:50:16.354+0000] {logging_mixin.py:151} INFO -      ⚠️ Erreur ligne 726: current transaction is aborted, commands ignored until end of transaction block
[2026-01-26T14:50:16.355+0000] {logging_mixin.py:151} INFO -      ⚠️ Erreur ligne 727: current transaction is aborted, commands ignored until end of transaction block
[2026-01-26T14:50:16.355+0000] {logging_mixin.py:151} INFO -      ⚠️ Erreur ligne 728: current transaction is aborted, commands ignored until end of transaction block
[2026-01-26T14:50:16.356+0000] {logging_mixin.py:151} INFO -      ⚠️ Erreur ligne 729: current transaction is aborted, commands ignored until end of transaction block
[2026-01-26T14:50:16.357+0000] {logging_mixin.py:151} INFO -      ⚠️ Erreur ligne 730: current transaction is aborted, commands ignored until end of transaction block
[2026-01-26T14:50:16.358+0000] {logging_mixin.py:151} INFO -      ⚠️ Erreur ligne 731: current transaction is aborted, commands ignored until end of transaction block
[2026-01-26T14:50:16.359+0000] {logging_mixin.py:151} INFO -      ⚠️ Erreur ligne 732: current transaction is aborted, commands ignored until end of transaction block
[2026-01-26T14:50:16.360+0000] {logging_mixin.py:151} INFO -      ⚠️ Erreur ligne 733: current transaction is aborted, commands ignored until end of transaction block
[2026-01-26T14:50:16.361+0000] {logging_mixin.py:151} INFO -      ⚠️ Erreur ligne 734: current transaction is aborted, commands ignored until end of transaction block
[2026-01-26T14:50:16.363+0000] {logging_mixin.py:151} INFO -      ⚠️ Erreur ligne 735: current transaction is aborted, commands ignored until end of transaction block
[2026-01-26T14:50:16.364+0000] {logging_mixin.py:151} INFO -      ⚠️ Erreur ligne 736: current transaction is aborted, commands ignored until end of transaction block
[2026-01-26T14:50:16.365+0000] {logging_mixin.py:151} INFO -      ⚠️ Erreur ligne 737: current transaction is aborted, commands ignored until end of transaction block
[2026-01-26T14:50:16.366+0000] {logging_mixin.py:151} INFO -      ⚠️ Erreur ligne 738: current transaction is aborted, commands ignored until end of transaction block
[2026-01-26T14:50:16.367+0000] {logging_mixin.py:151} INFO -      ⚠️ Erreur ligne 739: current transaction is aborted, commands ignored until end of transaction block
[2026-01-26T14:50:16.368+0000] {logging_mixin.py:151} INFO -      ⚠️ Erreur ligne 740: current transaction is aborted, commands ignored until end of transaction block
[2026-01-26T14:50:16.369+0000] {logging_mixin.py:151} INFO -      ⚠️ Erreur ligne 741: current transaction is aborted, commands ignored until end of transaction block
[2026-01-26T14:50:16.370+0000] {logging_mixin.py:151} INFO -      ⚠️ Erreur ligne 742: current transaction is aborted, commands ignored until end of transaction block
[2026-01-26T14:50:16.371+0000] {logging_mixin.py:151} INFO -      ⚠️ Erreur ligne 743: current transaction is aborted, commands ignored until end of transaction block
[2026-01-26T14:50:16.372+0000] {logging_mixin.py:151} INFO -      ⚠️ Erreur ligne 744: current transaction is aborted, commands ignored until end of transaction block
[2026-01-26T14:50:16.373+0000] {logging_mixin.py:151} INFO -      ⚠️ Erreur ligne 745: current transaction is aborted, commands ignored until end of transaction block
[2026-01-26T14:50:16.374+0000] {logging_mixin.py:151} INFO -      ⚠️ Erreur ligne 746: current transaction is aborted, commands ignored until end of transaction block
[2026-01-26T14:50:16.374+0000] {logging_mixin.py:151} INFO -      ⚠️ Erreur ligne 747: current transaction is aborted, commands ignored until end of transaction block
[2026-01-26T14:50:16.375+0000] {logging_mixin.py:151} INFO -      ⚠️ Erreur ligne 748: current transaction is aborted, commands ignored until end of transaction block
[2026-01-26T14:50:16.376+0000] {logging_mixin.py:151} INFO -      ⚠️ Erreur ligne 749: current transaction is aborted, commands ignored until end of transaction block
[2026-01-26T14:50:16.378+0000] {logging_mixin.py:151} INFO -      ⚠️ Erreur ligne 750: current transaction is aborted, commands ignored until end of transaction block
[2026-01-26T14:50:16.380+0000] {logging_mixin.py:151} INFO -      ⚠️ Erreur ligne 751: current transaction is aborted, commands ignored until end of transaction block
[2026-01-26T14:50:16.381+0000] {logging_mixin.py:151} INFO -      ⚠️ Erreur ligne 752: current transaction is aborted, commands ignored until end of transaction block
[2026-01-26T14:50:16.382+0000] {logging_mixin.py:151} INFO -      ⚠️ Erreur ligne 753: current transaction is aborted, commands ignored until end of transaction block
[2026-01-26T14:50:16.383+0000] {logging_mixin.py:151} INFO -      ⚠️ Erreur ligne 754: current transaction is aborted, commands ignored until end of transaction block
[2026-01-26T14:50:16.384+0000] {logging_mixin.py:151} INFO -      ⚠️ Erreur ligne 755: current transaction is aborted, commands ignored until end of transaction block
[2026-01-26T14:50:16.385+0000] {logging_mixin.py:151} INFO -      ⚠️ Erreur ligne 756: current transaction is aborted, commands ignored until end of transaction block
[2026-01-26T14:50:16.386+0000] {logging_mixin.py:151} INFO -      ⚠️ Erreur ligne 757: current transaction is aborted, commands ignored until end of transaction block
[2026-01-26T14:50:16.387+0000] {logging_mixin.py:151} INFO -      ⚠️ Erreur ligne 758: current transaction is aborted, commands ignored until end of transaction block
[2026-01-26T14:50:16.388+0000] {logging_mixin.py:151} INFO -      ⚠️ Erreur ligne 759: current transaction is aborted, commands ignored until end of transaction block
[2026-01-26T14:50:16.389+0000] {logging_mixin.py:151} INFO -      ⚠️ Erreur ligne 760: current transaction is aborted, commands ignored until end of transaction block
[2026-01-26T14:50:16.390+0000] {logging_mixin.py:151} INFO -      ⚠️ Erreur ligne 761: current transaction is aborted, commands ignored until end of transaction block
[2026-01-26T14:50:16.391+0000] {logging_mixin.py:151} INFO -      ⚠️ Erreur ligne 762: current transaction is aborted, commands ignored until end of transaction block
[2026-01-26T14:50:16.392+0000] {logging_mixin.py:151} INFO -      ⚠️ Erreur ligne 763: current transaction is aborted, commands ignored until end of transaction block
[2026-01-26T14:50:16.392+0000] {logging_mixin.py:151} INFO -      ⚠️ Erreur ligne 764: current transaction is aborted, commands ignored until end of transaction block
[2026-01-26T14:50:16.393+0000] {logging_mixin.py:151} INFO -      ⚠️ Erreur ligne 765: current transaction is aborted, commands ignored until end of transaction block
[2026-01-26T14:50:16.394+0000] {logging_mixin.py:151} INFO -      ⚠️ Erreur ligne 766: current transaction is aborted, commands ignored until end of transaction block
[2026-01-26T14:50:16.395+0000] {logging_mixin.py:151} INFO -      ⚠️ Erreur ligne 767: current transaction is aborted, commands ignored until end of transaction block
[2026-01-26T14:50:16.395+0000] {logging_mixin.py:151} INFO -      ⚠️ Erreur ligne 768: current transaction is aborted, commands ignored until end of transaction block
[2026-01-26T14:50:16.396+0000] {logging_mixin.py:151} INFO -      ⚠️ Erreur ligne 769: current transaction is aborted, commands ignored until end of transaction block
[2026-01-26T14:50:16.397+0000] {logging_mixin.py:151} INFO -      ⚠️ Erreur ligne 770: current transaction is aborted, commands ignored until end of transaction block
[2026-01-26T14:50:16.399+0000] {logging_mixin.py:151} INFO -      ⚠️ Erreur ligne 771: current transaction is aborted, commands ignored until end of transaction block
[2026-01-26T14:50:16.400+0000] {logging_mixin.py:151} INFO -      ⚠️ Erreur ligne 772: current transaction is aborted, commands ignored until end of transaction block
[2026-01-26T14:50:16.401+0000] {logging_mixin.py:151} INFO -      ⚠️ Erreur ligne 773: current transaction is aborted, commands ignored until end of transaction block
[2026-01-26T14:50:16.402+0000] {logging_mixin.py:151} INFO -      ⚠️ Erreur ligne 774: current transaction is aborted, commands ignored until end of transaction block
[2026-01-26T14:50:16.403+0000] {logging_mixin.py:151} INFO -      ⚠️ Erreur ligne 775: current transaction is aborted, commands ignored until end of transaction block
[2026-01-26T14:50:16.404+0000] {logging_mixin.py:151} INFO -      ⚠️ Erreur ligne 776: current transaction is aborted, commands ignored until end of transaction block
[2026-01-26T14:50:16.405+0000] {logging_mixin.py:151} INFO -      ⚠️ Erreur ligne 777: current transaction is aborted, commands ignored until end of transaction block
[2026-01-26T14:50:16.406+0000] {logging_mixin.py:151} INFO -      ⚠️ Erreur ligne 778: current transaction is aborted, commands ignored until end of transaction block
[2026-01-26T14:50:16.407+0000] {logging_mixin.py:151} INFO -      ⚠️ Erreur ligne 779: current transaction is aborted, commands ignored until end of transaction block
[2026-01-26T14:50:16.408+0000] {logging_mixin.py:151} INFO -      ⚠️ Erreur ligne 780: current transaction is aborted, commands ignored until end of transaction block
[2026-01-26T14:50:16.409+0000] {logging_mixin.py:151} INFO -      ⚠️ Erreur ligne 781: current transaction is aborted, commands ignored until end of transaction block
[2026-01-26T14:50:16.410+0000] {logging_mixin.py:151} INFO -      ⚠️ Erreur ligne 782: current transaction is aborted, commands ignored until end of transaction block
[2026-01-26T14:50:16.411+0000] {logging_mixin.py:151} INFO -      ⚠️ Erreur ligne 783: current transaction is aborted, commands ignored until end of transaction block
[2026-01-26T14:50:16.412+0000] {logging_mixin.py:151} INFO -      ⚠️ Erreur ligne 784: current transaction is aborted, commands ignored until end of transaction block
[2026-01-26T14:50:16.413+0000] {logging_mixin.py:151} INFO -      ⚠️ Erreur ligne 785: current transaction is aborted, commands ignored until end of transaction block
[2026-01-26T14:50:16.414+0000] {logging_mixin.py:151} INFO -      ⚠️ Erreur ligne 786: current transaction is aborted, commands ignored until end of transaction block
[2026-01-26T14:50:16.415+0000] {logging_mixin.py:151} INFO -      ⚠️ Erreur ligne 787: current transaction is aborted, commands ignored until end of transaction block
[2026-01-26T14:50:16.415+0000] {logging_mixin.py:151} INFO -      ⚠️ Erreur ligne 788: current transaction is aborted, commands ignored until end of transaction block
[2026-01-26T14:50:16.417+0000] {logging_mixin.py:151} INFO -      ⚠️ Erreur ligne 789: current transaction is aborted, commands ignored until end of transaction block
[2026-01-26T14:50:16.418+0000] {logging_mixin.py:151} INFO -      ⚠️ Erreur ligne 790: current transaction is aborted, commands ignored until end of transaction block
[2026-01-26T14:50:16.420+0000] {logging_mixin.py:151} INFO -      ⚠️ Erreur ligne 791: current transaction is aborted, commands ignored until end of transaction block
[2026-01-26T14:50:16.421+0000] {logging_mixin.py:151} INFO -      ⚠️ Erreur ligne 792: current transaction is aborted, commands ignored until end of transaction block
[2026-01-26T14:50:16.422+0000] {logging_mixin.py:151} INFO -      ⚠️ Erreur ligne 793: current transaction is aborted, commands ignored until end of transaction block
[2026-01-26T14:50:16.423+0000] {logging_mixin.py:151} INFO -      ⚠️ Erreur ligne 794: current transaction is aborted, commands ignored until end of transaction block
[2026-01-26T14:50:16.424+0000] {logging_mixin.py:151} INFO -      ⚠️ Erreur ligne 795: current transaction is aborted, commands ignored until end of transaction block
[2026-01-26T14:50:16.425+0000] {logging_mixin.py:151} INFO -      ⚠️ Erreur ligne 796: current transaction is aborted, commands ignored until end of transaction block
[2026-01-26T14:50:16.426+0000] {logging_mixin.py:151} INFO -      ⚠️ Erreur ligne 797: current transaction is aborted, commands ignored until end of transaction block
[2026-01-26T14:50:16.427+0000] {logging_mixin.py:151} INFO -      ⚠️ Erreur ligne 798: current transaction is aborted, commands ignored until end of transaction block
[2026-01-26T14:50:16.428+0000] {logging_mixin.py:151} INFO -      ⚠️ Erreur ligne 799: current transaction is aborted, commands ignored until end of transaction block
[2026-01-26T14:50:16.429+0000] {logging_mixin.py:151} INFO -      ⚠️ Erreur ligne 800: current transaction is aborted, commands ignored until end of transaction block
[2026-01-26T14:50:16.430+0000] {logging_mixin.py:151} INFO -      ⚠️ Erreur ligne 801: current transaction is aborted, commands ignored until end of transaction block
[2026-01-26T14:50:16.431+0000] {logging_mixin.py:151} INFO -      ⚠️ Erreur ligne 802: current transaction is aborted, commands ignored until end of transaction block
[2026-01-26T14:50:16.432+0000] {logging_mixin.py:151} INFO -      ⚠️ Erreur ligne 803: current transaction is aborted, commands ignored until end of transaction block
[2026-01-26T14:50:16.433+0000] {logging_mixin.py:151} INFO -      ⚠️ Erreur ligne 804: current transaction is aborted, commands ignored until end of transaction block
[2026-01-26T14:50:16.434+0000] {logging_mixin.py:151} INFO -      ⚠️ Erreur ligne 805: current transaction is aborted, commands ignored until end of transaction block
[2026-01-26T14:50:16.435+0000] {logging_mixin.py:151} INFO -      ⚠️ Erreur ligne 806: current transaction is aborted, commands ignored until end of transaction block
[2026-01-26T14:50:16.436+0000] {logging_mixin.py:151} INFO -      ⚠️ Erreur ligne 807: current transaction is aborted, commands ignored until end of transaction block
[2026-01-26T14:50:16.438+0000] {logging_mixin.py:151} INFO -      ⚠️ Erreur ligne 808: current transaction is aborted, commands ignored until end of transaction block
[2026-01-26T14:50:16.439+0000] {logging_mixin.py:151} INFO -      ⚠️ Erreur ligne 809: current transaction is aborted, commands ignored until end of transaction block
[2026-01-26T14:50:16.440+0000] {logging_mixin.py:151} INFO -      ⚠️ Erreur ligne 810: current transaction is aborted, commands ignored until end of transaction block
[2026-01-26T14:50:16.442+0000] {logging_mixin.py:151} INFO -      ⚠️ Erreur ligne 811: current transaction is aborted, commands ignored until end of transaction block
[2026-01-26T14:50:16.443+0000] {logging_mixin.py:151} INFO -      ⚠️ Erreur ligne 812: current transaction is aborted, commands ignored until end of transaction block
[2026-01-26T14:50:16.444+0000] {logging_mixin.py:151} INFO -      ⚠️ Erreur ligne 813: current transaction is aborted, commands ignored until end of transaction block
[2026-01-26T14:50:16.445+0000] {logging_mixin.py:151} INFO -      ⚠️ Erreur ligne 814: current transaction is aborted, commands ignored until end of transaction block
[2026-01-26T14:50:16.446+0000] {logging_mixin.py:151} INFO -      ⚠️ Erreur ligne 815: current transaction is aborted, commands ignored until end of transaction block
[2026-01-26T14:50:16.447+0000] {logging_mixin.py:151} INFO -      ⚠️ Erreur ligne 816: current transaction is aborted, commands ignored until end of transaction block
[2026-01-26T14:50:16.447+0000] {logging_mixin.py:151} INFO -      ⚠️ Erreur ligne 817: current transaction is aborted, commands ignored until end of transaction block
[2026-01-26T14:50:16.448+0000] {logging_mixin.py:151} INFO -      ⚠️ Erreur ligne 818: current transaction is aborted, commands ignored until end of transaction block
[2026-01-26T14:50:16.449+0000] {logging_mixin.py:151} INFO -      ⚠️ Erreur ligne 819: current transaction is aborted, commands ignored until end of transaction block
[2026-01-26T14:50:16.450+0000] {logging_mixin.py:151} INFO -      ⚠️ Erreur ligne 820: current transaction is aborted, commands ignored until end of transaction block
[2026-01-26T14:50:16.451+0000] {logging_mixin.py:151} INFO -      ⚠️ Erreur ligne 821: current transaction is aborted, commands ignored until end of transaction block
[2026-01-26T14:50:16.453+0000] {logging_mixin.py:151} INFO -      ⚠️ Erreur ligne 822: current transaction is aborted, commands ignored until end of transaction block
[2026-01-26T14:50:16.455+0000] {logging_mixin.py:151} INFO -      ⚠️ Erreur ligne 823: current transaction is aborted, commands ignored until end of transaction block
[2026-01-26T14:50:16.456+0000] {logging_mixin.py:151} INFO -      ⚠️ Erreur ligne 824: current transaction is aborted, commands ignored until end of transaction block
[2026-01-26T14:50:16.457+0000] {logging_mixin.py:151} INFO -      ⚠️ Erreur ligne 825: current transaction is aborted, commands ignored until end of transaction block
[2026-01-26T14:50:16.458+0000] {logging_mixin.py:151} INFO -      ⚠️ Erreur ligne 826: current transaction is aborted, commands ignored until end of transaction block
[2026-01-26T14:50:16.459+0000] {logging_mixin.py:151} INFO -      ⚠️ Erreur ligne 827: current transaction is aborted, commands ignored until end of transaction block
[2026-01-26T14:50:16.460+0000] {logging_mixin.py:151} INFO -      ⚠️ Erreur ligne 828: current transaction is aborted, commands ignored until end of transaction block
[2026-01-26T14:50:16.460+0000] {logging_mixin.py:151} INFO -      ⚠️ Erreur ligne 829: current transaction is aborted, commands ignored until end of transaction block
[2026-01-26T14:50:16.461+0000] {logging_mixin.py:151} INFO -      ⚠️ Erreur ligne 830: current transaction is aborted, commands ignored until end of transaction block
[2026-01-26T14:50:16.462+0000] {logging_mixin.py:151} INFO -      ⚠️ Erreur ligne 831: current transaction is aborted, commands ignored until end of transaction block
[2026-01-26T14:50:16.464+0000] {logging_mixin.py:151} INFO -      ⚠️ Erreur ligne 832: current transaction is aborted, commands ignored until end of transaction block
[2026-01-26T14:50:16.465+0000] {logging_mixin.py:151} INFO -      ⚠️ Erreur ligne 833: current transaction is aborted, commands ignored until end of transaction block
[2026-01-26T14:50:16.466+0000] {logging_mixin.py:151} INFO -      ⚠️ Erreur ligne 834: current transaction is aborted, commands ignored until end of transaction block
[2026-01-26T14:50:16.467+0000] {logging_mixin.py:151} INFO -      ⚠️ Erreur ligne 835: current transaction is aborted, commands ignored until end of transaction block
[2026-01-26T14:50:16.468+0000] {logging_mixin.py:151} INFO -      ⚠️ Erreur ligne 836: current transaction is aborted, commands ignored until end of transaction block
[2026-01-26T14:50:16.471+0000] {logging_mixin.py:151} INFO -      ⚠️ Erreur ligne 837: current transaction is aborted, commands ignored until end of transaction block
[2026-01-26T14:50:16.473+0000] {logging_mixin.py:151} INFO -      ⚠️ Erreur ligne 838: current transaction is aborted, commands ignored until end of transaction block
[2026-01-26T14:50:16.476+0000] {logging_mixin.py:151} INFO -      ⚠️ Erreur ligne 839: current transaction is aborted, commands ignored until end of transaction block
[2026-01-26T14:50:16.477+0000] {logging_mixin.py:151} INFO -      ⚠️ Erreur ligne 840: current transaction is aborted, commands ignored until end of transaction block
[2026-01-26T14:50:16.481+0000] {logging_mixin.py:151} INFO -      ⚠️ Erreur ligne 841: current transaction is aborted, commands ignored until end of transaction block
[2026-01-26T14:50:16.482+0000] {logging_mixin.py:151} INFO -      ⚠️ Erreur ligne 842: current transaction is aborted, commands ignored until end of transaction block
[2026-01-26T14:50:16.487+0000] {logging_mixin.py:151} INFO -      ⚠️ Erreur ligne 843: current transaction is aborted, commands ignored until end of transaction block
[2026-01-26T14:50:16.492+0000] {logging_mixin.py:151} INFO -      ⚠️ Erreur ligne 844: current transaction is aborted, commands ignored until end of transaction block
[2026-01-26T14:50:16.495+0000] {logging_mixin.py:151} INFO -      ⚠️ Erreur ligne 845: current transaction is aborted, commands ignored until end of transaction block
[2026-01-26T14:50:16.497+0000] {logging_mixin.py:151} INFO -      ⚠️ Erreur ligne 846: current transaction is aborted, commands ignored until end of transaction block
[2026-01-26T14:50:16.498+0000] {logging_mixin.py:151} INFO -      ⚠️ Erreur ligne 847: current transaction is aborted, commands ignored until end of transaction block
[2026-01-26T14:50:16.499+0000] {logging_mixin.py:151} INFO -      ⚠️ Erreur ligne 848: current transaction is aborted, commands ignored until end of transaction block
[2026-01-26T14:50:16.501+0000] {logging_mixin.py:151} INFO -      ⚠️ Erreur ligne 849: current transaction is aborted, commands ignored until end of transaction block
[2026-01-26T14:50:16.502+0000] {logging_mixin.py:151} INFO -      ⚠️ Erreur ligne 850: current transaction is aborted, commands ignored until end of transaction block
[2026-01-26T14:50:16.503+0000] {logging_mixin.py:151} INFO -      ⚠️ Erreur ligne 851: current transaction is aborted, commands ignored until end of transaction block
[2026-01-26T14:50:16.504+0000] {logging_mixin.py:151} INFO -      ⚠️ Erreur ligne 852: current transaction is aborted, commands ignored until end of transaction block
[2026-01-26T14:50:16.505+0000] {logging_mixin.py:151} INFO -      ⚠️ Erreur ligne 853: current transaction is aborted, commands ignored until end of transaction block
[2026-01-26T14:50:16.506+0000] {logging_mixin.py:151} INFO -      ⚠️ Erreur ligne 854: current transaction is aborted, commands ignored until end of transaction block
[2026-01-26T14:50:16.508+0000] {logging_mixin.py:151} INFO -      ⚠️ Erreur ligne 855: current transaction is aborted, commands ignored until end of transaction block
[2026-01-26T14:50:16.509+0000] {logging_mixin.py:151} INFO -      ⚠️ Erreur ligne 856: current transaction is aborted, commands ignored until end of transaction block
[2026-01-26T14:50:16.510+0000] {logging_mixin.py:151} INFO -      ⚠️ Erreur ligne 857: current transaction is aborted, commands ignored until end of transaction block
[2026-01-26T14:50:16.511+0000] {logging_mixin.py:151} INFO -      ⚠️ Erreur ligne 858: current transaction is aborted, commands ignored until end of transaction block
[2026-01-26T14:50:16.512+0000] {logging_mixin.py:151} INFO -      ⚠️ Erreur ligne 859: current transaction is aborted, commands ignored until end of transaction block
[2026-01-26T14:50:16.513+0000] {logging_mixin.py:151} INFO -      ⚠️ Erreur ligne 860: current transaction is aborted, commands ignored until end of transaction block
[2026-01-26T14:50:16.514+0000] {logging_mixin.py:151} INFO -      ⚠️ Erreur ligne 861: current transaction is aborted, commands ignored until end of transaction block
[2026-01-26T14:50:16.515+0000] {logging_mixin.py:151} INFO -      ⚠️ Erreur ligne 862: current transaction is aborted, commands ignored until end of transaction block
[2026-01-26T14:50:16.516+0000] {logging_mixin.py:151} INFO -      ⚠️ Erreur ligne 863: current transaction is aborted, commands ignored until end of transaction block
[2026-01-26T14:50:16.517+0000] {logging_mixin.py:151} INFO -      ⚠️ Erreur ligne 864: current transaction is aborted, commands ignored until end of transaction block
[2026-01-26T14:50:16.518+0000] {logging_mixin.py:151} INFO -      ⚠️ Erreur ligne 865: current transaction is aborted, commands ignored until end of transaction block
[2026-01-26T14:50:16.518+0000] {logging_mixin.py:151} INFO -      ⚠️ Erreur ligne 866: current transaction is aborted, commands ignored until end of transaction block
[2026-01-26T14:50:16.519+0000] {logging_mixin.py:151} INFO -      ⚠️ Erreur ligne 867: current transaction is aborted, commands ignored until end of transaction block
[2026-01-26T14:50:16.520+0000] {logging_mixin.py:151} INFO -      ⚠️ Erreur ligne 868: current transaction is aborted, commands ignored until end of transaction block
[2026-01-26T14:50:16.522+0000] {logging_mixin.py:151} INFO -      ⚠️ Erreur ligne 869: current transaction is aborted, commands ignored until end of transaction block
[2026-01-26T14:50:16.524+0000] {logging_mixin.py:151} INFO -      ⚠️ Erreur ligne 870: current transaction is aborted, commands ignored until end of transaction block
[2026-01-26T14:50:16.526+0000] {logging_mixin.py:151} INFO -      ⚠️ Erreur ligne 871: current transaction is aborted, commands ignored until end of transaction block
[2026-01-26T14:50:16.530+0000] {logging_mixin.py:151} INFO -      ⚠️ Erreur ligne 872: current transaction is aborted, commands ignored until end of transaction block
[2026-01-26T14:50:16.532+0000] {logging_mixin.py:151} INFO -      ⚠️ Erreur ligne 873: current transaction is aborted, commands ignored until end of transaction block
[2026-01-26T14:50:16.533+0000] {logging_mixin.py:151} INFO -      ⚠️ Erreur ligne 874: current transaction is aborted, commands ignored until end of transaction block
[2026-01-26T14:50:16.534+0000] {logging_mixin.py:151} INFO -      ⚠️ Erreur ligne 875: current transaction is aborted, commands ignored until end of transaction block
[2026-01-26T14:50:16.536+0000] {logging_mixin.py:151} INFO -      ⚠️ Erreur ligne 876: current transaction is aborted, commands ignored until end of transaction block
[2026-01-26T14:50:16.537+0000] {logging_mixin.py:151} INFO -      ⚠️ Erreur ligne 877: current transaction is aborted, commands ignored until end of transaction block
[2026-01-26T14:50:16.539+0000] {logging_mixin.py:151} INFO -      ⚠️ Erreur ligne 878: current transaction is aborted, commands ignored until end of transaction block
[2026-01-26T14:50:16.540+0000] {logging_mixin.py:151} INFO -      ⚠️ Erreur ligne 879: current transaction is aborted, commands ignored until end of transaction block
[2026-01-26T14:50:16.541+0000] {logging_mixin.py:151} INFO -      ⚠️ Erreur ligne 880: current transaction is aborted, commands ignored until end of transaction block
[2026-01-26T14:50:16.542+0000] {logging_mixin.py:151} INFO -      ⚠️ Erreur ligne 881: current transaction is aborted, commands ignored until end of transaction block
[2026-01-26T14:50:16.543+0000] {logging_mixin.py:151} INFO -      ⚠️ Erreur ligne 882: current transaction is aborted, commands ignored until end of transaction block
[2026-01-26T14:50:16.544+0000] {logging_mixin.py:151} INFO -      ⚠️ Erreur ligne 883: current transaction is aborted, commands ignored until end of transaction block
[2026-01-26T14:50:16.546+0000] {logging_mixin.py:151} INFO -      ⚠️ Erreur ligne 884: current transaction is aborted, commands ignored until end of transaction block
[2026-01-26T14:50:16.548+0000] {logging_mixin.py:151} INFO -      ⚠️ Erreur ligne 885: current transaction is aborted, commands ignored until end of transaction block
[2026-01-26T14:50:16.550+0000] {logging_mixin.py:151} INFO -      ⚠️ Erreur ligne 886: current transaction is aborted, commands ignored until end of transaction block
[2026-01-26T14:50:16.551+0000] {logging_mixin.py:151} INFO -      ⚠️ Erreur ligne 887: current transaction is aborted, commands ignored until end of transaction block
[2026-01-26T14:50:16.553+0000] {logging_mixin.py:151} INFO -      ⚠️ Erreur ligne 888: current transaction is aborted, commands ignored until end of transaction block
[2026-01-26T14:50:16.554+0000] {logging_mixin.py:151} INFO -      ⚠️ Erreur ligne 889: current transaction is aborted, commands ignored until end of transaction block
[2026-01-26T14:50:16.556+0000] {logging_mixin.py:151} INFO -      ⚠️ Erreur ligne 890: current transaction is aborted, commands ignored until end of transaction block
[2026-01-26T14:50:16.557+0000] {logging_mixin.py:151} INFO -      ⚠️ Erreur ligne 891: current transaction is aborted, commands ignored until end of transaction block
[2026-01-26T14:50:16.559+0000] {logging_mixin.py:151} INFO -      ⚠️ Erreur ligne 892: current transaction is aborted, commands ignored until end of transaction block
[2026-01-26T14:50:16.560+0000] {logging_mixin.py:151} INFO -      ⚠️ Erreur ligne 893: current transaction is aborted, commands ignored until end of transaction block
[2026-01-26T14:50:16.561+0000] {logging_mixin.py:151} INFO -      ⚠️ Erreur ligne 894: current transaction is aborted, commands ignored until end of transaction block
[2026-01-26T14:50:16.562+0000] {logging_mixin.py:151} INFO -      ⚠️ Erreur ligne 895: current transaction is aborted, commands ignored until end of transaction block
[2026-01-26T14:50:16.564+0000] {logging_mixin.py:151} INFO -      ⚠️ Erreur ligne 896: current transaction is aborted, commands ignored until end of transaction block
[2026-01-26T14:50:16.565+0000] {logging_mixin.py:151} INFO -      ⚠️ Erreur ligne 897: current transaction is aborted, commands ignored until end of transaction block
[2026-01-26T14:50:16.566+0000] {logging_mixin.py:151} INFO -      ⚠️ Erreur ligne 898: current transaction is aborted, commands ignored until end of transaction block
[2026-01-26T14:50:16.567+0000] {logging_mixin.py:151} INFO -      ⚠️ Erreur ligne 899: current transaction is aborted, commands ignored until end of transaction block
[2026-01-26T14:50:16.568+0000] {logging_mixin.py:151} INFO -      ⚠️ Erreur ligne 900: current transaction is aborted, commands ignored until end of transaction block
[2026-01-26T14:50:16.569+0000] {logging_mixin.py:151} INFO -      ⚠️ Erreur ligne 901: current transaction is aborted, commands ignored until end of transaction block
[2026-01-26T14:50:16.571+0000] {logging_mixin.py:151} INFO -      ⚠️ Erreur ligne 902: current transaction is aborted, commands ignored until end of transaction block
[2026-01-26T14:50:16.574+0000] {logging_mixin.py:151} INFO -      ⚠️ Erreur ligne 903: current transaction is aborted, commands ignored until end of transaction block
[2026-01-26T14:50:16.576+0000] {logging_mixin.py:151} INFO -      ⚠️ Erreur ligne 904: current transaction is aborted, commands ignored until end of transaction block
[2026-01-26T14:50:16.578+0000] {logging_mixin.py:151} INFO -      ⚠️ Erreur ligne 905: current transaction is aborted, commands ignored until end of transaction block
[2026-01-26T14:50:16.579+0000] {logging_mixin.py:151} INFO -      ⚠️ Erreur ligne 906: current transaction is aborted, commands ignored until end of transaction block
[2026-01-26T14:50:16.580+0000] {logging_mixin.py:151} INFO -      ⚠️ Erreur ligne 907: current transaction is aborted, commands ignored until end of transaction block
[2026-01-26T14:50:16.581+0000] {logging_mixin.py:151} INFO -      ⚠️ Erreur ligne 908: current transaction is aborted, commands ignored until end of transaction block
[2026-01-26T14:50:16.582+0000] {logging_mixin.py:151} INFO -      ⚠️ Erreur ligne 909: current transaction is aborted, commands ignored until end of transaction block
[2026-01-26T14:50:16.584+0000] {logging_mixin.py:151} INFO -      ⚠️ Erreur ligne 910: current transaction is aborted, commands ignored until end of transaction block
[2026-01-26T14:50:16.585+0000] {logging_mixin.py:151} INFO -      ⚠️ Erreur ligne 911: current transaction is aborted, commands ignored until end of transaction block
[2026-01-26T14:50:16.586+0000] {logging_mixin.py:151} INFO -      ⚠️ Erreur ligne 912: current transaction is aborted, commands ignored until end of transaction block
[2026-01-26T14:50:16.587+0000] {logging_mixin.py:151} INFO -      ⚠️ Erreur ligne 913: current transaction is aborted, commands ignored until end of transaction block
[2026-01-26T14:50:16.588+0000] {logging_mixin.py:151} INFO -      ⚠️ Erreur ligne 914: current transaction is aborted, commands ignored until end of transaction block
[2026-01-26T14:50:16.589+0000] {logging_mixin.py:151} INFO -      ⚠️ Erreur ligne 915: current transaction is aborted, commands ignored until end of transaction block
[2026-01-26T14:50:16.591+0000] {logging_mixin.py:151} INFO -      ⚠️ Erreur ligne 916: current transaction is aborted, commands ignored until end of transaction block
[2026-01-26T14:50:16.592+0000] {logging_mixin.py:151} INFO -      ⚠️ Erreur ligne 917: current transaction is aborted, commands ignored until end of transaction block
[2026-01-26T14:50:16.594+0000] {logging_mixin.py:151} INFO -      ⚠️ Erreur ligne 918: current transaction is aborted, commands ignored until end of transaction block
[2026-01-26T14:50:16.596+0000] {logging_mixin.py:151} INFO -      ⚠️ Erreur ligne 919: current transaction is aborted, commands ignored until end of transaction block
[2026-01-26T14:50:16.598+0000] {logging_mixin.py:151} INFO -      ⚠️ Erreur ligne 920: current transaction is aborted, commands ignored until end of transaction block
[2026-01-26T14:50:16.599+0000] {logging_mixin.py:151} INFO -      ⚠️ Erreur ligne 921: current transaction is aborted, commands ignored until end of transaction block
[2026-01-26T14:50:16.600+0000] {logging_mixin.py:151} INFO -      ⚠️ Erreur ligne 922: current transaction is aborted, commands ignored until end of transaction block
[2026-01-26T14:50:16.601+0000] {logging_mixin.py:151} INFO -      ⚠️ Erreur ligne 923: current transaction is aborted, commands ignored until end of transaction block
[2026-01-26T14:50:16.602+0000] {logging_mixin.py:151} INFO -      ⚠️ Erreur ligne 924: current transaction is aborted, commands ignored until end of transaction block
[2026-01-26T14:50:16.603+0000] {logging_mixin.py:151} INFO -      ⚠️ Erreur ligne 925: current transaction is aborted, commands ignored until end of transaction block
[2026-01-26T14:50:16.604+0000] {logging_mixin.py:151} INFO -      ⚠️ Erreur ligne 926: current transaction is aborted, commands ignored until end of transaction block
[2026-01-26T14:50:16.605+0000] {logging_mixin.py:151} INFO -      ⚠️ Erreur ligne 927: current transaction is aborted, commands ignored until end of transaction block
[2026-01-26T14:50:16.606+0000] {logging_mixin.py:151} INFO -      ⚠️ Erreur ligne 928: current transaction is aborted, commands ignored until end of transaction block
[2026-01-26T14:50:16.607+0000] {logging_mixin.py:151} INFO -      ⚠️ Erreur ligne 929: current transaction is aborted, commands ignored until end of transaction block
[2026-01-26T14:50:16.608+0000] {logging_mixin.py:151} INFO -      ⚠️ Erreur ligne 930: current transaction is aborted, commands ignored until end of transaction block
[2026-01-26T14:50:16.609+0000] {logging_mixin.py:151} INFO -      ⚠️ Erreur ligne 931: current transaction is aborted, commands ignored until end of transaction block
[2026-01-26T14:50:16.611+0000] {logging_mixin.py:151} INFO -      ⚠️ Erreur ligne 932: current transaction is aborted, commands ignored until end of transaction block
[2026-01-26T14:50:16.613+0000] {logging_mixin.py:151} INFO -      ⚠️ Erreur ligne 933: current transaction is aborted, commands ignored until end of transaction block
[2026-01-26T14:50:16.615+0000] {logging_mixin.py:151} INFO -      ⚠️ Erreur ligne 934: current transaction is aborted, commands ignored until end of transaction block
[2026-01-26T14:50:16.617+0000] {logging_mixin.py:151} INFO -      ⚠️ Erreur ligne 935: current transaction is aborted, commands ignored until end of transaction block
[2026-01-26T14:50:16.619+0000] {logging_mixin.py:151} INFO -      ⚠️ Erreur ligne 936: current transaction is aborted, commands ignored until end of transaction block
[2026-01-26T14:50:16.620+0000] {logging_mixin.py:151} INFO -      ⚠️ Erreur ligne 937: current transaction is aborted, commands ignored until end of transaction block
[2026-01-26T14:50:16.621+0000] {logging_mixin.py:151} INFO -      ⚠️ Erreur ligne 938: current transaction is aborted, commands ignored until end of transaction block
[2026-01-26T14:50:16.622+0000] {logging_mixin.py:151} INFO -      ⚠️ Erreur ligne 939: current transaction is aborted, commands ignored until end of transaction block
[2026-01-26T14:50:16.623+0000] {logging_mixin.py:151} INFO -      ⚠️ Erreur ligne 940: current transaction is aborted, commands ignored until end of transaction block
[2026-01-26T14:50:16.624+0000] {logging_mixin.py:151} INFO -      ⚠️ Erreur ligne 941: current transaction is aborted, commands ignored until end of transaction block
[2026-01-26T14:50:16.626+0000] {logging_mixin.py:151} INFO -      ⚠️ Erreur ligne 942: current transaction is aborted, commands ignored until end of transaction block
[2026-01-26T14:50:16.628+0000] {logging_mixin.py:151} INFO -      ⚠️ Erreur ligne 943: current transaction is aborted, commands ignored until end of transaction block
[2026-01-26T14:50:16.630+0000] {logging_mixin.py:151} INFO -      ⚠️ Erreur ligne 944: current transaction is aborted, commands ignored until end of transaction block
[2026-01-26T14:50:16.631+0000] {logging_mixin.py:151} INFO -      ⚠️ Erreur ligne 945: current transaction is aborted, commands ignored until end of transaction block
[2026-01-26T14:50:16.632+0000] {logging_mixin.py:151} INFO -      ⚠️ Erreur ligne 946: current transaction is aborted, commands ignored until end of transaction block
[2026-01-26T14:50:16.634+0000] {logging_mixin.py:151} INFO -      ⚠️ Erreur ligne 947: current transaction is aborted, commands ignored until end of transaction block
[2026-01-26T14:50:16.635+0000] {logging_mixin.py:151} INFO -      ⚠️ Erreur ligne 948: current transaction is aborted, commands ignored until end of transaction block
[2026-01-26T14:50:16.636+0000] {logging_mixin.py:151} INFO -      ⚠️ Erreur ligne 949: current transaction is aborted, commands ignored until end of transaction block
[2026-01-26T14:50:16.637+0000] {logging_mixin.py:151} INFO -      ⚠️ Erreur ligne 950: current transaction is aborted, commands ignored until end of transaction block
[2026-01-26T14:50:16.638+0000] {logging_mixin.py:151} INFO -      ⚠️ Erreur ligne 951: current transaction is aborted, commands ignored until end of transaction block
[2026-01-26T14:50:16.640+0000] {logging_mixin.py:151} INFO -      ⚠️ Erreur ligne 952: current transaction is aborted, commands ignored until end of transaction block
[2026-01-26T14:50:16.641+0000] {logging_mixin.py:151} INFO -      ⚠️ Erreur ligne 953: current transaction is aborted, commands ignored until end of transaction block
[2026-01-26T14:50:16.643+0000] {logging_mixin.py:151} INFO -      ⚠️ Erreur ligne 954: current transaction is aborted, commands ignored until end of transaction block
[2026-01-26T14:50:16.643+0000] {logging_mixin.py:151} INFO -      ⚠️ Erreur ligne 955: current transaction is aborted, commands ignored until end of transaction block
[2026-01-26T14:50:16.644+0000] {logging_mixin.py:151} INFO -      ⚠️ Erreur ligne 956: current transaction is aborted, commands ignored until end of transaction block
[2026-01-26T14:50:16.645+0000] {logging_mixin.py:151} INFO -      ⚠️ Erreur ligne 957: current transaction is aborted, commands ignored until end of transaction block
[2026-01-26T14:50:16.646+0000] {logging_mixin.py:151} INFO -      ⚠️ Erreur ligne 958: current transaction is aborted, commands ignored until end of transaction block
[2026-01-26T14:50:16.648+0000] {logging_mixin.py:151} INFO -      ⚠️ Erreur ligne 959: current transaction is aborted, commands ignored until end of transaction block
[2026-01-26T14:50:16.649+0000] {logging_mixin.py:151} INFO -      ⚠️ Erreur ligne 960: current transaction is aborted, commands ignored until end of transaction block
[2026-01-26T14:50:16.650+0000] {logging_mixin.py:151} INFO -      ⚠️ Erreur ligne 961: current transaction is aborted, commands ignored until end of transaction block
[2026-01-26T14:50:16.651+0000] {logging_mixin.py:151} INFO -      ⚠️ Erreur ligne 962: current transaction is aborted, commands ignored until end of transaction block
[2026-01-26T14:50:16.651+0000] {logging_mixin.py:151} INFO -      ⚠️ Erreur ligne 963: current transaction is aborted, commands ignored until end of transaction block
[2026-01-26T14:50:16.653+0000] {logging_mixin.py:151} INFO -      ⚠️ Erreur ligne 964: current transaction is aborted, commands ignored until end of transaction block
[2026-01-26T14:50:16.654+0000] {logging_mixin.py:151} INFO -      ⚠️ Erreur ligne 965: current transaction is aborted, commands ignored until end of transaction block
[2026-01-26T14:50:16.655+0000] {logging_mixin.py:151} INFO -      ⚠️ Erreur ligne 966: current transaction is aborted, commands ignored until end of transaction block
[2026-01-26T14:50:16.655+0000] {logging_mixin.py:151} INFO -      ⚠️ Erreur ligne 967: current transaction is aborted, commands ignored until end of transaction block
[2026-01-26T14:50:16.656+0000] {logging_mixin.py:151} INFO -      ⚠️ Erreur ligne 968: current transaction is aborted, commands ignored until end of transaction block
[2026-01-26T14:50:16.657+0000] {logging_mixin.py:151} INFO -      ⚠️ Erreur ligne 969: current transaction is aborted, commands ignored until end of transaction block
[2026-01-26T14:50:16.658+0000] {logging_mixin.py:151} INFO -      ⚠️ Erreur ligne 970: current transaction is aborted, commands ignored until end of transaction block
[2026-01-26T14:50:16.659+0000] {logging_mixin.py:151} INFO -      ⚠️ Erreur ligne 971: current transaction is aborted, commands ignored until end of transaction block
[2026-01-26T14:50:16.661+0000] {logging_mixin.py:151} INFO -      ⚠️ Erreur ligne 972: current transaction is aborted, commands ignored until end of transaction block
[2026-01-26T14:50:16.663+0000] {logging_mixin.py:151} INFO -      ⚠️ Erreur ligne 973: current transaction is aborted, commands ignored until end of transaction block
[2026-01-26T14:50:16.664+0000] {logging_mixin.py:151} INFO -      ⚠️ Erreur ligne 974: current transaction is aborted, commands ignored until end of transaction block
[2026-01-26T14:50:16.666+0000] {logging_mixin.py:151} INFO -      ⚠️ Erreur ligne 975: current transaction is aborted, commands ignored until end of transaction block
[2026-01-26T14:50:16.668+0000] {logging_mixin.py:151} INFO -      ⚠️ Erreur ligne 976: current transaction is aborted, commands ignored until end of transaction block
[2026-01-26T14:50:16.669+0000] {logging_mixin.py:151} INFO -      ⚠️ Erreur ligne 977: current transaction is aborted, commands ignored until end of transaction block
[2026-01-26T14:50:16.671+0000] {logging_mixin.py:151} INFO -      ⚠️ Erreur ligne 978: current transaction is aborted, commands ignored until end of transaction block
[2026-01-26T14:50:16.671+0000] {logging_mixin.py:151} INFO -      ⚠️ Erreur ligne 979: current transaction is aborted, commands ignored until end of transaction block
[2026-01-26T14:50:16.672+0000] {logging_mixin.py:151} INFO -      ⚠️ Erreur ligne 980: current transaction is aborted, commands ignored until end of transaction block
[2026-01-26T14:50:16.673+0000] {logging_mixin.py:151} INFO -      ⚠️ Erreur ligne 981: current transaction is aborted, commands ignored until end of transaction block
[2026-01-26T14:50:16.674+0000] {logging_mixin.py:151} INFO -      ⚠️ Erreur ligne 982: current transaction is aborted, commands ignored until end of transaction block
[2026-01-26T14:50:16.675+0000] {logging_mixin.py:151} INFO -      ⚠️ Erreur ligne 983: current transaction is aborted, commands ignored until end of transaction block
[2026-01-26T14:50:16.676+0000] {logging_mixin.py:151} INFO -      ⚠️ Erreur ligne 984: current transaction is aborted, commands ignored until end of transaction block
[2026-01-26T14:50:16.677+0000] {logging_mixin.py:151} INFO -      ⚠️ Erreur ligne 985: current transaction is aborted, commands ignored until end of transaction block
[2026-01-26T14:50:16.677+0000] {logging_mixin.py:151} INFO -      ⚠️ Erreur ligne 986: current transaction is aborted, commands ignored until end of transaction block
[2026-01-26T14:50:16.679+0000] {logging_mixin.py:151} INFO -      ⚠️ Erreur ligne 987: current transaction is aborted, commands ignored until end of transaction block
[2026-01-26T14:50:16.682+0000] {logging_mixin.py:151} INFO -      ⚠️ Erreur ligne 988: current transaction is aborted, commands ignored until end of transaction block
[2026-01-26T14:50:16.683+0000] {logging_mixin.py:151} INFO -      ⚠️ Erreur ligne 989: current transaction is aborted, commands ignored until end of transaction block
[2026-01-26T14:50:16.684+0000] {logging_mixin.py:151} INFO -      ⚠️ Erreur ligne 990: current transaction is aborted, commands ignored until end of transaction block
[2026-01-26T14:50:16.686+0000] {logging_mixin.py:151} INFO -      ⚠️ Erreur ligne 991: current transaction is aborted, commands ignored until end of transaction block
[2026-01-26T14:50:16.687+0000] {logging_mixin.py:151} INFO -      ⚠️ Erreur ligne 992: current transaction is aborted, commands ignored until end of transaction block
[2026-01-26T14:50:16.688+0000] {logging_mixin.py:151} INFO -      ⚠️ Erreur ligne 993: current transaction is aborted, commands ignored until end of transaction block
[2026-01-26T14:50:16.689+0000] {logging_mixin.py:151} INFO -      ⚠️ Erreur ligne 994: current transaction is aborted, commands ignored until end of transaction block
[2026-01-26T14:50:16.690+0000] {logging_mixin.py:151} INFO -      ⚠️ Erreur ligne 995: current transaction is aborted, commands ignored until end of transaction block
[2026-01-26T14:50:16.692+0000] {logging_mixin.py:151} INFO -      ⚠️ Erreur ligne 996: current transaction is aborted, commands ignored until end of transaction block
[2026-01-26T14:50:16.693+0000] {logging_mixin.py:151} INFO -      ⚠️ Erreur ligne 997: current transaction is aborted, commands ignored until end of transaction block
[2026-01-26T14:50:16.694+0000] {logging_mixin.py:151} INFO -      ⚠️ Erreur ligne 998: current transaction is aborted, commands ignored until end of transaction block
[2026-01-26T14:50:16.695+0000] {logging_mixin.py:151} INFO -      ⚠️ Erreur ligne 999: current transaction is aborted, commands ignored until end of transaction block
[2026-01-26T14:50:16.695+0000] {logging_mixin.py:151} INFO -      ⚠️ Erreur ligne 1000: current transaction is aborted, commands ignored until end of transaction block
[2026-01-26T14:50:16.696+0000] {logging_mixin.py:151} INFO -      ⚠️ Erreur ligne 1001: current transaction is aborted, commands ignored until end of transaction block
[2026-01-26T14:50:16.697+0000] {logging_mixin.py:151} INFO -      ⚠️ Erreur ligne 1002: current transaction is aborted, commands ignored until end of transaction block
[2026-01-26T14:50:16.698+0000] {logging_mixin.py:151} INFO -      ⚠️ Erreur ligne 1003: current transaction is aborted, commands ignored until end of transaction block
[2026-01-26T14:50:16.699+0000] {logging_mixin.py:151} INFO -      ⚠️ Erreur ligne 1004: current transaction is aborted, commands ignored until end of transaction block
[2026-01-26T14:50:16.700+0000] {logging_mixin.py:151} INFO -      ⚠️ Erreur ligne 1005: current transaction is aborted, commands ignored until end of transaction block
[2026-01-26T14:50:16.700+0000] {logging_mixin.py:151} INFO -      ⚠️ Erreur ligne 1006: current transaction is aborted, commands ignored until end of transaction block
[2026-01-26T14:50:16.701+0000] {logging_mixin.py:151} INFO -      ⚠️ Erreur ligne 1007: current transaction is aborted, commands ignored until end of transaction block
[2026-01-26T14:50:16.704+0000] {logging_mixin.py:151} INFO -      ⚠️ Erreur ligne 1008: current transaction is aborted, commands ignored until end of transaction block
[2026-01-26T14:50:16.706+0000] {logging_mixin.py:151} INFO -      ⚠️ Erreur ligne 1009: current transaction is aborted, commands ignored until end of transaction block
[2026-01-26T14:50:16.707+0000] {logging_mixin.py:151} INFO -      ⚠️ Erreur ligne 1010: current transaction is aborted, commands ignored until end of transaction block
[2026-01-26T14:50:16.709+0000] {logging_mixin.py:151} INFO -      ⚠️ Erreur ligne 1011: current transaction is aborted, commands ignored until end of transaction block
[2026-01-26T14:50:16.710+0000] {logging_mixin.py:151} INFO -      ⚠️ Erreur ligne 1012: current transaction is aborted, commands ignored until end of transaction block
[2026-01-26T14:50:16.712+0000] {logging_mixin.py:151} INFO -      ⚠️ Erreur ligne 1013: current transaction is aborted, commands ignored until end of transaction block
[2026-01-26T14:50:16.712+0000] {logging_mixin.py:151} INFO -      ⚠️ Erreur ligne 1014: current transaction is aborted, commands ignored until end of transaction block
[2026-01-26T14:50:16.713+0000] {logging_mixin.py:151} INFO -      ⚠️ Erreur ligne 1015: current transaction is aborted, commands ignored until end of transaction block
[2026-01-26T14:50:16.714+0000] {logging_mixin.py:151} INFO -      ⚠️ Erreur ligne 1016: current transaction is aborted, commands ignored until end of transaction block
[2026-01-26T14:50:16.716+0000] {logging_mixin.py:151} INFO -      ⚠️ Erreur ligne 1017: current transaction is aborted, commands ignored until end of transaction block
[2026-01-26T14:50:16.716+0000] {logging_mixin.py:151} INFO -      ✅ 0 lignes insérées, 0 doublons ignorés
[2026-01-26T14:50:16.717+0000] {logging_mixin.py:151} INFO -   ✅ Fichier traité avec succès !
[2026-01-26T14:50:16.719+0000] {logging_mixin.py:151} INFO - 
--------------------------------------------------------------------------------
[2026-01-26T14:50:16.719+0000] {logging_mixin.py:151} INFO - 📄 Traitement de : MSFT_2026-01-26 06:13:31.074172+00:00.csv
[2026-01-26T14:50:16.719+0000] {logging_mixin.py:151} INFO - --------------------------------------------------------------------------------
[2026-01-26T14:50:16.719+0000] {logging_mixin.py:151} INFO -   1️⃣ Lecture du CSV...
[2026-01-26T14:50:16.725+0000] {logging_mixin.py:151} INFO -      ✅ Lu 1018 lignes
[2026-01-26T14:50:16.725+0000] {logging_mixin.py:151} INFO -      Colonnes: ['Date', 'Open', 'High', 'Low', 'Close', 'Volume', 'Dividends', 'Stock Splits', 'symbol', 'extracted_at']
[2026-01-26T14:50:16.726+0000] {logging_mixin.py:151} INFO -   2️⃣ Nettoyage des colonnes...
[2026-01-26T14:50:16.727+0000] {logging_mixin.py:151} INFO -      ✅ Colonnes nettoyées: ['date', 'open', 'high', 'low', 'close', 'volume', 'dividends', 'stock_splits', 'symbol', 'extracted_at']
[2026-01-26T14:50:16.728+0000] {logging_mixin.py:151} INFO -   3️⃣ Conversion des dates...
[2026-01-26T14:50:16.736+0000] {logging_mixin.py:151} INFO -      ✅ Dates converties
[2026-01-26T14:50:16.736+0000] {logging_mixin.py:151} INFO -   4️⃣ Nettoyage des données...
[2026-01-26T14:50:16.743+0000] {logging_mixin.py:151} INFO -      ✅ 1018 → 1018 lignes (après nettoyage)
[2026-01-26T14:50:16.745+0000] {logging_mixin.py:151} INFO -   5️⃣ Connexion à la base de données...
[2026-01-26T14:50:16.753+0000] {logging_mixin.py:151} INFO -      ✅ Connecté
[2026-01-26T14:50:16.754+0000] {logging_mixin.py:151} INFO -   6️⃣ Insertion des données...
[2026-01-26T14:50:16.757+0000] {logging_mixin.py:151} INFO -      ⚠️ Erreur ligne 0: column "open_price" of relation "stocks" does not exist
LINE 2: ...                INSERT INTO stocks (symbol, date, open_price...
                                                             ^
[2026-01-26T14:50:16.758+0000] {logging_mixin.py:151} INFO -      ⚠️ Erreur ligne 1: current transaction is aborted, commands ignored until end of transaction block
[2026-01-26T14:50:16.759+0000] {logging_mixin.py:151} INFO -      ⚠️ Erreur ligne 2: current transaction is aborted, commands ignored until end of transaction block
[2026-01-26T14:50:16.760+0000] {logging_mixin.py:151} INFO -      ⚠️ Erreur ligne 3: current transaction is aborted, commands ignored until end of transaction block
[2026-01-26T14:50:16.761+0000] {logging_mixin.py:151} INFO -      ⚠️ Erreur ligne 4: current transaction is aborted, commands ignored until end of transaction block
[2026-01-26T14:50:16.763+0000] {logging_mixin.py:151} INFO -      ⚠️ Erreur ligne 5: current transaction is aborted, commands ignored until end of transaction block
[2026-01-26T14:50:16.764+0000] {logging_mixin.py:151} INFO -      ⚠️ Erreur ligne 6: current transaction is aborted, commands ignored until end of transaction block
[2026-01-26T14:50:16.767+0000] {logging_mixin.py:151} INFO -      ⚠️ Erreur ligne 7: current transaction is aborted, commands ignored until end of transaction block
[2026-01-26T14:50:16.768+0000] {logging_mixin.py:151} INFO -      ⚠️ Erreur ligne 8: current transaction is aborted, commands ignored until end of transaction block
[2026-01-26T14:50:16.770+0000] {logging_mixin.py:151} INFO -      ⚠️ Erreur ligne 9: current transaction is aborted, commands ignored until end of transaction block
[2026-01-26T14:50:16.771+0000] {logging_mixin.py:151} INFO -      ⚠️ Erreur ligne 10: current transaction is aborted, commands ignored until end of transaction block
[2026-01-26T14:50:16.772+0000] {logging_mixin.py:151} INFO -      ⚠️ Erreur ligne 11: current transaction is aborted, commands ignored until end of transaction block
[2026-01-26T14:50:16.774+0000] {logging_mixin.py:151} INFO -      ⚠️ Erreur ligne 12: current transaction is aborted, commands ignored until end of transaction block
[2026-01-26T14:50:16.775+0000] {logging_mixin.py:151} INFO -      ⚠️ Erreur ligne 13: current transaction is aborted, commands ignored until end of transaction block
[2026-01-26T14:50:16.777+0000] {logging_mixin.py:151} INFO -      ⚠️ Erreur ligne 14: current transaction is aborted, commands ignored until end of transaction block
[2026-01-26T14:50:16.778+0000] {logging_mixin.py:151} INFO -      ⚠️ Erreur ligne 15: current transaction is aborted, commands ignored until end of transaction block
[2026-01-26T14:50:16.779+0000] {logging_mixin.py:151} INFO -      ⚠️ Erreur ligne 16: current transaction is aborted, commands ignored until end of transaction block
[2026-01-26T14:50:16.781+0000] {logging_mixin.py:151} INFO -      ⚠️ Erreur ligne 17: current transaction is aborted, commands ignored until end of transaction block
[2026-01-26T14:50:16.783+0000] {logging_mixin.py:151} INFO -      ⚠️ Erreur ligne 18: current transaction is aborted, commands ignored until end of transaction block
[2026-01-26T14:50:16.785+0000] {logging_mixin.py:151} INFO -      ⚠️ Erreur ligne 19: current transaction is aborted, commands ignored until end of transaction block
[2026-01-26T14:50:16.786+0000] {logging_mixin.py:151} INFO -      ⚠️ Erreur ligne 20: current transaction is aborted, commands ignored until end of transaction block
[2026-01-26T14:50:16.789+0000] {logging_mixin.py:151} INFO -      ⚠️ Erreur ligne 21: current transaction is aborted, commands ignored until end of transaction block
[2026-01-26T14:50:16.790+0000] {logging_mixin.py:151} INFO -      ⚠️ Erreur ligne 22: current transaction is aborted, commands ignored until end of transaction block
[2026-01-26T14:50:16.791+0000] {logging_mixin.py:151} INFO -      ⚠️ Erreur ligne 23: current transaction is aborted, commands ignored until end of transaction block
[2026-01-26T14:50:16.793+0000] {logging_mixin.py:151} INFO -      ⚠️ Erreur ligne 24: current transaction is aborted, commands ignored until end of transaction block
[2026-01-26T14:50:16.795+0000] {logging_mixin.py:151} INFO -      ⚠️ Erreur ligne 25: current transaction is aborted, commands ignored until end of transaction block
[2026-01-26T14:50:16.797+0000] {logging_mixin.py:151} INFO -      ⚠️ Erreur ligne 26: current transaction is aborted, commands ignored until end of transaction block
[2026-01-26T14:50:16.799+0000] {logging_mixin.py:151} INFO -      ⚠️ Erreur ligne 27: current transaction is aborted, commands ignored until end of transaction block
[2026-01-26T14:50:16.800+0000] {logging_mixin.py:151} INFO -      ⚠️ Erreur ligne 28: current transaction is aborted, commands ignored until end of transaction block
[2026-01-26T14:50:16.801+0000] {logging_mixin.py:151} INFO -      ⚠️ Erreur ligne 29: current transaction is aborted, commands ignored until end of transaction block
[2026-01-26T14:50:16.805+0000] {logging_mixin.py:151} INFO -      ⚠️ Erreur ligne 30: current transaction is aborted, commands ignored until end of transaction block
[2026-01-26T14:50:16.806+0000] {logging_mixin.py:151} INFO -      ⚠️ Erreur ligne 31: current transaction is aborted, commands ignored until end of transaction block
[2026-01-26T14:50:16.807+0000] {logging_mixin.py:151} INFO -      ⚠️ Erreur ligne 32: current transaction is aborted, commands ignored until end of transaction block
[2026-01-26T14:50:16.809+0000] {logging_mixin.py:151} INFO -      ⚠️ Erreur ligne 33: current transaction is aborted, commands ignored until end of transaction block
[2026-01-26T14:50:16.811+0000] {logging_mixin.py:151} INFO -      ⚠️ Erreur ligne 34: current transaction is aborted, commands ignored until end of transaction block
[2026-01-26T14:50:16.812+0000] {logging_mixin.py:151} INFO -      ⚠️ Erreur ligne 35: current transaction is aborted, commands ignored until end of transaction block
[2026-01-26T14:50:16.814+0000] {logging_mixin.py:151} INFO -      ⚠️ Erreur ligne 36: current transaction is aborted, commands ignored until end of transaction block
[2026-01-26T14:50:16.815+0000] {logging_mixin.py:151} INFO -      ⚠️ Erreur ligne 37: current transaction is aborted, commands ignored until end of transaction block
[2026-01-26T14:50:16.817+0000] {logging_mixin.py:151} INFO -      ⚠️ Erreur ligne 38: current transaction is aborted, commands ignored until end of transaction block
[2026-01-26T14:50:16.818+0000] {logging_mixin.py:151} INFO -      ⚠️ Erreur ligne 39: current transaction is aborted, commands ignored until end of transaction block
[2026-01-26T14:50:16.819+0000] {logging_mixin.py:151} INFO -      ⚠️ Erreur ligne 40: current transaction is aborted, commands ignored until end of transaction block
[2026-01-26T14:50:16.820+0000] {logging_mixin.py:151} INFO -      ⚠️ Erreur ligne 41: current transaction is aborted, commands ignored until end of transaction block
[2026-01-26T14:50:16.822+0000] {logging_mixin.py:151} INFO -      ⚠️ Erreur ligne 42: current transaction is aborted, commands ignored until end of transaction block
[2026-01-26T14:50:16.823+0000] {logging_mixin.py:151} INFO -      ⚠️ Erreur ligne 43: current transaction is aborted, commands ignored until end of transaction block
[2026-01-26T14:50:16.825+0000] {logging_mixin.py:151} INFO -      ⚠️ Erreur ligne 44: current transaction is aborted, commands ignored until end of transaction block
[2026-01-26T14:50:16.826+0000] {logging_mixin.py:151} INFO -      ⚠️ Erreur ligne 45: current transaction is aborted, commands ignored until end of transaction block
[2026-01-26T14:50:16.827+0000] {logging_mixin.py:151} INFO -      ⚠️ Erreur ligne 46: current transaction is aborted, commands ignored until end of transaction block
[2026-01-26T14:50:16.828+0000] {logging_mixin.py:151} INFO -      ⚠️ Erreur ligne 47: current transaction is aborted, commands ignored until end of transaction block
[2026-01-26T14:50:16.830+0000] {logging_mixin.py:151} INFO -      ⚠️ Erreur ligne 48: current transaction is aborted, commands ignored until end of transaction block
[2026-01-26T14:50:16.831+0000] {logging_mixin.py:151} INFO -      ⚠️ Erreur ligne 49: current transaction is aborted, commands ignored until end of transaction block
[2026-01-26T14:50:16.832+0000] {logging_mixin.py:151} INFO -      ⚠️ Erreur ligne 50: current transaction is aborted, commands ignored until end of transaction block
[2026-01-26T14:50:16.833+0000] {logging_mixin.py:151} INFO -      ⚠️ Erreur ligne 51: current transaction is aborted, commands ignored until end of transaction block
[2026-01-26T14:50:16.834+0000] {logging_mixin.py:151} INFO -      ⚠️ Erreur ligne 52: current transaction is aborted, commands ignored until end of transaction block
[2026-01-26T14:50:16.836+0000] {logging_mixin.py:151} INFO -      ⚠️ Erreur ligne 53: current transaction is aborted, commands ignored until end of transaction block
[2026-01-26T14:50:16.837+0000] {logging_mixin.py:151} INFO -      ⚠️ Erreur ligne 54: current transaction is aborted, commands ignored until end of transaction block
[2026-01-26T14:50:16.838+0000] {logging_mixin.py:151} INFO -      ⚠️ Erreur ligne 55: current transaction is aborted, commands ignored until end of transaction block
[2026-01-26T14:50:16.839+0000] {logging_mixin.py:151} INFO -      ⚠️ Erreur ligne 56: current transaction is aborted, commands ignored until end of transaction block
[2026-01-26T14:50:16.840+0000] {logging_mixin.py:151} INFO -      ⚠️ Erreur ligne 57: current transaction is aborted, commands ignored until end of transaction block
[2026-01-26T14:50:16.841+0000] {logging_mixin.py:151} INFO -      ⚠️ Erreur ligne 58: current transaction is aborted, commands ignored until end of transaction block
[2026-01-26T14:50:16.844+0000] {logging_mixin.py:151} INFO -      ⚠️ Erreur ligne 59: current transaction is aborted, commands ignored until end of transaction block
[2026-01-26T14:50:16.845+0000] {logging_mixin.py:151} INFO -      ⚠️ Erreur ligne 60: current transaction is aborted, commands ignored until end of transaction block
[2026-01-26T14:50:16.847+0000] {logging_mixin.py:151} INFO -      ⚠️ Erreur ligne 61: current transaction is aborted, commands ignored until end of transaction block
[2026-01-26T14:50:16.849+0000] {logging_mixin.py:151} INFO -      ⚠️ Erreur ligne 62: current transaction is aborted, commands ignored until end of transaction block
[2026-01-26T14:50:16.852+0000] {logging_mixin.py:151} INFO -      ⚠️ Erreur ligne 63: current transaction is aborted, commands ignored until end of transaction block
[2026-01-26T14:50:16.853+0000] {logging_mixin.py:151} INFO -      ⚠️ Erreur ligne 64: current transaction is aborted, commands ignored until end of transaction block
[2026-01-26T14:50:16.854+0000] {logging_mixin.py:151} INFO -      ⚠️ Erreur ligne 65: current transaction is aborted, commands ignored until end of transaction block
[2026-01-26T14:50:16.856+0000] {logging_mixin.py:151} INFO -      ⚠️ Erreur ligne 66: current transaction is aborted, commands ignored until end of transaction block
[2026-01-26T14:50:16.857+0000] {logging_mixin.py:151} INFO -      ⚠️ Erreur ligne 67: current transaction is aborted, commands ignored until end of transaction block
[2026-01-26T14:50:16.858+0000] {logging_mixin.py:151} INFO -      ⚠️ Erreur ligne 68: current transaction is aborted, commands ignored until end of transaction block
[2026-01-26T14:50:16.859+0000] {logging_mixin.py:151} INFO -      ⚠️ Erreur ligne 69: current transaction is aborted, commands ignored until end of transaction block
[2026-01-26T14:50:16.860+0000] {logging_mixin.py:151} INFO -      ⚠️ Erreur ligne 70: current transaction is aborted, commands ignored until end of transaction block
[2026-01-26T14:50:16.861+0000] {logging_mixin.py:151} INFO -      ⚠️ Erreur ligne 71: current transaction is aborted, commands ignored until end of transaction block
[2026-01-26T14:50:16.862+0000] {logging_mixin.py:151} INFO -      ⚠️ Erreur ligne 72: current transaction is aborted, commands ignored until end of transaction block
[2026-01-26T14:50:16.863+0000] {logging_mixin.py:151} INFO -      ⚠️ Erreur ligne 73: current transaction is aborted, commands ignored until end of transaction block
[2026-01-26T14:50:16.864+0000] {logging_mixin.py:151} INFO -      ⚠️ Erreur ligne 74: current transaction is aborted, commands ignored until end of transaction block
[2026-01-26T14:50:16.865+0000] {logging_mixin.py:151} INFO -      ⚠️ Erreur ligne 75: current transaction is aborted, commands ignored until end of transaction block
[2026-01-26T14:50:16.867+0000] {logging_mixin.py:151} INFO -      ⚠️ Erreur ligne 76: current transaction is aborted, commands ignored until end of transaction block
[2026-01-26T14:50:16.870+0000] {logging_mixin.py:151} INFO -      ⚠️ Erreur ligne 77: current transaction is aborted, commands ignored until end of transaction block
[2026-01-26T14:50:16.871+0000] {logging_mixin.py:151} INFO -      ⚠️ Erreur ligne 78: current transaction is aborted, commands ignored until end of transaction block
[2026-01-26T14:50:16.877+0000] {logging_mixin.py:151} INFO -      ⚠️ Erreur ligne 79: current transaction is aborted, commands ignored until end of transaction block
[2026-01-26T14:50:16.878+0000] {logging_mixin.py:151} INFO -      ⚠️ Erreur ligne 80: current transaction is aborted, commands ignored until end of transaction block
[2026-01-26T14:50:16.879+0000] {logging_mixin.py:151} INFO -      ⚠️ Erreur ligne 81: current transaction is aborted, commands ignored until end of transaction block
[2026-01-26T14:50:16.880+0000] {logging_mixin.py:151} INFO -      ⚠️ Erreur ligne 82: current transaction is aborted, commands ignored until end of transaction block
[2026-01-26T14:50:16.881+0000] {logging_mixin.py:151} INFO -      ⚠️ Erreur ligne 83: current transaction is aborted, commands ignored until end of transaction block
[2026-01-26T14:50:16.882+0000] {logging_mixin.py:151} INFO -      ⚠️ Erreur ligne 84: current transaction is aborted, commands ignored until end of transaction block
[2026-01-26T14:50:16.883+0000] {logging_mixin.py:151} INFO -      ⚠️ Erreur ligne 85: current transaction is aborted, commands ignored until end of transaction block
[2026-01-26T14:50:16.884+0000] {logging_mixin.py:151} INFO -      ⚠️ Erreur ligne 86: current transaction is aborted, commands ignored until end of transaction block
[2026-01-26T14:50:16.885+0000] {logging_mixin.py:151} INFO -      ⚠️ Erreur ligne 87: current transaction is aborted, commands ignored until end of transaction block
[2026-01-26T14:50:16.886+0000] {logging_mixin.py:151} INFO -      ⚠️ Erreur ligne 88: current transaction is aborted, commands ignored until end of transaction block
[2026-01-26T14:50:16.887+0000] {logging_mixin.py:151} INFO -      ⚠️ Erreur ligne 89: current transaction is aborted, commands ignored until end of transaction block
[2026-01-26T14:50:16.892+0000] {logging_mixin.py:151} INFO -      ⚠️ Erreur ligne 90: current transaction is aborted, commands ignored until end of transaction block
[2026-01-26T14:50:16.893+0000] {logging_mixin.py:151} INFO -      ⚠️ Erreur ligne 91: current transaction is aborted, commands ignored until end of transaction block
[2026-01-26T14:50:16.896+0000] {logging_mixin.py:151} INFO -      ⚠️ Erreur ligne 92: current transaction is aborted, commands ignored until end of transaction block
[2026-01-26T14:50:16.897+0000] {logging_mixin.py:151} INFO -      ⚠️ Erreur ligne 93: current transaction is aborted, commands ignored until end of transaction block
[2026-01-26T14:50:16.899+0000] {logging_mixin.py:151} INFO -      ⚠️ Erreur ligne 94: current transaction is aborted, commands ignored until end of transaction block
[2026-01-26T14:50:16.900+0000] {logging_mixin.py:151} INFO -      ⚠️ Erreur ligne 95: current transaction is aborted, commands ignored until end of transaction block
[2026-01-26T14:50:16.901+0000] {logging_mixin.py:151} INFO -      ⚠️ Erreur ligne 96: current transaction is aborted, commands ignored until end of transaction block
[2026-01-26T14:50:16.902+0000] {logging_mixin.py:151} INFO -      ⚠️ Erreur ligne 97: current transaction is aborted, commands ignored until end of transaction block
[2026-01-26T14:50:16.903+0000] {logging_mixin.py:151} INFO -      ⚠️ Erreur ligne 98: current transaction is aborted, commands ignored until end of transaction block
[2026-01-26T14:50:16.904+0000] {logging_mixin.py:151} INFO -      ⚠️ Erreur ligne 99: current transaction is aborted, commands ignored until end of transaction block
[2026-01-26T14:50:16.905+0000] {logging_mixin.py:151} INFO -      ⚠️ Erreur ligne 100: current transaction is aborted, commands ignored until end of transaction block
[2026-01-26T14:50:16.906+0000] {logging_mixin.py:151} INFO -      ⚠️ Erreur ligne 101: current transaction is aborted, commands ignored until end of transaction block
[2026-01-26T14:50:16.907+0000] {logging_mixin.py:151} INFO -      ⚠️ Erreur ligne 102: current transaction is aborted, commands ignored until end of transaction block
[2026-01-26T14:50:16.908+0000] {logging_mixin.py:151} INFO -      ⚠️ Erreur ligne 103: current transaction is aborted, commands ignored until end of transaction block
[2026-01-26T14:50:16.909+0000] {logging_mixin.py:151} INFO -      ⚠️ Erreur ligne 104: current transaction is aborted, commands ignored until end of transaction block
[2026-01-26T14:50:16.910+0000] {logging_mixin.py:151} INFO -      ⚠️ Erreur ligne 105: current transaction is aborted, commands ignored until end of transaction block
[2026-01-26T14:50:16.911+0000] {logging_mixin.py:151} INFO -      ⚠️ Erreur ligne 106: current transaction is aborted, commands ignored until end of transaction block
[2026-01-26T14:50:16.913+0000] {logging_mixin.py:151} INFO -      ⚠️ Erreur ligne 107: current transaction is aborted, commands ignored until end of transaction block
[2026-01-26T14:50:16.914+0000] {logging_mixin.py:151} INFO -      ⚠️ Erreur ligne 108: current transaction is aborted, commands ignored until end of transaction block
[2026-01-26T14:50:16.915+0000] {logging_mixin.py:151} INFO -      ⚠️ Erreur ligne 109: current transaction is aborted, commands ignored until end of transaction block
[2026-01-26T14:50:16.916+0000] {logging_mixin.py:151} INFO -      ⚠️ Erreur ligne 110: current transaction is aborted, commands ignored until end of transaction block
[2026-01-26T14:50:16.917+0000] {logging_mixin.py:151} INFO -      ⚠️ Erreur ligne 111: current transaction is aborted, commands ignored until end of transaction block
[2026-01-26T14:50:16.918+0000] {logging_mixin.py:151} INFO -      ⚠️ Erreur ligne 112: current transaction is aborted, commands ignored until end of transaction block
[2026-01-26T14:50:16.919+0000] {logging_mixin.py:151} INFO -      ⚠️ Erreur ligne 113: current transaction is aborted, commands ignored until end of transaction block
[2026-01-26T14:50:16.920+0000] {logging_mixin.py:151} INFO -      ⚠️ Erreur ligne 114: current transaction is aborted, commands ignored until end of transaction block
[2026-01-26T14:50:16.921+0000] {logging_mixin.py:151} INFO -      ⚠️ Erreur ligne 115: current transaction is aborted, commands ignored until end of transaction block
[2026-01-26T14:50:16.922+0000] {logging_mixin.py:151} INFO -      ⚠️ Erreur ligne 116: current transaction is aborted, commands ignored until end of transaction block
[2026-01-26T14:50:16.923+0000] {logging_mixin.py:151} INFO -      ⚠️ Erreur ligne 117: current transaction is aborted, commands ignored until end of transaction block
[2026-01-26T14:50:16.924+0000] {logging_mixin.py:151} INFO -      ⚠️ Erreur ligne 118: current transaction is aborted, commands ignored until end of transaction block
[2026-01-26T14:50:16.925+0000] {logging_mixin.py:151} INFO -      ⚠️ Erreur ligne 119: current transaction is aborted, commands ignored until end of transaction block
[2026-01-26T14:50:16.928+0000] {logging_mixin.py:151} INFO -      ⚠️ Erreur ligne 120: current transaction is aborted, commands ignored until end of transaction block
[2026-01-26T14:50:16.930+0000] {logging_mixin.py:151} INFO -      ⚠️ Erreur ligne 121: current transaction is aborted, commands ignored until end of transaction block
[2026-01-26T14:50:16.931+0000] {logging_mixin.py:151} INFO -      ⚠️ Erreur ligne 122: current transaction is aborted, commands ignored until end of transaction block
[2026-01-26T14:50:16.932+0000] {logging_mixin.py:151} INFO -      ⚠️ Erreur ligne 123: current transaction is aborted, commands ignored until end of transaction block
[2026-01-26T14:50:16.933+0000] {logging_mixin.py:151} INFO -      ⚠️ Erreur ligne 124: current transaction is aborted, commands ignored until end of transaction block
[2026-01-26T14:50:16.935+0000] {logging_mixin.py:151} INFO -      ⚠️ Erreur ligne 125: current transaction is aborted, commands ignored until end of transaction block
[2026-01-26T14:50:16.936+0000] {logging_mixin.py:151} INFO -      ⚠️ Erreur ligne 126: current transaction is aborted, commands ignored until end of transaction block
[2026-01-26T14:50:16.937+0000] {logging_mixin.py:151} INFO -      ⚠️ Erreur ligne 127: current transaction is aborted, commands ignored until end of transaction block
[2026-01-26T14:50:16.938+0000] {logging_mixin.py:151} INFO -      ⚠️ Erreur ligne 128: current transaction is aborted, commands ignored until end of transaction block
[2026-01-26T14:50:16.939+0000] {logging_mixin.py:151} INFO -      ⚠️ Erreur ligne 129: current transaction is aborted, commands ignored until end of transaction block
[2026-01-26T14:50:16.940+0000] {logging_mixin.py:151} INFO -      ⚠️ Erreur ligne 130: current transaction is aborted, commands ignored until end of transaction block
[2026-01-26T14:50:16.940+0000] {logging_mixin.py:151} INFO -      ⚠️ Erreur ligne 131: current transaction is aborted, commands ignored until end of transaction block
[2026-01-26T14:50:16.941+0000] {logging_mixin.py:151} INFO -      ⚠️ Erreur ligne 132: current transaction is aborted, commands ignored until end of transaction block
[2026-01-26T14:50:16.942+0000] {logging_mixin.py:151} INFO -      ⚠️ Erreur ligne 133: current transaction is aborted, commands ignored until end of transaction block
[2026-01-26T14:50:16.943+0000] {logging_mixin.py:151} INFO -      ⚠️ Erreur ligne 134: current transaction is aborted, commands ignored until end of transaction block
[2026-01-26T14:50:16.944+0000] {logging_mixin.py:151} INFO -      ⚠️ Erreur ligne 135: current transaction is aborted, commands ignored until end of transaction block
[2026-01-26T14:50:16.947+0000] {logging_mixin.py:151} INFO -      ⚠️ Erreur ligne 136: current transaction is aborted, commands ignored until end of transaction block
[2026-01-26T14:50:16.949+0000] {logging_mixin.py:151} INFO -      ⚠️ Erreur ligne 137: current transaction is aborted, commands ignored until end of transaction block
[2026-01-26T14:50:16.951+0000] {logging_mixin.py:151} INFO -      ⚠️ Erreur ligne 138: current transaction is aborted, commands ignored until end of transaction block
[2026-01-26T14:50:16.953+0000] {logging_mixin.py:151} INFO -      ⚠️ Erreur ligne 139: current transaction is aborted, commands ignored until end of transaction block
[2026-01-26T14:50:16.954+0000] {logging_mixin.py:151} INFO -      ⚠️ Erreur ligne 140: current transaction is aborted, commands ignored until end of transaction block
[2026-01-26T14:50:16.956+0000] {logging_mixin.py:151} INFO -      ⚠️ Erreur ligne 141: current transaction is aborted, commands ignored until end of transaction block
[2026-01-26T14:50:16.959+0000] {logging_mixin.py:151} INFO -      ⚠️ Erreur ligne 142: current transaction is aborted, commands ignored until end of transaction block
[2026-01-26T14:50:16.961+0000] {logging_mixin.py:151} INFO -      ⚠️ Erreur ligne 143: current transaction is aborted, commands ignored until end of transaction block
[2026-01-26T14:50:16.962+0000] {logging_mixin.py:151} INFO -      ⚠️ Erreur ligne 144: current transaction is aborted, commands ignored until end of transaction block
[2026-01-26T14:50:16.963+0000] {logging_mixin.py:151} INFO -      ⚠️ Erreur ligne 145: current transaction is aborted, commands ignored until end of transaction block
[2026-01-26T14:50:16.965+0000] {logging_mixin.py:151} INFO -      ⚠️ Erreur ligne 146: current transaction is aborted, commands ignored until end of transaction block
[2026-01-26T14:50:16.966+0000] {logging_mixin.py:151} INFO -      ⚠️ Erreur ligne 147: current transaction is aborted, commands ignored until end of transaction block
[2026-01-26T14:50:16.967+0000] {logging_mixin.py:151} INFO -      ⚠️ Erreur ligne 148: current transaction is aborted, commands ignored until end of transaction block
[2026-01-26T14:50:16.968+0000] {logging_mixin.py:151} INFO -      ⚠️ Erreur ligne 149: current transaction is aborted, commands ignored until end of transaction block
[2026-01-26T14:50:16.969+0000] {logging_mixin.py:151} INFO -      ⚠️ Erreur ligne 150: current transaction is aborted, commands ignored until end of transaction block
[2026-01-26T14:50:16.971+0000] {logging_mixin.py:151} INFO -      ⚠️ Erreur ligne 151: current transaction is aborted, commands ignored until end of transaction block
[2026-01-26T14:50:16.972+0000] {logging_mixin.py:151} INFO -      ⚠️ Erreur ligne 152: current transaction is aborted, commands ignored until end of transaction block
[2026-01-26T14:50:16.973+0000] {logging_mixin.py:151} INFO -      ⚠️ Erreur ligne 153: current transaction is aborted, commands ignored until end of transaction block
[2026-01-26T14:50:16.974+0000] {logging_mixin.py:151} INFO -      ⚠️ Erreur ligne 154: current transaction is aborted, commands ignored until end of transaction block
[2026-01-26T14:50:16.975+0000] {logging_mixin.py:151} INFO -      ⚠️ Erreur ligne 155: current transaction is aborted, commands ignored until end of transaction block
[2026-01-26T14:50:16.976+0000] {logging_mixin.py:151} INFO -      ⚠️ Erreur ligne 156: current transaction is aborted, commands ignored until end of transaction block
[2026-01-26T14:50:16.977+0000] {logging_mixin.py:151} INFO -      ⚠️ Erreur ligne 157: current transaction is aborted, commands ignored until end of transaction block
[2026-01-26T14:50:16.981+0000] {logging_mixin.py:151} INFO -      ⚠️ Erreur ligne 158: current transaction is aborted, commands ignored until end of transaction block
[2026-01-26T14:50:16.983+0000] {logging_mixin.py:151} INFO -      ⚠️ Erreur ligne 159: current transaction is aborted, commands ignored until end of transaction block
[2026-01-26T14:50:16.984+0000] {logging_mixin.py:151} INFO -      ⚠️ Erreur ligne 160: current transaction is aborted, commands ignored until end of transaction block
[2026-01-26T14:50:16.986+0000] {logging_mixin.py:151} INFO -      ⚠️ Erreur ligne 161: current transaction is aborted, commands ignored until end of transaction block
[2026-01-26T14:50:16.989+0000] {logging_mixin.py:151} INFO -      ⚠️ Erreur ligne 162: current transaction is aborted, commands ignored until end of transaction block
[2026-01-26T14:50:16.991+0000] {logging_mixin.py:151} INFO -      ⚠️ Erreur ligne 163: current transaction is aborted, commands ignored until end of transaction block
[2026-01-26T14:50:16.992+0000] {logging_mixin.py:151} INFO -      ⚠️ Erreur ligne 164: current transaction is aborted, commands ignored until end of transaction block
[2026-01-26T14:50:16.993+0000] {logging_mixin.py:151} INFO -      ⚠️ Erreur ligne 165: current transaction is aborted, commands ignored until end of transaction block
[2026-01-26T14:50:16.994+0000] {logging_mixin.py:151} INFO -      ⚠️ Erreur ligne 166: current transaction is aborted, commands ignored until end of transaction block
[2026-01-26T14:50:16.995+0000] {logging_mixin.py:151} INFO -      ⚠️ Erreur ligne 167: current transaction is aborted, commands ignored until end of transaction block
[2026-01-26T14:50:16.996+0000] {logging_mixin.py:151} INFO -      ⚠️ Erreur ligne 168: current transaction is aborted, commands ignored until end of transaction block
[2026-01-26T14:50:16.997+0000] {logging_mixin.py:151} INFO -      ⚠️ Erreur ligne 169: current transaction is aborted, commands ignored until end of transaction block
[2026-01-26T14:50:16.998+0000] {logging_mixin.py:151} INFO -      ⚠️ Erreur ligne 170: current transaction is aborted, commands ignored until end of transaction block
[2026-01-26T14:50:16.999+0000] {logging_mixin.py:151} INFO -      ⚠️ Erreur ligne 171: current transaction is aborted, commands ignored until end of transaction block
[2026-01-26T14:50:17.001+0000] {logging_mixin.py:151} INFO -      ⚠️ Erreur ligne 172: current transaction is aborted, commands ignored until end of transaction block
[2026-01-26T14:50:17.002+0000] {logging_mixin.py:151} INFO -      ⚠️ Erreur ligne 173: current transaction is aborted, commands ignored until end of transaction block
[2026-01-26T14:50:17.003+0000] {logging_mixin.py:151} INFO -      ⚠️ Erreur ligne 174: current transaction is aborted, commands ignored until end of transaction block
[2026-01-26T14:50:17.005+0000] {logging_mixin.py:151} INFO -      ⚠️ Erreur ligne 175: current transaction is aborted, commands ignored until end of transaction block
[2026-01-26T14:50:17.006+0000] {logging_mixin.py:151} INFO -      ⚠️ Erreur ligne 176: current transaction is aborted, commands ignored until end of transaction block
[2026-01-26T14:50:17.007+0000] {logging_mixin.py:151} INFO -      ⚠️ Erreur ligne 177: current transaction is aborted, commands ignored until end of transaction block
[2026-01-26T14:50:17.008+0000] {logging_mixin.py:151} INFO -      ⚠️ Erreur ligne 178: current transaction is aborted, commands ignored until end of transaction block
[2026-01-26T14:50:17.009+0000] {logging_mixin.py:151} INFO -      ⚠️ Erreur ligne 179: current transaction is aborted, commands ignored until end of transaction block
[2026-01-26T14:50:17.011+0000] {logging_mixin.py:151} INFO -      ⚠️ Erreur ligne 180: current transaction is aborted, commands ignored until end of transaction block
[2026-01-26T14:50:17.012+0000] {logging_mixin.py:151} INFO -      ⚠️ Erreur ligne 181: current transaction is aborted, commands ignored until end of transaction block
[2026-01-26T14:50:17.013+0000] {logging_mixin.py:151} INFO -      ⚠️ Erreur ligne 182: current transaction is aborted, commands ignored until end of transaction block
[2026-01-26T14:50:17.014+0000] {logging_mixin.py:151} INFO -      ⚠️ Erreur ligne 183: current transaction is aborted, commands ignored until end of transaction block
[2026-01-26T14:50:17.015+0000] {logging_mixin.py:151} INFO -      ⚠️ Erreur ligne 184: current transaction is aborted, commands ignored until end of transaction block
[2026-01-26T14:50:17.016+0000] {logging_mixin.py:151} INFO -      ⚠️ Erreur ligne 185: current transaction is aborted, commands ignored until end of transaction block
[2026-01-26T14:50:17.017+0000] {logging_mixin.py:151} INFO -      ⚠️ Erreur ligne 186: current transaction is aborted, commands ignored until end of transaction block
[2026-01-26T14:50:17.019+0000] {logging_mixin.py:151} INFO -      ⚠️ Erreur ligne 187: current transaction is aborted, commands ignored until end of transaction block
[2026-01-26T14:50:17.019+0000] {logging_mixin.py:151} INFO -      ⚠️ Erreur ligne 188: current transaction is aborted, commands ignored until end of transaction block
[2026-01-26T14:50:17.020+0000] {logging_mixin.py:151} INFO -      ⚠️ Erreur ligne 189: current transaction is aborted, commands ignored until end of transaction block
[2026-01-26T14:50:17.021+0000] {logging_mixin.py:151} INFO -      ⚠️ Erreur ligne 190: current transaction is aborted, commands ignored until end of transaction block
[2026-01-26T14:50:17.023+0000] {logging_mixin.py:151} INFO -      ⚠️ Erreur ligne 191: current transaction is aborted, commands ignored until end of transaction block
[2026-01-26T14:50:17.024+0000] {logging_mixin.py:151} INFO -      ⚠️ Erreur ligne 192: current transaction is aborted, commands ignored until end of transaction block
[2026-01-26T14:50:17.025+0000] {logging_mixin.py:151} INFO -      ⚠️ Erreur ligne 193: current transaction is aborted, commands ignored until end of transaction block
[2026-01-26T14:50:17.026+0000] {logging_mixin.py:151} INFO -      ⚠️ Erreur ligne 194: current transaction is aborted, commands ignored until end of transaction block
[2026-01-26T14:50:17.028+0000] {logging_mixin.py:151} INFO -      ⚠️ Erreur ligne 195: current transaction is aborted, commands ignored until end of transaction block
[2026-01-26T14:50:17.029+0000] {logging_mixin.py:151} INFO -      ⚠️ Erreur ligne 196: current transaction is aborted, commands ignored until end of transaction block
[2026-01-26T14:50:17.030+0000] {logging_mixin.py:151} INFO -      ⚠️ Erreur ligne 197: current transaction is aborted, commands ignored until end of transaction block
[2026-01-26T14:50:17.031+0000] {logging_mixin.py:151} INFO -      ⚠️ Erreur ligne 198: current transaction is aborted, commands ignored until end of transaction block
[2026-01-26T14:50:17.033+0000] {logging_mixin.py:151} INFO -      ⚠️ Erreur ligne 199: current transaction is aborted, commands ignored until end of transaction block
[2026-01-26T14:50:17.034+0000] {logging_mixin.py:151} INFO -      ⚠️ Erreur ligne 200: current transaction is aborted, commands ignored until end of transaction block
[2026-01-26T14:50:17.035+0000] {logging_mixin.py:151} INFO -      ⚠️ Erreur ligne 201: current transaction is aborted, commands ignored until end of transaction block
[2026-01-26T14:50:17.036+0000] {logging_mixin.py:151} INFO -      ⚠️ Erreur ligne 202: current transaction is aborted, commands ignored until end of transaction block
[2026-01-26T14:50:17.037+0000] {logging_mixin.py:151} INFO -      ⚠️ Erreur ligne 203: current transaction is aborted, commands ignored until end of transaction block
[2026-01-26T14:50:17.038+0000] {logging_mixin.py:151} INFO -      ⚠️ Erreur ligne 204: current transaction is aborted, commands ignored until end of transaction block
[2026-01-26T14:50:17.038+0000] {logging_mixin.py:151} INFO -      ⚠️ Erreur ligne 205: current transaction is aborted, commands ignored until end of transaction block
[2026-01-26T14:50:17.039+0000] {logging_mixin.py:151} INFO -      ⚠️ Erreur ligne 206: current transaction is aborted, commands ignored until end of transaction block
[2026-01-26T14:50:17.040+0000] {logging_mixin.py:151} INFO -      ⚠️ Erreur ligne 207: current transaction is aborted, commands ignored until end of transaction block
[2026-01-26T14:50:17.041+0000] {logging_mixin.py:151} INFO -      ⚠️ Erreur ligne 208: current transaction is aborted, commands ignored until end of transaction block
[2026-01-26T14:50:17.042+0000] {logging_mixin.py:151} INFO -      ⚠️ Erreur ligne 209: current transaction is aborted, commands ignored until end of transaction block
[2026-01-26T14:50:17.045+0000] {logging_mixin.py:151} INFO -      ⚠️ Erreur ligne 210: current transaction is aborted, commands ignored until end of transaction block
[2026-01-26T14:50:17.047+0000] {logging_mixin.py:151} INFO -      ⚠️ Erreur ligne 211: current transaction is aborted, commands ignored until end of transaction block
[2026-01-26T14:50:17.048+0000] {logging_mixin.py:151} INFO -      ⚠️ Erreur ligne 212: current transaction is aborted, commands ignored until end of transaction block
[2026-01-26T14:50:17.050+0000] {logging_mixin.py:151} INFO -      ⚠️ Erreur ligne 213: current transaction is aborted, commands ignored until end of transaction block
[2026-01-26T14:50:17.051+0000] {logging_mixin.py:151} INFO -      ⚠️ Erreur ligne 214: current transaction is aborted, commands ignored until end of transaction block
[2026-01-26T14:50:17.053+0000] {logging_mixin.py:151} INFO -      ⚠️ Erreur ligne 215: current transaction is aborted, commands ignored until end of transaction block
[2026-01-26T14:50:17.054+0000] {logging_mixin.py:151} INFO -      ⚠️ Erreur ligne 216: current transaction is aborted, commands ignored until end of transaction block
[2026-01-26T14:50:17.055+0000] {logging_mixin.py:151} INFO -      ⚠️ Erreur ligne 217: current transaction is aborted, commands ignored until end of transaction block
[2026-01-26T14:50:17.056+0000] {logging_mixin.py:151} INFO -      ⚠️ Erreur ligne 218: current transaction is aborted, commands ignored until end of transaction block
[2026-01-26T14:50:17.058+0000] {logging_mixin.py:151} INFO -      ⚠️ Erreur ligne 219: current transaction is aborted, commands ignored until end of transaction block
[2026-01-26T14:50:17.059+0000] {logging_mixin.py:151} INFO -      ⚠️ Erreur ligne 220: current transaction is aborted, commands ignored until end of transaction block
[2026-01-26T14:50:17.061+0000] {logging_mixin.py:151} INFO -      ⚠️ Erreur ligne 221: current transaction is aborted, commands ignored until end of transaction block
[2026-01-26T14:50:17.064+0000] {logging_mixin.py:151} INFO -      ⚠️ Erreur ligne 222: current transaction is aborted, commands ignored until end of transaction block
[2026-01-26T14:50:17.065+0000] {logging_mixin.py:151} INFO -      ⚠️ Erreur ligne 223: current transaction is aborted, commands ignored until end of transaction block
[2026-01-26T14:50:17.067+0000] {logging_mixin.py:151} INFO -      ⚠️ Erreur ligne 224: current transaction is aborted, commands ignored until end of transaction block
[2026-01-26T14:50:17.068+0000] {logging_mixin.py:151} INFO -      ⚠️ Erreur ligne 225: current transaction is aborted, commands ignored until end of transaction block
[2026-01-26T14:50:17.070+0000] {logging_mixin.py:151} INFO -      ⚠️ Erreur ligne 226: current transaction is aborted, commands ignored until end of transaction block
[2026-01-26T14:50:17.071+0000] {logging_mixin.py:151} INFO -      ⚠️ Erreur ligne 227: current transaction is aborted, commands ignored until end of transaction block
[2026-01-26T14:50:17.073+0000] {logging_mixin.py:151} INFO -      ⚠️ Erreur ligne 228: current transaction is aborted, commands ignored until end of transaction block
[2026-01-26T14:50:17.074+0000] {logging_mixin.py:151} INFO -      ⚠️ Erreur ligne 229: current transaction is aborted, commands ignored until end of transaction block
[2026-01-26T14:50:17.076+0000] {logging_mixin.py:151} INFO -      ⚠️ Erreur ligne 230: current transaction is aborted, commands ignored until end of transaction block
[2026-01-26T14:50:17.077+0000] {logging_mixin.py:151} INFO -      ⚠️ Erreur ligne 231: current transaction is aborted, commands ignored until end of transaction block
[2026-01-26T14:50:17.078+0000] {logging_mixin.py:151} INFO -      ⚠️ Erreur ligne 232: current transaction is aborted, commands ignored until end of transaction block
[2026-01-26T14:50:17.079+0000] {logging_mixin.py:151} INFO -      ⚠️ Erreur ligne 233: current transaction is aborted, commands ignored until end of transaction block
[2026-01-26T14:50:17.080+0000] {logging_mixin.py:151} INFO -      ⚠️ Erreur ligne 234: current transaction is aborted, commands ignored until end of transaction block
[2026-01-26T14:50:17.081+0000] {logging_mixin.py:151} INFO -      ⚠️ Erreur ligne 235: current transaction is aborted, commands ignored until end of transaction block
[2026-01-26T14:50:17.082+0000] {logging_mixin.py:151} INFO -      ⚠️ Erreur ligne 236: current transaction is aborted, commands ignored until end of transaction block
[2026-01-26T14:50:17.084+0000] {logging_mixin.py:151} INFO -      ⚠️ Erreur ligne 237: current transaction is aborted, commands ignored until end of transaction block
[2026-01-26T14:50:17.085+0000] {logging_mixin.py:151} INFO -      ⚠️ Erreur ligne 238: current transaction is aborted, commands ignored until end of transaction block
[2026-01-26T14:50:17.085+0000] {logging_mixin.py:151} INFO -      ⚠️ Erreur ligne 239: current transaction is aborted, commands ignored until end of transaction block
[2026-01-26T14:50:17.086+0000] {logging_mixin.py:151} INFO -      ⚠️ Erreur ligne 240: current transaction is aborted, commands ignored until end of transaction block
[2026-01-26T14:50:17.088+0000] {logging_mixin.py:151} INFO -      ⚠️ Erreur ligne 241: current transaction is aborted, commands ignored until end of transaction block
[2026-01-26T14:50:17.090+0000] {logging_mixin.py:151} INFO -      ⚠️ Erreur ligne 242: current transaction is aborted, commands ignored until end of transaction block
[2026-01-26T14:50:17.092+0000] {logging_mixin.py:151} INFO -      ⚠️ Erreur ligne 243: current transaction is aborted, commands ignored until end of transaction block
[2026-01-26T14:50:17.094+0000] {logging_mixin.py:151} INFO -      ⚠️ Erreur ligne 244: current transaction is aborted, commands ignored until end of transaction block
[2026-01-26T14:50:17.095+0000] {logging_mixin.py:151} INFO -      ⚠️ Erreur ligne 245: current transaction is aborted, commands ignored until end of transaction block
[2026-01-26T14:50:17.097+0000] {logging_mixin.py:151} INFO -      ⚠️ Erreur ligne 246: current transaction is aborted, commands ignored until end of transaction block
[2026-01-26T14:50:17.098+0000] {logging_mixin.py:151} INFO -      ⚠️ Erreur ligne 247: current transaction is aborted, commands ignored until end of transaction block
[2026-01-26T14:50:17.099+0000] {logging_mixin.py:151} INFO -      ⚠️ Erreur ligne 248: current transaction is aborted, commands ignored until end of transaction block
[2026-01-26T14:50:17.100+0000] {logging_mixin.py:151} INFO -      ⚠️ Erreur ligne 249: current transaction is aborted, commands ignored until end of transaction block
[2026-01-26T14:50:17.101+0000] {logging_mixin.py:151} INFO -      ⚠️ Erreur ligne 250: current transaction is aborted, commands ignored until end of transaction block
[2026-01-26T14:50:17.102+0000] {logging_mixin.py:151} INFO -      ⚠️ Erreur ligne 251: current transaction is aborted, commands ignored until end of transaction block
[2026-01-26T14:50:17.103+0000] {logging_mixin.py:151} INFO -      ⚠️ Erreur ligne 252: current transaction is aborted, commands ignored until end of transaction block
[2026-01-26T14:50:17.104+0000] {logging_mixin.py:151} INFO -      ⚠️ Erreur ligne 253: current transaction is aborted, commands ignored until end of transaction block
[2026-01-26T14:50:17.105+0000] {logging_mixin.py:151} INFO -      ⚠️ Erreur ligne 254: current transaction is aborted, commands ignored until end of transaction block
[2026-01-26T14:50:17.106+0000] {logging_mixin.py:151} INFO -      ⚠️ Erreur ligne 255: current transaction is aborted, commands ignored until end of transaction block
[2026-01-26T14:50:17.109+0000] {logging_mixin.py:151} INFO -      ⚠️ Erreur ligne 256: current transaction is aborted, commands ignored until end of transaction block
[2026-01-26T14:50:17.111+0000] {logging_mixin.py:151} INFO -      ⚠️ Erreur ligne 257: current transaction is aborted, commands ignored until end of transaction block
[2026-01-26T14:50:17.113+0000] {logging_mixin.py:151} INFO -      ⚠️ Erreur ligne 258: current transaction is aborted, commands ignored until end of transaction block
[2026-01-26T14:50:17.114+0000] {logging_mixin.py:151} INFO -      ⚠️ Erreur ligne 259: current transaction is aborted, commands ignored until end of transaction block
[2026-01-26T14:50:17.116+0000] {logging_mixin.py:151} INFO -      ⚠️ Erreur ligne 260: current transaction is aborted, commands ignored until end of transaction block
[2026-01-26T14:50:17.117+0000] {logging_mixin.py:151} INFO -      ⚠️ Erreur ligne 261: current transaction is aborted, commands ignored until end of transaction block
[2026-01-26T14:50:17.118+0000] {logging_mixin.py:151} INFO -      ⚠️ Erreur ligne 262: current transaction is aborted, commands ignored until end of transaction block
[2026-01-26T14:50:17.119+0000] {logging_mixin.py:151} INFO -      ⚠️ Erreur ligne 263: current transaction is aborted, commands ignored until end of transaction block
[2026-01-26T14:50:17.120+0000] {logging_mixin.py:151} INFO -      ⚠️ Erreur ligne 264: current transaction is aborted, commands ignored until end of transaction block
[2026-01-26T14:50:17.121+0000] {logging_mixin.py:151} INFO -      ⚠️ Erreur ligne 265: current transaction is aborted, commands ignored until end of transaction block
[2026-01-26T14:50:17.122+0000] {logging_mixin.py:151} INFO -      ⚠️ Erreur ligne 266: current transaction is aborted, commands ignored until end of transaction block
[2026-01-26T14:50:17.123+0000] {logging_mixin.py:151} INFO -      ⚠️ Erreur ligne 267: current transaction is aborted, commands ignored until end of transaction block
[2026-01-26T14:50:17.124+0000] {logging_mixin.py:151} INFO -      ⚠️ Erreur ligne 268: current transaction is aborted, commands ignored until end of transaction block
[2026-01-26T14:50:17.127+0000] {logging_mixin.py:151} INFO -      ⚠️ Erreur ligne 269: current transaction is aborted, commands ignored until end of transaction block
[2026-01-26T14:50:17.128+0000] {logging_mixin.py:151} INFO -      ⚠️ Erreur ligne 270: current transaction is aborted, commands ignored until end of transaction block
[2026-01-26T14:50:17.131+0000] {logging_mixin.py:151} INFO -      ⚠️ Erreur ligne 271: current transaction is aborted, commands ignored until end of transaction block
[2026-01-26T14:50:17.133+0000] {logging_mixin.py:151} INFO -      ⚠️ Erreur ligne 272: current transaction is aborted, commands ignored until end of transaction block
[2026-01-26T14:50:17.134+0000] {logging_mixin.py:151} INFO -      ⚠️ Erreur ligne 273: current transaction is aborted, commands ignored until end of transaction block
[2026-01-26T14:50:17.135+0000] {logging_mixin.py:151} INFO -      ⚠️ Erreur ligne 274: current transaction is aborted, commands ignored until end of transaction block
[2026-01-26T14:50:17.136+0000] {logging_mixin.py:151} INFO -      ⚠️ Erreur ligne 275: current transaction is aborted, commands ignored until end of transaction block
[2026-01-26T14:50:17.137+0000] {logging_mixin.py:151} INFO -      ⚠️ Erreur ligne 276: current transaction is aborted, commands ignored until end of transaction block
[2026-01-26T14:50:17.138+0000] {logging_mixin.py:151} INFO -      ⚠️ Erreur ligne 277: current transaction is aborted, commands ignored until end of transaction block
[2026-01-26T14:50:17.139+0000] {logging_mixin.py:151} INFO -      ⚠️ Erreur ligne 278: current transaction is aborted, commands ignored until end of transaction block
[2026-01-26T14:50:17.141+0000] {logging_mixin.py:151} INFO -      ⚠️ Erreur ligne 279: current transaction is aborted, commands ignored until end of transaction block
[2026-01-26T14:50:17.142+0000] {logging_mixin.py:151} INFO -      ⚠️ Erreur ligne 280: current transaction is aborted, commands ignored until end of transaction block
[2026-01-26T14:50:17.143+0000] {logging_mixin.py:151} INFO -      ⚠️ Erreur ligne 281: current transaction is aborted, commands ignored until end of transaction block
[2026-01-26T14:50:17.144+0000] {logging_mixin.py:151} INFO -      ⚠️ Erreur ligne 282: current transaction is aborted, commands ignored until end of transaction block
[2026-01-26T14:50:17.145+0000] {logging_mixin.py:151} INFO -      ⚠️ Erreur ligne 283: current transaction is aborted, commands ignored until end of transaction block
[2026-01-26T14:50:17.146+0000] {logging_mixin.py:151} INFO -      ⚠️ Erreur ligne 284: current transaction is aborted, commands ignored until end of transaction block
[2026-01-26T14:50:17.148+0000] {logging_mixin.py:151} INFO -      ⚠️ Erreur ligne 285: current transaction is aborted, commands ignored until end of transaction block
[2026-01-26T14:50:17.149+0000] {logging_mixin.py:151} INFO -      ⚠️ Erreur ligne 286: current transaction is aborted, commands ignored until end of transaction block
[2026-01-26T14:50:17.149+0000] {logging_mixin.py:151} INFO -      ⚠️ Erreur ligne 287: current transaction is aborted, commands ignored until end of transaction block
[2026-01-26T14:50:17.150+0000] {logging_mixin.py:151} INFO -      ⚠️ Erreur ligne 288: current transaction is aborted, commands ignored until end of transaction block
[2026-01-26T14:50:17.151+0000] {logging_mixin.py:151} INFO -      ⚠️ Erreur ligne 289: current transaction is aborted, commands ignored until end of transaction block
[2026-01-26T14:50:17.152+0000] {logging_mixin.py:151} INFO -      ⚠️ Erreur ligne 290: current transaction is aborted, commands ignored until end of transaction block
[2026-01-26T14:50:17.153+0000] {logging_mixin.py:151} INFO -      ⚠️ Erreur ligne 291: current transaction is aborted, commands ignored until end of transaction block
[2026-01-26T14:50:17.154+0000] {logging_mixin.py:151} INFO -      ⚠️ Erreur ligne 292: current transaction is aborted, commands ignored until end of transaction block
[2026-01-26T14:50:17.155+0000] {logging_mixin.py:151} INFO -      ⚠️ Erreur ligne 293: current transaction is aborted, commands ignored until end of transaction block
[2026-01-26T14:50:17.156+0000] {logging_mixin.py:151} INFO -      ⚠️ Erreur ligne 294: current transaction is aborted, commands ignored until end of transaction block
[2026-01-26T14:50:17.158+0000] {logging_mixin.py:151} INFO -      ⚠️ Erreur ligne 295: current transaction is aborted, commands ignored until end of transaction block
[2026-01-26T14:50:17.161+0000] {logging_mixin.py:151} INFO -      ⚠️ Erreur ligne 296: current transaction is aborted, commands ignored until end of transaction block
[2026-01-26T14:50:17.162+0000] {logging_mixin.py:151} INFO -      ⚠️ Erreur ligne 297: current transaction is aborted, commands ignored until end of transaction block
[2026-01-26T14:50:17.164+0000] {logging_mixin.py:151} INFO -      ⚠️ Erreur ligne 298: current transaction is aborted, commands ignored until end of transaction block
[2026-01-26T14:50:17.166+0000] {logging_mixin.py:151} INFO -      ⚠️ Erreur ligne 299: current transaction is aborted, commands ignored until end of transaction block
[2026-01-26T14:50:17.167+0000] {logging_mixin.py:151} INFO -      ⚠️ Erreur ligne 300: current transaction is aborted, commands ignored until end of transaction block
[2026-01-26T14:50:17.169+0000] {logging_mixin.py:151} INFO -      ⚠️ Erreur ligne 301: current transaction is aborted, commands ignored until end of transaction block
[2026-01-26T14:50:17.172+0000] {logging_mixin.py:151} INFO -      ⚠️ Erreur ligne 302: current transaction is aborted, commands ignored until end of transaction block
[2026-01-26T14:50:17.174+0000] {logging_mixin.py:151} INFO -      ⚠️ Erreur ligne 303: current transaction is aborted, commands ignored until end of transaction block
[2026-01-26T14:50:17.176+0000] {logging_mixin.py:151} INFO -      ⚠️ Erreur ligne 304: current transaction is aborted, commands ignored until end of transaction block
[2026-01-26T14:50:17.178+0000] {logging_mixin.py:151} INFO -      ⚠️ Erreur ligne 305: current transaction is aborted, commands ignored until end of transaction block
[2026-01-26T14:50:17.180+0000] {logging_mixin.py:151} INFO -      ⚠️ Erreur ligne 306: current transaction is aborted, commands ignored until end of transaction block
[2026-01-26T14:50:17.182+0000] {logging_mixin.py:151} INFO -      ⚠️ Erreur ligne 307: current transaction is aborted, commands ignored until end of transaction block
[2026-01-26T14:50:17.183+0000] {logging_mixin.py:151} INFO -      ⚠️ Erreur ligne 308: current transaction is aborted, commands ignored until end of transaction block
[2026-01-26T14:50:17.184+0000] {logging_mixin.py:151} INFO -      ⚠️ Erreur ligne 309: current transaction is aborted, commands ignored until end of transaction block
[2026-01-26T14:50:17.186+0000] {logging_mixin.py:151} INFO -      ⚠️ Erreur ligne 310: current transaction is aborted, commands ignored until end of transaction block
[2026-01-26T14:50:17.188+0000] {logging_mixin.py:151} INFO -      ⚠️ Erreur ligne 311: current transaction is aborted, commands ignored until end of transaction block
[2026-01-26T14:50:17.190+0000] {logging_mixin.py:151} INFO -      ⚠️ Erreur ligne 312: current transaction is aborted, commands ignored until end of transaction block
[2026-01-26T14:50:17.192+0000] {logging_mixin.py:151} INFO -      ⚠️ Erreur ligne 313: current transaction is aborted, commands ignored until end of transaction block
[2026-01-26T14:50:17.193+0000] {logging_mixin.py:151} INFO -      ⚠️ Erreur ligne 314: current transaction is aborted, commands ignored until end of transaction block
[2026-01-26T14:50:17.195+0000] {logging_mixin.py:151} INFO -      ⚠️ Erreur ligne 315: current transaction is aborted, commands ignored until end of transaction block
[2026-01-26T14:50:17.195+0000] {logging_mixin.py:151} INFO -      ⚠️ Erreur ligne 316: current transaction is aborted, commands ignored until end of transaction block
[2026-01-26T14:50:17.196+0000] {logging_mixin.py:151} INFO -      ⚠️ Erreur ligne 317: current transaction is aborted, commands ignored until end of transaction block
[2026-01-26T14:50:17.197+0000] {logging_mixin.py:151} INFO -      ⚠️ Erreur ligne 318: current transaction is aborted, commands ignored until end of transaction block
[2026-01-26T14:50:17.198+0000] {logging_mixin.py:151} INFO -      ⚠️ Erreur ligne 319: current transaction is aborted, commands ignored until end of transaction block
[2026-01-26T14:50:17.199+0000] {logging_mixin.py:151} INFO -      ⚠️ Erreur ligne 320: current transaction is aborted, commands ignored until end of transaction block
[2026-01-26T14:50:17.201+0000] {logging_mixin.py:151} INFO -      ⚠️ Erreur ligne 321: current transaction is aborted, commands ignored until end of transaction block
[2026-01-26T14:50:17.204+0000] {logging_mixin.py:151} INFO -      ⚠️ Erreur ligne 322: current transaction is aborted, commands ignored until end of transaction block
[2026-01-26T14:50:17.206+0000] {logging_mixin.py:151} INFO -      ⚠️ Erreur ligne 323: current transaction is aborted, commands ignored until end of transaction block
[2026-01-26T14:50:17.207+0000] {logging_mixin.py:151} INFO -      ⚠️ Erreur ligne 324: current transaction is aborted, commands ignored until end of transaction block
[2026-01-26T14:50:17.208+0000] {logging_mixin.py:151} INFO -      ⚠️ Erreur ligne 325: current transaction is aborted, commands ignored until end of transaction block
[2026-01-26T14:50:17.209+0000] {logging_mixin.py:151} INFO -      ⚠️ Erreur ligne 326: current transaction is aborted, commands ignored until end of transaction block
[2026-01-26T14:50:17.210+0000] {logging_mixin.py:151} INFO -      ⚠️ Erreur ligne 327: current transaction is aborted, commands ignored until end of transaction block
[2026-01-26T14:50:17.211+0000] {logging_mixin.py:151} INFO -      ⚠️ Erreur ligne 328: current transaction is aborted, commands ignored until end of transaction block
[2026-01-26T14:50:17.212+0000] {logging_mixin.py:151} INFO -      ⚠️ Erreur ligne 329: current transaction is aborted, commands ignored until end of transaction block
[2026-01-26T14:50:17.214+0000] {logging_mixin.py:151} INFO -      ⚠️ Erreur ligne 330: current transaction is aborted, commands ignored until end of transaction block
[2026-01-26T14:50:17.215+0000] {logging_mixin.py:151} INFO -      ⚠️ Erreur ligne 331: current transaction is aborted, commands ignored until end of transaction block
[2026-01-26T14:50:17.216+0000] {logging_mixin.py:151} INFO -      ⚠️ Erreur ligne 332: current transaction is aborted, commands ignored until end of transaction block
[2026-01-26T14:50:17.217+0000] {logging_mixin.py:151} INFO -      ⚠️ Erreur ligne 333: current transaction is aborted, commands ignored until end of transaction block
[2026-01-26T14:50:17.218+0000] {logging_mixin.py:151} INFO -      ⚠️ Erreur ligne 334: current transaction is aborted, commands ignored until end of transaction block
[2026-01-26T14:50:17.219+0000] {logging_mixin.py:151} INFO -      ⚠️ Erreur ligne 335: current transaction is aborted, commands ignored until end of transaction block
[2026-01-26T14:50:17.220+0000] {logging_mixin.py:151} INFO -      ⚠️ Erreur ligne 336: current transaction is aborted, commands ignored until end of transaction block
[2026-01-26T14:50:17.221+0000] {logging_mixin.py:151} INFO -      ⚠️ Erreur ligne 337: current transaction is aborted, commands ignored until end of transaction block
[2026-01-26T14:50:17.223+0000] {logging_mixin.py:151} INFO -      ⚠️ Erreur ligne 338: current transaction is aborted, commands ignored until end of transaction block
[2026-01-26T14:50:17.225+0000] {logging_mixin.py:151} INFO -      ⚠️ Erreur ligne 339: current transaction is aborted, commands ignored until end of transaction block
[2026-01-26T14:50:17.226+0000] {logging_mixin.py:151} INFO -      ⚠️ Erreur ligne 340: current transaction is aborted, commands ignored until end of transaction block
[2026-01-26T14:50:17.228+0000] {logging_mixin.py:151} INFO -      ⚠️ Erreur ligne 341: current transaction is aborted, commands ignored until end of transaction block
[2026-01-26T14:50:17.229+0000] {logging_mixin.py:151} INFO -      ⚠️ Erreur ligne 342: current transaction is aborted, commands ignored until end of transaction block
[2026-01-26T14:50:17.230+0000] {logging_mixin.py:151} INFO -      ⚠️ Erreur ligne 343: current transaction is aborted, commands ignored until end of transaction block
[2026-01-26T14:50:17.231+0000] {logging_mixin.py:151} INFO -      ⚠️ Erreur ligne 344: current transaction is aborted, commands ignored until end of transaction block
[2026-01-26T14:50:17.232+0000] {logging_mixin.py:151} INFO -      ⚠️ Erreur ligne 345: current transaction is aborted, commands ignored until end of transaction block
[2026-01-26T14:50:17.233+0000] {logging_mixin.py:151} INFO -      ⚠️ Erreur ligne 346: current transaction is aborted, commands ignored until end of transaction block
[2026-01-26T14:50:17.234+0000] {logging_mixin.py:151} INFO -      ⚠️ Erreur ligne 347: current transaction is aborted, commands ignored until end of transaction block
[2026-01-26T14:50:17.235+0000] {logging_mixin.py:151} INFO -      ⚠️ Erreur ligne 348: current transaction is aborted, commands ignored until end of transaction block
[2026-01-26T14:50:17.236+0000] {logging_mixin.py:151} INFO -      ⚠️ Erreur ligne 349: current transaction is aborted, commands ignored until end of transaction block
[2026-01-26T14:50:17.237+0000] {logging_mixin.py:151} INFO -      ⚠️ Erreur ligne 350: current transaction is aborted, commands ignored until end of transaction block
[2026-01-26T14:50:17.238+0000] {logging_mixin.py:151} INFO -      ⚠️ Erreur ligne 351: current transaction is aborted, commands ignored until end of transaction block
[2026-01-26T14:50:17.240+0000] {logging_mixin.py:151} INFO -      ⚠️ Erreur ligne 352: current transaction is aborted, commands ignored until end of transaction block
[2026-01-26T14:50:17.241+0000] {logging_mixin.py:151} INFO -      ⚠️ Erreur ligne 353: current transaction is aborted, commands ignored until end of transaction block
[2026-01-26T14:50:17.242+0000] {logging_mixin.py:151} INFO -      ⚠️ Erreur ligne 354: current transaction is aborted, commands ignored until end of transaction block
[2026-01-26T14:50:17.243+0000] {logging_mixin.py:151} INFO -      ⚠️ Erreur ligne 355: current transaction is aborted, commands ignored until end of transaction block
[2026-01-26T14:50:17.245+0000] {logging_mixin.py:151} INFO -      ⚠️ Erreur ligne 356: current transaction is aborted, commands ignored until end of transaction block
[2026-01-26T14:50:17.246+0000] {logging_mixin.py:151} INFO -      ⚠️ Erreur ligne 357: current transaction is aborted, commands ignored until end of transaction block
[2026-01-26T14:50:17.247+0000] {logging_mixin.py:151} INFO -      ⚠️ Erreur ligne 358: current transaction is aborted, commands ignored until end of transaction block
[2026-01-26T14:50:17.248+0000] {logging_mixin.py:151} INFO -      ⚠️ Erreur ligne 359: current transaction is aborted, commands ignored until end of transaction block
[2026-01-26T14:50:17.249+0000] {logging_mixin.py:151} INFO -      ⚠️ Erreur ligne 360: current transaction is aborted, commands ignored until end of transaction block
[2026-01-26T14:50:17.250+0000] {logging_mixin.py:151} INFO -      ⚠️ Erreur ligne 361: current transaction is aborted, commands ignored until end of transaction block
[2026-01-26T14:50:17.251+0000] {logging_mixin.py:151} INFO -      ⚠️ Erreur ligne 362: current transaction is aborted, commands ignored until end of transaction block
[2026-01-26T14:50:17.252+0000] {logging_mixin.py:151} INFO -      ⚠️ Erreur ligne 363: current transaction is aborted, commands ignored until end of transaction block
[2026-01-26T14:50:17.253+0000] {logging_mixin.py:151} INFO -      ⚠️ Erreur ligne 364: current transaction is aborted, commands ignored until end of transaction block
[2026-01-26T14:50:17.254+0000] {logging_mixin.py:151} INFO -      ⚠️ Erreur ligne 365: current transaction is aborted, commands ignored until end of transaction block
[2026-01-26T14:50:17.255+0000] {logging_mixin.py:151} INFO -      ⚠️ Erreur ligne 366: current transaction is aborted, commands ignored until end of transaction block
[2026-01-26T14:50:17.256+0000] {logging_mixin.py:151} INFO -      ⚠️ Erreur ligne 367: current transaction is aborted, commands ignored until end of transaction block
[2026-01-26T14:50:17.257+0000] {logging_mixin.py:151} INFO -      ⚠️ Erreur ligne 368: current transaction is aborted, commands ignored until end of transaction block
[2026-01-26T14:50:17.258+0000] {logging_mixin.py:151} INFO -      ⚠️ Erreur ligne 369: current transaction is aborted, commands ignored until end of transaction block
[2026-01-26T14:50:17.259+0000] {logging_mixin.py:151} INFO -      ⚠️ Erreur ligne 370: current transaction is aborted, commands ignored until end of transaction block
[2026-01-26T14:50:17.260+0000] {logging_mixin.py:151} INFO -      ⚠️ Erreur ligne 371: current transaction is aborted, commands ignored until end of transaction block
[2026-01-26T14:50:17.261+0000] {logging_mixin.py:151} INFO -      ⚠️ Erreur ligne 372: current transaction is aborted, commands ignored until end of transaction block
[2026-01-26T14:50:17.261+0000] {logging_mixin.py:151} INFO -      ⚠️ Erreur ligne 373: current transaction is aborted, commands ignored until end of transaction block
[2026-01-26T14:50:17.263+0000] {logging_mixin.py:151} INFO -      ⚠️ Erreur ligne 374: current transaction is aborted, commands ignored until end of transaction block
[2026-01-26T14:50:17.266+0000] {logging_mixin.py:151} INFO -      ⚠️ Erreur ligne 375: current transaction is aborted, commands ignored until end of transaction block
[2026-01-26T14:50:17.269+0000] {logging_mixin.py:151} INFO -      ⚠️ Erreur ligne 376: current transaction is aborted, commands ignored until end of transaction block
[2026-01-26T14:50:17.271+0000] {logging_mixin.py:151} INFO -      ⚠️ Erreur ligne 377: current transaction is aborted, commands ignored until end of transaction block
[2026-01-26T14:50:17.272+0000] {logging_mixin.py:151} INFO -      ⚠️ Erreur ligne 378: current transaction is aborted, commands ignored until end of transaction block
[2026-01-26T14:50:17.273+0000] {logging_mixin.py:151} INFO -      ⚠️ Erreur ligne 379: current transaction is aborted, commands ignored until end of transaction block
[2026-01-26T14:50:17.274+0000] {logging_mixin.py:151} INFO -      ⚠️ Erreur ligne 380: current transaction is aborted, commands ignored until end of transaction block
[2026-01-26T14:50:17.277+0000] {logging_mixin.py:151} INFO -      ⚠️ Erreur ligne 381: current transaction is aborted, commands ignored until end of transaction block
[2026-01-26T14:50:17.279+0000] {logging_mixin.py:151} INFO -      ⚠️ Erreur ligne 382: current transaction is aborted, commands ignored until end of transaction block
[2026-01-26T14:50:17.281+0000] {logging_mixin.py:151} INFO -      ⚠️ Erreur ligne 383: current transaction is aborted, commands ignored until end of transaction block
[2026-01-26T14:50:17.282+0000] {logging_mixin.py:151} INFO -      ⚠️ Erreur ligne 384: current transaction is aborted, commands ignored until end of transaction block
[2026-01-26T14:50:17.286+0000] {logging_mixin.py:151} INFO -      ⚠️ Erreur ligne 385: current transaction is aborted, commands ignored until end of transaction block
[2026-01-26T14:50:17.287+0000] {logging_mixin.py:151} INFO -      ⚠️ Erreur ligne 386: current transaction is aborted, commands ignored until end of transaction block
[2026-01-26T14:50:17.289+0000] {logging_mixin.py:151} INFO -      ⚠️ Erreur ligne 387: current transaction is aborted, commands ignored until end of transaction block
[2026-01-26T14:50:17.291+0000] {logging_mixin.py:151} INFO -      ⚠️ Erreur ligne 388: current transaction is aborted, commands ignored until end of transaction block
[2026-01-26T14:50:17.294+0000] {logging_mixin.py:151} INFO -      ⚠️ Erreur ligne 389: current transaction is aborted, commands ignored until end of transaction block
[2026-01-26T14:50:17.297+0000] {logging_mixin.py:151} INFO -      ⚠️ Erreur ligne 390: current transaction is aborted, commands ignored until end of transaction block
[2026-01-26T14:50:17.299+0000] {logging_mixin.py:151} INFO -      ⚠️ Erreur ligne 391: current transaction is aborted, commands ignored until end of transaction block
[2026-01-26T14:50:17.301+0000] {logging_mixin.py:151} INFO -      ⚠️ Erreur ligne 392: current transaction is aborted, commands ignored until end of transaction block
[2026-01-26T14:50:17.302+0000] {logging_mixin.py:151} INFO -      ⚠️ Erreur ligne 393: current transaction is aborted, commands ignored until end of transaction block
[2026-01-26T14:50:17.304+0000] {logging_mixin.py:151} INFO -      ⚠️ Erreur ligne 394: current transaction is aborted, commands ignored until end of transaction block
[2026-01-26T14:50:17.309+0000] {logging_mixin.py:151} INFO -      ⚠️ Erreur ligne 395: current transaction is aborted, commands ignored until end of transaction block
[2026-01-26T14:50:17.311+0000] {logging_mixin.py:151} INFO -      ⚠️ Erreur ligne 396: current transaction is aborted, commands ignored until end of transaction block
[2026-01-26T14:50:17.313+0000] {logging_mixin.py:151} INFO -      ⚠️ Erreur ligne 397: current transaction is aborted, commands ignored until end of transaction block
[2026-01-26T14:50:17.315+0000] {logging_mixin.py:151} INFO -      ⚠️ Erreur ligne 398: current transaction is aborted, commands ignored until end of transaction block
[2026-01-26T14:50:17.316+0000] {logging_mixin.py:151} INFO -      ⚠️ Erreur ligne 399: current transaction is aborted, commands ignored until end of transaction block
[2026-01-26T14:50:17.318+0000] {logging_mixin.py:151} INFO -      ⚠️ Erreur ligne 400: current transaction is aborted, commands ignored until end of transaction block
[2026-01-26T14:50:17.320+0000] {logging_mixin.py:151} INFO -      ⚠️ Erreur ligne 401: current transaction is aborted, commands ignored until end of transaction block
[2026-01-26T14:50:17.323+0000] {logging_mixin.py:151} INFO -      ⚠️ Erreur ligne 402: current transaction is aborted, commands ignored until end of transaction block
[2026-01-26T14:50:17.324+0000] {logging_mixin.py:151} INFO -      ⚠️ Erreur ligne 403: current transaction is aborted, commands ignored until end of transaction block
[2026-01-26T14:50:17.325+0000] {logging_mixin.py:151} INFO -      ⚠️ Erreur ligne 404: current transaction is aborted, commands ignored until end of transaction block
[2026-01-26T14:50:17.326+0000] {logging_mixin.py:151} INFO -      ⚠️ Erreur ligne 405: current transaction is aborted, commands ignored until end of transaction block
[2026-01-26T14:50:17.329+0000] {logging_mixin.py:151} INFO -      ⚠️ Erreur ligne 406: current transaction is aborted, commands ignored until end of transaction block
[2026-01-26T14:50:17.331+0000] {logging_mixin.py:151} INFO -      ⚠️ Erreur ligne 407: current transaction is aborted, commands ignored until end of transaction block
[2026-01-26T14:50:17.333+0000] {logging_mixin.py:151} INFO -      ⚠️ Erreur ligne 408: current transaction is aborted, commands ignored until end of transaction block
[2026-01-26T14:50:17.334+0000] {logging_mixin.py:151} INFO -      ⚠️ Erreur ligne 409: current transaction is aborted, commands ignored until end of transaction block
[2026-01-26T14:50:17.336+0000] {logging_mixin.py:151} INFO -      ⚠️ Erreur ligne 410: current transaction is aborted, commands ignored until end of transaction block
[2026-01-26T14:50:17.337+0000] {logging_mixin.py:151} INFO -      ⚠️ Erreur ligne 411: current transaction is aborted, commands ignored until end of transaction block
[2026-01-26T14:50:17.338+0000] {logging_mixin.py:151} INFO -      ⚠️ Erreur ligne 412: current transaction is aborted, commands ignored until end of transaction block
[2026-01-26T14:50:17.340+0000] {logging_mixin.py:151} INFO -      ⚠️ Erreur ligne 413: current transaction is aborted, commands ignored until end of transaction block
[2026-01-26T14:50:17.341+0000] {logging_mixin.py:151} INFO -      ⚠️ Erreur ligne 414: current transaction is aborted, commands ignored until end of transaction block
[2026-01-26T14:50:17.343+0000] {logging_mixin.py:151} INFO -      ⚠️ Erreur ligne 415: current transaction is aborted, commands ignored until end of transaction block
[2026-01-26T14:50:17.344+0000] {logging_mixin.py:151} INFO -      ⚠️ Erreur ligne 416: current transaction is aborted, commands ignored until end of transaction block
[2026-01-26T14:50:17.346+0000] {logging_mixin.py:151} INFO -      ⚠️ Erreur ligne 417: current transaction is aborted, commands ignored until end of transaction block
[2026-01-26T14:50:17.348+0000] {logging_mixin.py:151} INFO -      ⚠️ Erreur ligne 418: current transaction is aborted, commands ignored until end of transaction block
[2026-01-26T14:50:17.349+0000] {logging_mixin.py:151} INFO -      ⚠️ Erreur ligne 419: current transaction is aborted, commands ignored until end of transaction block
[2026-01-26T14:50:17.351+0000] {logging_mixin.py:151} INFO -      ⚠️ Erreur ligne 420: current transaction is aborted, commands ignored until end of transaction block
[2026-01-26T14:50:17.352+0000] {logging_mixin.py:151} INFO -      ⚠️ Erreur ligne 421: current transaction is aborted, commands ignored until end of transaction block
[2026-01-26T14:50:17.353+0000] {logging_mixin.py:151} INFO -      ⚠️ Erreur ligne 422: current transaction is aborted, commands ignored until end of transaction block
[2026-01-26T14:50:17.356+0000] {logging_mixin.py:151} INFO -      ⚠️ Erreur ligne 423: current transaction is aborted, commands ignored until end of transaction block
[2026-01-26T14:50:17.360+0000] {logging_mixin.py:151} INFO -      ⚠️ Erreur ligne 424: current transaction is aborted, commands ignored until end of transaction block
[2026-01-26T14:50:17.362+0000] {logging_mixin.py:151} INFO -      ⚠️ Erreur ligne 425: current transaction is aborted, commands ignored until end of transaction block
[2026-01-26T14:50:17.364+0000] {logging_mixin.py:151} INFO -      ⚠️ Erreur ligne 426: current transaction is aborted, commands ignored until end of transaction block
[2026-01-26T14:50:17.366+0000] {logging_mixin.py:151} INFO -      ⚠️ Erreur ligne 427: current transaction is aborted, commands ignored until end of transaction block
[2026-01-26T14:50:17.368+0000] {logging_mixin.py:151} INFO -      ⚠️ Erreur ligne 428: current transaction is aborted, commands ignored until end of transaction block
[2026-01-26T14:50:17.369+0000] {logging_mixin.py:151} INFO -      ⚠️ Erreur ligne 429: current transaction is aborted, commands ignored until end of transaction block
[2026-01-26T14:50:17.370+0000] {logging_mixin.py:151} INFO -      ⚠️ Erreur ligne 430: current transaction is aborted, commands ignored until end of transaction block
[2026-01-26T14:50:17.372+0000] {logging_mixin.py:151} INFO -      ⚠️ Erreur ligne 431: current transaction is aborted, commands ignored until end of transaction block
[2026-01-26T14:50:17.373+0000] {logging_mixin.py:151} INFO -      ⚠️ Erreur ligne 432: current transaction is aborted, commands ignored until end of transaction block
[2026-01-26T14:50:17.374+0000] {logging_mixin.py:151} INFO -      ⚠️ Erreur ligne 433: current transaction is aborted, commands ignored until end of transaction block
[2026-01-26T14:50:17.375+0000] {logging_mixin.py:151} INFO -      ⚠️ Erreur ligne 434: current transaction is aborted, commands ignored until end of transaction block
[2026-01-26T14:50:17.380+0000] {logging_mixin.py:151} INFO -      ⚠️ Erreur ligne 435: current transaction is aborted, commands ignored until end of transaction block
[2026-01-26T14:50:17.384+0000] {logging_mixin.py:151} INFO -      ⚠️ Erreur ligne 436: current transaction is aborted, commands ignored until end of transaction block
[2026-01-26T14:50:17.386+0000] {logging_mixin.py:151} INFO -      ⚠️ Erreur ligne 437: current transaction is aborted, commands ignored until end of transaction block
[2026-01-26T14:50:17.388+0000] {logging_mixin.py:151} INFO -      ⚠️ Erreur ligne 438: current transaction is aborted, commands ignored until end of transaction block
[2026-01-26T14:50:17.390+0000] {logging_mixin.py:151} INFO -      ⚠️ Erreur ligne 439: current transaction is aborted, commands ignored until end of transaction block
[2026-01-26T14:50:17.391+0000] {logging_mixin.py:151} INFO -      ⚠️ Erreur ligne 440: current transaction is aborted, commands ignored until end of transaction block
[2026-01-26T14:50:17.392+0000] {logging_mixin.py:151} INFO -      ⚠️ Erreur ligne 441: current transaction is aborted, commands ignored until end of transaction block
[2026-01-26T14:50:17.393+0000] {logging_mixin.py:151} INFO -      ⚠️ Erreur ligne 442: current transaction is aborted, commands ignored until end of transaction block
[2026-01-26T14:50:17.395+0000] {logging_mixin.py:151} INFO -      ⚠️ Erreur ligne 443: current transaction is aborted, commands ignored until end of transaction block
[2026-01-26T14:50:17.396+0000] {logging_mixin.py:151} INFO -      ⚠️ Erreur ligne 444: current transaction is aborted, commands ignored until end of transaction block
[2026-01-26T14:50:17.400+0000] {logging_mixin.py:151} INFO -      ⚠️ Erreur ligne 445: current transaction is aborted, commands ignored until end of transaction block
[2026-01-26T14:50:17.404+0000] {logging_mixin.py:151} INFO -      ⚠️ Erreur ligne 446: current transaction is aborted, commands ignored until end of transaction block
[2026-01-26T14:50:17.406+0000] {logging_mixin.py:151} INFO -      ⚠️ Erreur ligne 447: current transaction is aborted, commands ignored until end of transaction block
[2026-01-26T14:50:17.408+0000] {logging_mixin.py:151} INFO -      ⚠️ Erreur ligne 448: current transaction is aborted, commands ignored until end of transaction block
[2026-01-26T14:50:17.411+0000] {logging_mixin.py:151} INFO -      ⚠️ Erreur ligne 449: current transaction is aborted, commands ignored until end of transaction block
[2026-01-26T14:50:17.413+0000] {logging_mixin.py:151} INFO -      ⚠️ Erreur ligne 450: current transaction is aborted, commands ignored until end of transaction block
[2026-01-26T14:50:17.414+0000] {logging_mixin.py:151} INFO -      ⚠️ Erreur ligne 451: current transaction is aborted, commands ignored until end of transaction block
[2026-01-26T14:50:17.416+0000] {logging_mixin.py:151} INFO -      ⚠️ Erreur ligne 452: current transaction is aborted, commands ignored until end of transaction block
[2026-01-26T14:50:17.417+0000] {logging_mixin.py:151} INFO -      ⚠️ Erreur ligne 453: current transaction is aborted, commands ignored until end of transaction block
[2026-01-26T14:50:17.418+0000] {logging_mixin.py:151} INFO -      ⚠️ Erreur ligne 454: current transaction is aborted, commands ignored until end of transaction block
[2026-01-26T14:50:17.420+0000] {logging_mixin.py:151} INFO -      ⚠️ Erreur ligne 455: current transaction is aborted, commands ignored until end of transaction block
[2026-01-26T14:50:17.421+0000] {logging_mixin.py:151} INFO -      ⚠️ Erreur ligne 456: current transaction is aborted, commands ignored until end of transaction block
[2026-01-26T14:50:17.423+0000] {logging_mixin.py:151} INFO -      ⚠️ Erreur ligne 457: current transaction is aborted, commands ignored until end of transaction block
[2026-01-26T14:50:17.427+0000] {logging_mixin.py:151} INFO -      ⚠️ Erreur ligne 458: current transaction is aborted, commands ignored until end of transaction block
[2026-01-26T14:50:17.431+0000] {logging_mixin.py:151} INFO -      ⚠️ Erreur ligne 459: current transaction is aborted, commands ignored until end of transaction block
[2026-01-26T14:50:17.434+0000] {logging_mixin.py:151} INFO -      ⚠️ Erreur ligne 460: current transaction is aborted, commands ignored until end of transaction block
[2026-01-26T14:50:17.436+0000] {logging_mixin.py:151} INFO -      ⚠️ Erreur ligne 461: current transaction is aborted, commands ignored until end of transaction block
[2026-01-26T14:50:17.437+0000] {logging_mixin.py:151} INFO -      ⚠️ Erreur ligne 462: current transaction is aborted, commands ignored until end of transaction block
[2026-01-26T14:50:17.439+0000] {logging_mixin.py:151} INFO -      ⚠️ Erreur ligne 463: current transaction is aborted, commands ignored until end of transaction block
[2026-01-26T14:50:17.440+0000] {logging_mixin.py:151} INFO -      ⚠️ Erreur ligne 464: current transaction is aborted, commands ignored until end of transaction block
[2026-01-26T14:50:17.441+0000] {logging_mixin.py:151} INFO -      ⚠️ Erreur ligne 465: current transaction is aborted, commands ignored until end of transaction block
[2026-01-26T14:50:17.443+0000] {logging_mixin.py:151} INFO -      ⚠️ Erreur ligne 466: current transaction is aborted, commands ignored until end of transaction block
[2026-01-26T14:50:17.444+0000] {logging_mixin.py:151} INFO -      ⚠️ Erreur ligne 467: current transaction is aborted, commands ignored until end of transaction block
[2026-01-26T14:50:17.446+0000] {logging_mixin.py:151} INFO -      ⚠️ Erreur ligne 468: current transaction is aborted, commands ignored until end of transaction block
[2026-01-26T14:50:17.448+0000] {logging_mixin.py:151} INFO -      ⚠️ Erreur ligne 469: current transaction is aborted, commands ignored until end of transaction block
[2026-01-26T14:50:17.450+0000] {logging_mixin.py:151} INFO -      ⚠️ Erreur ligne 470: current transaction is aborted, commands ignored until end of transaction block
[2026-01-26T14:50:17.451+0000] {logging_mixin.py:151} INFO -      ⚠️ Erreur ligne 471: current transaction is aborted, commands ignored until end of transaction block
[2026-01-26T14:50:17.453+0000] {logging_mixin.py:151} INFO -      ⚠️ Erreur ligne 472: current transaction is aborted, commands ignored until end of transaction block
[2026-01-26T14:50:17.454+0000] {logging_mixin.py:151} INFO -      ⚠️ Erreur ligne 473: current transaction is aborted, commands ignored until end of transaction block
[2026-01-26T14:50:17.456+0000] {logging_mixin.py:151} INFO -      ⚠️ Erreur ligne 474: current transaction is aborted, commands ignored until end of transaction block
[2026-01-26T14:50:17.457+0000] {logging_mixin.py:151} INFO -      ⚠️ Erreur ligne 475: current transaction is aborted, commands ignored until end of transaction block
[2026-01-26T14:50:17.460+0000] {logging_mixin.py:151} INFO -      ⚠️ Erreur ligne 476: current transaction is aborted, commands ignored until end of transaction block
[2026-01-26T14:50:17.465+0000] {logging_mixin.py:151} INFO -      ⚠️ Erreur ligne 477: current transaction is aborted, commands ignored until end of transaction block
[2026-01-26T14:50:17.467+0000] {logging_mixin.py:151} INFO -      ⚠️ Erreur ligne 478: current transaction is aborted, commands ignored until end of transaction block
[2026-01-26T14:50:17.469+0000] {logging_mixin.py:151} INFO -      ⚠️ Erreur ligne 479: current transaction is aborted, commands ignored until end of transaction block
[2026-01-26T14:50:17.470+0000] {logging_mixin.py:151} INFO -      ⚠️ Erreur ligne 480: current transaction is aborted, commands ignored until end of transaction block
[2026-01-26T14:50:17.471+0000] {logging_mixin.py:151} INFO -      ⚠️ Erreur ligne 481: current transaction is aborted, commands ignored until end of transaction block
[2026-01-26T14:50:17.473+0000] {logging_mixin.py:151} INFO -      ⚠️ Erreur ligne 482: current transaction is aborted, commands ignored until end of transaction block
[2026-01-26T14:50:17.474+0000] {logging_mixin.py:151} INFO -      ⚠️ Erreur ligne 483: current transaction is aborted, commands ignored until end of transaction block
[2026-01-26T14:50:17.476+0000] {logging_mixin.py:151} INFO -      ⚠️ Erreur ligne 484: current transaction is aborted, commands ignored until end of transaction block
[2026-01-26T14:50:17.477+0000] {logging_mixin.py:151} INFO -      ⚠️ Erreur ligne 485: current transaction is aborted, commands ignored until end of transaction block
[2026-01-26T14:50:17.479+0000] {logging_mixin.py:151} INFO -      ⚠️ Erreur ligne 486: current transaction is aborted, commands ignored until end of transaction block
[2026-01-26T14:50:17.484+0000] {logging_mixin.py:151} INFO -      ⚠️ Erreur ligne 487: current transaction is aborted, commands ignored until end of transaction block
[2026-01-26T14:50:17.488+0000] {logging_mixin.py:151} INFO -      ⚠️ Erreur ligne 488: current transaction is aborted, commands ignored until end of transaction block
[2026-01-26T14:50:17.491+0000] {logging_mixin.py:151} INFO -      ⚠️ Erreur ligne 489: current transaction is aborted, commands ignored until end of transaction block
[2026-01-26T14:50:17.495+0000] {logging_mixin.py:151} INFO -      ⚠️ Erreur ligne 490: current transaction is aborted, commands ignored until end of transaction block
[2026-01-26T14:50:17.499+0000] {logging_mixin.py:151} INFO -      ⚠️ Erreur ligne 491: current transaction is aborted, commands ignored until end of transaction block
[2026-01-26T14:50:17.503+0000] {logging_mixin.py:151} INFO -      ⚠️ Erreur ligne 492: current transaction is aborted, commands ignored until end of transaction block
[2026-01-26T14:50:17.506+0000] {logging_mixin.py:151} INFO -      ⚠️ Erreur ligne 493: current transaction is aborted, commands ignored until end of transaction block
[2026-01-26T14:50:17.508+0000] {logging_mixin.py:151} INFO -      ⚠️ Erreur ligne 494: current transaction is aborted, commands ignored until end of transaction block
[2026-01-26T14:50:17.511+0000] {logging_mixin.py:151} INFO -      ⚠️ Erreur ligne 495: current transaction is aborted, commands ignored until end of transaction block
[2026-01-26T14:50:17.514+0000] {logging_mixin.py:151} INFO -      ⚠️ Erreur ligne 496: current transaction is aborted, commands ignored until end of transaction block
[2026-01-26T14:50:17.517+0000] {logging_mixin.py:151} INFO -      ⚠️ Erreur ligne 497: current transaction is aborted, commands ignored until end of transaction block
[2026-01-26T14:50:17.519+0000] {logging_mixin.py:151} INFO -      ⚠️ Erreur ligne 498: current transaction is aborted, commands ignored until end of transaction block
[2026-01-26T14:50:17.523+0000] {logging_mixin.py:151} INFO -      ⚠️ Erreur ligne 499: current transaction is aborted, commands ignored until end of transaction block
[2026-01-26T14:50:17.525+0000] {logging_mixin.py:151} INFO -      ⚠️ Erreur ligne 500: current transaction is aborted, commands ignored until end of transaction block
[2026-01-26T14:50:17.528+0000] {logging_mixin.py:151} INFO -      ⚠️ Erreur ligne 501: current transaction is aborted, commands ignored until end of transaction block
[2026-01-26T14:50:17.529+0000] {logging_mixin.py:151} INFO -      ⚠️ Erreur ligne 502: current transaction is aborted, commands ignored until end of transaction block
[2026-01-26T14:50:17.532+0000] {logging_mixin.py:151} INFO -      ⚠️ Erreur ligne 503: current transaction is aborted, commands ignored until end of transaction block
[2026-01-26T14:50:17.533+0000] {logging_mixin.py:151} INFO -      ⚠️ Erreur ligne 504: current transaction is aborted, commands ignored until end of transaction block
[2026-01-26T14:50:17.536+0000] {logging_mixin.py:151} INFO -      ⚠️ Erreur ligne 505: current transaction is aborted, commands ignored until end of transaction block
[2026-01-26T14:50:17.538+0000] {logging_mixin.py:151} INFO -      ⚠️ Erreur ligne 506: current transaction is aborted, commands ignored until end of transaction block
[2026-01-26T14:50:17.539+0000] {logging_mixin.py:151} INFO -      ⚠️ Erreur ligne 507: current transaction is aborted, commands ignored until end of transaction block
[2026-01-26T14:50:17.542+0000] {logging_mixin.py:151} INFO -      ⚠️ Erreur ligne 508: current transaction is aborted, commands ignored until end of transaction block
[2026-01-26T14:50:17.543+0000] {logging_mixin.py:151} INFO -      ⚠️ Erreur ligne 509: current transaction is aborted, commands ignored until end of transaction block
[2026-01-26T14:50:17.545+0000] {logging_mixin.py:151} INFO -      ⚠️ Erreur ligne 510: current transaction is aborted, commands ignored until end of transaction block
[2026-01-26T14:50:17.546+0000] {logging_mixin.py:151} INFO -      ⚠️ Erreur ligne 511: current transaction is aborted, commands ignored until end of transaction block
[2026-01-26T14:50:17.548+0000] {logging_mixin.py:151} INFO -      ⚠️ Erreur ligne 512: current transaction is aborted, commands ignored until end of transaction block
[2026-01-26T14:50:17.550+0000] {logging_mixin.py:151} INFO -      ⚠️ Erreur ligne 513: current transaction is aborted, commands ignored until end of transaction block
[2026-01-26T14:50:17.552+0000] {logging_mixin.py:151} INFO -      ⚠️ Erreur ligne 514: current transaction is aborted, commands ignored until end of transaction block
[2026-01-26T14:50:17.554+0000] {logging_mixin.py:151} INFO -      ⚠️ Erreur ligne 515: current transaction is aborted, commands ignored until end of transaction block
[2026-01-26T14:50:17.555+0000] {logging_mixin.py:151} INFO -      ⚠️ Erreur ligne 516: current transaction is aborted, commands ignored until end of transaction block
[2026-01-26T14:50:17.557+0000] {logging_mixin.py:151} INFO -      ⚠️ Erreur ligne 517: current transaction is aborted, commands ignored until end of transaction block
[2026-01-26T14:50:17.558+0000] {logging_mixin.py:151} INFO -      ⚠️ Erreur ligne 518: current transaction is aborted, commands ignored until end of transaction block
[2026-01-26T14:50:17.559+0000] {logging_mixin.py:151} INFO -      ⚠️ Erreur ligne 519: current transaction is aborted, commands ignored until end of transaction block
[2026-01-26T14:50:17.559+0000] {logging_mixin.py:151} INFO -      ⚠️ Erreur ligne 520: current transaction is aborted, commands ignored until end of transaction block
[2026-01-26T14:50:17.560+0000] {logging_mixin.py:151} INFO -      ⚠️ Erreur ligne 521: current transaction is aborted, commands ignored until end of transaction block
[2026-01-26T14:50:17.562+0000] {logging_mixin.py:151} INFO -      ⚠️ Erreur ligne 522: current transaction is aborted, commands ignored until end of transaction block
[2026-01-26T14:50:17.563+0000] {logging_mixin.py:151} INFO -      ⚠️ Erreur ligne 523: current transaction is aborted, commands ignored until end of transaction block
[2026-01-26T14:50:17.565+0000] {logging_mixin.py:151} INFO -      ⚠️ Erreur ligne 524: current transaction is aborted, commands ignored until end of transaction block
[2026-01-26T14:50:17.567+0000] {logging_mixin.py:151} INFO -      ⚠️ Erreur ligne 525: current transaction is aborted, commands ignored until end of transaction block
[2026-01-26T14:50:17.568+0000] {logging_mixin.py:151} INFO -      ⚠️ Erreur ligne 526: current transaction is aborted, commands ignored until end of transaction block
[2026-01-26T14:50:17.569+0000] {logging_mixin.py:151} INFO -      ⚠️ Erreur ligne 527: current transaction is aborted, commands ignored until end of transaction block
[2026-01-26T14:50:17.569+0000] {logging_mixin.py:151} INFO -      ⚠️ Erreur ligne 528: current transaction is aborted, commands ignored until end of transaction block
[2026-01-26T14:50:17.570+0000] {logging_mixin.py:151} INFO -      ⚠️ Erreur ligne 529: current transaction is aborted, commands ignored until end of transaction block
[2026-01-26T14:50:17.571+0000] {logging_mixin.py:151} INFO -      ⚠️ Erreur ligne 530: current transaction is aborted, commands ignored until end of transaction block
[2026-01-26T14:50:17.572+0000] {logging_mixin.py:151} INFO -      ⚠️ Erreur ligne 531: current transaction is aborted, commands ignored until end of transaction block
[2026-01-26T14:50:17.574+0000] {logging_mixin.py:151} INFO -      ⚠️ Erreur ligne 532: current transaction is aborted, commands ignored until end of transaction block
[2026-01-26T14:50:17.576+0000] {logging_mixin.py:151} INFO -      ⚠️ Erreur ligne 533: current transaction is aborted, commands ignored until end of transaction block
[2026-01-26T14:50:17.578+0000] {logging_mixin.py:151} INFO -      ⚠️ Erreur ligne 534: current transaction is aborted, commands ignored until end of transaction block
[2026-01-26T14:50:17.579+0000] {logging_mixin.py:151} INFO -      ⚠️ Erreur ligne 535: current transaction is aborted, commands ignored until end of transaction block
[2026-01-26T14:50:17.580+0000] {logging_mixin.py:151} INFO -      ⚠️ Erreur ligne 536: current transaction is aborted, commands ignored until end of transaction block
[2026-01-26T14:50:17.581+0000] {logging_mixin.py:151} INFO -      ⚠️ Erreur ligne 537: current transaction is aborted, commands ignored until end of transaction block
[2026-01-26T14:50:17.582+0000] {logging_mixin.py:151} INFO -      ⚠️ Erreur ligne 538: current transaction is aborted, commands ignored until end of transaction block
[2026-01-26T14:50:17.583+0000] {logging_mixin.py:151} INFO -      ⚠️ Erreur ligne 539: current transaction is aborted, commands ignored until end of transaction block
[2026-01-26T14:50:17.584+0000] {logging_mixin.py:151} INFO -      ⚠️ Erreur ligne 540: current transaction is aborted, commands ignored until end of transaction block
[2026-01-26T14:50:17.585+0000] {logging_mixin.py:151} INFO -      ⚠️ Erreur ligne 541: current transaction is aborted, commands ignored until end of transaction block
[2026-01-26T14:50:17.586+0000] {logging_mixin.py:151} INFO -      ⚠️ Erreur ligne 542: current transaction is aborted, commands ignored until end of transaction block
[2026-01-26T14:50:17.587+0000] {logging_mixin.py:151} INFO -      ⚠️ Erreur ligne 543: current transaction is aborted, commands ignored until end of transaction block
[2026-01-26T14:50:17.588+0000] {logging_mixin.py:151} INFO -      ⚠️ Erreur ligne 544: current transaction is aborted, commands ignored until end of transaction block
[2026-01-26T14:50:17.589+0000] {logging_mixin.py:151} INFO -      ⚠️ Erreur ligne 545: current transaction is aborted, commands ignored until end of transaction block
[2026-01-26T14:50:17.590+0000] {logging_mixin.py:151} INFO -      ⚠️ Erreur ligne 546: current transaction is aborted, commands ignored until end of transaction block
[2026-01-26T14:50:17.591+0000] {logging_mixin.py:151} INFO -      ⚠️ Erreur ligne 547: current transaction is aborted, commands ignored until end of transaction block
[2026-01-26T14:50:17.593+0000] {logging_mixin.py:151} INFO -      ⚠️ Erreur ligne 548: current transaction is aborted, commands ignored until end of transaction block
[2026-01-26T14:50:17.594+0000] {logging_mixin.py:151} INFO -      ⚠️ Erreur ligne 549: current transaction is aborted, commands ignored until end of transaction block
[2026-01-26T14:50:17.595+0000] {logging_mixin.py:151} INFO -      ⚠️ Erreur ligne 550: current transaction is aborted, commands ignored until end of transaction block
[2026-01-26T14:50:17.595+0000] {logging_mixin.py:151} INFO -      ⚠️ Erreur ligne 551: current transaction is aborted, commands ignored until end of transaction block
[2026-01-26T14:50:17.596+0000] {logging_mixin.py:151} INFO -      ⚠️ Erreur ligne 552: current transaction is aborted, commands ignored until end of transaction block
[2026-01-26T14:50:17.597+0000] {logging_mixin.py:151} INFO -      ⚠️ Erreur ligne 553: current transaction is aborted, commands ignored until end of transaction block
[2026-01-26T14:50:17.598+0000] {logging_mixin.py:151} INFO -      ⚠️ Erreur ligne 554: current transaction is aborted, commands ignored until end of transaction block
[2026-01-26T14:50:17.599+0000] {logging_mixin.py:151} INFO -      ⚠️ Erreur ligne 555: current transaction is aborted, commands ignored until end of transaction block
[2026-01-26T14:50:17.600+0000] {logging_mixin.py:151} INFO -      ⚠️ Erreur ligne 556: current transaction is aborted, commands ignored until end of transaction block
[2026-01-26T14:50:17.601+0000] {logging_mixin.py:151} INFO -      ⚠️ Erreur ligne 557: current transaction is aborted, commands ignored until end of transaction block
[2026-01-26T14:50:17.602+0000] {logging_mixin.py:151} INFO -      ⚠️ Erreur ligne 558: current transaction is aborted, commands ignored until end of transaction block
[2026-01-26T14:50:17.602+0000] {logging_mixin.py:151} INFO -      ⚠️ Erreur ligne 559: current transaction is aborted, commands ignored until end of transaction block
[2026-01-26T14:50:17.603+0000] {logging_mixin.py:151} INFO -      ⚠️ Erreur ligne 560: current transaction is aborted, commands ignored until end of transaction block
[2026-01-26T14:50:17.604+0000] {logging_mixin.py:151} INFO -      ⚠️ Erreur ligne 561: current transaction is aborted, commands ignored until end of transaction block
[2026-01-26T14:50:17.606+0000] {logging_mixin.py:151} INFO -      ⚠️ Erreur ligne 562: current transaction is aborted, commands ignored until end of transaction block
[2026-01-26T14:50:17.607+0000] {logging_mixin.py:151} INFO -      ⚠️ Erreur ligne 563: current transaction is aborted, commands ignored until end of transaction block
[2026-01-26T14:50:17.608+0000] {logging_mixin.py:151} INFO -      ⚠️ Erreur ligne 564: current transaction is aborted, commands ignored until end of transaction block
[2026-01-26T14:50:17.609+0000] {logging_mixin.py:151} INFO -      ⚠️ Erreur ligne 565: current transaction is aborted, commands ignored until end of transaction block
[2026-01-26T14:50:17.609+0000] {logging_mixin.py:151} INFO -      ⚠️ Erreur ligne 566: current transaction is aborted, commands ignored until end of transaction block
[2026-01-26T14:50:17.610+0000] {logging_mixin.py:151} INFO -      ⚠️ Erreur ligne 567: current transaction is aborted, commands ignored until end of transaction block
[2026-01-26T14:50:17.611+0000] {logging_mixin.py:151} INFO -      ⚠️ Erreur ligne 568: current transaction is aborted, commands ignored until end of transaction block
[2026-01-26T14:50:17.612+0000] {logging_mixin.py:151} INFO -      ⚠️ Erreur ligne 569: current transaction is aborted, commands ignored until end of transaction block
[2026-01-26T14:50:17.613+0000] {logging_mixin.py:151} INFO -      ⚠️ Erreur ligne 570: current transaction is aborted, commands ignored until end of transaction block
[2026-01-26T14:50:17.615+0000] {logging_mixin.py:151} INFO -      ⚠️ Erreur ligne 571: current transaction is aborted, commands ignored until end of transaction block
[2026-01-26T14:50:17.615+0000] {logging_mixin.py:151} INFO -      ⚠️ Erreur ligne 572: current transaction is aborted, commands ignored until end of transaction block
[2026-01-26T14:50:17.616+0000] {logging_mixin.py:151} INFO -      ⚠️ Erreur ligne 573: current transaction is aborted, commands ignored until end of transaction block
[2026-01-26T14:50:17.617+0000] {logging_mixin.py:151} INFO -      ⚠️ Erreur ligne 574: current transaction is aborted, commands ignored until end of transaction block
[2026-01-26T14:50:17.618+0000] {logging_mixin.py:151} INFO -      ⚠️ Erreur ligne 575: current transaction is aborted, commands ignored until end of transaction block
[2026-01-26T14:50:17.619+0000] {logging_mixin.py:151} INFO -      ⚠️ Erreur ligne 576: current transaction is aborted, commands ignored until end of transaction block
[2026-01-26T14:50:17.620+0000] {logging_mixin.py:151} INFO -      ⚠️ Erreur ligne 577: current transaction is aborted, commands ignored until end of transaction block
[2026-01-26T14:50:17.621+0000] {logging_mixin.py:151} INFO -      ⚠️ Erreur ligne 578: current transaction is aborted, commands ignored until end of transaction block
[2026-01-26T14:50:17.622+0000] {logging_mixin.py:151} INFO -      ⚠️ Erreur ligne 579: current transaction is aborted, commands ignored until end of transaction block
[2026-01-26T14:50:17.623+0000] {logging_mixin.py:151} INFO -      ⚠️ Erreur ligne 580: current transaction is aborted, commands ignored until end of transaction block
[2026-01-26T14:50:17.623+0000] {logging_mixin.py:151} INFO -      ⚠️ Erreur ligne 581: current transaction is aborted, commands ignored until end of transaction block
[2026-01-26T14:50:17.624+0000] {logging_mixin.py:151} INFO -      ⚠️ Erreur ligne 582: current transaction is aborted, commands ignored until end of transaction block
[2026-01-26T14:50:17.625+0000] {logging_mixin.py:151} INFO -      ⚠️ Erreur ligne 583: current transaction is aborted, commands ignored until end of transaction block
[2026-01-26T14:50:17.626+0000] {logging_mixin.py:151} INFO -      ⚠️ Erreur ligne 584: current transaction is aborted, commands ignored until end of transaction block
[2026-01-26T14:50:17.627+0000] {logging_mixin.py:151} INFO -      ⚠️ Erreur ligne 585: current transaction is aborted, commands ignored until end of transaction block
[2026-01-26T14:50:17.628+0000] {logging_mixin.py:151} INFO -      ⚠️ Erreur ligne 586: current transaction is aborted, commands ignored until end of transaction block
[2026-01-26T14:50:17.629+0000] {logging_mixin.py:151} INFO -      ⚠️ Erreur ligne 587: current transaction is aborted, commands ignored until end of transaction block
[2026-01-26T14:50:17.630+0000] {logging_mixin.py:151} INFO -      ⚠️ Erreur ligne 588: current transaction is aborted, commands ignored until end of transaction block
[2026-01-26T14:50:17.631+0000] {logging_mixin.py:151} INFO -      ⚠️ Erreur ligne 589: current transaction is aborted, commands ignored until end of transaction block
[2026-01-26T14:50:17.632+0000] {logging_mixin.py:151} INFO -      ⚠️ Erreur ligne 590: current transaction is aborted, commands ignored until end of transaction block
[2026-01-26T14:50:17.633+0000] {logging_mixin.py:151} INFO -      ⚠️ Erreur ligne 591: current transaction is aborted, commands ignored until end of transaction block
[2026-01-26T14:50:17.634+0000] {logging_mixin.py:151} INFO -      ⚠️ Erreur ligne 592: current transaction is aborted, commands ignored until end of transaction block
[2026-01-26T14:50:17.635+0000] {logging_mixin.py:151} INFO -      ⚠️ Erreur ligne 593: current transaction is aborted, commands ignored until end of transaction block
[2026-01-26T14:50:17.636+0000] {logging_mixin.py:151} INFO -      ⚠️ Erreur ligne 594: current transaction is aborted, commands ignored until end of transaction block
[2026-01-26T14:50:17.637+0000] {logging_mixin.py:151} INFO -      ⚠️ Erreur ligne 595: current transaction is aborted, commands ignored until end of transaction block
[2026-01-26T14:50:17.638+0000] {logging_mixin.py:151} INFO -      ⚠️ Erreur ligne 596: current transaction is aborted, commands ignored until end of transaction block
[2026-01-26T14:50:17.638+0000] {logging_mixin.py:151} INFO -      ⚠️ Erreur ligne 597: current transaction is aborted, commands ignored until end of transaction block
[2026-01-26T14:50:17.639+0000] {logging_mixin.py:151} INFO -      ⚠️ Erreur ligne 598: current transaction is aborted, commands ignored until end of transaction block
[2026-01-26T14:50:17.640+0000] {logging_mixin.py:151} INFO -      ⚠️ Erreur ligne 599: current transaction is aborted, commands ignored until end of transaction block
[2026-01-26T14:50:17.641+0000] {logging_mixin.py:151} INFO -      ⚠️ Erreur ligne 600: current transaction is aborted, commands ignored until end of transaction block
[2026-01-26T14:50:17.642+0000] {logging_mixin.py:151} INFO -      ⚠️ Erreur ligne 601: current transaction is aborted, commands ignored until end of transaction block
[2026-01-26T14:50:17.643+0000] {logging_mixin.py:151} INFO -      ⚠️ Erreur ligne 602: current transaction is aborted, commands ignored until end of transaction block
[2026-01-26T14:50:17.644+0000] {logging_mixin.py:151} INFO -      ⚠️ Erreur ligne 603: current transaction is aborted, commands ignored until end of transaction block
[2026-01-26T14:50:17.645+0000] {logging_mixin.py:151} INFO -      ⚠️ Erreur ligne 604: current transaction is aborted, commands ignored until end of transaction block
[2026-01-26T14:50:17.645+0000] {logging_mixin.py:151} INFO -      ⚠️ Erreur ligne 605: current transaction is aborted, commands ignored until end of transaction block
[2026-01-26T14:50:17.647+0000] {logging_mixin.py:151} INFO -      ⚠️ Erreur ligne 606: current transaction is aborted, commands ignored until end of transaction block
[2026-01-26T14:50:17.648+0000] {logging_mixin.py:151} INFO -      ⚠️ Erreur ligne 607: current transaction is aborted, commands ignored until end of transaction block
[2026-01-26T14:50:17.649+0000] {logging_mixin.py:151} INFO -      ⚠️ Erreur ligne 608: current transaction is aborted, commands ignored until end of transaction block
[2026-01-26T14:50:17.650+0000] {logging_mixin.py:151} INFO -      ⚠️ Erreur ligne 609: current transaction is aborted, commands ignored until end of transaction block
[2026-01-26T14:50:17.651+0000] {logging_mixin.py:151} INFO -      ⚠️ Erreur ligne 610: current transaction is aborted, commands ignored until end of transaction block
[2026-01-26T14:50:17.652+0000] {logging_mixin.py:151} INFO -      ⚠️ Erreur ligne 611: current transaction is aborted, commands ignored until end of transaction block
[2026-01-26T14:50:17.653+0000] {logging_mixin.py:151} INFO -      ⚠️ Erreur ligne 612: current transaction is aborted, commands ignored until end of transaction block
[2026-01-26T14:50:17.654+0000] {logging_mixin.py:151} INFO -      ⚠️ Erreur ligne 613: current transaction is aborted, commands ignored until end of transaction block
[2026-01-26T14:50:17.655+0000] {logging_mixin.py:151} INFO -      ⚠️ Erreur ligne 614: current transaction is aborted, commands ignored until end of transaction block
[2026-01-26T14:50:17.656+0000] {logging_mixin.py:151} INFO -      ⚠️ Erreur ligne 615: current transaction is aborted, commands ignored until end of transaction block
[2026-01-26T14:50:17.657+0000] {logging_mixin.py:151} INFO -      ⚠️ Erreur ligne 616: current transaction is aborted, commands ignored until end of transaction block
[2026-01-26T14:50:17.658+0000] {logging_mixin.py:151} INFO -      ⚠️ Erreur ligne 617: current transaction is aborted, commands ignored until end of transaction block
[2026-01-26T14:50:17.659+0000] {logging_mixin.py:151} INFO -      ⚠️ Erreur ligne 618: current transaction is aborted, commands ignored until end of transaction block
[2026-01-26T14:50:17.660+0000] {logging_mixin.py:151} INFO -      ⚠️ Erreur ligne 619: current transaction is aborted, commands ignored until end of transaction block
[2026-01-26T14:50:17.661+0000] {logging_mixin.py:151} INFO -      ⚠️ Erreur ligne 620: current transaction is aborted, commands ignored until end of transaction block
[2026-01-26T14:50:17.662+0000] {logging_mixin.py:151} INFO -      ⚠️ Erreur ligne 621: current transaction is aborted, commands ignored until end of transaction block
[2026-01-26T14:50:17.662+0000] {logging_mixin.py:151} INFO -      ⚠️ Erreur ligne 622: current transaction is aborted, commands ignored until end of transaction block
[2026-01-26T14:50:17.663+0000] {logging_mixin.py:151} INFO -      ⚠️ Erreur ligne 623: current transaction is aborted, commands ignored until end of transaction block
[2026-01-26T14:50:17.664+0000] {logging_mixin.py:151} INFO -      ⚠️ Erreur ligne 624: current transaction is aborted, commands ignored until end of transaction block
[2026-01-26T14:50:17.665+0000] {logging_mixin.py:151} INFO -      ⚠️ Erreur ligne 625: current transaction is aborted, commands ignored until end of transaction block
[2026-01-26T14:50:17.666+0000] {logging_mixin.py:151} INFO -      ⚠️ Erreur ligne 626: current transaction is aborted, commands ignored until end of transaction block
[2026-01-26T14:50:17.667+0000] {logging_mixin.py:151} INFO -      ⚠️ Erreur ligne 627: current transaction is aborted, commands ignored until end of transaction block
[2026-01-26T14:50:17.668+0000] {logging_mixin.py:151} INFO -      ⚠️ Erreur ligne 628: current transaction is aborted, commands ignored until end of transaction block
[2026-01-26T14:50:17.669+0000] {logging_mixin.py:151} INFO -      ⚠️ Erreur ligne 629: current transaction is aborted, commands ignored until end of transaction block
[2026-01-26T14:50:17.670+0000] {logging_mixin.py:151} INFO -      ⚠️ Erreur ligne 630: current transaction is aborted, commands ignored until end of transaction block
[2026-01-26T14:50:17.671+0000] {logging_mixin.py:151} INFO -      ⚠️ Erreur ligne 631: current transaction is aborted, commands ignored until end of transaction block
[2026-01-26T14:50:17.671+0000] {logging_mixin.py:151} INFO -      ⚠️ Erreur ligne 632: current transaction is aborted, commands ignored until end of transaction block
[2026-01-26T14:50:17.672+0000] {logging_mixin.py:151} INFO -      ⚠️ Erreur ligne 633: current transaction is aborted, commands ignored until end of transaction block
[2026-01-26T14:50:17.673+0000] {logging_mixin.py:151} INFO -      ⚠️ Erreur ligne 634: current transaction is aborted, commands ignored until end of transaction block
[2026-01-26T14:50:17.674+0000] {logging_mixin.py:151} INFO -      ⚠️ Erreur ligne 635: current transaction is aborted, commands ignored until end of transaction block
[2026-01-26T14:50:17.675+0000] {logging_mixin.py:151} INFO -      ⚠️ Erreur ligne 636: current transaction is aborted, commands ignored until end of transaction block
[2026-01-26T14:50:17.676+0000] {logging_mixin.py:151} INFO -      ⚠️ Erreur ligne 637: current transaction is aborted, commands ignored until end of transaction block
[2026-01-26T14:50:17.677+0000] {logging_mixin.py:151} INFO -      ⚠️ Erreur ligne 638: current transaction is aborted, commands ignored until end of transaction block
[2026-01-26T14:50:17.678+0000] {logging_mixin.py:151} INFO -      ⚠️ Erreur ligne 639: current transaction is aborted, commands ignored until end of transaction block
[2026-01-26T14:50:17.679+0000] {logging_mixin.py:151} INFO -      ⚠️ Erreur ligne 640: current transaction is aborted, commands ignored until end of transaction block
[2026-01-26T14:50:17.680+0000] {logging_mixin.py:151} INFO -      ⚠️ Erreur ligne 641: current transaction is aborted, commands ignored until end of transaction block
[2026-01-26T14:50:17.681+0000] {logging_mixin.py:151} INFO -      ⚠️ Erreur ligne 642: current transaction is aborted, commands ignored until end of transaction block
[2026-01-26T14:50:17.683+0000] {logging_mixin.py:151} INFO -      ⚠️ Erreur ligne 643: current transaction is aborted, commands ignored until end of transaction block
[2026-01-26T14:50:17.683+0000] {logging_mixin.py:151} INFO -      ⚠️ Erreur ligne 644: current transaction is aborted, commands ignored until end of transaction block
[2026-01-26T14:50:17.684+0000] {logging_mixin.py:151} INFO -      ⚠️ Erreur ligne 645: current transaction is aborted, commands ignored until end of transaction block
[2026-01-26T14:50:17.685+0000] {logging_mixin.py:151} INFO -      ⚠️ Erreur ligne 646: current transaction is aborted, commands ignored until end of transaction block
[2026-01-26T14:50:17.686+0000] {logging_mixin.py:151} INFO -      ⚠️ Erreur ligne 647: current transaction is aborted, commands ignored until end of transaction block
[2026-01-26T14:50:17.687+0000] {logging_mixin.py:151} INFO -      ⚠️ Erreur ligne 648: current transaction is aborted, commands ignored until end of transaction block
[2026-01-26T14:50:17.688+0000] {logging_mixin.py:151} INFO -      ⚠️ Erreur ligne 649: current transaction is aborted, commands ignored until end of transaction block
[2026-01-26T14:50:17.690+0000] {logging_mixin.py:151} INFO -      ⚠️ Erreur ligne 650: current transaction is aborted, commands ignored until end of transaction block
[2026-01-26T14:50:17.691+0000] {logging_mixin.py:151} INFO -      ⚠️ Erreur ligne 651: current transaction is aborted, commands ignored until end of transaction block
[2026-01-26T14:50:17.692+0000] {logging_mixin.py:151} INFO -      ⚠️ Erreur ligne 652: current transaction is aborted, commands ignored until end of transaction block
[2026-01-26T14:50:17.692+0000] {logging_mixin.py:151} INFO -      ⚠️ Erreur ligne 653: current transaction is aborted, commands ignored until end of transaction block
[2026-01-26T14:50:17.693+0000] {logging_mixin.py:151} INFO -      ⚠️ Erreur ligne 654: current transaction is aborted, commands ignored until end of transaction block
[2026-01-26T14:50:17.694+0000] {logging_mixin.py:151} INFO -      ⚠️ Erreur ligne 655: current transaction is aborted, commands ignored until end of transaction block
[2026-01-26T14:50:17.695+0000] {logging_mixin.py:151} INFO -      ⚠️ Erreur ligne 656: current transaction is aborted, commands ignored until end of transaction block
[2026-01-26T14:50:17.696+0000] {logging_mixin.py:151} INFO -      ⚠️ Erreur ligne 657: current transaction is aborted, commands ignored until end of transaction block
[2026-01-26T14:50:17.697+0000] {logging_mixin.py:151} INFO -      ⚠️ Erreur ligne 658: current transaction is aborted, commands ignored until end of transaction block
[2026-01-26T14:50:17.698+0000] {logging_mixin.py:151} INFO -      ⚠️ Erreur ligne 659: current transaction is aborted, commands ignored until end of transaction block
[2026-01-26T14:50:17.699+0000] {logging_mixin.py:151} INFO -      ⚠️ Erreur ligne 660: current transaction is aborted, commands ignored until end of transaction block
[2026-01-26T14:50:17.700+0000] {logging_mixin.py:151} INFO -      ⚠️ Erreur ligne 661: current transaction is aborted, commands ignored until end of transaction block
[2026-01-26T14:50:17.701+0000] {logging_mixin.py:151} INFO -      ⚠️ Erreur ligne 662: current transaction is aborted, commands ignored until end of transaction block
[2026-01-26T14:50:17.702+0000] {logging_mixin.py:151} INFO -      ⚠️ Erreur ligne 663: current transaction is aborted, commands ignored until end of transaction block
[2026-01-26T14:50:17.703+0000] {logging_mixin.py:151} INFO -      ⚠️ Erreur ligne 664: current transaction is aborted, commands ignored until end of transaction block
[2026-01-26T14:50:17.704+0000] {logging_mixin.py:151} INFO -      ⚠️ Erreur ligne 665: current transaction is aborted, commands ignored until end of transaction block
[2026-01-26T14:50:17.705+0000] {logging_mixin.py:151} INFO -      ⚠️ Erreur ligne 666: current transaction is aborted, commands ignored until end of transaction block
[2026-01-26T14:50:17.706+0000] {logging_mixin.py:151} INFO -      ⚠️ Erreur ligne 667: current transaction is aborted, commands ignored until end of transaction block
[2026-01-26T14:50:17.707+0000] {logging_mixin.py:151} INFO -      ⚠️ Erreur ligne 668: current transaction is aborted, commands ignored until end of transaction block
[2026-01-26T14:50:17.708+0000] {logging_mixin.py:151} INFO -      ⚠️ Erreur ligne 669: current transaction is aborted, commands ignored until end of transaction block
[2026-01-26T14:50:17.710+0000] {logging_mixin.py:151} INFO -      ⚠️ Erreur ligne 670: current transaction is aborted, commands ignored until end of transaction block
[2026-01-26T14:50:17.710+0000] {logging_mixin.py:151} INFO -      ⚠️ Erreur ligne 671: current transaction is aborted, commands ignored until end of transaction block
[2026-01-26T14:50:17.711+0000] {logging_mixin.py:151} INFO -      ⚠️ Erreur ligne 672: current transaction is aborted, commands ignored until end of transaction block
[2026-01-26T14:50:17.712+0000] {logging_mixin.py:151} INFO -      ⚠️ Erreur ligne 673: current transaction is aborted, commands ignored until end of transaction block
[2026-01-26T14:50:17.713+0000] {logging_mixin.py:151} INFO -      ⚠️ Erreur ligne 674: current transaction is aborted, commands ignored until end of transaction block
[2026-01-26T14:50:17.714+0000] {logging_mixin.py:151} INFO -      ⚠️ Erreur ligne 675: current transaction is aborted, commands ignored until end of transaction block
[2026-01-26T14:50:17.714+0000] {logging_mixin.py:151} INFO -      ⚠️ Erreur ligne 676: current transaction is aborted, commands ignored until end of transaction block
[2026-01-26T14:50:17.715+0000] {logging_mixin.py:151} INFO -      ⚠️ Erreur ligne 677: current transaction is aborted, commands ignored until end of transaction block
[2026-01-26T14:50:17.716+0000] {logging_mixin.py:151} INFO -      ⚠️ Erreur ligne 678: current transaction is aborted, commands ignored until end of transaction block
[2026-01-26T14:50:17.717+0000] {logging_mixin.py:151} INFO -      ⚠️ Erreur ligne 679: current transaction is aborted, commands ignored until end of transaction block
[2026-01-26T14:50:17.718+0000] {logging_mixin.py:151} INFO -      ⚠️ Erreur ligne 680: current transaction is aborted, commands ignored until end of transaction block
[2026-01-26T14:50:17.719+0000] {logging_mixin.py:151} INFO -      ⚠️ Erreur ligne 681: current transaction is aborted, commands ignored until end of transaction block
[2026-01-26T14:50:17.720+0000] {logging_mixin.py:151} INFO -      ⚠️ Erreur ligne 682: current transaction is aborted, commands ignored until end of transaction block
[2026-01-26T14:50:17.721+0000] {logging_mixin.py:151} INFO -      ⚠️ Erreur ligne 683: current transaction is aborted, commands ignored until end of transaction block
[2026-01-26T14:50:17.722+0000] {logging_mixin.py:151} INFO -      ⚠️ Erreur ligne 684: current transaction is aborted, commands ignored until end of transaction block
[2026-01-26T14:50:17.723+0000] {logging_mixin.py:151} INFO -      ⚠️ Erreur ligne 685: current transaction is aborted, commands ignored until end of transaction block
[2026-01-26T14:50:17.724+0000] {logging_mixin.py:151} INFO -      ⚠️ Erreur ligne 686: current transaction is aborted, commands ignored until end of transaction block
[2026-01-26T14:50:17.725+0000] {logging_mixin.py:151} INFO -      ⚠️ Erreur ligne 687: current transaction is aborted, commands ignored until end of transaction block
[2026-01-26T14:50:17.726+0000] {logging_mixin.py:151} INFO -      ⚠️ Erreur ligne 688: current transaction is aborted, commands ignored until end of transaction block
[2026-01-26T14:50:17.727+0000] {logging_mixin.py:151} INFO -      ⚠️ Erreur ligne 689: current transaction is aborted, commands ignored until end of transaction block
[2026-01-26T14:50:17.728+0000] {logging_mixin.py:151} INFO -      ⚠️ Erreur ligne 690: current transaction is aborted, commands ignored until end of transaction block
[2026-01-26T14:50:17.729+0000] {logging_mixin.py:151} INFO -      ⚠️ Erreur ligne 691: current transaction is aborted, commands ignored until end of transaction block
[2026-01-26T14:50:17.730+0000] {logging_mixin.py:151} INFO -      ⚠️ Erreur ligne 692: current transaction is aborted, commands ignored until end of transaction block
[2026-01-26T14:50:17.731+0000] {logging_mixin.py:151} INFO -      ⚠️ Erreur ligne 693: current transaction is aborted, commands ignored until end of transaction block
[2026-01-26T14:50:17.732+0000] {logging_mixin.py:151} INFO -      ⚠️ Erreur ligne 694: current transaction is aborted, commands ignored until end of transaction block
[2026-01-26T14:50:17.732+0000] {logging_mixin.py:151} INFO -      ⚠️ Erreur ligne 695: current transaction is aborted, commands ignored until end of transaction block
[2026-01-26T14:50:17.733+0000] {logging_mixin.py:151} INFO -      ⚠️ Erreur ligne 696: current transaction is aborted, commands ignored until end of transaction block
[2026-01-26T14:50:17.734+0000] {logging_mixin.py:151} INFO -      ⚠️ Erreur ligne 697: current transaction is aborted, commands ignored until end of transaction block
[2026-01-26T14:50:17.735+0000] {logging_mixin.py:151} INFO -      ⚠️ Erreur ligne 698: current transaction is aborted, commands ignored until end of transaction block
[2026-01-26T14:50:17.736+0000] {logging_mixin.py:151} INFO -      ⚠️ Erreur ligne 699: current transaction is aborted, commands ignored until end of transaction block
[2026-01-26T14:50:17.737+0000] {logging_mixin.py:151} INFO -      ⚠️ Erreur ligne 700: current transaction is aborted, commands ignored until end of transaction block
[2026-01-26T14:50:17.738+0000] {logging_mixin.py:151} INFO -      ⚠️ Erreur ligne 701: current transaction is aborted, commands ignored until end of transaction block
[2026-01-26T14:50:17.739+0000] {logging_mixin.py:151} INFO -      ⚠️ Erreur ligne 702: current transaction is aborted, commands ignored until end of transaction block
[2026-01-26T14:50:17.740+0000] {logging_mixin.py:151} INFO -      ⚠️ Erreur ligne 703: current transaction is aborted, commands ignored until end of transaction block
[2026-01-26T14:50:17.741+0000] {logging_mixin.py:151} INFO -      ⚠️ Erreur ligne 704: current transaction is aborted, commands ignored until end of transaction block
[2026-01-26T14:50:17.742+0000] {logging_mixin.py:151} INFO -      ⚠️ Erreur ligne 705: current transaction is aborted, commands ignored until end of transaction block
[2026-01-26T14:50:17.743+0000] {logging_mixin.py:151} INFO -      ⚠️ Erreur ligne 706: current transaction is aborted, commands ignored until end of transaction block
[2026-01-26T14:50:17.744+0000] {logging_mixin.py:151} INFO -      ⚠️ Erreur ligne 707: current transaction is aborted, commands ignored until end of transaction block
[2026-01-26T14:50:17.745+0000] {logging_mixin.py:151} INFO -      ⚠️ Erreur ligne 708: current transaction is aborted, commands ignored until end of transaction block
[2026-01-26T14:50:17.746+0000] {logging_mixin.py:151} INFO -      ⚠️ Erreur ligne 709: current transaction is aborted, commands ignored until end of transaction block
[2026-01-26T14:50:17.747+0000] {logging_mixin.py:151} INFO -      ⚠️ Erreur ligne 710: current transaction is aborted, commands ignored until end of transaction block
[2026-01-26T14:50:17.748+0000] {logging_mixin.py:151} INFO -      ⚠️ Erreur ligne 711: current transaction is aborted, commands ignored until end of transaction block
[2026-01-26T14:50:17.749+0000] {logging_mixin.py:151} INFO -      ⚠️ Erreur ligne 712: current transaction is aborted, commands ignored until end of transaction block
[2026-01-26T14:50:17.750+0000] {logging_mixin.py:151} INFO -      ⚠️ Erreur ligne 713: current transaction is aborted, commands ignored until end of transaction block
[2026-01-26T14:50:17.751+0000] {logging_mixin.py:151} INFO -      ⚠️ Erreur ligne 714: current transaction is aborted, commands ignored until end of transaction block
[2026-01-26T14:50:17.752+0000] {logging_mixin.py:151} INFO -      ⚠️ Erreur ligne 715: current transaction is aborted, commands ignored until end of transaction block
[2026-01-26T14:50:17.753+0000] {logging_mixin.py:151} INFO -      ⚠️ Erreur ligne 716: current transaction is aborted, commands ignored until end of transaction block
[2026-01-26T14:50:17.753+0000] {logging_mixin.py:151} INFO -      ⚠️ Erreur ligne 717: current transaction is aborted, commands ignored until end of transaction block
[2026-01-26T14:50:17.754+0000] {logging_mixin.py:151} INFO -      ⚠️ Erreur ligne 718: current transaction is aborted, commands ignored until end of transaction block
[2026-01-26T14:50:17.755+0000] {logging_mixin.py:151} INFO -      ⚠️ Erreur ligne 719: current transaction is aborted, commands ignored until end of transaction block
[2026-01-26T14:50:17.756+0000] {logging_mixin.py:151} INFO -      ⚠️ Erreur ligne 720: current transaction is aborted, commands ignored until end of transaction block
[2026-01-26T14:50:17.757+0000] {logging_mixin.py:151} INFO -      ⚠️ Erreur ligne 721: current transaction is aborted, commands ignored until end of transaction block
[2026-01-26T14:50:17.758+0000] {logging_mixin.py:151} INFO -      ⚠️ Erreur ligne 722: current transaction is aborted, commands ignored until end of transaction block
[2026-01-26T14:50:17.758+0000] {logging_mixin.py:151} INFO -      ⚠️ Erreur ligne 723: current transaction is aborted, commands ignored until end of transaction block
[2026-01-26T14:50:17.759+0000] {logging_mixin.py:151} INFO -      ⚠️ Erreur ligne 724: current transaction is aborted, commands ignored until end of transaction block
[2026-01-26T14:50:17.760+0000] {logging_mixin.py:151} INFO -      ⚠️ Erreur ligne 725: current transaction is aborted, commands ignored until end of transaction block
[2026-01-26T14:50:17.761+0000] {logging_mixin.py:151} INFO -      ⚠️ Erreur ligne 726: current transaction is aborted, commands ignored until end of transaction block
[2026-01-26T14:50:17.762+0000] {logging_mixin.py:151} INFO -      ⚠️ Erreur ligne 727: current transaction is aborted, commands ignored until end of transaction block
[2026-01-26T14:50:17.762+0000] {logging_mixin.py:151} INFO -      ⚠️ Erreur ligne 728: current transaction is aborted, commands ignored until end of transaction block
[2026-01-26T14:50:17.763+0000] {logging_mixin.py:151} INFO -      ⚠️ Erreur ligne 729: current transaction is aborted, commands ignored until end of transaction block
[2026-01-26T14:50:17.764+0000] {logging_mixin.py:151} INFO -      ⚠️ Erreur ligne 730: current transaction is aborted, commands ignored until end of transaction block
[2026-01-26T14:50:17.765+0000] {logging_mixin.py:151} INFO -      ⚠️ Erreur ligne 731: current transaction is aborted, commands ignored until end of transaction block
[2026-01-26T14:50:17.766+0000] {logging_mixin.py:151} INFO -      ⚠️ Erreur ligne 732: current transaction is aborted, commands ignored until end of transaction block
[2026-01-26T14:50:17.767+0000] {logging_mixin.py:151} INFO -      ⚠️ Erreur ligne 733: current transaction is aborted, commands ignored until end of transaction block
[2026-01-26T14:50:17.768+0000] {logging_mixin.py:151} INFO -      ⚠️ Erreur ligne 734: current transaction is aborted, commands ignored until end of transaction block
[2026-01-26T14:50:17.769+0000] {logging_mixin.py:151} INFO -      ⚠️ Erreur ligne 735: current transaction is aborted, commands ignored until end of transaction block
[2026-01-26T14:50:17.770+0000] {logging_mixin.py:151} INFO -      ⚠️ Erreur ligne 736: current transaction is aborted, commands ignored until end of transaction block
[2026-01-26T14:50:17.773+0000] {logging_mixin.py:151} INFO -      ⚠️ Erreur ligne 737: current transaction is aborted, commands ignored until end of transaction block
[2026-01-26T14:50:17.775+0000] {logging_mixin.py:151} INFO -      ⚠️ Erreur ligne 738: current transaction is aborted, commands ignored until end of transaction block
[2026-01-26T14:50:17.778+0000] {logging_mixin.py:151} INFO -      ⚠️ Erreur ligne 739: current transaction is aborted, commands ignored until end of transaction block
[2026-01-26T14:50:17.780+0000] {logging_mixin.py:151} INFO -      ⚠️ Erreur ligne 740: current transaction is aborted, commands ignored until end of transaction block
[2026-01-26T14:50:17.784+0000] {logging_mixin.py:151} INFO -      ⚠️ Erreur ligne 741: current transaction is aborted, commands ignored until end of transaction block
[2026-01-26T14:50:17.786+0000] {logging_mixin.py:151} INFO -      ⚠️ Erreur ligne 742: current transaction is aborted, commands ignored until end of transaction block
[2026-01-26T14:50:17.790+0000] {logging_mixin.py:151} INFO -      ⚠️ Erreur ligne 743: current transaction is aborted, commands ignored until end of transaction block
[2026-01-26T14:50:17.795+0000] {logging_mixin.py:151} INFO -      ⚠️ Erreur ligne 744: current transaction is aborted, commands ignored until end of transaction block
[2026-01-26T14:50:17.798+0000] {logging_mixin.py:151} INFO -      ⚠️ Erreur ligne 745: current transaction is aborted, commands ignored until end of transaction block
[2026-01-26T14:50:17.799+0000] {logging_mixin.py:151} INFO -      ⚠️ Erreur ligne 746: current transaction is aborted, commands ignored until end of transaction block
[2026-01-26T14:50:17.803+0000] {logging_mixin.py:151} INFO -      ⚠️ Erreur ligne 747: current transaction is aborted, commands ignored until end of transaction block
[2026-01-26T14:50:17.805+0000] {logging_mixin.py:151} INFO -      ⚠️ Erreur ligne 748: current transaction is aborted, commands ignored until end of transaction block
[2026-01-26T14:50:17.808+0000] {logging_mixin.py:151} INFO -      ⚠️ Erreur ligne 749: current transaction is aborted, commands ignored until end of transaction block
[2026-01-26T14:50:17.809+0000] {logging_mixin.py:151} INFO -      ⚠️ Erreur ligne 750: current transaction is aborted, commands ignored until end of transaction block
[2026-01-26T14:50:17.811+0000] {logging_mixin.py:151} INFO -      ⚠️ Erreur ligne 751: current transaction is aborted, commands ignored until end of transaction block
[2026-01-26T14:50:17.815+0000] {logging_mixin.py:151} INFO -      ⚠️ Erreur ligne 752: current transaction is aborted, commands ignored until end of transaction block
[2026-01-26T14:50:17.818+0000] {logging_mixin.py:151} INFO -      ⚠️ Erreur ligne 753: current transaction is aborted, commands ignored until end of transaction block
[2026-01-26T14:50:17.822+0000] {logging_mixin.py:151} INFO -      ⚠️ Erreur ligne 754: current transaction is aborted, commands ignored until end of transaction block
[2026-01-26T14:50:17.825+0000] {logging_mixin.py:151} INFO -      ⚠️ Erreur ligne 755: current transaction is aborted, commands ignored until end of transaction block
[2026-01-26T14:50:17.828+0000] {logging_mixin.py:151} INFO -      ⚠️ Erreur ligne 756: current transaction is aborted, commands ignored until end of transaction block
[2026-01-26T14:50:17.831+0000] {logging_mixin.py:151} INFO -      ⚠️ Erreur ligne 757: current transaction is aborted, commands ignored until end of transaction block
[2026-01-26T14:50:17.835+0000] {logging_mixin.py:151} INFO -      ⚠️ Erreur ligne 758: current transaction is aborted, commands ignored until end of transaction block
[2026-01-26T14:50:17.839+0000] {logging_mixin.py:151} INFO -      ⚠️ Erreur ligne 759: current transaction is aborted, commands ignored until end of transaction block
[2026-01-26T14:50:17.844+0000] {logging_mixin.py:151} INFO -      ⚠️ Erreur ligne 760: current transaction is aborted, commands ignored until end of transaction block
[2026-01-26T14:50:17.849+0000] {logging_mixin.py:151} INFO -      ⚠️ Erreur ligne 761: current transaction is aborted, commands ignored until end of transaction block
[2026-01-26T14:50:17.852+0000] {logging_mixin.py:151} INFO -      ⚠️ Erreur ligne 762: current transaction is aborted, commands ignored until end of transaction block
[2026-01-26T14:50:17.856+0000] {logging_mixin.py:151} INFO -      ⚠️ Erreur ligne 763: current transaction is aborted, commands ignored until end of transaction block
[2026-01-26T14:50:17.858+0000] {logging_mixin.py:151} INFO -      ⚠️ Erreur ligne 764: current transaction is aborted, commands ignored until end of transaction block
[2026-01-26T14:50:17.862+0000] {logging_mixin.py:151} INFO -      ⚠️ Erreur ligne 765: current transaction is aborted, commands ignored until end of transaction block
[2026-01-26T14:50:17.866+0000] {logging_mixin.py:151} INFO -      ⚠️ Erreur ligne 766: current transaction is aborted, commands ignored until end of transaction block
[2026-01-26T14:50:17.870+0000] {logging_mixin.py:151} INFO -      ⚠️ Erreur ligne 767: current transaction is aborted, commands ignored until end of transaction block
[2026-01-26T14:50:17.875+0000] {logging_mixin.py:151} INFO -      ⚠️ Erreur ligne 768: current transaction is aborted, commands ignored until end of transaction block
[2026-01-26T14:50:17.883+0000] {logging_mixin.py:151} INFO -      ⚠️ Erreur ligne 769: current transaction is aborted, commands ignored until end of transaction block
[2026-01-26T14:50:17.886+0000] {logging_mixin.py:151} INFO -      ⚠️ Erreur ligne 770: current transaction is aborted, commands ignored until end of transaction block
[2026-01-26T14:50:17.890+0000] {logging_mixin.py:151} INFO -      ⚠️ Erreur ligne 771: current transaction is aborted, commands ignored until end of transaction block
[2026-01-26T14:50:17.892+0000] {logging_mixin.py:151} INFO -      ⚠️ Erreur ligne 772: current transaction is aborted, commands ignored until end of transaction block
[2026-01-26T14:50:17.893+0000] {logging_mixin.py:151} INFO -      ⚠️ Erreur ligne 773: current transaction is aborted, commands ignored until end of transaction block
[2026-01-26T14:50:17.896+0000] {logging_mixin.py:151} INFO -      ⚠️ Erreur ligne 774: current transaction is aborted, commands ignored until end of transaction block
[2026-01-26T14:50:17.900+0000] {logging_mixin.py:151} INFO -      ⚠️ Erreur ligne 775: current transaction is aborted, commands ignored until end of transaction block
[2026-01-26T14:50:17.903+0000] {logging_mixin.py:151} INFO -      ⚠️ Erreur ligne 776: current transaction is aborted, commands ignored until end of transaction block
[2026-01-26T14:50:17.905+0000] {logging_mixin.py:151} INFO -      ⚠️ Erreur ligne 777: current transaction is aborted, commands ignored until end of transaction block
[2026-01-26T14:50:17.908+0000] {logging_mixin.py:151} INFO -      ⚠️ Erreur ligne 778: current transaction is aborted, commands ignored until end of transaction block
[2026-01-26T14:50:17.910+0000] {logging_mixin.py:151} INFO -      ⚠️ Erreur ligne 779: current transaction is aborted, commands ignored until end of transaction block
[2026-01-26T14:50:17.911+0000] {logging_mixin.py:151} INFO -      ⚠️ Erreur ligne 780: current transaction is aborted, commands ignored until end of transaction block
[2026-01-26T14:50:17.914+0000] {logging_mixin.py:151} INFO -      ⚠️ Erreur ligne 781: current transaction is aborted, commands ignored until end of transaction block
[2026-01-26T14:50:17.919+0000] {logging_mixin.py:151} INFO -      ⚠️ Erreur ligne 782: current transaction is aborted, commands ignored until end of transaction block
[2026-01-26T14:50:17.923+0000] {logging_mixin.py:151} INFO -      ⚠️ Erreur ligne 783: current transaction is aborted, commands ignored until end of transaction block
[2026-01-26T14:50:17.928+0000] {logging_mixin.py:151} INFO -      ⚠️ Erreur ligne 784: current transaction is aborted, commands ignored until end of transaction block
[2026-01-26T14:50:17.930+0000] {logging_mixin.py:151} INFO -      ⚠️ Erreur ligne 785: current transaction is aborted, commands ignored until end of transaction block
[2026-01-26T14:50:17.932+0000] {logging_mixin.py:151} INFO -      ⚠️ Erreur ligne 786: current transaction is aborted, commands ignored until end of transaction block
[2026-01-26T14:50:17.935+0000] {logging_mixin.py:151} INFO -      ⚠️ Erreur ligne 787: current transaction is aborted, commands ignored until end of transaction block
[2026-01-26T14:50:17.936+0000] {logging_mixin.py:151} INFO -      ⚠️ Erreur ligne 788: current transaction is aborted, commands ignored until end of transaction block
[2026-01-26T14:50:17.937+0000] {logging_mixin.py:151} INFO -      ⚠️ Erreur ligne 789: current transaction is aborted, commands ignored until end of transaction block
[2026-01-26T14:50:17.939+0000] {logging_mixin.py:151} INFO -      ⚠️ Erreur ligne 790: current transaction is aborted, commands ignored until end of transaction block
[2026-01-26T14:50:17.939+0000] {logging_mixin.py:151} INFO -      ⚠️ Erreur ligne 791: current transaction is aborted, commands ignored until end of transaction block
[2026-01-26T14:50:17.941+0000] {logging_mixin.py:151} INFO -      ⚠️ Erreur ligne 792: current transaction is aborted, commands ignored until end of transaction block
[2026-01-26T14:50:17.944+0000] {logging_mixin.py:151} INFO -      ⚠️ Erreur ligne 793: current transaction is aborted, commands ignored until end of transaction block
[2026-01-26T14:50:17.946+0000] {logging_mixin.py:151} INFO -      ⚠️ Erreur ligne 794: current transaction is aborted, commands ignored until end of transaction block
[2026-01-26T14:50:17.950+0000] {logging_mixin.py:151} INFO -      ⚠️ Erreur ligne 795: current transaction is aborted, commands ignored until end of transaction block
[2026-01-26T14:50:17.954+0000] {logging_mixin.py:151} INFO -      ⚠️ Erreur ligne 796: current transaction is aborted, commands ignored until end of transaction block
[2026-01-26T14:50:17.962+0000] {logging_mixin.py:151} INFO -      ⚠️ Erreur ligne 797: current transaction is aborted, commands ignored until end of transaction block
[2026-01-26T14:50:17.965+0000] {logging_mixin.py:151} INFO -      ⚠️ Erreur ligne 798: current transaction is aborted, commands ignored until end of transaction block
[2026-01-26T14:50:17.967+0000] {logging_mixin.py:151} INFO -      ⚠️ Erreur ligne 799: current transaction is aborted, commands ignored until end of transaction block
[2026-01-26T14:50:17.971+0000] {logging_mixin.py:151} INFO -      ⚠️ Erreur ligne 800: current transaction is aborted, commands ignored until end of transaction block
[2026-01-26T14:50:17.983+0000] {logging_mixin.py:151} INFO -      ⚠️ Erreur ligne 801: current transaction is aborted, commands ignored until end of transaction block
[2026-01-26T14:50:17.987+0000] {logging_mixin.py:151} INFO -      ⚠️ Erreur ligne 802: current transaction is aborted, commands ignored until end of transaction block
[2026-01-26T14:50:17.990+0000] {logging_mixin.py:151} INFO -      ⚠️ Erreur ligne 803: current transaction is aborted, commands ignored until end of transaction block
[2026-01-26T14:50:17.993+0000] {logging_mixin.py:151} INFO -      ⚠️ Erreur ligne 804: current transaction is aborted, commands ignored until end of transaction block
[2026-01-26T14:50:17.995+0000] {logging_mixin.py:151} INFO -      ⚠️ Erreur ligne 805: current transaction is aborted, commands ignored until end of transaction block
[2026-01-26T14:50:17.996+0000] {logging_mixin.py:151} INFO -      ⚠️ Erreur ligne 806: current transaction is aborted, commands ignored until end of transaction block
[2026-01-26T14:50:17.999+0000] {logging_mixin.py:151} INFO -      ⚠️ Erreur ligne 807: current transaction is aborted, commands ignored until end of transaction block
[2026-01-26T14:50:18.005+0000] {logging_mixin.py:151} INFO -      ⚠️ Erreur ligne 808: current transaction is aborted, commands ignored until end of transaction block
[2026-01-26T14:50:18.008+0000] {logging_mixin.py:151} INFO -      ⚠️ Erreur ligne 809: current transaction is aborted, commands ignored until end of transaction block
[2026-01-26T14:50:18.010+0000] {logging_mixin.py:151} INFO -      ⚠️ Erreur ligne 810: current transaction is aborted, commands ignored until end of transaction block
[2026-01-26T14:50:18.013+0000] {logging_mixin.py:151} INFO -      ⚠️ Erreur ligne 811: current transaction is aborted, commands ignored until end of transaction block
[2026-01-26T14:50:18.015+0000] {logging_mixin.py:151} INFO -      ⚠️ Erreur ligne 812: current transaction is aborted, commands ignored until end of transaction block
[2026-01-26T14:50:18.018+0000] {logging_mixin.py:151} INFO -      ⚠️ Erreur ligne 813: current transaction is aborted, commands ignored until end of transaction block
[2026-01-26T14:50:18.019+0000] {logging_mixin.py:151} INFO -      ⚠️ Erreur ligne 814: current transaction is aborted, commands ignored until end of transaction block
[2026-01-26T14:50:18.031+0000] {logging_mixin.py:151} INFO -      ⚠️ Erreur ligne 815: current transaction is aborted, commands ignored until end of transaction block
[2026-01-26T14:50:18.033+0000] {logging_mixin.py:151} INFO -      ⚠️ Erreur ligne 816: current transaction is aborted, commands ignored until end of transaction block
[2026-01-26T14:50:18.035+0000] {logging_mixin.py:151} INFO -      ⚠️ Erreur ligne 817: current transaction is aborted, commands ignored until end of transaction block
[2026-01-26T14:50:18.037+0000] {logging_mixin.py:151} INFO -      ⚠️ Erreur ligne 818: current transaction is aborted, commands ignored until end of transaction block
[2026-01-26T14:50:18.038+0000] {logging_mixin.py:151} INFO -      ⚠️ Erreur ligne 819: current transaction is aborted, commands ignored until end of transaction block
[2026-01-26T14:50:18.039+0000] {logging_mixin.py:151} INFO -      ⚠️ Erreur ligne 820: current transaction is aborted, commands ignored until end of transaction block
[2026-01-26T14:50:18.040+0000] {logging_mixin.py:151} INFO -      ⚠️ Erreur ligne 821: current transaction is aborted, commands ignored until end of transaction block
[2026-01-26T14:50:18.042+0000] {logging_mixin.py:151} INFO -      ⚠️ Erreur ligne 822: current transaction is aborted, commands ignored until end of transaction block
[2026-01-26T14:50:18.045+0000] {logging_mixin.py:151} INFO -      ⚠️ Erreur ligne 823: current transaction is aborted, commands ignored until end of transaction block
[2026-01-26T14:50:18.047+0000] {logging_mixin.py:151} INFO -      ⚠️ Erreur ligne 824: current transaction is aborted, commands ignored until end of transaction block
[2026-01-26T14:50:18.048+0000] {logging_mixin.py:151} INFO -      ⚠️ Erreur ligne 825: current transaction is aborted, commands ignored until end of transaction block
[2026-01-26T14:50:18.051+0000] {logging_mixin.py:151} INFO -      ⚠️ Erreur ligne 826: current transaction is aborted, commands ignored until end of transaction block
[2026-01-26T14:50:18.054+0000] {logging_mixin.py:151} INFO -      ⚠️ Erreur ligne 827: current transaction is aborted, commands ignored until end of transaction block
[2026-01-26T14:50:18.055+0000] {logging_mixin.py:151} INFO -      ⚠️ Erreur ligne 828: current transaction is aborted, commands ignored until end of transaction block
[2026-01-26T14:50:18.058+0000] {logging_mixin.py:151} INFO -      ⚠️ Erreur ligne 829: current transaction is aborted, commands ignored until end of transaction block
[2026-01-26T14:50:18.060+0000] {logging_mixin.py:151} INFO -      ⚠️ Erreur ligne 830: current transaction is aborted, commands ignored until end of transaction block
[2026-01-26T14:50:18.061+0000] {logging_mixin.py:151} INFO -      ⚠️ Erreur ligne 831: current transaction is aborted, commands ignored until end of transaction block
[2026-01-26T14:50:18.062+0000] {logging_mixin.py:151} INFO -      ⚠️ Erreur ligne 832: current transaction is aborted, commands ignored until end of transaction block
[2026-01-26T14:50:18.064+0000] {logging_mixin.py:151} INFO -      ⚠️ Erreur ligne 833: current transaction is aborted, commands ignored until end of transaction block
[2026-01-26T14:50:18.066+0000] {logging_mixin.py:151} INFO -      ⚠️ Erreur ligne 834: current transaction is aborted, commands ignored until end of transaction block
[2026-01-26T14:50:18.068+0000] {logging_mixin.py:151} INFO -      ⚠️ Erreur ligne 835: current transaction is aborted, commands ignored until end of transaction block
[2026-01-26T14:50:18.069+0000] {logging_mixin.py:151} INFO -      ⚠️ Erreur ligne 836: current transaction is aborted, commands ignored until end of transaction block
[2026-01-26T14:50:18.072+0000] {logging_mixin.py:151} INFO -      ⚠️ Erreur ligne 837: current transaction is aborted, commands ignored until end of transaction block
[2026-01-26T14:50:18.073+0000] {logging_mixin.py:151} INFO -      ⚠️ Erreur ligne 838: current transaction is aborted, commands ignored until end of transaction block
[2026-01-26T14:50:18.074+0000] {logging_mixin.py:151} INFO -      ⚠️ Erreur ligne 839: current transaction is aborted, commands ignored until end of transaction block
[2026-01-26T14:50:18.076+0000] {logging_mixin.py:151} INFO -      ⚠️ Erreur ligne 840: current transaction is aborted, commands ignored until end of transaction block
[2026-01-26T14:50:18.078+0000] {logging_mixin.py:151} INFO -      ⚠️ Erreur ligne 841: current transaction is aborted, commands ignored until end of transaction block
[2026-01-26T14:50:18.080+0000] {logging_mixin.py:151} INFO -      ⚠️ Erreur ligne 842: current transaction is aborted, commands ignored until end of transaction block
[2026-01-26T14:50:18.081+0000] {logging_mixin.py:151} INFO -      ⚠️ Erreur ligne 843: current transaction is aborted, commands ignored until end of transaction block
[2026-01-26T14:50:18.082+0000] {logging_mixin.py:151} INFO -      ⚠️ Erreur ligne 844: current transaction is aborted, commands ignored until end of transaction block
[2026-01-26T14:50:18.084+0000] {logging_mixin.py:151} INFO -      ⚠️ Erreur ligne 845: current transaction is aborted, commands ignored until end of transaction block
[2026-01-26T14:50:18.086+0000] {logging_mixin.py:151} INFO -      ⚠️ Erreur ligne 846: current transaction is aborted, commands ignored until end of transaction block
[2026-01-26T14:50:18.089+0000] {logging_mixin.py:151} INFO -      ⚠️ Erreur ligne 847: current transaction is aborted, commands ignored until end of transaction block
[2026-01-26T14:50:18.091+0000] {logging_mixin.py:151} INFO -      ⚠️ Erreur ligne 848: current transaction is aborted, commands ignored until end of transaction block
[2026-01-26T14:50:18.094+0000] {logging_mixin.py:151} INFO -      ⚠️ Erreur ligne 849: current transaction is aborted, commands ignored until end of transaction block
[2026-01-26T14:50:18.097+0000] {logging_mixin.py:151} INFO -      ⚠️ Erreur ligne 850: current transaction is aborted, commands ignored until end of transaction block
[2026-01-26T14:50:18.101+0000] {logging_mixin.py:151} INFO -      ⚠️ Erreur ligne 851: current transaction is aborted, commands ignored until end of transaction block
[2026-01-26T14:50:18.104+0000] {logging_mixin.py:151} INFO -      ⚠️ Erreur ligne 852: current transaction is aborted, commands ignored until end of transaction block
[2026-01-26T14:50:18.105+0000] {logging_mixin.py:151} INFO -      ⚠️ Erreur ligne 853: current transaction is aborted, commands ignored until end of transaction block
[2026-01-26T14:50:18.107+0000] {logging_mixin.py:151} INFO -      ⚠️ Erreur ligne 854: current transaction is aborted, commands ignored until end of transaction block
[2026-01-26T14:50:18.110+0000] {logging_mixin.py:151} INFO -      ⚠️ Erreur ligne 855: current transaction is aborted, commands ignored until end of transaction block
[2026-01-26T14:50:18.112+0000] {logging_mixin.py:151} INFO -      ⚠️ Erreur ligne 856: current transaction is aborted, commands ignored until end of transaction block
[2026-01-26T14:50:18.116+0000] {logging_mixin.py:151} INFO -      ⚠️ Erreur ligne 857: current transaction is aborted, commands ignored until end of transaction block
[2026-01-26T14:50:18.118+0000] {logging_mixin.py:151} INFO -      ⚠️ Erreur ligne 858: current transaction is aborted, commands ignored until end of transaction block
[2026-01-26T14:50:18.123+0000] {logging_mixin.py:151} INFO -      ⚠️ Erreur ligne 859: current transaction is aborted, commands ignored until end of transaction block
[2026-01-26T14:50:18.127+0000] {logging_mixin.py:151} INFO -      ⚠️ Erreur ligne 860: current transaction is aborted, commands ignored until end of transaction block
[2026-01-26T14:50:18.134+0000] {logging_mixin.py:151} INFO -      ⚠️ Erreur ligne 861: current transaction is aborted, commands ignored until end of transaction block
[2026-01-26T14:50:18.135+0000] {logging_mixin.py:151} INFO -      ⚠️ Erreur ligne 862: current transaction is aborted, commands ignored until end of transaction block
[2026-01-26T14:50:18.137+0000] {logging_mixin.py:151} INFO -      ⚠️ Erreur ligne 863: current transaction is aborted, commands ignored until end of transaction block
[2026-01-26T14:50:18.139+0000] {logging_mixin.py:151} INFO -      ⚠️ Erreur ligne 864: current transaction is aborted, commands ignored until end of transaction block
[2026-01-26T14:50:18.141+0000] {logging_mixin.py:151} INFO -      ⚠️ Erreur ligne 865: current transaction is aborted, commands ignored until end of transaction block
[2026-01-26T14:50:18.145+0000] {logging_mixin.py:151} INFO -      ⚠️ Erreur ligne 866: current transaction is aborted, commands ignored until end of transaction block
[2026-01-26T14:50:18.147+0000] {logging_mixin.py:151} INFO -      ⚠️ Erreur ligne 867: current transaction is aborted, commands ignored until end of transaction block
[2026-01-26T14:50:18.149+0000] {logging_mixin.py:151} INFO -      ⚠️ Erreur ligne 868: current transaction is aborted, commands ignored until end of transaction block
[2026-01-26T14:50:18.151+0000] {logging_mixin.py:151} INFO -      ⚠️ Erreur ligne 869: current transaction is aborted, commands ignored until end of transaction block
[2026-01-26T14:50:18.152+0000] {logging_mixin.py:151} INFO -      ⚠️ Erreur ligne 870: current transaction is aborted, commands ignored until end of transaction block
[2026-01-26T14:50:18.153+0000] {logging_mixin.py:151} INFO -      ⚠️ Erreur ligne 871: current transaction is aborted, commands ignored until end of transaction block
[2026-01-26T14:50:18.155+0000] {logging_mixin.py:151} INFO -      ⚠️ Erreur ligne 872: current transaction is aborted, commands ignored until end of transaction block
[2026-01-26T14:50:18.156+0000] {logging_mixin.py:151} INFO -      ⚠️ Erreur ligne 873: current transaction is aborted, commands ignored until end of transaction block
[2026-01-26T14:50:18.157+0000] {logging_mixin.py:151} INFO -      ⚠️ Erreur ligne 874: current transaction is aborted, commands ignored until end of transaction block
[2026-01-26T14:50:18.159+0000] {logging_mixin.py:151} INFO -      ⚠️ Erreur ligne 875: current transaction is aborted, commands ignored until end of transaction block
[2026-01-26T14:50:18.160+0000] {logging_mixin.py:151} INFO -      ⚠️ Erreur ligne 876: current transaction is aborted, commands ignored until end of transaction block
[2026-01-26T14:50:18.162+0000] {logging_mixin.py:151} INFO -      ⚠️ Erreur ligne 877: current transaction is aborted, commands ignored until end of transaction block
[2026-01-26T14:50:18.163+0000] {logging_mixin.py:151} INFO -      ⚠️ Erreur ligne 878: current transaction is aborted, commands ignored until end of transaction block
[2026-01-26T14:50:18.164+0000] {logging_mixin.py:151} INFO -      ⚠️ Erreur ligne 879: current transaction is aborted, commands ignored until end of transaction block
[2026-01-26T14:50:18.165+0000] {logging_mixin.py:151} INFO -      ⚠️ Erreur ligne 880: current transaction is aborted, commands ignored until end of transaction block
[2026-01-26T14:50:18.167+0000] {logging_mixin.py:151} INFO -      ⚠️ Erreur ligne 881: current transaction is aborted, commands ignored until end of transaction block
[2026-01-26T14:50:18.168+0000] {logging_mixin.py:151} INFO -      ⚠️ Erreur ligne 882: current transaction is aborted, commands ignored until end of transaction block
[2026-01-26T14:50:18.169+0000] {logging_mixin.py:151} INFO -      ⚠️ Erreur ligne 883: current transaction is aborted, commands ignored until end of transaction block
[2026-01-26T14:50:18.170+0000] {logging_mixin.py:151} INFO -      ⚠️ Erreur ligne 884: current transaction is aborted, commands ignored until end of transaction block
[2026-01-26T14:50:18.172+0000] {logging_mixin.py:151} INFO -      ⚠️ Erreur ligne 885: current transaction is aborted, commands ignored until end of transaction block
[2026-01-26T14:50:18.174+0000] {logging_mixin.py:151} INFO -      ⚠️ Erreur ligne 886: current transaction is aborted, commands ignored until end of transaction block
[2026-01-26T14:50:18.175+0000] {logging_mixin.py:151} INFO -      ⚠️ Erreur ligne 887: current transaction is aborted, commands ignored until end of transaction block
[2026-01-26T14:50:18.177+0000] {logging_mixin.py:151} INFO -      ⚠️ Erreur ligne 888: current transaction is aborted, commands ignored until end of transaction block
[2026-01-26T14:50:18.178+0000] {logging_mixin.py:151} INFO -      ⚠️ Erreur ligne 889: current transaction is aborted, commands ignored until end of transaction block
[2026-01-26T14:50:18.179+0000] {logging_mixin.py:151} INFO -      ⚠️ Erreur ligne 890: current transaction is aborted, commands ignored until end of transaction block
[2026-01-26T14:50:18.181+0000] {logging_mixin.py:151} INFO -      ⚠️ Erreur ligne 891: current transaction is aborted, commands ignored until end of transaction block
[2026-01-26T14:50:18.182+0000] {logging_mixin.py:151} INFO -      ⚠️ Erreur ligne 892: current transaction is aborted, commands ignored until end of transaction block
[2026-01-26T14:50:18.183+0000] {logging_mixin.py:151} INFO -      ⚠️ Erreur ligne 893: current transaction is aborted, commands ignored until end of transaction block
[2026-01-26T14:50:18.184+0000] {logging_mixin.py:151} INFO -      ⚠️ Erreur ligne 894: current transaction is aborted, commands ignored until end of transaction block
[2026-01-26T14:50:18.186+0000] {logging_mixin.py:151} INFO -      ⚠️ Erreur ligne 895: current transaction is aborted, commands ignored until end of transaction block
[2026-01-26T14:50:18.187+0000] {logging_mixin.py:151} INFO -      ⚠️ Erreur ligne 896: current transaction is aborted, commands ignored until end of transaction block
[2026-01-26T14:50:18.189+0000] {logging_mixin.py:151} INFO -      ⚠️ Erreur ligne 897: current transaction is aborted, commands ignored until end of transaction block
[2026-01-26T14:50:18.190+0000] {logging_mixin.py:151} INFO -      ⚠️ Erreur ligne 898: current transaction is aborted, commands ignored until end of transaction block
[2026-01-26T14:50:18.192+0000] {logging_mixin.py:151} INFO -      ⚠️ Erreur ligne 899: current transaction is aborted, commands ignored until end of transaction block
[2026-01-26T14:50:18.193+0000] {logging_mixin.py:151} INFO -      ⚠️ Erreur ligne 900: current transaction is aborted, commands ignored until end of transaction block
[2026-01-26T14:50:18.193+0000] {logging_mixin.py:151} INFO -      ⚠️ Erreur ligne 901: current transaction is aborted, commands ignored until end of transaction block
[2026-01-26T14:50:18.194+0000] {logging_mixin.py:151} INFO -      ⚠️ Erreur ligne 902: current transaction is aborted, commands ignored until end of transaction block
[2026-01-26T14:50:18.195+0000] {logging_mixin.py:151} INFO -      ⚠️ Erreur ligne 903: current transaction is aborted, commands ignored until end of transaction block
[2026-01-26T14:50:18.197+0000] {logging_mixin.py:151} INFO -      ⚠️ Erreur ligne 904: current transaction is aborted, commands ignored until end of transaction block
[2026-01-26T14:50:18.200+0000] {logging_mixin.py:151} INFO -      ⚠️ Erreur ligne 905: current transaction is aborted, commands ignored until end of transaction block
[2026-01-26T14:50:18.202+0000] {logging_mixin.py:151} INFO -      ⚠️ Erreur ligne 906: current transaction is aborted, commands ignored until end of transaction block
[2026-01-26T14:50:18.205+0000] {logging_mixin.py:151} INFO -      ⚠️ Erreur ligne 907: current transaction is aborted, commands ignored until end of transaction block
[2026-01-26T14:50:18.207+0000] {logging_mixin.py:151} INFO -      ⚠️ Erreur ligne 908: current transaction is aborted, commands ignored until end of transaction block
[2026-01-26T14:50:18.209+0000] {logging_mixin.py:151} INFO -      ⚠️ Erreur ligne 909: current transaction is aborted, commands ignored until end of transaction block
[2026-01-26T14:50:18.211+0000] {logging_mixin.py:151} INFO -      ⚠️ Erreur ligne 910: current transaction is aborted, commands ignored until end of transaction block
[2026-01-26T14:50:18.212+0000] {logging_mixin.py:151} INFO -      ⚠️ Erreur ligne 911: current transaction is aborted, commands ignored until end of transaction block
[2026-01-26T14:50:18.214+0000] {logging_mixin.py:151} INFO -      ⚠️ Erreur ligne 912: current transaction is aborted, commands ignored until end of transaction block
[2026-01-26T14:50:18.216+0000] {logging_mixin.py:151} INFO -      ⚠️ Erreur ligne 913: current transaction is aborted, commands ignored until end of transaction block
[2026-01-26T14:50:18.218+0000] {logging_mixin.py:151} INFO -      ⚠️ Erreur ligne 914: current transaction is aborted, commands ignored until end of transaction block
[2026-01-26T14:50:18.219+0000] {logging_mixin.py:151} INFO -      ⚠️ Erreur ligne 915: current transaction is aborted, commands ignored until end of transaction block
[2026-01-26T14:50:18.220+0000] {logging_mixin.py:151} INFO -      ⚠️ Erreur ligne 916: current transaction is aborted, commands ignored until end of transaction block
[2026-01-26T14:50:18.222+0000] {logging_mixin.py:151} INFO -      ⚠️ Erreur ligne 917: current transaction is aborted, commands ignored until end of transaction block
[2026-01-26T14:50:18.225+0000] {logging_mixin.py:151} INFO -      ⚠️ Erreur ligne 918: current transaction is aborted, commands ignored until end of transaction block
[2026-01-26T14:50:18.227+0000] {logging_mixin.py:151} INFO -      ⚠️ Erreur ligne 919: current transaction is aborted, commands ignored until end of transaction block
[2026-01-26T14:50:18.229+0000] {logging_mixin.py:151} INFO -      ⚠️ Erreur ligne 920: current transaction is aborted, commands ignored until end of transaction block
[2026-01-26T14:50:18.231+0000] {logging_mixin.py:151} INFO -      ⚠️ Erreur ligne 921: current transaction is aborted, commands ignored until end of transaction block
[2026-01-26T14:50:18.232+0000] {logging_mixin.py:151} INFO -      ⚠️ Erreur ligne 922: current transaction is aborted, commands ignored until end of transaction block
[2026-01-26T14:50:18.234+0000] {logging_mixin.py:151} INFO -      ⚠️ Erreur ligne 923: current transaction is aborted, commands ignored until end of transaction block
[2026-01-26T14:50:18.236+0000] {logging_mixin.py:151} INFO -      ⚠️ Erreur ligne 924: current transaction is aborted, commands ignored until end of transaction block
[2026-01-26T14:50:18.238+0000] {logging_mixin.py:151} INFO -      ⚠️ Erreur ligne 925: current transaction is aborted, commands ignored until end of transaction block
[2026-01-26T14:50:18.239+0000] {logging_mixin.py:151} INFO -      ⚠️ Erreur ligne 926: current transaction is aborted, commands ignored until end of transaction block
[2026-01-26T14:50:18.240+0000] {logging_mixin.py:151} INFO -      ⚠️ Erreur ligne 927: current transaction is aborted, commands ignored until end of transaction block
[2026-01-26T14:50:18.242+0000] {logging_mixin.py:151} INFO -      ⚠️ Erreur ligne 928: current transaction is aborted, commands ignored until end of transaction block
[2026-01-26T14:50:18.243+0000] {logging_mixin.py:151} INFO -      ⚠️ Erreur ligne 929: current transaction is aborted, commands ignored until end of transaction block
[2026-01-26T14:50:18.245+0000] {logging_mixin.py:151} INFO -      ⚠️ Erreur ligne 930: current transaction is aborted, commands ignored until end of transaction block
[2026-01-26T14:50:18.247+0000] {logging_mixin.py:151} INFO -      ⚠️ Erreur ligne 931: current transaction is aborted, commands ignored until end of transaction block
[2026-01-26T14:50:18.249+0000] {logging_mixin.py:151} INFO -      ⚠️ Erreur ligne 932: current transaction is aborted, commands ignored until end of transaction block
[2026-01-26T14:50:18.250+0000] {logging_mixin.py:151} INFO -      ⚠️ Erreur ligne 933: current transaction is aborted, commands ignored until end of transaction block
[2026-01-26T14:50:18.252+0000] {logging_mixin.py:151} INFO -      ⚠️ Erreur ligne 934: current transaction is aborted, commands ignored until end of transaction block
[2026-01-26T14:50:18.253+0000] {logging_mixin.py:151} INFO -      ⚠️ Erreur ligne 935: current transaction is aborted, commands ignored until end of transaction block
[2026-01-26T14:50:18.255+0000] {logging_mixin.py:151} INFO -      ⚠️ Erreur ligne 936: current transaction is aborted, commands ignored until end of transaction block
[2026-01-26T14:50:18.256+0000] {logging_mixin.py:151} INFO -      ⚠️ Erreur ligne 937: current transaction is aborted, commands ignored until end of transaction block
[2026-01-26T14:50:18.258+0000] {logging_mixin.py:151} INFO -      ⚠️ Erreur ligne 938: current transaction is aborted, commands ignored until end of transaction block
[2026-01-26T14:50:18.259+0000] {logging_mixin.py:151} INFO -      ⚠️ Erreur ligne 939: current transaction is aborted, commands ignored until end of transaction block
[2026-01-26T14:50:18.260+0000] {logging_mixin.py:151} INFO -      ⚠️ Erreur ligne 940: current transaction is aborted, commands ignored until end of transaction block
[2026-01-26T14:50:18.261+0000] {logging_mixin.py:151} INFO -      ⚠️ Erreur ligne 941: current transaction is aborted, commands ignored until end of transaction block
[2026-01-26T14:50:18.263+0000] {logging_mixin.py:151} INFO -      ⚠️ Erreur ligne 942: current transaction is aborted, commands ignored until end of transaction block
[2026-01-26T14:50:18.264+0000] {logging_mixin.py:151} INFO -      ⚠️ Erreur ligne 943: current transaction is aborted, commands ignored until end of transaction block
[2026-01-26T14:50:18.266+0000] {logging_mixin.py:151} INFO -      ⚠️ Erreur ligne 944: current transaction is aborted, commands ignored until end of transaction block
[2026-01-26T14:50:18.267+0000] {logging_mixin.py:151} INFO -      ⚠️ Erreur ligne 945: current transaction is aborted, commands ignored until end of transaction block
[2026-01-26T14:50:18.268+0000] {logging_mixin.py:151} INFO -      ⚠️ Erreur ligne 946: current transaction is aborted, commands ignored until end of transaction block
[2026-01-26T14:50:18.269+0000] {logging_mixin.py:151} INFO -      ⚠️ Erreur ligne 947: current transaction is aborted, commands ignored until end of transaction block
[2026-01-26T14:50:18.271+0000] {logging_mixin.py:151} INFO -      ⚠️ Erreur ligne 948: current transaction is aborted, commands ignored until end of transaction block
[2026-01-26T14:50:18.272+0000] {logging_mixin.py:151} INFO -      ⚠️ Erreur ligne 949: current transaction is aborted, commands ignored until end of transaction block
[2026-01-26T14:50:18.274+0000] {logging_mixin.py:151} INFO -      ⚠️ Erreur ligne 950: current transaction is aborted, commands ignored until end of transaction block
[2026-01-26T14:50:18.275+0000] {logging_mixin.py:151} INFO -      ⚠️ Erreur ligne 951: current transaction is aborted, commands ignored until end of transaction block
[2026-01-26T14:50:18.276+0000] {logging_mixin.py:151} INFO -      ⚠️ Erreur ligne 952: current transaction is aborted, commands ignored until end of transaction block
[2026-01-26T14:50:18.278+0000] {logging_mixin.py:151} INFO -      ⚠️ Erreur ligne 953: current transaction is aborted, commands ignored until end of transaction block
[2026-01-26T14:50:18.279+0000] {logging_mixin.py:151} INFO -      ⚠️ Erreur ligne 954: current transaction is aborted, commands ignored until end of transaction block
[2026-01-26T14:50:18.280+0000] {logging_mixin.py:151} INFO -      ⚠️ Erreur ligne 955: current transaction is aborted, commands ignored until end of transaction block
[2026-01-26T14:50:18.282+0000] {logging_mixin.py:151} INFO -      ⚠️ Erreur ligne 956: current transaction is aborted, commands ignored until end of transaction block
[2026-01-26T14:50:18.283+0000] {logging_mixin.py:151} INFO -      ⚠️ Erreur ligne 957: current transaction is aborted, commands ignored until end of transaction block
[2026-01-26T14:50:18.285+0000] {logging_mixin.py:151} INFO -      ⚠️ Erreur ligne 958: current transaction is aborted, commands ignored until end of transaction block
[2026-01-26T14:50:18.286+0000] {logging_mixin.py:151} INFO -      ⚠️ Erreur ligne 959: current transaction is aborted, commands ignored until end of transaction block
[2026-01-26T14:50:18.287+0000] {logging_mixin.py:151} INFO -      ⚠️ Erreur ligne 960: current transaction is aborted, commands ignored until end of transaction block
[2026-01-26T14:50:18.288+0000] {logging_mixin.py:151} INFO -      ⚠️ Erreur ligne 961: current transaction is aborted, commands ignored until end of transaction block
[2026-01-26T14:50:18.290+0000] {logging_mixin.py:151} INFO -      ⚠️ Erreur ligne 962: current transaction is aborted, commands ignored until end of transaction block
[2026-01-26T14:50:18.291+0000] {logging_mixin.py:151} INFO -      ⚠️ Erreur ligne 963: current transaction is aborted, commands ignored until end of transaction block
[2026-01-26T14:50:18.293+0000] {logging_mixin.py:151} INFO -      ⚠️ Erreur ligne 964: current transaction is aborted, commands ignored until end of transaction block
[2026-01-26T14:50:18.295+0000] {logging_mixin.py:151} INFO -      ⚠️ Erreur ligne 965: current transaction is aborted, commands ignored until end of transaction block
[2026-01-26T14:50:18.296+0000] {logging_mixin.py:151} INFO -      ⚠️ Erreur ligne 966: current transaction is aborted, commands ignored until end of transaction block
[2026-01-26T14:50:18.297+0000] {logging_mixin.py:151} INFO -      ⚠️ Erreur ligne 967: current transaction is aborted, commands ignored until end of transaction block
[2026-01-26T14:50:18.299+0000] {logging_mixin.py:151} INFO -      ⚠️ Erreur ligne 968: current transaction is aborted, commands ignored until end of transaction block
[2026-01-26T14:50:18.300+0000] {logging_mixin.py:151} INFO -      ⚠️ Erreur ligne 969: current transaction is aborted, commands ignored until end of transaction block
[2026-01-26T14:50:18.302+0000] {logging_mixin.py:151} INFO -      ⚠️ Erreur ligne 970: current transaction is aborted, commands ignored until end of transaction block
[2026-01-26T14:50:18.303+0000] {logging_mixin.py:151} INFO -      ⚠️ Erreur ligne 971: current transaction is aborted, commands ignored until end of transaction block
[2026-01-26T14:50:18.305+0000] {logging_mixin.py:151} INFO -      ⚠️ Erreur ligne 972: current transaction is aborted, commands ignored until end of transaction block
[2026-01-26T14:50:18.306+0000] {logging_mixin.py:151} INFO -      ⚠️ Erreur ligne 973: current transaction is aborted, commands ignored until end of transaction block
[2026-01-26T14:50:18.308+0000] {logging_mixin.py:151} INFO -      ⚠️ Erreur ligne 974: current transaction is aborted, commands ignored until end of transaction block
[2026-01-26T14:50:18.310+0000] {logging_mixin.py:151} INFO -      ⚠️ Erreur ligne 975: current transaction is aborted, commands ignored until end of transaction block
[2026-01-26T14:50:18.312+0000] {logging_mixin.py:151} INFO -      ⚠️ Erreur ligne 976: current transaction is aborted, commands ignored until end of transaction block
[2026-01-26T14:50:18.313+0000] {logging_mixin.py:151} INFO -      ⚠️ Erreur ligne 977: current transaction is aborted, commands ignored until end of transaction block
[2026-01-26T14:50:18.315+0000] {logging_mixin.py:151} INFO -      ⚠️ Erreur ligne 978: current transaction is aborted, commands ignored until end of transaction block
[2026-01-26T14:50:18.316+0000] {logging_mixin.py:151} INFO -      ⚠️ Erreur ligne 979: current transaction is aborted, commands ignored until end of transaction block
[2026-01-26T14:50:18.317+0000] {logging_mixin.py:151} INFO -      ⚠️ Erreur ligne 980: current transaction is aborted, commands ignored until end of transaction block
[2026-01-26T14:50:18.320+0000] {logging_mixin.py:151} INFO -      ⚠️ Erreur ligne 981: current transaction is aborted, commands ignored until end of transaction block
[2026-01-26T14:50:18.321+0000] {logging_mixin.py:151} INFO -      ⚠️ Erreur ligne 982: current transaction is aborted, commands ignored until end of transaction block
[2026-01-26T14:50:18.323+0000] {logging_mixin.py:151} INFO -      ⚠️ Erreur ligne 983: current transaction is aborted, commands ignored until end of transaction block
[2026-01-26T14:50:18.324+0000] {logging_mixin.py:151} INFO -      ⚠️ Erreur ligne 984: current transaction is aborted, commands ignored until end of transaction block
[2026-01-26T14:50:18.326+0000] {logging_mixin.py:151} INFO -      ⚠️ Erreur ligne 985: current transaction is aborted, commands ignored until end of transaction block
[2026-01-26T14:50:18.330+0000] {logging_mixin.py:151} INFO -      ⚠️ Erreur ligne 986: current transaction is aborted, commands ignored until end of transaction block
[2026-01-26T14:50:18.334+0000] {logging_mixin.py:151} INFO -      ⚠️ Erreur ligne 987: current transaction is aborted, commands ignored until end of transaction block
[2026-01-26T14:50:18.336+0000] {logging_mixin.py:151} INFO -      ⚠️ Erreur ligne 988: current transaction is aborted, commands ignored until end of transaction block
[2026-01-26T14:50:18.338+0000] {logging_mixin.py:151} INFO -      ⚠️ Erreur ligne 989: current transaction is aborted, commands ignored until end of transaction block
[2026-01-26T14:50:18.340+0000] {logging_mixin.py:151} INFO -      ⚠️ Erreur ligne 990: current transaction is aborted, commands ignored until end of transaction block
[2026-01-26T14:50:18.342+0000] {logging_mixin.py:151} INFO -      ⚠️ Erreur ligne 991: current transaction is aborted, commands ignored until end of transaction block
[2026-01-26T14:50:18.345+0000] {logging_mixin.py:151} INFO -      ⚠️ Erreur ligne 992: current transaction is aborted, commands ignored until end of transaction block
[2026-01-26T14:50:18.348+0000] {logging_mixin.py:151} INFO -      ⚠️ Erreur ligne 993: current transaction is aborted, commands ignored until end of transaction block
[2026-01-26T14:50:18.350+0000] {logging_mixin.py:151} INFO -      ⚠️ Erreur ligne 994: current transaction is aborted, commands ignored until end of transaction block
[2026-01-26T14:50:18.352+0000] {logging_mixin.py:151} INFO -      ⚠️ Erreur ligne 995: current transaction is aborted, commands ignored until end of transaction block
[2026-01-26T14:50:18.354+0000] {logging_mixin.py:151} INFO -      ⚠️ Erreur ligne 996: current transaction is aborted, commands ignored until end of transaction block
[2026-01-26T14:50:18.355+0000] {logging_mixin.py:151} INFO -      ⚠️ Erreur ligne 997: current transaction is aborted, commands ignored until end of transaction block
[2026-01-26T14:50:18.357+0000] {logging_mixin.py:151} INFO -      ⚠️ Erreur ligne 998: current transaction is aborted, commands ignored until end of transaction block
[2026-01-26T14:50:18.358+0000] {logging_mixin.py:151} INFO -      ⚠️ Erreur ligne 999: current transaction is aborted, commands ignored until end of transaction block
[2026-01-26T14:50:18.360+0000] {logging_mixin.py:151} INFO -      ⚠️ Erreur ligne 1000: current transaction is aborted, commands ignored until end of transaction block
[2026-01-26T14:50:18.362+0000] {logging_mixin.py:151} INFO -      ⚠️ Erreur ligne 1001: current transaction is aborted, commands ignored until end of transaction block
[2026-01-26T14:50:18.363+0000] {logging_mixin.py:151} INFO -      ⚠️ Erreur ligne 1002: current transaction is aborted, commands ignored until end of transaction block
[2026-01-26T14:50:18.365+0000] {logging_mixin.py:151} INFO -      ⚠️ Erreur ligne 1003: current transaction is aborted, commands ignored until end of transaction block
[2026-01-26T14:50:18.366+0000] {logging_mixin.py:151} INFO -      ⚠️ Erreur ligne 1004: current transaction is aborted, commands ignored until end of transaction block
[2026-01-26T14:50:18.367+0000] {logging_mixin.py:151} INFO -      ⚠️ Erreur ligne 1005: current transaction is aborted, commands ignored until end of transaction block
[2026-01-26T14:50:18.369+0000] {logging_mixin.py:151} INFO -      ⚠️ Erreur ligne 1006: current transaction is aborted, commands ignored until end of transaction block
[2026-01-26T14:50:18.370+0000] {logging_mixin.py:151} INFO -      ⚠️ Erreur ligne 1007: current transaction is aborted, commands ignored until end of transaction block
[2026-01-26T14:50:18.372+0000] {logging_mixin.py:151} INFO -      ⚠️ Erreur ligne 1008: current transaction is aborted, commands ignored until end of transaction block
[2026-01-26T14:50:18.373+0000] {logging_mixin.py:151} INFO -      ⚠️ Erreur ligne 1009: current transaction is aborted, commands ignored until end of transaction block
[2026-01-26T14:50:18.375+0000] {logging_mixin.py:151} INFO -      ⚠️ Erreur ligne 1010: current transaction is aborted, commands ignored until end of transaction block
[2026-01-26T14:50:18.376+0000] {logging_mixin.py:151} INFO -      ⚠️ Erreur ligne 1011: current transaction is aborted, commands ignored until end of transaction block
[2026-01-26T14:50:18.378+0000] {logging_mixin.py:151} INFO -      ⚠️ Erreur ligne 1012: current transaction is aborted, commands ignored until end of transaction block
[2026-01-26T14:50:18.379+0000] {logging_mixin.py:151} INFO -      ⚠️ Erreur ligne 1013: current transaction is aborted, commands ignored until end of transaction block
[2026-01-26T14:50:18.380+0000] {logging_mixin.py:151} INFO -      ⚠️ Erreur ligne 1014: current transaction is aborted, commands ignored until end of transaction block
[2026-01-26T14:50:18.382+0000] {logging_mixin.py:151} INFO -      ⚠️ Erreur ligne 1015: current transaction is aborted, commands ignored until end of transaction block
[2026-01-26T14:50:18.385+0000] {logging_mixin.py:151} INFO -      ⚠️ Erreur ligne 1016: current transaction is aborted, commands ignored until end of transaction block
[2026-01-26T14:50:18.387+0000] {logging_mixin.py:151} INFO -      ⚠️ Erreur ligne 1017: current transaction is aborted, commands ignored until end of transaction block
[2026-01-26T14:50:18.387+0000] {logging_mixin.py:151} INFO -      ✅ 0 lignes insérées, 0 doublons ignorés
[2026-01-26T14:50:18.388+0000] {logging_mixin.py:151} INFO -   ✅ Fichier traité avec succès !
[2026-01-26T14:50:18.390+0000] {logging_mixin.py:151} INFO - 
================================================================================
[2026-01-26T14:50:18.390+0000] {logging_mixin.py:151} INFO - RÉSUMÉ FINAL
[2026-01-26T14:50:18.391+0000] {logging_mixin.py:151} INFO - ================================================================================
[2026-01-26T14:50:18.391+0000] {logging_mixin.py:151} INFO - ✅ Succès  : 3 fichiers
[2026-01-26T14:50:18.391+0000] {logging_mixin.py:151} INFO - ❌ Échecs  : 0 fichiers
[2026-01-26T14:50:18.392+0000] {logging_mixin.py:151} INFO - ================================================================================
[2026-01-26T14:50:18.392+0000] {python.py:194} INFO - Done. Returned value was: Done: 3 succeeded, 0 failed
[2026-01-26T14:50:18.426+0000] {taskinstance.py:1398} INFO - Marking task as SUCCESS. dag_id=stock_etl_simple, task_id=run_etl_simple, execution_date=20260126T145008, start_date=20260126T145011, end_date=20260126T145018
[2026-01-26T14:50:18.467+0000] {local_task_job_runner.py:228} INFO - Task exited with return code 0
[2026-01-26T14:50:18.484+0000] {taskinstance.py:2776} INFO - 0 downstream tasks scheduled from follow-on schedule check
